# TRUNC Dual Nested Assembly
# vertices=10284 faces=18736
mtllib trunc_materials.mtl
o trunc_model
v 31.1127 31.1127 1.8000
v 32.0127 30.2127 1.2728
v 32.3855 29.8399 0.0000
v 32.0127 30.2127 -1.2728
v 31.1127 31.1127 -1.8000
v 30.2127 32.0127 -1.2728
v 29.8399 32.3855 -0.0000
v 30.2127 32.0127 1.2728
v 45.9619 45.9619 1.8000
v 46.8619 45.0619 1.2728
v 47.2347 44.6891 0.0000
v 46.8619 45.0619 -1.2728
v 45.9619 45.9619 -1.8000
v 45.0619 46.8619 -1.2728
v 44.6891 47.2347 -0.0000
v 45.0619 46.8619 1.2728
v 31.1127 31.1127 0.0000
v 45.9619 45.9619 0.0000
v 45.9619 48.4619 0.0000
v 45.9619 48.4619 0.0000
v 45.9619 48.4619 0.0000
v 45.9619 48.4619 0.0000
v 45.9619 48.4619 0.0000
v 45.9619 48.4619 0.0000
v 45.9619 48.4619 0.0000
v 45.9619 48.4619 0.0000
v 47.2119 48.1270 0.0000
v 46.8458 48.1270 0.8839
v 45.9619 48.1270 1.2500
v 45.0781 48.1270 0.8839
v 44.7119 48.1270 0.0000
v 45.0781 48.1270 -0.8839
v 45.9619 48.1270 -1.2500
v 46.8458 48.1270 -0.8839
v 48.1270 47.2119 0.0000
v 47.4929 47.2119 1.5309
v 45.9619 47.2119 2.1651
v 44.4310 47.2119 1.5309
v 43.7969 47.2119 0.0000
v 44.4310 47.2119 -1.5309
v 45.9619 47.2119 -2.1651
v 47.4929 47.2119 -1.5309
v 48.4619 45.9619 0.0000
v 47.7297 45.9619 1.7678
v 45.9619 45.9619 2.5000
v 44.1942 45.9619 1.7678
v 43.4619 45.9619 0.0000
v 44.1942 45.9619 -1.7678
v 45.9619 45.9619 -2.5000
v 47.7297 45.9619 -1.7678
v 48.1270 44.7119 0.0000
v 47.4929 44.7119 1.5309
v 45.9619 44.7119 2.1651
v 44.4310 44.7119 1.5309
v 43.7969 44.7119 0.0000
v 44.4310 44.7119 -1.5309
v 45.9619 44.7119 -2.1651
v 47.4929 44.7119 -1.5309
v 47.2119 43.7969 0.0000
v 46.8458 43.7969 0.8839
v 45.9619 43.7969 1.2500
v 45.0781 43.7969 0.8839
v 44.7119 43.7969 0.0000
v 45.0781 43.7969 -0.8839
v 45.9619 43.7969 -1.2500
v 46.8458 43.7969 -0.8839
v 45.9619 43.4619 0.0000
v 45.9619 43.4619 0.0000
v 45.9619 43.4619 0.0000
v 45.9619 43.4619 0.0000
v 45.9619 43.4619 0.0000
v 45.9619 43.4619 -0.0000
v 45.9619 43.4619 -0.0000
v 45.9619 43.4619 -0.0000
v -31.1127 31.1127 -1.8000
v -32.0127 30.2127 -1.2728
v -32.3855 29.8399 -0.0000
v -32.0127 30.2127 1.2728
v -31.1127 31.1127 1.8000
v -30.2127 32.0127 1.2728
v -29.8399 32.3855 0.0000
v -30.2127 32.0127 -1.2728
v -45.9619 45.9619 -1.8000
v -46.8619 45.0619 -1.2728
v -47.2347 44.6891 -0.0000
v -46.8619 45.0619 1.2728
v -45.9619 45.9619 1.8000
v -45.0619 46.8619 1.2728
v -44.6891 47.2347 0.0000
v -45.0619 46.8619 -1.2728
v -31.1127 31.1127 0.0000
v -45.9619 45.9619 0.0000
v -45.9619 48.4619 0.0000
v -45.9619 48.4619 0.0000
v -45.9619 48.4619 0.0000
v -45.9619 48.4619 0.0000
v -45.9619 48.4619 0.0000
v -45.9619 48.4619 0.0000
v -45.9619 48.4619 0.0000
v -45.9619 48.4619 0.0000
v -44.7119 48.1270 0.0000
v -45.0781 48.1270 0.8839
v -45.9619 48.1270 1.2500
v -46.8458 48.1270 0.8839
v -47.2119 48.1270 0.0000
v -46.8458 48.1270 -0.8839
v -45.9619 48.1270 -1.2500
v -45.0781 48.1270 -0.8839
v -43.7969 47.2119 0.0000
v -44.4310 47.2119 1.5309
v -45.9619 47.2119 2.1651
v -47.4929 47.2119 1.5309
v -48.1270 47.2119 0.0000
v -47.4929 47.2119 -1.5309
v -45.9619 47.2119 -2.1651
v -44.4310 47.2119 -1.5309
v -43.4619 45.9619 0.0000
v -44.1942 45.9619 1.7678
v -45.9619 45.9619 2.5000
v -47.7297 45.9619 1.7678
v -48.4619 45.9619 0.0000
v -47.7297 45.9619 -1.7678
v -45.9619 45.9619 -2.5000
v -44.1942 45.9619 -1.7678
v -43.7969 44.7119 0.0000
v -44.4310 44.7119 1.5309
v -45.9619 44.7119 2.1651
v -47.4929 44.7119 1.5309
v -48.1270 44.7119 0.0000
v -47.4929 44.7119 -1.5309
v -45.9619 44.7119 -2.1651
v -44.4310 44.7119 -1.5309
v -44.7119 43.7969 0.0000
v -45.0781 43.7969 0.8839
v -45.9619 43.7969 1.2500
v -46.8458 43.7969 0.8839
v -47.2119 43.7969 0.0000
v -46.8458 43.7969 -0.8839
v -45.9619 43.7969 -1.2500
v -45.0781 43.7969 -0.8839
v -45.9619 43.4619 0.0000
v -45.9619 43.4619 0.0000
v -45.9619 43.4619 0.0000
v -45.9619 43.4619 0.0000
v -45.9619 43.4619 0.0000
v -45.9619 43.4619 -0.0000
v -45.9619 43.4619 -0.0000
v -45.9619 43.4619 -0.0000
v -31.1127 -31.1127 -1.8000
v -30.2127 -32.0127 -1.2728
v -29.8399 -32.3855 -0.0000
v -30.2127 -32.0127 1.2728
v -31.1127 -31.1127 1.8000
v -32.0127 -30.2127 1.2728
v -32.3855 -29.8399 0.0000
v -32.0127 -30.2127 -1.2728
v -45.9619 -45.9619 -1.8000
v -45.0619 -46.8619 -1.2728
v -44.6891 -47.2347 -0.0000
v -45.0619 -46.8619 1.2728
v -45.9619 -45.9619 1.8000
v -46.8619 -45.0619 1.2728
v -47.2347 -44.6891 0.0000
v -46.8619 -45.0619 -1.2728
v -31.1127 -31.1127 0.0000
v -45.9619 -45.9619 0.0000
v -45.9619 -43.4619 0.0000
v -45.9619 -43.4619 0.0000
v -45.9619 -43.4619 0.0000
v -45.9619 -43.4619 0.0000
v -45.9619 -43.4619 0.0000
v -45.9619 -43.4619 0.0000
v -45.9619 -43.4619 0.0000
v -45.9619 -43.4619 0.0000
v -44.7119 -43.7969 0.0000
v -45.0781 -43.7969 0.8839
v -45.9619 -43.7969 1.2500
v -46.8458 -43.7969 0.8839
v -47.2119 -43.7969 0.0000
v -46.8458 -43.7969 -0.8839
v -45.9619 -43.7969 -1.2500
v -45.0781 -43.7969 -0.8839
v -43.7969 -44.7119 0.0000
v -44.4310 -44.7119 1.5309
v -45.9619 -44.7119 2.1651
v -47.4929 -44.7119 1.5309
v -48.1270 -44.7119 0.0000
v -47.4929 -44.7119 -1.5309
v -45.9619 -44.7119 -2.1651
v -44.4310 -44.7119 -1.5309
v -43.4619 -45.9619 0.0000
v -44.1942 -45.9619 1.7678
v -45.9619 -45.9619 2.5000
v -47.7297 -45.9619 1.7678
v -48.4619 -45.9619 0.0000
v -47.7297 -45.9619 -1.7678
v -45.9619 -45.9619 -2.5000
v -44.1942 -45.9619 -1.7678
v -43.7969 -47.2119 0.0000
v -44.4310 -47.2119 1.5309
v -45.9619 -47.2119 2.1651
v -47.4929 -47.2119 1.5309
v -48.1270 -47.2119 0.0000
v -47.4929 -47.2119 -1.5309
v -45.9619 -47.2119 -2.1651
v -44.4310 -47.2119 -1.5309
v -44.7119 -48.1270 0.0000
v -45.0781 -48.1270 0.8839
v -45.9619 -48.1270 1.2500
v -46.8458 -48.1270 0.8839
v -47.2119 -48.1270 0.0000
v -46.8458 -48.1270 -0.8839
v -45.9619 -48.1270 -1.2500
v -45.0781 -48.1270 -0.8839
v -45.9619 -48.4619 0.0000
v -45.9619 -48.4619 0.0000
v -45.9619 -48.4619 0.0000
v -45.9619 -48.4619 0.0000
v -45.9619 -48.4619 0.0000
v -45.9619 -48.4619 -0.0000
v -45.9619 -48.4619 -0.0000
v -45.9619 -48.4619 -0.0000
v 31.1127 -31.1127 1.8000
v 30.2127 -32.0127 1.2728
v 29.8399 -32.3855 0.0000
v 30.2127 -32.0127 -1.2728
v 31.1127 -31.1127 -1.8000
v 32.0127 -30.2127 -1.2728
v 32.3855 -29.8399 -0.0000
v 32.0127 -30.2127 1.2728
v 45.9619 -45.9619 1.8000
v 45.0619 -46.8619 1.2728
v 44.6891 -47.2347 0.0000
v 45.0619 -46.8619 -1.2728
v 45.9619 -45.9619 -1.8000
v 46.8619 -45.0619 -1.2728
v 47.2347 -44.6891 -0.0000
v 46.8619 -45.0619 1.2728
v 31.1127 -31.1127 0.0000
v 45.9619 -45.9619 0.0000
v 45.9619 -43.4619 0.0000
v 45.9619 -43.4619 0.0000
v 45.9619 -43.4619 0.0000
v 45.9619 -43.4619 0.0000
v 45.9619 -43.4619 0.0000
v 45.9619 -43.4619 0.0000
v 45.9619 -43.4619 0.0000
v 45.9619 -43.4619 0.0000
v 47.2119 -43.7969 0.0000
v 46.8458 -43.7969 0.8839
v 45.9619 -43.7969 1.2500
v 45.0781 -43.7969 0.8839
v 44.7119 -43.7969 0.0000
v 45.0781 -43.7969 -0.8839
v 45.9619 -43.7969 -1.2500
v 46.8458 -43.7969 -0.8839
v 48.1270 -44.7119 0.0000
v 47.4929 -44.7119 1.5309
v 45.9619 -44.7119 2.1651
v 44.4310 -44.7119 1.5309
v 43.7969 -44.7119 0.0000
v 44.4310 -44.7119 -1.5309
v 45.9619 -44.7119 -2.1651
v 47.4929 -44.7119 -1.5309
v 48.4619 -45.9619 0.0000
v 47.7297 -45.9619 1.7678
v 45.9619 -45.9619 2.5000
v 44.1942 -45.9619 1.7678
v 43.4619 -45.9619 0.0000
v 44.1942 -45.9619 -1.7678
v 45.9619 -45.9619 -2.5000
v 47.7297 -45.9619 -1.7678
v 48.1270 -47.2119 0.0000
v 47.4929 -47.2119 1.5309
v 45.9619 -47.2119 2.1651
v 44.4310 -47.2119 1.5309
v 43.7969 -47.2119 0.0000
v 44.4310 -47.2119 -1.5309
v 45.9619 -47.2119 -2.1651
v 47.4929 -47.2119 -1.5309
v 47.2119 -48.1270 0.0000
v 46.8458 -48.1270 0.8839
v 45.9619 -48.1270 1.2500
v 45.0781 -48.1270 0.8839
v 44.7119 -48.1270 0.0000
v 45.0781 -48.1270 -0.8839
v 45.9619 -48.1270 -1.2500
v 46.8458 -48.1270 -0.8839
v 45.9619 -48.4619 0.0000
v 45.9619 -48.4619 0.0000
v 45.9619 -48.4619 0.0000
v 45.9619 -48.4619 0.0000
v 45.9619 -48.4619 0.0000
v 45.9619 -48.4619 -0.0000
v 45.9619 -48.4619 -0.0000
v 45.9619 -48.4619 -0.0000
v -9.5000 0.0000 41.5000
v -8.9271 -3.2492 41.5000
v -7.2774 -6.1065 41.5000
v -4.7500 -8.2272 41.5000
v -1.6497 -9.3557 41.5000
v 1.6497 -9.3557 41.5000
v 4.7500 -8.2272 41.5000
v 7.2774 -6.1065 41.5000
v 8.9271 -3.2492 41.5000
v 9.5000 -0.0000 41.5000
v 8.9271 3.2492 41.5000
v 7.2774 6.1065 41.5000
v 4.7500 8.2272 41.5000
v 1.6497 9.3557 41.5000
v -1.6497 9.3557 41.5000
v -4.7500 8.2272 41.5000
v -7.2774 6.1065 41.5000
v -8.9271 3.2492 41.5000
v -9.5000 0.0000 46.5000
v -8.9271 -3.2492 46.5000
v -7.2774 -6.1065 46.5000
v -4.7500 -8.2272 46.5000
v -1.6497 -9.3557 46.5000
v 1.6497 -9.3557 46.5000
v 4.7500 -8.2272 46.5000
v 7.2774 -6.1065 46.5000
v 8.9271 -3.2492 46.5000
v 9.5000 -0.0000 46.5000
v 8.9271 3.2492 46.5000
v 7.2774 6.1065 46.5000
v 4.7500 8.2272 46.5000
v 1.6497 9.3557 46.5000
v -1.6497 9.3557 46.5000
v -4.7500 8.2272 46.5000
v -7.2774 6.1065 46.5000
v -8.9271 3.2492 46.5000
v 0.0000 0.0000 41.5000
v 0.0000 0.0000 46.5000
v -9.5000 0.0000 -46.5000
v -8.9271 -3.2492 -46.5000
v -7.2774 -6.1065 -46.5000
v -4.7500 -8.2272 -46.5000
v -1.6497 -9.3557 -46.5000
v 1.6497 -9.3557 -46.5000
v 4.7500 -8.2272 -46.5000
v 7.2774 -6.1065 -46.5000
v 8.9271 -3.2492 -46.5000
v 9.5000 -0.0000 -46.5000
v 8.9271 3.2492 -46.5000
v 7.2774 6.1065 -46.5000
v 4.7500 8.2272 -46.5000
v 1.6497 9.3557 -46.5000
v -1.6497 9.3557 -46.5000
v -4.7500 8.2272 -46.5000
v -7.2774 6.1065 -46.5000
v -8.9271 3.2492 -46.5000
v -9.5000 0.0000 -41.5000
v -8.9271 -3.2492 -41.5000
v -7.2774 -6.1065 -41.5000
v -4.7500 -8.2272 -41.5000
v -1.6497 -9.3557 -41.5000
v 1.6497 -9.3557 -41.5000
v 4.7500 -8.2272 -41.5000
v 7.2774 -6.1065 -41.5000
v 8.9271 -3.2492 -41.5000
v 9.5000 -0.0000 -41.5000
v 8.9271 3.2492 -41.5000
v 7.2774 6.1065 -41.5000
v 4.7500 8.2272 -41.5000
v 1.6497 9.3557 -41.5000
v -1.6497 9.3557 -41.5000
v -4.7500 8.2272 -41.5000
v -7.2774 6.1065 -41.5000
v -8.9271 3.2492 -41.5000
v 0.0000 0.0000 -46.5000
v 0.0000 0.0000 -41.5000
v -2.0000 0.0000 -52.0000
v -1.7321 -1.0000 -52.0000
v -1.0000 -1.7321 -52.0000
v -0.0000 -2.0000 -52.0000
v 1.0000 -1.7321 -52.0000
v 1.7321 -1.0000 -52.0000
v 2.0000 -0.0000 -52.0000
v 1.7321 1.0000 -52.0000
v 1.0000 1.7321 -52.0000
v 0.0000 2.0000 -52.0000
v -1.0000 1.7321 -52.0000
v -1.7321 1.0000 -52.0000
v -2.0000 0.0000 52.0000
v -1.7321 -1.0000 52.0000
v -1.0000 -1.7321 52.0000
v -0.0000 -2.0000 52.0000
v 1.0000 -1.7321 52.0000
v 1.7321 -1.0000 52.0000
v 2.0000 -0.0000 52.0000
v 1.7321 1.0000 52.0000
v 1.0000 1.7321 52.0000
v 0.0000 2.0000 52.0000
v -1.0000 1.7321 52.0000
v -1.7321 1.0000 52.0000
v 0.0000 0.0000 -52.0000
v 0.0000 0.0000 52.0000
v -0.2286 -8.0000 -41.3384
v 0.0135 -8.5909 -41.6250
v 0.2421 -8.5909 -42.2867
v 0.2286 -8.0000 -42.6616
v -0.0135 -7.4091 -42.3750
v -0.2421 -7.4091 -41.7133
v 3.8238 -7.0189 -39.9384
v 4.0659 -7.6098 -40.2250
v 4.2944 -7.6098 -40.8867
v 4.2809 -7.0189 -41.2616
v 4.0388 -6.4279 -40.9750
v 3.8102 -6.4279 -40.3133
v 0.0000 -8.0000 -42.0000
v 4.0523 -7.0189 -40.6000
v 3.7609 -7.0189 -39.9636
v 4.2676 -7.4769 -40.1165
v 4.5591 -7.4769 -40.7529
v 4.3438 -7.0189 -41.2364
v 3.8371 -6.5608 -41.0835
v 3.5456 -6.5608 -40.4471
v 6.8178 -4.1045 -38.5636
v 7.3245 -4.5626 -38.7165
v 7.6160 -4.5626 -39.3529
v 7.4007 -4.1045 -39.8364
v 6.8940 -3.6464 -39.6835
v 6.6025 -3.6464 -39.0471
v 4.0523 -7.0189 -40.6000
v 7.1093 -4.1045 -39.2000
v 7.1093 -3.8786 -39.8625
v 6.5251 -3.8381 -39.4789
v 6.5251 -4.0641 -38.8164
v 7.1093 -4.3305 -38.5375
v 7.6934 -4.3710 -38.9211
v 7.6934 -4.1450 -39.5836
v 8.3129 0.2260 -38.4625
v 7.7287 0.2664 -38.0789
v 7.7287 0.0405 -37.4164
v 8.3129 -0.2260 -37.1375
v 8.8970 -0.2664 -37.5211
v 8.8970 -0.0405 -38.1836
v 7.1093 -4.1045 -39.2000
v 8.3129 -0.0000 -37.8000
v 8.3129 0.2210 -38.4642
v 7.7222 -0.0190 -38.1752
v 7.7222 -0.2400 -37.5110
v 8.3129 -0.2210 -37.1358
v 8.9035 0.0190 -37.4248
v 8.9035 0.2400 -38.0890
v 7.2883 4.4289 -37.0642
v 6.6977 4.1889 -36.7752
v 6.6977 3.9679 -36.1110
v 7.2883 3.9869 -35.7358
v 7.8790 4.2269 -36.0248
v 7.8790 4.4479 -36.6890
v 8.3129 -0.0000 -37.8000
v 7.2883 4.2079 -36.4000
v 6.9947 4.2079 -37.0354
v 6.7626 3.7683 -36.5426
v 7.0562 3.7683 -35.9072
v 7.5820 4.2079 -35.7646
v 7.8140 4.6475 -36.2574
v 7.5204 4.6475 -36.8928
v 3.9652 7.3765 -35.6354
v 3.7331 6.9369 -35.1426
v 4.0267 6.9369 -34.5072
v 4.5525 7.3765 -34.3646
v 4.7845 7.8161 -34.8574
v 4.4909 7.8161 -35.4928
v 7.2883 4.2079 -36.4000
v 4.2588 7.3765 -35.0000
v 4.0402 7.3765 -35.6650
v 3.9958 6.7923 -35.2820
v 4.2144 6.7923 -34.6170
v 4.4774 7.3765 -34.3350
v 4.5218 7.9607 -34.7180
v 4.3032 7.9607 -35.3830
v -0.2186 8.6180 -34.2650
v -0.2630 8.0338 -33.8820
v -0.0444 8.0338 -33.2170
v 0.2186 8.6180 -32.9350
v 0.2630 9.2023 -33.3180
v 0.0444 9.2023 -33.9830
v 4.2588 7.3765 -35.0000
v 0.0000 8.6180 -33.6000
v -0.2141 8.6180 -34.2665
v 0.0242 8.0277 -33.9754
v 0.2383 8.0277 -33.3089
v 0.2141 8.6180 -32.9335
v -0.0242 9.2084 -33.2246
v -0.2383 9.2084 -33.8911
v -4.5724 7.5489 -32.8665
v -4.3341 6.9586 -32.5754
v -4.1201 6.9586 -31.9089
v -4.1443 7.5489 -31.5335
v -4.3826 8.1392 -31.8246
v -4.5967 8.1392 -32.4911
v 0.0000 8.6180 -33.6000
v -4.3584 7.5489 -32.2000
v -4.6336 7.5489 -32.8436
v -4.1272 7.0944 -32.6795
v -3.8520 7.0944 -32.0359
v -4.0832 7.5489 -31.5564
v -4.5896 8.0035 -31.7205
v -4.8648 8.0035 -32.3641
v -7.9079 4.4067 -31.4436
v -7.4015 3.9522 -31.2795
v -7.1263 3.9522 -30.6359
v -7.3575 4.4067 -30.1564
v -7.8639 4.8613 -30.3205
v -8.1391 4.8613 -30.9641
v -4.3584 7.5489 -32.2000
v -7.6327 4.4067 -30.8000
v -7.6327 4.6187 -30.1329
v -8.2171 4.6663 -30.5152
v -8.2171 4.4544 -31.1824
v -7.6327 4.1948 -31.4671
v -7.0483 4.1471 -31.0848
v -7.0483 4.3591 -30.4176
v -8.9080 0.2119 -28.7329
v -9.4924 0.2596 -29.1152
v -9.4924 0.0476 -29.7824
v -8.9080 -0.2119 -30.0671
v -8.3236 -0.2596 -29.6848
v -8.3236 -0.0476 -29.0176
v -7.6327 4.4067 -30.8000
v -8.9080 0.0000 -29.4000
v -8.9080 0.2079 -28.7316
v -9.4979 -0.0292 -29.0244
v -9.4979 -0.2371 -29.6928
v -8.9080 -0.2079 -30.0684
v -8.3180 0.0292 -29.7756
v -8.3180 0.2371 -29.1072
v -7.7942 -4.2921 -27.3316
v -8.3842 -4.5292 -27.6244
v -8.3842 -4.7371 -28.2928
v -7.7942 -4.7079 -28.6684
v -7.2043 -4.4708 -28.3756
v -7.2043 -4.2629 -27.7072
v -8.9080 0.0000 -29.4000
v -7.7942 -4.5000 -28.0000
v -8.0712 -4.5000 -27.3571
v -8.3168 -4.9389 -27.8440
v -8.0398 -4.9389 -28.4869
v -7.5173 -4.5000 -28.6429
v -7.2717 -4.0611 -28.1560
v -7.5486 -4.0611 -27.5131
v -4.8216 -7.8715 -25.9571
v -5.0672 -8.3104 -26.4440
v -4.7902 -8.3104 -27.0869
v -4.2677 -7.8715 -27.2429
v -4.0221 -7.4327 -26.7560
v -4.2991 -7.4327 -26.1131
v -7.7942 -4.5000 -28.0000
v -4.5446 -7.8715 -26.6000
v -4.7507 -7.8715 -25.9310
v -4.8009 -8.4562 -26.3127
v -4.5948 -8.4562 -26.9817
v -4.3386 -7.8715 -27.2690
v -4.2884 -7.2869 -26.8873
v -4.4945 -7.2869 -26.2183
v -0.2061 -9.1756 -24.5310
v -0.2563 -9.7602 -24.9127
v -0.0502 -9.7602 -25.5817
v 0.2061 -9.1756 -25.8690
v 0.2563 -8.5909 -25.4873
v 0.0502 -8.5909 -24.8183
v -4.5446 -7.8715 -26.6000
v -0.0000 -9.1756 -25.2000
v -0.2026 -9.1756 -24.5300
v 0.0337 -9.7651 -24.8241
v 0.2364 -9.7651 -25.4942
v 0.2026 -9.1756 -25.8700
v -0.0337 -8.5860 -25.5759
v -0.2364 -8.5860 -24.9058
v 4.4267 -8.0182 -23.1300
v 4.6630 -8.6078 -23.4241
v 4.8657 -8.6078 -24.0942
v 4.8320 -8.0182 -24.4700
v 4.5956 -7.4286 -24.1759
v 4.3930 -7.4286 -23.5058
v -0.0000 -9.1756 -25.2000
v 4.6293 -8.0182 -23.8000
v 4.3666 -8.0182 -23.1512
v 4.8733 -8.4693 -23.3236
v 5.1360 -8.4693 -23.9724
v 4.8920 -8.0182 -24.4488
v 4.3853 -7.5671 -24.2764
v 4.1226 -7.5671 -23.6276
v 7.8245 -4.6691 -21.7512
v 8.3312 -5.1202 -21.9236
v 8.5939 -5.1202 -22.5724
v 8.3499 -4.6691 -23.0488
v 7.8431 -4.2180 -22.8764
v 7.5804 -4.2180 -22.2276
v 4.6293 -8.0182 -23.8000
v 8.0872 -4.6691 -22.4000
v 8.0872 -4.4681 -23.0705
v 7.5022 -4.4161 -22.6895
v 7.5022 -4.6171 -22.0190
v 8.0872 -4.8702 -21.7295
v 8.6721 -4.9222 -22.1105
v 8.6721 -4.7211 -22.7810
v 9.4142 0.2010 -21.6705
v 8.8293 0.2531 -21.2895
v 8.8293 0.0520 -20.6190
v 9.4142 -0.2010 -20.3295
v 9.9991 -0.2531 -20.7105
v 9.9991 -0.0520 -21.3810
v 8.0872 -4.6691 -22.4000
v 9.4142 -0.0000 -21.0000
v 9.4142 0.1982 -21.6714
v 8.8251 -0.0379 -21.3761
v 8.8251 -0.2361 -20.7047
v 9.4142 -0.1982 -20.3286
v 10.0034 0.0379 -20.6239
v 10.0034 0.2361 -21.2953
v 8.2154 4.9413 -20.2714
v 7.6262 4.7052 -19.9761
v 7.6262 4.5071 -19.3047
v 8.2154 4.5450 -18.9286
v 8.8045 4.7810 -19.2239
v 8.8045 4.9792 -19.8953
v 9.4142 -0.0000 -21.0000
v 8.2154 4.7431 -19.6000
v 7.9514 4.7431 -20.2483
v 7.6964 4.3039 -19.7666
v 7.9604 4.3039 -19.1183
v 8.4794 4.7431 -18.9517
v 8.7343 5.1824 -19.4334
v 8.4703 5.1824 -20.0817
v 4.5132 8.2743 -18.8483
v 4.2582 7.8350 -18.3666
v 4.5222 7.8350 -17.7183
v 5.0411 8.2743 -17.5517
v 5.2961 8.7135 -18.0334
v 5.0321 8.7135 -18.6817
v 8.2154 4.7431 -19.6000
v 4.7771 8.2743 -18.2000
v 4.5803 8.2743 -18.8717
v 4.5271 7.6890 -18.4914
v 4.7240 7.6890 -17.8197
v 4.9740 8.2743 -17.5283
v 5.0272 8.8595 -17.9086
v 4.8303 8.8595 -18.5803
v -0.1969 9.6180 -17.4717
v -0.2500 9.0328 -17.0914
v -0.0532 9.0328 -16.4197
v 0.1969 9.6180 -16.1283
v 0.2500 10.2033 -16.5086
v 0.0532 10.2033 -17.1803
v 4.7771 8.2743 -18.2000
v 0.0000 9.6180 -16.8000
v -0.1946 9.6180 -17.4724
v 0.0416 9.0293 -17.1764
v 0.2362 9.0293 -16.5040
v 0.1946 9.6180 -16.1276
v -0.0416 10.2068 -16.4236
v -0.2362 10.2068 -17.0960
v -5.0332 8.3808 -16.0724
v -4.7970 7.7921 -15.7764
v -4.6025 7.7921 -15.1040
v -4.6441 8.3808 -14.7276
v -4.8803 8.9695 -15.0236
v -5.0749 8.9695 -15.6960
v 0.0000 9.6180 -16.8000
v -4.8387 8.3808 -15.4000
v -5.0930 8.3808 -16.0522
v -4.5852 7.9330 -15.8745
v -4.3309 7.9330 -15.2224
v -4.5843 8.3808 -14.7478
v -5.0921 8.8287 -14.9255
v -5.3465 8.8287 -15.5776
v -8.6826 4.8660 -14.6522
v -8.1747 4.4182 -14.4745
v -7.9204 4.4182 -13.8224
v -8.1738 4.8660 -13.3478
v -8.6817 5.3139 -13.5255
v -8.9360 5.3139 -14.1776
v -4.8387 8.3808 -15.4000
v -8.4282 4.8660 -14.0000
v -8.4282 5.0596 -13.3273
v -9.0138 5.1133 -13.7069
v -9.0138 4.9197 -14.3797
v -8.4282 4.6725 -14.6727
v -7.8426 4.6188 -14.2931
v -7.8426 4.8123 -13.6203
v -9.7820 0.1935 -11.9273
v -10.3677 0.2473 -12.3069
v -10.3677 0.0537 -12.9797
v -9.7820 -0.1935 -13.2727
v -9.1964 -0.2473 -12.8931
v -9.1964 -0.0537 -12.2203
v -8.4282 4.8660 -14.0000
v -9.7820 0.0000 -12.6000
v -9.7820 0.1918 -11.9268
v -10.3703 -0.0449 -12.2233
v -10.3703 -0.2367 -12.8965
v -9.7820 -0.1918 -13.2732
v -9.1937 0.0449 -12.9767
v -9.1937 0.2367 -12.3035
v -8.5105 -4.7217 -10.5268
v -9.0988 -4.9584 -10.8233
v -9.0988 -5.1503 -11.4965
v -8.5105 -5.1054 -11.8732
v -7.9222 -4.8687 -11.5767
v -7.9222 -4.6768 -10.9035
v -9.7820 0.0000 -12.6000
v -8.5105 -4.9135 -11.2000
v -8.7656 -4.9135 -10.5482
v -9.0259 -5.3540 -11.0259
v -8.7708 -5.3540 -11.6777
v -8.2554 -4.9135 -11.8518
v -7.9951 -4.4730 -11.3741
v -8.2502 -4.4730 -10.7223
v -5.1887 -8.5452 -9.1482
v -5.4490 -8.9857 -9.6259
v -5.1938 -8.9857 -10.2777
v -4.6784 -8.5452 -10.4518
v -4.4182 -8.1047 -9.9741
v -4.6733 -8.1047 -9.3223
v -8.5105 -4.9135 -11.2000
v -4.9336 -8.5452 -9.8000
v -5.1247 -8.5452 -9.1266
v -5.1783 -9.1313 -9.5056
v -4.9872 -9.1313 -10.1790
v -4.7425 -8.5452 -10.4734
v -4.6889 -7.9592 -10.0944
v -4.8800 -7.9592 -9.4210
v -0.1911 -9.9021 -7.7266
v -0.2447 -10.4882 -8.1056
v -0.0536 -10.4882 -8.7790
v 0.1911 -9.9021 -9.0734
v 0.2447 -9.3161 -8.6944
v 0.0536 -9.3161 -8.0210
v -4.9336 -8.5452 -9.8000
v -0.0000 -9.9021 -8.4000
v -0.1899 -9.9021 -7.7263
v 0.0477 -10.4899 -8.0229
v 0.2376 -10.4899 -8.6967
v 0.1899 -9.9021 -9.0737
v -0.0477 -9.3143 -8.7771
v -0.2376 -9.3143 -8.1033
v 4.7760 -8.6012 -6.3263
v 5.0136 -9.1891 -6.6229
v 5.2035 -9.1891 -7.2967
v 5.1559 -8.6012 -7.6737
v 4.9182 -8.0134 -7.3771
v 4.7283 -8.0134 -6.7033
v -0.0000 -9.9021 -8.4000
v 4.9659 -8.6012 -7.0000
v 4.7156 -8.6012 -6.3463
v 5.2253 -9.0462 -6.5259
v 5.4756 -9.0462 -7.1796
v 5.2162 -8.6012 -7.6537
v 4.7066 -8.1563 -7.4741
v 4.4563 -8.1563 -6.8204
v 8.3721 -4.9781 -4.9463
v 8.8818 -5.4231 -5.1259
v 9.1321 -5.4231 -5.7796
v 8.8727 -4.9781 -6.2537
v 8.3630 -4.5332 -6.0741
v 8.1127 -4.5332 -5.4204
v 4.9659 -8.6012 -7.0000
v 8.6224 -4.9781 -5.6000
v 8.6224 -4.7886 -6.2739
v 8.0359 -4.7357 -5.8954
v 8.0359 -4.9252 -5.2215
v 8.6224 -5.1677 -4.9261
v 9.2089 -5.2206 -5.3046
v 9.2089 -5.0311 -5.9785
v 9.9754 0.1895 -4.8739
v 9.3889 0.2425 -4.4954
v 9.3889 0.0530 -3.8215
v 9.9754 -0.1895 -3.5261
v 10.5619 -0.2425 -3.9046
v 10.5619 -0.0530 -4.5785
v 8.6224 -4.9781 -5.6000
v 9.9754 -0.0000 -4.2000
v 9.9754 0.1889 -4.8740
v 9.3880 -0.0500 -4.5775
v 9.3880 -0.2389 -3.9035
v 9.9754 -0.1889 -3.5260
v 10.5627 0.0500 -3.8225
v 10.5627 0.2389 -4.4965
v 8.6508 5.1835 -3.4740
v 8.0634 4.9446 -3.1775
v 8.0634 4.7556 -2.5035
v 8.6508 4.8056 -2.1260
v 9.2381 5.0445 -2.4225
v 9.2381 5.2334 -3.0965
v 9.9754 -0.0000 -4.2000
v 8.6508 4.9945 -2.8000
v 8.4002 4.9945 -3.4536
v 8.1385 4.5521 -2.9785
v 8.3891 4.5521 -2.3249
v 8.9013 4.9945 -2.1464
v 9.1630 5.4370 -2.6215
v 8.9124 5.4370 -3.2751
v 4.7481 8.6579 -2.0536
v 4.4864 8.2154 -1.5785
v 4.7370 8.2154 -0.9249
v 5.2492 8.6579 -0.7464
v 5.5109 9.1003 -1.2215
v 5.2603 9.1003 -1.8751
v 8.6508 4.9945 -2.8000
v 4.9986 8.6579 -1.4000
v 4.8098 8.6579 -2.0741
v 4.7581 8.0710 -1.6961
v 4.9469 8.0710 -1.0220
v 5.1874 8.6579 -0.7259
v 5.2391 9.2448 -1.1039
v 5.0504 9.2448 -1.7780
v -0.1888 10.0000 -0.6741
v -0.2405 9.4131 -0.2961
v -0.0517 9.4131 0.3780
v 0.1888 10.0000 0.6741
v 0.2405 10.5869 0.2961
v 0.0517 10.5869 -0.3780
v 4.9986 8.6579 -1.4000
v 0.0000 10.0000 0.0000
v -0.1888 10.0000 -0.6741
v 0.0517 9.4131 -0.3780
v 0.2405 9.4131 0.2961
v 0.1888 10.0000 0.6741
v -0.0517 10.5869 0.3780
v -0.2405 10.5869 -0.2961
v -5.1874 8.6579 0.7259
v -4.9469 8.0710 1.0220
v -4.7581 8.0710 1.6961
v -4.8098 8.6579 2.0741
v -5.0504 9.2448 1.7780
v -5.2391 9.2448 1.1039
v 0.0000 10.0000 0.0000
v -4.9986 8.6579 1.4000
v -5.2492 8.6579 0.7464
v -4.7370 8.2154 0.9249
v -4.4864 8.2154 1.5785
v -4.7481 8.6579 2.0536
v -5.2603 9.1003 1.8751
v -5.5109 9.1003 1.2215
v -8.9013 4.9945 2.1464
v -8.3891 4.5521 2.3249
v -8.1385 4.5521 2.9785
v -8.4002 4.9945 3.4536
v -8.9124 5.4370 3.2751
v -9.1630 5.4370 2.6215
v -4.9986 8.6579 1.4000
v -8.6508 4.9945 2.8000
v -8.6508 5.1835 3.4740
v -9.2381 5.2334 3.0965
v -9.2381 5.0445 2.4225
v -8.6508 4.8056 2.1260
v -8.0634 4.7556 2.5035
v -8.0634 4.9446 3.1775
v -9.9754 0.1889 4.8740
v -10.5627 0.2389 4.4965
v -10.5627 0.0500 3.8225
v -9.9754 -0.1889 3.5260
v -9.3880 -0.2389 3.9035
v -9.3880 -0.0500 4.5775
v -8.6508 4.9945 2.8000
v -9.9754 0.0000 4.2000
v -9.9754 0.1895 4.8739
v -10.5619 -0.0530 4.5785
v -10.5619 -0.2425 3.9046
v -9.9754 -0.1895 3.5261
v -9.3889 0.0530 3.8215
v -9.3889 0.2425 4.4954
v -8.6224 -4.7886 6.2739
v -9.2089 -5.0311 5.9785
v -9.2089 -5.2206 5.3046
v -8.6224 -5.1677 4.9261
v -8.0359 -4.9252 5.2215
v -8.0359 -4.7357 5.8954
v -9.9754 0.0000 4.2000
v -8.6224 -4.9781 5.6000
v -8.8727 -4.9781 6.2537
v -9.1321 -5.4231 5.7796
v -8.8818 -5.4231 5.1259
v -8.3721 -4.9781 4.9463
v -8.1127 -4.5332 5.4204
v -8.3630 -4.5332 6.0741
v -5.2162 -8.6012 7.6537
v -5.4756 -9.0462 7.1796
v -5.2253 -9.0462 6.5259
v -4.7156 -8.6012 6.3463
v -4.4563 -8.1563 6.8204
v -4.7066 -8.1563 7.4741
v -8.6224 -4.9781 5.6000
v -4.9659 -8.6012 7.0000
v -5.1559 -8.6012 7.6737
v -5.2035 -9.1891 7.2967
v -5.0136 -9.1891 6.6229
v -4.7760 -8.6012 6.3263
v -4.7283 -8.0134 6.7033
v -4.9182 -8.0134 7.3771
v -0.1899 -9.9021 9.0737
v -0.2376 -10.4899 8.6967
v -0.0477 -10.4899 8.0229
v 0.1899 -9.9021 7.7263
v 0.2376 -9.3143 8.1033
v 0.0477 -9.3143 8.7771
v -4.9659 -8.6012 7.0000
v -0.0000 -9.9021 8.4000
v -0.1911 -9.9021 9.0734
v 0.0536 -10.4882 8.7790
v 0.2447 -10.4882 8.1056
v 0.1911 -9.9021 7.7266
v -0.0536 -9.3161 8.0210
v -0.2447 -9.3161 8.6944
v 4.7425 -8.5452 10.4734
v 4.9872 -9.1313 10.1790
v 5.1783 -9.1313 9.5056
v 5.1247 -8.5452 9.1266
v 4.8800 -7.9592 9.4210
v 4.6889 -7.9592 10.0944
v -0.0000 -9.9021 8.4000
v 4.9336 -8.5452 9.8000
v 4.6784 -8.5452 10.4518
v 5.1938 -8.9857 10.2777
v 5.4490 -8.9857 9.6259
v 5.1887 -8.5452 9.1482
v 4.6733 -8.1047 9.3223
v 4.4182 -8.1047 9.9741
v 8.2554 -4.9135 11.8518
v 8.7708 -5.3540 11.6777
v 9.0259 -5.3540 11.0259
v 8.7656 -4.9135 10.5482
v 8.2502 -4.4730 10.7223
v 7.9951 -4.4730 11.3741
v 4.9336 -8.5452 9.8000
v 8.5105 -4.9135 11.2000
v 8.5105 -4.7217 10.5268
v 7.9222 -4.6768 10.9035
v 7.9222 -4.8687 11.5767
v 8.5105 -5.1054 11.8732
v 9.0988 -5.1503 11.4965
v 9.0988 -4.9584 10.8233
v 9.7820 0.1918 11.9268
v 9.1937 0.2367 12.3035
v 9.1937 0.0449 12.9767
v 9.7820 -0.1918 13.2732
v 10.3703 -0.2367 12.8965
v 10.3703 -0.0449 12.2233
v 8.5105 -4.9135 11.2000
v 9.7820 0.0000 12.6000
v 9.7820 0.1935 11.9273
v 9.1964 -0.0537 12.2203
v 9.1964 -0.2473 12.8931
v 9.7820 -0.1935 13.2727
v 10.3677 0.0537 12.9797
v 10.3677 0.2473 12.3069
v 8.4282 5.0596 13.3273
v 7.8426 4.8123 13.6203
v 7.8426 4.6188 14.2931
v 8.4282 4.6725 14.6727
v 9.0138 4.9197 14.3797
v 9.0138 5.1133 13.7069
v 9.7820 0.0000 12.6000
v 8.4282 4.8660 14.0000
v 8.1738 4.8660 13.3478
v 7.9204 4.4182 13.8224
v 8.1747 4.4182 14.4745
v 8.6826 4.8660 14.6522
v 8.9360 5.3139 14.1776
v 8.6817 5.3139 13.5255
v 4.5843 8.3808 14.7478
v 4.3309 7.9330 15.2224
v 4.5852 7.9330 15.8745
v 5.0930 8.3808 16.0522
v 5.3465 8.8287 15.5776
v 5.0921 8.8287 14.9255
v 8.4282 4.8660 14.0000
v 4.8387 8.3808 15.4000
v 4.6441 8.3808 14.7276
v 4.6025 7.7921 15.1040
v 4.7970 7.7921 15.7764
v 5.0332 8.3808 16.0724
v 5.0749 8.9695 15.6960
v 4.8803 8.9695 15.0236
v -0.1946 9.6180 16.1276
v -0.2362 9.0293 16.5040
v -0.0416 9.0293 17.1764
v 0.1946 9.6180 17.4724
v 0.2362 10.2068 17.0960
v 0.0416 10.2068 16.4236
v 4.8387 8.3808 15.4000
v 0.0000 9.6180 16.8000
v -0.1969 9.6180 16.1283
v 0.0532 9.0328 16.4197
v 0.2500 9.0328 17.0914
v 0.1969 9.6180 17.4717
v -0.0532 10.2033 17.1803
v -0.2500 10.2033 16.5086
v -4.9740 8.2743 17.5283
v -4.7240 7.6890 17.8197
v -4.5271 7.6890 18.4914
v -4.5803 8.2743 18.8717
v -4.8303 8.8595 18.5803
v -5.0272 8.8595 17.9086
v 0.0000 9.6180 16.8000
v -4.7771 8.2743 18.2000
v -5.0411 8.2743 17.5517
v -4.5222 7.8350 17.7183
v -4.2582 7.8350 18.3666
v -4.5132 8.2743 18.8483
v -5.0321 8.7135 18.6817
v -5.2961 8.7135 18.0334
v -8.4794 4.7431 18.9517
v -7.9604 4.3039 19.1183
v -7.6964 4.3039 19.7666
v -7.9514 4.7431 20.2483
v -8.4703 5.1824 20.0817
v -8.7343 5.1824 19.4334
v -4.7771 8.2743 18.2000
v -8.2154 4.7431 19.6000
v -8.2154 4.9413 20.2714
v -8.8045 4.9792 19.8953
v -8.8045 4.7810 19.2239
v -8.2154 4.5450 18.9286
v -7.6262 4.5071 19.3047
v -7.6262 4.7052 19.9761
v -9.4142 0.1982 21.6714
v -10.0034 0.2361 21.2953
v -10.0034 0.0379 20.6239
v -9.4142 -0.1982 20.3286
v -8.8251 -0.2361 20.7047
v -8.8251 -0.0379 21.3761
v -8.2154 4.7431 19.6000
v -9.4142 0.0000 21.0000
v -9.4142 0.2010 21.6705
v -9.9991 -0.0520 21.3810
v -9.9991 -0.2531 20.7105
v -9.4142 -0.2010 20.3295
v -8.8293 0.0520 20.6190
v -8.8293 0.2531 21.2895
v -8.0872 -4.4681 23.0705
v -8.6721 -4.7211 22.7810
v -8.6721 -4.9222 22.1105
v -8.0872 -4.8702 21.7295
v -7.5022 -4.6171 22.0190
v -7.5022 -4.4161 22.6895
v -9.4142 0.0000 21.0000
v -8.0872 -4.6691 22.4000
v -8.3499 -4.6691 23.0488
v -8.5939 -5.1202 22.5724
v -8.3312 -5.1202 21.9236
v -7.8245 -4.6691 21.7512
v -7.5804 -4.2180 22.2276
v -7.8431 -4.2180 22.8764
v -4.8920 -8.0182 24.4488
v -5.1360 -8.4693 23.9724
v -4.8733 -8.4693 23.3236
v -4.3666 -8.0182 23.1512
v -4.1226 -7.5671 23.6276
v -4.3853 -7.5671 24.2764
v -8.0872 -4.6691 22.4000
v -4.6293 -8.0182 23.8000
v -4.8320 -8.0182 24.4700
v -4.8657 -8.6078 24.0942
v -4.6630 -8.6078 23.4241
v -4.4267 -8.0182 23.1300
v -4.3930 -7.4286 23.5058
v -4.5956 -7.4286 24.1759
v -0.2026 -9.1756 25.8700
v -0.2364 -9.7651 25.4942
v -0.0337 -9.7651 24.8241
v 0.2026 -9.1756 24.5300
v 0.2364 -8.5860 24.9058
v 0.0337 -8.5860 25.5759
v -4.6293 -8.0182 23.8000
v -0.0000 -9.1756 25.2000
v -0.2061 -9.1756 25.8690
v 0.0502 -9.7602 25.5817
v 0.2563 -9.7602 24.9127
v 0.2061 -9.1756 24.5310
v -0.0502 -8.5909 24.8183
v -0.2563 -8.5909 25.4873
v 4.3386 -7.8715 27.2690
v 4.5948 -8.4562 26.9817
v 4.8009 -8.4562 26.3127
v 4.7507 -7.8715 25.9310
v 4.4945 -7.2869 26.2183
v 4.2884 -7.2869 26.8873
v -0.0000 -9.1756 25.2000
v 4.5446 -7.8715 26.6000
v 4.2677 -7.8715 27.2429
v 4.7902 -8.3104 27.0869
v 5.0672 -8.3104 26.4440
v 4.8216 -7.8715 25.9571
v 4.2991 -7.4327 26.1131
v 4.0221 -7.4327 26.7560
v 7.5173 -4.5000 28.6429
v 8.0398 -4.9389 28.4869
v 8.3168 -4.9389 27.8440
v 8.0712 -4.5000 27.3571
v 7.5486 -4.0611 27.5131
v 7.2717 -4.0611 28.1560
v 4.5446 -7.8715 26.6000
v 7.7942 -4.5000 28.0000
v 7.7942 -4.2921 27.3316
v 7.2043 -4.2629 27.7072
v 7.2043 -4.4708 28.3756
v 7.7942 -4.7079 28.6684
v 8.3842 -4.7371 28.2928
v 8.3842 -4.5292 27.6244
v 8.9080 0.2079 28.7316
v 8.3180 0.2371 29.1072
v 8.3180 0.0292 29.7756
v 8.9080 -0.2079 30.0684
v 9.4979 -0.2371 29.6928
v 9.4979 -0.0292 29.0244
v 7.7942 -4.5000 28.0000
v 8.9080 0.0000 29.4000
v 8.9080 0.2119 28.7329
v 8.3236 -0.0476 29.0176
v 8.3236 -0.2596 29.6848
v 8.9080 -0.2119 30.0671
v 9.4924 0.0476 29.7824
v 9.4924 0.2596 29.1152
v 7.6327 4.6187 30.1329
v 7.0483 4.3591 30.4176
v 7.0483 4.1471 31.0848
v 7.6327 4.1948 31.4671
v 8.2171 4.4544 31.1824
v 8.2171 4.6663 30.5152
v 8.9080 0.0000 29.4000
v 7.6327 4.4067 30.8000
v 7.3575 4.4067 30.1564
v 7.1263 3.9522 30.6359
v 7.4015 3.9522 31.2795
v 7.9079 4.4067 31.4436
v 8.1391 4.8613 30.9641
v 7.8639 4.8613 30.3205
v 4.0832 7.5489 31.5564
v 3.8520 7.0944 32.0359
v 4.1272 7.0944 32.6795
v 4.6336 7.5489 32.8436
v 4.8648 8.0035 32.3641
v 4.5896 8.0035 31.7205
v 7.6327 4.4067 30.8000
v 4.3584 7.5489 32.2000
v 4.1443 7.5489 31.5335
v 4.1201 6.9586 31.9089
v 4.3341 6.9586 32.5754
v 4.5724 7.5489 32.8665
v 4.5967 8.1392 32.4911
v 4.3826 8.1392 31.8246
v -0.2141 8.6180 32.9335
v -0.2383 8.0277 33.3089
v -0.0242 8.0277 33.9754
v 0.2141 8.6180 34.2665
v 0.2383 9.2084 33.8911
v 0.0242 9.2084 33.2246
v 4.3584 7.5489 32.2000
v 0.0000 8.6180 33.6000
v -0.2186 8.6180 32.9350
v 0.0444 8.0338 33.2170
v 0.2630 8.0338 33.8820
v 0.2186 8.6180 34.2650
v -0.0444 9.2023 33.9830
v -0.2630 9.2023 33.3180
v -4.4774 7.3765 34.3350
v -4.2144 6.7923 34.6170
v -3.9958 6.7923 35.2820
v -4.0402 7.3765 35.6650
v -4.3032 7.9607 35.3830
v -4.5218 7.9607 34.7180
v 0.0000 8.6180 33.6000
v -4.2588 7.3765 35.0000
v -4.5525 7.3765 34.3646
v -4.0267 6.9369 34.5072
v -3.7331 6.9369 35.1426
v -3.9652 7.3765 35.6354
v -4.4909 7.8161 35.4928
v -4.7845 7.8161 34.8574
v -7.5820 4.2079 35.7646
v -7.0562 3.7683 35.9072
v -6.7626 3.7683 36.5426
v -6.9947 4.2079 37.0354
v -7.5204 4.6475 36.8928
v -7.8140 4.6475 36.2574
v -4.2588 7.3765 35.0000
v -7.2883 4.2079 36.4000
v -7.2883 4.4289 37.0642
v -7.8790 4.4479 36.6890
v -7.8790 4.2269 36.0248
v -7.2883 3.9869 35.7358
v -6.6977 3.9679 36.1110
v -6.6977 4.1889 36.7752
v -8.3129 0.2210 38.4642
v -8.9035 0.2400 38.0890
v -8.9035 0.0190 37.4248
v -8.3129 -0.2210 37.1358
v -7.7222 -0.2400 37.5110
v -7.7222 -0.0190 38.1752
v -7.2883 4.2079 36.4000
v -8.3129 0.0000 37.8000
v -8.3129 0.2260 38.4625
v -8.8970 -0.0405 38.1836
v -8.8970 -0.2664 37.5211
v -8.3129 -0.2260 37.1375
v -7.7287 0.0405 37.4164
v -7.7287 0.2664 38.0789
v -7.1093 -3.8786 39.8625
v -7.6934 -4.1450 39.5836
v -7.6934 -4.3710 38.9211
v -7.1093 -4.3305 38.5375
v -6.5251 -4.0641 38.8164
v -6.5251 -3.8381 39.4789
v -8.3129 0.0000 37.8000
v -7.1093 -4.1045 39.2000
v -7.4007 -4.1045 39.8364
v -7.6160 -4.5626 39.3529
v -7.3245 -4.5626 38.7165
v -6.8178 -4.1045 38.5636
v -6.6025 -3.6464 39.0471
v -6.8940 -3.6464 39.6835
v -4.3438 -7.0189 41.2364
v -4.5591 -7.4769 40.7529
v -4.2676 -7.4769 40.1165
v -3.7609 -7.0189 39.9636
v -3.5456 -6.5608 40.4471
v -3.8371 -6.5608 41.0835
v -7.1093 -4.1045 39.2000
v -4.0523 -7.0189 40.6000
v -4.2809 -7.0189 41.2616
v -4.2944 -7.6098 40.8867
v -4.0659 -7.6098 40.2250
v -3.8238 -7.0189 39.9384
v -3.8102 -6.4279 40.3133
v -4.0388 -6.4279 40.9750
v -0.2286 -8.0000 42.6616
v -0.2421 -8.5909 42.2867
v -0.0135 -8.5909 41.6250
v 0.2286 -8.0000 41.3384
v 0.2421 -7.4091 41.7133
v 0.0135 -7.4091 42.3750
v -4.0523 -7.0189 40.6000
v -0.0000 -8.0000 42.0000
v 4.0000 0.0000 42.8000
v 4.3045 -1.5307 42.8000
v 5.1716 -2.8284 42.8000
v 6.4693 -3.6955 42.8000
v 8.0000 -4.0000 42.8000
v 9.5307 -3.6955 42.8000
v 10.8284 -2.8284 42.8000
v 11.6955 -1.5307 42.8000
v 12.0000 -0.0000 42.8000
v 11.6955 1.5307 42.8000
v 10.8284 2.8284 42.8000
v 9.5307 3.6955 42.8000
v 8.0000 4.0000 42.8000
v 6.4693 3.6955 42.8000
v 5.1716 2.8284 42.8000
v 4.3045 1.5307 42.8000
v 4.0000 0.0000 44.0000
v 4.3045 -1.5307 44.0000
v 5.1716 -2.8284 44.0000
v 6.4693 -3.6955 44.0000
v 8.0000 -4.0000 44.0000
v 9.5307 -3.6955 44.0000
v 10.8284 -2.8284 44.0000
v 11.6955 -1.5307 44.0000
v 12.0000 -0.0000 44.0000
v 11.6955 1.5307 44.0000
v 10.8284 2.8284 44.0000
v 9.5307 3.6955 44.0000
v 8.0000 4.0000 44.0000
v 6.4693 3.6955 44.0000
v 5.1716 2.8284 44.0000
v 4.3045 1.5307 44.0000
v 8.0000 0.0000 42.8000
v 8.0000 0.0000 44.0000
v 4.0000 0.0000 44.0000
v 4.3045 -1.5307 44.0000
v 5.1716 -2.8284 44.0000
v 6.4693 -3.6955 44.0000
v 8.0000 -4.0000 44.0000
v 9.5307 -3.6955 44.0000
v 10.8284 -2.8284 44.0000
v 11.6955 -1.5307 44.0000
v 12.0000 -0.0000 44.0000
v 11.6955 1.5307 44.0000
v 10.8284 2.8284 44.0000
v 9.5307 3.6955 44.0000
v 8.0000 4.0000 44.0000
v 6.4693 3.6955 44.0000
v 5.1716 2.8284 44.0000
v 4.3045 1.5307 44.0000
v 4.0000 0.0000 45.2000
v 4.3045 -1.5307 45.2000
v 5.1716 -2.8284 45.2000
v 6.4693 -3.6955 45.2000
v 8.0000 -4.0000 45.2000
v 9.5307 -3.6955 45.2000
v 10.8284 -2.8284 45.2000
v 11.6955 -1.5307 45.2000
v 12.0000 -0.0000 45.2000
v 11.6955 1.5307 45.2000
v 10.8284 2.8284 45.2000
v 9.5307 3.6955 45.2000
v 8.0000 4.0000 45.2000
v 6.4693 3.6955 45.2000
v 5.1716 2.8284 45.2000
v 4.3045 1.5307 45.2000
v 8.0000 0.0000 44.0000
v 8.0000 0.0000 45.2000
v 7.0000 0.0000 41.6000
v 7.1340 -0.5000 41.6000
v 7.5000 -0.8660 41.6000
v 8.0000 -1.0000 41.6000
v 8.5000 -0.8660 41.6000
v 8.8660 -0.5000 41.6000
v 9.0000 -0.0000 41.6000
v 8.8660 0.5000 41.6000
v 8.5000 0.8660 41.6000
v 8.0000 1.0000 41.6000
v 7.5000 0.8660 41.6000
v 7.1340 0.5000 41.6000
v 7.0000 0.0000 46.4000
v 7.1340 -0.5000 46.4000
v 7.5000 -0.8660 46.4000
v 8.0000 -1.0000 46.4000
v 8.5000 -0.8660 46.4000
v 8.8660 -0.5000 46.4000
v 9.0000 -0.0000 46.4000
v 8.8660 0.5000 46.4000
v 8.5000 0.8660 46.4000
v 8.0000 1.0000 46.4000
v 7.5000 0.8660 46.4000
v 7.1340 0.5000 46.4000
v 8.0000 0.0000 41.6000
v 8.0000 0.0000 46.4000
v 6.2000 0.0000 46.4000
v 6.4412 -0.9000 46.4000
v 7.1000 -1.5588 46.4000
v 8.0000 -1.8000 46.4000
v 8.9000 -1.5588 46.4000
v 9.5588 -0.9000 46.4000
v 9.8000 -0.0000 46.4000
v 9.5588 0.9000 46.4000
v 8.9000 1.5588 46.4000
v 8.0000 1.8000 46.4000
v 7.1000 1.5588 46.4000
v 6.4412 0.9000 46.4000
v 6.2000 0.0000 47.6000
v 6.4412 -0.9000 47.6000
v 7.1000 -1.5588 47.6000
v 8.0000 -1.8000 47.6000
v 8.9000 -1.5588 47.6000
v 9.5588 -0.9000 47.6000
v 9.8000 -0.0000 47.6000
v 9.5588 0.9000 47.6000
v 8.9000 1.5588 47.6000
v 8.0000 1.8000 47.6000
v 7.1000 1.5588 47.6000
v 6.4412 0.9000 47.6000
v 8.0000 0.0000 46.4000
v 8.0000 0.0000 47.6000
v 6.3000 0.0000 40.4000
v 6.7979 -1.2021 40.4000
v 8.0000 -1.7000 40.4000
v 9.2021 -1.2021 40.4000
v 9.7000 -0.0000 40.4000
v 9.2021 1.2021 40.4000
v 8.0000 1.7000 40.4000
v 6.7979 1.2021 40.4000
v 6.3000 0.0000 41.6000
v 6.7979 -1.2021 41.6000
v 8.0000 -1.7000 41.6000
v 9.2021 -1.2021 41.6000
v 9.7000 -0.0000 41.6000
v 9.2021 1.2021 41.6000
v 8.0000 1.7000 41.6000
v 6.7979 1.2021 41.6000
v 8.0000 0.0000 40.4000
v 8.0000 0.0000 41.6000
v -4.0000 8.0000 42.8000
v -3.6955 6.4693 42.8000
v -2.8284 5.1716 42.8000
v -1.5307 4.3045 42.8000
v 0.0000 4.0000 42.8000
v 1.5307 4.3045 42.8000
v 2.8284 5.1716 42.8000
v 3.6955 6.4693 42.8000
v 4.0000 8.0000 42.8000
v 3.6955 9.5307 42.8000
v 2.8284 10.8284 42.8000
v 1.5307 11.6955 42.8000
v 0.0000 12.0000 42.8000
v -1.5307 11.6955 42.8000
v -2.8284 10.8284 42.8000
v -3.6955 9.5307 42.8000
v -4.0000 8.0000 44.0000
v -3.6955 6.4693 44.0000
v -2.8284 5.1716 44.0000
v -1.5307 4.3045 44.0000
v 0.0000 4.0000 44.0000
v 1.5307 4.3045 44.0000
v 2.8284 5.1716 44.0000
v 3.6955 6.4693 44.0000
v 4.0000 8.0000 44.0000
v 3.6955 9.5307 44.0000
v 2.8284 10.8284 44.0000
v 1.5307 11.6955 44.0000
v 0.0000 12.0000 44.0000
v -1.5307 11.6955 44.0000
v -2.8284 10.8284 44.0000
v -3.6955 9.5307 44.0000
v 0.0000 8.0000 42.8000
v 0.0000 8.0000 44.0000
v -4.0000 8.0000 44.0000
v -3.6955 6.4693 44.0000
v -2.8284 5.1716 44.0000
v -1.5307 4.3045 44.0000
v 0.0000 4.0000 44.0000
v 1.5307 4.3045 44.0000
v 2.8284 5.1716 44.0000
v 3.6955 6.4693 44.0000
v 4.0000 8.0000 44.0000
v 3.6955 9.5307 44.0000
v 2.8284 10.8284 44.0000
v 1.5307 11.6955 44.0000
v 0.0000 12.0000 44.0000
v -1.5307 11.6955 44.0000
v -2.8284 10.8284 44.0000
v -3.6955 9.5307 44.0000
v -4.0000 8.0000 45.2000
v -3.6955 6.4693 45.2000
v -2.8284 5.1716 45.2000
v -1.5307 4.3045 45.2000
v 0.0000 4.0000 45.2000
v 1.5307 4.3045 45.2000
v 2.8284 5.1716 45.2000
v 3.6955 6.4693 45.2000
v 4.0000 8.0000 45.2000
v 3.6955 9.5307 45.2000
v 2.8284 10.8284 45.2000
v 1.5307 11.6955 45.2000
v 0.0000 12.0000 45.2000
v -1.5307 11.6955 45.2000
v -2.8284 10.8284 45.2000
v -3.6955 9.5307 45.2000
v 0.0000 8.0000 44.0000
v 0.0000 8.0000 45.2000
v -1.0000 8.0000 41.6000
v -0.8660 7.5000 41.6000
v -0.5000 7.1340 41.6000
v 0.0000 7.0000 41.6000
v 0.5000 7.1340 41.6000
v 0.8660 7.5000 41.6000
v 1.0000 8.0000 41.6000
v 0.8660 8.5000 41.6000
v 0.5000 8.8660 41.6000
v 0.0000 9.0000 41.6000
v -0.5000 8.8660 41.6000
v -0.8660 8.5000 41.6000
v -1.0000 8.0000 46.4000
v -0.8660 7.5000 46.4000
v -0.5000 7.1340 46.4000
v 0.0000 7.0000 46.4000
v 0.5000 7.1340 46.4000
v 0.8660 7.5000 46.4000
v 1.0000 8.0000 46.4000
v 0.8660 8.5000 46.4000
v 0.5000 8.8660 46.4000
v 0.0000 9.0000 46.4000
v -0.5000 8.8660 46.4000
v -0.8660 8.5000 46.4000
v 0.0000 8.0000 41.6000
v 0.0000 8.0000 46.4000
v -1.8000 8.0000 46.4000
v -1.5588 7.1000 46.4000
v -0.9000 6.4412 46.4000
v 0.0000 6.2000 46.4000
v 0.9000 6.4412 46.4000
v 1.5588 7.1000 46.4000
v 1.8000 8.0000 46.4000
v 1.5588 8.9000 46.4000
v 0.9000 9.5588 46.4000
v 0.0000 9.8000 46.4000
v -0.9000 9.5588 46.4000
v -1.5588 8.9000 46.4000
v -1.8000 8.0000 47.6000
v -1.5588 7.1000 47.6000
v -0.9000 6.4412 47.6000
v 0.0000 6.2000 47.6000
v 0.9000 6.4412 47.6000
v 1.5588 7.1000 47.6000
v 1.8000 8.0000 47.6000
v 1.5588 8.9000 47.6000
v 0.9000 9.5588 47.6000
v 0.0000 9.8000 47.6000
v -0.9000 9.5588 47.6000
v -1.5588 8.9000 47.6000
v 0.0000 8.0000 46.4000
v 0.0000 8.0000 47.6000
v -1.7000 8.0000 40.4000
v -1.2021 6.7979 40.4000
v 0.0000 6.3000 40.4000
v 1.2021 6.7979 40.4000
v 1.7000 8.0000 40.4000
v 1.2021 9.2021 40.4000
v 0.0000 9.7000 40.4000
v -1.2021 9.2021 40.4000
v -1.7000 8.0000 41.6000
v -1.2021 6.7979 41.6000
v 0.0000 6.3000 41.6000
v 1.2021 6.7979 41.6000
v 1.7000 8.0000 41.6000
v 1.2021 9.2021 41.6000
v 0.0000 9.7000 41.6000
v -1.2021 9.2021 41.6000
v 0.0000 8.0000 40.4000
v 0.0000 8.0000 41.6000
v -12.0000 0.0000 42.8000
v -11.6955 -1.5307 42.8000
v -10.8284 -2.8284 42.8000
v -9.5307 -3.6955 42.8000
v -8.0000 -4.0000 42.8000
v -6.4693 -3.6955 42.8000
v -5.1716 -2.8284 42.8000
v -4.3045 -1.5307 42.8000
v -4.0000 0.0000 42.8000
v -4.3045 1.5307 42.8000
v -5.1716 2.8284 42.8000
v -6.4693 3.6955 42.8000
v -8.0000 4.0000 42.8000
v -9.5307 3.6955 42.8000
v -10.8284 2.8284 42.8000
v -11.6955 1.5307 42.8000
v -12.0000 0.0000 44.0000
v -11.6955 -1.5307 44.0000
v -10.8284 -2.8284 44.0000
v -9.5307 -3.6955 44.0000
v -8.0000 -4.0000 44.0000
v -6.4693 -3.6955 44.0000
v -5.1716 -2.8284 44.0000
v -4.3045 -1.5307 44.0000
v -4.0000 0.0000 44.0000
v -4.3045 1.5307 44.0000
v -5.1716 2.8284 44.0000
v -6.4693 3.6955 44.0000
v -8.0000 4.0000 44.0000
v -9.5307 3.6955 44.0000
v -10.8284 2.8284 44.0000
v -11.6955 1.5307 44.0000
v -8.0000 0.0000 42.8000
v -8.0000 0.0000 44.0000
v -12.0000 0.0000 44.0000
v -11.6955 -1.5307 44.0000
v -10.8284 -2.8284 44.0000
v -9.5307 -3.6955 44.0000
v -8.0000 -4.0000 44.0000
v -6.4693 -3.6955 44.0000
v -5.1716 -2.8284 44.0000
v -4.3045 -1.5307 44.0000
v -4.0000 0.0000 44.0000
v -4.3045 1.5307 44.0000
v -5.1716 2.8284 44.0000
v -6.4693 3.6955 44.0000
v -8.0000 4.0000 44.0000
v -9.5307 3.6955 44.0000
v -10.8284 2.8284 44.0000
v -11.6955 1.5307 44.0000
v -12.0000 0.0000 45.2000
v -11.6955 -1.5307 45.2000
v -10.8284 -2.8284 45.2000
v -9.5307 -3.6955 45.2000
v -8.0000 -4.0000 45.2000
v -6.4693 -3.6955 45.2000
v -5.1716 -2.8284 45.2000
v -4.3045 -1.5307 45.2000
v -4.0000 0.0000 45.2000
v -4.3045 1.5307 45.2000
v -5.1716 2.8284 45.2000
v -6.4693 3.6955 45.2000
v -8.0000 4.0000 45.2000
v -9.5307 3.6955 45.2000
v -10.8284 2.8284 45.2000
v -11.6955 1.5307 45.2000
v -8.0000 0.0000 44.0000
v -8.0000 0.0000 45.2000
v -9.0000 0.0000 41.6000
v -8.8660 -0.5000 41.6000
v -8.5000 -0.8660 41.6000
v -8.0000 -1.0000 41.6000
v -7.5000 -0.8660 41.6000
v -7.1340 -0.5000 41.6000
v -7.0000 0.0000 41.6000
v -7.1340 0.5000 41.6000
v -7.5000 0.8660 41.6000
v -8.0000 1.0000 41.6000
v -8.5000 0.8660 41.6000
v -8.8660 0.5000 41.6000
v -9.0000 0.0000 46.4000
v -8.8660 -0.5000 46.4000
v -8.5000 -0.8660 46.4000
v -8.0000 -1.0000 46.4000
v -7.5000 -0.8660 46.4000
v -7.1340 -0.5000 46.4000
v -7.0000 0.0000 46.4000
v -7.1340 0.5000 46.4000
v -7.5000 0.8660 46.4000
v -8.0000 1.0000 46.4000
v -8.5000 0.8660 46.4000
v -8.8660 0.5000 46.4000
v -8.0000 0.0000 41.6000
v -8.0000 0.0000 46.4000
v -9.8000 0.0000 46.4000
v -9.5588 -0.9000 46.4000
v -8.9000 -1.5588 46.4000
v -8.0000 -1.8000 46.4000
v -7.1000 -1.5588 46.4000
v -6.4412 -0.9000 46.4000
v -6.2000 0.0000 46.4000
v -6.4412 0.9000 46.4000
v -7.1000 1.5588 46.4000
v -8.0000 1.8000 46.4000
v -8.9000 1.5588 46.4000
v -9.5588 0.9000 46.4000
v -9.8000 0.0000 47.6000
v -9.5588 -0.9000 47.6000
v -8.9000 -1.5588 47.6000
v -8.0000 -1.8000 47.6000
v -7.1000 -1.5588 47.6000
v -6.4412 -0.9000 47.6000
v -6.2000 0.0000 47.6000
v -6.4412 0.9000 47.6000
v -7.1000 1.5588 47.6000
v -8.0000 1.8000 47.6000
v -8.9000 1.5588 47.6000
v -9.5588 0.9000 47.6000
v -8.0000 0.0000 46.4000
v -8.0000 0.0000 47.6000
v -9.7000 0.0000 40.4000
v -9.2021 -1.2021 40.4000
v -8.0000 -1.7000 40.4000
v -6.7979 -1.2021 40.4000
v -6.3000 0.0000 40.4000
v -6.7979 1.2021 40.4000
v -8.0000 1.7000 40.4000
v -9.2021 1.2021 40.4000
v -9.7000 0.0000 41.6000
v -9.2021 -1.2021 41.6000
v -8.0000 -1.7000 41.6000
v -6.7979 -1.2021 41.6000
v -6.3000 0.0000 41.6000
v -6.7979 1.2021 41.6000
v -8.0000 1.7000 41.6000
v -9.2021 1.2021 41.6000
v -8.0000 0.0000 40.4000
v -8.0000 0.0000 41.6000
v -4.0000 -8.0000 42.8000
v -3.6955 -9.5307 42.8000
v -2.8284 -10.8284 42.8000
v -1.5307 -11.6955 42.8000
v -0.0000 -12.0000 42.8000
v 1.5307 -11.6955 42.8000
v 2.8284 -10.8284 42.8000
v 3.6955 -9.5307 42.8000
v 4.0000 -8.0000 42.8000
v 3.6955 -6.4693 42.8000
v 2.8284 -5.1716 42.8000
v 1.5307 -4.3045 42.8000
v -0.0000 -4.0000 42.8000
v -1.5307 -4.3045 42.8000
v -2.8284 -5.1716 42.8000
v -3.6955 -6.4693 42.8000
v -4.0000 -8.0000 44.0000
v -3.6955 -9.5307 44.0000
v -2.8284 -10.8284 44.0000
v -1.5307 -11.6955 44.0000
v -0.0000 -12.0000 44.0000
v 1.5307 -11.6955 44.0000
v 2.8284 -10.8284 44.0000
v 3.6955 -9.5307 44.0000
v 4.0000 -8.0000 44.0000
v 3.6955 -6.4693 44.0000
v 2.8284 -5.1716 44.0000
v 1.5307 -4.3045 44.0000
v -0.0000 -4.0000 44.0000
v -1.5307 -4.3045 44.0000
v -2.8284 -5.1716 44.0000
v -3.6955 -6.4693 44.0000
v -0.0000 -8.0000 42.8000
v -0.0000 -8.0000 44.0000
v -4.0000 -8.0000 44.0000
v -3.6955 -9.5307 44.0000
v -2.8284 -10.8284 44.0000
v -1.5307 -11.6955 44.0000
v -0.0000 -12.0000 44.0000
v 1.5307 -11.6955 44.0000
v 2.8284 -10.8284 44.0000
v 3.6955 -9.5307 44.0000
v 4.0000 -8.0000 44.0000
v 3.6955 -6.4693 44.0000
v 2.8284 -5.1716 44.0000
v 1.5307 -4.3045 44.0000
v -0.0000 -4.0000 44.0000
v -1.5307 -4.3045 44.0000
v -2.8284 -5.1716 44.0000
v -3.6955 -6.4693 44.0000
v -4.0000 -8.0000 45.2000
v -3.6955 -9.5307 45.2000
v -2.8284 -10.8284 45.2000
v -1.5307 -11.6955 45.2000
v -0.0000 -12.0000 45.2000
v 1.5307 -11.6955 45.2000
v 2.8284 -10.8284 45.2000
v 3.6955 -9.5307 45.2000
v 4.0000 -8.0000 45.2000
v 3.6955 -6.4693 45.2000
v 2.8284 -5.1716 45.2000
v 1.5307 -4.3045 45.2000
v -0.0000 -4.0000 45.2000
v -1.5307 -4.3045 45.2000
v -2.8284 -5.1716 45.2000
v -3.6955 -6.4693 45.2000
v -0.0000 -8.0000 44.0000
v -0.0000 -8.0000 45.2000
v -1.0000 -8.0000 41.6000
v -0.8660 -8.5000 41.6000
v -0.5000 -8.8660 41.6000
v -0.0000 -9.0000 41.6000
v 0.5000 -8.8660 41.6000
v 0.8660 -8.5000 41.6000
v 1.0000 -8.0000 41.6000
v 0.8660 -7.5000 41.6000
v 0.5000 -7.1340 41.6000
v -0.0000 -7.0000 41.6000
v -0.5000 -7.1340 41.6000
v -0.8660 -7.5000 41.6000
v -1.0000 -8.0000 46.4000
v -0.8660 -8.5000 46.4000
v -0.5000 -8.8660 46.4000
v -0.0000 -9.0000 46.4000
v 0.5000 -8.8660 46.4000
v 0.8660 -8.5000 46.4000
v 1.0000 -8.0000 46.4000
v 0.8660 -7.5000 46.4000
v 0.5000 -7.1340 46.4000
v -0.0000 -7.0000 46.4000
v -0.5000 -7.1340 46.4000
v -0.8660 -7.5000 46.4000
v -0.0000 -8.0000 41.6000
v -0.0000 -8.0000 46.4000
v -1.8000 -8.0000 46.4000
v -1.5588 -8.9000 46.4000
v -0.9000 -9.5588 46.4000
v -0.0000 -9.8000 46.4000
v 0.9000 -9.5588 46.4000
v 1.5588 -8.9000 46.4000
v 1.8000 -8.0000 46.4000
v 1.5588 -7.1000 46.4000
v 0.9000 -6.4412 46.4000
v -0.0000 -6.2000 46.4000
v -0.9000 -6.4412 46.4000
v -1.5588 -7.1000 46.4000
v -1.8000 -8.0000 47.6000
v -1.5588 -8.9000 47.6000
v -0.9000 -9.5588 47.6000
v -0.0000 -9.8000 47.6000
v 0.9000 -9.5588 47.6000
v 1.5588 -8.9000 47.6000
v 1.8000 -8.0000 47.6000
v 1.5588 -7.1000 47.6000
v 0.9000 -6.4412 47.6000
v -0.0000 -6.2000 47.6000
v -0.9000 -6.4412 47.6000
v -1.5588 -7.1000 47.6000
v -0.0000 -8.0000 46.4000
v -0.0000 -8.0000 47.6000
v -1.7000 -8.0000 40.4000
v -1.2021 -9.2021 40.4000
v -0.0000 -9.7000 40.4000
v 1.2021 -9.2021 40.4000
v 1.7000 -8.0000 40.4000
v 1.2021 -6.7979 40.4000
v -0.0000 -6.3000 40.4000
v -1.2021 -6.7979 40.4000
v -1.7000 -8.0000 41.6000
v -1.2021 -9.2021 41.6000
v -0.0000 -9.7000 41.6000
v 1.2021 -9.2021 41.6000
v 1.7000 -8.0000 41.6000
v 1.2021 -6.7979 41.6000
v -0.0000 -6.3000 41.6000
v -1.2021 -6.7979 41.6000
v -0.0000 -8.0000 40.4000
v -0.0000 -8.0000 41.6000
v 9.6569 5.6569 -42.8000
v 9.3524 4.1261 -42.8000
v 8.4853 2.8284 -42.8000
v 7.1876 1.9613 -42.8000
v 5.6569 1.6569 -42.8000
v 4.1261 1.9613 -42.8000
v 2.8284 2.8284 -42.8000
v 1.9613 4.1261 -42.8000
v 1.6569 5.6569 -42.8000
v 1.9613 7.1876 -42.8000
v 2.8284 8.4853 -42.8000
v 4.1261 9.3524 -42.8000
v 5.6569 9.6569 -42.8000
v 7.1876 9.3524 -42.8000
v 8.4853 8.4853 -42.8000
v 9.3524 7.1876 -42.8000
v 9.6569 5.6569 -44.0000
v 9.3524 4.1261 -44.0000
v 8.4853 2.8284 -44.0000
v 7.1876 1.9613 -44.0000
v 5.6569 1.6569 -44.0000
v 4.1261 1.9613 -44.0000
v 2.8284 2.8284 -44.0000
v 1.9613 4.1261 -44.0000
v 1.6569 5.6569 -44.0000
v 1.9613 7.1876 -44.0000
v 2.8284 8.4853 -44.0000
v 4.1261 9.3524 -44.0000
v 5.6569 9.6569 -44.0000
v 7.1876 9.3524 -44.0000
v 8.4853 8.4853 -44.0000
v 9.3524 7.1876 -44.0000
v 5.6569 5.6569 -42.8000
v 5.6569 5.6569 -44.0000
v 9.6569 5.6569 -44.0000
v 9.3524 4.1261 -44.0000
v 8.4853 2.8284 -44.0000
v 7.1876 1.9613 -44.0000
v 5.6569 1.6569 -44.0000
v 4.1261 1.9613 -44.0000
v 2.8284 2.8284 -44.0000
v 1.9613 4.1261 -44.0000
v 1.6569 5.6569 -44.0000
v 1.9613 7.1876 -44.0000
v 2.8284 8.4853 -44.0000
v 4.1261 9.3524 -44.0000
v 5.6569 9.6569 -44.0000
v 7.1876 9.3524 -44.0000
v 8.4853 8.4853 -44.0000
v 9.3524 7.1876 -44.0000
v 9.6569 5.6569 -45.2000
v 9.3524 4.1261 -45.2000
v 8.4853 2.8284 -45.2000
v 7.1876 1.9613 -45.2000
v 5.6569 1.6569 -45.2000
v 4.1261 1.9613 -45.2000
v 2.8284 2.8284 -45.2000
v 1.9613 4.1261 -45.2000
v 1.6569 5.6569 -45.2000
v 1.9613 7.1876 -45.2000
v 2.8284 8.4853 -45.2000
v 4.1261 9.3524 -45.2000
v 5.6569 9.6569 -45.2000
v 7.1876 9.3524 -45.2000
v 8.4853 8.4853 -45.2000
v 9.3524 7.1876 -45.2000
v 5.6569 5.6569 -44.0000
v 5.6569 5.6569 -45.2000
v 6.6569 5.6569 -41.6000
v 6.5229 5.1569 -41.6000
v 6.1569 4.7908 -41.6000
v 5.6569 4.6569 -41.6000
v 5.1569 4.7908 -41.6000
v 4.7908 5.1569 -41.6000
v 4.6569 5.6569 -41.6000
v 4.7908 6.1569 -41.6000
v 5.1569 6.5229 -41.6000
v 5.6569 6.6569 -41.6000
v 6.1569 6.5229 -41.6000
v 6.5229 6.1569 -41.6000
v 6.6569 5.6569 -46.4000
v 6.5229 5.1569 -46.4000
v 6.1569 4.7908 -46.4000
v 5.6569 4.6569 -46.4000
v 5.1569 4.7908 -46.4000
v 4.7908 5.1569 -46.4000
v 4.6569 5.6569 -46.4000
v 4.7908 6.1569 -46.4000
v 5.1569 6.5229 -46.4000
v 5.6569 6.6569 -46.4000
v 6.1569 6.5229 -46.4000
v 6.5229 6.1569 -46.4000
v 5.6569 5.6569 -41.6000
v 5.6569 5.6569 -46.4000
v 7.4569 5.6569 -46.4000
v 7.2157 4.7569 -46.4000
v 6.5569 4.0980 -46.4000
v 5.6569 3.8569 -46.4000
v 4.7569 4.0980 -46.4000
v 4.0980 4.7569 -46.4000
v 3.8569 5.6569 -46.4000
v 4.0980 6.5569 -46.4000
v 4.7569 7.2157 -46.4000
v 5.6569 7.4569 -46.4000
v 6.5569 7.2157 -46.4000
v 7.2157 6.5569 -46.4000
v 7.4569 5.6569 -47.6000
v 7.2157 4.7569 -47.6000
v 6.5569 4.0980 -47.6000
v 5.6569 3.8569 -47.6000
v 4.7569 4.0980 -47.6000
v 4.0980 4.7569 -47.6000
v 3.8569 5.6569 -47.6000
v 4.0980 6.5569 -47.6000
v 4.7569 7.2157 -47.6000
v 5.6569 7.4569 -47.6000
v 6.5569 7.2157 -47.6000
v 7.2157 6.5569 -47.6000
v 5.6569 5.6569 -46.4000
v 5.6569 5.6569 -47.6000
v 7.3569 5.6569 -40.4000
v 6.8589 4.4548 -40.4000
v 5.6569 3.9569 -40.4000
v 4.4548 4.4548 -40.4000
v 3.9569 5.6569 -40.4000
v 4.4548 6.8589 -40.4000
v 5.6569 7.3569 -40.4000
v 6.8589 6.8589 -40.4000
v 7.3569 5.6569 -41.6000
v 6.8589 4.4548 -41.6000
v 5.6569 3.9569 -41.6000
v 4.4548 4.4548 -41.6000
v 3.9569 5.6569 -41.6000
v 4.4548 6.8589 -41.6000
v 5.6569 7.3569 -41.6000
v 6.8589 6.8589 -41.6000
v 5.6569 5.6569 -40.4000
v 5.6569 5.6569 -41.6000
v -1.6569 5.6569 -42.8000
v -1.9613 4.1261 -42.8000
v -2.8284 2.8284 -42.8000
v -4.1261 1.9613 -42.8000
v -5.6569 1.6569 -42.8000
v -7.1876 1.9613 -42.8000
v -8.4853 2.8284 -42.8000
v -9.3524 4.1261 -42.8000
v -9.6569 5.6569 -42.8000
v -9.3524 7.1876 -42.8000
v -8.4853 8.4853 -42.8000
v -7.1876 9.3524 -42.8000
v -5.6569 9.6569 -42.8000
v -4.1261 9.3524 -42.8000
v -2.8284 8.4853 -42.8000
v -1.9613 7.1876 -42.8000
v -1.6569 5.6569 -44.0000
v -1.9613 4.1261 -44.0000
v -2.8284 2.8284 -44.0000
v -4.1261 1.9613 -44.0000
v -5.6569 1.6569 -44.0000
v -7.1876 1.9613 -44.0000
v -8.4853 2.8284 -44.0000
v -9.3524 4.1261 -44.0000
v -9.6569 5.6569 -44.0000
v -9.3524 7.1876 -44.0000
v -8.4853 8.4853 -44.0000
v -7.1876 9.3524 -44.0000
v -5.6569 9.6569 -44.0000
v -4.1261 9.3524 -44.0000
v -2.8284 8.4853 -44.0000
v -1.9613 7.1876 -44.0000
v -5.6569 5.6569 -42.8000
v -5.6569 5.6569 -44.0000
v -1.6569 5.6569 -44.0000
v -1.9613 4.1261 -44.0000
v -2.8284 2.8284 -44.0000
v -4.1261 1.9613 -44.0000
v -5.6569 1.6569 -44.0000
v -7.1876 1.9613 -44.0000
v -8.4853 2.8284 -44.0000
v -9.3524 4.1261 -44.0000
v -9.6569 5.6569 -44.0000
v -9.3524 7.1876 -44.0000
v -8.4853 8.4853 -44.0000
v -7.1876 9.3524 -44.0000
v -5.6569 9.6569 -44.0000
v -4.1261 9.3524 -44.0000
v -2.8284 8.4853 -44.0000
v -1.9613 7.1876 -44.0000
v -1.6569 5.6569 -45.2000
v -1.9613 4.1261 -45.2000
v -2.8284 2.8284 -45.2000
v -4.1261 1.9613 -45.2000
v -5.6569 1.6569 -45.2000
v -7.1876 1.9613 -45.2000
v -8.4853 2.8284 -45.2000
v -9.3524 4.1261 -45.2000
v -9.6569 5.6569 -45.2000
v -9.3524 7.1876 -45.2000
v -8.4853 8.4853 -45.2000
v -7.1876 9.3524 -45.2000
v -5.6569 9.6569 -45.2000
v -4.1261 9.3524 -45.2000
v -2.8284 8.4853 -45.2000
v -1.9613 7.1876 -45.2000
v -5.6569 5.6569 -44.0000
v -5.6569 5.6569 -45.2000
v -4.6569 5.6569 -41.6000
v -4.7908 5.1569 -41.6000
v -5.1569 4.7908 -41.6000
v -5.6569 4.6569 -41.6000
v -6.1569 4.7908 -41.6000
v -6.5229 5.1569 -41.6000
v -6.6569 5.6569 -41.6000
v -6.5229 6.1569 -41.6000
v -6.1569 6.5229 -41.6000
v -5.6569 6.6569 -41.6000
v -5.1569 6.5229 -41.6000
v -4.7908 6.1569 -41.6000
v -4.6569 5.6569 -46.4000
v -4.7908 5.1569 -46.4000
v -5.1569 4.7908 -46.4000
v -5.6569 4.6569 -46.4000
v -6.1569 4.7908 -46.4000
v -6.5229 5.1569 -46.4000
v -6.6569 5.6569 -46.4000
v -6.5229 6.1569 -46.4000
v -6.1569 6.5229 -46.4000
v -5.6569 6.6569 -46.4000
v -5.1569 6.5229 -46.4000
v -4.7908 6.1569 -46.4000
v -5.6569 5.6569 -41.6000
v -5.6569 5.6569 -46.4000
v -3.8569 5.6569 -46.4000
v -4.0980 4.7569 -46.4000
v -4.7569 4.0980 -46.4000
v -5.6569 3.8569 -46.4000
v -6.5569 4.0980 -46.4000
v -7.2157 4.7569 -46.4000
v -7.4569 5.6569 -46.4000
v -7.2157 6.5569 -46.4000
v -6.5569 7.2157 -46.4000
v -5.6569 7.4569 -46.4000
v -4.7569 7.2157 -46.4000
v -4.0980 6.5569 -46.4000
v -3.8569 5.6569 -47.6000
v -4.0980 4.7569 -47.6000
v -4.7569 4.0980 -47.6000
v -5.6569 3.8569 -47.6000
v -6.5569 4.0980 -47.6000
v -7.2157 4.7569 -47.6000
v -7.4569 5.6569 -47.6000
v -7.2157 6.5569 -47.6000
v -6.5569 7.2157 -47.6000
v -5.6569 7.4569 -47.6000
v -4.7569 7.2157 -47.6000
v -4.0980 6.5569 -47.6000
v -5.6569 5.6569 -46.4000
v -5.6569 5.6569 -47.6000
v -3.9569 5.6569 -40.4000
v -4.4548 4.4548 -40.4000
v -5.6569 3.9569 -40.4000
v -6.8589 4.4548 -40.4000
v -7.3569 5.6569 -40.4000
v -6.8589 6.8589 -40.4000
v -5.6569 7.3569 -40.4000
v -4.4548 6.8589 -40.4000
v -3.9569 5.6569 -41.6000
v -4.4548 4.4548 -41.6000
v -5.6569 3.9569 -41.6000
v -6.8589 4.4548 -41.6000
v -7.3569 5.6569 -41.6000
v -6.8589 6.8589 -41.6000
v -5.6569 7.3569 -41.6000
v -4.4548 6.8589 -41.6000
v -5.6569 5.6569 -40.4000
v -5.6569 5.6569 -41.6000
v -1.6569 -5.6569 -42.8000
v -1.9613 -7.1876 -42.8000
v -2.8284 -8.4853 -42.8000
v -4.1261 -9.3524 -42.8000
v -5.6569 -9.6569 -42.8000
v -7.1876 -9.3524 -42.8000
v -8.4853 -8.4853 -42.8000
v -9.3524 -7.1876 -42.8000
v -9.6569 -5.6569 -42.8000
v -9.3524 -4.1261 -42.8000
v -8.4853 -2.8284 -42.8000
v -7.1876 -1.9613 -42.8000
v -5.6569 -1.6569 -42.8000
v -4.1261 -1.9613 -42.8000
v -2.8284 -2.8284 -42.8000
v -1.9613 -4.1261 -42.8000
v -1.6569 -5.6569 -44.0000
v -1.9613 -7.1876 -44.0000
v -2.8284 -8.4853 -44.0000
v -4.1261 -9.3524 -44.0000
v -5.6569 -9.6569 -44.0000
v -7.1876 -9.3524 -44.0000
v -8.4853 -8.4853 -44.0000
v -9.3524 -7.1876 -44.0000
v -9.6569 -5.6569 -44.0000
v -9.3524 -4.1261 -44.0000
v -8.4853 -2.8284 -44.0000
v -7.1876 -1.9613 -44.0000
v -5.6569 -1.6569 -44.0000
v -4.1261 -1.9613 -44.0000
v -2.8284 -2.8284 -44.0000
v -1.9613 -4.1261 -44.0000
v -5.6569 -5.6569 -42.8000
v -5.6569 -5.6569 -44.0000
v -1.6569 -5.6569 -44.0000
v -1.9613 -7.1876 -44.0000
v -2.8284 -8.4853 -44.0000
v -4.1261 -9.3524 -44.0000
v -5.6569 -9.6569 -44.0000
v -7.1876 -9.3524 -44.0000
v -8.4853 -8.4853 -44.0000
v -9.3524 -7.1876 -44.0000
v -9.6569 -5.6569 -44.0000
v -9.3524 -4.1261 -44.0000
v -8.4853 -2.8284 -44.0000
v -7.1876 -1.9613 -44.0000
v -5.6569 -1.6569 -44.0000
v -4.1261 -1.9613 -44.0000
v -2.8284 -2.8284 -44.0000
v -1.9613 -4.1261 -44.0000
v -1.6569 -5.6569 -45.2000
v -1.9613 -7.1876 -45.2000
v -2.8284 -8.4853 -45.2000
v -4.1261 -9.3524 -45.2000
v -5.6569 -9.6569 -45.2000
v -7.1876 -9.3524 -45.2000
v -8.4853 -8.4853 -45.2000
v -9.3524 -7.1876 -45.2000
v -9.6569 -5.6569 -45.2000
v -9.3524 -4.1261 -45.2000
v -8.4853 -2.8284 -45.2000
v -7.1876 -1.9613 -45.2000
v -5.6569 -1.6569 -45.2000
v -4.1261 -1.9613 -45.2000
v -2.8284 -2.8284 -45.2000
v -1.9613 -4.1261 -45.2000
v -5.6569 -5.6569 -44.0000
v -5.6569 -5.6569 -45.2000
v -4.6569 -5.6569 -41.6000
v -4.7908 -6.1569 -41.6000
v -5.1569 -6.5229 -41.6000
v -5.6569 -6.6569 -41.6000
v -6.1569 -6.5229 -41.6000
v -6.5229 -6.1569 -41.6000
v -6.6569 -5.6569 -41.6000
v -6.5229 -5.1569 -41.6000
v -6.1569 -4.7908 -41.6000
v -5.6569 -4.6569 -41.6000
v -5.1569 -4.7908 -41.6000
v -4.7908 -5.1569 -41.6000
v -4.6569 -5.6569 -46.4000
v -4.7908 -6.1569 -46.4000
v -5.1569 -6.5229 -46.4000
v -5.6569 -6.6569 -46.4000
v -6.1569 -6.5229 -46.4000
v -6.5229 -6.1569 -46.4000
v -6.6569 -5.6569 -46.4000
v -6.5229 -5.1569 -46.4000
v -6.1569 -4.7908 -46.4000
v -5.6569 -4.6569 -46.4000
v -5.1569 -4.7908 -46.4000
v -4.7908 -5.1569 -46.4000
v -5.6569 -5.6569 -41.6000
v -5.6569 -5.6569 -46.4000
v -3.8569 -5.6569 -46.4000
v -4.0980 -6.5569 -46.4000
v -4.7569 -7.2157 -46.4000
v -5.6569 -7.4569 -46.4000
v -6.5569 -7.2157 -46.4000
v -7.2157 -6.5569 -46.4000
v -7.4569 -5.6569 -46.4000
v -7.2157 -4.7569 -46.4000
v -6.5569 -4.0980 -46.4000
v -5.6569 -3.8569 -46.4000
v -4.7569 -4.0980 -46.4000
v -4.0980 -4.7569 -46.4000
v -3.8569 -5.6569 -47.6000
v -4.0980 -6.5569 -47.6000
v -4.7569 -7.2157 -47.6000
v -5.6569 -7.4569 -47.6000
v -6.5569 -7.2157 -47.6000
v -7.2157 -6.5569 -47.6000
v -7.4569 -5.6569 -47.6000
v -7.2157 -4.7569 -47.6000
v -6.5569 -4.0980 -47.6000
v -5.6569 -3.8569 -47.6000
v -4.7569 -4.0980 -47.6000
v -4.0980 -4.7569 -47.6000
v -5.6569 -5.6569 -46.4000
v -5.6569 -5.6569 -47.6000
v -3.9569 -5.6569 -40.4000
v -4.4548 -6.8589 -40.4000
v -5.6569 -7.3569 -40.4000
v -6.8589 -6.8589 -40.4000
v -7.3569 -5.6569 -40.4000
v -6.8589 -4.4548 -40.4000
v -5.6569 -3.9569 -40.4000
v -4.4548 -4.4548 -40.4000
v -3.9569 -5.6569 -41.6000
v -4.4548 -6.8589 -41.6000
v -5.6569 -7.3569 -41.6000
v -6.8589 -6.8589 -41.6000
v -7.3569 -5.6569 -41.6000
v -6.8589 -4.4548 -41.6000
v -5.6569 -3.9569 -41.6000
v -4.4548 -4.4548 -41.6000
v -5.6569 -5.6569 -40.4000
v -5.6569 -5.6569 -41.6000
v 9.6569 -5.6569 -42.8000
v 9.3524 -7.1876 -42.8000
v 8.4853 -8.4853 -42.8000
v 7.1876 -9.3524 -42.8000
v 5.6569 -9.6569 -42.8000
v 4.1261 -9.3524 -42.8000
v 2.8284 -8.4853 -42.8000
v 1.9613 -7.1876 -42.8000
v 1.6569 -5.6569 -42.8000
v 1.9613 -4.1261 -42.8000
v 2.8284 -2.8284 -42.8000
v 4.1261 -1.9613 -42.8000
v 5.6569 -1.6569 -42.8000
v 7.1876 -1.9613 -42.8000
v 8.4853 -2.8284 -42.8000
v 9.3524 -4.1261 -42.8000
v 9.6569 -5.6569 -44.0000
v 9.3524 -7.1876 -44.0000
v 8.4853 -8.4853 -44.0000
v 7.1876 -9.3524 -44.0000
v 5.6569 -9.6569 -44.0000
v 4.1261 -9.3524 -44.0000
v 2.8284 -8.4853 -44.0000
v 1.9613 -7.1876 -44.0000
v 1.6569 -5.6569 -44.0000
v 1.9613 -4.1261 -44.0000
v 2.8284 -2.8284 -44.0000
v 4.1261 -1.9613 -44.0000
v 5.6569 -1.6569 -44.0000
v 7.1876 -1.9613 -44.0000
v 8.4853 -2.8284 -44.0000
v 9.3524 -4.1261 -44.0000
v 5.6569 -5.6569 -42.8000
v 5.6569 -5.6569 -44.0000
v 9.6569 -5.6569 -44.0000
v 9.3524 -7.1876 -44.0000
v 8.4853 -8.4853 -44.0000
v 7.1876 -9.3524 -44.0000
v 5.6569 -9.6569 -44.0000
v 4.1261 -9.3524 -44.0000
v 2.8284 -8.4853 -44.0000
v 1.9613 -7.1876 -44.0000
v 1.6569 -5.6569 -44.0000
v 1.9613 -4.1261 -44.0000
v 2.8284 -2.8284 -44.0000
v 4.1261 -1.9613 -44.0000
v 5.6569 -1.6569 -44.0000
v 7.1876 -1.9613 -44.0000
v 8.4853 -2.8284 -44.0000
v 9.3524 -4.1261 -44.0000
v 9.6569 -5.6569 -45.2000
v 9.3524 -7.1876 -45.2000
v 8.4853 -8.4853 -45.2000
v 7.1876 -9.3524 -45.2000
v 5.6569 -9.6569 -45.2000
v 4.1261 -9.3524 -45.2000
v 2.8284 -8.4853 -45.2000
v 1.9613 -7.1876 -45.2000
v 1.6569 -5.6569 -45.2000
v 1.9613 -4.1261 -45.2000
v 2.8284 -2.8284 -45.2000
v 4.1261 -1.9613 -45.2000
v 5.6569 -1.6569 -45.2000
v 7.1876 -1.9613 -45.2000
v 8.4853 -2.8284 -45.2000
v 9.3524 -4.1261 -45.2000
v 5.6569 -5.6569 -44.0000
v 5.6569 -5.6569 -45.2000
v 6.6569 -5.6569 -41.6000
v 6.5229 -6.1569 -41.6000
v 6.1569 -6.5229 -41.6000
v 5.6569 -6.6569 -41.6000
v 5.1569 -6.5229 -41.6000
v 4.7908 -6.1569 -41.6000
v 4.6569 -5.6569 -41.6000
v 4.7908 -5.1569 -41.6000
v 5.1569 -4.7908 -41.6000
v 5.6569 -4.6569 -41.6000
v 6.1569 -4.7908 -41.6000
v 6.5229 -5.1569 -41.6000
v 6.6569 -5.6569 -46.4000
v 6.5229 -6.1569 -46.4000
v 6.1569 -6.5229 -46.4000
v 5.6569 -6.6569 -46.4000
v 5.1569 -6.5229 -46.4000
v 4.7908 -6.1569 -46.4000
v 4.6569 -5.6569 -46.4000
v 4.7908 -5.1569 -46.4000
v 5.1569 -4.7908 -46.4000
v 5.6569 -4.6569 -46.4000
v 6.1569 -4.7908 -46.4000
v 6.5229 -5.1569 -46.4000
v 5.6569 -5.6569 -41.6000
v 5.6569 -5.6569 -46.4000
v 7.4569 -5.6569 -46.4000
v 7.2157 -6.5569 -46.4000
v 6.5569 -7.2157 -46.4000
v 5.6569 -7.4569 -46.4000
v 4.7569 -7.2157 -46.4000
v 4.0980 -6.5569 -46.4000
v 3.8569 -5.6569 -46.4000
v 4.0980 -4.7569 -46.4000
v 4.7569 -4.0980 -46.4000
v 5.6569 -3.8569 -46.4000
v 6.5569 -4.0980 -46.4000
v 7.2157 -4.7569 -46.4000
v 7.4569 -5.6569 -47.6000
v 7.2157 -6.5569 -47.6000
v 6.5569 -7.2157 -47.6000
v 5.6569 -7.4569 -47.6000
v 4.7569 -7.2157 -47.6000
v 4.0980 -6.5569 -47.6000
v 3.8569 -5.6569 -47.6000
v 4.0980 -4.7569 -47.6000
v 4.7569 -4.0980 -47.6000
v 5.6569 -3.8569 -47.6000
v 6.5569 -4.0980 -47.6000
v 7.2157 -4.7569 -47.6000
v 5.6569 -5.6569 -46.4000
v 5.6569 -5.6569 -47.6000
v 7.3569 -5.6569 -40.4000
v 6.8589 -6.8589 -40.4000
v 5.6569 -7.3569 -40.4000
v 4.4548 -6.8589 -40.4000
v 3.9569 -5.6569 -40.4000
v 4.4548 -4.4548 -40.4000
v 5.6569 -3.9569 -40.4000
v 6.8589 -4.4548 -40.4000
v 7.3569 -5.6569 -41.6000
v 6.8589 -6.8589 -41.6000
v 5.6569 -7.3569 -41.6000
v 4.4548 -6.8589 -41.6000
v 3.9569 -5.6569 -41.6000
v 4.4548 -4.4548 -41.6000
v 5.6569 -3.9569 -41.6000
v 6.8589 -4.4548 -41.6000
v 5.6569 -5.6569 -40.4000
v 5.6569 -5.6569 -41.6000
v 42.9000 0.0000 4.2000
v 42.9000 -1.6073 3.8803
v 42.9000 -2.9698 2.9698
v 42.9000 -3.8803 1.6073
v 42.9000 -4.2000 0.0000
v 42.9000 -3.8803 -1.6073
v 42.9000 -2.9698 -2.9698
v 42.9000 -1.6073 -3.8803
v 42.9000 -0.0000 -4.2000
v 42.9000 1.6073 -3.8803
v 42.9000 2.9698 -2.9698
v 42.9000 3.8803 -1.6073
v 42.9000 4.2000 -0.0000
v 42.9000 3.8803 1.6073
v 42.9000 2.9698 2.9698
v 42.9000 1.6073 3.8803
v 44.0000 0.0000 4.2000
v 44.0000 -1.6073 3.8803
v 44.0000 -2.9698 2.9698
v 44.0000 -3.8803 1.6073
v 44.0000 -4.2000 0.0000
v 44.0000 -3.8803 -1.6073
v 44.0000 -2.9698 -2.9698
v 44.0000 -1.6073 -3.8803
v 44.0000 -0.0000 -4.2000
v 44.0000 1.6073 -3.8803
v 44.0000 2.9698 -2.9698
v 44.0000 3.8803 -1.6073
v 44.0000 4.2000 -0.0000
v 44.0000 3.8803 1.6073
v 44.0000 2.9698 2.9698
v 44.0000 1.6073 3.8803
v 42.9000 0.0000 0.0000
v 44.0000 0.0000 0.0000
v 44.0000 0.0000 4.2000
v 44.0000 -1.6073 3.8803
v 44.0000 -2.9698 2.9698
v 44.0000 -3.8803 1.6073
v 44.0000 -4.2000 0.0000
v 44.0000 -3.8803 -1.6073
v 44.0000 -2.9698 -2.9698
v 44.0000 -1.6073 -3.8803
v 44.0000 -0.0000 -4.2000
v 44.0000 1.6073 -3.8803
v 44.0000 2.9698 -2.9698
v 44.0000 3.8803 -1.6073
v 44.0000 4.2000 -0.0000
v 44.0000 3.8803 1.6073
v 44.0000 2.9698 2.9698
v 44.0000 1.6073 3.8803
v 45.1000 0.0000 4.2000
v 45.1000 -1.6073 3.8803
v 45.1000 -2.9698 2.9698
v 45.1000 -3.8803 1.6073
v 45.1000 -4.2000 0.0000
v 45.1000 -3.8803 -1.6073
v 45.1000 -2.9698 -2.9698
v 45.1000 -1.6073 -3.8803
v 45.1000 -0.0000 -4.2000
v 45.1000 1.6073 -3.8803
v 45.1000 2.9698 -2.9698
v 45.1000 3.8803 -1.6073
v 45.1000 4.2000 -0.0000
v 45.1000 3.8803 1.6073
v 45.1000 2.9698 2.9698
v 45.1000 1.6073 3.8803
v 44.0000 0.0000 0.0000
v 45.1000 0.0000 0.0000
v 41.6000 0.0000 1.0000
v 41.6000 -0.5000 0.8660
v 41.6000 -0.8660 0.5000
v 41.6000 -1.0000 0.0000
v 41.6000 -0.8660 -0.5000
v 41.6000 -0.5000 -0.8660
v 41.6000 -0.0000 -1.0000
v 41.6000 0.5000 -0.8660
v 41.6000 0.8660 -0.5000
v 41.6000 1.0000 -0.0000
v 41.6000 0.8660 0.5000
v 41.6000 0.5000 0.8660
v 46.4000 0.0000 1.0000
v 46.4000 -0.5000 0.8660
v 46.4000 -0.8660 0.5000
v 46.4000 -1.0000 0.0000
v 46.4000 -0.8660 -0.5000
v 46.4000 -0.5000 -0.8660
v 46.4000 -0.0000 -1.0000
v 46.4000 0.5000 -0.8660
v 46.4000 0.8660 -0.5000
v 46.4000 1.0000 -0.0000
v 46.4000 0.8660 0.5000
v 46.4000 0.5000 0.8660
v 41.6000 0.0000 0.0000
v 46.4000 0.0000 0.0000
v 46.4000 0.0000 1.8000
v 46.4000 -0.9000 1.5588
v 46.4000 -1.5588 0.9000
v 46.4000 -1.8000 0.0000
v 46.4000 -1.5588 -0.9000
v 46.4000 -0.9000 -1.5588
v 46.4000 -0.0000 -1.8000
v 46.4000 0.9000 -1.5588
v 46.4000 1.5588 -0.9000
v 46.4000 1.8000 -0.0000
v 46.4000 1.5588 0.9000
v 46.4000 0.9000 1.5588
v 47.6000 0.0000 1.8000
v 47.6000 -0.9000 1.5588
v 47.6000 -1.5588 0.9000
v 47.6000 -1.8000 0.0000
v 47.6000 -1.5588 -0.9000
v 47.6000 -0.9000 -1.5588
v 47.6000 -0.0000 -1.8000
v 47.6000 0.9000 -1.5588
v 47.6000 1.5588 -0.9000
v 47.6000 1.8000 -0.0000
v 47.6000 1.5588 0.9000
v 47.6000 0.9000 1.5588
v 46.4000 0.0000 0.0000
v 47.6000 0.0000 0.0000
v 40.4000 0.0000 1.7000
v 40.4000 -1.2021 1.2021
v 40.4000 -1.7000 0.0000
v 40.4000 -1.2021 -1.2021
v 40.4000 -0.0000 -1.7000
v 40.4000 1.2021 -1.2021
v 40.4000 1.7000 -0.0000
v 40.4000 1.2021 1.2021
v 41.6000 0.0000 1.7000
v 41.6000 -1.2021 1.2021
v 41.6000 -1.7000 0.0000
v 41.6000 -1.2021 -1.2021
v 41.6000 -0.0000 -1.7000
v 41.6000 1.2021 -1.2021
v 41.6000 1.7000 -0.0000
v 41.6000 1.2021 1.2021
v 40.4000 0.0000 0.0000
v 41.6000 0.0000 0.0000
v 30.3349 30.3349 4.2000
v 31.4714 29.1984 3.8803
v 32.4349 28.2349 2.9698
v 33.0787 27.5911 1.6073
v 33.3047 27.3650 0.0000
v 33.0787 27.5911 -1.6073
v 32.4349 28.2349 -2.9698
v 31.4714 29.1984 -3.8803
v 30.3349 30.3349 -4.2000
v 29.1984 31.4714 -3.8803
v 28.2349 32.4349 -2.9698
v 27.5911 33.0787 -1.6073
v 27.3650 33.3047 -0.0000
v 27.5911 33.0787 1.6073
v 28.2349 32.4349 2.9698
v 29.1984 31.4714 3.8803
v 31.1127 31.1127 4.2000
v 32.2492 29.9762 3.8803
v 33.2127 29.0127 2.9698
v 33.8565 28.3689 1.6073
v 34.0825 28.1428 0.0000
v 33.8565 28.3689 -1.6073
v 33.2127 29.0127 -2.9698
v 32.2492 29.9762 -3.8803
v 31.1127 31.1127 -4.2000
v 29.9762 32.2492 -3.8803
v 29.0127 33.2127 -2.9698
v 28.3689 33.8565 -1.6073
v 28.1428 34.0825 -0.0000
v 28.3689 33.8565 1.6073
v 29.0127 33.2127 2.9698
v 29.9762 32.2492 3.8803
v 30.3349 30.3349 0.0000
v 31.1127 31.1127 0.0000
v 31.1127 31.1127 4.2000
v 32.2492 29.9762 3.8803
v 33.2127 29.0127 2.9698
v 33.8565 28.3689 1.6073
v 34.0825 28.1428 0.0000
v 33.8565 28.3689 -1.6073
v 33.2127 29.0127 -2.9698
v 32.2492 29.9762 -3.8803
v 31.1127 31.1127 -4.2000
v 29.9762 32.2492 -3.8803
v 29.0127 33.2127 -2.9698
v 28.3689 33.8565 -1.6073
v 28.1428 34.0825 -0.0000
v 28.3689 33.8565 1.6073
v 29.0127 33.2127 2.9698
v 29.9762 32.2492 3.8803
v 31.8905 31.8905 4.2000
v 33.0270 30.7540 3.8803
v 33.9905 29.7905 2.9698
v 34.6343 29.1467 1.6073
v 34.8604 28.9207 0.0000
v 34.6343 29.1467 -1.6073
v 33.9905 29.7905 -2.9698
v 33.0270 30.7540 -3.8803
v 31.8905 31.8905 -4.2000
v 30.7540 33.0270 -3.8803
v 29.7905 33.9905 -2.9698
v 29.1467 34.6343 -1.6073
v 28.9207 34.8604 -0.0000
v 29.1467 34.6343 1.6073
v 29.7905 33.9905 2.9698
v 30.7540 33.0270 3.8803
v 31.1127 31.1127 0.0000
v 31.8905 31.8905 0.0000
v 29.4156 29.4156 1.0000
v 29.7692 29.0621 0.8660
v 30.0280 28.8033 0.5000
v 30.1227 28.7085 0.0000
v 30.0280 28.8033 -0.5000
v 29.7692 29.0621 -0.8660
v 29.4156 29.4156 -1.0000
v 29.0621 29.7692 -0.8660
v 28.8033 30.0280 -0.5000
v 28.7085 30.1227 -0.0000
v 28.8033 30.0280 0.5000
v 29.0621 29.7692 0.8660
v 32.8098 32.8098 1.0000
v 33.1633 32.4562 0.8660
v 33.4221 32.1974 0.5000
v 33.5169 32.1026 0.0000
v 33.4221 32.1974 -0.5000
v 33.1633 32.4562 -0.8660
v 32.8098 32.8098 -1.0000
v 32.4562 33.1633 -0.8660
v 32.1974 33.4221 -0.5000
v 32.1026 33.5169 -0.0000
v 32.1974 33.4221 0.5000
v 32.4562 33.1633 0.8660
v 29.4156 29.4156 0.0000
v 32.8098 32.8098 0.0000
v 32.8098 32.8098 1.8000
v 33.4462 32.1734 1.5588
v 33.9120 31.7075 0.9000
v 34.0825 31.5370 0.0000
v 33.9120 31.7075 -0.9000
v 33.4462 32.1734 -1.5588
v 32.8098 32.8098 -1.8000
v 32.1734 33.4462 -1.5588
v 31.7075 33.9120 -0.9000
v 31.5370 34.0825 -0.0000
v 31.7075 33.9120 0.9000
v 32.1734 33.4462 1.5588
v 33.6583 33.6583 1.8000
v 34.2947 33.0219 1.5588
v 34.7606 32.5560 0.9000
v 34.9311 32.3855 0.0000
v 34.7606 32.5560 -0.9000
v 34.2947 33.0219 -1.5588
v 33.6583 33.6583 -1.8000
v 33.0219 34.2947 -1.5588
v 32.5560 34.7606 -0.9000
v 32.3855 34.9311 -0.0000
v 32.5560 34.7606 0.9000
v 33.0219 34.2947 1.5588
v 32.8098 32.8098 0.0000
v 33.6583 33.6583 0.0000
v 28.5671 28.5671 1.7000
v 29.4171 27.7171 1.2021
v 29.7692 27.3650 0.0000
v 29.4171 27.7171 -1.2021
v 28.5671 28.5671 -1.7000
v 27.7171 29.4171 -1.2021
v 27.3650 29.7692 -0.0000
v 27.7171 29.4171 1.2021
v 29.4156 29.4156 1.7000
v 30.2656 28.5656 1.2021
v 30.6177 28.2136 0.0000
v 30.2656 28.5656 -1.2021
v 29.4156 29.4156 -1.7000
v 28.5656 30.2656 -1.2021
v 28.2136 30.6177 -0.0000
v 28.5656 30.2656 1.2021
v 28.5671 28.5671 0.0000
v 29.4156 29.4156 0.0000
v 0.0000 42.9000 -4.2000
v -1.6073 42.9000 -3.8803
v -2.9698 42.9000 -2.9698
v -3.8803 42.9000 -1.6073
v -4.2000 42.9000 -0.0000
v -3.8803 42.9000 1.6073
v -2.9698 42.9000 2.9698
v -1.6073 42.9000 3.8803
v 0.0000 42.9000 4.2000
v 1.6073 42.9000 3.8803
v 2.9698 42.9000 2.9698
v 3.8803 42.9000 1.6073
v 4.2000 42.9000 0.0000
v 3.8803 42.9000 -1.6073
v 2.9698 42.9000 -2.9698
v 1.6073 42.9000 -3.8803
v 0.0000 44.0000 -4.2000
v -1.6073 44.0000 -3.8803
v -2.9698 44.0000 -2.9698
v -3.8803 44.0000 -1.6073
v -4.2000 44.0000 -0.0000
v -3.8803 44.0000 1.6073
v -2.9698 44.0000 2.9698
v -1.6073 44.0000 3.8803
v 0.0000 44.0000 4.2000
v 1.6073 44.0000 3.8803
v 2.9698 44.0000 2.9698
v 3.8803 44.0000 1.6073
v 4.2000 44.0000 0.0000
v 3.8803 44.0000 -1.6073
v 2.9698 44.0000 -2.9698
v 1.6073 44.0000 -3.8803
v 0.0000 42.9000 0.0000
v 0.0000 44.0000 0.0000
v 0.0000 44.0000 -4.2000
v -1.6073 44.0000 -3.8803
v -2.9698 44.0000 -2.9698
v -3.8803 44.0000 -1.6073
v -4.2000 44.0000 -0.0000
v -3.8803 44.0000 1.6073
v -2.9698 44.0000 2.9698
v -1.6073 44.0000 3.8803
v 0.0000 44.0000 4.2000
v 1.6073 44.0000 3.8803
v 2.9698 44.0000 2.9698
v 3.8803 44.0000 1.6073
v 4.2000 44.0000 0.0000
v 3.8803 44.0000 -1.6073
v 2.9698 44.0000 -2.9698
v 1.6073 44.0000 -3.8803
v 0.0000 45.1000 -4.2000
v -1.6073 45.1000 -3.8803
v -2.9698 45.1000 -2.9698
v -3.8803 45.1000 -1.6073
v -4.2000 45.1000 -0.0000
v -3.8803 45.1000 1.6073
v -2.9698 45.1000 2.9698
v -1.6073 45.1000 3.8803
v 0.0000 45.1000 4.2000
v 1.6073 45.1000 3.8803
v 2.9698 45.1000 2.9698
v 3.8803 45.1000 1.6073
v 4.2000 45.1000 0.0000
v 3.8803 45.1000 -1.6073
v 2.9698 45.1000 -2.9698
v 1.6073 45.1000 -3.8803
v 0.0000 44.0000 0.0000
v 0.0000 45.1000 0.0000
v 0.0000 41.6000 -1.0000
v -0.5000 41.6000 -0.8660
v -0.8660 41.6000 -0.5000
v -1.0000 41.6000 -0.0000
v -0.8660 41.6000 0.5000
v -0.5000 41.6000 0.8660
v 0.0000 41.6000 1.0000
v 0.5000 41.6000 0.8660
v 0.8660 41.6000 0.5000
v 1.0000 41.6000 0.0000
v 0.8660 41.6000 -0.5000
v 0.5000 41.6000 -0.8660
v 0.0000 46.4000 -1.0000
v -0.5000 46.4000 -0.8660
v -0.8660 46.4000 -0.5000
v -1.0000 46.4000 -0.0000
v -0.8660 46.4000 0.5000
v -0.5000 46.4000 0.8660
v 0.0000 46.4000 1.0000
v 0.5000 46.4000 0.8660
v 0.8660 46.4000 0.5000
v 1.0000 46.4000 0.0000
v 0.8660 46.4000 -0.5000
v 0.5000 46.4000 -0.8660
v 0.0000 41.6000 0.0000
v 0.0000 46.4000 0.0000
v 0.0000 46.4000 -1.8000
v -0.9000 46.4000 -1.5588
v -1.5588 46.4000 -0.9000
v -1.8000 46.4000 -0.0000
v -1.5588 46.4000 0.9000
v -0.9000 46.4000 1.5588
v 0.0000 46.4000 1.8000
v 0.9000 46.4000 1.5588
v 1.5588 46.4000 0.9000
v 1.8000 46.4000 0.0000
v 1.5588 46.4000 -0.9000
v 0.9000 46.4000 -1.5588
v 0.0000 47.6000 -1.8000
v -0.9000 47.6000 -1.5588
v -1.5588 47.6000 -0.9000
v -1.8000 47.6000 -0.0000
v -1.5588 47.6000 0.9000
v -0.9000 47.6000 1.5588
v 0.0000 47.6000 1.8000
v 0.9000 47.6000 1.5588
v 1.5588 47.6000 0.9000
v 1.8000 47.6000 0.0000
v 1.5588 47.6000 -0.9000
v 0.9000 47.6000 -1.5588
v 0.0000 46.4000 0.0000
v 0.0000 47.6000 0.0000
v 0.0000 40.4000 -1.7000
v -1.2021 40.4000 -1.2021
v -1.7000 40.4000 -0.0000
v -1.2021 40.4000 1.2021
v 0.0000 40.4000 1.7000
v 1.2021 40.4000 1.2021
v 1.7000 40.4000 0.0000
v 1.2021 40.4000 -1.2021
v 0.0000 41.6000 -1.7000
v -1.2021 41.6000 -1.2021
v -1.7000 41.6000 -0.0000
v -1.2021 41.6000 1.2021
v 0.0000 41.6000 1.7000
v 1.2021 41.6000 1.2021
v 1.7000 41.6000 0.0000
v 1.2021 41.6000 -1.2021
v 0.0000 40.4000 0.0000
v 0.0000 41.6000 0.0000
v -30.3349 30.3349 -4.2000
v -31.4714 29.1984 -3.8803
v -32.4349 28.2349 -2.9698
v -33.0787 27.5911 -1.6073
v -33.3047 27.3650 -0.0000
v -33.0787 27.5911 1.6073
v -32.4349 28.2349 2.9698
v -31.4714 29.1984 3.8803
v -30.3349 30.3349 4.2000
v -29.1984 31.4714 3.8803
v -28.2349 32.4349 2.9698
v -27.5911 33.0787 1.6073
v -27.3650 33.3047 0.0000
v -27.5911 33.0787 -1.6073
v -28.2349 32.4349 -2.9698
v -29.1984 31.4714 -3.8803
v -31.1127 31.1127 -4.2000
v -32.2492 29.9762 -3.8803
v -33.2127 29.0127 -2.9698
v -33.8565 28.3689 -1.6073
v -34.0825 28.1428 -0.0000
v -33.8565 28.3689 1.6073
v -33.2127 29.0127 2.9698
v -32.2492 29.9762 3.8803
v -31.1127 31.1127 4.2000
v -29.9762 32.2492 3.8803
v -29.0127 33.2127 2.9698
v -28.3689 33.8565 1.6073
v -28.1428 34.0825 0.0000
v -28.3689 33.8565 -1.6073
v -29.0127 33.2127 -2.9698
v -29.9762 32.2492 -3.8803
v -30.3349 30.3349 0.0000
v -31.1127 31.1127 0.0000
v -31.1127 31.1127 -4.2000
v -32.2492 29.9762 -3.8803
v -33.2127 29.0127 -2.9698
v -33.8565 28.3689 -1.6073
v -34.0825 28.1428 -0.0000
v -33.8565 28.3689 1.6073
v -33.2127 29.0127 2.9698
v -32.2492 29.9762 3.8803
v -31.1127 31.1127 4.2000
v -29.9762 32.2492 3.8803
v -29.0127 33.2127 2.9698
v -28.3689 33.8565 1.6073
v -28.1428 34.0825 0.0000
v -28.3689 33.8565 -1.6073
v -29.0127 33.2127 -2.9698
v -29.9762 32.2492 -3.8803
v -31.8905 31.8905 -4.2000
v -33.0270 30.7540 -3.8803
v -33.9905 29.7905 -2.9698
v -34.6343 29.1467 -1.6073
v -34.8604 28.9207 -0.0000
v -34.6343 29.1467 1.6073
v -33.9905 29.7905 2.9698
v -33.0270 30.7540 3.8803
v -31.8905 31.8905 4.2000
v -30.7540 33.0270 3.8803
v -29.7905 33.9905 2.9698
v -29.1467 34.6343 1.6073
v -28.9207 34.8604 0.0000
v -29.1467 34.6343 -1.6073
v -29.7905 33.9905 -2.9698
v -30.7540 33.0270 -3.8803
v -31.1127 31.1127 0.0000
v -31.8905 31.8905 0.0000
v -29.4156 29.4156 -1.0000
v -29.7692 29.0621 -0.8660
v -30.0280 28.8033 -0.5000
v -30.1227 28.7085 -0.0000
v -30.0280 28.8033 0.5000
v -29.7692 29.0621 0.8660
v -29.4156 29.4156 1.0000
v -29.0621 29.7692 0.8660
v -28.8033 30.0280 0.5000
v -28.7085 30.1227 0.0000
v -28.8033 30.0280 -0.5000
v -29.0621 29.7692 -0.8660
v -32.8098 32.8098 -1.0000
v -33.1633 32.4562 -0.8660
v -33.4221 32.1974 -0.5000
v -33.5169 32.1026 -0.0000
v -33.4221 32.1974 0.5000
v -33.1633 32.4562 0.8660
v -32.8098 32.8098 1.0000
v -32.4562 33.1633 0.8660
v -32.1974 33.4221 0.5000
v -32.1026 33.5169 0.0000
v -32.1974 33.4221 -0.5000
v -32.4562 33.1633 -0.8660
v -29.4156 29.4156 0.0000
v -32.8098 32.8098 0.0000
v -32.8098 32.8098 -1.8000
v -33.4462 32.1734 -1.5588
v -33.9120 31.7075 -0.9000
v -34.0825 31.5370 -0.0000
v -33.9120 31.7075 0.9000
v -33.4462 32.1734 1.5588
v -32.8098 32.8098 1.8000
v -32.1734 33.4462 1.5588
v -31.7075 33.9120 0.9000
v -31.5370 34.0825 0.0000
v -31.7075 33.9120 -0.9000
v -32.1734 33.4462 -1.5588
v -33.6583 33.6583 -1.8000
v -34.2947 33.0219 -1.5588
v -34.7606 32.5560 -0.9000
v -34.9311 32.3855 -0.0000
v -34.7606 32.5560 0.9000
v -34.2947 33.0219 1.5588
v -33.6583 33.6583 1.8000
v -33.0219 34.2947 1.5588
v -32.5560 34.7606 0.9000
v -32.3855 34.9311 0.0000
v -32.5560 34.7606 -0.9000
v -33.0219 34.2947 -1.5588
v -32.8098 32.8098 0.0000
v -33.6583 33.6583 0.0000
v -28.5671 28.5671 -1.7000
v -29.4171 27.7171 -1.2021
v -29.7692 27.3650 -0.0000
v -29.4171 27.7171 1.2021
v -28.5671 28.5671 1.7000
v -27.7171 29.4171 1.2021
v -27.3650 29.7692 0.0000
v -27.7171 29.4171 -1.2021
v -29.4156 29.4156 -1.7000
v -30.2656 28.5656 -1.2021
v -30.6177 28.2136 -0.0000
v -30.2656 28.5656 1.2021
v -29.4156 29.4156 1.7000
v -28.5656 30.2656 1.2021
v -28.2136 30.6177 0.0000
v -28.5656 30.2656 -1.2021
v -28.5671 28.5671 0.0000
v -29.4156 29.4156 0.0000
v -42.9000 0.0000 -4.2000
v -42.9000 -1.6073 -3.8803
v -42.9000 -2.9698 -2.9698
v -42.9000 -3.8803 -1.6073
v -42.9000 -4.2000 -0.0000
v -42.9000 -3.8803 1.6073
v -42.9000 -2.9698 2.9698
v -42.9000 -1.6073 3.8803
v -42.9000 0.0000 4.2000
v -42.9000 1.6073 3.8803
v -42.9000 2.9698 2.9698
v -42.9000 3.8803 1.6073
v -42.9000 4.2000 0.0000
v -42.9000 3.8803 -1.6073
v -42.9000 2.9698 -2.9698
v -42.9000 1.6073 -3.8803
v -44.0000 0.0000 -4.2000
v -44.0000 -1.6073 -3.8803
v -44.0000 -2.9698 -2.9698
v -44.0000 -3.8803 -1.6073
v -44.0000 -4.2000 -0.0000
v -44.0000 -3.8803 1.6073
v -44.0000 -2.9698 2.9698
v -44.0000 -1.6073 3.8803
v -44.0000 0.0000 4.2000
v -44.0000 1.6073 3.8803
v -44.0000 2.9698 2.9698
v -44.0000 3.8803 1.6073
v -44.0000 4.2000 0.0000
v -44.0000 3.8803 -1.6073
v -44.0000 2.9698 -2.9698
v -44.0000 1.6073 -3.8803
v -42.9000 0.0000 0.0000
v -44.0000 0.0000 0.0000
v -44.0000 0.0000 -4.2000
v -44.0000 -1.6073 -3.8803
v -44.0000 -2.9698 -2.9698
v -44.0000 -3.8803 -1.6073
v -44.0000 -4.2000 -0.0000
v -44.0000 -3.8803 1.6073
v -44.0000 -2.9698 2.9698
v -44.0000 -1.6073 3.8803
v -44.0000 0.0000 4.2000
v -44.0000 1.6073 3.8803
v -44.0000 2.9698 2.9698
v -44.0000 3.8803 1.6073
v -44.0000 4.2000 0.0000
v -44.0000 3.8803 -1.6073
v -44.0000 2.9698 -2.9698
v -44.0000 1.6073 -3.8803
v -45.1000 0.0000 -4.2000
v -45.1000 -1.6073 -3.8803
v -45.1000 -2.9698 -2.9698
v -45.1000 -3.8803 -1.6073
v -45.1000 -4.2000 -0.0000
v -45.1000 -3.8803 1.6073
v -45.1000 -2.9698 2.9698
v -45.1000 -1.6073 3.8803
v -45.1000 0.0000 4.2000
v -45.1000 1.6073 3.8803
v -45.1000 2.9698 2.9698
v -45.1000 3.8803 1.6073
v -45.1000 4.2000 0.0000
v -45.1000 3.8803 -1.6073
v -45.1000 2.9698 -2.9698
v -45.1000 1.6073 -3.8803
v -44.0000 0.0000 0.0000
v -45.1000 0.0000 0.0000
v -41.6000 0.0000 -1.0000
v -41.6000 -0.5000 -0.8660
v -41.6000 -0.8660 -0.5000
v -41.6000 -1.0000 -0.0000
v -41.6000 -0.8660 0.5000
v -41.6000 -0.5000 0.8660
v -41.6000 0.0000 1.0000
v -41.6000 0.5000 0.8660
v -41.6000 0.8660 0.5000
v -41.6000 1.0000 0.0000
v -41.6000 0.8660 -0.5000
v -41.6000 0.5000 -0.8660
v -46.4000 0.0000 -1.0000
v -46.4000 -0.5000 -0.8660
v -46.4000 -0.8660 -0.5000
v -46.4000 -1.0000 -0.0000
v -46.4000 -0.8660 0.5000
v -46.4000 -0.5000 0.8660
v -46.4000 0.0000 1.0000
v -46.4000 0.5000 0.8660
v -46.4000 0.8660 0.5000
v -46.4000 1.0000 0.0000
v -46.4000 0.8660 -0.5000
v -46.4000 0.5000 -0.8660
v -41.6000 0.0000 0.0000
v -46.4000 0.0000 0.0000
v -46.4000 0.0000 -1.8000
v -46.4000 -0.9000 -1.5588
v -46.4000 -1.5588 -0.9000
v -46.4000 -1.8000 -0.0000
v -46.4000 -1.5588 0.9000
v -46.4000 -0.9000 1.5588
v -46.4000 0.0000 1.8000
v -46.4000 0.9000 1.5588
v -46.4000 1.5588 0.9000
v -46.4000 1.8000 0.0000
v -46.4000 1.5588 -0.9000
v -46.4000 0.9000 -1.5588
v -47.6000 0.0000 -1.8000
v -47.6000 -0.9000 -1.5588
v -47.6000 -1.5588 -0.9000
v -47.6000 -1.8000 -0.0000
v -47.6000 -1.5588 0.9000
v -47.6000 -0.9000 1.5588
v -47.6000 0.0000 1.8000
v -47.6000 0.9000 1.5588
v -47.6000 1.5588 0.9000
v -47.6000 1.8000 0.0000
v -47.6000 1.5588 -0.9000
v -47.6000 0.9000 -1.5588
v -46.4000 0.0000 0.0000
v -47.6000 0.0000 0.0000
v -40.4000 0.0000 -1.7000
v -40.4000 -1.2021 -1.2021
v -40.4000 -1.7000 -0.0000
v -40.4000 -1.2021 1.2021
v -40.4000 0.0000 1.7000
v -40.4000 1.2021 1.2021
v -40.4000 1.7000 0.0000
v -40.4000 1.2021 -1.2021
v -41.6000 0.0000 -1.7000
v -41.6000 -1.2021 -1.2021
v -41.6000 -1.7000 -0.0000
v -41.6000 -1.2021 1.2021
v -41.6000 0.0000 1.7000
v -41.6000 1.2021 1.2021
v -41.6000 1.7000 0.0000
v -41.6000 1.2021 -1.2021
v -40.4000 0.0000 0.0000
v -41.6000 0.0000 0.0000
v -30.3349 -30.3349 -4.2000
v -29.1984 -31.4714 -3.8803
v -28.2349 -32.4349 -2.9698
v -27.5911 -33.0787 -1.6073
v -27.3650 -33.3047 -0.0000
v -27.5911 -33.0787 1.6073
v -28.2349 -32.4349 2.9698
v -29.1984 -31.4714 3.8803
v -30.3349 -30.3349 4.2000
v -31.4714 -29.1984 3.8803
v -32.4349 -28.2349 2.9698
v -33.0787 -27.5911 1.6073
v -33.3047 -27.3650 0.0000
v -33.0787 -27.5911 -1.6073
v -32.4349 -28.2349 -2.9698
v -31.4714 -29.1984 -3.8803
v -31.1127 -31.1127 -4.2000
v -29.9762 -32.2492 -3.8803
v -29.0127 -33.2127 -2.9698
v -28.3689 -33.8565 -1.6073
v -28.1428 -34.0825 -0.0000
v -28.3689 -33.8565 1.6073
v -29.0127 -33.2127 2.9698
v -29.9762 -32.2492 3.8803
v -31.1127 -31.1127 4.2000
v -32.2492 -29.9762 3.8803
v -33.2127 -29.0127 2.9698
v -33.8565 -28.3689 1.6073
v -34.0825 -28.1428 0.0000
v -33.8565 -28.3689 -1.6073
v -33.2127 -29.0127 -2.9698
v -32.2492 -29.9762 -3.8803
v -30.3349 -30.3349 0.0000
v -31.1127 -31.1127 0.0000
v -31.1127 -31.1127 -4.2000
v -29.9762 -32.2492 -3.8803
v -29.0127 -33.2127 -2.9698
v -28.3689 -33.8565 -1.6073
v -28.1428 -34.0825 -0.0000
v -28.3689 -33.8565 1.6073
v -29.0127 -33.2127 2.9698
v -29.9762 -32.2492 3.8803
v -31.1127 -31.1127 4.2000
v -32.2492 -29.9762 3.8803
v -33.2127 -29.0127 2.9698
v -33.8565 -28.3689 1.6073
v -34.0825 -28.1428 0.0000
v -33.8565 -28.3689 -1.6073
v -33.2127 -29.0127 -2.9698
v -32.2492 -29.9762 -3.8803
v -31.8905 -31.8905 -4.2000
v -30.7540 -33.0270 -3.8803
v -29.7905 -33.9905 -2.9698
v -29.1467 -34.6343 -1.6073
v -28.9207 -34.8604 -0.0000
v -29.1467 -34.6343 1.6073
v -29.7905 -33.9905 2.9698
v -30.7540 -33.0270 3.8803
v -31.8905 -31.8905 4.2000
v -33.0270 -30.7540 3.8803
v -33.9905 -29.7905 2.9698
v -34.6343 -29.1467 1.6073
v -34.8604 -28.9207 0.0000
v -34.6343 -29.1467 -1.6073
v -33.9905 -29.7905 -2.9698
v -33.0270 -30.7540 -3.8803
v -31.1127 -31.1127 0.0000
v -31.8905 -31.8905 0.0000
v -29.4156 -29.4156 -1.0000
v -29.0621 -29.7692 -0.8660
v -28.8033 -30.0280 -0.5000
v -28.7085 -30.1227 -0.0000
v -28.8033 -30.0280 0.5000
v -29.0621 -29.7692 0.8660
v -29.4156 -29.4156 1.0000
v -29.7692 -29.0621 0.8660
v -30.0280 -28.8033 0.5000
v -30.1227 -28.7085 0.0000
v -30.0280 -28.8033 -0.5000
v -29.7692 -29.0621 -0.8660
v -32.8098 -32.8098 -1.0000
v -32.4562 -33.1633 -0.8660
v -32.1974 -33.4221 -0.5000
v -32.1026 -33.5169 -0.0000
v -32.1974 -33.4221 0.5000
v -32.4562 -33.1633 0.8660
v -32.8098 -32.8098 1.0000
v -33.1633 -32.4562 0.8660
v -33.4221 -32.1974 0.5000
v -33.5169 -32.1026 0.0000
v -33.4221 -32.1974 -0.5000
v -33.1633 -32.4562 -0.8660
v -29.4156 -29.4156 0.0000
v -32.8098 -32.8098 0.0000
v -32.8098 -32.8098 -1.8000
v -32.1734 -33.4462 -1.5588
v -31.7075 -33.9120 -0.9000
v -31.5370 -34.0825 -0.0000
v -31.7075 -33.9120 0.9000
v -32.1734 -33.4462 1.5588
v -32.8098 -32.8098 1.8000
v -33.4462 -32.1734 1.5588
v -33.9120 -31.7075 0.9000
v -34.0825 -31.5370 0.0000
v -33.9120 -31.7075 -0.9000
v -33.4462 -32.1734 -1.5588
v -33.6583 -33.6583 -1.8000
v -33.0219 -34.2947 -1.5588
v -32.5560 -34.7606 -0.9000
v -32.3855 -34.9311 -0.0000
v -32.5560 -34.7606 0.9000
v -33.0219 -34.2947 1.5588
v -33.6583 -33.6583 1.8000
v -34.2947 -33.0219 1.5588
v -34.7606 -32.5560 0.9000
v -34.9311 -32.3855 0.0000
v -34.7606 -32.5560 -0.9000
v -34.2947 -33.0219 -1.5588
v -32.8098 -32.8098 0.0000
v -33.6583 -33.6583 0.0000
v -28.5671 -28.5671 -1.7000
v -27.7171 -29.4171 -1.2021
v -27.3650 -29.7692 -0.0000
v -27.7171 -29.4171 1.2021
v -28.5671 -28.5671 1.7000
v -29.4171 -27.7171 1.2021
v -29.7692 -27.3650 0.0000
v -29.4171 -27.7171 -1.2021
v -29.4156 -29.4156 -1.7000
v -28.5656 -30.2656 -1.2021
v -28.2136 -30.6177 -0.0000
v -28.5656 -30.2656 1.2021
v -29.4156 -29.4156 1.7000
v -30.2656 -28.5656 1.2021
v -30.6177 -28.2136 0.0000
v -30.2656 -28.5656 -1.2021
v -28.5671 -28.5671 0.0000
v -29.4156 -29.4156 0.0000
v -0.0000 -42.9000 4.2000
v -1.6073 -42.9000 3.8803
v -2.9698 -42.9000 2.9698
v -3.8803 -42.9000 1.6073
v -4.2000 -42.9000 0.0000
v -3.8803 -42.9000 -1.6073
v -2.9698 -42.9000 -2.9698
v -1.6073 -42.9000 -3.8803
v -0.0000 -42.9000 -4.2000
v 1.6073 -42.9000 -3.8803
v 2.9698 -42.9000 -2.9698
v 3.8803 -42.9000 -1.6073
v 4.2000 -42.9000 -0.0000
v 3.8803 -42.9000 1.6073
v 2.9698 -42.9000 2.9698
v 1.6073 -42.9000 3.8803
v -0.0000 -44.0000 4.2000
v -1.6073 -44.0000 3.8803
v -2.9698 -44.0000 2.9698
v -3.8803 -44.0000 1.6073
v -4.2000 -44.0000 0.0000
v -3.8803 -44.0000 -1.6073
v -2.9698 -44.0000 -2.9698
v -1.6073 -44.0000 -3.8803
v -0.0000 -44.0000 -4.2000
v 1.6073 -44.0000 -3.8803
v 2.9698 -44.0000 -2.9698
v 3.8803 -44.0000 -1.6073
v 4.2000 -44.0000 -0.0000
v 3.8803 -44.0000 1.6073
v 2.9698 -44.0000 2.9698
v 1.6073 -44.0000 3.8803
v -0.0000 -42.9000 0.0000
v -0.0000 -44.0000 0.0000
v -0.0000 -44.0000 4.2000
v -1.6073 -44.0000 3.8803
v -2.9698 -44.0000 2.9698
v -3.8803 -44.0000 1.6073
v -4.2000 -44.0000 0.0000
v -3.8803 -44.0000 -1.6073
v -2.9698 -44.0000 -2.9698
v -1.6073 -44.0000 -3.8803
v -0.0000 -44.0000 -4.2000
v 1.6073 -44.0000 -3.8803
v 2.9698 -44.0000 -2.9698
v 3.8803 -44.0000 -1.6073
v 4.2000 -44.0000 -0.0000
v 3.8803 -44.0000 1.6073
v 2.9698 -44.0000 2.9698
v 1.6073 -44.0000 3.8803
v -0.0000 -45.1000 4.2000
v -1.6073 -45.1000 3.8803
v -2.9698 -45.1000 2.9698
v -3.8803 -45.1000 1.6073
v -4.2000 -45.1000 0.0000
v -3.8803 -45.1000 -1.6073
v -2.9698 -45.1000 -2.9698
v -1.6073 -45.1000 -3.8803
v -0.0000 -45.1000 -4.2000
v 1.6073 -45.1000 -3.8803
v 2.9698 -45.1000 -2.9698
v 3.8803 -45.1000 -1.6073
v 4.2000 -45.1000 -0.0000
v 3.8803 -45.1000 1.6073
v 2.9698 -45.1000 2.9698
v 1.6073 -45.1000 3.8803
v -0.0000 -44.0000 0.0000
v -0.0000 -45.1000 0.0000
v -0.0000 -41.6000 1.0000
v -0.5000 -41.6000 0.8660
v -0.8660 -41.6000 0.5000
v -1.0000 -41.6000 0.0000
v -0.8660 -41.6000 -0.5000
v -0.5000 -41.6000 -0.8660
v -0.0000 -41.6000 -1.0000
v 0.5000 -41.6000 -0.8660
v 0.8660 -41.6000 -0.5000
v 1.0000 -41.6000 -0.0000
v 0.8660 -41.6000 0.5000
v 0.5000 -41.6000 0.8660
v -0.0000 -46.4000 1.0000
v -0.5000 -46.4000 0.8660
v -0.8660 -46.4000 0.5000
v -1.0000 -46.4000 0.0000
v -0.8660 -46.4000 -0.5000
v -0.5000 -46.4000 -0.8660
v -0.0000 -46.4000 -1.0000
v 0.5000 -46.4000 -0.8660
v 0.8660 -46.4000 -0.5000
v 1.0000 -46.4000 -0.0000
v 0.8660 -46.4000 0.5000
v 0.5000 -46.4000 0.8660
v -0.0000 -41.6000 0.0000
v -0.0000 -46.4000 0.0000
v -0.0000 -46.4000 1.8000
v -0.9000 -46.4000 1.5588
v -1.5588 -46.4000 0.9000
v -1.8000 -46.4000 0.0000
v -1.5588 -46.4000 -0.9000
v -0.9000 -46.4000 -1.5588
v -0.0000 -46.4000 -1.8000
v 0.9000 -46.4000 -1.5588
v 1.5588 -46.4000 -0.9000
v 1.8000 -46.4000 -0.0000
v 1.5588 -46.4000 0.9000
v 0.9000 -46.4000 1.5588
v -0.0000 -47.6000 1.8000
v -0.9000 -47.6000 1.5588
v -1.5588 -47.6000 0.9000
v -1.8000 -47.6000 0.0000
v -1.5588 -47.6000 -0.9000
v -0.9000 -47.6000 -1.5588
v -0.0000 -47.6000 -1.8000
v 0.9000 -47.6000 -1.5588
v 1.5588 -47.6000 -0.9000
v 1.8000 -47.6000 -0.0000
v 1.5588 -47.6000 0.9000
v 0.9000 -47.6000 1.5588
v -0.0000 -46.4000 0.0000
v -0.0000 -47.6000 0.0000
v -0.0000 -40.4000 1.7000
v -1.2021 -40.4000 1.2021
v -1.7000 -40.4000 0.0000
v -1.2021 -40.4000 -1.2021
v -0.0000 -40.4000 -1.7000
v 1.2021 -40.4000 -1.2021
v 1.7000 -40.4000 -0.0000
v 1.2021 -40.4000 1.2021
v -0.0000 -41.6000 1.7000
v -1.2021 -41.6000 1.2021
v -1.7000 -41.6000 0.0000
v -1.2021 -41.6000 -1.2021
v -0.0000 -41.6000 -1.7000
v 1.2021 -41.6000 -1.2021
v 1.7000 -41.6000 -0.0000
v 1.2021 -41.6000 1.2021
v -0.0000 -40.4000 0.0000
v -0.0000 -41.6000 0.0000
v 30.3349 -30.3349 4.2000
v 29.1984 -31.4714 3.8803
v 28.2349 -32.4349 2.9698
v 27.5911 -33.0787 1.6073
v 27.3650 -33.3047 0.0000
v 27.5911 -33.0787 -1.6073
v 28.2349 -32.4349 -2.9698
v 29.1984 -31.4714 -3.8803
v 30.3349 -30.3349 -4.2000
v 31.4714 -29.1984 -3.8803
v 32.4349 -28.2349 -2.9698
v 33.0787 -27.5911 -1.6073
v 33.3047 -27.3650 -0.0000
v 33.0787 -27.5911 1.6073
v 32.4349 -28.2349 2.9698
v 31.4714 -29.1984 3.8803
v 31.1127 -31.1127 4.2000
v 29.9762 -32.2492 3.8803
v 29.0127 -33.2127 2.9698
v 28.3689 -33.8565 1.6073
v 28.1428 -34.0825 0.0000
v 28.3689 -33.8565 -1.6073
v 29.0127 -33.2127 -2.9698
v 29.9762 -32.2492 -3.8803
v 31.1127 -31.1127 -4.2000
v 32.2492 -29.9762 -3.8803
v 33.2127 -29.0127 -2.9698
v 33.8565 -28.3689 -1.6073
v 34.0825 -28.1428 -0.0000
v 33.8565 -28.3689 1.6073
v 33.2127 -29.0127 2.9698
v 32.2492 -29.9762 3.8803
v 30.3349 -30.3349 0.0000
v 31.1127 -31.1127 0.0000
v 31.1127 -31.1127 4.2000
v 29.9762 -32.2492 3.8803
v 29.0127 -33.2127 2.9698
v 28.3689 -33.8565 1.6073
v 28.1428 -34.0825 0.0000
v 28.3689 -33.8565 -1.6073
v 29.0127 -33.2127 -2.9698
v 29.9762 -32.2492 -3.8803
v 31.1127 -31.1127 -4.2000
v 32.2492 -29.9762 -3.8803
v 33.2127 -29.0127 -2.9698
v 33.8565 -28.3689 -1.6073
v 34.0825 -28.1428 -0.0000
v 33.8565 -28.3689 1.6073
v 33.2127 -29.0127 2.9698
v 32.2492 -29.9762 3.8803
v 31.8905 -31.8905 4.2000
v 30.7540 -33.0270 3.8803
v 29.7905 -33.9905 2.9698
v 29.1467 -34.6343 1.6073
v 28.9207 -34.8604 0.0000
v 29.1467 -34.6343 -1.6073
v 29.7905 -33.9905 -2.9698
v 30.7540 -33.0270 -3.8803
v 31.8905 -31.8905 -4.2000
v 33.0270 -30.7540 -3.8803
v 33.9905 -29.7905 -2.9698
v 34.6343 -29.1467 -1.6073
v 34.8604 -28.9207 -0.0000
v 34.6343 -29.1467 1.6073
v 33.9905 -29.7905 2.9698
v 33.0270 -30.7540 3.8803
v 31.1127 -31.1127 0.0000
v 31.8905 -31.8905 0.0000
v 29.4156 -29.4156 1.0000
v 29.0621 -29.7692 0.8660
v 28.8033 -30.0280 0.5000
v 28.7085 -30.1227 0.0000
v 28.8033 -30.0280 -0.5000
v 29.0621 -29.7692 -0.8660
v 29.4156 -29.4156 -1.0000
v 29.7692 -29.0621 -0.8660
v 30.0280 -28.8033 -0.5000
v 30.1227 -28.7085 -0.0000
v 30.0280 -28.8033 0.5000
v 29.7692 -29.0621 0.8660
v 32.8098 -32.8098 1.0000
v 32.4562 -33.1633 0.8660
v 32.1974 -33.4221 0.5000
v 32.1026 -33.5169 0.0000
v 32.1974 -33.4221 -0.5000
v 32.4562 -33.1633 -0.8660
v 32.8098 -32.8098 -1.0000
v 33.1633 -32.4562 -0.8660
v 33.4221 -32.1974 -0.5000
v 33.5169 -32.1026 -0.0000
v 33.4221 -32.1974 0.5000
v 33.1633 -32.4562 0.8660
v 29.4156 -29.4156 0.0000
v 32.8098 -32.8098 0.0000
v 32.8098 -32.8098 1.8000
v 32.1734 -33.4462 1.5588
v 31.7075 -33.9120 0.9000
v 31.5370 -34.0825 0.0000
v 31.7075 -33.9120 -0.9000
v 32.1734 -33.4462 -1.5588
v 32.8098 -32.8098 -1.8000
v 33.4462 -32.1734 -1.5588
v 33.9120 -31.7075 -0.9000
v 34.0825 -31.5370 -0.0000
v 33.9120 -31.7075 0.9000
v 33.4462 -32.1734 1.5588
v 33.6583 -33.6583 1.8000
v 33.0219 -34.2947 1.5588
v 32.5560 -34.7606 0.9000
v 32.3855 -34.9311 0.0000
v 32.5560 -34.7606 -0.9000
v 33.0219 -34.2947 -1.5588
v 33.6583 -33.6583 -1.8000
v 34.2947 -33.0219 -1.5588
v 34.7606 -32.5560 -0.9000
v 34.9311 -32.3855 -0.0000
v 34.7606 -32.5560 0.9000
v 34.2947 -33.0219 1.5588
v 32.8098 -32.8098 0.0000
v 33.6583 -33.6583 0.0000
v 28.5671 -28.5671 1.7000
v 27.7171 -29.4171 1.2021
v 27.3650 -29.7692 0.0000
v 27.7171 -29.4171 -1.2021
v 28.5671 -28.5671 -1.7000
v 29.4171 -27.7171 -1.2021
v 29.7692 -27.3650 -0.0000
v 29.4171 -27.7171 1.2021
v 29.4156 -29.4156 1.7000
v 28.5656 -30.2656 1.2021
v 28.2136 -30.6177 0.0000
v 28.5656 -30.2656 -1.2021
v 29.4156 -29.4156 -1.7000
v 30.2656 -28.5656 -1.2021
v 30.6177 -28.2136 -0.0000
v 30.2656 -28.5656 1.2021
v 28.5671 -28.5671 0.0000
v 29.4156 -29.4156 0.0000
v 7.9471 -2.4300 44.4469
v 7.9471 2.4300 44.4469
v 8.0529 -2.4300 43.5531
v 8.0529 2.4300 43.5531
v 10.9961 -2.3071 44.8067
v 10.9961 2.3071 44.8067
v 11.0482 -2.3071 43.9082
v 11.0482 2.3071 43.9082
v 14.4336 -2.1889 44.8208
v 14.4336 2.1889 44.8208
v 14.3792 -2.1889 43.9225
v 14.3792 2.1889 43.9225
v 18.2076 -2.0800 44.3697
v 18.2076 2.0800 44.3697
v 18.0403 -2.0800 43.4854
v 18.0403 2.0800 43.4854
v 22.2489 -1.9845 43.3421
v 22.2489 1.9845 43.3421
v 21.9664 -1.9845 42.4876
v 21.9664 1.9845 42.4876
v 26.4437 -1.9062 41.6474
v 26.4437 1.9062 41.6474
v 26.0478 -1.9062 40.8392
v 26.0478 1.9062 40.8392
v 30.6348 -1.8480 39.2345
v 30.6348 1.8480 39.2345
v 30.1307 -1.8480 38.4889
v 30.1307 1.8480 38.4889
v 34.6331 -1.8121 36.1104
v 34.6331 1.8121 36.1104
v 34.0293 -1.8121 35.4430
v 34.0293 1.8121 35.4430
v 38.2411 -1.8000 32.3526
v 38.2411 1.8000 32.3526
v 37.5489 -1.8000 31.7774
v 37.5489 1.8000 31.7774
v 41.2845 -1.8121 28.1062
v 41.2845 1.8121 28.1062
v 40.5177 -1.8121 27.6350
v 40.5177 1.8121 27.6350
v 43.6412 -1.8480 23.5648
v 43.6412 1.8480 23.5648
v 42.8155 -1.8480 23.2068
v 42.8155 1.8480 23.2068
v 45.2590 -1.9062 18.9391
v 45.2590 1.9062 18.9391
v 44.3913 -1.9062 18.7004
v 44.3913 1.9062 18.7004
v 46.1557 -1.9845 14.4242
v 46.1557 1.9845 14.4242
v 45.2633 -1.9845 14.3075
v 45.2633 1.9845 14.3075
v 46.4051 -2.0800 10.1758
v 46.4051 2.0800 10.1758
v 45.5051 -2.0800 10.1802
v 45.5051 2.0800 10.1802
v 46.1161 -2.1889 6.2987
v 46.1161 2.1889 6.2987
v 45.2242 -2.1889 6.4195
v 45.2242 2.1889 6.4195
v 45.4129 -2.3071 2.8483
v 45.4129 2.3071 2.8483
v 44.5425 -2.3071 3.0769
v 44.5425 2.3071 3.0769
v 44.4273 -2.4300 -0.1410
v 44.4273 2.4300 -0.1410
v 43.5727 -2.4300 0.1410
v 43.5727 2.4300 0.1410
v 2.4300 7.9471 44.4469
v -2.4300 7.9471 44.4469
v 2.4300 8.0529 43.5531
v -2.4300 8.0529 43.5531
v 2.3071 10.9961 44.8067
v -2.3071 10.9961 44.8067
v 2.3071 11.0482 43.9082
v -2.3071 11.0482 43.9082
v 2.1889 14.4336 44.8208
v -2.1889 14.4336 44.8208
v 2.1889 14.3792 43.9225
v -2.1889 14.3792 43.9225
v 2.0800 18.2076 44.3697
v -2.0800 18.2076 44.3697
v 2.0800 18.0403 43.4854
v -2.0800 18.0403 43.4854
v 1.9845 22.2489 43.3421
v -1.9845 22.2489 43.3421
v 1.9845 21.9664 42.4876
v -1.9845 21.9664 42.4876
v 1.9062 26.4437 41.6474
v -1.9062 26.4437 41.6474
v 1.9062 26.0478 40.8392
v -1.9062 26.0478 40.8392
v 1.8480 30.6348 39.2345
v -1.8480 30.6348 39.2345
v 1.8480 30.1307 38.4889
v -1.8480 30.1307 38.4889
v 1.8121 34.6331 36.1104
v -1.8121 34.6331 36.1104
v 1.8121 34.0293 35.4430
v -1.8121 34.0293 35.4430
v 1.8000 38.2411 32.3526
v -1.8000 38.2411 32.3526
v 1.8000 37.5489 31.7774
v -1.8000 37.5489 31.7774
v 1.8121 41.2845 28.1062
v -1.8121 41.2845 28.1062
v 1.8121 40.5177 27.6350
v -1.8121 40.5177 27.6350
v 1.8480 43.6412 23.5648
v -1.8480 43.6412 23.5648
v 1.8480 42.8155 23.2068
v -1.8480 42.8155 23.2068
v 1.9062 45.2590 18.9391
v -1.9062 45.2590 18.9391
v 1.9062 44.3913 18.7004
v -1.9062 44.3913 18.7004
v 1.9845 46.1557 14.4242
v -1.9845 46.1557 14.4242
v 1.9845 45.2633 14.3075
v -1.9845 45.2633 14.3075
v 2.0800 46.4051 10.1758
v -2.0800 46.4051 10.1758
v 2.0800 45.5051 10.1802
v -2.0800 45.5051 10.1802
v 2.1889 46.1161 6.2987
v -2.1889 46.1161 6.2987
v 2.1889 45.2242 6.4195
v -2.1889 45.2242 6.4195
v 2.3071 45.4129 2.8483
v -2.3071 45.4129 2.8483
v 2.3071 44.5425 3.0769
v -2.3071 44.5425 3.0769
v 2.4300 44.4273 -0.1410
v -2.4300 44.4273 -0.1410
v 2.4300 43.5727 0.1410
v -2.4300 43.5727 0.1410
v -7.9471 2.4300 44.4469
v -7.9471 -2.4300 44.4469
v -8.0529 2.4300 43.5531
v -8.0529 -2.4300 43.5531
v -10.9961 2.3071 44.8067
v -10.9961 -2.3071 44.8067
v -11.0482 2.3071 43.9082
v -11.0482 -2.3071 43.9082
v -14.4336 2.1889 44.8208
v -14.4336 -2.1889 44.8208
v -14.3792 2.1889 43.9225
v -14.3792 -2.1889 43.9225
v -18.2076 2.0800 44.3697
v -18.2076 -2.0800 44.3697
v -18.0403 2.0800 43.4854
v -18.0403 -2.0800 43.4854
v -22.2489 1.9845 43.3421
v -22.2489 -1.9845 43.3421
v -21.9664 1.9845 42.4876
v -21.9664 -1.9845 42.4876
v -26.4437 1.9062 41.6474
v -26.4437 -1.9062 41.6474
v -26.0478 1.9062 40.8392
v -26.0478 -1.9062 40.8392
v -30.6348 1.8480 39.2345
v -30.6348 -1.8480 39.2345
v -30.1307 1.8480 38.4889
v -30.1307 -1.8480 38.4889
v -34.6331 1.8121 36.1104
v -34.6331 -1.8121 36.1104
v -34.0293 1.8121 35.4430
v -34.0293 -1.8121 35.4430
v -38.2411 1.8000 32.3526
v -38.2411 -1.8000 32.3526
v -37.5489 1.8000 31.7774
v -37.5489 -1.8000 31.7774
v -41.2845 1.8121 28.1062
v -41.2845 -1.8121 28.1062
v -40.5177 1.8121 27.6350
v -40.5177 -1.8121 27.6350
v -43.6412 1.8480 23.5648
v -43.6412 -1.8480 23.5648
v -42.8155 1.8480 23.2068
v -42.8155 -1.8480 23.2068
v -45.2590 1.9062 18.9391
v -45.2590 -1.9062 18.9391
v -44.3913 1.9062 18.7004
v -44.3913 -1.9062 18.7004
v -46.1557 1.9845 14.4242
v -46.1557 -1.9845 14.4242
v -45.2633 1.9845 14.3075
v -45.2633 -1.9845 14.3075
v -46.4051 2.0800 10.1758
v -46.4051 -2.0800 10.1758
v -45.5051 2.0800 10.1802
v -45.5051 -2.0800 10.1802
v -46.1161 2.1889 6.2987
v -46.1161 -2.1889 6.2987
v -45.2242 2.1889 6.4195
v -45.2242 -2.1889 6.4195
v -45.4129 2.3071 2.8483
v -45.4129 -2.3071 2.8483
v -44.5425 2.3071 3.0769
v -44.5425 -2.3071 3.0769
v -44.4273 2.4300 -0.1410
v -44.4273 -2.4300 -0.1410
v -43.5727 2.4300 0.1410
v -43.5727 -2.4300 0.1410
v -2.4300 -7.9471 44.4469
v 2.4300 -7.9471 44.4469
v -2.4300 -8.0529 43.5531
v 2.4300 -8.0529 43.5531
v -2.3071 -10.9961 44.8067
v 2.3071 -10.9961 44.8067
v -2.3071 -11.0482 43.9082
v 2.3071 -11.0482 43.9082
v -2.1889 -14.4336 44.8208
v 2.1889 -14.4336 44.8208
v -2.1889 -14.3792 43.9225
v 2.1889 -14.3792 43.9225
v -2.0800 -18.2076 44.3697
v 2.0800 -18.2076 44.3697
v -2.0800 -18.0403 43.4854
v 2.0800 -18.0403 43.4854
v -1.9845 -22.2489 43.3421
v 1.9845 -22.2489 43.3421
v -1.9845 -21.9664 42.4876
v 1.9845 -21.9664 42.4876
v -1.9062 -26.4437 41.6474
v 1.9062 -26.4437 41.6474
v -1.9062 -26.0478 40.8392
v 1.9062 -26.0478 40.8392
v -1.8480 -30.6348 39.2345
v 1.8480 -30.6348 39.2345
v -1.8480 -30.1307 38.4889
v 1.8480 -30.1307 38.4889
v -1.8121 -34.6331 36.1104
v 1.8121 -34.6331 36.1104
v -1.8121 -34.0293 35.4430
v 1.8121 -34.0293 35.4430
v -1.8000 -38.2411 32.3526
v 1.8000 -38.2411 32.3526
v -1.8000 -37.5489 31.7774
v 1.8000 -37.5489 31.7774
v -1.8121 -41.2845 28.1062
v 1.8121 -41.2845 28.1062
v -1.8121 -40.5177 27.6350
v 1.8121 -40.5177 27.6350
v -1.8480 -43.6412 23.5648
v 1.8480 -43.6412 23.5648
v -1.8480 -42.8155 23.2068
v 1.8480 -42.8155 23.2068
v -1.9062 -45.2590 18.9391
v 1.9062 -45.2590 18.9391
v -1.9062 -44.3913 18.7004
v 1.9062 -44.3913 18.7004
v -1.9845 -46.1557 14.4242
v 1.9845 -46.1557 14.4242
v -1.9845 -45.2633 14.3075
v 1.9845 -45.2633 14.3075
v -2.0800 -46.4051 10.1758
v 2.0800 -46.4051 10.1758
v -2.0800 -45.5051 10.1802
v 2.0800 -45.5051 10.1802
v -2.1889 -46.1161 6.2987
v 2.1889 -46.1161 6.2987
v -2.1889 -45.2242 6.4195
v 2.1889 -45.2242 6.4195
v -2.3071 -45.4129 2.8483
v 2.3071 -45.4129 2.8483
v -2.3071 -44.5425 3.0769
v 2.3071 -44.5425 3.0769
v -2.4300 -44.4273 -0.1410
v 2.4300 -44.4273 -0.1410
v -2.4300 -43.5727 0.1410
v 2.4300 -43.5727 0.1410
v 3.9012 7.3377 -44.4469
v 7.3377 3.9012 -44.4469
v 3.9760 7.4125 -43.5531
v 7.4125 3.9760 -43.5531
v 6.1440 9.4068 -44.8067
v 9.4068 6.1440 -44.8067
v 6.1809 9.4436 -43.9082
v 9.4436 6.1809 -43.9082
v 8.6583 11.7539 -44.8208
v 11.7539 8.6583 -44.8208
v 8.6198 11.7154 -43.9225
v 11.7154 8.6198 -43.9225
v 11.4039 14.3455 -44.3697
v 14.3455 11.4039 -44.3697
v 11.2856 14.2272 -43.4854
v 14.2272 11.2856 -43.4854
v 14.3290 17.1356 -43.3421
v 17.1356 14.3290 -43.3421
v 14.1293 16.9359 -42.4876
v 16.9359 14.1293 -42.4876
v 17.3506 20.0464 -41.6474
v 20.0464 17.3506 -41.6474
v 17.0707 19.7664 -40.8392
v 19.7664 17.0707 -40.8392
v 20.3554 22.9688 -39.2345
v 22.9688 20.3554 -39.2345
v 19.9989 22.6123 -38.4889
v 22.6123 19.9989 -38.4889
v 23.2079 25.7707 -36.1104
v 25.7707 23.2079 -36.1104
v 22.7810 25.3437 -35.4430
v 25.3437 22.7810 -35.4430
v 25.7678 28.3133 -32.3526
v 28.3133 25.7678 -32.3526
v 25.2783 27.8239 -31.7774
v 27.8239 25.2783 -31.7774
v 27.9112 30.4739 -28.1062
v 30.4739 27.9112 -28.1062
v 27.3690 29.9317 -27.6350
v 29.9317 27.3690 -27.6350
v 29.5523 32.1657 -23.5648
v 32.1657 29.5523 -23.5648
v 28.9684 31.5818 -23.2068
v 31.5818 28.9684 -23.2068
v 30.6551 33.3508 -18.9391
v 33.3508 30.6551 -18.9391
v 30.0415 32.7372 -18.7004
v 32.7372 30.0415 -18.7004
v 31.2338 34.0403 -14.4242
v 34.0403 31.2338 -14.4242
v 30.6027 33.4093 -14.3075
v 33.4093 30.6027 -14.3075
v 31.3426 34.2841 -10.1758
v 34.2841 31.3426 -10.1758
v 30.7062 33.6477 -10.1802
v 33.6477 30.7062 -10.1802
v 31.0612 34.1568 -6.2987
v 34.1568 31.0612 -6.2987
v 30.4306 33.5261 -6.4195
v 33.5261 30.4306 -6.4195
v 30.4804 33.7432 -2.8483
v 33.7432 30.4804 -2.8483
v 29.8649 33.1276 -3.0769
v 33.1276 29.8649 -3.0769
v 29.6966 33.1331 0.1410
v 33.1331 29.6966 0.1410
v 29.0923 32.5288 -0.1410
v 32.5288 29.0923 -0.1410
v -7.3377 3.9012 -44.4469
v -3.9012 7.3377 -44.4469
v -7.4125 3.9760 -43.5531
v -3.9760 7.4125 -43.5531
v -9.4068 6.1440 -44.8067
v -6.1440 9.4068 -44.8067
v -9.4436 6.1809 -43.9082
v -6.1809 9.4436 -43.9082
v -11.7539 8.6583 -44.8208
v -8.6583 11.7539 -44.8208
v -11.7154 8.6198 -43.9225
v -8.6198 11.7154 -43.9225
v -14.3455 11.4039 -44.3697
v -11.4039 14.3455 -44.3697
v -14.2272 11.2856 -43.4854
v -11.2856 14.2272 -43.4854
v -17.1356 14.3290 -43.3421
v -14.3290 17.1356 -43.3421
v -16.9359 14.1293 -42.4876
v -14.1293 16.9359 -42.4876
v -20.0464 17.3506 -41.6474
v -17.3506 20.0464 -41.6474
v -19.7664 17.0707 -40.8392
v -17.0707 19.7664 -40.8392
v -22.9688 20.3554 -39.2345
v -20.3554 22.9688 -39.2345
v -22.6123 19.9989 -38.4889
v -19.9989 22.6123 -38.4889
v -25.7707 23.2079 -36.1104
v -23.2079 25.7707 -36.1104
v -25.3437 22.7810 -35.4430
v -22.7810 25.3437 -35.4430
v -28.3133 25.7678 -32.3526
v -25.7678 28.3133 -32.3526
v -27.8239 25.2783 -31.7774
v -25.2783 27.8239 -31.7774
v -30.4739 27.9112 -28.1062
v -27.9112 30.4739 -28.1062
v -29.9317 27.3690 -27.6350
v -27.3690 29.9317 -27.6350
v -32.1657 29.5523 -23.5648
v -29.5523 32.1657 -23.5648
v -31.5818 28.9684 -23.2068
v -28.9684 31.5818 -23.2068
v -33.3508 30.6551 -18.9391
v -30.6551 33.3508 -18.9391
v -32.7372 30.0415 -18.7004
v -30.0415 32.7372 -18.7004
v -34.0403 31.2338 -14.4242
v -31.2338 34.0403 -14.4242
v -33.4093 30.6027 -14.3075
v -30.6027 33.4093 -14.3075
v -34.2841 31.3426 -10.1758
v -31.3426 34.2841 -10.1758
v -33.6477 30.7062 -10.1802
v -30.7062 33.6477 -10.1802
v -34.1568 31.0612 -6.2987
v -31.0612 34.1568 -6.2987
v -33.5261 30.4306 -6.4195
v -30.4306 33.5261 -6.4195
v -33.7432 30.4804 -2.8483
v -30.4804 33.7432 -2.8483
v -33.1276 29.8649 -3.0769
v -29.8649 33.1276 -3.0769
v -33.1331 29.6966 0.1410
v -29.6966 33.1331 0.1410
v -32.5288 29.0923 -0.1410
v -29.0923 32.5288 -0.1410
v -3.9012 -7.3377 -44.4469
v -7.3377 -3.9012 -44.4469
v -3.9760 -7.4125 -43.5531
v -7.4125 -3.9760 -43.5531
v -6.1440 -9.4068 -44.8067
v -9.4068 -6.1440 -44.8067
v -6.1809 -9.4436 -43.9082
v -9.4436 -6.1809 -43.9082
v -8.6583 -11.7539 -44.8208
v -11.7539 -8.6583 -44.8208
v -8.6198 -11.7154 -43.9225
v -11.7154 -8.6198 -43.9225
v -11.4039 -14.3455 -44.3697
v -14.3455 -11.4039 -44.3697
v -11.2856 -14.2272 -43.4854
v -14.2272 -11.2856 -43.4854
v -14.3290 -17.1356 -43.3421
v -17.1356 -14.3290 -43.3421
v -14.1293 -16.9359 -42.4876
v -16.9359 -14.1293 -42.4876
v -17.3506 -20.0464 -41.6474
v -20.0464 -17.3506 -41.6474
v -17.0707 -19.7664 -40.8392
v -19.7664 -17.0707 -40.8392
v -20.3554 -22.9688 -39.2345
v -22.9688 -20.3554 -39.2345
v -19.9989 -22.6123 -38.4889
v -22.6123 -19.9989 -38.4889
v -23.2079 -25.7707 -36.1104
v -25.7707 -23.2079 -36.1104
v -22.7810 -25.3437 -35.4430
v -25.3437 -22.7810 -35.4430
v -25.7678 -28.3133 -32.3526
v -28.3133 -25.7678 -32.3526
v -25.2783 -27.8239 -31.7774
v -27.8239 -25.2783 -31.7774
v -27.9112 -30.4739 -28.1062
v -30.4739 -27.9112 -28.1062
v -27.3690 -29.9317 -27.6350
v -29.9317 -27.3690 -27.6350
v -29.5523 -32.1657 -23.5648
v -32.1657 -29.5523 -23.5648
v -28.9684 -31.5818 -23.2068
v -31.5818 -28.9684 -23.2068
v -30.6551 -33.3508 -18.9391
v -33.3508 -30.6551 -18.9391
v -30.0415 -32.7372 -18.7004
v -32.7372 -30.0415 -18.7004
v -31.2338 -34.0403 -14.4242
v -34.0403 -31.2338 -14.4242
v -30.6027 -33.4093 -14.3075
v -33.4093 -30.6027 -14.3075
v -31.3426 -34.2841 -10.1758
v -34.2841 -31.3426 -10.1758
v -30.7062 -33.6477 -10.1802
v -33.6477 -30.7062 -10.1802
v -31.0612 -34.1568 -6.2987
v -34.1568 -31.0612 -6.2987
v -30.4306 -33.5261 -6.4195
v -33.5261 -30.4306 -6.4195
v -30.4804 -33.7432 -2.8483
v -33.7432 -30.4804 -2.8483
v -29.8649 -33.1276 -3.0769
v -33.1276 -29.8649 -3.0769
v -29.6966 -33.1331 0.1410
v -33.1331 -29.6966 0.1410
v -29.0923 -32.5288 -0.1410
v -32.5288 -29.0923 -0.1410
v 7.3377 -3.9012 -44.4469
v 3.9012 -7.3377 -44.4469
v 7.4125 -3.9760 -43.5531
v 3.9760 -7.4125 -43.5531
v 9.4068 -6.1440 -44.8067
v 6.1440 -9.4068 -44.8067
v 9.4436 -6.1809 -43.9082
v 6.1809 -9.4436 -43.9082
v 11.7539 -8.6583 -44.8208
v 8.6583 -11.7539 -44.8208
v 11.7154 -8.6198 -43.9225
v 8.6198 -11.7154 -43.9225
v 14.3455 -11.4039 -44.3697
v 11.4039 -14.3455 -44.3697
v 14.2272 -11.2856 -43.4854
v 11.2856 -14.2272 -43.4854
v 17.1356 -14.3290 -43.3421
v 14.3290 -17.1356 -43.3421
v 16.9359 -14.1293 -42.4876
v 14.1293 -16.9359 -42.4876
v 20.0464 -17.3506 -41.6474
v 17.3506 -20.0464 -41.6474
v 19.7664 -17.0707 -40.8392
v 17.0707 -19.7664 -40.8392
v 22.9688 -20.3554 -39.2345
v 20.3554 -22.9688 -39.2345
v 22.6123 -19.9989 -38.4889
v 19.9989 -22.6123 -38.4889
v 25.7707 -23.2079 -36.1104
v 23.2079 -25.7707 -36.1104
v 25.3437 -22.7810 -35.4430
v 22.7810 -25.3437 -35.4430
v 28.3133 -25.7678 -32.3526
v 25.7678 -28.3133 -32.3526
v 27.8239 -25.2783 -31.7774
v 25.2783 -27.8239 -31.7774
v 30.4739 -27.9112 -28.1062
v 27.9112 -30.4739 -28.1062
v 29.9317 -27.3690 -27.6350
v 27.3690 -29.9317 -27.6350
v 32.1657 -29.5523 -23.5648
v 29.5523 -32.1657 -23.5648
v 31.5818 -28.9684 -23.2068
v 28.9684 -31.5818 -23.2068
v 33.3508 -30.6551 -18.9391
v 30.6551 -33.3508 -18.9391
v 32.7372 -30.0415 -18.7004
v 30.0415 -32.7372 -18.7004
v 34.0403 -31.2338 -14.4242
v 31.2338 -34.0403 -14.4242
v 33.4093 -30.6027 -14.3075
v 30.6027 -33.4093 -14.3075
v 34.2841 -31.3426 -10.1758
v 31.3426 -34.2841 -10.1758
v 33.6477 -30.7062 -10.1802
v 30.7062 -33.6477 -10.1802
v 34.1568 -31.0612 -6.2987
v 31.0612 -34.1568 -6.2987
v 33.5261 -30.4306 -6.4195
v 30.4306 -33.5261 -6.4195
v 33.7432 -30.4804 -2.8483
v 30.4804 -33.7432 -2.8483
v 33.1276 -29.8649 -3.0769
v 29.8649 -33.1276 -3.0769
v 33.1331 -29.6966 0.1410
v 29.6966 -33.1331 0.1410
v 32.5288 -29.0923 -0.1410
v 29.0923 -32.5288 -0.1410
v 44.4400 -0.0942 -2.4300
v 44.4400 -0.0942 2.4300
v 43.5600 0.0942 -2.4300
v 43.5600 0.0942 2.4300
v 45.1421 3.1872 -2.2353
v 45.1421 3.1872 2.2353
v 44.2527 3.3247 -2.2353
v 44.2527 3.3247 2.2353
v 45.4961 6.7520 -2.0597
v 45.4961 6.7520 2.0597
v 44.5966 6.7819 -2.0597
v 44.5966 6.7819 2.0597
v 45.3843 10.4962 -1.9203
v 45.3843 10.4962 1.9203
v 44.4889 10.4053 -1.9203
v 44.4889 10.4053 1.9203
v 44.7297 14.2995 -1.8308
v 44.7297 14.2995 1.8308
v 43.8565 14.0815 -1.8308
v 43.8565 14.0815 1.8308
v 43.5055 18.0206 -1.8000
v 43.5055 18.0206 1.8000
v 42.6740 17.6761 -1.8000
v 42.6740 17.6761 1.8000
v 41.7400 21.5174 -1.8308
v 41.7400 21.5174 1.8308
v 40.9684 21.0541 -1.8308
v 40.9684 21.0541 1.8308
v 39.5134 24.6696 -1.9203
v 39.5134 24.6696 1.9203
v 38.8161 24.1007 -1.9203
v 38.8161 24.1007 1.9203
v 36.9449 27.3962 -2.0597
v 36.9449 27.3962 2.0597
v 36.3300 26.7390 -2.0597
v 36.3300 26.7390 2.0597
v 34.1740 29.6666 -2.2353
v 34.1740 29.6666 2.2353
v 33.6423 28.9404 -2.2353
v 33.6423 28.9404 2.2353
v 31.3572 31.4905 -2.4300
v 31.3572 31.4905 2.4300
v 30.8682 30.7349 -2.4300
v 30.8682 30.7349 2.4300
v 31.4905 31.3572 -2.4300
v 31.4905 31.3572 2.4300
v 30.7349 30.8682 -2.4300
v 30.7349 30.8682 2.4300
v 29.6666 34.1740 -2.2353
v 29.6666 34.1740 2.2353
v 28.9404 33.6423 -2.2353
v 28.9404 33.6423 2.2353
v 27.3962 36.9449 -2.0597
v 27.3962 36.9449 2.0597
v 26.7390 36.3300 -2.0597
v 26.7390 36.3300 2.0597
v 24.6696 39.5134 -1.9203
v 24.6696 39.5134 1.9203
v 24.1007 38.8161 -1.9203
v 24.1007 38.8161 1.9203
v 21.5174 41.7400 -1.8308
v 21.5174 41.7400 1.8308
v 21.0541 40.9684 -1.8308
v 21.0541 40.9684 1.8308
v 18.0206 43.5055 -1.8000
v 18.0206 43.5055 1.8000
v 17.6761 42.6740 -1.8000
v 17.6761 42.6740 1.8000
v 14.2995 44.7297 -1.8308
v 14.2995 44.7297 1.8308
v 14.0815 43.8565 -1.8308
v 14.0815 43.8565 1.8308
v 10.4962 45.3843 -1.9203
v 10.4962 45.3843 1.9203
v 10.4053 44.4889 -1.9203
v 10.4053 44.4889 1.9203
v 6.7520 45.4961 -2.0597
v 6.7520 45.4961 2.0597
v 6.7819 44.5966 -2.0597
v 6.7819 44.5966 2.0597
v 3.1872 45.1421 -2.2353
v 3.1872 45.1421 2.2353
v 3.3247 44.2527 -2.2353
v 3.3247 44.2527 2.2353
v -0.0942 44.4400 -2.4300
v -0.0942 44.4400 2.4300
v 0.0942 43.5600 -2.4300
v 0.0942 43.5600 2.4300
v 0.0942 44.4400 -2.4300
v 0.0942 44.4400 2.4300
v -0.0942 43.5600 -2.4300
v -0.0942 43.5600 2.4300
v -3.1872 45.1421 -2.2353
v -3.1872 45.1421 2.2353
v -3.3247 44.2527 -2.2353
v -3.3247 44.2527 2.2353
v -6.7520 45.4961 -2.0597
v -6.7520 45.4961 2.0597
v -6.7819 44.5966 -2.0597
v -6.7819 44.5966 2.0597
v -10.4962 45.3843 -1.9203
v -10.4962 45.3843 1.9203
v -10.4053 44.4889 -1.9203
v -10.4053 44.4889 1.9203
v -14.2995 44.7297 -1.8308
v -14.2995 44.7297 1.8308
v -14.0815 43.8565 -1.8308
v -14.0815 43.8565 1.8308
v -18.0206 43.5055 -1.8000
v -18.0206 43.5055 1.8000
v -17.6761 42.6740 -1.8000
v -17.6761 42.6740 1.8000
v -21.5174 41.7400 -1.8308
v -21.5174 41.7400 1.8308
v -21.0541 40.9684 -1.8308
v -21.0541 40.9684 1.8308
v -24.6696 39.5134 -1.9203
v -24.6696 39.5134 1.9203
v -24.1007 38.8161 -1.9203
v -24.1007 38.8161 1.9203
v -27.3962 36.9449 -2.0597
v -27.3962 36.9449 2.0597
v -26.7390 36.3300 -2.0597
v -26.7390 36.3300 2.0597
v -29.6666 34.1740 -2.2353
v -29.6666 34.1740 2.2353
v -28.9404 33.6423 -2.2353
v -28.9404 33.6423 2.2353
v -31.4905 31.3572 -2.4300
v -31.4905 31.3572 2.4300
v -30.7349 30.8682 -2.4300
v -30.7349 30.8682 2.4300
v -31.3572 31.4905 -2.4300
v -31.3572 31.4905 2.4300
v -30.8682 30.7349 -2.4300
v -30.8682 30.7349 2.4300
v -34.1740 29.6666 -2.2353
v -34.1740 29.6666 2.2353
v -33.6423 28.9404 -2.2353
v -33.6423 28.9404 2.2353
v -36.9449 27.3962 -2.0597
v -36.9449 27.3962 2.0597
v -36.3300 26.7390 -2.0597
v -36.3300 26.7390 2.0597
v -39.5134 24.6696 -1.9203
v -39.5134 24.6696 1.9203
v -38.8161 24.1007 -1.9203
v -38.8161 24.1007 1.9203
v -41.7400 21.5174 -1.8308
v -41.7400 21.5174 1.8308
v -40.9684 21.0541 -1.8308
v -40.9684 21.0541 1.8308
v -43.5055 18.0206 -1.8000
v -43.5055 18.0206 1.8000
v -42.6740 17.6761 -1.8000
v -42.6740 17.6761 1.8000
v -44.7297 14.2995 -1.8308
v -44.7297 14.2995 1.8308
v -43.8565 14.0815 -1.8308
v -43.8565 14.0815 1.8308
v -45.3843 10.4962 -1.9203
v -45.3843 10.4962 1.9203
v -44.4889 10.4053 -1.9203
v -44.4889 10.4053 1.9203
v -45.4961 6.7520 -2.0597
v -45.4961 6.7520 2.0597
v -44.5966 6.7819 -2.0597
v -44.5966 6.7819 2.0597
v -45.1421 3.1872 -2.2353
v -45.1421 3.1872 2.2353
v -44.2527 3.3247 -2.2353
v -44.2527 3.3247 2.2353
v -44.4400 -0.0942 -2.4300
v -44.4400 -0.0942 2.4300
v -43.5600 0.0942 -2.4300
v -43.5600 0.0942 2.4300
v -44.4400 0.0942 -2.4300
v -44.4400 0.0942 2.4300
v -43.5600 -0.0942 -2.4300
v -43.5600 -0.0942 2.4300
v -45.1421 -3.1872 -2.2353
v -45.1421 -3.1872 2.2353
v -44.2527 -3.3247 -2.2353
v -44.2527 -3.3247 2.2353
v -45.4961 -6.7520 -2.0597
v -45.4961 -6.7520 2.0597
v -44.5966 -6.7819 -2.0597
v -44.5966 -6.7819 2.0597
v -45.3843 -10.4962 -1.9203
v -45.3843 -10.4962 1.9203
v -44.4889 -10.4053 -1.9203
v -44.4889 -10.4053 1.9203
v -44.7297 -14.2995 -1.8308
v -44.7297 -14.2995 1.8308
v -43.8565 -14.0815 -1.8308
v -43.8565 -14.0815 1.8308
v -43.5055 -18.0206 -1.8000
v -43.5055 -18.0206 1.8000
v -42.6740 -17.6761 -1.8000
v -42.6740 -17.6761 1.8000
v -41.7400 -21.5174 -1.8308
v -41.7400 -21.5174 1.8308
v -40.9684 -21.0541 -1.8308
v -40.9684 -21.0541 1.8308
v -39.5134 -24.6696 -1.9203
v -39.5134 -24.6696 1.9203
v -38.8161 -24.1007 -1.9203
v -38.8161 -24.1007 1.9203
v -36.9449 -27.3962 -2.0597
v -36.9449 -27.3962 2.0597
v -36.3300 -26.7390 -2.0597
v -36.3300 -26.7390 2.0597
v -34.1740 -29.6666 -2.2353
v -34.1740 -29.6666 2.2353
v -33.6423 -28.9404 -2.2353
v -33.6423 -28.9404 2.2353
v -31.3572 -31.4905 -2.4300
v -31.3572 -31.4905 2.4300
v -30.8682 -30.7349 -2.4300
v -30.8682 -30.7349 2.4300
v -31.4905 -31.3572 -2.4300
v -31.4905 -31.3572 2.4300
v -30.7349 -30.8682 -2.4300
v -30.7349 -30.8682 2.4300
v -29.6666 -34.1740 -2.2353
v -29.6666 -34.1740 2.2353
v -28.9404 -33.6423 -2.2353
v -28.9404 -33.6423 2.2353
v -27.3962 -36.9449 -2.0597
v -27.3962 -36.9449 2.0597
v -26.7390 -36.3300 -2.0597
v -26.7390 -36.3300 2.0597
v -24.6696 -39.5134 -1.9203
v -24.6696 -39.5134 1.9203
v -24.1007 -38.8161 -1.9203
v -24.1007 -38.8161 1.9203
v -21.5174 -41.7400 -1.8308
v -21.5174 -41.7400 1.8308
v -21.0541 -40.9684 -1.8308
v -21.0541 -40.9684 1.8308
v -18.0206 -43.5055 -1.8000
v -18.0206 -43.5055 1.8000
v -17.6761 -42.6740 -1.8000
v -17.6761 -42.6740 1.8000
v -14.2995 -44.7297 -1.8308
v -14.2995 -44.7297 1.8308
v -14.0815 -43.8565 -1.8308
v -14.0815 -43.8565 1.8308
v -10.4962 -45.3843 -1.9203
v -10.4962 -45.3843 1.9203
v -10.4053 -44.4889 -1.9203
v -10.4053 -44.4889 1.9203
v -6.7520 -45.4961 -2.0597
v -6.7520 -45.4961 2.0597
v -6.7819 -44.5966 -2.0597
v -6.7819 -44.5966 2.0597
v -3.1872 -45.1421 -2.2353
v -3.1872 -45.1421 2.2353
v -3.3247 -44.2527 -2.2353
v -3.3247 -44.2527 2.2353
v 0.0942 -44.4400 -2.4300
v 0.0942 -44.4400 2.4300
v -0.0942 -43.5600 -2.4300
v -0.0942 -43.5600 2.4300
v -0.0942 -44.4400 -2.4300
v -0.0942 -44.4400 2.4300
v 0.0942 -43.5600 -2.4300
v 0.0942 -43.5600 2.4300
v 3.1872 -45.1421 -2.2353
v 3.1872 -45.1421 2.2353
v 3.3247 -44.2527 -2.2353
v 3.3247 -44.2527 2.2353
v 6.7520 -45.4961 -2.0597
v 6.7520 -45.4961 2.0597
v 6.7819 -44.5966 -2.0597
v 6.7819 -44.5966 2.0597
v 10.4962 -45.3843 -1.9203
v 10.4962 -45.3843 1.9203
v 10.4053 -44.4889 -1.9203
v 10.4053 -44.4889 1.9203
v 14.2995 -44.7297 -1.8308
v 14.2995 -44.7297 1.8308
v 14.0815 -43.8565 -1.8308
v 14.0815 -43.8565 1.8308
v 18.0206 -43.5055 -1.8000
v 18.0206 -43.5055 1.8000
v 17.6761 -42.6740 -1.8000
v 17.6761 -42.6740 1.8000
v 21.5174 -41.7400 -1.8308
v 21.5174 -41.7400 1.8308
v 21.0541 -40.9684 -1.8308
v 21.0541 -40.9684 1.8308
v 24.6696 -39.5134 -1.9203
v 24.6696 -39.5134 1.9203
v 24.1007 -38.8161 -1.9203
v 24.1007 -38.8161 1.9203
v 27.3962 -36.9449 -2.0597
v 27.3962 -36.9449 2.0597
v 26.7390 -36.3300 -2.0597
v 26.7390 -36.3300 2.0597
v 29.6666 -34.1740 -2.2353
v 29.6666 -34.1740 2.2353
v 28.9404 -33.6423 -2.2353
v 28.9404 -33.6423 2.2353
v 31.4905 -31.3572 -2.4300
v 31.4905 -31.3572 2.4300
v 30.7349 -30.8682 -2.4300
v 30.7349 -30.8682 2.4300
v 31.3572 -31.4905 -2.4300
v 31.3572 -31.4905 2.4300
v 30.8682 -30.7349 -2.4300
v 30.8682 -30.7349 2.4300
v 34.1740 -29.6666 -2.2353
v 34.1740 -29.6666 2.2353
v 33.6423 -28.9404 -2.2353
v 33.6423 -28.9404 2.2353
v 36.9449 -27.3962 -2.0597
v 36.9449 -27.3962 2.0597
v 36.3300 -26.7390 -2.0597
v 36.3300 -26.7390 2.0597
v 39.5134 -24.6696 -1.9203
v 39.5134 -24.6696 1.9203
v 38.8161 -24.1007 -1.9203
v 38.8161 -24.1007 1.9203
v 41.7400 -21.5174 -1.8308
v 41.7400 -21.5174 1.8308
v 40.9684 -21.0541 -1.8308
v 40.9684 -21.0541 1.8308
v 43.5055 -18.0206 -1.8000
v 43.5055 -18.0206 1.8000
v 42.6740 -17.6761 -1.8000
v 42.6740 -17.6761 1.8000
v 44.7297 -14.2995 -1.8308
v 44.7297 -14.2995 1.8308
v 43.8565 -14.0815 -1.8308
v 43.8565 -14.0815 1.8308
v 45.3843 -10.4962 -1.9203
v 45.3843 -10.4962 1.9203
v 44.4889 -10.4053 -1.9203
v 44.4889 -10.4053 1.9203
v 45.4961 -6.7520 -2.0597
v 45.4961 -6.7520 2.0597
v 44.5966 -6.7819 -2.0597
v 44.5966 -6.7819 2.0597
v 45.1421 -3.1872 -2.2353
v 45.1421 -3.1872 2.2353
v 44.2527 -3.3247 -2.2353
v 44.2527 -3.3247 2.2353
v 44.4400 0.0942 -2.4300
v 44.4400 0.0942 2.4300
v 43.5600 -0.0942 -2.4300
v 43.5600 -0.0942 2.4300
v -7.2000 0.0000 26.0000
v -6.6519 -2.7553 26.0000
v -5.0912 -5.0912 26.0000
v -2.7553 -6.6519 26.0000
v -0.0000 -7.2000 26.0000
v 2.7553 -6.6519 26.0000
v 5.0912 -5.0912 26.0000
v 6.6519 -2.7553 26.0000
v 7.2000 -0.0000 26.0000
v 6.6519 2.7553 26.0000
v 5.0912 5.0912 26.0000
v 2.7553 6.6519 26.0000
v 0.0000 7.2000 26.0000
v -2.7553 6.6519 26.0000
v -5.0912 5.0912 26.0000
v -6.6519 2.7553 26.0000
v -7.2000 0.0000 30.0000
v -6.6519 -2.7553 30.0000
v -5.0912 -5.0912 30.0000
v -2.7553 -6.6519 30.0000
v -0.0000 -7.2000 30.0000
v 2.7553 -6.6519 30.0000
v 5.0912 -5.0912 30.0000
v 6.6519 -2.7553 30.0000
v 7.2000 -0.0000 30.0000
v 6.6519 2.7553 30.0000
v 5.0912 5.0912 30.0000
v 2.7553 6.6519 30.0000
v 0.0000 7.2000 30.0000
v -2.7553 6.6519 30.0000
v -5.0912 5.0912 30.0000
v -6.6519 2.7553 30.0000
v 0.0000 0.0000 26.0000
v 0.0000 0.0000 30.0000
v -7.2000 0.0000 -30.0000
v -6.6519 -2.7553 -30.0000
v -5.0912 -5.0912 -30.0000
v -2.7553 -6.6519 -30.0000
v -0.0000 -7.2000 -30.0000
v 2.7553 -6.6519 -30.0000
v 5.0912 -5.0912 -30.0000
v 6.6519 -2.7553 -30.0000
v 7.2000 -0.0000 -30.0000
v 6.6519 2.7553 -30.0000
v 5.0912 5.0912 -30.0000
v 2.7553 6.6519 -30.0000
v 0.0000 7.2000 -30.0000
v -2.7553 6.6519 -30.0000
v -5.0912 5.0912 -30.0000
v -6.6519 2.7553 -30.0000
v -7.2000 0.0000 -26.0000
v -6.6519 -2.7553 -26.0000
v -5.0912 -5.0912 -26.0000
v -2.7553 -6.6519 -26.0000
v -0.0000 -7.2000 -26.0000
v 2.7553 -6.6519 -26.0000
v 5.0912 -5.0912 -26.0000
v 6.6519 -2.7553 -26.0000
v 7.2000 -0.0000 -26.0000
v 6.6519 2.7553 -26.0000
v 5.0912 5.0912 -26.0000
v 2.7553 6.6519 -26.0000
v 0.0000 7.2000 -26.0000
v -2.7553 6.6519 -26.0000
v -5.0912 5.0912 -26.0000
v -6.6519 2.7553 -26.0000
v 0.0000 0.0000 -30.0000
v 0.0000 0.0000 -26.0000
v -2.0000 0.0000 -36.0000
v -1.7321 -1.0000 -36.0000
v -1.0000 -1.7321 -36.0000
v -0.0000 -2.0000 -36.0000
v 1.0000 -1.7321 -36.0000
v 1.7321 -1.0000 -36.0000
v 2.0000 -0.0000 -36.0000
v 1.7321 1.0000 -36.0000
v 1.0000 1.7321 -36.0000
v 0.0000 2.0000 -36.0000
v -1.0000 1.7321 -36.0000
v -1.7321 1.0000 -36.0000
v -2.0000 0.0000 36.0000
v -1.7321 -1.0000 36.0000
v -1.0000 -1.7321 36.0000
v -0.0000 -2.0000 36.0000
v 1.0000 -1.7321 36.0000
v 1.7321 -1.0000 36.0000
v 2.0000 -0.0000 36.0000
v 1.7321 1.0000 36.0000
v 1.0000 1.7321 36.0000
v 0.0000 2.0000 36.0000
v -1.0000 1.7321 36.0000
v -1.7321 1.0000 36.0000
v 0.0000 0.0000 -36.0000
v 0.0000 0.0000 36.0000
v -0.1782 -5.5000 -25.4271
v 0.0226 -6.0063 -25.6788
v 0.2009 -6.0063 -26.2517
v 0.1782 -5.5000 -26.5729
v -0.0226 -4.9937 -26.3212
v -0.2009 -4.9937 -25.7483
v 2.6078 -4.8255 -24.5604
v 2.8086 -5.3317 -24.8121
v 2.9869 -5.3317 -25.3850
v 2.9642 -4.8255 -25.7063
v 2.7633 -4.3192 -25.4546
v 2.5851 -4.3192 -24.8816
v 0.0000 -5.5000 -26.0000
v 2.7860 -4.8255 -25.1333
v 2.5572 -4.8255 -24.5786
v 2.9892 -5.2153 -24.7250
v 3.2180 -5.2153 -25.2797
v 3.0147 -4.8255 -25.6880
v 2.5827 -4.4356 -25.5417
v 2.3540 -4.4356 -24.9870
v 4.6589 -2.8219 -23.7120
v 5.0909 -3.2117 -23.8583
v 5.3196 -3.2117 -24.4130
v 5.1164 -2.8219 -24.8214
v 4.6844 -2.4320 -24.6750
v 4.4556 -2.4320 -24.1203
v 2.7860 -4.8255 -25.1333
v 4.8876 -2.8219 -24.2667
v 4.8876 -2.6457 -24.8402
v 4.3873 -2.5997 -24.5123
v 4.3873 -2.7759 -23.9387
v 4.8876 -2.9980 -23.6931
v 5.3879 -3.0440 -24.0211
v 5.3879 -2.8679 -24.5946
v 5.7151 0.1762 -23.9736
v 5.2148 0.2221 -23.6456
v 5.2148 0.0460 -23.0720
v 5.7151 -0.1762 -22.8264
v 6.2154 -0.2221 -23.1544
v 6.2154 -0.0460 -23.7280
v 4.8876 -2.8219 -24.2667
v 5.7151 -0.0000 -23.4000
v 5.7151 0.1722 -23.9748
v 5.2091 -0.0270 -23.7213
v 5.2091 -0.1992 -23.1465
v 5.7151 -0.1722 -22.8252
v 6.2211 0.0270 -23.0787
v 6.2211 0.1992 -23.6535
v 5.0107 3.0651 -23.1081
v 4.5047 2.8660 -22.8546
v 4.5047 2.6938 -22.2798
v 5.0107 2.7208 -21.9586
v 5.5168 2.9199 -22.2121
v 5.5168 3.0921 -22.7868
v 5.7151 -0.0000 -23.4000
v 5.0107 2.8929 -22.5333
v 4.7802 2.8929 -23.0873
v 4.5622 2.5192 -22.6716
v 4.7927 2.5192 -22.1177
v 5.2412 2.8929 -21.9794
v 5.4592 3.2667 -22.3950
v 5.2287 3.2667 -22.9490
v 2.6974 5.0713 -22.2206
v 2.4794 4.6975 -21.8050
v 2.7099 4.6975 -21.2510
v 3.1584 5.0713 -21.1127
v 3.3764 5.4451 -21.5284
v 3.1459 5.4451 -22.0823
v 5.0107 2.8929 -22.5333
v 2.9279 5.0713 -21.6667
v 2.7576 5.0713 -22.2420
v 2.7087 4.5709 -21.9146
v 2.8790 4.5709 -21.3393
v 3.0982 5.0713 -21.0913
v 3.1472 5.5718 -21.4187
v 2.9769 5.5718 -21.9940
v -0.1703 5.9249 -21.3753
v -0.2193 5.4245 -21.0480
v -0.0490 5.4245 -20.4726
v 0.1703 5.9249 -20.2247
v 0.2193 6.4253 -20.5520
v 0.0490 6.4253 -21.1274
v 2.9279 5.0713 -21.6667
v 0.0000 5.9249 -20.8000
v -0.1667 5.9249 -21.3764
v 0.0311 5.4191 -21.1213
v 0.1978 5.4191 -20.5449
v 0.1667 5.9249 -20.2236
v -0.0311 6.4307 -20.4787
v -0.1978 6.4307 -21.0551
v -3.1631 5.1899 -20.5097
v -2.9652 4.6841 -20.2546
v -2.7985 4.6841 -19.6783
v -2.8297 5.1899 -19.3570
v -3.0275 5.6956 -19.6120
v -3.1942 5.6956 -20.1884
v 0.0000 5.9249 -20.8000
v -2.9964 5.1899 -19.9333
v -3.2120 5.1899 -20.4933
v -2.7807 4.8028 -20.3379
v -2.5651 4.8028 -19.7779
v -2.7808 5.1899 -19.3734
v -3.2121 5.5770 -19.5288
v -3.4277 5.5770 -20.0888
v -5.4630 3.0296 -19.6266
v -5.0318 2.6426 -19.4712
v -4.8162 2.6426 -18.9112
v -5.0319 3.0296 -18.5067
v -5.4632 3.4167 -18.6621
v -5.6788 3.4167 -19.2221
v -2.9964 5.1899 -19.9333
v -5.2475 3.0296 -19.0667
v -5.2475 3.1947 -18.4898
v -5.7481 3.2461 -18.8165
v -5.7481 3.0810 -19.3934
v -5.2475 2.8646 -19.6435
v -4.7469 2.8132 -19.3168
v -4.7469 2.9782 -18.7399
v -6.1242 0.1650 -17.6231
v -6.6248 0.2164 -17.9499
v -6.6248 0.0514 -18.5267
v -6.1242 -0.1650 -18.7769
v -5.6236 -0.2164 -18.4501
v -5.6236 -0.0514 -17.8733
v -5.2475 3.0296 -19.0667
v -6.1242 0.0000 -18.2000
v -6.1242 0.1619 -17.6222
v -6.6297 -0.0351 -17.8786
v -6.6297 -0.1969 -18.4564
v -6.1242 -0.1619 -18.7778
v -5.6188 0.0351 -18.5214
v -5.6188 0.1969 -17.9436
v -5.3585 -2.9319 -16.7556
v -5.8640 -3.1288 -17.0120
v -5.8640 -3.2907 -17.5897
v -5.3585 -3.2556 -17.9111
v -4.8531 -3.0587 -17.6547
v -4.8531 -2.8968 -17.0769
v -6.1242 0.0000 -18.2000
v -5.3585 -3.0937 -17.3333
v -5.5755 -3.0937 -16.7739
v -5.8038 -3.4672 -17.1843
v -5.5868 -3.4672 -17.7437
v -5.1415 -3.0937 -17.8927
v -4.9132 -2.7203 -17.4824
v -5.1302 -2.7203 -16.9230
v -3.3414 -5.4117 -15.9073
v -3.5698 -5.7852 -16.3176
v -3.3527 -5.7852 -16.8770
v -2.9074 -5.4117 -17.0261
v -2.6791 -5.0382 -16.6157
v -2.8961 -5.0382 -16.0563
v -5.3585 -3.0937 -17.3333
v -3.1244 -5.4117 -16.4667
v -3.2848 -5.4117 -15.8885
v -3.3381 -5.9125 -16.2146
v -3.1777 -5.9125 -16.7928
v -2.9641 -5.4117 -17.0448
v -2.9108 -4.9109 -16.7187
v -3.0712 -4.9109 -16.1406
v -0.1604 -6.3082 -15.0218
v -0.2136 -6.8090 -15.3479
v -0.0533 -6.8090 -15.9261
v 0.1604 -6.3082 -16.1782
v 0.2136 -5.8074 -15.8521
v 0.0533 -5.8074 -15.2739
v -3.1244 -5.4117 -16.4667
v -0.0000 -6.3082 -15.6000
v -0.1576 -6.3082 -15.0211
v 0.0387 -6.8133 -15.2785
v 0.1964 -6.8133 -15.8574
v 0.1576 -6.3082 -16.1789
v -0.0387 -5.8031 -15.9215
v -0.1964 -5.8031 -15.3426
v 3.0250 -5.5125 -14.1544
v 3.2214 -6.0177 -14.4119
v 3.3790 -6.0177 -14.9908
v 3.3403 -5.5125 -15.3123
v 3.1439 -5.0074 -15.0548
v 2.9863 -5.0074 -14.4759
v -0.0000 -6.3082 -15.6000
v 3.1827 -5.5125 -14.7333
v 2.9772 -5.5125 -14.1696
v 3.4085 -5.8968 -14.3317
v 3.6140 -5.8968 -14.8954
v 3.3882 -5.5125 -15.2970
v 2.9569 -5.1282 -15.1350
v 2.7513 -5.1282 -14.5713
v 5.3544 -3.2100 -13.3030
v 5.7857 -3.5943 -13.4650
v 5.9912 -3.5943 -14.0287
v 5.7654 -3.2100 -14.4304
v 5.3341 -2.8257 -14.2683
v 5.1286 -2.8257 -13.7046
v 3.1827 -5.5125 -14.7333
v 5.5599 -3.2100 -13.8667
v 5.5599 -3.0536 -14.4459
v 5.0588 -2.9991 -14.1205
v 5.0588 -3.1555 -13.5412
v 5.5599 -3.3664 -13.2874
v 6.0610 -3.4210 -13.6129
v 6.0610 -3.2646 -14.1921
v 6.4723 0.1564 -13.5793
v 5.9712 0.2109 -13.2538
v 5.9712 0.0545 -12.6745
v 6.4723 -0.1564 -12.4207
v 6.9734 -0.2109 -12.7462
v 6.9734 -0.0545 -13.3255
v 5.5599 -3.2100 -13.8667
v 6.4723 -0.0000 -13.0000
v 6.4723 0.1541 -13.5799
v 5.9675 -0.0421 -13.3216
v 5.9675 -0.1962 -12.7417
v 6.4723 -0.1541 -12.4201
v 6.9770 0.0421 -12.6784
v 6.9770 0.1962 -13.2583
v 5.6481 3.4150 -12.7132
v 5.1433 3.2188 -12.4549
v 5.1433 3.0647 -11.8751
v 5.6481 3.1068 -11.5535
v 6.1528 3.3030 -11.8117
v 6.1528 3.4571 -12.3916
v 6.4723 -0.0000 -13.0000
v 5.6481 3.2609 -12.1333
v 5.4415 3.2609 -12.6967
v 5.2062 2.8869 -12.2908
v 5.4127 2.8869 -11.7275
v 5.8546 3.2609 -11.5700
v 6.0900 3.6350 -11.9758
v 5.8834 3.6350 -12.5392
v 3.0777 5.6886 -11.8300
v 2.8424 5.3145 -11.4242
v 3.0489 5.3145 -10.8608
v 3.4908 5.6886 -10.7033
v 3.7262 6.0626 -11.1092
v 3.5196 6.0626 -11.6725
v 5.6481 3.2609 -12.1333
v 3.2843 5.6886 -11.2667
v 3.1312 5.6886 -11.8468
v 3.0759 5.1872 -11.5219
v 3.2290 5.1872 -10.9418
v 3.4374 5.6886 -10.6865
v 3.4927 6.1900 -11.0114
v 3.3396 6.1900 -11.5915
v -0.1531 6.6124 -10.9801
v -0.2084 6.1110 -10.6553
v -0.0553 6.1110 -10.0751
v 0.1531 6.6124 -9.8199
v 0.2084 7.1138 -10.1447
v 0.0553 7.1138 -10.7249
v 3.2843 5.6886 -11.2667
v 0.0000 6.6124 -10.4000
v -0.1513 6.6124 -10.9806
v 0.0451 6.1080 -10.7218
v 0.1964 6.1080 -10.1412
v 0.1513 6.6124 -9.8194
v -0.0451 7.1168 -10.0782
v -0.1964 7.1168 -10.6588
v -3.4779 5.7618 -10.1140
v -3.2814 5.2574 -9.8551
v -3.1302 5.2574 -9.2745
v -3.1753 5.7618 -8.9527
v -3.3717 6.2662 -9.2116
v -3.5230 6.2662 -9.7922
v 0.0000 6.6124 -10.4000
v -3.3266 5.7618 -9.5333
v -3.5254 5.7618 -10.0994
v -3.0933 5.3802 -9.9332
v -2.8945 5.3802 -9.3671
v -3.1278 5.7618 -8.9672
v -3.5599 6.1435 -9.1334
v -3.7587 6.1435 -9.6995
v -5.9932 3.3454 -9.2328
v -5.5611 2.9637 -9.0666
v -5.3623 2.9637 -8.5005
v -5.5956 3.3454 -8.1006
v -6.0277 3.7271 -8.2668
v -6.2265 3.7271 -8.8329
v -3.3266 5.7618 -9.5333
v -5.7944 3.3454 -8.6667
v -5.7944 3.4959 -8.0858
v -6.2961 3.5514 -8.4101
v -6.2961 3.4010 -8.9910
v -5.7944 3.1949 -9.2475
v -5.2927 3.1393 -8.9232
v -5.2927 3.2898 -8.3424
v -6.7251 0.1505 -7.2192
v -7.2269 0.2060 -7.5435
v -7.2269 0.0556 -8.1243
v -6.7251 -0.1505 -8.3808
v -6.2234 -0.2060 -8.0565
v -6.2234 -0.0556 -7.4757
v -5.7944 3.3454 -8.6667
v -6.7251 0.0000 -7.8000
v -6.7251 0.1491 -7.2188
v -7.2292 -0.0478 -7.4780
v -7.2292 -0.1969 -8.0592
v -6.7251 -0.1491 -8.3812
v -6.2211 0.0478 -8.1220
v -6.2211 0.1969 -7.5408
v -5.8510 -3.2290 -6.3522
v -6.3550 -3.4259 -6.6113
v -6.3550 -3.5750 -7.1925
v -5.8510 -3.5272 -7.5145
v -5.3470 -3.3302 -7.2553
v -5.3470 -3.1811 -6.6741
v -6.7251 0.0000 -7.8000
v -5.8510 -3.3781 -6.9333
v -6.0504 -3.3781 -6.3674
v -6.2896 -3.7534 -6.7698
v -6.0902 -3.7534 -7.3357
v -5.6515 -3.3781 -7.4992
v -5.4123 -3.0028 -7.0968
v -5.6117 -3.0028 -6.5309
v -3.5913 -5.8748 -5.5008
v -3.8305 -6.2501 -5.9032
v -3.6311 -6.2501 -6.4691
v -3.1924 -5.8748 -6.6326
v -2.9532 -5.4995 -6.2302
v -3.1526 -5.4995 -5.6643
v -5.8510 -3.3781 -6.9333
v -3.3918 -5.8748 -6.0667
v -3.5404 -5.8748 -5.4853
v -3.5957 -6.3769 -5.8091
v -3.4472 -6.3769 -6.3905
v -3.2433 -5.8748 -6.6480
v -3.1879 -5.3727 -6.3242
v -3.3365 -5.3727 -5.7429
v -0.1485 -6.8077 -4.6187
v -0.2039 -7.3098 -4.9425
v -0.0554 -7.3098 -5.5238
v 0.1485 -6.8077 -5.7813
v 0.2039 -6.3056 -5.4575
v 0.0554 -6.3056 -4.8762
v -3.3918 -5.8748 -6.0667
v -0.0000 -6.8077 -5.2000
v -0.1476 -6.8077 -4.6184
v 0.0501 -7.3113 -4.8778
v 0.1978 -7.3113 -5.4593
v 0.1476 -6.8077 -5.7816
v -0.0501 -6.3041 -5.5222
v -0.1978 -6.3041 -4.9407
v 3.2664 -5.9133 -3.7518
v 3.4642 -6.4170 -4.0111
v 3.6118 -6.4170 -4.5926
v 3.5617 -5.9133 -4.9149
v 3.3639 -5.4097 -4.6556
v 3.2163 -5.4097 -4.0740
v -0.0000 -6.8077 -5.2000
v 3.4141 -5.9133 -4.3333
v 3.2185 -5.9133 -3.7661
v 3.6521 -6.2926 -3.9339
v 3.8477 -6.2926 -4.5012
v 3.6096 -5.9133 -4.9006
v 3.1760 -5.5341 -4.7327
v 2.9805 -5.5341 -4.1655
v 5.7323 -3.4225 -2.8994
v 6.1660 -3.8017 -3.0673
v 6.3615 -3.8017 -3.6345
v 6.1235 -3.4225 -4.0339
v 5.6898 -3.0433 -3.8661
v 5.4943 -3.0433 -3.2988
v 3.4141 -5.9133 -4.3333
v 5.9279 -3.4225 -3.4667
v 5.9279 -3.2752 -4.0483
v 5.4254 -3.2205 -3.7250
v 5.4254 -3.3678 -3.1433
v 5.9279 -3.5698 -2.8850
v 6.4304 -3.6245 -3.2083
v 6.4304 -3.4772 -3.7900
v 6.8581 0.1473 -3.1816
v 6.3556 0.2020 -2.8583
v 6.3556 0.0547 -2.2767
v 6.8581 -0.1473 -2.0184
v 7.3605 -0.2020 -2.3417
v 7.3605 -0.0547 -2.9233
v 5.9279 -3.4225 -3.4667
v 6.8581 -0.0000 -2.6000
v 6.8581 0.1468 -3.1818
v 6.3548 -0.0521 -2.9225
v 6.3548 -0.1989 -2.3408
v 6.8581 -0.1468 -2.0182
v 7.3613 0.0521 -2.2775
v 7.3613 0.1989 -2.8592
v 5.9474 3.5806 -2.3151
v 5.4442 3.3817 -2.0559
v 5.4442 3.2348 -1.4741
v 5.9474 3.2869 -1.1516
v 6.4506 3.4858 -1.4108
v 6.4506 3.6326 -1.9925
v 6.8581 -0.0000 -2.6000
v 5.9474 3.4337 -1.7333
v 5.7516 3.4337 -2.3005
v 5.5116 3.0567 -1.9003
v 5.7073 3.0567 -1.3331
v 6.1432 3.4337 -1.1662
v 6.3832 3.8108 -1.5664
v 6.1875 3.8108 -2.1336
v 3.2408 5.9523 -1.4338
v 3.0007 5.5752 -1.0336
v 3.1965 5.5752 -0.4664
v 3.6323 5.9523 -0.2995
v 3.8724 6.3294 -0.6997
v 3.6766 6.3294 -1.2669
v 5.9474 3.4337 -1.7333
v 3.4366 5.9523 -0.8667
v 3.2898 5.9523 -1.4485
v 3.2363 5.4494 -1.1255
v 3.3830 5.4494 -0.5438
v 3.5833 5.9523 -0.2849
v 3.6369 6.4551 -0.6078
v 3.4901 6.4551 -1.1896
v -0.1467 6.8750 -0.5818
v -0.2003 6.3721 -0.2589
v -0.0536 6.3721 0.3229
v 0.1467 6.8750 0.5818
v 0.2003 7.3779 0.2589
v 0.0536 7.3779 -0.3229
v 3.4366 5.9523 -0.8667
v 0.0000 6.8750 0.0000
v -0.1467 6.8750 -0.5818
v 0.0536 6.3721 -0.3229
v 0.2003 6.3721 0.2589
v 0.1467 6.8750 0.5818
v -0.0536 7.3779 0.3229
v -0.2003 7.3779 -0.2589
v -3.5833 5.9523 0.2849
v -3.3830 5.4494 0.5438
v -3.2363 5.4494 1.1255
v -3.2898 5.9523 1.4485
v -3.4901 6.4551 1.1896
v -3.6369 6.4551 0.6078
v 0.0000 6.8750 0.0000
v -3.4366 5.9523 0.8667
v -3.6323 5.9523 0.2995
v -3.1965 5.5752 0.4664
v -3.0007 5.5752 1.0336
v -3.2408 5.9523 1.4338
v -3.6766 6.3294 1.2669
v -3.8724 6.3294 0.6997
v -6.1432 3.4337 1.1662
v -5.7073 3.0567 1.3331
v -5.5116 3.0567 1.9003
v -5.7516 3.4337 2.3005
v -6.1875 3.8108 2.1336
v -6.3832 3.8108 1.5664
v -3.4366 5.9523 0.8667
v -5.9474 3.4337 1.7333
v -5.9474 3.5806 2.3151
v -6.4506 3.6326 1.9925
v -6.4506 3.4858 1.4108
v -5.9474 3.2869 1.1516
v -5.4442 3.2348 1.4741
v -5.4442 3.3817 2.0559
v -6.8581 0.1468 3.1818
v -7.3613 0.1989 2.8592
v -7.3613 0.0521 2.2775
v -6.8581 -0.1468 2.0182
v -6.3548 -0.1989 2.3408
v -6.3548 -0.0521 2.9225
v -5.9474 3.4337 1.7333
v -6.8581 0.0000 2.6000
v -6.8581 0.1473 3.1816
v -7.3605 -0.0547 2.9233
v -7.3605 -0.2020 2.3417
v -6.8581 -0.1473 2.0184
v -6.3556 0.0547 2.2767
v -6.3556 0.2020 2.8583
v -5.9279 -3.2752 4.0483
v -6.4304 -3.4772 3.7900
v -6.4304 -3.6245 3.2083
v -5.9279 -3.5698 2.8850
v -5.4254 -3.3678 3.1433
v -5.4254 -3.2205 3.7250
v -6.8581 0.0000 2.6000
v -5.9279 -3.4225 3.4667
v -6.1235 -3.4225 4.0339
v -6.3615 -3.8017 3.6345
v -6.1660 -3.8017 3.0673
v -5.7323 -3.4225 2.8994
v -5.4943 -3.0433 3.2988
v -5.6898 -3.0433 3.8661
v -3.6096 -5.9133 4.9006
v -3.8477 -6.2926 4.5012
v -3.6521 -6.2926 3.9339
v -3.2185 -5.9133 3.7661
v -2.9805 -5.5341 4.1655
v -3.1760 -5.5341 4.7327
v -5.9279 -3.4225 3.4667
v -3.4141 -5.9133 4.3333
v -3.5617 -5.9133 4.9149
v -3.6118 -6.4170 4.5926
v -3.4642 -6.4170 4.0111
v -3.2664 -5.9133 3.7518
v -3.2163 -5.4097 4.0740
v -3.3639 -5.4097 4.6556
v -0.1476 -6.8077 5.7816
v -0.1978 -7.3113 5.4593
v -0.0501 -7.3113 4.8778
v 0.1476 -6.8077 4.6184
v 0.1978 -6.3041 4.9407
v 0.0501 -6.3041 5.5222
v -3.4141 -5.9133 4.3333
v -0.0000 -6.8077 5.2000
v -0.1485 -6.8077 5.7813
v 0.0554 -7.3098 5.5238
v 0.2039 -7.3098 4.9425
v 0.1485 -6.8077 4.6187
v -0.0554 -6.3056 4.8762
v -0.2039 -6.3056 5.4575
v 3.2433 -5.8748 6.6480
v 3.4472 -6.3769 6.3905
v 3.5957 -6.3769 5.8091
v 3.5404 -5.8748 5.4853
v 3.3365 -5.3727 5.7429
v 3.1879 -5.3727 6.3242
v -0.0000 -6.8077 5.2000
v 3.3918 -5.8748 6.0667
v 3.1924 -5.8748 6.6326
v 3.6311 -6.2501 6.4691
v 3.8305 -6.2501 5.9032
v 3.5913 -5.8748 5.5008
v 3.1526 -5.4995 5.6643
v 2.9532 -5.4995 6.2302
v 5.6515 -3.3781 7.4992
v 6.0902 -3.7534 7.3357
v 6.2896 -3.7534 6.7698
v 6.0504 -3.3781 6.3674
v 5.6117 -3.0028 6.5309
v 5.4123 -3.0028 7.0968
v 3.3918 -5.8748 6.0667
v 5.8510 -3.3781 6.9333
v 5.8510 -3.2290 6.3522
v 5.3470 -3.1811 6.6741
v 5.3470 -3.3302 7.2553
v 5.8510 -3.5272 7.5145
v 6.3550 -3.5750 7.1925
v 6.3550 -3.4259 6.6113
v 6.7251 0.1491 7.2188
v 6.2211 0.1969 7.5408
v 6.2211 0.0478 8.1220
v 6.7251 -0.1491 8.3812
v 7.2292 -0.1969 8.0592
v 7.2292 -0.0478 7.4780
v 5.8510 -3.3781 6.9333
v 6.7251 0.0000 7.8000
v 6.7251 0.1505 7.2192
v 6.2234 -0.0556 7.4757
v 6.2234 -0.2060 8.0565
v 6.7251 -0.1505 8.3808
v 7.2269 0.0556 8.1243
v 7.2269 0.2060 7.5435
v 5.7944 3.4959 8.0858
v 5.2927 3.2898 8.3424
v 5.2927 3.1393 8.9232
v 5.7944 3.1949 9.2475
v 6.2961 3.4010 8.9910
v 6.2961 3.5514 8.4101
v 6.7251 0.0000 7.8000
v 5.7944 3.3454 8.6667
v 5.5956 3.3454 8.1006
v 5.3623 2.9637 8.5005
v 5.5611 2.9637 9.0666
v 5.9932 3.3454 9.2328
v 6.2265 3.7271 8.8329
v 6.0277 3.7271 8.2668
v 3.1278 5.7618 8.9672
v 2.8945 5.3802 9.3671
v 3.0933 5.3802 9.9332
v 3.5254 5.7618 10.0994
v 3.7587 6.1435 9.6995
v 3.5599 6.1435 9.1334
v 5.7944 3.3454 8.6667
v 3.3266 5.7618 9.5333
v 3.1753 5.7618 8.9527
v 3.1302 5.2574 9.2745
v 3.2814 5.2574 9.8551
v 3.4779 5.7618 10.1140
v 3.5230 6.2662 9.7922
v 3.3717 6.2662 9.2116
v -0.1513 6.6124 9.8194
v -0.1964 6.1080 10.1412
v -0.0451 6.1080 10.7218
v 0.1513 6.6124 10.9806
v 0.1964 7.1168 10.6588
v 0.0451 7.1168 10.0782
v 3.3266 5.7618 9.5333
v 0.0000 6.6124 10.4000
v -0.1531 6.6124 9.8199
v 0.0553 6.1110 10.0751
v 0.2084 6.1110 10.6553
v 0.1531 6.6124 10.9801
v -0.0553 7.1138 10.7249
v -0.2084 7.1138 10.1447
v -3.4374 5.6886 10.6865
v -3.2290 5.1872 10.9418
v -3.0759 5.1872 11.5219
v -3.1312 5.6886 11.8468
v -3.3396 6.1900 11.5915
v -3.4927 6.1900 11.0114
v 0.0000 6.6124 10.4000
v -3.2843 5.6886 11.2667
v -3.4908 5.6886 10.7033
v -3.0489 5.3145 10.8608
v -2.8424 5.3145 11.4242
v -3.0777 5.6886 11.8300
v -3.5196 6.0626 11.6725
v -3.7262 6.0626 11.1092
v -5.8546 3.2609 11.5700
v -5.4127 2.8869 11.7275
v -5.2062 2.8869 12.2908
v -5.4415 3.2609 12.6967
v -5.8834 3.6350 12.5392
v -6.0900 3.6350 11.9758
v -3.2843 5.6886 11.2667
v -5.6481 3.2609 12.1333
v -5.6481 3.4150 12.7132
v -6.1528 3.4571 12.3916
v -6.1528 3.3030 11.8117
v -5.6481 3.1068 11.5535
v -5.1433 3.0647 11.8751
v -5.1433 3.2188 12.4549
v -6.4723 0.1541 13.5799
v -6.9770 0.1962 13.2583
v -6.9770 0.0421 12.6784
v -6.4723 -0.1541 12.4201
v -5.9675 -0.1962 12.7417
v -5.9675 -0.0421 13.3216
v -5.6481 3.2609 12.1333
v -6.4723 0.0000 13.0000
v -6.4723 0.1564 13.5793
v -6.9734 -0.0545 13.3255
v -6.9734 -0.2109 12.7462
v -6.4723 -0.1564 12.4207
v -5.9712 0.0545 12.6745
v -5.9712 0.2109 13.2538
v -5.5599 -3.0536 14.4459
v -6.0610 -3.2646 14.1921
v -6.0610 -3.4210 13.6129
v -5.5599 -3.3664 13.2874
v -5.0588 -3.1555 13.5412
v -5.0588 -2.9991 14.1205
v -6.4723 0.0000 13.0000
v -5.5599 -3.2100 13.8667
v -5.7654 -3.2100 14.4304
v -5.9912 -3.5943 14.0287
v -5.7857 -3.5943 13.4650
v -5.3544 -3.2100 13.3030
v -5.1286 -2.8257 13.7046
v -5.3341 -2.8257 14.2683
v -3.3882 -5.5125 15.2970
v -3.6140 -5.8968 14.8954
v -3.4085 -5.8968 14.3317
v -2.9772 -5.5125 14.1696
v -2.7513 -5.1282 14.5713
v -2.9569 -5.1282 15.1350
v -5.5599 -3.2100 13.8667
v -3.1827 -5.5125 14.7333
v -3.3403 -5.5125 15.3123
v -3.3790 -6.0177 14.9908
v -3.2214 -6.0177 14.4119
v -3.0250 -5.5125 14.1544
v -2.9863 -5.0074 14.4759
v -3.1439 -5.0074 15.0548
v -0.1576 -6.3082 16.1789
v -0.1964 -6.8133 15.8574
v -0.0387 -6.8133 15.2785
v 0.1576 -6.3082 15.0211
v 0.1964 -5.8031 15.3426
v 0.0387 -5.8031 15.9215
v -3.1827 -5.5125 14.7333
v -0.0000 -6.3082 15.6000
v -0.1604 -6.3082 16.1782
v 0.0533 -6.8090 15.9261
v 0.2136 -6.8090 15.3479
v 0.1604 -6.3082 15.0218
v -0.0533 -5.8074 15.2739
v -0.2136 -5.8074 15.8521
v 2.9641 -5.4117 17.0448
v 3.1777 -5.9125 16.7928
v 3.3381 -5.9125 16.2146
v 3.2848 -5.4117 15.8885
v 3.0712 -4.9109 16.1406
v 2.9108 -4.9109 16.7187
v -0.0000 -6.3082 15.6000
v 3.1244 -5.4117 16.4667
v 2.9074 -5.4117 17.0261
v 3.3527 -5.7852 16.8770
v 3.5698 -5.7852 16.3176
v 3.3414 -5.4117 15.9073
v 2.8961 -5.0382 16.0563
v 2.6791 -5.0382 16.6157
v 5.1415 -3.0937 17.8927
v 5.5868 -3.4672 17.7437
v 5.8038 -3.4672 17.1843
v 5.5755 -3.0937 16.7739
v 5.1302 -2.7203 16.9230
v 4.9132 -2.7203 17.4824
v 3.1244 -5.4117 16.4667
v 5.3585 -3.0937 17.3333
v 5.3585 -2.9319 16.7556
v 4.8531 -2.8968 17.0769
v 4.8531 -3.0587 17.6547
v 5.3585 -3.2556 17.9111
v 5.8640 -3.2907 17.5897
v 5.8640 -3.1288 17.0120
v 6.1242 0.1619 17.6222
v 5.6188 0.1969 17.9436
v 5.6188 0.0351 18.5214
v 6.1242 -0.1619 18.7778
v 6.6297 -0.1969 18.4564
v 6.6297 -0.0351 17.8786
v 5.3585 -3.0937 17.3333
v 6.1242 0.0000 18.2000
v 6.1242 0.1650 17.6231
v 5.6236 -0.0514 17.8733
v 5.6236 -0.2164 18.4501
v 6.1242 -0.1650 18.7769
v 6.6248 0.0514 18.5267
v 6.6248 0.2164 17.9499
v 5.2475 3.1947 18.4898
v 4.7469 2.9782 18.7399
v 4.7469 2.8132 19.3168
v 5.2475 2.8646 19.6435
v 5.7481 3.0810 19.3934
v 5.7481 3.2461 18.8165
v 6.1242 0.0000 18.2000
v 5.2475 3.0296 19.0667
v 5.0319 3.0296 18.5067
v 4.8162 2.6426 18.9112
v 5.0318 2.6426 19.4712
v 5.4630 3.0296 19.6266
v 5.6788 3.4167 19.2221
v 5.4632 3.4167 18.6621
v 2.7808 5.1899 19.3734
v 2.5651 4.8028 19.7779
v 2.7807 4.8028 20.3379
v 3.2120 5.1899 20.4933
v 3.4277 5.5770 20.0888
v 3.2121 5.5770 19.5288
v 5.2475 3.0296 19.0667
v 2.9964 5.1899 19.9333
v 2.8297 5.1899 19.3570
v 2.7985 4.6841 19.6783
v 2.9652 4.6841 20.2546
v 3.1631 5.1899 20.5097
v 3.1942 5.6956 20.1884
v 3.0275 5.6956 19.6120
v -0.1667 5.9249 20.2236
v -0.1978 5.4191 20.5449
v -0.0311 5.4191 21.1213
v 0.1667 5.9249 21.3764
v 0.1978 6.4307 21.0551
v 0.0311 6.4307 20.4787
v 2.9964 5.1899 19.9333
v 0.0000 5.9249 20.8000
v -0.1703 5.9249 20.2247
v 0.0490 5.4245 20.4726
v 0.2193 5.4245 21.0480
v 0.1703 5.9249 21.3753
v -0.0490 6.4253 21.1274
v -0.2193 6.4253 20.5520
v -3.0982 5.0713 21.0913
v -2.8790 4.5709 21.3393
v -2.7087 4.5709 21.9146
v -2.7576 5.0713 22.2420
v -2.9769 5.5718 21.9940
v -3.1472 5.5718 21.4187
v 0.0000 5.9249 20.8000
v -2.9279 5.0713 21.6667
v -3.1584 5.0713 21.1127
v -2.7099 4.6975 21.2510
v -2.4794 4.6975 21.8050
v -2.6974 5.0713 22.2206
v -3.1459 5.4451 22.0823
v -3.3764 5.4451 21.5284
v -5.2412 2.8929 21.9794
v -4.7927 2.5192 22.1177
v -4.5622 2.5192 22.6716
v -4.7802 2.8929 23.0873
v -5.2287 3.2667 22.9490
v -5.4592 3.2667 22.3950
v -2.9279 5.0713 21.6667
v -5.0107 2.8929 22.5333
v -5.0107 3.0651 23.1081
v -5.5168 3.0921 22.7868
v -5.5168 2.9199 22.2121
v -5.0107 2.7208 21.9586
v -4.5047 2.6938 22.2798
v -4.5047 2.8660 22.8546
v -5.7151 0.1722 23.9748
v -6.2211 0.1992 23.6535
v -6.2211 0.0270 23.0787
v -5.7151 -0.1722 22.8252
v -5.2091 -0.1992 23.1465
v -5.2091 -0.0270 23.7213
v -5.0107 2.8929 22.5333
v -5.7151 0.0000 23.4000
v -5.7151 0.1762 23.9736
v -6.2154 -0.0460 23.7280
v -6.2154 -0.2221 23.1544
v -5.7151 -0.1762 22.8264
v -5.2148 0.0460 23.0720
v -5.2148 0.2221 23.6456
v -4.8876 -2.6457 24.8402
v -5.3879 -2.8679 24.5946
v -5.3879 -3.0440 24.0211
v -4.8876 -2.9980 23.6931
v -4.3873 -2.7759 23.9387
v -4.3873 -2.5997 24.5123
v -5.7151 0.0000 23.4000
v -4.8876 -2.8219 24.2667
v -5.1164 -2.8219 24.8214
v -5.3196 -3.2117 24.4130
v -5.0909 -3.2117 23.8583
v -4.6589 -2.8219 23.7120
v -4.4556 -2.4320 24.1203
v -4.6844 -2.4320 24.6750
v -3.0147 -4.8255 25.6880
v -3.2180 -5.2153 25.2797
v -2.9892 -5.2153 24.7250
v -2.5572 -4.8255 24.5786
v -2.3540 -4.4356 24.9870
v -2.5827 -4.4356 25.5417
v -4.8876 -2.8219 24.2667
v -2.7860 -4.8255 25.1333
v -2.9642 -4.8255 25.7063
v -2.9869 -5.3317 25.3850
v -2.8086 -5.3317 24.8121
v -2.6078 -4.8255 24.5604
v -2.5851 -4.3192 24.8816
v -2.7633 -4.3192 25.4546
v -0.1782 -5.5000 26.5729
v -0.2009 -6.0063 26.2517
v -0.0226 -6.0063 25.6788
v 0.1782 -5.5000 25.4271
v 0.2009 -4.9937 25.7483
v 0.0226 -4.9937 26.3212
v -2.7860 -4.8255 25.1333
v -0.0000 -5.5000 26.0000
v 2.5000 0.0000 27.0000
v 2.7664 -1.3394 27.0000
v 3.5251 -2.4749 27.0000
v 4.6606 -3.2336 27.0000
v 6.0000 -3.5000 27.0000
v 7.3394 -3.2336 27.0000
v 8.4749 -2.4749 27.0000
v 9.2336 -1.3394 27.0000
v 9.5000 -0.0000 27.0000
v 9.2336 1.3394 27.0000
v 8.4749 2.4749 27.0000
v 7.3394 3.2336 27.0000
v 6.0000 3.5000 27.0000
v 4.6606 3.2336 27.0000
v 3.5251 2.4749 27.0000
v 2.7664 1.3394 27.0000
v 2.5000 0.0000 28.0000
v 2.7664 -1.3394 28.0000
v 3.5251 -2.4749 28.0000
v 4.6606 -3.2336 28.0000
v 6.0000 -3.5000 28.0000
v 7.3394 -3.2336 28.0000
v 8.4749 -2.4749 28.0000
v 9.2336 -1.3394 28.0000
v 9.5000 -0.0000 28.0000
v 9.2336 1.3394 28.0000
v 8.4749 2.4749 28.0000
v 7.3394 3.2336 28.0000
v 6.0000 3.5000 28.0000
v 4.6606 3.2336 28.0000
v 3.5251 2.4749 28.0000
v 2.7664 1.3394 28.0000
v 6.0000 0.0000 27.0000
v 6.0000 0.0000 28.0000
v 2.5000 0.0000 28.0000
v 2.7664 -1.3394 28.0000
v 3.5251 -2.4749 28.0000
v 4.6606 -3.2336 28.0000
v 6.0000 -3.5000 28.0000
v 7.3394 -3.2336 28.0000
v 8.4749 -2.4749 28.0000
v 9.2336 -1.3394 28.0000
v 9.5000 -0.0000 28.0000
v 9.2336 1.3394 28.0000
v 8.4749 2.4749 28.0000
v 7.3394 3.2336 28.0000
v 6.0000 3.5000 28.0000
v 4.6606 3.2336 28.0000
v 3.5251 2.4749 28.0000
v 2.7664 1.3394 28.0000
v 2.5000 0.0000 29.0000
v 2.7664 -1.3394 29.0000
v 3.5251 -2.4749 29.0000
v 4.6606 -3.2336 29.0000
v 6.0000 -3.5000 29.0000
v 7.3394 -3.2336 29.0000
v 8.4749 -2.4749 29.0000
v 9.2336 -1.3394 29.0000
v 9.5000 -0.0000 29.0000
v 9.2336 1.3394 29.0000
v 8.4749 2.4749 29.0000
v 7.3394 3.2336 29.0000
v 6.0000 3.5000 29.0000
v 4.6606 3.2336 29.0000
v 3.5251 2.4749 29.0000
v 2.7664 1.3394 29.0000
v 6.0000 0.0000 28.0000
v 6.0000 0.0000 29.0000
v 5.1000 0.0000 25.6000
v 5.2206 -0.4500 25.6000
v 5.5500 -0.7794 25.6000
v 6.0000 -0.9000 25.6000
v 6.4500 -0.7794 25.6000
v 6.7794 -0.4500 25.6000
v 6.9000 -0.0000 25.6000
v 6.7794 0.4500 25.6000
v 6.4500 0.7794 25.6000
v 6.0000 0.9000 25.6000
v 5.5500 0.7794 25.6000
v 5.2206 0.4500 25.6000
v 5.1000 0.0000 30.4000
v 5.2206 -0.4500 30.4000
v 5.5500 -0.7794 30.4000
v 6.0000 -0.9000 30.4000
v 6.4500 -0.7794 30.4000
v 6.7794 -0.4500 30.4000
v 6.9000 -0.0000 30.4000
v 6.7794 0.4500 30.4000
v 6.4500 0.7794 30.4000
v 6.0000 0.9000 30.4000
v 5.5500 0.7794 30.4000
v 5.2206 0.4500 30.4000
v 6.0000 0.0000 25.6000
v 6.0000 0.0000 30.4000
v 4.3800 0.0000 30.4000
v 4.5970 -0.8100 30.4000
v 5.1900 -1.4030 30.4000
v 6.0000 -1.6200 30.4000
v 6.8100 -1.4030 30.4000
v 7.4030 -0.8100 30.4000
v 7.6200 -0.0000 30.4000
v 7.4030 0.8100 30.4000
v 6.8100 1.4030 30.4000
v 6.0000 1.6200 30.4000
v 5.1900 1.4030 30.4000
v 4.5970 0.8100 30.4000
v 4.3800 0.0000 31.6000
v 4.5970 -0.8100 31.6000
v 5.1900 -1.4030 31.6000
v 6.0000 -1.6200 31.6000
v 6.8100 -1.4030 31.6000
v 7.4030 -0.8100 31.6000
v 7.6200 -0.0000 31.6000
v 7.4030 0.8100 31.6000
v 6.8100 1.4030 31.6000
v 6.0000 1.6200 31.6000
v 5.1900 1.4030 31.6000
v 4.5970 0.8100 31.6000
v 6.0000 0.0000 30.4000
v 6.0000 0.0000 31.6000
v 4.4700 0.0000 24.4000
v 4.9181 -1.0819 24.4000
v 6.0000 -1.5300 24.4000
v 7.0819 -1.0819 24.4000
v 7.5300 -0.0000 24.4000
v 7.0819 1.0819 24.4000
v 6.0000 1.5300 24.4000
v 4.9181 1.0819 24.4000
v 4.4700 0.0000 25.6000
v 4.9181 -1.0819 25.6000
v 6.0000 -1.5300 25.6000
v 7.0819 -1.0819 25.6000
v 7.5300 -0.0000 25.6000
v 7.0819 1.0819 25.6000
v 6.0000 1.5300 25.6000
v 4.9181 1.0819 25.6000
v 6.0000 0.0000 24.4000
v 6.0000 0.0000 25.6000
v -3.5000 6.0000 27.0000
v -3.2336 4.6606 27.0000
v -2.4749 3.5251 27.0000
v -1.3394 2.7664 27.0000
v 0.0000 2.5000 27.0000
v 1.3394 2.7664 27.0000
v 2.4749 3.5251 27.0000
v 3.2336 4.6606 27.0000
v 3.5000 6.0000 27.0000
v 3.2336 7.3394 27.0000
v 2.4749 8.4749 27.0000
v 1.3394 9.2336 27.0000
v 0.0000 9.5000 27.0000
v -1.3394 9.2336 27.0000
v -2.4749 8.4749 27.0000
v -3.2336 7.3394 27.0000
v -3.5000 6.0000 28.0000
v -3.2336 4.6606 28.0000
v -2.4749 3.5251 28.0000
v -1.3394 2.7664 28.0000
v 0.0000 2.5000 28.0000
v 1.3394 2.7664 28.0000
v 2.4749 3.5251 28.0000
v 3.2336 4.6606 28.0000
v 3.5000 6.0000 28.0000
v 3.2336 7.3394 28.0000
v 2.4749 8.4749 28.0000
v 1.3394 9.2336 28.0000
v 0.0000 9.5000 28.0000
v -1.3394 9.2336 28.0000
v -2.4749 8.4749 28.0000
v -3.2336 7.3394 28.0000
v 0.0000 6.0000 27.0000
v 0.0000 6.0000 28.0000
v -3.5000 6.0000 28.0000
v -3.2336 4.6606 28.0000
v -2.4749 3.5251 28.0000
v -1.3394 2.7664 28.0000
v 0.0000 2.5000 28.0000
v 1.3394 2.7664 28.0000
v 2.4749 3.5251 28.0000
v 3.2336 4.6606 28.0000
v 3.5000 6.0000 28.0000
v 3.2336 7.3394 28.0000
v 2.4749 8.4749 28.0000
v 1.3394 9.2336 28.0000
v 0.0000 9.5000 28.0000
v -1.3394 9.2336 28.0000
v -2.4749 8.4749 28.0000
v -3.2336 7.3394 28.0000
v -3.5000 6.0000 29.0000
v -3.2336 4.6606 29.0000
v -2.4749 3.5251 29.0000
v -1.3394 2.7664 29.0000
v 0.0000 2.5000 29.0000
v 1.3394 2.7664 29.0000
v 2.4749 3.5251 29.0000
v 3.2336 4.6606 29.0000
v 3.5000 6.0000 29.0000
v 3.2336 7.3394 29.0000
v 2.4749 8.4749 29.0000
v 1.3394 9.2336 29.0000
v 0.0000 9.5000 29.0000
v -1.3394 9.2336 29.0000
v -2.4749 8.4749 29.0000
v -3.2336 7.3394 29.0000
v 0.0000 6.0000 28.0000
v 0.0000 6.0000 29.0000
v -0.9000 6.0000 25.6000
v -0.7794 5.5500 25.6000
v -0.4500 5.2206 25.6000
v 0.0000 5.1000 25.6000
v 0.4500 5.2206 25.6000
v 0.7794 5.5500 25.6000
v 0.9000 6.0000 25.6000
v 0.7794 6.4500 25.6000
v 0.4500 6.7794 25.6000
v 0.0000 6.9000 25.6000
v -0.4500 6.7794 25.6000
v -0.7794 6.4500 25.6000
v -0.9000 6.0000 30.4000
v -0.7794 5.5500 30.4000
v -0.4500 5.2206 30.4000
v 0.0000 5.1000 30.4000
v 0.4500 5.2206 30.4000
v 0.7794 5.5500 30.4000
v 0.9000 6.0000 30.4000
v 0.7794 6.4500 30.4000
v 0.4500 6.7794 30.4000
v 0.0000 6.9000 30.4000
v -0.4500 6.7794 30.4000
v -0.7794 6.4500 30.4000
v 0.0000 6.0000 25.6000
v 0.0000 6.0000 30.4000
v -1.6200 6.0000 30.4000
v -1.4030 5.1900 30.4000
v -0.8100 4.5970 30.4000
v 0.0000 4.3800 30.4000
v 0.8100 4.5970 30.4000
v 1.4030 5.1900 30.4000
v 1.6200 6.0000 30.4000
v 1.4030 6.8100 30.4000
v 0.8100 7.4030 30.4000
v 0.0000 7.6200 30.4000
v -0.8100 7.4030 30.4000
v -1.4030 6.8100 30.4000
v -1.6200 6.0000 31.6000
v -1.4030 5.1900 31.6000
v -0.8100 4.5970 31.6000
v 0.0000 4.3800 31.6000
v 0.8100 4.5970 31.6000
v 1.4030 5.1900 31.6000
v 1.6200 6.0000 31.6000
v 1.4030 6.8100 31.6000
v 0.8100 7.4030 31.6000
v 0.0000 7.6200 31.6000
v -0.8100 7.4030 31.6000
v -1.4030 6.8100 31.6000
v 0.0000 6.0000 30.4000
v 0.0000 6.0000 31.6000
v -1.5300 6.0000 24.4000
v -1.0819 4.9181 24.4000
v 0.0000 4.4700 24.4000
v 1.0819 4.9181 24.4000
v 1.5300 6.0000 24.4000
v 1.0819 7.0819 24.4000
v 0.0000 7.5300 24.4000
v -1.0819 7.0819 24.4000
v -1.5300 6.0000 25.6000
v -1.0819 4.9181 25.6000
v 0.0000 4.4700 25.6000
v 1.0819 4.9181 25.6000
v 1.5300 6.0000 25.6000
v 1.0819 7.0819 25.6000
v 0.0000 7.5300 25.6000
v -1.0819 7.0819 25.6000
v 0.0000 6.0000 24.4000
v 0.0000 6.0000 25.6000
v -9.5000 0.0000 27.0000
v -9.2336 -1.3394 27.0000
v -8.4749 -2.4749 27.0000
v -7.3394 -3.2336 27.0000
v -6.0000 -3.5000 27.0000
v -4.6606 -3.2336 27.0000
v -3.5251 -2.4749 27.0000
v -2.7664 -1.3394 27.0000
v -2.5000 0.0000 27.0000
v -2.7664 1.3394 27.0000
v -3.5251 2.4749 27.0000
v -4.6606 3.2336 27.0000
v -6.0000 3.5000 27.0000
v -7.3394 3.2336 27.0000
v -8.4749 2.4749 27.0000
v -9.2336 1.3394 27.0000
v -9.5000 0.0000 28.0000
v -9.2336 -1.3394 28.0000
v -8.4749 -2.4749 28.0000
v -7.3394 -3.2336 28.0000
v -6.0000 -3.5000 28.0000
v -4.6606 -3.2336 28.0000
v -3.5251 -2.4749 28.0000
v -2.7664 -1.3394 28.0000
v -2.5000 0.0000 28.0000
v -2.7664 1.3394 28.0000
v -3.5251 2.4749 28.0000
v -4.6606 3.2336 28.0000
v -6.0000 3.5000 28.0000
v -7.3394 3.2336 28.0000
v -8.4749 2.4749 28.0000
v -9.2336 1.3394 28.0000
v -6.0000 0.0000 27.0000
v -6.0000 0.0000 28.0000
v -9.5000 0.0000 28.0000
v -9.2336 -1.3394 28.0000
v -8.4749 -2.4749 28.0000
v -7.3394 -3.2336 28.0000
v -6.0000 -3.5000 28.0000
v -4.6606 -3.2336 28.0000
v -3.5251 -2.4749 28.0000
v -2.7664 -1.3394 28.0000
v -2.5000 0.0000 28.0000
v -2.7664 1.3394 28.0000
v -3.5251 2.4749 28.0000
v -4.6606 3.2336 28.0000
v -6.0000 3.5000 28.0000
v -7.3394 3.2336 28.0000
v -8.4749 2.4749 28.0000
v -9.2336 1.3394 28.0000
v -9.5000 0.0000 29.0000
v -9.2336 -1.3394 29.0000
v -8.4749 -2.4749 29.0000
v -7.3394 -3.2336 29.0000
v -6.0000 -3.5000 29.0000
v -4.6606 -3.2336 29.0000
v -3.5251 -2.4749 29.0000
v -2.7664 -1.3394 29.0000
v -2.5000 0.0000 29.0000
v -2.7664 1.3394 29.0000
v -3.5251 2.4749 29.0000
v -4.6606 3.2336 29.0000
v -6.0000 3.5000 29.0000
v -7.3394 3.2336 29.0000
v -8.4749 2.4749 29.0000
v -9.2336 1.3394 29.0000
v -6.0000 0.0000 28.0000
v -6.0000 0.0000 29.0000
v -6.9000 0.0000 25.6000
v -6.7794 -0.4500 25.6000
v -6.4500 -0.7794 25.6000
v -6.0000 -0.9000 25.6000
v -5.5500 -0.7794 25.6000
v -5.2206 -0.4500 25.6000
v -5.1000 0.0000 25.6000
v -5.2206 0.4500 25.6000
v -5.5500 0.7794 25.6000
v -6.0000 0.9000 25.6000
v -6.4500 0.7794 25.6000
v -6.7794 0.4500 25.6000
v -6.9000 0.0000 30.4000
v -6.7794 -0.4500 30.4000
v -6.4500 -0.7794 30.4000
v -6.0000 -0.9000 30.4000
v -5.5500 -0.7794 30.4000
v -5.2206 -0.4500 30.4000
v -5.1000 0.0000 30.4000
v -5.2206 0.4500 30.4000
v -5.5500 0.7794 30.4000
v -6.0000 0.9000 30.4000
v -6.4500 0.7794 30.4000
v -6.7794 0.4500 30.4000
v -6.0000 0.0000 25.6000
v -6.0000 0.0000 30.4000
v -7.6200 0.0000 30.4000
v -7.4030 -0.8100 30.4000
v -6.8100 -1.4030 30.4000
v -6.0000 -1.6200 30.4000
v -5.1900 -1.4030 30.4000
v -4.5970 -0.8100 30.4000
v -4.3800 0.0000 30.4000
v -4.5970 0.8100 30.4000
v -5.1900 1.4030 30.4000
v -6.0000 1.6200 30.4000
v -6.8100 1.4030 30.4000
v -7.4030 0.8100 30.4000
v -7.6200 0.0000 31.6000
v -7.4030 -0.8100 31.6000
v -6.8100 -1.4030 31.6000
v -6.0000 -1.6200 31.6000
v -5.1900 -1.4030 31.6000
v -4.5970 -0.8100 31.6000
v -4.3800 0.0000 31.6000
v -4.5970 0.8100 31.6000
v -5.1900 1.4030 31.6000
v -6.0000 1.6200 31.6000
v -6.8100 1.4030 31.6000
v -7.4030 0.8100 31.6000
v -6.0000 0.0000 30.4000
v -6.0000 0.0000 31.6000
v -7.5300 0.0000 24.4000
v -7.0819 -1.0819 24.4000
v -6.0000 -1.5300 24.4000
v -4.9181 -1.0819 24.4000
v -4.4700 0.0000 24.4000
v -4.9181 1.0819 24.4000
v -6.0000 1.5300 24.4000
v -7.0819 1.0819 24.4000
v -7.5300 0.0000 25.6000
v -7.0819 -1.0819 25.6000
v -6.0000 -1.5300 25.6000
v -4.9181 -1.0819 25.6000
v -4.4700 0.0000 25.6000
v -4.9181 1.0819 25.6000
v -6.0000 1.5300 25.6000
v -7.0819 1.0819 25.6000
v -6.0000 0.0000 24.4000
v -6.0000 0.0000 25.6000
v -3.5000 -6.0000 27.0000
v -3.2336 -7.3394 27.0000
v -2.4749 -8.4749 27.0000
v -1.3394 -9.2336 27.0000
v -0.0000 -9.5000 27.0000
v 1.3394 -9.2336 27.0000
v 2.4749 -8.4749 27.0000
v 3.2336 -7.3394 27.0000
v 3.5000 -6.0000 27.0000
v 3.2336 -4.6606 27.0000
v 2.4749 -3.5251 27.0000
v 1.3394 -2.7664 27.0000
v -0.0000 -2.5000 27.0000
v -1.3394 -2.7664 27.0000
v -2.4749 -3.5251 27.0000
v -3.2336 -4.6606 27.0000
v -3.5000 -6.0000 28.0000
v -3.2336 -7.3394 28.0000
v -2.4749 -8.4749 28.0000
v -1.3394 -9.2336 28.0000
v -0.0000 -9.5000 28.0000
v 1.3394 -9.2336 28.0000
v 2.4749 -8.4749 28.0000
v 3.2336 -7.3394 28.0000
v 3.5000 -6.0000 28.0000
v 3.2336 -4.6606 28.0000
v 2.4749 -3.5251 28.0000
v 1.3394 -2.7664 28.0000
v -0.0000 -2.5000 28.0000
v -1.3394 -2.7664 28.0000
v -2.4749 -3.5251 28.0000
v -3.2336 -4.6606 28.0000
v -0.0000 -6.0000 27.0000
v -0.0000 -6.0000 28.0000
v -3.5000 -6.0000 28.0000
v -3.2336 -7.3394 28.0000
v -2.4749 -8.4749 28.0000
v -1.3394 -9.2336 28.0000
v -0.0000 -9.5000 28.0000
v 1.3394 -9.2336 28.0000
v 2.4749 -8.4749 28.0000
v 3.2336 -7.3394 28.0000
v 3.5000 -6.0000 28.0000
v 3.2336 -4.6606 28.0000
v 2.4749 -3.5251 28.0000
v 1.3394 -2.7664 28.0000
v -0.0000 -2.5000 28.0000
v -1.3394 -2.7664 28.0000
v -2.4749 -3.5251 28.0000
v -3.2336 -4.6606 28.0000
v -3.5000 -6.0000 29.0000
v -3.2336 -7.3394 29.0000
v -2.4749 -8.4749 29.0000
v -1.3394 -9.2336 29.0000
v -0.0000 -9.5000 29.0000
v 1.3394 -9.2336 29.0000
v 2.4749 -8.4749 29.0000
v 3.2336 -7.3394 29.0000
v 3.5000 -6.0000 29.0000
v 3.2336 -4.6606 29.0000
v 2.4749 -3.5251 29.0000
v 1.3394 -2.7664 29.0000
v -0.0000 -2.5000 29.0000
v -1.3394 -2.7664 29.0000
v -2.4749 -3.5251 29.0000
v -3.2336 -4.6606 29.0000
v -0.0000 -6.0000 28.0000
v -0.0000 -6.0000 29.0000
v -0.9000 -6.0000 25.6000
v -0.7794 -6.4500 25.6000
v -0.4500 -6.7794 25.6000
v -0.0000 -6.9000 25.6000
v 0.4500 -6.7794 25.6000
v 0.7794 -6.4500 25.6000
v 0.9000 -6.0000 25.6000
v 0.7794 -5.5500 25.6000
v 0.4500 -5.2206 25.6000
v -0.0000 -5.1000 25.6000
v -0.4500 -5.2206 25.6000
v -0.7794 -5.5500 25.6000
v -0.9000 -6.0000 30.4000
v -0.7794 -6.4500 30.4000
v -0.4500 -6.7794 30.4000
v -0.0000 -6.9000 30.4000
v 0.4500 -6.7794 30.4000
v 0.7794 -6.4500 30.4000
v 0.9000 -6.0000 30.4000
v 0.7794 -5.5500 30.4000
v 0.4500 -5.2206 30.4000
v -0.0000 -5.1000 30.4000
v -0.4500 -5.2206 30.4000
v -0.7794 -5.5500 30.4000
v -0.0000 -6.0000 25.6000
v -0.0000 -6.0000 30.4000
v -1.6200 -6.0000 30.4000
v -1.4030 -6.8100 30.4000
v -0.8100 -7.4030 30.4000
v -0.0000 -7.6200 30.4000
v 0.8100 -7.4030 30.4000
v 1.4030 -6.8100 30.4000
v 1.6200 -6.0000 30.4000
v 1.4030 -5.1900 30.4000
v 0.8100 -4.5970 30.4000
v -0.0000 -4.3800 30.4000
v -0.8100 -4.5970 30.4000
v -1.4030 -5.1900 30.4000
v -1.6200 -6.0000 31.6000
v -1.4030 -6.8100 31.6000
v -0.8100 -7.4030 31.6000
v -0.0000 -7.6200 31.6000
v 0.8100 -7.4030 31.6000
v 1.4030 -6.8100 31.6000
v 1.6200 -6.0000 31.6000
v 1.4030 -5.1900 31.6000
v 0.8100 -4.5970 31.6000
v -0.0000 -4.3800 31.6000
v -0.8100 -4.5970 31.6000
v -1.4030 -5.1900 31.6000
v -0.0000 -6.0000 30.4000
v -0.0000 -6.0000 31.6000
v -1.5300 -6.0000 24.4000
v -1.0819 -7.0819 24.4000
v -0.0000 -7.5300 24.4000
v 1.0819 -7.0819 24.4000
v 1.5300 -6.0000 24.4000
v 1.0819 -4.9181 24.4000
v -0.0000 -4.4700 24.4000
v -1.0819 -4.9181 24.4000
v -1.5300 -6.0000 25.6000
v -1.0819 -7.0819 25.6000
v -0.0000 -7.5300 25.6000
v 1.0819 -7.0819 25.6000
v 1.5300 -6.0000 25.6000
v 1.0819 -4.9181 25.6000
v -0.0000 -4.4700 25.6000
v -1.0819 -4.9181 25.6000
v -0.0000 -6.0000 24.4000
v -0.0000 -6.0000 25.6000
v 7.7426 4.2426 -27.0000
v 7.4762 2.9032 -27.0000
v 6.7175 1.7678 -27.0000
v 5.5820 1.0091 -27.0000
v 4.2426 0.7426 -27.0000
v 2.9032 1.0091 -27.0000
v 1.7678 1.7678 -27.0000
v 1.0091 2.9032 -27.0000
v 0.7426 4.2426 -27.0000
v 1.0091 5.5820 -27.0000
v 1.7678 6.7175 -27.0000
v 2.9032 7.4762 -27.0000
v 4.2426 7.7426 -27.0000
v 5.5820 7.4762 -27.0000
v 6.7175 6.7175 -27.0000
v 7.4762 5.5820 -27.0000
v 7.7426 4.2426 -28.0000
v 7.4762 2.9032 -28.0000
v 6.7175 1.7678 -28.0000
v 5.5820 1.0091 -28.0000
v 4.2426 0.7426 -28.0000
v 2.9032 1.0091 -28.0000
v 1.7678 1.7678 -28.0000
v 1.0091 2.9032 -28.0000
v 0.7426 4.2426 -28.0000
v 1.0091 5.5820 -28.0000
v 1.7678 6.7175 -28.0000
v 2.9032 7.4762 -28.0000
v 4.2426 7.7426 -28.0000
v 5.5820 7.4762 -28.0000
v 6.7175 6.7175 -28.0000
v 7.4762 5.5820 -28.0000
v 4.2426 4.2426 -27.0000
v 4.2426 4.2426 -28.0000
v 7.7426 4.2426 -28.0000
v 7.4762 2.9032 -28.0000
v 6.7175 1.7678 -28.0000
v 5.5820 1.0091 -28.0000
v 4.2426 0.7426 -28.0000
v 2.9032 1.0091 -28.0000
v 1.7678 1.7678 -28.0000
v 1.0091 2.9032 -28.0000
v 0.7426 4.2426 -28.0000
v 1.0091 5.5820 -28.0000
v 1.7678 6.7175 -28.0000
v 2.9032 7.4762 -28.0000
v 4.2426 7.7426 -28.0000
v 5.5820 7.4762 -28.0000
v 6.7175 6.7175 -28.0000
v 7.4762 5.5820 -28.0000
v 7.7426 4.2426 -29.0000
v 7.4762 2.9032 -29.0000
v 6.7175 1.7678 -29.0000
v 5.5820 1.0091 -29.0000
v 4.2426 0.7426 -29.0000
v 2.9032 1.0091 -29.0000
v 1.7678 1.7678 -29.0000
v 1.0091 2.9032 -29.0000
v 0.7426 4.2426 -29.0000
v 1.0091 5.5820 -29.0000
v 1.7678 6.7175 -29.0000
v 2.9032 7.4762 -29.0000
v 4.2426 7.7426 -29.0000
v 5.5820 7.4762 -29.0000
v 6.7175 6.7175 -29.0000
v 7.4762 5.5820 -29.0000
v 4.2426 4.2426 -28.0000
v 4.2426 4.2426 -29.0000
v 5.1426 4.2426 -25.6000
v 5.0221 3.7926 -25.6000
v 4.6926 3.4632 -25.6000
v 4.2426 3.3426 -25.6000
v 3.7926 3.4632 -25.6000
v 3.4632 3.7926 -25.6000
v 3.3426 4.2426 -25.6000
v 3.4632 4.6926 -25.6000
v 3.7926 5.0221 -25.6000
v 4.2426 5.1426 -25.6000
v 4.6926 5.0221 -25.6000
v 5.0221 4.6926 -25.6000
v 5.1426 4.2426 -30.4000
v 5.0221 3.7926 -30.4000
v 4.6926 3.4632 -30.4000
v 4.2426 3.3426 -30.4000
v 3.7926 3.4632 -30.4000
v 3.4632 3.7926 -30.4000
v 3.3426 4.2426 -30.4000
v 3.4632 4.6926 -30.4000
v 3.7926 5.0221 -30.4000
v 4.2426 5.1426 -30.4000
v 4.6926 5.0221 -30.4000
v 5.0221 4.6926 -30.4000
v 4.2426 4.2426 -25.6000
v 4.2426 4.2426 -30.4000
v 5.8626 4.2426 -30.4000
v 5.6456 3.4326 -30.4000
v 5.0526 2.8397 -30.4000
v 4.2426 2.6226 -30.4000
v 3.4326 2.8397 -30.4000
v 2.8397 3.4326 -30.4000
v 2.6226 4.2426 -30.4000
v 2.8397 5.0526 -30.4000
v 3.4326 5.6456 -30.4000
v 4.2426 5.8626 -30.4000
v 5.0526 5.6456 -30.4000
v 5.6456 5.0526 -30.4000
v 5.8626 4.2426 -31.6000
v 5.6456 3.4326 -31.6000
v 5.0526 2.8397 -31.6000
v 4.2426 2.6226 -31.6000
v 3.4326 2.8397 -31.6000
v 2.8397 3.4326 -31.6000
v 2.6226 4.2426 -31.6000
v 2.8397 5.0526 -31.6000
v 3.4326 5.6456 -31.6000
v 4.2426 5.8626 -31.6000
v 5.0526 5.6456 -31.6000
v 5.6456 5.0526 -31.6000
v 4.2426 4.2426 -30.4000
v 4.2426 4.2426 -31.6000
v 5.7726 4.2426 -24.4000
v 5.3245 3.1608 -24.4000
v 4.2426 2.7126 -24.4000
v 3.1608 3.1608 -24.4000
v 2.7126 4.2426 -24.4000
v 3.1608 5.3245 -24.4000
v 4.2426 5.7726 -24.4000
v 5.3245 5.3245 -24.4000
v 5.7726 4.2426 -25.6000
v 5.3245 3.1608 -25.6000
v 4.2426 2.7126 -25.6000
v 3.1608 3.1608 -25.6000
v 2.7126 4.2426 -25.6000
v 3.1608 5.3245 -25.6000
v 4.2426 5.7726 -25.6000
v 5.3245 5.3245 -25.6000
v 4.2426 4.2426 -24.4000
v 4.2426 4.2426 -25.6000
v -0.7426 4.2426 -27.0000
v -1.0091 2.9032 -27.0000
v -1.7678 1.7678 -27.0000
v -2.9032 1.0091 -27.0000
v -4.2426 0.7426 -27.0000
v -5.5820 1.0091 -27.0000
v -6.7175 1.7678 -27.0000
v -7.4762 2.9032 -27.0000
v -7.7426 4.2426 -27.0000
v -7.4762 5.5820 -27.0000
v -6.7175 6.7175 -27.0000
v -5.5820 7.4762 -27.0000
v -4.2426 7.7426 -27.0000
v -2.9032 7.4762 -27.0000
v -1.7678 6.7175 -27.0000
v -1.0091 5.5820 -27.0000
v -0.7426 4.2426 -28.0000
v -1.0091 2.9032 -28.0000
v -1.7678 1.7678 -28.0000
v -2.9032 1.0091 -28.0000
v -4.2426 0.7426 -28.0000
v -5.5820 1.0091 -28.0000
v -6.7175 1.7678 -28.0000
v -7.4762 2.9032 -28.0000
v -7.7426 4.2426 -28.0000
v -7.4762 5.5820 -28.0000
v -6.7175 6.7175 -28.0000
v -5.5820 7.4762 -28.0000
v -4.2426 7.7426 -28.0000
v -2.9032 7.4762 -28.0000
v -1.7678 6.7175 -28.0000
v -1.0091 5.5820 -28.0000
v -4.2426 4.2426 -27.0000
v -4.2426 4.2426 -28.0000
v -0.7426 4.2426 -28.0000
v -1.0091 2.9032 -28.0000
v -1.7678 1.7678 -28.0000
v -2.9032 1.0091 -28.0000
v -4.2426 0.7426 -28.0000
v -5.5820 1.0091 -28.0000
v -6.7175 1.7678 -28.0000
v -7.4762 2.9032 -28.0000
v -7.7426 4.2426 -28.0000
v -7.4762 5.5820 -28.0000
v -6.7175 6.7175 -28.0000
v -5.5820 7.4762 -28.0000
v -4.2426 7.7426 -28.0000
v -2.9032 7.4762 -28.0000
v -1.7678 6.7175 -28.0000
v -1.0091 5.5820 -28.0000
v -0.7426 4.2426 -29.0000
v -1.0091 2.9032 -29.0000
v -1.7678 1.7678 -29.0000
v -2.9032 1.0091 -29.0000
v -4.2426 0.7426 -29.0000
v -5.5820 1.0091 -29.0000
v -6.7175 1.7678 -29.0000
v -7.4762 2.9032 -29.0000
v -7.7426 4.2426 -29.0000
v -7.4762 5.5820 -29.0000
v -6.7175 6.7175 -29.0000
v -5.5820 7.4762 -29.0000
v -4.2426 7.7426 -29.0000
v -2.9032 7.4762 -29.0000
v -1.7678 6.7175 -29.0000
v -1.0091 5.5820 -29.0000
v -4.2426 4.2426 -28.0000
v -4.2426 4.2426 -29.0000
v -3.3426 4.2426 -25.6000
v -3.4632 3.7926 -25.6000
v -3.7926 3.4632 -25.6000
v -4.2426 3.3426 -25.6000
v -4.6926 3.4632 -25.6000
v -5.0221 3.7926 -25.6000
v -5.1426 4.2426 -25.6000
v -5.0221 4.6926 -25.6000
v -4.6926 5.0221 -25.6000
v -4.2426 5.1426 -25.6000
v -3.7926 5.0221 -25.6000
v -3.4632 4.6926 -25.6000
v -3.3426 4.2426 -30.4000
v -3.4632 3.7926 -30.4000
v -3.7926 3.4632 -30.4000
v -4.2426 3.3426 -30.4000
v -4.6926 3.4632 -30.4000
v -5.0221 3.7926 -30.4000
v -5.1426 4.2426 -30.4000
v -5.0221 4.6926 -30.4000
v -4.6926 5.0221 -30.4000
v -4.2426 5.1426 -30.4000
v -3.7926 5.0221 -30.4000
v -3.4632 4.6926 -30.4000
v -4.2426 4.2426 -25.6000
v -4.2426 4.2426 -30.4000
v -2.6226 4.2426 -30.4000
v -2.8397 3.4326 -30.4000
v -3.4326 2.8397 -30.4000
v -4.2426 2.6226 -30.4000
v -5.0526 2.8397 -30.4000
v -5.6456 3.4326 -30.4000
v -5.8626 4.2426 -30.4000
v -5.6456 5.0526 -30.4000
v -5.0526 5.6456 -30.4000
v -4.2426 5.8626 -30.4000
v -3.4326 5.6456 -30.4000
v -2.8397 5.0526 -30.4000
v -2.6226 4.2426 -31.6000
v -2.8397 3.4326 -31.6000
v -3.4326 2.8397 -31.6000
v -4.2426 2.6226 -31.6000
v -5.0526 2.8397 -31.6000
v -5.6456 3.4326 -31.6000
v -5.8626 4.2426 -31.6000
v -5.6456 5.0526 -31.6000
v -5.0526 5.6456 -31.6000
v -4.2426 5.8626 -31.6000
v -3.4326 5.6456 -31.6000
v -2.8397 5.0526 -31.6000
v -4.2426 4.2426 -30.4000
v -4.2426 4.2426 -31.6000
v -2.7126 4.2426 -24.4000
v -3.1608 3.1608 -24.4000
v -4.2426 2.7126 -24.4000
v -5.3245 3.1608 -24.4000
v -5.7726 4.2426 -24.4000
v -5.3245 5.3245 -24.4000
v -4.2426 5.7726 -24.4000
v -3.1608 5.3245 -24.4000
v -2.7126 4.2426 -25.6000
v -3.1608 3.1608 -25.6000
v -4.2426 2.7126 -25.6000
v -5.3245 3.1608 -25.6000
v -5.7726 4.2426 -25.6000
v -5.3245 5.3245 -25.6000
v -4.2426 5.7726 -25.6000
v -3.1608 5.3245 -25.6000
v -4.2426 4.2426 -24.4000
v -4.2426 4.2426 -25.6000
v -0.7426 -4.2426 -27.0000
v -1.0091 -5.5820 -27.0000
v -1.7678 -6.7175 -27.0000
v -2.9032 -7.4762 -27.0000
v -4.2426 -7.7426 -27.0000
v -5.5820 -7.4762 -27.0000
v -6.7175 -6.7175 -27.0000
v -7.4762 -5.5820 -27.0000
v -7.7426 -4.2426 -27.0000
v -7.4762 -2.9032 -27.0000
v -6.7175 -1.7678 -27.0000
v -5.5820 -1.0091 -27.0000
v -4.2426 -0.7426 -27.0000
v -2.9032 -1.0091 -27.0000
v -1.7678 -1.7678 -27.0000
v -1.0091 -2.9032 -27.0000
v -0.7426 -4.2426 -28.0000
v -1.0091 -5.5820 -28.0000
v -1.7678 -6.7175 -28.0000
v -2.9032 -7.4762 -28.0000
v -4.2426 -7.7426 -28.0000
v -5.5820 -7.4762 -28.0000
v -6.7175 -6.7175 -28.0000
v -7.4762 -5.5820 -28.0000
v -7.7426 -4.2426 -28.0000
v -7.4762 -2.9032 -28.0000
v -6.7175 -1.7678 -28.0000
v -5.5820 -1.0091 -28.0000
v -4.2426 -0.7426 -28.0000
v -2.9032 -1.0091 -28.0000
v -1.7678 -1.7678 -28.0000
v -1.0091 -2.9032 -28.0000
v -4.2426 -4.2426 -27.0000
v -4.2426 -4.2426 -28.0000
v -0.7426 -4.2426 -28.0000
v -1.0091 -5.5820 -28.0000
v -1.7678 -6.7175 -28.0000
v -2.9032 -7.4762 -28.0000
v -4.2426 -7.7426 -28.0000
v -5.5820 -7.4762 -28.0000
v -6.7175 -6.7175 -28.0000
v -7.4762 -5.5820 -28.0000
v -7.7426 -4.2426 -28.0000
v -7.4762 -2.9032 -28.0000
v -6.7175 -1.7678 -28.0000
v -5.5820 -1.0091 -28.0000
v -4.2426 -0.7426 -28.0000
v -2.9032 -1.0091 -28.0000
v -1.7678 -1.7678 -28.0000
v -1.0091 -2.9032 -28.0000
v -0.7426 -4.2426 -29.0000
v -1.0091 -5.5820 -29.0000
v -1.7678 -6.7175 -29.0000
v -2.9032 -7.4762 -29.0000
v -4.2426 -7.7426 -29.0000
v -5.5820 -7.4762 -29.0000
v -6.7175 -6.7175 -29.0000
v -7.4762 -5.5820 -29.0000
v -7.7426 -4.2426 -29.0000
v -7.4762 -2.9032 -29.0000
v -6.7175 -1.7678 -29.0000
v -5.5820 -1.0091 -29.0000
v -4.2426 -0.7426 -29.0000
v -2.9032 -1.0091 -29.0000
v -1.7678 -1.7678 -29.0000
v -1.0091 -2.9032 -29.0000
v -4.2426 -4.2426 -28.0000
v -4.2426 -4.2426 -29.0000
v -3.3426 -4.2426 -25.6000
v -3.4632 -4.6926 -25.6000
v -3.7926 -5.0221 -25.6000
v -4.2426 -5.1426 -25.6000
v -4.6926 -5.0221 -25.6000
v -5.0221 -4.6926 -25.6000
v -5.1426 -4.2426 -25.6000
v -5.0221 -3.7926 -25.6000
v -4.6926 -3.4632 -25.6000
v -4.2426 -3.3426 -25.6000
v -3.7926 -3.4632 -25.6000
v -3.4632 -3.7926 -25.6000
v -3.3426 -4.2426 -30.4000
v -3.4632 -4.6926 -30.4000
v -3.7926 -5.0221 -30.4000
v -4.2426 -5.1426 -30.4000
v -4.6926 -5.0221 -30.4000
v -5.0221 -4.6926 -30.4000
v -5.1426 -4.2426 -30.4000
v -5.0221 -3.7926 -30.4000
v -4.6926 -3.4632 -30.4000
v -4.2426 -3.3426 -30.4000
v -3.7926 -3.4632 -30.4000
v -3.4632 -3.7926 -30.4000
v -4.2426 -4.2426 -25.6000
v -4.2426 -4.2426 -30.4000
v -2.6226 -4.2426 -30.4000
v -2.8397 -5.0526 -30.4000
v -3.4326 -5.6456 -30.4000
v -4.2426 -5.8626 -30.4000
v -5.0526 -5.6456 -30.4000
v -5.6456 -5.0526 -30.4000
v -5.8626 -4.2426 -30.4000
v -5.6456 -3.4326 -30.4000
v -5.0526 -2.8397 -30.4000
v -4.2426 -2.6226 -30.4000
v -3.4326 -2.8397 -30.4000
v -2.8397 -3.4326 -30.4000
v -2.6226 -4.2426 -31.6000
v -2.8397 -5.0526 -31.6000
v -3.4326 -5.6456 -31.6000
v -4.2426 -5.8626 -31.6000
v -5.0526 -5.6456 -31.6000
v -5.6456 -5.0526 -31.6000
v -5.8626 -4.2426 -31.6000
v -5.6456 -3.4326 -31.6000
v -5.0526 -2.8397 -31.6000
v -4.2426 -2.6226 -31.6000
v -3.4326 -2.8397 -31.6000
v -2.8397 -3.4326 -31.6000
v -4.2426 -4.2426 -30.4000
v -4.2426 -4.2426 -31.6000
v -2.7126 -4.2426 -24.4000
v -3.1608 -5.3245 -24.4000
v -4.2426 -5.7726 -24.4000
v -5.3245 -5.3245 -24.4000
v -5.7726 -4.2426 -24.4000
v -5.3245 -3.1608 -24.4000
v -4.2426 -2.7126 -24.4000
v -3.1608 -3.1608 -24.4000
v -2.7126 -4.2426 -25.6000
v -3.1608 -5.3245 -25.6000
v -4.2426 -5.7726 -25.6000
v -5.3245 -5.3245 -25.6000
v -5.7726 -4.2426 -25.6000
v -5.3245 -3.1608 -25.6000
v -4.2426 -2.7126 -25.6000
v -3.1608 -3.1608 -25.6000
v -4.2426 -4.2426 -24.4000
v -4.2426 -4.2426 -25.6000
v 7.7426 -4.2426 -27.0000
v 7.4762 -5.5820 -27.0000
v 6.7175 -6.7175 -27.0000
v 5.5820 -7.4762 -27.0000
v 4.2426 -7.7426 -27.0000
v 2.9032 -7.4762 -27.0000
v 1.7678 -6.7175 -27.0000
v 1.0091 -5.5820 -27.0000
v 0.7426 -4.2426 -27.0000
v 1.0091 -2.9032 -27.0000
v 1.7678 -1.7678 -27.0000
v 2.9032 -1.0091 -27.0000
v 4.2426 -0.7426 -27.0000
v 5.5820 -1.0091 -27.0000
v 6.7175 -1.7678 -27.0000
v 7.4762 -2.9032 -27.0000
v 7.7426 -4.2426 -28.0000
v 7.4762 -5.5820 -28.0000
v 6.7175 -6.7175 -28.0000
v 5.5820 -7.4762 -28.0000
v 4.2426 -7.7426 -28.0000
v 2.9032 -7.4762 -28.0000
v 1.7678 -6.7175 -28.0000
v 1.0091 -5.5820 -28.0000
v 0.7426 -4.2426 -28.0000
v 1.0091 -2.9032 -28.0000
v 1.7678 -1.7678 -28.0000
v 2.9032 -1.0091 -28.0000
v 4.2426 -0.7426 -28.0000
v 5.5820 -1.0091 -28.0000
v 6.7175 -1.7678 -28.0000
v 7.4762 -2.9032 -28.0000
v 4.2426 -4.2426 -27.0000
v 4.2426 -4.2426 -28.0000
v 7.7426 -4.2426 -28.0000
v 7.4762 -5.5820 -28.0000
v 6.7175 -6.7175 -28.0000
v 5.5820 -7.4762 -28.0000
v 4.2426 -7.7426 -28.0000
v 2.9032 -7.4762 -28.0000
v 1.7678 -6.7175 -28.0000
v 1.0091 -5.5820 -28.0000
v 0.7426 -4.2426 -28.0000
v 1.0091 -2.9032 -28.0000
v 1.7678 -1.7678 -28.0000
v 2.9032 -1.0091 -28.0000
v 4.2426 -0.7426 -28.0000
v 5.5820 -1.0091 -28.0000
v 6.7175 -1.7678 -28.0000
v 7.4762 -2.9032 -28.0000
v 7.7426 -4.2426 -29.0000
v 7.4762 -5.5820 -29.0000
v 6.7175 -6.7175 -29.0000
v 5.5820 -7.4762 -29.0000
v 4.2426 -7.7426 -29.0000
v 2.9032 -7.4762 -29.0000
v 1.7678 -6.7175 -29.0000
v 1.0091 -5.5820 -29.0000
v 0.7426 -4.2426 -29.0000
v 1.0091 -2.9032 -29.0000
v 1.7678 -1.7678 -29.0000
v 2.9032 -1.0091 -29.0000
v 4.2426 -0.7426 -29.0000
v 5.5820 -1.0091 -29.0000
v 6.7175 -1.7678 -29.0000
v 7.4762 -2.9032 -29.0000
v 4.2426 -4.2426 -28.0000
v 4.2426 -4.2426 -29.0000
v 5.1426 -4.2426 -25.6000
v 5.0221 -4.6926 -25.6000
v 4.6926 -5.0221 -25.6000
v 4.2426 -5.1426 -25.6000
v 3.7926 -5.0221 -25.6000
v 3.4632 -4.6926 -25.6000
v 3.3426 -4.2426 -25.6000
v 3.4632 -3.7926 -25.6000
v 3.7926 -3.4632 -25.6000
v 4.2426 -3.3426 -25.6000
v 4.6926 -3.4632 -25.6000
v 5.0221 -3.7926 -25.6000
v 5.1426 -4.2426 -30.4000
v 5.0221 -4.6926 -30.4000
v 4.6926 -5.0221 -30.4000
v 4.2426 -5.1426 -30.4000
v 3.7926 -5.0221 -30.4000
v 3.4632 -4.6926 -30.4000
v 3.3426 -4.2426 -30.4000
v 3.4632 -3.7926 -30.4000
v 3.7926 -3.4632 -30.4000
v 4.2426 -3.3426 -30.4000
v 4.6926 -3.4632 -30.4000
v 5.0221 -3.7926 -30.4000
v 4.2426 -4.2426 -25.6000
v 4.2426 -4.2426 -30.4000
v 5.8626 -4.2426 -30.4000
v 5.6456 -5.0526 -30.4000
v 5.0526 -5.6456 -30.4000
v 4.2426 -5.8626 -30.4000
v 3.4326 -5.6456 -30.4000
v 2.8397 -5.0526 -30.4000
v 2.6226 -4.2426 -30.4000
v 2.8397 -3.4326 -30.4000
v 3.4326 -2.8397 -30.4000
v 4.2426 -2.6226 -30.4000
v 5.0526 -2.8397 -30.4000
v 5.6456 -3.4326 -30.4000
v 5.8626 -4.2426 -31.6000
v 5.6456 -5.0526 -31.6000
v 5.0526 -5.6456 -31.6000
v 4.2426 -5.8626 -31.6000
v 3.4326 -5.6456 -31.6000
v 2.8397 -5.0526 -31.6000
v 2.6226 -4.2426 -31.6000
v 2.8397 -3.4326 -31.6000
v 3.4326 -2.8397 -31.6000
v 4.2426 -2.6226 -31.6000
v 5.0526 -2.8397 -31.6000
v 5.6456 -3.4326 -31.6000
v 4.2426 -4.2426 -30.4000
v 4.2426 -4.2426 -31.6000
v 5.7726 -4.2426 -24.4000
v 5.3245 -5.3245 -24.4000
v 4.2426 -5.7726 -24.4000
v 3.1608 -5.3245 -24.4000
v 2.7126 -4.2426 -24.4000
v 3.1608 -3.1608 -24.4000
v 4.2426 -2.7126 -24.4000
v 5.3245 -3.1608 -24.4000
v 5.7726 -4.2426 -25.6000
v 5.3245 -5.3245 -25.6000
v 4.2426 -5.7726 -25.6000
v 3.1608 -5.3245 -25.6000
v 2.7126 -4.2426 -25.6000
v 3.1608 -3.1608 -25.6000
v 4.2426 -2.7126 -25.6000
v 5.3245 -3.1608 -25.6000
v 4.2426 -4.2426 -24.4000
v 4.2426 -4.2426 -25.6000
v 22.1964 0.0000 15.7660
v 22.3215 -1.3394 15.5308
v 22.6777 -2.4749 14.8609
v 23.2108 -3.2336 13.8583
v 23.8396 -3.5000 12.6757
v 24.4684 -3.2336 11.4931
v 25.0015 -2.4749 10.4905
v 25.3577 -1.3394 9.8207
v 25.4827 -0.0000 9.5854
v 25.3577 1.3394 9.8207
v 25.0015 2.4749 10.4905
v 24.4684 3.2336 11.4931
v 23.8396 3.5000 12.6757
v 23.2108 3.2336 13.8583
v 22.6777 2.4749 14.8609
v 22.3215 1.3394 15.5308
v 23.0794 0.0000 16.2355
v 23.2045 -1.3394 16.0003
v 23.5606 -2.4749 15.3304
v 24.0937 -3.2336 14.3278
v 24.7225 -3.5000 13.1452
v 25.3513 -3.2336 11.9626
v 25.8844 -2.4749 10.9600
v 26.2406 -1.3394 10.2901
v 26.3657 -0.0000 10.0549
v 26.2406 1.3394 10.2901
v 25.8844 2.4749 10.9600
v 25.3513 3.2336 11.9626
v 24.7225 3.5000 13.1452
v 24.0937 3.2336 14.3278
v 23.5606 2.4749 15.3304
v 23.2045 1.3394 16.0003
v 23.8396 0.0000 12.6757
v 24.7225 0.0000 13.1452
v 23.0794 0.0000 16.2355
v 23.2045 -1.3394 16.0003
v 23.5606 -2.4749 15.3304
v 24.0937 -3.2336 14.3278
v 24.7225 -3.5000 13.1452
v 25.3513 -3.2336 11.9626
v 25.8844 -2.4749 10.9600
v 26.2406 -1.3394 10.2901
v 26.3657 -0.0000 10.0549
v 26.2406 1.3394 10.2901
v 25.8844 2.4749 10.9600
v 25.3513 3.2336 11.9626
v 24.7225 3.5000 13.1452
v 24.0937 3.2336 14.3278
v 23.5606 2.4749 15.3304
v 23.2045 1.3394 16.0003
v 23.9623 0.0000 16.7050
v 24.0874 -1.3394 16.4698
v 24.4436 -2.4749 15.7999
v 24.9767 -3.2336 14.7973
v 25.6055 -3.5000 13.6147
v 26.2343 -3.2336 12.4321
v 26.7674 -2.4749 11.4295
v 27.1236 -1.3394 10.7596
v 27.2486 -0.0000 10.5244
v 27.1236 1.3394 10.7596
v 26.7674 2.4749 11.4295
v 26.2343 3.2336 12.4321
v 25.6055 3.5000 13.6147
v 24.9767 3.2336 14.7973
v 24.4436 2.4749 15.7999
v 24.0874 1.3394 16.4698
v 24.7225 0.0000 13.1452
v 25.6055 0.0000 13.6147
v 22.1809 0.0000 12.8131
v 22.2375 -0.4500 12.7067
v 22.3922 -0.7794 12.4158
v 22.6035 -0.9000 12.0185
v 22.8147 -0.7794 11.6211
v 22.9694 -0.4500 11.3303
v 23.0260 -0.0000 11.2238
v 22.9694 0.4500 11.3303
v 22.8147 0.7794 11.6211
v 22.6035 0.9000 12.0185
v 22.3922 0.7794 12.4158
v 22.2375 0.4500 12.7067
v 26.4191 0.0000 15.0666
v 26.4757 -0.4500 14.9601
v 26.6303 -0.7794 14.6693
v 26.8416 -0.9000 14.2719
v 27.0529 -0.7794 13.8746
v 27.2075 -0.4500 13.5837
v 27.2641 -0.0000 13.4773
v 27.2075 0.4500 13.5837
v 27.0529 0.7794 13.8746
v 26.8416 0.9000 14.2719
v 26.6303 0.7794 14.6693
v 26.4757 0.4500 14.9601
v 22.6035 0.0000 12.0185
v 26.8416 0.0000 14.2719
v 26.0811 0.0000 15.7023
v 26.1830 -0.8100 15.5107
v 26.4613 -1.4030 14.9871
v 26.8416 -1.6200 14.2719
v 27.2219 -1.4030 13.5567
v 27.5003 -0.8100 13.0332
v 27.6022 -0.0000 12.8416
v 27.5003 0.8100 13.0332
v 27.2219 1.4030 13.5567
v 26.8416 1.6200 14.2719
v 26.4613 1.4030 14.9871
v 26.1830 0.8100 15.5107
v 27.1406 0.0000 16.2657
v 27.2425 -0.8100 16.0740
v 27.5209 -1.4030 15.5505
v 27.9011 -1.6200 14.8353
v 28.2814 -1.4030 14.1201
v 28.5598 -0.8100 13.5966
v 28.6617 -0.0000 13.4049
v 28.5598 0.8100 13.5966
v 28.2814 1.4030 14.1201
v 27.9011 1.6200 14.8353
v 27.5209 1.4030 15.5505
v 27.2425 0.8100 16.0740
v 26.8416 0.0000 14.2719
v 27.9011 0.0000 14.8353
v 20.8256 0.0000 12.8060
v 21.0360 -1.0819 12.4103
v 21.5439 -1.5300 11.4551
v 22.0518 -1.0819 10.4999
v 22.2622 -0.0000 10.1042
v 22.0518 1.0819 10.4999
v 21.5439 1.5300 11.4551
v 21.0360 1.0819 12.4103
v 21.8852 0.0000 13.3694
v 22.0955 -1.0819 12.9737
v 22.6035 -1.5300 12.0185
v 23.1114 -1.0819 11.0632
v 23.3217 -0.0000 10.6676
v 23.1114 1.0819 11.0632
v 22.6035 1.5300 12.0185
v 22.0955 1.0819 12.9737
v 21.5439 0.0000 11.4551
v 22.6035 0.0000 12.0185
v 14.7536 16.8571 15.4731
v 15.5821 15.8109 15.7627
v 16.6047 14.9239 15.5824
v 17.6657 14.3312 14.9596
v 18.6036 14.1231 13.9890
v 19.2757 14.3312 12.8185
v 19.5795 14.9239 11.6263
v 19.4689 15.8109 10.5939
v 18.9606 16.8571 9.8784
v 18.1321 17.9034 9.5887
v 17.1096 18.7904 9.7691
v 16.0485 19.3831 10.3919
v 15.1106 19.5912 11.3624
v 14.4386 19.3831 12.5329
v 14.1348 18.7904 13.7251
v 14.2454 17.9034 14.7576
v 15.3780 17.4815 15.9426
v 16.2065 16.4352 16.2322
v 17.2290 15.5482 16.0519
v 18.2901 14.9555 15.4290
v 19.2280 14.7474 14.4585
v 19.9000 14.9555 13.2880
v 20.2038 15.5482 12.0958
v 20.0932 16.4352 11.0633
v 19.5850 17.4815 10.3478
v 18.7565 18.5277 10.0582
v 17.7339 19.4147 10.2385
v 16.6729 20.0074 10.8614
v 15.7350 20.2155 11.8319
v 15.0629 20.0074 13.0024
v 14.7591 19.4147 14.1946
v 14.8697 18.5277 15.2271
v 16.8571 16.8571 12.6757
v 17.4815 17.4815 13.1452
v 15.3780 17.4815 15.9426
v 16.2065 16.4352 16.2322
v 17.2290 15.5482 16.0519
v 18.2901 14.9555 15.4290
v 19.2280 14.7474 14.4585
v 19.9000 14.9555 13.2880
v 20.2038 15.5482 12.0958
v 20.0932 16.4352 11.0633
v 19.5850 17.4815 10.3478
v 18.7565 18.5277 10.0582
v 17.7339 19.4147 10.2385
v 16.6729 20.0074 10.8614
v 15.7350 20.2155 11.8319
v 15.0629 20.0074 13.0024
v 14.7591 19.4147 14.1946
v 14.8697 18.5277 15.2271
v 16.0023 18.1058 16.4121
v 16.8308 17.0595 16.7017
v 17.8534 16.1726 16.5214
v 18.9144 15.5799 15.8985
v 19.8523 15.3718 14.9280
v 20.5243 15.5799 13.7575
v 20.8282 16.1726 12.5653
v 20.7175 17.0595 11.5328
v 20.2093 18.1058 10.8173
v 19.3808 19.1521 10.5277
v 18.3582 20.0391 10.7080
v 17.2972 20.6317 11.3308
v 16.3593 20.8398 12.3014
v 15.6873 20.6317 13.4719
v 15.3834 20.0391 14.6641
v 15.4941 19.1521 15.6965
v 17.4815 17.4815 13.1452
v 18.1058 18.1058 13.6147
v 15.4422 15.9831 12.7378
v 15.7392 15.6315 12.8103
v 16.1015 15.3742 12.6706
v 16.4322 15.2800 12.3562
v 16.6424 15.3742 11.9513
v 16.6760 15.6315 11.5644
v 16.5240 15.9831 11.2991
v 16.2269 16.3346 11.2267
v 15.8646 16.5919 11.3663
v 15.5340 16.6861 11.6808
v 15.3237 16.5919 12.0857
v 15.2901 16.3346 12.4726
v 18.4390 18.9799 14.9913
v 18.7360 18.6284 15.0637
v 19.0984 18.3710 14.9241
v 19.4290 18.2768 14.6096
v 19.6393 18.3710 14.2047
v 19.6729 18.6284 13.8178
v 19.5208 18.9799 13.5526
v 19.2238 19.3314 13.4801
v 18.8614 19.5887 13.6198
v 18.5308 19.6829 13.9342
v 18.3205 19.5887 14.3391
v 18.2869 19.3314 14.7260
v 15.9831 15.9831 12.0185
v 18.9799 18.9799 14.2719
v 18.0063 18.9799 15.5667
v 18.5409 18.3471 15.6972
v 19.1932 17.8840 15.4458
v 19.7883 17.7144 14.8798
v 20.1668 17.8840 14.1510
v 20.2273 18.3471 13.4546
v 19.9535 18.9799 12.9771
v 19.4189 19.6126 12.8467
v 18.7666 20.0758 13.0981
v 18.1715 20.2454 13.6641
v 17.7930 20.0758 14.3929
v 17.7325 19.6126 15.0893
v 18.7555 19.7291 16.1301
v 19.2901 19.0964 16.2606
v 19.9424 18.6332 16.0091
v 20.5375 18.4636 15.4432
v 20.9160 18.6332 14.7143
v 20.9765 19.0964 14.0179
v 20.7027 19.7291 13.5405
v 20.1681 20.3618 13.4101
v 19.5158 20.8250 13.6615
v 18.9207 20.9946 14.2274
v 18.5422 20.8250 14.9563
v 18.4817 20.3618 15.6527
v 18.9799 18.9799 14.2719
v 19.7291 19.7291 14.8353
v 14.3143 15.2339 12.6780
v 15.1235 14.3887 12.7257
v 15.9973 14.0387 12.0292
v 16.4239 14.3887 10.9964
v 16.1534 15.2339 10.2323
v 15.3442 16.0790 10.1845
v 14.4704 16.4290 10.8810
v 14.0438 16.0790 11.9138
v 15.0635 15.9831 13.2413
v 15.8727 15.1379 13.2891
v 16.7465 14.7879 12.5926
v 17.1731 15.1379 11.5597
v 16.9026 15.9831 10.7956
v 16.0934 16.8282 10.7478
v 15.2196 17.1782 11.4444
v 14.7930 16.8282 12.4772
v 15.2339 15.2339 11.4551
v 15.9831 15.9831 12.0185
v -3.5000 23.8396 12.6757
v -3.2336 23.2108 13.8583
v -2.4749 22.6777 14.8609
v -1.3394 22.3215 15.5308
v 0.0000 22.1964 15.7660
v 1.3394 22.3215 15.5308
v 2.4749 22.6777 14.8609
v 3.2336 23.2108 13.8583
v 3.5000 23.8396 12.6757
v 3.2336 24.4684 11.4931
v 2.4749 25.0015 10.4905
v 1.3394 25.3577 9.8207
v 0.0000 25.4827 9.5854
v -1.3394 25.3577 9.8207
v -2.4749 25.0015 10.4905
v -3.2336 24.4684 11.4931
v -3.5000 24.7225 13.1452
v -3.2336 24.0937 14.3278
v -2.4749 23.5606 15.3304
v -1.3394 23.2045 16.0003
v 0.0000 23.0794 16.2355
v 1.3394 23.2045 16.0003
v 2.4749 23.5606 15.3304
v 3.2336 24.0937 14.3278
v 3.5000 24.7225 13.1452
v 3.2336 25.3513 11.9626
v 2.4749 25.8844 10.9600
v 1.3394 26.2406 10.2901
v 0.0000 26.3657 10.0549
v -1.3394 26.2406 10.2901
v -2.4749 25.8844 10.9600
v -3.2336 25.3513 11.9626
v 0.0000 23.8396 12.6757
v 0.0000 24.7225 13.1452
v -3.5000 24.7225 13.1452
v -3.2336 24.0937 14.3278
v -2.4749 23.5606 15.3304
v -1.3394 23.2045 16.0003
v 0.0000 23.0794 16.2355
v 1.3394 23.2045 16.0003
v 2.4749 23.5606 15.3304
v 3.2336 24.0937 14.3278
v 3.5000 24.7225 13.1452
v 3.2336 25.3513 11.9626
v 2.4749 25.8844 10.9600
v 1.3394 26.2406 10.2901
v 0.0000 26.3657 10.0549
v -1.3394 26.2406 10.2901
v -2.4749 25.8844 10.9600
v -3.2336 25.3513 11.9626
v -3.5000 25.6055 13.6147
v -3.2336 24.9767 14.7973
v -2.4749 24.4436 15.7999
v -1.3394 24.0874 16.4698
v 0.0000 23.9623 16.7050
v 1.3394 24.0874 16.4698
v 2.4749 24.4436 15.7999
v 3.2336 24.9767 14.7973
v 3.5000 25.6055 13.6147
v 3.2336 26.2343 12.4321
v 2.4749 26.7674 11.4295
v 1.3394 27.1236 10.7596
v 0.0000 27.2486 10.5244
v -1.3394 27.1236 10.7596
v -2.4749 26.7674 11.4295
v -3.2336 26.2343 12.4321
v 0.0000 24.7225 13.1452
v 0.0000 25.6055 13.6147
v -0.9000 22.6035 12.0185
v -0.7794 22.3922 12.4158
v -0.4500 22.2375 12.7067
v 0.0000 22.1809 12.8131
v 0.4500 22.2375 12.7067
v 0.7794 22.3922 12.4158
v 0.9000 22.6035 12.0185
v 0.7794 22.8147 11.6211
v 0.4500 22.9694 11.3303
v 0.0000 23.0260 11.2238
v -0.4500 22.9694 11.3303
v -0.7794 22.8147 11.6211
v -0.9000 26.8416 14.2719
v -0.7794 26.6303 14.6693
v -0.4500 26.4757 14.9601
v 0.0000 26.4191 15.0666
v 0.4500 26.4757 14.9601
v 0.7794 26.6303 14.6693
v 0.9000 26.8416 14.2719
v 0.7794 27.0529 13.8746
v 0.4500 27.2075 13.5837
v 0.0000 27.2641 13.4773
v -0.4500 27.2075 13.5837
v -0.7794 27.0529 13.8746
v 0.0000 22.6035 12.0185
v 0.0000 26.8416 14.2719
v -1.6200 26.8416 14.2719
v -1.4030 26.4613 14.9871
v -0.8100 26.1830 15.5107
v 0.0000 26.0811 15.7023
v 0.8100 26.1830 15.5107
v 1.4030 26.4613 14.9871
v 1.6200 26.8416 14.2719
v 1.4030 27.2219 13.5567
v 0.8100 27.5003 13.0332
v 0.0000 27.6022 12.8416
v -0.8100 27.5003 13.0332
v -1.4030 27.2219 13.5567
v -1.6200 27.9011 14.8353
v -1.4030 27.5209 15.5505
v -0.8100 27.2425 16.0740
v 0.0000 27.1406 16.2657
v 0.8100 27.2425 16.0740
v 1.4030 27.5209 15.5505
v 1.6200 27.9011 14.8353
v 1.4030 28.2814 14.1201
v 0.8100 28.5598 13.5966
v 0.0000 28.6617 13.4049
v -0.8100 28.5598 13.5966
v -1.4030 28.2814 14.1201
v 0.0000 26.8416 14.2719
v 0.0000 27.9011 14.8353
v -1.5300 21.5439 11.4551
v -1.0819 21.0360 12.4103
v 0.0000 20.8256 12.8060
v 1.0819 21.0360 12.4103
v 1.5300 21.5439 11.4551
v 1.0819 22.0518 10.4999
v 0.0000 22.2622 10.1042
v -1.0819 22.0518 10.4999
v -1.5300 22.6035 12.0185
v -1.0819 22.0955 12.9737
v 0.0000 21.8852 13.3694
v 1.0819 22.0955 12.9737
v 1.5300 22.6035 12.0185
v 1.0819 23.1114 11.0632
v 0.0000 23.3217 10.6676
v -1.0819 23.1114 11.0632
v 0.0000 21.5439 11.4551
v 0.0000 22.6035 12.0185
v -18.9606 16.8571 9.8784
v -19.4689 15.8109 10.5939
v -19.5795 14.9239 11.6263
v -19.2757 14.3312 12.8185
v -18.6036 14.1231 13.9890
v -17.6657 14.3312 14.9596
v -16.6047 14.9239 15.5824
v -15.5821 15.8109 15.7627
v -14.7536 16.8571 15.4731
v -14.2454 17.9034 14.7576
v -14.1348 18.7904 13.7251
v -14.4386 19.3831 12.5329
v -15.1106 19.5912 11.3624
v -16.0485 19.3831 10.3919
v -17.1096 18.7904 9.7691
v -18.1321 17.9034 9.5887
v -19.5850 17.4815 10.3478
v -20.0932 16.4352 11.0633
v -20.2038 15.5482 12.0958
v -19.9000 14.9555 13.2880
v -19.2280 14.7474 14.4585
v -18.2901 14.9555 15.4290
v -17.2290 15.5482 16.0519
v -16.2065 16.4352 16.2322
v -15.3780 17.4815 15.9426
v -14.8697 18.5277 15.2271
v -14.7591 19.4147 14.1946
v -15.0629 20.0074 13.0024
v -15.7350 20.2155 11.8319
v -16.6729 20.0074 10.8614
v -17.7339 19.4147 10.2385
v -18.7565 18.5277 10.0582
v -16.8571 16.8571 12.6757
v -17.4815 17.4815 13.1452
v -19.5850 17.4815 10.3478
v -20.0932 16.4352 11.0633
v -20.2038 15.5482 12.0958
v -19.9000 14.9555 13.2880
v -19.2280 14.7474 14.4585
v -18.2901 14.9555 15.4290
v -17.2290 15.5482 16.0519
v -16.2065 16.4352 16.2322
v -15.3780 17.4815 15.9426
v -14.8697 18.5277 15.2271
v -14.7591 19.4147 14.1946
v -15.0629 20.0074 13.0024
v -15.7350 20.2155 11.8319
v -16.6729 20.0074 10.8614
v -17.7339 19.4147 10.2385
v -18.7565 18.5277 10.0582
v -20.2093 18.1058 10.8173
v -20.7175 17.0595 11.5328
v -20.8282 16.1726 12.5653
v -20.5243 15.5799 13.7575
v -19.8523 15.3718 14.9280
v -18.9144 15.5799 15.8985
v -17.8534 16.1726 16.5214
v -16.8308 17.0595 16.7017
v -16.0023 18.1058 16.4121
v -15.4941 19.1521 15.6965
v -15.3834 20.0391 14.6641
v -15.6873 20.6317 13.4719
v -16.3593 20.8398 12.3014
v -17.2972 20.6317 11.3308
v -18.3582 20.0391 10.7080
v -19.3808 19.1521 10.5277
v -17.4815 17.4815 13.1452
v -18.1058 18.1058 13.6147
v -16.5240 15.9831 11.2991
v -16.6760 15.6315 11.5644
v -16.6424 15.3742 11.9513
v -16.4322 15.2800 12.3562
v -16.1015 15.3742 12.6706
v -15.7392 15.6315 12.8103
v -15.4422 15.9831 12.7378
v -15.2901 16.3346 12.4726
v -15.3237 16.5919 12.0857
v -15.5340 16.6861 11.6808
v -15.8646 16.5919 11.3663
v -16.2269 16.3346 11.2267
v -19.5208 18.9799 13.5526
v -19.6729 18.6284 13.8178
v -19.6393 18.3710 14.2047
v -19.4290 18.2768 14.6096
v -19.0984 18.3710 14.9241
v -18.7360 18.6284 15.0637
v -18.4390 18.9799 14.9913
v -18.2869 19.3314 14.7260
v -18.3205 19.5887 14.3391
v -18.5308 19.6829 13.9342
v -18.8614 19.5887 13.6198
v -19.2238 19.3314 13.4801
v -15.9831 15.9831 12.0185
v -18.9799 18.9799 14.2719
v -19.9535 18.9799 12.9771
v -20.2273 18.3471 13.4546
v -20.1668 17.8840 14.1510
v -19.7883 17.7144 14.8798
v -19.1932 17.8840 15.4458
v -18.5409 18.3471 15.6972
v -18.0063 18.9799 15.5667
v -17.7325 19.6126 15.0893
v -17.7930 20.0758 14.3929
v -18.1715 20.2454 13.6641
v -18.7666 20.0758 13.0981
v -19.4189 19.6126 12.8467
v -20.7027 19.7291 13.5405
v -20.9765 19.0964 14.0179
v -20.9160 18.6332 14.7143
v -20.5375 18.4636 15.4432
v -19.9424 18.6332 16.0091
v -19.2901 19.0964 16.2606
v -18.7555 19.7291 16.1301
v -18.4817 20.3618 15.6527
v -18.5422 20.8250 14.9563
v -18.9207 20.9946 14.2274
v -19.5158 20.8250 13.6615
v -20.1681 20.3618 13.4101
v -18.9799 18.9799 14.2719
v -19.7291 19.7291 14.8353
v -16.1534 15.2339 10.2323
v -16.4239 14.3887 10.9964
v -15.9973 14.0387 12.0292
v -15.1235 14.3887 12.7257
v -14.3143 15.2339 12.6780
v -14.0438 16.0790 11.9138
v -14.4704 16.4290 10.8810
v -15.3442 16.0790 10.1845
v -16.9026 15.9831 10.7956
v -17.1731 15.1379 11.5597
v -16.7465 14.7879 12.5926
v -15.8727 15.1379 13.2891
v -15.0635 15.9831 13.2413
v -14.7930 16.8282 12.4772
v -15.2196 17.1782 11.4444
v -16.0934 16.8282 10.7478
v -15.2339 15.2339 11.4551
v -15.9831 15.9831 12.0185
v -25.4827 0.0000 9.5854
v -25.3577 -1.3394 9.8207
v -25.0015 -2.4749 10.4905
v -24.4684 -3.2336 11.4931
v -23.8396 -3.5000 12.6757
v -23.2108 -3.2336 13.8583
v -22.6777 -2.4749 14.8609
v -22.3215 -1.3394 15.5308
v -22.1964 0.0000 15.7660
v -22.3215 1.3394 15.5308
v -22.6777 2.4749 14.8609
v -23.2108 3.2336 13.8583
v -23.8396 3.5000 12.6757
v -24.4684 3.2336 11.4931
v -25.0015 2.4749 10.4905
v -25.3577 1.3394 9.8207
v -26.3657 0.0000 10.0549
v -26.2406 -1.3394 10.2901
v -25.8844 -2.4749 10.9600
v -25.3513 -3.2336 11.9626
v -24.7225 -3.5000 13.1452
v -24.0937 -3.2336 14.3278
v -23.5606 -2.4749 15.3304
v -23.2045 -1.3394 16.0003
v -23.0794 0.0000 16.2355
v -23.2045 1.3394 16.0003
v -23.5606 2.4749 15.3304
v -24.0937 3.2336 14.3278
v -24.7225 3.5000 13.1452
v -25.3513 3.2336 11.9626
v -25.8844 2.4749 10.9600
v -26.2406 1.3394 10.2901
v -23.8396 0.0000 12.6757
v -24.7225 0.0000 13.1452
v -26.3657 0.0000 10.0549
v -26.2406 -1.3394 10.2901
v -25.8844 -2.4749 10.9600
v -25.3513 -3.2336 11.9626
v -24.7225 -3.5000 13.1452
v -24.0937 -3.2336 14.3278
v -23.5606 -2.4749 15.3304
v -23.2045 -1.3394 16.0003
v -23.0794 0.0000 16.2355
v -23.2045 1.3394 16.0003
v -23.5606 2.4749 15.3304
v -24.0937 3.2336 14.3278
v -24.7225 3.5000 13.1452
v -25.3513 3.2336 11.9626
v -25.8844 2.4749 10.9600
v -26.2406 1.3394 10.2901
v -27.2486 0.0000 10.5244
v -27.1236 -1.3394 10.7596
v -26.7674 -2.4749 11.4295
v -26.2343 -3.2336 12.4321
v -25.6055 -3.5000 13.6147
v -24.9767 -3.2336 14.7973
v -24.4436 -2.4749 15.7999
v -24.0874 -1.3394 16.4698
v -23.9623 0.0000 16.7050
v -24.0874 1.3394 16.4698
v -24.4436 2.4749 15.7999
v -24.9767 3.2336 14.7973
v -25.6055 3.5000 13.6147
v -26.2343 3.2336 12.4321
v -26.7674 2.4749 11.4295
v -27.1236 1.3394 10.7596
v -24.7225 0.0000 13.1452
v -25.6055 0.0000 13.6147
v -23.0260 0.0000 11.2238
v -22.9694 -0.4500 11.3303
v -22.8147 -0.7794 11.6211
v -22.6035 -0.9000 12.0185
v -22.3922 -0.7794 12.4158
v -22.2375 -0.4500 12.7067
v -22.1809 0.0000 12.8131
v -22.2375 0.4500 12.7067
v -22.3922 0.7794 12.4158
v -22.6035 0.9000 12.0185
v -22.8147 0.7794 11.6211
v -22.9694 0.4500 11.3303
v -27.2641 0.0000 13.4773
v -27.2075 -0.4500 13.5837
v -27.0529 -0.7794 13.8746
v -26.8416 -0.9000 14.2719
v -26.6303 -0.7794 14.6693
v -26.4757 -0.4500 14.9601
v -26.4191 0.0000 15.0666
v -26.4757 0.4500 14.9601
v -26.6303 0.7794 14.6693
v -26.8416 0.9000 14.2719
v -27.0529 0.7794 13.8746
v -27.2075 0.4500 13.5837
v -22.6035 0.0000 12.0185
v -26.8416 0.0000 14.2719
v -27.6022 0.0000 12.8416
v -27.5003 -0.8100 13.0332
v -27.2219 -1.4030 13.5567
v -26.8416 -1.6200 14.2719
v -26.4613 -1.4030 14.9871
v -26.1830 -0.8100 15.5107
v -26.0811 0.0000 15.7023
v -26.1830 0.8100 15.5107
v -26.4613 1.4030 14.9871
v -26.8416 1.6200 14.2719
v -27.2219 1.4030 13.5567
v -27.5003 0.8100 13.0332
v -28.6617 0.0000 13.4049
v -28.5598 -0.8100 13.5966
v -28.2814 -1.4030 14.1201
v -27.9011 -1.6200 14.8353
v -27.5209 -1.4030 15.5505
v -27.2425 -0.8100 16.0740
v -27.1406 0.0000 16.2657
v -27.2425 0.8100 16.0740
v -27.5209 1.4030 15.5505
v -27.9011 1.6200 14.8353
v -28.2814 1.4030 14.1201
v -28.5598 0.8100 13.5966
v -26.8416 0.0000 14.2719
v -27.9011 0.0000 14.8353
v -22.2622 0.0000 10.1042
v -22.0518 -1.0819 10.4999
v -21.5439 -1.5300 11.4551
v -21.0360 -1.0819 12.4103
v -20.8256 0.0000 12.8060
v -21.0360 1.0819 12.4103
v -21.5439 1.5300 11.4551
v -22.0518 1.0819 10.4999
v -23.3217 0.0000 10.6676
v -23.1114 -1.0819 11.0632
v -22.6035 -1.5300 12.0185
v -22.0955 -1.0819 12.9737
v -21.8852 0.0000 13.3694
v -22.0955 1.0819 12.9737
v -22.6035 1.5300 12.0185
v -23.1114 1.0819 11.0632
v -21.5439 0.0000 11.4551
v -22.6035 0.0000 12.0185
v -18.9606 -16.8571 9.8784
v -18.1321 -17.9034 9.5887
v -17.1096 -18.7904 9.7691
v -16.0485 -19.3831 10.3919
v -15.1106 -19.5912 11.3624
v -14.4386 -19.3831 12.5329
v -14.1348 -18.7904 13.7251
v -14.2454 -17.9034 14.7576
v -14.7536 -16.8571 15.4731
v -15.5821 -15.8109 15.7627
v -16.6047 -14.9239 15.5824
v -17.6657 -14.3312 14.9596
v -18.6036 -14.1231 13.9890
v -19.2757 -14.3312 12.8185
v -19.5795 -14.9239 11.6263
v -19.4689 -15.8109 10.5939
v -19.5850 -17.4815 10.3478
v -18.7565 -18.5277 10.0582
v -17.7339 -19.4147 10.2385
v -16.6729 -20.0074 10.8614
v -15.7350 -20.2155 11.8319
v -15.0629 -20.0074 13.0024
v -14.7591 -19.4147 14.1946
v -14.8697 -18.5277 15.2271
v -15.3780 -17.4815 15.9426
v -16.2065 -16.4352 16.2322
v -17.2290 -15.5482 16.0519
v -18.2901 -14.9555 15.4290
v -19.2280 -14.7474 14.4585
v -19.9000 -14.9555 13.2880
v -20.2038 -15.5482 12.0958
v -20.0932 -16.4352 11.0633
v -16.8571 -16.8571 12.6757
v -17.4815 -17.4815 13.1452
v -19.5850 -17.4815 10.3478
v -18.7565 -18.5277 10.0582
v -17.7339 -19.4147 10.2385
v -16.6729 -20.0074 10.8614
v -15.7350 -20.2155 11.8319
v -15.0629 -20.0074 13.0024
v -14.7591 -19.4147 14.1946
v -14.8697 -18.5277 15.2271
v -15.3780 -17.4815 15.9426
v -16.2065 -16.4352 16.2322
v -17.2290 -15.5482 16.0519
v -18.2901 -14.9555 15.4290
v -19.2280 -14.7474 14.4585
v -19.9000 -14.9555 13.2880
v -20.2038 -15.5482 12.0958
v -20.0932 -16.4352 11.0633
v -20.2093 -18.1058 10.8173
v -19.3808 -19.1521 10.5277
v -18.3582 -20.0391 10.7080
v -17.2972 -20.6317 11.3308
v -16.3593 -20.8398 12.3014
v -15.6873 -20.6317 13.4719
v -15.3834 -20.0391 14.6641
v -15.4941 -19.1521 15.6965
v -16.0023 -18.1058 16.4121
v -16.8308 -17.0595 16.7017
v -17.8534 -16.1726 16.5214
v -18.9144 -15.5799 15.8985
v -19.8523 -15.3718 14.9280
v -20.5243 -15.5799 13.7575
v -20.8282 -16.1726 12.5653
v -20.7175 -17.0595 11.5328
v -17.4815 -17.4815 13.1452
v -18.1058 -18.1058 13.6147
v -16.5240 -15.9831 11.2991
v -16.2269 -16.3346 11.2267
v -15.8646 -16.5919 11.3663
v -15.5340 -16.6861 11.6808
v -15.3237 -16.5919 12.0857
v -15.2901 -16.3346 12.4726
v -15.4422 -15.9831 12.7378
v -15.7392 -15.6315 12.8103
v -16.1015 -15.3742 12.6706
v -16.4322 -15.2800 12.3562
v -16.6424 -15.3742 11.9513
v -16.6760 -15.6315 11.5644
v -19.5208 -18.9799 13.5526
v -19.2238 -19.3314 13.4801
v -18.8614 -19.5887 13.6198
v -18.5308 -19.6829 13.9342
v -18.3205 -19.5887 14.3391
v -18.2869 -19.3314 14.7260
v -18.4390 -18.9799 14.9913
v -18.7360 -18.6284 15.0637
v -19.0984 -18.3710 14.9241
v -19.4290 -18.2768 14.6096
v -19.6393 -18.3710 14.2047
v -19.6729 -18.6284 13.8178
v -15.9831 -15.9831 12.0185
v -18.9799 -18.9799 14.2719
v -19.9535 -18.9799 12.9771
v -19.4189 -19.6126 12.8467
v -18.7666 -20.0758 13.0981
v -18.1715 -20.2454 13.6641
v -17.7930 -20.0758 14.3929
v -17.7325 -19.6126 15.0893
v -18.0063 -18.9799 15.5667
v -18.5409 -18.3471 15.6972
v -19.1932 -17.8840 15.4458
v -19.7883 -17.7144 14.8798
v -20.1668 -17.8840 14.1510
v -20.2273 -18.3471 13.4546
v -20.7027 -19.7291 13.5405
v -20.1681 -20.3618 13.4101
v -19.5158 -20.8250 13.6615
v -18.9207 -20.9946 14.2274
v -18.5422 -20.8250 14.9563
v -18.4817 -20.3618 15.6527
v -18.7555 -19.7291 16.1301
v -19.2901 -19.0964 16.2606
v -19.9424 -18.6332 16.0091
v -20.5375 -18.4636 15.4432
v -20.9160 -18.6332 14.7143
v -20.9765 -19.0964 14.0179
v -18.9799 -18.9799 14.2719
v -19.7291 -19.7291 14.8353
v -16.1534 -15.2339 10.2323
v -15.3442 -16.0790 10.1845
v -14.4704 -16.4290 10.8810
v -14.0438 -16.0790 11.9138
v -14.3143 -15.2339 12.6780
v -15.1235 -14.3887 12.7257
v -15.9973 -14.0387 12.0292
v -16.4239 -14.3887 10.9964
v -16.9026 -15.9831 10.7956
v -16.0934 -16.8282 10.7478
v -15.2196 -17.1782 11.4444
v -14.7930 -16.8282 12.4772
v -15.0635 -15.9831 13.2413
v -15.8727 -15.1379 13.2891
v -16.7465 -14.7879 12.5926
v -17.1731 -15.1379 11.5597
v -15.2339 -15.2339 11.4551
v -15.9831 -15.9831 12.0185
v -3.5000 -23.8396 12.6757
v -3.2336 -24.4684 11.4931
v -2.4749 -25.0015 10.4905
v -1.3394 -25.3577 9.8207
v -0.0000 -25.4827 9.5854
v 1.3394 -25.3577 9.8207
v 2.4749 -25.0015 10.4905
v 3.2336 -24.4684 11.4931
v 3.5000 -23.8396 12.6757
v 3.2336 -23.2108 13.8583
v 2.4749 -22.6777 14.8609
v 1.3394 -22.3215 15.5308
v -0.0000 -22.1964 15.7660
v -1.3394 -22.3215 15.5308
v -2.4749 -22.6777 14.8609
v -3.2336 -23.2108 13.8583
v -3.5000 -24.7225 13.1452
v -3.2336 -25.3513 11.9626
v -2.4749 -25.8844 10.9600
v -1.3394 -26.2406 10.2901
v -0.0000 -26.3657 10.0549
v 1.3394 -26.2406 10.2901
v 2.4749 -25.8844 10.9600
v 3.2336 -25.3513 11.9626
v 3.5000 -24.7225 13.1452
v 3.2336 -24.0937 14.3278
v 2.4749 -23.5606 15.3304
v 1.3394 -23.2045 16.0003
v -0.0000 -23.0794 16.2355
v -1.3394 -23.2045 16.0003
v -2.4749 -23.5606 15.3304
v -3.2336 -24.0937 14.3278
v -0.0000 -23.8396 12.6757
v -0.0000 -24.7225 13.1452
v -3.5000 -24.7225 13.1452
v -3.2336 -25.3513 11.9626
v -2.4749 -25.8844 10.9600
v -1.3394 -26.2406 10.2901
v -0.0000 -26.3657 10.0549
v 1.3394 -26.2406 10.2901
v 2.4749 -25.8844 10.9600
v 3.2336 -25.3513 11.9626
v 3.5000 -24.7225 13.1452
v 3.2336 -24.0937 14.3278
v 2.4749 -23.5606 15.3304
v 1.3394 -23.2045 16.0003
v -0.0000 -23.0794 16.2355
v -1.3394 -23.2045 16.0003
v -2.4749 -23.5606 15.3304
v -3.2336 -24.0937 14.3278
v -3.5000 -25.6055 13.6147
v -3.2336 -26.2343 12.4321
v -2.4749 -26.7674 11.4295
v -1.3394 -27.1236 10.7596
v -0.0000 -27.2486 10.5244
v 1.3394 -27.1236 10.7596
v 2.4749 -26.7674 11.4295
v 3.2336 -26.2343 12.4321
v 3.5000 -25.6055 13.6147
v 3.2336 -24.9767 14.7973
v 2.4749 -24.4436 15.7999
v 1.3394 -24.0874 16.4698
v -0.0000 -23.9623 16.7050
v -1.3394 -24.0874 16.4698
v -2.4749 -24.4436 15.7999
v -3.2336 -24.9767 14.7973
v -0.0000 -24.7225 13.1452
v -0.0000 -25.6055 13.6147
v -0.9000 -22.6035 12.0185
v -0.7794 -22.8147 11.6211
v -0.4500 -22.9694 11.3303
v -0.0000 -23.0260 11.2238
v 0.4500 -22.9694 11.3303
v 0.7794 -22.8147 11.6211
v 0.9000 -22.6035 12.0185
v 0.7794 -22.3922 12.4158
v 0.4500 -22.2375 12.7067
v -0.0000 -22.1809 12.8131
v -0.4500 -22.2375 12.7067
v -0.7794 -22.3922 12.4158
v -0.9000 -26.8416 14.2719
v -0.7794 -27.0529 13.8746
v -0.4500 -27.2075 13.5837
v -0.0000 -27.2641 13.4773
v 0.4500 -27.2075 13.5837
v 0.7794 -27.0529 13.8746
v 0.9000 -26.8416 14.2719
v 0.7794 -26.6303 14.6693
v 0.4500 -26.4757 14.9601
v -0.0000 -26.4191 15.0666
v -0.4500 -26.4757 14.9601
v -0.7794 -26.6303 14.6693
v -0.0000 -22.6035 12.0185
v -0.0000 -26.8416 14.2719
v -1.6200 -26.8416 14.2719
v -1.4030 -27.2219 13.5567
v -0.8100 -27.5003 13.0332
v -0.0000 -27.6022 12.8416
v 0.8100 -27.5003 13.0332
v 1.4030 -27.2219 13.5567
v 1.6200 -26.8416 14.2719
v 1.4030 -26.4613 14.9871
v 0.8100 -26.1830 15.5107
v -0.0000 -26.0811 15.7023
v -0.8100 -26.1830 15.5107
v -1.4030 -26.4613 14.9871
v -1.6200 -27.9011 14.8353
v -1.4030 -28.2814 14.1201
v -0.8100 -28.5598 13.5966
v -0.0000 -28.6617 13.4049
v 0.8100 -28.5598 13.5966
v 1.4030 -28.2814 14.1201
v 1.6200 -27.9011 14.8353
v 1.4030 -27.5209 15.5505
v 0.8100 -27.2425 16.0740
v -0.0000 -27.1406 16.2657
v -0.8100 -27.2425 16.0740
v -1.4030 -27.5209 15.5505
v -0.0000 -26.8416 14.2719
v -0.0000 -27.9011 14.8353
v -1.5300 -21.5439 11.4551
v -1.0819 -22.0518 10.4999
v -0.0000 -22.2622 10.1042
v 1.0819 -22.0518 10.4999
v 1.5300 -21.5439 11.4551
v 1.0819 -21.0360 12.4103
v -0.0000 -20.8256 12.8060
v -1.0819 -21.0360 12.4103
v -1.5300 -22.6035 12.0185
v -1.0819 -23.1114 11.0632
v -0.0000 -23.3217 10.6676
v 1.0819 -23.1114 11.0632
v 1.5300 -22.6035 12.0185
v 1.0819 -22.0955 12.9737
v -0.0000 -21.8852 13.3694
v -1.0819 -22.0955 12.9737
v -0.0000 -21.5439 11.4551
v -0.0000 -22.6035 12.0185
v 14.7536 -16.8571 15.4731
v 14.2454 -17.9034 14.7576
v 14.1348 -18.7904 13.7251
v 14.4386 -19.3831 12.5329
v 15.1106 -19.5912 11.3624
v 16.0485 -19.3831 10.3919
v 17.1096 -18.7904 9.7691
v 18.1321 -17.9034 9.5887
v 18.9606 -16.8571 9.8784
v 19.4689 -15.8109 10.5939
v 19.5795 -14.9239 11.6263
v 19.2757 -14.3312 12.8185
v 18.6036 -14.1231 13.9890
v 17.6657 -14.3312 14.9596
v 16.6047 -14.9239 15.5824
v 15.5821 -15.8109 15.7627
v 15.3780 -17.4815 15.9426
v 14.8697 -18.5277 15.2271
v 14.7591 -19.4147 14.1946
v 15.0629 -20.0074 13.0024
v 15.7350 -20.2155 11.8319
v 16.6729 -20.0074 10.8614
v 17.7339 -19.4147 10.2385
v 18.7565 -18.5277 10.0582
v 19.5850 -17.4815 10.3478
v 20.0932 -16.4352 11.0633
v 20.2038 -15.5482 12.0958
v 19.9000 -14.9555 13.2880
v 19.2280 -14.7474 14.4585
v 18.2901 -14.9555 15.4290
v 17.2290 -15.5482 16.0519
v 16.2065 -16.4352 16.2322
v 16.8571 -16.8571 12.6757
v 17.4815 -17.4815 13.1452
v 15.3780 -17.4815 15.9426
v 14.8697 -18.5277 15.2271
v 14.7591 -19.4147 14.1946
v 15.0629 -20.0074 13.0024
v 15.7350 -20.2155 11.8319
v 16.6729 -20.0074 10.8614
v 17.7339 -19.4147 10.2385
v 18.7565 -18.5277 10.0582
v 19.5850 -17.4815 10.3478
v 20.0932 -16.4352 11.0633
v 20.2038 -15.5482 12.0958
v 19.9000 -14.9555 13.2880
v 19.2280 -14.7474 14.4585
v 18.2901 -14.9555 15.4290
v 17.2290 -15.5482 16.0519
v 16.2065 -16.4352 16.2322
v 16.0023 -18.1058 16.4121
v 15.4941 -19.1521 15.6965
v 15.3834 -20.0391 14.6641
v 15.6873 -20.6317 13.4719
v 16.3593 -20.8398 12.3014
v 17.2972 -20.6317 11.3308
v 18.3582 -20.0391 10.7080
v 19.3808 -19.1521 10.5277
v 20.2093 -18.1058 10.8173
v 20.7175 -17.0595 11.5328
v 20.8282 -16.1726 12.5653
v 20.5243 -15.5799 13.7575
v 19.8523 -15.3718 14.9280
v 18.9144 -15.5799 15.8985
v 17.8534 -16.1726 16.5214
v 16.8308 -17.0595 16.7017
v 17.4815 -17.4815 13.1452
v 18.1058 -18.1058 13.6147
v 15.4422 -15.9831 12.7378
v 15.2901 -16.3346 12.4726
v 15.3237 -16.5919 12.0857
v 15.5340 -16.6861 11.6808
v 15.8646 -16.5919 11.3663
v 16.2269 -16.3346 11.2267
v 16.5240 -15.9831 11.2991
v 16.6760 -15.6315 11.5644
v 16.6424 -15.3742 11.9513
v 16.4322 -15.2800 12.3562
v 16.1015 -15.3742 12.6706
v 15.7392 -15.6315 12.8103
v 18.4390 -18.9799 14.9913
v 18.2869 -19.3314 14.7260
v 18.3205 -19.5887 14.3391
v 18.5308 -19.6829 13.9342
v 18.8614 -19.5887 13.6198
v 19.2238 -19.3314 13.4801
v 19.5208 -18.9799 13.5526
v 19.6729 -18.6284 13.8178
v 19.6393 -18.3710 14.2047
v 19.4290 -18.2768 14.6096
v 19.0984 -18.3710 14.9241
v 18.7360 -18.6284 15.0637
v 15.9831 -15.9831 12.0185
v 18.9799 -18.9799 14.2719
v 18.0063 -18.9799 15.5667
v 17.7325 -19.6126 15.0893
v 17.7930 -20.0758 14.3929
v 18.1715 -20.2454 13.6641
v 18.7666 -20.0758 13.0981
v 19.4189 -19.6126 12.8467
v 19.9535 -18.9799 12.9771
v 20.2273 -18.3471 13.4546
v 20.1668 -17.8840 14.1510
v 19.7883 -17.7144 14.8798
v 19.1932 -17.8840 15.4458
v 18.5409 -18.3471 15.6972
v 18.7555 -19.7291 16.1301
v 18.4817 -20.3618 15.6527
v 18.5422 -20.8250 14.9563
v 18.9207 -20.9946 14.2274
v 19.5158 -20.8250 13.6615
v 20.1681 -20.3618 13.4101
v 20.7027 -19.7291 13.5405
v 20.9765 -19.0964 14.0179
v 20.9160 -18.6332 14.7143
v 20.5375 -18.4636 15.4432
v 19.9424 -18.6332 16.0091
v 19.2901 -19.0964 16.2606
v 18.9799 -18.9799 14.2719
v 19.7291 -19.7291 14.8353
v 14.3143 -15.2339 12.6780
v 14.0438 -16.0790 11.9138
v 14.4704 -16.4290 10.8810
v 15.3442 -16.0790 10.1845
v 16.1534 -15.2339 10.2323
v 16.4239 -14.3887 10.9964
v 15.9973 -14.0387 12.0292
v 15.1235 -14.3887 12.7257
v 15.0635 -15.9831 13.2413
v 14.7930 -16.8282 12.4772
v 15.2196 -17.1782 11.4444
v 16.0934 -16.8282 10.7478
v 16.9026 -15.9831 10.7956
v 17.1731 -15.1379 11.5597
v 16.7465 -14.7879 12.5926
v 15.8727 -15.1379 13.2891
v 15.2339 -15.2339 11.4551
v 15.9831 -15.9831 12.0185
v 23.7707 9.1230 -9.6422
v 24.0301 7.8624 -10.0989
v 23.9842 6.7937 -10.9478
v 23.6400 6.0796 -12.0599
v 23.0499 5.8289 -13.2656
v 22.3038 6.0796 -14.3816
v 21.5152 6.7937 -15.2379
v 20.8042 7.8624 -15.7041
v 20.2791 9.1230 -15.7092
v 20.0197 10.3836 -15.2526
v 20.0656 11.4523 -14.4036
v 20.4098 12.1664 -13.2916
v 20.9999 12.4172 -12.0858
v 21.7460 12.1664 -10.9699
v 22.5346 11.4523 -10.1136
v 23.2456 10.3836 -9.6474
v 24.5865 9.4609 -10.1117
v 24.8458 8.2003 -10.5684
v 24.7999 7.1316 -11.4173
v 24.4557 6.4175 -12.5293
v 23.8656 6.1668 -13.7351
v 23.1195 6.4175 -14.8511
v 22.3309 7.1316 -15.7073
v 21.6200 8.2003 -16.1735
v 21.0948 9.4609 -16.1787
v 20.8355 10.7215 -15.7220
v 20.8814 11.7902 -14.8731
v 21.2256 12.5043 -13.7611
v 21.8157 12.7551 -12.5553
v 22.5618 12.5043 -11.4393
v 23.3504 11.7902 -10.5831
v 24.0613 10.7215 -10.1169
v 22.0249 9.1230 -12.6757
v 22.8406 9.4609 -13.1452
v 24.5865 9.4609 -10.1117
v 24.8458 8.2003 -10.5684
v 24.7999 7.1316 -11.4173
v 24.4557 6.4175 -12.5293
v 23.8656 6.1668 -13.7351
v 23.1195 6.4175 -14.8511
v 22.3309 7.1316 -15.7073
v 21.6200 8.2003 -16.1735
v 21.0948 9.4609 -16.1787
v 20.8355 10.7215 -15.7220
v 20.8814 11.7902 -14.8731
v 21.2256 12.5043 -13.7611
v 21.8157 12.7551 -12.5553
v 22.5618 12.5043 -11.4393
v 23.3504 11.7902 -10.5831
v 24.0613 10.7215 -10.1169
v 25.4022 9.7988 -10.5812
v 25.6616 8.5382 -11.0378
v 25.6156 7.4695 -11.8868
v 25.2714 6.7554 -12.9988
v 24.6814 6.5046 -14.2046
v 23.9352 6.7554 -15.3205
v 23.1467 7.4695 -16.1768
v 22.4357 8.5382 -16.6430
v 21.9105 9.7988 -16.6482
v 21.6512 11.0594 -16.1915
v 21.6971 12.1281 -15.3426
v 22.0413 12.8422 -14.2305
v 22.6314 13.0929 -13.0248
v 23.3775 12.8422 -11.9088
v 24.1661 12.1281 -11.0526
v 24.8771 11.0594 -10.5863
v 22.8406 9.4609 -13.1452
v 23.6564 9.7988 -13.6147
v 21.3318 8.6500 -11.2384
v 21.4034 8.2264 -11.4188
v 21.3356 7.9164 -11.7598
v 21.1464 7.8029 -12.1702
v 20.8867 7.9164 -12.5399
v 20.6259 8.2264 -12.7699
v 20.4339 8.6500 -12.7985
v 20.3623 9.0735 -12.6182
v 20.4302 9.3836 -12.2771
v 20.6193 9.4970 -11.8668
v 20.8791 9.3836 -11.4971
v 21.1399 9.0735 -11.2671
v 25.2473 10.2718 -13.4919
v 25.3190 9.8483 -13.6722
v 25.2511 9.5383 -14.0133
v 25.0620 9.4248 -14.4236
v 24.8022 9.5383 -14.7933
v 24.5414 9.8483 -15.0233
v 24.3495 10.2718 -15.0520
v 24.2778 10.6954 -14.8716
v 24.3457 11.0054 -14.5306
v 24.5348 11.1189 -14.1202
v 24.7946 11.0054 -13.7505
v 25.0554 10.6954 -13.5206
v 20.8829 8.6500 -12.0185
v 24.7984 10.2718 -14.2719
v 25.6065 10.2718 -12.8679
v 25.7354 9.5095 -13.1925
v 25.6133 8.9514 -13.8064
v 25.2728 8.7471 -14.5450
v 24.8052 8.9514 -15.2104
v 24.3358 9.5095 -15.6244
v 23.9903 10.2718 -15.6760
v 23.8614 11.0342 -15.3514
v 23.9835 11.5923 -14.7375
v 24.3240 11.7966 -13.9989
v 24.7916 11.5923 -13.3334
v 25.2610 11.0342 -12.9195
v 26.5854 10.6773 -13.4312
v 26.7143 9.9149 -13.7559
v 26.5922 9.3569 -14.3697
v 26.2517 9.1526 -15.1083
v 25.7841 9.3569 -15.7738
v 25.3147 9.9149 -16.1878
v 24.9692 10.6773 -16.2394
v 24.8403 11.4397 -15.9147
v 24.9624 11.9978 -15.3009
v 25.3029 12.2020 -14.5623
v 25.7705 11.9978 -13.8968
v 26.2399 11.4397 -13.4828
v 24.7984 10.2718 -14.2719
v 25.7773 10.6773 -14.8353
v 20.6672 8.2445 -10.1290
v 20.7605 7.2263 -10.6998
v 20.3521 6.8045 -11.7130
v 19.6812 7.2263 -12.5751
v 19.1408 8.2445 -12.7812
v 19.0475 9.2627 -12.2104
v 19.4559 9.6845 -11.1972
v 20.1268 9.2627 -10.3351
v 21.6460 8.6500 -10.6924
v 21.7394 7.6317 -11.2631
v 21.3309 7.2100 -12.2763
v 20.6601 7.6317 -13.1385
v 20.1197 8.6500 -13.3445
v 20.0264 9.6682 -12.7738
v 20.4348 10.0900 -11.7606
v 21.1057 9.6682 -10.8985
v 19.9040 8.2445 -11.4551
v 20.8829 8.6500 -12.0185
v 11.9638 22.0249 -10.6312
v 12.3858 21.2502 -11.6736
v 12.3110 20.5934 -12.8686
v 11.7510 20.1545 -14.0342
v 10.7908 20.0004 -14.9930
v 9.5768 20.1545 -15.5991
v 8.2936 20.5934 -15.7600
v 7.1368 21.2502 -15.4514
v 6.2823 22.0249 -14.7203
v 5.8603 22.7996 -13.6779
v 5.9350 23.4564 -12.4829
v 6.4950 23.8953 -11.3172
v 7.4552 24.0494 -10.3584
v 8.6693 23.8953 -9.7524
v 9.9524 23.4564 -9.5914
v 11.1093 22.7996 -9.9000
v 12.3016 22.8406 -11.1007
v 12.7237 22.0659 -12.1431
v 12.6489 21.4091 -13.3381
v 12.0889 20.9703 -14.5037
v 11.1287 20.8162 -15.4625
v 9.9147 20.9703 -16.0685
v 8.6315 21.4091 -16.2295
v 7.4746 22.0659 -15.9209
v 6.6202 22.8406 -15.1898
v 6.1982 23.6154 -14.1473
v 6.2729 24.2722 -12.9523
v 6.8329 24.7110 -11.7867
v 7.7931 24.8651 -10.8279
v 9.0071 24.7110 -10.2219
v 10.2903 24.2722 -10.0609
v 11.4472 23.6154 -10.3695
v 9.1230 22.0249 -12.6757
v 9.4609 22.8406 -13.1452
v 12.3016 22.8406 -11.1007
v 12.7237 22.0659 -12.1431
v 12.6489 21.4091 -13.3381
v 12.0889 20.9703 -14.5037
v 11.1287 20.8162 -15.4625
v 9.9147 20.9703 -16.0685
v 8.6315 21.4091 -16.2295
v 7.4746 22.0659 -15.9209
v 6.6202 22.8406 -15.1898
v 6.1982 23.6154 -14.1473
v 6.2729 24.2722 -12.9523
v 6.8329 24.7110 -11.7867
v 7.7931 24.8651 -10.8279
v 9.0071 24.7110 -10.2219
v 10.2903 24.2722 -10.0609
v 11.4472 23.6154 -10.3695
v 12.6395 23.6564 -11.5701
v 13.0615 22.8816 -12.6126
v 12.9868 22.2249 -13.8075
v 12.4268 21.7860 -14.9732
v 11.4666 21.6319 -15.9320
v 10.2525 21.7860 -16.5380
v 8.9694 22.2249 -16.6990
v 7.8125 22.8816 -16.3904
v 6.9580 23.6564 -15.6592
v 6.5360 24.4311 -14.6168
v 6.6108 25.0879 -13.4218
v 7.1708 25.5268 -12.2562
v 8.1310 25.6809 -11.2974
v 9.3450 25.5268 -10.6914
v 10.6282 25.0879 -10.5304
v 11.7851 24.4311 -10.8390
v 9.4609 22.8406 -13.1452
v 9.7988 23.6564 -13.6147
v 9.3804 20.8829 -11.4927
v 9.4970 20.6226 -11.8611
v 9.3866 20.4320 -12.2716
v 9.0788 20.3623 -12.6143
v 8.6561 20.4320 -12.7974
v 8.2318 20.6226 -12.7717
v 7.9195 20.8829 -12.5442
v 7.8029 21.1432 -12.1758
v 7.9133 21.3337 -11.7653
v 8.2211 21.4035 -11.4226
v 8.6438 21.3337 -11.2396
v 9.0681 21.1432 -11.2652
v 11.0023 24.7984 -13.7462
v 11.1189 24.5381 -14.1146
v 11.0085 24.3476 -14.5251
v 10.7007 24.2778 -14.8678
v 10.2780 24.3476 -15.0509
v 9.8537 24.5381 -15.0252
v 9.5414 24.7984 -14.7977
v 9.4248 25.0587 -14.4293
v 9.5352 25.2492 -14.0188
v 9.8430 25.3190 -13.6761
v 10.2657 25.2492 -13.4930
v 10.6900 25.0587 -13.5187
v 8.6500 20.8829 -12.0185
v 10.2718 24.7984 -14.2719
v 11.5867 24.7984 -13.3256
v 11.7965 24.3299 -13.9887
v 11.5978 23.9869 -14.7276
v 11.0438 23.8614 -15.3445
v 10.2829 23.9869 -15.6740
v 9.5191 24.3299 -15.6278
v 8.9570 24.7984 -15.2183
v 8.7472 25.2669 -14.5552
v 8.9459 25.6099 -13.8162
v 9.4999 25.7355 -13.1994
v 10.2607 25.6099 -12.8699
v 11.0246 25.2669 -12.9161
v 11.9922 25.7773 -13.8890
v 12.2020 25.3088 -14.5520
v 12.0033 24.9658 -15.2910
v 11.4493 24.8403 -15.9079
v 10.6884 24.9658 -16.2373
v 9.9246 25.3088 -16.1911
v 9.3624 25.7773 -15.7816
v 9.1526 26.2458 -15.1186
v 9.3513 26.5888 -14.3796
v 9.9053 26.7143 -13.7627
v 10.6662 26.5888 -13.4333
v 11.4300 26.2458 -13.4795
v 10.2718 24.7984 -14.2719
v 10.6773 25.7773 -14.8353
v 9.4863 19.9040 -10.5613
v 9.6381 19.2782 -11.5394
v 8.9736 19.0190 -12.4681
v 7.8819 19.2782 -12.8034
v 7.0027 19.9040 -12.3489
v 6.8509 20.5298 -11.3708
v 7.5154 20.7890 -10.4421
v 8.6071 20.5298 -10.1068
v 9.8918 20.8829 -11.1247
v 10.0436 20.2571 -12.1028
v 9.3790 19.9979 -13.0315
v 8.2874 20.2571 -13.3667
v 7.4082 20.8829 -12.9122
v 7.2563 21.5087 -11.9342
v 7.9209 21.7679 -11.0055
v 9.0125 21.5087 -10.6702
v 8.2445 19.9040 -11.4551
v 8.6500 20.8829 -12.0185
v -6.2823 22.0249 -14.7203
v -7.1368 21.2502 -15.4514
v -8.2936 20.5934 -15.7600
v -9.5768 20.1545 -15.5991
v -10.7908 20.0004 -14.9930
v -11.7510 20.1545 -14.0342
v -12.3110 20.5934 -12.8686
v -12.3858 21.2502 -11.6736
v -11.9638 22.0249 -10.6312
v -11.1093 22.7996 -9.9000
v -9.9524 23.4564 -9.5914
v -8.6693 23.8953 -9.7524
v -7.4552 24.0494 -10.3584
v -6.4950 23.8953 -11.3172
v -5.9350 23.4564 -12.4829
v -5.8603 22.7996 -13.6779
v -6.6202 22.8406 -15.1898
v -7.4746 22.0659 -15.9209
v -8.6315 21.4091 -16.2295
v -9.9147 20.9703 -16.0685
v -11.1287 20.8162 -15.4625
v -12.0889 20.9703 -14.5037
v -12.6489 21.4091 -13.3381
v -12.7237 22.0659 -12.1431
v -12.3016 22.8406 -11.1007
v -11.4472 23.6154 -10.3695
v -10.2903 24.2722 -10.0609
v -9.0071 24.7110 -10.2219
v -7.7931 24.8651 -10.8279
v -6.8329 24.7110 -11.7867
v -6.2729 24.2722 -12.9523
v -6.1982 23.6154 -14.1473
v -9.1230 22.0249 -12.6757
v -9.4609 22.8406 -13.1452
v -6.6202 22.8406 -15.1898
v -7.4746 22.0659 -15.9209
v -8.6315 21.4091 -16.2295
v -9.9147 20.9703 -16.0685
v -11.1287 20.8162 -15.4625
v -12.0889 20.9703 -14.5037
v -12.6489 21.4091 -13.3381
v -12.7237 22.0659 -12.1431
v -12.3016 22.8406 -11.1007
v -11.4472 23.6154 -10.3695
v -10.2903 24.2722 -10.0609
v -9.0071 24.7110 -10.2219
v -7.7931 24.8651 -10.8279
v -6.8329 24.7110 -11.7867
v -6.2729 24.2722 -12.9523
v -6.1982 23.6154 -14.1473
v -6.9580 23.6564 -15.6592
v -7.8125 22.8816 -16.3904
v -8.9694 22.2249 -16.6990
v -10.2525 21.7860 -16.5380
v -11.4666 21.6319 -15.9320
v -12.4268 21.7860 -14.9732
v -12.9868 22.2249 -13.8075
v -13.0615 22.8816 -12.6126
v -12.6395 23.6564 -11.5701
v -11.7851 24.4311 -10.8390
v -10.6282 25.0879 -10.5304
v -9.3450 25.5268 -10.6914
v -8.1310 25.6809 -11.2974
v -7.1708 25.5268 -12.2562
v -6.6108 25.0879 -13.4218
v -6.5360 24.4311 -14.6168
v -9.4609 22.8406 -13.1452
v -9.7988 23.6564 -13.6147
v -7.9195 20.8829 -12.5442
v -8.2318 20.6226 -12.7717
v -8.6561 20.4320 -12.7974
v -9.0788 20.3623 -12.6143
v -9.3866 20.4320 -12.2716
v -9.4970 20.6226 -11.8611
v -9.3804 20.8829 -11.4927
v -9.0681 21.1432 -11.2652
v -8.6438 21.3337 -11.2396
v -8.2211 21.4035 -11.4226
v -7.9133 21.3337 -11.7653
v -7.8029 21.1432 -12.1758
v -9.5414 24.7984 -14.7977
v -9.8537 24.5381 -15.0252
v -10.2780 24.3476 -15.0509
v -10.7007 24.2778 -14.8678
v -11.0085 24.3476 -14.5251
v -11.1189 24.5381 -14.1146
v -11.0023 24.7984 -13.7462
v -10.6900 25.0587 -13.5187
v -10.2657 25.2492 -13.4930
v -9.8430 25.3190 -13.6761
v -9.5352 25.2492 -14.0188
v -9.4248 25.0587 -14.4293
v -8.6500 20.8829 -12.0185
v -10.2718 24.7984 -14.2719
v -8.9570 24.7984 -15.2183
v -9.5191 24.3299 -15.6278
v -10.2829 23.9869 -15.6740
v -11.0438 23.8614 -15.3445
v -11.5978 23.9869 -14.7276
v -11.7965 24.3299 -13.9887
v -11.5867 24.7984 -13.3256
v -11.0246 25.2669 -12.9161
v -10.2607 25.6099 -12.8699
v -9.4999 25.7355 -13.1994
v -8.9459 25.6099 -13.8162
v -8.7472 25.2669 -14.5552
v -9.3624 25.7773 -15.7816
v -9.9246 25.3088 -16.1911
v -10.6884 24.9658 -16.2373
v -11.4493 24.8403 -15.9079
v -12.0033 24.9658 -15.2910
v -12.2020 25.3088 -14.5520
v -11.9922 25.7773 -13.8890
v -11.4300 26.2458 -13.4795
v -10.6662 26.5888 -13.4333
v -9.9053 26.7143 -13.7627
v -9.3513 26.5888 -14.3796
v -9.1526 26.2458 -15.1186
v -10.2718 24.7984 -14.2719
v -10.6773 25.7773 -14.8353
v -7.0027 19.9040 -12.3489
v -7.8819 19.2782 -12.8034
v -8.9736 19.0190 -12.4681
v -9.6381 19.2782 -11.5394
v -9.4863 19.9040 -10.5613
v -8.6071 20.5298 -10.1068
v -7.5154 20.7890 -10.4421
v -6.8509 20.5298 -11.3708
v -7.4082 20.8829 -12.9122
v -8.2874 20.2571 -13.3667
v -9.3790 19.9979 -13.0315
v -10.0436 20.2571 -12.1028
v -9.8918 20.8829 -11.1247
v -9.0125 21.5087 -10.6702
v -7.9209 21.7679 -11.0055
v -7.2563 21.5087 -11.9342
v -8.2445 19.9040 -11.4551
v -8.6500 20.8829 -12.0185
v -20.2791 9.1230 -15.7092
v -20.8042 7.8624 -15.7041
v -21.5152 6.7937 -15.2379
v -22.3038 6.0796 -14.3816
v -23.0499 5.8289 -13.2656
v -23.6400 6.0796 -12.0599
v -23.9842 6.7937 -10.9478
v -24.0301 7.8624 -10.0989
v -23.7707 9.1230 -9.6422
v -23.2456 10.3836 -9.6474
v -22.5346 11.4523 -10.1136
v -21.7460 12.1664 -10.9699
v -20.9999 12.4172 -12.0858
v -20.4098 12.1664 -13.2916
v -20.0656 11.4523 -14.4036
v -20.0197 10.3836 -15.2526
v -21.0948 9.4609 -16.1787
v -21.6200 8.2003 -16.1735
v -22.3309 7.1316 -15.7073
v -23.1195 6.4175 -14.8511
v -23.8656 6.1668 -13.7351
v -24.4557 6.4175 -12.5293
v -24.7999 7.1316 -11.4173
v -24.8458 8.2003 -10.5684
v -24.5865 9.4609 -10.1117
v -24.0613 10.7215 -10.1169
v -23.3504 11.7902 -10.5831
v -22.5618 12.5043 -11.4393
v -21.8157 12.7551 -12.5553
v -21.2256 12.5043 -13.7611
v -20.8814 11.7902 -14.8731
v -20.8355 10.7215 -15.7220
v -22.0249 9.1230 -12.6757
v -22.8406 9.4609 -13.1452
v -21.0948 9.4609 -16.1787
v -21.6200 8.2003 -16.1735
v -22.3309 7.1316 -15.7073
v -23.1195 6.4175 -14.8511
v -23.8656 6.1668 -13.7351
v -24.4557 6.4175 -12.5293
v -24.7999 7.1316 -11.4173
v -24.8458 8.2003 -10.5684
v -24.5865 9.4609 -10.1117
v -24.0613 10.7215 -10.1169
v -23.3504 11.7902 -10.5831
v -22.5618 12.5043 -11.4393
v -21.8157 12.7551 -12.5553
v -21.2256 12.5043 -13.7611
v -20.8814 11.7902 -14.8731
v -20.8355 10.7215 -15.7220
v -21.9105 9.7988 -16.6482
v -22.4357 8.5382 -16.6430
v -23.1467 7.4695 -16.1768
v -23.9352 6.7554 -15.3205
v -24.6814 6.5046 -14.2046
v -25.2714 6.7554 -12.9988
v -25.6156 7.4695 -11.8868
v -25.6616 8.5382 -11.0378
v -25.4022 9.7988 -10.5812
v -24.8771 11.0594 -10.5863
v -24.1661 12.1281 -11.0526
v -23.3775 12.8422 -11.9088
v -22.6314 13.0929 -13.0248
v -22.0413 12.8422 -14.2305
v -21.6971 12.1281 -15.3426
v -21.6512 11.0594 -16.1915
v -22.8406 9.4609 -13.1452
v -23.6564 9.7988 -13.6147
v -20.4339 8.6500 -12.7985
v -20.6259 8.2264 -12.7699
v -20.8867 7.9164 -12.5399
v -21.1464 7.8029 -12.1702
v -21.3356 7.9164 -11.7598
v -21.4034 8.2264 -11.4188
v -21.3318 8.6500 -11.2384
v -21.1399 9.0735 -11.2671
v -20.8791 9.3836 -11.4971
v -20.6193 9.4970 -11.8668
v -20.4302 9.3836 -12.2771
v -20.3623 9.0735 -12.6182
v -24.3495 10.2718 -15.0520
v -24.5414 9.8483 -15.0233
v -24.8022 9.5383 -14.7933
v -25.0620 9.4248 -14.4236
v -25.2511 9.5383 -14.0133
v -25.3190 9.8483 -13.6722
v -25.2473 10.2718 -13.4919
v -25.0554 10.6954 -13.5206
v -24.7946 11.0054 -13.7505
v -24.5348 11.1189 -14.1202
v -24.3457 11.0054 -14.5306
v -24.2778 10.6954 -14.8716
v -20.8829 8.6500 -12.0185
v -24.7984 10.2718 -14.2719
v -23.9903 10.2718 -15.6760
v -24.3358 9.5095 -15.6244
v -24.8052 8.9514 -15.2104
v -25.2728 8.7471 -14.5450
v -25.6133 8.9514 -13.8064
v -25.7354 9.5095 -13.1925
v -25.6065 10.2718 -12.8679
v -25.2610 11.0342 -12.9195
v -24.7916 11.5923 -13.3334
v -24.3240 11.7966 -13.9989
v -23.9835 11.5923 -14.7375
v -23.8614 11.0342 -15.3514
v -24.9692 10.6773 -16.2394
v -25.3147 9.9149 -16.1878
v -25.7841 9.3569 -15.7738
v -26.2517 9.1526 -15.1083
v -26.5922 9.3569 -14.3697
v -26.7143 9.9149 -13.7559
v -26.5854 10.6773 -13.4312
v -26.2399 11.4397 -13.4828
v -25.7705 11.9978 -13.8968
v -25.3029 12.2020 -14.5623
v -24.9624 11.9978 -15.3009
v -24.8403 11.4397 -15.9147
v -24.7984 10.2718 -14.2719
v -25.7773 10.6773 -14.8353
v -19.1408 8.2445 -12.7812
v -19.6812 7.2263 -12.5751
v -20.3521 6.8045 -11.7130
v -20.7605 7.2263 -10.6998
v -20.6672 8.2445 -10.1290
v -20.1268 9.2627 -10.3351
v -19.4559 9.6845 -11.1972
v -19.0475 9.2627 -12.2104
v -20.1197 8.6500 -13.3445
v -20.6601 7.6317 -13.1385
v -21.3309 7.2100 -12.2763
v -21.7394 7.6317 -11.2631
v -21.6460 8.6500 -10.6924
v -21.1057 9.6682 -10.8985
v -20.4348 10.0900 -11.7606
v -20.0264 9.6682 -12.7738
v -19.9040 8.2445 -11.4551
v -20.8829 8.6500 -12.0185
v -20.2791 -9.1230 -15.7092
v -20.0197 -10.3836 -15.2526
v -20.0656 -11.4523 -14.4036
v -20.4098 -12.1664 -13.2916
v -20.9999 -12.4172 -12.0858
v -21.7460 -12.1664 -10.9699
v -22.5346 -11.4523 -10.1136
v -23.2456 -10.3836 -9.6474
v -23.7707 -9.1230 -9.6422
v -24.0301 -7.8624 -10.0989
v -23.9842 -6.7937 -10.9478
v -23.6400 -6.0796 -12.0599
v -23.0499 -5.8289 -13.2656
v -22.3038 -6.0796 -14.3816
v -21.5152 -6.7937 -15.2379
v -20.8042 -7.8624 -15.7041
v -21.0948 -9.4609 -16.1787
v -20.8355 -10.7215 -15.7220
v -20.8814 -11.7902 -14.8731
v -21.2256 -12.5043 -13.7611
v -21.8157 -12.7551 -12.5553
v -22.5618 -12.5043 -11.4393
v -23.3504 -11.7902 -10.5831
v -24.0613 -10.7215 -10.1169
v -24.5865 -9.4609 -10.1117
v -24.8458 -8.2003 -10.5684
v -24.7999 -7.1316 -11.4173
v -24.4557 -6.4175 -12.5293
v -23.8656 -6.1668 -13.7351
v -23.1195 -6.4175 -14.8511
v -22.3309 -7.1316 -15.7073
v -21.6200 -8.2003 -16.1735
v -22.0249 -9.1230 -12.6757
v -22.8406 -9.4609 -13.1452
v -21.0948 -9.4609 -16.1787
v -20.8355 -10.7215 -15.7220
v -20.8814 -11.7902 -14.8731
v -21.2256 -12.5043 -13.7611
v -21.8157 -12.7551 -12.5553
v -22.5618 -12.5043 -11.4393
v -23.3504 -11.7902 -10.5831
v -24.0613 -10.7215 -10.1169
v -24.5865 -9.4609 -10.1117
v -24.8458 -8.2003 -10.5684
v -24.7999 -7.1316 -11.4173
v -24.4557 -6.4175 -12.5293
v -23.8656 -6.1668 -13.7351
v -23.1195 -6.4175 -14.8511
v -22.3309 -7.1316 -15.7073
v -21.6200 -8.2003 -16.1735
v -21.9105 -9.7988 -16.6482
v -21.6512 -11.0594 -16.1915
v -21.6971 -12.1281 -15.3426
v -22.0413 -12.8422 -14.2305
v -22.6314 -13.0929 -13.0248
v -23.3775 -12.8422 -11.9088
v -24.1661 -12.1281 -11.0526
v -24.8771 -11.0594 -10.5863
v -25.4022 -9.7988 -10.5812
v -25.6616 -8.5382 -11.0378
v -25.6156 -7.4695 -11.8868
v -25.2714 -6.7554 -12.9988
v -24.6814 -6.5046 -14.2046
v -23.9352 -6.7554 -15.3205
v -23.1467 -7.4695 -16.1768
v -22.4357 -8.5382 -16.6430
v -22.8406 -9.4609 -13.1452
v -23.6564 -9.7988 -13.6147
v -20.4339 -8.6500 -12.7985
v -20.3623 -9.0735 -12.6182
v -20.4302 -9.3836 -12.2771
v -20.6193 -9.4970 -11.8668
v -20.8791 -9.3836 -11.4971
v -21.1399 -9.0735 -11.2671
v -21.3318 -8.6500 -11.2384
v -21.4034 -8.2264 -11.4188
v -21.3356 -7.9164 -11.7598
v -21.1464 -7.8029 -12.1702
v -20.8867 -7.9164 -12.5399
v -20.6259 -8.2264 -12.7699
v -24.3495 -10.2718 -15.0520
v -24.2778 -10.6954 -14.8716
v -24.3457 -11.0054 -14.5306
v -24.5348 -11.1189 -14.1202
v -24.7946 -11.0054 -13.7505
v -25.0554 -10.6954 -13.5206
v -25.2473 -10.2718 -13.4919
v -25.3190 -9.8483 -13.6722
v -25.2511 -9.5383 -14.0133
v -25.0620 -9.4248 -14.4236
v -24.8022 -9.5383 -14.7933
v -24.5414 -9.8483 -15.0233
v -20.8829 -8.6500 -12.0185
v -24.7984 -10.2718 -14.2719
v -23.9903 -10.2718 -15.6760
v -23.8614 -11.0342 -15.3514
v -23.9835 -11.5923 -14.7375
v -24.3240 -11.7966 -13.9989
v -24.7916 -11.5923 -13.3334
v -25.2610 -11.0342 -12.9195
v -25.6065 -10.2718 -12.8679
v -25.7354 -9.5095 -13.1925
v -25.6133 -8.9514 -13.8064
v -25.2728 -8.7471 -14.5450
v -24.8052 -8.9514 -15.2104
v -24.3358 -9.5095 -15.6244
v -24.9692 -10.6773 -16.2394
v -24.8403 -11.4397 -15.9147
v -24.9624 -11.9978 -15.3009
v -25.3029 -12.2020 -14.5623
v -25.7705 -11.9978 -13.8968
v -26.2399 -11.4397 -13.4828
v -26.5854 -10.6773 -13.4312
v -26.7143 -9.9149 -13.7559
v -26.5922 -9.3569 -14.3697
v -26.2517 -9.1526 -15.1083
v -25.7841 -9.3569 -15.7738
v -25.3147 -9.9149 -16.1878
v -24.7984 -10.2718 -14.2719
v -25.7773 -10.6773 -14.8353
v -19.1408 -8.2445 -12.7812
v -19.0475 -9.2627 -12.2104
v -19.4559 -9.6845 -11.1972
v -20.1268 -9.2627 -10.3351
v -20.6672 -8.2445 -10.1290
v -20.7605 -7.2263 -10.6998
v -20.3521 -6.8045 -11.7130
v -19.6812 -7.2263 -12.5751
v -20.1197 -8.6500 -13.3445
v -20.0264 -9.6682 -12.7738
v -20.4348 -10.0900 -11.7606
v -21.1057 -9.6682 -10.8985
v -21.6460 -8.6500 -10.6924
v -21.7394 -7.6317 -11.2631
v -21.3309 -7.2100 -12.2763
v -20.6601 -7.6317 -13.1385
v -19.9040 -8.2445 -11.4551
v -20.8829 -8.6500 -12.0185
v -6.2823 -22.0249 -14.7203
v -5.8603 -22.7996 -13.6779
v -5.9350 -23.4564 -12.4829
v -6.4950 -23.8953 -11.3172
v -7.4552 -24.0494 -10.3584
v -8.6693 -23.8953 -9.7524
v -9.9524 -23.4564 -9.5914
v -11.1093 -22.7996 -9.9000
v -11.9638 -22.0249 -10.6312
v -12.3858 -21.2502 -11.6736
v -12.3110 -20.5934 -12.8686
v -11.7510 -20.1545 -14.0342
v -10.7908 -20.0004 -14.9930
v -9.5768 -20.1545 -15.5991
v -8.2936 -20.5934 -15.7600
v -7.1368 -21.2502 -15.4514
v -6.6202 -22.8406 -15.1898
v -6.1982 -23.6154 -14.1473
v -6.2729 -24.2722 -12.9523
v -6.8329 -24.7110 -11.7867
v -7.7931 -24.8651 -10.8279
v -9.0071 -24.7110 -10.2219
v -10.2903 -24.2722 -10.0609
v -11.4472 -23.6154 -10.3695
v -12.3016 -22.8406 -11.1007
v -12.7237 -22.0659 -12.1431
v -12.6489 -21.4091 -13.3381
v -12.0889 -20.9703 -14.5037
v -11.1287 -20.8162 -15.4625
v -9.9147 -20.9703 -16.0685
v -8.6315 -21.4091 -16.2295
v -7.4746 -22.0659 -15.9209
v -9.1230 -22.0249 -12.6757
v -9.4609 -22.8406 -13.1452
v -6.6202 -22.8406 -15.1898
v -6.1982 -23.6154 -14.1473
v -6.2729 -24.2722 -12.9523
v -6.8329 -24.7110 -11.7867
v -7.7931 -24.8651 -10.8279
v -9.0071 -24.7110 -10.2219
v -10.2903 -24.2722 -10.0609
v -11.4472 -23.6154 -10.3695
v -12.3016 -22.8406 -11.1007
v -12.7237 -22.0659 -12.1431
v -12.6489 -21.4091 -13.3381
v -12.0889 -20.9703 -14.5037
v -11.1287 -20.8162 -15.4625
v -9.9147 -20.9703 -16.0685
v -8.6315 -21.4091 -16.2295
v -7.4746 -22.0659 -15.9209
v -6.9580 -23.6564 -15.6592
v -6.5360 -24.4311 -14.6168
v -6.6108 -25.0879 -13.4218
v -7.1708 -25.5268 -12.2562
v -8.1310 -25.6809 -11.2974
v -9.3450 -25.5268 -10.6914
v -10.6282 -25.0879 -10.5304
v -11.7851 -24.4311 -10.8390
v -12.6395 -23.6564 -11.5701
v -13.0615 -22.8816 -12.6126
v -12.9868 -22.2249 -13.8075
v -12.4268 -21.7860 -14.9732
v -11.4666 -21.6319 -15.9320
v -10.2525 -21.7860 -16.5380
v -8.9694 -22.2249 -16.6990
v -7.8125 -22.8816 -16.3904
v -9.4609 -22.8406 -13.1452
v -9.7988 -23.6564 -13.6147
v -7.9195 -20.8829 -12.5442
v -7.8029 -21.1432 -12.1758
v -7.9133 -21.3337 -11.7653
v -8.2211 -21.4035 -11.4226
v -8.6438 -21.3337 -11.2396
v -9.0681 -21.1432 -11.2652
v -9.3804 -20.8829 -11.4927
v -9.4970 -20.6226 -11.8611
v -9.3866 -20.4320 -12.2716
v -9.0788 -20.3623 -12.6143
v -8.6561 -20.4320 -12.7974
v -8.2318 -20.6226 -12.7717
v -9.5414 -24.7984 -14.7977
v -9.4248 -25.0587 -14.4293
v -9.5352 -25.2492 -14.0188
v -9.8430 -25.3190 -13.6761
v -10.2657 -25.2492 -13.4930
v -10.6900 -25.0587 -13.5187
v -11.0023 -24.7984 -13.7462
v -11.1189 -24.5381 -14.1146
v -11.0085 -24.3476 -14.5251
v -10.7007 -24.2778 -14.8678
v -10.2780 -24.3476 -15.0509
v -9.8537 -24.5381 -15.0252
v -8.6500 -20.8829 -12.0185
v -10.2718 -24.7984 -14.2719
v -8.9570 -24.7984 -15.2183
v -8.7472 -25.2669 -14.5552
v -8.9459 -25.6099 -13.8162
v -9.4999 -25.7355 -13.1994
v -10.2607 -25.6099 -12.8699
v -11.0246 -25.2669 -12.9161
v -11.5867 -24.7984 -13.3256
v -11.7965 -24.3299 -13.9887
v -11.5978 -23.9869 -14.7276
v -11.0438 -23.8614 -15.3445
v -10.2829 -23.9869 -15.6740
v -9.5191 -24.3299 -15.6278
v -9.3624 -25.7773 -15.7816
v -9.1526 -26.2458 -15.1186
v -9.3513 -26.5888 -14.3796
v -9.9053 -26.7143 -13.7627
v -10.6662 -26.5888 -13.4333
v -11.4300 -26.2458 -13.4795
v -11.9922 -25.7773 -13.8890
v -12.2020 -25.3088 -14.5520
v -12.0033 -24.9658 -15.2910
v -11.4493 -24.8403 -15.9079
v -10.6884 -24.9658 -16.2373
v -9.9246 -25.3088 -16.1911
v -10.2718 -24.7984 -14.2719
v -10.6773 -25.7773 -14.8353
v -7.0027 -19.9040 -12.3489
v -6.8509 -20.5298 -11.3708
v -7.5154 -20.7890 -10.4421
v -8.6071 -20.5298 -10.1068
v -9.4863 -19.9040 -10.5613
v -9.6381 -19.2782 -11.5394
v -8.9736 -19.0190 -12.4681
v -7.8819 -19.2782 -12.8034
v -7.4082 -20.8829 -12.9122
v -7.2563 -21.5087 -11.9342
v -7.9209 -21.7679 -11.0055
v -9.0125 -21.5087 -10.6702
v -9.8918 -20.8829 -11.1247
v -10.0436 -20.2571 -12.1028
v -9.3790 -19.9979 -13.0315
v -8.2874 -20.2571 -13.3667
v -8.2445 -19.9040 -11.4551
v -8.6500 -20.8829 -12.0185
v 11.9638 -22.0249 -10.6312
v 11.1093 -22.7996 -9.9000
v 9.9524 -23.4564 -9.5914
v 8.6693 -23.8953 -9.7524
v 7.4552 -24.0494 -10.3584
v 6.4950 -23.8953 -11.3172
v 5.9350 -23.4564 -12.4829
v 5.8603 -22.7996 -13.6779
v 6.2823 -22.0249 -14.7203
v 7.1368 -21.2502 -15.4514
v 8.2936 -20.5934 -15.7600
v 9.5768 -20.1545 -15.5991
v 10.7908 -20.0004 -14.9930
v 11.7510 -20.1545 -14.0342
v 12.3110 -20.5934 -12.8686
v 12.3858 -21.2502 -11.6736
v 12.3016 -22.8406 -11.1007
v 11.4472 -23.6154 -10.3695
v 10.2903 -24.2722 -10.0609
v 9.0071 -24.7110 -10.2219
v 7.7931 -24.8651 -10.8279
v 6.8329 -24.7110 -11.7867
v 6.2729 -24.2722 -12.9523
v 6.1982 -23.6154 -14.1473
v 6.6202 -22.8406 -15.1898
v 7.4746 -22.0659 -15.9209
v 8.6315 -21.4091 -16.2295
v 9.9147 -20.9703 -16.0685
v 11.1287 -20.8162 -15.4625
v 12.0889 -20.9703 -14.5037
v 12.6489 -21.4091 -13.3381
v 12.7237 -22.0659 -12.1431
v 9.1230 -22.0249 -12.6757
v 9.4609 -22.8406 -13.1452
v 12.3016 -22.8406 -11.1007
v 11.4472 -23.6154 -10.3695
v 10.2903 -24.2722 -10.0609
v 9.0071 -24.7110 -10.2219
v 7.7931 -24.8651 -10.8279
v 6.8329 -24.7110 -11.7867
v 6.2729 -24.2722 -12.9523
v 6.1982 -23.6154 -14.1473
v 6.6202 -22.8406 -15.1898
v 7.4746 -22.0659 -15.9209
v 8.6315 -21.4091 -16.2295
v 9.9147 -20.9703 -16.0685
v 11.1287 -20.8162 -15.4625
v 12.0889 -20.9703 -14.5037
v 12.6489 -21.4091 -13.3381
v 12.7237 -22.0659 -12.1431
v 12.6395 -23.6564 -11.5701
v 11.7851 -24.4311 -10.8390
v 10.6282 -25.0879 -10.5304
v 9.3450 -25.5268 -10.6914
v 8.1310 -25.6809 -11.2974
v 7.1708 -25.5268 -12.2562
v 6.6108 -25.0879 -13.4218
v 6.5360 -24.4311 -14.6168
v 6.9580 -23.6564 -15.6592
v 7.8125 -22.8816 -16.3904
v 8.9694 -22.2249 -16.6990
v 10.2525 -21.7860 -16.5380
v 11.4666 -21.6319 -15.9320
v 12.4268 -21.7860 -14.9732
v 12.9868 -22.2249 -13.8075
v 13.0615 -22.8816 -12.6126
v 9.4609 -22.8406 -13.1452
v 9.7988 -23.6564 -13.6147
v 9.3804 -20.8829 -11.4927
v 9.0681 -21.1432 -11.2652
v 8.6438 -21.3337 -11.2396
v 8.2211 -21.4035 -11.4226
v 7.9133 -21.3337 -11.7653
v 7.8029 -21.1432 -12.1758
v 7.9195 -20.8829 -12.5442
v 8.2318 -20.6226 -12.7717
v 8.6561 -20.4320 -12.7974
v 9.0788 -20.3623 -12.6143
v 9.3866 -20.4320 -12.2716
v 9.4970 -20.6226 -11.8611
v 11.0023 -24.7984 -13.7462
v 10.6900 -25.0587 -13.5187
v 10.2657 -25.2492 -13.4930
v 9.8430 -25.3190 -13.6761
v 9.5352 -25.2492 -14.0188
v 9.4248 -25.0587 -14.4293
v 9.5414 -24.7984 -14.7977
v 9.8537 -24.5381 -15.0252
v 10.2780 -24.3476 -15.0509
v 10.7007 -24.2778 -14.8678
v 11.0085 -24.3476 -14.5251
v 11.1189 -24.5381 -14.1146
v 8.6500 -20.8829 -12.0185
v 10.2718 -24.7984 -14.2719
v 11.5867 -24.7984 -13.3256
v 11.0246 -25.2669 -12.9161
v 10.2607 -25.6099 -12.8699
v 9.4999 -25.7355 -13.1994
v 8.9459 -25.6099 -13.8162
v 8.7472 -25.2669 -14.5552
v 8.9570 -24.7984 -15.2183
v 9.5191 -24.3299 -15.6278
v 10.2829 -23.9869 -15.6740
v 11.0438 -23.8614 -15.3445
v 11.5978 -23.9869 -14.7276
v 11.7965 -24.3299 -13.9887
v 11.9922 -25.7773 -13.8890
v 11.4300 -26.2458 -13.4795
v 10.6662 -26.5888 -13.4333
v 9.9053 -26.7143 -13.7627
v 9.3513 -26.5888 -14.3796
v 9.1526 -26.2458 -15.1186
v 9.3624 -25.7773 -15.7816
v 9.9246 -25.3088 -16.1911
v 10.6884 -24.9658 -16.2373
v 11.4493 -24.8403 -15.9079
v 12.0033 -24.9658 -15.2910
v 12.2020 -25.3088 -14.5520
v 10.2718 -24.7984 -14.2719
v 10.6773 -25.7773 -14.8353
v 9.4863 -19.9040 -10.5613
v 8.6071 -20.5298 -10.1068
v 7.5154 -20.7890 -10.4421
v 6.8509 -20.5298 -11.3708
v 7.0027 -19.9040 -12.3489
v 7.8819 -19.2782 -12.8034
v 8.9736 -19.0190 -12.4681
v 9.6381 -19.2782 -11.5394
v 9.8918 -20.8829 -11.1247
v 9.0125 -21.5087 -10.6702
v 7.9209 -21.7679 -11.0055
v 7.2563 -21.5087 -11.9342
v 7.4082 -20.8829 -12.9122
v 8.2874 -20.2571 -13.3667
v 9.3790 -19.9979 -13.0315
v 10.0436 -20.2571 -12.1028
v 8.2445 -19.9040 -11.4551
v 8.6500 -20.8829 -12.0185
v 23.7707 -9.1230 -9.6422
v 23.2456 -10.3836 -9.6474
v 22.5346 -11.4523 -10.1136
v 21.7460 -12.1664 -10.9699
v 20.9999 -12.4172 -12.0858
v 20.4098 -12.1664 -13.2916
v 20.0656 -11.4523 -14.4036
v 20.0197 -10.3836 -15.2526
v 20.2791 -9.1230 -15.7092
v 20.8042 -7.8624 -15.7041
v 21.5152 -6.7937 -15.2379
v 22.3038 -6.0796 -14.3816
v 23.0499 -5.8289 -13.2656
v 23.6400 -6.0796 -12.0599
v 23.9842 -6.7937 -10.9478
v 24.0301 -7.8624 -10.0989
v 24.5865 -9.4609 -10.1117
v 24.0613 -10.7215 -10.1169
v 23.3504 -11.7902 -10.5831
v 22.5618 -12.5043 -11.4393
v 21.8157 -12.7551 -12.5553
v 21.2256 -12.5043 -13.7611
v 20.8814 -11.7902 -14.8731
v 20.8355 -10.7215 -15.7220
v 21.0948 -9.4609 -16.1787
v 21.6200 -8.2003 -16.1735
v 22.3309 -7.1316 -15.7073
v 23.1195 -6.4175 -14.8511
v 23.8656 -6.1668 -13.7351
v 24.4557 -6.4175 -12.5293
v 24.7999 -7.1316 -11.4173
v 24.8458 -8.2003 -10.5684
v 22.0249 -9.1230 -12.6757
v 22.8406 -9.4609 -13.1452
v 24.5865 -9.4609 -10.1117
v 24.0613 -10.7215 -10.1169
v 23.3504 -11.7902 -10.5831
v 22.5618 -12.5043 -11.4393
v 21.8157 -12.7551 -12.5553
v 21.2256 -12.5043 -13.7611
v 20.8814 -11.7902 -14.8731
v 20.8355 -10.7215 -15.7220
v 21.0948 -9.4609 -16.1787
v 21.6200 -8.2003 -16.1735
v 22.3309 -7.1316 -15.7073
v 23.1195 -6.4175 -14.8511
v 23.8656 -6.1668 -13.7351
v 24.4557 -6.4175 -12.5293
v 24.7999 -7.1316 -11.4173
v 24.8458 -8.2003 -10.5684
v 25.4022 -9.7988 -10.5812
v 24.8771 -11.0594 -10.5863
v 24.1661 -12.1281 -11.0526
v 23.3775 -12.8422 -11.9088
v 22.6314 -13.0929 -13.0248
v 22.0413 -12.8422 -14.2305
v 21.6971 -12.1281 -15.3426
v 21.6512 -11.0594 -16.1915
v 21.9105 -9.7988 -16.6482
v 22.4357 -8.5382 -16.6430
v 23.1467 -7.4695 -16.1768
v 23.9352 -6.7554 -15.3205
v 24.6814 -6.5046 -14.2046
v 25.2714 -6.7554 -12.9988
v 25.6156 -7.4695 -11.8868
v 25.6616 -8.5382 -11.0378
v 22.8406 -9.4609 -13.1452
v 23.6564 -9.7988 -13.6147
v 21.3318 -8.6500 -11.2384
v 21.1399 -9.0735 -11.2671
v 20.8791 -9.3836 -11.4971
v 20.6193 -9.4970 -11.8668
v 20.4302 -9.3836 -12.2771
v 20.3623 -9.0735 -12.6182
v 20.4339 -8.6500 -12.7985
v 20.6259 -8.2264 -12.7699
v 20.8867 -7.9164 -12.5399
v 21.1464 -7.8029 -12.1702
v 21.3356 -7.9164 -11.7598
v 21.4034 -8.2264 -11.4188
v 25.2473 -10.2718 -13.4919
v 25.0554 -10.6954 -13.5206
v 24.7946 -11.0054 -13.7505
v 24.5348 -11.1189 -14.1202
v 24.3457 -11.0054 -14.5306
v 24.2778 -10.6954 -14.8716
v 24.3495 -10.2718 -15.0520
v 24.5414 -9.8483 -15.0233
v 24.8022 -9.5383 -14.7933
v 25.0620 -9.4248 -14.4236
v 25.2511 -9.5383 -14.0133
v 25.3190 -9.8483 -13.6722
v 20.8829 -8.6500 -12.0185
v 24.7984 -10.2718 -14.2719
v 25.6065 -10.2718 -12.8679
v 25.2610 -11.0342 -12.9195
v 24.7916 -11.5923 -13.3334
v 24.3240 -11.7966 -13.9989
v 23.9835 -11.5923 -14.7375
v 23.8614 -11.0342 -15.3514
v 23.9903 -10.2718 -15.6760
v 24.3358 -9.5095 -15.6244
v 24.8052 -8.9514 -15.2104
v 25.2728 -8.7471 -14.5450
v 25.6133 -8.9514 -13.8064
v 25.7354 -9.5095 -13.1925
v 26.5854 -10.6773 -13.4312
v 26.2399 -11.4397 -13.4828
v 25.7705 -11.9978 -13.8968
v 25.3029 -12.2020 -14.5623
v 24.9624 -11.9978 -15.3009
v 24.8403 -11.4397 -15.9147
v 24.9692 -10.6773 -16.2394
v 25.3147 -9.9149 -16.1878
v 25.7841 -9.3569 -15.7738
v 26.2517 -9.1526 -15.1083
v 26.5922 -9.3569 -14.3697
v 26.7143 -9.9149 -13.7559
v 24.7984 -10.2718 -14.2719
v 25.7773 -10.6773 -14.8353
v 20.6672 -8.2445 -10.1290
v 20.1268 -9.2627 -10.3351
v 19.4559 -9.6845 -11.1972
v 19.0475 -9.2627 -12.2104
v 19.1408 -8.2445 -12.7812
v 19.6812 -7.2263 -12.5751
v 20.3521 -6.8045 -11.7130
v 20.7605 -7.2263 -10.6998
v 21.6460 -8.6500 -10.6924
v 21.1057 -9.6682 -10.8985
v 20.4348 -10.0900 -11.7606
v 20.0264 -9.6682 -12.7738
v 20.1197 -8.6500 -13.3445
v 20.6601 -7.6317 -13.1385
v 21.3309 -7.2100 -12.2763
v 21.7394 -7.6317 -11.2631
v 19.9040 -8.2445 -11.4551
v 20.8829 -8.6500 -12.0185
v 5.9867 -1.8900 28.3998
v 5.9867 1.8900 28.3998
v 6.0133 -1.8900 27.6002
v 6.0133 1.8900 27.6002
v 7.9360 -1.7632 28.4640
v 7.9360 1.7632 28.4640
v 7.9201 -1.7632 27.6642
v 7.9201 1.7632 27.6642
v 10.0287 -1.6450 28.3174
v 10.0287 1.6450 28.3174
v 9.9248 -1.6450 27.5242
v 9.9248 1.6450 27.5242
v 12.2018 -1.5435 27.9044
v 12.2018 1.5435 27.9044
v 12.0013 -1.5435 27.1300
v 12.0013 1.5435 27.1300
v 14.3924 -1.4656 27.1870
v 14.3924 1.4656 27.1870
v 14.0916 -1.4656 26.4457
v 14.0916 1.4656 26.4457
v 16.5271 -1.4167 26.1491
v 16.5271 1.4167 26.1491
v 16.1273 -1.4167 25.4562
v 16.1273 1.4167 25.4562
v 18.5292 -1.4000 24.8002
v 18.5292 1.4000 24.8002
v 18.0362 -1.4000 24.1701
v 18.0362 1.4000 24.1701
v 20.3280 -1.4167 23.1750
v 20.3280 1.4167 23.1750
v 19.7515 -1.4167 22.6204
v 19.7515 1.4167 22.6204
v 21.8675 -1.4656 21.3299
v 21.8675 1.4656 21.3299
v 21.2199 -1.4656 20.8602
v 21.2199 1.4656 20.8602
v 23.1131 -1.5435 19.3359
v 23.1131 1.5435 19.3359
v 22.4088 -1.5435 18.9564
v 22.4088 1.5435 18.9564
v 24.0558 -1.6450 17.2699
v 24.0558 1.6450 17.2699
v 23.3097 -1.6450 16.9812
v 23.3097 1.6450 16.9812
v 24.7115 -1.7632 15.2059
v 24.7115 1.7632 15.2059
v 23.9374 -1.7632 15.0037
v 23.9374 1.7632 15.0037
v 25.1145 -1.8900 13.2248
v 25.1145 1.8900 13.2248
v 24.3305 -1.8900 13.0656
v 24.3305 1.8900 13.0656
v 1.8900 5.9867 28.3998
v -1.8900 5.9867 28.3998
v 1.8900 6.0133 27.6002
v -1.8900 6.0133 27.6002
v 1.7632 7.9360 28.4640
v -1.7632 7.9360 28.4640
v 1.7632 7.9201 27.6642
v -1.7632 7.9201 27.6642
v 1.6450 10.0287 28.3174
v -1.6450 10.0287 28.3174
v 1.6450 9.9248 27.5242
v -1.6450 9.9248 27.5242
v 1.5435 12.2018 27.9044
v -1.5435 12.2018 27.9044
v 1.5435 12.0013 27.1300
v -1.5435 12.0013 27.1300
v 1.4656 14.3924 27.1870
v -1.4656 14.3924 27.1870
v 1.4656 14.0916 26.4457
v -1.4656 14.0916 26.4457
v 1.4167 16.5271 26.1491
v -1.4167 16.5271 26.1491
v 1.4167 16.1273 25.4562
v -1.4167 16.1273 25.4562
v 1.4000 18.5292 24.8002
v -1.4000 18.5292 24.8002
v 1.4000 18.0362 24.1701
v -1.4000 18.0362 24.1701
v 1.4167 20.3280 23.1750
v -1.4167 20.3280 23.1750
v 1.4167 19.7515 22.6204
v -1.4167 19.7515 22.6204
v 1.4656 21.8675 21.3299
v -1.4656 21.8675 21.3299
v 1.4656 21.2199 20.8602
v -1.4656 21.2199 20.8602
v 1.5435 23.1131 19.3359
v -1.5435 23.1131 19.3359
v 1.5435 22.4088 18.9564
v -1.5435 22.4088 18.9564
v 1.6450 24.0558 17.2699
v -1.6450 24.0558 17.2699
v 1.6450 23.3097 16.9812
v -1.6450 23.3097 16.9812
v 1.7632 24.7115 15.2059
v -1.7632 24.7115 15.2059
v 1.7632 23.9374 15.0037
v -1.7632 23.9374 15.0037
v 1.8900 25.1145 13.2248
v -1.8900 25.1145 13.2248
v 1.8900 24.3305 13.0656
v -1.8900 24.3305 13.0656
v -5.9867 1.8900 28.3998
v -5.9867 -1.8900 28.3998
v -6.0133 1.8900 27.6002
v -6.0133 -1.8900 27.6002
v -7.9360 1.7632 28.4640
v -7.9360 -1.7632 28.4640
v -7.9201 1.7632 27.6642
v -7.9201 -1.7632 27.6642
v -10.0287 1.6450 28.3174
v -10.0287 -1.6450 28.3174
v -9.9248 1.6450 27.5242
v -9.9248 -1.6450 27.5242
v -12.2018 1.5435 27.9044
v -12.2018 -1.5435 27.9044
v -12.0013 1.5435 27.1300
v -12.0013 -1.5435 27.1300
v -14.3924 1.4656 27.1870
v -14.3924 -1.4656 27.1870
v -14.0916 1.4656 26.4457
v -14.0916 -1.4656 26.4457
v -16.5271 1.4167 26.1491
v -16.5271 -1.4167 26.1491
v -16.1273 1.4167 25.4562
v -16.1273 -1.4167 25.4562
v -18.5292 1.4000 24.8002
v -18.5292 -1.4000 24.8002
v -18.0362 1.4000 24.1701
v -18.0362 -1.4000 24.1701
v -20.3280 1.4167 23.1750
v -20.3280 -1.4167 23.1750
v -19.7515 1.4167 22.6204
v -19.7515 -1.4167 22.6204
v -21.8675 1.4656 21.3299
v -21.8675 -1.4656 21.3299
v -21.2199 1.4656 20.8602
v -21.2199 -1.4656 20.8602
v -23.1131 1.5435 19.3359
v -23.1131 -1.5435 19.3359
v -22.4088 1.5435 18.9564
v -22.4088 -1.5435 18.9564
v -24.0558 1.6450 17.2699
v -24.0558 -1.6450 17.2699
v -23.3097 1.6450 16.9812
v -23.3097 -1.6450 16.9812
v -24.7115 1.7632 15.2059
v -24.7115 -1.7632 15.2059
v -23.9374 1.7632 15.0037
v -23.9374 -1.7632 15.0037
v -25.1145 1.8900 13.2248
v -25.1145 -1.8900 13.2248
v -24.3305 1.8900 13.0656
v -24.3305 -1.8900 13.0656
v -1.8900 -5.9867 28.3998
v 1.8900 -5.9867 28.3998
v -1.8900 -6.0133 27.6002
v 1.8900 -6.0133 27.6002
v -1.7632 -7.9360 28.4640
v 1.7632 -7.9360 28.4640
v -1.7632 -7.9201 27.6642
v 1.7632 -7.9201 27.6642
v -1.6450 -10.0287 28.3174
v 1.6450 -10.0287 28.3174
v -1.6450 -9.9248 27.5242
v 1.6450 -9.9248 27.5242
v -1.5435 -12.2018 27.9044
v 1.5435 -12.2018 27.9044
v -1.5435 -12.0013 27.1300
v 1.5435 -12.0013 27.1300
v -1.4656 -14.3924 27.1870
v 1.4656 -14.3924 27.1870
v -1.4656 -14.0916 26.4457
v 1.4656 -14.0916 26.4457
v -1.4167 -16.5271 26.1491
v 1.4167 -16.5271 26.1491
v -1.4167 -16.1273 25.4562
v 1.4167 -16.1273 25.4562
v -1.4000 -18.5292 24.8002
v 1.4000 -18.5292 24.8002
v -1.4000 -18.0362 24.1701
v 1.4000 -18.0362 24.1701
v -1.4167 -20.3280 23.1750
v 1.4167 -20.3280 23.1750
v -1.4167 -19.7515 22.6204
v 1.4167 -19.7515 22.6204
v -1.4656 -21.8675 21.3299
v 1.4656 -21.8675 21.3299
v -1.4656 -21.2199 20.8602
v 1.4656 -21.2199 20.8602
v -1.5435 -23.1131 19.3359
v 1.5435 -23.1131 19.3359
v -1.5435 -22.4088 18.9564
v 1.5435 -22.4088 18.9564
v -1.6450 -24.0558 17.2699
v 1.6450 -24.0558 17.2699
v -1.6450 -23.3097 16.9812
v 1.6450 -23.3097 16.9812
v -1.7632 -24.7115 15.2059
v 1.7632 -24.7115 15.2059
v -1.7632 -23.9374 15.0037
v 1.7632 -23.9374 15.0037
v -1.8900 -25.1145 13.2248
v 1.8900 -25.1145 13.2248
v -1.8900 -24.3305 13.0656
v 1.8900 -24.3305 13.0656
v 25.9472 0.2877 11.6791
v 24.2052 -0.4338 14.9553
v 25.2398 0.4338 11.3351
v 23.4979 -0.2877 14.6113
v 26.0425 2.5624 12.4471
v 24.4734 1.9124 15.3982
v 25.3327 2.6572 12.0905
v 23.7635 2.0072 15.0417
v 25.8720 5.0341 13.0842
v 24.4494 4.4448 15.7598
v 25.1671 5.0192 12.7061
v 23.7445 4.4300 15.3817
v 25.3682 7.6013 13.5043
v 24.0435 7.0526 15.9958
v 24.6856 7.4629 13.1109
v 23.3608 6.9142 15.6023
v 24.5072 10.1512 13.6511
v 23.2168 9.6167 16.0779
v 23.8666 9.8859 13.2521
v 22.5762 9.3514 15.6788
v 23.3130 12.5631 13.5043
v 21.9883 12.0144 15.9958
v 22.7324 12.1782 13.1109
v 21.4077 11.6295 15.6023
v 21.8539 14.7346 13.0842
v 20.4312 14.1454 15.7598
v 21.3450 14.2467 12.7061
v 19.9223 13.6574 15.3817
v 20.2267 16.6030 12.4471
v 18.6576 15.9530 15.3982
v 19.7918 16.0340 12.0905
v 18.2227 15.3840 15.0417
v 18.5509 18.1440 11.6791
v 16.8089 17.4224 14.9553
v 18.1540 17.5405 11.3351
v 16.4120 16.8190 14.6113
v 18.1440 18.5509 11.6791
v 17.4224 16.8089 14.9553
v 17.5405 18.1540 11.3351
v 16.8190 16.4120 14.6113
v 16.6030 20.2267 12.4471
v 15.9530 18.6576 15.3982
v 16.0340 19.7918 12.0905
v 15.3840 18.2227 15.0417
v 14.7346 21.8539 13.0842
v 14.1454 20.4312 15.7598
v 14.2467 21.3450 12.7061
v 13.6574 19.9223 15.3817
v 12.5631 23.3130 13.5043
v 12.0144 21.9883 15.9958
v 12.1782 22.7324 13.1109
v 11.6295 21.4077 15.6023
v 10.1512 24.5072 13.6511
v 9.6167 23.2168 16.0779
v 9.8859 23.8666 13.2521
v 9.3514 22.5762 15.6788
v 7.6013 25.3682 13.5043
v 7.0526 24.0435 15.9958
v 7.4629 24.6856 13.1109
v 6.9142 23.3608 15.6023
v 5.0341 25.8720 13.0842
v 4.4448 24.4494 15.7598
v 5.0192 25.1671 12.7061
v 4.4300 23.7445 15.3817
v 2.5624 26.0425 12.4471
v 1.9124 24.4734 15.3982
v 2.6572 25.3327 12.0905
v 2.0072 23.7635 15.0417
v 0.2877 25.9472 11.6791
v -0.4338 24.2052 14.9553
v 0.4338 25.2398 11.3351
v -0.2877 23.4979 14.6113
v -0.2877 25.9472 11.6791
v 0.4338 24.2052 14.9553
v -0.4338 25.2398 11.3351
v 0.2877 23.4979 14.6113
v -2.5624 26.0425 12.4471
v -1.9124 24.4734 15.3982
v -2.6572 25.3327 12.0905
v -2.0072 23.7635 15.0417
v -5.0341 25.8720 13.0842
v -4.4448 24.4494 15.7598
v -5.0192 25.1671 12.7061
v -4.4300 23.7445 15.3817
v -7.6013 25.3682 13.5043
v -7.0526 24.0435 15.9958
v -7.4629 24.6856 13.1109
v -6.9142 23.3608 15.6023
v -10.1512 24.5072 13.6511
v -9.6167 23.2168 16.0779
v -9.8859 23.8666 13.2521
v -9.3514 22.5762 15.6788
v -12.5631 23.3130 13.5043
v -12.0144 21.9883 15.9958
v -12.1782 22.7324 13.1109
v -11.6295 21.4077 15.6023
v -14.7346 21.8539 13.0842
v -14.1454 20.4312 15.7598
v -14.2467 21.3450 12.7061
v -13.6574 19.9223 15.3817
v -16.6030 20.2267 12.4471
v -15.9530 18.6576 15.3982
v -16.0340 19.7918 12.0905
v -15.3840 18.2227 15.0417
v -18.1440 18.5509 11.6791
v -17.4224 16.8089 14.9553
v -17.5405 18.1540 11.3351
v -16.8190 16.4120 14.6113
v -18.5509 18.1440 11.6791
v -16.8089 17.4224 14.9553
v -18.1540 17.5405 11.3351
v -16.4120 16.8190 14.6113
v -20.2267 16.6030 12.4471
v -18.6576 15.9530 15.3982
v -19.7918 16.0340 12.0905
v -18.2227 15.3840 15.0417
v -21.8539 14.7346 13.0842
v -20.4312 14.1454 15.7598
v -21.3450 14.2467 12.7061
v -19.9223 13.6574 15.3817
v -23.3130 12.5631 13.5043
v -21.9883 12.0144 15.9958
v -22.7324 12.1782 13.1109
v -21.4077 11.6295 15.6023
v -24.5072 10.1512 13.6511
v -23.2168 9.6167 16.0779
v -23.8666 9.8859 13.2521
v -22.5762 9.3514 15.6788
v -25.3682 7.6013 13.5043
v -24.0435 7.0526 15.9958
v -24.6856 7.4629 13.1109
v -23.3608 6.9142 15.6023
v -25.8720 5.0341 13.0842
v -24.4494 4.4448 15.7598
v -25.1671 5.0192 12.7061
v -23.7445 4.4300 15.3817
v -26.0425 2.5624 12.4471
v -24.4734 1.9124 15.3982
v -25.3327 2.6572 12.0905
v -23.7635 2.0072 15.0417
v -25.9472 0.2877 11.6791
v -24.2052 -0.4338 14.9553
v -25.2398 0.4338 11.3351
v -23.4979 -0.2877 14.6113
v -25.9472 -0.2877 11.6791
v -24.2052 0.4338 14.9553
v -25.2398 -0.4338 11.3351
v -23.4979 0.2877 14.6113
v -26.0425 -2.5624 12.4471
v -24.4734 -1.9124 15.3982
v -25.3327 -2.6572 12.0905
v -23.7635 -2.0072 15.0417
v -25.8720 -5.0341 13.0842
v -24.4494 -4.4448 15.7598
v -25.1671 -5.0192 12.7061
v -23.7445 -4.4300 15.3817
v -25.3682 -7.6013 13.5043
v -24.0435 -7.0526 15.9958
v -24.6856 -7.4629 13.1109
v -23.3608 -6.9142 15.6023
v -24.5072 -10.1512 13.6511
v -23.2168 -9.6167 16.0779
v -23.8666 -9.8859 13.2521
v -22.5762 -9.3514 15.6788
v -23.3130 -12.5631 13.5043
v -21.9883 -12.0144 15.9958
v -22.7324 -12.1782 13.1109
v -21.4077 -11.6295 15.6023
v -21.8539 -14.7346 13.0842
v -20.4312 -14.1454 15.7598
v -21.3450 -14.2467 12.7061
v -19.9223 -13.6574 15.3817
v -20.2267 -16.6030 12.4471
v -18.6576 -15.9530 15.3982
v -19.7918 -16.0340 12.0905
v -18.2227 -15.3840 15.0417
v -18.5509 -18.1440 11.6791
v -16.8089 -17.4224 14.9553
v -18.1540 -17.5405 11.3351
v -16.4120 -16.8190 14.6113
v -18.1440 -18.5509 11.6791
v -17.4224 -16.8089 14.9553
v -17.5405 -18.1540 11.3351
v -16.8190 -16.4120 14.6113
v -16.6030 -20.2267 12.4471
v -15.9530 -18.6576 15.3982
v -16.0340 -19.7918 12.0905
v -15.3840 -18.2227 15.0417
v -14.7346 -21.8539 13.0842
v -14.1454 -20.4312 15.7598
v -14.2467 -21.3450 12.7061
v -13.6574 -19.9223 15.3817
v -12.5631 -23.3130 13.5043
v -12.0144 -21.9883 15.9958
v -12.1782 -22.7324 13.1109
v -11.6295 -21.4077 15.6023
v -10.1512 -24.5072 13.6511
v -9.6167 -23.2168 16.0779
v -9.8859 -23.8666 13.2521
v -9.3514 -22.5762 15.6788
v -7.6013 -25.3682 13.5043
v -7.0526 -24.0435 15.9958
v -7.4629 -24.6856 13.1109
v -6.9142 -23.3608 15.6023
v -5.0341 -25.8720 13.0842
v -4.4448 -24.4494 15.7598
v -5.0192 -25.1671 12.7061
v -4.4300 -23.7445 15.3817
v -2.5624 -26.0425 12.4471
v -1.9124 -24.4734 15.3982
v -2.6572 -25.3327 12.0905
v -2.0072 -23.7635 15.0417
v -0.2877 -25.9472 11.6791
v 0.4338 -24.2052 14.9553
v -0.4338 -25.2398 11.3351
v 0.2877 -23.4979 14.6113
v 0.2877 -25.9472 11.6791
v -0.4338 -24.2052 14.9553
v 0.4338 -25.2398 11.3351
v -0.2877 -23.4979 14.6113
v 2.5624 -26.0425 12.4471
v 1.9124 -24.4734 15.3982
v 2.6572 -25.3327 12.0905
v 2.0072 -23.7635 15.0417
v 5.0341 -25.8720 13.0842
v 4.4448 -24.4494 15.7598
v 5.0192 -25.1671 12.7061
v 4.4300 -23.7445 15.3817
v 7.6013 -25.3682 13.5043
v 7.0526 -24.0435 15.9958
v 7.4629 -24.6856 13.1109
v 6.9142 -23.3608 15.6023
v 10.1512 -24.5072 13.6511
v 9.6167 -23.2168 16.0779
v 9.8859 -23.8666 13.2521
v 9.3514 -22.5762 15.6788
v 12.5631 -23.3130 13.5043
v 12.0144 -21.9883 15.9958
v 12.1782 -22.7324 13.1109
v 11.6295 -21.4077 15.6023
v 14.7346 -21.8539 13.0842
v 14.1454 -20.4312 15.7598
v 14.2467 -21.3450 12.7061
v 13.6574 -19.9223 15.3817
v 16.6030 -20.2267 12.4471
v 15.9530 -18.6576 15.3982
v 16.0340 -19.7918 12.0905
v 15.3840 -18.2227 15.0417
v 18.1440 -18.5509 11.6791
v 17.4224 -16.8089 14.9553
v 17.5405 -18.1540 11.3351
v 16.8190 -16.4120 14.6113
v 18.5509 -18.1440 11.6791
v 16.8089 -17.4224 14.9553
v 18.1540 -17.5405 11.3351
v 16.4120 -16.8190 14.6113
v 20.2267 -16.6030 12.4471
v 18.6576 -15.9530 15.3982
v 19.7918 -16.0340 12.0905
v 18.2227 -15.3840 15.0417
v 21.8539 -14.7346 13.0842
v 20.4312 -14.1454 15.7598
v 21.3450 -14.2467 12.7061
v 19.9223 -13.6574 15.3817
v 23.3130 -12.5631 13.5043
v 21.9883 -12.0144 15.9958
v 22.7324 -12.1782 13.1109
v 21.4077 -11.6295 15.6023
v 24.5072 -10.1512 13.6511
v 23.2168 -9.6167 16.0779
v 23.8666 -9.8859 13.2521
v 22.5762 -9.3514 15.6788
v 25.3682 -7.6013 13.5043
v 24.0435 -7.0526 15.9958
v 24.6856 -7.4629 13.1109
v 23.3608 -6.9142 15.6023
v 25.8720 -5.0341 13.0842
v 24.4494 -4.4448 15.7598
v 25.1671 -5.0192 12.7061
v 23.7445 -4.4300 15.3817
v 26.0425 -2.5624 12.4471
v 24.4734 -1.9124 15.3982
v 25.3327 -2.6572 12.0905
v 23.7635 -2.0072 15.0417
v 25.9472 -0.2877 11.6791
v 24.2052 0.4338 14.9553
v 25.2398 -0.4338 11.3351
v 23.4979 0.2877 14.6113
v 25.3764 -1.7738 12.7475
v 24.6841 1.7067 14.0496
v 24.7610 -1.7067 12.2408
v 24.0686 1.7738 13.5429
v 26.9989 -0.6065 10.9295
v 26.3621 2.5952 12.1272
v 26.3483 -0.5625 10.4660
v 25.7114 2.6391 11.6638
v 28.4621 0.6883 8.6430
v 27.8753 3.6384 9.7467
v 27.7522 0.6850 8.2743
v 27.1654 3.6351 9.3779
v 29.5916 2.0521 5.9127
v 29.0445 4.8026 6.9416
v 28.8357 1.9977 5.6563
v 28.2886 4.7481 6.6852
v 30.2404 3.4135 2.8205
v 29.7187 6.0358 3.8015
v 29.4584 3.3071 2.6891
v 28.9368 5.9294 3.6701
v 30.3077 4.6885 -0.4822
v 29.7948 7.2666 0.4822
v 29.5230 4.5324 -0.4822
v 29.0102 7.1106 0.4822
v 29.7663 5.7965 -3.8015
v 29.2447 8.4188 -2.8205
v 29.0032 5.5956 -3.6701
v 28.4816 8.2179 -2.6891
v 28.6715 6.6778 -6.9416
v 28.1244 9.4283 -5.9127
v 27.9523 6.4389 -6.6852
v 27.4052 9.1894 -5.6563
v 27.1458 7.3060 -9.7467
v 26.5589 10.2561 -8.6430
v 26.4886 7.0373 -9.3779
v 25.9018 9.9874 -8.2743
v 25.3485 7.6907 -12.1272
v 24.7116 10.8924 -10.9295
v 24.7642 7.4011 -11.6638
v 24.1274 10.6028 -10.4660
v 23.4583 7.8694 -14.0496
v 22.7659 11.3499 -12.7475
v 22.9153 7.5719 -13.5429
v 22.2230 11.0524 -12.2408
v 24.6841 -1.7067 14.0496
v 25.3764 1.7738 12.7475
v 24.0686 -1.7738 13.5429
v 24.7610 1.7067 12.2408
v 26.3621 -2.5952 12.1272
v 26.9989 0.6065 10.9295
v 25.7114 -2.6391 11.6638
v 26.3483 0.5625 10.4660
v 27.8753 -3.6384 9.7467
v 28.4621 -0.6883 8.6430
v 27.1654 -3.6351 9.3779
v 27.7522 -0.6850 8.2743
v 29.0445 -4.8026 6.9416
v 29.5916 -2.0521 5.9127
v 28.2886 -4.7481 6.6852
v 28.8357 -1.9977 5.6563
v 29.7187 -6.0358 3.8015
v 30.2404 -3.4135 2.8205
v 28.9368 -5.9294 3.6701
v 29.4584 -3.3071 2.6891
v 29.7948 -7.2666 0.4822
v 30.3077 -4.6885 -0.4822
v 29.0102 -7.1106 0.4822
v 29.5230 -4.5324 -0.4822
v 29.2447 -8.4188 -2.8205
v 29.7663 -5.7965 -3.8015
v 28.4816 -8.2179 -2.6891
v 29.0032 -5.5956 -3.6701
v 28.1244 -9.4283 -5.9127
v 28.6715 -6.6778 -6.9416
v 27.4052 -9.1894 -5.6563
v 27.9523 -6.4389 -6.6852
v 26.5589 -10.2561 -8.6430
v 27.1458 -7.3060 -9.7467
v 25.9018 -9.9874 -8.2743
v 26.4886 -7.0373 -9.3779
v 24.7116 -10.8924 -10.9295
v 25.3485 -7.6907 -12.1272
v 24.1274 -10.6028 -10.4660
v 24.7642 -7.4011 -11.6638
v 22.7659 -11.3499 -12.7475
v 23.4583 -7.8694 -14.0496
v 22.2230 -11.0524 -12.2408
v 22.9153 -7.5719 -13.5429
v 19.1981 16.6896 12.7475
v 16.2475 18.6611 14.0496
v 18.7154 16.3018 12.2408
v 15.7648 18.2734 13.5429
v 19.5200 18.6623 10.9295
v 16.8057 20.4758 12.1272
v 19.0288 18.2333 10.4660
v 16.3146 20.0469 11.6638
v 19.6391 20.6124 8.6430
v 17.1381 22.2835 9.7467
v 19.1394 20.1081 8.2743
v 16.6384 21.7792 9.3779
v 19.4734 22.3755 5.9127
v 17.1416 23.9335 6.9416
v 18.9774 21.8025 5.6563
v 16.6456 23.3605 6.6852
v 18.9695 23.7969 2.8205
v 16.7464 25.2823 3.8015
v 18.4918 23.1687 2.6891
v 16.2687 24.6542 3.6701
v 18.1155 24.7460 -0.4822
v 15.9299 26.2064 0.4822
v 17.6710 24.0809 -0.4822
v 15.4854 25.5413 0.4822
v 16.9492 25.1467 -3.8015
v 14.7261 26.6322 -2.8205
v 16.5517 24.4650 -3.6701
v 14.3286 25.9505 -2.6891
v 15.5518 24.9957 -6.9416
v 13.2201 26.5538 -5.9127
v 15.2123 24.3183 -6.6852
v 12.8806 25.8763 -5.6563
v 14.0288 24.3611 -9.7467
v 11.5279 26.0322 -8.6430
v 13.7541 23.7064 -9.3779
v 11.2532 25.3775 -8.2743
v 12.4859 23.3623 -12.1272
v 9.7717 25.1758 -10.9295
v 12.2776 22.7443 -11.6638
v 9.5633 24.5579 -10.4660
v 11.0230 22.1520 -14.0496
v 8.0724 24.1236 -12.7475
v 10.8495 21.5577 -13.5429
v 7.8988 23.5293 -12.2408
v 18.6611 16.2475 14.0496
v 16.6896 19.1981 12.7475
v 18.2734 15.7648 13.5429
v 16.3018 18.7154 12.2408
v 20.4758 16.8057 12.1272
v 18.6623 19.5200 10.9295
v 20.0469 16.3146 11.6638
v 18.2333 19.0288 10.4660
v 22.2835 17.1381 9.7467
v 20.6124 19.6391 8.6430
v 21.7792 16.6384 9.3779
v 20.1081 19.1394 8.2743
v 23.9335 17.1416 6.9416
v 22.3755 19.4734 5.9127
v 23.3605 16.6456 6.6852
v 21.8025 18.9774 5.6563
v 25.2823 16.7464 3.8015
v 23.7969 18.9695 2.8205
v 24.6542 16.2687 3.6701
v 23.1687 18.4918 2.6891
v 26.2064 15.9299 0.4822
v 24.7460 18.1155 -0.4822
v 25.5413 15.4854 0.4822
v 24.0809 17.6710 -0.4822
v 26.6322 14.7261 -2.8205
v 25.1467 16.9492 -3.8015
v 25.9505 14.3286 -2.6891
v 24.4650 16.5517 -3.6701
v 26.5538 13.2201 -5.9127
v 24.9957 15.5518 -6.9416
v 25.8763 12.8806 -5.6563
v 24.3183 15.2123 -6.6852
v 26.0322 11.5279 -8.6430
v 24.3611 14.0288 -9.7467
v 25.3775 11.2532 -8.2743
v 23.7064 13.7541 -9.3779
v 25.1758 9.7717 -10.9295
v 23.3623 12.4859 -12.1272
v 24.5579 9.5633 -10.4660
v 22.7443 12.2776 -11.6638
v 24.1236 8.0724 -12.7475
v 22.1520 11.0230 -14.0496
v 23.5293 7.8988 -12.2408
v 21.5577 10.8495 -13.5429
v 1.7738 25.3764 12.7475
v -1.7067 24.6841 14.0496
v 1.7067 24.7610 12.2408
v -1.7738 24.0686 13.5429
v 0.6065 26.9989 10.9295
v -2.5952 26.3621 12.1272
v 0.5625 26.3483 10.4660
v -2.6391 25.7114 11.6638
v -0.6883 28.4621 8.6430
v -3.6384 27.8753 9.7467
v -0.6850 27.7522 8.2743
v -3.6351 27.1654 9.3779
v -2.0521 29.5916 5.9127
v -4.8026 29.0445 6.9416
v -1.9977 28.8357 5.6563
v -4.7481 28.2886 6.6852
v -3.4135 30.2404 2.8205
v -6.0358 29.7187 3.8015
v -3.3071 29.4584 2.6891
v -5.9294 28.9368 3.6701
v -4.6885 30.3077 -0.4822
v -7.2666 29.7948 0.4822
v -4.5324 29.5230 -0.4822
v -7.1106 29.0102 0.4822
v -5.7965 29.7663 -3.8015
v -8.4188 29.2447 -2.8205
v -5.5956 29.0032 -3.6701
v -8.2179 28.4816 -2.6891
v -6.6778 28.6715 -6.9416
v -9.4283 28.1244 -5.9127
v -6.4389 27.9523 -6.6852
v -9.1894 27.4052 -5.6563
v -7.3060 27.1458 -9.7467
v -10.2561 26.5589 -8.6430
v -7.0373 26.4886 -9.3779
v -9.9874 25.9018 -8.2743
v -7.6907 25.3485 -12.1272
v -10.8924 24.7116 -10.9295
v -7.4011 24.7642 -11.6638
v -10.6028 24.1274 -10.4660
v -7.8694 23.4583 -14.0496
v -11.3499 22.7659 -12.7475
v -7.5719 22.9153 -13.5429
v -11.0524 22.2230 -12.2408
v 1.7067 24.6841 14.0496
v -1.7738 25.3764 12.7475
v 1.7738 24.0686 13.5429
v -1.7067 24.7610 12.2408
v 2.5952 26.3621 12.1272
v -0.6065 26.9989 10.9295
v 2.6391 25.7114 11.6638
v -0.5625 26.3483 10.4660
v 3.6384 27.8753 9.7467
v 0.6883 28.4621 8.6430
v 3.6351 27.1654 9.3779
v 0.6850 27.7522 8.2743
v 4.8026 29.0445 6.9416
v 2.0521 29.5916 5.9127
v 4.7481 28.2886 6.6852
v 1.9977 28.8357 5.6563
v 6.0358 29.7187 3.8015
v 3.4135 30.2404 2.8205
v 5.9294 28.9368 3.6701
v 3.3071 29.4584 2.6891
v 7.2666 29.7948 0.4822
v 4.6885 30.3077 -0.4822
v 7.1106 29.0102 0.4822
v 4.5324 29.5230 -0.4822
v 8.4188 29.2447 -2.8205
v 5.7965 29.7663 -3.8015
v 8.2179 28.4816 -2.6891
v 5.5956 29.0032 -3.6701
v 9.4283 28.1244 -5.9127
v 6.6778 28.6715 -6.9416
v 9.1894 27.4052 -5.6563
v 6.4389 27.9523 -6.6852
v 10.2561 26.5589 -8.6430
v 7.3060 27.1458 -9.7467
v 9.9874 25.9018 -8.2743
v 7.0373 26.4886 -9.3779
v 10.8924 24.7116 -10.9295
v 7.6907 25.3485 -12.1272
v 10.6028 24.1274 -10.4660
v 7.4011 24.7642 -11.6638
v 11.3499 22.7659 -12.7475
v 7.8694 23.4583 -14.0496
v 11.0524 22.2230 -12.2408
v 7.5719 22.9153 -13.5429
v -16.6896 19.1981 12.7475
v -18.6611 16.2475 14.0496
v -16.3018 18.7154 12.2408
v -18.2734 15.7648 13.5429
v -18.6623 19.5200 10.9295
v -20.4758 16.8057 12.1272
v -18.2333 19.0288 10.4660
v -20.0469 16.3146 11.6638
v -20.6124 19.6391 8.6430
v -22.2835 17.1381 9.7467
v -20.1081 19.1394 8.2743
v -21.7792 16.6384 9.3779
v -22.3755 19.4734 5.9127
v -23.9335 17.1416 6.9416
v -21.8025 18.9774 5.6563
v -23.3605 16.6456 6.6852
v -23.7969 18.9695 2.8205
v -25.2823 16.7464 3.8015
v -23.1687 18.4918 2.6891
v -24.6542 16.2687 3.6701
v -24.7460 18.1155 -0.4822
v -26.2064 15.9299 0.4822
v -24.0809 17.6710 -0.4822
v -25.5413 15.4854 0.4822
v -25.1467 16.9492 -3.8015
v -26.6322 14.7261 -2.8205
v -24.4650 16.5517 -3.6701
v -25.9505 14.3286 -2.6891
v -24.9957 15.5518 -6.9416
v -26.5538 13.2201 -5.9127
v -24.3183 15.2123 -6.6852
v -25.8763 12.8806 -5.6563
v -24.3611 14.0288 -9.7467
v -26.0322 11.5279 -8.6430
v -23.7064 13.7541 -9.3779
v -25.3775 11.2532 -8.2743
v -23.3623 12.4859 -12.1272
v -25.1758 9.7717 -10.9295
v -22.7443 12.2776 -11.6638
v -24.5579 9.5633 -10.4660
v -22.1520 11.0230 -14.0496
v -24.1236 8.0724 -12.7475
v -21.5577 10.8495 -13.5429
v -23.5293 7.8988 -12.2408
v -16.2475 18.6611 14.0496
v -19.1981 16.6896 12.7475
v -15.7648 18.2734 13.5429
v -18.7154 16.3018 12.2408
v -16.8057 20.4758 12.1272
v -19.5200 18.6623 10.9295
v -16.3146 20.0469 11.6638
v -19.0288 18.2333 10.4660
v -17.1381 22.2835 9.7467
v -19.6391 20.6124 8.6430
v -16.6384 21.7792 9.3779
v -19.1394 20.1081 8.2743
v -17.1416 23.9335 6.9416
v -19.4734 22.3755 5.9127
v -16.6456 23.3605 6.6852
v -18.9774 21.8025 5.6563
v -16.7464 25.2823 3.8015
v -18.9695 23.7969 2.8205
v -16.2687 24.6542 3.6701
v -18.4918 23.1687 2.6891
v -15.9299 26.2064 0.4822
v -18.1155 24.7460 -0.4822
v -15.4854 25.5413 0.4822
v -17.6710 24.0809 -0.4822
v -14.7261 26.6322 -2.8205
v -16.9492 25.1467 -3.8015
v -14.3286 25.9505 -2.6891
v -16.5517 24.4650 -3.6701
v -13.2201 26.5538 -5.9127
v -15.5518 24.9957 -6.9416
v -12.8806 25.8763 -5.6563
v -15.2123 24.3183 -6.6852
v -11.5279 26.0322 -8.6430
v -14.0288 24.3611 -9.7467
v -11.2532 25.3775 -8.2743
v -13.7541 23.7064 -9.3779
v -9.7717 25.1758 -10.9295
v -12.4859 23.3623 -12.1272
v -9.5633 24.5579 -10.4660
v -12.2776 22.7443 -11.6638
v -8.0724 24.1236 -12.7475
v -11.0230 22.1520 -14.0496
v -7.8988 23.5293 -12.2408
v -10.8495 21.5577 -13.5429
v -25.3764 1.7738 12.7475
v -24.6841 -1.7067 14.0496
v -24.7610 1.7067 12.2408
v -24.0686 -1.7738 13.5429
v -26.9989 0.6065 10.9295
v -26.3621 -2.5952 12.1272
v -26.3483 0.5625 10.4660
v -25.7114 -2.6391 11.6638
v -28.4621 -0.6883 8.6430
v -27.8753 -3.6384 9.7467
v -27.7522 -0.6850 8.2743
v -27.1654 -3.6351 9.3779
v -29.5916 -2.0521 5.9127
v -29.0445 -4.8026 6.9416
v -28.8357 -1.9977 5.6563
v -28.2886 -4.7481 6.6852
v -30.2404 -3.4135 2.8205
v -29.7187 -6.0358 3.8015
v -29.4584 -3.3071 2.6891
v -28.9368 -5.9294 3.6701
v -30.3077 -4.6885 -0.4822
v -29.7948 -7.2666 0.4822
v -29.5230 -4.5324 -0.4822
v -29.0102 -7.1106 0.4822
v -29.7663 -5.7965 -3.8015
v -29.2447 -8.4188 -2.8205
v -29.0032 -5.5956 -3.6701
v -28.4816 -8.2179 -2.6891
v -28.6715 -6.6778 -6.9416
v -28.1244 -9.4283 -5.9127
v -27.9523 -6.4389 -6.6852
v -27.4052 -9.1894 -5.6563
v -27.1458 -7.3060 -9.7467
v -26.5589 -10.2561 -8.6430
v -26.4886 -7.0373 -9.3779
v -25.9018 -9.9874 -8.2743
v -25.3485 -7.6907 -12.1272
v -24.7116 -10.8924 -10.9295
v -24.7642 -7.4011 -11.6638
v -24.1274 -10.6028 -10.4660
v -23.4583 -7.8694 -14.0496
v -22.7659 -11.3499 -12.7475
v -22.9153 -7.5719 -13.5429
v -22.2230 -11.0524 -12.2408
v -24.6841 1.7067 14.0496
v -25.3764 -1.7738 12.7475
v -24.0686 1.7738 13.5429
v -24.7610 -1.7067 12.2408
v -26.3621 2.5952 12.1272
v -26.9989 -0.6065 10.9295
v -25.7114 2.6391 11.6638
v -26.3483 -0.5625 10.4660
v -27.8753 3.6384 9.7467
v -28.4621 0.6883 8.6430
v -27.1654 3.6351 9.3779
v -27.7522 0.6850 8.2743
v -29.0445 4.8026 6.9416
v -29.5916 2.0521 5.9127
v -28.2886 4.7481 6.6852
v -28.8357 1.9977 5.6563
v -29.7187 6.0358 3.8015
v -30.2404 3.4135 2.8205
v -28.9368 5.9294 3.6701
v -29.4584 3.3071 2.6891
v -29.7948 7.2666 0.4822
v -30.3077 4.6885 -0.4822
v -29.0102 7.1106 0.4822
v -29.5230 4.5324 -0.4822
v -29.2447 8.4188 -2.8205
v -29.7663 5.7965 -3.8015
v -28.4816 8.2179 -2.6891
v -29.0032 5.5956 -3.6701
v -28.1244 9.4283 -5.9127
v -28.6715 6.6778 -6.9416
v -27.4052 9.1894 -5.6563
v -27.9523 6.4389 -6.6852
v -26.5589 10.2561 -8.6430
v -27.1458 7.3060 -9.7467
v -25.9018 9.9874 -8.2743
v -26.4886 7.0373 -9.3779
v -24.7116 10.8924 -10.9295
v -25.3485 7.6907 -12.1272
v -24.1274 10.6028 -10.4660
v -24.7642 7.4011 -11.6638
v -22.7659 11.3499 -12.7475
v -23.4583 7.8694 -14.0496
v -22.2230 11.0524 -12.2408
v -22.9153 7.5719 -13.5429
v -19.1981 -16.6896 12.7475
v -16.2475 -18.6611 14.0496
v -18.7154 -16.3018 12.2408
v -15.7648 -18.2734 13.5429
v -19.5200 -18.6623 10.9295
v -16.8057 -20.4758 12.1272
v -19.0288 -18.2333 10.4660
v -16.3146 -20.0469 11.6638
v -19.6391 -20.6124 8.6430
v -17.1381 -22.2835 9.7467
v -19.1394 -20.1081 8.2743
v -16.6384 -21.7792 9.3779
v -19.4734 -22.3755 5.9127
v -17.1416 -23.9335 6.9416
v -18.9774 -21.8025 5.6563
v -16.6456 -23.3605 6.6852
v -18.9695 -23.7969 2.8205
v -16.7464 -25.2823 3.8015
v -18.4918 -23.1687 2.6891
v -16.2687 -24.6542 3.6701
v -18.1155 -24.7460 -0.4822
v -15.9299 -26.2064 0.4822
v -17.6710 -24.0809 -0.4822
v -15.4854 -25.5413 0.4822
v -16.9492 -25.1467 -3.8015
v -14.7261 -26.6322 -2.8205
v -16.5517 -24.4650 -3.6701
v -14.3286 -25.9505 -2.6891
v -15.5518 -24.9957 -6.9416
v -13.2201 -26.5538 -5.9127
v -15.2123 -24.3183 -6.6852
v -12.8806 -25.8763 -5.6563
v -14.0288 -24.3611 -9.7467
v -11.5279 -26.0322 -8.6430
v -13.7541 -23.7064 -9.3779
v -11.2532 -25.3775 -8.2743
v -12.4859 -23.3623 -12.1272
v -9.7717 -25.1758 -10.9295
v -12.2776 -22.7443 -11.6638
v -9.5633 -24.5579 -10.4660
v -11.0230 -22.1520 -14.0496
v -8.0724 -24.1236 -12.7475
v -10.8495 -21.5577 -13.5429
v -7.8988 -23.5293 -12.2408
v -18.6611 -16.2475 14.0496
v -16.6896 -19.1981 12.7475
v -18.2734 -15.7648 13.5429
v -16.3018 -18.7154 12.2408
v -20.4758 -16.8057 12.1272
v -18.6623 -19.5200 10.9295
v -20.0469 -16.3146 11.6638
v -18.2333 -19.0288 10.4660
v -22.2835 -17.1381 9.7467
v -20.6124 -19.6391 8.6430
v -21.7792 -16.6384 9.3779
v -20.1081 -19.1394 8.2743
v -23.9335 -17.1416 6.9416
v -22.3755 -19.4734 5.9127
v -23.3605 -16.6456 6.6852
v -21.8025 -18.9774 5.6563
v -25.2823 -16.7464 3.8015
v -23.7969 -18.9695 2.8205
v -24.6542 -16.2687 3.6701
v -23.1687 -18.4918 2.6891
v -26.2064 -15.9299 0.4822
v -24.7460 -18.1155 -0.4822
v -25.5413 -15.4854 0.4822
v -24.0809 -17.6710 -0.4822
v -26.6322 -14.7261 -2.8205
v -25.1467 -16.9492 -3.8015
v -25.9505 -14.3286 -2.6891
v -24.4650 -16.5517 -3.6701
v -26.5538 -13.2201 -5.9127
v -24.9957 -15.5518 -6.9416
v -25.8763 -12.8806 -5.6563
v -24.3183 -15.2123 -6.6852
v -26.0322 -11.5279 -8.6430
v -24.3611 -14.0288 -9.7467
v -25.3775 -11.2532 -8.2743
v -23.7064 -13.7541 -9.3779
v -25.1758 -9.7717 -10.9295
v -23.3623 -12.4859 -12.1272
v -24.5579 -9.5633 -10.4660
v -22.7443 -12.2776 -11.6638
v -24.1236 -8.0724 -12.7475
v -22.1520 -11.0230 -14.0496
v -23.5293 -7.8988 -12.2408
v -21.5577 -10.8495 -13.5429
v -1.7738 -25.3764 12.7475
v 1.7067 -24.6841 14.0496
v -1.7067 -24.7610 12.2408
v 1.7738 -24.0686 13.5429
v -0.6065 -26.9989 10.9295
v 2.5952 -26.3621 12.1272
v -0.5625 -26.3483 10.4660
v 2.6391 -25.7114 11.6638
v 0.6883 -28.4621 8.6430
v 3.6384 -27.8753 9.7467
v 0.6850 -27.7522 8.2743
v 3.6351 -27.1654 9.3779
v 2.0521 -29.5916 5.9127
v 4.8026 -29.0445 6.9416
v 1.9977 -28.8357 5.6563
v 4.7481 -28.2886 6.6852
v 3.4135 -30.2404 2.8205
v 6.0358 -29.7187 3.8015
v 3.3071 -29.4584 2.6891
v 5.9294 -28.9368 3.6701
v 4.6885 -30.3077 -0.4822
v 7.2666 -29.7948 0.4822
v 4.5324 -29.5230 -0.4822
v 7.1106 -29.0102 0.4822
v 5.7965 -29.7663 -3.8015
v 8.4188 -29.2447 -2.8205
v 5.5956 -29.0032 -3.6701
v 8.2179 -28.4816 -2.6891
v 6.6778 -28.6715 -6.9416
v 9.4283 -28.1244 -5.9127
v 6.4389 -27.9523 -6.6852
v 9.1894 -27.4052 -5.6563
v 7.3060 -27.1458 -9.7467
v 10.2561 -26.5589 -8.6430
v 7.0373 -26.4886 -9.3779
v 9.9874 -25.9018 -8.2743
v 7.6907 -25.3485 -12.1272
v 10.8924 -24.7116 -10.9295
v 7.4011 -24.7642 -11.6638
v 10.6028 -24.1274 -10.4660
v 7.8694 -23.4583 -14.0496
v 11.3499 -22.7659 -12.7475
v 7.5719 -22.9153 -13.5429
v 11.0524 -22.2230 -12.2408
v -1.7067 -24.6841 14.0496
v 1.7738 -25.3764 12.7475
v -1.7738 -24.0686 13.5429
v 1.7067 -24.7610 12.2408
v -2.5952 -26.3621 12.1272
v 0.6065 -26.9989 10.9295
v -2.6391 -25.7114 11.6638
v 0.5625 -26.3483 10.4660
v -3.6384 -27.8753 9.7467
v -0.6883 -28.4621 8.6430
v -3.6351 -27.1654 9.3779
v -0.6850 -27.7522 8.2743
v -4.8026 -29.0445 6.9416
v -2.0521 -29.5916 5.9127
v -4.7481 -28.2886 6.6852
v -1.9977 -28.8357 5.6563
v -6.0358 -29.7187 3.8015
v -3.4135 -30.2404 2.8205
v -5.9294 -28.9368 3.6701
v -3.3071 -29.4584 2.6891
v -7.2666 -29.7948 0.4822
v -4.6885 -30.3077 -0.4822
v -7.1106 -29.0102 0.4822
v -4.5324 -29.5230 -0.4822
v -8.4188 -29.2447 -2.8205
v -5.7965 -29.7663 -3.8015
v -8.2179 -28.4816 -2.6891
v -5.5956 -29.0032 -3.6701
v -9.4283 -28.1244 -5.9127
v -6.6778 -28.6715 -6.9416
v -9.1894 -27.4052 -5.6563
v -6.4389 -27.9523 -6.6852
v -10.2561 -26.5589 -8.6430
v -7.3060 -27.1458 -9.7467
v -9.9874 -25.9018 -8.2743
v -7.0373 -26.4886 -9.3779
v -10.8924 -24.7116 -10.9295
v -7.6907 -25.3485 -12.1272
v -10.6028 -24.1274 -10.4660
v -7.4011 -24.7642 -11.6638
v -11.3499 -22.7659 -12.7475
v -7.8694 -23.4583 -14.0496
v -11.0524 -22.2230 -12.2408
v -7.5719 -22.9153 -13.5429
v 16.6896 -19.1981 12.7475
v 18.6611 -16.2475 14.0496
v 16.3018 -18.7154 12.2408
v 18.2734 -15.7648 13.5429
v 18.6623 -19.5200 10.9295
v 20.4758 -16.8057 12.1272
v 18.2333 -19.0288 10.4660
v 20.0469 -16.3146 11.6638
v 20.6124 -19.6391 8.6430
v 22.2835 -17.1381 9.7467
v 20.1081 -19.1394 8.2743
v 21.7792 -16.6384 9.3779
v 22.3755 -19.4734 5.9127
v 23.9335 -17.1416 6.9416
v 21.8025 -18.9774 5.6563
v 23.3605 -16.6456 6.6852
v 23.7969 -18.9695 2.8205
v 25.2823 -16.7464 3.8015
v 23.1687 -18.4918 2.6891
v 24.6542 -16.2687 3.6701
v 24.7460 -18.1155 -0.4822
v 26.2064 -15.9299 0.4822
v 24.0809 -17.6710 -0.4822
v 25.5413 -15.4854 0.4822
v 25.1467 -16.9492 -3.8015
v 26.6322 -14.7261 -2.8205
v 24.4650 -16.5517 -3.6701
v 25.9505 -14.3286 -2.6891
v 24.9957 -15.5518 -6.9416
v 26.5538 -13.2201 -5.9127
v 24.3183 -15.2123 -6.6852
v 25.8763 -12.8806 -5.6563
v 24.3611 -14.0288 -9.7467
v 26.0322 -11.5279 -8.6430
v 23.7064 -13.7541 -9.3779
v 25.3775 -11.2532 -8.2743
v 23.3623 -12.4859 -12.1272
v 25.1758 -9.7717 -10.9295
v 22.7443 -12.2776 -11.6638
v 24.5579 -9.5633 -10.4660
v 22.1520 -11.0230 -14.0496
v 24.1236 -8.0724 -12.7475
v 21.5577 -10.8495 -13.5429
v 23.5293 -7.8988 -12.2408
v 16.2475 -18.6611 14.0496
v 19.1981 -16.6896 12.7475
v 15.7648 -18.2734 13.5429
v 18.7154 -16.3018 12.2408
v 16.8057 -20.4758 12.1272
v 19.5200 -18.6623 10.9295
v 16.3146 -20.0469 11.6638
v 19.0288 -18.2333 10.4660
v 17.1381 -22.2835 9.7467
v 19.6391 -20.6124 8.6430
v 16.6384 -21.7792 9.3779
v 19.1394 -20.1081 8.2743
v 17.1416 -23.9335 6.9416
v 19.4734 -22.3755 5.9127
v 16.6456 -23.3605 6.6852
v 18.9774 -21.8025 5.6563
v 16.7464 -25.2823 3.8015
v 18.9695 -23.7969 2.8205
v 16.2687 -24.6542 3.6701
v 18.4918 -23.1687 2.6891
v 15.9299 -26.2064 0.4822
v 18.1155 -24.7460 -0.4822
v 15.4854 -25.5413 0.4822
v 17.6710 -24.0809 -0.4822
v 14.7261 -26.6322 -2.8205
v 16.9492 -25.1467 -3.8015
v 14.3286 -25.9505 -2.6891
v 16.5517 -24.4650 -3.6701
v 13.2201 -26.5538 -5.9127
v 15.5518 -24.9957 -6.9416
v 12.8806 -25.8763 -5.6563
v 15.2123 -24.3183 -6.6852
v 11.5279 -26.0322 -8.6430
v 14.0288 -24.3611 -9.7467
v 11.2532 -25.3775 -8.2743
v 13.7541 -23.7064 -9.3779
v 9.7717 -25.1758 -10.9295
v 12.4859 -23.3623 -12.1272
v 9.5633 -24.5579 -10.4660
v 12.2776 -22.7443 -11.6638
v 8.0724 -24.1236 -12.7475
v 11.0230 -22.1520 -14.0496
v 7.8988 -23.5293 -12.2408
v 10.8495 -21.5577 -13.5429
v 22.5287 8.8621 -14.9553
v 23.8620 10.1954 -11.6791
v 21.8193 8.7264 -14.6113
v 23.1526 10.0597 -11.3351
v 21.8786 11.1324 -15.3982
v 23.0796 12.3334 -12.4471
v 21.1865 10.9483 -15.0417
v 22.3875 12.1493 -12.0905
v 20.8873 13.4628 -15.7598
v 21.9761 14.5516 -13.0842
v 20.2418 13.1794 -15.3817
v 21.3306 14.2682 -12.7061
v 19.5144 15.7168 -15.9958
v 20.5283 16.7307 -13.5043
v 18.9366 15.3277 -15.6023
v 19.9505 16.3416 -13.1109
v 17.7694 17.7694 -16.0779
v 18.7570 18.7570 -13.6511
v 17.2791 17.2791 -15.6788
v 18.2667 18.2667 -13.2521
v 15.7168 19.5144 -15.9958
v 16.7307 20.5283 -13.5043
v 15.3277 18.9366 -15.6023
v 16.3416 19.9505 -13.1109
v 13.4628 20.8873 -15.7598
v 14.5516 21.9761 -13.0842
v 13.1794 20.2418 -15.3817
v 14.2682 21.3306 -12.7061
v 11.1324 21.8786 -15.3982
v 12.3334 23.0796 -12.4471
v 10.9483 21.1865 -15.0417
v 12.1493 22.3875 -12.0905
v 8.8621 22.5287 -14.9553
v 10.1954 23.8620 -11.6791
v 8.7264 21.8193 -14.6113
v 10.0597 23.1526 -11.3351
v 9.6637 22.1967 -14.9553
v 9.6637 24.0822 -11.6791
v 9.2581 21.5991 -14.6113
v 9.2581 23.4846 -11.3351
v 7.5987 23.3423 -15.3982
v 7.5987 25.0407 -12.4471
v 7.2395 22.7228 -15.0417
v 7.2395 24.4212 -12.0905
v 5.2499 24.2892 -15.7598
v 5.2499 25.8290 -13.0842
v 4.9939 23.6323 -15.3817
v 4.9939 25.1721 -12.7061
v 2.6853 24.9122 -15.9958
v 2.6853 26.3461 -13.5043
v 2.5519 24.2286 -15.6023
v 2.5519 25.6624 -13.1109
v 0.0000 25.1297 -16.0779
v 0.0000 26.5264 -13.6511
v 0.0000 24.4363 -15.6788
v 0.0000 25.8330 -13.2521
v -2.6853 24.9122 -15.9958
v -2.6853 26.3461 -13.5043
v -2.5519 24.2286 -15.6023
v -2.5519 25.6624 -13.1109
v -5.2499 24.2892 -15.7598
v -5.2499 25.8290 -13.0842
v -4.9939 23.6323 -15.3817
v -4.9939 25.1721 -12.7061
v -7.5987 23.3423 -15.3982
v -7.5987 25.0407 -12.4471
v -7.2395 22.7228 -15.0417
v -7.2395 24.4212 -12.0905
v -9.6637 22.1967 -14.9553
v -9.6637 24.0822 -11.6791
v -9.2581 21.5991 -14.6113
v -9.2581 23.4846 -11.3351
v -8.8621 22.5287 -14.9553
v -10.1954 23.8620 -11.6791
v -8.7264 21.8193 -14.6113
v -10.0597 23.1526 -11.3351
v -11.1324 21.8786 -15.3982
v -12.3334 23.0796 -12.4471
v -10.9483 21.1865 -15.0417
v -12.1493 22.3875 -12.0905
v -13.4628 20.8873 -15.7598
v -14.5516 21.9761 -13.0842
v -13.1794 20.2418 -15.3817
v -14.2682 21.3306 -12.7061
v -15.7168 19.5144 -15.9958
v -16.7307 20.5283 -13.5043
v -15.3277 18.9366 -15.6023
v -16.3416 19.9505 -13.1109
v -17.7694 17.7694 -16.0779
v -18.7570 18.7570 -13.6511
v -17.2791 17.2791 -15.6788
v -18.2667 18.2667 -13.2521
v -19.5144 15.7168 -15.9958
v -20.5283 16.7307 -13.5043
v -18.9366 15.3277 -15.6023
v -19.9505 16.3416 -13.1109
v -20.8873 13.4628 -15.7598
v -21.9761 14.5516 -13.0842
v -20.2418 13.1794 -15.3817
v -21.3306 14.2682 -12.7061
v -21.8786 11.1324 -15.3982
v -23.0796 12.3334 -12.4471
v -21.1865 10.9483 -15.0417
v -22.3875 12.1493 -12.0905
v -22.5287 8.8621 -14.9553
v -23.8620 10.1954 -11.6791
v -21.8193 8.7264 -14.6113
v -23.1526 10.0597 -11.3351
v -22.1967 9.6637 -14.9553
v -24.0822 9.6637 -11.6791
v -21.5991 9.2581 -14.6113
v -23.4846 9.2581 -11.3351
v -23.3423 7.5987 -15.3982
v -25.0407 7.5987 -12.4471
v -22.7228 7.2395 -15.0417
v -24.4212 7.2395 -12.0905
v -24.2892 5.2499 -15.7598
v -25.8290 5.2499 -13.0842
v -23.6323 4.9939 -15.3817
v -25.1721 4.9939 -12.7061
v -24.9122 2.6853 -15.9958
v -26.3461 2.6853 -13.5043
v -24.2286 2.5519 -15.6023
v -25.6624 2.5519 -13.1109
v -25.1297 0.0000 -16.0779
v -26.5264 0.0000 -13.6511
v -24.4363 0.0000 -15.6788
v -25.8330 0.0000 -13.2521
v -24.9122 -2.6853 -15.9958
v -26.3461 -2.6853 -13.5043
v -24.2286 -2.5519 -15.6023
v -25.6624 -2.5519 -13.1109
v -24.2892 -5.2499 -15.7598
v -25.8290 -5.2499 -13.0842
v -23.6323 -4.9939 -15.3817
v -25.1721 -4.9939 -12.7061
v -23.3423 -7.5987 -15.3982
v -25.0407 -7.5987 -12.4471
v -22.7228 -7.2395 -15.0417
v -24.4212 -7.2395 -12.0905
v -22.1967 -9.6637 -14.9553
v -24.0822 -9.6637 -11.6791
v -21.5991 -9.2581 -14.6113
v -23.4846 -9.2581 -11.3351
v -22.5287 -8.8621 -14.9553
v -23.8620 -10.1954 -11.6791
v -21.8193 -8.7264 -14.6113
v -23.1526 -10.0597 -11.3351
v -21.8786 -11.1324 -15.3982
v -23.0796 -12.3334 -12.4471
v -21.1865 -10.9483 -15.0417
v -22.3875 -12.1493 -12.0905
v -20.8873 -13.4628 -15.7598
v -21.9761 -14.5516 -13.0842
v -20.2418 -13.1794 -15.3817
v -21.3306 -14.2682 -12.7061
v -19.5144 -15.7168 -15.9958
v -20.5283 -16.7307 -13.5043
v -18.9366 -15.3277 -15.6023
v -19.9505 -16.3416 -13.1109
v -17.7694 -17.7694 -16.0779
v -18.7570 -18.7570 -13.6511
v -17.2791 -17.2791 -15.6788
v -18.2667 -18.2667 -13.2521
v -15.7168 -19.5144 -15.9958
v -16.7307 -20.5283 -13.5043
v -15.3277 -18.9366 -15.6023
v -16.3416 -19.9505 -13.1109
v -13.4628 -20.8873 -15.7598
v -14.5516 -21.9761 -13.0842
v -13.1794 -20.2418 -15.3817
v -14.2682 -21.3306 -12.7061
v -11.1324 -21.8786 -15.3982
v -12.3334 -23.0796 -12.4471
v -10.9483 -21.1865 -15.0417
v -12.1493 -22.3875 -12.0905
v -8.8621 -22.5287 -14.9553
v -10.1954 -23.8620 -11.6791
v -8.7264 -21.8193 -14.6113
v -10.0597 -23.1526 -11.3351
v -9.6637 -22.1967 -14.9553
v -9.6637 -24.0822 -11.6791
v -9.2581 -21.5991 -14.6113
v -9.2581 -23.4846 -11.3351
v -7.5987 -23.3423 -15.3982
v -7.5987 -25.0407 -12.4471
v -7.2395 -22.7228 -15.0417
v -7.2395 -24.4212 -12.0905
v -5.2499 -24.2892 -15.7598
v -5.2499 -25.8290 -13.0842
v -4.9939 -23.6323 -15.3817
v -4.9939 -25.1721 -12.7061
v -2.6853 -24.9122 -15.9958
v -2.6853 -26.3461 -13.5043
v -2.5519 -24.2286 -15.6023
v -2.5519 -25.6624 -13.1109
v -0.0000 -25.1297 -16.0779
v -0.0000 -26.5264 -13.6511
v -0.0000 -24.4363 -15.6788
v -0.0000 -25.8330 -13.2521
v 2.6853 -24.9122 -15.9958
v 2.6853 -26.3461 -13.5043
v 2.5519 -24.2286 -15.6023
v 2.5519 -25.6624 -13.1109
v 5.2499 -24.2892 -15.7598
v 5.2499 -25.8290 -13.0842
v 4.9939 -23.6323 -15.3817
v 4.9939 -25.1721 -12.7061
v 7.5987 -23.3423 -15.3982
v 7.5987 -25.0407 -12.4471
v 7.2395 -22.7228 -15.0417
v 7.2395 -24.4212 -12.0905
v 9.6637 -22.1967 -14.9553
v 9.6637 -24.0822 -11.6791
v 9.2581 -21.5991 -14.6113
v 9.2581 -23.4846 -11.3351
v 8.8621 -22.5287 -14.9553
v 10.1954 -23.8620 -11.6791
v 8.7264 -21.8193 -14.6113
v 10.0597 -23.1526 -11.3351
v 11.1324 -21.8786 -15.3982
v 12.3334 -23.0796 -12.4471
v 10.9483 -21.1865 -15.0417
v 12.1493 -22.3875 -12.0905
v 13.4628 -20.8873 -15.7598
v 14.5516 -21.9761 -13.0842
v 13.1794 -20.2418 -15.3817
v 14.2682 -21.3306 -12.7061
v 15.7168 -19.5144 -15.9958
v 16.7307 -20.5283 -13.5043
v 15.3277 -18.9366 -15.6023
v 16.3416 -19.9505 -13.1109
v 17.7694 -17.7694 -16.0779
v 18.7570 -18.7570 -13.6511
v 17.2791 -17.2791 -15.6788
v 18.2667 -18.2667 -13.2521
v 19.5144 -15.7168 -15.9958
v 20.5283 -16.7307 -13.5043
v 18.9366 -15.3277 -15.6023
v 19.9505 -16.3416 -13.1109
v 20.8873 -13.4628 -15.7598
v 21.9761 -14.5516 -13.0842
v 20.2418 -13.1794 -15.3817
v 21.3306 -14.2682 -12.7061
v 21.8786 -11.1324 -15.3982
v 23.0796 -12.3334 -12.4471
v 21.1865 -10.9483 -15.0417
v 22.3875 -12.1493 -12.0905
v 22.5287 -8.8621 -14.9553
v 23.8620 -10.1954 -11.6791
v 21.8193 -8.7264 -14.6113
v 23.1526 -10.0597 -11.3351
v 22.1967 -9.6637 -14.9553
v 24.0822 -9.6637 -11.6791
v 21.5991 -9.2581 -14.6113
v 23.4846 -9.2581 -11.3351
v 23.3423 -7.5987 -15.3982
v 25.0407 -7.5987 -12.4471
v 22.7228 -7.2395 -15.0417
v 24.4212 -7.2395 -12.0905
v 24.2892 -5.2499 -15.7598
v 25.8290 -5.2499 -13.0842
v 23.6323 -4.9939 -15.3817
v 25.1721 -4.9939 -12.7061
v 24.9122 -2.6853 -15.9958
v 26.3461 -2.6853 -13.5043
v 24.2286 -2.5519 -15.6023
v 25.6624 -2.5519 -13.1109
v 25.1297 -0.0000 -16.0779
v 26.5264 -0.0000 -13.6511
v 24.4363 -0.0000 -15.6788
v 25.8330 -0.0000 -13.2521
v 24.9122 2.6853 -15.9958
v 26.3461 2.6853 -13.5043
v 24.2286 2.5519 -15.6023
v 25.6624 2.5519 -13.1109
v 24.2892 5.2499 -15.7598
v 25.8290 5.2499 -13.0842
v 23.6323 4.9939 -15.3817
v 25.1721 4.9939 -12.7061
v 23.3423 7.5987 -15.3982
v 25.0407 7.5987 -12.4471
v 22.7228 7.2395 -15.0417
v 24.4212 7.2395 -12.0905
v 22.1967 9.6637 -14.9553
v 24.0822 9.6637 -11.6791
v 21.5991 9.2581 -14.6113
v 23.4846 9.2581 -11.3351
v 2.4985 4.8467 -28.5702
v 6.0422 3.5772 -28.2256
v 2.4431 4.9081 -27.7744
v 5.9868 3.6386 -27.4298
v 3.2926 6.6628 -28.6545
v 6.5985 5.4784 -28.3330
v 3.2226 6.6837 -27.8579
v 6.5285 5.4994 -27.5364
v 4.1119 8.6328 -28.5262
v 7.1963 7.5279 -28.2262
v 4.0124 8.5699 -27.7349
v 7.0968 7.4650 -27.4349
v 4.9225 10.7015 -28.1280
v 7.8166 9.6647 -27.8465
v 4.7917 10.5463 -27.3541
v 7.6858 9.5095 -27.0727
v 5.6929 12.8120 -27.4203
v 8.4409 11.8275 -27.1531
v 5.5307 12.5606 -26.6783
v 8.2787 11.5761 -26.4111
v 6.3907 14.8948 -26.3862
v 9.0470 13.9432 -26.1279
v 6.1989 14.5480 -25.6913
v 8.8552 13.5964 -25.4330
v 6.9867 16.8754 -25.0349
v 9.6116 15.9350 -24.7797
v 6.7684 16.4380 -24.4017
v 9.3934 15.4976 -24.1464
v 7.4576 18.6828 -23.4021
v 10.1139 17.7312 -23.1438
v 7.2171 18.1634 -22.8431
v 9.8734 17.2118 -22.5848
v 7.7894 20.2588 -21.5457
v 10.5375 19.2743 -21.2784
v 7.5319 19.6688 -21.0707
v 10.2800 18.6843 -20.8035
v 7.9793 21.5652 -19.5388
v 10.8733 20.5284 -19.2574
v 7.7099 20.9179 -19.1536
v 10.6040 19.8811 -18.8722
v 8.0354 22.5881 -17.4607
v 11.1197 21.4831 -17.1608
v 7.7593 21.8974 -17.1662
v 10.8436 20.7924 -16.8662
v 7.9762 23.3375 -15.3869
v 11.2821 22.1532 -15.0655
v 7.6978 22.6169 -15.1791
v 11.0037 21.4325 -14.8577
v 7.8281 23.8413 -13.3998
v 11.3718 22.5718 -13.0552
v 7.5500 23.1095 -13.2352
v 11.0937 21.8400 -12.8906
v -4.8467 2.4985 -28.5702
v -3.5772 6.0422 -28.2256
v -4.9081 2.4431 -27.7744
v -3.6386 5.9868 -27.4298
v -6.6628 3.2926 -28.6545
v -5.4784 6.5985 -28.3330
v -6.6837 3.2226 -27.8579
v -5.4994 6.5285 -27.5364
v -8.6328 4.1119 -28.5262
v -7.5279 7.1963 -28.2262
v -8.5699 4.0124 -27.7349
v -7.4650 7.0968 -27.4349
v -10.7015 4.9225 -28.1280
v -9.6647 7.8166 -27.8465
v -10.5463 4.7917 -27.3541
v -9.5095 7.6858 -27.0727
v -12.8120 5.6929 -27.4203
v -11.8275 8.4409 -27.1531
v -12.5606 5.5307 -26.6783
v -11.5761 8.2787 -26.4111
v -14.8948 6.3907 -26.3862
v -13.9432 9.0470 -26.1279
v -14.5480 6.1989 -25.6913
v -13.5964 8.8552 -25.4330
v -16.8754 6.9867 -25.0349
v -15.9350 9.6116 -24.7797
v -16.4380 6.7684 -24.4017
v -15.4976 9.3934 -24.1464
v -18.6828 7.4576 -23.4021
v -17.7312 10.1139 -23.1438
v -18.1634 7.2171 -22.8431
v -17.2118 9.8734 -22.5848
v -20.2588 7.7894 -21.5457
v -19.2743 10.5375 -21.2784
v -19.6688 7.5319 -21.0707
v -18.6843 10.2800 -20.8035
v -21.5652 7.9793 -19.5388
v -20.5284 10.8733 -19.2574
v -20.9179 7.7099 -19.1536
v -19.8811 10.6040 -18.8722
v -22.5881 8.0354 -17.4607
v -21.4831 11.1197 -17.1608
v -21.8974 7.7593 -17.1662
v -20.7924 10.8436 -16.8662
v -23.3375 7.9762 -15.3869
v -22.1532 11.2821 -15.0655
v -22.6169 7.6978 -15.1791
v -21.4325 11.0037 -14.8577
v -23.8413 7.8281 -13.3998
v -22.5718 11.3718 -13.0552
v -23.1095 7.5500 -13.2352
v -21.8400 11.0937 -12.8906
v -2.4985 -4.8467 -28.5702
v -6.0422 -3.5772 -28.2256
v -2.4431 -4.9081 -27.7744
v -5.9868 -3.6386 -27.4298
v -3.2926 -6.6628 -28.6545
v -6.5985 -5.4784 -28.3330
v -3.2226 -6.6837 -27.8579
v -6.5285 -5.4994 -27.5364
v -4.1119 -8.6328 -28.5262
v -7.1963 -7.5279 -28.2262
v -4.0124 -8.5699 -27.7349
v -7.0968 -7.4650 -27.4349
v -4.9225 -10.7015 -28.1280
v -7.8166 -9.6647 -27.8465
v -4.7917 -10.5463 -27.3541
v -7.6858 -9.5095 -27.0727
v -5.6929 -12.8120 -27.4203
v -8.4409 -11.8275 -27.1531
v -5.5307 -12.5606 -26.6783
v -8.2787 -11.5761 -26.4111
v -6.3907 -14.8948 -26.3862
v -9.0470 -13.9432 -26.1279
v -6.1989 -14.5480 -25.6913
v -8.8552 -13.5964 -25.4330
v -6.9867 -16.8754 -25.0349
v -9.6116 -15.9350 -24.7797
v -6.7684 -16.4380 -24.4017
v -9.3934 -15.4976 -24.1464
v -7.4576 -18.6828 -23.4021
v -10.1139 -17.7312 -23.1438
v -7.2171 -18.1634 -22.8431
v -9.8734 -17.2118 -22.5848
v -7.7894 -20.2588 -21.5457
v -10.5375 -19.2743 -21.2784
v -7.5319 -19.6688 -21.0707
v -10.2800 -18.6843 -20.8035
v -7.9793 -21.5652 -19.5388
v -10.8733 -20.5284 -19.2574
v -7.7099 -20.9179 -19.1536
v -10.6040 -19.8811 -18.8722
v -8.0354 -22.5881 -17.4607
v -11.1197 -21.4831 -17.1608
v -7.7593 -21.8974 -17.1662
v -10.8436 -20.7924 -16.8662
v -7.9762 -23.3375 -15.3869
v -11.2821 -22.1532 -15.0655
v -7.6978 -22.6169 -15.1791
v -11.0037 -21.4325 -14.8577
v -7.8281 -23.8413 -13.3998
v -11.3718 -22.5718 -13.0552
v -7.5500 -23.1095 -13.2352
v -11.0937 -21.8400 -12.8906
v 4.8467 -2.4985 -28.5702
v 3.5772 -6.0422 -28.2256
v 4.9081 -2.4431 -27.7744
v 3.6386 -5.9868 -27.4298
v 6.6628 -3.2926 -28.6545
v 5.4784 -6.5985 -28.3330
v 6.6837 -3.2226 -27.8579
v 5.4994 -6.5285 -27.5364
v 8.6328 -4.1119 -28.5262
v 7.5279 -7.1963 -28.2262
v 8.5699 -4.0124 -27.7349
v 7.4650 -7.0968 -27.4349
v 10.7015 -4.9225 -28.1280
v 9.6647 -7.8166 -27.8465
v 10.5463 -4.7917 -27.3541
v 9.5095 -7.6858 -27.0727
v 12.8120 -5.6929 -27.4203
v 11.8275 -8.4409 -27.1531
v 12.5606 -5.5307 -26.6783
v 11.5761 -8.2787 -26.4111
v 14.8948 -6.3907 -26.3862
v 13.9432 -9.0470 -26.1279
v 14.5480 -6.1989 -25.6913
v 13.5964 -8.8552 -25.4330
v 16.8754 -6.9867 -25.0349
v 15.9350 -9.6116 -24.7797
v 16.4380 -6.7684 -24.4017
v 15.4976 -9.3934 -24.1464
v 18.6828 -7.4576 -23.4021
v 17.7312 -10.1139 -23.1438
v 18.1634 -7.2171 -22.8431
v 17.2118 -9.8734 -22.5848
v 20.2588 -7.7894 -21.5457
v 19.2743 -10.5375 -21.2784
v 19.6688 -7.5319 -21.0707
v 18.6843 -10.2800 -20.8035
v 21.5652 -7.9793 -19.5388
v 20.5284 -10.8733 -19.2574
v 20.9179 -7.7099 -19.1536
v 19.8811 -10.6040 -18.8722
v 22.5881 -8.0354 -17.4607
v 21.4831 -11.1197 -17.1608
v 21.8974 -7.7593 -17.1662
v 20.7924 -10.8436 -16.8662
v 23.3375 -7.9762 -15.3869
v 22.1532 -11.2821 -15.0655
v 22.6169 -7.6978 -15.1791
v 21.4325 -11.0037 -14.8577
v 23.8413 -7.8281 -13.3998
v 22.5718 -11.3718 -13.0552
v 23.1095 -7.5500 -13.2352
v 21.8400 -11.0937 -12.8906
g triads
usemtl triads
f 1 2 10
f 1 10 9
f 2 3 11
f 2 11 10
f 3 4 12
f 3 12 11
f 4 5 13
f 4 13 12
f 5 6 14
f 5 14 13
f 6 7 15
f 6 15 14
f 7 8 16
f 7 16 15
f 8 1 9
f 8 9 16
f 17 2 1
f 18 9 10
f 17 3 2
f 18 10 11
f 17 4 3
f 18 11 12
f 17 5 4
f 18 12 13
f 17 6 5
f 18 13 14
f 17 7 6
f 18 14 15
f 17 8 7
f 18 15 16
f 17 1 8
f 18 16 9
f 19 20 28
f 19 28 27
f 20 21 29
f 20 29 28
f 21 22 30
f 21 30 29
f 22 23 31
f 22 31 30
f 23 24 32
f 23 32 31
f 24 25 33
f 24 33 32
f 25 26 34
f 25 34 33
f 26 19 27
f 26 27 34
f 27 28 36
f 27 36 35
f 28 29 37
f 28 37 36
f 29 30 38
f 29 38 37
f 30 31 39
f 30 39 38
f 31 32 40
f 31 40 39
f 32 33 41
f 32 41 40
f 33 34 42
f 33 42 41
f 34 27 35
f 34 35 42
f 35 36 44
f 35 44 43
f 36 37 45
f 36 45 44
f 37 38 46
f 37 46 45
f 38 39 47
f 38 47 46
f 39 40 48
f 39 48 47
f 40 41 49
f 40 49 48
f 41 42 50
f 41 50 49
f 42 35 43
f 42 43 50
f 43 44 52
f 43 52 51
f 44 45 53
f 44 53 52
f 45 46 54
f 45 54 53
f 46 47 55
f 46 55 54
f 47 48 56
f 47 56 55
f 48 49 57
f 48 57 56
f 49 50 58
f 49 58 57
f 50 43 51
f 50 51 58
f 51 52 60
f 51 60 59
f 52 53 61
f 52 61 60
f 53 54 62
f 53 62 61
f 54 55 63
f 54 63 62
f 55 56 64
f 55 64 63
f 56 57 65
f 56 65 64
f 57 58 66
f 57 66 65
f 58 51 59
f 58 59 66
f 59 60 68
f 59 68 67
f 60 61 69
f 60 69 68
f 61 62 70
f 61 70 69
f 62 63 71
f 62 71 70
f 63 64 72
f 63 72 71
f 64 65 73
f 64 73 72
f 65 66 74
f 65 74 73
f 66 59 67
f 66 67 74
f 75 76 84
f 75 84 83
f 76 77 85
f 76 85 84
f 77 78 86
f 77 86 85
f 78 79 87
f 78 87 86
f 79 80 88
f 79 88 87
f 80 81 89
f 80 89 88
f 81 82 90
f 81 90 89
f 82 75 83
f 82 83 90
f 91 76 75
f 92 83 84
f 91 77 76
f 92 84 85
f 91 78 77
f 92 85 86
f 91 79 78
f 92 86 87
f 91 80 79
f 92 87 88
f 91 81 80
f 92 88 89
f 91 82 81
f 92 89 90
f 91 75 82
f 92 90 83
f 93 94 102
f 93 102 101
f 94 95 103
f 94 103 102
f 95 96 104
f 95 104 103
f 96 97 105
f 96 105 104
f 97 98 106
f 97 106 105
f 98 99 107
f 98 107 106
f 99 100 108
f 99 108 107
f 100 93 101
f 100 101 108
f 101 102 110
f 101 110 109
f 102 103 111
f 102 111 110
f 103 104 112
f 103 112 111
f 104 105 113
f 104 113 112
f 105 106 114
f 105 114 113
f 106 107 115
f 106 115 114
f 107 108 116
f 107 116 115
f 108 101 109
f 108 109 116
f 109 110 118
f 109 118 117
f 110 111 119
f 110 119 118
f 111 112 120
f 111 120 119
f 112 113 121
f 112 121 120
f 113 114 122
f 113 122 121
f 114 115 123
f 114 123 122
f 115 116 124
f 115 124 123
f 116 109 117
f 116 117 124
f 117 118 126
f 117 126 125
f 118 119 127
f 118 127 126
f 119 120 128
f 119 128 127
f 120 121 129
f 120 129 128
f 121 122 130
f 121 130 129
f 122 123 131
f 122 131 130
f 123 124 132
f 123 132 131
f 124 117 125
f 124 125 132
f 125 126 134
f 125 134 133
f 126 127 135
f 126 135 134
f 127 128 136
f 127 136 135
f 128 129 137
f 128 137 136
f 129 130 138
f 129 138 137
f 130 131 139
f 130 139 138
f 131 132 140
f 131 140 139
f 132 125 133
f 132 133 140
f 133 134 142
f 133 142 141
f 134 135 143
f 134 143 142
f 135 136 144
f 135 144 143
f 136 137 145
f 136 145 144
f 137 138 146
f 137 146 145
f 138 139 147
f 138 147 146
f 139 140 148
f 139 148 147
f 140 133 141
f 140 141 148
f 149 150 158
f 149 158 157
f 150 151 159
f 150 159 158
f 151 152 160
f 151 160 159
f 152 153 161
f 152 161 160
f 153 154 162
f 153 162 161
f 154 155 163
f 154 163 162
f 155 156 164
f 155 164 163
f 156 149 157
f 156 157 164
f 165 150 149
f 166 157 158
f 165 151 150
f 166 158 159
f 165 152 151
f 166 159 160
f 165 153 152
f 166 160 161
f 165 154 153
f 166 161 162
f 165 155 154
f 166 162 163
f 165 156 155
f 166 163 164
f 165 149 156
f 166 164 157
f 167 168 176
f 167 176 175
f 168 169 177
f 168 177 176
f 169 170 178
f 169 178 177
f 170 171 179
f 170 179 178
f 171 172 180
f 171 180 179
f 172 173 181
f 172 181 180
f 173 174 182
f 173 182 181
f 174 167 175
f 174 175 182
f 175 176 184
f 175 184 183
f 176 177 185
f 176 185 184
f 177 178 186
f 177 186 185
f 178 179 187
f 178 187 186
f 179 180 188
f 179 188 187
f 180 181 189
f 180 189 188
f 181 182 190
f 181 190 189
f 182 175 183
f 182 183 190
f 183 184 192
f 183 192 191
f 184 185 193
f 184 193 192
f 185 186 194
f 185 194 193
f 186 187 195
f 186 195 194
f 187 188 196
f 187 196 195
f 188 189 197
f 188 197 196
f 189 190 198
f 189 198 197
f 190 183 191
f 190 191 198
f 191 192 200
f 191 200 199
f 192 193 201
f 192 201 200
f 193 194 202
f 193 202 201
f 194 195 203
f 194 203 202
f 195 196 204
f 195 204 203
f 196 197 205
f 196 205 204
f 197 198 206
f 197 206 205
f 198 191 199
f 198 199 206
f 199 200 208
f 199 208 207
f 200 201 209
f 200 209 208
f 201 202 210
f 201 210 209
f 202 203 211
f 202 211 210
f 203 204 212
f 203 212 211
f 204 205 213
f 204 213 212
f 205 206 214
f 205 214 213
f 206 199 207
f 206 207 214
f 207 208 216
f 207 216 215
f 208 209 217
f 208 217 216
f 209 210 218
f 209 218 217
f 210 211 219
f 210 219 218
f 211 212 220
f 211 220 219
f 212 213 221
f 212 221 220
f 213 214 222
f 213 222 221
f 214 207 215
f 214 215 222
f 223 224 232
f 223 232 231
f 224 225 233
f 224 233 232
f 225 226 234
f 225 234 233
f 226 227 235
f 226 235 234
f 227 228 236
f 227 236 235
f 228 229 237
f 228 237 236
f 229 230 238
f 229 238 237
f 230 223 231
f 230 231 238
f 239 224 223
f 240 231 232
f 239 225 224
f 240 232 233
f 239 226 225
f 240 233 234
f 239 227 226
f 240 234 235
f 239 228 227
f 240 235 236
f 239 229 228
f 240 236 237
f 239 230 229
f 240 237 238
f 239 223 230
f 240 238 231
f 241 242 250
f 241 250 249
f 242 243 251
f 242 251 250
f 243 244 252
f 243 252 251
f 244 245 253
f 244 253 252
f 245 246 254
f 245 254 253
f 246 247 255
f 246 255 254
f 247 248 256
f 247 256 255
f 248 241 249
f 248 249 256
f 249 250 258
f 249 258 257
f 250 251 259
f 250 259 258
f 251 252 260
f 251 260 259
f 252 253 261
f 252 261 260
f 253 254 262
f 253 262 261
f 254 255 263
f 254 263 262
f 255 256 264
f 255 264 263
f 256 249 257
f 256 257 264
f 257 258 266
f 257 266 265
f 258 259 267
f 258 267 266
f 259 260 268
f 259 268 267
f 260 261 269
f 260 269 268
f 261 262 270
f 261 270 269
f 262 263 271
f 262 271 270
f 263 264 272
f 263 272 271
f 264 257 265
f 264 265 272
f 265 266 274
f 265 274 273
f 266 267 275
f 266 275 274
f 267 268 276
f 267 276 275
f 268 269 277
f 268 277 276
f 269 270 278
f 269 278 277
f 270 271 279
f 270 279 278
f 271 272 280
f 271 280 279
f 272 265 273
f 272 273 280
f 273 274 282
f 273 282 281
f 274 275 283
f 274 283 282
f 275 276 284
f 275 284 283
f 276 277 285
f 276 285 284
f 277 278 286
f 277 286 285
f 278 279 287
f 278 287 286
f 279 280 288
f 279 288 287
f 280 273 281
f 280 281 288
f 281 282 290
f 281 290 289
f 282 283 291
f 282 291 290
f 283 284 292
f 283 292 291
f 284 285 293
f 284 293 292
f 285 286 294
f 285 294 293
f 286 287 295
f 286 295 294
f 287 288 296
f 287 296 295
f 288 281 289
f 288 289 296
g collars
usemtl collars
f 171 172 180
f 171 180 179
f 172 173 181
f 172 181 180
f 173 174 182
f 173 182 181
f 174 167 175
f 174 175 182
f 175 176 184
f 175 184 183
f 176 177 185
f 176 185 184
f 177 178 186
f 177 186 185
f 178 179 187
f 178 187 186
f 179 180 188
f 179 188 187
f 180 181 189
f 180 189 188
f 181 182 190
f 181 190 189
f 182 175 183
f 182 183 190
f 183 184 192
f 183 192 191
f 184 185 193
f 184 193 192
f 185 186 194
f 185 194 193
f 186 187 195
f 186 195 194
f 187 188 196
f 187 196 195
f 188 189 197
f 188 197 196
f 189 190 198
f 189 198 197
f 190 183 191
f 190 191 198
f 191 192 200
f 191 200 199
f 192 193 201
f 192 201 200
f 193 194 202
f 193 202 201
f 194 195 203
f 194 203 202
f 195 196 204
f 195 204 203
f 196 197 205
f 196 205 204
f 197 198 206
f 197 206 205
f 198 191 199
f 198 199 206
f 199 200 208
f 199 208 207
f 200 201 209
f 200 209 208
f 201 202 210
f 201 210 209
f 202 203 211
f 202 211 210
f 203 204 212
f 203 212 211
f 204 205 213
f 204 213 212
f 205 206 214
f 205 214 213
f 206 199 207
f 206 207 214
f 207 208 216
f 207 216 215
f 208 209 217
f 208 217 216
f 209 210 218
f 209 218 217
f 210 211 219
f 210 219 218
f 211 212 220
f 211 220 219
f 212 213 221
f 212 221 220
f 213 214 222
f 213 222 221
f 214 207 215
f 214 215 222
f 223 224 232
f 223 232 231
f 224 225 233
f 224 233 232
f 225 226 234
f 225 234 233
f 226 227 235
f 226 235 234
f 227 228 236
f 227 236 235
f 228 229 237
f 228 237 236
f 229 230 238
f 229 238 237
f 230 223 231
f 230 231 238
f 239 224 223
f 240 231 232
f 239 225 224
f 240 232 233
f 239 226 225
f 240 233 234
f 239 227 226
f 240 234 235
f 239 228 227
f 240 235 236
f 239 229 228
f 240 236 237
f 239 230 229
f 240 237 238
f 239 223 230
f 240 238 231
f 241 242 250
f 241 250 249
f 242 243 251
f 242 251 250
f 243 244 252
f 243 252 251
f 244 245 253
f 244 253 252
f 245 246 254
f 245 254 253
f 246 247 255
f 246 255 254
f 247 248 256
f 247 256 255
f 248 241 249
f 248 249 256
f 249 250 258
f 249 258 257
f 250 251 259
f 250 259 258
f 251 252 260
f 251 260 259
f 252 253 261
f 252 261 260
f 2422 2411 2423
f 2422 2423 2434
f 2435 2412 2411
f 2436 2423 2424
f 2435 2413 2412
f 2436 2424 2425
f 2435 2414 2413
f 2436 2425 2426
f 2435 2415 2414
f 2436 2426 2427
f 2435 2416 2415
f 2436 2427 2428
f 2435 2417 2416
f 2436 2428 2429
f 2435 2418 2417
f 2436 2429 2430
f 2435 2419 2418
f 2436 2430 2431
f 2435 2420 2419
f 2436 2431 2432
f 2435 2421 2420
f 2436 2432 2433
f 2435 2422 2421
f 2436 2433 2434
f 2435 2411 2422
f 2436 2434 2423
f 2437 2438 2450
f 2437 2450 2449
f 2438 2439 2451
f 2438 2451 2450
f 2439 2440 2452
f 2439 2452 2451
f 2440 2441 2453
f 2440 2453 2452
f 2441 2442 2454
f 2441 2454 2453
f 2442 2443 2455
f 2442 2455 2454
f 2443 2444 2456
f 2443 2456 2455
f 2444 2445 2457
f 2444 2457 2456
f 2445 2446 2458
f 2445 2458 2457
f 2446 2447 2459
f 2446 2459 2458
f 2447 2448 2460
f 2447 2460 2459
f 2448 2437 2449
f 2448 2449 2460
f 2461 2438 2437
f 2462 2449 2450
f 2461 2439 2438
f 2462 2450 2451
f 2461 2440 2439
f 2462 2451 2452
f 2461 2441 2440
f 2462 2452 2453
f 2461 2442 2441
f 2462 2453 2454
f 2461 2443 2442
f 2462 2454 2455
f 2461 2444 2443
f 2462 2455 2456
f 2461 2445 2444
f 2462 2456 2457
f 2461 2446 2445
f 2462 2457 2458
f 2461 2447 2446
f 2462 2458 2459
f 2461 2448 2447
f 2462 2459 2460
f 2461 2437 2448
f 2462 2460 2449
f 2463 2464 2472
f 2463 2472 2471
f 2464 2465 2473
f 2464 2473 2472
f 2465 2466 2474
f 2465 2474 2473
f 2466 2467 2475
f 2466 2475 2474
f 2467 2468 2476
f 2467 2476 2475
f 2468 2469 2477
f 2468 2477 2476
f 2469 2470 2478
f 2469 2478 2477
f 2470 2463 2471
f 2470 2471 2478
f 2479 2464 2463
f 2480 2471 2472
f 2479 2465 2464
f 2480 2472 2473
f 2479 2466 2465
f 2480 2473 2474
f 2479 2467 2466
f 2480 2474 2475
f 2479 2468 2467
f 2480 2475 2476
f 2479 2469 2468
f 2480 2476 2477
f 2479 2470 2469
f 2480 2477 2478
f 2479 2463 2470
f 2480 2478 2471
f 2481 2482 2498
f 2481 2498 2497
f 2482 2483 2499
f 2482 2499 2498
f 2483 2484 2500
f 2483 2500 2499
f 2484 2485 2501
f 2484 2501 2500
f 2485 2486 2502
f 2485 2502 2501
f 2486 2487 2503
f 2486 2503 2502
f 2487 2488 2504
f 2487 2504 2503
f 2488 2489 2505
f 2488 2505 2504
f 2489 2490 2506
f 2489 2506 2505
f 2490 2491 2507
f 2490 2507 2506
f 2491 2492 2508
f 2491 2508 2507
g shaft
usemtl shaft
f 253 254 262
f 253 262 261
f 254 255 263
f 254 263 262
f 255 256 264
f 255 264 263
f 256 249 257
f 256 257 264
f 257 258 266
f 257 266 265
f 258 259 267
f 258 267 266
f 259 260 268
f 259 268 267
f 260 261 269
f 260 269 268
f 261 262 270
f 261 270 269
f 262 263 271
f 262 271 270
f 263 264 272
f 263 272 271
f 264 257 265
f 264 265 272
f 265 266 274
f 265 274 273
f 266 267 275
f 266 275 274
f 267 268 276
f 267 276 275
f 268 269 277
f 268 277 276
f 269 270 278
f 269 278 277
f 270 271 279
f 270 279 278
f 271 272 280
f 271 280 279
f 272 265 273
f 272 273 280
f 273 274 282
f 273 282 281
f 274 275 283
f 274 283 282
f 275 276 284
f 275 284 283
f 276 277 285
f 276 285 284
f 2492 2493 2509
f 2492 2509 2508
f 2493 2494 2510
f 2493 2510 2509
f 2494 2495 2511
f 2494 2511 2510
f 2495 2496 2512
f 2495 2512 2511
f 2496 2481 2497
f 2496 2497 2512
f 2513 2482 2481
f 2514 2497 2498
f 2513 2483 2482
f 2514 2498 2499
f 2513 2484 2483
f 2514 2499 2500
f 2513 2485 2484
f 2514 2500 2501
f 2513 2486 2485
f 2514 2501 2502
f 2513 2487 2486
f 2514 2502 2503
f 2513 2488 2487
f 2514 2503 2504
f 2513 2489 2488
f 2514 2504 2505
f 2513 2490 2489
f 2514 2505 2506
f 2513 2491 2490
f 2514 2506 2507
f 2513 2492 2491
f 2514 2507 2508
f 2513 2493 2492
f 2514 2508 2509
f 2513 2494 2493
f 2514 2509 2510
f 2513 2495 2494
f 2514 2510 2511
f 2513 2496 2495
f 2514 2511 2512
f 2513 2481 2496
f 2514 2512 2497
f 2515 2516 2532
f 2515 2532 2531
f 2516 2517 2533
f 2516 2533 2532
f 2517 2518 2534
f 2517 2534 2533
g spring
usemtl spring
f 277 278 286
f 277 286 285
f 278 279 287
f 278 287 286
f 279 280 288
f 279 288 287
f 280 273 281
f 280 281 288
f 281 282 290
f 281 290 289
f 282 283 291
f 282 291 290
f 283 284 292
f 283 292 291
f 284 285 293
f 284 293 292
f 285 286 294
f 285 294 293
f 286 287 295
f 286 295 294
f 287 288 296
f 287 296 295
f 288 281 289
f 288 289 296
f 297 298 316
f 297 316 315
f 298 299 317
f 298 317 316
f 299 300 318
f 299 318 317
f 300 301 319
f 300 319 318
f 301 302 320
f 301 320 319
f 302 303 321
f 302 321 320
f 303 304 322
f 303 322 321
f 304 305 323
f 304 323 322
f 305 306 324
f 305 324 323
f 306 307 325
f 306 325 324
f 307 308 326
f 307 326 325
f 308 309 327
f 308 327 326
f 309 310 328
f 309 328 327
f 310 311 329
f 310 329 328
f 311 312 330
f 311 330 329
f 312 313 331
f 312 331 330
f 313 314 332
f 313 332 331
f 314 297 315
f 314 315 332
f 333 298 297
f 334 315 316
f 333 299 298
f 334 316 317
f 333 300 299
f 334 317 318
f 333 301 300
f 334 318 319
f 333 302 301
f 334 319 320
f 333 303 302
f 334 320 321
f 333 304 303
f 334 321 322
f 333 305 304
f 334 322 323
f 333 306 305
f 334 323 324
f 333 307 306
f 334 324 325
f 333 308 307
f 334 325 326
f 333 309 308
f 334 326 327
f 333 310 309
f 334 327 328
f 333 311 310
f 334 328 329
f 333 312 311
f 334 329 330
f 333 313 312
f 334 330 331
f 333 314 313
f 334 331 332
f 333 297 314
f 334 332 315
f 335 336 354
f 335 354 353
f 336 337 355
f 336 355 354
f 337 338 356
f 337 356 355
f 338 339 357
f 338 357 356
f 339 340 358
f 339 358 357
f 340 341 359
f 340 359 358
f 341 342 360
f 341 360 359
f 342 343 361
f 342 361 360
f 343 344 362
f 343 362 361
f 344 345 363
f 344 363 362
f 345 346 364
f 345 364 363
f 346 347 365
f 346 365 364
f 347 348 366
f 347 366 365
f 348 349 367
f 348 367 366
f 349 350 368
f 349 368 367
f 350 351 369
f 350 369 368
f 351 352 370
f 351 370 369
f 352 335 353
f 352 353 370
f 371 336 335
f 372 353 354
f 371 337 336
f 372 354 355
f 371 338 337
f 372 355 356
f 371 339 338
f 372 356 357
f 371 340 339
f 372 357 358
f 371 341 340
f 372 358 359
f 371 342 341
f 372 359 360
f 371 343 342
f 372 360 361
f 371 344 343
f 372 361 362
f 371 345 344
f 372 362 363
f 371 346 345
f 372 363 364
f 371 347 346
f 372 364 365
f 371 348 347
f 372 365 366
f 371 349 348
f 372 366 367
f 371 350 349
f 372 367 368
f 371 351 350
f 372 368 369
f 371 352 351
f 372 369 370
f 371 335 352
f 372 370 353
f 373 374 386
f 373 386 385
f 374 375 387
f 374 387 386
f 375 376 388
f 375 388 387
f 376 377 389
f 376 389 388
f 377 378 390
f 377 390 389
f 378 379 391
f 378 391 390
f 379 380 392
f 379 392 391
f 380 381 393
f 380 393 392
f 381 382 394
f 381 394 393
f 382 383 395
f 382 395 394
f 383 384 396
f 383 396 395
f 384 373 385
f 384 385 396
f 397 374 373
f 398 385 386
f 397 375 374
f 398 386 387
f 397 376 375
f 398 387 388
f 397 377 376
f 398 388 389
f 397 378 377
f 398 389 390
f 397 379 378
f 398 390 391
f 397 380 379
f 398 391 392
f 397 381 380
f 398 392 393
f 397 382 381
f 398 393 394
f 397 383 382
f 398 394 395
f 397 384 383
f 398 395 396
f 397 373 384
f 398 396 385
f 399 400 406
f 399 406 405
f 400 401 407
f 400 407 406
f 401 402 408
f 401 408 407
f 402 403 409
f 402 409 408
f 403 404 410
f 403 410 409
f 404 399 405
f 404 405 410
f 411 400 399
f 412 405 406
f 411 401 400
f 412 406 407
f 411 402 401
f 412 407 408
f 411 403 402
f 412 408 409
f 411 404 403
f 412 409 410
f 411 399 404
f 412 410 405
f 413 414 420
f 413 420 419
f 414 415 421
f 414 421 420
f 415 416 422
f 415 422 421
f 416 417 423
f 416 423 422
f 417 418 424
f 417 424 423
f 418 413 419
f 418 419 424
f 425 414 413
f 426 419 420
f 425 415 414
f 426 420 421
f 425 416 415
f 426 421 422
f 425 417 416
f 426 422 423
f 425 418 417
f 426 423 424
f 425 413 418
f 426 424 419
f 427 428 434
f 427 434 433
f 428 429 435
f 428 435 434
f 429 430 436
f 429 436 435
f 430 431 437
f 430 437 436
f 431 432 438
f 431 438 437
f 432 427 433
f 432 433 438
f 439 428 427
f 440 433 434
f 439 429 428
f 440 434 435
f 439 430 429
f 440 435 436
f 439 431 430
f 440 436 437
f 439 432 431
f 440 437 438
f 439 427 432
f 440 438 433
f 441 442 448
f 441 448 447
f 442 443 449
f 442 449 448
f 443 444 450
f 443 450 449
f 444 445 451
f 444 451 450
f 445 446 452
f 445 452 451
f 446 441 447
f 446 447 452
f 453 442 441
f 454 447 448
f 453 443 442
f 454 448 449
f 453 444 443
f 454 449 450
f 453 445 444
f 454 450 451
f 453 446 445
f 454 451 452
f 453 441 446
f 454 452 447
f 455 456 462
f 455 462 461
f 456 457 463
f 456 463 462
f 457 458 464
f 457 464 463
f 458 459 465
f 458 465 464
f 459 460 466
f 459 466 465
f 460 455 461
f 460 461 466
f 467 456 455
f 468 461 462
f 467 457 456
f 468 462 463
f 467 458 457
f 468 463 464
f 467 459 458
f 468 464 465
f 467 460 459
f 468 465 466
f 467 455 460
f 468 466 461
f 469 470 476
f 469 476 475
f 470 471 477
f 470 477 476
f 471 472 478
f 471 478 477
f 472 473 479
f 472 479 478
f 473 474 480
f 473 480 479
f 474 469 475
f 474 475 480
f 481 470 469
f 482 475 476
f 481 471 470
f 482 476 477
f 481 472 471
f 482 477 478
f 481 473 472
f 482 478 479
f 481 474 473
f 482 479 480
f 481 469 474
f 482 480 475
f 483 484 490
f 483 490 489
f 484 485 491
f 484 491 490
f 485 486 492
f 485 492 491
f 486 487 493
f 486 493 492
f 487 488 494
f 487 494 493
f 488 483 489
f 488 489 494
f 495 484 483
f 496 489 490
f 495 485 484
f 496 490 491
f 495 486 485
f 496 491 492
f 495 487 486
f 496 492 493
f 495 488 487
f 496 493 494
f 495 483 488
f 496 494 489
f 497 498 504
f 497 504 503
f 498 499 505
f 498 505 504
f 499 500 506
f 499 506 505
f 500 501 507
f 500 507 506
f 501 502 508
f 501 508 507
f 502 497 503
f 502 503 508
f 509 498 497
f 510 503 504
f 509 499 498
f 510 504 505
f 509 500 499
f 510 505 506
f 509 501 500
f 510 506 507
f 509 502 501
f 510 507 508
f 509 497 502
f 510 508 503
f 511 512 518
f 511 518 517
f 512 513 519
f 512 519 518
f 513 514 520
f 513 520 519
f 514 515 521
f 514 521 520
f 515 516 522
f 515 522 521
f 516 511 517
f 516 517 522
f 523 512 511
f 524 517 518
f 523 513 512
f 524 518 519
f 523 514 513
f 524 519 520
f 523 515 514
f 524 520 521
f 523 516 515
f 524 521 522
f 523 511 516
f 524 522 517
f 525 526 532
f 525 532 531
f 526 527 533
f 526 533 532
f 527 528 534
f 527 534 533
f 528 529 535
f 528 535 534
f 529 530 536
f 529 536 535
f 530 525 531
f 530 531 536
f 537 526 525
f 538 531 532
f 537 527 526
f 538 532 533
f 537 528 527
f 538 533 534
f 537 529 528
f 538 534 535
f 537 530 529
f 538 535 536
f 537 525 530
f 538 536 531
f 539 540 546
f 539 546 545
f 540 541 547
f 540 547 546
f 541 542 548
f 541 548 547
f 542 543 549
f 542 549 548
f 543 544 550
f 543 550 549
f 544 539 545
f 544 545 550
f 551 540 539
f 552 545 546
f 551 541 540
f 552 546 547
f 551 542 541
f 552 547 548
f 551 543 542
f 552 548 549
f 551 544 543
f 552 549 550
f 551 539 544
f 552 550 545
f 553 554 560
f 553 560 559
f 554 555 561
f 554 561 560
f 555 556 562
f 555 562 561
f 556 557 563
f 556 563 562
f 557 558 564
f 557 564 563
f 558 553 559
f 558 559 564
f 565 554 553
f 566 559 560
f 565 555 554
f 566 560 561
f 565 556 555
f 566 561 562
f 565 557 556
f 566 562 563
f 565 558 557
f 566 563 564
f 565 553 558
f 566 564 559
f 567 568 574
f 567 574 573
f 568 569 575
f 568 575 574
f 569 570 576
f 569 576 575
f 570 571 577
f 570 577 576
f 571 572 578
f 571 578 577
f 572 567 573
f 572 573 578
f 579 568 567
f 580 573 574
f 579 569 568
f 580 574 575
f 579 570 569
f 580 575 576
f 579 571 570
f 580 576 577
f 579 572 571
f 580 577 578
f 579 567 572
f 580 578 573
f 581 582 588
f 581 588 587
f 582 583 589
f 582 589 588
f 583 584 590
f 583 590 589
f 584 585 591
f 584 591 590
f 585 586 592
f 585 592 591
f 586 581 587
f 586 587 592
f 593 582 581
f 594 587 588
f 593 583 582
f 594 588 589
f 593 584 583
f 594 589 590
f 593 585 584
f 594 590 591
f 593 586 585
f 594 591 592
f 593 581 586
f 594 592 587
f 595 596 602
f 595 602 601
f 596 597 603
f 596 603 602
f 597 598 604
f 597 604 603
f 598 599 605
f 598 605 604
f 599 600 606
f 599 606 605
f 600 595 601
f 600 601 606
f 607 596 595
f 608 601 602
f 607 597 596
f 608 602 603
f 607 598 597
f 608 603 604
f 607 599 598
f 608 604 605
f 607 600 599
f 608 605 606
f 607 595 600
f 608 606 601
f 609 610 616
f 609 616 615
f 610 611 617
f 610 617 616
f 611 612 618
f 611 618 617
f 612 613 619
f 612 619 618
f 613 614 620
f 613 620 619
f 614 609 615
f 614 615 620
f 621 610 609
f 622 615 616
f 621 611 610
f 622 616 617
f 621 612 611
f 622 617 618
f 621 613 612
f 622 618 619
f 621 614 613
f 622 619 620
f 621 609 614
f 622 620 615
f 623 624 630
f 623 630 629
f 624 625 631
f 624 631 630
f 625 626 632
f 625 632 631
f 626 627 633
f 626 633 632
f 627 628 634
f 627 634 633
f 628 623 629
f 628 629 634
f 635 624 623
f 636 629 630
f 635 625 624
f 636 630 631
f 635 626 625
f 636 631 632
f 635 627 626
f 636 632 633
f 635 628 627
f 636 633 634
f 635 623 628
f 636 634 629
f 637 638 644
f 637 644 643
f 638 639 645
f 638 645 644
f 639 640 646
f 639 646 645
f 640 641 647
f 640 647 646
f 641 642 648
f 641 648 647
f 642 637 643
f 642 643 648
f 649 638 637
f 650 643 644
f 649 639 638
f 650 644 645
f 649 640 639
f 650 645 646
f 649 641 640
f 650 646 647
f 649 642 641
f 650 647 648
f 649 637 642
f 650 648 643
f 651 652 658
f 651 658 657
f 652 653 659
f 652 659 658
f 653 654 660
f 653 660 659
f 654 655 661
f 654 661 660
f 655 656 662
f 655 662 661
f 656 651 657
f 656 657 662
f 663 652 651
f 664 657 658
f 663 653 652
f 664 658 659
f 663 654 653
f 664 659 660
f 663 655 654
f 664 660 661
f 663 656 655
f 664 661 662
f 663 651 656
f 664 662 657
f 665 666 672
f 665 672 671
f 666 667 673
f 666 673 672
f 667 668 674
f 667 674 673
f 668 669 675
f 668 675 674
f 669 670 676
f 669 676 675
f 670 665 671
f 670 671 676
f 677 666 665
f 678 671 672
f 677 667 666
f 678 672 673
f 677 668 667
f 678 673 674
f 677 669 668
f 678 674 675
f 677 670 669
f 678 675 676
f 677 665 670
f 678 676 671
f 679 680 686
f 679 686 685
f 680 681 687
f 680 687 686
f 681 682 688
f 681 688 687
f 682 683 689
f 682 689 688
f 683 684 690
f 683 690 689
f 684 679 685
f 684 685 690
f 691 680 679
f 692 685 686
f 691 681 680
f 692 686 687
f 691 682 681
f 692 687 688
f 691 683 682
f 692 688 689
f 691 684 683
f 692 689 690
f 691 679 684
f 692 690 685
f 693 694 700
f 693 700 699
f 694 695 701
f 694 701 700
f 695 696 702
f 695 702 701
f 696 697 703
f 696 703 702
f 697 698 704
f 697 704 703
f 698 693 699
f 698 699 704
f 705 694 693
f 706 699 700
f 705 695 694
f 706 700 701
f 705 696 695
f 706 701 702
f 705 697 696
f 706 702 703
f 705 698 697
f 706 703 704
f 705 693 698
f 706 704 699
f 707 708 714
f 707 714 713
f 708 709 715
f 708 715 714
f 709 710 716
f 709 716 715
f 710 711 717
f 710 717 716
f 711 712 718
f 711 718 717
f 712 707 713
f 712 713 718
f 719 708 707
f 720 713 714
f 719 709 708
f 720 714 715
f 719 710 709
f 720 715 716
f 719 711 710
f 720 716 717
f 719 712 711
f 720 717 718
f 719 707 712
f 720 718 713
f 721 722 728
f 721 728 727
f 722 723 729
f 722 729 728
f 723 724 730
f 723 730 729
f 724 725 731
f 724 731 730
f 725 726 732
f 725 732 731
f 726 721 727
f 726 727 732
f 733 722 721
f 734 727 728
f 733 723 722
f 734 728 729
f 733 724 723
f 734 729 730
f 733 725 724
f 734 730 731
f 733 726 725
f 734 731 732
f 733 721 726
f 734 732 727
f 735 736 742
f 735 742 741
f 736 737 743
f 736 743 742
f 737 738 744
f 737 744 743
f 738 739 745
f 738 745 744
f 739 740 746
f 739 746 745
f 740 735 741
f 740 741 746
f 747 736 735
f 748 741 742
f 747 737 736
f 748 742 743
f 747 738 737
f 748 743 744
f 747 739 738
f 748 744 745
f 747 740 739
f 748 745 746
f 747 735 740
f 748 746 741
f 749 750 756
f 749 756 755
f 750 751 757
f 750 757 756
f 751 752 758
f 751 758 757
f 752 753 759
f 752 759 758
f 753 754 760
f 753 760 759
f 754 749 755
f 754 755 760
f 761 750 749
f 762 755 756
f 761 751 750
f 762 756 757
f 761 752 751
f 762 757 758
f 761 753 752
f 762 758 759
f 761 754 753
f 762 759 760
f 761 749 754
f 762 760 755
f 763 764 770
f 763 770 769
f 764 765 771
f 764 771 770
f 765 766 772
f 765 772 771
f 766 767 773
f 766 773 772
f 767 768 774
f 767 774 773
f 768 763 769
f 768 769 774
f 775 764 763
f 776 769 770
f 775 765 764
f 776 770 771
f 775 766 765
f 776 771 772
f 775 767 766
f 776 772 773
f 775 768 767
f 776 773 774
f 775 763 768
f 776 774 769
f 777 778 784
f 777 784 783
f 778 779 785
f 778 785 784
f 779 780 786
f 779 786 785
f 780 781 787
f 780 787 786
f 781 782 788
f 781 788 787
f 782 777 783
f 782 783 788
f 789 778 777
f 790 783 784
f 789 779 778
f 790 784 785
f 789 780 779
f 790 785 786
f 789 781 780
f 790 786 787
f 789 782 781
f 790 787 788
f 789 777 782
f 790 788 783
f 791 792 798
f 791 798 797
f 792 793 799
f 792 799 798
f 793 794 800
f 793 800 799
f 794 795 801
f 794 801 800
f 795 796 802
f 795 802 801
f 796 791 797
f 796 797 802
f 803 792 791
f 804 797 798
f 803 793 792
f 804 798 799
f 803 794 793
f 804 799 800
f 803 795 794
f 804 800 801
f 803 796 795
f 804 801 802
f 803 791 796
f 804 802 797
f 805 806 812
f 805 812 811
f 806 807 813
f 806 813 812
f 807 808 814
f 807 814 813
f 808 809 815
f 808 815 814
f 809 810 816
f 809 816 815
f 810 805 811
f 810 811 816
f 817 806 805
f 818 811 812
f 817 807 806
f 818 812 813
f 817 808 807
f 818 813 814
f 817 809 808
f 818 814 815
f 817 810 809
f 818 815 816
f 817 805 810
f 818 816 811
f 819 820 826
f 819 826 825
f 820 821 827
f 820 827 826
f 821 822 828
f 821 828 827
f 822 823 829
f 822 829 828
f 823 824 830
f 823 830 829
f 824 819 825
f 824 825 830
f 831 820 819
f 832 825 826
f 831 821 820
f 832 826 827
f 831 822 821
f 832 827 828
f 831 823 822
f 832 828 829
f 831 824 823
f 832 829 830
f 831 819 824
f 832 830 825
f 833 834 840
f 833 840 839
f 834 835 841
f 834 841 840
f 835 836 842
f 835 842 841
f 836 837 843
f 836 843 842
f 837 838 844
f 837 844 843
f 838 833 839
f 838 839 844
f 845 834 833
f 846 839 840
f 845 835 834
f 846 840 841
f 845 836 835
f 846 841 842
f 845 837 836
f 846 842 843
f 845 838 837
f 846 843 844
f 845 833 838
f 846 844 839
f 847 848 854
f 847 854 853
f 848 849 855
f 848 855 854
f 849 850 856
f 849 856 855
f 850 851 857
f 850 857 856
f 851 852 858
f 851 858 857
f 852 847 853
f 852 853 858
f 859 848 847
f 860 853 854
f 859 849 848
f 860 854 855
f 859 850 849
f 860 855 856
f 859 851 850
f 860 856 857
f 859 852 851
f 860 857 858
f 859 847 852
f 860 858 853
f 861 862 868
f 861 868 867
f 862 863 869
f 862 869 868
f 863 864 870
f 863 870 869
f 864 865 871
f 864 871 870
f 865 866 872
f 865 872 871
f 866 861 867
f 866 867 872
f 873 862 861
f 874 867 868
f 873 863 862
f 874 868 869
f 873 864 863
f 874 869 870
f 873 865 864
f 874 870 871
f 873 866 865
f 874 871 872
f 873 861 866
f 874 872 867
f 875 876 882
f 875 882 881
f 876 877 883
f 876 883 882
f 877 878 884
f 877 884 883
f 878 879 885
f 878 885 884
f 879 880 886
f 879 886 885
f 880 875 881
f 880 881 886
f 887 876 875
f 888 881 882
f 887 877 876
f 888 882 883
f 887 878 877
f 888 883 884
f 887 879 878
f 888 884 885
f 887 880 879
f 888 885 886
f 887 875 880
f 888 886 881
f 889 890 896
f 889 896 895
f 890 891 897
f 890 897 896
f 891 892 898
f 891 898 897
f 892 893 899
f 892 899 898
f 893 894 900
f 893 900 899
f 894 889 895
f 894 895 900
f 901 890 889
f 902 895 896
f 901 891 890
f 902 896 897
f 901 892 891
f 902 897 898
f 901 893 892
f 902 898 899
f 901 894 893
f 902 899 900
f 901 889 894
f 902 900 895
f 903 904 910
f 903 910 909
f 904 905 911
f 904 911 910
f 905 906 912
f 905 912 911
f 906 907 913
f 906 913 912
f 907 908 914
f 907 914 913
f 908 903 909
f 908 909 914
f 915 904 903
f 916 909 910
f 915 905 904
f 916 910 911
f 915 906 905
f 916 911 912
f 915 907 906
f 916 912 913
f 915 908 907
f 916 913 914
f 915 903 908
f 916 914 909
f 917 918 924
f 917 924 923
f 918 919 925
f 918 925 924
f 919 920 926
f 919 926 925
f 920 921 927
f 920 927 926
f 921 922 928
f 921 928 927
f 922 917 923
f 922 923 928
f 929 918 917
f 930 923 924
f 929 919 918
f 930 924 925
f 929 920 919
f 930 925 926
f 929 921 920
f 930 926 927
f 929 922 921
f 930 927 928
f 929 917 922
f 930 928 923
f 931 932 938
f 931 938 937
f 932 933 939
f 932 939 938
f 933 934 940
f 933 940 939
f 934 935 941
f 934 941 940
f 935 936 942
f 935 942 941
f 936 931 937
f 936 937 942
f 943 932 931
f 944 937 938
f 943 933 932
f 944 938 939
f 943 934 933
f 944 939 940
f 943 935 934
f 944 940 941
f 943 936 935
f 944 941 942
f 943 931 936
f 944 942 937
f 945 946 952
f 945 952 951
f 946 947 953
f 946 953 952
f 947 948 954
f 947 954 953
f 948 949 955
f 948 955 954
f 949 950 956
f 949 956 955
f 950 945 951
f 950 951 956
f 957 946 945
f 958 951 952
f 957 947 946
f 958 952 953
f 957 948 947
f 958 953 954
f 957 949 948
f 958 954 955
f 957 950 949
f 958 955 956
f 957 945 950
f 958 956 951
f 959 960 966
f 959 966 965
f 960 961 967
f 960 967 966
f 961 962 968
f 961 968 967
f 962 963 969
f 962 969 968
f 963 964 970
f 963 970 969
f 964 959 965
f 964 965 970
f 971 960 959
f 972 965 966
f 971 961 960
f 972 966 967
f 971 962 961
f 972 967 968
f 971 963 962
f 972 968 969
f 971 964 963
f 972 969 970
f 971 959 964
f 972 970 965
f 973 974 980
f 973 980 979
f 974 975 981
f 974 981 980
f 975 976 982
f 975 982 981
f 976 977 983
f 976 983 982
f 977 978 984
f 977 984 983
f 978 973 979
f 978 979 984
f 985 974 973
f 986 979 980
f 985 975 974
f 986 980 981
f 985 976 975
f 986 981 982
f 985 977 976
f 986 982 983
f 985 978 977
f 986 983 984
f 985 973 978
f 986 984 979
f 987 988 994
f 987 994 993
f 988 989 995
f 988 995 994
f 989 990 996
f 989 996 995
f 990 991 997
f 990 997 996
f 991 992 998
f 991 998 997
f 992 987 993
f 992 993 998
f 999 988 987
f 1000 993 994
f 999 989 988
f 1000 994 995
f 999 990 989
f 1000 995 996
f 999 991 990
f 1000 996 997
f 999 992 991
f 1000 997 998
f 999 987 992
f 1000 998 993
f 1001 1002 1008
f 1001 1008 1007
f 1002 1003 1009
f 1002 1009 1008
f 1003 1004 1010
f 1003 1010 1009
f 1004 1005 1011
f 1004 1011 1010
f 1005 1006 1012
f 1005 1012 1011
f 1006 1001 1007
f 1006 1007 1012
f 1013 1002 1001
f 1014 1007 1008
f 1013 1003 1002
f 1014 1008 1009
f 1013 1004 1003
f 1014 1009 1010
f 1013 1005 1004
f 1014 1010 1011
f 1013 1006 1005
f 1014 1011 1012
f 1013 1001 1006
f 1014 1012 1007
f 1015 1016 1022
f 1015 1022 1021
f 1016 1017 1023
f 1016 1023 1022
f 1017 1018 1024
f 1017 1024 1023
f 1018 1019 1025
f 1018 1025 1024
f 1019 1020 1026
f 1019 1026 1025
f 1020 1015 1021
f 1020 1021 1026
f 1027 1016 1015
f 1028 1021 1022
f 1027 1017 1016
f 1028 1022 1023
f 1027 1018 1017
f 1028 1023 1024
f 1027 1019 1018
f 1028 1024 1025
f 1027 1020 1019
f 1028 1025 1026
f 1027 1015 1020
f 1028 1026 1021
f 1029 1030 1036
f 1029 1036 1035
f 1030 1031 1037
f 1030 1037 1036
f 1031 1032 1038
f 1031 1038 1037
f 1032 1033 1039
f 1032 1039 1038
f 1033 1034 1040
f 1033 1040 1039
f 1034 1029 1035
f 1034 1035 1040
f 1041 1030 1029
f 1042 1035 1036
f 1041 1031 1030
f 1042 1036 1037
f 1041 1032 1031
f 1042 1037 1038
f 1041 1033 1032
f 1042 1038 1039
f 1041 1034 1033
f 1042 1039 1040
f 1041 1029 1034
f 1042 1040 1035
f 1043 1044 1050
f 1043 1050 1049
f 1044 1045 1051
f 1044 1051 1050
f 1045 1046 1052
f 1045 1052 1051
f 1046 1047 1053
f 1046 1053 1052
f 1047 1048 1054
f 1047 1054 1053
f 1048 1043 1049
f 1048 1049 1054
f 1055 1044 1043
f 1056 1049 1050
f 1055 1045 1044
f 1056 1050 1051
f 1055 1046 1045
f 1056 1051 1052
f 1055 1047 1046
f 1056 1052 1053
f 1055 1048 1047
f 1056 1053 1054
f 1055 1043 1048
f 1056 1054 1049
f 1057 1058 1064
f 1057 1064 1063
f 1058 1059 1065
f 1058 1065 1064
f 1059 1060 1066
f 1059 1066 1065
f 1060 1061 1067
f 1060 1067 1066
f 1061 1062 1068
f 1061 1068 1067
f 1062 1057 1063
f 1062 1063 1068
f 1069 1058 1057
f 1070 1063 1064
f 1069 1059 1058
f 1070 1064 1065
f 1069 1060 1059
f 1070 1065 1066
f 1069 1061 1060
f 1070 1066 1067
f 1069 1062 1061
f 1070 1067 1068
f 1069 1057 1062
f 1070 1068 1063
f 1071 1072 1078
f 1071 1078 1077
f 1072 1073 1079
f 1072 1079 1078
f 1073 1074 1080
f 1073 1080 1079
f 1074 1075 1081
f 1074 1081 1080
f 1075 1076 1082
f 1075 1082 1081
f 1076 1071 1077
f 1076 1077 1082
f 1083 1072 1071
f 1084 1077 1078
f 1083 1073 1072
f 1084 1078 1079
f 1083 1074 1073
f 1084 1079 1080
f 1083 1075 1074
f 1084 1080 1081
f 1083 1076 1075
f 1084 1081 1082
f 1083 1071 1076
f 1084 1082 1077
f 1085 1086 1092
f 1085 1092 1091
f 1086 1087 1093
f 1086 1093 1092
f 1087 1088 1094
f 1087 1094 1093
f 1088 1089 1095
f 1088 1095 1094
f 1089 1090 1096
f 1089 1096 1095
f 1090 1085 1091
f 1090 1091 1096
f 1097 1086 1085
f 1098 1091 1092
f 1097 1087 1086
f 1098 1092 1093
f 1097 1088 1087
f 1098 1093 1094
f 1097 1089 1088
f 1098 1094 1095
f 1097 1090 1089
f 1098 1095 1096
f 1097 1085 1090
f 1098 1096 1091
f 1099 1100 1106
f 1099 1106 1105
f 1100 1101 1107
f 1100 1107 1106
f 1101 1102 1108
f 1101 1108 1107
f 1102 1103 1109
f 1102 1109 1108
f 1103 1104 1110
f 1103 1110 1109
f 1104 1099 1105
f 1104 1105 1110
f 1111 1100 1099
f 1112 1105 1106
f 1111 1101 1100
f 1112 1106 1107
f 1111 1102 1101
f 1112 1107 1108
f 1111 1103 1102
f 1112 1108 1109
f 1111 1104 1103
f 1112 1109 1110
f 1111 1099 1104
f 1112 1110 1105
f 2518 2519 2535
f 2518 2535 2534
f 2519 2520 2536
f 2519 2536 2535
f 2520 2521 2537
f 2520 2537 2536
f 2521 2522 2538
f 2521 2538 2537
f 2522 2523 2539
f 2522 2539 2538
f 2523 2524 2540
f 2523 2540 2539
f 2524 2525 2541
f 2524 2541 2540
f 2525 2526 2542
f 2525 2542 2541
f 2526 2527 2543
f 2526 2543 2542
f 2527 2528 2544
f 2527 2544 2543
f 2528 2529 2545
f 2528 2545 2544
f 2529 2530 2546
f 2529 2546 2545
f 2530 2515 2531
f 2530 2531 2546
f 2547 2516 2515
f 2548 2531 2532
f 2547 2517 2516
f 2548 2532 2533
f 2547 2518 2517
f 2548 2533 2534
f 2547 2519 2518
f 2548 2534 2535
f 2547 2520 2519
f 2548 2535 2536
f 2547 2521 2520
f 2548 2536 2537
f 2547 2522 2521
f 2548 2537 2538
f 2547 2523 2522
f 2548 2538 2539
f 2547 2524 2523
f 2548 2539 2540
f 2547 2525 2524
f 2548 2540 2541
f 2547 2526 2525
f 2548 2541 2542
f 2547 2527 2526
f 2548 2542 2543
f 2547 2528 2527
f 2548 2543 2544
f 2547 2529 2528
f 2548 2544 2545
f 2547 2530 2529
f 2548 2545 2546
f 2547 2515 2530
f 2548 2546 2531
f 2549 2550 2562
f 2549 2562 2561
f 2550 2551 2563
f 2550 2563 2562
f 2551 2552 2564
f 2551 2564 2563
f 2552 2553 2565
f 2552 2565 2564
f 2553 2554 2566
f 2553 2566 2565
f 2554 2555 2567
f 2554 2567 2566
f 2555 2556 2568
f 2555 2568 2567
f 2556 2557 2569
f 2556 2569 2568
f 2557 2558 2570
f 2557 2570 2569
f 2558 2559 2571
f 2558 2571 2570
f 2559 2560 2572
f 2559 2572 2571
f 2560 2549 2561
f 2560 2561 2572
f 2573 2550 2549
f 2574 2561 2562
f 2573 2551 2550
f 2574 2562 2563
f 2573 2552 2551
f 2574 2563 2564
f 2573 2553 2552
f 2574 2564 2565
f 2573 2554 2553
f 2574 2565 2566
f 2573 2555 2554
f 2574 2566 2567
f 2573 2556 2555
f 2574 2567 2568
f 2573 2557 2556
f 2574 2568 2569
f 2573 2558 2557
f 2574 2569 2570
f 2573 2559 2558
f 2574 2570 2571
f 2573 2560 2559
f 2574 2571 2572
f 2573 2549 2560
f 2574 2572 2561
f 2575 2576 2588
f 2575 2588 2587
f 2576 2577 2589
f 2576 2589 2588
f 2577 2578 2590
f 2577 2590 2589
f 2578 2579 2591
f 2578 2591 2590
f 2579 2580 2592
f 2579 2592 2591
f 2580 2581 2593
f 2580 2593 2592
f 2581 2582 2594
f 2581 2594 2593
f 2582 2583 2595
f 2582 2595 2594
f 2583 2584 2596
f 2583 2596 2595
f 2584 2585 2597
f 2584 2597 2596
f 2585 2586 2598
f 2585 2598 2597
f 2586 2575 2587
f 2586 2587 2598
f 2599 2576 2575
f 2600 2587 2588
f 2599 2577 2576
f 2600 2588 2589
f 2599 2578 2577
f 2600 2589 2590
f 2599 2579 2578
f 2600 2590 2591
f 2599 2580 2579
f 2600 2591 2592
f 2599 2581 2580
f 2600 2592 2593
f 2599 2582 2581
f 2600 2593 2594
f 2599 2583 2582
f 2600 2594 2595
f 2599 2584 2583
f 2600 2595 2596
f 2599 2585 2584
f 2600 2596 2597
f 2599 2586 2585
f 2600 2597 2598
f 2599 2575 2586
f 2600 2598 2587
f 2601 2602 2610
f 2601 2610 2609
f 2602 2603 2611
f 2602 2611 2610
f 2603 2604 2612
f 2603 2612 2611
f 2604 2605 2613
f 2604 2613 2612
f 2605 2606 2614
f 2605 2614 2613
f 2606 2607 2615
f 2606 2615 2614
f 2607 2608 2616
f 2607 2616 2615
f 2608 2601 2609
f 2608 2609 2616
f 2617 2602 2601
f 2618 2609 2610
f 2617 2603 2602
f 2618 2610 2611
f 2617 2604 2603
f 2618 2611 2612
f 2617 2605 2604
f 2618 2612 2613
f 2617 2606 2605
f 2618 2613 2614
f 2617 2607 2606
f 2618 2614 2615
f 2617 2608 2607
f 2618 2615 2616
f 2617 2601 2608
f 2618 2616 2609
f 2619 2620 2636
f 2619 2636 2635
f 2620 2621 2637
f 2620 2637 2636
f 2621 2622 2638
f 2621 2638 2637
f 2622 2623 2639
f 2622 2639 2638
f 2623 2624 2640
f 2623 2640 2639
f 2624 2625 2641
f 2624 2641 2640
f 2625 2626 2642
f 2625 2642 2641
f 2626 2627 2643
f 2626 2643 2642
f 2627 2628 2644
f 2627 2644 2643
f 2628 2629 2645
f 2628 2645 2644
f 2629 2630 2646
f 2629 2646 2645
f 2630 2631 2647
f 2630 2647 2646
f 2631 2632 2648
f 2631 2648 2647
f 2632 2633 2649
f 2632 2649 2648
f 2633 2634 2650
f 2633 2650 2649
f 2634 2619 2635
f 2634 2635 2650
f 2651 2620 2619
f 2652 2635 2636
f 2651 2621 2620
f 2652 2636 2637
f 2651 2622 2621
f 2652 2637 2638
f 2651 2623 2622
f 2652 2638 2639
f 2651 2624 2623
f 2652 2639 2640
f 2651 2625 2624
f 2652 2640 2641
f 2651 2626 2625
f 2652 2641 2642
f 2651 2627 2626
f 2652 2642 2643
f 2651 2628 2627
f 2652 2643 2644
f 2651 2629 2628
f 2652 2644 2645
f 2651 2630 2629
f 2652 2645 2646
f 2651 2631 2630
f 2652 2646 2647
f 2651 2632 2631
f 2652 2647 2648
f 2651 2633 2632
f 2652 2648 2649
f 2651 2634 2633
f 2652 2649 2650
f 2651 2619 2634
f 2652 2650 2635
f 2653 2654 2670
f 2653 2670 2669
f 2654 2655 2671
f 2654 2671 2670
f 2655 2656 2672
f 2655 2672 2671
f 2656 2657 2673
f 2656 2673 2672
f 2657 2658 2674
f 2657 2674 2673
f 2658 2659 2675
f 2658 2675 2674
f 2659 2660 2676
f 2659 2676 2675
f 2660 2661 2677
f 2660 2677 2676
f 2661 2662 2678
f 2661 2678 2677
f 2662 2663 2679
f 2662 2679 2678
f 2663 2664 2680
f 2663 2680 2679
f 2664 2665 2681
f 2664 2681 2680
f 2665 2666 2682
f 2665 2682 2681
f 2666 2667 2683
f 2666 2683 2682
f 2667 2668 2684
f 2667 2684 2683
f 2668 2653 2669
f 2668 2669 2684
f 2685 2654 2653
f 2686 2669 2670
f 2685 2655 2654
f 2686 2670 2671
f 2685 2656 2655
f 2686 2671 2672
f 2685 2657 2656
f 2686 2672 2673
f 2685 2658 2657
f 2686 2673 2674
f 2685 2659 2658
f 2686 2674 2675
f 2685 2660 2659
f 2686 2675 2676
f 2685 2661 2660
f 2686 2676 2677
f 2685 2662 2661
f 2686 2677 2678
f 2685 2663 2662
f 2686 2678 2679
f 2685 2664 2663
f 2686 2679 2680
f 2685 2665 2664
f 2686 2680 2681
f 2685 2666 2665
f 2686 2681 2682
f 2685 2667 2666
f 2686 2682 2683
f 2685 2668 2667
f 2686 2683 2684
f 2685 2653 2668
f 2686 2684 2669
f 2687 2688 2700
f 2687 2700 2699
f 2688 2689 2701
f 2688 2701 2700
f 2689 2690 2702
f 2689 2702 2701
f 2690 2691 2703
f 2690 2703 2702
f 2691 2692 2704
f 2691 2704 2703
f 2692 2693 2705
f 2692 2705 2704
f 2693 2694 2706
f 2693 2706 2705
f 2694 2695 2707
f 2694 2707 2706
f 2695 2696 2708
f 2695 2708 2707
f 2696 2697 2709
f 2696 2709 2708
f 2697 2698 2710
f 2697 2710 2709
f 2698 2687 2699
f 2698 2699 2710
f 2711 2688 2687
f 2712 2699 2700
f 2711 2689 2688
f 2712 2700 2701
f 2711 2690 2689
f 2712 2701 2702
f 2711 2691 2690
f 2712 2702 2703
f 2711 2692 2691
f 2712 2703 2704
f 2711 2693 2692
f 2712 2704 2705
f 2711 2694 2693
f 2712 2705 2706
f 2711 2695 2694
f 2712 2706 2707
f 2711 2696 2695
f 2712 2707 2708
f 2711 2697 2696
f 2712 2708 2709
f 2711 2698 2697
f 2712 2709 2710
f 2711 2687 2698
f 2712 2710 2699
f 2713 2714 2726
f 2713 2726 2725
f 2714 2715 2727
f 2714 2727 2726
f 2715 2716 2728
f 2715 2728 2727
f 2716 2717 2729
f 2716 2729 2728
f 2717 2718 2730
f 2717 2730 2729
f 2718 2719 2731
f 2718 2731 2730
f 2719 2720 2732
f 2719 2732 2731
f 2720 2721 2733
f 2720 2733 2732
f 2721 2722 2734
f 2721 2734 2733
f 2722 2723 2735
f 2722 2735 2734
f 2723 2724 2736
f 2723 2736 2735
f 2724 2713 2725
f 2724 2725 2736
f 2737 2714 2713
f 2738 2725 2726
f 2737 2715 2714
f 2738 2726 2727
f 2737 2716 2715
f 2738 2727 2728
f 2737 2717 2716
f 2738 2728 2729
f 2737 2718 2717
f 2738 2729 2730
f 2737 2719 2718
f 2738 2730 2731
f 2737 2720 2719
f 2738 2731 2732
f 2737 2721 2720
f 2738 2732 2733
f 2737 2722 2721
f 2738 2733 2734
f 2737 2723 2722
f 2738 2734 2735
f 2737 2724 2723
f 2738 2735 2736
f 2737 2713 2724
f 2738 2736 2725
f 2739 2740 2748
f 2739 2748 2747
f 2740 2741 2749
f 2740 2749 2748
f 2741 2742 2750
f 2741 2750 2749
f 2742 2743 2751
f 2742 2751 2750
f 2743 2744 2752
f 2743 2752 2751
f 2744 2745 2753
f 2744 2753 2752
f 2745 2746 2754
f 2745 2754 2753
f 2746 2739 2747
f 2746 2747 2754
f 2755 2740 2739
f 2756 2747 2748
f 2755 2741 2740
f 2756 2748 2749
f 2755 2742 2741
f 2756 2749 2750
f 2755 2743 2742
f 2756 2750 2751
f 2755 2744 2743
f 2756 2751 2752
f 2755 2745 2744
f 2756 2752 2753
f 2755 2746 2745
f 2756 2753 2754
f 2755 2739 2746
f 2756 2754 2747
f 2757 2758 2774
f 2757 2774 2773
f 2758 2759 2775
f 2758 2775 2774
f 2759 2760 2776
f 2759 2776 2775
f 2760 2761 2777
f 2760 2777 2776
f 2761 2762 2778
f 2761 2778 2777
f 2762 2763 2779
f 2762 2779 2778
f 2763 2764 2780
f 2763 2780 2779
f 2764 2765 2781
f 2764 2781 2780
f 2765 2766 2782
f 2765 2782 2781
f 2766 2767 2783
f 2766 2783 2782
f 2767 2768 2784
f 2767 2784 2783
f 2768 2769 2785
f 2768 2785 2784
f 2769 2770 2786
f 2769 2786 2785
f 2770 2771 2787
f 2770 2787 2786
f 2771 2772 2788
f 2771 2788 2787
f 2772 2757 2773
f 2772 2773 2788
f 2789 2758 2757
f 2790 2773 2774
f 2789 2759 2758
f 2790 2774 2775
f 2789 2760 2759
f 2790 2775 2776
f 2789 2761 2760
f 2790 2776 2777
f 2789 2762 2761
f 2790 2777 2778
f 2789 2763 2762
f 2790 2778 2779
f 2789 2764 2763
f 2790 2779 2780
f 2789 2765 2764
f 2790 2780 2781
f 2789 2766 2765
f 2790 2781 2782
f 2789 2767 2766
f 2790 2782 2783
f 2789 2768 2767
f 2790 2783 2784
f 2789 2769 2768
f 2790 2784 2785
f 2789 2770 2769
f 2790 2785 2786
f 2789 2771 2770
f 2790 2786 2787
f 2789 2772 2771
f 2790 2787 2788
f 2789 2757 2772
f 2790 2788 2773
f 2791 2792 2808
f 2791 2808 2807
f 2792 2793 2809
f 2792 2809 2808
f 2793 2794 2810
f 2793 2810 2809
f 2794 2795 2811
f 2794 2811 2810
f 2795 2796 2812
f 2795 2812 2811
f 2796 2797 2813
f 2796 2813 2812
f 2797 2798 2814
f 2797 2814 2813
f 2798 2799 2815
f 2798 2815 2814
f 2799 2800 2816
f 2799 2816 2815
f 2800 2801 2817
f 2800 2817 2816
f 2801 2802 2818
f 2801 2818 2817
f 2802 2803 2819
f 2802 2819 2818
f 2803 2804 2820
f 2803 2820 2819
f 2804 2805 2821
f 2804 2821 2820
f 2805 2806 2822
f 2805 2822 2821
f 2806 2791 2807
f 2806 2807 2822
f 2823 2792 2791
f 2824 2807 2808
f 2823 2793 2792
f 2824 2808 2809
f 2823 2794 2793
f 2824 2809 2810
f 2823 2795 2794
f 2824 2810 2811
f 2823 2796 2795
f 2824 2811 2812
f 2823 2797 2796
f 2824 2812 2813
f 2823 2798 2797
f 2824 2813 2814
f 2823 2799 2798
f 2824 2814 2815
f 2823 2800 2799
f 2824 2815 2816
f 2823 2801 2800
f 2824 2816 2817
f 2823 2802 2801
f 2824 2817 2818
f 2823 2803 2802
f 2824 2818 2819
f 2823 2804 2803
f 2824 2819 2820
f 2823 2805 2804
f 2824 2820 2821
f 2823 2806 2805
f 2824 2821 2822
f 2823 2791 2806
f 2824 2822 2807
f 2825 2826 2838
f 2825 2838 2837
f 2826 2827 2839
f 2826 2839 2838
f 2827 2828 2840
f 2827 2840 2839
f 2828 2829 2841
f 2828 2841 2840
f 2829 2830 2842
f 2829 2842 2841
f 2830 2831 2843
f 2830 2843 2842
f 2831 2832 2844
f 2831 2844 2843
f 2832 2833 2845
f 2832 2845 2844
f 2833 2834 2846
f 2833 2846 2845
f 2834 2835 2847
f 2834 2847 2846
f 2835 2836 2848
f 2835 2848 2847
f 2836 2825 2837
f 2836 2837 2848
f 2849 2826 2825
f 2850 2837 2838
f 2849 2827 2826
f 2850 2838 2839
f 2849 2828 2827
f 2850 2839 2840
f 2849 2829 2828
f 2850 2840 2841
f 2849 2830 2829
f 2850 2841 2842
f 2849 2831 2830
f 2850 2842 2843
f 2849 2832 2831
f 2850 2843 2844
f 2849 2833 2832
f 2850 2844 2845
f 2849 2834 2833
f 2850 2845 2846
f 2849 2835 2834
f 2850 2846 2847
f 2849 2836 2835
f 2850 2847 2848
f 2849 2825 2836
f 2850 2848 2837
f 2851 2852 2864
f 2851 2864 2863
f 2852 2853 2865
f 2852 2865 2864
f 2853 2854 2866
f 2853 2866 2865
f 2854 2855 2867
f 2854 2867 2866
f 2855 2856 2868
f 2855 2868 2867
f 2856 2857 2869
f 2856 2869 2868
f 2857 2858 2870
f 2857 2870 2869
f 2858 2859 2871
f 2858 2871 2870
f 2859 2860 2872
f 2859 2872 2871
f 2860 2861 2873
f 2860 2873 2872
f 2861 2862 2874
f 2861 2874 2873
f 2862 2851 2863
f 2862 2863 2874
f 2875 2852 2851
f 2876 2863 2864
f 2875 2853 2852
f 2876 2864 2865
f 2875 2854 2853
f 2876 2865 2866
f 2875 2855 2854
f 2876 2866 2867
f 2875 2856 2855
f 2876 2867 2868
f 2875 2857 2856
f 2876 2868 2869
f 2875 2858 2857
f 2876 2869 2870
f 2875 2859 2858
f 2876 2870 2871
f 2875 2860 2859
f 2876 2871 2872
f 2875 2861 2860
f 2876 2872 2873
f 2875 2862 2861
f 2876 2873 2874
f 2875 2851 2862
f 2876 2874 2863
f 2877 2878 2886
f 2877 2886 2885
f 2878 2879 2887
f 2878 2887 2886
f 2879 2880 2888
f 2879 2888 2887
f 2880 2881 2889
f 2880 2889 2888
f 2881 2882 2890
f 2881 2890 2889
f 2882 2883 2891
f 2882 2891 2890
f 2883 2884 2892
f 2883 2892 2891
f 2884 2877 2885
f 2884 2885 2892
f 2893 2878 2877
f 2894 2885 2886
f 2893 2879 2878
f 2894 2886 2887
f 2893 2880 2879
f 2894 2887 2888
f 2893 2881 2880
f 2894 2888 2889
f 2893 2882 2881
f 2894 2889 2890
f 2893 2883 2882
f 2894 2890 2891
f 2893 2884 2883
f 2894 2891 2892
f 2893 2877 2884
f 2894 2892 2885
f 2895 2896 2912
f 2895 2912 2911
f 2896 2897 2913
f 2896 2913 2912
f 2897 2898 2914
f 2897 2914 2913
f 2898 2899 2915
f 2898 2915 2914
f 2899 2900 2916
f 2899 2916 2915
f 2900 2901 2917
f 2900 2917 2916
f 2901 2902 2918
f 2901 2918 2917
f 2902 2903 2919
f 2902 2919 2918
f 2903 2904 2920
f 2903 2920 2919
f 2904 2905 2921
f 2904 2921 2920
f 2905 2906 2922
f 2905 2922 2921
f 2906 2907 2923
f 2906 2923 2922
f 2907 2908 2924
f 2907 2924 2923
f 2908 2909 2925
f 2908 2925 2924
f 2909 2910 2926
f 2909 2926 2925
f 2910 2895 2911
f 2910 2911 2926
f 2927 2896 2895
f 2928 2911 2912
f 2927 2897 2896
f 2928 2912 2913
f 2927 2898 2897
f 2928 2913 2914
f 2927 2899 2898
f 2928 2914 2915
f 2927 2900 2899
f 2928 2915 2916
f 2927 2901 2900
f 2928 2916 2917
f 2927 2902 2901
f 2928 2917 2918
f 2927 2903 2902
f 2928 2918 2919
f 2927 2904 2903
f 2928 2919 2920
f 2927 2905 2904
f 2928 2920 2921
f 2927 2906 2905
f 2928 2921 2922
f 2927 2907 2906
f 2928 2922 2923
f 2927 2908 2907
f 2928 2923 2924
f 2927 2909 2908
f 2928 2924 2925
f 2927 2910 2909
f 2928 2925 2926
f 2927 2895 2910
f 2928 2926 2911
f 2929 2930 2946
f 2929 2946 2945
f 2930 2931 2947
f 2930 2947 2946
f 2931 2932 2948
f 2931 2948 2947
f 2932 2933 2949
f 2932 2949 2948
f 2933 2934 2950
f 2933 2950 2949
f 2934 2935 2951
f 2934 2951 2950
f 2935 2936 2952
f 2935 2952 2951
f 2936 2937 2953
f 2936 2953 2952
f 2937 2938 2954
f 2937 2954 2953
f 2938 2939 2955
f 2938 2955 2954
f 2939 2940 2956
f 2939 2956 2955
f 2940 2941 2957
f 2940 2957 2956
f 2941 2942 2958
f 2941 2958 2957
f 2942 2943 2959
f 2942 2959 2958
f 2943 2944 2960
f 2943 2960 2959
f 2944 2929 2945
f 2944 2945 2960
f 2961 2930 2929
f 2962 2945 2946
f 2961 2931 2930
f 2962 2946 2947
f 2961 2932 2931
f 2962 2947 2948
f 2961 2933 2932
f 2962 2948 2949
f 2961 2934 2933
f 2962 2949 2950
f 2961 2935 2934
f 2962 2950 2951
f 2961 2936 2935
f 2962 2951 2952
f 2961 2937 2936
f 2962 2952 2953
f 2961 2938 2937
f 2962 2953 2954
f 2961 2939 2938
f 2962 2954 2955
f 2961 2940 2939
f 2962 2955 2956
f 2961 2941 2940
f 2962 2956 2957
f 2961 2942 2941
f 2962 2957 2958
f 2961 2943 2942
f 2962 2958 2959
f 2961 2944 2943
f 2962 2959 2960
f 2961 2929 2944
f 2962 2960 2945
f 2963 2964 2976
f 2963 2976 2975
f 2964 2965 2977
f 2964 2977 2976
f 2965 2966 2978
f 2965 2978 2977
f 2966 2967 2979
f 2966 2979 2978
f 2967 2968 2980
f 2967 2980 2979
f 2968 2969 2981
f 2968 2981 2980
f 2969 2970 2982
f 2969 2982 2981
f 2970 2971 2983
f 2970 2983 2982
f 2971 2972 2984
f 2971 2984 2983
f 2972 2973 2985
f 2972 2985 2984
f 2973 2974 2986
f 2973 2986 2985
f 2974 2963 2975
f 2974 2975 2986
f 2987 2964 2963
f 2988 2975 2976
f 2987 2965 2964
f 2988 2976 2977
f 2987 2966 2965
f 2988 2977 2978
f 2987 2967 2966
f 2988 2978 2979
f 2987 2968 2967
f 2988 2979 2980
f 2987 2969 2968
f 2988 2980 2981
f 2987 2970 2969
f 2988 2981 2982
f 2987 2971 2970
f 2988 2982 2983
f 2987 2972 2971
f 2988 2983 2984
f 2987 2973 2972
f 2988 2984 2985
f 2987 2974 2973
f 2988 2985 2986
f 2987 2963 2974
f 2988 2986 2975
f 2989 2990 3002
f 2989 3002 3001
f 2990 2991 3003
f 2990 3003 3002
f 2991 2992 3004
f 2991 3004 3003
f 2992 2993 3005
f 2992 3005 3004
f 2993 2994 3006
f 2993 3006 3005
f 2994 2995 3007
f 2994 3007 3006
f 2995 2996 3008
f 2995 3008 3007
f 2996 2997 3009
f 2996 3009 3008
f 2997 2998 3010
f 2997 3010 3009
f 2998 2999 3011
f 2998 3011 3010
f 2999 3000 3012
f 2999 3012 3011
f 3000 2989 3001
f 3000 3001 3012
f 3013 2990 2989
f 3014 3001 3002
f 3013 2991 2990
f 3014 3002 3003
f 3013 2992 2991
f 3014 3003 3004
f 3013 2993 2992
f 3014 3004 3005
f 3013 2994 2993
f 3014 3005 3006
f 3013 2995 2994
f 3014 3006 3007
f 3013 2996 2995
f 3014 3007 3008
f 3013 2997 2996
f 3014 3008 3009
f 3013 2998 2997
f 3014 3009 3010
f 3013 2999 2998
f 3014 3010 3011
f 3013 3000 2999
f 3014 3011 3012
f 3013 2989 3000
f 3014 3012 3001
f 3015 3016 3024
f 3015 3024 3023
f 3016 3017 3025
f 3016 3025 3024
f 3017 3018 3026
f 3017 3026 3025
f 3018 3019 3027
f 3018 3027 3026
f 3019 3020 3028
f 3019 3028 3027
f 3020 3021 3029
f 3020 3029 3028
f 3021 3022 3030
f 3021 3030 3029
f 3022 3015 3023
f 3022 3023 3030
f 3031 3016 3015
f 3032 3023 3024
f 3031 3017 3016
f 3032 3024 3025
f 3031 3018 3017
f 3032 3025 3026
f 3031 3019 3018
f 3032 3026 3027
f 3031 3020 3019
f 3032 3027 3028
f 3031 3021 3020
f 3032 3028 3029
f 3031 3022 3021
f 3032 3029 3030
f 3031 3015 3022
f 3032 3030 3023
f 3033 3034 3050
f 3033 3050 3049
f 3034 3035 3051
f 3034 3051 3050
f 3035 3036 3052
f 3035 3052 3051
f 3036 3037 3053
f 3036 3053 3052
f 3037 3038 3054
f 3037 3054 3053
f 3038 3039 3055
f 3038 3055 3054
f 3039 3040 3056
f 3039 3056 3055
f 3040 3041 3057
f 3040 3057 3056
f 3041 3042 3058
f 3041 3058 3057
f 3042 3043 3059
f 3042 3059 3058
f 3043 3044 3060
f 3043 3060 3059
f 3044 3045 3061
f 3044 3061 3060
f 3045 3046 3062
f 3045 3062 3061
f 3046 3047 3063
f 3046 3063 3062
f 3047 3048 3064
f 3047 3064 3063
f 3048 3033 3049
f 3048 3049 3064
f 3065 3034 3033
f 3066 3049 3050
f 3065 3035 3034
f 3066 3050 3051
f 3065 3036 3035
f 3066 3051 3052
f 3065 3037 3036
f 3066 3052 3053
f 3065 3038 3037
f 3066 3053 3054
f 3065 3039 3038
f 3066 3054 3055
f 3065 3040 3039
f 3066 3055 3056
f 3065 3041 3040
f 3066 3056 3057
f 3065 3042 3041
f 3066 3057 3058
f 3065 3043 3042
f 3066 3058 3059
f 3065 3044 3043
f 3066 3059 3060
f 3065 3045 3044
f 3066 3060 3061
f 3065 3046 3045
f 3066 3061 3062
f 3065 3047 3046
f 3066 3062 3063
f 3065 3048 3047
f 3066 3063 3064
f 3065 3033 3048
f 3066 3064 3049
f 3067 3068 3084
f 3067 3084 3083
f 3068 3069 3085
f 3068 3085 3084
f 3069 3070 3086
f 3069 3086 3085
f 3070 3071 3087
f 3070 3087 3086
f 3071 3072 3088
f 3071 3088 3087
f 3072 3073 3089
f 3072 3089 3088
f 3073 3074 3090
f 3073 3090 3089
f 3074 3075 3091
f 3074 3091 3090
f 3075 3076 3092
f 3075 3092 3091
f 3076 3077 3093
f 3076 3093 3092
f 3077 3078 3094
f 3077 3094 3093
f 3078 3079 3095
f 3078 3095 3094
f 3079 3080 3096
f 3079 3096 3095
f 3080 3081 3097
f 3080 3097 3096
f 3081 3082 3098
f 3081 3098 3097
f 3082 3067 3083
f 3082 3083 3098
f 3099 3068 3067
f 3100 3083 3084
f 3099 3069 3068
f 3100 3084 3085
f 3099 3070 3069
f 3100 3085 3086
f 3099 3071 3070
f 3100 3086 3087
f 3099 3072 3071
f 3100 3087 3088
f 3099 3073 3072
f 3100 3088 3089
f 3099 3074 3073
f 3100 3089 3090
f 3099 3075 3074
f 3100 3090 3091
f 3099 3076 3075
f 3100 3091 3092
f 3099 3077 3076
f 3100 3092 3093
f 3099 3078 3077
f 3100 3093 3094
f 3099 3079 3078
f 3100 3094 3095
f 3099 3080 3079
f 3100 3095 3096
f 3099 3081 3080
f 3100 3096 3097
f 3099 3082 3081
f 3100 3097 3098
f 3099 3067 3082
f 3100 3098 3083
f 3101 3102 3114
f 3101 3114 3113
f 3102 3103 3115
f 3102 3115 3114
f 3103 3104 3116
f 3103 3116 3115
f 3104 3105 3117
f 3104 3117 3116
f 3105 3106 3118
f 3105 3118 3117
f 3106 3107 3119
f 3106 3119 3118
f 3107 3108 3120
f 3107 3120 3119
f 3108 3109 3121
f 3108 3121 3120
f 3109 3110 3122
f 3109 3122 3121
f 3110 3111 3123
f 3110 3123 3122
f 3111 3112 3124
f 3111 3124 3123
f 3112 3101 3113
f 3112 3113 3124
f 3125 3102 3101
f 3126 3113 3114
f 3125 3103 3102
f 3126 3114 3115
f 3125 3104 3103
f 3126 3115 3116
f 3125 3105 3104
f 3126 3116 3117
f 3125 3106 3105
f 3126 3117 3118
f 3125 3107 3106
f 3126 3118 3119
f 3125 3108 3107
f 3126 3119 3120
f 3125 3109 3108
f 3126 3120 3121
f 3125 3110 3109
f 3126 3121 3122
f 3125 3111 3110
f 3126 3122 3123
f 3125 3112 3111
f 3126 3123 3124
f 3125 3101 3112
f 3126 3124 3113
f 3127 3128 3140
f 3127 3140 3139
f 3128 3129 3141
f 3128 3141 3140
f 3129 3130 3142
f 3129 3142 3141
f 3130 3131 3143
f 3130 3143 3142
f 3131 3132 3144
f 3131 3144 3143
f 3132 3133 3145
f 3132 3145 3144
f 3133 3134 3146
f 3133 3146 3145
f 3134 3135 3147
f 3134 3147 3146
f 3135 3136 3148
f 3135 3148 3147
f 3136 3137 3149
f 3136 3149 3148
f 3137 3138 3150
f 3137 3150 3149
f 3138 3127 3139
f 3138 3139 3150
f 3151 3128 3127
f 3152 3139 3140
f 3151 3129 3128
f 3152 3140 3141
f 3151 3130 3129
f 3152 3141 3142
f 3151 3131 3130
f 3152 3142 3143
f 3151 3132 3131
f 3152 3143 3144
f 3151 3133 3132
f 3152 3144 3145
f 3151 3134 3133
f 3152 3145 3146
f 3151 3135 3134
f 3152 3146 3147
f 3151 3136 3135
f 3152 3147 3148
f 3151 3137 3136
f 3152 3148 3149
f 3151 3138 3137
f 3152 3149 3150
f 3151 3127 3138
f 3152 3150 3139
f 3153 3154 3162
f 3153 3162 3161
f 3154 3155 3163
f 3154 3163 3162
f 3155 3156 3164
f 3155 3164 3163
f 3156 3157 3165
f 3156 3165 3164
f 3157 3158 3166
f 3157 3166 3165
f 3158 3159 3167
f 3158 3167 3166
f 3159 3160 3168
f 3159 3168 3167
f 3160 3153 3161
f 3160 3161 3168
f 3169 3154 3153
f 3170 3161 3162
f 3169 3155 3154
f 3170 3162 3163
f 3169 3156 3155
f 3170 3163 3164
f 3169 3157 3156
f 3170 3164 3165
f 3169 3158 3157
f 3170 3165 3166
f 3169 3159 3158
f 3170 3166 3167
f 3169 3160 3159
f 3170 3167 3168
f 3169 3153 3160
f 3170 3168 3161
f 3171 3172 3188
f 3171 3188 3187
f 3172 3173 3189
f 3172 3189 3188
f 3173 3174 3190
f 3173 3190 3189
f 3174 3175 3191
f 3174 3191 3190
f 3175 3176 3192
f 3175 3192 3191
f 3176 3177 3193
f 3176 3193 3192
f 3177 3178 3194
f 3177 3194 3193
f 3178 3179 3195
f 3178 3195 3194
f 3179 3180 3196
f 3179 3196 3195
f 3180 3181 3197
f 3180 3197 3196
f 3181 3182 3198
f 3181 3198 3197
f 3182 3183 3199
f 3182 3199 3198
f 3183 3184 3200
f 3183 3200 3199
f 3184 3185 3201
f 3184 3201 3200
f 3185 3186 3202
f 3185 3202 3201
f 3186 3171 3187
f 3186 3187 3202
f 3203 3172 3171
f 3204 3187 3188
f 3203 3173 3172
f 3204 3188 3189
f 3203 3174 3173
f 3204 3189 3190
f 3203 3175 3174
f 3204 3190 3191
f 3203 3176 3175
f 3204 3191 3192
f 3203 3177 3176
f 3204 3192 3193
f 3203 3178 3177
f 3204 3193 3194
f 3203 3179 3178
f 3204 3194 3195
f 3203 3180 3179
f 3204 3195 3196
f 3203 3181 3180
f 3204 3196 3197
f 3203 3182 3181
f 3204 3197 3198
f 3203 3183 3182
f 3204 3198 3199
f 3203 3184 3183
f 3204 3199 3200
f 3203 3185 3184
f 3204 3200 3201
f 3203 3186 3185
f 3204 3201 3202
f 3203 3171 3186
f 3204 3202 3187
f 3205 3206 3222
f 3205 3222 3221
f 3206 3207 3223
f 3206 3223 3222
f 3207 3208 3224
f 3207 3224 3223
f 3208 3209 3225
f 3208 3225 3224
f 3209 3210 3226
f 3209 3226 3225
f 3210 3211 3227
f 3210 3227 3226
f 3211 3212 3228
f 3211 3228 3227
f 3212 3213 3229
f 3212 3229 3228
f 3213 3214 3230
f 3213 3230 3229
f 3214 3215 3231
f 3214 3231 3230
f 3215 3216 3232
f 3215 3232 3231
f 3216 3217 3233
f 3216 3233 3232
f 3217 3218 3234
f 3217 3234 3233
f 3218 3219 3235
f 3218 3235 3234
f 3219 3220 3236
f 3219 3236 3235
f 3220 3205 3221
f 3220 3221 3236
f 3237 3206 3205
f 3238 3221 3222
f 3237 3207 3206
f 3238 3222 3223
f 3237 3208 3207
f 3238 3223 3224
f 3237 3209 3208
f 3238 3224 3225
f 3237 3210 3209
f 3238 3225 3226
f 3237 3211 3210
f 3238 3226 3227
f 3237 3212 3211
f 3238 3227 3228
f 3237 3213 3212
f 3238 3228 3229
f 3237 3214 3213
f 3238 3229 3230
f 3237 3215 3214
f 3238 3230 3231
f 3237 3216 3215
f 3238 3231 3232
f 3237 3217 3216
f 3238 3232 3233
f 3237 3218 3217
f 3238 3233 3234
f 3237 3219 3218
f 3238 3234 3235
f 3237 3220 3219
f 3238 3235 3236
f 3237 3205 3220
f 3238 3236 3221
f 3239 3240 3252
f 3239 3252 3251
f 3240 3241 3253
f 3240 3253 3252
f 3241 3242 3254
f 3241 3254 3253
f 3242 3243 3255
f 3242 3255 3254
f 3243 3244 3256
f 3243 3256 3255
f 3244 3245 3257
f 3244 3257 3256
f 3245 3246 3258
f 3245 3258 3257
f 3246 3247 3259
f 3246 3259 3258
f 3247 3248 3260
f 3247 3260 3259
f 3248 3249 3261
f 3248 3261 3260
f 3249 3250 3262
f 3249 3262 3261
f 3250 3239 3251
f 3250 3251 3262
f 3263 3240 3239
f 3264 3251 3252
f 3263 3241 3240
f 3264 3252 3253
f 3263 3242 3241
f 3264 3253 3254
f 3263 3243 3242
f 3264 3254 3255
f 3263 3244 3243
f 3264 3255 3256
f 3263 3245 3244
f 3264 3256 3257
f 3263 3246 3245
f 3264 3257 3258
f 3263 3247 3246
f 3264 3258 3259
f 3263 3248 3247
f 3264 3259 3260
f 3263 3249 3248
f 3264 3260 3261
f 3263 3250 3249
f 3264 3261 3262
f 3263 3239 3250
f 3264 3262 3251
f 3265 3266 3278
f 3265 3278 3277
f 3266 3267 3279
f 3266 3279 3278
f 3267 3268 3280
f 3267 3280 3279
f 3268 3269 3281
f 3268 3281 3280
f 3269 3270 3282
f 3269 3282 3281
f 3270 3271 3283
f 3270 3283 3282
f 3271 3272 3284
f 3271 3284 3283
f 3272 3273 3285
f 3272 3285 3284
f 3273 3274 3286
f 3273 3286 3285
f 3274 3275 3287
f 3274 3287 3286
f 3275 3276 3288
f 3275 3288 3287
f 3276 3265 3277
f 3276 3277 3288
f 3289 3266 3265
f 3290 3277 3278
f 3289 3267 3266
f 3290 3278 3279
f 3289 3268 3267
f 3290 3279 3280
f 3289 3269 3268
f 3290 3280 3281
f 3289 3270 3269
f 3290 3281 3282
f 3289 3271 3270
f 3290 3282 3283
f 3289 3272 3271
f 3290 3283 3284
f 3289 3273 3272
f 3290 3284 3285
f 3289 3274 3273
f 3290 3285 3286
f 3289 3275 3274
f 3290 3286 3287
f 3289 3276 3275
f 3290 3287 3288
f 3289 3265 3276
f 3290 3288 3277
f 3291 3292 3300
f 3291 3300 3299
f 3292 3293 3301
f 3292 3301 3300
f 3293 3294 3302
f 3293 3302 3301
g links_equatorial
usemtl links_equatorial
f 1113 1114 1120
f 1113 1120 1119
f 1114 1115 1121
f 1114 1121 1120
f 1115 1116 1122
f 1115 1122 1121
f 1116 1117 1123
f 1116 1123 1122
f 1117 1118 1124
f 1117 1124 1123
f 1118 1113 1119
f 1118 1119 1124
f 1125 1114 1113
f 1126 1119 1120
f 1125 1115 1114
f 1126 1120 1121
f 1125 1116 1115
f 1126 1121 1122
f 1125 1117 1116
f 1126 1122 1123
f 1125 1118 1117
f 1126 1123 1124
f 1125 1113 1118
f 1126 1124 1119
f 1127 1128 1134
f 1127 1134 1133
f 1128 1129 1135
f 1128 1135 1134
f 1129 1130 1136
f 1129 1136 1135
f 1130 1131 1137
f 1130 1137 1136
f 1131 1132 1138
f 1131 1138 1137
f 1132 1127 1133
f 1132 1133 1138
f 1139 1128 1127
f 1140 1133 1134
f 1139 1129 1128
f 1140 1134 1135
f 1139 1130 1129
f 1140 1135 1136
f 1139 1131 1130
f 1140 1136 1137
f 1139 1132 1131
f 1140 1137 1138
f 1139 1127 1132
f 1140 1138 1133
f 1141 1142 1148
f 1141 1148 1147
f 1142 1143 1149
f 1142 1149 1148
f 1143 1144 1150
f 1143 1150 1149
f 1144 1145 1151
f 1144 1151 1150
f 1145 1146 1152
f 1145 1152 1151
f 1146 1141 1147
f 1146 1147 1152
f 1153 1142 1141
f 1154 1147 1148
f 1153 1143 1142
f 1154 1148 1149
f 1153 1144 1143
f 1154 1149 1150
f 1153 1145 1144
f 1154 1150 1151
f 1153 1146 1145
f 1154 1151 1152
f 1153 1141 1146
f 1154 1152 1147
f 1155 1156 1162
f 1155 1162 1161
f 1156 1157 1163
f 1156 1163 1162
f 1157 1158 1164
f 1157 1164 1163
f 1158 1159 1165
f 1158 1165 1164
f 1159 1160 1166
f 1159 1166 1165
f 1160 1155 1161
f 1160 1161 1166
f 1167 1156 1155
f 1168 1161 1162
f 1167 1157 1156
f 1168 1162 1163
f 1167 1158 1157
f 1168 1163 1164
f 1167 1159 1158
f 1168 1164 1165
f 1167 1160 1159
f 1168 1165 1166
f 1167 1155 1160
f 1168 1166 1161
f 1169 1170 1176
f 1169 1176 1175
f 1170 1171 1177
f 1170 1177 1176
f 1171 1172 1178
f 1171 1178 1177
f 1172 1173 1179
f 1172 1179 1178
f 1173 1174 1180
f 1173 1180 1179
f 1174 1169 1175
f 1174 1175 1180
f 1181 1170 1169
f 1182 1175 1176
f 1181 1171 1170
f 1182 1176 1177
f 1181 1172 1171
f 1182 1177 1178
f 1181 1173 1172
f 1182 1178 1179
f 1181 1174 1173
f 1182 1179 1180
f 1181 1169 1174
f 1182 1180 1175
f 1183 1184 1190
f 1183 1190 1189
f 1184 1185 1191
f 1184 1191 1190
f 1185 1186 1192
f 1185 1192 1191
f 1186 1187 1193
f 1186 1193 1192
f 1271 1244 1243
f 1272 1259 1260
f 1271 1245 1244
f 1272 1260 1261
f 1271 1246 1245
f 1272 1261 1262
f 1271 1247 1246
f 1272 1262 1263
f 1271 1248 1247
f 1272 1263 1264
f 1271 1249 1248
f 1272 1264 1265
f 1271 1250 1249
f 1272 1265 1266
f 1271 1251 1250
f 1272 1266 1267
f 1271 1252 1251
f 1272 1267 1268
f 1271 1253 1252
f 1272 1268 1269
f 1271 1254 1253
f 1272 1269 1270
f 1271 1239 1254
f 1272 1270 1255
f 1273 1274 1290
f 1273 1290 1289
f 1274 1275 1291
f 1274 1291 1290
f 1275 1276 1292
f 1275 1292 1291
f 1276 1277 1293
f 1276 1293 1292
f 1277 1278 1294
f 1277 1294 1293
f 1278 1279 1295
f 1278 1295 1294
f 1279 1280 1296
f 1279 1296 1295
f 1280 1281 1297
f 1280 1297 1296
f 1281 1282 1298
f 1281 1298 1297
f 1282 1283 1299
f 1282 1299 1298
f 1283 1284 1300
f 1283 1300 1299
f 1284 1285 1301
f 1284 1301 1300
f 1285 1286 1302
f 1285 1302 1301
f 1286 1287 1303
f 1286 1303 1302
f 1287 1288 1304
f 1287 1304 1303
f 1288 1273 1289
f 1288 1289 1304
f 1305 1274 1273
f 1306 1289 1290
f 1305 1275 1274
f 1306 1290 1291
f 1305 1276 1275
f 1306 1291 1292
f 1305 1277 1276
f 1306 1292 1293
f 1305 1278 1277
f 1306 1293 1294
f 1305 1279 1278
f 1306 1294 1295
f 1305 1280 1279
f 1306 1295 1296
f 1305 1281 1280
f 1306 1296 1297
f 1305 1282 1281
f 1306 1297 1298
f 1305 1283 1282
f 1306 1298 1299
f 1305 1284 1283
f 1306 1299 1300
f 1305 1285 1284
f 1306 1300 1301
f 1305 1286 1285
f 1306 1301 1302
f 1305 1287 1286
f 1306 1302 1303
f 1305 1288 1287
f 1306 1303 1304
f 1305 1273 1288
f 1306 1304 1289
f 1307 1308 1320
f 1307 1320 1319
f 1308 1309 1321
f 1308 1321 1320
f 1309 1310 1322
f 1309 1322 1321
f 1310 1311 1323
f 1310 1323 1322
f 1311 1312 1324
f 1311 1324 1323
f 1312 1313 1325
f 1312 1325 1324
f 1313 1314 1326
f 1313 1326 1325
f 1314 1315 1327
f 1314 1327 1326
f 1315 1316 1328
f 1315 1328 1327
f 1316 1317 1329
f 1316 1329 1328
f 1317 1318 1330
f 1317 1330 1329
f 1318 1307 1319
f 1318 1319 1330
f 1331 1308 1307
f 1332 1319 1320
f 1331 1309 1308
f 1332 1320 1321
f 1331 1310 1309
f 1332 1321 1322
f 1331 1311 1310
f 1332 1322 1323
f 1331 1312 1311
f 1332 1323 1324
f 1331 1313 1312
f 1332 1324 1325
f 1331 1314 1313
f 1332 1325 1326
f 1331 1315 1314
f 1332 1326 1327
f 1409 1382 1381
f 1410 1397 1398
f 1409 1383 1382
f 1410 1398 1399
f 1409 1384 1383
f 1410 1399 1400
f 1409 1385 1384
f 1410 1400 1401
f 1409 1386 1385
f 1410 1401 1402
f 1409 1387 1386
f 1410 1402 1403
f 1409 1388 1387
f 1410 1403 1404
f 1409 1389 1388
f 1410 1404 1405
f 1409 1390 1389
f 1410 1405 1406
f 1409 1391 1390
f 1410 1406 1407
f 1409 1392 1391
f 1410 1407 1408
f 1409 1377 1392
f 1410 1408 1393
f 1411 1412 1428
f 1411 1428 1427
f 1412 1413 1429
f 1412 1429 1428
f 1413 1414 1430
f 1413 1430 1429
f 1414 1415 1431
f 1414 1431 1430
f 1415 1416 1432
f 1415 1432 1431
f 1416 1417 1433
f 1416 1433 1432
f 1417 1418 1434
f 1417 1434 1433
f 1418 1419 1435
f 1418 1435 1434
f 1419 1420 1436
f 1419 1436 1435
f 1420 1421 1437
f 1420 1437 1436
f 1421 1422 1438
f 1421 1438 1437
f 1422 1423 1439
f 1422 1439 1438
f 1423 1424 1440
f 1423 1440 1439
f 1424 1425 1441
f 1424 1441 1440
f 1425 1426 1442
f 1425 1442 1441
f 1426 1411 1427
f 1426 1427 1442
f 1443 1412 1411
f 1444 1427 1428
f 1443 1413 1412
f 1444 1428 1429
f 1443 1414 1413
f 1444 1429 1430
f 1443 1415 1414
f 1444 1430 1431
f 1443 1416 1415
f 1444 1431 1432
f 1443 1417 1416
f 1444 1432 1433
f 1443 1418 1417
f 1444 1433 1434
f 1443 1419 1418
f 1444 1434 1435
f 1443 1420 1419
f 1444 1435 1436
f 1443 1421 1420
f 1444 1436 1437
f 1443 1422 1421
f 1444 1437 1438
f 1443 1423 1422
f 1444 1438 1439
f 1443 1424 1423
f 1444 1439 1440
f 1443 1425 1424
f 1444 1440 1441
f 1443 1426 1425
f 1444 1441 1442
f 1443 1411 1426
f 1444 1442 1427
f 1445 1446 1458
f 1445 1458 1457
f 1446 1447 1459
f 1446 1459 1458
f 1447 1448 1460
f 1447 1460 1459
f 1448 1449 1461
f 1448 1461 1460
f 1449 1450 1462
f 1449 1462 1461
f 1450 1451 1463
f 1450 1463 1462
f 1451 1452 1464
f 1451 1464 1463
f 1452 1453 1465
f 1452 1465 1464
f 1453 1454 1466
f 1453 1466 1465
f 1454 1455 1467
f 1454 1467 1466
f 1455 1456 1468
f 1455 1468 1467
f 1456 1445 1457
f 1456 1457 1468
f 1469 1446 1445
f 1470 1457 1458
f 1469 1447 1446
f 1470 1458 1459
f 1469 1448 1447
f 1470 1459 1460
f 1469 1449 1448
f 1470 1460 1461
f 1469 1450 1449
f 1470 1461 1462
f 1469 1451 1450
f 1470 1462 1463
f 1469 1452 1451
f 1470 1463 1464
f 1469 1453 1452
f 1470 1464 1465
f 1547 1520 1519
f 1548 1535 1536
f 1547 1521 1520
f 1548 1536 1537
f 1547 1522 1521
f 1548 1537 1538
f 1547 1523 1522
f 1548 1538 1539
f 1547 1524 1523
f 1548 1539 1540
f 1547 1525 1524
f 1548 1540 1541
f 1547 1526 1525
f 1548 1541 1542
f 1547 1527 1526
f 1548 1542 1543
f 1547 1528 1527
f 1548 1543 1544
f 1547 1529 1528
f 1548 1544 1545
f 1547 1530 1529
f 1548 1545 1546
f 1547 1515 1530
f 1548 1546 1531
f 1549 1550 1566
f 1549 1566 1565
f 1550 1551 1567
f 1550 1567 1566
f 1551 1552 1568
f 1551 1568 1567
f 1552 1553 1569
f 1552 1569 1568
f 1553 1554 1570
f 1553 1570 1569
f 1554 1555 1571
f 1554 1571 1570
f 1555 1556 1572
f 1555 1572 1571
f 1556 1557 1573
f 1556 1573 1572
f 1557 1558 1574
f 1557 1574 1573
f 1558 1559 1575
f 1558 1575 1574
f 1559 1560 1576
f 1559 1576 1575
f 1560 1561 1577
f 1560 1577 1576
f 1561 1562 1578
f 1561 1578 1577
f 1562 1563 1579
f 1562 1579 1578
f 1563 1564 1580
f 1563 1580 1579
f 1564 1549 1565
f 1564 1565 1580
f 1581 1550 1549
f 1582 1565 1566
f 1581 1551 1550
f 1582 1566 1567
f 1581 1552 1551
f 1582 1567 1568
f 1581 1553 1552
f 1582 1568 1569
f 1581 1554 1553
f 1582 1569 1570
f 1581 1555 1554
f 1582 1570 1571
f 1581 1556 1555
f 1582 1571 1572
f 1581 1557 1556
f 1582 1572 1573
f 1581 1558 1557
f 1582 1573 1574
f 1581 1559 1558
f 1582 1574 1575
f 1581 1560 1559
f 1582 1575 1576
f 1581 1561 1560
f 1582 1576 1577
f 1581 1562 1561
f 1582 1577 1578
f 1581 1563 1562
f 1582 1578 1579
f 1581 1564 1563
f 1582 1579 1580
f 1581 1549 1564
f 1582 1580 1565
f 1583 1584 1596
f 1583 1596 1595
f 1584 1585 1597
f 1584 1597 1596
f 1585 1586 1598
f 1585 1598 1597
f 1586 1587 1599
f 1586 1599 1598
f 1587 1588 1600
f 1587 1600 1599
f 1588 1589 1601
f 1588 1601 1600
f 1589 1590 1602
f 1589 1602 1601
f 1590 1591 1603
f 1590 1603 1602
f 1591 1592 1604
f 1591 1604 1603
f 1592 1593 1605
f 1592 1605 1604
f 1593 1594 1606
f 1593 1606 1605
f 1594 1583 1595
f 1594 1595 1606
f 1607 1584 1583
f 1608 1595 1596
f 1607 1585 1584
f 1608 1596 1597
f 1607 1586 1585
f 1608 1597 1598
f 1607 1587 1586
f 1608 1598 1599
f 1607 1588 1587
f 1608 1599 1600
f 1607 1589 1588
f 1608 1600 1601
f 1607 1590 1589
f 1608 1601 1602
f 1607 1591 1590
f 1608 1602 1603
f 1685 1658 1657
f 1686 1673 1674
f 1685 1659 1658
f 1686 1674 1675
f 1685 1660 1659
f 1686 1675 1676
f 1685 1661 1660
f 1686 1676 1677
f 1685 1662 1661
f 1686 1677 1678
f 1685 1663 1662
f 1686 1678 1679
f 1685 1664 1663
f 1686 1679 1680
f 1685 1665 1664
f 1686 1680 1681
f 1685 1666 1665
f 1686 1681 1682
f 1685 1667 1666
f 1686 1682 1683
f 1685 1668 1667
f 1686 1683 1684
f 1685 1653 1668
f 1686 1684 1669
f 1687 1688 1704
f 1687 1704 1703
f 1688 1689 1705
f 1688 1705 1704
f 1689 1690 1706
f 1689 1706 1705
f 1690 1691 1707
f 1690 1707 1706
f 1691 1692 1708
f 1691 1708 1707
f 1692 1693 1709
f 1692 1709 1708
f 1693 1694 1710
f 1693 1710 1709
f 1694 1695 1711
f 1694 1711 1710
f 1695 1696 1712
f 1695 1712 1711
f 1696 1697 1713
f 1696 1713 1712
f 1697 1698 1714
f 1697 1714 1713
f 1698 1699 1715
f 1698 1715 1714
f 1699 1700 1716
f 1699 1716 1715
f 1700 1701 1717
f 1700 1717 1716
f 1701 1702 1718
f 1701 1718 1717
f 1702 1687 1703
f 1702 1703 1718
f 1719 1688 1687
f 1720 1703 1704
f 1719 1689 1688
f 1720 1704 1705
f 1719 1690 1689
f 1720 1705 1706
f 1719 1691 1690
f 1720 1706 1707
f 1719 1692 1691
f 1720 1707 1708
f 1719 1693 1692
f 1720 1708 1709
f 1719 1694 1693
f 1720 1709 1710
f 1719 1695 1694
f 1720 1710 1711
f 1719 1696 1695
f 1720 1711 1712
f 1719 1697 1696
f 1720 1712 1713
f 1719 1698 1697
f 1720 1713 1714
f 1719 1699 1698
f 1720 1714 1715
f 1719 1700 1699
f 1720 1715 1716
f 1719 1701 1700
f 1720 1716 1717
f 1719 1702 1701
f 1720 1717 1718
f 1719 1687 1702
f 1720 1718 1703
f 1721 1722 1734
f 1721 1734 1733
f 1722 1723 1735
f 1722 1735 1734
f 1723 1724 1736
f 1723 1736 1735
f 1724 1725 1737
f 1724 1737 1736
f 1725 1726 1738
f 1725 1738 1737
f 1726 1727 1739
f 1726 1739 1738
f 1727 1728 1740
f 1727 1740 1739
f 1728 1729 1741
f 1728 1741 1740
f 1729 1730 1742
f 1729 1742 1741
f 1730 1731 1743
f 1730 1743 1742
f 1731 1732 1744
f 1731 1744 1743
f 1732 1721 1733
f 1732 1733 1744
f 1745 1722 1721
f 1746 1733 1734
f 1745 1723 1722
f 1746 1734 1735
f 1745 1724 1723
f 1746 1735 1736
f 1745 1725 1724
f 1746 1736 1737
f 1745 1726 1725
f 1746 1737 1738
f 1745 1727 1726
f 1746 1738 1739
f 1745 1728 1727
f 1746 1739 1740
f 1745 1729 1728
f 1746 1740 1741
f 1823 1796 1795
f 1824 1811 1812
f 1823 1797 1796
f 1824 1812 1813
f 1823 1798 1797
f 1824 1813 1814
f 1823 1799 1798
f 1824 1814 1815
f 1823 1800 1799
f 1824 1815 1816
f 1823 1801 1800
f 1824 1816 1817
f 1823 1802 1801
f 1824 1817 1818
f 1823 1803 1802
f 1824 1818 1819
f 1823 1804 1803
f 1824 1819 1820
f 1823 1805 1804
f 1824 1820 1821
f 1823 1806 1805
f 1824 1821 1822
f 1823 1791 1806
f 1824 1822 1807
f 1825 1826 1842
f 1825 1842 1841
f 1826 1827 1843
f 1826 1843 1842
f 1827 1828 1844
f 1827 1844 1843
f 1828 1829 1845
f 1828 1845 1844
f 1829 1830 1846
f 1829 1846 1845
f 1830 1831 1847
f 1830 1847 1846
f 1831 1832 1848
f 1831 1848 1847
f 1832 1833 1849
f 1832 1849 1848
f 1833 1834 1850
f 1833 1850 1849
f 1834 1835 1851
f 1834 1851 1850
f 1835 1836 1852
f 1835 1852 1851
f 1836 1837 1853
f 1836 1853 1852
f 1837 1838 1854
f 1837 1854 1853
f 1838 1839 1855
f 1838 1855 1854
f 1839 1840 1856
f 1839 1856 1855
f 1840 1825 1841
f 1840 1841 1856
f 1857 1826 1825
f 1858 1841 1842
f 1857 1827 1826
f 1858 1842 1843
f 1857 1828 1827
f 1858 1843 1844
f 1857 1829 1828
f 1858 1844 1845
f 1857 1830 1829
f 1858 1845 1846
f 1857 1831 1830
f 1858 1846 1847
f 1857 1832 1831
f 1858 1847 1848
f 1857 1833 1832
f 1858 1848 1849
f 1857 1834 1833
f 1858 1849 1850
f 1857 1835 1834
f 1858 1850 1851
f 1857 1836 1835
f 1858 1851 1852
f 1857 1837 1836
f 1858 1852 1853
f 1857 1838 1837
f 1858 1853 1854
f 1857 1839 1838
f 1858 1854 1855
f 1857 1840 1839
f 1858 1855 1856
f 1857 1825 1840
f 1858 1856 1841
f 1859 1860 1872
f 1859 1872 1871
f 1860 1861 1873
f 1860 1873 1872
f 1861 1862 1874
f 1861 1874 1873
f 1862 1863 1875
f 1862 1875 1874
f 1863 1864 1876
f 1863 1876 1875
f 1864 1865 1877
f 1864 1877 1876
f 1865 1866 1878
f 1865 1878 1877
f 1866 1867 1879
f 1866 1879 1878
f 1867 1868 1880
f 1867 1880 1879
f 1868 1869 1881
f 1868 1881 1880
f 1869 1870 1882
f 1869 1882 1881
f 1870 1859 1871
f 1870 1871 1882
f 1883 1860 1859
f 1884 1871 1872
f 1883 1861 1860
f 1884 1872 1873
f 1883 1862 1861
f 1884 1873 1874
f 1883 1863 1862
f 1884 1874 1875
f 1883 1864 1863
f 1884 1875 1876
f 1883 1865 1864
f 1884 1876 1877
f 1883 1866 1865
f 1884 1877 1878
f 1883 1867 1866
f 1884 1878 1879
f 1961 1934 1933
f 1962 1949 1950
f 1961 1935 1934
f 1962 1950 1951
f 1961 1936 1935
f 1962 1951 1952
f 1961 1937 1936
f 1962 1952 1953
f 1961 1938 1937
f 1962 1953 1954
f 1961 1939 1938
f 1962 1954 1955
f 1961 1940 1939
f 1962 1955 1956
f 1961 1941 1940
f 1962 1956 1957
f 1961 1942 1941
f 1962 1957 1958
f 1961 1943 1942
f 1962 1958 1959
f 1961 1944 1943
f 1962 1959 1960
f 1961 1929 1944
f 1962 1960 1945
f 1963 1964 1980
f 1963 1980 1979
f 1964 1965 1981
f 1964 1981 1980
f 1965 1966 1982
f 1965 1982 1981
f 1966 1967 1983
f 1966 1983 1982
f 1967 1968 1984
f 1967 1984 1983
f 1968 1969 1985
f 1968 1985 1984
f 1969 1970 1986
f 1969 1986 1985
f 1970 1971 1987
f 1970 1987 1986
f 1971 1972 1988
f 1971 1988 1987
f 1972 1973 1989
f 1972 1989 1988
f 1973 1974 1990
f 1973 1990 1989
f 1974 1975 1991
f 1974 1991 1990
f 1975 1976 1992
f 1975 1992 1991
f 1976 1977 1993
f 1976 1993 1992
f 1977 1978 1994
f 1977 1994 1993
f 1978 1963 1979
f 1978 1979 1994
f 1995 1964 1963
f 1996 1979 1980
f 1995 1965 1964
f 1996 1980 1981
f 1995 1966 1965
f 1996 1981 1982
f 1995 1967 1966
f 1996 1982 1983
f 1995 1968 1967
f 1996 1983 1984
f 1995 1969 1968
f 1996 1984 1985
f 1995 1970 1969
f 1996 1985 1986
f 1995 1971 1970
f 1996 1986 1987
f 1995 1972 1971
f 1996 1987 1988
f 1995 1973 1972
f 1996 1988 1989
f 1995 1974 1973
f 1996 1989 1990
f 1995 1975 1974
f 1996 1990 1991
f 1995 1976 1975
f 1996 1991 1992
f 1995 1977 1976
f 1996 1992 1993
f 1995 1978 1977
f 1996 1993 1994
f 1995 1963 1978
f 1996 1994 1979
f 1997 1998 2010
f 1997 2010 2009
f 1998 1999 2011
f 1998 2011 2010
f 1999 2000 2012
f 1999 2012 2011
f 2000 2001 2013
f 2000 2013 2012
f 2001 2002 2014
f 2001 2014 2013
f 2002 2003 2015
f 2002 2015 2014
f 2003 2004 2016
f 2003 2016 2015
f 2004 2005 2017
f 2004 2017 2016
f 2005 2006 2018
f 2005 2018 2017
f 2006 2007 2019
f 2006 2019 2018
f 2007 2008 2020
f 2007 2020 2019
f 2008 1997 2009
f 2008 2009 2020
f 2021 1998 1997
f 2022 2009 2010
f 2021 1999 1998
f 2022 2010 2011
f 2021 2000 1999
f 2022 2011 2012
f 2021 2001 2000
f 2022 2012 2013
f 2021 2002 2001
f 2022 2013 2014
f 2021 2003 2002
f 2022 2014 2015
f 2021 2004 2003
f 2022 2015 2016
f 2021 2005 2004
f 2022 2016 2017
f 2099 2072 2071
f 2100 2087 2088
f 2099 2073 2072
f 2100 2088 2089
f 2099 2074 2073
f 2100 2089 2090
f 2099 2075 2074
f 2100 2090 2091
f 2099 2076 2075
f 2100 2091 2092
f 2099 2077 2076
f 2100 2092 2093
f 2099 2078 2077
f 2100 2093 2094
f 2099 2079 2078
f 2100 2094 2095
f 2099 2080 2079
f 2100 2095 2096
f 2099 2081 2080
f 2100 2096 2097
f 2099 2082 2081
f 2100 2097 2098
f 2099 2067 2082
f 2100 2098 2083
f 2101 2102 2118
f 2101 2118 2117
f 2102 2103 2119
f 2102 2119 2118
f 2103 2104 2120
f 2103 2120 2119
f 2104 2105 2121
f 2104 2121 2120
f 2105 2106 2122
f 2105 2122 2121
f 2106 2107 2123
f 2106 2123 2122
f 2107 2108 2124
f 2107 2124 2123
f 2108 2109 2125
f 2108 2125 2124
f 2109 2110 2126
f 2109 2126 2125
f 2110 2111 2127
f 2110 2127 2126
f 2111 2112 2128
f 2111 2128 2127
f 2112 2113 2129
f 2112 2129 2128
f 2113 2114 2130
f 2113 2130 2129
f 2114 2115 2131
f 2114 2131 2130
f 2115 2116 2132
f 2115 2132 2131
f 2116 2101 2117
f 2116 2117 2132
f 2133 2102 2101
f 2134 2117 2118
f 2133 2103 2102
f 2134 2118 2119
f 2133 2104 2103
f 2134 2119 2120
f 2133 2105 2104
f 2134 2120 2121
f 2133 2106 2105
f 2134 2121 2122
f 2133 2107 2106
f 2134 2122 2123
f 2133 2108 2107
f 2134 2123 2124
f 2133 2109 2108
f 2134 2124 2125
f 2133 2110 2109
f 2134 2125 2126
f 2133 2111 2110
f 2134 2126 2127
f 2133 2112 2111
f 2134 2127 2128
f 2133 2113 2112
f 2134 2128 2129
f 2133 2114 2113
f 2134 2129 2130
f 2133 2115 2114
f 2134 2130 2131
f 2133 2116 2115
f 2134 2131 2132
f 2133 2101 2116
f 2134 2132 2117
f 2135 2136 2148
f 2135 2148 2147
f 2136 2137 2149
f 2136 2149 2148
f 2137 2138 2150
f 2137 2150 2149
f 2138 2139 2151
f 2138 2151 2150
f 2139 2140 2152
f 2139 2152 2151
f 2140 2141 2153
f 2140 2153 2152
f 2141 2142 2154
f 2141 2154 2153
f 2142 2143 2155
f 2142 2155 2154
f 2143 2144 2156
f 2143 2156 2155
f 2144 2145 2157
f 2144 2157 2156
f 2145 2146 2158
f 2145 2158 2157
f 2146 2135 2147
f 2146 2147 2158
f 2159 2136 2135
f 2160 2147 2148
f 2159 2137 2136
f 2160 2148 2149
f 2159 2138 2137
f 2160 2149 2150
f 2159 2139 2138
f 2160 2150 2151
f 2159 2140 2139
f 2160 2151 2152
f 2159 2141 2140
f 2160 2152 2153
f 2159 2142 2141
f 2160 2153 2154
f 2159 2143 2142
f 2160 2154 2155
f 2237 2210 2209
f 2238 2225 2226
f 2237 2211 2210
f 2238 2226 2227
f 2237 2212 2211
f 2238 2227 2228
f 2237 2213 2212
f 2238 2228 2229
f 2237 2214 2213
f 2238 2229 2230
f 2237 2215 2214
f 2238 2230 2231
f 2237 2216 2215
f 2238 2231 2232
f 2237 2217 2216
f 2238 2232 2233
f 2237 2218 2217
f 2238 2233 2234
f 2237 2219 2218
f 2238 2234 2235
f 2237 2220 2219
f 2238 2235 2236
f 2237 2205 2220
f 2238 2236 2221
f 2239 2240 2256
f 2239 2256 2255
f 2240 2241 2257
f 2240 2257 2256
f 2241 2242 2258
f 2241 2258 2257
f 2242 2243 2259
f 2242 2259 2258
f 2243 2244 2260
f 2243 2260 2259
f 2244 2245 2261
f 2244 2261 2260
f 2245 2246 2262
f 2245 2262 2261
f 2246 2247 2263
f 2246 2263 2262
f 2247 2248 2264
f 2247 2264 2263
f 2248 2249 2265
f 2248 2265 2264
f 2249 2250 2266
f 2249 2266 2265
f 2250 2251 2267
f 2250 2267 2266
f 2251 2252 2268
f 2251 2268 2267
f 2252 2253 2269
f 2252 2269 2268
f 2253 2254 2270
f 2253 2270 2269
f 2254 2239 2255
f 2254 2255 2270
f 2271 2240 2239
f 2272 2255 2256
f 2271 2241 2240
f 2272 2256 2257
f 2271 2242 2241
f 2272 2257 2258
f 2271 2243 2242
f 2272 2258 2259
f 2271 2244 2243
f 2272 2259 2260
f 2271 2245 2244
f 2272 2260 2261
f 2271 2246 2245
f 2272 2261 2262
f 2271 2247 2246
f 2272 2262 2263
f 2271 2248 2247
f 2272 2263 2264
f 2271 2249 2248
f 2272 2264 2265
f 2271 2250 2249
f 2272 2265 2266
f 2271 2251 2250
f 2272 2266 2267
f 2271 2252 2251
f 2272 2267 2268
f 2271 2253 2252
f 2272 2268 2269
f 2271 2254 2253
f 2272 2269 2270
f 2271 2239 2254
f 2272 2270 2255
f 2273 2274 2286
f 2273 2286 2285
f 2274 2275 2287
f 2274 2287 2286
f 2275 2276 2288
f 2275 2288 2287
f 2276 2277 2289
f 2276 2289 2288
f 2277 2278 2290
f 2277 2290 2289
f 2278 2279 2291
f 2278 2291 2290
f 2279 2280 2292
f 2279 2292 2291
f 2280 2281 2293
f 2280 2293 2292
f 2281 2282 2294
f 2281 2294 2293
f 2282 2283 2295
f 2282 2295 2294
f 2283 2284 2296
f 2283 2296 2295
f 2284 2273 2285
f 2284 2285 2296
f 2297 2274 2273
f 2298 2285 2286
f 2297 2275 2274
f 2298 2286 2287
f 2297 2276 2275
f 2298 2287 2288
f 2297 2277 2276
f 2298 2288 2289
f 2297 2278 2277
f 2298 2289 2290
f 2297 2279 2278
f 2298 2290 2291
f 2297 2280 2279
f 2298 2291 2292
f 2297 2281 2280
f 2298 2292 2293
f 2375 2348 2347
f 2376 2363 2364
f 2375 2349 2348
f 2376 2364 2365
f 2375 2350 2349
f 2376 2365 2366
f 2375 2351 2350
f 2376 2366 2367
f 2375 2352 2351
f 2376 2367 2368
f 2375 2353 2352
f 2376 2368 2369
f 2375 2354 2353
f 2376 2369 2370
f 2375 2355 2354
f 2376 2370 2371
f 2375 2356 2355
f 2376 2371 2372
f 2375 2357 2356
f 2376 2372 2373
f 2375 2358 2357
f 2376 2373 2374
f 2375 2343 2358
f 2376 2374 2359
f 2377 2378 2394
f 2377 2394 2393
f 2378 2379 2395
f 2378 2395 2394
f 2379 2380 2396
f 2379 2396 2395
f 2380 2381 2397
f 2380 2397 2396
f 2381 2382 2398
f 2381 2398 2397
f 2382 2383 2399
f 2382 2399 2398
f 2383 2384 2400
f 2383 2400 2399
f 2384 2385 2401
f 2384 2401 2400
f 2385 2386 2402
f 2385 2402 2401
f 2386 2387 2403
f 2386 2403 2402
f 2387 2388 2404
f 2387 2404 2403
f 2388 2389 2405
f 2388 2405 2404
f 2389 2390 2406
f 2389 2406 2405
f 2390 2391 2407
f 2390 2407 2406
f 2391 2392 2408
f 2391 2408 2407
f 2392 2377 2393
f 2392 2393 2408
f 2409 2378 2377
f 2410 2393 2394
f 2409 2379 2378
f 2410 2394 2395
f 2409 2380 2379
f 2410 2395 2396
f 2409 2381 2380
f 2410 2396 2397
f 2409 2382 2381
f 2410 2397 2398
f 2409 2383 2382
f 2410 2398 2399
f 2409 2384 2383
f 2410 2399 2400
f 2409 2385 2384
f 2410 2400 2401
f 2409 2386 2385
f 2410 2401 2402
f 2409 2387 2386
f 2410 2402 2403
f 2409 2388 2387
f 2410 2403 2404
f 2409 2389 2388
f 2410 2404 2405
f 2409 2390 2389
f 2410 2405 2406
f 2409 2391 2390
f 2410 2406 2407
f 2409 2392 2391
f 2410 2407 2408
f 2409 2377 2392
f 2410 2408 2393
f 2411 2412 2424
f 2411 2424 2423
f 2412 2413 2425
f 2412 2425 2424
f 2413 2414 2426
f 2413 2426 2425
f 2414 2415 2427
f 2414 2427 2426
f 2415 2416 2428
f 2415 2428 2427
f 2416 2417 2429
f 2416 2429 2428
f 2417 2418 2430
f 2417 2430 2429
f 2418 2419 2431
f 2418 2431 2430
f 2419 2420 2432
f 2419 2432 2431
f 2420 2421 2433
f 2420 2433 2432
f 2421 2422 2434
f 2421 2434 2433
f 2422 2411 2423
f 2422 2423 2434
f 2435 2412 2411
f 2436 2423 2424
f 2435 2413 2412
f 2436 2424 2425
f 2435 2414 2413
f 2436 2425 2426
f 2435 2415 2414
f 2436 2426 2427
f 2435 2416 2415
f 2436 2427 2428
f 2435 2417 2416
f 2436 2428 2429
f 2435 2418 2417
f 2436 2429 2430
f 2435 2419 2418
f 2436 2430 2431
f 2513 2486 2485
f 2514 2501 2502
f 2513 2487 2486
f 2514 2502 2503
f 2513 2488 2487
f 2514 2503 2504
f 2513 2489 2488
f 2514 2504 2505
f 2513 2490 2489
f 2514 2505 2506
f 2513 2491 2490
f 2514 2506 2507
f 2513 2492 2491
f 2514 2507 2508
f 2513 2493 2492
f 2514 2508 2509
f 2513 2494 2493
f 2514 2509 2510
f 2513 2495 2494
f 2514 2510 2511
f 2513 2496 2495
f 2514 2511 2512
f 2513 2481 2496
f 2514 2512 2497
f 2515 2516 2532
f 2515 2532 2531
f 2516 2517 2533
f 2516 2533 2532
f 2517 2518 2534
f 2517 2534 2533
f 2518 2519 2535
f 2518 2535 2534
f 2519 2520 2536
f 2519 2536 2535
f 2520 2521 2537
f 2520 2537 2536
f 2521 2522 2538
f 2521 2538 2537
f 2522 2523 2539
f 2522 2539 2538
f 2523 2524 2540
f 2523 2540 2539
f 2524 2525 2541
f 2524 2541 2540
f 2525 2526 2542
f 2525 2542 2541
f 2526 2527 2543
f 2526 2543 2542
f 2527 2528 2544
f 2527 2544 2543
f 2528 2529 2545
f 2528 2545 2544
f 2529 2530 2546
f 2529 2546 2545
f 2530 2515 2531
f 2530 2531 2546
f 2547 2516 2515
f 2548 2531 2532
f 2547 2517 2516
f 2548 2532 2533
f 2547 2518 2517
f 2548 2533 2534
f 2547 2519 2518
f 2548 2534 2535
f 2547 2520 2519
f 2548 2535 2536
f 2547 2521 2520
f 2548 2536 2537
f 2547 2522 2521
f 2548 2537 2538
f 2547 2523 2522
f 2548 2538 2539
f 2547 2524 2523
f 2548 2539 2540
f 2547 2525 2524
f 2548 2540 2541
f 2547 2526 2525
f 2548 2541 2542
f 2547 2527 2526
f 2548 2542 2543
f 2547 2528 2527
f 2548 2543 2544
f 2547 2529 2528
f 2548 2544 2545
f 2547 2530 2529
f 2548 2545 2546
f 2547 2515 2530
f 2548 2546 2531
f 2549 2550 2562
f 2549 2562 2561
f 2550 2551 2563
f 2550 2563 2562
f 2551 2552 2564
f 2551 2564 2563
f 2552 2553 2565
f 2552 2565 2564
f 2553 2554 2566
f 2553 2566 2565
f 2554 2555 2567
f 2554 2567 2566
f 2555 2556 2568
f 2555 2568 2567
f 2556 2557 2569
f 2556 2569 2568
f 2557 2558 2570
f 2557 2570 2569
f 2558 2559 2571
f 2558 2571 2570
f 2559 2560 2572
f 2559 2572 2571
f 2560 2549 2561
f 2560 2561 2572
f 2573 2550 2549
f 2574 2561 2562
f 2573 2551 2550
f 2574 2562 2563
f 2573 2552 2551
f 2574 2563 2564
f 2573 2553 2552
f 2574 2564 2565
f 2573 2554 2553
f 2574 2565 2566
f 2573 2555 2554
f 2574 2566 2567
f 2573 2556 2555
f 2574 2567 2568
f 2573 2557 2556
f 2574 2568 2569
f 2651 2624 2623
f 2652 2639 2640
f 2651 2625 2624
f 2652 2640 2641
f 2651 2626 2625
f 2652 2641 2642
f 2651 2627 2626
f 2652 2642 2643
f 2651 2628 2627
f 2652 2643 2644
f 2651 2629 2628
f 2652 2644 2645
f 2651 2630 2629
f 2652 2645 2646
f 2651 2631 2630
f 2652 2646 2647
f 2651 2632 2631
f 2652 2647 2648
f 2651 2633 2632
f 2652 2648 2649
f 2651 2634 2633
f 2652 2649 2650
f 2651 2619 2634
f 2652 2650 2635
f 2653 2654 2670
f 2653 2670 2669
f 2654 2655 2671
f 2654 2671 2670
f 2655 2656 2672
f 2655 2672 2671
f 2656 2657 2673
f 2656 2673 2672
f 2657 2658 2674
f 2657 2674 2673
f 2658 2659 2675
f 2658 2675 2674
f 2659 2660 2676
f 2659 2676 2675
f 2660 2661 2677
f 2660 2677 2676
f 2661 2662 2678
f 2661 2678 2677
f 2662 2663 2679
f 2662 2679 2678
f 2663 2664 2680
f 2663 2680 2679
f 2664 2665 2681
f 2664 2681 2680
f 2665 2666 2682
f 2665 2682 2681
f 2666 2667 2683
f 2666 2683 2682
f 2667 2668 2684
f 2667 2684 2683
f 2668 2653 2669
f 2668 2669 2684
f 2685 2654 2653
f 2686 2669 2670
f 2685 2655 2654
f 2686 2670 2671
f 2685 2656 2655
f 2686 2671 2672
f 2685 2657 2656
f 2686 2672 2673
f 2685 2658 2657
f 2686 2673 2674
f 2685 2659 2658
f 2686 2674 2675
f 2685 2660 2659
f 2686 2675 2676
f 2685 2661 2660
f 2686 2676 2677
f 2685 2662 2661
f 2686 2677 2678
f 2685 2663 2662
f 2686 2678 2679
f 2685 2664 2663
f 2686 2679 2680
f 2685 2665 2664
f 2686 2680 2681
f 2685 2666 2665
f 2686 2681 2682
f 2685 2667 2666
f 2686 2682 2683
f 2685 2668 2667
f 2686 2683 2684
f 2685 2653 2668
f 2686 2684 2669
f 2687 2688 2700
f 2687 2700 2699
f 2688 2689 2701
f 2688 2701 2700
f 2689 2690 2702
f 2689 2702 2701
f 2690 2691 2703
f 2690 2703 2702
f 2691 2692 2704
f 2691 2704 2703
f 2692 2693 2705
f 2692 2705 2704
f 2693 2694 2706
f 2693 2706 2705
f 2694 2695 2707
f 2694 2707 2706
f 2695 2696 2708
f 2695 2708 2707
f 2696 2697 2709
f 2696 2709 2708
f 2697 2698 2710
f 2697 2710 2709
f 2698 2687 2699
f 2698 2699 2710
f 2711 2688 2687
f 2712 2699 2700
f 2711 2689 2688
f 2712 2700 2701
f 2711 2690 2689
f 2712 2701 2702
f 2711 2691 2690
f 2712 2702 2703
f 2711 2692 2691
f 2712 2703 2704
f 2711 2693 2692
f 2712 2704 2705
f 2711 2694 2693
f 2712 2705 2706
f 2711 2695 2694
f 2712 2706 2707
f 2789 2762 2761
f 2790 2777 2778
f 2789 2763 2762
f 2790 2778 2779
f 2789 2764 2763
f 2790 2779 2780
f 2789 2765 2764
f 2790 2780 2781
f 2789 2766 2765
f 2790 2781 2782
f 2789 2767 2766
f 2790 2782 2783
f 2789 2768 2767
f 2790 2783 2784
f 2789 2769 2768
f 2790 2784 2785
f 2789 2770 2769
f 2790 2785 2786
f 2789 2771 2770
f 2790 2786 2787
f 2789 2772 2771
f 2790 2787 2788
f 2789 2757 2772
f 2790 2788 2773
f 2791 2792 2808
f 2791 2808 2807
f 2792 2793 2809
f 2792 2809 2808
f 2793 2794 2810
f 2793 2810 2809
f 2794 2795 2811
f 2794 2811 2810
f 2795 2796 2812
f 2795 2812 2811
f 2796 2797 2813
f 2796 2813 2812
f 2797 2798 2814
f 2797 2814 2813
f 2798 2799 2815
f 2798 2815 2814
f 2799 2800 2816
f 2799 2816 2815
f 2800 2801 2817
f 2800 2817 2816
f 2801 2802 2818
f 2801 2818 2817
f 2802 2803 2819
f 2802 2819 2818
f 2803 2804 2820
f 2803 2820 2819
f 2804 2805 2821
f 2804 2821 2820
f 2805 2806 2822
f 2805 2822 2821
f 2806 2791 2807
f 2806 2807 2822
f 2823 2792 2791
f 2824 2807 2808
f 2823 2793 2792
f 2824 2808 2809
f 2823 2794 2793
f 2824 2809 2810
f 2823 2795 2794
f 2824 2810 2811
f 2823 2796 2795
f 2824 2811 2812
f 2823 2797 2796
f 2824 2812 2813
f 2823 2798 2797
f 2824 2813 2814
f 2823 2799 2798
f 2824 2814 2815
f 2823 2800 2799
f 2824 2815 2816
f 2823 2801 2800
f 2824 2816 2817
f 2823 2802 2801
f 2824 2817 2818
f 2823 2803 2802
f 2824 2818 2819
f 2823 2804 2803
f 2824 2819 2820
f 2823 2805 2804
f 2824 2820 2821
f 2823 2806 2805
f 2824 2821 2822
f 2823 2791 2806
f 2824 2822 2807
f 2825 2826 2838
f 2825 2838 2837
f 2826 2827 2839
f 2826 2839 2838
f 2827 2828 2840
f 2827 2840 2839
f 2828 2829 2841
f 2828 2841 2840
f 2829 2830 2842
f 2829 2842 2841
f 2830 2831 2843
f 2830 2843 2842
f 2831 2832 2844
f 2831 2844 2843
f 2832 2833 2845
f 2832 2845 2844
f 2833 2834 2846
f 2833 2846 2845
f 2834 2835 2847
f 2834 2847 2846
f 2835 2836 2848
f 2835 2848 2847
f 2836 2825 2837
f 2836 2837 2848
f 2849 2826 2825
f 2850 2837 2838
f 2849 2827 2826
f 2850 2838 2839
f 2849 2828 2827
f 2850 2839 2840
f 2849 2829 2828
f 2850 2840 2841
f 2849 2830 2829
f 2850 2841 2842
f 2849 2831 2830
f 2850 2842 2843
f 2849 2832 2831
f 2850 2843 2844
f 2849 2833 2832
f 2850 2844 2845
f 2927 2900 2899
f 2928 2915 2916
f 2927 2901 2900
f 2928 2916 2917
f 2927 2902 2901
f 2928 2917 2918
f 2927 2903 2902
f 2928 2918 2919
f 2927 2904 2903
f 2928 2919 2920
f 2927 2905 2904
f 2928 2920 2921
f 2927 2906 2905
f 2928 2921 2922
f 2927 2907 2906
f 2928 2922 2923
f 2927 2908 2907
f 2928 2923 2924
f 2927 2909 2908
f 2928 2924 2925
f 2927 2910 2909
f 2928 2925 2926
f 2927 2895 2910
f 2928 2926 2911
f 2929 2930 2946
f 2929 2946 2945
f 2930 2931 2947
f 2930 2947 2946
f 2931 2932 2948
f 2931 2948 2947
f 2932 2933 2949
f 2932 2949 2948
f 2933 2934 2950
f 2933 2950 2949
f 2934 2935 2951
f 2934 2951 2950
f 2935 2936 2952
f 2935 2952 2951
f 2936 2937 2953
f 2936 2953 2952
f 2937 2938 2954
f 2937 2954 2953
f 2938 2939 2955
f 2938 2955 2954
f 2939 2940 2956
f 2939 2956 2955
f 2940 2941 2957
f 2940 2957 2956
f 2941 2942 2958
f 2941 2958 2957
f 2942 2943 2959
f 2942 2959 2958
f 2943 2944 2960
f 2943 2960 2959
f 2944 2929 2945
f 2944 2945 2960
f 2961 2930 2929
f 2962 2945 2946
f 2961 2931 2930
f 2962 2946 2947
f 2961 2932 2931
f 2962 2947 2948
f 2961 2933 2932
f 2962 2948 2949
f 2961 2934 2933
f 2962 2949 2950
f 2961 2935 2934
f 2962 2950 2951
f 2961 2936 2935
f 2962 2951 2952
f 2961 2937 2936
f 2962 2952 2953
f 2961 2938 2937
f 2962 2953 2954
f 2961 2939 2938
f 2962 2954 2955
f 2961 2940 2939
f 2962 2955 2956
f 2961 2941 2940
f 2962 2956 2957
f 2961 2942 2941
f 2962 2957 2958
f 2961 2943 2942
f 2962 2958 2959
f 2961 2944 2943
f 2962 2959 2960
f 2961 2929 2944
f 2962 2960 2945
f 2963 2964 2976
f 2963 2976 2975
f 2964 2965 2977
f 2964 2977 2976
f 2965 2966 2978
f 2965 2978 2977
f 2966 2967 2979
f 2966 2979 2978
f 2967 2968 2980
f 2967 2980 2979
f 2968 2969 2981
f 2968 2981 2980
f 2969 2970 2982
f 2969 2982 2981
f 2970 2971 2983
f 2970 2983 2982
f 2971 2972 2984
f 2971 2984 2983
f 2972 2973 2985
f 2972 2985 2984
f 2973 2974 2986
f 2973 2986 2985
f 2974 2963 2975
f 2974 2975 2986
f 2987 2964 2963
f 2988 2975 2976
f 2987 2965 2964
f 2988 2976 2977
f 2987 2966 2965
f 2988 2977 2978
f 2987 2967 2966
f 2988 2978 2979
f 2987 2968 2967
f 2988 2979 2980
f 2987 2969 2968
f 2988 2980 2981
f 2987 2970 2969
f 2988 2981 2982
f 2987 2971 2970
f 2988 2982 2983
f 3065 3038 3037
f 3066 3053 3054
f 3065 3039 3038
f 3066 3054 3055
f 3065 3040 3039
f 3066 3055 3056
f 3065 3041 3040
f 3066 3056 3057
f 3065 3042 3041
f 3066 3057 3058
f 3065 3043 3042
f 3066 3058 3059
f 3065 3044 3043
f 3066 3059 3060
f 3065 3045 3044
f 3066 3060 3061
f 3065 3046 3045
f 3066 3061 3062
f 3065 3047 3046
f 3066 3062 3063
f 3065 3048 3047
f 3066 3063 3064
f 3065 3033 3048
f 3066 3064 3049
f 3067 3068 3084
f 3067 3084 3083
f 3068 3069 3085
f 3068 3085 3084
f 3069 3070 3086
f 3069 3086 3085
f 3070 3071 3087
f 3070 3087 3086
f 3071 3072 3088
f 3071 3088 3087
f 3072 3073 3089
f 3072 3089 3088
f 3073 3074 3090
f 3073 3090 3089
f 3074 3075 3091
f 3074 3091 3090
f 3075 3076 3092
f 3075 3092 3091
f 3076 3077 3093
f 3076 3093 3092
f 3077 3078 3094
f 3077 3094 3093
f 3078 3079 3095
f 3078 3095 3094
f 3079 3080 3096
f 3079 3096 3095
f 3080 3081 3097
f 3080 3097 3096
f 3081 3082 3098
f 3081 3098 3097
f 3082 3067 3083
f 3082 3083 3098
f 3099 3068 3067
f 3100 3083 3084
f 3099 3069 3068
f 3100 3084 3085
f 3099 3070 3069
f 3100 3085 3086
f 3099 3071 3070
f 3100 3086 3087
f 3099 3072 3071
f 3100 3087 3088
f 3099 3073 3072
f 3100 3088 3089
f 3099 3074 3073
f 3100 3089 3090
f 3099 3075 3074
f 3100 3090 3091
f 3099 3076 3075
f 3100 3091 3092
f 3099 3077 3076
f 3100 3092 3093
f 3099 3078 3077
f 3100 3093 3094
f 3099 3079 3078
f 3100 3094 3095
f 3099 3080 3079
f 3100 3095 3096
f 3099 3081 3080
f 3100 3096 3097
f 3099 3082 3081
f 3100 3097 3098
f 3099 3067 3082
f 3100 3098 3083
f 3101 3102 3114
f 3101 3114 3113
f 3102 3103 3115
f 3102 3115 3114
f 3103 3104 3116
f 3103 3116 3115
f 3104 3105 3117
f 3104 3117 3116
f 3105 3106 3118
f 3105 3118 3117
f 3106 3107 3119
f 3106 3119 3118
f 3107 3108 3120
f 3107 3120 3119
f 3108 3109 3121
f 3108 3121 3120
f 3109 3110 3122
f 3109 3122 3121
f 3110 3111 3123
f 3110 3123 3122
f 3111 3112 3124
f 3111 3124 3123
f 3112 3101 3113
f 3112 3113 3124
f 3125 3102 3101
f 3126 3113 3114
f 3125 3103 3102
f 3126 3114 3115
f 3125 3104 3103
f 3126 3115 3116
f 3125 3105 3104
f 3126 3116 3117
f 3125 3106 3105
f 3126 3117 3118
f 3125 3107 3106
f 3126 3118 3119
f 3125 3108 3107
f 3126 3119 3120
f 3125 3109 3108
f 3126 3120 3121
f 3203 3176 3175
f 3204 3191 3192
f 3203 3177 3176
f 3204 3192 3193
f 3203 3178 3177
f 3204 3193 3194
f 3203 3179 3178
f 3204 3194 3195
f 3203 3180 3179
f 3204 3195 3196
f 3203 3181 3180
f 3204 3196 3197
f 3203 3182 3181
f 3204 3197 3198
f 3203 3183 3182
f 3204 3198 3199
f 3203 3184 3183
f 3204 3199 3200
f 3203 3185 3184
f 3204 3200 3201
f 3203 3186 3185
f 3204 3201 3202
f 3203 3171 3186
f 3204 3202 3187
f 3205 3206 3222
f 3205 3222 3221
f 3206 3207 3223
f 3206 3223 3222
f 3207 3208 3224
f 3207 3224 3223
f 3208 3209 3225
f 3208 3225 3224
f 3209 3210 3226
f 3209 3226 3225
f 3210 3211 3227
f 3210 3227 3226
f 3211 3212 3228
f 3211 3228 3227
f 3212 3213 3229
f 3212 3229 3228
f 3213 3214 3230
f 3213 3230 3229
f 3214 3215 3231
f 3214 3231 3230
f 3215 3216 3232
f 3215 3232 3231
f 3216 3217 3233
f 3216 3233 3232
f 3217 3218 3234
f 3217 3234 3233
f 3218 3219 3235
f 3218 3235 3234
f 3219 3220 3236
f 3219 3236 3235
f 3220 3205 3221
f 3220 3221 3236
f 3237 3206 3205
f 3238 3221 3222
f 3237 3207 3206
f 3238 3222 3223
f 3237 3208 3207
f 3238 3223 3224
f 3237 3209 3208
f 3238 3224 3225
f 3237 3210 3209
f 3238 3225 3226
f 3237 3211 3210
f 3238 3226 3227
f 3237 3212 3211
f 3238 3227 3228
f 3237 3213 3212
f 3238 3228 3229
f 3237 3214 3213
f 3238 3229 3230
f 3237 3215 3214
f 3238 3230 3231
f 3237 3216 3215
f 3238 3231 3232
f 3237 3217 3216
f 3238 3232 3233
f 3237 3218 3217
f 3238 3233 3234
f 3237 3219 3218
f 3238 3234 3235
f 3237 3220 3219
f 3238 3235 3236
f 3237 3205 3220
f 3238 3236 3221
f 3239 3240 3252
f 3239 3252 3251
f 3240 3241 3253
f 3240 3253 3252
f 3241 3242 3254
f 3241 3254 3253
f 3242 3243 3255
f 3242 3255 3254
f 3243 3244 3256
f 3243 3256 3255
f 3244 3245 3257
f 3244 3257 3256
f 3245 3246 3258
f 3245 3258 3257
f 3246 3247 3259
f 3246 3259 3258
f 3247 3248 3260
f 3247 3260 3259
f 3248 3249 3261
f 3248 3261 3260
f 3249 3250 3262
f 3249 3262 3261
f 3250 3239 3251
f 3250 3251 3262
f 3263 3240 3239
f 3264 3251 3252
f 3263 3241 3240
f 3264 3252 3253
f 3263 3242 3241
f 3264 3253 3254
f 3263 3243 3242
f 3264 3254 3255
f 3263 3244 3243
f 3264 3255 3256
f 3263 3245 3244
f 3264 3256 3257
f 3263 3246 3245
f 3264 3257 3258
f 3263 3247 3246
f 3264 3258 3259
f 3341 3314 3313
f 3342 3329 3330
f 3341 3315 3314
f 3342 3330 3331
f 3341 3316 3315
f 3342 3331 3332
f 3341 3317 3316
f 3342 3332 3333
f 3341 3318 3317
f 3342 3333 3334
f 3341 3319 3318
f 3342 3334 3335
f 3341 3320 3319
f 3342 3335 3336
f 3341 3321 3320
f 3342 3336 3337
f 3341 3322 3321
f 3342 3337 3338
f 3341 3323 3322
f 3342 3338 3339
f 3341 3324 3323
f 3342 3339 3340
f 3341 3309 3324
f 3342 3340 3325
f 3343 3344 3360
f 3343 3360 3359
f 3344 3345 3361
f 3344 3361 3360
f 3345 3346 3362
f 3345 3362 3361
f 3346 3347 3363
f 3346 3363 3362
f 3347 3348 3364
f 3347 3364 3363
f 3348 3349 3365
f 3348 3365 3364
f 3349 3350 3366
f 3349 3366 3365
f 3350 3351 3367
f 3350 3367 3366
f 3351 3352 3368
f 3351 3368 3367
f 3352 3353 3369
f 3352 3369 3368
f 3353 3354 3370
f 3353 3370 3369
f 3354 3355 3371
f 3354 3371 3370
f 3355 3356 3372
f 3355 3372 3371
f 3356 3357 3373
f 3356 3373 3372
f 3357 3358 3374
f 3357 3374 3373
f 3358 3343 3359
f 3358 3359 3374
f 3375 3344 3343
f 3376 3359 3360
f 3375 3345 3344
f 3376 3360 3361
f 3375 3346 3345
f 3376 3361 3362
f 3375 3347 3346
f 3376 3362 3363
f 3375 3348 3347
f 3376 3363 3364
f 3375 3349 3348
f 3376 3364 3365
f 3375 3350 3349
f 3376 3365 3366
f 3375 3351 3350
f 3376 3366 3367
f 3375 3352 3351
f 3376 3367 3368
f 3375 3353 3352
f 3376 3368 3369
f 3375 3354 3353
f 3376 3369 3370
f 3375 3355 3354
f 3376 3370 3371
f 3375 3356 3355
f 3376 3371 3372
f 3375 3357 3356
f 3376 3372 3373
f 3375 3358 3357
f 3376 3373 3374
f 3375 3343 3358
f 3376 3374 3359
f 3377 3378 3390
f 3377 3390 3389
f 3378 3379 3391
f 3378 3391 3390
f 3379 3380 3392
f 3379 3392 3391
f 3380 3381 3393
f 3380 3393 3392
f 3381 3382 3394
f 3381 3394 3393
f 3382 3383 3395
f 3382 3395 3394
f 3383 3384 3396
f 3383 3396 3395
f 3384 3385 3397
f 3384 3397 3396
f 3385 3386 3398
f 3385 3398 3397
f 3386 3387 3399
f 3386 3399 3398
f 3387 3388 3400
f 3387 3400 3399
f 3388 3377 3389
f 3388 3389 3400
f 3401 3378 3377
f 3402 3389 3390
f 3401 3379 3378
f 3402 3390 3391
f 3401 3380 3379
f 3402 3391 3392
f 3401 3381 3380
f 3402 3392 3393
f 3401 3382 3381
f 3402 3393 3394
f 3401 3383 3382
f 3402 3394 3395
f 3401 3384 3383
f 3402 3395 3396
f 3401 3385 3384
f 3402 3396 3397
f 3401 3386 3385
f 3402 3397 3398
f 3401 3387 3386
f 3402 3398 3399
f 3401 3388 3387
f 3402 3399 3400
f 3401 3377 3388
f 3402 3400 3389
f 3403 3404 3416
f 3403 3416 3415
f 3404 3405 3417
f 3404 3417 3416
f 3405 3406 3418
f 3405 3418 3417
f 3406 3407 3419
f 3406 3419 3418
f 3407 3408 3420
f 3407 3420 3419
f 3408 3409 3421
f 3408 3421 3420
f 3409 3410 3422
f 3409 3422 3421
f 3410 3411 3423
f 3410 3423 3422
f 3411 3412 3424
f 3411 3424 3423
f 3412 3413 3425
f 3412 3425 3424
f 3413 3414 3426
f 3413 3426 3425
f 3414 3403 3415
f 3414 3415 3426
f 3427 3404 3403
f 3428 3415 3416
f 3427 3405 3404
f 3428 3416 3417
f 3427 3406 3405
f 3428 3417 3418
f 3427 3407 3406
f 3428 3418 3419
f 3427 3408 3407
f 3428 3419 3420
f 3427 3409 3408
f 3428 3420 3421
f 3427 3410 3409
f 3428 3421 3422
f 3427 3411 3410
f 3428 3422 3423
f 3427 3412 3411
f 3428 3423 3424
f 3427 3413 3412
f 3428 3424 3425
f 3427 3414 3413
f 3428 3425 3426
f 3427 3403 3414
f 3428 3426 3415
f 3429 3430 3438
f 3429 3438 3437
f 3430 3431 3439
f 3430 3439 3438
f 3431 3432 3440
f 3431 3440 3439
f 3432 3433 3441
f 3432 3441 3440
f 3433 3434 3442
f 3433 3442 3441
f 3434 3435 3443
f 3434 3443 3442
f 3435 3436 3444
f 3435 3444 3443
f 3436 3429 3437
f 3436 3437 3444
f 3445 3430 3429
f 3446 3437 3438
f 3445 3431 3430
f 3446 3438 3439
f 3445 3432 3431
f 3446 3439 3440
f 3445 3433 3432
f 3446 3440 3441
f 3445 3434 3433
f 3446 3441 3442
f 3445 3435 3434
f 3446 3442 3443
f 3445 3436 3435
f 3446 3443 3444
f 3445 3429 3436
f 3446 3444 3437
f 3447 3451 3452
f 3447 3452 3448
f 3449 3454 3453
f 3449 3450 3454
f 3447 3453 3451
f 3447 3449 3453
f 3448 3452 3454
f 3448 3454 3450
f 3451 3455 3456
f 3451 3456 3452
f 3453 3458 3457
f 3453 3454 3458
f 3451 3457 3455
f 3451 3453 3457
f 3452 3456 3458
f 3452 3458 3454
f 3455 3459 3460
f 3455 3460 3456
f 3457 3462 3461
f 3457 3458 3462
f 3455 3461 3459
f 3455 3457 3461
f 3456 3460 3462
f 3456 3462 3458
f 3459 3463 3464
f 3459 3464 3460
f 3461 3466 3465
f 3461 3462 3466
f 3459 3465 3463
f 3459 3461 3465
f 3460 3464 3466
f 3460 3466 3462
f 3463 3467 3468
f 3463 3468 3464
f 3465 3470 3469
f 3465 3466 3470
f 3463 3469 3467
f 3463 3465 3469
f 3464 3468 3470
f 3464 3470 3466
f 3467 3471 3472
f 3467 3472 3468
f 3469 3474 3473
f 3469 3470 3474
f 3467 3473 3471
f 3467 3469 3473
f 3468 3472 3474
f 3468 3474 3470
f 3471 3475 3476
f 3471 3476 3472
f 3473 3478 3477
f 3473 3474 3478
f 3471 3477 3475
f 3471 3473 3477
f 3472 3476 3478
f 3472 3478 3474
f 3475 3479 3480
f 3475 3480 3476
f 3477 3482 3481
f 3477 3478 3482
f 3475 3481 3479
f 3475 3477 3481
f 3476 3480 3482
f 3476 3482 3478
f 3479 3483 3484
f 3479 3484 3480
f 3481 3486 3485
f 3481 3482 3486
f 3479 3485 3483
f 3479 3481 3485
f 3480 3484 3486
f 3480 3486 3482
f 3483 3487 3488
f 3483 3488 3484
f 3485 3490 3489
f 3485 3486 3490
f 3483 3489 3487
f 3483 3485 3489
f 3484 3488 3490
f 3484 3490 3486
f 3487 3491 3492
f 3487 3492 3488
f 3489 3494 3493
f 3489 3490 3494
f 3487 3493 3491
f 3487 3489 3493
f 3488 3492 3494
f 3488 3494 3490
f 3491 3495 3496
f 3491 3496 3492
f 3493 3498 3497
f 3493 3494 3498
f 3491 3497 3495
f 3491 3493 3497
f 3492 3496 3498
f 3492 3498 3494
f 3495 3499 3500
f 3495 3500 3496
f 3497 3502 3501
f 3497 3498 3502
f 3495 3501 3499
f 3495 3497 3501
f 3496 3500 3502
f 3496 3502 3498
f 3499 3503 3504
f 3499 3504 3500
f 3501 3506 3505
f 3501 3502 3506
f 3499 3505 3503
f 3499 3501 3505
f 3500 3504 3506
f 3500 3506 3502
f 3503 3507 3508
f 3503 3508 3504
f 3505 3510 3509
f 3505 3506 3510
f 3503 3509 3507
f 3503 3505 3509
f 3504 3508 3510
f 3504 3510 3506
f 3507 3511 3512
f 3507 3512 3508
f 3509 3514 3513
f 3509 3510 3514
f 3507 3513 3511
f 3507 3509 3513
f 3508 3512 3514
f 3508 3514 3510
f 3515 3519 3520
f 3515 3520 3516
f 3517 3522 3521
f 3517 3518 3522
f 3515 3521 3519
f 3515 3517 3521
f 3516 3520 3522
f 3516 3522 3518
f 3519 3523 3524
f 3519 3524 3520
f 3521 3526 3525
f 3521 3522 3526
f 3519 3525 3523
f 3519 3521 3525
f 3520 3524 3526
f 3520 3526 3522
f 3523 3527 3528
f 3523 3528 3524
f 3525 3530 3529
f 3525 3526 3530
f 3523 3529 3527
f 3523 3525 3529
f 3524 3528 3530
f 3524 3530 3526
f 3527 3531 3532
f 3527 3532 3528
f 3529 3534 3533
f 3529 3530 3534
f 3527 3533 3531
f 3527 3529 3533
f 3528 3532 3534
f 3528 3534 3530
f 3531 3535 3536
f 3531 3536 3532
f 3533 3538 3537
f 3533 3534 3538
f 3531 3537 3535
f 3531 3533 3537
f 3532 3536 3538
f 3532 3538 3534
f 3535 3539 3540
f 3535 3540 3536
f 3537 3542 3541
f 3537 3538 3542
f 3535 3541 3539
f 3535 3537 3541
f 3536 3540 3542
f 3536 3542 3538
f 3539 3543 3544
f 3539 3544 3540
f 3541 3546 3545
f 3541 3542 3546
f 3539 3545 3543
f 3539 3541 3545
f 3540 3544 3546
f 3540 3546 3542
f 3543 3547 3548
f 3543 3548 3544
f 3545 3550 3549
f 3545 3546 3550
f 3543 3549 3547
f 3543 3545 3549
f 3544 3548 3550
f 3544 3550 3546
f 3547 3551 3552
f 3547 3552 3548
f 3549 3554 3553
f 3549 3550 3554
f 3547 3553 3551
f 3547 3549 3553
f 3548 3552 3554
f 3548 3554 3550
f 3551 3555 3556
f 3551 3556 3552
f 3553 3558 3557
f 3553 3554 3558
f 3551 3557 3555
f 3551 3553 3557
f 3552 3556 3558
f 3552 3558 3554
f 3555 3559 3560
f 3555 3560 3556
f 3557 3562 3561
f 3557 3558 3562
f 3555 3561 3559
f 3555 3557 3561
f 3556 3560 3562
f 3556 3562 3558
f 3559 3563 3564
f 3559 3564 3560
f 3561 3566 3565
f 3561 3562 3566
f 3559 3565 3563
f 3559 3561 3565
f 3560 3564 3566
f 3560 3566 3562
f 3563 3567 3568
f 3563 3568 3564
f 3565 3570 3569
f 3565 3566 3570
f 3563 3569 3567
f 3563 3565 3569
f 3564 3568 3570
f 3564 3570 3566
f 3567 3571 3572
f 3567 3572 3568
f 3569 3574 3573
f 3569 3570 3574
f 3567 3573 3571
f 3567 3569 3573
f 3568 3572 3574
f 3568 3574 3570
f 3571 3575 3576
f 3571 3576 3572
f 3573 3578 3577
f 3573 3574 3578
f 3571 3577 3575
f 3571 3573 3577
f 3572 3576 3578
f 3572 3578 3574
f 3575 3579 3580
f 3575 3580 3576
f 3577 3582 3581
f 3577 3578 3582
f 3575 3581 3579
f 3575 3577 3581
f 3576 3580 3582
f 3576 3582 3578
f 3583 3587 3588
f 3583 3588 3584
f 3585 3590 3589
f 3585 3586 3590
f 3583 3589 3587
f 3583 3585 3589
f 3584 3588 3590
f 3584 3590 3586
f 3587 3591 3592
f 3587 3592 3588
f 3589 3594 3593
f 3589 3590 3594
f 3587 3593 3591
f 3587 3589 3593
f 3588 3592 3594
f 3588 3594 3590
f 3591 3595 3596
f 3591 3596 3592
f 3593 3598 3597
f 3593 3594 3598
f 3591 3597 3595
f 3591 3593 3597
f 3592 3596 3598
f 3592 3598 3594
f 3595 3599 3600
f 3595 3600 3596
f 3597 3602 3601
f 3597 3598 3602
f 3595 3601 3599
f 3595 3597 3601
f 3596 3600 3602
f 3596 3602 3598
f 3599 3603 3604
f 3599 3604 3600
f 3601 3606 3605
f 3601 3602 3606
f 3599 3605 3603
f 3599 3601 3605
f 3600 3604 3606
f 3600 3606 3602
f 3603 3607 3608
f 3603 3608 3604
f 3605 3610 3609
f 3605 3606 3610
f 3603 3609 3607
f 3603 3605 3609
f 3604 3608 3610
f 3604 3610 3606
f 3607 3611 3612
f 3607 3612 3608
f 3609 3614 3613
f 3609 3610 3614
f 3607 3613 3611
f 3607 3609 3613
f 3608 3612 3614
f 3608 3614 3610
f 3611 3615 3616
f 3611 3616 3612
f 3613 3618 3617
f 3613 3614 3618
f 3611 3617 3615
f 3611 3613 3617
f 3612 3616 3618
f 3612 3618 3614
f 3615 3619 3620
f 3615 3620 3616
f 3617 3622 3621
f 3617 3618 3622
f 3615 3621 3619
f 3615 3617 3621
f 3616 3620 3622
f 3616 3622 3618
f 3619 3623 3624
f 3619 3624 3620
f 3621 3626 3625
f 3621 3622 3626
f 3619 3625 3623
f 3619 3621 3625
f 3620 3624 3626
f 3620 3626 3622
f 3623 3627 3628
f 3623 3628 3624
f 3625 3630 3629
f 3625 3626 3630
f 3623 3629 3627
f 3623 3625 3629
f 3624 3628 3630
f 3624 3630 3626
f 3627 3631 3632
f 3627 3632 3628
f 3629 3634 3633
f 3629 3630 3634
f 3627 3633 3631
f 3627 3629 3633
f 3628 3632 3634
f 3628 3634 3630
f 3631 3635 3636
f 3631 3636 3632
f 3633 3638 3637
f 3633 3634 3638
f 3631 3637 3635
f 3631 3633 3637
f 3632 3636 3638
f 3632 3638 3634
f 3635 3639 3640
f 3635 3640 3636
f 3637 3642 3641
f 3637 3638 3642
f 3635 3641 3639
f 3635 3637 3641
f 3636 3640 3642
f 3636 3642 3638
f 3639 3643 3644
f 3639 3644 3640
f 3641 3646 3645
f 3641 3642 3646
f 3639 3645 3643
f 3639 3641 3645
f 3640 3644 3646
f 3640 3646 3642
f 3643 3647 3648
f 3643 3648 3644
f 3645 3650 3649
f 3645 3646 3650
f 3643 3649 3647
f 3643 3645 3649
f 3644 3648 3650
f 3644 3650 3646
f 3651 3655 3656
f 3651 3656 3652
f 3653 3658 3657
f 3653 3654 3658
f 3651 3657 3655
f 3651 3653 3657
f 3652 3656 3658
f 3652 3658 3654
f 3655 3659 3660
f 3655 3660 3656
f 3657 3662 3661
f 3657 3658 3662
f 3655 3661 3659
f 3655 3657 3661
f 3656 3660 3662
f 3656 3662 3658
f 3659 3663 3664
f 3659 3664 3660
f 3661 3666 3665
f 3661 3662 3666
f 3659 3665 3663
f 3659 3661 3665
f 3660 3664 3666
f 3660 3666 3662
f 3663 3667 3668
f 3663 3668 3664
f 3665 3670 3669
f 3665 3666 3670
f 3663 3669 3667
f 3663 3665 3669
f 3664 3668 3670
f 3664 3670 3666
f 3667 3671 3672
f 3667 3672 3668
f 3669 3674 3673
f 3669 3670 3674
f 3667 3673 3671
f 3667 3669 3673
f 3668 3672 3674
f 3668 3674 3670
f 3671 3675 3676
f 3671 3676 3672
f 3673 3678 3677
f 3673 3674 3678
f 3671 3677 3675
f 3671 3673 3677
f 3672 3676 3678
f 3672 3678 3674
f 3675 3679 3680
f 3675 3680 3676
f 3677 3682 3681
f 3677 3678 3682
f 3675 3681 3679
f 3675 3677 3681
f 3676 3680 3682
f 3676 3682 3678
f 3679 3683 3684
f 3679 3684 3680
f 3681 3686 3685
f 3681 3682 3686
f 3679 3685 3683
f 3679 3681 3685
f 3680 3684 3686
f 3680 3686 3682
f 3683 3687 3688
f 3683 3688 3684
f 3685 3690 3689
f 3685 3686 3690
f 3683 3689 3687
f 3683 3685 3689
f 3684 3688 3690
f 3684 3690 3686
f 3687 3691 3692
f 3687 3692 3688
f 3689 3694 3693
f 3689 3690 3694
f 3687 3693 3691
f 3687 3689 3693
f 3688 3692 3694
f 3688 3694 3690
f 3691 3695 3696
f 3691 3696 3692
f 3693 3698 3697
f 3693 3694 3698
f 3691 3697 3695
f 3691 3693 3697
f 3692 3696 3698
f 3692 3698 3694
f 3695 3699 3700
f 3695 3700 3696
f 3697 3702 3701
f 3697 3698 3702
f 3695 3701 3699
f 3695 3697 3701
f 3696 3700 3702
f 3696 3702 3698
f 3699 3703 3704
f 3699 3704 3700
f 3701 3706 3705
f 3701 3702 3706
f 3699 3705 3703
f 3699 3701 3705
f 3700 3704 3706
f 3700 3706 3702
f 3703 3707 3708
f 3703 3708 3704
f 3705 3710 3709
f 3705 3706 3710
f 3703 3709 3707
f 3703 3705 3709
f 3704 3708 3710
f 3704 3710 3706
f 3707 3711 3712
f 3707 3712 3708
f 3709 3714 3713
f 3709 3710 3714
f 3707 3713 3711
f 3707 3709 3713
f 3708 3712 3714
f 3708 3714 3710
f 3711 3715 3716
f 3711 3716 3712
f 3713 3718 3717
f 3713 3714 3718
f 3711 3717 3715
f 3711 3713 3717
f 3712 3716 3718
f 3712 3718 3714
f 3719 3723 3724
f 3719 3724 3720
f 3721 3726 3725
f 3721 3722 3726
f 3719 3725 3723
f 3719 3721 3725
f 3720 3724 3726
f 3720 3726 3722
f 3723 3727 3728
f 3723 3728 3724
f 3725 3730 3729
f 3725 3726 3730
f 3723 3729 3727
f 3723 3725 3729
f 3724 3728 3730
f 3724 3730 3726
f 3727 3731 3732
f 3727 3732 3728
f 3729 3734 3733
f 3729 3730 3734
f 3727 3733 3731
f 3727 3729 3733
f 3728 3732 3734
f 3728 3734 3730
f 3731 3735 3736
f 3731 3736 3732
f 3733 3738 3737
f 3733 3734 3738
f 3731 3737 3735
f 3731 3733 3737
f 3732 3736 3738
f 3732 3738 3734
f 3735 3739 3740
f 3735 3740 3736
f 3737 3742 3741
f 3737 3738 3742
f 3735 3741 3739
f 3735 3737 3741
f 3736 3740 3742
f 3736 3742 3738
f 3739 3743 3744
f 3739 3744 3740
f 3741 3746 3745
f 3741 3742 3746
f 3739 3745 3743
f 3739 3741 3745
f 3740 3744 3746
f 3740 3746 3742
f 3743 3747 3748
f 3743 3748 3744
f 3745 3750 3749
f 3745 3746 3750
f 3743 3749 3747
f 3743 3745 3749
f 3744 3748 3750
f 3744 3750 3746
f 3747 3751 3752
f 3747 3752 3748
f 3749 3754 3753
f 3749 3750 3754
f 3747 3753 3751
f 3747 3749 3753
f 3748 3752 3754
f 3748 3754 3750
f 3751 3755 3756
f 3751 3756 3752
f 3753 3758 3757
f 3753 3754 3758
f 3751 3757 3755
f 3751 3753 3757
f 3752 3756 3758
f 3752 3758 3754
f 3755 3759 3760
f 3755 3760 3756
f 3757 3762 3761
f 3757 3758 3762
f 3755 3761 3759
f 3755 3757 3761
f 3756 3760 3762
f 3756 3762 3758
f 3759 3763 3764
f 3759 3764 3760
f 3761 3766 3765
f 3761 3762 3766
f 3759 3765 3763
f 3759 3761 3765
f 3760 3764 3766
f 3760 3766 3762
f 3763 3767 3768
f 3763 3768 3764
f 3765 3770 3769
f 3765 3766 3770
f 3763 3769 3767
f 3763 3765 3769
f 3764 3768 3770
f 3764 3770 3766
f 3767 3771 3772
f 3767 3772 3768
f 3769 3774 3773
f 3769 3770 3774
f 3767 3773 3771
f 3767 3769 3773
f 3768 3772 3774
f 3768 3774 3770
f 3771 3775 3776
f 3771 3776 3772
f 3773 3778 3777
f 3773 3774 3778
f 3771 3777 3775
f 3771 3773 3777
f 3772 3776 3778
f 3772 3778 3774
f 3775 3779 3780
f 3775 3780 3776
f 3777 3782 3781
f 3777 3778 3782
f 3775 3781 3779
f 3775 3777 3781
f 3776 3780 3782
f 3776 3782 3778
f 3779 3783 3784
f 3779 3784 3780
f 3781 3786 3785
f 3781 3782 3786
f 3779 3785 3783
f 3779 3781 3785
f 3780 3784 3786
f 3780 3786 3782
f 3787 3791 3792
f 3787 3792 3788
f 3789 3794 3793
f 3789 3790 3794
f 3787 3793 3791
f 3787 3789 3793
f 3788 3792 3794
f 3788 3794 3790
f 3791 3795 3796
f 3791 3796 3792
f 3793 3798 3797
f 3793 3794 3798
f 3791 3797 3795
f 3791 3793 3797
f 3792 3796 3798
f 3792 3798 3794
f 3795 3799 3800
f 3795 3800 3796
f 3797 3802 3801
f 3797 3798 3802
f 3795 3801 3799
f 3795 3797 3801
f 3796 3800 3802
f 3796 3802 3798
f 3799 3803 3804
f 3799 3804 3800
f 3801 3806 3805
f 3801 3802 3806
f 3799 3805 3803
f 3799 3801 3805
f 3800 3804 3806
f 3800 3806 3802
f 3803 3807 3808
f 3803 3808 3804
f 3805 3810 3809
f 3805 3806 3810
f 3803 3809 3807
f 3803 3805 3809
f 3804 3808 3810
f 3804 3810 3806
f 3807 3811 3812
f 3807 3812 3808
f 3809 3814 3813
f 3809 3810 3814
f 3807 3813 3811
f 3807 3809 3813
f 3808 3812 3814
f 3808 3814 3810
f 3811 3815 3816
f 3811 3816 3812
f 3813 3818 3817
f 3813 3814 3818
f 3811 3817 3815
f 3811 3813 3817
f 3812 3816 3818
f 3812 3818 3814
f 3815 3819 3820
f 3815 3820 3816
f 3817 3822 3821
f 3817 3818 3822
f 3815 3821 3819
f 3815 3817 3821
f 3816 3820 3822
f 3816 3822 3818
f 3819 3823 3824
f 3819 3824 3820
f 3821 3826 3825
f 3821 3822 3826
f 3819 3825 3823
f 3819 3821 3825
f 3820 3824 3826
f 3820 3826 3822
f 3823 3827 3828
f 3823 3828 3824
f 3825 3830 3829
f 3825 3826 3830
f 3823 3829 3827
f 3823 3825 3829
f 3824 3828 3830
f 3824 3830 3826
f 3827 3831 3832
f 3827 3832 3828
f 3829 3834 3833
f 3829 3830 3834
f 3827 3833 3831
f 3827 3829 3833
f 3828 3832 3834
f 3828 3834 3830
f 3831 3835 3836
f 3831 3836 3832
f 3833 3838 3837
f 3833 3834 3838
f 3831 3837 3835
f 3831 3833 3837
f 3832 3836 3838
f 3832 3838 3834
f 3835 3839 3840
f 3835 3840 3836
f 3837 3842 3841
f 3837 3838 3842
f 3835 3841 3839
f 3835 3837 3841
f 3836 3840 3842
f 3836 3842 3838
f 3839 3843 3844
f 3839 3844 3840
f 3841 3846 3845
f 3841 3842 3846
f 3839 3845 3843
f 3839 3841 3845
f 3840 3844 3846
f 3840 3846 3842
f 3843 3847 3848
f 3843 3848 3844
f 3845 3850 3849
f 3845 3846 3850
f 3843 3849 3847
f 3843 3845 3849
f 3844 3848 3850
f 3844 3850 3846
f 3847 3851 3852
f 3847 3852 3848
f 3849 3854 3853
f 3849 3850 3854
f 3847 3853 3851
f 3847 3849 3853
f 3848 3852 3854
f 3848 3854 3850
f 3855 3859 3860
f 3855 3860 3856
f 3857 3862 3861
f 3857 3858 3862
f 3855 3861 3859
f 3855 3857 3861
f 3856 3860 3862
f 3856 3862 3858
f 3859 3863 3864
f 3859 3864 3860
f 3861 3866 3865
f 3861 3862 3866
f 3859 3865 3863
f 3859 3861 3865
f 3860 3864 3866
f 3860 3866 3862
f 3863 3867 3868
f 3863 3868 3864
f 3865 3870 3869
f 3865 3866 3870
f 3863 3869 3867
f 3863 3865 3869
f 3864 3868 3870
f 3864 3870 3866
f 3867 3871 3872
f 3867 3872 3868
f 3869 3874 3873
f 3869 3870 3874
f 3867 3873 3871
f 3867 3869 3873
f 3868 3872 3874
f 3868 3874 3870
f 3871 3875 3876
f 3871 3876 3872
f 3873 3878 3877
f 3873 3874 3878
f 3871 3877 3875
f 3871 3873 3877
f 3872 3876 3878
f 3872 3878 3874
f 3875 3879 3880
f 3875 3880 3876
f 3877 3882 3881
f 3877 3878 3882
f 3875 3881 3879
f 3875 3877 3881
f 3876 3880 3882
f 3876 3882 3878
f 3879 3883 3884
f 3879 3884 3880
f 3881 3886 3885
f 3881 3882 3886
f 3879 3885 3883
f 3879 3881 3885
f 3880 3884 3886
f 3880 3886 3882
f 3883 3887 3888
f 3883 3888 3884
f 3885 3890 3889
f 3885 3886 3890
f 3883 3889 3887
f 3883 3885 3889
f 3884 3888 3890
f 3884 3890 3886
f 3887 3891 3892
f 3887 3892 3888
f 3889 3894 3893
f 3889 3890 3894
f 3887 3893 3891
f 3887 3889 3893
f 3888 3892 3894
f 3888 3894 3890
f 3891 3895 3896
f 3891 3896 3892
f 3893 3898 3897
f 3893 3894 3898
f 3891 3897 3895
f 3891 3893 3897
f 3892 3896 3898
f 3892 3898 3894
f 3895 3899 3900
f 3895 3900 3896
f 3897 3902 3901
f 3897 3898 3902
f 3895 3901 3899
f 3895 3897 3901
f 3896 3900 3902
f 3896 3902 3898
f 3899 3903 3904
f 3899 3904 3900
f 3901 3906 3905
f 3901 3902 3906
f 3899 3905 3903
f 3899 3901 3905
f 3900 3904 3906
f 3900 3906 3902
f 3903 3907 3908
f 3903 3908 3904
f 3905 3910 3909
f 3905 3906 3910
f 3903 3909 3907
f 3903 3905 3909
f 3904 3908 3910
f 3904 3910 3906
f 3907 3911 3912
f 3907 3912 3908
f 3909 3914 3913
f 3909 3910 3914
f 3907 3913 3911
f 3907 3909 3913
f 3908 3912 3914
f 3908 3914 3910
f 3911 3915 3916
f 3911 3916 3912
f 3913 3918 3917
f 3913 3914 3918
f 3911 3917 3915
f 3911 3913 3917
f 3912 3916 3918
f 3912 3918 3914
f 3915 3919 3920
f 3915 3920 3916
f 3917 3922 3921
f 3917 3918 3922
f 3915 3921 3919
f 3915 3917 3921
f 3916 3920 3922
f 3916 3922 3918
f 3923 3927 3928
f 3923 3928 3924
f 3925 3930 3929
f 3925 3926 3930
f 3923 3929 3927
f 3923 3925 3929
f 3924 3928 3930
f 3924 3930 3926
f 3927 3931 3932
f 3927 3932 3928
f 3929 3934 3933
f 3929 3930 3934
f 3927 3933 3931
f 3927 3929 3933
f 3928 3932 3934
f 3928 3934 3930
f 3931 3935 3936
f 3931 3936 3932
f 3933 3938 3937
f 3933 3934 3938
f 3931 3937 3935
f 3931 3933 3937
f 3932 3936 3938
f 3932 3938 3934
f 3935 3939 3940
f 3935 3940 3936
f 3937 3942 3941
f 3937 3938 3942
f 3935 3941 3939
f 3935 3937 3941
f 3936 3940 3942
f 3936 3942 3938
f 3939 3943 3944
f 3939 3944 3940
f 3941 3946 3945
f 3941 3942 3946
f 3939 3945 3943
f 3939 3941 3945
f 3940 3944 3946
f 3940 3946 3942
f 3943 3947 3948
f 3943 3948 3944
f 3945 3950 3949
f 3945 3946 3950
f 3943 3949 3947
f 3943 3945 3949
f 3944 3948 3950
f 3944 3950 3946
f 3947 3951 3952
f 3947 3952 3948
f 3949 3954 3953
f 3949 3950 3954
f 3947 3953 3951
f 3947 3949 3953
f 3948 3952 3954
f 3948 3954 3950
f 3951 3955 3956
f 3951 3956 3952
f 3953 3958 3957
f 3953 3954 3958
f 3951 3957 3955
f 3951 3953 3957
f 3952 3956 3958
f 3952 3958 3954
f 3955 3959 3960
f 3955 3960 3956
f 3957 3962 3961
f 3957 3958 3962
f 3955 3961 3959
f 3955 3957 3961
f 3956 3960 3962
f 3956 3962 3958
f 3959 3963 3964
f 3959 3964 3960
f 3961 3966 3965
f 3961 3962 3966
f 3959 3965 3963
f 3959 3961 3965
f 3960 3964 3966
f 3960 3966 3962
f 3963 3967 3968
f 3963 3968 3964
f 3965 3970 3969
f 3965 3966 3970
f 3963 3969 3967
f 3963 3965 3969
f 3964 3968 3970
f 3964 3970 3966
f 3967 3971 3972
f 3967 3972 3968
f 3969 3974 3973
f 3969 3970 3974
f 3967 3973 3971
f 3967 3969 3973
f 3968 3972 3974
f 3968 3974 3970
f 3971 3975 3976
f 3971 3976 3972
f 3973 3978 3977
f 3973 3974 3978
f 3971 3977 3975
f 3971 3973 3977
f 3972 3976 3978
f 3972 3978 3974
f 3975 3979 3980
f 3975 3980 3976
f 3977 3982 3981
f 3977 3978 3982
f 3975 3981 3979
f 3975 3977 3981
f 3976 3980 3982
f 3976 3982 3978
f 3979 3983 3984
f 3979 3984 3980
f 3981 3986 3985
f 3981 3982 3986
f 3979 3985 3983
f 3979 3981 3985
f 3980 3984 3986
f 3980 3986 3982
f 3983 3987 3988
f 3983 3988 3984
f 3985 3990 3989
f 3985 3986 3990
f 3983 3989 3987
f 3983 3985 3989
f 3984 3988 3990
f 3984 3990 3986
f 3991 3995 3996
f 3991 3996 3992
f 3993 3998 3997
f 3993 3994 3998
f 3991 3997 3995
f 3991 3993 3997
f 3992 3996 3998
f 3992 3998 3994
f 3995 3999 4000
f 3995 4000 3996
f 3997 4002 4001
f 3997 3998 4002
f 3995 4001 3999
f 3995 3997 4001
f 3996 4000 4002
f 3996 4002 3998
f 3999 4003 4004
f 3999 4004 4000
f 4001 4006 4005
f 4001 4002 4006
f 3999 4005 4003
f 3999 4001 4005
f 4000 4004 4006
f 4000 4006 4002
f 4003 4007 4008
f 4003 4008 4004
f 4005 4010 4009
f 4005 4006 4010
f 4003 4009 4007
f 4003 4005 4009
f 4004 4008 4010
f 4004 4010 4006
f 4007 4011 4012
f 4007 4012 4008
f 4009 4014 4013
f 4009 4010 4014
f 4007 4013 4011
f 4007 4009 4013
f 4008 4012 4014
f 4008 4014 4010
f 4011 4015 4016
f 4011 4016 4012
f 4013 4018 4017
f 4013 4014 4018
f 4011 4017 4015
f 4011 4013 4017
f 4012 4016 4018
f 4012 4018 4014
f 4015 4019 4020
f 4015 4020 4016
f 4017 4022 4021
f 4017 4018 4022
f 4015 4021 4019
f 4015 4017 4021
f 4016 4020 4022
f 4016 4022 4018
f 4019 4023 4024
f 4019 4024 4020
f 4021 4026 4025
f 4021 4022 4026
f 4019 4025 4023
f 4019 4021 4025
f 4020 4024 4026
f 4020 4026 4022
f 4023 4027 4028
f 4023 4028 4024
f 4025 4030 4029
f 4025 4026 4030
f 4023 4029 4027
f 4023 4025 4029
f 4024 4028 4030
f 4024 4030 4026
f 4027 4031 4032
f 4027 4032 4028
f 4029 4034 4033
f 4029 4030 4034
f 4027 4033 4031
f 4027 4029 4033
f 4028 4032 4034
f 4028 4034 4030
f 4035 4039 4040
f 4035 4040 4036
f 4037 4042 4041
f 4037 4038 4042
f 4035 4041 4039
f 4035 4037 4041
f 4036 4040 4042
f 4036 4042 4038
f 4039 4043 4044
f 4039 4044 4040
f 4041 4046 4045
f 4041 4042 4046
f 4039 4045 4043
f 4039 4041 4045
f 4040 4044 4046
f 4040 4046 4042
f 4043 4047 4048
f 4043 4048 4044
f 4045 4050 4049
f 4045 4046 4050
f 4043 4049 4047
f 4043 4045 4049
f 4044 4048 4050
f 4044 4050 4046
f 4047 4051 4052
f 4047 4052 4048
f 4049 4054 4053
f 4049 4050 4054
f 4047 4053 4051
f 4047 4049 4053
f 4048 4052 4054
f 4048 4054 4050
f 4051 4055 4056
f 4051 4056 4052
f 4053 4058 4057
f 4053 4054 4058
f 4051 4057 4055
f 4051 4053 4057
f 4052 4056 4058
f 4052 4058 4054
f 4055 4059 4060
f 4055 4060 4056
f 4057 4062 4061
f 4057 4058 4062
f 4055 4061 4059
f 4055 4057 4061
f 4056 4060 4062
f 4056 4062 4058
f 4059 4063 4064
f 4059 4064 4060
f 4061 4066 4065
f 4061 4062 4066
f 4059 4065 4063
f 4059 4061 4065
f 4060 4064 4066
f 4060 4066 4062
f 4063 4067 4068
f 4063 4068 4064
f 4065 4070 4069
f 4065 4066 4070
f 4063 4069 4067
f 4063 4065 4069
f 4064 4068 4070
f 4064 4070 4066
f 4067 4071 4072
f 4067 4072 4068
f 4069 4074 4073
f 4069 4070 4074
f 4067 4073 4071
f 4067 4069 4073
f 4068 4072 4074
f 4068 4074 4070
f 4071 4075 4076
f 4071 4076 4072
f 4073 4078 4077
f 4073 4074 4078
f 4071 4077 4075
f 4071 4073 4077
f 4072 4076 4078
f 4072 4078 4074
f 4079 4083 4084
f 4079 4084 4080
f 4081 4086 4085
f 4081 4082 4086
f 4079 4085 4083
f 4079 4081 4085
f 4080 4084 4086
f 4080 4086 4082
f 4083 4087 4088
f 4083 4088 4084
f 4085 4090 4089
f 4085 4086 4090
f 4083 4089 4087
f 4083 4085 4089
f 4084 4088 4090
f 4084 4090 4086
f 4087 4091 4092
f 4087 4092 4088
f 4089 4094 4093
f 4089 4090 4094
f 4087 4093 4091
f 4087 4089 4093
f 4088 4092 4094
f 4088 4094 4090
f 4091 4095 4096
f 4091 4096 4092
f 4093 4098 4097
f 4093 4094 4098
f 4091 4097 4095
f 4091 4093 4097
f 4092 4096 4098
f 4092 4098 4094
f 4095 4099 4100
f 4095 4100 4096
f 4097 4102 4101
f 4097 4098 4102
f 4095 4101 4099
f 4095 4097 4101
f 4096 4100 4102
f 4096 4102 4098
f 4099 4103 4104
f 4099 4104 4100
f 4101 4106 4105
f 4101 4102 4106
f 4099 4105 4103
f 4099 4101 4105
f 4100 4104 4106
f 4100 4106 4102
f 4103 4107 4108
f 4103 4108 4104
f 4105 4110 4109
f 4105 4106 4110
f 4103 4109 4107
f 4103 4105 4109
f 4104 4108 4110
f 4104 4110 4106
f 4107 4111 4112
f 4107 4112 4108
f 4109 4114 4113
f 4109 4110 4114
f 4107 4113 4111
f 4107 4109 4113
f 4108 4112 4114
f 4108 4114 4110
f 4111 4115 4116
f 4111 4116 4112
f 4113 4118 4117
f 4113 4114 4118
f 4111 4117 4115
f 4111 4113 4117
f 4112 4116 4118
f 4112 4118 4114
f 4115 4119 4120
f 4115 4120 4116
f 4117 4122 4121
f 4117 4118 4122
f 4115 4121 4119
f 4115 4117 4121
f 4116 4120 4122
f 4116 4122 4118
f 4123 4127 4128
f 4123 4128 4124
f 4125 4130 4129
f 4125 4126 4130
f 4123 4129 4127
f 4123 4125 4129
f 4124 4128 4130
f 4124 4130 4126
f 4127 4131 4132
f 4127 4132 4128
f 4129 4134 4133
f 4129 4130 4134
f 4127 4133 4131
f 4127 4129 4133
f 4128 4132 4134
f 4128 4134 4130
f 4131 4135 4136
f 4131 4136 4132
f 4133 4138 4137
f 4133 4134 4138
f 4131 4137 4135
f 4131 4133 4137
f 4132 4136 4138
f 4132 4138 4134
f 4135 4139 4140
f 4135 4140 4136
f 4137 4142 4141
f 4137 4138 4142
f 4135 4141 4139
f 4135 4137 4141
f 4136 4140 4142
f 4136 4142 4138
f 4139 4143 4144
f 4139 4144 4140
f 4141 4146 4145
f 4141 4142 4146
f 4139 4145 4143
f 4139 4141 4145
f 4140 4144 4146
f 4140 4146 4142
f 4143 4147 4148
f 4143 4148 4144
f 4145 4150 4149
f 4145 4146 4150
f 4143 4149 4147
f 4143 4145 4149
f 4144 4148 4150
f 4144 4150 4146
f 4147 4151 4152
f 4147 4152 4148
f 4149 4154 4153
f 4149 4150 4154
f 4147 4153 4151
f 4147 4149 4153
f 4148 4152 4154
f 4148 4154 4150
f 4151 4155 4156
f 4151 4156 4152
f 4153 4158 4157
f 4153 4154 4158
f 4151 4157 4155
f 4151 4153 4157
f 4152 4156 4158
f 4152 4158 4154
f 4155 4159 4160
f 4155 4160 4156
f 4157 4162 4161
f 4157 4158 4162
f 4155 4161 4159
f 4155 4157 4161
f 4156 4160 4162
f 4156 4162 4158
f 4159 4163 4164
f 4159 4164 4160
f 4161 4166 4165
f 4161 4162 4166
f 4159 4165 4163
f 4159 4161 4165
f 4160 4164 4166
f 4160 4166 4162
f 4167 4171 4172
f 4167 4172 4168
f 4169 4174 4173
f 4169 4170 4174
f 4167 4173 4171
f 4167 4169 4173
f 4168 4172 4174
f 4168 4174 4170
f 4171 4175 4176
f 4171 4176 4172
f 4173 4178 4177
f 4173 4174 4178
f 4171 4177 4175
f 4171 4173 4177
f 4172 4176 4178
f 4172 4178 4174
f 4175 4179 4180
f 4175 4180 4176
f 4177 4182 4181
f 4177 4178 4182
f 4175 4181 4179
f 4175 4177 4181
f 4176 4180 4182
f 4176 4182 4178
f 4179 4183 4184
f 4179 4184 4180
f 4181 4186 4185
f 4181 4182 4186
f 4179 4185 4183
f 4179 4181 4185
f 4180 4184 4186
f 4180 4186 4182
f 4183 4187 4188
f 4183 4188 4184
f 4185 4190 4189
f 4185 4186 4190
f 4183 4189 4187
f 4183 4185 4189
f 4184 4188 4190
f 4184 4190 4186
f 4187 4191 4192
f 4187 4192 4188
f 4189 4194 4193
f 4189 4190 4194
f 4187 4193 4191
f 4187 4189 4193
f 4188 4192 4194
f 4188 4194 4190
f 4191 4195 4196
f 4191 4196 4192
f 4193 4198 4197
f 4193 4194 4198
f 4191 4197 4195
f 4191 4193 4197
f 4192 4196 4198
f 4192 4198 4194
f 4195 4199 4200
f 4195 4200 4196
f 4197 4202 4201
f 4197 4198 4202
f 4195 4201 4199
f 4195 4197 4201
f 4196 4200 4202
f 4196 4202 4198
f 4199 4203 4204
f 4199 4204 4200
f 4201 4206 4205
f 4201 4202 4206
f 4199 4205 4203
f 4199 4201 4205
f 4200 4204 4206
f 4200 4206 4202
f 4203 4207 4208
f 4203 4208 4204
f 4205 4210 4209
f 4205 4206 4210
f 4203 4209 4207
f 4203 4205 4209
f 4204 4208 4210
f 4204 4210 4206
f 4211 4215 4216
f 4211 4216 4212
f 4213 4218 4217
f 4213 4214 4218
f 4211 4217 4215
f 4211 4213 4217
f 4212 4216 4218
f 4212 4218 4214
f 4215 4219 4220
f 4215 4220 4216
f 4217 4222 4221
f 4217 4218 4222
f 4215 4221 4219
f 4215 4217 4221
f 4216 4220 4222
f 4216 4222 4218
f 4219 4223 4224
f 4219 4224 4220
f 4221 4226 4225
f 4221 4222 4226
f 4219 4225 4223
f 4219 4221 4225
f 4220 4224 4226
f 4220 4226 4222
f 3294 3295 3303
f 3294 3303 3302
f 3295 3296 3304
f 3295 3304 3303
f 3296 3297 3305
f 3296 3305 3304
f 3297 3298 3306
f 3297 3306 3305
f 3298 3291 3299
f 3298 3299 3306
f 3307 3292 3291
f 3308 3299 3300
f 3307 3293 3292
f 3308 3300 3301
f 3307 3294 3293
f 3308 3301 3302
f 3307 3295 3294
f 3308 3302 3303
f 3307 3296 3295
f 3308 3303 3304
f 3307 3297 3296
f 3308 3304 3305
f 3307 3298 3297
f 3308 3305 3306
f 3307 3291 3298
f 3308 3306 3299
f 3309 3310 3326
f 3309 3326 3325
f 3310 3311 3327
f 3310 3327 3326
f 3311 3312 3328
f 3311 3328 3327
f 3312 3313 3329
f 3312 3329 3328
f 3313 3314 3330
f 3313 3330 3329
f 3314 3315 3331
f 3314 3331 3330
f 3315 3316 3332
f 3315 3332 3331
f 3316 3317 3333
f 3316 3333 3332
f 3317 3318 3334
f 3317 3334 3333
f 3318 3319 3335
f 3318 3335 3334
f 3319 3320 3336
f 3319 3336 3335
f 3320 3321 3337
f 3320 3337 3336
f 3321 3322 3338
f 3321 3338 3337
f 3322 3323 3339
f 3322 3339 3338
f 3323 3324 3340
f 3323 3340 3339
f 3324 3309 3325
f 3324 3325 3340
f 3341 3310 3309
f 3342 3325 3326
f 3341 3311 3310
f 3342 3326 3327
f 3341 3312 3311
f 3342 3327 3328
f 3341 3313 3312
f 3342 3328 3329
f 3341 3314 3313
f 3342 3329 3330
f 3341 3315 3314
f 3342 3330 3331
f 3341 3316 3315
f 3342 3331 3332
f 3341 3317 3316
f 3342 3332 3333
f 3341 3318 3317
f 3342 3333 3334
f 3341 3319 3318
f 3342 3334 3335
f 3341 3320 3319
f 3342 3335 3336
f 3341 3321 3320
f 3342 3336 3337
f 3341 3322 3321
f 3342 3337 3338
f 3341 3323 3322
f 3342 3338 3339
f 3341 3324 3323
f 3342 3339 3340
f 3341 3309 3324
f 3342 3340 3325
f 3343 3344 3360
f 3343 3360 3359
f 3344 3345 3361
f 3344 3361 3360
f 3345 3346 3362
f 3345 3362 3361
f 3346 3347 3363
f 3346 3363 3362
f 3347 3348 3364
f 3347 3364 3363
f 3348 3349 3365
f 3348 3365 3364
f 3349 3350 3366
f 3349 3366 3365
f 3350 3351 3367
f 3350 3367 3366
f 3351 3352 3368
f 3351 3368 3367
f 3352 3353 3369
f 3352 3369 3368
f 3353 3354 3370
f 3353 3370 3369
f 3354 3355 3371
f 3354 3371 3370
f 3355 3356 3372
f 3355 3372 3371
f 3356 3357 3373
f 3356 3373 3372
f 3357 3358 3374
f 3357 3374 3373
f 3358 3343 3359
f 3358 3359 3374
f 3375 3344 3343
f 3376 3359 3360
f 3375 3345 3344
f 3376 3360 3361
f 3375 3346 3345
f 3376 3361 3362
f 3432 3433 3441
f 3432 3441 3440
f 3433 3434 3442
f 3433 3442 3441
f 3434 3435 3443
f 3434 3443 3442
f 3435 3436 3444
f 3435 3444 3443
f 3436 3429 3437
f 3436 3437 3444
f 3445 3430 3429
f 3446 3437 3438
f 3445 3431 3430
f 3446 3438 3439
f 3445 3432 3431
f 3446 3439 3440
f 3445 3433 3432
f 3446 3440 3441
f 3445 3434 3433
f 3446 3441 3442
f 3445 3435 3434
f 3446 3442 3443
f 3445 3436 3435
f 3446 3443 3444
f 3445 3429 3436
f 3446 3444 3437
f 3447 3451 3452
f 3447 3452 3448
f 3449 3454 3453
f 3449 3450 3454
f 3447 3453 3451
f 3447 3449 3453
f 3448 3452 3454
f 3448 3454 3450
f 3451 3455 3456
f 3451 3456 3452
f 3453 3458 3457
f 3453 3454 3458
f 3451 3457 3455
f 3451 3453 3457
f 3452 3456 3458
f 3452 3458 3454
f 3455 3459 3460
f 3455 3460 3456
f 3457 3462 3461
f 3457 3458 3462
f 3455 3461 3459
f 3455 3457 3461
f 3456 3460 3462
f 3456 3462 3458
f 3459 3463 3464
f 3459 3464 3460
f 3461 3466 3465
f 3461 3462 3466
f 3459 3465 3463
f 3459 3461 3465
f 3460 3464 3466
f 3460 3466 3462
f 3463 3467 3468
f 3463 3468 3464
f 3465 3470 3469
f 3465 3466 3470
f 3463 3469 3467
f 3463 3465 3469
f 3464 3468 3470
f 3464 3470 3466
f 3467 3471 3472
f 3467 3472 3468
f 3469 3474 3473
f 3469 3470 3474
f 3467 3473 3471
f 3467 3469 3473
f 3468 3472 3474
f 3468 3474 3470
f 3471 3475 3476
f 3471 3476 3472
f 3473 3478 3477
f 3473 3474 3478
f 3471 3477 3475
f 3471 3473 3477
f 3472 3476 3478
f 3472 3478 3474
f 3475 3479 3480
f 3475 3480 3476
f 3477 3482 3481
f 3477 3478 3482
f 3475 3481 3479
f 3475 3477 3481
f 3476 3480 3482
f 3476 3482 3478
f 3479 3483 3484
f 3479 3484 3480
f 3481 3486 3485
f 3481 3482 3486
f 3479 3485 3483
f 3479 3481 3485
f 3480 3484 3486
f 3480 3486 3482
f 3483 3487 3488
f 3483 3488 3484
f 3485 3490 3489
f 3485 3486 3490
f 3483 3489 3487
f 3483 3485 3489
f 3484 3488 3490
f 3484 3490 3486
f 3487 3491 3492
f 3487 3492 3488
f 3489 3494 3493
f 3489 3490 3494
f 3487 3493 3491
f 3487 3489 3493
f 3488 3492 3494
f 3488 3494 3490
f 3491 3495 3496
f 3491 3496 3492
f 3493 3498 3497
f 3493 3494 3498
f 3491 3497 3495
f 3491 3493 3497
f 3492 3496 3498
f 3492 3498 3494
f 3495 3499 3500
f 3495 3500 3496
f 3497 3502 3501
f 3497 3498 3502
f 3495 3501 3499
f 3495 3497 3501
f 3564 3568 3570
f 3564 3570 3566
f 3567 3571 3572
f 3567 3572 3568
f 3569 3574 3573
f 3569 3570 3574
f 3567 3573 3571
f 3567 3569 3573
f 3568 3572 3574
f 3568 3574 3570
f 3571 3575 3576
f 3571 3576 3572
f 3573 3578 3577
f 3573 3574 3578
f 3571 3577 3575
f 3571 3573 3577
f 3572 3576 3578
f 3572 3578 3574
f 3575 3579 3580
f 3575 3580 3576
f 3577 3582 3581
f 3577 3578 3582
f 3575 3581 3579
f 3575 3577 3581
f 3576 3580 3582
f 3576 3582 3578
f 3583 3587 3588
f 3583 3588 3584
f 3585 3590 3589
f 3585 3586 3590
f 3583 3589 3587
f 3583 3585 3589
f 3584 3588 3590
f 3584 3590 3586
f 3587 3591 3592
f 3587 3592 3588
f 3589 3594 3593
f 3589 3590 3594
f 3587 3593 3591
f 3587 3589 3593
f 3588 3592 3594
f 3588 3594 3590
f 3591 3595 3596
f 3591 3596 3592
f 3593 3598 3597
f 3593 3594 3598
f 3591 3597 3595
f 3591 3593 3597
f 3592 3596 3598
f 3592 3598 3594
f 3595 3599 3600
f 3595 3600 3596
f 3597 3602 3601
f 3597 3598 3602
f 3595 3601 3599
f 3595 3597 3601
f 3596 3600 3602
f 3596 3602 3598
f 3599 3603 3604
f 3599 3604 3600
f 3601 3606 3605
f 3601 3602 3606
f 3599 3605 3603
f 3599 3601 3605
f 3600 3604 3606
f 3600 3606 3602
f 3603 3607 3608
f 3603 3608 3604
f 3605 3610 3609
f 3605 3606 3610
f 3603 3609 3607
f 3603 3605 3609
f 3604 3608 3610
f 3604 3610 3606
f 3607 3611 3612
f 3607 3612 3608
f 3609 3614 3613
f 3609 3610 3614
f 3607 3613 3611
f 3607 3609 3613
f 3608 3612 3614
f 3608 3614 3610
f 3611 3615 3616
f 3611 3616 3612
f 3613 3618 3617
f 3613 3614 3618
f 3611 3617 3615
f 3611 3613 3617
f 3612 3616 3618
f 3612 3618 3614
f 3615 3619 3620
f 3615 3620 3616
f 3617 3622 3621
f 3617 3618 3622
f 3615 3621 3619
f 3615 3617 3621
f 3616 3620 3622
f 3616 3622 3618
f 3619 3623 3624
f 3619 3624 3620
f 3621 3626 3625
f 3621 3622 3626
f 3619 3625 3623
f 3619 3621 3625
f 3620 3624 3626
f 3620 3626 3622
f 3623 3627 3628
f 3623 3628 3624
f 3625 3630 3629
f 3625 3626 3630
f 3623 3629 3627
f 3623 3625 3629
f 3624 3628 3630
f 3624 3630 3626
f 3627 3631 3632
f 3627 3632 3628
f 3629 3634 3633
f 3629 3630 3634
f 3627 3633 3631
f 3627 3629 3633
f 3628 3632 3634
f 3628 3634 3630
f 3631 3635 3636
f 3631 3636 3632
f 3633 3638 3637
f 3633 3634 3638
f 3631 3637 3635
f 3631 3633 3637
f 3700 3704 3706
f 3700 3706 3702
f 3703 3707 3708
f 3703 3708 3704
f 3705 3710 3709
f 3705 3706 3710
f 3703 3709 3707
f 3703 3705 3709
f 3704 3708 3710
f 3704 3710 3706
f 3707 3711 3712
f 3707 3712 3708
f 3709 3714 3713
f 3709 3710 3714
f 3707 3713 3711
f 3707 3709 3713
f 3708 3712 3714
f 3708 3714 3710
f 3711 3715 3716
f 3711 3716 3712
f 3713 3718 3717
f 3713 3714 3718
f 3711 3717 3715
f 3711 3713 3717
f 3712 3716 3718
f 3712 3718 3714
f 3719 3723 3724
f 3719 3724 3720
f 3721 3726 3725
f 3721 3722 3726
f 3719 3725 3723
f 3719 3721 3725
f 3720 3724 3726
f 3720 3726 3722
f 3723 3727 3728
f 3723 3728 3724
f 3725 3730 3729
f 3725 3726 3730
f 3723 3729 3727
f 3723 3725 3729
f 3724 3728 3730
f 3724 3730 3726
f 3727 3731 3732
f 3727 3732 3728
f 3729 3734 3733
f 3729 3730 3734
f 3727 3733 3731
f 3727 3729 3733
f 3728 3732 3734
f 3728 3734 3730
f 3731 3735 3736
f 3731 3736 3732
f 3733 3738 3737
f 3733 3734 3738
f 3731 3737 3735
f 3731 3733 3737
f 3732 3736 3738
f 3732 3738 3734
f 3735 3739 3740
f 3735 3740 3736
f 3737 3742 3741
f 3737 3738 3742
f 3735 3741 3739
f 3735 3737 3741
f 3736 3740 3742
f 3736 3742 3738
f 3739 3743 3744
f 3739 3744 3740
f 3741 3746 3745
f 3741 3742 3746
f 3739 3745 3743
f 3739 3741 3745
f 3740 3744 3746
f 3740 3746 3742
f 3743 3747 3748
f 3743 3748 3744
f 3745 3750 3749
f 3745 3746 3750
f 3743 3749 3747
f 3743 3745 3749
f 3744 3748 3750
f 3744 3750 3746
f 3747 3751 3752
f 3747 3752 3748
f 3749 3754 3753
f 3749 3750 3754
f 3747 3753 3751
f 3747 3749 3753
f 3748 3752 3754
f 3748 3754 3750
f 3751 3755 3756
f 3751 3756 3752
f 3753 3758 3757
f 3753 3754 3758
f 3751 3757 3755
f 3751 3753 3757
f 3752 3756 3758
f 3752 3758 3754
f 3755 3759 3760
f 3755 3760 3756
f 3757 3762 3761
f 3757 3758 3762
f 3755 3761 3759
f 3755 3757 3761
f 3756 3760 3762
f 3756 3762 3758
f 3759 3763 3764
f 3759 3764 3760
f 3761 3766 3765
f 3761 3762 3766
f 3759 3765 3763
f 3759 3761 3765
f 3760 3764 3766
f 3760 3766 3762
f 3763 3767 3768
f 3763 3768 3764
f 3765 3770 3769
f 3765 3766 3770
f 3763 3769 3767
f 3763 3765 3769
f 3764 3768 3770
f 3764 3770 3766
f 3767 3771 3772
f 3767 3772 3768
f 3769 3774 3773
f 3769 3770 3774
f 3767 3773 3771
f 3767 3769 3773
f 3836 3840 3842
f 3836 3842 3838
f 3839 3843 3844
f 3839 3844 3840
f 3841 3846 3845
f 3841 3842 3846
f 3839 3845 3843
f 3839 3841 3845
f 3840 3844 3846
f 3840 3846 3842
f 3843 3847 3848
f 3843 3848 3844
f 3845 3850 3849
f 3845 3846 3850
f 3843 3849 3847
f 3843 3845 3849
f 3844 3848 3850
f 3844 3850 3846
f 3847 3851 3852
f 3847 3852 3848
f 3849 3854 3853
f 3849 3850 3854
f 3847 3853 3851
f 3847 3849 3853
f 3848 3852 3854
f 3848 3854 3850
f 3855 3859 3860
f 3855 3860 3856
f 3857 3862 3861
f 3857 3858 3862
f 3855 3861 3859
f 3855 3857 3861
f 3856 3860 3862
f 3856 3862 3858
f 3859 3863 3864
f 3859 3864 3860
f 3861 3866 3865
f 3861 3862 3866
f 3859 3865 3863
f 3859 3861 3865
f 3860 3864 3866
f 3860 3866 3862
f 3863 3867 3868
f 3863 3868 3864
f 3865 3870 3869
f 3865 3866 3870
f 3863 3869 3867
f 3863 3865 3869
f 3864 3868 3870
f 3864 3870 3866
f 3867 3871 3872
f 3867 3872 3868
f 3869 3874 3873
f 3869 3870 3874
f 3867 3873 3871
f 3867 3869 3873
f 3868 3872 3874
f 3868 3874 3870
f 3871 3875 3876
f 3871 3876 3872
f 3873 3878 3877
f 3873 3874 3878
f 3871 3877 3875
f 3871 3873 3877
f 3872 3876 3878
f 3872 3878 3874
f 3875 3879 3880
f 3875 3880 3876
f 3877 3882 3881
f 3877 3878 3882
f 3875 3881 3879
f 3875 3877 3881
f 3876 3880 3882
f 3876 3882 3878
f 3879 3883 3884
f 3879 3884 3880
f 3881 3886 3885
f 3881 3882 3886
f 3879 3885 3883
f 3879 3881 3885
f 3880 3884 3886
f 3880 3886 3882
f 3883 3887 3888
f 3883 3888 3884
f 3885 3890 3889
f 3885 3886 3890
f 3883 3889 3887
f 3883 3885 3889
f 3884 3888 3890
f 3884 3890 3886
f 3887 3891 3892
f 3887 3892 3888
f 3889 3894 3893
f 3889 3890 3894
f 3887 3893 3891
f 3887 3889 3893
f 3888 3892 3894
f 3888 3894 3890
f 3891 3895 3896
f 3891 3896 3892
f 3893 3898 3897
f 3893 3894 3898
f 3891 3897 3895
f 3891 3893 3897
f 3892 3896 3898
f 3892 3898 3894
f 3895 3899 3900
f 3895 3900 3896
f 3897 3902 3901
f 3897 3898 3902
f 3895 3901 3899
f 3895 3897 3901
f 3896 3900 3902
f 3896 3902 3898
f 3899 3903 3904
f 3899 3904 3900
f 3901 3906 3905
f 3901 3902 3906
f 3899 3905 3903
f 3899 3901 3905
f 3900 3904 3906
f 3900 3906 3902
f 3903 3907 3908
f 3903 3908 3904
f 3905 3910 3909
f 3905 3906 3910
f 3903 3909 3907
f 3903 3905 3909
f 3972 3976 3978
f 3972 3978 3974
f 3975 3979 3980
f 3975 3980 3976
f 3977 3982 3981
f 3977 3978 3982
f 3975 3981 3979
f 3975 3977 3981
f 3976 3980 3982
f 3976 3982 3978
f 3979 3983 3984
f 3979 3984 3980
f 3981 3986 3985
f 3981 3982 3986
f 3979 3985 3983
f 3979 3981 3985
f 3980 3984 3986
f 3980 3986 3982
f 3983 3987 3988
f 3983 3988 3984
f 3985 3990 3989
f 3985 3986 3990
f 3983 3989 3987
f 3983 3985 3989
f 3984 3988 3990
f 3984 3990 3986
f 3991 3995 3996
f 3991 3996 3992
f 3993 3998 3997
f 3993 3994 3998
f 3991 3997 3995
f 3991 3993 3997
f 3992 3996 3998
f 3992 3998 3994
f 3995 3999 4000
f 3995 4000 3996
f 3997 4002 4001
f 3997 3998 4002
f 3995 4001 3999
f 3995 3997 4001
f 3996 4000 4002
f 3996 4002 3998
f 3999 4003 4004
f 3999 4004 4000
f 4001 4006 4005
f 4001 4002 4006
f 3999 4005 4003
f 3999 4001 4005
f 4000 4004 4006
f 4000 4006 4002
f 4003 4007 4008
f 4003 4008 4004
f 4005 4010 4009
f 4005 4006 4010
f 4003 4009 4007
f 4003 4005 4009
f 4004 4008 4010
f 4004 4010 4006
f 4007 4011 4012
f 4007 4012 4008
f 4009 4014 4013
f 4009 4010 4014
f 4007 4013 4011
f 4007 4009 4013
f 4008 4012 4014
f 4008 4014 4010
f 4011 4015 4016
f 4011 4016 4012
f 4013 4018 4017
f 4013 4014 4018
f 4011 4017 4015
f 4011 4013 4017
f 4012 4016 4018
f 4012 4018 4014
f 4015 4019 4020
f 4015 4020 4016
f 4017 4022 4021
f 4017 4018 4022
f 4015 4021 4019
f 4015 4017 4021
f 4016 4020 4022
f 4016 4022 4018
f 4019 4023 4024
f 4019 4024 4020
f 4021 4026 4025
f 4021 4022 4026
f 4019 4025 4023
f 4019 4021 4025
f 4020 4024 4026
f 4020 4026 4022
f 4023 4027 4028
f 4023 4028 4024
f 4025 4030 4029
f 4025 4026 4030
f 4023 4029 4027
f 4023 4025 4029
f 4024 4028 4030
f 4024 4030 4026
f 4027 4031 4032
f 4027 4032 4028
f 4029 4034 4033
f 4029 4030 4034
f 4027 4033 4031
f 4027 4029 4033
f 4028 4032 4034
f 4028 4034 4030
f 4035 4039 4040
f 4035 4040 4036
f 4037 4042 4041
f 4037 4038 4042
f 4035 4041 4039
f 4035 4037 4041
f 4036 4040 4042
f 4036 4042 4038
f 4039 4043 4044
f 4039 4044 4040
f 4041 4046 4045
f 4041 4042 4046
f 4039 4045 4043
f 4039 4041 4045
f 4040 4044 4046
f 4040 4046 4042
f 4043 4047 4048
f 4043 4048 4044
f 4045 4050 4049
f 4045 4046 4050
f 4043 4049 4047
f 4043 4045 4049
f 4112 4116 4118
f 4112 4118 4114
f 4115 4119 4120
f 4115 4120 4116
f 4117 4122 4121
f 4117 4118 4122
f 4115 4121 4119
f 4115 4117 4121
f 4116 4120 4122
f 4116 4122 4118
f 4123 4127 4128
f 4123 4128 4124
f 4125 4130 4129
f 4125 4126 4130
f 4123 4129 4127
f 4123 4125 4129
f 4124 4128 4130
f 4124 4130 4126
f 4127 4131 4132
f 4127 4132 4128
f 4129 4134 4133
f 4129 4130 4134
f 4127 4133 4131
f 4127 4129 4133
f 4128 4132 4134
f 4128 4134 4130
f 4131 4135 4136
f 4131 4136 4132
f 4133 4138 4137
f 4133 4134 4138
f 4131 4137 4135
f 4131 4133 4137
f 4132 4136 4138
f 4132 4138 4134
f 4135 4139 4140
f 4135 4140 4136
f 4137 4142 4141
f 4137 4138 4142
f 4135 4141 4139
f 4135 4137 4141
f 4136 4140 4142
f 4136 4142 4138
f 4139 4143 4144
f 4139 4144 4140
f 4141 4146 4145
f 4141 4142 4146
f 4139 4145 4143
f 4139 4141 4145
f 4140 4144 4146
f 4140 4146 4142
f 4143 4147 4148
f 4143 4148 4144
f 4145 4150 4149
f 4145 4146 4150
f 4143 4149 4147
f 4143 4145 4149
f 4144 4148 4150
f 4144 4150 4146
f 4147 4151 4152
f 4147 4152 4148
f 4149 4154 4153
f 4149 4150 4154
f 4147 4153 4151
f 4147 4149 4153
f 4148 4152 4154
f 4148 4154 4150
f 4151 4155 4156
f 4151 4156 4152
f 4153 4158 4157
f 4153 4154 4158
f 4151 4157 4155
f 4151 4153 4157
f 4152 4156 4158
f 4152 4158 4154
f 4155 4159 4160
f 4155 4160 4156
f 4157 4162 4161
f 4157 4158 4162
f 4155 4161 4159
f 4155 4157 4161
f 4156 4160 4162
f 4156 4162 4158
f 4159 4163 4164
f 4159 4164 4160
f 4161 4166 4165
f 4161 4162 4166
f 4159 4165 4163
f 4159 4161 4165
f 4160 4164 4166
f 4160 4166 4162
f 4167 4171 4172
f 4167 4172 4168
f 4169 4174 4173
f 4169 4170 4174
f 4167 4173 4171
f 4167 4169 4173
f 4168 4172 4174
f 4168 4174 4170
f 4171 4175 4176
f 4171 4176 4172
f 4173 4178 4177
f 4173 4174 4178
f 4171 4177 4175
f 4171 4173 4177
f 4172 4176 4178
f 4172 4178 4174
f 4175 4179 4180
f 4175 4180 4176
f 4177 4182 4181
f 4177 4178 4182
f 4175 4181 4179
f 4175 4177 4181
f 4176 4180 4182
f 4176 4182 4178
f 4179 4183 4184
f 4179 4184 4180
f 4181 4186 4185
f 4181 4182 4186
f 4179 4185 4183
f 4179 4181 4185
f 4180 4184 4186
f 4180 4186 4182
f 4183 4187 4188
f 4183 4188 4184
f 4185 4190 4189
f 4185 4186 4190
f 4183 4189 4187
f 4183 4185 4189
f 4256 4260 4262
f 4256 4262 4258
f 4259 4263 4264
f 4259 4264 4260
f 4261 4266 4265
f 4261 4262 4266
f 4259 4265 4263
f 4259 4261 4265
f 4260 4264 4266
f 4260 4266 4262
f 4263 4267 4268
f 4263 4268 4264
f 4265 4270 4269
f 4265 4266 4270
f 4263 4269 4267
f 4263 4265 4269
f 4264 4268 4270
f 4264 4270 4266
f 4267 4271 4272
f 4267 4272 4268
f 4269 4274 4273
f 4269 4270 4274
f 4267 4273 4271
f 4267 4269 4273
f 4268 4272 4274
f 4268 4274 4270
f 4271 4275 4276
f 4271 4276 4272
f 4273 4278 4277
f 4273 4274 4278
f 4271 4277 4275
f 4271 4273 4277
f 4272 4276 4278
f 4272 4278 4274
f 4275 4279 4280
f 4275 4280 4276
f 4277 4282 4281
f 4277 4278 4282
f 4275 4281 4279
f 4275 4277 4281
f 4276 4280 4282
f 4276 4282 4278
f 4279 4283 4284
f 4279 4284 4280
f 4281 4286 4285
f 4281 4282 4286
f 4279 4285 4283
f 4279 4281 4285
f 4280 4284 4286
f 4280 4286 4282
f 4283 4287 4288
f 4283 4288 4284
f 4285 4290 4289
f 4285 4286 4290
f 4283 4289 4287
f 4283 4285 4289
f 4284 4288 4290
f 4284 4290 4286
f 4287 4291 4292
f 4287 4292 4288
f 4289 4294 4293
f 4289 4290 4294
f 4287 4293 4291
f 4287 4289 4293
f 4288 4292 4294
f 4288 4294 4290
f 4291 4295 4296
f 4291 4296 4292
f 4293 4298 4297
f 4293 4294 4298
f 4291 4297 4295
f 4291 4293 4297
f 4292 4296 4298
f 4292 4298 4294
f 4299 4303 4304
f 4299 4304 4300
f 4301 4306 4305
f 4301 4302 4306
f 4299 4305 4303
f 4299 4301 4305
f 4300 4304 4306
f 4300 4306 4302
f 4303 4307 4308
f 4303 4308 4304
f 4305 4310 4309
f 4305 4306 4310
f 4303 4309 4307
f 4303 4305 4309
f 4304 4308 4310
f 4304 4310 4306
f 4307 4311 4312
f 4307 4312 4308
f 4309 4314 4313
f 4309 4310 4314
f 4307 4313 4311
f 4307 4309 4313
f 4308 4312 4314
f 4308 4314 4310
f 4311 4315 4316
f 4311 4316 4312
f 4313 4318 4317
f 4313 4314 4318
f 4311 4317 4315
f 4311 4313 4317
f 4312 4316 4318
f 4312 4318 4314
f 4315 4319 4320
f 4315 4320 4316
f 4317 4322 4321
f 4317 4318 4322
f 4315 4321 4319
f 4315 4317 4321
f 4316 4320 4322
f 4316 4322 4318
f 4319 4323 4324
f 4319 4324 4320
f 4321 4326 4325
f 4321 4322 4326
f 4319 4325 4323
f 4319 4321 4325
f 4320 4324 4326
f 4320 4326 4322
f 4323 4327 4328
f 4323 4328 4324
f 4325 4330 4329
f 4325 4326 4330
f 4323 4329 4327
f 4323 4325 4329
g pins
usemtl pins
f 1187 1188 1194
f 1187 1194 1193
f 1188 1183 1189
f 1188 1189 1194
f 1195 1184 1183
f 1196 1189 1190
f 1195 1185 1184
f 1196 1190 1191
f 1195 1186 1185
f 1196 1191 1192
f 1195 1187 1186
f 1196 1192 1193
f 1195 1188 1187
f 1196 1193 1194
f 1195 1183 1188
f 1196 1194 1189
f 1197 1198 1204
f 1197 1204 1203
f 1198 1199 1205
f 1198 1205 1204
f 1199 1200 1206
f 1199 1206 1205
f 1200 1201 1207
f 1200 1207 1206
f 1201 1202 1208
f 1201 1208 1207
f 1202 1197 1203
f 1202 1203 1208
f 1209 1198 1197
f 1210 1203 1204
f 1209 1199 1198
f 1210 1204 1205
f 1209 1200 1199
f 1210 1205 1206
f 1209 1201 1200
f 1210 1206 1207
f 1209 1202 1201
f 1210 1207 1208
f 1209 1197 1202
f 1210 1208 1203
f 1211 1212 1218
f 1211 1218 1217
f 1212 1213 1219
f 1212 1219 1218
f 1213 1214 1220
f 1213 1220 1219
f 1214 1215 1221
f 1214 1221 1220
f 1215 1216 1222
f 1215 1222 1221
f 1216 1211 1217
f 1216 1217 1222
f 1223 1212 1211
f 1224 1217 1218
f 1223 1213 1212
f 1224 1218 1219
f 1223 1214 1213
f 1224 1219 1220
f 1223 1215 1214
f 1224 1220 1221
f 1223 1216 1215
f 1224 1221 1222
f 1223 1211 1216
f 1224 1222 1217
f 1225 1226 1232
f 1225 1232 1231
f 1226 1227 1233
f 1226 1233 1232
f 1227 1228 1234
f 1227 1234 1233
f 1228 1229 1235
f 1228 1235 1234
f 1229 1230 1236
f 1229 1236 1235
f 1230 1225 1231
f 1230 1231 1236
f 1237 1226 1225
f 1238 1231 1232
f 1237 1227 1226
f 1238 1232 1233
f 1237 1228 1227
f 1238 1233 1234
f 1237 1229 1228
f 1238 1234 1235
f 1237 1230 1229
f 1238 1235 1236
f 1237 1225 1230
f 1238 1236 1231
f 1239 1240 1256
f 1239 1256 1255
f 1240 1241 1257
f 1240 1257 1256
f 1241 1242 1258
f 1241 1258 1257
f 1242 1243 1259
f 1242 1259 1258
f 1243 1244 1260
f 1243 1260 1259
f 1244 1245 1261
f 1244 1261 1260
f 1245 1246 1262
f 1245 1262 1261
f 1246 1247 1263
f 1246 1263 1262
f 1247 1248 1264
f 1247 1264 1263
f 1248 1249 1265
f 1248 1265 1264
f 1249 1250 1266
f 1249 1266 1265
f 1250 1251 1267
f 1250 1267 1266
f 1251 1252 1268
f 1251 1268 1267
f 1252 1253 1269
f 1252 1269 1268
f 1253 1254 1270
f 1253 1270 1269
f 1254 1239 1255
f 1254 1255 1270
f 1271 1240 1239
f 1272 1255 1256
f 1271 1241 1240
f 1272 1256 1257
f 1271 1242 1241
f 1272 1257 1258
f 1271 1243 1242
f 1272 1258 1259
f 1331 1316 1315
f 1332 1327 1328
f 1331 1317 1316
f 1332 1328 1329
f 1331 1318 1317
f 1332 1329 1330
f 1331 1307 1318
f 1332 1330 1319
f 1333 1334 1346
f 1333 1346 1345
f 1334 1335 1347
f 1334 1347 1346
f 1335 1336 1348
f 1335 1348 1347
f 1336 1337 1349
f 1336 1349 1348
f 1337 1338 1350
f 1337 1350 1349
f 1338 1339 1351
f 1338 1351 1350
f 1339 1340 1352
f 1339 1352 1351
f 1340 1341 1353
f 1340 1353 1352
f 1341 1342 1354
f 1341 1354 1353
f 1342 1343 1355
f 1342 1355 1354
f 1343 1344 1356
f 1343 1356 1355
f 1344 1333 1345
f 1344 1345 1356
f 1357 1334 1333
f 1358 1345 1346
f 1357 1335 1334
f 1358 1346 1347
f 1357 1336 1335
f 1358 1347 1348
f 1357 1337 1336
f 1358 1348 1349
f 1357 1338 1337
f 1358 1349 1350
f 1357 1339 1338
f 1358 1350 1351
f 1357 1340 1339
f 1358 1351 1352
f 1357 1341 1340
f 1358 1352 1353
f 1357 1342 1341
f 1358 1353 1354
f 1357 1343 1342
f 1358 1354 1355
f 1357 1344 1343
f 1358 1355 1356
f 1357 1333 1344
f 1358 1356 1345
f 1359 1360 1368
f 1359 1368 1367
f 1360 1361 1369
f 1360 1369 1368
f 1361 1362 1370
f 1361 1370 1369
f 1362 1363 1371
f 1362 1371 1370
f 1363 1364 1372
f 1363 1372 1371
f 1364 1365 1373
f 1364 1373 1372
f 1365 1366 1374
f 1365 1374 1373
f 1366 1359 1367
f 1366 1367 1374
f 1375 1360 1359
f 1376 1367 1368
f 1375 1361 1360
f 1376 1368 1369
f 1375 1362 1361
f 1376 1369 1370
f 1375 1363 1362
f 1376 1370 1371
f 1375 1364 1363
f 1376 1371 1372
f 1375 1365 1364
f 1376 1372 1373
f 1375 1366 1365
f 1376 1373 1374
f 1375 1359 1366
f 1376 1374 1367
f 1377 1378 1394
f 1377 1394 1393
f 1378 1379 1395
f 1378 1395 1394
f 1379 1380 1396
f 1379 1396 1395
f 1380 1381 1397
f 1380 1397 1396
f 1381 1382 1398
f 1381 1398 1397
f 1382 1383 1399
f 1382 1399 1398
f 1383 1384 1400
f 1383 1400 1399
f 1384 1385 1401
f 1384 1401 1400
f 1385 1386 1402
f 1385 1402 1401
f 1386 1387 1403
f 1386 1403 1402
f 1387 1388 1404
f 1387 1404 1403
f 1388 1389 1405
f 1388 1405 1404
f 1389 1390 1406
f 1389 1406 1405
f 1390 1391 1407
f 1390 1407 1406
f 1391 1392 1408
f 1391 1408 1407
f 1392 1377 1393
f 1392 1393 1408
f 1409 1378 1377
f 1410 1393 1394
f 1409 1379 1378
f 1410 1394 1395
f 1409 1380 1379
f 1410 1395 1396
f 1409 1381 1380
f 1410 1396 1397
f 1469 1454 1453
f 1470 1465 1466
f 1469 1455 1454
f 1470 1466 1467
f 1469 1456 1455
f 1470 1467 1468
f 1469 1445 1456
f 1470 1468 1457
f 1471 1472 1484
f 1471 1484 1483
f 1472 1473 1485
f 1472 1485 1484
f 1473 1474 1486
f 1473 1486 1485
f 1474 1475 1487
f 1474 1487 1486
f 1475 1476 1488
f 1475 1488 1487
f 1476 1477 1489
f 1476 1489 1488
f 1477 1478 1490
f 1477 1490 1489
f 1478 1479 1491
f 1478 1491 1490
f 1479 1480 1492
f 1479 1492 1491
f 1480 1481 1493
f 1480 1493 1492
f 1481 1482 1494
f 1481 1494 1493
f 1482 1471 1483
f 1482 1483 1494
f 1495 1472 1471
f 1496 1483 1484
f 1495 1473 1472
f 1496 1484 1485
f 1495 1474 1473
f 1496 1485 1486
f 1495 1475 1474
f 1496 1486 1487
f 1495 1476 1475
f 1496 1487 1488
f 1495 1477 1476
f 1496 1488 1489
f 1495 1478 1477
f 1496 1489 1490
f 1495 1479 1478
f 1496 1490 1491
f 1495 1480 1479
f 1496 1491 1492
f 1495 1481 1480
f 1496 1492 1493
f 1495 1482 1481
f 1496 1493 1494
f 1495 1471 1482
f 1496 1494 1483
f 1497 1498 1506
f 1497 1506 1505
f 1498 1499 1507
f 1498 1507 1506
f 1499 1500 1508
f 1499 1508 1507
f 1500 1501 1509
f 1500 1509 1508
f 1501 1502 1510
f 1501 1510 1509
f 1502 1503 1511
f 1502 1511 1510
f 1503 1504 1512
f 1503 1512 1511
f 1504 1497 1505
f 1504 1505 1512
f 1513 1498 1497
f 1514 1505 1506
f 1513 1499 1498
f 1514 1506 1507
f 1513 1500 1499
f 1514 1507 1508
f 1513 1501 1500
f 1514 1508 1509
f 1513 1502 1501
f 1514 1509 1510
f 1513 1503 1502
f 1514 1510 1511
f 1513 1504 1503
f 1514 1511 1512
f 1513 1497 1504
f 1514 1512 1505
f 1515 1516 1532
f 1515 1532 1531
f 1516 1517 1533
f 1516 1533 1532
f 1517 1518 1534
f 1517 1534 1533
f 1518 1519 1535
f 1518 1535 1534
f 1519 1520 1536
f 1519 1536 1535
f 1520 1521 1537
f 1520 1537 1536
f 1521 1522 1538
f 1521 1538 1537
f 1522 1523 1539
f 1522 1539 1538
f 1523 1524 1540
f 1523 1540 1539
f 1524 1525 1541
f 1524 1541 1540
f 1525 1526 1542
f 1525 1542 1541
f 1526 1527 1543
f 1526 1543 1542
f 1527 1528 1544
f 1527 1544 1543
f 1528 1529 1545
f 1528 1545 1544
f 1529 1530 1546
f 1529 1546 1545
f 1530 1515 1531
f 1530 1531 1546
f 1547 1516 1515
f 1548 1531 1532
f 1547 1517 1516
f 1548 1532 1533
f 1547 1518 1517
f 1548 1533 1534
f 1547 1519 1518
f 1548 1534 1535
f 1607 1592 1591
f 1608 1603 1604
f 1607 1593 1592
f 1608 1604 1605
f 1607 1594 1593
f 1608 1605 1606
f 1607 1583 1594
f 1608 1606 1595
f 1609 1610 1622
f 1609 1622 1621
f 1610 1611 1623
f 1610 1623 1622
f 1611 1612 1624
f 1611 1624 1623
f 1612 1613 1625
f 1612 1625 1624
f 1613 1614 1626
f 1613 1626 1625
f 1614 1615 1627
f 1614 1627 1626
f 1615 1616 1628
f 1615 1628 1627
f 1616 1617 1629
f 1616 1629 1628
f 1617 1618 1630
f 1617 1630 1629
f 1618 1619 1631
f 1618 1631 1630
f 1619 1620 1632
f 1619 1632 1631
f 1620 1609 1621
f 1620 1621 1632
f 1633 1610 1609
f 1634 1621 1622
f 1633 1611 1610
f 1634 1622 1623
f 1633 1612 1611
f 1634 1623 1624
f 1633 1613 1612
f 1634 1624 1625
f 1633 1614 1613
f 1634 1625 1626
f 1633 1615 1614
f 1634 1626 1627
f 1633 1616 1615
f 1634 1627 1628
f 1633 1617 1616
f 1634 1628 1629
f 1633 1618 1617
f 1634 1629 1630
f 1633 1619 1618
f 1634 1630 1631
f 1633 1620 1619
f 1634 1631 1632
f 1633 1609 1620
f 1634 1632 1621
f 1635 1636 1644
f 1635 1644 1643
f 1636 1637 1645
f 1636 1645 1644
f 1637 1638 1646
f 1637 1646 1645
f 1638 1639 1647
f 1638 1647 1646
f 1639 1640 1648
f 1639 1648 1647
f 1640 1641 1649
f 1640 1649 1648
f 1641 1642 1650
f 1641 1650 1649
f 1642 1635 1643
f 1642 1643 1650
f 1651 1636 1635
f 1652 1643 1644
f 1651 1637 1636
f 1652 1644 1645
f 1651 1638 1637
f 1652 1645 1646
f 1651 1639 1638
f 1652 1646 1647
f 1651 1640 1639
f 1652 1647 1648
f 1651 1641 1640
f 1652 1648 1649
f 1651 1642 1641
f 1652 1649 1650
f 1651 1635 1642
f 1652 1650 1643
f 1653 1654 1670
f 1653 1670 1669
f 1654 1655 1671
f 1654 1671 1670
f 1655 1656 1672
f 1655 1672 1671
f 1656 1657 1673
f 1656 1673 1672
f 1657 1658 1674
f 1657 1674 1673
f 1658 1659 1675
f 1658 1675 1674
f 1659 1660 1676
f 1659 1676 1675
f 1660 1661 1677
f 1660 1677 1676
f 1661 1662 1678
f 1661 1678 1677
f 1662 1663 1679
f 1662 1679 1678
f 1663 1664 1680
f 1663 1680 1679
f 1664 1665 1681
f 1664 1681 1680
f 1665 1666 1682
f 1665 1682 1681
f 1666 1667 1683
f 1666 1683 1682
f 1667 1668 1684
f 1667 1684 1683
f 1668 1653 1669
f 1668 1669 1684
f 1685 1654 1653
f 1686 1669 1670
f 1685 1655 1654
f 1686 1670 1671
f 1685 1656 1655
f 1686 1671 1672
f 1685 1657 1656
f 1686 1672 1673
f 1745 1730 1729
f 1746 1741 1742
f 1745 1731 1730
f 1746 1742 1743
f 1745 1732 1731
f 1746 1743 1744
f 1745 1721 1732
f 1746 1744 1733
f 1747 1748 1760
f 1747 1760 1759
f 1748 1749 1761
f 1748 1761 1760
f 1749 1750 1762
f 1749 1762 1761
f 1750 1751 1763
f 1750 1763 1762
f 1751 1752 1764
f 1751 1764 1763
f 1752 1753 1765
f 1752 1765 1764
f 1753 1754 1766
f 1753 1766 1765
f 1754 1755 1767
f 1754 1767 1766
f 1755 1756 1768
f 1755 1768 1767
f 1756 1757 1769
f 1756 1769 1768
f 1757 1758 1770
f 1757 1770 1769
f 1758 1747 1759
f 1758 1759 1770
f 1771 1748 1747
f 1772 1759 1760
f 1771 1749 1748
f 1772 1760 1761
f 1771 1750 1749
f 1772 1761 1762
f 1771 1751 1750
f 1772 1762 1763
f 1771 1752 1751
f 1772 1763 1764
f 1771 1753 1752
f 1772 1764 1765
f 1771 1754 1753
f 1772 1765 1766
f 1771 1755 1754
f 1772 1766 1767
f 1771 1756 1755
f 1772 1767 1768
f 1771 1757 1756
f 1772 1768 1769
f 1771 1758 1757
f 1772 1769 1770
f 1771 1747 1758
f 1772 1770 1759
f 1773 1774 1782
f 1773 1782 1781
f 1774 1775 1783
f 1774 1783 1782
f 1775 1776 1784
f 1775 1784 1783
f 1776 1777 1785
f 1776 1785 1784
f 1777 1778 1786
f 1777 1786 1785
f 1778 1779 1787
f 1778 1787 1786
f 1779 1780 1788
f 1779 1788 1787
f 1780 1773 1781
f 1780 1781 1788
f 1789 1774 1773
f 1790 1781 1782
f 1789 1775 1774
f 1790 1782 1783
f 1789 1776 1775
f 1790 1783 1784
f 1789 1777 1776
f 1790 1784 1785
f 1789 1778 1777
f 1790 1785 1786
f 1789 1779 1778
f 1790 1786 1787
f 1789 1780 1779
f 1790 1787 1788
f 1789 1773 1780
f 1790 1788 1781
f 1791 1792 1808
f 1791 1808 1807
f 1792 1793 1809
f 1792 1809 1808
f 1793 1794 1810
f 1793 1810 1809
f 1794 1795 1811
f 1794 1811 1810
f 1795 1796 1812
f 1795 1812 1811
f 1796 1797 1813
f 1796 1813 1812
f 1797 1798 1814
f 1797 1814 1813
f 1798 1799 1815
f 1798 1815 1814
f 1799 1800 1816
f 1799 1816 1815
f 1800 1801 1817
f 1800 1817 1816
f 1801 1802 1818
f 1801 1818 1817
f 1802 1803 1819
f 1802 1819 1818
f 1803 1804 1820
f 1803 1820 1819
f 1804 1805 1821
f 1804 1821 1820
f 1805 1806 1822
f 1805 1822 1821
f 1806 1791 1807
f 1806 1807 1822
f 1823 1792 1791
f 1824 1807 1808
f 1823 1793 1792
f 1824 1808 1809
f 1823 1794 1793
f 1824 1809 1810
f 1823 1795 1794
f 1824 1810 1811
f 1883 1868 1867
f 1884 1879 1880
f 1883 1869 1868
f 1884 1880 1881
f 1883 1870 1869
f 1884 1881 1882
f 1883 1859 1870
f 1884 1882 1871
f 1885 1886 1898
f 1885 1898 1897
f 1886 1887 1899
f 1886 1899 1898
f 1887 1888 1900
f 1887 1900 1899
f 1888 1889 1901
f 1888 1901 1900
f 1889 1890 1902
f 1889 1902 1901
f 1890 1891 1903
f 1890 1903 1902
f 1891 1892 1904
f 1891 1904 1903
f 1892 1893 1905
f 1892 1905 1904
f 1893 1894 1906
f 1893 1906 1905
f 1894 1895 1907
f 1894 1907 1906
f 1895 1896 1908
f 1895 1908 1907
f 1896 1885 1897
f 1896 1897 1908
f 1909 1886 1885
f 1910 1897 1898
f 1909 1887 1886
f 1910 1898 1899
f 1909 1888 1887
f 1910 1899 1900
f 1909 1889 1888
f 1910 1900 1901
f 1909 1890 1889
f 1910 1901 1902
f 1909 1891 1890
f 1910 1902 1903
f 1909 1892 1891
f 1910 1903 1904
f 1909 1893 1892
f 1910 1904 1905
f 1909 1894 1893
f 1910 1905 1906
f 1909 1895 1894
f 1910 1906 1907
f 1909 1896 1895
f 1910 1907 1908
f 1909 1885 1896
f 1910 1908 1897
f 1911 1912 1920
f 1911 1920 1919
f 1912 1913 1921
f 1912 1921 1920
f 1913 1914 1922
f 1913 1922 1921
f 1914 1915 1923
f 1914 1923 1922
f 1915 1916 1924
f 1915 1924 1923
f 1916 1917 1925
f 1916 1925 1924
f 1917 1918 1926
f 1917 1926 1925
f 1918 1911 1919
f 1918 1919 1926
f 1927 1912 1911
f 1928 1919 1920
f 1927 1913 1912
f 1928 1920 1921
f 1927 1914 1913
f 1928 1921 1922
f 1927 1915 1914
f 1928 1922 1923
f 1927 1916 1915
f 1928 1923 1924
f 1927 1917 1916
f 1928 1924 1925
f 1927 1918 1917
f 1928 1925 1926
f 1927 1911 1918
f 1928 1926 1919
f 1929 1930 1946
f 1929 1946 1945
f 1930 1931 1947
f 1930 1947 1946
f 1931 1932 1948
f 1931 1948 1947
f 1932 1933 1949
f 1932 1949 1948
f 1933 1934 1950
f 1933 1950 1949
f 1934 1935 1951
f 1934 1951 1950
f 1935 1936 1952
f 1935 1952 1951
f 1936 1937 1953
f 1936 1953 1952
f 1937 1938 1954
f 1937 1954 1953
f 1938 1939 1955
f 1938 1955 1954
f 1939 1940 1956
f 1939 1956 1955
f 1940 1941 1957
f 1940 1957 1956
f 1941 1942 1958
f 1941 1958 1957
f 1942 1943 1959
f 1942 1959 1958
f 1943 1944 1960
f 1943 1960 1959
f 1944 1929 1945
f 1944 1945 1960
f 1961 1930 1929
f 1962 1945 1946
f 1961 1931 1930
f 1962 1946 1947
f 1961 1932 1931
f 1962 1947 1948
f 1961 1933 1932
f 1962 1948 1949
f 2021 2006 2005
f 2022 2017 2018
f 2021 2007 2006
f 2022 2018 2019
f 2021 2008 2007
f 2022 2019 2020
f 2021 1997 2008
f 2022 2020 2009
f 2023 2024 2036
f 2023 2036 2035
f 2024 2025 2037
f 2024 2037 2036
f 2025 2026 2038
f 2025 2038 2037
f 2026 2027 2039
f 2026 2039 2038
f 2027 2028 2040
f 2027 2040 2039
f 2028 2029 2041
f 2028 2041 2040
f 2029 2030 2042
f 2029 2042 2041
f 2030 2031 2043
f 2030 2043 2042
f 2031 2032 2044
f 2031 2044 2043
f 2032 2033 2045
f 2032 2045 2044
f 2033 2034 2046
f 2033 2046 2045
f 2034 2023 2035
f 2034 2035 2046
f 2047 2024 2023
f 2048 2035 2036
f 2047 2025 2024
f 2048 2036 2037
f 2047 2026 2025
f 2048 2037 2038
f 2047 2027 2026
f 2048 2038 2039
f 2047 2028 2027
f 2048 2039 2040
f 2047 2029 2028
f 2048 2040 2041
f 2047 2030 2029
f 2048 2041 2042
f 2047 2031 2030
f 2048 2042 2043
f 2047 2032 2031
f 2048 2043 2044
f 2047 2033 2032
f 2048 2044 2045
f 2047 2034 2033
f 2048 2045 2046
f 2047 2023 2034
f 2048 2046 2035
f 2049 2050 2058
f 2049 2058 2057
f 2050 2051 2059
f 2050 2059 2058
f 2051 2052 2060
f 2051 2060 2059
f 2052 2053 2061
f 2052 2061 2060
f 2053 2054 2062
f 2053 2062 2061
f 2054 2055 2063
f 2054 2063 2062
f 2055 2056 2064
f 2055 2064 2063
f 2056 2049 2057
f 2056 2057 2064
f 2065 2050 2049
f 2066 2057 2058
f 2065 2051 2050
f 2066 2058 2059
f 2065 2052 2051
f 2066 2059 2060
f 2065 2053 2052
f 2066 2060 2061
f 2065 2054 2053
f 2066 2061 2062
f 2065 2055 2054
f 2066 2062 2063
f 2065 2056 2055
f 2066 2063 2064
f 2065 2049 2056
f 2066 2064 2057
f 2067 2068 2084
f 2067 2084 2083
f 2068 2069 2085
f 2068 2085 2084
f 2069 2070 2086
f 2069 2086 2085
f 2070 2071 2087
f 2070 2087 2086
f 2071 2072 2088
f 2071 2088 2087
f 2072 2073 2089
f 2072 2089 2088
f 2073 2074 2090
f 2073 2090 2089
f 2074 2075 2091
f 2074 2091 2090
f 2075 2076 2092
f 2075 2092 2091
f 2076 2077 2093
f 2076 2093 2092
f 2077 2078 2094
f 2077 2094 2093
f 2078 2079 2095
f 2078 2095 2094
f 2079 2080 2096
f 2079 2096 2095
f 2080 2081 2097
f 2080 2097 2096
f 2081 2082 2098
f 2081 2098 2097
f 2082 2067 2083
f 2082 2083 2098
f 2099 2068 2067
f 2100 2083 2084
f 2099 2069 2068
f 2100 2084 2085
f 2099 2070 2069
f 2100 2085 2086
f 2099 2071 2070
f 2100 2086 2087
f 2159 2144 2143
f 2160 2155 2156
f 2159 2145 2144
f 2160 2156 2157
f 2159 2146 2145
f 2160 2157 2158
f 2159 2135 2146
f 2160 2158 2147
f 2161 2162 2174
f 2161 2174 2173
f 2162 2163 2175
f 2162 2175 2174
f 2163 2164 2176
f 2163 2176 2175
f 2164 2165 2177
f 2164 2177 2176
f 2165 2166 2178
f 2165 2178 2177
f 2166 2167 2179
f 2166 2179 2178
f 2167 2168 2180
f 2167 2180 2179
f 2168 2169 2181
f 2168 2181 2180
f 2169 2170 2182
f 2169 2182 2181
f 2170 2171 2183
f 2170 2183 2182
f 2171 2172 2184
f 2171 2184 2183
f 2172 2161 2173
f 2172 2173 2184
f 2185 2162 2161
f 2186 2173 2174
f 2185 2163 2162
f 2186 2174 2175
f 2185 2164 2163
f 2186 2175 2176
f 2185 2165 2164
f 2186 2176 2177
f 2185 2166 2165
f 2186 2177 2178
f 2185 2167 2166
f 2186 2178 2179
f 2185 2168 2167
f 2186 2179 2180
f 2185 2169 2168
f 2186 2180 2181
f 2185 2170 2169
f 2186 2181 2182
f 2185 2171 2170
f 2186 2182 2183
f 2185 2172 2171
f 2186 2183 2184
f 2185 2161 2172
f 2186 2184 2173
f 2187 2188 2196
f 2187 2196 2195
f 2188 2189 2197
f 2188 2197 2196
f 2189 2190 2198
f 2189 2198 2197
f 2190 2191 2199
f 2190 2199 2198
f 2191 2192 2200
f 2191 2200 2199
f 2192 2193 2201
f 2192 2201 2200
f 2193 2194 2202
f 2193 2202 2201
f 2194 2187 2195
f 2194 2195 2202
f 2203 2188 2187
f 2204 2195 2196
f 2203 2189 2188
f 2204 2196 2197
f 2203 2190 2189
f 2204 2197 2198
f 2203 2191 2190
f 2204 2198 2199
f 2203 2192 2191
f 2204 2199 2200
f 2203 2193 2192
f 2204 2200 2201
f 2203 2194 2193
f 2204 2201 2202
f 2203 2187 2194
f 2204 2202 2195
f 2205 2206 2222
f 2205 2222 2221
f 2206 2207 2223
f 2206 2223 2222
f 2207 2208 2224
f 2207 2224 2223
f 2208 2209 2225
f 2208 2225 2224
f 2209 2210 2226
f 2209 2226 2225
f 2210 2211 2227
f 2210 2227 2226
f 2211 2212 2228
f 2211 2228 2227
f 2212 2213 2229
f 2212 2229 2228
f 2213 2214 2230
f 2213 2230 2229
f 2214 2215 2231
f 2214 2231 2230
f 2215 2216 2232
f 2215 2232 2231
f 2216 2217 2233
f 2216 2233 2232
f 2217 2218 2234
f 2217 2234 2233
f 2218 2219 2235
f 2218 2235 2234
f 2219 2220 2236
f 2219 2236 2235
f 2220 2205 2221
f 2220 2221 2236
f 2237 2206 2205
f 2238 2221 2222
f 2237 2207 2206
f 2238 2222 2223
f 2237 2208 2207
f 2238 2223 2224
f 2237 2209 2208
f 2238 2224 2225
f 2297 2282 2281
f 2298 2293 2294
f 2297 2283 2282
f 2298 2294 2295
f 2297 2284 2283
f 2298 2295 2296
f 2297 2273 2284
f 2298 2296 2285
f 2299 2300 2312
f 2299 2312 2311
f 2300 2301 2313
f 2300 2313 2312
f 2301 2302 2314
f 2301 2314 2313
f 2302 2303 2315
f 2302 2315 2314
f 2303 2304 2316
f 2303 2316 2315
f 2304 2305 2317
f 2304 2317 2316
f 2305 2306 2318
f 2305 2318 2317
f 2306 2307 2319
f 2306 2319 2318
f 2307 2308 2320
f 2307 2320 2319
f 2308 2309 2321
f 2308 2321 2320
f 2309 2310 2322
f 2309 2322 2321
f 2310 2299 2311
f 2310 2311 2322
f 2323 2300 2299
f 2324 2311 2312
f 2323 2301 2300
f 2324 2312 2313
f 2323 2302 2301
f 2324 2313 2314
f 2323 2303 2302
f 2324 2314 2315
f 2323 2304 2303
f 2324 2315 2316
f 2323 2305 2304
f 2324 2316 2317
f 2323 2306 2305
f 2324 2317 2318
f 2323 2307 2306
f 2324 2318 2319
f 2323 2308 2307
f 2324 2319 2320
f 2323 2309 2308
f 2324 2320 2321
f 2323 2310 2309
f 2324 2321 2322
f 2323 2299 2310
f 2324 2322 2311
f 2325 2326 2334
f 2325 2334 2333
f 2326 2327 2335
f 2326 2335 2334
f 2327 2328 2336
f 2327 2336 2335
f 2328 2329 2337
f 2328 2337 2336
f 2329 2330 2338
f 2329 2338 2337
f 2330 2331 2339
f 2330 2339 2338
f 2331 2332 2340
f 2331 2340 2339
f 2332 2325 2333
f 2332 2333 2340
f 2341 2326 2325
f 2342 2333 2334
f 2341 2327 2326
f 2342 2334 2335
f 2341 2328 2327
f 2342 2335 2336
f 2341 2329 2328
f 2342 2336 2337
f 2341 2330 2329
f 2342 2337 2338
f 2341 2331 2330
f 2342 2338 2339
f 2341 2332 2331
f 2342 2339 2340
f 2341 2325 2332
f 2342 2340 2333
f 2343 2344 2360
f 2343 2360 2359
f 2344 2345 2361
f 2344 2361 2360
f 2345 2346 2362
f 2345 2362 2361
f 2346 2347 2363
f 2346 2363 2362
f 2347 2348 2364
f 2347 2364 2363
f 2348 2349 2365
f 2348 2365 2364
f 2349 2350 2366
f 2349 2366 2365
f 2350 2351 2367
f 2350 2367 2366
f 2351 2352 2368
f 2351 2368 2367
f 2352 2353 2369
f 2352 2369 2368
f 2353 2354 2370
f 2353 2370 2369
f 2354 2355 2371
f 2354 2371 2370
f 2355 2356 2372
f 2355 2372 2371
f 2356 2357 2373
f 2356 2373 2372
f 2357 2358 2374
f 2357 2374 2373
f 2358 2343 2359
f 2358 2359 2374
f 2375 2344 2343
f 2376 2359 2360
f 2375 2345 2344
f 2376 2360 2361
f 2375 2346 2345
f 2376 2361 2362
f 2375 2347 2346
f 2376 2362 2363
f 2435 2420 2419
f 2436 2431 2432
f 2435 2421 2420
f 2436 2432 2433
f 2435 2422 2421
f 2436 2433 2434
f 2435 2411 2422
f 2436 2434 2423
f 2437 2438 2450
f 2437 2450 2449
f 2438 2439 2451
f 2438 2451 2450
f 2439 2440 2452
f 2439 2452 2451
f 2440 2441 2453
f 2440 2453 2452
f 2441 2442 2454
f 2441 2454 2453
f 2442 2443 2455
f 2442 2455 2454
f 2443 2444 2456
f 2443 2456 2455
f 2444 2445 2457
f 2444 2457 2456
f 2445 2446 2458
f 2445 2458 2457
f 2446 2447 2459
f 2446 2459 2458
f 2447 2448 2460
f 2447 2460 2459
f 2448 2437 2449
f 2448 2449 2460
f 2461 2438 2437
f 2462 2449 2450
f 2461 2439 2438
f 2462 2450 2451
f 2461 2440 2439
f 2462 2451 2452
f 2461 2441 2440
f 2462 2452 2453
f 2461 2442 2441
f 2462 2453 2454
f 2461 2443 2442
f 2462 2454 2455
f 2461 2444 2443
f 2462 2455 2456
f 2461 2445 2444
f 2462 2456 2457
f 2461 2446 2445
f 2462 2457 2458
f 2461 2447 2446
f 2462 2458 2459
f 2461 2448 2447
f 2462 2459 2460
f 2461 2437 2448
f 2462 2460 2449
f 2463 2464 2472
f 2463 2472 2471
f 2464 2465 2473
f 2464 2473 2472
f 2465 2466 2474
f 2465 2474 2473
f 2466 2467 2475
f 2466 2475 2474
f 2467 2468 2476
f 2467 2476 2475
f 2468 2469 2477
f 2468 2477 2476
f 2469 2470 2478
f 2469 2478 2477
f 2470 2463 2471
f 2470 2471 2478
f 2479 2464 2463
f 2480 2471 2472
f 2479 2465 2464
f 2480 2472 2473
f 2479 2466 2465
f 2480 2473 2474
f 2479 2467 2466
f 2480 2474 2475
f 2479 2468 2467
f 2480 2475 2476
f 2479 2469 2468
f 2480 2476 2477
f 2479 2470 2469
f 2480 2477 2478
f 2479 2463 2470
f 2480 2478 2471
f 2481 2482 2498
f 2481 2498 2497
f 2482 2483 2499
f 2482 2499 2498
f 2483 2484 2500
f 2483 2500 2499
f 2484 2485 2501
f 2484 2501 2500
f 2485 2486 2502
f 2485 2502 2501
f 2486 2487 2503
f 2486 2503 2502
f 2487 2488 2504
f 2487 2504 2503
f 2488 2489 2505
f 2488 2505 2504
f 2489 2490 2506
f 2489 2506 2505
f 2490 2491 2507
f 2490 2507 2506
f 2491 2492 2508
f 2491 2508 2507
f 2492 2493 2509
f 2492 2509 2508
f 2493 2494 2510
f 2493 2510 2509
f 2494 2495 2511
f 2494 2511 2510
f 2495 2496 2512
f 2495 2512 2511
f 2496 2481 2497
f 2496 2497 2512
f 2513 2482 2481
f 2514 2497 2498
f 2513 2483 2482
f 2514 2498 2499
f 2513 2484 2483
f 2514 2499 2500
f 2513 2485 2484
f 2514 2500 2501
f 2573 2558 2557
f 2574 2569 2570
f 2573 2559 2558
f 2574 2570 2571
f 2573 2560 2559
f 2574 2571 2572
f 2573 2549 2560
f 2574 2572 2561
f 2575 2576 2588
f 2575 2588 2587
f 2576 2577 2589
f 2576 2589 2588
f 2577 2578 2590
f 2577 2590 2589
f 2578 2579 2591
f 2578 2591 2590
f 2579 2580 2592
f 2579 2592 2591
f 2580 2581 2593
f 2580 2593 2592
f 2581 2582 2594
f 2581 2594 2593
f 2582 2583 2595
f 2582 2595 2594
f 2583 2584 2596
f 2583 2596 2595
f 2584 2585 2597
f 2584 2597 2596
f 2585 2586 2598
f 2585 2598 2597
f 2586 2575 2587
f 2586 2587 2598
f 2599 2576 2575
f 2600 2587 2588
f 2599 2577 2576
f 2600 2588 2589
f 2599 2578 2577
f 2600 2589 2590
f 2599 2579 2578
f 2600 2590 2591
f 2599 2580 2579
f 2600 2591 2592
f 2599 2581 2580
f 2600 2592 2593
f 2599 2582 2581
f 2600 2593 2594
f 2599 2583 2582
f 2600 2594 2595
f 2599 2584 2583
f 2600 2595 2596
f 2599 2585 2584
f 2600 2596 2597
f 2599 2586 2585
f 2600 2597 2598
f 2599 2575 2586
f 2600 2598 2587
f 2601 2602 2610
f 2601 2610 2609
f 2602 2603 2611
f 2602 2611 2610
f 2603 2604 2612
f 2603 2612 2611
f 2604 2605 2613
f 2604 2613 2612
f 2605 2606 2614
f 2605 2614 2613
f 2606 2607 2615
f 2606 2615 2614
f 2607 2608 2616
f 2607 2616 2615
f 2608 2601 2609
f 2608 2609 2616
f 2617 2602 2601
f 2618 2609 2610
f 2617 2603 2602
f 2618 2610 2611
f 2617 2604 2603
f 2618 2611 2612
f 2617 2605 2604
f 2618 2612 2613
f 2617 2606 2605
f 2618 2613 2614
f 2617 2607 2606
f 2618 2614 2615
f 2617 2608 2607
f 2618 2615 2616
f 2617 2601 2608
f 2618 2616 2609
f 2619 2620 2636
f 2619 2636 2635
f 2620 2621 2637
f 2620 2637 2636
f 2621 2622 2638
f 2621 2638 2637
f 2622 2623 2639
f 2622 2639 2638
f 2623 2624 2640
f 2623 2640 2639
f 2624 2625 2641
f 2624 2641 2640
f 2625 2626 2642
f 2625 2642 2641
f 2626 2627 2643
f 2626 2643 2642
f 2627 2628 2644
f 2627 2644 2643
f 2628 2629 2645
f 2628 2645 2644
f 2629 2630 2646
f 2629 2646 2645
f 2630 2631 2647
f 2630 2647 2646
f 2631 2632 2648
f 2631 2648 2647
f 2632 2633 2649
f 2632 2649 2648
f 2633 2634 2650
f 2633 2650 2649
f 2634 2619 2635
f 2634 2635 2650
f 2651 2620 2619
f 2652 2635 2636
f 2651 2621 2620
f 2652 2636 2637
f 2651 2622 2621
f 2652 2637 2638
f 2651 2623 2622
f 2652 2638 2639
f 2711 2696 2695
f 2712 2707 2708
f 2711 2697 2696
f 2712 2708 2709
f 2711 2698 2697
f 2712 2709 2710
f 2711 2687 2698
f 2712 2710 2699
f 2713 2714 2726
f 2713 2726 2725
f 2714 2715 2727
f 2714 2727 2726
f 2715 2716 2728
f 2715 2728 2727
f 2716 2717 2729
f 2716 2729 2728
f 2717 2718 2730
f 2717 2730 2729
f 2718 2719 2731
f 2718 2731 2730
f 2719 2720 2732
f 2719 2732 2731
f 2720 2721 2733
f 2720 2733 2732
f 2721 2722 2734
f 2721 2734 2733
f 2722 2723 2735
f 2722 2735 2734
f 2723 2724 2736
f 2723 2736 2735
f 2724 2713 2725
f 2724 2725 2736
f 2737 2714 2713
f 2738 2725 2726
f 2737 2715 2714
f 2738 2726 2727
f 2737 2716 2715
f 2738 2727 2728
f 2737 2717 2716
f 2738 2728 2729
f 2737 2718 2717
f 2738 2729 2730
f 2737 2719 2718
f 2738 2730 2731
f 2737 2720 2719
f 2738 2731 2732
f 2737 2721 2720
f 2738 2732 2733
f 2737 2722 2721
f 2738 2733 2734
f 2737 2723 2722
f 2738 2734 2735
f 2737 2724 2723
f 2738 2735 2736
f 2737 2713 2724
f 2738 2736 2725
f 2739 2740 2748
f 2739 2748 2747
f 2740 2741 2749
f 2740 2749 2748
f 2741 2742 2750
f 2741 2750 2749
f 2742 2743 2751
f 2742 2751 2750
f 2743 2744 2752
f 2743 2752 2751
f 2744 2745 2753
f 2744 2753 2752
f 2745 2746 2754
f 2745 2754 2753
f 2746 2739 2747
f 2746 2747 2754
f 2755 2740 2739
f 2756 2747 2748
f 2755 2741 2740
f 2756 2748 2749
f 2755 2742 2741
f 2756 2749 2750
f 2755 2743 2742
f 2756 2750 2751
f 2755 2744 2743
f 2756 2751 2752
f 2755 2745 2744
f 2756 2752 2753
f 2755 2746 2745
f 2756 2753 2754
f 2755 2739 2746
f 2756 2754 2747
f 2757 2758 2774
f 2757 2774 2773
f 2758 2759 2775
f 2758 2775 2774
f 2759 2760 2776
f 2759 2776 2775
f 2760 2761 2777
f 2760 2777 2776
f 2761 2762 2778
f 2761 2778 2777
f 2762 2763 2779
f 2762 2779 2778
f 2763 2764 2780
f 2763 2780 2779
f 2764 2765 2781
f 2764 2781 2780
f 2765 2766 2782
f 2765 2782 2781
f 2766 2767 2783
f 2766 2783 2782
f 2767 2768 2784
f 2767 2784 2783
f 2768 2769 2785
f 2768 2785 2784
f 2769 2770 2786
f 2769 2786 2785
f 2770 2771 2787
f 2770 2787 2786
f 2771 2772 2788
f 2771 2788 2787
f 2772 2757 2773
f 2772 2773 2788
f 2789 2758 2757
f 2790 2773 2774
f 2789 2759 2758
f 2790 2774 2775
f 2789 2760 2759
f 2790 2775 2776
f 2789 2761 2760
f 2790 2776 2777
f 2849 2834 2833
f 2850 2845 2846
f 2849 2835 2834
f 2850 2846 2847
f 2849 2836 2835
f 2850 2847 2848
f 2849 2825 2836
f 2850 2848 2837
f 2851 2852 2864
f 2851 2864 2863
f 2852 2853 2865
f 2852 2865 2864
f 2853 2854 2866
f 2853 2866 2865
f 2854 2855 2867
f 2854 2867 2866
f 2855 2856 2868
f 2855 2868 2867
f 2856 2857 2869
f 2856 2869 2868
f 2857 2858 2870
f 2857 2870 2869
f 2858 2859 2871
f 2858 2871 2870
f 2859 2860 2872
f 2859 2872 2871
f 2860 2861 2873
f 2860 2873 2872
f 2861 2862 2874
f 2861 2874 2873
f 2862 2851 2863
f 2862 2863 2874
f 2875 2852 2851
f 2876 2863 2864
f 2875 2853 2852
f 2876 2864 2865
f 2875 2854 2853
f 2876 2865 2866
f 2875 2855 2854
f 2876 2866 2867
f 2875 2856 2855
f 2876 2867 2868
f 2875 2857 2856
f 2876 2868 2869
f 2875 2858 2857
f 2876 2869 2870
f 2875 2859 2858
f 2876 2870 2871
f 2875 2860 2859
f 2876 2871 2872
f 2875 2861 2860
f 2876 2872 2873
f 2875 2862 2861
f 2876 2873 2874
f 2875 2851 2862
f 2876 2874 2863
f 2877 2878 2886
f 2877 2886 2885
f 2878 2879 2887
f 2878 2887 2886
f 2879 2880 2888
f 2879 2888 2887
f 2880 2881 2889
f 2880 2889 2888
f 2881 2882 2890
f 2881 2890 2889
f 2882 2883 2891
f 2882 2891 2890
f 2883 2884 2892
f 2883 2892 2891
f 2884 2877 2885
f 2884 2885 2892
f 2893 2878 2877
f 2894 2885 2886
f 2893 2879 2878
f 2894 2886 2887
f 2893 2880 2879
f 2894 2887 2888
f 2893 2881 2880
f 2894 2888 2889
f 2893 2882 2881
f 2894 2889 2890
f 2893 2883 2882
f 2894 2890 2891
f 2893 2884 2883
f 2894 2891 2892
f 2893 2877 2884
f 2894 2892 2885
f 2895 2896 2912
f 2895 2912 2911
f 2896 2897 2913
f 2896 2913 2912
f 2897 2898 2914
f 2897 2914 2913
f 2898 2899 2915
f 2898 2915 2914
f 2899 2900 2916
f 2899 2916 2915
f 2900 2901 2917
f 2900 2917 2916
f 2901 2902 2918
f 2901 2918 2917
f 2902 2903 2919
f 2902 2919 2918
f 2903 2904 2920
f 2903 2920 2919
f 2904 2905 2921
f 2904 2921 2920
f 2905 2906 2922
f 2905 2922 2921
f 2906 2907 2923
f 2906 2923 2922
f 2907 2908 2924
f 2907 2924 2923
f 2908 2909 2925
f 2908 2925 2924
f 2909 2910 2926
f 2909 2926 2925
f 2910 2895 2911
f 2910 2911 2926
f 2927 2896 2895
f 2928 2911 2912
f 2927 2897 2896
f 2928 2912 2913
f 2927 2898 2897
f 2928 2913 2914
f 2927 2899 2898
f 2928 2914 2915
f 2987 2972 2971
f 2988 2983 2984
f 2987 2973 2972
f 2988 2984 2985
f 2987 2974 2973
f 2988 2985 2986
f 2987 2963 2974
f 2988 2986 2975
f 2989 2990 3002
f 2989 3002 3001
f 2990 2991 3003
f 2990 3003 3002
f 2991 2992 3004
f 2991 3004 3003
f 2992 2993 3005
f 2992 3005 3004
f 2993 2994 3006
f 2993 3006 3005
f 2994 2995 3007
f 2994 3007 3006
f 2995 2996 3008
f 2995 3008 3007
f 2996 2997 3009
f 2996 3009 3008
f 2997 2998 3010
f 2997 3010 3009
f 2998 2999 3011
f 2998 3011 3010
f 2999 3000 3012
f 2999 3012 3011
f 3000 2989 3001
f 3000 3001 3012
f 3013 2990 2989
f 3014 3001 3002
f 3013 2991 2990
f 3014 3002 3003
f 3013 2992 2991
f 3014 3003 3004
f 3013 2993 2992
f 3014 3004 3005
f 3013 2994 2993
f 3014 3005 3006
f 3013 2995 2994
f 3014 3006 3007
f 3013 2996 2995
f 3014 3007 3008
f 3013 2997 2996
f 3014 3008 3009
f 3013 2998 2997
f 3014 3009 3010
f 3013 2999 2998
f 3014 3010 3011
f 3013 3000 2999
f 3014 3011 3012
f 3013 2989 3000
f 3014 3012 3001
f 3015 3016 3024
f 3015 3024 3023
f 3016 3017 3025
f 3016 3025 3024
f 3017 3018 3026
f 3017 3026 3025
f 3018 3019 3027
f 3018 3027 3026
f 3019 3020 3028
f 3019 3028 3027
f 3020 3021 3029
f 3020 3029 3028
f 3021 3022 3030
f 3021 3030 3029
f 3022 3015 3023
f 3022 3023 3030
f 3031 3016 3015
f 3032 3023 3024
f 3031 3017 3016
f 3032 3024 3025
f 3031 3018 3017
f 3032 3025 3026
f 3031 3019 3018
f 3032 3026 3027
f 3031 3020 3019
f 3032 3027 3028
f 3031 3021 3020
f 3032 3028 3029
f 3031 3022 3021
f 3032 3029 3030
f 3031 3015 3022
f 3032 3030 3023
f 3033 3034 3050
f 3033 3050 3049
f 3034 3035 3051
f 3034 3051 3050
f 3035 3036 3052
f 3035 3052 3051
f 3036 3037 3053
f 3036 3053 3052
f 3037 3038 3054
f 3037 3054 3053
f 3038 3039 3055
f 3038 3055 3054
f 3039 3040 3056
f 3039 3056 3055
f 3040 3041 3057
f 3040 3057 3056
f 3041 3042 3058
f 3041 3058 3057
f 3042 3043 3059
f 3042 3059 3058
f 3043 3044 3060
f 3043 3060 3059
f 3044 3045 3061
f 3044 3061 3060
f 3045 3046 3062
f 3045 3062 3061
f 3046 3047 3063
f 3046 3063 3062
f 3047 3048 3064
f 3047 3064 3063
f 3048 3033 3049
f 3048 3049 3064
f 3065 3034 3033
f 3066 3049 3050
f 3065 3035 3034
f 3066 3050 3051
f 3065 3036 3035
f 3066 3051 3052
f 3065 3037 3036
f 3066 3052 3053
f 3125 3110 3109
f 3126 3121 3122
f 3125 3111 3110
f 3126 3122 3123
f 3125 3112 3111
f 3126 3123 3124
f 3125 3101 3112
f 3126 3124 3113
f 3127 3128 3140
f 3127 3140 3139
f 3128 3129 3141
f 3128 3141 3140
f 3129 3130 3142
f 3129 3142 3141
f 3130 3131 3143
f 3130 3143 3142
f 3131 3132 3144
f 3131 3144 3143
f 3132 3133 3145
f 3132 3145 3144
f 3133 3134 3146
f 3133 3146 3145
f 3134 3135 3147
f 3134 3147 3146
f 3135 3136 3148
f 3135 3148 3147
f 3136 3137 3149
f 3136 3149 3148
f 3137 3138 3150
f 3137 3150 3149
f 3138 3127 3139
f 3138 3139 3150
f 3151 3128 3127
f 3152 3139 3140
f 3151 3129 3128
f 3152 3140 3141
f 3151 3130 3129
f 3152 3141 3142
f 3151 3131 3130
f 3152 3142 3143
f 3151 3132 3131
f 3152 3143 3144
f 3151 3133 3132
f 3152 3144 3145
f 3151 3134 3133
f 3152 3145 3146
f 3151 3135 3134
f 3152 3146 3147
f 3151 3136 3135
f 3152 3147 3148
f 3151 3137 3136
f 3152 3148 3149
f 3151 3138 3137
f 3152 3149 3150
f 3151 3127 3138
f 3152 3150 3139
f 3153 3154 3162
f 3153 3162 3161
f 3154 3155 3163
f 3154 3163 3162
f 3155 3156 3164
f 3155 3164 3163
f 3156 3157 3165
f 3156 3165 3164
f 3157 3158 3166
f 3157 3166 3165
f 3158 3159 3167
f 3158 3167 3166
f 3159 3160 3168
f 3159 3168 3167
f 3160 3153 3161
f 3160 3161 3168
f 3169 3154 3153
f 3170 3161 3162
f 3169 3155 3154
f 3170 3162 3163
f 3169 3156 3155
f 3170 3163 3164
f 3169 3157 3156
f 3170 3164 3165
f 3169 3158 3157
f 3170 3165 3166
f 3169 3159 3158
f 3170 3166 3167
f 3169 3160 3159
f 3170 3167 3168
f 3169 3153 3160
f 3170 3168 3161
f 3171 3172 3188
f 3171 3188 3187
f 3172 3173 3189
f 3172 3189 3188
f 3173 3174 3190
f 3173 3190 3189
f 3174 3175 3191
f 3174 3191 3190
f 3175 3176 3192
f 3175 3192 3191
f 3176 3177 3193
f 3176 3193 3192
f 3177 3178 3194
f 3177 3194 3193
f 3178 3179 3195
f 3178 3195 3194
f 3179 3180 3196
f 3179 3196 3195
f 3180 3181 3197
f 3180 3197 3196
f 3181 3182 3198
f 3181 3198 3197
f 3182 3183 3199
f 3182 3199 3198
f 3183 3184 3200
f 3183 3200 3199
f 3184 3185 3201
f 3184 3201 3200
f 3185 3186 3202
f 3185 3202 3201
f 3186 3171 3187
f 3186 3187 3202
f 3203 3172 3171
f 3204 3187 3188
f 3203 3173 3172
f 3204 3188 3189
f 3203 3174 3173
f 3204 3189 3190
f 3203 3175 3174
f 3204 3190 3191
f 3263 3248 3247
f 3264 3259 3260
f 3263 3249 3248
f 3264 3260 3261
f 3263 3250 3249
f 3264 3261 3262
f 3263 3239 3250
f 3264 3262 3251
f 3265 3266 3278
f 3265 3278 3277
f 3266 3267 3279
f 3266 3279 3278
f 3267 3268 3280
f 3267 3280 3279
f 3268 3269 3281
f 3268 3281 3280
f 3269 3270 3282
f 3269 3282 3281
f 3270 3271 3283
f 3270 3283 3282
f 3271 3272 3284
f 3271 3284 3283
f 3272 3273 3285
f 3272 3285 3284
f 3273 3274 3286
f 3273 3286 3285
f 3274 3275 3287
f 3274 3287 3286
f 3275 3276 3288
f 3275 3288 3287
f 3276 3265 3277
f 3276 3277 3288
f 3289 3266 3265
f 3290 3277 3278
f 3289 3267 3266
f 3290 3278 3279
f 3289 3268 3267
f 3290 3279 3280
f 3289 3269 3268
f 3290 3280 3281
f 3289 3270 3269
f 3290 3281 3282
f 3289 3271 3270
f 3290 3282 3283
f 3289 3272 3271
f 3290 3283 3284
f 3289 3273 3272
f 3290 3284 3285
f 3289 3274 3273
f 3290 3285 3286
f 3289 3275 3274
f 3290 3286 3287
f 3289 3276 3275
f 3290 3287 3288
f 3289 3265 3276
f 3290 3288 3277
f 3291 3292 3300
f 3291 3300 3299
f 3292 3293 3301
f 3292 3301 3300
f 3293 3294 3302
f 3293 3302 3301
f 3294 3295 3303
f 3294 3303 3302
f 3295 3296 3304
f 3295 3304 3303
f 3296 3297 3305
f 3296 3305 3304
f 3297 3298 3306
f 3297 3306 3305
f 3298 3291 3299
f 3298 3299 3306
f 3307 3292 3291
f 3308 3299 3300
f 3307 3293 3292
f 3308 3300 3301
f 3307 3294 3293
f 3308 3301 3302
f 3307 3295 3294
f 3308 3302 3303
f 3307 3296 3295
f 3308 3303 3304
f 3307 3297 3296
f 3308 3304 3305
f 3307 3298 3297
f 3308 3305 3306
f 3307 3291 3298
f 3308 3306 3299
f 3309 3310 3326
f 3309 3326 3325
f 3310 3311 3327
f 3310 3327 3326
f 3311 3312 3328
f 3311 3328 3327
f 3312 3313 3329
f 3312 3329 3328
f 3313 3314 3330
f 3313 3330 3329
f 3314 3315 3331
f 3314 3331 3330
f 3315 3316 3332
f 3315 3332 3331
f 3316 3317 3333
f 3316 3333 3332
f 3317 3318 3334
f 3317 3334 3333
f 3318 3319 3335
f 3318 3335 3334
f 3319 3320 3336
f 3319 3336 3335
f 3320 3321 3337
f 3320 3337 3336
f 3321 3322 3338
f 3321 3338 3337
f 3322 3323 3339
f 3322 3339 3338
f 3323 3324 3340
f 3323 3340 3339
f 3324 3309 3325
f 3324 3325 3340
f 3341 3310 3309
f 3342 3325 3326
f 3341 3311 3310
f 3342 3326 3327
f 3341 3312 3311
f 3342 3327 3328
f 3341 3313 3312
f 3342 3328 3329
f 3375 3347 3346
f 3376 3362 3363
f 3375 3348 3347
f 3376 3363 3364
f 3375 3349 3348
f 3376 3364 3365
f 3375 3350 3349
f 3376 3365 3366
f 3375 3351 3350
f 3376 3366 3367
f 3375 3352 3351
f 3376 3367 3368
f 3375 3353 3352
f 3376 3368 3369
f 3375 3354 3353
f 3376 3369 3370
f 3375 3355 3354
f 3376 3370 3371
f 3375 3356 3355
f 3376 3371 3372
f 3375 3357 3356
f 3376 3372 3373
f 3375 3358 3357
f 3376 3373 3374
f 3375 3343 3358
f 3376 3374 3359
f 3377 3378 3390
f 3377 3390 3389
f 3378 3379 3391
f 3378 3391 3390
f 3379 3380 3392
f 3379 3392 3391
f 3380 3381 3393
f 3380 3393 3392
f 3381 3382 3394
f 3381 3394 3393
f 3382 3383 3395
f 3382 3395 3394
f 3383 3384 3396
f 3383 3396 3395
f 3384 3385 3397
f 3384 3397 3396
f 3385 3386 3398
f 3385 3398 3397
f 3386 3387 3399
f 3386 3399 3398
f 3387 3388 3400
f 3387 3400 3399
f 3388 3377 3389
f 3388 3389 3400
f 3401 3378 3377
f 3402 3389 3390
f 3401 3379 3378
f 3402 3390 3391
f 3401 3380 3379
f 3402 3391 3392
f 3401 3381 3380
f 3402 3392 3393
f 3401 3382 3381
f 3402 3393 3394
f 3401 3383 3382
f 3402 3394 3395
f 3401 3384 3383
f 3402 3395 3396
f 3401 3385 3384
f 3402 3396 3397
f 3401 3386 3385
f 3402 3397 3398
f 3401 3387 3386
f 3402 3398 3399
f 3401 3388 3387
f 3402 3399 3400
f 3401 3377 3388
f 3402 3400 3389
f 3403 3404 3416
f 3403 3416 3415
f 3404 3405 3417
f 3404 3417 3416
f 3405 3406 3418
f 3405 3418 3417
f 3406 3407 3419
f 3406 3419 3418
f 3407 3408 3420
f 3407 3420 3419
f 3408 3409 3421
f 3408 3421 3420
f 3409 3410 3422
f 3409 3422 3421
f 3410 3411 3423
f 3410 3423 3422
f 3411 3412 3424
f 3411 3424 3423
f 3412 3413 3425
f 3412 3425 3424
f 3413 3414 3426
f 3413 3426 3425
f 3414 3403 3415
f 3414 3415 3426
f 3427 3404 3403
f 3428 3415 3416
f 3427 3405 3404
f 3428 3416 3417
f 3427 3406 3405
f 3428 3417 3418
f 3427 3407 3406
f 3428 3418 3419
f 3427 3408 3407
f 3428 3419 3420
f 3427 3409 3408
f 3428 3420 3421
f 3427 3410 3409
f 3428 3421 3422
f 3427 3411 3410
f 3428 3422 3423
f 3427 3412 3411
f 3428 3423 3424
f 3427 3413 3412
f 3428 3424 3425
f 3427 3414 3413
f 3428 3425 3426
f 3427 3403 3414
f 3428 3426 3415
f 3429 3430 3438
f 3429 3438 3437
f 3430 3431 3439
f 3430 3439 3438
f 3431 3432 3440
f 3431 3440 3439
f 3496 3500 3502
f 3496 3502 3498
f 3499 3503 3504
f 3499 3504 3500
f 3501 3506 3505
f 3501 3502 3506
f 3499 3505 3503
f 3499 3501 3505
f 3500 3504 3506
f 3500 3506 3502
f 3503 3507 3508
f 3503 3508 3504
f 3505 3510 3509
f 3505 3506 3510
f 3503 3509 3507
f 3503 3505 3509
f 3504 3508 3510
f 3504 3510 3506
f 3507 3511 3512
f 3507 3512 3508
f 3509 3514 3513
f 3509 3510 3514
f 3507 3513 3511
f 3507 3509 3513
f 3508 3512 3514
f 3508 3514 3510
f 3515 3519 3520
f 3515 3520 3516
f 3517 3522 3521
f 3517 3518 3522
f 3515 3521 3519
f 3515 3517 3521
f 3516 3520 3522
f 3516 3522 3518
f 3519 3523 3524
f 3519 3524 3520
f 3521 3526 3525
f 3521 3522 3526
f 3519 3525 3523
f 3519 3521 3525
f 3520 3524 3526
f 3520 3526 3522
f 3523 3527 3528
f 3523 3528 3524
f 3525 3530 3529
f 3525 3526 3530
f 3523 3529 3527
f 3523 3525 3529
f 3524 3528 3530
f 3524 3530 3526
f 3527 3531 3532
f 3527 3532 3528
f 3529 3534 3533
f 3529 3530 3534
f 3527 3533 3531
f 3527 3529 3533
f 3528 3532 3534
f 3528 3534 3530
f 3531 3535 3536
f 3531 3536 3532
f 3533 3538 3537
f 3533 3534 3538
f 3531 3537 3535
f 3531 3533 3537
f 3532 3536 3538
f 3532 3538 3534
f 3535 3539 3540
f 3535 3540 3536
f 3537 3542 3541
f 3537 3538 3542
f 3535 3541 3539
f 3535 3537 3541
f 3536 3540 3542
f 3536 3542 3538
f 3539 3543 3544
f 3539 3544 3540
f 3541 3546 3545
f 3541 3542 3546
f 3539 3545 3543
f 3539 3541 3545
f 3540 3544 3546
f 3540 3546 3542
f 3543 3547 3548
f 3543 3548 3544
f 3545 3550 3549
f 3545 3546 3550
f 3543 3549 3547
f 3543 3545 3549
f 3544 3548 3550
f 3544 3550 3546
f 3547 3551 3552
f 3547 3552 3548
f 3549 3554 3553
f 3549 3550 3554
f 3547 3553 3551
f 3547 3549 3553
f 3548 3552 3554
f 3548 3554 3550
f 3551 3555 3556
f 3551 3556 3552
f 3553 3558 3557
f 3553 3554 3558
f 3551 3557 3555
f 3551 3553 3557
f 3552 3556 3558
f 3552 3558 3554
f 3555 3559 3560
f 3555 3560 3556
f 3557 3562 3561
f 3557 3558 3562
f 3555 3561 3559
f 3555 3557 3561
f 3556 3560 3562
f 3556 3562 3558
f 3559 3563 3564
f 3559 3564 3560
f 3561 3566 3565
f 3561 3562 3566
f 3559 3565 3563
f 3559 3561 3565
f 3560 3564 3566
f 3560 3566 3562
f 3563 3567 3568
f 3563 3568 3564
f 3565 3570 3569
f 3565 3566 3570
f 3563 3569 3567
f 3563 3565 3569
f 3632 3636 3638
f 3632 3638 3634
f 3635 3639 3640
f 3635 3640 3636
f 3637 3642 3641
f 3637 3638 3642
f 3635 3641 3639
f 3635 3637 3641
f 3636 3640 3642
f 3636 3642 3638
f 3639 3643 3644
f 3639 3644 3640
f 3641 3646 3645
f 3641 3642 3646
f 3639 3645 3643
f 3639 3641 3645
f 3640 3644 3646
f 3640 3646 3642
f 3643 3647 3648
f 3643 3648 3644
f 3645 3650 3649
f 3645 3646 3650
f 3643 3649 3647
f 3643 3645 3649
f 3644 3648 3650
f 3644 3650 3646
f 3651 3655 3656
f 3651 3656 3652
f 3653 3658 3657
f 3653 3654 3658
f 3651 3657 3655
f 3651 3653 3657
f 3652 3656 3658
f 3652 3658 3654
f 3655 3659 3660
f 3655 3660 3656
f 3657 3662 3661
f 3657 3658 3662
f 3655 3661 3659
f 3655 3657 3661
f 3656 3660 3662
f 3656 3662 3658
f 3659 3663 3664
f 3659 3664 3660
f 3661 3666 3665
f 3661 3662 3666
f 3659 3665 3663
f 3659 3661 3665
f 3660 3664 3666
f 3660 3666 3662
f 3663 3667 3668
f 3663 3668 3664
f 3665 3670 3669
f 3665 3666 3670
f 3663 3669 3667
f 3663 3665 3669
f 3664 3668 3670
f 3664 3670 3666
f 3667 3671 3672
f 3667 3672 3668
f 3669 3674 3673
f 3669 3670 3674
f 3667 3673 3671
f 3667 3669 3673
f 3668 3672 3674
f 3668 3674 3670
f 3671 3675 3676
f 3671 3676 3672
f 3673 3678 3677
f 3673 3674 3678
f 3671 3677 3675
f 3671 3673 3677
f 3672 3676 3678
f 3672 3678 3674
f 3675 3679 3680
f 3675 3680 3676
f 3677 3682 3681
f 3677 3678 3682
f 3675 3681 3679
f 3675 3677 3681
f 3676 3680 3682
f 3676 3682 3678
f 3679 3683 3684
f 3679 3684 3680
f 3681 3686 3685
f 3681 3682 3686
f 3679 3685 3683
f 3679 3681 3685
f 3680 3684 3686
f 3680 3686 3682
f 3683 3687 3688
f 3683 3688 3684
f 3685 3690 3689
f 3685 3686 3690
f 3683 3689 3687
f 3683 3685 3689
f 3684 3688 3690
f 3684 3690 3686
f 3687 3691 3692
f 3687 3692 3688
f 3689 3694 3693
f 3689 3690 3694
f 3687 3693 3691
f 3687 3689 3693
f 3688 3692 3694
f 3688 3694 3690
f 3691 3695 3696
f 3691 3696 3692
f 3693 3698 3697
f 3693 3694 3698
f 3691 3697 3695
f 3691 3693 3697
f 3692 3696 3698
f 3692 3698 3694
f 3695 3699 3700
f 3695 3700 3696
f 3697 3702 3701
f 3697 3698 3702
f 3695 3701 3699
f 3695 3697 3701
f 3696 3700 3702
f 3696 3702 3698
f 3699 3703 3704
f 3699 3704 3700
f 3701 3706 3705
f 3701 3702 3706
f 3699 3705 3703
f 3699 3701 3705
f 3768 3772 3774
f 3768 3774 3770
f 3771 3775 3776
f 3771 3776 3772
f 3773 3778 3777
f 3773 3774 3778
f 3771 3777 3775
f 3771 3773 3777
f 3772 3776 3778
f 3772 3778 3774
f 3775 3779 3780
f 3775 3780 3776
f 3777 3782 3781
f 3777 3778 3782
f 3775 3781 3779
f 3775 3777 3781
f 3776 3780 3782
f 3776 3782 3778
f 3779 3783 3784
f 3779 3784 3780
f 3781 3786 3785
f 3781 3782 3786
f 3779 3785 3783
f 3779 3781 3785
f 3780 3784 3786
f 3780 3786 3782
f 3787 3791 3792
f 3787 3792 3788
f 3789 3794 3793
f 3789 3790 3794
f 3787 3793 3791
f 3787 3789 3793
f 3788 3792 3794
f 3788 3794 3790
f 3791 3795 3796
f 3791 3796 3792
f 3793 3798 3797
f 3793 3794 3798
f 3791 3797 3795
f 3791 3793 3797
f 3792 3796 3798
f 3792 3798 3794
f 3795 3799 3800
f 3795 3800 3796
f 3797 3802 3801
f 3797 3798 3802
f 3795 3801 3799
f 3795 3797 3801
f 3796 3800 3802
f 3796 3802 3798
f 3799 3803 3804
f 3799 3804 3800
f 3801 3806 3805
f 3801 3802 3806
f 3799 3805 3803
f 3799 3801 3805
f 3800 3804 3806
f 3800 3806 3802
f 3803 3807 3808
f 3803 3808 3804
f 3805 3810 3809
f 3805 3806 3810
f 3803 3809 3807
f 3803 3805 3809
f 3804 3808 3810
f 3804 3810 3806
f 3807 3811 3812
f 3807 3812 3808
f 3809 3814 3813
f 3809 3810 3814
f 3807 3813 3811
f 3807 3809 3813
f 3808 3812 3814
f 3808 3814 3810
f 3811 3815 3816
f 3811 3816 3812
f 3813 3818 3817
f 3813 3814 3818
f 3811 3817 3815
f 3811 3813 3817
f 3812 3816 3818
f 3812 3818 3814
f 3815 3819 3820
f 3815 3820 3816
f 3817 3822 3821
f 3817 3818 3822
f 3815 3821 3819
f 3815 3817 3821
f 3816 3820 3822
f 3816 3822 3818
f 3819 3823 3824
f 3819 3824 3820
f 3821 3826 3825
f 3821 3822 3826
f 3819 3825 3823
f 3819 3821 3825
f 3820 3824 3826
f 3820 3826 3822
f 3823 3827 3828
f 3823 3828 3824
f 3825 3830 3829
f 3825 3826 3830
f 3823 3829 3827
f 3823 3825 3829
f 3824 3828 3830
f 3824 3830 3826
f 3827 3831 3832
f 3827 3832 3828
f 3829 3834 3833
f 3829 3830 3834
f 3827 3833 3831
f 3827 3829 3833
f 3828 3832 3834
f 3828 3834 3830
f 3831 3835 3836
f 3831 3836 3832
f 3833 3838 3837
f 3833 3834 3838
f 3831 3837 3835
f 3831 3833 3837
f 3832 3836 3838
f 3832 3838 3834
f 3835 3839 3840
f 3835 3840 3836
f 3837 3842 3841
f 3837 3838 3842
f 3835 3841 3839
f 3835 3837 3841
f 3904 3908 3910
f 3904 3910 3906
f 3907 3911 3912
f 3907 3912 3908
f 3909 3914 3913
f 3909 3910 3914
f 3907 3913 3911
f 3907 3909 3913
f 3908 3912 3914
f 3908 3914 3910
f 3911 3915 3916
f 3911 3916 3912
f 3913 3918 3917
f 3913 3914 3918
f 3911 3917 3915
f 3911 3913 3917
f 3912 3916 3918
f 3912 3918 3914
f 3915 3919 3920
f 3915 3920 3916
f 3917 3922 3921
f 3917 3918 3922
f 3915 3921 3919
f 3915 3917 3921
f 3916 3920 3922
f 3916 3922 3918
f 3923 3927 3928
f 3923 3928 3924
f 3925 3930 3929
f 3925 3926 3930
f 3923 3929 3927
f 3923 3925 3929
f 3924 3928 3930
f 3924 3930 3926
f 3927 3931 3932
f 3927 3932 3928
f 3929 3934 3933
f 3929 3930 3934
f 3927 3933 3931
f 3927 3929 3933
f 3928 3932 3934
f 3928 3934 3930
f 3931 3935 3936
f 3931 3936 3932
f 3933 3938 3937
f 3933 3934 3938
f 3931 3937 3935
f 3931 3933 3937
f 3932 3936 3938
f 3932 3938 3934
f 3935 3939 3940
f 3935 3940 3936
f 3937 3942 3941
f 3937 3938 3942
f 3935 3941 3939
f 3935 3937 3941
f 3936 3940 3942
f 3936 3942 3938
f 3939 3943 3944
f 3939 3944 3940
f 3941 3946 3945
f 3941 3942 3946
f 3939 3945 3943
f 3939 3941 3945
f 3940 3944 3946
f 3940 3946 3942
f 3943 3947 3948
f 3943 3948 3944
f 3945 3950 3949
f 3945 3946 3950
f 3943 3949 3947
f 3943 3945 3949
f 3944 3948 3950
f 3944 3950 3946
f 3947 3951 3952
f 3947 3952 3948
f 3949 3954 3953
f 3949 3950 3954
f 3947 3953 3951
f 3947 3949 3953
f 3948 3952 3954
f 3948 3954 3950
f 3951 3955 3956
f 3951 3956 3952
f 3953 3958 3957
f 3953 3954 3958
f 3951 3957 3955
f 3951 3953 3957
f 3952 3956 3958
f 3952 3958 3954
f 3955 3959 3960
f 3955 3960 3956
f 3957 3962 3961
f 3957 3958 3962
f 3955 3961 3959
f 3955 3957 3961
f 3956 3960 3962
f 3956 3962 3958
f 3959 3963 3964
f 3959 3964 3960
f 3961 3966 3965
f 3961 3962 3966
f 3959 3965 3963
f 3959 3961 3965
f 3960 3964 3966
f 3960 3966 3962
f 3963 3967 3968
f 3963 3968 3964
f 3965 3970 3969
f 3965 3966 3970
f 3963 3969 3967
f 3963 3965 3969
f 3964 3968 3970
f 3964 3970 3966
f 3967 3971 3972
f 3967 3972 3968
f 3969 3974 3973
f 3969 3970 3974
f 3967 3973 3971
f 3967 3969 3973
f 3968 3972 3974
f 3968 3974 3970
f 3971 3975 3976
f 3971 3976 3972
f 3973 3978 3977
f 3973 3974 3978
f 3971 3977 3975
f 3971 3973 3977
f 4044 4048 4050
f 4044 4050 4046
f 4047 4051 4052
f 4047 4052 4048
f 4049 4054 4053
f 4049 4050 4054
f 4047 4053 4051
f 4047 4049 4053
f 4048 4052 4054
f 4048 4054 4050
f 4051 4055 4056
f 4051 4056 4052
f 4053 4058 4057
f 4053 4054 4058
f 4051 4057 4055
f 4051 4053 4057
f 4052 4056 4058
f 4052 4058 4054
f 4055 4059 4060
f 4055 4060 4056
f 4057 4062 4061
f 4057 4058 4062
f 4055 4061 4059
f 4055 4057 4061
f 4056 4060 4062
f 4056 4062 4058
f 4059 4063 4064
f 4059 4064 4060
f 4061 4066 4065
f 4061 4062 4066
f 4059 4065 4063
f 4059 4061 4065
f 4060 4064 4066
f 4060 4066 4062
f 4063 4067 4068
f 4063 4068 4064
f 4065 4070 4069
f 4065 4066 4070
f 4063 4069 4067
f 4063 4065 4069
f 4064 4068 4070
f 4064 4070 4066
f 4067 4071 4072
f 4067 4072 4068
f 4069 4074 4073
f 4069 4070 4074
f 4067 4073 4071
f 4067 4069 4073
f 4068 4072 4074
f 4068 4074 4070
f 4071 4075 4076
f 4071 4076 4072
f 4073 4078 4077
f 4073 4074 4078
f 4071 4077 4075
f 4071 4073 4077
f 4072 4076 4078
f 4072 4078 4074
f 4079 4083 4084
f 4079 4084 4080
f 4081 4086 4085
f 4081 4082 4086
f 4079 4085 4083
f 4079 4081 4085
f 4080 4084 4086
f 4080 4086 4082
f 4083 4087 4088
f 4083 4088 4084
f 4085 4090 4089
f 4085 4086 4090
f 4083 4089 4087
f 4083 4085 4089
f 4084 4088 4090
f 4084 4090 4086
f 4087 4091 4092
f 4087 4092 4088
f 4089 4094 4093
f 4089 4090 4094
f 4087 4093 4091
f 4087 4089 4093
f 4088 4092 4094
f 4088 4094 4090
f 4091 4095 4096
f 4091 4096 4092
f 4093 4098 4097
f 4093 4094 4098
f 4091 4097 4095
f 4091 4093 4097
f 4092 4096 4098
f 4092 4098 4094
f 4095 4099 4100
f 4095 4100 4096
f 4097 4102 4101
f 4097 4098 4102
f 4095 4101 4099
f 4095 4097 4101
f 4096 4100 4102
f 4096 4102 4098
f 4099 4103 4104
f 4099 4104 4100
f 4101 4106 4105
f 4101 4102 4106
f 4099 4105 4103
f 4099 4101 4105
f 4100 4104 4106
f 4100 4106 4102
f 4103 4107 4108
f 4103 4108 4104
f 4105 4110 4109
f 4105 4106 4110
f 4103 4109 4107
f 4103 4105 4109
f 4104 4108 4110
f 4104 4110 4106
f 4107 4111 4112
f 4107 4112 4108
f 4109 4114 4113
f 4109 4110 4114
f 4107 4113 4111
f 4107 4109 4113
f 4108 4112 4114
f 4108 4114 4110
f 4111 4115 4116
f 4111 4116 4112
f 4113 4118 4117
f 4113 4114 4118
f 4111 4117 4115
f 4111 4113 4117
f 4184 4188 4190
f 4184 4190 4186
f 4187 4191 4192
f 4187 4192 4188
f 4189 4194 4193
f 4189 4190 4194
f 4187 4193 4191
f 4187 4189 4193
f 4188 4192 4194
f 4188 4194 4190
f 4191 4195 4196
f 4191 4196 4192
f 4193 4198 4197
f 4193 4194 4198
f 4191 4197 4195
f 4191 4193 4197
f 4192 4196 4198
f 4192 4198 4194
f 4195 4199 4200
f 4195 4200 4196
f 4197 4202 4201
f 4197 4198 4202
f 4195 4201 4199
f 4195 4197 4201
f 4196 4200 4202
f 4196 4202 4198
f 4199 4203 4204
f 4199 4204 4200
f 4201 4206 4205
f 4201 4202 4206
f 4199 4205 4203
f 4199 4201 4205
f 4200 4204 4206
f 4200 4206 4202
f 4203 4207 4208
f 4203 4208 4204
f 4205 4210 4209
f 4205 4206 4210
f 4203 4209 4207
f 4203 4205 4209
f 4204 4208 4210
f 4204 4210 4206
f 4211 4215 4216
f 4211 4216 4212
f 4213 4218 4217
f 4213 4214 4218
f 4211 4217 4215
f 4211 4213 4217
f 4212 4216 4218
f 4212 4218 4214
f 4215 4219 4220
f 4215 4220 4216
f 4217 4222 4221
f 4217 4218 4222
f 4215 4221 4219
f 4215 4217 4221
f 4216 4220 4222
f 4216 4222 4218
f 4219 4223 4224
f 4219 4224 4220
f 4221 4226 4225
f 4221 4222 4226
f 4219 4225 4223
f 4219 4221 4225
f 4220 4224 4226
f 4220 4226 4222
f 4223 4227 4228
f 4223 4228 4224
f 4225 4230 4229
f 4225 4226 4230
f 4223 4229 4227
f 4223 4225 4229
f 4224 4228 4230
f 4224 4230 4226
f 4227 4231 4232
f 4227 4232 4228
f 4229 4234 4233
f 4229 4230 4234
f 4227 4233 4231
f 4227 4229 4233
f 4228 4232 4234
f 4228 4234 4230
f 4231 4235 4236
f 4231 4236 4232
f 4233 4238 4237
f 4233 4234 4238
f 4231 4237 4235
f 4231 4233 4237
f 4232 4236 4238
f 4232 4238 4234
f 4235 4239 4240
f 4235 4240 4236
f 4237 4242 4241
f 4237 4238 4242
f 4235 4241 4239
f 4235 4237 4241
f 4236 4240 4242
f 4236 4242 4238
f 4239 4243 4244
f 4239 4244 4240
f 4241 4246 4245
f 4241 4242 4246
f 4239 4245 4243
f 4239 4241 4245
f 4240 4244 4246
f 4240 4246 4242
f 4243 4247 4248
f 4243 4248 4244
f 4245 4250 4249
f 4245 4246 4250
f 4243 4249 4247
f 4243 4245 4249
f 4244 4248 4250
f 4244 4250 4246
f 4247 4251 4252
f 4247 4252 4248
f 4249 4254 4253
f 4249 4250 4254
f 4247 4253 4251
f 4247 4249 4253
f 4248 4252 4254
f 4248 4254 4250
f 4255 4259 4260
f 4255 4260 4256
f 4257 4262 4261
f 4257 4258 4262
f 4255 4261 4259
f 4255 4257 4261
f 4324 4328 4330
f 4324 4330 4326
f 4327 4331 4332
f 4327 4332 4328
f 4329 4334 4333
f 4329 4330 4334
f 4327 4333 4331
f 4327 4329 4333
f 4328 4332 4334
f 4328 4334 4330
f 4331 4335 4336
f 4331 4336 4332
f 4333 4338 4337
f 4333 4334 4338
f 4331 4337 4335
f 4331 4333 4337
f 4332 4336 4338
f 4332 4338 4334
f 4335 4339 4340
f 4335 4340 4336
f 4337 4342 4341
f 4337 4338 4342
f 4335 4341 4339
f 4335 4337 4341
f 4336 4340 4342
f 4336 4342 4338
f 4343 4344 4360
f 4343 4360 4359
f 4344 4345 4361
f 4344 4361 4360
f 4345 4346 4362
f 4345 4362 4361
f 4346 4347 4363
f 4346 4363 4362
f 4347 4348 4364
f 4347 4364 4363
f 4348 4349 4365
f 4348 4365 4364
f 4349 4350 4366
f 4349 4366 4365
f 4350 4351 4367
f 4350 4367 4366
f 4351 4352 4368
f 4351 4368 4367
f 4352 4353 4369
f 4352 4369 4368
f 4353 4354 4370
f 4353 4370 4369
f 4354 4355 4371
f 4354 4371 4370
f 4355 4356 4372
f 4355 4372 4371
f 4356 4357 4373
f 4356 4373 4372
f 4357 4358 4374
f 4357 4374 4373
f 4358 4343 4359
f 4358 4359 4374
f 4375 4344 4343
f 4376 4359 4360
f 4375 4345 4344
f 4376 4360 4361
f 4375 4346 4345
f 4376 4361 4362
f 4375 4347 4346
f 4376 4362 4363
f 4375 4348 4347
f 4376 4363 4364
f 4375 4349 4348
f 4376 4364 4365
f 4375 4350 4349
f 4376 4365 4366
f 4375 4351 4350
f 4376 4366 4367
f 4375 4352 4351
f 4376 4367 4368
f 4375 4353 4352
f 4376 4368 4369
f 4375 4354 4353
f 4376 4369 4370
f 4375 4355 4354
f 4376 4370 4371
f 4375 4356 4355
f 4376 4371 4372
f 4375 4357 4356
f 4376 4372 4373
f 4375 4358 4357
f 4376 4373 4374
f 4375 4343 4358
f 4376 4374 4359
f 4377 4378 4394
f 4377 4394 4393
f 4378 4379 4395
f 4378 4395 4394
f 4379 4380 4396
f 4379 4396 4395
f 4380 4381 4397
f 4380 4397 4396
f 4381 4382 4398
f 4381 4398 4397
f 4382 4383 4399
f 4382 4399 4398
f 4383 4384 4400
f 4383 4400 4399
f 4384 4385 4401
f 4384 4401 4400
f 4385 4386 4402
f 4385 4402 4401
f 4386 4387 4403
f 4386 4403 4402
f 4387 4388 4404
f 4387 4404 4403
f 4388 4389 4405
f 4388 4405 4404
f 4389 4390 4406
f 4389 4406 4405
f 4390 4391 4407
f 4390 4407 4406
f 4391 4392 4408
f 4391 4408 4407
f 4392 4377 4393
f 4392 4393 4408
f 4409 4378 4377
f 4410 4393 4394
f 4409 4379 4378
f 4410 4394 4395
f 4409 4380 4379
f 4410 4395 4396
f 4468 4469 4475
f 4468 4475 4474
f 4469 4470 4476
f 4469 4476 4475
f 4470 4465 4471
f 4470 4471 4476
f 4477 4466 4465
f 4478 4471 4472
f 4477 4467 4466
f 4478 4472 4473
f 4477 4468 4467
f 4478 4473 4474
f 4477 4469 4468
f 4478 4474 4475
f 4477 4470 4469
f 4478 4475 4476
f 4477 4465 4470
f 4478 4476 4471
f 4479 4480 4486
f 4479 4486 4485
f 4480 4481 4487
f 4480 4487 4486
f 4481 4482 4488
f 4481 4488 4487
f 4482 4483 4489
f 4482 4489 4488
f 4483 4484 4490
f 4483 4490 4489
f 4484 4479 4485
f 4484 4485 4490
f 4491 4480 4479
f 4492 4485 4486
f 4491 4481 4480
f 4492 4486 4487
f 4491 4482 4481
f 4492 4487 4488
f 4491 4483 4482
f 4492 4488 4489
f 4491 4484 4483
f 4492 4489 4490
f 4491 4479 4484
f 4492 4490 4485
f 4493 4494 4500
f 4493 4500 4499
f 4494 4495 4501
f 4494 4501 4500
f 4495 4496 4502
f 4495 4502 4501
f 4496 4497 4503
f 4496 4503 4502
f 4497 4498 4504
f 4497 4504 4503
f 4498 4493 4499
f 4498 4499 4504
f 4505 4494 4493
f 4506 4499 4500
f 4505 4495 4494
f 4506 4500 4501
f 4505 4496 4495
f 4506 4501 4502
f 4505 4497 4496
f 4506 4502 4503
f 4505 4498 4497
f 4506 4503 4504
f 4505 4493 4498
f 4506 4504 4499
f 4507 4508 4514
f 4507 4514 4513
f 4508 4509 4515
f 4508 4515 4514
f 4509 4510 4516
f 4509 4516 4515
f 4510 4511 4517
f 4510 4517 4516
f 4511 4512 4518
f 4511 4518 4517
f 4512 4507 4513
f 4512 4513 4518
f 4519 4508 4507
f 4520 4513 4514
f 4519 4509 4508
f 4520 4514 4515
f 4519 4510 4509
f 4520 4515 4516
f 4519 4511 4510
f 4520 4516 4517
f 4519 4512 4511
f 4520 4517 4518
f 4519 4507 4512
f 4520 4518 4513
f 4521 4522 4528
f 4521 4528 4527
f 4522 4523 4529
f 4522 4529 4528
f 4523 4524 4530
f 4523 4530 4529
f 4524 4525 4531
f 4524 4531 4530
f 4525 4526 4532
f 4525 4532 4531
f 4526 4521 4527
f 4526 4527 4532
f 4533 4522 4521
f 4534 4527 4528
f 4533 4523 4522
f 4534 4528 4529
f 4533 4524 4523
f 4534 4529 4530
f 4533 4525 4524
f 4534 4530 4531
f 4533 4526 4525
f 4534 4531 4532
f 4533 4521 4526
f 4534 4532 4527
f 4535 4536 4542
f 4535 4542 4541
f 4536 4537 4543
f 4536 4543 4542
f 4537 4538 4544
f 4537 4544 4543
f 4538 4539 4545
f 4538 4545 4544
f 4539 4540 4546
f 4539 4546 4545
f 4540 4535 4541
f 4540 4541 4546
f 4547 4536 4535
f 4548 4541 4542
f 4617 4605 4610
f 4618 4616 4611
f 4619 4620 4626
f 4619 4626 4625
f 4620 4621 4627
f 4620 4627 4626
f 4621 4622 4628
f 4621 4628 4627
f 4622 4623 4629
f 4622 4629 4628
f 4623 4624 4630
f 4623 4630 4629
f 4624 4619 4625
f 4624 4625 4630
f 4631 4620 4619
f 4632 4625 4626
f 4631 4621 4620
f 4632 4626 4627
f 4631 4622 4621
f 4632 4627 4628
f 4631 4623 4622
f 4632 4628 4629
f 4631 4624 4623
f 4632 4629 4630
f 4631 4619 4624
f 4632 4630 4625
f 4633 4634 4640
f 4633 4640 4639
f 4634 4635 4641
f 4634 4641 4640
f 4635 4636 4642
f 4635 4642 4641
f 4636 4637 4643
f 4636 4643 4642
f 4637 4638 4644
f 4637 4644 4643
f 4638 4633 4639
f 4638 4639 4644
f 4645 4634 4633
f 4646 4639 4640
f 4645 4635 4634
f 4646 4640 4641
f 4645 4636 4635
f 4646 4641 4642
f 4645 4637 4636
f 4646 4642 4643
f 4645 4638 4637
f 4646 4643 4644
f 4645 4633 4638
f 4646 4644 4639
f 4647 4648 4654
f 4647 4654 4653
f 4648 4649 4655
f 4648 4655 4654
f 4649 4650 4656
f 4649 4656 4655
f 4650 4651 4657
f 4650 4657 4656
f 4651 4652 4658
f 4651 4658 4657
f 4652 4647 4653
f 4652 4653 4658
f 4659 4648 4647
f 4660 4653 4654
f 4659 4649 4648
f 4660 4654 4655
f 4659 4650 4649
f 4660 4655 4656
f 4659 4651 4650
f 4660 4656 4657
f 4659 4652 4651
f 4660 4657 4658
f 4659 4647 4652
f 4660 4658 4653
f 4661 4662 4668
f 4661 4668 4667
f 4662 4663 4669
f 4662 4669 4668
f 4663 4664 4670
f 4663 4670 4669
f 4664 4665 4671
f 4664 4671 4670
f 4665 4666 4672
f 4665 4672 4671
f 4666 4661 4667
f 4666 4667 4672
f 4673 4662 4661
f 4674 4667 4668
f 4673 4663 4662
f 4674 4668 4669
f 4673 4664 4663
f 4674 4669 4670
f 4673 4665 4664
f 4674 4670 4671
f 4673 4666 4665
f 4674 4671 4672
f 4673 4661 4666
f 4674 4672 4667
f 4675 4676 4682
f 4675 4682 4681
f 4676 4677 4683
f 4676 4683 4682
f 4677 4678 4684
f 4677 4684 4683
f 4678 4679 4685
f 4678 4685 4684
f 4679 4680 4686
f 4679 4686 4685
f 4680 4675 4681
f 4680 4681 4686
f 4687 4676 4675
f 4688 4681 4682
f 4687 4677 4676
f 4688 4682 4683
f 4687 4678 4677
f 4688 4683 4684
f 4687 4679 4678
f 4688 4684 4685
f 4687 4680 4679
f 4688 4685 4686
f 4687 4675 4680
f 4688 4686 4681
f 4689 4690 4696
f 4689 4696 4695
f 4690 4691 4697
f 4690 4697 4696
f 4691 4692 4698
f 4691 4698 4697
f 4771 4761 4760
f 4772 4766 4767
f 4771 4762 4761
f 4772 4767 4768
f 4771 4763 4762
f 4772 4768 4769
f 4771 4764 4763
f 4772 4769 4770
f 4771 4759 4764
f 4772 4770 4765
f 4773 4774 4780
f 4773 4780 4779
f 4774 4775 4781
f 4774 4781 4780
f 4775 4776 4782
f 4775 4782 4781
f 4776 4777 4783
f 4776 4783 4782
f 4777 4778 4784
f 4777 4784 4783
f 4778 4773 4779
f 4778 4779 4784
f 4785 4774 4773
f 4786 4779 4780
f 4785 4775 4774
f 4786 4780 4781
f 4785 4776 4775
f 4786 4781 4782
f 4785 4777 4776
f 4786 4782 4783
f 4785 4778 4777
f 4786 4783 4784
f 4785 4773 4778
f 4786 4784 4779
f 4787 4788 4794
f 4787 4794 4793
f 4788 4789 4795
f 4788 4795 4794
f 4789 4790 4796
f 4789 4796 4795
f 4790 4791 4797
f 4790 4797 4796
f 4791 4792 4798
f 4791 4798 4797
f 4792 4787 4793
f 4792 4793 4798
f 4799 4788 4787
f 4800 4793 4794
f 4799 4789 4788
f 4800 4794 4795
f 4799 4790 4789
f 4800 4795 4796
f 4799 4791 4790
f 4800 4796 4797
f 4799 4792 4791
f 4800 4797 4798
f 4799 4787 4792
f 4800 4798 4793
f 4801 4802 4808
f 4801 4808 4807
f 4802 4803 4809
f 4802 4809 4808
f 4803 4804 4810
f 4803 4810 4809
f 4804 4805 4811
f 4804 4811 4810
f 4805 4806 4812
f 4805 4812 4811
f 4806 4801 4807
f 4806 4807 4812
f 4813 4802 4801
f 4814 4807 4808
f 4813 4803 4802
f 4814 4808 4809
f 4813 4804 4803
f 4814 4809 4810
f 4813 4805 4804
f 4814 4810 4811
f 4813 4806 4805
f 4814 4811 4812
f 4813 4801 4806
f 4814 4812 4807
f 4815 4816 4822
f 4815 4822 4821
f 4816 4817 4823
f 4816 4823 4822
f 4817 4818 4824
f 4817 4824 4823
f 4818 4819 4825
f 4818 4825 4824
f 4819 4820 4826
f 4819 4826 4825
f 4820 4815 4821
f 4820 4821 4826
f 4827 4816 4815
f 4828 4821 4822
f 4827 4817 4816
f 4828 4822 4823
f 4827 4818 4817
f 4828 4823 4824
f 4827 4819 4818
f 4828 4824 4825
f 4827 4820 4819
f 4828 4825 4826
f 4827 4815 4820
f 4828 4826 4821
f 4829 4830 4836
f 4829 4836 4835
f 4830 4831 4837
f 4830 4837 4836
f 4831 4832 4838
f 4831 4838 4837
f 4832 4833 4839
f 4832 4839 4838
f 4833 4834 4840
f 4833 4840 4839
f 4834 4829 4835
f 4834 4835 4840
f 4841 4830 4829
f 4842 4835 4836
f 4841 4831 4830
f 4842 4836 4837
f 4841 4832 4831
f 4842 4837 4838
f 4841 4833 4832
f 4842 4838 4839
f 4841 4834 4833
f 4842 4839 4840
f 4916 4917 4923
f 4916 4923 4922
f 4917 4918 4924
f 4917 4924 4923
f 4918 4913 4919
f 4918 4919 4924
f 4925 4914 4913
f 4926 4919 4920
f 4925 4915 4914
f 4926 4920 4921
f 4925 4916 4915
f 4926 4921 4922
f 4925 4917 4916
f 4926 4922 4923
f 4925 4918 4917
f 4926 4923 4924
f 4925 4913 4918
f 4926 4924 4919
f 4927 4928 4934
f 4927 4934 4933
f 4928 4929 4935
f 4928 4935 4934
f 4929 4930 4936
f 4929 4936 4935
f 4930 4931 4937
f 4930 4937 4936
f 4931 4932 4938
f 4931 4938 4937
f 4932 4927 4933
f 4932 4933 4938
f 4939 4928 4927
f 4940 4933 4934
f 4939 4929 4928
f 4940 4934 4935
f 4939 4930 4929
f 4940 4935 4936
f 4939 4931 4930
f 4940 4936 4937
f 4939 4932 4931
f 4940 4937 4938
f 4939 4927 4932
f 4940 4938 4933
f 4941 4942 4948
f 4941 4948 4947
f 4942 4943 4949
f 4942 4949 4948
f 4943 4944 4950
f 4943 4950 4949
f 4944 4945 4951
f 4944 4951 4950
f 4945 4946 4952
f 4945 4952 4951
f 4946 4941 4947
f 4946 4947 4952
f 4953 4942 4941
f 4954 4947 4948
f 4953 4943 4942
f 4954 4948 4949
f 4953 4944 4943
f 4954 4949 4950
f 4953 4945 4944
f 4954 4950 4951
f 4953 4946 4945
f 4954 4951 4952
f 4953 4941 4946
f 4954 4952 4947
f 4955 4956 4962
f 4955 4962 4961
f 4956 4957 4963
f 4956 4963 4962
f 4957 4958 4964
f 4957 4964 4963
f 4958 4959 4965
f 4958 4965 4964
f 4959 4960 4966
f 4959 4966 4965
f 4960 4955 4961
f 4960 4961 4966
f 4967 4956 4955
f 4968 4961 4962
f 4967 4957 4956
f 4968 4962 4963
f 4967 4958 4957
f 4968 4963 4964
f 4967 4959 4958
f 4968 4964 4965
f 4967 4960 4959
f 4968 4965 4966
f 4967 4955 4960
f 4968 4966 4961
f 4969 4970 4976
f 4969 4976 4975
f 4970 4971 4977
f 4970 4977 4976
f 4971 4972 4978
f 4971 4978 4977
f 4972 4973 4979
f 4972 4979 4978
f 4973 4974 4980
f 4973 4980 4979
f 4974 4969 4975
f 4974 4975 4980
f 4981 4970 4969
f 4982 4975 4976
f 4981 4971 4970
f 4982 4976 4977
f 4981 4972 4971
f 4982 4977 4978
f 4981 4973 4972
f 4982 4978 4979
f 4981 4974 4973
f 4982 4979 4980
f 4981 4969 4974
f 4982 4980 4975
f 4983 4984 4990
f 4983 4990 4989
f 4984 4985 4991
f 4984 4991 4990
f 4985 4986 4992
f 4985 4992 4991
f 4986 4987 4993
f 4986 4993 4992
f 4987 4988 4994
f 4987 4994 4993
f 4988 4983 4989
f 4988 4989 4994
f 4995 4984 4983
f 4996 4989 4990
f 5065 5053 5058
f 5066 5064 5059
f 5067 5068 5074
f 5067 5074 5073
f 5068 5069 5075
f 5068 5075 5074
f 5069 5070 5076
f 5069 5076 5075
f 5070 5071 5077
f 5070 5077 5076
f 5071 5072 5078
f 5071 5078 5077
f 5072 5067 5073
f 5072 5073 5078
f 5079 5068 5067
f 5080 5073 5074
f 5079 5069 5068
f 5080 5074 5075
f 5079 5070 5069
f 5080 5075 5076
f 5079 5071 5070
f 5080 5076 5077
f 5079 5072 5071
f 5080 5077 5078
f 5079 5067 5072
f 5080 5078 5073
f 5081 5082 5088
f 5081 5088 5087
f 5082 5083 5089
f 5082 5089 5088
f 5083 5084 5090
f 5083 5090 5089
f 5084 5085 5091
f 5084 5091 5090
f 5085 5086 5092
f 5085 5092 5091
f 5086 5081 5087
f 5086 5087 5092
f 5093 5082 5081
f 5094 5087 5088
f 5093 5083 5082
f 5094 5088 5089
f 5093 5084 5083
f 5094 5089 5090
f 5093 5085 5084
f 5094 5090 5091
f 5093 5086 5085
f 5094 5091 5092
f 5093 5081 5086
f 5094 5092 5087
f 5095 5096 5102
f 5095 5102 5101
f 5096 5097 5103
f 5096 5103 5102
f 5097 5098 5104
f 5097 5104 5103
f 5098 5099 5105
f 5098 5105 5104
f 5099 5100 5106
f 5099 5106 5105
f 5100 5095 5101
f 5100 5101 5106
f 5107 5096 5095
f 5108 5101 5102
f 5107 5097 5096
f 5108 5102 5103
f 5107 5098 5097
f 5108 5103 5104
f 5107 5099 5098
f 5108 5104 5105
f 5107 5100 5099
f 5108 5105 5106
f 5107 5095 5100
f 5108 5106 5101
f 5109 5110 5116
f 5109 5116 5115
f 5110 5111 5117
f 5110 5117 5116
f 5111 5112 5118
f 5111 5118 5117
f 5112 5113 5119
f 5112 5119 5118
f 5113 5114 5120
f 5113 5120 5119
f 5114 5109 5115
f 5114 5115 5120
f 5121 5110 5109
f 5122 5115 5116
f 5121 5111 5110
f 5122 5116 5117
f 5121 5112 5111
f 5122 5117 5118
f 5121 5113 5112
f 5122 5118 5119
f 5121 5114 5113
f 5122 5119 5120
f 5121 5109 5114
f 5122 5120 5115
f 5123 5124 5130
f 5123 5130 5129
f 5124 5125 5131
f 5124 5131 5130
f 5125 5126 5132
f 5125 5132 5131
f 5126 5127 5133
f 5126 5133 5132
f 5127 5128 5134
f 5127 5134 5133
f 5128 5123 5129
f 5128 5129 5134
f 5135 5124 5123
f 5136 5129 5130
f 5135 5125 5124
f 5136 5130 5131
f 5135 5126 5125
f 5136 5131 5132
f 5135 5127 5126
f 5136 5132 5133
f 5135 5128 5127
f 5136 5133 5134
f 5135 5123 5128
f 5136 5134 5129
f 5137 5138 5144
f 5137 5144 5143
f 5138 5139 5145
f 5138 5145 5144
f 5139 5140 5146
f 5139 5146 5145
f 5219 5209 5208
f 5220 5214 5215
f 5219 5210 5209
f 5220 5215 5216
f 5219 5211 5210
f 5220 5216 5217
f 5219 5212 5211
f 5220 5217 5218
f 5219 5207 5212
f 5220 5218 5213
f 5221 5222 5228
f 5221 5228 5227
f 5222 5223 5229
f 5222 5229 5228
f 5223 5224 5230
f 5223 5230 5229
f 5224 5225 5231
f 5224 5231 5230
f 5225 5226 5232
f 5225 5232 5231
f 5226 5221 5227
f 5226 5227 5232
f 5233 5222 5221
f 5234 5227 5228
f 5233 5223 5222
f 5234 5228 5229
f 5233 5224 5223
f 5234 5229 5230
f 5233 5225 5224
f 5234 5230 5231
f 5233 5226 5225
f 5234 5231 5232
f 5233 5221 5226
f 5234 5232 5227
f 5235 5236 5242
f 5235 5242 5241
f 5236 5237 5243
f 5236 5243 5242
f 5237 5238 5244
f 5237 5244 5243
f 5238 5239 5245
f 5238 5245 5244
f 5239 5240 5246
f 5239 5246 5245
f 5240 5235 5241
f 5240 5241 5246
f 5247 5236 5235
f 5248 5241 5242
f 5247 5237 5236
f 5248 5242 5243
f 5247 5238 5237
f 5248 5243 5244
f 5247 5239 5238
f 5248 5244 5245
f 5247 5240 5239
f 5248 5245 5246
f 5247 5235 5240
f 5248 5246 5241
f 5249 5250 5256
f 5249 5256 5255
f 5250 5251 5257
f 5250 5257 5256
f 5251 5252 5258
f 5251 5258 5257
f 5252 5253 5259
f 5252 5259 5258
f 5253 5254 5260
f 5253 5260 5259
f 5254 5249 5255
f 5254 5255 5260
f 5261 5250 5249
f 5262 5255 5256
f 5261 5251 5250
f 5262 5256 5257
f 5261 5252 5251
f 5262 5257 5258
f 5261 5253 5252
f 5262 5258 5259
f 5261 5254 5253
f 5262 5259 5260
f 5261 5249 5254
f 5262 5260 5255
f 5263 5264 5270
f 5263 5270 5269
f 5264 5265 5271
f 5264 5271 5270
f 5265 5266 5272
f 5265 5272 5271
f 5266 5267 5273
f 5266 5273 5272
f 5267 5268 5274
f 5267 5274 5273
f 5268 5263 5269
f 5268 5269 5274
f 5275 5264 5263
f 5276 5269 5270
f 5275 5265 5264
f 5276 5270 5271
f 5275 5266 5265
f 5276 5271 5272
f 5275 5267 5266
f 5276 5272 5273
f 5275 5268 5267
f 5276 5273 5274
f 5275 5263 5268
f 5276 5274 5269
f 5277 5278 5294
f 5277 5294 5293
f 5278 5279 5295
f 5278 5295 5294
f 5279 5280 5296
f 5279 5296 5295
f 5280 5281 5297
f 5280 5297 5296
f 5281 5282 5298
f 5281 5298 5297
f 5282 5283 5299
f 5282 5299 5298
f 5283 5284 5300
f 5283 5300 5299
f 5284 5285 5301
f 5284 5301 5300
f 5285 5286 5302
f 5285 5302 5301
f 5286 5287 5303
f 5286 5303 5302
f 5287 5288 5304
f 5287 5304 5303
f 5356 5345 5357
f 5356 5357 5368
f 5369 5346 5345
f 5370 5357 5358
f 5369 5347 5346
f 5370 5358 5359
f 5369 5348 5347
f 5370 5359 5360
f 5369 5349 5348
f 5370 5360 5361
f 5369 5350 5349
f 5370 5361 5362
f 5369 5351 5350
f 5370 5362 5363
f 5369 5352 5351
f 5370 5363 5364
f 5369 5353 5352
f 5370 5364 5365
f 5369 5354 5353
f 5370 5365 5366
f 5369 5355 5354
f 5370 5366 5367
f 5369 5356 5355
f 5370 5367 5368
f 5369 5345 5356
f 5370 5368 5357
f 5371 5372 5384
f 5371 5384 5383
f 5372 5373 5385
f 5372 5385 5384
f 5373 5374 5386
f 5373 5386 5385
f 5374 5375 5387
f 5374 5387 5386
f 5375 5376 5388
f 5375 5388 5387
f 5376 5377 5389
f 5376 5389 5388
f 5377 5378 5390
f 5377 5390 5389
f 5378 5379 5391
f 5378 5391 5390
f 5379 5380 5392
f 5379 5392 5391
f 5380 5381 5393
f 5380 5393 5392
f 5381 5382 5394
f 5381 5394 5393
f 5382 5371 5383
f 5382 5383 5394
f 5395 5372 5371
f 5396 5383 5384
f 5395 5373 5372
f 5396 5384 5385
f 5395 5374 5373
f 5396 5385 5386
f 5395 5375 5374
f 5396 5386 5387
f 5395 5376 5375
f 5396 5387 5388
f 5395 5377 5376
f 5396 5388 5389
f 5395 5378 5377
f 5396 5389 5390
f 5395 5379 5378
f 5396 5390 5391
f 5395 5380 5379
f 5396 5391 5392
f 5395 5381 5380
f 5396 5392 5393
f 5395 5382 5381
f 5396 5393 5394
f 5395 5371 5382
f 5396 5394 5383
f 5397 5398 5406
f 5397 5406 5405
f 5398 5399 5407
f 5398 5407 5406
f 5399 5400 5408
f 5399 5408 5407
f 5400 5401 5409
f 5400 5409 5408
f 5401 5402 5410
f 5401 5410 5409
f 5402 5403 5411
f 5402 5411 5410
f 5403 5404 5412
f 5403 5412 5411
f 5404 5397 5405
f 5404 5405 5412
f 5413 5398 5397
f 5414 5405 5406
f 5413 5399 5398
f 5414 5406 5407
f 5413 5400 5399
f 5414 5407 5408
f 5413 5401 5400
f 5414 5408 5409
f 5413 5402 5401
f 5414 5409 5410
f 5413 5403 5402
f 5414 5410 5411
f 5413 5404 5403
f 5414 5411 5412
f 5413 5397 5404
f 5414 5412 5405
f 5415 5416 5432
f 5415 5432 5431
f 5416 5417 5433
f 5416 5433 5432
f 5417 5418 5434
f 5417 5434 5433
f 5418 5419 5435
f 5418 5435 5434
f 5419 5420 5436
f 5419 5436 5435
f 5420 5421 5437
f 5420 5437 5436
f 5421 5422 5438
f 5421 5438 5437
f 5422 5423 5439
f 5422 5439 5438
f 5423 5424 5440
f 5423 5440 5439
f 5424 5425 5441
f 5424 5441 5440
f 5425 5426 5442
f 5425 5442 5441
f 5494 5483 5495
f 5494 5495 5506
f 5507 5484 5483
f 5508 5495 5496
f 5507 5485 5484
f 5508 5496 5497
f 5507 5486 5485
f 5508 5497 5498
f 5507 5487 5486
f 5508 5498 5499
f 5507 5488 5487
f 5508 5499 5500
f 5507 5489 5488
f 5508 5500 5501
f 5507 5490 5489
f 5508 5501 5502
f 5507 5491 5490
f 5508 5502 5503
f 5507 5492 5491
f 5508 5503 5504
f 5507 5493 5492
f 5508 5504 5505
f 5507 5494 5493
f 5508 5505 5506
f 5507 5483 5494
f 5508 5506 5495
f 5509 5510 5522
f 5509 5522 5521
f 5510 5511 5523
f 5510 5523 5522
f 5511 5512 5524
f 5511 5524 5523
f 5512 5513 5525
f 5512 5525 5524
f 5513 5514 5526
f 5513 5526 5525
f 5514 5515 5527
f 5514 5527 5526
f 5515 5516 5528
f 5515 5528 5527
f 5516 5517 5529
f 5516 5529 5528
f 5517 5518 5530
f 5517 5530 5529
f 5518 5519 5531
f 5518 5531 5530
f 5519 5520 5532
f 5519 5532 5531
f 5520 5509 5521
f 5520 5521 5532
f 5533 5510 5509
f 5534 5521 5522
f 5533 5511 5510
f 5534 5522 5523
f 5533 5512 5511
f 5534 5523 5524
f 5533 5513 5512
f 5534 5524 5525
f 5533 5514 5513
f 5534 5525 5526
f 5533 5515 5514
f 5534 5526 5527
f 5533 5516 5515
f 5534 5527 5528
f 5533 5517 5516
f 5534 5528 5529
f 5533 5518 5517
f 5534 5529 5530
f 5533 5519 5518
f 5534 5530 5531
f 5533 5520 5519
f 5534 5531 5532
f 5533 5509 5520
f 5534 5532 5521
f 5535 5536 5544
f 5535 5544 5543
f 5536 5537 5545
f 5536 5545 5544
f 5537 5538 5546
f 5537 5546 5545
f 5538 5539 5547
f 5538 5547 5546
f 5539 5540 5548
f 5539 5548 5547
f 5540 5541 5549
f 5540 5549 5548
f 5541 5542 5550
f 5541 5550 5549
f 5542 5535 5543
f 5542 5543 5550
f 5551 5536 5535
f 5552 5543 5544
f 5551 5537 5536
f 5552 5544 5545
f 5551 5538 5537
f 5552 5545 5546
f 5551 5539 5538
f 5552 5546 5547
f 5551 5540 5539
f 5552 5547 5548
f 5551 5541 5540
f 5552 5548 5549
f 5551 5542 5541
f 5552 5549 5550
f 5551 5535 5542
f 5552 5550 5543
f 5553 5554 5570
f 5553 5570 5569
f 5554 5555 5571
f 5554 5571 5570
f 5555 5556 5572
f 5555 5572 5571
f 5556 5557 5573
f 5556 5573 5572
f 5557 5558 5574
f 5557 5574 5573
f 5558 5559 5575
f 5558 5575 5574
f 5559 5560 5576
f 5559 5576 5575
f 5560 5561 5577
f 5560 5577 5576
f 5561 5562 5578
f 5561 5578 5577
f 5562 5563 5579
f 5562 5579 5578
f 5563 5564 5580
f 5563 5580 5579
f 5632 5621 5633
f 5632 5633 5644
f 5645 5622 5621
f 5646 5633 5634
f 5645 5623 5622
f 5646 5634 5635
f 5645 5624 5623
f 5646 5635 5636
f 5645 5625 5624
f 5646 5636 5637
f 5645 5626 5625
f 5646 5637 5638
f 5645 5627 5626
f 5646 5638 5639
f 5645 5628 5627
f 5646 5639 5640
f 5645 5629 5628
f 5646 5640 5641
f 5645 5630 5629
f 5646 5641 5642
f 5645 5631 5630
f 5646 5642 5643
f 5645 5632 5631
f 5646 5643 5644
f 5645 5621 5632
f 5646 5644 5633
f 5647 5648 5660
f 5647 5660 5659
f 5648 5649 5661
f 5648 5661 5660
f 5649 5650 5662
f 5649 5662 5661
f 5650 5651 5663
f 5650 5663 5662
f 5651 5652 5664
f 5651 5664 5663
f 5652 5653 5665
f 5652 5665 5664
f 5653 5654 5666
f 5653 5666 5665
f 5654 5655 5667
f 5654 5667 5666
f 5655 5656 5668
f 5655 5668 5667
f 5656 5657 5669
f 5656 5669 5668
f 5657 5658 5670
f 5657 5670 5669
f 5658 5647 5659
f 5658 5659 5670
f 5671 5648 5647
f 5672 5659 5660
f 5671 5649 5648
f 5672 5660 5661
f 5671 5650 5649
f 5672 5661 5662
f 5671 5651 5650
f 5672 5662 5663
f 5671 5652 5651
f 5672 5663 5664
f 5671 5653 5652
f 5672 5664 5665
f 5671 5654 5653
f 5672 5665 5666
f 5671 5655 5654
f 5672 5666 5667
f 5671 5656 5655
f 5672 5667 5668
f 5671 5657 5656
f 5672 5668 5669
f 5671 5658 5657
f 5672 5669 5670
f 5671 5647 5658
f 5672 5670 5659
f 5673 5674 5682
f 5673 5682 5681
f 5674 5675 5683
f 5674 5683 5682
f 5675 5676 5684
f 5675 5684 5683
f 5676 5677 5685
f 5676 5685 5684
f 5677 5678 5686
f 5677 5686 5685
f 5678 5679 5687
f 5678 5687 5686
f 5679 5680 5688
f 5679 5688 5687
f 5680 5673 5681
f 5680 5681 5688
f 5689 5674 5673
f 5690 5681 5682
f 5689 5675 5674
f 5690 5682 5683
f 5689 5676 5675
f 5690 5683 5684
f 5689 5677 5676
f 5690 5684 5685
f 5689 5678 5677
f 5690 5685 5686
f 5689 5679 5678
f 5690 5686 5687
f 5689 5680 5679
f 5690 5687 5688
f 5689 5673 5680
f 5690 5688 5681
f 5691 5692 5708
f 5691 5708 5707
f 5692 5693 5709
f 5692 5709 5708
f 5693 5694 5710
f 5693 5710 5709
f 5694 5695 5711
f 5694 5711 5710
f 5695 5696 5712
f 5695 5712 5711
f 5696 5697 5713
f 5696 5713 5712
f 5697 5698 5714
f 5697 5714 5713
f 5698 5699 5715
f 5698 5715 5714
f 5699 5700 5716
f 5699 5716 5715
f 5700 5701 5717
f 5700 5717 5716
f 5701 5702 5718
f 5701 5718 5717
f 5770 5759 5771
f 5770 5771 5782
f 5783 5760 5759
f 5784 5771 5772
f 5783 5761 5760
f 5784 5772 5773
f 5783 5762 5761
f 5784 5773 5774
f 5783 5763 5762
f 5784 5774 5775
f 5783 5764 5763
f 5784 5775 5776
f 5783 5765 5764
f 5784 5776 5777
f 5783 5766 5765
f 5784 5777 5778
f 5783 5767 5766
f 5784 5778 5779
f 5783 5768 5767
f 5784 5779 5780
f 5783 5769 5768
f 5784 5780 5781
f 5783 5770 5769
f 5784 5781 5782
f 5783 5759 5770
f 5784 5782 5771
f 5785 5786 5798
f 5785 5798 5797
f 5786 5787 5799
f 5786 5799 5798
f 5787 5788 5800
f 5787 5800 5799
f 5788 5789 5801
f 5788 5801 5800
f 5789 5790 5802
f 5789 5802 5801
f 5790 5791 5803
f 5790 5803 5802
f 5791 5792 5804
f 5791 5804 5803
f 5792 5793 5805
f 5792 5805 5804
f 5793 5794 5806
f 5793 5806 5805
f 5794 5795 5807
f 5794 5807 5806
f 5795 5796 5808
f 5795 5808 5807
f 5796 5785 5797
f 5796 5797 5808
f 5809 5786 5785
f 5810 5797 5798
f 5809 5787 5786
f 5810 5798 5799
f 5809 5788 5787
f 5810 5799 5800
f 5809 5789 5788
f 5810 5800 5801
f 5809 5790 5789
f 5810 5801 5802
f 5809 5791 5790
f 5810 5802 5803
f 5809 5792 5791
f 5810 5803 5804
f 5809 5793 5792
f 5810 5804 5805
f 5809 5794 5793
f 5810 5805 5806
f 5809 5795 5794
f 5810 5806 5807
f 5809 5796 5795
f 5810 5807 5808
f 5809 5785 5796
f 5810 5808 5797
f 5811 5812 5820
f 5811 5820 5819
f 5812 5813 5821
f 5812 5821 5820
f 5813 5814 5822
f 5813 5822 5821
f 5814 5815 5823
f 5814 5823 5822
f 5815 5816 5824
f 5815 5824 5823
f 5816 5817 5825
f 5816 5825 5824
f 5817 5818 5826
f 5817 5826 5825
f 5818 5811 5819
f 5818 5819 5826
f 5827 5812 5811
f 5828 5819 5820
f 5827 5813 5812
f 5828 5820 5821
f 5827 5814 5813
f 5828 5821 5822
f 5827 5815 5814
f 5828 5822 5823
f 5827 5816 5815
f 5828 5823 5824
f 5827 5817 5816
f 5828 5824 5825
f 5827 5818 5817
f 5828 5825 5826
f 5827 5811 5818
f 5828 5826 5819
f 5829 5830 5846
f 5829 5846 5845
f 5830 5831 5847
f 5830 5847 5846
f 5831 5832 5848
f 5831 5848 5847
f 5832 5833 5849
f 5832 5849 5848
f 5833 5834 5850
f 5833 5850 5849
f 5834 5835 5851
f 5834 5851 5850
f 5835 5836 5852
f 5835 5852 5851
f 5836 5837 5853
f 5836 5853 5852
f 5837 5838 5854
f 5837 5854 5853
f 5838 5839 5855
f 5838 5855 5854
f 5839 5840 5856
f 5839 5856 5855
f 5908 5897 5909
f 5908 5909 5920
f 5921 5898 5897
f 5922 5909 5910
f 5921 5899 5898
f 5922 5910 5911
f 5921 5900 5899
f 5922 5911 5912
f 5921 5901 5900
f 5922 5912 5913
f 5921 5902 5901
f 5922 5913 5914
f 5921 5903 5902
f 5922 5914 5915
f 5921 5904 5903
f 5922 5915 5916
f 5921 5905 5904
f 5922 5916 5917
f 5921 5906 5905
f 5922 5917 5918
f 5921 5907 5906
f 5922 5918 5919
f 5921 5908 5907
f 5922 5919 5920
f 5921 5897 5908
f 5922 5920 5909
f 5923 5924 5936
f 5923 5936 5935
f 5924 5925 5937
f 5924 5937 5936
f 5925 5926 5938
f 5925 5938 5937
f 5926 5927 5939
f 5926 5939 5938
f 5927 5928 5940
f 5927 5940 5939
f 5928 5929 5941
f 5928 5941 5940
f 5929 5930 5942
f 5929 5942 5941
f 5930 5931 5943
f 5930 5943 5942
f 5931 5932 5944
f 5931 5944 5943
f 5932 5933 5945
f 5932 5945 5944
f 5933 5934 5946
f 5933 5946 5945
f 5934 5923 5935
f 5934 5935 5946
f 5947 5924 5923
f 5948 5935 5936
f 5947 5925 5924
f 5948 5936 5937
f 5947 5926 5925
f 5948 5937 5938
f 5947 5927 5926
f 5948 5938 5939
f 5947 5928 5927
f 5948 5939 5940
f 5947 5929 5928
f 5948 5940 5941
f 5947 5930 5929
f 5948 5941 5942
f 5947 5931 5930
f 5948 5942 5943
f 5947 5932 5931
f 5948 5943 5944
f 5947 5933 5932
f 5948 5944 5945
f 5947 5934 5933
f 5948 5945 5946
f 5947 5923 5934
f 5948 5946 5935
f 5949 5950 5958
f 5949 5958 5957
f 5950 5951 5959
f 5950 5959 5958
f 5951 5952 5960
f 5951 5960 5959
f 5952 5953 5961
f 5952 5961 5960
f 5953 5954 5962
f 5953 5962 5961
f 5954 5955 5963
f 5954 5963 5962
f 5955 5956 5964
f 5955 5964 5963
f 5956 5949 5957
f 5956 5957 5964
f 5965 5950 5949
f 5966 5957 5958
f 5965 5951 5950
f 5966 5958 5959
f 5965 5952 5951
f 5966 5959 5960
f 5965 5953 5952
f 5966 5960 5961
f 5965 5954 5953
f 5966 5961 5962
f 5965 5955 5954
f 5966 5962 5963
f 5965 5956 5955
f 5966 5963 5964
f 5965 5949 5956
f 5966 5964 5957
f 5967 5968 5984
f 5967 5984 5983
f 5968 5969 5985
f 5968 5985 5984
f 5969 5970 5986
f 5969 5986 5985
f 5970 5971 5987
f 5970 5987 5986
f 5971 5972 5988
f 5971 5988 5987
f 5972 5973 5989
f 5972 5989 5988
f 5973 5974 5990
f 5973 5990 5989
f 5974 5975 5991
f 5974 5991 5990
f 5975 5976 5992
f 5975 5992 5991
f 5976 5977 5993
f 5976 5993 5992
f 5977 5978 5994
f 5977 5994 5993
f 6046 6035 6047
f 6046 6047 6058
f 6059 6036 6035
f 6060 6047 6048
f 6059 6037 6036
f 6060 6048 6049
f 6059 6038 6037
f 6060 6049 6050
f 6059 6039 6038
f 6060 6050 6051
f 6059 6040 6039
f 6060 6051 6052
f 6059 6041 6040
f 6060 6052 6053
f 6059 6042 6041
f 6060 6053 6054
f 6059 6043 6042
f 6060 6054 6055
f 6059 6044 6043
f 6060 6055 6056
f 6059 6045 6044
f 6060 6056 6057
f 6059 6046 6045
f 6060 6057 6058
f 6059 6035 6046
f 6060 6058 6047
f 6061 6062 6074
f 6061 6074 6073
f 6062 6063 6075
f 6062 6075 6074
f 6063 6064 6076
f 6063 6076 6075
f 6064 6065 6077
f 6064 6077 6076
f 6065 6066 6078
f 6065 6078 6077
f 6066 6067 6079
f 6066 6079 6078
f 6067 6068 6080
f 6067 6080 6079
f 6068 6069 6081
f 6068 6081 6080
f 6069 6070 6082
f 6069 6082 6081
f 6070 6071 6083
f 6070 6083 6082
f 6071 6072 6084
f 6071 6084 6083
f 6072 6061 6073
f 6072 6073 6084
f 6085 6062 6061
f 6086 6073 6074
f 6085 6063 6062
f 6086 6074 6075
f 6085 6064 6063
f 6086 6075 6076
f 6085 6065 6064
f 6086 6076 6077
f 6085 6066 6065
f 6086 6077 6078
f 6085 6067 6066
f 6086 6078 6079
f 6085 6068 6067
f 6086 6079 6080
f 6085 6069 6068
f 6086 6080 6081
f 6085 6070 6069
f 6086 6081 6082
f 6085 6071 6070
f 6086 6082 6083
f 6085 6072 6071
f 6086 6083 6084
f 6085 6061 6072
f 6086 6084 6073
f 6087 6088 6096
f 6087 6096 6095
f 6088 6089 6097
f 6088 6097 6096
f 6089 6090 6098
f 6089 6098 6097
f 6090 6091 6099
f 6090 6099 6098
f 6091 6092 6100
f 6091 6100 6099
f 6092 6093 6101
f 6092 6101 6100
f 6093 6094 6102
f 6093 6102 6101
f 6094 6087 6095
f 6094 6095 6102
f 6103 6088 6087
f 6104 6095 6096
f 6103 6089 6088
f 6104 6096 6097
f 6103 6090 6089
f 6104 6097 6098
f 6103 6091 6090
f 6104 6098 6099
f 6103 6092 6091
f 6104 6099 6100
f 6103 6093 6092
f 6104 6100 6101
f 6103 6094 6093
f 6104 6101 6102
f 6103 6087 6094
f 6104 6102 6095
f 6105 6106 6122
f 6105 6122 6121
f 6106 6107 6123
f 6106 6123 6122
f 6107 6108 6124
f 6107 6124 6123
f 6108 6109 6125
f 6108 6125 6124
f 6109 6110 6126
f 6109 6126 6125
f 6110 6111 6127
f 6110 6127 6126
f 6111 6112 6128
f 6111 6128 6127
f 6112 6113 6129
f 6112 6129 6128
f 6113 6114 6130
f 6113 6130 6129
f 6114 6115 6131
f 6114 6131 6130
f 6115 6116 6132
f 6115 6132 6131
f 6184 6173 6185
f 6184 6185 6196
f 6197 6174 6173
f 6198 6185 6186
f 6197 6175 6174
f 6198 6186 6187
f 6197 6176 6175
f 6198 6187 6188
f 6197 6177 6176
f 6198 6188 6189
f 6197 6178 6177
f 6198 6189 6190
f 6197 6179 6178
f 6198 6190 6191
f 6197 6180 6179
f 6198 6191 6192
f 6197 6181 6180
f 6198 6192 6193
f 6197 6182 6181
f 6198 6193 6194
f 6197 6183 6182
f 6198 6194 6195
f 6197 6184 6183
f 6198 6195 6196
f 6197 6173 6184
f 6198 6196 6185
f 6199 6200 6212
f 6199 6212 6211
f 6200 6201 6213
f 6200 6213 6212
f 6201 6202 6214
f 6201 6214 6213
f 6202 6203 6215
f 6202 6215 6214
f 6203 6204 6216
f 6203 6216 6215
f 6204 6205 6217
f 6204 6217 6216
f 6205 6206 6218
f 6205 6218 6217
f 6206 6207 6219
f 6206 6219 6218
f 6207 6208 6220
f 6207 6220 6219
f 6208 6209 6221
f 6208 6221 6220
f 6209 6210 6222
f 6209 6222 6221
f 6210 6199 6211
f 6210 6211 6222
f 6223 6200 6199
f 6224 6211 6212
f 6223 6201 6200
f 6224 6212 6213
f 6223 6202 6201
f 6224 6213 6214
f 6223 6203 6202
f 6224 6214 6215
f 6223 6204 6203
f 6224 6215 6216
f 6223 6205 6204
f 6224 6216 6217
f 6223 6206 6205
f 6224 6217 6218
f 6223 6207 6206
f 6224 6218 6219
f 6223 6208 6207
f 6224 6219 6220
f 6223 6209 6208
f 6224 6220 6221
f 6223 6210 6209
f 6224 6221 6222
f 6223 6199 6210
f 6224 6222 6211
f 6225 6226 6234
f 6225 6234 6233
f 6226 6227 6235
f 6226 6235 6234
f 6227 6228 6236
f 6227 6236 6235
f 6228 6229 6237
f 6228 6237 6236
f 6229 6230 6238
f 6229 6238 6237
f 6230 6231 6239
f 6230 6239 6238
f 6231 6232 6240
f 6231 6240 6239
f 6232 6225 6233
f 6232 6233 6240
f 6241 6226 6225
f 6242 6233 6234
f 6241 6227 6226
f 6242 6234 6235
f 6241 6228 6227
f 6242 6235 6236
f 6241 6229 6228
f 6242 6236 6237
f 6241 6230 6229
f 6242 6237 6238
f 6241 6231 6230
f 6242 6238 6239
f 6241 6232 6231
f 6242 6239 6240
f 6241 6225 6232
f 6242 6240 6233
f 6243 6244 6260
f 6243 6260 6259
f 6244 6245 6261
f 6244 6261 6260
f 6245 6246 6262
f 6245 6262 6261
f 6246 6247 6263
f 6246 6263 6262
f 6247 6248 6264
f 6247 6264 6263
f 6248 6249 6265
f 6248 6265 6264
f 6249 6250 6266
f 6249 6266 6265
f 6250 6251 6267
f 6250 6267 6266
f 6251 6252 6268
f 6251 6268 6267
f 6252 6253 6269
f 6252 6269 6268
f 6253 6254 6270
f 6253 6270 6269
f 6322 6311 6323
f 6322 6323 6334
f 6335 6312 6311
f 6336 6323 6324
f 6335 6313 6312
f 6336 6324 6325
f 6335 6314 6313
f 6336 6325 6326
f 6335 6315 6314
f 6336 6326 6327
f 6335 6316 6315
f 6336 6327 6328
f 6335 6317 6316
f 6336 6328 6329
f 6335 6318 6317
f 6336 6329 6330
f 6335 6319 6318
f 6336 6330 6331
f 6335 6320 6319
f 6336 6331 6332
f 6335 6321 6320
f 6336 6332 6333
f 6335 6322 6321
f 6336 6333 6334
f 6335 6311 6322
f 6336 6334 6323
f 6337 6338 6350
f 6337 6350 6349
f 6338 6339 6351
f 6338 6351 6350
f 6339 6340 6352
f 6339 6352 6351
f 6340 6341 6353
f 6340 6353 6352
f 6341 6342 6354
f 6341 6354 6353
f 6342 6343 6355
f 6342 6355 6354
f 6343 6344 6356
f 6343 6356 6355
f 6344 6345 6357
f 6344 6357 6356
f 6345 6346 6358
f 6345 6358 6357
f 6346 6347 6359
f 6346 6359 6358
f 6347 6348 6360
f 6347 6360 6359
f 6348 6337 6349
f 6348 6349 6360
f 6361 6338 6337
f 6362 6349 6350
f 6361 6339 6338
f 6362 6350 6351
f 6361 6340 6339
f 6362 6351 6352
f 6361 6341 6340
f 6362 6352 6353
f 6361 6342 6341
f 6362 6353 6354
f 6361 6343 6342
f 6362 6354 6355
f 6361 6344 6343
f 6362 6355 6356
f 6361 6345 6344
f 6362 6356 6357
f 6361 6346 6345
f 6362 6357 6358
f 6361 6347 6346
f 6362 6358 6359
f 6361 6348 6347
f 6362 6359 6360
f 6361 6337 6348
f 6362 6360 6349
f 6363 6364 6372
f 6363 6372 6371
f 6364 6365 6373
f 6364 6373 6372
f 6365 6366 6374
f 6365 6374 6373
f 6366 6367 6375
f 6366 6375 6374
f 6367 6368 6376
f 6367 6376 6375
f 6368 6369 6377
f 6368 6377 6376
f 6369 6370 6378
f 6369 6378 6377
f 6370 6363 6371
f 6370 6371 6378
f 6379 6364 6363
f 6380 6371 6372
f 6379 6365 6364
f 6380 6372 6373
f 6379 6366 6365
f 6380 6373 6374
f 6379 6367 6366
f 6380 6374 6375
f 6379 6368 6367
f 6380 6375 6376
f 6379 6369 6368
f 6380 6376 6377
f 6379 6370 6369
f 6380 6377 6378
f 6379 6363 6370
f 6380 6378 6371
f 6381 6382 6398
f 6381 6398 6397
f 6382 6383 6399
f 6382 6399 6398
f 6383 6384 6400
f 6383 6400 6399
f 6384 6385 6401
f 6384 6401 6400
f 6385 6386 6402
f 6385 6402 6401
f 6386 6387 6403
f 6386 6403 6402
f 6387 6388 6404
f 6387 6404 6403
f 6388 6389 6405
f 6388 6405 6404
f 6389 6390 6406
f 6389 6406 6405
f 6390 6391 6407
f 6390 6407 6406
f 6391 6392 6408
f 6391 6408 6407
f 6460 6449 6461
f 6460 6461 6472
f 6473 6450 6449
f 6474 6461 6462
f 6473 6451 6450
f 6474 6462 6463
f 6473 6452 6451
f 6474 6463 6464
f 6473 6453 6452
f 6474 6464 6465
f 6473 6454 6453
f 6474 6465 6466
f 6473 6455 6454
f 6474 6466 6467
f 6473 6456 6455
f 6474 6467 6468
f 6473 6457 6456
f 6474 6468 6469
f 6473 6458 6457
f 6474 6469 6470
f 6473 6459 6458
f 6474 6470 6471
f 6473 6460 6459
f 6474 6471 6472
f 6473 6449 6460
f 6474 6472 6461
f 6475 6476 6488
f 6475 6488 6487
f 6476 6477 6489
f 6476 6489 6488
f 6477 6478 6490
f 6477 6490 6489
f 6478 6479 6491
f 6478 6491 6490
f 6479 6480 6492
f 6479 6492 6491
f 6480 6481 6493
f 6480 6493 6492
f 6481 6482 6494
f 6481 6494 6493
f 6482 6483 6495
f 6482 6495 6494
f 6483 6484 6496
f 6483 6496 6495
f 6484 6485 6497
f 6484 6497 6496
f 6485 6486 6498
f 6485 6498 6497
f 6486 6475 6487
f 6486 6487 6498
f 6499 6476 6475
f 6500 6487 6488
f 6499 6477 6476
f 6500 6488 6489
f 6499 6478 6477
f 6500 6489 6490
f 6499 6479 6478
f 6500 6490 6491
f 6499 6480 6479
f 6500 6491 6492
f 6499 6481 6480
f 6500 6492 6493
f 6499 6482 6481
f 6500 6493 6494
f 6499 6483 6482
f 6500 6494 6495
f 6499 6484 6483
f 6500 6495 6496
f 6499 6485 6484
f 6500 6496 6497
f 6499 6486 6485
f 6500 6497 6498
f 6499 6475 6486
f 6500 6498 6487
f 6501 6502 6510
f 6501 6510 6509
f 6502 6503 6511
f 6502 6511 6510
f 6503 6504 6512
f 6503 6512 6511
f 6504 6505 6513
f 6504 6513 6512
f 6505 6506 6514
f 6505 6514 6513
f 6506 6507 6515
f 6506 6515 6514
f 6507 6508 6516
f 6507 6516 6515
f 6508 6501 6509
f 6508 6509 6516
f 6517 6502 6501
f 6518 6509 6510
f 6517 6503 6502
f 6518 6510 6511
f 6517 6504 6503
f 6518 6511 6512
f 6517 6505 6504
f 6518 6512 6513
f 6517 6506 6505
f 6518 6513 6514
f 6517 6507 6506
f 6518 6514 6515
f 6517 6508 6507
f 6518 6515 6516
f 6517 6501 6508
f 6518 6516 6509
f 6519 6520 6536
f 6519 6536 6535
f 6520 6521 6537
f 6520 6537 6536
f 6521 6522 6538
f 6521 6538 6537
f 6522 6523 6539
f 6522 6539 6538
f 6523 6524 6540
f 6523 6540 6539
f 6524 6525 6541
f 6524 6541 6540
f 6525 6526 6542
f 6525 6542 6541
f 6526 6527 6543
f 6526 6543 6542
f 6527 6528 6544
f 6527 6544 6543
f 6528 6529 6545
f 6528 6545 6544
f 6529 6530 6546
f 6529 6546 6545
f 6598 6587 6599
f 6598 6599 6610
f 6611 6588 6587
f 6612 6599 6600
f 6611 6589 6588
f 6612 6600 6601
f 6611 6590 6589
f 6612 6601 6602
f 6611 6591 6590
f 6612 6602 6603
f 6611 6592 6591
f 6612 6603 6604
f 6611 6593 6592
f 6612 6604 6605
f 6611 6594 6593
f 6612 6605 6606
f 6611 6595 6594
f 6612 6606 6607
f 6611 6596 6595
f 6612 6607 6608
f 6611 6597 6596
f 6612 6608 6609
f 6611 6598 6597
f 6612 6609 6610
f 6611 6587 6598
f 6612 6610 6599
f 6613 6614 6626
f 6613 6626 6625
f 6614 6615 6627
f 6614 6627 6626
f 6615 6616 6628
f 6615 6628 6627
f 6616 6617 6629
f 6616 6629 6628
f 6617 6618 6630
f 6617 6630 6629
f 6618 6619 6631
f 6618 6631 6630
f 6619 6620 6632
f 6619 6632 6631
f 6620 6621 6633
f 6620 6633 6632
f 6621 6622 6634
f 6621 6634 6633
f 6622 6623 6635
f 6622 6635 6634
f 6623 6624 6636
f 6623 6636 6635
f 6624 6613 6625
f 6624 6625 6636
f 6637 6614 6613
f 6638 6625 6626
f 6637 6615 6614
f 6638 6626 6627
f 6637 6616 6615
f 6638 6627 6628
f 6637 6617 6616
f 6638 6628 6629
f 6637 6618 6617
f 6638 6629 6630
f 6637 6619 6618
f 6638 6630 6631
f 6637 6620 6619
f 6638 6631 6632
f 6637 6621 6620
f 6638 6632 6633
f 6637 6622 6621
f 6638 6633 6634
f 6637 6623 6622
f 6638 6634 6635
f 6637 6624 6623
f 6638 6635 6636
f 6637 6613 6624
f 6638 6636 6625
f 6639 6640 6648
f 6639 6648 6647
f 6640 6641 6649
f 6640 6649 6648
f 6641 6642 6650
f 6641 6650 6649
f 6642 6643 6651
f 6642 6651 6650
f 6643 6644 6652
f 6643 6652 6651
f 6644 6645 6653
f 6644 6653 6652
f 6645 6646 6654
f 6645 6654 6653
f 6646 6639 6647
f 6646 6647 6654
f 6655 6640 6639
f 6656 6647 6648
f 6655 6641 6640
f 6656 6648 6649
f 6655 6642 6641
f 6656 6649 6650
f 6655 6643 6642
f 6656 6650 6651
f 6655 6644 6643
f 6656 6651 6652
f 6655 6645 6644
f 6656 6652 6653
f 6655 6646 6645
f 6656 6653 6654
f 6655 6639 6646
f 6656 6654 6647
f 6657 6658 6674
f 6657 6674 6673
f 6658 6659 6675
f 6658 6675 6674
f 6659 6660 6676
f 6659 6676 6675
f 6660 6661 6677
f 6660 6677 6676
f 6661 6662 6678
f 6661 6678 6677
f 6662 6663 6679
f 6662 6679 6678
f 6663 6664 6680
f 6663 6680 6679
f 6664 6665 6681
f 6664 6681 6680
f 6665 6666 6682
f 6665 6682 6681
f 6666 6667 6683
f 6666 6683 6682
f 6667 6668 6684
f 6667 6684 6683
g links_truss
usemtl links_truss
f 4409 4381 4380
f 4410 4396 4397
f 4409 4382 4381
f 4410 4397 4398
f 4409 4383 4382
f 4410 4398 4399
f 4409 4384 4383
f 4410 4399 4400
f 4409 4385 4384
f 4410 4400 4401
f 4409 4386 4385
f 4410 4401 4402
f 4409 4387 4386
f 4410 4402 4403
f 4409 4388 4387
f 4410 4403 4404
f 4409 4389 4388
f 4410 4404 4405
f 4409 4390 4389
f 4410 4405 4406
f 4409 4391 4390
f 4410 4406 4407
f 4409 4392 4391
f 4410 4407 4408
f 4409 4377 4392
f 4410 4408 4393
f 4411 4412 4424
f 4411 4424 4423
f 4412 4413 4425
f 4412 4425 4424
f 4413 4414 4426
f 4413 4426 4425
f 4414 4415 4427
f 4414 4427 4426
f 4415 4416 4428
f 4415 4428 4427
f 4416 4417 4429
f 4416 4429 4428
f 4417 4418 4430
f 4417 4430 4429
f 4418 4419 4431
f 4418 4431 4430
f 4419 4420 4432
f 4419 4432 4431
f 4420 4421 4433
f 4420 4433 4432
f 4421 4422 4434
f 4421 4434 4433
f 4422 4411 4423
f 4422 4423 4434
f 4435 4412 4411
f 4436 4423 4424
f 4435 4413 4412
f 4436 4424 4425
f 4435 4414 4413
f 4436 4425 4426
f 4435 4415 4414
f 4436 4426 4427
f 4435 4416 4415
f 4436 4427 4428
f 4435 4417 4416
f 4436 4428 4429
f 4435 4418 4417
f 4436 4429 4430
f 4435 4419 4418
f 4436 4430 4431
f 4435 4420 4419
f 4436 4431 4432
f 4435 4421 4420
f 4436 4432 4433
f 4435 4422 4421
f 4436 4433 4434
f 4435 4411 4422
f 4436 4434 4423
f 4437 4438 4444
f 4437 4444 4443
f 4438 4439 4445
f 4438 4445 4444
f 4439 4440 4446
f 4439 4446 4445
f 4440 4441 4447
f 4440 4447 4446
f 4441 4442 4448
f 4441 4448 4447
f 4442 4437 4443
f 4442 4443 4448
f 4449 4438 4437
f 4450 4443 4444
f 4449 4439 4438
f 4450 4444 4445
f 4449 4440 4439
f 4450 4445 4446
f 4449 4441 4440
f 4450 4446 4447
f 4449 4442 4441
f 4450 4447 4448
f 4449 4437 4442
f 4450 4448 4443
f 4451 4452 4458
f 4451 4458 4457
f 4452 4453 4459
f 4452 4459 4458
f 4453 4454 4460
f 4453 4460 4459
f 4454 4455 4461
f 4454 4461 4460
f 4455 4456 4462
f 4455 4462 4461
f 4456 4451 4457
f 4456 4457 4462
f 4463 4452 4451
f 4464 4457 4458
f 4463 4453 4452
f 4464 4458 4459
f 4463 4454 4453
f 4464 4459 4460
f 4463 4455 4454
f 4464 4460 4461
f 4463 4456 4455
f 4464 4461 4462
f 4463 4451 4456
f 4464 4462 4457
f 4465 4466 4472
f 4465 4472 4471
f 4466 4467 4473
f 4466 4473 4472
f 4467 4468 4474
f 4467 4474 4473
f 4547 4537 4536
f 4548 4542 4543
f 4547 4538 4537
f 4548 4543 4544
f 4547 4539 4538
f 4548 4544 4545
f 4547 4540 4539
f 4548 4545 4546
f 4547 4535 4540
f 4548 4546 4541
f 4549 4550 4556
f 4549 4556 4555
f 4550 4551 4557
f 4550 4557 4556
f 4551 4552 4558
f 4551 4558 4557
f 4552 4553 4559
f 4552 4559 4558
f 4553 4554 4560
f 4553 4560 4559
f 4554 4549 4555
f 4554 4555 4560
f 4561 4550 4549
f 4562 4555 4556
f 4561 4551 4550
f 4562 4556 4557
f 4561 4552 4551
f 4562 4557 4558
f 4561 4553 4552
f 4562 4558 4559
f 4561 4554 4553
f 4562 4559 4560
f 4561 4549 4554
f 4562 4560 4555
f 4563 4564 4570
f 4563 4570 4569
f 4564 4565 4571
f 4564 4571 4570
f 4565 4566 4572
f 4565 4572 4571
f 4566 4567 4573
f 4566 4573 4572
f 4567 4568 4574
f 4567 4574 4573
f 4568 4563 4569
f 4568 4569 4574
f 4575 4564 4563
f 4576 4569 4570
f 4575 4565 4564
f 4576 4570 4571
f 4575 4566 4565
f 4576 4571 4572
f 4575 4567 4566
f 4576 4572 4573
f 4575 4568 4567
f 4576 4573 4574
f 4575 4563 4568
f 4576 4574 4569
f 4577 4578 4584
f 4577 4584 4583
f 4578 4579 4585
f 4578 4585 4584
f 4579 4580 4586
f 4579 4586 4585
f 4580 4581 4587
f 4580 4587 4586
f 4581 4582 4588
f 4581 4588 4587
f 4582 4577 4583
f 4582 4583 4588
f 4589 4578 4577
f 4590 4583 4584
f 4589 4579 4578
f 4590 4584 4585
f 4589 4580 4579
f 4590 4585 4586
f 4589 4581 4580
f 4590 4586 4587
f 4589 4582 4581
f 4590 4587 4588
f 4589 4577 4582
f 4590 4588 4583
f 4591 4592 4598
f 4591 4598 4597
f 4592 4593 4599
f 4592 4599 4598
f 4593 4594 4600
f 4593 4600 4599
f 4594 4595 4601
f 4594 4601 4600
f 4595 4596 4602
f 4595 4602 4601
f 4596 4591 4597
f 4596 4597 4602
f 4603 4592 4591
f 4604 4597 4598
f 4603 4593 4592
f 4604 4598 4599
f 4603 4594 4593
f 4604 4599 4600
f 4603 4595 4594
f 4604 4600 4601
f 4603 4596 4595
f 4604 4601 4602
f 4603 4591 4596
f 4604 4602 4597
f 4605 4606 4612
f 4605 4612 4611
f 4606 4607 4613
f 4606 4613 4612
f 4607 4608 4614
f 4607 4614 4613
f 4608 4609 4615
f 4608 4615 4614
f 4609 4610 4616
f 4609 4616 4615
f 4610 4605 4611
f 4610 4611 4616
f 4617 4606 4605
f 4618 4611 4612
f 4617 4607 4606
f 4618 4612 4613
f 4617 4608 4607
f 4618 4613 4614
f 4617 4609 4608
f 4618 4614 4615
f 4617 4610 4609
f 4618 4615 4616
f 4692 4693 4699
f 4692 4699 4698
f 4693 4694 4700
f 4693 4700 4699
f 4694 4689 4695
f 4694 4695 4700
f 4701 4690 4689
f 4702 4695 4696
f 4701 4691 4690
f 4702 4696 4697
f 4701 4692 4691
f 4702 4697 4698
f 4701 4693 4692
f 4702 4698 4699
f 4701 4694 4693
f 4702 4699 4700
f 4701 4689 4694
f 4702 4700 4695
f 4703 4704 4710
f 4703 4710 4709
f 4704 4705 4711
f 4704 4711 4710
f 4705 4706 4712
f 4705 4712 4711
f 4706 4707 4713
f 4706 4713 4712
f 4707 4708 4714
f 4707 4714 4713
f 4708 4703 4709
f 4708 4709 4714
f 4715 4704 4703
f 4716 4709 4710
f 4715 4705 4704
f 4716 4710 4711
f 4715 4706 4705
f 4716 4711 4712
f 4715 4707 4706
f 4716 4712 4713
f 4715 4708 4707
f 4716 4713 4714
f 4715 4703 4708
f 4716 4714 4709
f 4717 4718 4724
f 4717 4724 4723
f 4718 4719 4725
f 4718 4725 4724
f 4719 4720 4726
f 4719 4726 4725
f 4720 4721 4727
f 4720 4727 4726
f 4721 4722 4728
f 4721 4728 4727
f 4722 4717 4723
f 4722 4723 4728
f 4729 4718 4717
f 4730 4723 4724
f 4729 4719 4718
f 4730 4724 4725
f 4729 4720 4719
f 4730 4725 4726
f 4729 4721 4720
f 4730 4726 4727
f 4729 4722 4721
f 4730 4727 4728
f 4729 4717 4722
f 4730 4728 4723
f 4731 4732 4738
f 4731 4738 4737
f 4732 4733 4739
f 4732 4739 4738
f 4733 4734 4740
f 4733 4740 4739
f 4734 4735 4741
f 4734 4741 4740
f 4735 4736 4742
f 4735 4742 4741
f 4736 4731 4737
f 4736 4737 4742
f 4743 4732 4731
f 4744 4737 4738
f 4743 4733 4732
f 4744 4738 4739
f 4743 4734 4733
f 4744 4739 4740
f 4743 4735 4734
f 4744 4740 4741
f 4743 4736 4735
f 4744 4741 4742
f 4743 4731 4736
f 4744 4742 4737
f 4745 4746 4752
f 4745 4752 4751
f 4746 4747 4753
f 4746 4753 4752
f 4747 4748 4754
f 4747 4754 4753
f 4748 4749 4755
f 4748 4755 4754
f 4749 4750 4756
f 4749 4756 4755
f 4750 4745 4751
f 4750 4751 4756
f 4757 4746 4745
f 4758 4751 4752
f 4757 4747 4746
f 4758 4752 4753
f 4757 4748 4747
f 4758 4753 4754
f 4757 4749 4748
f 4758 4754 4755
f 4757 4750 4749
f 4758 4755 4756
f 4757 4745 4750
f 4758 4756 4751
f 4759 4760 4766
f 4759 4766 4765
f 4760 4761 4767
f 4760 4767 4766
f 4761 4762 4768
f 4761 4768 4767
f 4762 4763 4769
f 4762 4769 4768
f 4763 4764 4770
f 4763 4770 4769
f 4764 4759 4765
f 4764 4765 4770
f 4771 4760 4759
f 4772 4765 4766
f 4841 4829 4834
f 4842 4840 4835
f 4843 4844 4850
f 4843 4850 4849
f 4844 4845 4851
f 4844 4851 4850
f 4845 4846 4852
f 4845 4852 4851
f 4846 4847 4853
f 4846 4853 4852
f 4847 4848 4854
f 4847 4854 4853
f 4848 4843 4849
f 4848 4849 4854
f 4855 4844 4843
f 4856 4849 4850
f 4855 4845 4844
f 4856 4850 4851
f 4855 4846 4845
f 4856 4851 4852
f 4855 4847 4846
f 4856 4852 4853
f 4855 4848 4847
f 4856 4853 4854
f 4855 4843 4848
f 4856 4854 4849
f 4857 4858 4864
f 4857 4864 4863
f 4858 4859 4865
f 4858 4865 4864
f 4859 4860 4866
f 4859 4866 4865
f 4860 4861 4867
f 4860 4867 4866
f 4861 4862 4868
f 4861 4868 4867
f 4862 4857 4863
f 4862 4863 4868
f 4869 4858 4857
f 4870 4863 4864
f 4869 4859 4858
f 4870 4864 4865
f 4869 4860 4859
f 4870 4865 4866
f 4869 4861 4860
f 4870 4866 4867
f 4869 4862 4861
f 4870 4867 4868
f 4869 4857 4862
f 4870 4868 4863
f 4871 4872 4878
f 4871 4878 4877
f 4872 4873 4879
f 4872 4879 4878
f 4873 4874 4880
f 4873 4880 4879
f 4874 4875 4881
f 4874 4881 4880
f 4875 4876 4882
f 4875 4882 4881
f 4876 4871 4877
f 4876 4877 4882
f 4883 4872 4871
f 4884 4877 4878
f 4883 4873 4872
f 4884 4878 4879
f 4883 4874 4873
f 4884 4879 4880
f 4883 4875 4874
f 4884 4880 4881
f 4883 4876 4875
f 4884 4881 4882
f 4883 4871 4876
f 4884 4882 4877
f 4885 4886 4892
f 4885 4892 4891
f 4886 4887 4893
f 4886 4893 4892
f 4887 4888 4894
f 4887 4894 4893
f 4888 4889 4895
f 4888 4895 4894
f 4889 4890 4896
f 4889 4896 4895
f 4890 4885 4891
f 4890 4891 4896
f 4897 4886 4885
f 4898 4891 4892
f 4897 4887 4886
f 4898 4892 4893
f 4897 4888 4887
f 4898 4893 4894
f 4897 4889 4888
f 4898 4894 4895
f 4897 4890 4889
f 4898 4895 4896
f 4897 4885 4890
f 4898 4896 4891
f 4899 4900 4906
f 4899 4906 4905
f 4900 4901 4907
f 4900 4907 4906
f 4901 4902 4908
f 4901 4908 4907
f 4902 4903 4909
f 4902 4909 4908
f 4903 4904 4910
f 4903 4910 4909
f 4904 4899 4905
f 4904 4905 4910
f 4911 4900 4899
f 4912 4905 4906
f 4911 4901 4900
f 4912 4906 4907
f 4911 4902 4901
f 4912 4907 4908
f 4911 4903 4902
f 4912 4908 4909
f 4911 4904 4903
f 4912 4909 4910
f 4911 4899 4904
f 4912 4910 4905
f 4913 4914 4920
f 4913 4920 4919
f 4914 4915 4921
f 4914 4921 4920
f 4915 4916 4922
f 4915 4922 4921
f 4995 4985 4984
f 4996 4990 4991
f 4995 4986 4985
f 4996 4991 4992
f 4995 4987 4986
f 4996 4992 4993
f 4995 4988 4987
f 4996 4993 4994
f 4995 4983 4988
f 4996 4994 4989
f 4997 4998 5004
f 4997 5004 5003
f 4998 4999 5005
f 4998 5005 5004
f 4999 5000 5006
f 4999 5006 5005
f 5000 5001 5007
f 5000 5007 5006
f 5001 5002 5008
f 5001 5008 5007
f 5002 4997 5003
f 5002 5003 5008
f 5009 4998 4997
f 5010 5003 5004
f 5009 4999 4998
f 5010 5004 5005
f 5009 5000 4999
f 5010 5005 5006
f 5009 5001 5000
f 5010 5006 5007
f 5009 5002 5001
f 5010 5007 5008
f 5009 4997 5002
f 5010 5008 5003
f 5011 5012 5018
f 5011 5018 5017
f 5012 5013 5019
f 5012 5019 5018
f 5013 5014 5020
f 5013 5020 5019
f 5014 5015 5021
f 5014 5021 5020
f 5015 5016 5022
f 5015 5022 5021
f 5016 5011 5017
f 5016 5017 5022
f 5023 5012 5011
f 5024 5017 5018
f 5023 5013 5012
f 5024 5018 5019
f 5023 5014 5013
f 5024 5019 5020
f 5023 5015 5014
f 5024 5020 5021
f 5023 5016 5015
f 5024 5021 5022
f 5023 5011 5016
f 5024 5022 5017
f 5025 5026 5032
f 5025 5032 5031
f 5026 5027 5033
f 5026 5033 5032
f 5027 5028 5034
f 5027 5034 5033
f 5028 5029 5035
f 5028 5035 5034
f 5029 5030 5036
f 5029 5036 5035
f 5030 5025 5031
f 5030 5031 5036
f 5037 5026 5025
f 5038 5031 5032
f 5037 5027 5026
f 5038 5032 5033
f 5037 5028 5027
f 5038 5033 5034
f 5037 5029 5028
f 5038 5034 5035
f 5037 5030 5029
f 5038 5035 5036
f 5037 5025 5030
f 5038 5036 5031
f 5039 5040 5046
f 5039 5046 5045
f 5040 5041 5047
f 5040 5047 5046
f 5041 5042 5048
f 5041 5048 5047
f 5042 5043 5049
f 5042 5049 5048
f 5043 5044 5050
f 5043 5050 5049
f 5044 5039 5045
f 5044 5045 5050
f 5051 5040 5039
f 5052 5045 5046
f 5051 5041 5040
f 5052 5046 5047
f 5051 5042 5041
f 5052 5047 5048
f 5051 5043 5042
f 5052 5048 5049
f 5051 5044 5043
f 5052 5049 5050
f 5051 5039 5044
f 5052 5050 5045
f 5053 5054 5060
f 5053 5060 5059
f 5054 5055 5061
f 5054 5061 5060
f 5055 5056 5062
f 5055 5062 5061
f 5056 5057 5063
f 5056 5063 5062
f 5057 5058 5064
f 5057 5064 5063
f 5058 5053 5059
f 5058 5059 5064
f 5065 5054 5053
f 5066 5059 5060
f 5065 5055 5054
f 5066 5060 5061
f 5065 5056 5055
f 5066 5061 5062
f 5065 5057 5056
f 5066 5062 5063
f 5065 5058 5057
f 5066 5063 5064
f 5140 5141 5147
f 5140 5147 5146
f 5141 5142 5148
f 5141 5148 5147
f 5142 5137 5143
f 5142 5143 5148
f 5149 5138 5137
f 5150 5143 5144
f 5149 5139 5138
f 5150 5144 5145
f 5149 5140 5139
f 5150 5145 5146
f 5149 5141 5140
f 5150 5146 5147
f 5149 5142 5141
f 5150 5147 5148
f 5149 5137 5142
f 5150 5148 5143
f 5151 5152 5158
f 5151 5158 5157
f 5152 5153 5159
f 5152 5159 5158
f 5153 5154 5160
f 5153 5160 5159
f 5154 5155 5161
f 5154 5161 5160
f 5155 5156 5162
f 5155 5162 5161
f 5156 5151 5157
f 5156 5157 5162
f 5163 5152 5151
f 5164 5157 5158
f 5163 5153 5152
f 5164 5158 5159
f 5163 5154 5153
f 5164 5159 5160
f 5163 5155 5154
f 5164 5160 5161
f 5163 5156 5155
f 5164 5161 5162
f 5163 5151 5156
f 5164 5162 5157
f 5165 5166 5172
f 5165 5172 5171
f 5166 5167 5173
f 5166 5173 5172
f 5167 5168 5174
f 5167 5174 5173
f 5168 5169 5175
f 5168 5175 5174
f 5169 5170 5176
f 5169 5176 5175
f 5170 5165 5171
f 5170 5171 5176
f 5177 5166 5165
f 5178 5171 5172
f 5177 5167 5166
f 5178 5172 5173
f 5177 5168 5167
f 5178 5173 5174
f 5177 5169 5168
f 5178 5174 5175
f 5177 5170 5169
f 5178 5175 5176
f 5177 5165 5170
f 5178 5176 5171
f 5179 5180 5186
f 5179 5186 5185
f 5180 5181 5187
f 5180 5187 5186
f 5181 5182 5188
f 5181 5188 5187
f 5182 5183 5189
f 5182 5189 5188
f 5183 5184 5190
f 5183 5190 5189
f 5184 5179 5185
f 5184 5185 5190
f 5191 5180 5179
f 5192 5185 5186
f 5191 5181 5180
f 5192 5186 5187
f 5191 5182 5181
f 5192 5187 5188
f 5191 5183 5182
f 5192 5188 5189
f 5191 5184 5183
f 5192 5189 5190
f 5191 5179 5184
f 5192 5190 5185
f 5193 5194 5200
f 5193 5200 5199
f 5194 5195 5201
f 5194 5201 5200
f 5195 5196 5202
f 5195 5202 5201
f 5196 5197 5203
f 5196 5203 5202
f 5197 5198 5204
f 5197 5204 5203
f 5198 5193 5199
f 5198 5199 5204
f 5205 5194 5193
f 5206 5199 5200
f 5205 5195 5194
f 5206 5200 5201
f 5205 5196 5195
f 5206 5201 5202
f 5205 5197 5196
f 5206 5202 5203
f 5205 5198 5197
f 5206 5203 5204
f 5205 5193 5198
f 5206 5204 5199
f 5207 5208 5214
f 5207 5214 5213
f 5208 5209 5215
f 5208 5215 5214
f 5209 5210 5216
f 5209 5216 5215
f 5210 5211 5217
f 5210 5217 5216
f 5211 5212 5218
f 5211 5218 5217
f 5212 5207 5213
f 5212 5213 5218
f 5219 5208 5207
f 5220 5213 5214
f 5288 5289 5305
f 5288 5305 5304
f 5289 5290 5306
f 5289 5306 5305
f 5290 5291 5307
f 5290 5307 5306
f 5291 5292 5308
f 5291 5308 5307
f 5292 5277 5293
f 5292 5293 5308
f 5309 5278 5277
f 5310 5293 5294
f 5309 5279 5278
f 5310 5294 5295
f 5309 5280 5279
f 5310 5295 5296
f 5309 5281 5280
f 5310 5296 5297
f 5309 5282 5281
f 5310 5297 5298
f 5309 5283 5282
f 5310 5298 5299
f 5309 5284 5283
f 5310 5299 5300
f 5309 5285 5284
f 5310 5300 5301
f 5309 5286 5285
f 5310 5301 5302
f 5309 5287 5286
f 5310 5302 5303
f 5309 5288 5287
f 5310 5303 5304
f 5309 5289 5288
f 5310 5304 5305
f 5309 5290 5289
f 5310 5305 5306
f 5309 5291 5290
f 5310 5306 5307
f 5309 5292 5291
f 5310 5307 5308
f 5309 5277 5292
f 5310 5308 5293
f 5311 5312 5328
f 5311 5328 5327
f 5312 5313 5329
f 5312 5329 5328
f 5313 5314 5330
f 5313 5330 5329
f 5314 5315 5331
f 5314 5331 5330
f 5315 5316 5332
f 5315 5332 5331
f 5316 5317 5333
f 5316 5333 5332
f 5317 5318 5334
f 5317 5334 5333
f 5318 5319 5335
f 5318 5335 5334
f 5319 5320 5336
f 5319 5336 5335
f 5320 5321 5337
f 5320 5337 5336
f 5321 5322 5338
f 5321 5338 5337
f 5322 5323 5339
f 5322 5339 5338
f 5323 5324 5340
f 5323 5340 5339
f 5324 5325 5341
f 5324 5341 5340
f 5325 5326 5342
f 5325 5342 5341
f 5326 5311 5327
f 5326 5327 5342
f 5343 5312 5311
f 5344 5327 5328
f 5343 5313 5312
f 5344 5328 5329
f 5343 5314 5313
f 5344 5329 5330
f 5343 5315 5314
f 5344 5330 5331
f 5343 5316 5315
f 5344 5331 5332
f 5343 5317 5316
f 5344 5332 5333
f 5343 5318 5317
f 5344 5333 5334
f 5343 5319 5318
f 5344 5334 5335
f 5343 5320 5319
f 5344 5335 5336
f 5343 5321 5320
f 5344 5336 5337
f 5343 5322 5321
f 5344 5337 5338
f 5343 5323 5322
f 5344 5338 5339
f 5343 5324 5323
f 5344 5339 5340
f 5343 5325 5324
f 5344 5340 5341
f 5343 5326 5325
f 5344 5341 5342
f 5343 5311 5326
f 5344 5342 5327
f 5345 5346 5358
f 5345 5358 5357
f 5346 5347 5359
f 5346 5359 5358
f 5347 5348 5360
f 5347 5360 5359
f 5348 5349 5361
f 5348 5361 5360
f 5349 5350 5362
f 5349 5362 5361
f 5350 5351 5363
f 5350 5363 5362
f 5351 5352 5364
f 5351 5364 5363
f 5352 5353 5365
f 5352 5365 5364
f 5353 5354 5366
f 5353 5366 5365
f 5354 5355 5367
f 5354 5367 5366
f 5355 5356 5368
f 5355 5368 5367
f 5426 5427 5443
f 5426 5443 5442
f 5427 5428 5444
f 5427 5444 5443
f 5428 5429 5445
f 5428 5445 5444
f 5429 5430 5446
f 5429 5446 5445
f 5430 5415 5431
f 5430 5431 5446
f 5447 5416 5415
f 5448 5431 5432
f 5447 5417 5416
f 5448 5432 5433
f 5447 5418 5417
f 5448 5433 5434
f 5447 5419 5418
f 5448 5434 5435
f 5447 5420 5419
f 5448 5435 5436
f 5447 5421 5420
f 5448 5436 5437
f 5447 5422 5421
f 5448 5437 5438
f 5447 5423 5422
f 5448 5438 5439
f 5447 5424 5423
f 5448 5439 5440
f 5447 5425 5424
f 5448 5440 5441
f 5447 5426 5425
f 5448 5441 5442
f 5447 5427 5426
f 5448 5442 5443
f 5447 5428 5427
f 5448 5443 5444
f 5447 5429 5428
f 5448 5444 5445
f 5447 5430 5429
f 5448 5445 5446
f 5447 5415 5430
f 5448 5446 5431
f 5449 5450 5466
f 5449 5466 5465
f 5450 5451 5467
f 5450 5467 5466
f 5451 5452 5468
f 5451 5468 5467
f 5452 5453 5469
f 5452 5469 5468
f 5453 5454 5470
f 5453 5470 5469
f 5454 5455 5471
f 5454 5471 5470
f 5455 5456 5472
f 5455 5472 5471
f 5456 5457 5473
f 5456 5473 5472
f 5457 5458 5474
f 5457 5474 5473
f 5458 5459 5475
f 5458 5475 5474
f 5459 5460 5476
f 5459 5476 5475
f 5460 5461 5477
f 5460 5477 5476
f 5461 5462 5478
f 5461 5478 5477
f 5462 5463 5479
f 5462 5479 5478
f 5463 5464 5480
f 5463 5480 5479
f 5464 5449 5465
f 5464 5465 5480
f 5481 5450 5449
f 5482 5465 5466
f 5481 5451 5450
f 5482 5466 5467
f 5481 5452 5451
f 5482 5467 5468
f 5481 5453 5452
f 5482 5468 5469
f 5481 5454 5453
f 5482 5469 5470
f 5481 5455 5454
f 5482 5470 5471
f 5481 5456 5455
f 5482 5471 5472
f 5481 5457 5456
f 5482 5472 5473
f 5481 5458 5457
f 5482 5473 5474
f 5481 5459 5458
f 5482 5474 5475
f 5481 5460 5459
f 5482 5475 5476
f 5481 5461 5460
f 5482 5476 5477
f 5481 5462 5461
f 5482 5477 5478
f 5481 5463 5462
f 5482 5478 5479
f 5481 5464 5463
f 5482 5479 5480
f 5481 5449 5464
f 5482 5480 5465
f 5483 5484 5496
f 5483 5496 5495
f 5484 5485 5497
f 5484 5497 5496
f 5485 5486 5498
f 5485 5498 5497
f 5486 5487 5499
f 5486 5499 5498
f 5487 5488 5500
f 5487 5500 5499
f 5488 5489 5501
f 5488 5501 5500
f 5489 5490 5502
f 5489 5502 5501
f 5490 5491 5503
f 5490 5503 5502
f 5491 5492 5504
f 5491 5504 5503
f 5492 5493 5505
f 5492 5505 5504
f 5493 5494 5506
f 5493 5506 5505
f 5564 5565 5581
f 5564 5581 5580
f 5565 5566 5582
f 5565 5582 5581
f 5566 5567 5583
f 5566 5583 5582
f 5567 5568 5584
f 5567 5584 5583
f 5568 5553 5569
f 5568 5569 5584
f 5585 5554 5553
f 5586 5569 5570
f 5585 5555 5554
f 5586 5570 5571
f 5585 5556 5555
f 5586 5571 5572
f 5585 5557 5556
f 5586 5572 5573
f 5585 5558 5557
f 5586 5573 5574
f 5585 5559 5558
f 5586 5574 5575
f 5585 5560 5559
f 5586 5575 5576
f 5585 5561 5560
f 5586 5576 5577
f 5585 5562 5561
f 5586 5577 5578
f 5585 5563 5562
f 5586 5578 5579
f 5585 5564 5563
f 5586 5579 5580
f 5585 5565 5564
f 5586 5580 5581
f 5585 5566 5565
f 5586 5581 5582
f 5585 5567 5566
f 5586 5582 5583
f 5585 5568 5567
f 5586 5583 5584
f 5585 5553 5568
f 5586 5584 5569
f 5587 5588 5604
f 5587 5604 5603
f 5588 5589 5605
f 5588 5605 5604
f 5589 5590 5606
f 5589 5606 5605
f 5590 5591 5607
f 5590 5607 5606
f 5591 5592 5608
f 5591 5608 5607
f 5592 5593 5609
f 5592 5609 5608
f 5593 5594 5610
f 5593 5610 5609
f 5594 5595 5611
f 5594 5611 5610
f 5595 5596 5612
f 5595 5612 5611
f 5596 5597 5613
f 5596 5613 5612
f 5597 5598 5614
f 5597 5614 5613
f 5598 5599 5615
f 5598 5615 5614
f 5599 5600 5616
f 5599 5616 5615
f 5600 5601 5617
f 5600 5617 5616
f 5601 5602 5618
f 5601 5618 5617
f 5602 5587 5603
f 5602 5603 5618
f 5619 5588 5587
f 5620 5603 5604
f 5619 5589 5588
f 5620 5604 5605
f 5619 5590 5589
f 5620 5605 5606
f 5619 5591 5590
f 5620 5606 5607
f 5619 5592 5591
f 5620 5607 5608
f 5619 5593 5592
f 5620 5608 5609
f 5619 5594 5593
f 5620 5609 5610
f 5619 5595 5594
f 5620 5610 5611
f 5619 5596 5595
f 5620 5611 5612
f 5619 5597 5596
f 5620 5612 5613
f 5619 5598 5597
f 5620 5613 5614
f 5619 5599 5598
f 5620 5614 5615
f 5619 5600 5599
f 5620 5615 5616
f 5619 5601 5600
f 5620 5616 5617
f 5619 5602 5601
f 5620 5617 5618
f 5619 5587 5602
f 5620 5618 5603
f 5621 5622 5634
f 5621 5634 5633
f 5622 5623 5635
f 5622 5635 5634
f 5623 5624 5636
f 5623 5636 5635
f 5624 5625 5637
f 5624 5637 5636
f 5625 5626 5638
f 5625 5638 5637
f 5626 5627 5639
f 5626 5639 5638
f 5627 5628 5640
f 5627 5640 5639
f 5628 5629 5641
f 5628 5641 5640
f 5629 5630 5642
f 5629 5642 5641
f 5630 5631 5643
f 5630 5643 5642
f 5631 5632 5644
f 5631 5644 5643
f 5702 5703 5719
f 5702 5719 5718
f 5703 5704 5720
f 5703 5720 5719
f 5704 5705 5721
f 5704 5721 5720
f 5705 5706 5722
f 5705 5722 5721
f 5706 5691 5707
f 5706 5707 5722
f 5723 5692 5691
f 5724 5707 5708
f 5723 5693 5692
f 5724 5708 5709
f 5723 5694 5693
f 5724 5709 5710
f 5723 5695 5694
f 5724 5710 5711
f 5723 5696 5695
f 5724 5711 5712
f 5723 5697 5696
f 5724 5712 5713
f 5723 5698 5697
f 5724 5713 5714
f 5723 5699 5698
f 5724 5714 5715
f 5723 5700 5699
f 5724 5715 5716
f 5723 5701 5700
f 5724 5716 5717
f 5723 5702 5701
f 5724 5717 5718
f 5723 5703 5702
f 5724 5718 5719
f 5723 5704 5703
f 5724 5719 5720
f 5723 5705 5704
f 5724 5720 5721
f 5723 5706 5705
f 5724 5721 5722
f 5723 5691 5706
f 5724 5722 5707
f 5725 5726 5742
f 5725 5742 5741
f 5726 5727 5743
f 5726 5743 5742
f 5727 5728 5744
f 5727 5744 5743
f 5728 5729 5745
f 5728 5745 5744
f 5729 5730 5746
f 5729 5746 5745
f 5730 5731 5747
f 5730 5747 5746
f 5731 5732 5748
f 5731 5748 5747
f 5732 5733 5749
f 5732 5749 5748
f 5733 5734 5750
f 5733 5750 5749
f 5734 5735 5751
f 5734 5751 5750
f 5735 5736 5752
f 5735 5752 5751
f 5736 5737 5753
f 5736 5753 5752
f 5737 5738 5754
f 5737 5754 5753
f 5738 5739 5755
f 5738 5755 5754
f 5739 5740 5756
f 5739 5756 5755
f 5740 5725 5741
f 5740 5741 5756
f 5757 5726 5725
f 5758 5741 5742
f 5757 5727 5726
f 5758 5742 5743
f 5757 5728 5727
f 5758 5743 5744
f 5757 5729 5728
f 5758 5744 5745
f 5757 5730 5729
f 5758 5745 5746
f 5757 5731 5730
f 5758 5746 5747
f 5757 5732 5731
f 5758 5747 5748
f 5757 5733 5732
f 5758 5748 5749
f 5757 5734 5733
f 5758 5749 5750
f 5757 5735 5734
f 5758 5750 5751
f 5757 5736 5735
f 5758 5751 5752
f 5757 5737 5736
f 5758 5752 5753
f 5757 5738 5737
f 5758 5753 5754
f 5757 5739 5738
f 5758 5754 5755
f 5757 5740 5739
f 5758 5755 5756
f 5757 5725 5740
f 5758 5756 5741
f 5759 5760 5772
f 5759 5772 5771
f 5760 5761 5773
f 5760 5773 5772
f 5761 5762 5774
f 5761 5774 5773
f 5762 5763 5775
f 5762 5775 5774
f 5763 5764 5776
f 5763 5776 5775
f 5764 5765 5777
f 5764 5777 5776
f 5765 5766 5778
f 5765 5778 5777
f 5766 5767 5779
f 5766 5779 5778
f 5767 5768 5780
f 5767 5780 5779
f 5768 5769 5781
f 5768 5781 5780
f 5769 5770 5782
f 5769 5782 5781
f 5840 5841 5857
f 5840 5857 5856
f 5841 5842 5858
f 5841 5858 5857
f 5842 5843 5859
f 5842 5859 5858
f 5843 5844 5860
f 5843 5860 5859
f 5844 5829 5845
f 5844 5845 5860
f 5861 5830 5829
f 5862 5845 5846
f 5861 5831 5830
f 5862 5846 5847
f 5861 5832 5831
f 5862 5847 5848
f 5861 5833 5832
f 5862 5848 5849
f 5861 5834 5833
f 5862 5849 5850
f 5861 5835 5834
f 5862 5850 5851
f 5861 5836 5835
f 5862 5851 5852
f 5861 5837 5836
f 5862 5852 5853
f 5861 5838 5837
f 5862 5853 5854
f 5861 5839 5838
f 5862 5854 5855
f 5861 5840 5839
f 5862 5855 5856
f 5861 5841 5840
f 5862 5856 5857
f 5861 5842 5841
f 5862 5857 5858
f 5861 5843 5842
f 5862 5858 5859
f 5861 5844 5843
f 5862 5859 5860
f 5861 5829 5844
f 5862 5860 5845
f 5863 5864 5880
f 5863 5880 5879
f 5864 5865 5881
f 5864 5881 5880
f 5865 5866 5882
f 5865 5882 5881
f 5866 5867 5883
f 5866 5883 5882
f 5867 5868 5884
f 5867 5884 5883
f 5868 5869 5885
f 5868 5885 5884
f 5869 5870 5886
f 5869 5886 5885
f 5870 5871 5887
f 5870 5887 5886
f 5871 5872 5888
f 5871 5888 5887
f 5872 5873 5889
f 5872 5889 5888
f 5873 5874 5890
f 5873 5890 5889
f 5874 5875 5891
f 5874 5891 5890
f 5875 5876 5892
f 5875 5892 5891
f 5876 5877 5893
f 5876 5893 5892
f 5877 5878 5894
f 5877 5894 5893
f 5878 5863 5879
f 5878 5879 5894
f 5895 5864 5863
f 5896 5879 5880
f 5895 5865 5864
f 5896 5880 5881
f 5895 5866 5865
f 5896 5881 5882
f 5895 5867 5866
f 5896 5882 5883
f 5895 5868 5867
f 5896 5883 5884
f 5895 5869 5868
f 5896 5884 5885
f 5895 5870 5869
f 5896 5885 5886
f 5895 5871 5870
f 5896 5886 5887
f 5895 5872 5871
f 5896 5887 5888
f 5895 5873 5872
f 5896 5888 5889
f 5895 5874 5873
f 5896 5889 5890
f 5895 5875 5874
f 5896 5890 5891
f 5895 5876 5875
f 5896 5891 5892
f 5895 5877 5876
f 5896 5892 5893
f 5895 5878 5877
f 5896 5893 5894
f 5895 5863 5878
f 5896 5894 5879
f 5897 5898 5910
f 5897 5910 5909
f 5898 5899 5911
f 5898 5911 5910
f 5899 5900 5912
f 5899 5912 5911
f 5900 5901 5913
f 5900 5913 5912
f 5901 5902 5914
f 5901 5914 5913
f 5902 5903 5915
f 5902 5915 5914
f 5903 5904 5916
f 5903 5916 5915
f 5904 5905 5917
f 5904 5917 5916
f 5905 5906 5918
f 5905 5918 5917
f 5906 5907 5919
f 5906 5919 5918
f 5907 5908 5920
f 5907 5920 5919
f 5978 5979 5995
f 5978 5995 5994
f 5979 5980 5996
f 5979 5996 5995
f 5980 5981 5997
f 5980 5997 5996
f 5981 5982 5998
f 5981 5998 5997
f 5982 5967 5983
f 5982 5983 5998
f 5999 5968 5967
f 6000 5983 5984
f 5999 5969 5968
f 6000 5984 5985
f 5999 5970 5969
f 6000 5985 5986
f 5999 5971 5970
f 6000 5986 5987
f 5999 5972 5971
f 6000 5987 5988
f 5999 5973 5972
f 6000 5988 5989
f 5999 5974 5973
f 6000 5989 5990
f 5999 5975 5974
f 6000 5990 5991
f 5999 5976 5975
f 6000 5991 5992
f 5999 5977 5976
f 6000 5992 5993
f 5999 5978 5977
f 6000 5993 5994
f 5999 5979 5978
f 6000 5994 5995
f 5999 5980 5979
f 6000 5995 5996
f 5999 5981 5980
f 6000 5996 5997
f 5999 5982 5981
f 6000 5997 5998
f 5999 5967 5982
f 6000 5998 5983
f 6001 6002 6018
f 6001 6018 6017
f 6002 6003 6019
f 6002 6019 6018
f 6003 6004 6020
f 6003 6020 6019
f 6004 6005 6021
f 6004 6021 6020
f 6005 6006 6022
f 6005 6022 6021
f 6006 6007 6023
f 6006 6023 6022
f 6007 6008 6024
f 6007 6024 6023
f 6008 6009 6025
f 6008 6025 6024
f 6009 6010 6026
f 6009 6026 6025
f 6010 6011 6027
f 6010 6027 6026
f 6011 6012 6028
f 6011 6028 6027
f 6012 6013 6029
f 6012 6029 6028
f 6013 6014 6030
f 6013 6030 6029
f 6014 6015 6031
f 6014 6031 6030
f 6015 6016 6032
f 6015 6032 6031
f 6016 6001 6017
f 6016 6017 6032
f 6033 6002 6001
f 6034 6017 6018
f 6033 6003 6002
f 6034 6018 6019
f 6033 6004 6003
f 6034 6019 6020
f 6033 6005 6004
f 6034 6020 6021
f 6033 6006 6005
f 6034 6021 6022
f 6033 6007 6006
f 6034 6022 6023
f 6033 6008 6007
f 6034 6023 6024
f 6033 6009 6008
f 6034 6024 6025
f 6033 6010 6009
f 6034 6025 6026
f 6033 6011 6010
f 6034 6026 6027
f 6033 6012 6011
f 6034 6027 6028
f 6033 6013 6012
f 6034 6028 6029
f 6033 6014 6013
f 6034 6029 6030
f 6033 6015 6014
f 6034 6030 6031
f 6033 6016 6015
f 6034 6031 6032
f 6033 6001 6016
f 6034 6032 6017
f 6035 6036 6048
f 6035 6048 6047
f 6036 6037 6049
f 6036 6049 6048
f 6037 6038 6050
f 6037 6050 6049
f 6038 6039 6051
f 6038 6051 6050
f 6039 6040 6052
f 6039 6052 6051
f 6040 6041 6053
f 6040 6053 6052
f 6041 6042 6054
f 6041 6054 6053
f 6042 6043 6055
f 6042 6055 6054
f 6043 6044 6056
f 6043 6056 6055
f 6044 6045 6057
f 6044 6057 6056
f 6045 6046 6058
f 6045 6058 6057
f 6116 6117 6133
f 6116 6133 6132
f 6117 6118 6134
f 6117 6134 6133
f 6118 6119 6135
f 6118 6135 6134
f 6119 6120 6136
f 6119 6136 6135
f 6120 6105 6121
f 6120 6121 6136
f 6137 6106 6105
f 6138 6121 6122
f 6137 6107 6106
f 6138 6122 6123
f 6137 6108 6107
f 6138 6123 6124
f 6137 6109 6108
f 6138 6124 6125
f 6137 6110 6109
f 6138 6125 6126
f 6137 6111 6110
f 6138 6126 6127
f 6137 6112 6111
f 6138 6127 6128
f 6137 6113 6112
f 6138 6128 6129
f 6137 6114 6113
f 6138 6129 6130
f 6137 6115 6114
f 6138 6130 6131
f 6137 6116 6115
f 6138 6131 6132
f 6137 6117 6116
f 6138 6132 6133
f 6137 6118 6117
f 6138 6133 6134
f 6137 6119 6118
f 6138 6134 6135
f 6137 6120 6119
f 6138 6135 6136
f 6137 6105 6120
f 6138 6136 6121
f 6139 6140 6156
f 6139 6156 6155
f 6140 6141 6157
f 6140 6157 6156
f 6141 6142 6158
f 6141 6158 6157
f 6142 6143 6159
f 6142 6159 6158
f 6143 6144 6160
f 6143 6160 6159
f 6144 6145 6161
f 6144 6161 6160
f 6145 6146 6162
f 6145 6162 6161
f 6146 6147 6163
f 6146 6163 6162
f 6147 6148 6164
f 6147 6164 6163
f 6148 6149 6165
f 6148 6165 6164
f 6149 6150 6166
f 6149 6166 6165
f 6150 6151 6167
f 6150 6167 6166
f 6151 6152 6168
f 6151 6168 6167
f 6152 6153 6169
f 6152 6169 6168
f 6153 6154 6170
f 6153 6170 6169
f 6154 6139 6155
f 6154 6155 6170
f 6171 6140 6139
f 6172 6155 6156
f 6171 6141 6140
f 6172 6156 6157
f 6171 6142 6141
f 6172 6157 6158
f 6171 6143 6142
f 6172 6158 6159
f 6171 6144 6143
f 6172 6159 6160
f 6171 6145 6144
f 6172 6160 6161
f 6171 6146 6145
f 6172 6161 6162
f 6171 6147 6146
f 6172 6162 6163
f 6171 6148 6147
f 6172 6163 6164
f 6171 6149 6148
f 6172 6164 6165
f 6171 6150 6149
f 6172 6165 6166
f 6171 6151 6150
f 6172 6166 6167
f 6171 6152 6151
f 6172 6167 6168
f 6171 6153 6152
f 6172 6168 6169
f 6171 6154 6153
f 6172 6169 6170
f 6171 6139 6154
f 6172 6170 6155
f 6173 6174 6186
f 6173 6186 6185
f 6174 6175 6187
f 6174 6187 6186
f 6175 6176 6188
f 6175 6188 6187
f 6176 6177 6189
f 6176 6189 6188
f 6177 6178 6190
f 6177 6190 6189
f 6178 6179 6191
f 6178 6191 6190
f 6179 6180 6192
f 6179 6192 6191
f 6180 6181 6193
f 6180 6193 6192
f 6181 6182 6194
f 6181 6194 6193
f 6182 6183 6195
f 6182 6195 6194
f 6183 6184 6196
f 6183 6196 6195
f 6254 6255 6271
f 6254 6271 6270
f 6255 6256 6272
f 6255 6272 6271
f 6256 6257 6273
f 6256 6273 6272
f 6257 6258 6274
f 6257 6274 6273
f 6258 6243 6259
f 6258 6259 6274
f 6275 6244 6243
f 6276 6259 6260
f 6275 6245 6244
f 6276 6260 6261
f 6275 6246 6245
f 6276 6261 6262
f 6275 6247 6246
f 6276 6262 6263
f 6275 6248 6247
f 6276 6263 6264
f 6275 6249 6248
f 6276 6264 6265
f 6275 6250 6249
f 6276 6265 6266
f 6275 6251 6250
f 6276 6266 6267
f 6275 6252 6251
f 6276 6267 6268
f 6275 6253 6252
f 6276 6268 6269
f 6275 6254 6253
f 6276 6269 6270
f 6275 6255 6254
f 6276 6270 6271
f 6275 6256 6255
f 6276 6271 6272
f 6275 6257 6256
f 6276 6272 6273
f 6275 6258 6257
f 6276 6273 6274
f 6275 6243 6258
f 6276 6274 6259
f 6277 6278 6294
f 6277 6294 6293
f 6278 6279 6295
f 6278 6295 6294
f 6279 6280 6296
f 6279 6296 6295
f 6280 6281 6297
f 6280 6297 6296
f 6281 6282 6298
f 6281 6298 6297
f 6282 6283 6299
f 6282 6299 6298
f 6283 6284 6300
f 6283 6300 6299
f 6284 6285 6301
f 6284 6301 6300
f 6285 6286 6302
f 6285 6302 6301
f 6286 6287 6303
f 6286 6303 6302
f 6287 6288 6304
f 6287 6304 6303
f 6288 6289 6305
f 6288 6305 6304
f 6289 6290 6306
f 6289 6306 6305
f 6290 6291 6307
f 6290 6307 6306
f 6291 6292 6308
f 6291 6308 6307
f 6292 6277 6293
f 6292 6293 6308
f 6309 6278 6277
f 6310 6293 6294
f 6309 6279 6278
f 6310 6294 6295
f 6309 6280 6279
f 6310 6295 6296
f 6309 6281 6280
f 6310 6296 6297
f 6309 6282 6281
f 6310 6297 6298
f 6309 6283 6282
f 6310 6298 6299
f 6309 6284 6283
f 6310 6299 6300
f 6309 6285 6284
f 6310 6300 6301
f 6309 6286 6285
f 6310 6301 6302
f 6309 6287 6286
f 6310 6302 6303
f 6309 6288 6287
f 6310 6303 6304
f 6309 6289 6288
f 6310 6304 6305
f 6309 6290 6289
f 6310 6305 6306
f 6309 6291 6290
f 6310 6306 6307
f 6309 6292 6291
f 6310 6307 6308
f 6309 6277 6292
f 6310 6308 6293
f 6311 6312 6324
f 6311 6324 6323
f 6312 6313 6325
f 6312 6325 6324
f 6313 6314 6326
f 6313 6326 6325
f 6314 6315 6327
f 6314 6327 6326
f 6315 6316 6328
f 6315 6328 6327
f 6316 6317 6329
f 6316 6329 6328
f 6317 6318 6330
f 6317 6330 6329
f 6318 6319 6331
f 6318 6331 6330
f 6319 6320 6332
f 6319 6332 6331
f 6320 6321 6333
f 6320 6333 6332
f 6321 6322 6334
f 6321 6334 6333
f 6392 6393 6409
f 6392 6409 6408
f 6393 6394 6410
f 6393 6410 6409
f 6394 6395 6411
f 6394 6411 6410
f 6395 6396 6412
f 6395 6412 6411
f 6396 6381 6397
f 6396 6397 6412
f 6413 6382 6381
f 6414 6397 6398
f 6413 6383 6382
f 6414 6398 6399
f 6413 6384 6383
f 6414 6399 6400
f 6413 6385 6384
f 6414 6400 6401
f 6413 6386 6385
f 6414 6401 6402
f 6413 6387 6386
f 6414 6402 6403
f 6413 6388 6387
f 6414 6403 6404
f 6413 6389 6388
f 6414 6404 6405
f 6413 6390 6389
f 6414 6405 6406
f 6413 6391 6390
f 6414 6406 6407
f 6413 6392 6391
f 6414 6407 6408
f 6413 6393 6392
f 6414 6408 6409
f 6413 6394 6393
f 6414 6409 6410
f 6413 6395 6394
f 6414 6410 6411
f 6413 6396 6395
f 6414 6411 6412
f 6413 6381 6396
f 6414 6412 6397
f 6415 6416 6432
f 6415 6432 6431
f 6416 6417 6433
f 6416 6433 6432
f 6417 6418 6434
f 6417 6434 6433
f 6418 6419 6435
f 6418 6435 6434
f 6419 6420 6436
f 6419 6436 6435
f 6420 6421 6437
f 6420 6437 6436
f 6421 6422 6438
f 6421 6438 6437
f 6422 6423 6439
f 6422 6439 6438
f 6423 6424 6440
f 6423 6440 6439
f 6424 6425 6441
f 6424 6441 6440
f 6425 6426 6442
f 6425 6442 6441
f 6426 6427 6443
f 6426 6443 6442
f 6427 6428 6444
f 6427 6444 6443
f 6428 6429 6445
f 6428 6445 6444
f 6429 6430 6446
f 6429 6446 6445
f 6430 6415 6431
f 6430 6431 6446
f 6447 6416 6415
f 6448 6431 6432
f 6447 6417 6416
f 6448 6432 6433
f 6447 6418 6417
f 6448 6433 6434
f 6447 6419 6418
f 6448 6434 6435
f 6447 6420 6419
f 6448 6435 6436
f 6447 6421 6420
f 6448 6436 6437
f 6447 6422 6421
f 6448 6437 6438
f 6447 6423 6422
f 6448 6438 6439
f 6447 6424 6423
f 6448 6439 6440
f 6447 6425 6424
f 6448 6440 6441
f 6447 6426 6425
f 6448 6441 6442
f 6447 6427 6426
f 6448 6442 6443
f 6447 6428 6427
f 6448 6443 6444
f 6447 6429 6428
f 6448 6444 6445
f 6447 6430 6429
f 6448 6445 6446
f 6447 6415 6430
f 6448 6446 6431
f 6449 6450 6462
f 6449 6462 6461
f 6450 6451 6463
f 6450 6463 6462
f 6451 6452 6464
f 6451 6464 6463
f 6452 6453 6465
f 6452 6465 6464
f 6453 6454 6466
f 6453 6466 6465
f 6454 6455 6467
f 6454 6467 6466
f 6455 6456 6468
f 6455 6468 6467
f 6456 6457 6469
f 6456 6469 6468
f 6457 6458 6470
f 6457 6470 6469
f 6458 6459 6471
f 6458 6471 6470
f 6459 6460 6472
f 6459 6472 6471
f 6530 6531 6547
f 6530 6547 6546
f 6531 6532 6548
f 6531 6548 6547
f 6532 6533 6549
f 6532 6549 6548
f 6533 6534 6550
f 6533 6550 6549
f 6534 6519 6535
f 6534 6535 6550
f 6551 6520 6519
f 6552 6535 6536
f 6551 6521 6520
f 6552 6536 6537
f 6551 6522 6521
f 6552 6537 6538
f 6551 6523 6522
f 6552 6538 6539
f 6551 6524 6523
f 6552 6539 6540
f 6551 6525 6524
f 6552 6540 6541
f 6551 6526 6525
f 6552 6541 6542
f 6551 6527 6526
f 6552 6542 6543
f 6551 6528 6527
f 6552 6543 6544
f 6551 6529 6528
f 6552 6544 6545
f 6551 6530 6529
f 6552 6545 6546
f 6551 6531 6530
f 6552 6546 6547
f 6551 6532 6531
f 6552 6547 6548
f 6551 6533 6532
f 6552 6548 6549
f 6551 6534 6533
f 6552 6549 6550
f 6551 6519 6534
f 6552 6550 6535
f 6553 6554 6570
f 6553 6570 6569
f 6554 6555 6571
f 6554 6571 6570
f 6555 6556 6572
f 6555 6572 6571
f 6556 6557 6573
f 6556 6573 6572
f 6557 6558 6574
f 6557 6574 6573
f 6558 6559 6575
f 6558 6575 6574
f 6559 6560 6576
f 6559 6576 6575
f 6560 6561 6577
f 6560 6577 6576
f 6561 6562 6578
f 6561 6578 6577
f 6562 6563 6579
f 6562 6579 6578
f 6563 6564 6580
f 6563 6580 6579
f 6564 6565 6581
f 6564 6581 6580
f 6565 6566 6582
f 6565 6582 6581
f 6566 6567 6583
f 6566 6583 6582
f 6567 6568 6584
f 6567 6584 6583
f 6568 6553 6569
f 6568 6569 6584
f 6585 6554 6553
f 6586 6569 6570
f 6585 6555 6554
f 6586 6570 6571
f 6585 6556 6555
f 6586 6571 6572
f 6585 6557 6556
f 6586 6572 6573
f 6585 6558 6557
f 6586 6573 6574
f 6585 6559 6558
f 6586 6574 6575
f 6585 6560 6559
f 6586 6575 6576
f 6585 6561 6560
f 6586 6576 6577
f 6585 6562 6561
f 6586 6577 6578
f 6585 6563 6562
f 6586 6578 6579
f 6585 6564 6563
f 6586 6579 6580
f 6585 6565 6564
f 6586 6580 6581
f 6585 6566 6565
f 6586 6581 6582
f 6585 6567 6566
f 6586 6582 6583
f 6585 6568 6567
f 6586 6583 6584
f 6585 6553 6568
f 6586 6584 6569
f 6587 6588 6600
f 6587 6600 6599
f 6588 6589 6601
f 6588 6601 6600
f 6589 6590 6602
f 6589 6602 6601
f 6590 6591 6603
f 6590 6603 6602
f 6591 6592 6604
f 6591 6604 6603
f 6592 6593 6605
f 6592 6605 6604
f 6593 6594 6606
f 6593 6606 6605
f 6594 6595 6607
f 6594 6607 6606
f 6595 6596 6608
f 6595 6608 6607
f 6596 6597 6609
f 6596 6609 6608
f 6597 6598 6610
f 6597 6610 6609
f 6668 6669 6685
f 6668 6685 6684
f 6669 6670 6686
f 6669 6686 6685
f 6670 6671 6687
f 6670 6687 6686
f 6671 6672 6688
f 6671 6688 6687
f 6672 6657 6673
f 6672 6673 6688
f 6689 6658 6657
f 6690 6673 6674
f 6689 6659 6658
f 6690 6674 6675
f 6689 6660 6659
f 6690 6675 6676
f 6689 6661 6660
f 6690 6676 6677
f 6689 6662 6661
f 6690 6677 6678
f 6689 6663 6662
f 6690 6678 6679
f 6689 6664 6663
f 6690 6679 6680
f 6689 6665 6664
f 6690 6680 6681
f 6689 6666 6665
f 6690 6681 6682
f 6689 6667 6666
f 6690 6682 6683
f 6689 6668 6667
f 6690 6683 6684
f 6689 6669 6668
f 6690 6684 6685
f 6689 6670 6669
f 6690 6685 6686
f 6689 6671 6670
f 6690 6686 6687
f 6689 6672 6671
f 6690 6687 6688
f 6689 6657 6672
f 6690 6688 6673
f 6691 6692 6708
f 6691 6708 6707
f 6692 6693 6709
f 6692 6709 6708
f 6693 6694 6710
f 6693 6710 6709
f 6694 6695 6711
f 6694 6711 6710
f 6695 6696 6712
f 6695 6712 6711
f 6696 6697 6713
f 6696 6713 6712
f 6697 6698 6714
f 6697 6714 6713
f 6698 6699 6715
f 6698 6715 6714
f 6699 6700 6716
f 6699 6716 6715
f 6700 6701 6717
f 6700 6717 6716
f 6701 6702 6718
f 6701 6718 6717
f 6702 6703 6719
f 6702 6719 6718
f 6703 6704 6720
f 6703 6720 6719
f 6704 6705 6721
f 6704 6721 6720
f 6705 6706 6722
f 6705 6722 6721
f 6706 6691 6707
f 6706 6707 6722
f 6723 6692 6691
f 6724 6707 6708
f 6723 6693 6692
f 6724 6708 6709
f 6723 6694 6693
f 6724 6709 6710
f 6723 6695 6694
f 6724 6710 6711
f 6723 6696 6695
f 6724 6711 6712
f 6723 6697 6696
f 6724 6712 6713
f 6723 6698 6697
f 6724 6713 6714
f 6723 6699 6698
f 6724 6714 6715
f 6723 6700 6699
f 6724 6715 6716
f 6723 6701 6700
f 6724 6716 6717
f 6723 6702 6701
f 6724 6717 6718
f 6723 6703 6702
f 6724 6718 6719
f 6723 6704 6703
f 6724 6719 6720
f 6723 6705 6704
f 6724 6720 6721
f 6723 6706 6705
f 6724 6721 6722
f 6723 6691 6706
f 6724 6722 6707
f 6725 6726 6738
f 6725 6738 6737
f 6726 6727 6739
f 6726 6739 6738
f 6727 6728 6740
f 6727 6740 6739
f 6728 6729 6741
f 6728 6741 6740
f 6729 6730 6742
f 6729 6742 6741
f 6730 6731 6743
f 6730 6743 6742
f 6731 6732 6744
f 6731 6744 6743
f 6732 6733 6745
f 6732 6745 6744
f 6733 6734 6746
f 6733 6746 6745
f 6734 6735 6747
f 6734 6747 6746
f 6735 6736 6748
f 6735 6748 6747
f 6736 6725 6737
f 6736 6737 6748
f 6749 6726 6725
f 6750 6737 6738
f 6749 6727 6726
f 6750 6738 6739
f 6749 6728 6727
f 6750 6739 6740
f 6749 6729 6728
f 6750 6740 6741
f 6749 6730 6729
f 6750 6741 6742
f 6749 6731 6730
f 6750 6742 6743
f 6749 6732 6731
f 6750 6743 6744
f 6749 6733 6732
f 6750 6744 6745
f 6749 6734 6733
f 6750 6745 6746
f 6749 6735 6734
f 6750 6746 6747
f 6749 6736 6735
f 6750 6747 6748
f 6749 6725 6736
f 6750 6748 6737
f 6751 6752 6764
f 6751 6764 6763
f 6752 6753 6765
f 6752 6765 6764
f 6753 6754 6766
f 6753 6766 6765
f 6754 6755 6767
f 6754 6767 6766
f 6755 6756 6768
f 6755 6768 6767
f 6756 6757 6769
f 6756 6769 6768
f 6757 6758 6770
f 6757 6770 6769
f 6758 6759 6771
f 6758 6771 6770
f 6759 6760 6772
f 6759 6772 6771
f 6760 6761 6773
f 6760 6773 6772
f 6761 6762 6774
f 6761 6774 6773
f 6762 6751 6763
f 6762 6763 6774
f 6775 6752 6751
f 6776 6763 6764
f 6775 6753 6752
f 6776 6764 6765
f 6775 6754 6753
f 6776 6765 6766
f 6775 6755 6754
f 6776 6766 6767
f 6775 6756 6755
f 6776 6767 6768
f 6775 6757 6756
f 6776 6768 6769
f 6775 6758 6757
f 6776 6769 6770
f 6775 6759 6758
f 6776 6770 6771
f 6775 6760 6759
f 6776 6771 6772
f 6775 6761 6760
f 6776 6772 6773
f 6775 6762 6761
f 6776 6773 6774
f 6775 6751 6762
f 6776 6774 6763
f 6777 6778 6786
f 6777 6786 6785
f 6778 6779 6787
f 6778 6787 6786
f 6779 6780 6788
f 6779 6788 6787
f 6780 6781 6789
f 6780 6789 6788
f 6781 6782 6790
f 6781 6790 6789
f 6782 6783 6791
f 6782 6791 6790
f 6783 6784 6792
f 6783 6792 6791
f 6784 6777 6785
f 6784 6785 6792
f 6793 6778 6777
f 6794 6785 6786
f 6793 6779 6778
f 6794 6786 6787
f 6793 6780 6779
f 6794 6787 6788
f 6793 6781 6780
f 6794 6788 6789
f 6793 6782 6781
f 6794 6789 6790
f 6793 6783 6782
f 6794 6790 6791
f 6793 6784 6783
f 6794 6791 6792
f 6793 6777 6784
f 6794 6792 6785
f 6795 6796 6812
f 6795 6812 6811
f 6796 6797 6813
f 6796 6813 6812
f 6797 6798 6814
f 6797 6814 6813
f 6798 6799 6815
f 6798 6815 6814
f 6799 6800 6816
f 6799 6816 6815
f 6800 6801 6817
f 6800 6817 6816
f 6801 6802 6818
f 6801 6818 6817
f 6802 6803 6819
f 6802 6819 6818
f 6803 6804 6820
f 6803 6820 6819
f 6804 6805 6821
f 6804 6821 6820
f 6805 6806 6822
f 6805 6822 6821
f 6806 6807 6823
f 6806 6823 6822
f 6807 6808 6824
f 6807 6824 6823
f 6808 6809 6825
f 6808 6825 6824
f 6809 6810 6826
f 6809 6826 6825
f 6810 6795 6811
f 6810 6811 6826
f 6827 6796 6795
f 6828 6811 6812
f 6827 6797 6796
f 6828 6812 6813
f 6827 6798 6797
f 6828 6813 6814
f 6827 6799 6798
f 6828 6814 6815
f 6827 6800 6799
f 6828 6815 6816
f 6827 6801 6800
f 6828 6816 6817
f 6827 6802 6801
f 6828 6817 6818
f 6827 6803 6802
f 6828 6818 6819
f 6827 6804 6803
f 6828 6819 6820
f 6827 6805 6804
f 6828 6820 6821
f 6827 6806 6805
f 6828 6821 6822
f 6827 6807 6806
f 6828 6822 6823
f 6827 6808 6807
f 6828 6823 6824
f 6827 6809 6808
f 6828 6824 6825
f 6827 6810 6809
f 6828 6825 6826
f 6827 6795 6810
f 6828 6826 6811
f 6829 6830 6846
f 6829 6846 6845
f 6830 6831 6847
f 6830 6847 6846
f 6831 6832 6848
f 6831 6848 6847
f 6832 6833 6849
f 6832 6849 6848
f 6833 6834 6850
f 6833 6850 6849
f 6834 6835 6851
f 6834 6851 6850
f 6835 6836 6852
f 6835 6852 6851
f 6836 6837 6853
f 6836 6853 6852
f 6837 6838 6854
f 6837 6854 6853
f 6838 6839 6855
f 6838 6855 6854
f 6839 6840 6856
f 6839 6856 6855
f 6840 6841 6857
f 6840 6857 6856
f 6841 6842 6858
f 6841 6858 6857
f 6842 6843 6859
f 6842 6859 6858
f 6843 6844 6860
f 6843 6860 6859
f 6844 6829 6845
f 6844 6845 6860
f 6861 6830 6829
f 6862 6845 6846
f 6861 6831 6830
f 6862 6846 6847
f 6861 6832 6831
f 6862 6847 6848
f 6861 6833 6832
f 6862 6848 6849
f 6861 6834 6833
f 6862 6849 6850
f 6861 6835 6834
f 6862 6850 6851
f 6861 6836 6835
f 6862 6851 6852
f 6861 6837 6836
f 6862 6852 6853
f 6861 6838 6837
f 6862 6853 6854
f 6861 6839 6838
f 6862 6854 6855
f 6861 6840 6839
f 6862 6855 6856
f 6861 6841 6840
f 6862 6856 6857
f 6861 6842 6841
f 6862 6857 6858
f 6861 6843 6842
f 6862 6858 6859
f 6861 6844 6843
f 6862 6859 6860
f 6861 6829 6844
f 6862 6860 6845
f 6863 6864 6876
f 6863 6876 6875
f 6864 6865 6877
f 6864 6877 6876
f 6865 6866 6878
f 6865 6878 6877
f 6866 6867 6879
f 6866 6879 6878
f 6867 6868 6880
f 6867 6880 6879
f 6868 6869 6881
f 6868 6881 6880
f 6869 6870 6882
f 6869 6882 6881
f 6870 6871 6883
f 6870 6883 6882
f 6871 6872 6884
f 6871 6884 6883
f 6872 6873 6885
f 6872 6885 6884
f 6873 6874 6886
f 6873 6886 6885
f 6874 6863 6875
f 6874 6875 6886
f 6887 6864 6863
f 6888 6875 6876
f 6887 6865 6864
f 6888 6876 6877
f 6887 6866 6865
f 6888 6877 6878
f 6887 6867 6866
f 6888 6878 6879
f 6887 6868 6867
f 6888 6879 6880
f 6887 6869 6868
f 6888 6880 6881
f 6887 6870 6869
f 6888 6881 6882
f 6887 6871 6870
f 6888 6882 6883
f 6887 6872 6871
f 6888 6883 6884
f 6887 6873 6872
f 6888 6884 6885
f 6887 6874 6873
f 6888 6885 6886
f 6887 6863 6874
f 6888 6886 6875
f 6889 6890 6902
f 6889 6902 6901
f 6890 6891 6903
f 6890 6903 6902
f 6891 6892 6904
f 6891 6904 6903
f 6892 6893 6905
f 6892 6905 6904
f 6893 6894 6906
f 6893 6906 6905
f 6894 6895 6907
f 6894 6907 6906
f 6895 6896 6908
f 6895 6908 6907
f 6896 6897 6909
f 6896 6909 6908
f 6897 6898 6910
f 6897 6910 6909
f 6898 6899 6911
f 6898 6911 6910
f 6899 6900 6912
f 6899 6912 6911
f 6900 6889 6901
f 6900 6901 6912
f 6913 6890 6889
f 6914 6901 6902
f 6913 6891 6890
f 6914 6902 6903
f 6913 6892 6891
f 6914 6903 6904
f 6913 6893 6892
f 6914 6904 6905
f 6913 6894 6893
f 6914 6905 6906
f 6913 6895 6894
f 6914 6906 6907
f 6913 6896 6895
f 6914 6907 6908
f 6913 6897 6896
f 6914 6908 6909
f 6913 6898 6897
f 6914 6909 6910
f 6913 6899 6898
f 6914 6910 6911
f 6913 6900 6899
f 6914 6911 6912
f 6913 6889 6900
f 6914 6912 6901
f 6915 6916 6924
f 6915 6924 6923
f 6916 6917 6925
f 6916 6925 6924
f 6917 6918 6926
f 6917 6926 6925
f 6918 6919 6927
f 6918 6927 6926
f 6919 6920 6928
f 6919 6928 6927
f 6920 6921 6929
f 6920 6929 6928
f 6921 6922 6930
f 6921 6930 6929
f 6922 6915 6923
f 6922 6923 6930
f 6931 6916 6915
f 6932 6923 6924
f 6931 6917 6916
f 6932 6924 6925
f 6931 6918 6917
f 6932 6925 6926
f 6931 6919 6918
f 6932 6926 6927
f 6931 6920 6919
f 6932 6927 6928
f 6931 6921 6920
f 6932 6928 6929
f 6931 6922 6921
f 6932 6929 6930
f 6931 6915 6922
f 6932 6930 6923
f 6933 6934 6950
f 6933 6950 6949
f 6934 6935 6951
f 6934 6951 6950
f 6935 6936 6952
f 6935 6952 6951
f 6936 6937 6953
f 6936 6953 6952
f 6937 6938 6954
f 6937 6954 6953
f 6938 6939 6955
f 6938 6955 6954
f 6939 6940 6956
f 6939 6956 6955
f 6940 6941 6957
f 6940 6957 6956
f 6941 6942 6958
f 6941 6958 6957
f 6942 6943 6959
f 6942 6959 6958
f 6943 6944 6960
f 6943 6960 6959
f 6944 6945 6961
f 6944 6961 6960
f 6945 6946 6962
f 6945 6962 6961
f 6946 6947 6963
f 6946 6963 6962
f 6947 6948 6964
f 6947 6964 6963
f 6948 6933 6949
f 6948 6949 6964
f 6965 6934 6933
f 6966 6949 6950
f 6965 6935 6934
f 6966 6950 6951
f 6965 6936 6935
f 6966 6951 6952
f 6965 6937 6936
f 6966 6952 6953
f 6965 6938 6937
f 6966 6953 6954
f 6965 6939 6938
f 6966 6954 6955
f 6965 6940 6939
f 6966 6955 6956
f 6965 6941 6940
f 6966 6956 6957
f 6965 6942 6941
f 6966 6957 6958
f 6965 6943 6942
f 6966 6958 6959
f 6965 6944 6943
f 6966 6959 6960
f 6965 6945 6944
f 6966 6960 6961
f 6965 6946 6945
f 6966 6961 6962
f 6965 6947 6946
f 6966 6962 6963
f 6965 6948 6947
f 6966 6963 6964
f 6965 6933 6948
f 6966 6964 6949
f 6967 6968 6984
f 6967 6984 6983
f 6968 6969 6985
f 6968 6985 6984
f 6969 6970 6986
f 6969 6986 6985
f 6970 6971 6987
f 6970 6987 6986
f 6971 6972 6988
f 6971 6988 6987
f 6972 6973 6989
f 6972 6989 6988
f 6973 6974 6990
f 6973 6990 6989
f 6974 6975 6991
f 6974 6991 6990
f 6975 6976 6992
f 6975 6992 6991
f 6976 6977 6993
f 6976 6993 6992
f 6977 6978 6994
f 6977 6994 6993
f 6978 6979 6995
f 6978 6995 6994
f 6979 6980 6996
f 6979 6996 6995
f 6980 6981 6997
f 6980 6997 6996
f 6981 6982 6998
f 6981 6998 6997
f 6982 6967 6983
f 6982 6983 6998
f 6999 6968 6967
f 7000 6983 6984
f 6999 6969 6968
f 7000 6984 6985
f 6999 6970 6969
f 7000 6985 6986
f 6999 6971 6970
f 7000 6986 6987
f 6999 6972 6971
f 7000 6987 6988
f 6999 6973 6972
f 7000 6988 6989
f 6999 6974 6973
f 7000 6989 6990
f 6999 6975 6974
f 7000 6990 6991
f 6999 6976 6975
f 7000 6991 6992
f 6999 6977 6976
f 7000 6992 6993
f 6999 6978 6977
f 7000 6993 6994
f 6999 6979 6978
f 7000 6994 6995
f 6999 6980 6979
f 7000 6995 6996
f 6999 6981 6980
f 7000 6996 6997
f 6999 6982 6981
f 7000 6997 6998
f 6999 6967 6982
f 7000 6998 6983
f 7001 7002 7014
f 7001 7014 7013
f 7002 7003 7015
f 7002 7015 7014
f 7003 7004 7016
f 7003 7016 7015
f 7004 7005 7017
f 7004 7017 7016
f 7005 7006 7018
f 7005 7018 7017
f 7006 7007 7019
f 7006 7019 7018
f 7007 7008 7020
f 7007 7020 7019
f 7008 7009 7021
f 7008 7021 7020
f 7009 7010 7022
f 7009 7022 7021
f 7010 7011 7023
f 7010 7023 7022
f 7011 7012 7024
f 7011 7024 7023
f 7012 7001 7013
f 7012 7013 7024
f 7025 7002 7001
f 7026 7013 7014
f 7025 7003 7002
f 7026 7014 7015
f 7025 7004 7003
f 7026 7015 7016
f 7025 7005 7004
f 7026 7016 7017
f 7025 7006 7005
f 7026 7017 7018
f 7025 7007 7006
f 7026 7018 7019
f 7025 7008 7007
f 7026 7019 7020
f 7025 7009 7008
f 7026 7020 7021
f 7025 7010 7009
f 7026 7021 7022
f 7025 7011 7010
f 7026 7022 7023
f 7025 7012 7011
f 7026 7023 7024
f 7025 7001 7012
f 7026 7024 7013
f 7027 7028 7040
f 7027 7040 7039
f 7028 7029 7041
f 7028 7041 7040
f 7029 7030 7042
f 7029 7042 7041
f 7030 7031 7043
f 7030 7043 7042
f 7031 7032 7044
f 7031 7044 7043
f 7032 7033 7045
f 7032 7045 7044
f 7033 7034 7046
f 7033 7046 7045
f 7034 7035 7047
f 7034 7047 7046
f 7035 7036 7048
f 7035 7048 7047
f 7036 7037 7049
f 7036 7049 7048
f 7037 7038 7050
f 7037 7050 7049
f 7038 7027 7039
f 7038 7039 7050
f 7051 7028 7027
f 7052 7039 7040
f 7051 7029 7028
f 7052 7040 7041
f 7051 7030 7029
f 7052 7041 7042
f 7051 7031 7030
f 7052 7042 7043
f 7051 7032 7031
f 7052 7043 7044
f 7051 7033 7032
f 7052 7044 7045
f 7051 7034 7033
f 7052 7045 7046
f 7051 7035 7034
f 7052 7046 7047
f 7051 7036 7035
f 7052 7047 7048
f 7051 7037 7036
f 7052 7048 7049
f 7051 7038 7037
f 7052 7049 7050
f 7051 7027 7038
f 7052 7050 7039
f 7053 7054 7062
f 7053 7062 7061
f 7054 7055 7063
f 7054 7063 7062
f 7055 7056 7064
f 7055 7064 7063
f 7056 7057 7065
f 7056 7065 7064
f 7057 7058 7066
f 7057 7066 7065
f 7058 7059 7067
f 7058 7067 7066
f 7059 7060 7068
f 7059 7068 7067
f 7060 7053 7061
f 7060 7061 7068
f 7069 7054 7053
f 7070 7061 7062
f 7069 7055 7054
f 7070 7062 7063
f 7069 7056 7055
f 7070 7063 7064
f 7069 7057 7056
f 7070 7064 7065
f 7069 7058 7057
f 7070 7065 7066
f 7069 7059 7058
f 7070 7066 7067
f 7069 7060 7059
f 7070 7067 7068
f 7069 7053 7060
f 7070 7068 7061
f 7071 7072 7088
f 7071 7088 7087
f 7072 7073 7089
f 7072 7089 7088
f 7073 7074 7090
f 7073 7090 7089
f 7074 7075 7091
f 7074 7091 7090
f 7075 7076 7092
f 7075 7092 7091
f 7076 7077 7093
f 7076 7093 7092
f 7077 7078 7094
f 7077 7094 7093
f 7078 7079 7095
f 7078 7095 7094
f 7079 7080 7096
f 7079 7096 7095
f 7080 7081 7097
f 7080 7097 7096
f 7081 7082 7098
f 7081 7098 7097
f 7082 7083 7099
f 7082 7099 7098
f 7083 7084 7100
f 7083 7100 7099
f 7084 7085 7101
f 7084 7101 7100
f 7085 7086 7102
f 7085 7102 7101
f 7086 7071 7087
f 7086 7087 7102
f 7103 7072 7071
f 7104 7087 7088
f 7103 7073 7072
f 7104 7088 7089
f 7103 7074 7073
f 7104 7089 7090
f 7103 7075 7074
f 7104 7090 7091
f 7103 7076 7075
f 7104 7091 7092
f 7103 7077 7076
f 7104 7092 7093
f 7103 7078 7077
f 7104 7093 7094
f 7103 7079 7078
f 7104 7094 7095
f 7103 7080 7079
f 7104 7095 7096
f 7103 7081 7080
f 7104 7096 7097
f 7103 7082 7081
f 7104 7097 7098
f 7103 7083 7082
f 7104 7098 7099
f 7103 7084 7083
f 7104 7099 7100
f 7103 7085 7084
f 7104 7100 7101
f 7103 7086 7085
f 7104 7101 7102
f 7103 7071 7086
f 7104 7102 7087
f 7105 7106 7122
f 7105 7122 7121
f 7106 7107 7123
f 7106 7123 7122
f 7107 7108 7124
f 7107 7124 7123
f 7108 7109 7125
f 7108 7125 7124
f 7109 7110 7126
f 7109 7126 7125
f 7110 7111 7127
f 7110 7127 7126
f 7111 7112 7128
f 7111 7128 7127
f 7112 7113 7129
f 7112 7129 7128
f 7113 7114 7130
f 7113 7130 7129
f 7114 7115 7131
f 7114 7131 7130
f 7115 7116 7132
f 7115 7132 7131
f 7116 7117 7133
f 7116 7133 7132
f 7117 7118 7134
f 7117 7134 7133
f 7118 7119 7135
f 7118 7135 7134
f 7119 7120 7136
f 7119 7136 7135
f 7120 7105 7121
f 7120 7121 7136
f 7137 7106 7105
f 7138 7121 7122
f 7137 7107 7106
f 7138 7122 7123
f 7137 7108 7107
f 7138 7123 7124
f 7137 7109 7108
f 7138 7124 7125
f 7137 7110 7109
f 7138 7125 7126
f 7137 7111 7110
f 7138 7126 7127
f 7137 7112 7111
f 7138 7127 7128
f 7137 7113 7112
f 7138 7128 7129
f 7137 7114 7113
f 7138 7129 7130
f 7137 7115 7114
f 7138 7130 7131
f 7137 7116 7115
f 7138 7131 7132
f 7137 7117 7116
f 7138 7132 7133
f 7137 7118 7117
f 7138 7133 7134
f 7137 7119 7118
f 7138 7134 7135
f 7137 7120 7119
f 7138 7135 7136
f 7137 7105 7120
f 7138 7136 7121
f 7139 7140 7152
f 7139 7152 7151
f 7140 7141 7153
f 7140 7153 7152
f 7141 7142 7154
f 7141 7154 7153
f 7142 7143 7155
f 7142 7155 7154
f 7143 7144 7156
f 7143 7156 7155
f 7144 7145 7157
f 7144 7157 7156
f 7145 7146 7158
f 7145 7158 7157
f 7146 7147 7159
f 7146 7159 7158
f 7147 7148 7160
f 7147 7160 7159
f 7148 7149 7161
f 7148 7161 7160
f 7149 7150 7162
f 7149 7162 7161
f 7150 7139 7151
f 7150 7151 7162
f 7163 7140 7139
f 7164 7151 7152
f 7163 7141 7140
f 7164 7152 7153
f 7163 7142 7141
f 7164 7153 7154
f 7163 7143 7142
f 7164 7154 7155
f 7163 7144 7143
f 7164 7155 7156
f 7163 7145 7144
f 7164 7156 7157
f 7163 7146 7145
f 7164 7157 7158
f 7163 7147 7146
f 7164 7158 7159
f 7163 7148 7147
f 7164 7159 7160
f 7163 7149 7148
f 7164 7160 7161
f 7163 7150 7149
f 7164 7161 7162
f 7163 7139 7150
f 7164 7162 7151
f 7165 7166 7178
f 7165 7178 7177
f 7166 7167 7179
f 7166 7179 7178
f 7167 7168 7180
f 7167 7180 7179
f 7168 7169 7181
f 7168 7181 7180
f 7169 7170 7182
f 7169 7182 7181
f 7170 7171 7183
f 7170 7183 7182
f 7171 7172 7184
f 7171 7184 7183
f 7172 7173 7185
f 7172 7185 7184
f 7173 7174 7186
f 7173 7186 7185
f 7174 7175 7187
f 7174 7187 7186
f 7175 7176 7188
f 7175 7188 7187
f 7176 7165 7177
f 7176 7177 7188
f 7189 7166 7165
f 7190 7177 7178
f 7189 7167 7166
f 7190 7178 7179
f 7189 7168 7167
f 7190 7179 7180
f 7189 7169 7168
f 7190 7180 7181
f 7189 7170 7169
f 7190 7181 7182
f 7189 7171 7170
f 7190 7182 7183
f 7189 7172 7171
f 7190 7183 7184
f 7189 7173 7172
f 7190 7184 7185
f 7189 7174 7173
f 7190 7185 7186
f 7189 7175 7174
f 7190 7186 7187
f 7189 7176 7175
f 7190 7187 7188
f 7189 7165 7176
f 7190 7188 7177
f 7191 7192 7200
f 7191 7200 7199
f 7192 7193 7201
f 7192 7201 7200
f 7193 7194 7202
f 7193 7202 7201
f 7194 7195 7203
f 7194 7203 7202
f 7195 7196 7204
f 7195 7204 7203
f 7196 7197 7205
f 7196 7205 7204
f 7197 7198 7206
f 7197 7206 7205
f 7198 7191 7199
f 7198 7199 7206
f 7207 7192 7191
f 7208 7199 7200
f 7207 7193 7192
f 7208 7200 7201
f 7207 7194 7193
f 7208 7201 7202
f 7207 7195 7194
f 7208 7202 7203
f 7207 7196 7195
f 7208 7203 7204
f 7207 7197 7196
f 7208 7204 7205
f 7207 7198 7197
f 7208 7205 7206
f 7207 7191 7198
f 7208 7206 7199
f 7209 7210 7226
f 7209 7226 7225
f 7210 7211 7227
f 7210 7227 7226
f 7211 7212 7228
f 7211 7228 7227
f 7212 7213 7229
f 7212 7229 7228
f 7213 7214 7230
f 7213 7230 7229
f 7214 7215 7231
f 7214 7231 7230
f 7215 7216 7232
f 7215 7232 7231
f 7216 7217 7233
f 7216 7233 7232
f 7217 7218 7234
f 7217 7234 7233
f 7218 7219 7235
f 7218 7235 7234
f 7219 7220 7236
f 7219 7236 7235
f 7220 7221 7237
f 7220 7237 7236
f 7221 7222 7238
f 7221 7238 7237
f 7222 7223 7239
f 7222 7239 7238
f 7223 7224 7240
f 7223 7240 7239
f 7224 7209 7225
f 7224 7225 7240
f 7241 7210 7209
f 7242 7225 7226
f 7241 7211 7210
f 7242 7226 7227
f 7241 7212 7211
f 7242 7227 7228
f 7241 7213 7212
f 7242 7228 7229
f 7241 7214 7213
f 7242 7229 7230
f 7241 7215 7214
f 7242 7230 7231
f 7241 7216 7215
f 7242 7231 7232
f 7241 7217 7216
f 7242 7232 7233
f 7241 7218 7217
f 7242 7233 7234
f 7241 7219 7218
f 7242 7234 7235
f 7241 7220 7219
f 7242 7235 7236
f 7241 7221 7220
f 7242 7236 7237
f 7241 7222 7221
f 7242 7237 7238
f 7241 7223 7222
f 7242 7238 7239
f 7241 7224 7223
f 7242 7239 7240
f 7241 7209 7224
f 7242 7240 7225
f 7243 7244 7260
f 7243 7260 7259
f 7244 7245 7261
f 7244 7261 7260
f 7245 7246 7262
f 7245 7262 7261
f 7246 7247 7263
f 7246 7263 7262
f 7247 7248 7264
f 7247 7264 7263
f 7248 7249 7265
f 7248 7265 7264
f 7249 7250 7266
f 7249 7266 7265
f 7250 7251 7267
f 7250 7267 7266
f 7251 7252 7268
f 7251 7268 7267
f 7252 7253 7269
f 7252 7269 7268
f 7253 7254 7270
f 7253 7270 7269
f 7254 7255 7271
f 7254 7271 7270
f 7255 7256 7272
f 7255 7272 7271
f 7256 7257 7273
f 7256 7273 7272
f 7257 7258 7274
f 7257 7274 7273
f 7258 7243 7259
f 7258 7259 7274
f 7275 7244 7243
f 7276 7259 7260
f 7275 7245 7244
f 7276 7260 7261
f 7275 7246 7245
f 7276 7261 7262
f 7275 7247 7246
f 7276 7262 7263
f 7275 7248 7247
f 7276 7263 7264
f 7275 7249 7248
f 7276 7264 7265
f 7275 7250 7249
f 7276 7265 7266
f 7275 7251 7250
f 7276 7266 7267
f 7275 7252 7251
f 7276 7267 7268
f 7275 7253 7252
f 7276 7268 7269
f 7275 7254 7253
f 7276 7269 7270
f 7275 7255 7254
f 7276 7270 7271
f 7275 7256 7255
f 7276 7271 7272
f 7275 7257 7256
f 7276 7272 7273
f 7275 7258 7257
f 7276 7273 7274
f 7275 7243 7258
f 7276 7274 7259
f 7277 7278 7290
f 7277 7290 7289
f 7278 7279 7291
f 7278 7291 7290
f 7279 7280 7292
f 7279 7292 7291
f 7280 7281 7293
f 7280 7293 7292
f 7281 7282 7294
f 7281 7294 7293
f 7282 7283 7295
f 7282 7295 7294
f 7283 7284 7296
f 7283 7296 7295
f 7284 7285 7297
f 7284 7297 7296
f 7285 7286 7298
f 7285 7298 7297
f 7286 7287 7299
f 7286 7299 7298
f 7287 7288 7300
f 7287 7300 7299
f 7288 7277 7289
f 7288 7289 7300
f 7301 7278 7277
f 7302 7289 7290
f 7301 7279 7278
f 7302 7290 7291
f 7301 7280 7279
f 7302 7291 7292
f 7301 7281 7280
f 7302 7292 7293
f 7301 7282 7281
f 7302 7293 7294
f 7301 7283 7282
f 7302 7294 7295
f 7301 7284 7283
f 7302 7295 7296
f 7301 7285 7284
f 7302 7296 7297
f 7301 7286 7285
f 7302 7297 7298
f 7301 7287 7286
f 7302 7298 7299
f 7301 7288 7287
f 7302 7299 7300
f 7301 7277 7288
f 7302 7300 7289
f 7303 7304 7316
f 7303 7316 7315
f 7304 7305 7317
f 7304 7317 7316
f 7305 7306 7318
f 7305 7318 7317
f 7306 7307 7319
f 7306 7319 7318
f 7307 7308 7320
f 7307 7320 7319
f 7308 7309 7321
f 7308 7321 7320
f 7309 7310 7322
f 7309 7322 7321
f 7310 7311 7323
f 7310 7323 7322
f 7311 7312 7324
f 7311 7324 7323
f 7312 7313 7325
f 7312 7325 7324
f 7313 7314 7326
f 7313 7326 7325
f 7314 7303 7315
f 7314 7315 7326
f 7327 7304 7303
f 7328 7315 7316
f 7327 7305 7304
f 7328 7316 7317
f 7327 7306 7305
f 7328 7317 7318
f 7327 7307 7306
f 7328 7318 7319
f 7327 7308 7307
f 7328 7319 7320
f 7327 7309 7308
f 7328 7320 7321
f 7327 7310 7309
f 7328 7321 7322
f 7327 7311 7310
f 7328 7322 7323
f 7327 7312 7311
f 7328 7323 7324
f 7327 7313 7312
f 7328 7324 7325
f 7327 7314 7313
f 7328 7325 7326
f 7327 7303 7314
f 7328 7326 7315
f 7329 7330 7338
f 7329 7338 7337
f 7330 7331 7339
f 7330 7339 7338
f 7331 7332 7340
f 7331 7340 7339
f 7332 7333 7341
f 7332 7341 7340
f 7333 7334 7342
f 7333 7342 7341
f 7334 7335 7343
f 7334 7343 7342
f 7335 7336 7344
f 7335 7344 7343
f 7336 7329 7337
f 7336 7337 7344
f 7345 7330 7329
f 7346 7337 7338
f 7345 7331 7330
f 7346 7338 7339
f 7345 7332 7331
f 7346 7339 7340
f 7345 7333 7332
f 7346 7340 7341
f 7345 7334 7333
f 7346 7341 7342
f 7345 7335 7334
f 7346 7342 7343
f 7345 7336 7335
f 7346 7343 7344
f 7345 7329 7336
f 7346 7344 7337
f 7347 7348 7364
f 7347 7364 7363
f 7348 7349 7365
f 7348 7365 7364
f 7349 7350 7366
f 7349 7366 7365
f 7350 7351 7367
f 7350 7367 7366
f 7351 7352 7368
f 7351 7368 7367
f 7352 7353 7369
f 7352 7369 7368
f 7353 7354 7370
f 7353 7370 7369
f 7354 7355 7371
f 7354 7371 7370
f 7355 7356 7372
f 7355 7372 7371
f 7356 7357 7373
f 7356 7373 7372
f 7357 7358 7374
f 7357 7374 7373
f 7358 7359 7375
f 7358 7375 7374
f 7359 7360 7376
f 7359 7376 7375
f 7360 7361 7377
f 7360 7377 7376
f 7361 7362 7378
f 7361 7378 7377
f 7362 7347 7363
f 7362 7363 7378
f 7379 7348 7347
f 7380 7363 7364
f 7379 7349 7348
f 7380 7364 7365
f 7379 7350 7349
f 7380 7365 7366
f 7379 7351 7350
f 7380 7366 7367
f 7379 7352 7351
f 7380 7367 7368
f 7379 7353 7352
f 7380 7368 7369
f 7379 7354 7353
f 7380 7369 7370
f 7379 7355 7354
f 7380 7370 7371
f 7379 7356 7355
f 7380 7371 7372
f 7379 7357 7356
f 7380 7372 7373
f 7379 7358 7357
f 7380 7373 7374
f 7379 7359 7358
f 7380 7374 7375
f 7379 7360 7359
f 7380 7375 7376
f 7379 7361 7360
f 7380 7376 7377
f 7379 7362 7361
f 7380 7377 7378
f 7379 7347 7362
f 7380 7378 7363
f 7381 7382 7398
f 7381 7398 7397
f 7382 7383 7399
f 7382 7399 7398
f 7383 7384 7400
f 7383 7400 7399
f 7384 7385 7401
f 7384 7401 7400
f 7385 7386 7402
f 7385 7402 7401
f 7386 7387 7403
f 7386 7403 7402
f 7387 7388 7404
f 7387 7404 7403
f 7388 7389 7405
f 7388 7405 7404
f 7389 7390 7406
f 7389 7406 7405
f 7390 7391 7407
f 7390 7407 7406
f 7391 7392 7408
f 7391 7408 7407
f 7392 7393 7409
f 7392 7409 7408
f 7393 7394 7410
f 7393 7410 7409
f 7394 7395 7411
f 7394 7411 7410
f 7395 7396 7412
f 7395 7412 7411
f 7396 7381 7397
f 7396 7397 7412
f 7413 7382 7381
f 7414 7397 7398
f 7413 7383 7382
f 7414 7398 7399
f 7413 7384 7383
f 7414 7399 7400
f 7413 7385 7384
f 7414 7400 7401
f 7413 7386 7385
f 7414 7401 7402
f 7413 7387 7386
f 7414 7402 7403
f 7413 7388 7387
f 7414 7403 7404
f 7413 7389 7388
f 7414 7404 7405
f 7413 7390 7389
f 7414 7405 7406
f 7413 7391 7390
f 7414 7406 7407
f 7413 7392 7391
f 7414 7407 7408
f 7413 7393 7392
f 7414 7408 7409
f 7413 7394 7393
f 7414 7409 7410
f 7413 7395 7394
f 7414 7410 7411
f 7413 7396 7395
f 7414 7411 7412
f 7413 7381 7396
f 7414 7412 7397
f 7415 7416 7428
f 7415 7428 7427
f 7416 7417 7429
f 7416 7429 7428
f 7417 7418 7430
f 7417 7430 7429
f 7418 7419 7431
f 7418 7431 7430
f 7419 7420 7432
f 7419 7432 7431
f 7420 7421 7433
f 7420 7433 7432
f 7421 7422 7434
f 7421 7434 7433
f 7422 7423 7435
f 7422 7435 7434
f 7423 7424 7436
f 7423 7436 7435
f 7424 7425 7437
f 7424 7437 7436
f 7425 7426 7438
f 7425 7438 7437
f 7426 7415 7427
f 7426 7427 7438
f 7439 7416 7415
f 7440 7427 7428
f 7439 7417 7416
f 7440 7428 7429
f 7439 7418 7417
f 7440 7429 7430
f 7439 7419 7418
f 7440 7430 7431
f 7439 7420 7419
f 7440 7431 7432
f 7439 7421 7420
f 7440 7432 7433
f 7439 7422 7421
f 7440 7433 7434
f 7439 7423 7422
f 7440 7434 7435
f 7439 7424 7423
f 7440 7435 7436
f 7439 7425 7424
f 7440 7436 7437
f 7439 7426 7425
f 7440 7437 7438
f 7439 7415 7426
f 7440 7438 7427
f 7441 7442 7454
f 7441 7454 7453
f 7442 7443 7455
f 7442 7455 7454
f 7443 7444 7456
f 7443 7456 7455
f 7444 7445 7457
f 7444 7457 7456
f 7445 7446 7458
f 7445 7458 7457
f 7446 7447 7459
f 7446 7459 7458
f 7447 7448 7460
f 7447 7460 7459
f 7448 7449 7461
f 7448 7461 7460
f 7449 7450 7462
f 7449 7462 7461
f 7450 7451 7463
f 7450 7463 7462
f 7451 7452 7464
f 7451 7464 7463
f 7452 7441 7453
f 7452 7453 7464
f 7465 7442 7441
f 7466 7453 7454
f 7465 7443 7442
f 7466 7454 7455
f 7465 7444 7443
f 7466 7455 7456
f 7465 7445 7444
f 7466 7456 7457
f 7465 7446 7445
f 7466 7457 7458
f 7465 7447 7446
f 7466 7458 7459
f 7465 7448 7447
f 7466 7459 7460
f 7465 7449 7448
f 7466 7460 7461
f 7465 7450 7449
f 7466 7461 7462
f 7465 7451 7450
f 7466 7462 7463
f 7465 7452 7451
f 7466 7463 7464
f 7465 7441 7452
f 7466 7464 7453
f 7467 7468 7476
f 7467 7476 7475
f 7468 7469 7477
f 7468 7477 7476
f 7469 7470 7478
f 7469 7478 7477
f 7470 7471 7479
f 7470 7479 7478
f 7471 7472 7480
f 7471 7480 7479
f 7472 7473 7481
f 7472 7481 7480
f 7473 7474 7482
f 7473 7482 7481
f 7474 7467 7475
f 7474 7475 7482
f 7483 7468 7467
f 7484 7475 7476
f 7483 7469 7468
f 7484 7476 7477
f 7483 7470 7469
f 7484 7477 7478
f 7483 7471 7470
f 7484 7478 7479
f 7483 7472 7471
f 7484 7479 7480
f 7483 7473 7472
f 7484 7480 7481
f 7483 7474 7473
f 7484 7481 7482
f 7483 7467 7474
f 7484 7482 7475
f 7485 7486 7502
f 7485 7502 7501
f 7486 7487 7503
f 7486 7503 7502
f 7487 7488 7504
f 7487 7504 7503
f 7488 7489 7505
f 7488 7505 7504
f 7489 7490 7506
f 7489 7506 7505
f 7490 7491 7507
f 7490 7507 7506
f 7491 7492 7508
f 7491 7508 7507
f 7492 7493 7509
f 7492 7509 7508
f 7493 7494 7510
f 7493 7510 7509
f 7494 7495 7511
f 7494 7511 7510
f 7495 7496 7512
f 7495 7512 7511
f 7496 7497 7513
f 7496 7513 7512
f 7497 7498 7514
f 7497 7514 7513
f 7498 7499 7515
f 7498 7515 7514
f 7499 7500 7516
f 7499 7516 7515
f 7500 7485 7501
f 7500 7501 7516
f 7517 7486 7485
f 7518 7501 7502
f 7517 7487 7486
f 7518 7502 7503
f 7517 7488 7487
f 7518 7503 7504
f 7517 7489 7488
f 7518 7504 7505
f 7517 7490 7489
f 7518 7505 7506
f 7517 7491 7490
f 7518 7506 7507
f 7517 7492 7491
f 7518 7507 7508
f 7517 7493 7492
f 7518 7508 7509
f 7517 7494 7493
f 7518 7509 7510
f 7517 7495 7494
f 7518 7510 7511
f 7517 7496 7495
f 7518 7511 7512
f 7517 7497 7496
f 7518 7512 7513
f 7517 7498 7497
f 7518 7513 7514
f 7517 7499 7498
f 7518 7514 7515
f 7517 7500 7499
f 7518 7515 7516
f 7517 7485 7500
f 7518 7516 7501
f 7519 7520 7536
f 7519 7536 7535
f 7520 7521 7537
f 7520 7537 7536
f 7521 7522 7538
f 7521 7538 7537
f 7522 7523 7539
f 7522 7539 7538
f 7523 7524 7540
f 7523 7540 7539
f 7524 7525 7541
f 7524 7541 7540
f 7525 7526 7542
f 7525 7542 7541
f 7526 7527 7543
f 7526 7543 7542
f 7527 7528 7544
f 7527 7544 7543
f 7528 7529 7545
f 7528 7545 7544
f 7529 7530 7546
f 7529 7546 7545
f 7530 7531 7547
f 7530 7547 7546
f 7531 7532 7548
f 7531 7548 7547
f 7532 7533 7549
f 7532 7549 7548
f 7533 7534 7550
f 7533 7550 7549
f 7534 7519 7535
f 7534 7535 7550
f 7551 7520 7519
f 7552 7535 7536
f 7551 7521 7520
f 7552 7536 7537
f 7551 7522 7521
f 7552 7537 7538
f 7551 7523 7522
f 7552 7538 7539
f 7551 7524 7523
f 7552 7539 7540
f 7551 7525 7524
f 7552 7540 7541
f 7551 7526 7525
f 7552 7541 7542
f 7551 7527 7526
f 7552 7542 7543
f 7551 7528 7527
f 7552 7543 7544
f 7551 7529 7528
f 7552 7544 7545
f 7551 7530 7529
f 7552 7545 7546
f 7551 7531 7530
f 7552 7546 7547
f 7551 7532 7531
f 7552 7547 7548
f 7551 7533 7532
f 7552 7548 7549
f 7551 7534 7533
f 7552 7549 7550
f 7551 7519 7534
f 7552 7550 7535
f 7553 7554 7566
f 7553 7566 7565
f 7554 7555 7567
f 7554 7567 7566
f 7555 7556 7568
f 7555 7568 7567
f 7556 7557 7569
f 7556 7569 7568
f 7557 7558 7570
f 7557 7570 7569
f 7558 7559 7571
f 7558 7571 7570
f 7559 7560 7572
f 7559 7572 7571
f 7560 7561 7573
f 7560 7573 7572
f 7561 7562 7574
f 7561 7574 7573
f 7562 7563 7575
f 7562 7575 7574
f 7563 7564 7576
f 7563 7576 7575
f 7564 7553 7565
f 7564 7565 7576
f 7577 7554 7553
f 7578 7565 7566
f 7577 7555 7554
f 7578 7566 7567
f 7577 7556 7555
f 7578 7567 7568
f 7577 7557 7556
f 7578 7568 7569
f 7577 7558 7557
f 7578 7569 7570
f 7577 7559 7558
f 7578 7570 7571
f 7577 7560 7559
f 7578 7571 7572
f 7577 7561 7560
f 7578 7572 7573
f 7577 7562 7561
f 7578 7573 7574
f 7577 7563 7562
f 7578 7574 7575
f 7577 7564 7563
f 7578 7575 7576
f 7577 7553 7564
f 7578 7576 7565
f 7579 7580 7592
f 7579 7592 7591
f 7580 7581 7593
f 7580 7593 7592
f 7581 7582 7594
f 7581 7594 7593
f 7582 7583 7595
f 7582 7595 7594
f 7583 7584 7596
f 7583 7596 7595
f 7584 7585 7597
f 7584 7597 7596
f 7585 7586 7598
f 7585 7598 7597
f 7586 7587 7599
f 7586 7599 7598
f 7587 7588 7600
f 7587 7600 7599
f 7588 7589 7601
f 7588 7601 7600
f 7589 7590 7602
f 7589 7602 7601
f 7590 7579 7591
f 7590 7591 7602
f 7603 7580 7579
f 7604 7591 7592
f 7603 7581 7580
f 7604 7592 7593
f 7603 7582 7581
f 7604 7593 7594
f 7603 7583 7582
f 7604 7594 7595
f 7603 7584 7583
f 7604 7595 7596
f 7603 7585 7584
f 7604 7596 7597
f 7603 7586 7585
f 7604 7597 7598
f 7603 7587 7586
f 7604 7598 7599
f 7603 7588 7587
f 7604 7599 7600
f 7603 7589 7588
f 7604 7600 7601
f 7603 7590 7589
f 7604 7601 7602
f 7603 7579 7590
f 7604 7602 7591
f 7605 7606 7614
f 7605 7614 7613
f 7606 7607 7615
f 7606 7615 7614
f 7607 7608 7616
f 7607 7616 7615
f 7608 7609 7617
f 7608 7617 7616
f 7609 7610 7618
f 7609 7618 7617
f 7610 7611 7619
f 7610 7619 7618
f 7611 7612 7620
f 7611 7620 7619
f 7612 7605 7613
f 7612 7613 7620
f 7621 7606 7605
f 7622 7613 7614
f 7621 7607 7606
f 7622 7614 7615
f 7621 7608 7607
f 7622 7615 7616
f 7621 7609 7608
f 7622 7616 7617
f 7621 7610 7609
f 7622 7617 7618
f 7621 7611 7610
f 7622 7618 7619
f 7621 7612 7611
f 7622 7619 7620
f 7621 7605 7612
f 7622 7620 7613
f 7623 7624 7640
f 7623 7640 7639
f 7624 7625 7641
f 7624 7641 7640
f 7625 7626 7642
f 7625 7642 7641
f 7626 7627 7643
f 7626 7643 7642
f 7627 7628 7644
f 7627 7644 7643
f 7628 7629 7645
f 7628 7645 7644
f 7629 7630 7646
f 7629 7646 7645
f 7630 7631 7647
f 7630 7647 7646
f 7631 7632 7648
f 7631 7648 7647
f 7632 7633 7649
f 7632 7649 7648
f 7633 7634 7650
f 7633 7650 7649
f 7634 7635 7651
f 7634 7651 7650
f 7635 7636 7652
f 7635 7652 7651
f 7636 7637 7653
f 7636 7653 7652
f 7637 7638 7654
f 7637 7654 7653
f 7638 7623 7639
f 7638 7639 7654
f 7655 7624 7623
f 7656 7639 7640
f 7655 7625 7624
f 7656 7640 7641
f 7655 7626 7625
f 7656 7641 7642
f 7655 7627 7626
f 7656 7642 7643
f 7655 7628 7627
f 7656 7643 7644
f 7655 7629 7628
f 7656 7644 7645
f 7655 7630 7629
f 7656 7645 7646
f 7655 7631 7630
f 7656 7646 7647
f 7655 7632 7631
f 7656 7647 7648
f 7655 7633 7632
f 7656 7648 7649
f 7655 7634 7633
f 7656 7649 7650
f 7655 7635 7634
f 7656 7650 7651
f 7655 7636 7635
f 7656 7651 7652
f 7655 7637 7636
f 7656 7652 7653
f 7655 7638 7637
f 7656 7653 7654
f 7655 7623 7638
f 7656 7654 7639
f 7657 7658 7674
f 7657 7674 7673
f 7658 7659 7675
f 7658 7675 7674
f 7659 7660 7676
f 7659 7676 7675
f 7660 7661 7677
f 7660 7677 7676
f 7661 7662 7678
f 7661 7678 7677
f 7662 7663 7679
f 7662 7679 7678
f 7663 7664 7680
f 7663 7680 7679
f 7664 7665 7681
f 7664 7681 7680
f 7665 7666 7682
f 7665 7682 7681
f 7666 7667 7683
f 7666 7683 7682
f 7667 7668 7684
f 7667 7684 7683
f 7668 7669 7685
f 7668 7685 7684
f 7669 7670 7686
f 7669 7686 7685
f 7670 7671 7687
f 7670 7687 7686
f 7671 7672 7688
f 7671 7688 7687
f 7672 7657 7673
f 7672 7673 7688
f 7689 7658 7657
f 7690 7673 7674
f 7689 7659 7658
f 7690 7674 7675
f 7689 7660 7659
f 7690 7675 7676
f 7689 7661 7660
f 7690 7676 7677
f 7689 7662 7661
f 7690 7677 7678
f 7689 7663 7662
f 7690 7678 7679
f 7689 7664 7663
f 7690 7679 7680
f 7689 7665 7664
f 7690 7680 7681
f 7689 7666 7665
f 7690 7681 7682
f 7689 7667 7666
f 7690 7682 7683
f 7689 7668 7667
f 7690 7683 7684
f 7689 7669 7668
f 7690 7684 7685
f 7689 7670 7669
f 7690 7685 7686
f 7689 7671 7670
f 7690 7686 7687
f 7689 7672 7671
f 7690 7687 7688
f 7689 7657 7672
f 7690 7688 7673
f 7691 7692 7704
f 7691 7704 7703
f 7692 7693 7705
f 7692 7705 7704
f 7693 7694 7706
f 7693 7706 7705
f 7694 7695 7707
f 7694 7707 7706
f 7695 7696 7708
f 7695 7708 7707
f 7696 7697 7709
f 7696 7709 7708
f 7697 7698 7710
f 7697 7710 7709
f 7698 7699 7711
f 7698 7711 7710
f 7699 7700 7712
f 7699 7712 7711
f 7700 7701 7713
f 7700 7713 7712
f 7701 7702 7714
f 7701 7714 7713
f 7702 7691 7703
f 7702 7703 7714
f 7715 7692 7691
f 7716 7703 7704
f 7715 7693 7692
f 7716 7704 7705
f 7715 7694 7693
f 7716 7705 7706
f 7715 7695 7694
f 7716 7706 7707
f 7715 7696 7695
f 7716 7707 7708
f 7715 7697 7696
f 7716 7708 7709
f 7715 7698 7697
f 7716 7709 7710
f 7715 7699 7698
f 7716 7710 7711
f 7715 7700 7699
f 7716 7711 7712
f 7715 7701 7700
f 7716 7712 7713
f 7715 7702 7701
f 7716 7713 7714
f 7715 7691 7702
f 7716 7714 7703
f 7717 7718 7730
f 7717 7730 7729
f 7718 7719 7731
f 7718 7731 7730
f 7719 7720 7732
f 7719 7732 7731
f 7720 7721 7733
f 7720 7733 7732
f 7721 7722 7734
f 7721 7734 7733
f 7722 7723 7735
f 7722 7735 7734
f 7723 7724 7736
f 7723 7736 7735
f 7724 7725 7737
f 7724 7737 7736
f 7725 7726 7738
f 7725 7738 7737
f 7726 7727 7739
f 7726 7739 7738
f 7727 7728 7740
f 7727 7740 7739
f 7728 7717 7729
f 7728 7729 7740
f 7741 7718 7717
f 7742 7729 7730
f 7741 7719 7718
f 7742 7730 7731
f 7741 7720 7719
f 7742 7731 7732
f 7741 7721 7720
f 7742 7732 7733
f 7741 7722 7721
f 7742 7733 7734
f 7741 7723 7722
f 7742 7734 7735
f 7741 7724 7723
f 7742 7735 7736
f 7741 7725 7724
f 7742 7736 7737
f 7741 7726 7725
f 7742 7737 7738
f 7741 7727 7726
f 7742 7738 7739
f 7741 7728 7727
f 7742 7739 7740
f 7741 7717 7728
f 7742 7740 7729
f 7743 7744 7752
f 7743 7752 7751
f 7744 7745 7753
f 7744 7753 7752
f 7745 7746 7754
f 7745 7754 7753
f 7746 7747 7755
f 7746 7755 7754
f 7747 7748 7756
f 7747 7756 7755
f 7748 7749 7757
f 7748 7757 7756
f 7749 7750 7758
f 7749 7758 7757
f 7750 7743 7751
f 7750 7751 7758
f 7759 7744 7743
f 7760 7751 7752
f 7759 7745 7744
f 7760 7752 7753
f 7759 7746 7745
f 7760 7753 7754
f 7759 7747 7746
f 7760 7754 7755
f 7759 7748 7747
f 7760 7755 7756
f 7759 7749 7748
f 7760 7756 7757
f 7759 7750 7749
f 7760 7757 7758
f 7759 7743 7750
f 7760 7758 7751
f 7761 7762 7778
f 7761 7778 7777
f 7762 7763 7779
f 7762 7779 7778
f 7763 7764 7780
f 7763 7780 7779
f 7764 7765 7781
f 7764 7781 7780
f 7765 7766 7782
f 7765 7782 7781
f 7766 7767 7783
f 7766 7783 7782
f 7767 7768 7784
f 7767 7784 7783
f 7768 7769 7785
f 7768 7785 7784
f 7769 7770 7786
f 7769 7786 7785
f 7770 7771 7787
f 7770 7787 7786
f 7771 7772 7788
f 7771 7788 7787
f 7772 7773 7789
f 7772 7789 7788
f 7773 7774 7790
f 7773 7790 7789
f 7774 7775 7791
f 7774 7791 7790
f 7775 7776 7792
f 7775 7792 7791
f 7776 7761 7777
f 7776 7777 7792
f 7793 7762 7761
f 7794 7777 7778
f 7793 7763 7762
f 7794 7778 7779
f 7793 7764 7763
f 7794 7779 7780
f 7793 7765 7764
f 7794 7780 7781
f 7793 7766 7765
f 7794 7781 7782
f 7793 7767 7766
f 7794 7782 7783
f 7793 7768 7767
f 7794 7783 7784
f 7793 7769 7768
f 7794 7784 7785
f 7793 7770 7769
f 7794 7785 7786
f 7793 7771 7770
f 7794 7786 7787
f 7793 7772 7771
f 7794 7787 7788
f 7793 7773 7772
f 7794 7788 7789
f 7793 7774 7773
f 7794 7789 7790
f 7793 7775 7774
f 7794 7790 7791
f 7793 7776 7775
f 7794 7791 7792
f 7793 7761 7776
f 7794 7792 7777
f 7795 7796 7812
f 7795 7812 7811
f 7796 7797 7813
f 7796 7813 7812
f 7797 7798 7814
f 7797 7814 7813
f 7798 7799 7815
f 7798 7815 7814
f 7799 7800 7816
f 7799 7816 7815
f 7800 7801 7817
f 7800 7817 7816
f 7801 7802 7818
f 7801 7818 7817
f 7802 7803 7819
f 7802 7819 7818
f 7803 7804 7820
f 7803 7820 7819
f 7804 7805 7821
f 7804 7821 7820
f 7805 7806 7822
f 7805 7822 7821
f 7806 7807 7823
f 7806 7823 7822
f 7807 7808 7824
f 7807 7824 7823
f 7808 7809 7825
f 7808 7825 7824
f 7809 7810 7826
f 7809 7826 7825
f 7810 7795 7811
f 7810 7811 7826
f 7827 7796 7795
f 7828 7811 7812
f 7827 7797 7796
f 7828 7812 7813
f 7827 7798 7797
f 7828 7813 7814
f 7827 7799 7798
f 7828 7814 7815
f 7827 7800 7799
f 7828 7815 7816
f 7827 7801 7800
f 7828 7816 7817
f 7827 7802 7801
f 7828 7817 7818
f 7827 7803 7802
f 7828 7818 7819
f 7827 7804 7803
f 7828 7819 7820
f 7827 7805 7804
f 7828 7820 7821
f 7827 7806 7805
f 7828 7821 7822
f 7827 7807 7806
f 7828 7822 7823
f 7827 7808 7807
f 7828 7823 7824
f 7827 7809 7808
f 7828 7824 7825
f 7827 7810 7809
f 7828 7825 7826
f 7827 7795 7810
f 7828 7826 7811
f 7829 7830 7842
f 7829 7842 7841
f 7830 7831 7843
f 7830 7843 7842
f 7831 7832 7844
f 7831 7844 7843
f 7832 7833 7845
f 7832 7845 7844
f 7833 7834 7846
f 7833 7846 7845
f 7834 7835 7847
f 7834 7847 7846
f 7835 7836 7848
f 7835 7848 7847
f 7836 7837 7849
f 7836 7849 7848
f 7837 7838 7850
f 7837 7850 7849
f 7838 7839 7851
f 7838 7851 7850
f 7839 7840 7852
f 7839 7852 7851
f 7840 7829 7841
f 7840 7841 7852
f 7853 7830 7829
f 7854 7841 7842
f 7853 7831 7830
f 7854 7842 7843
f 7853 7832 7831
f 7854 7843 7844
f 7853 7833 7832
f 7854 7844 7845
f 7853 7834 7833
f 7854 7845 7846
f 7853 7835 7834
f 7854 7846 7847
f 7853 7836 7835
f 7854 7847 7848
f 7853 7837 7836
f 7854 7848 7849
f 7853 7838 7837
f 7854 7849 7850
f 7853 7839 7838
f 7854 7850 7851
f 7853 7840 7839
f 7854 7851 7852
f 7853 7829 7840
f 7854 7852 7841
f 7855 7856 7868
f 7855 7868 7867
f 7856 7857 7869
f 7856 7869 7868
f 7857 7858 7870
f 7857 7870 7869
f 7858 7859 7871
f 7858 7871 7870
f 7859 7860 7872
f 7859 7872 7871
f 7860 7861 7873
f 7860 7873 7872
f 7861 7862 7874
f 7861 7874 7873
f 7862 7863 7875
f 7862 7875 7874
f 7863 7864 7876
f 7863 7876 7875
f 7864 7865 7877
f 7864 7877 7876
f 7865 7866 7878
f 7865 7878 7877
f 7866 7855 7867
f 7866 7867 7878
f 7879 7856 7855
f 7880 7867 7868
f 7879 7857 7856
f 7880 7868 7869
f 7879 7858 7857
f 7880 7869 7870
f 7879 7859 7858
f 7880 7870 7871
f 7879 7860 7859
f 7880 7871 7872
f 7879 7861 7860
f 7880 7872 7873
f 7879 7862 7861
f 7880 7873 7874
f 7879 7863 7862
f 7880 7874 7875
f 7879 7864 7863
f 7880 7875 7876
f 7879 7865 7864
f 7880 7876 7877
f 7879 7866 7865
f 7880 7877 7878
f 7879 7855 7866
f 7880 7878 7867
f 7881 7882 7890
f 7881 7890 7889
f 7882 7883 7891
f 7882 7891 7890
f 7883 7884 7892
f 7883 7892 7891
f 7884 7885 7893
f 7884 7893 7892
f 7885 7886 7894
f 7885 7894 7893
f 7886 7887 7895
f 7886 7895 7894
f 7887 7888 7896
f 7887 7896 7895
f 7888 7881 7889
f 7888 7889 7896
f 7897 7882 7881
f 7898 7889 7890
f 7897 7883 7882
f 7898 7890 7891
f 7897 7884 7883
f 7898 7891 7892
f 7897 7885 7884
f 7898 7892 7893
f 7897 7886 7885
f 7898 7893 7894
f 7897 7887 7886
f 7898 7894 7895
f 7897 7888 7887
f 7898 7895 7896
f 7897 7881 7888
f 7898 7896 7889
f 7899 7900 7916
f 7899 7916 7915
f 7900 7901 7917
f 7900 7917 7916
f 7901 7902 7918
f 7901 7918 7917
f 7902 7903 7919
f 7902 7919 7918
f 7903 7904 7920
f 7903 7920 7919
f 7904 7905 7921
f 7904 7921 7920
f 7905 7906 7922
f 7905 7922 7921
f 7906 7907 7923
f 7906 7923 7922
f 7907 7908 7924
f 7907 7924 7923
f 7908 7909 7925
f 7908 7925 7924
f 7909 7910 7926
f 7909 7926 7925
f 7910 7911 7927
f 7910 7927 7926
f 7911 7912 7928
f 7911 7928 7927
f 7912 7913 7929
f 7912 7929 7928
f 7913 7914 7930
f 7913 7930 7929
f 7914 7899 7915
f 7914 7915 7930
f 7931 7900 7899
f 7932 7915 7916
f 7931 7901 7900
f 7932 7916 7917
f 7931 7902 7901
f 7932 7917 7918
f 7931 7903 7902
f 7932 7918 7919
f 7931 7904 7903
f 7932 7919 7920
f 7931 7905 7904
f 7932 7920 7921
f 7931 7906 7905
f 7932 7921 7922
f 7931 7907 7906
f 7932 7922 7923
f 7931 7908 7907
f 7932 7923 7924
f 7931 7909 7908
f 7932 7924 7925
f 7931 7910 7909
f 7932 7925 7926
f 7931 7911 7910
f 7932 7926 7927
f 7931 7912 7911
f 7932 7927 7928
f 7931 7913 7912
f 7932 7928 7929
f 7931 7914 7913
f 7932 7929 7930
f 7931 7899 7914
f 7932 7930 7915
f 7933 7934 7950
f 7933 7950 7949
f 7934 7935 7951
f 7934 7951 7950
f 7935 7936 7952
f 7935 7952 7951
f 7936 7937 7953
f 7936 7953 7952
f 7937 7938 7954
f 7937 7954 7953
f 7938 7939 7955
f 7938 7955 7954
f 7939 7940 7956
f 7939 7956 7955
f 7940 7941 7957
f 7940 7957 7956
f 7941 7942 7958
f 7941 7958 7957
f 7942 7943 7959
f 7942 7959 7958
f 7943 7944 7960
f 7943 7960 7959
f 7944 7945 7961
f 7944 7961 7960
f 7945 7946 7962
f 7945 7962 7961
f 7946 7947 7963
f 7946 7963 7962
f 7947 7948 7964
f 7947 7964 7963
f 7948 7933 7949
f 7948 7949 7964
f 7965 7934 7933
f 7966 7949 7950
f 7965 7935 7934
f 7966 7950 7951
f 7965 7936 7935
f 7966 7951 7952
f 7965 7937 7936
f 7966 7952 7953
f 7965 7938 7937
f 7966 7953 7954
f 7965 7939 7938
f 7966 7954 7955
f 7965 7940 7939
f 7966 7955 7956
f 7965 7941 7940
f 7966 7956 7957
f 7965 7942 7941
f 7966 7957 7958
f 7965 7943 7942
f 7966 7958 7959
f 7965 7944 7943
f 7966 7959 7960
f 7965 7945 7944
f 7966 7960 7961
f 7965 7946 7945
f 7966 7961 7962
f 7965 7947 7946
f 7966 7962 7963
f 7965 7948 7947
f 7966 7963 7964
f 7965 7933 7948
f 7966 7964 7949
f 7967 7968 7980
f 7967 7980 7979
f 7968 7969 7981
f 7968 7981 7980
f 7969 7970 7982
f 7969 7982 7981
f 7970 7971 7983
f 7970 7983 7982
f 7971 7972 7984
f 7971 7984 7983
f 7972 7973 7985
f 7972 7985 7984
f 7973 7974 7986
f 7973 7986 7985
f 7974 7975 7987
f 7974 7987 7986
f 7975 7976 7988
f 7975 7988 7987
f 7976 7977 7989
f 7976 7989 7988
f 7977 7978 7990
f 7977 7990 7989
f 7978 7967 7979
f 7978 7979 7990
f 7991 7968 7967
f 7992 7979 7980
f 7991 7969 7968
f 7992 7980 7981
f 7991 7970 7969
f 7992 7981 7982
f 7991 7971 7970
f 7992 7982 7983
f 7991 7972 7971
f 7992 7983 7984
f 7991 7973 7972
f 7992 7984 7985
f 7991 7974 7973
f 7992 7985 7986
f 7991 7975 7974
f 7992 7986 7987
f 7991 7976 7975
f 7992 7987 7988
f 7991 7977 7976
f 7992 7988 7989
f 7991 7978 7977
f 7992 7989 7990
f 7991 7967 7978
f 7992 7990 7979
f 7993 7994 8006
f 7993 8006 8005
f 7994 7995 8007
f 7994 8007 8006
f 7995 7996 8008
f 7995 8008 8007
f 7996 7997 8009
f 7996 8009 8008
f 7997 7998 8010
f 7997 8010 8009
f 7998 7999 8011
f 7998 8011 8010
f 7999 8000 8012
f 7999 8012 8011
f 8000 8001 8013
f 8000 8013 8012
f 8001 8002 8014
f 8001 8014 8013
f 8002 8003 8015
f 8002 8015 8014
f 8003 8004 8016
f 8003 8016 8015
f 8004 7993 8005
f 8004 8005 8016
f 8017 7994 7993
f 8018 8005 8006
f 8017 7995 7994
f 8018 8006 8007
f 8017 7996 7995
f 8018 8007 8008
f 8017 7997 7996
f 8018 8008 8009
f 8017 7998 7997
f 8018 8009 8010
f 8017 7999 7998
f 8018 8010 8011
f 8017 8000 7999
f 8018 8011 8012
f 8017 8001 8000
f 8018 8012 8013
f 8017 8002 8001
f 8018 8013 8014
f 8017 8003 8002
f 8018 8014 8015
f 8017 8004 8003
f 8018 8015 8016
f 8017 7993 8004
f 8018 8016 8005
f 8019 8020 8028
f 8019 8028 8027
f 8020 8021 8029
f 8020 8029 8028
f 8021 8022 8030
f 8021 8030 8029
f 8022 8023 8031
f 8022 8031 8030
f 8023 8024 8032
f 8023 8032 8031
f 8024 8025 8033
f 8024 8033 8032
f 8025 8026 8034
f 8025 8034 8033
f 8026 8019 8027
f 8026 8027 8034
f 8035 8020 8019
f 8036 8027 8028
f 8035 8021 8020
f 8036 8028 8029
f 8035 8022 8021
f 8036 8029 8030
f 8035 8023 8022
f 8036 8030 8031
f 8035 8024 8023
f 8036 8031 8032
f 8035 8025 8024
f 8036 8032 8033
f 8035 8026 8025
f 8036 8033 8034
f 8035 8019 8026
f 8036 8034 8027
f 8037 8038 8054
f 8037 8054 8053
f 8038 8039 8055
f 8038 8055 8054
f 8039 8040 8056
f 8039 8056 8055
f 8040 8041 8057
f 8040 8057 8056
f 8041 8042 8058
f 8041 8058 8057
f 8042 8043 8059
f 8042 8059 8058
f 8043 8044 8060
f 8043 8060 8059
f 8044 8045 8061
f 8044 8061 8060
f 8045 8046 8062
f 8045 8062 8061
f 8046 8047 8063
f 8046 8063 8062
f 8047 8048 8064
f 8047 8064 8063
f 8048 8049 8065
f 8048 8065 8064
f 8049 8050 8066
f 8049 8066 8065
f 8050 8051 8067
f 8050 8067 8066
f 8051 8052 8068
f 8051 8068 8067
f 8052 8037 8053
f 8052 8053 8068
f 8069 8038 8037
f 8070 8053 8054
f 8069 8039 8038
f 8070 8054 8055
f 8069 8040 8039
f 8070 8055 8056
f 8069 8041 8040
f 8070 8056 8057
f 8069 8042 8041
f 8070 8057 8058
f 8069 8043 8042
f 8070 8058 8059
f 8069 8044 8043
f 8070 8059 8060
f 8069 8045 8044
f 8070 8060 8061
f 8069 8046 8045
f 8070 8061 8062
f 8069 8047 8046
f 8070 8062 8063
f 8069 8048 8047
f 8070 8063 8064
f 8069 8049 8048
f 8070 8064 8065
f 8069 8050 8049
f 8070 8065 8066
f 8069 8051 8050
f 8070 8066 8067
f 8069 8052 8051
f 8070 8067 8068
f 8069 8037 8052
f 8070 8068 8053
f 8071 8072 8088
f 8071 8088 8087
f 8072 8073 8089
f 8072 8089 8088
f 8073 8074 8090
f 8073 8090 8089
f 8074 8075 8091
f 8074 8091 8090
f 8075 8076 8092
f 8075 8092 8091
f 8076 8077 8093
f 8076 8093 8092
f 8077 8078 8094
f 8077 8094 8093
f 8078 8079 8095
f 8078 8095 8094
f 8079 8080 8096
f 8079 8096 8095
f 8080 8081 8097
f 8080 8097 8096
f 8081 8082 8098
f 8081 8098 8097
f 8082 8083 8099
f 8082 8099 8098
f 8083 8084 8100
f 8083 8100 8099
f 8084 8085 8101
f 8084 8101 8100
f 8085 8086 8102
f 8085 8102 8101
f 8086 8071 8087
f 8086 8087 8102
f 8103 8072 8071
f 8104 8087 8088
f 8103 8073 8072
f 8104 8088 8089
f 8103 8074 8073
f 8104 8089 8090
f 8103 8075 8074
f 8104 8090 8091
f 8103 8076 8075
f 8104 8091 8092
f 8103 8077 8076
f 8104 8092 8093
f 8103 8078 8077
f 8104 8093 8094
f 8103 8079 8078
f 8104 8094 8095
f 8103 8080 8079
f 8104 8095 8096
f 8103 8081 8080
f 8104 8096 8097
f 8103 8082 8081
f 8104 8097 8098
f 8103 8083 8082
f 8104 8098 8099
f 8103 8084 8083
f 8104 8099 8100
f 8103 8085 8084
f 8104 8100 8101
f 8103 8086 8085
f 8104 8101 8102
f 8103 8071 8086
f 8104 8102 8087
f 8105 8106 8118
f 8105 8118 8117
f 8106 8107 8119
f 8106 8119 8118
f 8107 8108 8120
f 8107 8120 8119
f 8108 8109 8121
f 8108 8121 8120
f 8109 8110 8122
f 8109 8122 8121
f 8110 8111 8123
f 8110 8123 8122
f 8111 8112 8124
f 8111 8124 8123
f 8112 8113 8125
f 8112 8125 8124
f 8113 8114 8126
f 8113 8126 8125
f 8114 8115 8127
f 8114 8127 8126
f 8115 8116 8128
f 8115 8128 8127
f 8116 8105 8117
f 8116 8117 8128
f 8129 8106 8105
f 8130 8117 8118
f 8129 8107 8106
f 8130 8118 8119
f 8129 8108 8107
f 8130 8119 8120
f 8129 8109 8108
f 8130 8120 8121
f 8129 8110 8109
f 8130 8121 8122
f 8129 8111 8110
f 8130 8122 8123
f 8129 8112 8111
f 8130 8123 8124
f 8129 8113 8112
f 8130 8124 8125
f 8129 8114 8113
f 8130 8125 8126
f 8129 8115 8114
f 8130 8126 8127
f 8129 8116 8115
f 8130 8127 8128
f 8129 8105 8116
f 8130 8128 8117
f 8131 8132 8144
f 8131 8144 8143
f 8132 8133 8145
f 8132 8145 8144
f 8133 8134 8146
f 8133 8146 8145
f 8134 8135 8147
f 8134 8147 8146
f 8135 8136 8148
f 8135 8148 8147
f 8136 8137 8149
f 8136 8149 8148
f 8137 8138 8150
f 8137 8150 8149
f 8138 8139 8151
f 8138 8151 8150
f 8139 8140 8152
f 8139 8152 8151
f 8140 8141 8153
f 8140 8153 8152
f 8141 8142 8154
f 8141 8154 8153
f 8142 8131 8143
f 8142 8143 8154
f 8155 8132 8131
f 8156 8143 8144
f 8155 8133 8132
f 8156 8144 8145
f 8155 8134 8133
f 8156 8145 8146
f 8155 8135 8134
f 8156 8146 8147
f 8155 8136 8135
f 8156 8147 8148
f 8155 8137 8136
f 8156 8148 8149
f 8155 8138 8137
f 8156 8149 8150
f 8155 8139 8138
f 8156 8150 8151
f 8155 8140 8139
f 8156 8151 8152
f 8155 8141 8140
f 8156 8152 8153
f 8155 8142 8141
f 8156 8153 8154
f 8155 8131 8142
f 8156 8154 8143
f 8157 8158 8166
f 8157 8166 8165
f 8158 8159 8167
f 8158 8167 8166
f 8159 8160 8168
f 8159 8168 8167
f 8160 8161 8169
f 8160 8169 8168
f 8161 8162 8170
f 8161 8170 8169
f 8162 8163 8171
f 8162 8171 8170
f 8163 8164 8172
f 8163 8172 8171
f 8164 8157 8165
f 8164 8165 8172
f 8173 8158 8157
f 8174 8165 8166
f 8173 8159 8158
f 8174 8166 8167
f 8173 8160 8159
f 8174 8167 8168
f 8173 8161 8160
f 8174 8168 8169
f 8173 8162 8161
f 8174 8169 8170
f 8173 8163 8162
f 8174 8170 8171
f 8173 8164 8163
f 8174 8171 8172
f 8173 8157 8164
f 8174 8172 8165
f 8175 8176 8192
f 8175 8192 8191
f 8176 8177 8193
f 8176 8193 8192
f 8177 8178 8194
f 8177 8194 8193
f 8178 8179 8195
f 8178 8195 8194
f 8179 8180 8196
f 8179 8196 8195
f 8180 8181 8197
f 8180 8197 8196
f 8181 8182 8198
f 8181 8198 8197
f 8182 8183 8199
f 8182 8199 8198
f 8183 8184 8200
f 8183 8200 8199
f 8184 8185 8201
f 8184 8201 8200
f 8185 8186 8202
f 8185 8202 8201
f 8186 8187 8203
f 8186 8203 8202
f 8187 8188 8204
f 8187 8204 8203
f 8188 8189 8205
f 8188 8205 8204
f 8189 8190 8206
f 8189 8206 8205
f 8190 8175 8191
f 8190 8191 8206
f 8207 8176 8175
f 8208 8191 8192
f 8207 8177 8176
f 8208 8192 8193
f 8207 8178 8177
f 8208 8193 8194
f 8207 8179 8178
f 8208 8194 8195
f 8207 8180 8179
f 8208 8195 8196
f 8207 8181 8180
f 8208 8196 8197
f 8207 8182 8181
f 8208 8197 8198
f 8207 8183 8182
f 8208 8198 8199
f 8207 8184 8183
f 8208 8199 8200
f 8207 8185 8184
f 8208 8200 8201
f 8207 8186 8185
f 8208 8201 8202
f 8207 8187 8186
f 8208 8202 8203
f 8207 8188 8187
f 8208 8203 8204
f 8207 8189 8188
f 8208 8204 8205
f 8207 8190 8189
f 8208 8205 8206
f 8207 8175 8190
f 8208 8206 8191
f 8209 8210 8226
f 8209 8226 8225
f 8210 8211 8227
f 8210 8227 8226
f 8211 8212 8228
f 8211 8228 8227
f 8212 8213 8229
f 8212 8229 8228
f 8213 8214 8230
f 8213 8230 8229
f 8214 8215 8231
f 8214 8231 8230
f 8215 8216 8232
f 8215 8232 8231
f 8216 8217 8233
f 8216 8233 8232
f 8217 8218 8234
f 8217 8234 8233
f 8218 8219 8235
f 8218 8235 8234
f 8219 8220 8236
f 8219 8236 8235
f 8220 8221 8237
f 8220 8237 8236
f 8221 8222 8238
f 8221 8238 8237
f 8222 8223 8239
f 8222 8239 8238
f 8223 8224 8240
f 8223 8240 8239
f 8224 8209 8225
f 8224 8225 8240
f 8241 8210 8209
f 8242 8225 8226
f 8241 8211 8210
f 8242 8226 8227
f 8241 8212 8211
f 8242 8227 8228
f 8241 8213 8212
f 8242 8228 8229
f 8241 8214 8213
f 8242 8229 8230
f 8241 8215 8214
f 8242 8230 8231
f 8241 8216 8215
f 8242 8231 8232
f 8241 8217 8216
f 8242 8232 8233
f 8241 8218 8217
f 8242 8233 8234
f 8241 8219 8218
f 8242 8234 8235
f 8241 8220 8219
f 8242 8235 8236
f 8241 8221 8220
f 8242 8236 8237
f 8241 8222 8221
f 8242 8237 8238
f 8241 8223 8222
f 8242 8238 8239
f 8241 8224 8223
f 8242 8239 8240
f 8241 8209 8224
f 8242 8240 8225
f 8243 8244 8256
f 8243 8256 8255
f 8244 8245 8257
f 8244 8257 8256
f 8245 8246 8258
f 8245 8258 8257
f 8246 8247 8259
f 8246 8259 8258
f 8247 8248 8260
f 8247 8260 8259
f 8248 8249 8261
f 8248 8261 8260
f 8249 8250 8262
f 8249 8262 8261
f 8250 8251 8263
f 8250 8263 8262
f 8251 8252 8264
f 8251 8264 8263
f 8252 8253 8265
f 8252 8265 8264
f 8253 8254 8266
f 8253 8266 8265
f 8254 8243 8255
f 8254 8255 8266
f 8267 8244 8243
f 8268 8255 8256
f 8267 8245 8244
f 8268 8256 8257
f 8267 8246 8245
f 8268 8257 8258
f 8267 8247 8246
f 8268 8258 8259
f 8267 8248 8247
f 8268 8259 8260
f 8267 8249 8248
f 8268 8260 8261
f 8267 8250 8249
f 8268 8261 8262
f 8267 8251 8250
f 8268 8262 8263
f 8267 8252 8251
f 8268 8263 8264
f 8267 8253 8252
f 8268 8264 8265
f 8267 8254 8253
f 8268 8265 8266
f 8267 8243 8254
f 8268 8266 8255
f 8269 8270 8282
f 8269 8282 8281
f 8270 8271 8283
f 8270 8283 8282
f 8271 8272 8284
f 8271 8284 8283
f 8272 8273 8285
f 8272 8285 8284
f 8273 8274 8286
f 8273 8286 8285
f 8274 8275 8287
f 8274 8287 8286
f 8275 8276 8288
f 8275 8288 8287
f 8276 8277 8289
f 8276 8289 8288
f 8277 8278 8290
f 8277 8290 8289
f 8278 8279 8291
f 8278 8291 8290
f 8279 8280 8292
f 8279 8292 8291
f 8280 8269 8281
f 8280 8281 8292
f 8293 8270 8269
f 8294 8281 8282
f 8293 8271 8270
f 8294 8282 8283
f 8293 8272 8271
f 8294 8283 8284
f 8293 8273 8272
f 8294 8284 8285
f 8293 8274 8273
f 8294 8285 8286
f 8293 8275 8274
f 8294 8286 8287
f 8293 8276 8275
f 8294 8287 8288
f 8293 8277 8276
f 8294 8288 8289
f 8293 8278 8277
f 8294 8289 8290
f 8293 8279 8278
f 8294 8290 8291
f 8293 8280 8279
f 8294 8291 8292
f 8293 8269 8280
f 8294 8292 8281
f 8295 8296 8304
f 8295 8304 8303
f 8296 8297 8305
f 8296 8305 8304
f 8297 8298 8306
f 8297 8306 8305
f 8298 8299 8307
f 8298 8307 8306
f 8299 8300 8308
f 8299 8308 8307
f 8300 8301 8309
f 8300 8309 8308
f 8301 8302 8310
f 8301 8310 8309
f 8302 8295 8303
f 8302 8303 8310
f 8311 8296 8295
f 8312 8303 8304
f 8311 8297 8296
f 8312 8304 8305
f 8311 8298 8297
f 8312 8305 8306
f 8311 8299 8298
f 8312 8306 8307
f 8311 8300 8299
f 8312 8307 8308
f 8311 8301 8300
f 8312 8308 8309
f 8311 8302 8301
f 8312 8309 8310
f 8311 8295 8302
f 8312 8310 8303
f 8313 8314 8330
f 8313 8330 8329
f 8314 8315 8331
f 8314 8331 8330
f 8315 8316 8332
f 8315 8332 8331
f 8316 8317 8333
f 8316 8333 8332
f 8317 8318 8334
f 8317 8334 8333
f 8318 8319 8335
f 8318 8335 8334
f 8319 8320 8336
f 8319 8336 8335
f 8320 8321 8337
f 8320 8337 8336
f 8321 8322 8338
f 8321 8338 8337
f 8322 8323 8339
f 8322 8339 8338
f 8323 8324 8340
f 8323 8340 8339
