ISO-10303-21;
HEADER;
FILE_DESCRIPTION(('TRUNC Metamaterial Joint CAD Model - UNIT_CELL_EQUATORIAL_D88'), '2;1');
FILE_NAME('unit_cell_equatorial_d88.step', '2026-10-09T05:00:00', ('TRUNC Lab'), ('Robotics'), 'Python STEP Exporter', 'HardSoftWebGPU', '');
FILE_SCHEMA(('AUTOMOTIVE_DESIGN { 1 0 10303 214 1 1 1 1 }'));
ENDSEC;
DATA;
#1 = APPLICATION_CONTEXT('core data for automotive mechanical design processes');
#2 = APPLICATION_PROTOCOL_DEFINITION('international standard', 'automotive_design', 2000, #1);
#3 = PRODUCT_CONTEXT('3D Mechanical Context', #1, 'mechanical');
#4 = PRODUCT('UNIT_CELL_EQUATORIAL_D88', 'UNIT_CELL_EQUATORIAL_D88', 'TRUNC Metamaterial Component', (#3));
#5 = PRODUCT_DEFINITION_FORMATION('1.0', 'First Release', #4);
#6 = PRODUCT_DEFINITION('design', 'TRUNC Component Definition', #5, #3);
#7 = PRODUCT_DEFINITION_SHAPE('Shape Definition', 'Shape for TRUNC Component', #6);
#8 = GEOMETRIC_REPRESENTATION_CONTEXT(3);
#9 = ( GEOMETRIC_REPRESENTATION_CONTEXT(3) GLOBAL_UNCERTAINTY_ASSIGNED_CONTEXT((#10)) GLOBAL_UNIT_ASSIGNED_CONTEXT((#11, #12, #13)) REPRESENTATION_CONTEXT('Context #1', '3D Context with UNIT and UNCERTAINTY') );
#10 = UNCERTAINTY_MEASURE_WITH_UNIT(LENGTH_MEASURE(1.E-05), #11, 'distance_accuracy_value', 'Maximum Model Space Distance');
#11 = ( LENGTH_UNIT() NAMED_UNIT(*) SI_UNIT(.MILLI., .METRE.) );
#12 = ( NAMED_UNIT(*) PLANE_ANGLE_UNIT() SI_UNIT($, .RADIAN.) );
#13 = ( NAMED_UNIT(*) SI_UNIT($, .STERADIAN.) SOLID_ANGLE_UNIT() );
#14 = CARTESIAN_POINT('Origin', (0., 0., 0.));
#15 = DIRECTION('Axis', (0., 0., 1.));
#16 = DIRECTION('RefDir', (1., 0., 0.));
#17 = AXIS2_PLACEMENT_3D('Placement', #14, #15, #16);
#18 = CARTESIAN_POINT('', (-7.0000, 0.0000, 42.0000));
#19 = CARTESIAN_POINT('', (-6.5778, -2.3941, 42.0000));
#20 = CARTESIAN_POINT('', (-5.3623, -4.4995, 42.0000));
#21 = CARTESIAN_POINT('', (-3.5000, -6.0622, 42.0000));
#22 = CARTESIAN_POINT('', (-1.2155, -6.8937, 42.0000));
#23 = CARTESIAN_POINT('', (1.2155, -6.8937, 42.0000));
#24 = CARTESIAN_POINT('', (3.5000, -6.0622, 42.0000));
#25 = CARTESIAN_POINT('', (5.3623, -4.4995, 42.0000));
#26 = CARTESIAN_POINT('', (6.5778, -2.3941, 42.0000));
#27 = CARTESIAN_POINT('', (7.0000, -0.0000, 42.0000));
#28 = CARTESIAN_POINT('', (6.5778, 2.3941, 42.0000));
#29 = CARTESIAN_POINT('', (5.3623, 4.4995, 42.0000));
#30 = CARTESIAN_POINT('', (3.5000, 6.0622, 42.0000));
#31 = CARTESIAN_POINT('', (1.2155, 6.8937, 42.0000));
#32 = CARTESIAN_POINT('', (-1.2155, 6.8937, 42.0000));
#33 = CARTESIAN_POINT('', (-3.5000, 6.0622, 42.0000));
#34 = CARTESIAN_POINT('', (-5.3623, 4.4995, 42.0000));
#35 = CARTESIAN_POINT('', (-6.5778, 2.3941, 42.0000));
#36 = CARTESIAN_POINT('', (-7.0000, 0.0000, 46.0000));
#37 = CARTESIAN_POINT('', (-6.5778, -2.3941, 46.0000));
#38 = CARTESIAN_POINT('', (-5.3623, -4.4995, 46.0000));
#39 = CARTESIAN_POINT('', (-3.5000, -6.0622, 46.0000));
#40 = CARTESIAN_POINT('', (-1.2155, -6.8937, 46.0000));
#41 = CARTESIAN_POINT('', (1.2155, -6.8937, 46.0000));
#42 = CARTESIAN_POINT('', (3.5000, -6.0622, 46.0000));
#43 = CARTESIAN_POINT('', (5.3623, -4.4995, 46.0000));
#44 = CARTESIAN_POINT('', (6.5778, -2.3941, 46.0000));
#45 = CARTESIAN_POINT('', (7.0000, -0.0000, 46.0000));
#46 = CARTESIAN_POINT('', (6.5778, 2.3941, 46.0000));
#47 = CARTESIAN_POINT('', (5.3623, 4.4995, 46.0000));
#48 = CARTESIAN_POINT('', (3.5000, 6.0622, 46.0000));
#49 = CARTESIAN_POINT('', (1.2155, 6.8937, 46.0000));
#50 = CARTESIAN_POINT('', (-1.2155, 6.8937, 46.0000));
#51 = CARTESIAN_POINT('', (-3.5000, 6.0622, 46.0000));
#52 = CARTESIAN_POINT('', (-5.3623, 4.4995, 46.0000));
#53 = CARTESIAN_POINT('', (-6.5778, 2.3941, 46.0000));
#54 = CARTESIAN_POINT('', (0.0000, 0.0000, 42.0000));
#55 = CARTESIAN_POINT('', (0.0000, 0.0000, 46.0000));
#56 = CARTESIAN_POINT('', (-7.0000, 0.0000, -46.0000));
#57 = CARTESIAN_POINT('', (-6.5778, -2.3941, -46.0000));
#58 = CARTESIAN_POINT('', (-5.3623, -4.4995, -46.0000));
#59 = CARTESIAN_POINT('', (-3.5000, -6.0622, -46.0000));
#60 = CARTESIAN_POINT('', (-1.2155, -6.8937, -46.0000));
#61 = CARTESIAN_POINT('', (1.2155, -6.8937, -46.0000));
#62 = CARTESIAN_POINT('', (3.5000, -6.0622, -46.0000));
#63 = CARTESIAN_POINT('', (5.3623, -4.4995, -46.0000));
#64 = CARTESIAN_POINT('', (6.5778, -2.3941, -46.0000));
#65 = CARTESIAN_POINT('', (7.0000, -0.0000, -46.0000));
#66 = CARTESIAN_POINT('', (6.5778, 2.3941, -46.0000));
#67 = CARTESIAN_POINT('', (5.3623, 4.4995, -46.0000));
#68 = CARTESIAN_POINT('', (3.5000, 6.0622, -46.0000));
#69 = CARTESIAN_POINT('', (1.2155, 6.8937, -46.0000));
#70 = CARTESIAN_POINT('', (-1.2155, 6.8937, -46.0000));
#71 = CARTESIAN_POINT('', (-3.5000, 6.0622, -46.0000));
#72 = CARTESIAN_POINT('', (-5.3623, 4.4995, -46.0000));
#73 = CARTESIAN_POINT('', (-6.5778, 2.3941, -46.0000));
#74 = CARTESIAN_POINT('', (-7.0000, 0.0000, -42.0000));
#75 = CARTESIAN_POINT('', (-6.5778, -2.3941, -42.0000));
#76 = CARTESIAN_POINT('', (-5.3623, -4.4995, -42.0000));
#77 = CARTESIAN_POINT('', (-3.5000, -6.0622, -42.0000));
#78 = CARTESIAN_POINT('', (-1.2155, -6.8937, -42.0000));
#79 = CARTESIAN_POINT('', (1.2155, -6.8937, -42.0000));
#80 = CARTESIAN_POINT('', (3.5000, -6.0622, -42.0000));
#81 = CARTESIAN_POINT('', (5.3623, -4.4995, -42.0000));
#82 = CARTESIAN_POINT('', (6.5778, -2.3941, -42.0000));
#83 = CARTESIAN_POINT('', (7.0000, -0.0000, -42.0000));
#84 = CARTESIAN_POINT('', (6.5778, 2.3941, -42.0000));
#85 = CARTESIAN_POINT('', (5.3623, 4.4995, -42.0000));
#86 = CARTESIAN_POINT('', (3.5000, 6.0622, -42.0000));
#87 = CARTESIAN_POINT('', (1.2155, 6.8937, -42.0000));
#88 = CARTESIAN_POINT('', (-1.2155, 6.8937, -42.0000));
#89 = CARTESIAN_POINT('', (-3.5000, 6.0622, -42.0000));
#90 = CARTESIAN_POINT('', (-5.3623, 4.4995, -42.0000));
#91 = CARTESIAN_POINT('', (-6.5778, 2.3941, -42.0000));
#92 = CARTESIAN_POINT('', (0.0000, 0.0000, -46.0000));
#93 = CARTESIAN_POINT('', (0.0000, 0.0000, -42.0000));
#94 = CARTESIAN_POINT('', (-2.0000, 0.0000, -50.0000));
#95 = CARTESIAN_POINT('', (-1.7321, -1.0000, -50.0000));
#96 = CARTESIAN_POINT('', (-1.0000, -1.7321, -50.0000));
#97 = CARTESIAN_POINT('', (-0.0000, -2.0000, -50.0000));
#98 = CARTESIAN_POINT('', (1.0000, -1.7321, -50.0000));
#99 = CARTESIAN_POINT('', (1.7321, -1.0000, -50.0000));
#100 = CARTESIAN_POINT('', (2.0000, -0.0000, -50.0000));
#101 = CARTESIAN_POINT('', (1.7321, 1.0000, -50.0000));
#102 = CARTESIAN_POINT('', (1.0000, 1.7321, -50.0000));
#103 = CARTESIAN_POINT('', (0.0000, 2.0000, -50.0000));
#104 = CARTESIAN_POINT('', (-1.0000, 1.7321, -50.0000));
#105 = CARTESIAN_POINT('', (-1.7321, 1.0000, -50.0000));
#106 = CARTESIAN_POINT('', (-2.0000, 0.0000, 50.0000));
#107 = CARTESIAN_POINT('', (-1.7321, -1.0000, 50.0000));
#108 = CARTESIAN_POINT('', (-1.0000, -1.7321, 50.0000));
#109 = CARTESIAN_POINT('', (-0.0000, -2.0000, 50.0000));
#110 = CARTESIAN_POINT('', (1.0000, -1.7321, 50.0000));
#111 = CARTESIAN_POINT('', (1.7321, -1.0000, 50.0000));
#112 = CARTESIAN_POINT('', (2.0000, -0.0000, 50.0000));
#113 = CARTESIAN_POINT('', (1.7321, 1.0000, 50.0000));
#114 = CARTESIAN_POINT('', (1.0000, 1.7321, 50.0000));
#115 = CARTESIAN_POINT('', (0.0000, 2.0000, 50.0000));
#116 = CARTESIAN_POINT('', (-1.0000, 1.7321, 50.0000));
#117 = CARTESIAN_POINT('', (-1.7321, 1.0000, 50.0000));
#118 = CARTESIAN_POINT('', (0.0000, 0.0000, -50.0000));
#119 = CARTESIAN_POINT('', (0.0000, 0.0000, 50.0000));
#120 = CARTESIAN_POINT('', (42.9000, 0.0000, 4.2000));
#121 = CARTESIAN_POINT('', (42.9000, -1.6073, 3.8803));
#122 = CARTESIAN_POINT('', (42.9000, -2.9698, 2.9698));
#123 = CARTESIAN_POINT('', (42.9000, -3.8803, 1.6073));
#124 = CARTESIAN_POINT('', (42.9000, -4.2000, 0.0000));
#125 = CARTESIAN_POINT('', (42.9000, -3.8803, -1.6073));
#126 = CARTESIAN_POINT('', (42.9000, -2.9698, -2.9698));
#127 = CARTESIAN_POINT('', (42.9000, -1.6073, -3.8803));
#128 = CARTESIAN_POINT('', (42.9000, -0.0000, -4.2000));
#129 = CARTESIAN_POINT('', (42.9000, 1.6073, -3.8803));
#130 = CARTESIAN_POINT('', (42.9000, 2.9698, -2.9698));
#131 = CARTESIAN_POINT('', (42.9000, 3.8803, -1.6073));
#132 = CARTESIAN_POINT('', (42.9000, 4.2000, -0.0000));
#133 = CARTESIAN_POINT('', (42.9000, 3.8803, 1.6073));
#134 = CARTESIAN_POINT('', (42.9000, 2.9698, 2.9698));
#135 = CARTESIAN_POINT('', (42.9000, 1.6073, 3.8803));
#136 = CARTESIAN_POINT('', (45.1000, 0.0000, 4.2000));
#137 = CARTESIAN_POINT('', (45.1000, -1.6073, 3.8803));
#138 = CARTESIAN_POINT('', (45.1000, -2.9698, 2.9698));
#139 = CARTESIAN_POINT('', (45.1000, -3.8803, 1.6073));
#140 = CARTESIAN_POINT('', (45.1000, -4.2000, 0.0000));
#141 = CARTESIAN_POINT('', (45.1000, -3.8803, -1.6073));
#142 = CARTESIAN_POINT('', (45.1000, -2.9698, -2.9698));
#143 = CARTESIAN_POINT('', (45.1000, -1.6073, -3.8803));
#144 = CARTESIAN_POINT('', (45.1000, -0.0000, -4.2000));
#145 = CARTESIAN_POINT('', (45.1000, 1.6073, -3.8803));
#146 = CARTESIAN_POINT('', (45.1000, 2.9698, -2.9698));
#147 = CARTESIAN_POINT('', (45.1000, 3.8803, -1.6073));
#148 = CARTESIAN_POINT('', (45.1000, 4.2000, -0.0000));
#149 = CARTESIAN_POINT('', (45.1000, 3.8803, 1.6073));
#150 = CARTESIAN_POINT('', (45.1000, 2.9698, 2.9698));
#151 = CARTESIAN_POINT('', (45.1000, 1.6073, 3.8803));
#152 = CARTESIAN_POINT('', (42.9000, 0.0000, 0.0000));
#153 = CARTESIAN_POINT('', (45.1000, 0.0000, 0.0000));
#154 = CARTESIAN_POINT('', (41.7000, 0.0000, 1.1000));
#155 = CARTESIAN_POINT('', (41.7000, -0.5500, 0.9526));
#156 = CARTESIAN_POINT('', (41.7000, -0.9526, 0.5500));
#157 = CARTESIAN_POINT('', (41.7000, -1.1000, 0.0000));
#158 = CARTESIAN_POINT('', (41.7000, -0.9526, -0.5500));
#159 = CARTESIAN_POINT('', (41.7000, -0.5500, -0.9526));
#160 = CARTESIAN_POINT('', (41.7000, -0.0000, -1.1000));
#161 = CARTESIAN_POINT('', (41.7000, 0.5500, -0.9526));
#162 = CARTESIAN_POINT('', (41.7000, 0.9526, -0.5500));
#163 = CARTESIAN_POINT('', (41.7000, 1.1000, -0.0000));
#164 = CARTESIAN_POINT('', (41.7000, 0.9526, 0.5500));
#165 = CARTESIAN_POINT('', (41.7000, 0.5500, 0.9526));
#166 = CARTESIAN_POINT('', (46.3000, 0.0000, 1.1000));
#167 = CARTESIAN_POINT('', (46.3000, -0.5500, 0.9526));
#168 = CARTESIAN_POINT('', (46.3000, -0.9526, 0.5500));
#169 = CARTESIAN_POINT('', (46.3000, -1.1000, 0.0000));
#170 = CARTESIAN_POINT('', (46.3000, -0.9526, -0.5500));
#171 = CARTESIAN_POINT('', (46.3000, -0.5500, -0.9526));
#172 = CARTESIAN_POINT('', (46.3000, -0.0000, -1.1000));
#173 = CARTESIAN_POINT('', (46.3000, 0.5500, -0.9526));
#174 = CARTESIAN_POINT('', (46.3000, 0.9526, -0.5500));
#175 = CARTESIAN_POINT('', (46.3000, 1.1000, -0.0000));
#176 = CARTESIAN_POINT('', (46.3000, 0.9526, 0.5500));
#177 = CARTESIAN_POINT('', (46.3000, 0.5500, 0.9526));
#178 = CARTESIAN_POINT('', (41.7000, 0.0000, 0.0000));
#179 = CARTESIAN_POINT('', (46.3000, 0.0000, 0.0000));
#180 = CARTESIAN_POINT('', (30.3349, 30.3349, 4.2000));
#181 = CARTESIAN_POINT('', (31.4714, 29.1984, 3.8803));
#182 = CARTESIAN_POINT('', (32.4349, 28.2349, 2.9698));
#183 = CARTESIAN_POINT('', (33.0787, 27.5911, 1.6073));
#184 = CARTESIAN_POINT('', (33.3047, 27.3650, 0.0000));
#185 = CARTESIAN_POINT('', (33.0787, 27.5911, -1.6073));
#186 = CARTESIAN_POINT('', (32.4349, 28.2349, -2.9698));
#187 = CARTESIAN_POINT('', (31.4714, 29.1984, -3.8803));
#188 = CARTESIAN_POINT('', (30.3349, 30.3349, -4.2000));
#189 = CARTESIAN_POINT('', (29.1984, 31.4714, -3.8803));
#190 = CARTESIAN_POINT('', (28.2349, 32.4349, -2.9698));
#191 = CARTESIAN_POINT('', (27.5911, 33.0787, -1.6073));
#192 = CARTESIAN_POINT('', (27.3650, 33.3047, -0.0000));
#193 = CARTESIAN_POINT('', (27.5911, 33.0787, 1.6073));
#194 = CARTESIAN_POINT('', (28.2349, 32.4349, 2.9698));
#195 = CARTESIAN_POINT('', (29.1984, 31.4714, 3.8803));
#196 = CARTESIAN_POINT('', (31.8905, 31.8905, 4.2000));
#197 = CARTESIAN_POINT('', (33.0270, 30.7540, 3.8803));
#198 = CARTESIAN_POINT('', (33.9905, 29.7905, 2.9698));
#199 = CARTESIAN_POINT('', (34.6343, 29.1467, 1.6073));
#200 = CARTESIAN_POINT('', (34.8604, 28.9207, 0.0000));
#201 = CARTESIAN_POINT('', (34.6343, 29.1467, -1.6073));
#202 = CARTESIAN_POINT('', (33.9905, 29.7905, -2.9698));
#203 = CARTESIAN_POINT('', (33.0270, 30.7540, -3.8803));
#204 = CARTESIAN_POINT('', (31.8905, 31.8905, -4.2000));
#205 = CARTESIAN_POINT('', (30.7540, 33.0270, -3.8803));
#206 = CARTESIAN_POINT('', (29.7905, 33.9905, -2.9698));
#207 = CARTESIAN_POINT('', (29.1467, 34.6343, -1.6073));
#208 = CARTESIAN_POINT('', (28.9207, 34.8604, -0.0000));
#209 = CARTESIAN_POINT('', (29.1467, 34.6343, 1.6073));
#210 = CARTESIAN_POINT('', (29.7905, 33.9905, 2.9698));
#211 = CARTESIAN_POINT('', (30.7540, 33.0270, 3.8803));
#212 = CARTESIAN_POINT('', (30.3349, 30.3349, 0.0000));
#213 = CARTESIAN_POINT('', (31.8905, 31.8905, 0.0000));
#214 = CARTESIAN_POINT('', (29.4864, 29.4864, 1.1000));
#215 = CARTESIAN_POINT('', (29.8753, 29.0974, 0.9526));
#216 = CARTESIAN_POINT('', (30.1600, 28.8127, 0.5500));
#217 = CARTESIAN_POINT('', (30.2642, 28.7085, 0.0000));
#218 = CARTESIAN_POINT('', (30.1600, 28.8127, -0.5500));
#219 = CARTESIAN_POINT('', (29.8753, 29.0974, -0.9526));
#220 = CARTESIAN_POINT('', (29.4864, 29.4864, -1.1000));
#221 = CARTESIAN_POINT('', (29.0974, 29.8753, -0.9526));
#222 = CARTESIAN_POINT('', (28.8127, 30.1600, -0.5500));
#223 = CARTESIAN_POINT('', (28.7085, 30.2642, -0.0000));
#224 = CARTESIAN_POINT('', (28.8127, 30.1600, 0.5500));
#225 = CARTESIAN_POINT('', (29.0974, 29.8753, 0.9526));
#226 = CARTESIAN_POINT('', (32.7390, 32.7390, 1.1000));
#227 = CARTESIAN_POINT('', (33.1280, 32.3501, 0.9526));
#228 = CARTESIAN_POINT('', (33.4127, 32.0654, 0.5500));
#229 = CARTESIAN_POINT('', (33.5169, 31.9612, 0.0000));
#230 = CARTESIAN_POINT('', (33.4127, 32.0654, -0.5500));
#231 = CARTESIAN_POINT('', (33.1280, 32.3501, -0.9526));
#232 = CARTESIAN_POINT('', (32.7390, 32.7390, -1.1000));
#233 = CARTESIAN_POINT('', (32.3501, 33.1280, -0.9526));
#234 = CARTESIAN_POINT('', (32.0654, 33.4127, -0.5500));
#235 = CARTESIAN_POINT('', (31.9612, 33.5169, -0.0000));
#236 = CARTESIAN_POINT('', (32.0654, 33.4127, 0.5500));
#237 = CARTESIAN_POINT('', (32.3501, 33.1280, 0.9526));
#238 = CARTESIAN_POINT('', (29.4864, 29.4864, 0.0000));
#239 = CARTESIAN_POINT('', (32.7390, 32.7390, 0.0000));
#240 = CARTESIAN_POINT('', (0.0000, 42.9000, -4.2000));
#241 = CARTESIAN_POINT('', (-1.6073, 42.9000, -3.8803));
#242 = CARTESIAN_POINT('', (-2.9698, 42.9000, -2.9698));
#243 = CARTESIAN_POINT('', (-3.8803, 42.9000, -1.6073));
#244 = CARTESIAN_POINT('', (-4.2000, 42.9000, -0.0000));
#245 = CARTESIAN_POINT('', (-3.8803, 42.9000, 1.6073));
#246 = CARTESIAN_POINT('', (-2.9698, 42.9000, 2.9698));
#247 = CARTESIAN_POINT('', (-1.6073, 42.9000, 3.8803));
#248 = CARTESIAN_POINT('', (0.0000, 42.9000, 4.2000));
#249 = CARTESIAN_POINT('', (1.6073, 42.9000, 3.8803));
#250 = CARTESIAN_POINT('', (2.9698, 42.9000, 2.9698));
#251 = CARTESIAN_POINT('', (3.8803, 42.9000, 1.6073));
#252 = CARTESIAN_POINT('', (4.2000, 42.9000, 0.0000));
#253 = CARTESIAN_POINT('', (3.8803, 42.9000, -1.6073));
#254 = CARTESIAN_POINT('', (2.9698, 42.9000, -2.9698));
#255 = CARTESIAN_POINT('', (1.6073, 42.9000, -3.8803));
#256 = CARTESIAN_POINT('', (0.0000, 45.1000, -4.2000));
#257 = CARTESIAN_POINT('', (-1.6073, 45.1000, -3.8803));
#258 = CARTESIAN_POINT('', (-2.9698, 45.1000, -2.9698));
#259 = CARTESIAN_POINT('', (-3.8803, 45.1000, -1.6073));
#260 = CARTESIAN_POINT('', (-4.2000, 45.1000, -0.0000));
#261 = CARTESIAN_POINT('', (-3.8803, 45.1000, 1.6073));
#262 = CARTESIAN_POINT('', (-2.9698, 45.1000, 2.9698));
#263 = CARTESIAN_POINT('', (-1.6073, 45.1000, 3.8803));
#264 = CARTESIAN_POINT('', (0.0000, 45.1000, 4.2000));
#265 = CARTESIAN_POINT('', (1.6073, 45.1000, 3.8803));
#266 = CARTESIAN_POINT('', (2.9698, 45.1000, 2.9698));
#267 = CARTESIAN_POINT('', (3.8803, 45.1000, 1.6073));
#268 = CARTESIAN_POINT('', (4.2000, 45.1000, 0.0000));
#269 = CARTESIAN_POINT('', (3.8803, 45.1000, -1.6073));
#270 = CARTESIAN_POINT('', (2.9698, 45.1000, -2.9698));
#271 = CARTESIAN_POINT('', (1.6073, 45.1000, -3.8803));
#272 = CARTESIAN_POINT('', (0.0000, 42.9000, 0.0000));
#273 = CARTESIAN_POINT('', (0.0000, 45.1000, 0.0000));
#274 = CARTESIAN_POINT('', (0.0000, 41.7000, -1.1000));
#275 = CARTESIAN_POINT('', (-0.5500, 41.7000, -0.9526));
#276 = CARTESIAN_POINT('', (-0.9526, 41.7000, -0.5500));
#277 = CARTESIAN_POINT('', (-1.1000, 41.7000, -0.0000));
#278 = CARTESIAN_POINT('', (-0.9526, 41.7000, 0.5500));
#279 = CARTESIAN_POINT('', (-0.5500, 41.7000, 0.9526));
#280 = CARTESIAN_POINT('', (0.0000, 41.7000, 1.1000));
#281 = CARTESIAN_POINT('', (0.5500, 41.7000, 0.9526));
#282 = CARTESIAN_POINT('', (0.9526, 41.7000, 0.5500));
#283 = CARTESIAN_POINT('', (1.1000, 41.7000, 0.0000));
#284 = CARTESIAN_POINT('', (0.9526, 41.7000, -0.5500));
#285 = CARTESIAN_POINT('', (0.5500, 41.7000, -0.9526));
#286 = CARTESIAN_POINT('', (0.0000, 46.3000, -1.1000));
#287 = CARTESIAN_POINT('', (-0.5500, 46.3000, -0.9526));
#288 = CARTESIAN_POINT('', (-0.9526, 46.3000, -0.5500));
#289 = CARTESIAN_POINT('', (-1.1000, 46.3000, -0.0000));
#290 = CARTESIAN_POINT('', (-0.9526, 46.3000, 0.5500));
#291 = CARTESIAN_POINT('', (-0.5500, 46.3000, 0.9526));
#292 = CARTESIAN_POINT('', (0.0000, 46.3000, 1.1000));
#293 = CARTESIAN_POINT('', (0.5500, 46.3000, 0.9526));
#294 = CARTESIAN_POINT('', (0.9526, 46.3000, 0.5500));
#295 = CARTESIAN_POINT('', (1.1000, 46.3000, 0.0000));
#296 = CARTESIAN_POINT('', (0.9526, 46.3000, -0.5500));
#297 = CARTESIAN_POINT('', (0.5500, 46.3000, -0.9526));
#298 = CARTESIAN_POINT('', (0.0000, 41.7000, 0.0000));
#299 = CARTESIAN_POINT('', (0.0000, 46.3000, 0.0000));
#300 = CARTESIAN_POINT('', (-30.3349, 30.3349, -4.2000));
#301 = CARTESIAN_POINT('', (-31.4714, 29.1984, -3.8803));
#302 = CARTESIAN_POINT('', (-32.4349, 28.2349, -2.9698));
#303 = CARTESIAN_POINT('', (-33.0787, 27.5911, -1.6073));
#304 = CARTESIAN_POINT('', (-33.3047, 27.3650, -0.0000));
#305 = CARTESIAN_POINT('', (-33.0787, 27.5911, 1.6073));
#306 = CARTESIAN_POINT('', (-32.4349, 28.2349, 2.9698));
#307 = CARTESIAN_POINT('', (-31.4714, 29.1984, 3.8803));
#308 = CARTESIAN_POINT('', (-30.3349, 30.3349, 4.2000));
#309 = CARTESIAN_POINT('', (-29.1984, 31.4714, 3.8803));
#310 = CARTESIAN_POINT('', (-28.2349, 32.4349, 2.9698));
#311 = CARTESIAN_POINT('', (-27.5911, 33.0787, 1.6073));
#312 = CARTESIAN_POINT('', (-27.3650, 33.3047, 0.0000));
#313 = CARTESIAN_POINT('', (-27.5911, 33.0787, -1.6073));
#314 = CARTESIAN_POINT('', (-28.2349, 32.4349, -2.9698));
#315 = CARTESIAN_POINT('', (-29.1984, 31.4714, -3.8803));
#316 = CARTESIAN_POINT('', (-31.8905, 31.8905, -4.2000));
#317 = CARTESIAN_POINT('', (-33.0270, 30.7540, -3.8803));
#318 = CARTESIAN_POINT('', (-33.9905, 29.7905, -2.9698));
#319 = CARTESIAN_POINT('', (-34.6343, 29.1467, -1.6073));
#320 = CARTESIAN_POINT('', (-34.8604, 28.9207, -0.0000));
#321 = CARTESIAN_POINT('', (-34.6343, 29.1467, 1.6073));
#322 = CARTESIAN_POINT('', (-33.9905, 29.7905, 2.9698));
#323 = CARTESIAN_POINT('', (-33.0270, 30.7540, 3.8803));
#324 = CARTESIAN_POINT('', (-31.8905, 31.8905, 4.2000));
#325 = CARTESIAN_POINT('', (-30.7540, 33.0270, 3.8803));
#326 = CARTESIAN_POINT('', (-29.7905, 33.9905, 2.9698));
#327 = CARTESIAN_POINT('', (-29.1467, 34.6343, 1.6073));
#328 = CARTESIAN_POINT('', (-28.9207, 34.8604, 0.0000));
#329 = CARTESIAN_POINT('', (-29.1467, 34.6343, -1.6073));
#330 = CARTESIAN_POINT('', (-29.7905, 33.9905, -2.9698));
#331 = CARTESIAN_POINT('', (-30.7540, 33.0270, -3.8803));
#332 = CARTESIAN_POINT('', (-30.3349, 30.3349, 0.0000));
#333 = CARTESIAN_POINT('', (-31.8905, 31.8905, 0.0000));
#334 = CARTESIAN_POINT('', (-29.4864, 29.4864, -1.1000));
#335 = CARTESIAN_POINT('', (-29.8753, 29.0974, -0.9526));
#336 = CARTESIAN_POINT('', (-30.1600, 28.8127, -0.5500));
#337 = CARTESIAN_POINT('', (-30.2642, 28.7085, -0.0000));
#338 = CARTESIAN_POINT('', (-30.1600, 28.8127, 0.5500));
#339 = CARTESIAN_POINT('', (-29.8753, 29.0974, 0.9526));
#340 = CARTESIAN_POINT('', (-29.4864, 29.4864, 1.1000));
#341 = CARTESIAN_POINT('', (-29.0974, 29.8753, 0.9526));
#342 = CARTESIAN_POINT('', (-28.8127, 30.1600, 0.5500));
#343 = CARTESIAN_POINT('', (-28.7085, 30.2642, 0.0000));
#344 = CARTESIAN_POINT('', (-28.8127, 30.1600, -0.5500));
#345 = CARTESIAN_POINT('', (-29.0974, 29.8753, -0.9526));
#346 = CARTESIAN_POINT('', (-32.7390, 32.7390, -1.1000));
#347 = CARTESIAN_POINT('', (-33.1280, 32.3501, -0.9526));
#348 = CARTESIAN_POINT('', (-33.4127, 32.0654, -0.5500));
#349 = CARTESIAN_POINT('', (-33.5169, 31.9612, -0.0000));
#350 = CARTESIAN_POINT('', (-33.4127, 32.0654, 0.5500));
#351 = CARTESIAN_POINT('', (-33.1280, 32.3501, 0.9526));
#352 = CARTESIAN_POINT('', (-32.7390, 32.7390, 1.1000));
#353 = CARTESIAN_POINT('', (-32.3501, 33.1280, 0.9526));
#354 = CARTESIAN_POINT('', (-32.0654, 33.4127, 0.5500));
#355 = CARTESIAN_POINT('', (-31.9612, 33.5169, 0.0000));
#356 = CARTESIAN_POINT('', (-32.0654, 33.4127, -0.5500));
#357 = CARTESIAN_POINT('', (-32.3501, 33.1280, -0.9526));
#358 = CARTESIAN_POINT('', (-29.4864, 29.4864, 0.0000));
#359 = CARTESIAN_POINT('', (-32.7390, 32.7390, 0.0000));
#360 = CARTESIAN_POINT('', (-42.9000, 0.0000, -4.2000));
#361 = CARTESIAN_POINT('', (-42.9000, -1.6073, -3.8803));
#362 = CARTESIAN_POINT('', (-42.9000, -2.9698, -2.9698));
#363 = CARTESIAN_POINT('', (-42.9000, -3.8803, -1.6073));
#364 = CARTESIAN_POINT('', (-42.9000, -4.2000, -0.0000));
#365 = CARTESIAN_POINT('', (-42.9000, -3.8803, 1.6073));
#366 = CARTESIAN_POINT('', (-42.9000, -2.9698, 2.9698));
#367 = CARTESIAN_POINT('', (-42.9000, -1.6073, 3.8803));
#368 = CARTESIAN_POINT('', (-42.9000, 0.0000, 4.2000));
#369 = CARTESIAN_POINT('', (-42.9000, 1.6073, 3.8803));
#370 = CARTESIAN_POINT('', (-42.9000, 2.9698, 2.9698));
#371 = CARTESIAN_POINT('', (-42.9000, 3.8803, 1.6073));
#372 = CARTESIAN_POINT('', (-42.9000, 4.2000, 0.0000));
#373 = CARTESIAN_POINT('', (-42.9000, 3.8803, -1.6073));
#374 = CARTESIAN_POINT('', (-42.9000, 2.9698, -2.9698));
#375 = CARTESIAN_POINT('', (-42.9000, 1.6073, -3.8803));
#376 = CARTESIAN_POINT('', (-45.1000, 0.0000, -4.2000));
#377 = CARTESIAN_POINT('', (-45.1000, -1.6073, -3.8803));
#378 = CARTESIAN_POINT('', (-45.1000, -2.9698, -2.9698));
#379 = CARTESIAN_POINT('', (-45.1000, -3.8803, -1.6073));
#380 = CARTESIAN_POINT('', (-45.1000, -4.2000, -0.0000));
#381 = CARTESIAN_POINT('', (-45.1000, -3.8803, 1.6073));
#382 = CARTESIAN_POINT('', (-45.1000, -2.9698, 2.9698));
#383 = CARTESIAN_POINT('', (-45.1000, -1.6073, 3.8803));
#384 = CARTESIAN_POINT('', (-45.1000, 0.0000, 4.2000));
#385 = CARTESIAN_POINT('', (-45.1000, 1.6073, 3.8803));
#386 = CARTESIAN_POINT('', (-45.1000, 2.9698, 2.9698));
#387 = CARTESIAN_POINT('', (-45.1000, 3.8803, 1.6073));
#388 = CARTESIAN_POINT('', (-45.1000, 4.2000, 0.0000));
#389 = CARTESIAN_POINT('', (-45.1000, 3.8803, -1.6073));
#390 = CARTESIAN_POINT('', (-45.1000, 2.9698, -2.9698));
#391 = CARTESIAN_POINT('', (-45.1000, 1.6073, -3.8803));
#392 = CARTESIAN_POINT('', (-42.9000, 0.0000, 0.0000));
#393 = CARTESIAN_POINT('', (-45.1000, 0.0000, 0.0000));
#394 = CARTESIAN_POINT('', (-41.7000, 0.0000, -1.1000));
#395 = CARTESIAN_POINT('', (-41.7000, -0.5500, -0.9526));
#396 = CARTESIAN_POINT('', (-41.7000, -0.9526, -0.5500));
#397 = CARTESIAN_POINT('', (-41.7000, -1.1000, -0.0000));
#398 = CARTESIAN_POINT('', (-41.7000, -0.9526, 0.5500));
#399 = CARTESIAN_POINT('', (-41.7000, -0.5500, 0.9526));
#400 = CARTESIAN_POINT('', (-41.7000, 0.0000, 1.1000));
#401 = CARTESIAN_POINT('', (-41.7000, 0.5500, 0.9526));
#402 = CARTESIAN_POINT('', (-41.7000, 0.9526, 0.5500));
#403 = CARTESIAN_POINT('', (-41.7000, 1.1000, 0.0000));
#404 = CARTESIAN_POINT('', (-41.7000, 0.9526, -0.5500));
#405 = CARTESIAN_POINT('', (-41.7000, 0.5500, -0.9526));
#406 = CARTESIAN_POINT('', (-46.3000, 0.0000, -1.1000));
#407 = CARTESIAN_POINT('', (-46.3000, -0.5500, -0.9526));
#408 = CARTESIAN_POINT('', (-46.3000, -0.9526, -0.5500));
#409 = CARTESIAN_POINT('', (-46.3000, -1.1000, -0.0000));
#410 = CARTESIAN_POINT('', (-46.3000, -0.9526, 0.5500));
#411 = CARTESIAN_POINT('', (-46.3000, -0.5500, 0.9526));
#412 = CARTESIAN_POINT('', (-46.3000, 0.0000, 1.1000));
#413 = CARTESIAN_POINT('', (-46.3000, 0.5500, 0.9526));
#414 = CARTESIAN_POINT('', (-46.3000, 0.9526, 0.5500));
#415 = CARTESIAN_POINT('', (-46.3000, 1.1000, 0.0000));
#416 = CARTESIAN_POINT('', (-46.3000, 0.9526, -0.5500));
#417 = CARTESIAN_POINT('', (-46.3000, 0.5500, -0.9526));
#418 = CARTESIAN_POINT('', (-41.7000, 0.0000, 0.0000));
#419 = CARTESIAN_POINT('', (-46.3000, 0.0000, 0.0000));
#420 = CARTESIAN_POINT('', (-30.3349, -30.3349, -4.2000));
#421 = CARTESIAN_POINT('', (-29.1984, -31.4714, -3.8803));
#422 = CARTESIAN_POINT('', (-28.2349, -32.4349, -2.9698));
#423 = CARTESIAN_POINT('', (-27.5911, -33.0787, -1.6073));
#424 = CARTESIAN_POINT('', (-27.3650, -33.3047, -0.0000));
#425 = CARTESIAN_POINT('', (-27.5911, -33.0787, 1.6073));
#426 = CARTESIAN_POINT('', (-28.2349, -32.4349, 2.9698));
#427 = CARTESIAN_POINT('', (-29.1984, -31.4714, 3.8803));
#428 = CARTESIAN_POINT('', (-30.3349, -30.3349, 4.2000));
#429 = CARTESIAN_POINT('', (-31.4714, -29.1984, 3.8803));
#430 = CARTESIAN_POINT('', (-32.4349, -28.2349, 2.9698));
#431 = CARTESIAN_POINT('', (-33.0787, -27.5911, 1.6073));
#432 = CARTESIAN_POINT('', (-33.3047, -27.3650, 0.0000));
#433 = CARTESIAN_POINT('', (-33.0787, -27.5911, -1.6073));
#434 = CARTESIAN_POINT('', (-32.4349, -28.2349, -2.9698));
#435 = CARTESIAN_POINT('', (-31.4714, -29.1984, -3.8803));
#436 = CARTESIAN_POINT('', (-31.8905, -31.8905, -4.2000));
#437 = CARTESIAN_POINT('', (-30.7540, -33.0270, -3.8803));
#438 = CARTESIAN_POINT('', (-29.7905, -33.9905, -2.9698));
#439 = CARTESIAN_POINT('', (-29.1467, -34.6343, -1.6073));
#440 = CARTESIAN_POINT('', (-28.9207, -34.8604, -0.0000));
#441 = CARTESIAN_POINT('', (-29.1467, -34.6343, 1.6073));
#442 = CARTESIAN_POINT('', (-29.7905, -33.9905, 2.9698));
#443 = CARTESIAN_POINT('', (-30.7540, -33.0270, 3.8803));
#444 = CARTESIAN_POINT('', (-31.8905, -31.8905, 4.2000));
#445 = CARTESIAN_POINT('', (-33.0270, -30.7540, 3.8803));
#446 = CARTESIAN_POINT('', (-33.9905, -29.7905, 2.9698));
#447 = CARTESIAN_POINT('', (-34.6343, -29.1467, 1.6073));
#448 = CARTESIAN_POINT('', (-34.8604, -28.9207, 0.0000));
#449 = CARTESIAN_POINT('', (-34.6343, -29.1467, -1.6073));
#450 = CARTESIAN_POINT('', (-33.9905, -29.7905, -2.9698));
#451 = CARTESIAN_POINT('', (-33.0270, -30.7540, -3.8803));
#452 = CARTESIAN_POINT('', (-30.3349, -30.3349, 0.0000));
#453 = CARTESIAN_POINT('', (-31.8905, -31.8905, 0.0000));
#454 = CARTESIAN_POINT('', (-29.4864, -29.4864, -1.1000));
#455 = CARTESIAN_POINT('', (-29.0974, -29.8753, -0.9526));
#456 = CARTESIAN_POINT('', (-28.8127, -30.1600, -0.5500));
#457 = CARTESIAN_POINT('', (-28.7085, -30.2642, -0.0000));
#458 = CARTESIAN_POINT('', (-28.8127, -30.1600, 0.5500));
#459 = CARTESIAN_POINT('', (-29.0974, -29.8753, 0.9526));
#460 = CARTESIAN_POINT('', (-29.4864, -29.4864, 1.1000));
#461 = CARTESIAN_POINT('', (-29.8753, -29.0974, 0.9526));
#462 = CARTESIAN_POINT('', (-30.1600, -28.8127, 0.5500));
#463 = CARTESIAN_POINT('', (-30.2642, -28.7085, 0.0000));
#464 = CARTESIAN_POINT('', (-30.1600, -28.8127, -0.5500));
#465 = CARTESIAN_POINT('', (-29.8753, -29.0974, -0.9526));
#466 = CARTESIAN_POINT('', (-32.7390, -32.7390, -1.1000));
#467 = CARTESIAN_POINT('', (-32.3501, -33.1280, -0.9526));
#468 = CARTESIAN_POINT('', (-32.0654, -33.4127, -0.5500));
#469 = CARTESIAN_POINT('', (-31.9612, -33.5169, -0.0000));
#470 = CARTESIAN_POINT('', (-32.0654, -33.4127, 0.5500));
#471 = CARTESIAN_POINT('', (-32.3501, -33.1280, 0.9526));
#472 = CARTESIAN_POINT('', (-32.7390, -32.7390, 1.1000));
#473 = CARTESIAN_POINT('', (-33.1280, -32.3501, 0.9526));
#474 = CARTESIAN_POINT('', (-33.4127, -32.0654, 0.5500));
#475 = CARTESIAN_POINT('', (-33.5169, -31.9612, 0.0000));
#476 = CARTESIAN_POINT('', (-33.4127, -32.0654, -0.5500));
#477 = CARTESIAN_POINT('', (-33.1280, -32.3501, -0.9526));
#478 = CARTESIAN_POINT('', (-29.4864, -29.4864, 0.0000));
#479 = CARTESIAN_POINT('', (-32.7390, -32.7390, 0.0000));
#480 = CARTESIAN_POINT('', (-0.0000, -42.9000, 4.2000));
#481 = CARTESIAN_POINT('', (-1.6073, -42.9000, 3.8803));
#482 = CARTESIAN_POINT('', (-2.9698, -42.9000, 2.9698));
#483 = CARTESIAN_POINT('', (-3.8803, -42.9000, 1.6073));
#484 = CARTESIAN_POINT('', (-4.2000, -42.9000, 0.0000));
#485 = CARTESIAN_POINT('', (-3.8803, -42.9000, -1.6073));
#486 = CARTESIAN_POINT('', (-2.9698, -42.9000, -2.9698));
#487 = CARTESIAN_POINT('', (-1.6073, -42.9000, -3.8803));
#488 = CARTESIAN_POINT('', (-0.0000, -42.9000, -4.2000));
#489 = CARTESIAN_POINT('', (1.6073, -42.9000, -3.8803));
#490 = CARTESIAN_POINT('', (2.9698, -42.9000, -2.9698));
#491 = CARTESIAN_POINT('', (3.8803, -42.9000, -1.6073));
#492 = CARTESIAN_POINT('', (4.2000, -42.9000, -0.0000));
#493 = CARTESIAN_POINT('', (3.8803, -42.9000, 1.6073));
#494 = CARTESIAN_POINT('', (2.9698, -42.9000, 2.9698));
#495 = CARTESIAN_POINT('', (1.6073, -42.9000, 3.8803));
#496 = CARTESIAN_POINT('', (-0.0000, -45.1000, 4.2000));
#497 = CARTESIAN_POINT('', (-1.6073, -45.1000, 3.8803));
#498 = CARTESIAN_POINT('', (-2.9698, -45.1000, 2.9698));
#499 = CARTESIAN_POINT('', (-3.8803, -45.1000, 1.6073));
#500 = CARTESIAN_POINT('', (-4.2000, -45.1000, 0.0000));
#501 = CARTESIAN_POINT('', (-3.8803, -45.1000, -1.6073));
#502 = CARTESIAN_POINT('', (-2.9698, -45.1000, -2.9698));
#503 = CARTESIAN_POINT('', (-1.6073, -45.1000, -3.8803));
#504 = CARTESIAN_POINT('', (-0.0000, -45.1000, -4.2000));
#505 = CARTESIAN_POINT('', (1.6073, -45.1000, -3.8803));
#506 = CARTESIAN_POINT('', (2.9698, -45.1000, -2.9698));
#507 = CARTESIAN_POINT('', (3.8803, -45.1000, -1.6073));
#508 = CARTESIAN_POINT('', (4.2000, -45.1000, -0.0000));
#509 = CARTESIAN_POINT('', (3.8803, -45.1000, 1.6073));
#510 = CARTESIAN_POINT('', (2.9698, -45.1000, 2.9698));
#511 = CARTESIAN_POINT('', (1.6073, -45.1000, 3.8803));
#512 = CARTESIAN_POINT('', (-0.0000, -42.9000, 0.0000));
#513 = CARTESIAN_POINT('', (-0.0000, -45.1000, 0.0000));
#514 = CARTESIAN_POINT('', (-0.0000, -41.7000, 1.1000));
#515 = CARTESIAN_POINT('', (-0.5500, -41.7000, 0.9526));
#516 = CARTESIAN_POINT('', (-0.9526, -41.7000, 0.5500));
#517 = CARTESIAN_POINT('', (-1.1000, -41.7000, 0.0000));
#518 = CARTESIAN_POINT('', (-0.9526, -41.7000, -0.5500));
#519 = CARTESIAN_POINT('', (-0.5500, -41.7000, -0.9526));
#520 = CARTESIAN_POINT('', (-0.0000, -41.7000, -1.1000));
#521 = CARTESIAN_POINT('', (0.5500, -41.7000, -0.9526));
#522 = CARTESIAN_POINT('', (0.9526, -41.7000, -0.5500));
#523 = CARTESIAN_POINT('', (1.1000, -41.7000, -0.0000));
#524 = CARTESIAN_POINT('', (0.9526, -41.7000, 0.5500));
#525 = CARTESIAN_POINT('', (0.5500, -41.7000, 0.9526));
#526 = CARTESIAN_POINT('', (-0.0000, -46.3000, 1.1000));
#527 = CARTESIAN_POINT('', (-0.5500, -46.3000, 0.9526));
#528 = CARTESIAN_POINT('', (-0.9526, -46.3000, 0.5500));
#529 = CARTESIAN_POINT('', (-1.1000, -46.3000, 0.0000));
#530 = CARTESIAN_POINT('', (-0.9526, -46.3000, -0.5500));
#531 = CARTESIAN_POINT('', (-0.5500, -46.3000, -0.9526));
#532 = CARTESIAN_POINT('', (-0.0000, -46.3000, -1.1000));
#533 = CARTESIAN_POINT('', (0.5500, -46.3000, -0.9526));
#534 = CARTESIAN_POINT('', (0.9526, -46.3000, -0.5500));
#535 = CARTESIAN_POINT('', (1.1000, -46.3000, -0.0000));
#536 = CARTESIAN_POINT('', (0.9526, -46.3000, 0.5500));
#537 = CARTESIAN_POINT('', (0.5500, -46.3000, 0.9526));
#538 = CARTESIAN_POINT('', (-0.0000, -41.7000, 0.0000));
#539 = CARTESIAN_POINT('', (-0.0000, -46.3000, 0.0000));
#540 = CARTESIAN_POINT('', (30.3349, -30.3349, 4.2000));
#541 = CARTESIAN_POINT('', (29.1984, -31.4714, 3.8803));
#542 = CARTESIAN_POINT('', (28.2349, -32.4349, 2.9698));
#543 = CARTESIAN_POINT('', (27.5911, -33.0787, 1.6073));
#544 = CARTESIAN_POINT('', (27.3650, -33.3047, 0.0000));
#545 = CARTESIAN_POINT('', (27.5911, -33.0787, -1.6073));
#546 = CARTESIAN_POINT('', (28.2349, -32.4349, -2.9698));
#547 = CARTESIAN_POINT('', (29.1984, -31.4714, -3.8803));
#548 = CARTESIAN_POINT('', (30.3349, -30.3349, -4.2000));
#549 = CARTESIAN_POINT('', (31.4714, -29.1984, -3.8803));
#550 = CARTESIAN_POINT('', (32.4349, -28.2349, -2.9698));
#551 = CARTESIAN_POINT('', (33.0787, -27.5911, -1.6073));
#552 = CARTESIAN_POINT('', (33.3047, -27.3650, -0.0000));
#553 = CARTESIAN_POINT('', (33.0787, -27.5911, 1.6073));
#554 = CARTESIAN_POINT('', (32.4349, -28.2349, 2.9698));
#555 = CARTESIAN_POINT('', (31.4714, -29.1984, 3.8803));
#556 = CARTESIAN_POINT('', (31.8905, -31.8905, 4.2000));
#557 = CARTESIAN_POINT('', (30.7540, -33.0270, 3.8803));
#558 = CARTESIAN_POINT('', (29.7905, -33.9905, 2.9698));
#559 = CARTESIAN_POINT('', (29.1467, -34.6343, 1.6073));
#560 = CARTESIAN_POINT('', (28.9207, -34.8604, 0.0000));
#561 = CARTESIAN_POINT('', (29.1467, -34.6343, -1.6073));
#562 = CARTESIAN_POINT('', (29.7905, -33.9905, -2.9698));
#563 = CARTESIAN_POINT('', (30.7540, -33.0270, -3.8803));
#564 = CARTESIAN_POINT('', (31.8905, -31.8905, -4.2000));
#565 = CARTESIAN_POINT('', (33.0270, -30.7540, -3.8803));
#566 = CARTESIAN_POINT('', (33.9905, -29.7905, -2.9698));
#567 = CARTESIAN_POINT('', (34.6343, -29.1467, -1.6073));
#568 = CARTESIAN_POINT('', (34.8604, -28.9207, -0.0000));
#569 = CARTESIAN_POINT('', (34.6343, -29.1467, 1.6073));
#570 = CARTESIAN_POINT('', (33.9905, -29.7905, 2.9698));
#571 = CARTESIAN_POINT('', (33.0270, -30.7540, 3.8803));
#572 = CARTESIAN_POINT('', (30.3349, -30.3349, 0.0000));
#573 = CARTESIAN_POINT('', (31.8905, -31.8905, 0.0000));
#574 = CARTESIAN_POINT('', (29.4864, -29.4864, 1.1000));
#575 = CARTESIAN_POINT('', (29.0974, -29.8753, 0.9526));
#576 = CARTESIAN_POINT('', (28.8127, -30.1600, 0.5500));
#577 = CARTESIAN_POINT('', (28.7085, -30.2642, 0.0000));
#578 = CARTESIAN_POINT('', (28.8127, -30.1600, -0.5500));
#579 = CARTESIAN_POINT('', (29.0974, -29.8753, -0.9526));
#580 = CARTESIAN_POINT('', (29.4864, -29.4864, -1.1000));
#581 = CARTESIAN_POINT('', (29.8753, -29.0974, -0.9526));
#582 = CARTESIAN_POINT('', (30.1600, -28.8127, -0.5500));
#583 = CARTESIAN_POINT('', (30.2642, -28.7085, -0.0000));
#584 = CARTESIAN_POINT('', (30.1600, -28.8127, 0.5500));
#585 = CARTESIAN_POINT('', (29.8753, -29.0974, 0.9526));
#586 = CARTESIAN_POINT('', (32.7390, -32.7390, 1.1000));
#587 = CARTESIAN_POINT('', (32.3501, -33.1280, 0.9526));
#588 = CARTESIAN_POINT('', (32.0654, -33.4127, 0.5500));
#589 = CARTESIAN_POINT('', (31.9612, -33.5169, 0.0000));
#590 = CARTESIAN_POINT('', (32.0654, -33.4127, -0.5500));
#591 = CARTESIAN_POINT('', (32.3501, -33.1280, -0.9526));
#592 = CARTESIAN_POINT('', (32.7390, -32.7390, -1.1000));
#593 = CARTESIAN_POINT('', (33.1280, -32.3501, -0.9526));
#594 = CARTESIAN_POINT('', (33.4127, -32.0654, -0.5500));
#595 = CARTESIAN_POINT('', (33.5169, -31.9612, -0.0000));
#596 = CARTESIAN_POINT('', (33.4127, -32.0654, 0.5500));
#597 = CARTESIAN_POINT('', (33.1280, -32.3501, 0.9526));
#598 = CARTESIAN_POINT('', (29.4864, -29.4864, 0.0000));
#599 = CARTESIAN_POINT('', (32.7390, -32.7390, 0.0000));
#600 = CARTESIAN_POINT('', (-5.5000, 0.0000, 42.7500));
#601 = CARTESIAN_POINT('', (-5.0813, -2.1048, 42.7500));
#602 = CARTESIAN_POINT('', (-3.8891, -3.8891, 42.7500));
#603 = CARTESIAN_POINT('', (-2.1048, -5.0813, 42.7500));
#604 = CARTESIAN_POINT('', (-0.0000, -5.5000, 42.7500));
#605 = CARTESIAN_POINT('', (2.1048, -5.0813, 42.7500));
#606 = CARTESIAN_POINT('', (3.8891, -3.8891, 42.7500));
#607 = CARTESIAN_POINT('', (5.0813, -2.1048, 42.7500));
#608 = CARTESIAN_POINT('', (5.5000, -0.0000, 42.7500));
#609 = CARTESIAN_POINT('', (5.0813, 2.1048, 42.7500));
#610 = CARTESIAN_POINT('', (3.8891, 3.8891, 42.7500));
#611 = CARTESIAN_POINT('', (2.1048, 5.0813, 42.7500));
#612 = CARTESIAN_POINT('', (0.0000, 5.5000, 42.7500));
#613 = CARTESIAN_POINT('', (-2.1048, 5.0813, 42.7500));
#614 = CARTESIAN_POINT('', (-3.8891, 3.8891, 42.7500));
#615 = CARTESIAN_POINT('', (-5.0813, 2.1048, 42.7500));
#616 = CARTESIAN_POINT('', (-5.5000, 0.0000, 45.2500));
#617 = CARTESIAN_POINT('', (-5.0813, -2.1048, 45.2500));
#618 = CARTESIAN_POINT('', (-3.8891, -3.8891, 45.2500));
#619 = CARTESIAN_POINT('', (-2.1048, -5.0813, 45.2500));
#620 = CARTESIAN_POINT('', (-0.0000, -5.5000, 45.2500));
#621 = CARTESIAN_POINT('', (2.1048, -5.0813, 45.2500));
#622 = CARTESIAN_POINT('', (3.8891, -3.8891, 45.2500));
#623 = CARTESIAN_POINT('', (5.0813, -2.1048, 45.2500));
#624 = CARTESIAN_POINT('', (5.5000, -0.0000, 45.2500));
#625 = CARTESIAN_POINT('', (5.0813, 2.1048, 45.2500));
#626 = CARTESIAN_POINT('', (3.8891, 3.8891, 45.2500));
#627 = CARTESIAN_POINT('', (2.1048, 5.0813, 45.2500));
#628 = CARTESIAN_POINT('', (0.0000, 5.5000, 45.2500));
#629 = CARTESIAN_POINT('', (-2.1048, 5.0813, 45.2500));
#630 = CARTESIAN_POINT('', (-3.8891, 3.8891, 45.2500));
#631 = CARTESIAN_POINT('', (-5.0813, 2.1048, 45.2500));
#632 = CARTESIAN_POINT('', (0.0000, 0.0000, 42.7500));
#633 = CARTESIAN_POINT('', (0.0000, 0.0000, 45.2500));
#634 = CARTESIAN_POINT('', (-1.2000, 0.0000, 41.5500));
#635 = CARTESIAN_POINT('', (-1.0392, -0.6000, 41.5500));
#636 = CARTESIAN_POINT('', (-0.6000, -1.0392, 41.5500));
#637 = CARTESIAN_POINT('', (-0.0000, -1.2000, 41.5500));
#638 = CARTESIAN_POINT('', (0.6000, -1.0392, 41.5500));
#639 = CARTESIAN_POINT('', (1.0392, -0.6000, 41.5500));
#640 = CARTESIAN_POINT('', (1.2000, -0.0000, 41.5500));
#641 = CARTESIAN_POINT('', (1.0392, 0.6000, 41.5500));
#642 = CARTESIAN_POINT('', (0.6000, 1.0392, 41.5500));
#643 = CARTESIAN_POINT('', (0.0000, 1.2000, 41.5500));
#644 = CARTESIAN_POINT('', (-0.6000, 1.0392, 41.5500));
#645 = CARTESIAN_POINT('', (-1.0392, 0.6000, 41.5500));
#646 = CARTESIAN_POINT('', (-1.2000, 0.0000, 46.4500));
#647 = CARTESIAN_POINT('', (-1.0392, -0.6000, 46.4500));
#648 = CARTESIAN_POINT('', (-0.6000, -1.0392, 46.4500));
#649 = CARTESIAN_POINT('', (-0.0000, -1.2000, 46.4500));
#650 = CARTESIAN_POINT('', (0.6000, -1.0392, 46.4500));
#651 = CARTESIAN_POINT('', (1.0392, -0.6000, 46.4500));
#652 = CARTESIAN_POINT('', (1.2000, -0.0000, 46.4500));
#653 = CARTESIAN_POINT('', (1.0392, 0.6000, 46.4500));
#654 = CARTESIAN_POINT('', (0.6000, 1.0392, 46.4500));
#655 = CARTESIAN_POINT('', (0.0000, 1.2000, 46.4500));
#656 = CARTESIAN_POINT('', (-0.6000, 1.0392, 46.4500));
#657 = CARTESIAN_POINT('', (-1.0392, 0.6000, 46.4500));
#658 = CARTESIAN_POINT('', (0.0000, 0.0000, 41.5500));
#659 = CARTESIAN_POINT('', (0.0000, 0.0000, 46.4500));
#660 = CARTESIAN_POINT('', (5.5000, 0.0000, -42.7500));
#661 = CARTESIAN_POINT('', (5.0813, -2.1048, -42.7500));
#662 = CARTESIAN_POINT('', (3.8891, -3.8891, -42.7500));
#663 = CARTESIAN_POINT('', (2.1048, -5.0813, -42.7500));
#664 = CARTESIAN_POINT('', (0.0000, -5.5000, -42.7500));
#665 = CARTESIAN_POINT('', (-2.1048, -5.0813, -42.7500));
#666 = CARTESIAN_POINT('', (-3.8891, -3.8891, -42.7500));
#667 = CARTESIAN_POINT('', (-5.0813, -2.1048, -42.7500));
#668 = CARTESIAN_POINT('', (-5.5000, -0.0000, -42.7500));
#669 = CARTESIAN_POINT('', (-5.0813, 2.1048, -42.7500));
#670 = CARTESIAN_POINT('', (-3.8891, 3.8891, -42.7500));
#671 = CARTESIAN_POINT('', (-2.1048, 5.0813, -42.7500));
#672 = CARTESIAN_POINT('', (-0.0000, 5.5000, -42.7500));
#673 = CARTESIAN_POINT('', (2.1048, 5.0813, -42.7500));
#674 = CARTESIAN_POINT('', (3.8891, 3.8891, -42.7500));
#675 = CARTESIAN_POINT('', (5.0813, 2.1048, -42.7500));
#676 = CARTESIAN_POINT('', (5.5000, 0.0000, -45.2500));
#677 = CARTESIAN_POINT('', (5.0813, -2.1048, -45.2500));
#678 = CARTESIAN_POINT('', (3.8891, -3.8891, -45.2500));
#679 = CARTESIAN_POINT('', (2.1048, -5.0813, -45.2500));
#680 = CARTESIAN_POINT('', (0.0000, -5.5000, -45.2500));
#681 = CARTESIAN_POINT('', (-2.1048, -5.0813, -45.2500));
#682 = CARTESIAN_POINT('', (-3.8891, -3.8891, -45.2500));
#683 = CARTESIAN_POINT('', (-5.0813, -2.1048, -45.2500));
#684 = CARTESIAN_POINT('', (-5.5000, -0.0000, -45.2500));
#685 = CARTESIAN_POINT('', (-5.0813, 2.1048, -45.2500));
#686 = CARTESIAN_POINT('', (-3.8891, 3.8891, -45.2500));
#687 = CARTESIAN_POINT('', (-2.1048, 5.0813, -45.2500));
#688 = CARTESIAN_POINT('', (-0.0000, 5.5000, -45.2500));
#689 = CARTESIAN_POINT('', (2.1048, 5.0813, -45.2500));
#690 = CARTESIAN_POINT('', (3.8891, 3.8891, -45.2500));
#691 = CARTESIAN_POINT('', (5.0813, 2.1048, -45.2500));
#692 = CARTESIAN_POINT('', (0.0000, 0.0000, -42.7500));
#693 = CARTESIAN_POINT('', (0.0000, 0.0000, -45.2500));
#694 = CARTESIAN_POINT('', (1.2000, 0.0000, -41.5500));
#695 = CARTESIAN_POINT('', (1.0392, -0.6000, -41.5500));
#696 = CARTESIAN_POINT('', (0.6000, -1.0392, -41.5500));
#697 = CARTESIAN_POINT('', (0.0000, -1.2000, -41.5500));
#698 = CARTESIAN_POINT('', (-0.6000, -1.0392, -41.5500));
#699 = CARTESIAN_POINT('', (-1.0392, -0.6000, -41.5500));
#700 = CARTESIAN_POINT('', (-1.2000, -0.0000, -41.5500));
#701 = CARTESIAN_POINT('', (-1.0392, 0.6000, -41.5500));
#702 = CARTESIAN_POINT('', (-0.6000, 1.0392, -41.5500));
#703 = CARTESIAN_POINT('', (-0.0000, 1.2000, -41.5500));
#704 = CARTESIAN_POINT('', (0.6000, 1.0392, -41.5500));
#705 = CARTESIAN_POINT('', (1.0392, 0.6000, -41.5500));
#706 = CARTESIAN_POINT('', (1.2000, 0.0000, -46.4500));
#707 = CARTESIAN_POINT('', (1.0392, -0.6000, -46.4500));
#708 = CARTESIAN_POINT('', (0.6000, -1.0392, -46.4500));
#709 = CARTESIAN_POINT('', (0.0000, -1.2000, -46.4500));
#710 = CARTESIAN_POINT('', (-0.6000, -1.0392, -46.4500));
#711 = CARTESIAN_POINT('', (-1.0392, -0.6000, -46.4500));
#712 = CARTESIAN_POINT('', (-1.2000, -0.0000, -46.4500));
#713 = CARTESIAN_POINT('', (-1.0392, 0.6000, -46.4500));
#714 = CARTESIAN_POINT('', (-0.6000, 1.0392, -46.4500));
#715 = CARTESIAN_POINT('', (-0.0000, 1.2000, -46.4500));
#716 = CARTESIAN_POINT('', (0.6000, 1.0392, -46.4500));
#717 = CARTESIAN_POINT('', (1.0392, 0.6000, -46.4500));
#718 = CARTESIAN_POINT('', (0.0000, 0.0000, -41.5500));
#719 = CARTESIAN_POINT('', (0.0000, 0.0000, -46.4500));
#720 = CARTESIAN_POINT('', (-1.8000, 0.0000, 44.4500));
#721 = CARTESIAN_POINT('', (1.8000, 0.0000, 44.4500));
#722 = CARTESIAN_POINT('', (-1.8000, 0.0000, 43.5500));
#723 = CARTESIAN_POINT('', (1.8000, 0.0000, 43.5500));
#724 = CARTESIAN_POINT('', (3.1881, 0.0000, 44.3720));
#725 = CARTESIAN_POINT('', (6.7655, 0.0000, 43.9690));
#726 = CARTESIAN_POINT('', (3.0874, 0.0000, 43.4777));
#727 = CARTESIAN_POINT('', (6.6647, 0.0000, 43.0746));
#728 = CARTESIAN_POINT('', (8.1362, 0.0000, 43.7361));
#729 = CARTESIAN_POINT('', (11.6459, 0.0000, 42.9350));
#730 = CARTESIAN_POINT('', (7.9359, 0.0000, 42.8586));
#731 = CARTESIAN_POINT('', (11.4457, 0.0000, 42.0576));
#732 = CARTESIAN_POINT('', (12.9819, 0.0000, 42.5501));
#733 = CARTESIAN_POINT('', (16.3799, 0.0000, 41.3611));
#734 = CARTESIAN_POINT('', (12.6847, 0.0000, 41.7006));
#735 = CARTESIAN_POINT('', (16.0826, 0.0000, 40.5116));
#736 = CARTESIAN_POINT('', (17.6644, 0.0000, 40.8291));
#737 = CARTESIAN_POINT('', (20.9079, 0.0000, 39.2671));
#738 = CARTESIAN_POINT('', (17.2739, 0.0000, 40.0182));
#739 = CARTESIAN_POINT('', (20.5174, 0.0000, 38.4562));
#740 = CARTESIAN_POINT('', (22.1247, 0.0000, 38.5945));
#741 = CARTESIAN_POINT('', (25.1729, 0.0000, 36.6792));
#742 = CARTESIAN_POINT('', (21.6459, 0.0000, 37.8325));
#743 = CARTESIAN_POINT('', (24.6941, 0.0000, 35.9172));
#744 = CARTESIAN_POINT('', (26.3068, 0.0000, 35.8747));
#745 = CARTESIAN_POINT('', (29.1214, 0.0000, 33.6301));
#746 = CARTESIAN_POINT('', (25.7457, 0.0000, 35.1710));
#747 = CARTESIAN_POINT('', (28.5603, 0.0000, 32.9265));
#748 = CARTESIAN_POINT('', (30.1581, 0.0000, 32.7037));
#749 = CARTESIAN_POINT('', (32.7037, 0.0000, 30.1581));
#750 = CARTESIAN_POINT('', (29.5217, 0.0000, 32.0673));
#751 = CARTESIAN_POINT('', (32.0673, 0.0000, 29.5217));
#752 = CARTESIAN_POINT('', (33.6301, 0.0000, 29.1214));
#753 = CARTESIAN_POINT('', (35.8747, 0.0000, 26.3068));
#754 = CARTESIAN_POINT('', (32.9265, 0.0000, 28.5603));
#755 = CARTESIAN_POINT('', (35.1710, 0.0000, 25.7457));
#756 = CARTESIAN_POINT('', (36.6792, 0.0000, 25.1729));
#757 = CARTESIAN_POINT('', (38.5945, 0.0000, 22.1247));
#758 = CARTESIAN_POINT('', (35.9172, 0.0000, 24.6941));
#759 = CARTESIAN_POINT('', (37.8325, 0.0000, 21.6459));
#760 = CARTESIAN_POINT('', (39.2671, 0.0000, 20.9079));
#761 = CARTESIAN_POINT('', (40.8291, 0.0000, 17.6644));
#762 = CARTESIAN_POINT('', (38.4562, 0.0000, 20.5174));
#763 = CARTESIAN_POINT('', (40.0182, 0.0000, 17.2739));
#764 = CARTESIAN_POINT('', (41.3611, 0.0000, 16.3799));
#765 = CARTESIAN_POINT('', (42.5501, 0.0000, 12.9819));
#766 = CARTESIAN_POINT('', (40.5116, 0.0000, 16.0826));
#767 = CARTESIAN_POINT('', (41.7006, 0.0000, 12.6847));
#768 = CARTESIAN_POINT('', (42.9350, 0.0000, 11.6459));
#769 = CARTESIAN_POINT('', (43.7361, 0.0000, 8.1362));
#770 = CARTESIAN_POINT('', (42.0576, 0.0000, 11.4457));
#771 = CARTESIAN_POINT('', (42.8586, 0.0000, 7.9359));
#772 = CARTESIAN_POINT('', (43.9690, 0.0000, 6.7655));
#773 = CARTESIAN_POINT('', (44.3720, 0.0000, 3.1881));
#774 = CARTESIAN_POINT('', (43.0746, 0.0000, 6.6647));
#775 = CARTESIAN_POINT('', (43.4777, 0.0000, 3.0874));
#776 = CARTESIAN_POINT('', (44.4500, 0.0000, 1.8000));
#777 = CARTESIAN_POINT('', (44.4500, 0.0000, -1.8000));
#778 = CARTESIAN_POINT('', (43.5500, 0.0000, 1.8000));
#779 = CARTESIAN_POINT('', (43.5500, 0.0000, -1.8000));
#780 = CARTESIAN_POINT('', (-0.0000, -1.8000, 44.4500));
#781 = CARTESIAN_POINT('', (0.0000, 1.8000, 44.4500));
#782 = CARTESIAN_POINT('', (-0.0000, -1.8000, 43.5500));
#783 = CARTESIAN_POINT('', (0.0000, 1.8000, 43.5500));
#784 = CARTESIAN_POINT('', (0.0000, 3.1881, 44.3720));
#785 = CARTESIAN_POINT('', (0.0000, 6.7655, 43.9690));
#786 = CARTESIAN_POINT('', (0.0000, 3.0874, 43.4777));
#787 = CARTESIAN_POINT('', (0.0000, 6.6647, 43.0746));
#788 = CARTESIAN_POINT('', (0.0000, 8.1362, 43.7361));
#789 = CARTESIAN_POINT('', (0.0000, 11.6459, 42.9350));
#790 = CARTESIAN_POINT('', (0.0000, 7.9359, 42.8586));
#791 = CARTESIAN_POINT('', (0.0000, 11.4457, 42.0576));
#792 = CARTESIAN_POINT('', (0.0000, 12.9819, 42.5501));
#793 = CARTESIAN_POINT('', (0.0000, 16.3799, 41.3611));
#794 = CARTESIAN_POINT('', (0.0000, 12.6847, 41.7006));
#795 = CARTESIAN_POINT('', (0.0000, 16.0826, 40.5116));
#796 = CARTESIAN_POINT('', (0.0000, 17.6644, 40.8291));
#797 = CARTESIAN_POINT('', (0.0000, 20.9079, 39.2671));
#798 = CARTESIAN_POINT('', (0.0000, 17.2739, 40.0182));
#799 = CARTESIAN_POINT('', (0.0000, 20.5174, 38.4562));
#800 = CARTESIAN_POINT('', (0.0000, 22.1247, 38.5945));
#801 = CARTESIAN_POINT('', (0.0000, 25.1729, 36.6792));
#802 = CARTESIAN_POINT('', (0.0000, 21.6459, 37.8325));
#803 = CARTESIAN_POINT('', (0.0000, 24.6941, 35.9172));
#804 = CARTESIAN_POINT('', (0.0000, 26.3068, 35.8747));
#805 = CARTESIAN_POINT('', (0.0000, 29.1214, 33.6301));
#806 = CARTESIAN_POINT('', (0.0000, 25.7457, 35.1710));
#807 = CARTESIAN_POINT('', (0.0000, 28.5603, 32.9265));
#808 = CARTESIAN_POINT('', (0.0000, 30.1581, 32.7037));
#809 = CARTESIAN_POINT('', (0.0000, 32.7037, 30.1581));
#810 = CARTESIAN_POINT('', (0.0000, 29.5217, 32.0673));
#811 = CARTESIAN_POINT('', (0.0000, 32.0673, 29.5217));
#812 = CARTESIAN_POINT('', (0.0000, 33.6301, 29.1214));
#813 = CARTESIAN_POINT('', (0.0000, 35.8747, 26.3068));
#814 = CARTESIAN_POINT('', (0.0000, 32.9265, 28.5603));
#815 = CARTESIAN_POINT('', (0.0000, 35.1710, 25.7457));
#816 = CARTESIAN_POINT('', (0.0000, 36.6792, 25.1729));
#817 = CARTESIAN_POINT('', (0.0000, 38.5945, 22.1247));
#818 = CARTESIAN_POINT('', (0.0000, 35.9172, 24.6941));
#819 = CARTESIAN_POINT('', (0.0000, 37.8325, 21.6459));
#820 = CARTESIAN_POINT('', (0.0000, 39.2671, 20.9079));
#821 = CARTESIAN_POINT('', (0.0000, 40.8291, 17.6644));
#822 = CARTESIAN_POINT('', (0.0000, 38.4562, 20.5174));
#823 = CARTESIAN_POINT('', (0.0000, 40.0182, 17.2739));
#824 = CARTESIAN_POINT('', (0.0000, 41.3611, 16.3799));
#825 = CARTESIAN_POINT('', (0.0000, 42.5501, 12.9819));
#826 = CARTESIAN_POINT('', (0.0000, 40.5116, 16.0826));
#827 = CARTESIAN_POINT('', (0.0000, 41.7006, 12.6847));
#828 = CARTESIAN_POINT('', (0.0000, 42.9350, 11.6459));
#829 = CARTESIAN_POINT('', (0.0000, 43.7361, 8.1362));
#830 = CARTESIAN_POINT('', (0.0000, 42.0576, 11.4457));
#831 = CARTESIAN_POINT('', (0.0000, 42.8586, 7.9359));
#832 = CARTESIAN_POINT('', (0.0000, 43.9690, 6.7655));
#833 = CARTESIAN_POINT('', (0.0000, 44.3720, 3.1881));
#834 = CARTESIAN_POINT('', (0.0000, 43.0746, 6.6647));
#835 = CARTESIAN_POINT('', (0.0000, 43.4777, 3.0874));
#836 = CARTESIAN_POINT('', (0.0000, 44.4500, 1.8000));
#837 = CARTESIAN_POINT('', (0.0000, 44.4500, -1.8000));
#838 = CARTESIAN_POINT('', (0.0000, 43.5500, 1.8000));
#839 = CARTESIAN_POINT('', (0.0000, 43.5500, -1.8000));
#840 = CARTESIAN_POINT('', (1.8000, -0.0000, 44.4500));
#841 = CARTESIAN_POINT('', (-1.8000, 0.0000, 44.4500));
#842 = CARTESIAN_POINT('', (1.8000, -0.0000, 43.5500));
#843 = CARTESIAN_POINT('', (-1.8000, 0.0000, 43.5500));
#844 = CARTESIAN_POINT('', (-3.1881, 0.0000, 44.3720));
#845 = CARTESIAN_POINT('', (-6.7655, 0.0000, 43.9690));
#846 = CARTESIAN_POINT('', (-3.0874, 0.0000, 43.4777));
#847 = CARTESIAN_POINT('', (-6.6647, 0.0000, 43.0746));
#848 = CARTESIAN_POINT('', (-8.1362, 0.0000, 43.7361));
#849 = CARTESIAN_POINT('', (-11.6459, 0.0000, 42.9350));
#850 = CARTESIAN_POINT('', (-7.9359, 0.0000, 42.8586));
#851 = CARTESIAN_POINT('', (-11.4457, 0.0000, 42.0576));
#852 = CARTESIAN_POINT('', (-12.9819, 0.0000, 42.5501));
#853 = CARTESIAN_POINT('', (-16.3799, 0.0000, 41.3611));
#854 = CARTESIAN_POINT('', (-12.6847, 0.0000, 41.7006));
#855 = CARTESIAN_POINT('', (-16.0826, 0.0000, 40.5116));
#856 = CARTESIAN_POINT('', (-17.6644, 0.0000, 40.8291));
#857 = CARTESIAN_POINT('', (-20.9079, 0.0000, 39.2671));
#858 = CARTESIAN_POINT('', (-17.2739, 0.0000, 40.0182));
#859 = CARTESIAN_POINT('', (-20.5174, 0.0000, 38.4562));
#860 = CARTESIAN_POINT('', (-22.1247, 0.0000, 38.5945));
#861 = CARTESIAN_POINT('', (-25.1729, 0.0000, 36.6792));
#862 = CARTESIAN_POINT('', (-21.6459, 0.0000, 37.8325));
#863 = CARTESIAN_POINT('', (-24.6941, 0.0000, 35.9172));
#864 = CARTESIAN_POINT('', (-26.3068, 0.0000, 35.8747));
#865 = CARTESIAN_POINT('', (-29.1214, 0.0000, 33.6301));
#866 = CARTESIAN_POINT('', (-25.7457, 0.0000, 35.1710));
#867 = CARTESIAN_POINT('', (-28.5603, 0.0000, 32.9265));
#868 = CARTESIAN_POINT('', (-30.1581, 0.0000, 32.7037));
#869 = CARTESIAN_POINT('', (-32.7037, 0.0000, 30.1581));
#870 = CARTESIAN_POINT('', (-29.5217, 0.0000, 32.0673));
#871 = CARTESIAN_POINT('', (-32.0673, 0.0000, 29.5217));
#872 = CARTESIAN_POINT('', (-33.6301, 0.0000, 29.1214));
#873 = CARTESIAN_POINT('', (-35.8747, 0.0000, 26.3068));
#874 = CARTESIAN_POINT('', (-32.9265, 0.0000, 28.5603));
#875 = CARTESIAN_POINT('', (-35.1710, 0.0000, 25.7457));
#876 = CARTESIAN_POINT('', (-36.6792, 0.0000, 25.1729));
#877 = CARTESIAN_POINT('', (-38.5945, 0.0000, 22.1247));
#878 = CARTESIAN_POINT('', (-35.9172, 0.0000, 24.6941));
#879 = CARTESIAN_POINT('', (-37.8325, 0.0000, 21.6459));
#880 = CARTESIAN_POINT('', (-39.2671, 0.0000, 20.9079));
#881 = CARTESIAN_POINT('', (-40.8291, 0.0000, 17.6644));
#882 = CARTESIAN_POINT('', (-38.4562, 0.0000, 20.5174));
#883 = CARTESIAN_POINT('', (-40.0182, 0.0000, 17.2739));
#884 = CARTESIAN_POINT('', (-41.3611, 0.0000, 16.3799));
#885 = CARTESIAN_POINT('', (-42.5501, 0.0000, 12.9819));
#886 = CARTESIAN_POINT('', (-40.5116, 0.0000, 16.0826));
#887 = CARTESIAN_POINT('', (-41.7006, 0.0000, 12.6847));
#888 = CARTESIAN_POINT('', (-42.9350, 0.0000, 11.6459));
#889 = CARTESIAN_POINT('', (-43.7361, 0.0000, 8.1362));
#890 = CARTESIAN_POINT('', (-42.0576, 0.0000, 11.4457));
#891 = CARTESIAN_POINT('', (-42.8586, 0.0000, 7.9359));
#892 = CARTESIAN_POINT('', (-43.9690, 0.0000, 6.7655));
#893 = CARTESIAN_POINT('', (-44.3720, 0.0000, 3.1881));
#894 = CARTESIAN_POINT('', (-43.0746, 0.0000, 6.6647));
#895 = CARTESIAN_POINT('', (-43.4777, 0.0000, 3.0874));
#896 = CARTESIAN_POINT('', (-44.4500, 0.0000, 1.8000));
#897 = CARTESIAN_POINT('', (-44.4500, 0.0000, -1.8000));
#898 = CARTESIAN_POINT('', (-43.5500, 0.0000, 1.8000));
#899 = CARTESIAN_POINT('', (-43.5500, 0.0000, -1.8000));
#900 = CARTESIAN_POINT('', (0.0000, 1.8000, 44.4500));
#901 = CARTESIAN_POINT('', (-0.0000, -1.8000, 44.4500));
#902 = CARTESIAN_POINT('', (0.0000, 1.8000, 43.5500));
#903 = CARTESIAN_POINT('', (-0.0000, -1.8000, 43.5500));
#904 = CARTESIAN_POINT('', (-0.0000, -3.1881, 44.3720));
#905 = CARTESIAN_POINT('', (-0.0000, -6.7655, 43.9690));
#906 = CARTESIAN_POINT('', (-0.0000, -3.0874, 43.4777));
#907 = CARTESIAN_POINT('', (-0.0000, -6.6647, 43.0746));
#908 = CARTESIAN_POINT('', (-0.0000, -8.1362, 43.7361));
#909 = CARTESIAN_POINT('', (-0.0000, -11.6459, 42.9350));
#910 = CARTESIAN_POINT('', (-0.0000, -7.9359, 42.8586));
#911 = CARTESIAN_POINT('', (-0.0000, -11.4457, 42.0576));
#912 = CARTESIAN_POINT('', (-0.0000, -12.9819, 42.5501));
#913 = CARTESIAN_POINT('', (-0.0000, -16.3799, 41.3611));
#914 = CARTESIAN_POINT('', (-0.0000, -12.6847, 41.7006));
#915 = CARTESIAN_POINT('', (-0.0000, -16.0826, 40.5116));
#916 = CARTESIAN_POINT('', (-0.0000, -17.6644, 40.8291));
#917 = CARTESIAN_POINT('', (-0.0000, -20.9079, 39.2671));
#918 = CARTESIAN_POINT('', (-0.0000, -17.2739, 40.0182));
#919 = CARTESIAN_POINT('', (-0.0000, -20.5174, 38.4562));
#920 = CARTESIAN_POINT('', (-0.0000, -22.1247, 38.5945));
#921 = CARTESIAN_POINT('', (-0.0000, -25.1729, 36.6792));
#922 = CARTESIAN_POINT('', (-0.0000, -21.6459, 37.8325));
#923 = CARTESIAN_POINT('', (-0.0000, -24.6941, 35.9172));
#924 = CARTESIAN_POINT('', (-0.0000, -26.3068, 35.8747));
#925 = CARTESIAN_POINT('', (-0.0000, -29.1214, 33.6301));
#926 = CARTESIAN_POINT('', (-0.0000, -25.7457, 35.1710));
#927 = CARTESIAN_POINT('', (-0.0000, -28.5603, 32.9265));
#928 = CARTESIAN_POINT('', (-0.0000, -30.1581, 32.7037));
#929 = CARTESIAN_POINT('', (-0.0000, -32.7037, 30.1581));
#930 = CARTESIAN_POINT('', (-0.0000, -29.5217, 32.0673));
#931 = CARTESIAN_POINT('', (-0.0000, -32.0673, 29.5217));
#932 = CARTESIAN_POINT('', (-0.0000, -33.6301, 29.1214));
#933 = CARTESIAN_POINT('', (-0.0000, -35.8747, 26.3068));
#934 = CARTESIAN_POINT('', (-0.0000, -32.9265, 28.5603));
#935 = CARTESIAN_POINT('', (-0.0000, -35.1710, 25.7457));
#936 = CARTESIAN_POINT('', (-0.0000, -36.6792, 25.1729));
#937 = CARTESIAN_POINT('', (-0.0000, -38.5945, 22.1247));
#938 = CARTESIAN_POINT('', (-0.0000, -35.9172, 24.6941));
#939 = CARTESIAN_POINT('', (-0.0000, -37.8325, 21.6459));
#940 = CARTESIAN_POINT('', (-0.0000, -39.2671, 20.9079));
#941 = CARTESIAN_POINT('', (-0.0000, -40.8291, 17.6644));
#942 = CARTESIAN_POINT('', (-0.0000, -38.4562, 20.5174));
#943 = CARTESIAN_POINT('', (-0.0000, -40.0182, 17.2739));
#944 = CARTESIAN_POINT('', (-0.0000, -41.3611, 16.3799));
#945 = CARTESIAN_POINT('', (-0.0000, -42.5501, 12.9819));
#946 = CARTESIAN_POINT('', (-0.0000, -40.5116, 16.0826));
#947 = CARTESIAN_POINT('', (-0.0000, -41.7006, 12.6847));
#948 = CARTESIAN_POINT('', (-0.0000, -42.9350, 11.6459));
#949 = CARTESIAN_POINT('', (-0.0000, -43.7361, 8.1362));
#950 = CARTESIAN_POINT('', (-0.0000, -42.0576, 11.4457));
#951 = CARTESIAN_POINT('', (-0.0000, -42.8586, 7.9359));
#952 = CARTESIAN_POINT('', (-0.0000, -43.9690, 6.7655));
#953 = CARTESIAN_POINT('', (-0.0000, -44.3720, 3.1881));
#954 = CARTESIAN_POINT('', (-0.0000, -43.0746, 6.6647));
#955 = CARTESIAN_POINT('', (-0.0000, -43.4777, 3.0874));
#956 = CARTESIAN_POINT('', (-0.0000, -44.4500, 1.8000));
#957 = CARTESIAN_POINT('', (-0.0000, -44.4500, -1.8000));
#958 = CARTESIAN_POINT('', (-0.0000, -43.5500, 1.8000));
#959 = CARTESIAN_POINT('', (-0.0000, -43.5500, -1.8000));
#960 = CARTESIAN_POINT('', (-1.2728, -1.2728, -44.4500));
#961 = CARTESIAN_POINT('', (1.2728, 1.2728, -44.4500));
#962 = CARTESIAN_POINT('', (-1.2728, -1.2728, -43.5500));
#963 = CARTESIAN_POINT('', (1.2728, 1.2728, -43.5500));
#964 = CARTESIAN_POINT('', (2.2544, 2.2544, -44.3720));
#965 = CARTESIAN_POINT('', (4.7839, 4.7839, -43.9690));
#966 = CARTESIAN_POINT('', (2.1831, 2.1831, -43.4777));
#967 = CARTESIAN_POINT('', (4.7127, 4.7127, -43.0746));
#968 = CARTESIAN_POINT('', (5.7532, 5.7532, -43.7361));
#969 = CARTESIAN_POINT('', (8.2349, 8.2349, -42.9350));
#970 = CARTESIAN_POINT('', (5.6115, 5.6115, -42.8586));
#971 = CARTESIAN_POINT('', (8.0933, 8.0933, -42.0576));
#972 = CARTESIAN_POINT('', (9.1796, 9.1796, -42.5501));
#973 = CARTESIAN_POINT('', (11.5823, 11.5823, -41.3611));
#974 = CARTESIAN_POINT('', (8.9694, 8.9694, -41.7006));
#975 = CARTESIAN_POINT('', (11.3721, 11.3721, -40.5116));
#976 = CARTESIAN_POINT('', (12.4906, 12.4906, -40.8291));
#977 = CARTESIAN_POINT('', (14.7841, 14.7841, -39.2671));
#978 = CARTESIAN_POINT('', (12.2145, 12.2145, -40.0182));
#979 = CARTESIAN_POINT('', (14.5080, 14.5080, -38.4562));
#980 = CARTESIAN_POINT('', (15.6445, 15.6445, -38.5945));
#981 = CARTESIAN_POINT('', (17.7999, 17.7999, -36.6792));
#982 = CARTESIAN_POINT('', (15.3060, 15.3060, -37.8325));
#983 = CARTESIAN_POINT('', (17.4614, 17.4614, -35.9172));
#984 = CARTESIAN_POINT('', (18.6017, 18.6017, -35.8747));
#985 = CARTESIAN_POINT('', (20.5920, 20.5920, -33.6301));
#986 = CARTESIAN_POINT('', (18.2049, 18.2049, -35.1710));
#987 = CARTESIAN_POINT('', (20.1952, 20.1952, -32.9265));
#988 = CARTESIAN_POINT('', (21.3250, 21.3250, -32.7037));
#989 = CARTESIAN_POINT('', (23.1250, 23.1250, -30.1581));
#990 = CARTESIAN_POINT('', (20.8750, 20.8750, -32.0673));
#991 = CARTESIAN_POINT('', (22.6750, 22.6750, -29.5217));
#992 = CARTESIAN_POINT('', (23.7801, 23.7801, -29.1214));
#993 = CARTESIAN_POINT('', (25.3672, 25.3672, -26.3068));
#994 = CARTESIAN_POINT('', (23.2825, 23.2825, -28.5603));
#995 = CARTESIAN_POINT('', (24.8697, 24.8697, -25.7457));
#996 = CARTESIAN_POINT('', (25.9361, 25.9361, -25.1729));
#997 = CARTESIAN_POINT('', (27.2905, 27.2905, -22.1247));
#998 = CARTESIAN_POINT('', (25.3973, 25.3973, -24.6941));
#999 = CARTESIAN_POINT('', (26.7516, 26.7516, -21.6459));
#1000 = CARTESIAN_POINT('', (27.7660, 27.7660, -20.9079));
#1001 = CARTESIAN_POINT('', (28.8705, 28.8705, -17.6644));
#1002 = CARTESIAN_POINT('', (27.1926, 27.1926, -20.5174));
#1003 = CARTESIAN_POINT('', (28.2971, 28.2971, -17.2739));
#1004 = CARTESIAN_POINT('', (29.2467, 29.2467, -16.3799));
#1005 = CARTESIAN_POINT('', (30.0875, 30.0875, -12.9819));
#1006 = CARTESIAN_POINT('', (28.6460, 28.6460, -16.0826));
#1007 = CARTESIAN_POINT('', (29.4868, 29.4868, -12.6847));
#1008 = CARTESIAN_POINT('', (30.3596, 30.3596, -11.6459));
#1009 = CARTESIAN_POINT('', (30.9261, 30.9261, -8.1362));
#1010 = CARTESIAN_POINT('', (29.7392, 29.7392, -11.4457));
#1011 = CARTESIAN_POINT('', (30.3056, 30.3056, -7.9359));
#1012 = CARTESIAN_POINT('', (31.0908, 31.0908, -6.7655));
#1013 = CARTESIAN_POINT('', (31.3758, 31.3758, -3.1881));
#1014 = CARTESIAN_POINT('', (30.4584, 30.4584, -6.6647));
#1015 = CARTESIAN_POINT('', (30.7434, 30.7434, -3.0874));
#1016 = CARTESIAN_POINT('', (31.4309, 31.4309, -1.8000));
#1017 = CARTESIAN_POINT('', (31.4309, 31.4309, 1.8000));
#1018 = CARTESIAN_POINT('', (30.7945, 30.7945, -1.8000));
#1019 = CARTESIAN_POINT('', (30.7945, 30.7945, 1.8000));
#1020 = CARTESIAN_POINT('', (1.2728, -1.2728, -44.4500));
#1021 = CARTESIAN_POINT('', (-1.2728, 1.2728, -44.4500));
#1022 = CARTESIAN_POINT('', (1.2728, -1.2728, -43.5500));
#1023 = CARTESIAN_POINT('', (-1.2728, 1.2728, -43.5500));
#1024 = CARTESIAN_POINT('', (-2.2544, 2.2544, -44.3720));
#1025 = CARTESIAN_POINT('', (-4.7839, 4.7839, -43.9690));
#1026 = CARTESIAN_POINT('', (-2.1831, 2.1831, -43.4777));
#1027 = CARTESIAN_POINT('', (-4.7127, 4.7127, -43.0746));
#1028 = CARTESIAN_POINT('', (-5.7532, 5.7532, -43.7361));
#1029 = CARTESIAN_POINT('', (-8.2349, 8.2349, -42.9350));
#1030 = CARTESIAN_POINT('', (-5.6115, 5.6115, -42.8586));
#1031 = CARTESIAN_POINT('', (-8.0933, 8.0933, -42.0576));
#1032 = CARTESIAN_POINT('', (-9.1796, 9.1796, -42.5501));
#1033 = CARTESIAN_POINT('', (-11.5823, 11.5823, -41.3611));
#1034 = CARTESIAN_POINT('', (-8.9694, 8.9694, -41.7006));
#1035 = CARTESIAN_POINT('', (-11.3721, 11.3721, -40.5116));
#1036 = CARTESIAN_POINT('', (-12.4906, 12.4906, -40.8291));
#1037 = CARTESIAN_POINT('', (-14.7841, 14.7841, -39.2671));
#1038 = CARTESIAN_POINT('', (-12.2145, 12.2145, -40.0182));
#1039 = CARTESIAN_POINT('', (-14.5080, 14.5080, -38.4562));
#1040 = CARTESIAN_POINT('', (-15.6445, 15.6445, -38.5945));
#1041 = CARTESIAN_POINT('', (-17.7999, 17.7999, -36.6792));
#1042 = CARTESIAN_POINT('', (-15.3060, 15.3060, -37.8325));
#1043 = CARTESIAN_POINT('', (-17.4614, 17.4614, -35.9172));
#1044 = CARTESIAN_POINT('', (-18.6017, 18.6017, -35.8747));
#1045 = CARTESIAN_POINT('', (-20.5920, 20.5920, -33.6301));
#1046 = CARTESIAN_POINT('', (-18.2049, 18.2049, -35.1710));
#1047 = CARTESIAN_POINT('', (-20.1952, 20.1952, -32.9265));
#1048 = CARTESIAN_POINT('', (-21.3250, 21.3250, -32.7037));
#1049 = CARTESIAN_POINT('', (-23.1250, 23.1250, -30.1581));
#1050 = CARTESIAN_POINT('', (-20.8750, 20.8750, -32.0673));
#1051 = CARTESIAN_POINT('', (-22.6750, 22.6750, -29.5217));
#1052 = CARTESIAN_POINT('', (-23.7801, 23.7801, -29.1214));
#1053 = CARTESIAN_POINT('', (-25.3672, 25.3672, -26.3068));
#1054 = CARTESIAN_POINT('', (-23.2825, 23.2825, -28.5603));
#1055 = CARTESIAN_POINT('', (-24.8697, 24.8697, -25.7457));
#1056 = CARTESIAN_POINT('', (-25.9361, 25.9361, -25.1729));
#1057 = CARTESIAN_POINT('', (-27.2905, 27.2905, -22.1247));
#1058 = CARTESIAN_POINT('', (-25.3973, 25.3973, -24.6941));
#1059 = CARTESIAN_POINT('', (-26.7516, 26.7516, -21.6459));
#1060 = CARTESIAN_POINT('', (-27.7660, 27.7660, -20.9079));
#1061 = CARTESIAN_POINT('', (-28.8705, 28.8705, -17.6644));
#1062 = CARTESIAN_POINT('', (-27.1926, 27.1926, -20.5174));
#1063 = CARTESIAN_POINT('', (-28.2971, 28.2971, -17.2739));
#1064 = CARTESIAN_POINT('', (-29.2467, 29.2467, -16.3799));
#1065 = CARTESIAN_POINT('', (-30.0875, 30.0875, -12.9819));
#1066 = CARTESIAN_POINT('', (-28.6460, 28.6460, -16.0826));
#1067 = CARTESIAN_POINT('', (-29.4868, 29.4868, -12.6847));
#1068 = CARTESIAN_POINT('', (-30.3596, 30.3596, -11.6459));
#1069 = CARTESIAN_POINT('', (-30.9261, 30.9261, -8.1362));
#1070 = CARTESIAN_POINT('', (-29.7392, 29.7392, -11.4457));
#1071 = CARTESIAN_POINT('', (-30.3056, 30.3056, -7.9359));
#1072 = CARTESIAN_POINT('', (-31.0908, 31.0908, -6.7655));
#1073 = CARTESIAN_POINT('', (-31.3758, 31.3758, -3.1881));
#1074 = CARTESIAN_POINT('', (-30.4584, 30.4584, -6.6647));
#1075 = CARTESIAN_POINT('', (-30.7434, 30.7434, -3.0874));
#1076 = CARTESIAN_POINT('', (-31.4309, 31.4309, -1.8000));
#1077 = CARTESIAN_POINT('', (-31.4309, 31.4309, 1.8000));
#1078 = CARTESIAN_POINT('', (-30.7945, 30.7945, -1.8000));
#1079 = CARTESIAN_POINT('', (-30.7945, 30.7945, 1.8000));
#1080 = CARTESIAN_POINT('', (1.2728, 1.2728, -44.4500));
#1081 = CARTESIAN_POINT('', (-1.2728, -1.2728, -44.4500));
#1082 = CARTESIAN_POINT('', (1.2728, 1.2728, -43.5500));
#1083 = CARTESIAN_POINT('', (-1.2728, -1.2728, -43.5500));
#1084 = CARTESIAN_POINT('', (-2.2544, -2.2544, -44.3720));
#1085 = CARTESIAN_POINT('', (-4.7839, -4.7839, -43.9690));
#1086 = CARTESIAN_POINT('', (-2.1831, -2.1831, -43.4777));
#1087 = CARTESIAN_POINT('', (-4.7127, -4.7127, -43.0746));
#1088 = CARTESIAN_POINT('', (-5.7532, -5.7532, -43.7361));
#1089 = CARTESIAN_POINT('', (-8.2349, -8.2349, -42.9350));
#1090 = CARTESIAN_POINT('', (-5.6115, -5.6115, -42.8586));
#1091 = CARTESIAN_POINT('', (-8.0933, -8.0933, -42.0576));
#1092 = CARTESIAN_POINT('', (-9.1796, -9.1796, -42.5501));
#1093 = CARTESIAN_POINT('', (-11.5823, -11.5823, -41.3611));
#1094 = CARTESIAN_POINT('', (-8.9694, -8.9694, -41.7006));
#1095 = CARTESIAN_POINT('', (-11.3721, -11.3721, -40.5116));
#1096 = CARTESIAN_POINT('', (-12.4906, -12.4906, -40.8291));
#1097 = CARTESIAN_POINT('', (-14.7841, -14.7841, -39.2671));
#1098 = CARTESIAN_POINT('', (-12.2145, -12.2145, -40.0182));
#1099 = CARTESIAN_POINT('', (-14.5080, -14.5080, -38.4562));
#1100 = CARTESIAN_POINT('', (-15.6445, -15.6445, -38.5945));
#1101 = CARTESIAN_POINT('', (-17.7999, -17.7999, -36.6792));
#1102 = CARTESIAN_POINT('', (-15.3060, -15.3060, -37.8325));
#1103 = CARTESIAN_POINT('', (-17.4614, -17.4614, -35.9172));
#1104 = CARTESIAN_POINT('', (-18.6017, -18.6017, -35.8747));
#1105 = CARTESIAN_POINT('', (-20.5920, -20.5920, -33.6301));
#1106 = CARTESIAN_POINT('', (-18.2049, -18.2049, -35.1710));
#1107 = CARTESIAN_POINT('', (-20.1952, -20.1952, -32.9265));
#1108 = CARTESIAN_POINT('', (-21.3250, -21.3250, -32.7037));
#1109 = CARTESIAN_POINT('', (-23.1250, -23.1250, -30.1581));
#1110 = CARTESIAN_POINT('', (-20.8750, -20.8750, -32.0673));
#1111 = CARTESIAN_POINT('', (-22.6750, -22.6750, -29.5217));
#1112 = CARTESIAN_POINT('', (-23.7801, -23.7801, -29.1214));
#1113 = CARTESIAN_POINT('', (-25.3672, -25.3672, -26.3068));
#1114 = CARTESIAN_POINT('', (-23.2825, -23.2825, -28.5603));
#1115 = CARTESIAN_POINT('', (-24.8697, -24.8697, -25.7457));
#1116 = CARTESIAN_POINT('', (-25.9361, -25.9361, -25.1729));
#1117 = CARTESIAN_POINT('', (-27.2905, -27.2905, -22.1247));
#1118 = CARTESIAN_POINT('', (-25.3973, -25.3973, -24.6941));
#1119 = CARTESIAN_POINT('', (-26.7516, -26.7516, -21.6459));
#1120 = CARTESIAN_POINT('', (-27.7660, -27.7660, -20.9079));
#1121 = CARTESIAN_POINT('', (-28.8705, -28.8705, -17.6644));
#1122 = CARTESIAN_POINT('', (-27.1926, -27.1926, -20.5174));
#1123 = CARTESIAN_POINT('', (-28.2971, -28.2971, -17.2739));
#1124 = CARTESIAN_POINT('', (-29.2467, -29.2467, -16.3799));
#1125 = CARTESIAN_POINT('', (-30.0875, -30.0875, -12.9819));
#1126 = CARTESIAN_POINT('', (-28.6460, -28.6460, -16.0826));
#1127 = CARTESIAN_POINT('', (-29.4868, -29.4868, -12.6847));
#1128 = CARTESIAN_POINT('', (-30.3596, -30.3596, -11.6459));
#1129 = CARTESIAN_POINT('', (-30.9261, -30.9261, -8.1362));
#1130 = CARTESIAN_POINT('', (-29.7392, -29.7392, -11.4457));
#1131 = CARTESIAN_POINT('', (-30.3056, -30.3056, -7.9359));
#1132 = CARTESIAN_POINT('', (-31.0908, -31.0908, -6.7655));
#1133 = CARTESIAN_POINT('', (-31.3758, -31.3758, -3.1881));
#1134 = CARTESIAN_POINT('', (-30.4584, -30.4584, -6.6647));
#1135 = CARTESIAN_POINT('', (-30.7434, -30.7434, -3.0874));
#1136 = CARTESIAN_POINT('', (-31.4309, -31.4309, -1.8000));
#1137 = CARTESIAN_POINT('', (-31.4309, -31.4309, 1.8000));
#1138 = CARTESIAN_POINT('', (-30.7945, -30.7945, -1.8000));
#1139 = CARTESIAN_POINT('', (-30.7945, -30.7945, 1.8000));
#1140 = CARTESIAN_POINT('', (-1.2728, 1.2728, -44.4500));
#1141 = CARTESIAN_POINT('', (1.2728, -1.2728, -44.4500));
#1142 = CARTESIAN_POINT('', (-1.2728, 1.2728, -43.5500));
#1143 = CARTESIAN_POINT('', (1.2728, -1.2728, -43.5500));
#1144 = CARTESIAN_POINT('', (2.2544, -2.2544, -44.3720));
#1145 = CARTESIAN_POINT('', (4.7839, -4.7839, -43.9690));
#1146 = CARTESIAN_POINT('', (2.1831, -2.1831, -43.4777));
#1147 = CARTESIAN_POINT('', (4.7127, -4.7127, -43.0746));
#1148 = CARTESIAN_POINT('', (5.7532, -5.7532, -43.7361));
#1149 = CARTESIAN_POINT('', (8.2349, -8.2349, -42.9350));
#1150 = CARTESIAN_POINT('', (5.6115, -5.6115, -42.8586));
#1151 = CARTESIAN_POINT('', (8.0933, -8.0933, -42.0576));
#1152 = CARTESIAN_POINT('', (9.1796, -9.1796, -42.5501));
#1153 = CARTESIAN_POINT('', (11.5823, -11.5823, -41.3611));
#1154 = CARTESIAN_POINT('', (8.9694, -8.9694, -41.7006));
#1155 = CARTESIAN_POINT('', (11.3721, -11.3721, -40.5116));
#1156 = CARTESIAN_POINT('', (12.4906, -12.4906, -40.8291));
#1157 = CARTESIAN_POINT('', (14.7841, -14.7841, -39.2671));
#1158 = CARTESIAN_POINT('', (12.2145, -12.2145, -40.0182));
#1159 = CARTESIAN_POINT('', (14.5080, -14.5080, -38.4562));
#1160 = CARTESIAN_POINT('', (15.6445, -15.6445, -38.5945));
#1161 = CARTESIAN_POINT('', (17.7999, -17.7999, -36.6792));
#1162 = CARTESIAN_POINT('', (15.3060, -15.3060, -37.8325));
#1163 = CARTESIAN_POINT('', (17.4614, -17.4614, -35.9172));
#1164 = CARTESIAN_POINT('', (18.6017, -18.6017, -35.8747));
#1165 = CARTESIAN_POINT('', (20.5920, -20.5920, -33.6301));
#1166 = CARTESIAN_POINT('', (18.2049, -18.2049, -35.1710));
#1167 = CARTESIAN_POINT('', (20.1952, -20.1952, -32.9265));
#1168 = CARTESIAN_POINT('', (21.3250, -21.3250, -32.7037));
#1169 = CARTESIAN_POINT('', (23.1250, -23.1250, -30.1581));
#1170 = CARTESIAN_POINT('', (20.8750, -20.8750, -32.0673));
#1171 = CARTESIAN_POINT('', (22.6750, -22.6750, -29.5217));
#1172 = CARTESIAN_POINT('', (23.7801, -23.7801, -29.1214));
#1173 = CARTESIAN_POINT('', (25.3672, -25.3672, -26.3068));
#1174 = CARTESIAN_POINT('', (23.2825, -23.2825, -28.5603));
#1175 = CARTESIAN_POINT('', (24.8697, -24.8697, -25.7457));
#1176 = CARTESIAN_POINT('', (25.9361, -25.9361, -25.1729));
#1177 = CARTESIAN_POINT('', (27.2905, -27.2905, -22.1247));
#1178 = CARTESIAN_POINT('', (25.3973, -25.3973, -24.6941));
#1179 = CARTESIAN_POINT('', (26.7516, -26.7516, -21.6459));
#1180 = CARTESIAN_POINT('', (27.7660, -27.7660, -20.9079));
#1181 = CARTESIAN_POINT('', (28.8705, -28.8705, -17.6644));
#1182 = CARTESIAN_POINT('', (27.1926, -27.1926, -20.5174));
#1183 = CARTESIAN_POINT('', (28.2971, -28.2971, -17.2739));
#1184 = CARTESIAN_POINT('', (29.2467, -29.2467, -16.3799));
#1185 = CARTESIAN_POINT('', (30.0875, -30.0875, -12.9819));
#1186 = CARTESIAN_POINT('', (28.6460, -28.6460, -16.0826));
#1187 = CARTESIAN_POINT('', (29.4868, -29.4868, -12.6847));
#1188 = CARTESIAN_POINT('', (30.3596, -30.3596, -11.6459));
#1189 = CARTESIAN_POINT('', (30.9261, -30.9261, -8.1362));
#1190 = CARTESIAN_POINT('', (29.7392, -29.7392, -11.4457));
#1191 = CARTESIAN_POINT('', (30.3056, -30.3056, -7.9359));
#1192 = CARTESIAN_POINT('', (31.0908, -31.0908, -6.7655));
#1193 = CARTESIAN_POINT('', (31.3758, -31.3758, -3.1881));
#1194 = CARTESIAN_POINT('', (30.4584, -30.4584, -6.6647));
#1195 = CARTESIAN_POINT('', (30.7434, -30.7434, -3.0874));
#1196 = CARTESIAN_POINT('', (31.4309, -31.4309, -1.8000));
#1197 = CARTESIAN_POINT('', (31.4309, -31.4309, 1.8000));
#1198 = CARTESIAN_POINT('', (30.7945, -30.7945, -1.8000));
#1199 = CARTESIAN_POINT('', (30.7945, -30.7945, 1.8000));
#1200 = CARTESIAN_POINT('', (44.4500, -1.8000, 0.0000));
#1201 = CARTESIAN_POINT('', (44.4500, 1.8000, 0.0000));
#1202 = CARTESIAN_POINT('', (43.5500, -1.8000, 0.0000));
#1203 = CARTESIAN_POINT('', (43.5500, 1.8000, 0.0000));
#1204 = CARTESIAN_POINT('', (44.4124, 2.5655, 0.0000));
#1205 = CARTESIAN_POINT('', (44.0595, 6.1482, 0.0000));
#1206 = CARTESIAN_POINT('', (43.5167, 2.4773, 0.0000));
#1207 = CARTESIAN_POINT('', (43.1639, 6.0600, 0.0000));
#1208 = CARTESIAN_POINT('', (43.9471, 6.9064, 0.0000));
#1209 = CARTESIAN_POINT('', (43.2447, 10.4372, 0.0000));
#1210 = CARTESIAN_POINT('', (43.0644, 6.7308, 0.0000));
#1211 = CARTESIAN_POINT('', (42.3620, 10.2616, 0.0000));
#1212 = CARTESIAN_POINT('', (43.0585, 11.1807, 0.0000));
#1213 = CARTESIAN_POINT('', (42.0135, 14.6256, 0.0000));
#1214 = CARTESIAN_POINT('', (42.1973, 10.9194, 0.0000));
#1215 = CARTESIAN_POINT('', (41.1522, 14.3644, 0.0000));
#1216 = CARTESIAN_POINT('', (41.7553, 15.3473, 0.0000));
#1217 = CARTESIAN_POINT('', (40.3776, 18.6733, 0.0000));
#1218 = CARTESIAN_POINT('', (40.9238, 15.0029, 0.0000));
#1219 = CARTESIAN_POINT('', (39.5461, 18.3288, 0.0000));
#1220 = CARTESIAN_POINT('', (40.0499, 19.3661, 0.0000));
#1221 = CARTESIAN_POINT('', (38.3529, 22.5410, 0.0000));
#1222 = CARTESIAN_POINT('', (39.2562, 18.9419, 0.0000));
#1223 = CARTESIAN_POINT('', (37.5592, 22.1168, 0.0000));
#1224 = CARTESIAN_POINT('', (37.9589, 23.1985, 0.0000));
#1225 = CARTESIAN_POINT('', (35.9588, 26.1917, 0.0000));
#1226 = CARTESIAN_POINT('', (37.2105, 22.6984, 0.0000));
#1227 = CARTESIAN_POINT('', (35.2105, 25.6917, 0.0000));
#1228 = CARTESIAN_POINT('', (35.5022, 26.8074, 0.0000));
#1229 = CARTESIAN_POINT('', (33.2184, 29.5902, 0.0000));
#1230 = CARTESIAN_POINT('', (34.8065, 26.2364, 0.0000));
#1231 = CARTESIAN_POINT('', (32.5227, 29.0192, 0.0000));
#1232 = CARTESIAN_POINT('', (32.7037, 30.1581, 0.0000));
#1233 = CARTESIAN_POINT('', (30.1581, 32.7037, 0.0000));
#1234 = CARTESIAN_POINT('', (32.0673, 29.5217, 0.0000));
#1235 = CARTESIAN_POINT('', (29.5217, 32.0673, 0.0000));
#1236 = CARTESIAN_POINT('', (32.7037, 30.1581, 0.0000));
#1237 = CARTESIAN_POINT('', (30.1581, 32.7037, 0.0000));
#1238 = CARTESIAN_POINT('', (32.0673, 29.5217, 0.0000));
#1239 = CARTESIAN_POINT('', (29.5217, 32.0673, 0.0000));
#1240 = CARTESIAN_POINT('', (29.5902, 33.2184, 0.0000));
#1241 = CARTESIAN_POINT('', (26.8074, 35.5022, 0.0000));
#1242 = CARTESIAN_POINT('', (29.0192, 32.5227, 0.0000));
#1243 = CARTESIAN_POINT('', (26.2364, 34.8065, 0.0000));
#1244 = CARTESIAN_POINT('', (26.1917, 35.9588, 0.0000));
#1245 = CARTESIAN_POINT('', (23.1985, 37.9589, 0.0000));
#1246 = CARTESIAN_POINT('', (25.6917, 35.2105, 0.0000));
#1247 = CARTESIAN_POINT('', (22.6984, 37.2105, 0.0000));
#1248 = CARTESIAN_POINT('', (22.5410, 38.3529, 0.0000));
#1249 = CARTESIAN_POINT('', (19.3661, 40.0499, 0.0000));
#1250 = CARTESIAN_POINT('', (22.1168, 37.5592, 0.0000));
#1251 = CARTESIAN_POINT('', (18.9419, 39.2562, 0.0000));
#1252 = CARTESIAN_POINT('', (18.6733, 40.3776, 0.0000));
#1253 = CARTESIAN_POINT('', (15.3473, 41.7553, 0.0000));
#1254 = CARTESIAN_POINT('', (18.3288, 39.5461, 0.0000));
#1255 = CARTESIAN_POINT('', (15.0029, 40.9238, 0.0000));
#1256 = CARTESIAN_POINT('', (14.6256, 42.0135, 0.0000));
#1257 = CARTESIAN_POINT('', (11.1807, 43.0585, 0.0000));
#1258 = CARTESIAN_POINT('', (14.3644, 41.1522, 0.0000));
#1259 = CARTESIAN_POINT('', (10.9194, 42.1973, 0.0000));
#1260 = CARTESIAN_POINT('', (10.4372, 43.2447, 0.0000));
#1261 = CARTESIAN_POINT('', (6.9064, 43.9471, 0.0000));
#1262 = CARTESIAN_POINT('', (10.2616, 42.3620, 0.0000));
#1263 = CARTESIAN_POINT('', (6.7308, 43.0644, 0.0000));
#1264 = CARTESIAN_POINT('', (6.1482, 44.0595, 0.0000));
#1265 = CARTESIAN_POINT('', (2.5655, 44.4124, 0.0000));
#1266 = CARTESIAN_POINT('', (6.0600, 43.1639, 0.0000));
#1267 = CARTESIAN_POINT('', (2.4773, 43.5167, 0.0000));
#1268 = CARTESIAN_POINT('', (1.8000, 44.4500, 0.0000));
#1269 = CARTESIAN_POINT('', (-1.8000, 44.4500, 0.0000));
#1270 = CARTESIAN_POINT('', (1.8000, 43.5500, 0.0000));
#1271 = CARTESIAN_POINT('', (-1.8000, 43.5500, 0.0000));
#1272 = CARTESIAN_POINT('', (1.8000, 44.4500, 0.0000));
#1273 = CARTESIAN_POINT('', (-1.8000, 44.4500, 0.0000));
#1274 = CARTESIAN_POINT('', (1.8000, 43.5500, 0.0000));
#1275 = CARTESIAN_POINT('', (-1.8000, 43.5500, 0.0000));
#1276 = CARTESIAN_POINT('', (-2.5655, 44.4124, 0.0000));
#1277 = CARTESIAN_POINT('', (-6.1482, 44.0595, 0.0000));
#1278 = CARTESIAN_POINT('', (-2.4773, 43.5167, 0.0000));
#1279 = CARTESIAN_POINT('', (-6.0600, 43.1639, 0.0000));
#1280 = CARTESIAN_POINT('', (-6.9064, 43.9471, 0.0000));
#1281 = CARTESIAN_POINT('', (-10.4372, 43.2447, 0.0000));
#1282 = CARTESIAN_POINT('', (-6.7308, 43.0644, 0.0000));
#1283 = CARTESIAN_POINT('', (-10.2616, 42.3620, 0.0000));
#1284 = CARTESIAN_POINT('', (-11.1807, 43.0585, 0.0000));
#1285 = CARTESIAN_POINT('', (-14.6256, 42.0135, 0.0000));
#1286 = CARTESIAN_POINT('', (-10.9194, 42.1973, 0.0000));
#1287 = CARTESIAN_POINT('', (-14.3644, 41.1522, 0.0000));
#1288 = CARTESIAN_POINT('', (-15.3473, 41.7553, 0.0000));
#1289 = CARTESIAN_POINT('', (-18.6733, 40.3776, 0.0000));
#1290 = CARTESIAN_POINT('', (-15.0029, 40.9238, 0.0000));
#1291 = CARTESIAN_POINT('', (-18.3288, 39.5461, 0.0000));
#1292 = CARTESIAN_POINT('', (-19.3661, 40.0499, 0.0000));
#1293 = CARTESIAN_POINT('', (-22.5410, 38.3529, 0.0000));
#1294 = CARTESIAN_POINT('', (-18.9419, 39.2562, 0.0000));
#1295 = CARTESIAN_POINT('', (-22.1168, 37.5592, 0.0000));
#1296 = CARTESIAN_POINT('', (-23.1985, 37.9589, 0.0000));
#1297 = CARTESIAN_POINT('', (-26.1917, 35.9588, 0.0000));
#1298 = CARTESIAN_POINT('', (-22.6984, 37.2105, 0.0000));
#1299 = CARTESIAN_POINT('', (-25.6917, 35.2105, 0.0000));
#1300 = CARTESIAN_POINT('', (-26.8074, 35.5022, 0.0000));
#1301 = CARTESIAN_POINT('', (-29.5902, 33.2184, 0.0000));
#1302 = CARTESIAN_POINT('', (-26.2364, 34.8065, 0.0000));
#1303 = CARTESIAN_POINT('', (-29.0192, 32.5227, 0.0000));
#1304 = CARTESIAN_POINT('', (-30.1581, 32.7037, 0.0000));
#1305 = CARTESIAN_POINT('', (-32.7037, 30.1581, 0.0000));
#1306 = CARTESIAN_POINT('', (-29.5217, 32.0673, 0.0000));
#1307 = CARTESIAN_POINT('', (-32.0673, 29.5217, 0.0000));
#1308 = CARTESIAN_POINT('', (-30.1581, 32.7037, 0.0000));
#1309 = CARTESIAN_POINT('', (-32.7037, 30.1581, 0.0000));
#1310 = CARTESIAN_POINT('', (-29.5217, 32.0673, 0.0000));
#1311 = CARTESIAN_POINT('', (-32.0673, 29.5217, 0.0000));
#1312 = CARTESIAN_POINT('', (-33.2184, 29.5902, 0.0000));
#1313 = CARTESIAN_POINT('', (-35.5022, 26.8074, 0.0000));
#1314 = CARTESIAN_POINT('', (-32.5227, 29.0192, 0.0000));
#1315 = CARTESIAN_POINT('', (-34.8065, 26.2364, 0.0000));
#1316 = CARTESIAN_POINT('', (-35.9588, 26.1917, 0.0000));
#1317 = CARTESIAN_POINT('', (-37.9589, 23.1985, 0.0000));
#1318 = CARTESIAN_POINT('', (-35.2105, 25.6917, 0.0000));
#1319 = CARTESIAN_POINT('', (-37.2105, 22.6984, 0.0000));
#1320 = CARTESIAN_POINT('', (-38.3529, 22.5410, 0.0000));
#1321 = CARTESIAN_POINT('', (-40.0499, 19.3661, 0.0000));
#1322 = CARTESIAN_POINT('', (-37.5592, 22.1168, 0.0000));
#1323 = CARTESIAN_POINT('', (-39.2562, 18.9419, 0.0000));
#1324 = CARTESIAN_POINT('', (-40.3776, 18.6733, 0.0000));
#1325 = CARTESIAN_POINT('', (-41.7553, 15.3473, 0.0000));
#1326 = CARTESIAN_POINT('', (-39.5461, 18.3288, 0.0000));
#1327 = CARTESIAN_POINT('', (-40.9238, 15.0029, 0.0000));
#1328 = CARTESIAN_POINT('', (-42.0135, 14.6256, 0.0000));
#1329 = CARTESIAN_POINT('', (-43.0585, 11.1807, 0.0000));
#1330 = CARTESIAN_POINT('', (-41.1522, 14.3644, 0.0000));
#1331 = CARTESIAN_POINT('', (-42.1973, 10.9194, 0.0000));
#1332 = CARTESIAN_POINT('', (-43.2447, 10.4372, 0.0000));
#1333 = CARTESIAN_POINT('', (-43.9471, 6.9064, 0.0000));
#1334 = CARTESIAN_POINT('', (-42.3620, 10.2616, 0.0000));
#1335 = CARTESIAN_POINT('', (-43.0644, 6.7308, 0.0000));
#1336 = CARTESIAN_POINT('', (-44.0595, 6.1482, 0.0000));
#1337 = CARTESIAN_POINT('', (-44.4124, 2.5655, 0.0000));
#1338 = CARTESIAN_POINT('', (-43.1639, 6.0600, 0.0000));
#1339 = CARTESIAN_POINT('', (-43.5167, 2.4773, 0.0000));
#1340 = CARTESIAN_POINT('', (-44.4500, 1.8000, 0.0000));
#1341 = CARTESIAN_POINT('', (-44.4500, -1.8000, 0.0000));
#1342 = CARTESIAN_POINT('', (-43.5500, 1.8000, 0.0000));
#1343 = CARTESIAN_POINT('', (-43.5500, -1.8000, 0.0000));
#1344 = CARTESIAN_POINT('', (-44.4500, 1.8000, 0.0000));
#1345 = CARTESIAN_POINT('', (-44.4500, -1.8000, 0.0000));
#1346 = CARTESIAN_POINT('', (-43.5500, 1.8000, 0.0000));
#1347 = CARTESIAN_POINT('', (-43.5500, -1.8000, 0.0000));
#1348 = CARTESIAN_POINT('', (-44.4124, -2.5655, 0.0000));
#1349 = CARTESIAN_POINT('', (-44.0595, -6.1482, 0.0000));
#1350 = CARTESIAN_POINT('', (-43.5167, -2.4773, 0.0000));
#1351 = CARTESIAN_POINT('', (-43.1639, -6.0600, 0.0000));
#1352 = CARTESIAN_POINT('', (-43.9471, -6.9064, 0.0000));
#1353 = CARTESIAN_POINT('', (-43.2447, -10.4372, 0.0000));
#1354 = CARTESIAN_POINT('', (-43.0644, -6.7308, 0.0000));
#1355 = CARTESIAN_POINT('', (-42.3620, -10.2616, 0.0000));
#1356 = CARTESIAN_POINT('', (-43.0585, -11.1807, 0.0000));
#1357 = CARTESIAN_POINT('', (-42.0135, -14.6256, 0.0000));
#1358 = CARTESIAN_POINT('', (-42.1973, -10.9194, 0.0000));
#1359 = CARTESIAN_POINT('', (-41.1522, -14.3644, 0.0000));
#1360 = CARTESIAN_POINT('', (-41.7553, -15.3473, 0.0000));
#1361 = CARTESIAN_POINT('', (-40.3776, -18.6733, 0.0000));
#1362 = CARTESIAN_POINT('', (-40.9238, -15.0029, 0.0000));
#1363 = CARTESIAN_POINT('', (-39.5461, -18.3288, 0.0000));
#1364 = CARTESIAN_POINT('', (-40.0499, -19.3661, 0.0000));
#1365 = CARTESIAN_POINT('', (-38.3529, -22.5410, 0.0000));
#1366 = CARTESIAN_POINT('', (-39.2562, -18.9419, 0.0000));
#1367 = CARTESIAN_POINT('', (-37.5592, -22.1168, 0.0000));
#1368 = CARTESIAN_POINT('', (-37.9589, -23.1985, 0.0000));
#1369 = CARTESIAN_POINT('', (-35.9588, -26.1917, 0.0000));
#1370 = CARTESIAN_POINT('', (-37.2105, -22.6984, 0.0000));
#1371 = CARTESIAN_POINT('', (-35.2105, -25.6917, 0.0000));
#1372 = CARTESIAN_POINT('', (-35.5022, -26.8074, 0.0000));
#1373 = CARTESIAN_POINT('', (-33.2184, -29.5902, 0.0000));
#1374 = CARTESIAN_POINT('', (-34.8065, -26.2364, 0.0000));
#1375 = CARTESIAN_POINT('', (-32.5227, -29.0192, 0.0000));
#1376 = CARTESIAN_POINT('', (-32.7037, -30.1581, 0.0000));
#1377 = CARTESIAN_POINT('', (-30.1581, -32.7037, 0.0000));
#1378 = CARTESIAN_POINT('', (-32.0673, -29.5217, 0.0000));
#1379 = CARTESIAN_POINT('', (-29.5217, -32.0673, 0.0000));
#1380 = CARTESIAN_POINT('', (-32.7037, -30.1581, 0.0000));
#1381 = CARTESIAN_POINT('', (-30.1581, -32.7037, 0.0000));
#1382 = CARTESIAN_POINT('', (-32.0673, -29.5217, 0.0000));
#1383 = CARTESIAN_POINT('', (-29.5217, -32.0673, 0.0000));
#1384 = CARTESIAN_POINT('', (-29.5902, -33.2184, 0.0000));
#1385 = CARTESIAN_POINT('', (-26.8074, -35.5022, 0.0000));
#1386 = CARTESIAN_POINT('', (-29.0192, -32.5227, 0.0000));
#1387 = CARTESIAN_POINT('', (-26.2364, -34.8065, 0.0000));
#1388 = CARTESIAN_POINT('', (-26.1917, -35.9588, 0.0000));
#1389 = CARTESIAN_POINT('', (-23.1985, -37.9589, 0.0000));
#1390 = CARTESIAN_POINT('', (-25.6917, -35.2105, 0.0000));
#1391 = CARTESIAN_POINT('', (-22.6984, -37.2105, 0.0000));
#1392 = CARTESIAN_POINT('', (-22.5410, -38.3529, 0.0000));
#1393 = CARTESIAN_POINT('', (-19.3661, -40.0499, 0.0000));
#1394 = CARTESIAN_POINT('', (-22.1168, -37.5592, 0.0000));
#1395 = CARTESIAN_POINT('', (-18.9419, -39.2562, 0.0000));
#1396 = CARTESIAN_POINT('', (-18.6733, -40.3776, 0.0000));
#1397 = CARTESIAN_POINT('', (-15.3473, -41.7553, 0.0000));
#1398 = CARTESIAN_POINT('', (-18.3288, -39.5461, 0.0000));
#1399 = CARTESIAN_POINT('', (-15.0029, -40.9238, 0.0000));
#1400 = CARTESIAN_POINT('', (-14.6256, -42.0135, 0.0000));
#1401 = CARTESIAN_POINT('', (-11.1807, -43.0585, 0.0000));
#1402 = CARTESIAN_POINT('', (-14.3644, -41.1522, 0.0000));
#1403 = CARTESIAN_POINT('', (-10.9194, -42.1973, 0.0000));
#1404 = CARTESIAN_POINT('', (-10.4372, -43.2447, 0.0000));
#1405 = CARTESIAN_POINT('', (-6.9064, -43.9471, 0.0000));
#1406 = CARTESIAN_POINT('', (-10.2616, -42.3620, 0.0000));
#1407 = CARTESIAN_POINT('', (-6.7308, -43.0644, 0.0000));
#1408 = CARTESIAN_POINT('', (-6.1482, -44.0595, 0.0000));
#1409 = CARTESIAN_POINT('', (-2.5655, -44.4124, 0.0000));
#1410 = CARTESIAN_POINT('', (-6.0600, -43.1639, 0.0000));
#1411 = CARTESIAN_POINT('', (-2.4773, -43.5167, 0.0000));
#1412 = CARTESIAN_POINT('', (-1.8000, -44.4500, 0.0000));
#1413 = CARTESIAN_POINT('', (1.8000, -44.4500, 0.0000));
#1414 = CARTESIAN_POINT('', (-1.8000, -43.5500, 0.0000));
#1415 = CARTESIAN_POINT('', (1.8000, -43.5500, 0.0000));
#1416 = CARTESIAN_POINT('', (-1.8000, -44.4500, 0.0000));
#1417 = CARTESIAN_POINT('', (1.8000, -44.4500, 0.0000));
#1418 = CARTESIAN_POINT('', (-1.8000, -43.5500, 0.0000));
#1419 = CARTESIAN_POINT('', (1.8000, -43.5500, 0.0000));
#1420 = CARTESIAN_POINT('', (2.5655, -44.4124, 0.0000));
#1421 = CARTESIAN_POINT('', (6.1482, -44.0595, 0.0000));
#1422 = CARTESIAN_POINT('', (2.4773, -43.5167, 0.0000));
#1423 = CARTESIAN_POINT('', (6.0600, -43.1639, 0.0000));
#1424 = CARTESIAN_POINT('', (6.9064, -43.9471, 0.0000));
#1425 = CARTESIAN_POINT('', (10.4372, -43.2447, 0.0000));
#1426 = CARTESIAN_POINT('', (6.7308, -43.0644, 0.0000));
#1427 = CARTESIAN_POINT('', (10.2616, -42.3620, 0.0000));
#1428 = CARTESIAN_POINT('', (11.1807, -43.0585, 0.0000));
#1429 = CARTESIAN_POINT('', (14.6256, -42.0135, 0.0000));
#1430 = CARTESIAN_POINT('', (10.9194, -42.1973, 0.0000));
#1431 = CARTESIAN_POINT('', (14.3644, -41.1522, 0.0000));
#1432 = CARTESIAN_POINT('', (15.3473, -41.7553, 0.0000));
#1433 = CARTESIAN_POINT('', (18.6733, -40.3776, 0.0000));
#1434 = CARTESIAN_POINT('', (15.0029, -40.9238, 0.0000));
#1435 = CARTESIAN_POINT('', (18.3288, -39.5461, 0.0000));
#1436 = CARTESIAN_POINT('', (19.3661, -40.0499, 0.0000));
#1437 = CARTESIAN_POINT('', (22.5410, -38.3529, 0.0000));
#1438 = CARTESIAN_POINT('', (18.9419, -39.2562, 0.0000));
#1439 = CARTESIAN_POINT('', (22.1168, -37.5592, 0.0000));
#1440 = CARTESIAN_POINT('', (23.1985, -37.9589, 0.0000));
#1441 = CARTESIAN_POINT('', (26.1917, -35.9588, 0.0000));
#1442 = CARTESIAN_POINT('', (22.6984, -37.2105, 0.0000));
#1443 = CARTESIAN_POINT('', (25.6917, -35.2105, 0.0000));
#1444 = CARTESIAN_POINT('', (26.8074, -35.5022, 0.0000));
#1445 = CARTESIAN_POINT('', (29.5902, -33.2184, 0.0000));
#1446 = CARTESIAN_POINT('', (26.2364, -34.8065, 0.0000));
#1447 = CARTESIAN_POINT('', (29.0192, -32.5227, 0.0000));
#1448 = CARTESIAN_POINT('', (30.1581, -32.7037, 0.0000));
#1449 = CARTESIAN_POINT('', (32.7037, -30.1581, 0.0000));
#1450 = CARTESIAN_POINT('', (29.5217, -32.0673, 0.0000));
#1451 = CARTESIAN_POINT('', (32.0673, -29.5217, 0.0000));
#1452 = CARTESIAN_POINT('', (30.1581, -32.7037, 0.0000));
#1453 = CARTESIAN_POINT('', (32.7037, -30.1581, 0.0000));
#1454 = CARTESIAN_POINT('', (29.5217, -32.0673, 0.0000));
#1455 = CARTESIAN_POINT('', (32.0673, -29.5217, 0.0000));
#1456 = CARTESIAN_POINT('', (33.2184, -29.5902, 0.0000));
#1457 = CARTESIAN_POINT('', (35.5022, -26.8074, 0.0000));
#1458 = CARTESIAN_POINT('', (32.5227, -29.0192, 0.0000));
#1459 = CARTESIAN_POINT('', (34.8065, -26.2364, 0.0000));
#1460 = CARTESIAN_POINT('', (35.9588, -26.1917, 0.0000));
#1461 = CARTESIAN_POINT('', (37.9589, -23.1985, 0.0000));
#1462 = CARTESIAN_POINT('', (35.2105, -25.6917, 0.0000));
#1463 = CARTESIAN_POINT('', (37.2105, -22.6984, 0.0000));
#1464 = CARTESIAN_POINT('', (38.3529, -22.5410, 0.0000));
#1465 = CARTESIAN_POINT('', (40.0499, -19.3661, 0.0000));
#1466 = CARTESIAN_POINT('', (37.5592, -22.1168, 0.0000));
#1467 = CARTESIAN_POINT('', (39.2562, -18.9419, 0.0000));
#1468 = CARTESIAN_POINT('', (40.3776, -18.6733, 0.0000));
#1469 = CARTESIAN_POINT('', (41.7553, -15.3473, 0.0000));
#1470 = CARTESIAN_POINT('', (39.5461, -18.3288, 0.0000));
#1471 = CARTESIAN_POINT('', (40.9238, -15.0029, 0.0000));
#1472 = CARTESIAN_POINT('', (42.0135, -14.6256, 0.0000));
#1473 = CARTESIAN_POINT('', (43.0585, -11.1807, 0.0000));
#1474 = CARTESIAN_POINT('', (41.1522, -14.3644, 0.0000));
#1475 = CARTESIAN_POINT('', (42.1973, -10.9194, 0.0000));
#1476 = CARTESIAN_POINT('', (43.2447, -10.4372, 0.0000));
#1477 = CARTESIAN_POINT('', (43.9471, -6.9064, 0.0000));
#1478 = CARTESIAN_POINT('', (42.3620, -10.2616, 0.0000));
#1479 = CARTESIAN_POINT('', (43.0644, -6.7308, 0.0000));
#1480 = CARTESIAN_POINT('', (44.0595, -6.1482, 0.0000));
#1481 = CARTESIAN_POINT('', (44.4124, -2.5655, 0.0000));
#1482 = CARTESIAN_POINT('', (43.1639, -6.0600, 0.0000));
#1483 = CARTESIAN_POINT('', (43.5167, -2.4773, 0.0000));
#1484 = CARTESIAN_POINT('', (44.4500, -1.8000, 0.0000));
#1485 = CARTESIAN_POINT('', (44.4500, 1.8000, 0.0000));
#1486 = CARTESIAN_POINT('', (43.5500, -1.8000, 0.0000));
#1487 = CARTESIAN_POINT('', (43.5500, 1.8000, 0.0000));
#1488 = POLY_LOOP('', (#18, #19, #37));
#1489 = FACE_OUTER_BOUND('', #1488, .T.);
#1490 = FACETED_BREP_SHAPE_REPRESENTATION('', (#1489), #8);
#1491 = POLY_LOOP('', (#18, #37, #36));
#1492 = FACE_OUTER_BOUND('', #1491, .T.);
#1493 = FACETED_BREP_SHAPE_REPRESENTATION('', (#1492), #8);
#1494 = POLY_LOOP('', (#19, #20, #38));
#1495 = FACE_OUTER_BOUND('', #1494, .T.);
#1496 = FACETED_BREP_SHAPE_REPRESENTATION('', (#1495), #8);
#1497 = POLY_LOOP('', (#19, #38, #37));
#1498 = FACE_OUTER_BOUND('', #1497, .T.);
#1499 = FACETED_BREP_SHAPE_REPRESENTATION('', (#1498), #8);
#1500 = POLY_LOOP('', (#20, #21, #39));
#1501 = FACE_OUTER_BOUND('', #1500, .T.);
#1502 = FACETED_BREP_SHAPE_REPRESENTATION('', (#1501), #8);
#1503 = POLY_LOOP('', (#20, #39, #38));
#1504 = FACE_OUTER_BOUND('', #1503, .T.);
#1505 = FACETED_BREP_SHAPE_REPRESENTATION('', (#1504), #8);
#1506 = POLY_LOOP('', (#21, #22, #40));
#1507 = FACE_OUTER_BOUND('', #1506, .T.);
#1508 = FACETED_BREP_SHAPE_REPRESENTATION('', (#1507), #8);
#1509 = POLY_LOOP('', (#21, #40, #39));
#1510 = FACE_OUTER_BOUND('', #1509, .T.);
#1511 = FACETED_BREP_SHAPE_REPRESENTATION('', (#1510), #8);
#1512 = POLY_LOOP('', (#22, #23, #41));
#1513 = FACE_OUTER_BOUND('', #1512, .T.);
#1514 = FACETED_BREP_SHAPE_REPRESENTATION('', (#1513), #8);
#1515 = POLY_LOOP('', (#22, #41, #40));
#1516 = FACE_OUTER_BOUND('', #1515, .T.);
#1517 = FACETED_BREP_SHAPE_REPRESENTATION('', (#1516), #8);
#1518 = POLY_LOOP('', (#23, #24, #42));
#1519 = FACE_OUTER_BOUND('', #1518, .T.);
#1520 = FACETED_BREP_SHAPE_REPRESENTATION('', (#1519), #8);
#1521 = POLY_LOOP('', (#23, #42, #41));
#1522 = FACE_OUTER_BOUND('', #1521, .T.);
#1523 = FACETED_BREP_SHAPE_REPRESENTATION('', (#1522), #8);
#1524 = POLY_LOOP('', (#24, #25, #43));
#1525 = FACE_OUTER_BOUND('', #1524, .T.);
#1526 = FACETED_BREP_SHAPE_REPRESENTATION('', (#1525), #8);
#1527 = POLY_LOOP('', (#24, #43, #42));
#1528 = FACE_OUTER_BOUND('', #1527, .T.);
#1529 = FACETED_BREP_SHAPE_REPRESENTATION('', (#1528), #8);
#1530 = POLY_LOOP('', (#25, #26, #44));
#1531 = FACE_OUTER_BOUND('', #1530, .T.);
#1532 = FACETED_BREP_SHAPE_REPRESENTATION('', (#1531), #8);
#1533 = POLY_LOOP('', (#25, #44, #43));
#1534 = FACE_OUTER_BOUND('', #1533, .T.);
#1535 = FACETED_BREP_SHAPE_REPRESENTATION('', (#1534), #8);
#1536 = POLY_LOOP('', (#26, #27, #45));
#1537 = FACE_OUTER_BOUND('', #1536, .T.);
#1538 = FACETED_BREP_SHAPE_REPRESENTATION('', (#1537), #8);
#1539 = POLY_LOOP('', (#26, #45, #44));
#1540 = FACE_OUTER_BOUND('', #1539, .T.);
#1541 = FACETED_BREP_SHAPE_REPRESENTATION('', (#1540), #8);
#1542 = POLY_LOOP('', (#27, #28, #46));
#1543 = FACE_OUTER_BOUND('', #1542, .T.);
#1544 = FACETED_BREP_SHAPE_REPRESENTATION('', (#1543), #8);
#1545 = POLY_LOOP('', (#27, #46, #45));
#1546 = FACE_OUTER_BOUND('', #1545, .T.);
#1547 = FACETED_BREP_SHAPE_REPRESENTATION('', (#1546), #8);
#1548 = POLY_LOOP('', (#28, #29, #47));
#1549 = FACE_OUTER_BOUND('', #1548, .T.);
#1550 = FACETED_BREP_SHAPE_REPRESENTATION('', (#1549), #8);
#1551 = POLY_LOOP('', (#28, #47, #46));
#1552 = FACE_OUTER_BOUND('', #1551, .T.);
#1553 = FACETED_BREP_SHAPE_REPRESENTATION('', (#1552), #8);
#1554 = POLY_LOOP('', (#29, #30, #48));
#1555 = FACE_OUTER_BOUND('', #1554, .T.);
#1556 = FACETED_BREP_SHAPE_REPRESENTATION('', (#1555), #8);
#1557 = POLY_LOOP('', (#29, #48, #47));
#1558 = FACE_OUTER_BOUND('', #1557, .T.);
#1559 = FACETED_BREP_SHAPE_REPRESENTATION('', (#1558), #8);
#1560 = POLY_LOOP('', (#30, #31, #49));
#1561 = FACE_OUTER_BOUND('', #1560, .T.);
#1562 = FACETED_BREP_SHAPE_REPRESENTATION('', (#1561), #8);
#1563 = POLY_LOOP('', (#30, #49, #48));
#1564 = FACE_OUTER_BOUND('', #1563, .T.);
#1565 = FACETED_BREP_SHAPE_REPRESENTATION('', (#1564), #8);
#1566 = POLY_LOOP('', (#31, #32, #50));
#1567 = FACE_OUTER_BOUND('', #1566, .T.);
#1568 = FACETED_BREP_SHAPE_REPRESENTATION('', (#1567), #8);
#1569 = POLY_LOOP('', (#31, #50, #49));
#1570 = FACE_OUTER_BOUND('', #1569, .T.);
#1571 = FACETED_BREP_SHAPE_REPRESENTATION('', (#1570), #8);
#1572 = POLY_LOOP('', (#32, #33, #51));
#1573 = FACE_OUTER_BOUND('', #1572, .T.);
#1574 = FACETED_BREP_SHAPE_REPRESENTATION('', (#1573), #8);
#1575 = POLY_LOOP('', (#32, #51, #50));
#1576 = FACE_OUTER_BOUND('', #1575, .T.);
#1577 = FACETED_BREP_SHAPE_REPRESENTATION('', (#1576), #8);
#1578 = POLY_LOOP('', (#33, #34, #52));
#1579 = FACE_OUTER_BOUND('', #1578, .T.);
#1580 = FACETED_BREP_SHAPE_REPRESENTATION('', (#1579), #8);
#1581 = POLY_LOOP('', (#33, #52, #51));
#1582 = FACE_OUTER_BOUND('', #1581, .T.);
#1583 = FACETED_BREP_SHAPE_REPRESENTATION('', (#1582), #8);
#1584 = POLY_LOOP('', (#34, #35, #53));
#1585 = FACE_OUTER_BOUND('', #1584, .T.);
#1586 = FACETED_BREP_SHAPE_REPRESENTATION('', (#1585), #8);
#1587 = POLY_LOOP('', (#34, #53, #52));
#1588 = FACE_OUTER_BOUND('', #1587, .T.);
#1589 = FACETED_BREP_SHAPE_REPRESENTATION('', (#1588), #8);
#1590 = POLY_LOOP('', (#35, #18, #36));
#1591 = FACE_OUTER_BOUND('', #1590, .T.);
#1592 = FACETED_BREP_SHAPE_REPRESENTATION('', (#1591), #8);
#1593 = POLY_LOOP('', (#35, #36, #53));
#1594 = FACE_OUTER_BOUND('', #1593, .T.);
#1595 = FACETED_BREP_SHAPE_REPRESENTATION('', (#1594), #8);
#1596 = POLY_LOOP('', (#54, #19, #18));
#1597 = FACE_OUTER_BOUND('', #1596, .T.);
#1598 = FACETED_BREP_SHAPE_REPRESENTATION('', (#1597), #8);
#1599 = POLY_LOOP('', (#55, #36, #37));
#1600 = FACE_OUTER_BOUND('', #1599, .T.);
#1601 = FACETED_BREP_SHAPE_REPRESENTATION('', (#1600), #8);
#1602 = POLY_LOOP('', (#54, #20, #19));
#1603 = FACE_OUTER_BOUND('', #1602, .T.);
#1604 = FACETED_BREP_SHAPE_REPRESENTATION('', (#1603), #8);
#1605 = POLY_LOOP('', (#55, #37, #38));
#1606 = FACE_OUTER_BOUND('', #1605, .T.);
#1607 = FACETED_BREP_SHAPE_REPRESENTATION('', (#1606), #8);
#1608 = POLY_LOOP('', (#54, #21, #20));
#1609 = FACE_OUTER_BOUND('', #1608, .T.);
#1610 = FACETED_BREP_SHAPE_REPRESENTATION('', (#1609), #8);
#1611 = POLY_LOOP('', (#55, #38, #39));
#1612 = FACE_OUTER_BOUND('', #1611, .T.);
#1613 = FACETED_BREP_SHAPE_REPRESENTATION('', (#1612), #8);
#1614 = POLY_LOOP('', (#54, #22, #21));
#1615 = FACE_OUTER_BOUND('', #1614, .T.);
#1616 = FACETED_BREP_SHAPE_REPRESENTATION('', (#1615), #8);
#1617 = POLY_LOOP('', (#55, #39, #40));
#1618 = FACE_OUTER_BOUND('', #1617, .T.);
#1619 = FACETED_BREP_SHAPE_REPRESENTATION('', (#1618), #8);
#1620 = POLY_LOOP('', (#54, #23, #22));
#1621 = FACE_OUTER_BOUND('', #1620, .T.);
#1622 = FACETED_BREP_SHAPE_REPRESENTATION('', (#1621), #8);
#1623 = POLY_LOOP('', (#55, #40, #41));
#1624 = FACE_OUTER_BOUND('', #1623, .T.);
#1625 = FACETED_BREP_SHAPE_REPRESENTATION('', (#1624), #8);
#1626 = POLY_LOOP('', (#54, #24, #23));
#1627 = FACE_OUTER_BOUND('', #1626, .T.);
#1628 = FACETED_BREP_SHAPE_REPRESENTATION('', (#1627), #8);
#1629 = POLY_LOOP('', (#55, #41, #42));
#1630 = FACE_OUTER_BOUND('', #1629, .T.);
#1631 = FACETED_BREP_SHAPE_REPRESENTATION('', (#1630), #8);
#1632 = POLY_LOOP('', (#54, #25, #24));
#1633 = FACE_OUTER_BOUND('', #1632, .T.);
#1634 = FACETED_BREP_SHAPE_REPRESENTATION('', (#1633), #8);
#1635 = POLY_LOOP('', (#55, #42, #43));
#1636 = FACE_OUTER_BOUND('', #1635, .T.);
#1637 = FACETED_BREP_SHAPE_REPRESENTATION('', (#1636), #8);
#1638 = POLY_LOOP('', (#54, #26, #25));
#1639 = FACE_OUTER_BOUND('', #1638, .T.);
#1640 = FACETED_BREP_SHAPE_REPRESENTATION('', (#1639), #8);
#1641 = POLY_LOOP('', (#55, #43, #44));
#1642 = FACE_OUTER_BOUND('', #1641, .T.);
#1643 = FACETED_BREP_SHAPE_REPRESENTATION('', (#1642), #8);
#1644 = POLY_LOOP('', (#54, #27, #26));
#1645 = FACE_OUTER_BOUND('', #1644, .T.);
#1646 = FACETED_BREP_SHAPE_REPRESENTATION('', (#1645), #8);
#1647 = POLY_LOOP('', (#55, #44, #45));
#1648 = FACE_OUTER_BOUND('', #1647, .T.);
#1649 = FACETED_BREP_SHAPE_REPRESENTATION('', (#1648), #8);
#1650 = POLY_LOOP('', (#54, #28, #27));
#1651 = FACE_OUTER_BOUND('', #1650, .T.);
#1652 = FACETED_BREP_SHAPE_REPRESENTATION('', (#1651), #8);
#1653 = POLY_LOOP('', (#55, #45, #46));
#1654 = FACE_OUTER_BOUND('', #1653, .T.);
#1655 = FACETED_BREP_SHAPE_REPRESENTATION('', (#1654), #8);
#1656 = POLY_LOOP('', (#54, #29, #28));
#1657 = FACE_OUTER_BOUND('', #1656, .T.);
#1658 = FACETED_BREP_SHAPE_REPRESENTATION('', (#1657), #8);
#1659 = POLY_LOOP('', (#55, #46, #47));
#1660 = FACE_OUTER_BOUND('', #1659, .T.);
#1661 = FACETED_BREP_SHAPE_REPRESENTATION('', (#1660), #8);
#1662 = POLY_LOOP('', (#54, #30, #29));
#1663 = FACE_OUTER_BOUND('', #1662, .T.);
#1664 = FACETED_BREP_SHAPE_REPRESENTATION('', (#1663), #8);
#1665 = POLY_LOOP('', (#55, #47, #48));
#1666 = FACE_OUTER_BOUND('', #1665, .T.);
#1667 = FACETED_BREP_SHAPE_REPRESENTATION('', (#1666), #8);
#1668 = POLY_LOOP('', (#54, #31, #30));
#1669 = FACE_OUTER_BOUND('', #1668, .T.);
#1670 = FACETED_BREP_SHAPE_REPRESENTATION('', (#1669), #8);
#1671 = POLY_LOOP('', (#55, #48, #49));
#1672 = FACE_OUTER_BOUND('', #1671, .T.);
#1673 = FACETED_BREP_SHAPE_REPRESENTATION('', (#1672), #8);
#1674 = POLY_LOOP('', (#54, #32, #31));
#1675 = FACE_OUTER_BOUND('', #1674, .T.);
#1676 = FACETED_BREP_SHAPE_REPRESENTATION('', (#1675), #8);
#1677 = POLY_LOOP('', (#55, #49, #50));
#1678 = FACE_OUTER_BOUND('', #1677, .T.);
#1679 = FACETED_BREP_SHAPE_REPRESENTATION('', (#1678), #8);
#1680 = POLY_LOOP('', (#54, #33, #32));
#1681 = FACE_OUTER_BOUND('', #1680, .T.);
#1682 = FACETED_BREP_SHAPE_REPRESENTATION('', (#1681), #8);
#1683 = POLY_LOOP('', (#55, #50, #51));
#1684 = FACE_OUTER_BOUND('', #1683, .T.);
#1685 = FACETED_BREP_SHAPE_REPRESENTATION('', (#1684), #8);
#1686 = POLY_LOOP('', (#54, #34, #33));
#1687 = FACE_OUTER_BOUND('', #1686, .T.);
#1688 = FACETED_BREP_SHAPE_REPRESENTATION('', (#1687), #8);
#1689 = POLY_LOOP('', (#55, #51, #52));
#1690 = FACE_OUTER_BOUND('', #1689, .T.);
#1691 = FACETED_BREP_SHAPE_REPRESENTATION('', (#1690), #8);
#1692 = POLY_LOOP('', (#54, #35, #34));
#1693 = FACE_OUTER_BOUND('', #1692, .T.);
#1694 = FACETED_BREP_SHAPE_REPRESENTATION('', (#1693), #8);
#1695 = POLY_LOOP('', (#55, #52, #53));
#1696 = FACE_OUTER_BOUND('', #1695, .T.);
#1697 = FACETED_BREP_SHAPE_REPRESENTATION('', (#1696), #8);
#1698 = POLY_LOOP('', (#54, #18, #35));
#1699 = FACE_OUTER_BOUND('', #1698, .T.);
#1700 = FACETED_BREP_SHAPE_REPRESENTATION('', (#1699), #8);
#1701 = POLY_LOOP('', (#55, #53, #36));
#1702 = FACE_OUTER_BOUND('', #1701, .T.);
#1703 = FACETED_BREP_SHAPE_REPRESENTATION('', (#1702), #8);
#1704 = POLY_LOOP('', (#56, #57, #75));
#1705 = FACE_OUTER_BOUND('', #1704, .T.);
#1706 = FACETED_BREP_SHAPE_REPRESENTATION('', (#1705), #8);
#1707 = POLY_LOOP('', (#56, #75, #74));
#1708 = FACE_OUTER_BOUND('', #1707, .T.);
#1709 = FACETED_BREP_SHAPE_REPRESENTATION('', (#1708), #8);
#1710 = POLY_LOOP('', (#57, #58, #76));
#1711 = FACE_OUTER_BOUND('', #1710, .T.);
#1712 = FACETED_BREP_SHAPE_REPRESENTATION('', (#1711), #8);
#1713 = POLY_LOOP('', (#57, #76, #75));
#1714 = FACE_OUTER_BOUND('', #1713, .T.);
#1715 = FACETED_BREP_SHAPE_REPRESENTATION('', (#1714), #8);
#1716 = POLY_LOOP('', (#58, #59, #77));
#1717 = FACE_OUTER_BOUND('', #1716, .T.);
#1718 = FACETED_BREP_SHAPE_REPRESENTATION('', (#1717), #8);
#1719 = POLY_LOOP('', (#58, #77, #76));
#1720 = FACE_OUTER_BOUND('', #1719, .T.);
#1721 = FACETED_BREP_SHAPE_REPRESENTATION('', (#1720), #8);
#1722 = POLY_LOOP('', (#59, #60, #78));
#1723 = FACE_OUTER_BOUND('', #1722, .T.);
#1724 = FACETED_BREP_SHAPE_REPRESENTATION('', (#1723), #8);
#1725 = POLY_LOOP('', (#59, #78, #77));
#1726 = FACE_OUTER_BOUND('', #1725, .T.);
#1727 = FACETED_BREP_SHAPE_REPRESENTATION('', (#1726), #8);
#1728 = POLY_LOOP('', (#60, #61, #79));
#1729 = FACE_OUTER_BOUND('', #1728, .T.);
#1730 = FACETED_BREP_SHAPE_REPRESENTATION('', (#1729), #8);
#1731 = POLY_LOOP('', (#60, #79, #78));
#1732 = FACE_OUTER_BOUND('', #1731, .T.);
#1733 = FACETED_BREP_SHAPE_REPRESENTATION('', (#1732), #8);
#1734 = POLY_LOOP('', (#61, #62, #80));
#1735 = FACE_OUTER_BOUND('', #1734, .T.);
#1736 = FACETED_BREP_SHAPE_REPRESENTATION('', (#1735), #8);
#1737 = POLY_LOOP('', (#61, #80, #79));
#1738 = FACE_OUTER_BOUND('', #1737, .T.);
#1739 = FACETED_BREP_SHAPE_REPRESENTATION('', (#1738), #8);
#1740 = POLY_LOOP('', (#62, #63, #81));
#1741 = FACE_OUTER_BOUND('', #1740, .T.);
#1742 = FACETED_BREP_SHAPE_REPRESENTATION('', (#1741), #8);
#1743 = POLY_LOOP('', (#62, #81, #80));
#1744 = FACE_OUTER_BOUND('', #1743, .T.);
#1745 = FACETED_BREP_SHAPE_REPRESENTATION('', (#1744), #8);
#1746 = POLY_LOOP('', (#63, #64, #82));
#1747 = FACE_OUTER_BOUND('', #1746, .T.);
#1748 = FACETED_BREP_SHAPE_REPRESENTATION('', (#1747), #8);
#1749 = POLY_LOOP('', (#63, #82, #81));
#1750 = FACE_OUTER_BOUND('', #1749, .T.);
#1751 = FACETED_BREP_SHAPE_REPRESENTATION('', (#1750), #8);
#1752 = POLY_LOOP('', (#64, #65, #83));
#1753 = FACE_OUTER_BOUND('', #1752, .T.);
#1754 = FACETED_BREP_SHAPE_REPRESENTATION('', (#1753), #8);
#1755 = POLY_LOOP('', (#64, #83, #82));
#1756 = FACE_OUTER_BOUND('', #1755, .T.);
#1757 = FACETED_BREP_SHAPE_REPRESENTATION('', (#1756), #8);
#1758 = POLY_LOOP('', (#65, #66, #84));
#1759 = FACE_OUTER_BOUND('', #1758, .T.);
#1760 = FACETED_BREP_SHAPE_REPRESENTATION('', (#1759), #8);
#1761 = POLY_LOOP('', (#65, #84, #83));
#1762 = FACE_OUTER_BOUND('', #1761, .T.);
#1763 = FACETED_BREP_SHAPE_REPRESENTATION('', (#1762), #8);
#1764 = POLY_LOOP('', (#66, #67, #85));
#1765 = FACE_OUTER_BOUND('', #1764, .T.);
#1766 = FACETED_BREP_SHAPE_REPRESENTATION('', (#1765), #8);
#1767 = POLY_LOOP('', (#66, #85, #84));
#1768 = FACE_OUTER_BOUND('', #1767, .T.);
#1769 = FACETED_BREP_SHAPE_REPRESENTATION('', (#1768), #8);
#1770 = POLY_LOOP('', (#67, #68, #86));
#1771 = FACE_OUTER_BOUND('', #1770, .T.);
#1772 = FACETED_BREP_SHAPE_REPRESENTATION('', (#1771), #8);
#1773 = POLY_LOOP('', (#67, #86, #85));
#1774 = FACE_OUTER_BOUND('', #1773, .T.);
#1775 = FACETED_BREP_SHAPE_REPRESENTATION('', (#1774), #8);
#1776 = POLY_LOOP('', (#68, #69, #87));
#1777 = FACE_OUTER_BOUND('', #1776, .T.);
#1778 = FACETED_BREP_SHAPE_REPRESENTATION('', (#1777), #8);
#1779 = POLY_LOOP('', (#68, #87, #86));
#1780 = FACE_OUTER_BOUND('', #1779, .T.);
#1781 = FACETED_BREP_SHAPE_REPRESENTATION('', (#1780), #8);
#1782 = POLY_LOOP('', (#69, #70, #88));
#1783 = FACE_OUTER_BOUND('', #1782, .T.);
#1784 = FACETED_BREP_SHAPE_REPRESENTATION('', (#1783), #8);
#1785 = POLY_LOOP('', (#69, #88, #87));
#1786 = FACE_OUTER_BOUND('', #1785, .T.);
#1787 = FACETED_BREP_SHAPE_REPRESENTATION('', (#1786), #8);
#1788 = POLY_LOOP('', (#70, #71, #89));
#1789 = FACE_OUTER_BOUND('', #1788, .T.);
#1790 = FACETED_BREP_SHAPE_REPRESENTATION('', (#1789), #8);
#1791 = POLY_LOOP('', (#70, #89, #88));
#1792 = FACE_OUTER_BOUND('', #1791, .T.);
#1793 = FACETED_BREP_SHAPE_REPRESENTATION('', (#1792), #8);
#1794 = POLY_LOOP('', (#71, #72, #90));
#1795 = FACE_OUTER_BOUND('', #1794, .T.);
#1796 = FACETED_BREP_SHAPE_REPRESENTATION('', (#1795), #8);
#1797 = POLY_LOOP('', (#71, #90, #89));
#1798 = FACE_OUTER_BOUND('', #1797, .T.);
#1799 = FACETED_BREP_SHAPE_REPRESENTATION('', (#1798), #8);
#1800 = POLY_LOOP('', (#72, #73, #91));
#1801 = FACE_OUTER_BOUND('', #1800, .T.);
#1802 = FACETED_BREP_SHAPE_REPRESENTATION('', (#1801), #8);
#1803 = POLY_LOOP('', (#72, #91, #90));
#1804 = FACE_OUTER_BOUND('', #1803, .T.);
#1805 = FACETED_BREP_SHAPE_REPRESENTATION('', (#1804), #8);
#1806 = POLY_LOOP('', (#73, #56, #74));
#1807 = FACE_OUTER_BOUND('', #1806, .T.);
#1808 = FACETED_BREP_SHAPE_REPRESENTATION('', (#1807), #8);
#1809 = POLY_LOOP('', (#73, #74, #91));
#1810 = FACE_OUTER_BOUND('', #1809, .T.);
#1811 = FACETED_BREP_SHAPE_REPRESENTATION('', (#1810), #8);
#1812 = POLY_LOOP('', (#92, #57, #56));
#1813 = FACE_OUTER_BOUND('', #1812, .T.);
#1814 = FACETED_BREP_SHAPE_REPRESENTATION('', (#1813), #8);
#1815 = POLY_LOOP('', (#93, #74, #75));
#1816 = FACE_OUTER_BOUND('', #1815, .T.);
#1817 = FACETED_BREP_SHAPE_REPRESENTATION('', (#1816), #8);
#1818 = POLY_LOOP('', (#92, #58, #57));
#1819 = FACE_OUTER_BOUND('', #1818, .T.);
#1820 = FACETED_BREP_SHAPE_REPRESENTATION('', (#1819), #8);
#1821 = POLY_LOOP('', (#93, #75, #76));
#1822 = FACE_OUTER_BOUND('', #1821, .T.);
#1823 = FACETED_BREP_SHAPE_REPRESENTATION('', (#1822), #8);
#1824 = POLY_LOOP('', (#92, #59, #58));
#1825 = FACE_OUTER_BOUND('', #1824, .T.);
#1826 = FACETED_BREP_SHAPE_REPRESENTATION('', (#1825), #8);
#1827 = POLY_LOOP('', (#93, #76, #77));
#1828 = FACE_OUTER_BOUND('', #1827, .T.);
#1829 = FACETED_BREP_SHAPE_REPRESENTATION('', (#1828), #8);
#1830 = POLY_LOOP('', (#92, #60, #59));
#1831 = FACE_OUTER_BOUND('', #1830, .T.);
#1832 = FACETED_BREP_SHAPE_REPRESENTATION('', (#1831), #8);
#1833 = POLY_LOOP('', (#93, #77, #78));
#1834 = FACE_OUTER_BOUND('', #1833, .T.);
#1835 = FACETED_BREP_SHAPE_REPRESENTATION('', (#1834), #8);
#1836 = POLY_LOOP('', (#92, #61, #60));
#1837 = FACE_OUTER_BOUND('', #1836, .T.);
#1838 = FACETED_BREP_SHAPE_REPRESENTATION('', (#1837), #8);
#1839 = POLY_LOOP('', (#93, #78, #79));
#1840 = FACE_OUTER_BOUND('', #1839, .T.);
#1841 = FACETED_BREP_SHAPE_REPRESENTATION('', (#1840), #8);
#1842 = POLY_LOOP('', (#92, #62, #61));
#1843 = FACE_OUTER_BOUND('', #1842, .T.);
#1844 = FACETED_BREP_SHAPE_REPRESENTATION('', (#1843), #8);
#1845 = POLY_LOOP('', (#93, #79, #80));
#1846 = FACE_OUTER_BOUND('', #1845, .T.);
#1847 = FACETED_BREP_SHAPE_REPRESENTATION('', (#1846), #8);
#1848 = POLY_LOOP('', (#92, #63, #62));
#1849 = FACE_OUTER_BOUND('', #1848, .T.);
#1850 = FACETED_BREP_SHAPE_REPRESENTATION('', (#1849), #8);
#1851 = POLY_LOOP('', (#93, #80, #81));
#1852 = FACE_OUTER_BOUND('', #1851, .T.);
#1853 = FACETED_BREP_SHAPE_REPRESENTATION('', (#1852), #8);
#1854 = POLY_LOOP('', (#92, #64, #63));
#1855 = FACE_OUTER_BOUND('', #1854, .T.);
#1856 = FACETED_BREP_SHAPE_REPRESENTATION('', (#1855), #8);
#1857 = POLY_LOOP('', (#93, #81, #82));
#1858 = FACE_OUTER_BOUND('', #1857, .T.);
#1859 = FACETED_BREP_SHAPE_REPRESENTATION('', (#1858), #8);
#1860 = POLY_LOOP('', (#92, #65, #64));
#1861 = FACE_OUTER_BOUND('', #1860, .T.);
#1862 = FACETED_BREP_SHAPE_REPRESENTATION('', (#1861), #8);
#1863 = POLY_LOOP('', (#93, #82, #83));
#1864 = FACE_OUTER_BOUND('', #1863, .T.);
#1865 = FACETED_BREP_SHAPE_REPRESENTATION('', (#1864), #8);
#1866 = POLY_LOOP('', (#92, #66, #65));
#1867 = FACE_OUTER_BOUND('', #1866, .T.);
#1868 = FACETED_BREP_SHAPE_REPRESENTATION('', (#1867), #8);
#1869 = POLY_LOOP('', (#93, #83, #84));
#1870 = FACE_OUTER_BOUND('', #1869, .T.);
#1871 = FACETED_BREP_SHAPE_REPRESENTATION('', (#1870), #8);
#1872 = POLY_LOOP('', (#92, #67, #66));
#1873 = FACE_OUTER_BOUND('', #1872, .T.);
#1874 = FACETED_BREP_SHAPE_REPRESENTATION('', (#1873), #8);
#1875 = POLY_LOOP('', (#93, #84, #85));
#1876 = FACE_OUTER_BOUND('', #1875, .T.);
#1877 = FACETED_BREP_SHAPE_REPRESENTATION('', (#1876), #8);
#1878 = POLY_LOOP('', (#92, #68, #67));
#1879 = FACE_OUTER_BOUND('', #1878, .T.);
#1880 = FACETED_BREP_SHAPE_REPRESENTATION('', (#1879), #8);
#1881 = POLY_LOOP('', (#93, #85, #86));
#1882 = FACE_OUTER_BOUND('', #1881, .T.);
#1883 = FACETED_BREP_SHAPE_REPRESENTATION('', (#1882), #8);
#1884 = POLY_LOOP('', (#92, #69, #68));
#1885 = FACE_OUTER_BOUND('', #1884, .T.);
#1886 = FACETED_BREP_SHAPE_REPRESENTATION('', (#1885), #8);
#1887 = POLY_LOOP('', (#93, #86, #87));
#1888 = FACE_OUTER_BOUND('', #1887, .T.);
#1889 = FACETED_BREP_SHAPE_REPRESENTATION('', (#1888), #8);
#1890 = POLY_LOOP('', (#92, #70, #69));
#1891 = FACE_OUTER_BOUND('', #1890, .T.);
#1892 = FACETED_BREP_SHAPE_REPRESENTATION('', (#1891), #8);
#1893 = POLY_LOOP('', (#93, #87, #88));
#1894 = FACE_OUTER_BOUND('', #1893, .T.);
#1895 = FACETED_BREP_SHAPE_REPRESENTATION('', (#1894), #8);
#1896 = POLY_LOOP('', (#92, #71, #70));
#1897 = FACE_OUTER_BOUND('', #1896, .T.);
#1898 = FACETED_BREP_SHAPE_REPRESENTATION('', (#1897), #8);
#1899 = POLY_LOOP('', (#93, #88, #89));
#1900 = FACE_OUTER_BOUND('', #1899, .T.);
#1901 = FACETED_BREP_SHAPE_REPRESENTATION('', (#1900), #8);
#1902 = POLY_LOOP('', (#92, #72, #71));
#1903 = FACE_OUTER_BOUND('', #1902, .T.);
#1904 = FACETED_BREP_SHAPE_REPRESENTATION('', (#1903), #8);
#1905 = POLY_LOOP('', (#93, #89, #90));
#1906 = FACE_OUTER_BOUND('', #1905, .T.);
#1907 = FACETED_BREP_SHAPE_REPRESENTATION('', (#1906), #8);
#1908 = POLY_LOOP('', (#92, #73, #72));
#1909 = FACE_OUTER_BOUND('', #1908, .T.);
#1910 = FACETED_BREP_SHAPE_REPRESENTATION('', (#1909), #8);
#1911 = POLY_LOOP('', (#93, #90, #91));
#1912 = FACE_OUTER_BOUND('', #1911, .T.);
#1913 = FACETED_BREP_SHAPE_REPRESENTATION('', (#1912), #8);
#1914 = POLY_LOOP('', (#92, #56, #73));
#1915 = FACE_OUTER_BOUND('', #1914, .T.);
#1916 = FACETED_BREP_SHAPE_REPRESENTATION('', (#1915), #8);
#1917 = POLY_LOOP('', (#93, #91, #74));
#1918 = FACE_OUTER_BOUND('', #1917, .T.);
#1919 = FACETED_BREP_SHAPE_REPRESENTATION('', (#1918), #8);
#1920 = POLY_LOOP('', (#94, #95, #107));
#1921 = FACE_OUTER_BOUND('', #1920, .T.);
#1922 = FACETED_BREP_SHAPE_REPRESENTATION('', (#1921), #8);
#1923 = POLY_LOOP('', (#94, #107, #106));
#1924 = FACE_OUTER_BOUND('', #1923, .T.);
#1925 = FACETED_BREP_SHAPE_REPRESENTATION('', (#1924), #8);
#1926 = POLY_LOOP('', (#95, #96, #108));
#1927 = FACE_OUTER_BOUND('', #1926, .T.);
#1928 = FACETED_BREP_SHAPE_REPRESENTATION('', (#1927), #8);
#1929 = POLY_LOOP('', (#95, #108, #107));
#1930 = FACE_OUTER_BOUND('', #1929, .T.);
#1931 = FACETED_BREP_SHAPE_REPRESENTATION('', (#1930), #8);
#1932 = POLY_LOOP('', (#96, #97, #109));
#1933 = FACE_OUTER_BOUND('', #1932, .T.);
#1934 = FACETED_BREP_SHAPE_REPRESENTATION('', (#1933), #8);
#1935 = POLY_LOOP('', (#96, #109, #108));
#1936 = FACE_OUTER_BOUND('', #1935, .T.);
#1937 = FACETED_BREP_SHAPE_REPRESENTATION('', (#1936), #8);
#1938 = POLY_LOOP('', (#97, #98, #110));
#1939 = FACE_OUTER_BOUND('', #1938, .T.);
#1940 = FACETED_BREP_SHAPE_REPRESENTATION('', (#1939), #8);
#1941 = POLY_LOOP('', (#97, #110, #109));
#1942 = FACE_OUTER_BOUND('', #1941, .T.);
#1943 = FACETED_BREP_SHAPE_REPRESENTATION('', (#1942), #8);
#1944 = POLY_LOOP('', (#98, #99, #111));
#1945 = FACE_OUTER_BOUND('', #1944, .T.);
#1946 = FACETED_BREP_SHAPE_REPRESENTATION('', (#1945), #8);
#1947 = POLY_LOOP('', (#98, #111, #110));
#1948 = FACE_OUTER_BOUND('', #1947, .T.);
#1949 = FACETED_BREP_SHAPE_REPRESENTATION('', (#1948), #8);
#1950 = POLY_LOOP('', (#99, #100, #112));
#1951 = FACE_OUTER_BOUND('', #1950, .T.);
#1952 = FACETED_BREP_SHAPE_REPRESENTATION('', (#1951), #8);
#1953 = POLY_LOOP('', (#99, #112, #111));
#1954 = FACE_OUTER_BOUND('', #1953, .T.);
#1955 = FACETED_BREP_SHAPE_REPRESENTATION('', (#1954), #8);
#1956 = POLY_LOOP('', (#100, #101, #113));
#1957 = FACE_OUTER_BOUND('', #1956, .T.);
#1958 = FACETED_BREP_SHAPE_REPRESENTATION('', (#1957), #8);
#1959 = POLY_LOOP('', (#100, #113, #112));
#1960 = FACE_OUTER_BOUND('', #1959, .T.);
#1961 = FACETED_BREP_SHAPE_REPRESENTATION('', (#1960), #8);
#1962 = POLY_LOOP('', (#101, #102, #114));
#1963 = FACE_OUTER_BOUND('', #1962, .T.);
#1964 = FACETED_BREP_SHAPE_REPRESENTATION('', (#1963), #8);
#1965 = POLY_LOOP('', (#101, #114, #113));
#1966 = FACE_OUTER_BOUND('', #1965, .T.);
#1967 = FACETED_BREP_SHAPE_REPRESENTATION('', (#1966), #8);
#1968 = POLY_LOOP('', (#102, #103, #115));
#1969 = FACE_OUTER_BOUND('', #1968, .T.);
#1970 = FACETED_BREP_SHAPE_REPRESENTATION('', (#1969), #8);
#1971 = POLY_LOOP('', (#102, #115, #114));
#1972 = FACE_OUTER_BOUND('', #1971, .T.);
#1973 = FACETED_BREP_SHAPE_REPRESENTATION('', (#1972), #8);
#1974 = POLY_LOOP('', (#103, #104, #116));
#1975 = FACE_OUTER_BOUND('', #1974, .T.);
#1976 = FACETED_BREP_SHAPE_REPRESENTATION('', (#1975), #8);
#1977 = POLY_LOOP('', (#103, #116, #115));
#1978 = FACE_OUTER_BOUND('', #1977, .T.);
#1979 = FACETED_BREP_SHAPE_REPRESENTATION('', (#1978), #8);
#1980 = POLY_LOOP('', (#104, #105, #117));
#1981 = FACE_OUTER_BOUND('', #1980, .T.);
#1982 = FACETED_BREP_SHAPE_REPRESENTATION('', (#1981), #8);
#1983 = POLY_LOOP('', (#104, #117, #116));
#1984 = FACE_OUTER_BOUND('', #1983, .T.);
#1985 = FACETED_BREP_SHAPE_REPRESENTATION('', (#1984), #8);
#1986 = POLY_LOOP('', (#105, #94, #106));
#1987 = FACE_OUTER_BOUND('', #1986, .T.);
#1988 = FACETED_BREP_SHAPE_REPRESENTATION('', (#1987), #8);
#1989 = POLY_LOOP('', (#105, #106, #117));
#1990 = FACE_OUTER_BOUND('', #1989, .T.);
#1991 = FACETED_BREP_SHAPE_REPRESENTATION('', (#1990), #8);
#1992 = POLY_LOOP('', (#118, #95, #94));
#1993 = FACE_OUTER_BOUND('', #1992, .T.);
#1994 = FACETED_BREP_SHAPE_REPRESENTATION('', (#1993), #8);
#1995 = POLY_LOOP('', (#119, #106, #107));
#1996 = FACE_OUTER_BOUND('', #1995, .T.);
#1997 = FACETED_BREP_SHAPE_REPRESENTATION('', (#1996), #8);
#1998 = POLY_LOOP('', (#118, #96, #95));
#1999 = FACE_OUTER_BOUND('', #1998, .T.);
#2000 = FACETED_BREP_SHAPE_REPRESENTATION('', (#1999), #8);
#2001 = POLY_LOOP('', (#119, #107, #108));
#2002 = FACE_OUTER_BOUND('', #2001, .T.);
#2003 = FACETED_BREP_SHAPE_REPRESENTATION('', (#2002), #8);
#2004 = POLY_LOOP('', (#118, #97, #96));
#2005 = FACE_OUTER_BOUND('', #2004, .T.);
#2006 = FACETED_BREP_SHAPE_REPRESENTATION('', (#2005), #8);
#2007 = POLY_LOOP('', (#119, #108, #109));
#2008 = FACE_OUTER_BOUND('', #2007, .T.);
#2009 = FACETED_BREP_SHAPE_REPRESENTATION('', (#2008), #8);
#2010 = POLY_LOOP('', (#118, #98, #97));
#2011 = FACE_OUTER_BOUND('', #2010, .T.);
#2012 = FACETED_BREP_SHAPE_REPRESENTATION('', (#2011), #8);
#2013 = POLY_LOOP('', (#119, #109, #110));
#2014 = FACE_OUTER_BOUND('', #2013, .T.);
#2015 = FACETED_BREP_SHAPE_REPRESENTATION('', (#2014), #8);
#2016 = POLY_LOOP('', (#118, #99, #98));
#2017 = FACE_OUTER_BOUND('', #2016, .T.);
#2018 = FACETED_BREP_SHAPE_REPRESENTATION('', (#2017), #8);
#2019 = POLY_LOOP('', (#119, #110, #111));
#2020 = FACE_OUTER_BOUND('', #2019, .T.);
#2021 = FACETED_BREP_SHAPE_REPRESENTATION('', (#2020), #8);
#2022 = POLY_LOOP('', (#118, #100, #99));
#2023 = FACE_OUTER_BOUND('', #2022, .T.);
#2024 = FACETED_BREP_SHAPE_REPRESENTATION('', (#2023), #8);
#2025 = POLY_LOOP('', (#119, #111, #112));
#2026 = FACE_OUTER_BOUND('', #2025, .T.);
#2027 = FACETED_BREP_SHAPE_REPRESENTATION('', (#2026), #8);
#2028 = POLY_LOOP('', (#118, #101, #100));
#2029 = FACE_OUTER_BOUND('', #2028, .T.);
#2030 = FACETED_BREP_SHAPE_REPRESENTATION('', (#2029), #8);
#2031 = POLY_LOOP('', (#119, #112, #113));
#2032 = FACE_OUTER_BOUND('', #2031, .T.);
#2033 = FACETED_BREP_SHAPE_REPRESENTATION('', (#2032), #8);
#2034 = POLY_LOOP('', (#118, #102, #101));
#2035 = FACE_OUTER_BOUND('', #2034, .T.);
#2036 = FACETED_BREP_SHAPE_REPRESENTATION('', (#2035), #8);
#2037 = POLY_LOOP('', (#119, #113, #114));
#2038 = FACE_OUTER_BOUND('', #2037, .T.);
#2039 = FACETED_BREP_SHAPE_REPRESENTATION('', (#2038), #8);
#2040 = POLY_LOOP('', (#118, #103, #102));
#2041 = FACE_OUTER_BOUND('', #2040, .T.);
#2042 = FACETED_BREP_SHAPE_REPRESENTATION('', (#2041), #8);
#2043 = POLY_LOOP('', (#119, #114, #115));
#2044 = FACE_OUTER_BOUND('', #2043, .T.);
#2045 = FACETED_BREP_SHAPE_REPRESENTATION('', (#2044), #8);
#2046 = POLY_LOOP('', (#118, #104, #103));
#2047 = FACE_OUTER_BOUND('', #2046, .T.);
#2048 = FACETED_BREP_SHAPE_REPRESENTATION('', (#2047), #8);
#2049 = POLY_LOOP('', (#119, #115, #116));
#2050 = FACE_OUTER_BOUND('', #2049, .T.);
#2051 = FACETED_BREP_SHAPE_REPRESENTATION('', (#2050), #8);
#2052 = POLY_LOOP('', (#118, #105, #104));
#2053 = FACE_OUTER_BOUND('', #2052, .T.);
#2054 = FACETED_BREP_SHAPE_REPRESENTATION('', (#2053), #8);
#2055 = POLY_LOOP('', (#119, #116, #117));
#2056 = FACE_OUTER_BOUND('', #2055, .T.);
#2057 = FACETED_BREP_SHAPE_REPRESENTATION('', (#2056), #8);
#2058 = POLY_LOOP('', (#118, #94, #105));
#2059 = FACE_OUTER_BOUND('', #2058, .T.);
#2060 = FACETED_BREP_SHAPE_REPRESENTATION('', (#2059), #8);
#2061 = POLY_LOOP('', (#119, #117, #106));
#2062 = FACE_OUTER_BOUND('', #2061, .T.);
#2063 = FACETED_BREP_SHAPE_REPRESENTATION('', (#2062), #8);
#2064 = POLY_LOOP('', (#120, #121, #137));
#2065 = FACE_OUTER_BOUND('', #2064, .T.);
#2066 = FACETED_BREP_SHAPE_REPRESENTATION('', (#2065), #8);
#2067 = POLY_LOOP('', (#120, #137, #136));
#2068 = FACE_OUTER_BOUND('', #2067, .T.);
#2069 = FACETED_BREP_SHAPE_REPRESENTATION('', (#2068), #8);
#2070 = POLY_LOOP('', (#121, #122, #138));
#2071 = FACE_OUTER_BOUND('', #2070, .T.);
#2072 = FACETED_BREP_SHAPE_REPRESENTATION('', (#2071), #8);
#2073 = POLY_LOOP('', (#121, #138, #137));
#2074 = FACE_OUTER_BOUND('', #2073, .T.);
#2075 = FACETED_BREP_SHAPE_REPRESENTATION('', (#2074), #8);
#2076 = POLY_LOOP('', (#122, #123, #139));
#2077 = FACE_OUTER_BOUND('', #2076, .T.);
#2078 = FACETED_BREP_SHAPE_REPRESENTATION('', (#2077), #8);
#2079 = POLY_LOOP('', (#122, #139, #138));
#2080 = FACE_OUTER_BOUND('', #2079, .T.);
#2081 = FACETED_BREP_SHAPE_REPRESENTATION('', (#2080), #8);
#2082 = POLY_LOOP('', (#123, #124, #140));
#2083 = FACE_OUTER_BOUND('', #2082, .T.);
#2084 = FACETED_BREP_SHAPE_REPRESENTATION('', (#2083), #8);
#2085 = POLY_LOOP('', (#123, #140, #139));
#2086 = FACE_OUTER_BOUND('', #2085, .T.);
#2087 = FACETED_BREP_SHAPE_REPRESENTATION('', (#2086), #8);
#2088 = POLY_LOOP('', (#124, #125, #141));
#2089 = FACE_OUTER_BOUND('', #2088, .T.);
#2090 = FACETED_BREP_SHAPE_REPRESENTATION('', (#2089), #8);
#2091 = POLY_LOOP('', (#124, #141, #140));
#2092 = FACE_OUTER_BOUND('', #2091, .T.);
#2093 = FACETED_BREP_SHAPE_REPRESENTATION('', (#2092), #8);
#2094 = POLY_LOOP('', (#125, #126, #142));
#2095 = FACE_OUTER_BOUND('', #2094, .T.);
#2096 = FACETED_BREP_SHAPE_REPRESENTATION('', (#2095), #8);
#2097 = POLY_LOOP('', (#125, #142, #141));
#2098 = FACE_OUTER_BOUND('', #2097, .T.);
#2099 = FACETED_BREP_SHAPE_REPRESENTATION('', (#2098), #8);
#2100 = POLY_LOOP('', (#126, #127, #143));
#2101 = FACE_OUTER_BOUND('', #2100, .T.);
#2102 = FACETED_BREP_SHAPE_REPRESENTATION('', (#2101), #8);
#2103 = POLY_LOOP('', (#126, #143, #142));
#2104 = FACE_OUTER_BOUND('', #2103, .T.);
#2105 = FACETED_BREP_SHAPE_REPRESENTATION('', (#2104), #8);
#2106 = POLY_LOOP('', (#127, #128, #144));
#2107 = FACE_OUTER_BOUND('', #2106, .T.);
#2108 = FACETED_BREP_SHAPE_REPRESENTATION('', (#2107), #8);
#2109 = POLY_LOOP('', (#127, #144, #143));
#2110 = FACE_OUTER_BOUND('', #2109, .T.);
#2111 = FACETED_BREP_SHAPE_REPRESENTATION('', (#2110), #8);
#2112 = POLY_LOOP('', (#128, #129, #145));
#2113 = FACE_OUTER_BOUND('', #2112, .T.);
#2114 = FACETED_BREP_SHAPE_REPRESENTATION('', (#2113), #8);
#2115 = POLY_LOOP('', (#128, #145, #144));
#2116 = FACE_OUTER_BOUND('', #2115, .T.);
#2117 = FACETED_BREP_SHAPE_REPRESENTATION('', (#2116), #8);
#2118 = POLY_LOOP('', (#129, #130, #146));
#2119 = FACE_OUTER_BOUND('', #2118, .T.);
#2120 = FACETED_BREP_SHAPE_REPRESENTATION('', (#2119), #8);
#2121 = POLY_LOOP('', (#129, #146, #145));
#2122 = FACE_OUTER_BOUND('', #2121, .T.);
#2123 = FACETED_BREP_SHAPE_REPRESENTATION('', (#2122), #8);
#2124 = POLY_LOOP('', (#130, #131, #147));
#2125 = FACE_OUTER_BOUND('', #2124, .T.);
#2126 = FACETED_BREP_SHAPE_REPRESENTATION('', (#2125), #8);
#2127 = POLY_LOOP('', (#130, #147, #146));
#2128 = FACE_OUTER_BOUND('', #2127, .T.);
#2129 = FACETED_BREP_SHAPE_REPRESENTATION('', (#2128), #8);
#2130 = POLY_LOOP('', (#131, #132, #148));
#2131 = FACE_OUTER_BOUND('', #2130, .T.);
#2132 = FACETED_BREP_SHAPE_REPRESENTATION('', (#2131), #8);
#2133 = POLY_LOOP('', (#131, #148, #147));
#2134 = FACE_OUTER_BOUND('', #2133, .T.);
#2135 = FACETED_BREP_SHAPE_REPRESENTATION('', (#2134), #8);
#2136 = POLY_LOOP('', (#132, #133, #149));
#2137 = FACE_OUTER_BOUND('', #2136, .T.);
#2138 = FACETED_BREP_SHAPE_REPRESENTATION('', (#2137), #8);
#2139 = POLY_LOOP('', (#132, #149, #148));
#2140 = FACE_OUTER_BOUND('', #2139, .T.);
#2141 = FACETED_BREP_SHAPE_REPRESENTATION('', (#2140), #8);
#2142 = POLY_LOOP('', (#133, #134, #150));
#2143 = FACE_OUTER_BOUND('', #2142, .T.);
#2144 = FACETED_BREP_SHAPE_REPRESENTATION('', (#2143), #8);
#2145 = POLY_LOOP('', (#133, #150, #149));
#2146 = FACE_OUTER_BOUND('', #2145, .T.);
#2147 = FACETED_BREP_SHAPE_REPRESENTATION('', (#2146), #8);
#2148 = POLY_LOOP('', (#134, #135, #151));
#2149 = FACE_OUTER_BOUND('', #2148, .T.);
#2150 = FACETED_BREP_SHAPE_REPRESENTATION('', (#2149), #8);
#2151 = POLY_LOOP('', (#134, #151, #150));
#2152 = FACE_OUTER_BOUND('', #2151, .T.);
#2153 = FACETED_BREP_SHAPE_REPRESENTATION('', (#2152), #8);
#2154 = POLY_LOOP('', (#135, #120, #136));
#2155 = FACE_OUTER_BOUND('', #2154, .T.);
#2156 = FACETED_BREP_SHAPE_REPRESENTATION('', (#2155), #8);
#2157 = POLY_LOOP('', (#135, #136, #151));
#2158 = FACE_OUTER_BOUND('', #2157, .T.);
#2159 = FACETED_BREP_SHAPE_REPRESENTATION('', (#2158), #8);
#2160 = POLY_LOOP('', (#152, #121, #120));
#2161 = FACE_OUTER_BOUND('', #2160, .T.);
#2162 = FACETED_BREP_SHAPE_REPRESENTATION('', (#2161), #8);
#2163 = POLY_LOOP('', (#153, #136, #137));
#2164 = FACE_OUTER_BOUND('', #2163, .T.);
#2165 = FACETED_BREP_SHAPE_REPRESENTATION('', (#2164), #8);
#2166 = POLY_LOOP('', (#152, #122, #121));
#2167 = FACE_OUTER_BOUND('', #2166, .T.);
#2168 = FACETED_BREP_SHAPE_REPRESENTATION('', (#2167), #8);
#2169 = POLY_LOOP('', (#153, #137, #138));
#2170 = FACE_OUTER_BOUND('', #2169, .T.);
#2171 = FACETED_BREP_SHAPE_REPRESENTATION('', (#2170), #8);
#2172 = POLY_LOOP('', (#152, #123, #122));
#2173 = FACE_OUTER_BOUND('', #2172, .T.);
#2174 = FACETED_BREP_SHAPE_REPRESENTATION('', (#2173), #8);
#2175 = POLY_LOOP('', (#153, #138, #139));
#2176 = FACE_OUTER_BOUND('', #2175, .T.);
#2177 = FACETED_BREP_SHAPE_REPRESENTATION('', (#2176), #8);
#2178 = POLY_LOOP('', (#152, #124, #123));
#2179 = FACE_OUTER_BOUND('', #2178, .T.);
#2180 = FACETED_BREP_SHAPE_REPRESENTATION('', (#2179), #8);
#2181 = POLY_LOOP('', (#153, #139, #140));
#2182 = FACE_OUTER_BOUND('', #2181, .T.);
#2183 = FACETED_BREP_SHAPE_REPRESENTATION('', (#2182), #8);
#2184 = POLY_LOOP('', (#152, #125, #124));
#2185 = FACE_OUTER_BOUND('', #2184, .T.);
#2186 = FACETED_BREP_SHAPE_REPRESENTATION('', (#2185), #8);
#2187 = POLY_LOOP('', (#153, #140, #141));
#2188 = FACE_OUTER_BOUND('', #2187, .T.);
#2189 = FACETED_BREP_SHAPE_REPRESENTATION('', (#2188), #8);
#2190 = POLY_LOOP('', (#152, #126, #125));
#2191 = FACE_OUTER_BOUND('', #2190, .T.);
#2192 = FACETED_BREP_SHAPE_REPRESENTATION('', (#2191), #8);
#2193 = POLY_LOOP('', (#153, #141, #142));
#2194 = FACE_OUTER_BOUND('', #2193, .T.);
#2195 = FACETED_BREP_SHAPE_REPRESENTATION('', (#2194), #8);
#2196 = POLY_LOOP('', (#152, #127, #126));
#2197 = FACE_OUTER_BOUND('', #2196, .T.);
#2198 = FACETED_BREP_SHAPE_REPRESENTATION('', (#2197), #8);
#2199 = POLY_LOOP('', (#153, #142, #143));
#2200 = FACE_OUTER_BOUND('', #2199, .T.);
#2201 = FACETED_BREP_SHAPE_REPRESENTATION('', (#2200), #8);
#2202 = POLY_LOOP('', (#152, #128, #127));
#2203 = FACE_OUTER_BOUND('', #2202, .T.);
#2204 = FACETED_BREP_SHAPE_REPRESENTATION('', (#2203), #8);
#2205 = POLY_LOOP('', (#153, #143, #144));
#2206 = FACE_OUTER_BOUND('', #2205, .T.);
#2207 = FACETED_BREP_SHAPE_REPRESENTATION('', (#2206), #8);
#2208 = POLY_LOOP('', (#152, #129, #128));
#2209 = FACE_OUTER_BOUND('', #2208, .T.);
#2210 = FACETED_BREP_SHAPE_REPRESENTATION('', (#2209), #8);
#2211 = POLY_LOOP('', (#153, #144, #145));
#2212 = FACE_OUTER_BOUND('', #2211, .T.);
#2213 = FACETED_BREP_SHAPE_REPRESENTATION('', (#2212), #8);
#2214 = POLY_LOOP('', (#152, #130, #129));
#2215 = FACE_OUTER_BOUND('', #2214, .T.);
#2216 = FACETED_BREP_SHAPE_REPRESENTATION('', (#2215), #8);
#2217 = POLY_LOOP('', (#153, #145, #146));
#2218 = FACE_OUTER_BOUND('', #2217, .T.);
#2219 = FACETED_BREP_SHAPE_REPRESENTATION('', (#2218), #8);
#2220 = POLY_LOOP('', (#152, #131, #130));
#2221 = FACE_OUTER_BOUND('', #2220, .T.);
#2222 = FACETED_BREP_SHAPE_REPRESENTATION('', (#2221), #8);
#2223 = POLY_LOOP('', (#153, #146, #147));
#2224 = FACE_OUTER_BOUND('', #2223, .T.);
#2225 = FACETED_BREP_SHAPE_REPRESENTATION('', (#2224), #8);
#2226 = POLY_LOOP('', (#152, #132, #131));
#2227 = FACE_OUTER_BOUND('', #2226, .T.);
#2228 = FACETED_BREP_SHAPE_REPRESENTATION('', (#2227), #8);
#2229 = POLY_LOOP('', (#153, #147, #148));
#2230 = FACE_OUTER_BOUND('', #2229, .T.);
#2231 = FACETED_BREP_SHAPE_REPRESENTATION('', (#2230), #8);
#2232 = POLY_LOOP('', (#152, #133, #132));
#2233 = FACE_OUTER_BOUND('', #2232, .T.);
#2234 = FACETED_BREP_SHAPE_REPRESENTATION('', (#2233), #8);
#2235 = POLY_LOOP('', (#153, #148, #149));
#2236 = FACE_OUTER_BOUND('', #2235, .T.);
#2237 = FACETED_BREP_SHAPE_REPRESENTATION('', (#2236), #8);
#2238 = POLY_LOOP('', (#152, #134, #133));
#2239 = FACE_OUTER_BOUND('', #2238, .T.);
#2240 = FACETED_BREP_SHAPE_REPRESENTATION('', (#2239), #8);
#2241 = POLY_LOOP('', (#153, #149, #150));
#2242 = FACE_OUTER_BOUND('', #2241, .T.);
#2243 = FACETED_BREP_SHAPE_REPRESENTATION('', (#2242), #8);
#2244 = POLY_LOOP('', (#152, #135, #134));
#2245 = FACE_OUTER_BOUND('', #2244, .T.);
#2246 = FACETED_BREP_SHAPE_REPRESENTATION('', (#2245), #8);
#2247 = POLY_LOOP('', (#153, #150, #151));
#2248 = FACE_OUTER_BOUND('', #2247, .T.);
#2249 = FACETED_BREP_SHAPE_REPRESENTATION('', (#2248), #8);
#2250 = POLY_LOOP('', (#152, #120, #135));
#2251 = FACE_OUTER_BOUND('', #2250, .T.);
#2252 = FACETED_BREP_SHAPE_REPRESENTATION('', (#2251), #8);
#2253 = POLY_LOOP('', (#153, #151, #136));
#2254 = FACE_OUTER_BOUND('', #2253, .T.);
#2255 = FACETED_BREP_SHAPE_REPRESENTATION('', (#2254), #8);
#2256 = POLY_LOOP('', (#154, #155, #167));
#2257 = FACE_OUTER_BOUND('', #2256, .T.);
#2258 = FACETED_BREP_SHAPE_REPRESENTATION('', (#2257), #8);
#2259 = POLY_LOOP('', (#154, #167, #166));
#2260 = FACE_OUTER_BOUND('', #2259, .T.);
#2261 = FACETED_BREP_SHAPE_REPRESENTATION('', (#2260), #8);
#2262 = POLY_LOOP('', (#155, #156, #168));
#2263 = FACE_OUTER_BOUND('', #2262, .T.);
#2264 = FACETED_BREP_SHAPE_REPRESENTATION('', (#2263), #8);
#2265 = POLY_LOOP('', (#155, #168, #167));
#2266 = FACE_OUTER_BOUND('', #2265, .T.);
#2267 = FACETED_BREP_SHAPE_REPRESENTATION('', (#2266), #8);
#2268 = POLY_LOOP('', (#156, #157, #169));
#2269 = FACE_OUTER_BOUND('', #2268, .T.);
#2270 = FACETED_BREP_SHAPE_REPRESENTATION('', (#2269), #8);
#2271 = POLY_LOOP('', (#156, #169, #168));
#2272 = FACE_OUTER_BOUND('', #2271, .T.);
#2273 = FACETED_BREP_SHAPE_REPRESENTATION('', (#2272), #8);
#2274 = POLY_LOOP('', (#157, #158, #170));
#2275 = FACE_OUTER_BOUND('', #2274, .T.);
#2276 = FACETED_BREP_SHAPE_REPRESENTATION('', (#2275), #8);
#2277 = POLY_LOOP('', (#157, #170, #169));
#2278 = FACE_OUTER_BOUND('', #2277, .T.);
#2279 = FACETED_BREP_SHAPE_REPRESENTATION('', (#2278), #8);
#2280 = POLY_LOOP('', (#158, #159, #171));
#2281 = FACE_OUTER_BOUND('', #2280, .T.);
#2282 = FACETED_BREP_SHAPE_REPRESENTATION('', (#2281), #8);
#2283 = POLY_LOOP('', (#158, #171, #170));
#2284 = FACE_OUTER_BOUND('', #2283, .T.);
#2285 = FACETED_BREP_SHAPE_REPRESENTATION('', (#2284), #8);
#2286 = POLY_LOOP('', (#159, #160, #172));
#2287 = FACE_OUTER_BOUND('', #2286, .T.);
#2288 = FACETED_BREP_SHAPE_REPRESENTATION('', (#2287), #8);
#2289 = POLY_LOOP('', (#159, #172, #171));
#2290 = FACE_OUTER_BOUND('', #2289, .T.);
#2291 = FACETED_BREP_SHAPE_REPRESENTATION('', (#2290), #8);
#2292 = POLY_LOOP('', (#160, #161, #173));
#2293 = FACE_OUTER_BOUND('', #2292, .T.);
#2294 = FACETED_BREP_SHAPE_REPRESENTATION('', (#2293), #8);
#2295 = POLY_LOOP('', (#160, #173, #172));
#2296 = FACE_OUTER_BOUND('', #2295, .T.);
#2297 = FACETED_BREP_SHAPE_REPRESENTATION('', (#2296), #8);
#2298 = POLY_LOOP('', (#161, #162, #174));
#2299 = FACE_OUTER_BOUND('', #2298, .T.);
#2300 = FACETED_BREP_SHAPE_REPRESENTATION('', (#2299), #8);
#2301 = POLY_LOOP('', (#161, #174, #173));
#2302 = FACE_OUTER_BOUND('', #2301, .T.);
#2303 = FACETED_BREP_SHAPE_REPRESENTATION('', (#2302), #8);
#2304 = POLY_LOOP('', (#162, #163, #175));
#2305 = FACE_OUTER_BOUND('', #2304, .T.);
#2306 = FACETED_BREP_SHAPE_REPRESENTATION('', (#2305), #8);
#2307 = POLY_LOOP('', (#162, #175, #174));
#2308 = FACE_OUTER_BOUND('', #2307, .T.);
#2309 = FACETED_BREP_SHAPE_REPRESENTATION('', (#2308), #8);
#2310 = POLY_LOOP('', (#163, #164, #176));
#2311 = FACE_OUTER_BOUND('', #2310, .T.);
#2312 = FACETED_BREP_SHAPE_REPRESENTATION('', (#2311), #8);
#2313 = POLY_LOOP('', (#163, #176, #175));
#2314 = FACE_OUTER_BOUND('', #2313, .T.);
#2315 = FACETED_BREP_SHAPE_REPRESENTATION('', (#2314), #8);
#2316 = POLY_LOOP('', (#164, #165, #177));
#2317 = FACE_OUTER_BOUND('', #2316, .T.);
#2318 = FACETED_BREP_SHAPE_REPRESENTATION('', (#2317), #8);
#2319 = POLY_LOOP('', (#164, #177, #176));
#2320 = FACE_OUTER_BOUND('', #2319, .T.);
#2321 = FACETED_BREP_SHAPE_REPRESENTATION('', (#2320), #8);
#2322 = POLY_LOOP('', (#165, #154, #166));
#2323 = FACE_OUTER_BOUND('', #2322, .T.);
#2324 = FACETED_BREP_SHAPE_REPRESENTATION('', (#2323), #8);
#2325 = POLY_LOOP('', (#165, #166, #177));
#2326 = FACE_OUTER_BOUND('', #2325, .T.);
#2327 = FACETED_BREP_SHAPE_REPRESENTATION('', (#2326), #8);
#2328 = POLY_LOOP('', (#178, #155, #154));
#2329 = FACE_OUTER_BOUND('', #2328, .T.);
#2330 = FACETED_BREP_SHAPE_REPRESENTATION('', (#2329), #8);
#2331 = POLY_LOOP('', (#179, #166, #167));
#2332 = FACE_OUTER_BOUND('', #2331, .T.);
#2333 = FACETED_BREP_SHAPE_REPRESENTATION('', (#2332), #8);
#2334 = POLY_LOOP('', (#178, #156, #155));
#2335 = FACE_OUTER_BOUND('', #2334, .T.);
#2336 = FACETED_BREP_SHAPE_REPRESENTATION('', (#2335), #8);
#2337 = POLY_LOOP('', (#179, #167, #168));
#2338 = FACE_OUTER_BOUND('', #2337, .T.);
#2339 = FACETED_BREP_SHAPE_REPRESENTATION('', (#2338), #8);
#2340 = POLY_LOOP('', (#178, #157, #156));
#2341 = FACE_OUTER_BOUND('', #2340, .T.);
#2342 = FACETED_BREP_SHAPE_REPRESENTATION('', (#2341), #8);
#2343 = POLY_LOOP('', (#179, #168, #169));
#2344 = FACE_OUTER_BOUND('', #2343, .T.);
#2345 = FACETED_BREP_SHAPE_REPRESENTATION('', (#2344), #8);
#2346 = POLY_LOOP('', (#178, #158, #157));
#2347 = FACE_OUTER_BOUND('', #2346, .T.);
#2348 = FACETED_BREP_SHAPE_REPRESENTATION('', (#2347), #8);
#2349 = POLY_LOOP('', (#179, #169, #170));
#2350 = FACE_OUTER_BOUND('', #2349, .T.);
#2351 = FACETED_BREP_SHAPE_REPRESENTATION('', (#2350), #8);
#2352 = POLY_LOOP('', (#178, #159, #158));
#2353 = FACE_OUTER_BOUND('', #2352, .T.);
#2354 = FACETED_BREP_SHAPE_REPRESENTATION('', (#2353), #8);
#2355 = POLY_LOOP('', (#179, #170, #171));
#2356 = FACE_OUTER_BOUND('', #2355, .T.);
#2357 = FACETED_BREP_SHAPE_REPRESENTATION('', (#2356), #8);
#2358 = POLY_LOOP('', (#178, #160, #159));
#2359 = FACE_OUTER_BOUND('', #2358, .T.);
#2360 = FACETED_BREP_SHAPE_REPRESENTATION('', (#2359), #8);
#2361 = POLY_LOOP('', (#179, #171, #172));
#2362 = FACE_OUTER_BOUND('', #2361, .T.);
#2363 = FACETED_BREP_SHAPE_REPRESENTATION('', (#2362), #8);
#2364 = POLY_LOOP('', (#178, #161, #160));
#2365 = FACE_OUTER_BOUND('', #2364, .T.);
#2366 = FACETED_BREP_SHAPE_REPRESENTATION('', (#2365), #8);
#2367 = POLY_LOOP('', (#179, #172, #173));
#2368 = FACE_OUTER_BOUND('', #2367, .T.);
#2369 = FACETED_BREP_SHAPE_REPRESENTATION('', (#2368), #8);
#2370 = POLY_LOOP('', (#178, #162, #161));
#2371 = FACE_OUTER_BOUND('', #2370, .T.);
#2372 = FACETED_BREP_SHAPE_REPRESENTATION('', (#2371), #8);
#2373 = POLY_LOOP('', (#179, #173, #174));
#2374 = FACE_OUTER_BOUND('', #2373, .T.);
#2375 = FACETED_BREP_SHAPE_REPRESENTATION('', (#2374), #8);
#2376 = POLY_LOOP('', (#178, #163, #162));
#2377 = FACE_OUTER_BOUND('', #2376, .T.);
#2378 = FACETED_BREP_SHAPE_REPRESENTATION('', (#2377), #8);
#2379 = POLY_LOOP('', (#179, #174, #175));
#2380 = FACE_OUTER_BOUND('', #2379, .T.);
#2381 = FACETED_BREP_SHAPE_REPRESENTATION('', (#2380), #8);
#2382 = POLY_LOOP('', (#178, #164, #163));
#2383 = FACE_OUTER_BOUND('', #2382, .T.);
#2384 = FACETED_BREP_SHAPE_REPRESENTATION('', (#2383), #8);
#2385 = POLY_LOOP('', (#179, #175, #176));
#2386 = FACE_OUTER_BOUND('', #2385, .T.);
#2387 = FACETED_BREP_SHAPE_REPRESENTATION('', (#2386), #8);
#2388 = POLY_LOOP('', (#178, #165, #164));
#2389 = FACE_OUTER_BOUND('', #2388, .T.);
#2390 = FACETED_BREP_SHAPE_REPRESENTATION('', (#2389), #8);
#2391 = POLY_LOOP('', (#179, #176, #177));
#2392 = FACE_OUTER_BOUND('', #2391, .T.);
#2393 = FACETED_BREP_SHAPE_REPRESENTATION('', (#2392), #8);
#2394 = POLY_LOOP('', (#178, #154, #165));
#2395 = FACE_OUTER_BOUND('', #2394, .T.);
#2396 = FACETED_BREP_SHAPE_REPRESENTATION('', (#2395), #8);
#2397 = POLY_LOOP('', (#179, #177, #166));
#2398 = FACE_OUTER_BOUND('', #2397, .T.);
#2399 = FACETED_BREP_SHAPE_REPRESENTATION('', (#2398), #8);
#2400 = POLY_LOOP('', (#180, #181, #197));
#2401 = FACE_OUTER_BOUND('', #2400, .T.);
#2402 = FACETED_BREP_SHAPE_REPRESENTATION('', (#2401), #8);
#2403 = POLY_LOOP('', (#180, #197, #196));
#2404 = FACE_OUTER_BOUND('', #2403, .T.);
#2405 = FACETED_BREP_SHAPE_REPRESENTATION('', (#2404), #8);
#2406 = POLY_LOOP('', (#181, #182, #198));
#2407 = FACE_OUTER_BOUND('', #2406, .T.);
#2408 = FACETED_BREP_SHAPE_REPRESENTATION('', (#2407), #8);
#2409 = POLY_LOOP('', (#181, #198, #197));
#2410 = FACE_OUTER_BOUND('', #2409, .T.);
#2411 = FACETED_BREP_SHAPE_REPRESENTATION('', (#2410), #8);
#2412 = POLY_LOOP('', (#182, #183, #199));
#2413 = FACE_OUTER_BOUND('', #2412, .T.);
#2414 = FACETED_BREP_SHAPE_REPRESENTATION('', (#2413), #8);
#2415 = POLY_LOOP('', (#182, #199, #198));
#2416 = FACE_OUTER_BOUND('', #2415, .T.);
#2417 = FACETED_BREP_SHAPE_REPRESENTATION('', (#2416), #8);
#2418 = POLY_LOOP('', (#183, #184, #200));
#2419 = FACE_OUTER_BOUND('', #2418, .T.);
#2420 = FACETED_BREP_SHAPE_REPRESENTATION('', (#2419), #8);
#2421 = POLY_LOOP('', (#183, #200, #199));
#2422 = FACE_OUTER_BOUND('', #2421, .T.);
#2423 = FACETED_BREP_SHAPE_REPRESENTATION('', (#2422), #8);
#2424 = POLY_LOOP('', (#184, #185, #201));
#2425 = FACE_OUTER_BOUND('', #2424, .T.);
#2426 = FACETED_BREP_SHAPE_REPRESENTATION('', (#2425), #8);
#2427 = POLY_LOOP('', (#184, #201, #200));
#2428 = FACE_OUTER_BOUND('', #2427, .T.);
#2429 = FACETED_BREP_SHAPE_REPRESENTATION('', (#2428), #8);
#2430 = POLY_LOOP('', (#185, #186, #202));
#2431 = FACE_OUTER_BOUND('', #2430, .T.);
#2432 = FACETED_BREP_SHAPE_REPRESENTATION('', (#2431), #8);
#2433 = POLY_LOOP('', (#185, #202, #201));
#2434 = FACE_OUTER_BOUND('', #2433, .T.);
#2435 = FACETED_BREP_SHAPE_REPRESENTATION('', (#2434), #8);
#2436 = POLY_LOOP('', (#186, #187, #203));
#2437 = FACE_OUTER_BOUND('', #2436, .T.);
#2438 = FACETED_BREP_SHAPE_REPRESENTATION('', (#2437), #8);
#2439 = POLY_LOOP('', (#186, #203, #202));
#2440 = FACE_OUTER_BOUND('', #2439, .T.);
#2441 = FACETED_BREP_SHAPE_REPRESENTATION('', (#2440), #8);
#2442 = POLY_LOOP('', (#187, #188, #204));
#2443 = FACE_OUTER_BOUND('', #2442, .T.);
#2444 = FACETED_BREP_SHAPE_REPRESENTATION('', (#2443), #8);
#2445 = POLY_LOOP('', (#187, #204, #203));
#2446 = FACE_OUTER_BOUND('', #2445, .T.);
#2447 = FACETED_BREP_SHAPE_REPRESENTATION('', (#2446), #8);
#2448 = POLY_LOOP('', (#188, #189, #205));
#2449 = FACE_OUTER_BOUND('', #2448, .T.);
#2450 = FACETED_BREP_SHAPE_REPRESENTATION('', (#2449), #8);
#2451 = POLY_LOOP('', (#188, #205, #204));
#2452 = FACE_OUTER_BOUND('', #2451, .T.);
#2453 = FACETED_BREP_SHAPE_REPRESENTATION('', (#2452), #8);
#2454 = POLY_LOOP('', (#189, #190, #206));
#2455 = FACE_OUTER_BOUND('', #2454, .T.);
#2456 = FACETED_BREP_SHAPE_REPRESENTATION('', (#2455), #8);
#2457 = POLY_LOOP('', (#189, #206, #205));
#2458 = FACE_OUTER_BOUND('', #2457, .T.);
#2459 = FACETED_BREP_SHAPE_REPRESENTATION('', (#2458), #8);
#2460 = POLY_LOOP('', (#190, #191, #207));
#2461 = FACE_OUTER_BOUND('', #2460, .T.);
#2462 = FACETED_BREP_SHAPE_REPRESENTATION('', (#2461), #8);
#2463 = POLY_LOOP('', (#190, #207, #206));
#2464 = FACE_OUTER_BOUND('', #2463, .T.);
#2465 = FACETED_BREP_SHAPE_REPRESENTATION('', (#2464), #8);
#2466 = POLY_LOOP('', (#191, #192, #208));
#2467 = FACE_OUTER_BOUND('', #2466, .T.);
#2468 = FACETED_BREP_SHAPE_REPRESENTATION('', (#2467), #8);
#2469 = POLY_LOOP('', (#191, #208, #207));
#2470 = FACE_OUTER_BOUND('', #2469, .T.);
#2471 = FACETED_BREP_SHAPE_REPRESENTATION('', (#2470), #8);
#2472 = POLY_LOOP('', (#192, #193, #209));
#2473 = FACE_OUTER_BOUND('', #2472, .T.);
#2474 = FACETED_BREP_SHAPE_REPRESENTATION('', (#2473), #8);
#2475 = POLY_LOOP('', (#192, #209, #208));
#2476 = FACE_OUTER_BOUND('', #2475, .T.);
#2477 = FACETED_BREP_SHAPE_REPRESENTATION('', (#2476), #8);
#2478 = POLY_LOOP('', (#193, #194, #210));
#2479 = FACE_OUTER_BOUND('', #2478, .T.);
#2480 = FACETED_BREP_SHAPE_REPRESENTATION('', (#2479), #8);
#2481 = POLY_LOOP('', (#193, #210, #209));
#2482 = FACE_OUTER_BOUND('', #2481, .T.);
#2483 = FACETED_BREP_SHAPE_REPRESENTATION('', (#2482), #8);
#2484 = POLY_LOOP('', (#194, #195, #211));
#2485 = FACE_OUTER_BOUND('', #2484, .T.);
#2486 = FACETED_BREP_SHAPE_REPRESENTATION('', (#2485), #8);
#2487 = POLY_LOOP('', (#194, #211, #210));
#2488 = FACE_OUTER_BOUND('', #2487, .T.);
#2489 = FACETED_BREP_SHAPE_REPRESENTATION('', (#2488), #8);
#2490 = POLY_LOOP('', (#195, #180, #196));
#2491 = FACE_OUTER_BOUND('', #2490, .T.);
#2492 = FACETED_BREP_SHAPE_REPRESENTATION('', (#2491), #8);
#2493 = POLY_LOOP('', (#195, #196, #211));
#2494 = FACE_OUTER_BOUND('', #2493, .T.);
#2495 = FACETED_BREP_SHAPE_REPRESENTATION('', (#2494), #8);
#2496 = POLY_LOOP('', (#212, #181, #180));
#2497 = FACE_OUTER_BOUND('', #2496, .T.);
#2498 = FACETED_BREP_SHAPE_REPRESENTATION('', (#2497), #8);
#2499 = POLY_LOOP('', (#213, #196, #197));
#2500 = FACE_OUTER_BOUND('', #2499, .T.);
#2501 = FACETED_BREP_SHAPE_REPRESENTATION('', (#2500), #8);
#2502 = POLY_LOOP('', (#212, #182, #181));
#2503 = FACE_OUTER_BOUND('', #2502, .T.);
#2504 = FACETED_BREP_SHAPE_REPRESENTATION('', (#2503), #8);
#2505 = POLY_LOOP('', (#213, #197, #198));
#2506 = FACE_OUTER_BOUND('', #2505, .T.);
#2507 = FACETED_BREP_SHAPE_REPRESENTATION('', (#2506), #8);
#2508 = POLY_LOOP('', (#212, #183, #182));
#2509 = FACE_OUTER_BOUND('', #2508, .T.);
#2510 = FACETED_BREP_SHAPE_REPRESENTATION('', (#2509), #8);
#2511 = POLY_LOOP('', (#213, #198, #199));
#2512 = FACE_OUTER_BOUND('', #2511, .T.);
#2513 = FACETED_BREP_SHAPE_REPRESENTATION('', (#2512), #8);
#2514 = POLY_LOOP('', (#212, #184, #183));
#2515 = FACE_OUTER_BOUND('', #2514, .T.);
#2516 = FACETED_BREP_SHAPE_REPRESENTATION('', (#2515), #8);
#2517 = POLY_LOOP('', (#213, #199, #200));
#2518 = FACE_OUTER_BOUND('', #2517, .T.);
#2519 = FACETED_BREP_SHAPE_REPRESENTATION('', (#2518), #8);
#2520 = POLY_LOOP('', (#212, #185, #184));
#2521 = FACE_OUTER_BOUND('', #2520, .T.);
#2522 = FACETED_BREP_SHAPE_REPRESENTATION('', (#2521), #8);
#2523 = POLY_LOOP('', (#213, #200, #201));
#2524 = FACE_OUTER_BOUND('', #2523, .T.);
#2525 = FACETED_BREP_SHAPE_REPRESENTATION('', (#2524), #8);
#2526 = POLY_LOOP('', (#212, #186, #185));
#2527 = FACE_OUTER_BOUND('', #2526, .T.);
#2528 = FACETED_BREP_SHAPE_REPRESENTATION('', (#2527), #8);
#2529 = POLY_LOOP('', (#213, #201, #202));
#2530 = FACE_OUTER_BOUND('', #2529, .T.);
#2531 = FACETED_BREP_SHAPE_REPRESENTATION('', (#2530), #8);
#2532 = POLY_LOOP('', (#212, #187, #186));
#2533 = FACE_OUTER_BOUND('', #2532, .T.);
#2534 = FACETED_BREP_SHAPE_REPRESENTATION('', (#2533), #8);
#2535 = POLY_LOOP('', (#213, #202, #203));
#2536 = FACE_OUTER_BOUND('', #2535, .T.);
#2537 = FACETED_BREP_SHAPE_REPRESENTATION('', (#2536), #8);
#2538 = POLY_LOOP('', (#212, #188, #187));
#2539 = FACE_OUTER_BOUND('', #2538, .T.);
#2540 = FACETED_BREP_SHAPE_REPRESENTATION('', (#2539), #8);
#2541 = POLY_LOOP('', (#213, #203, #204));
#2542 = FACE_OUTER_BOUND('', #2541, .T.);
#2543 = FACETED_BREP_SHAPE_REPRESENTATION('', (#2542), #8);
#2544 = POLY_LOOP('', (#212, #189, #188));
#2545 = FACE_OUTER_BOUND('', #2544, .T.);
#2546 = FACETED_BREP_SHAPE_REPRESENTATION('', (#2545), #8);
#2547 = POLY_LOOP('', (#213, #204, #205));
#2548 = FACE_OUTER_BOUND('', #2547, .T.);
#2549 = FACETED_BREP_SHAPE_REPRESENTATION('', (#2548), #8);
#2550 = POLY_LOOP('', (#212, #190, #189));
#2551 = FACE_OUTER_BOUND('', #2550, .T.);
#2552 = FACETED_BREP_SHAPE_REPRESENTATION('', (#2551), #8);
#2553 = POLY_LOOP('', (#213, #205, #206));
#2554 = FACE_OUTER_BOUND('', #2553, .T.);
#2555 = FACETED_BREP_SHAPE_REPRESENTATION('', (#2554), #8);
#2556 = POLY_LOOP('', (#212, #191, #190));
#2557 = FACE_OUTER_BOUND('', #2556, .T.);
#2558 = FACETED_BREP_SHAPE_REPRESENTATION('', (#2557), #8);
#2559 = POLY_LOOP('', (#213, #206, #207));
#2560 = FACE_OUTER_BOUND('', #2559, .T.);
#2561 = FACETED_BREP_SHAPE_REPRESENTATION('', (#2560), #8);
#2562 = POLY_LOOP('', (#212, #192, #191));
#2563 = FACE_OUTER_BOUND('', #2562, .T.);
#2564 = FACETED_BREP_SHAPE_REPRESENTATION('', (#2563), #8);
#2565 = POLY_LOOP('', (#213, #207, #208));
#2566 = FACE_OUTER_BOUND('', #2565, .T.);
#2567 = FACETED_BREP_SHAPE_REPRESENTATION('', (#2566), #8);
#2568 = POLY_LOOP('', (#212, #193, #192));
#2569 = FACE_OUTER_BOUND('', #2568, .T.);
#2570 = FACETED_BREP_SHAPE_REPRESENTATION('', (#2569), #8);
#2571 = POLY_LOOP('', (#213, #208, #209));
#2572 = FACE_OUTER_BOUND('', #2571, .T.);
#2573 = FACETED_BREP_SHAPE_REPRESENTATION('', (#2572), #8);
#2574 = POLY_LOOP('', (#212, #194, #193));
#2575 = FACE_OUTER_BOUND('', #2574, .T.);
#2576 = FACETED_BREP_SHAPE_REPRESENTATION('', (#2575), #8);
#2577 = POLY_LOOP('', (#213, #209, #210));
#2578 = FACE_OUTER_BOUND('', #2577, .T.);
#2579 = FACETED_BREP_SHAPE_REPRESENTATION('', (#2578), #8);
#2580 = POLY_LOOP('', (#212, #195, #194));
#2581 = FACE_OUTER_BOUND('', #2580, .T.);
#2582 = FACETED_BREP_SHAPE_REPRESENTATION('', (#2581), #8);
#2583 = POLY_LOOP('', (#213, #210, #211));
#2584 = FACE_OUTER_BOUND('', #2583, .T.);
#2585 = FACETED_BREP_SHAPE_REPRESENTATION('', (#2584), #8);
#2586 = POLY_LOOP('', (#212, #180, #195));
#2587 = FACE_OUTER_BOUND('', #2586, .T.);
#2588 = FACETED_BREP_SHAPE_REPRESENTATION('', (#2587), #8);
#2589 = POLY_LOOP('', (#213, #211, #196));
#2590 = FACE_OUTER_BOUND('', #2589, .T.);
#2591 = FACETED_BREP_SHAPE_REPRESENTATION('', (#2590), #8);
#2592 = POLY_LOOP('', (#214, #215, #227));
#2593 = FACE_OUTER_BOUND('', #2592, .T.);
#2594 = FACETED_BREP_SHAPE_REPRESENTATION('', (#2593), #8);
#2595 = POLY_LOOP('', (#214, #227, #226));
#2596 = FACE_OUTER_BOUND('', #2595, .T.);
#2597 = FACETED_BREP_SHAPE_REPRESENTATION('', (#2596), #8);
#2598 = POLY_LOOP('', (#215, #216, #228));
#2599 = FACE_OUTER_BOUND('', #2598, .T.);
#2600 = FACETED_BREP_SHAPE_REPRESENTATION('', (#2599), #8);
#2601 = POLY_LOOP('', (#215, #228, #227));
#2602 = FACE_OUTER_BOUND('', #2601, .T.);
#2603 = FACETED_BREP_SHAPE_REPRESENTATION('', (#2602), #8);
#2604 = POLY_LOOP('', (#216, #217, #229));
#2605 = FACE_OUTER_BOUND('', #2604, .T.);
#2606 = FACETED_BREP_SHAPE_REPRESENTATION('', (#2605), #8);
#2607 = POLY_LOOP('', (#216, #229, #228));
#2608 = FACE_OUTER_BOUND('', #2607, .T.);
#2609 = FACETED_BREP_SHAPE_REPRESENTATION('', (#2608), #8);
#2610 = POLY_LOOP('', (#217, #218, #230));
#2611 = FACE_OUTER_BOUND('', #2610, .T.);
#2612 = FACETED_BREP_SHAPE_REPRESENTATION('', (#2611), #8);
#2613 = POLY_LOOP('', (#217, #230, #229));
#2614 = FACE_OUTER_BOUND('', #2613, .T.);
#2615 = FACETED_BREP_SHAPE_REPRESENTATION('', (#2614), #8);
#2616 = POLY_LOOP('', (#218, #219, #231));
#2617 = FACE_OUTER_BOUND('', #2616, .T.);
#2618 = FACETED_BREP_SHAPE_REPRESENTATION('', (#2617), #8);
#2619 = POLY_LOOP('', (#218, #231, #230));
#2620 = FACE_OUTER_BOUND('', #2619, .T.);
#2621 = FACETED_BREP_SHAPE_REPRESENTATION('', (#2620), #8);
#2622 = POLY_LOOP('', (#219, #220, #232));
#2623 = FACE_OUTER_BOUND('', #2622, .T.);
#2624 = FACETED_BREP_SHAPE_REPRESENTATION('', (#2623), #8);
#2625 = POLY_LOOP('', (#219, #232, #231));
#2626 = FACE_OUTER_BOUND('', #2625, .T.);
#2627 = FACETED_BREP_SHAPE_REPRESENTATION('', (#2626), #8);
#2628 = POLY_LOOP('', (#220, #221, #233));
#2629 = FACE_OUTER_BOUND('', #2628, .T.);
#2630 = FACETED_BREP_SHAPE_REPRESENTATION('', (#2629), #8);
#2631 = POLY_LOOP('', (#220, #233, #232));
#2632 = FACE_OUTER_BOUND('', #2631, .T.);
#2633 = FACETED_BREP_SHAPE_REPRESENTATION('', (#2632), #8);
#2634 = POLY_LOOP('', (#221, #222, #234));
#2635 = FACE_OUTER_BOUND('', #2634, .T.);
#2636 = FACETED_BREP_SHAPE_REPRESENTATION('', (#2635), #8);
#2637 = POLY_LOOP('', (#221, #234, #233));
#2638 = FACE_OUTER_BOUND('', #2637, .T.);
#2639 = FACETED_BREP_SHAPE_REPRESENTATION('', (#2638), #8);
#2640 = POLY_LOOP('', (#222, #223, #235));
#2641 = FACE_OUTER_BOUND('', #2640, .T.);
#2642 = FACETED_BREP_SHAPE_REPRESENTATION('', (#2641), #8);
#2643 = POLY_LOOP('', (#222, #235, #234));
#2644 = FACE_OUTER_BOUND('', #2643, .T.);
#2645 = FACETED_BREP_SHAPE_REPRESENTATION('', (#2644), #8);
#2646 = POLY_LOOP('', (#223, #224, #236));
#2647 = FACE_OUTER_BOUND('', #2646, .T.);
#2648 = FACETED_BREP_SHAPE_REPRESENTATION('', (#2647), #8);
#2649 = POLY_LOOP('', (#223, #236, #235));
#2650 = FACE_OUTER_BOUND('', #2649, .T.);
#2651 = FACETED_BREP_SHAPE_REPRESENTATION('', (#2650), #8);
#2652 = POLY_LOOP('', (#224, #225, #237));
#2653 = FACE_OUTER_BOUND('', #2652, .T.);
#2654 = FACETED_BREP_SHAPE_REPRESENTATION('', (#2653), #8);
#2655 = POLY_LOOP('', (#224, #237, #236));
#2656 = FACE_OUTER_BOUND('', #2655, .T.);
#2657 = FACETED_BREP_SHAPE_REPRESENTATION('', (#2656), #8);
#2658 = POLY_LOOP('', (#225, #214, #226));
#2659 = FACE_OUTER_BOUND('', #2658, .T.);
#2660 = FACETED_BREP_SHAPE_REPRESENTATION('', (#2659), #8);
#2661 = POLY_LOOP('', (#225, #226, #237));
#2662 = FACE_OUTER_BOUND('', #2661, .T.);
#2663 = FACETED_BREP_SHAPE_REPRESENTATION('', (#2662), #8);
#2664 = POLY_LOOP('', (#238, #215, #214));
#2665 = FACE_OUTER_BOUND('', #2664, .T.);
#2666 = FACETED_BREP_SHAPE_REPRESENTATION('', (#2665), #8);
#2667 = POLY_LOOP('', (#239, #226, #227));
#2668 = FACE_OUTER_BOUND('', #2667, .T.);
#2669 = FACETED_BREP_SHAPE_REPRESENTATION('', (#2668), #8);
#2670 = POLY_LOOP('', (#238, #216, #215));
#2671 = FACE_OUTER_BOUND('', #2670, .T.);
#2672 = FACETED_BREP_SHAPE_REPRESENTATION('', (#2671), #8);
#2673 = POLY_LOOP('', (#239, #227, #228));
#2674 = FACE_OUTER_BOUND('', #2673, .T.);
#2675 = FACETED_BREP_SHAPE_REPRESENTATION('', (#2674), #8);
#2676 = POLY_LOOP('', (#238, #217, #216));
#2677 = FACE_OUTER_BOUND('', #2676, .T.);
#2678 = FACETED_BREP_SHAPE_REPRESENTATION('', (#2677), #8);
#2679 = POLY_LOOP('', (#239, #228, #229));
#2680 = FACE_OUTER_BOUND('', #2679, .T.);
#2681 = FACETED_BREP_SHAPE_REPRESENTATION('', (#2680), #8);
#2682 = POLY_LOOP('', (#238, #218, #217));
#2683 = FACE_OUTER_BOUND('', #2682, .T.);
#2684 = FACETED_BREP_SHAPE_REPRESENTATION('', (#2683), #8);
#2685 = POLY_LOOP('', (#239, #229, #230));
#2686 = FACE_OUTER_BOUND('', #2685, .T.);
#2687 = FACETED_BREP_SHAPE_REPRESENTATION('', (#2686), #8);
#2688 = POLY_LOOP('', (#238, #219, #218));
#2689 = FACE_OUTER_BOUND('', #2688, .T.);
#2690 = FACETED_BREP_SHAPE_REPRESENTATION('', (#2689), #8);
#2691 = POLY_LOOP('', (#239, #230, #231));
#2692 = FACE_OUTER_BOUND('', #2691, .T.);
#2693 = FACETED_BREP_SHAPE_REPRESENTATION('', (#2692), #8);
#2694 = POLY_LOOP('', (#238, #220, #219));
#2695 = FACE_OUTER_BOUND('', #2694, .T.);
#2696 = FACETED_BREP_SHAPE_REPRESENTATION('', (#2695), #8);
#2697 = POLY_LOOP('', (#239, #231, #232));
#2698 = FACE_OUTER_BOUND('', #2697, .T.);
#2699 = FACETED_BREP_SHAPE_REPRESENTATION('', (#2698), #8);
#2700 = POLY_LOOP('', (#238, #221, #220));
#2701 = FACE_OUTER_BOUND('', #2700, .T.);
#2702 = FACETED_BREP_SHAPE_REPRESENTATION('', (#2701), #8);
#2703 = POLY_LOOP('', (#239, #232, #233));
#2704 = FACE_OUTER_BOUND('', #2703, .T.);
#2705 = FACETED_BREP_SHAPE_REPRESENTATION('', (#2704), #8);
#2706 = POLY_LOOP('', (#238, #222, #221));
#2707 = FACE_OUTER_BOUND('', #2706, .T.);
#2708 = FACETED_BREP_SHAPE_REPRESENTATION('', (#2707), #8);
#2709 = POLY_LOOP('', (#239, #233, #234));
#2710 = FACE_OUTER_BOUND('', #2709, .T.);
#2711 = FACETED_BREP_SHAPE_REPRESENTATION('', (#2710), #8);
#2712 = POLY_LOOP('', (#238, #223, #222));
#2713 = FACE_OUTER_BOUND('', #2712, .T.);
#2714 = FACETED_BREP_SHAPE_REPRESENTATION('', (#2713), #8);
#2715 = POLY_LOOP('', (#239, #234, #235));
#2716 = FACE_OUTER_BOUND('', #2715, .T.);
#2717 = FACETED_BREP_SHAPE_REPRESENTATION('', (#2716), #8);
#2718 = POLY_LOOP('', (#238, #224, #223));
#2719 = FACE_OUTER_BOUND('', #2718, .T.);
#2720 = FACETED_BREP_SHAPE_REPRESENTATION('', (#2719), #8);
#2721 = POLY_LOOP('', (#239, #235, #236));
#2722 = FACE_OUTER_BOUND('', #2721, .T.);
#2723 = FACETED_BREP_SHAPE_REPRESENTATION('', (#2722), #8);
#2724 = POLY_LOOP('', (#238, #225, #224));
#2725 = FACE_OUTER_BOUND('', #2724, .T.);
#2726 = FACETED_BREP_SHAPE_REPRESENTATION('', (#2725), #8);
#2727 = POLY_LOOP('', (#239, #236, #237));
#2728 = FACE_OUTER_BOUND('', #2727, .T.);
#2729 = FACETED_BREP_SHAPE_REPRESENTATION('', (#2728), #8);
#2730 = POLY_LOOP('', (#238, #214, #225));
#2731 = FACE_OUTER_BOUND('', #2730, .T.);
#2732 = FACETED_BREP_SHAPE_REPRESENTATION('', (#2731), #8);
#2733 = POLY_LOOP('', (#239, #237, #226));
#2734 = FACE_OUTER_BOUND('', #2733, .T.);
#2735 = FACETED_BREP_SHAPE_REPRESENTATION('', (#2734), #8);
#2736 = POLY_LOOP('', (#240, #241, #257));
#2737 = FACE_OUTER_BOUND('', #2736, .T.);
#2738 = FACETED_BREP_SHAPE_REPRESENTATION('', (#2737), #8);
#2739 = POLY_LOOP('', (#240, #257, #256));
#2740 = FACE_OUTER_BOUND('', #2739, .T.);
#2741 = FACETED_BREP_SHAPE_REPRESENTATION('', (#2740), #8);
#2742 = POLY_LOOP('', (#241, #242, #258));
#2743 = FACE_OUTER_BOUND('', #2742, .T.);
#2744 = FACETED_BREP_SHAPE_REPRESENTATION('', (#2743), #8);
#2745 = POLY_LOOP('', (#241, #258, #257));
#2746 = FACE_OUTER_BOUND('', #2745, .T.);
#2747 = FACETED_BREP_SHAPE_REPRESENTATION('', (#2746), #8);
#2748 = POLY_LOOP('', (#242, #243, #259));
#2749 = FACE_OUTER_BOUND('', #2748, .T.);
#2750 = FACETED_BREP_SHAPE_REPRESENTATION('', (#2749), #8);
#2751 = POLY_LOOP('', (#242, #259, #258));
#2752 = FACE_OUTER_BOUND('', #2751, .T.);
#2753 = FACETED_BREP_SHAPE_REPRESENTATION('', (#2752), #8);
#2754 = POLY_LOOP('', (#243, #244, #260));
#2755 = FACE_OUTER_BOUND('', #2754, .T.);
#2756 = FACETED_BREP_SHAPE_REPRESENTATION('', (#2755), #8);
#2757 = POLY_LOOP('', (#243, #260, #259));
#2758 = FACE_OUTER_BOUND('', #2757, .T.);
#2759 = FACETED_BREP_SHAPE_REPRESENTATION('', (#2758), #8);
#2760 = POLY_LOOP('', (#244, #245, #261));
#2761 = FACE_OUTER_BOUND('', #2760, .T.);
#2762 = FACETED_BREP_SHAPE_REPRESENTATION('', (#2761), #8);
#2763 = POLY_LOOP('', (#244, #261, #260));
#2764 = FACE_OUTER_BOUND('', #2763, .T.);
#2765 = FACETED_BREP_SHAPE_REPRESENTATION('', (#2764), #8);
#2766 = POLY_LOOP('', (#245, #246, #262));
#2767 = FACE_OUTER_BOUND('', #2766, .T.);
#2768 = FACETED_BREP_SHAPE_REPRESENTATION('', (#2767), #8);
#2769 = POLY_LOOP('', (#245, #262, #261));
#2770 = FACE_OUTER_BOUND('', #2769, .T.);
#2771 = FACETED_BREP_SHAPE_REPRESENTATION('', (#2770), #8);
#2772 = POLY_LOOP('', (#246, #247, #263));
#2773 = FACE_OUTER_BOUND('', #2772, .T.);
#2774 = FACETED_BREP_SHAPE_REPRESENTATION('', (#2773), #8);
#2775 = POLY_LOOP('', (#246, #263, #262));
#2776 = FACE_OUTER_BOUND('', #2775, .T.);
#2777 = FACETED_BREP_SHAPE_REPRESENTATION('', (#2776), #8);
#2778 = POLY_LOOP('', (#247, #248, #264));
#2779 = FACE_OUTER_BOUND('', #2778, .T.);
#2780 = FACETED_BREP_SHAPE_REPRESENTATION('', (#2779), #8);
#2781 = POLY_LOOP('', (#247, #264, #263));
#2782 = FACE_OUTER_BOUND('', #2781, .T.);
#2783 = FACETED_BREP_SHAPE_REPRESENTATION('', (#2782), #8);
#2784 = POLY_LOOP('', (#248, #249, #265));
#2785 = FACE_OUTER_BOUND('', #2784, .T.);
#2786 = FACETED_BREP_SHAPE_REPRESENTATION('', (#2785), #8);
#2787 = POLY_LOOP('', (#248, #265, #264));
#2788 = FACE_OUTER_BOUND('', #2787, .T.);
#2789 = FACETED_BREP_SHAPE_REPRESENTATION('', (#2788), #8);
#2790 = POLY_LOOP('', (#249, #250, #266));
#2791 = FACE_OUTER_BOUND('', #2790, .T.);
#2792 = FACETED_BREP_SHAPE_REPRESENTATION('', (#2791), #8);
#2793 = POLY_LOOP('', (#249, #266, #265));
#2794 = FACE_OUTER_BOUND('', #2793, .T.);
#2795 = FACETED_BREP_SHAPE_REPRESENTATION('', (#2794), #8);
#2796 = POLY_LOOP('', (#250, #251, #267));
#2797 = FACE_OUTER_BOUND('', #2796, .T.);
#2798 = FACETED_BREP_SHAPE_REPRESENTATION('', (#2797), #8);
#2799 = POLY_LOOP('', (#250, #267, #266));
#2800 = FACE_OUTER_BOUND('', #2799, .T.);
#2801 = FACETED_BREP_SHAPE_REPRESENTATION('', (#2800), #8);
#2802 = POLY_LOOP('', (#251, #252, #268));
#2803 = FACE_OUTER_BOUND('', #2802, .T.);
#2804 = FACETED_BREP_SHAPE_REPRESENTATION('', (#2803), #8);
#2805 = POLY_LOOP('', (#251, #268, #267));
#2806 = FACE_OUTER_BOUND('', #2805, .T.);
#2807 = FACETED_BREP_SHAPE_REPRESENTATION('', (#2806), #8);
#2808 = POLY_LOOP('', (#252, #253, #269));
#2809 = FACE_OUTER_BOUND('', #2808, .T.);
#2810 = FACETED_BREP_SHAPE_REPRESENTATION('', (#2809), #8);
#2811 = POLY_LOOP('', (#252, #269, #268));
#2812 = FACE_OUTER_BOUND('', #2811, .T.);
#2813 = FACETED_BREP_SHAPE_REPRESENTATION('', (#2812), #8);
#2814 = POLY_LOOP('', (#253, #254, #270));
#2815 = FACE_OUTER_BOUND('', #2814, .T.);
#2816 = FACETED_BREP_SHAPE_REPRESENTATION('', (#2815), #8);
#2817 = POLY_LOOP('', (#253, #270, #269));
#2818 = FACE_OUTER_BOUND('', #2817, .T.);
#2819 = FACETED_BREP_SHAPE_REPRESENTATION('', (#2818), #8);
#2820 = POLY_LOOP('', (#254, #255, #271));
#2821 = FACE_OUTER_BOUND('', #2820, .T.);
#2822 = FACETED_BREP_SHAPE_REPRESENTATION('', (#2821), #8);
#2823 = POLY_LOOP('', (#254, #271, #270));
#2824 = FACE_OUTER_BOUND('', #2823, .T.);
#2825 = FACETED_BREP_SHAPE_REPRESENTATION('', (#2824), #8);
#2826 = POLY_LOOP('', (#255, #240, #256));
#2827 = FACE_OUTER_BOUND('', #2826, .T.);
#2828 = FACETED_BREP_SHAPE_REPRESENTATION('', (#2827), #8);
#2829 = POLY_LOOP('', (#255, #256, #271));
#2830 = FACE_OUTER_BOUND('', #2829, .T.);
#2831 = FACETED_BREP_SHAPE_REPRESENTATION('', (#2830), #8);
#2832 = POLY_LOOP('', (#272, #241, #240));
#2833 = FACE_OUTER_BOUND('', #2832, .T.);
#2834 = FACETED_BREP_SHAPE_REPRESENTATION('', (#2833), #8);
#2835 = POLY_LOOP('', (#273, #256, #257));
#2836 = FACE_OUTER_BOUND('', #2835, .T.);
#2837 = FACETED_BREP_SHAPE_REPRESENTATION('', (#2836), #8);
#2838 = POLY_LOOP('', (#272, #242, #241));
#2839 = FACE_OUTER_BOUND('', #2838, .T.);
#2840 = FACETED_BREP_SHAPE_REPRESENTATION('', (#2839), #8);
#2841 = POLY_LOOP('', (#273, #257, #258));
#2842 = FACE_OUTER_BOUND('', #2841, .T.);
#2843 = FACETED_BREP_SHAPE_REPRESENTATION('', (#2842), #8);
#2844 = POLY_LOOP('', (#272, #243, #242));
#2845 = FACE_OUTER_BOUND('', #2844, .T.);
#2846 = FACETED_BREP_SHAPE_REPRESENTATION('', (#2845), #8);
#2847 = POLY_LOOP('', (#273, #258, #259));
#2848 = FACE_OUTER_BOUND('', #2847, .T.);
#2849 = FACETED_BREP_SHAPE_REPRESENTATION('', (#2848), #8);
#2850 = POLY_LOOP('', (#272, #244, #243));
#2851 = FACE_OUTER_BOUND('', #2850, .T.);
#2852 = FACETED_BREP_SHAPE_REPRESENTATION('', (#2851), #8);
#2853 = POLY_LOOP('', (#273, #259, #260));
#2854 = FACE_OUTER_BOUND('', #2853, .T.);
#2855 = FACETED_BREP_SHAPE_REPRESENTATION('', (#2854), #8);
#2856 = POLY_LOOP('', (#272, #245, #244));
#2857 = FACE_OUTER_BOUND('', #2856, .T.);
#2858 = FACETED_BREP_SHAPE_REPRESENTATION('', (#2857), #8);
#2859 = POLY_LOOP('', (#273, #260, #261));
#2860 = FACE_OUTER_BOUND('', #2859, .T.);
#2861 = FACETED_BREP_SHAPE_REPRESENTATION('', (#2860), #8);
#2862 = POLY_LOOP('', (#272, #246, #245));
#2863 = FACE_OUTER_BOUND('', #2862, .T.);
#2864 = FACETED_BREP_SHAPE_REPRESENTATION('', (#2863), #8);
#2865 = POLY_LOOP('', (#273, #261, #262));
#2866 = FACE_OUTER_BOUND('', #2865, .T.);
#2867 = FACETED_BREP_SHAPE_REPRESENTATION('', (#2866), #8);
#2868 = POLY_LOOP('', (#272, #247, #246));
#2869 = FACE_OUTER_BOUND('', #2868, .T.);
#2870 = FACETED_BREP_SHAPE_REPRESENTATION('', (#2869), #8);
#2871 = POLY_LOOP('', (#273, #262, #263));
#2872 = FACE_OUTER_BOUND('', #2871, .T.);
#2873 = FACETED_BREP_SHAPE_REPRESENTATION('', (#2872), #8);
#2874 = POLY_LOOP('', (#272, #248, #247));
#2875 = FACE_OUTER_BOUND('', #2874, .T.);
#2876 = FACETED_BREP_SHAPE_REPRESENTATION('', (#2875), #8);
#2877 = POLY_LOOP('', (#273, #263, #264));
#2878 = FACE_OUTER_BOUND('', #2877, .T.);
#2879 = FACETED_BREP_SHAPE_REPRESENTATION('', (#2878), #8);
#2880 = POLY_LOOP('', (#272, #249, #248));
#2881 = FACE_OUTER_BOUND('', #2880, .T.);
#2882 = FACETED_BREP_SHAPE_REPRESENTATION('', (#2881), #8);
#2883 = POLY_LOOP('', (#273, #264, #265));
#2884 = FACE_OUTER_BOUND('', #2883, .T.);
#2885 = FACETED_BREP_SHAPE_REPRESENTATION('', (#2884), #8);
#2886 = POLY_LOOP('', (#272, #250, #249));
#2887 = FACE_OUTER_BOUND('', #2886, .T.);
#2888 = FACETED_BREP_SHAPE_REPRESENTATION('', (#2887), #8);
#2889 = POLY_LOOP('', (#273, #265, #266));
#2890 = FACE_OUTER_BOUND('', #2889, .T.);
#2891 = FACETED_BREP_SHAPE_REPRESENTATION('', (#2890), #8);
#2892 = POLY_LOOP('', (#272, #251, #250));
#2893 = FACE_OUTER_BOUND('', #2892, .T.);
#2894 = FACETED_BREP_SHAPE_REPRESENTATION('', (#2893), #8);
#2895 = POLY_LOOP('', (#273, #266, #267));
#2896 = FACE_OUTER_BOUND('', #2895, .T.);
#2897 = FACETED_BREP_SHAPE_REPRESENTATION('', (#2896), #8);
#2898 = POLY_LOOP('', (#272, #252, #251));
#2899 = FACE_OUTER_BOUND('', #2898, .T.);
#2900 = FACETED_BREP_SHAPE_REPRESENTATION('', (#2899), #8);
#2901 = POLY_LOOP('', (#273, #267, #268));
#2902 = FACE_OUTER_BOUND('', #2901, .T.);
#2903 = FACETED_BREP_SHAPE_REPRESENTATION('', (#2902), #8);
#2904 = POLY_LOOP('', (#272, #253, #252));
#2905 = FACE_OUTER_BOUND('', #2904, .T.);
#2906 = FACETED_BREP_SHAPE_REPRESENTATION('', (#2905), #8);
#2907 = POLY_LOOP('', (#273, #268, #269));
#2908 = FACE_OUTER_BOUND('', #2907, .T.);
#2909 = FACETED_BREP_SHAPE_REPRESENTATION('', (#2908), #8);
#2910 = POLY_LOOP('', (#272, #254, #253));
#2911 = FACE_OUTER_BOUND('', #2910, .T.);
#2912 = FACETED_BREP_SHAPE_REPRESENTATION('', (#2911), #8);
#2913 = POLY_LOOP('', (#273, #269, #270));
#2914 = FACE_OUTER_BOUND('', #2913, .T.);
#2915 = FACETED_BREP_SHAPE_REPRESENTATION('', (#2914), #8);
#2916 = POLY_LOOP('', (#272, #255, #254));
#2917 = FACE_OUTER_BOUND('', #2916, .T.);
#2918 = FACETED_BREP_SHAPE_REPRESENTATION('', (#2917), #8);
#2919 = POLY_LOOP('', (#273, #270, #271));
#2920 = FACE_OUTER_BOUND('', #2919, .T.);
#2921 = FACETED_BREP_SHAPE_REPRESENTATION('', (#2920), #8);
#2922 = POLY_LOOP('', (#272, #240, #255));
#2923 = FACE_OUTER_BOUND('', #2922, .T.);
#2924 = FACETED_BREP_SHAPE_REPRESENTATION('', (#2923), #8);
#2925 = POLY_LOOP('', (#273, #271, #256));
#2926 = FACE_OUTER_BOUND('', #2925, .T.);
#2927 = FACETED_BREP_SHAPE_REPRESENTATION('', (#2926), #8);
#2928 = POLY_LOOP('', (#274, #275, #287));
#2929 = FACE_OUTER_BOUND('', #2928, .T.);
#2930 = FACETED_BREP_SHAPE_REPRESENTATION('', (#2929), #8);
#2931 = POLY_LOOP('', (#274, #287, #286));
#2932 = FACE_OUTER_BOUND('', #2931, .T.);
#2933 = FACETED_BREP_SHAPE_REPRESENTATION('', (#2932), #8);
#2934 = POLY_LOOP('', (#275, #276, #288));
#2935 = FACE_OUTER_BOUND('', #2934, .T.);
#2936 = FACETED_BREP_SHAPE_REPRESENTATION('', (#2935), #8);
#2937 = POLY_LOOP('', (#275, #288, #287));
#2938 = FACE_OUTER_BOUND('', #2937, .T.);
#2939 = FACETED_BREP_SHAPE_REPRESENTATION('', (#2938), #8);
#2940 = POLY_LOOP('', (#276, #277, #289));
#2941 = FACE_OUTER_BOUND('', #2940, .T.);
#2942 = FACETED_BREP_SHAPE_REPRESENTATION('', (#2941), #8);
#2943 = POLY_LOOP('', (#276, #289, #288));
#2944 = FACE_OUTER_BOUND('', #2943, .T.);
#2945 = FACETED_BREP_SHAPE_REPRESENTATION('', (#2944), #8);
#2946 = POLY_LOOP('', (#277, #278, #290));
#2947 = FACE_OUTER_BOUND('', #2946, .T.);
#2948 = FACETED_BREP_SHAPE_REPRESENTATION('', (#2947), #8);
#2949 = POLY_LOOP('', (#277, #290, #289));
#2950 = FACE_OUTER_BOUND('', #2949, .T.);
#2951 = FACETED_BREP_SHAPE_REPRESENTATION('', (#2950), #8);
#2952 = POLY_LOOP('', (#278, #279, #291));
#2953 = FACE_OUTER_BOUND('', #2952, .T.);
#2954 = FACETED_BREP_SHAPE_REPRESENTATION('', (#2953), #8);
#2955 = POLY_LOOP('', (#278, #291, #290));
#2956 = FACE_OUTER_BOUND('', #2955, .T.);
#2957 = FACETED_BREP_SHAPE_REPRESENTATION('', (#2956), #8);
#2958 = POLY_LOOP('', (#279, #280, #292));
#2959 = FACE_OUTER_BOUND('', #2958, .T.);
#2960 = FACETED_BREP_SHAPE_REPRESENTATION('', (#2959), #8);
#2961 = POLY_LOOP('', (#279, #292, #291));
#2962 = FACE_OUTER_BOUND('', #2961, .T.);
#2963 = FACETED_BREP_SHAPE_REPRESENTATION('', (#2962), #8);
#2964 = POLY_LOOP('', (#280, #281, #293));
#2965 = FACE_OUTER_BOUND('', #2964, .T.);
#2966 = FACETED_BREP_SHAPE_REPRESENTATION('', (#2965), #8);
#2967 = POLY_LOOP('', (#280, #293, #292));
#2968 = FACE_OUTER_BOUND('', #2967, .T.);
#2969 = FACETED_BREP_SHAPE_REPRESENTATION('', (#2968), #8);
#2970 = POLY_LOOP('', (#281, #282, #294));
#2971 = FACE_OUTER_BOUND('', #2970, .T.);
#2972 = FACETED_BREP_SHAPE_REPRESENTATION('', (#2971), #8);
#2973 = POLY_LOOP('', (#281, #294, #293));
#2974 = FACE_OUTER_BOUND('', #2973, .T.);
#2975 = FACETED_BREP_SHAPE_REPRESENTATION('', (#2974), #8);
#2976 = POLY_LOOP('', (#282, #283, #295));
#2977 = FACE_OUTER_BOUND('', #2976, .T.);
#2978 = FACETED_BREP_SHAPE_REPRESENTATION('', (#2977), #8);
#2979 = POLY_LOOP('', (#282, #295, #294));
#2980 = FACE_OUTER_BOUND('', #2979, .T.);
#2981 = FACETED_BREP_SHAPE_REPRESENTATION('', (#2980), #8);
#2982 = POLY_LOOP('', (#283, #284, #296));
#2983 = FACE_OUTER_BOUND('', #2982, .T.);
#2984 = FACETED_BREP_SHAPE_REPRESENTATION('', (#2983), #8);
#2985 = POLY_LOOP('', (#283, #296, #295));
#2986 = FACE_OUTER_BOUND('', #2985, .T.);
#2987 = FACETED_BREP_SHAPE_REPRESENTATION('', (#2986), #8);
#2988 = POLY_LOOP('', (#284, #285, #297));
#2989 = FACE_OUTER_BOUND('', #2988, .T.);
#2990 = FACETED_BREP_SHAPE_REPRESENTATION('', (#2989), #8);
#2991 = POLY_LOOP('', (#284, #297, #296));
#2992 = FACE_OUTER_BOUND('', #2991, .T.);
#2993 = FACETED_BREP_SHAPE_REPRESENTATION('', (#2992), #8);
#2994 = POLY_LOOP('', (#285, #274, #286));
#2995 = FACE_OUTER_BOUND('', #2994, .T.);
#2996 = FACETED_BREP_SHAPE_REPRESENTATION('', (#2995), #8);
#2997 = POLY_LOOP('', (#285, #286, #297));
#2998 = FACE_OUTER_BOUND('', #2997, .T.);
#2999 = FACETED_BREP_SHAPE_REPRESENTATION('', (#2998), #8);
#3000 = POLY_LOOP('', (#298, #275, #274));
#3001 = FACE_OUTER_BOUND('', #3000, .T.);
#3002 = FACETED_BREP_SHAPE_REPRESENTATION('', (#3001), #8);
#3003 = POLY_LOOP('', (#299, #286, #287));
#3004 = FACE_OUTER_BOUND('', #3003, .T.);
#3005 = FACETED_BREP_SHAPE_REPRESENTATION('', (#3004), #8);
#3006 = POLY_LOOP('', (#298, #276, #275));
#3007 = FACE_OUTER_BOUND('', #3006, .T.);
#3008 = FACETED_BREP_SHAPE_REPRESENTATION('', (#3007), #8);
#3009 = POLY_LOOP('', (#299, #287, #288));
#3010 = FACE_OUTER_BOUND('', #3009, .T.);
#3011 = FACETED_BREP_SHAPE_REPRESENTATION('', (#3010), #8);
#3012 = POLY_LOOP('', (#298, #277, #276));
#3013 = FACE_OUTER_BOUND('', #3012, .T.);
#3014 = FACETED_BREP_SHAPE_REPRESENTATION('', (#3013), #8);
#3015 = POLY_LOOP('', (#299, #288, #289));
#3016 = FACE_OUTER_BOUND('', #3015, .T.);
#3017 = FACETED_BREP_SHAPE_REPRESENTATION('', (#3016), #8);
#3018 = POLY_LOOP('', (#298, #278, #277));
#3019 = FACE_OUTER_BOUND('', #3018, .T.);
#3020 = FACETED_BREP_SHAPE_REPRESENTATION('', (#3019), #8);
#3021 = POLY_LOOP('', (#299, #289, #290));
#3022 = FACE_OUTER_BOUND('', #3021, .T.);
#3023 = FACETED_BREP_SHAPE_REPRESENTATION('', (#3022), #8);
#3024 = POLY_LOOP('', (#298, #279, #278));
#3025 = FACE_OUTER_BOUND('', #3024, .T.);
#3026 = FACETED_BREP_SHAPE_REPRESENTATION('', (#3025), #8);
#3027 = POLY_LOOP('', (#299, #290, #291));
#3028 = FACE_OUTER_BOUND('', #3027, .T.);
#3029 = FACETED_BREP_SHAPE_REPRESENTATION('', (#3028), #8);
#3030 = POLY_LOOP('', (#298, #280, #279));
#3031 = FACE_OUTER_BOUND('', #3030, .T.);
#3032 = FACETED_BREP_SHAPE_REPRESENTATION('', (#3031), #8);
#3033 = POLY_LOOP('', (#299, #291, #292));
#3034 = FACE_OUTER_BOUND('', #3033, .T.);
#3035 = FACETED_BREP_SHAPE_REPRESENTATION('', (#3034), #8);
#3036 = POLY_LOOP('', (#298, #281, #280));
#3037 = FACE_OUTER_BOUND('', #3036, .T.);
#3038 = FACETED_BREP_SHAPE_REPRESENTATION('', (#3037), #8);
#3039 = POLY_LOOP('', (#299, #292, #293));
#3040 = FACE_OUTER_BOUND('', #3039, .T.);
#3041 = FACETED_BREP_SHAPE_REPRESENTATION('', (#3040), #8);
#3042 = POLY_LOOP('', (#298, #282, #281));
#3043 = FACE_OUTER_BOUND('', #3042, .T.);
#3044 = FACETED_BREP_SHAPE_REPRESENTATION('', (#3043), #8);
#3045 = POLY_LOOP('', (#299, #293, #294));
#3046 = FACE_OUTER_BOUND('', #3045, .T.);
#3047 = FACETED_BREP_SHAPE_REPRESENTATION('', (#3046), #8);
#3048 = POLY_LOOP('', (#298, #283, #282));
#3049 = FACE_OUTER_BOUND('', #3048, .T.);
#3050 = FACETED_BREP_SHAPE_REPRESENTATION('', (#3049), #8);
#3051 = POLY_LOOP('', (#299, #294, #295));
#3052 = FACE_OUTER_BOUND('', #3051, .T.);
#3053 = FACETED_BREP_SHAPE_REPRESENTATION('', (#3052), #8);
#3054 = POLY_LOOP('', (#298, #284, #283));
#3055 = FACE_OUTER_BOUND('', #3054, .T.);
#3056 = FACETED_BREP_SHAPE_REPRESENTATION('', (#3055), #8);
#3057 = POLY_LOOP('', (#299, #295, #296));
#3058 = FACE_OUTER_BOUND('', #3057, .T.);
#3059 = FACETED_BREP_SHAPE_REPRESENTATION('', (#3058), #8);
#3060 = POLY_LOOP('', (#298, #285, #284));
#3061 = FACE_OUTER_BOUND('', #3060, .T.);
#3062 = FACETED_BREP_SHAPE_REPRESENTATION('', (#3061), #8);
#3063 = POLY_LOOP('', (#299, #296, #297));
#3064 = FACE_OUTER_BOUND('', #3063, .T.);
#3065 = FACETED_BREP_SHAPE_REPRESENTATION('', (#3064), #8);
#3066 = POLY_LOOP('', (#298, #274, #285));
#3067 = FACE_OUTER_BOUND('', #3066, .T.);
#3068 = FACETED_BREP_SHAPE_REPRESENTATION('', (#3067), #8);
#3069 = POLY_LOOP('', (#299, #297, #286));
#3070 = FACE_OUTER_BOUND('', #3069, .T.);
#3071 = FACETED_BREP_SHAPE_REPRESENTATION('', (#3070), #8);
#3072 = POLY_LOOP('', (#300, #301, #317));
#3073 = FACE_OUTER_BOUND('', #3072, .T.);
#3074 = FACETED_BREP_SHAPE_REPRESENTATION('', (#3073), #8);
#3075 = POLY_LOOP('', (#300, #317, #316));
#3076 = FACE_OUTER_BOUND('', #3075, .T.);
#3077 = FACETED_BREP_SHAPE_REPRESENTATION('', (#3076), #8);
#3078 = POLY_LOOP('', (#301, #302, #318));
#3079 = FACE_OUTER_BOUND('', #3078, .T.);
#3080 = FACETED_BREP_SHAPE_REPRESENTATION('', (#3079), #8);
#3081 = POLY_LOOP('', (#301, #318, #317));
#3082 = FACE_OUTER_BOUND('', #3081, .T.);
#3083 = FACETED_BREP_SHAPE_REPRESENTATION('', (#3082), #8);
#3084 = POLY_LOOP('', (#302, #303, #319));
#3085 = FACE_OUTER_BOUND('', #3084, .T.);
#3086 = FACETED_BREP_SHAPE_REPRESENTATION('', (#3085), #8);
#3087 = POLY_LOOP('', (#302, #319, #318));
#3088 = FACE_OUTER_BOUND('', #3087, .T.);
#3089 = FACETED_BREP_SHAPE_REPRESENTATION('', (#3088), #8);
#3090 = POLY_LOOP('', (#303, #304, #320));
#3091 = FACE_OUTER_BOUND('', #3090, .T.);
#3092 = FACETED_BREP_SHAPE_REPRESENTATION('', (#3091), #8);
#3093 = POLY_LOOP('', (#303, #320, #319));
#3094 = FACE_OUTER_BOUND('', #3093, .T.);
#3095 = FACETED_BREP_SHAPE_REPRESENTATION('', (#3094), #8);
#3096 = POLY_LOOP('', (#304, #305, #321));
#3097 = FACE_OUTER_BOUND('', #3096, .T.);
#3098 = FACETED_BREP_SHAPE_REPRESENTATION('', (#3097), #8);
#3099 = POLY_LOOP('', (#304, #321, #320));
#3100 = FACE_OUTER_BOUND('', #3099, .T.);
#3101 = FACETED_BREP_SHAPE_REPRESENTATION('', (#3100), #8);
#3102 = POLY_LOOP('', (#305, #306, #322));
#3103 = FACE_OUTER_BOUND('', #3102, .T.);
#3104 = FACETED_BREP_SHAPE_REPRESENTATION('', (#3103), #8);
#3105 = POLY_LOOP('', (#305, #322, #321));
#3106 = FACE_OUTER_BOUND('', #3105, .T.);
#3107 = FACETED_BREP_SHAPE_REPRESENTATION('', (#3106), #8);
#3108 = POLY_LOOP('', (#306, #307, #323));
#3109 = FACE_OUTER_BOUND('', #3108, .T.);
#3110 = FACETED_BREP_SHAPE_REPRESENTATION('', (#3109), #8);
#3111 = POLY_LOOP('', (#306, #323, #322));
#3112 = FACE_OUTER_BOUND('', #3111, .T.);
#3113 = FACETED_BREP_SHAPE_REPRESENTATION('', (#3112), #8);
#3114 = POLY_LOOP('', (#307, #308, #324));
#3115 = FACE_OUTER_BOUND('', #3114, .T.);
#3116 = FACETED_BREP_SHAPE_REPRESENTATION('', (#3115), #8);
#3117 = POLY_LOOP('', (#307, #324, #323));
#3118 = FACE_OUTER_BOUND('', #3117, .T.);
#3119 = FACETED_BREP_SHAPE_REPRESENTATION('', (#3118), #8);
#3120 = POLY_LOOP('', (#308, #309, #325));
#3121 = FACE_OUTER_BOUND('', #3120, .T.);
#3122 = FACETED_BREP_SHAPE_REPRESENTATION('', (#3121), #8);
#3123 = POLY_LOOP('', (#308, #325, #324));
#3124 = FACE_OUTER_BOUND('', #3123, .T.);
#3125 = FACETED_BREP_SHAPE_REPRESENTATION('', (#3124), #8);
#3126 = POLY_LOOP('', (#309, #310, #326));
#3127 = FACE_OUTER_BOUND('', #3126, .T.);
#3128 = FACETED_BREP_SHAPE_REPRESENTATION('', (#3127), #8);
#3129 = POLY_LOOP('', (#309, #326, #325));
#3130 = FACE_OUTER_BOUND('', #3129, .T.);
#3131 = FACETED_BREP_SHAPE_REPRESENTATION('', (#3130), #8);
#3132 = POLY_LOOP('', (#310, #311, #327));
#3133 = FACE_OUTER_BOUND('', #3132, .T.);
#3134 = FACETED_BREP_SHAPE_REPRESENTATION('', (#3133), #8);
#3135 = POLY_LOOP('', (#310, #327, #326));
#3136 = FACE_OUTER_BOUND('', #3135, .T.);
#3137 = FACETED_BREP_SHAPE_REPRESENTATION('', (#3136), #8);
#3138 = POLY_LOOP('', (#311, #312, #328));
#3139 = FACE_OUTER_BOUND('', #3138, .T.);
#3140 = FACETED_BREP_SHAPE_REPRESENTATION('', (#3139), #8);
#3141 = POLY_LOOP('', (#311, #328, #327));
#3142 = FACE_OUTER_BOUND('', #3141, .T.);
#3143 = FACETED_BREP_SHAPE_REPRESENTATION('', (#3142), #8);
#3144 = POLY_LOOP('', (#312, #313, #329));
#3145 = FACE_OUTER_BOUND('', #3144, .T.);
#3146 = FACETED_BREP_SHAPE_REPRESENTATION('', (#3145), #8);
#3147 = POLY_LOOP('', (#312, #329, #328));
#3148 = FACE_OUTER_BOUND('', #3147, .T.);
#3149 = FACETED_BREP_SHAPE_REPRESENTATION('', (#3148), #8);
#3150 = POLY_LOOP('', (#313, #314, #330));
#3151 = FACE_OUTER_BOUND('', #3150, .T.);
#3152 = FACETED_BREP_SHAPE_REPRESENTATION('', (#3151), #8);
#3153 = POLY_LOOP('', (#313, #330, #329));
#3154 = FACE_OUTER_BOUND('', #3153, .T.);
#3155 = FACETED_BREP_SHAPE_REPRESENTATION('', (#3154), #8);
#3156 = POLY_LOOP('', (#314, #315, #331));
#3157 = FACE_OUTER_BOUND('', #3156, .T.);
#3158 = FACETED_BREP_SHAPE_REPRESENTATION('', (#3157), #8);
#3159 = POLY_LOOP('', (#314, #331, #330));
#3160 = FACE_OUTER_BOUND('', #3159, .T.);
#3161 = FACETED_BREP_SHAPE_REPRESENTATION('', (#3160), #8);
#3162 = POLY_LOOP('', (#315, #300, #316));
#3163 = FACE_OUTER_BOUND('', #3162, .T.);
#3164 = FACETED_BREP_SHAPE_REPRESENTATION('', (#3163), #8);
#3165 = POLY_LOOP('', (#315, #316, #331));
#3166 = FACE_OUTER_BOUND('', #3165, .T.);
#3167 = FACETED_BREP_SHAPE_REPRESENTATION('', (#3166), #8);
#3168 = POLY_LOOP('', (#332, #301, #300));
#3169 = FACE_OUTER_BOUND('', #3168, .T.);
#3170 = FACETED_BREP_SHAPE_REPRESENTATION('', (#3169), #8);
#3171 = POLY_LOOP('', (#333, #316, #317));
#3172 = FACE_OUTER_BOUND('', #3171, .T.);
#3173 = FACETED_BREP_SHAPE_REPRESENTATION('', (#3172), #8);
#3174 = POLY_LOOP('', (#332, #302, #301));
#3175 = FACE_OUTER_BOUND('', #3174, .T.);
#3176 = FACETED_BREP_SHAPE_REPRESENTATION('', (#3175), #8);
#3177 = POLY_LOOP('', (#333, #317, #318));
#3178 = FACE_OUTER_BOUND('', #3177, .T.);
#3179 = FACETED_BREP_SHAPE_REPRESENTATION('', (#3178), #8);
#3180 = POLY_LOOP('', (#332, #303, #302));
#3181 = FACE_OUTER_BOUND('', #3180, .T.);
#3182 = FACETED_BREP_SHAPE_REPRESENTATION('', (#3181), #8);
#3183 = POLY_LOOP('', (#333, #318, #319));
#3184 = FACE_OUTER_BOUND('', #3183, .T.);
#3185 = FACETED_BREP_SHAPE_REPRESENTATION('', (#3184), #8);
#3186 = POLY_LOOP('', (#332, #304, #303));
#3187 = FACE_OUTER_BOUND('', #3186, .T.);
#3188 = FACETED_BREP_SHAPE_REPRESENTATION('', (#3187), #8);
#3189 = POLY_LOOP('', (#333, #319, #320));
#3190 = FACE_OUTER_BOUND('', #3189, .T.);
#3191 = FACETED_BREP_SHAPE_REPRESENTATION('', (#3190), #8);
#3192 = POLY_LOOP('', (#332, #305, #304));
#3193 = FACE_OUTER_BOUND('', #3192, .T.);
#3194 = FACETED_BREP_SHAPE_REPRESENTATION('', (#3193), #8);
#3195 = POLY_LOOP('', (#333, #320, #321));
#3196 = FACE_OUTER_BOUND('', #3195, .T.);
#3197 = FACETED_BREP_SHAPE_REPRESENTATION('', (#3196), #8);
#3198 = POLY_LOOP('', (#332, #306, #305));
#3199 = FACE_OUTER_BOUND('', #3198, .T.);
#3200 = FACETED_BREP_SHAPE_REPRESENTATION('', (#3199), #8);
#3201 = POLY_LOOP('', (#333, #321, #322));
#3202 = FACE_OUTER_BOUND('', #3201, .T.);
#3203 = FACETED_BREP_SHAPE_REPRESENTATION('', (#3202), #8);
#3204 = POLY_LOOP('', (#332, #307, #306));
#3205 = FACE_OUTER_BOUND('', #3204, .T.);
#3206 = FACETED_BREP_SHAPE_REPRESENTATION('', (#3205), #8);
#3207 = POLY_LOOP('', (#333, #322, #323));
#3208 = FACE_OUTER_BOUND('', #3207, .T.);
#3209 = FACETED_BREP_SHAPE_REPRESENTATION('', (#3208), #8);
#3210 = POLY_LOOP('', (#332, #308, #307));
#3211 = FACE_OUTER_BOUND('', #3210, .T.);
#3212 = FACETED_BREP_SHAPE_REPRESENTATION('', (#3211), #8);
#3213 = POLY_LOOP('', (#333, #323, #324));
#3214 = FACE_OUTER_BOUND('', #3213, .T.);
#3215 = FACETED_BREP_SHAPE_REPRESENTATION('', (#3214), #8);
#3216 = POLY_LOOP('', (#332, #309, #308));
#3217 = FACE_OUTER_BOUND('', #3216, .T.);
#3218 = FACETED_BREP_SHAPE_REPRESENTATION('', (#3217), #8);
#3219 = POLY_LOOP('', (#333, #324, #325));
#3220 = FACE_OUTER_BOUND('', #3219, .T.);
#3221 = FACETED_BREP_SHAPE_REPRESENTATION('', (#3220), #8);
#3222 = POLY_LOOP('', (#332, #310, #309));
#3223 = FACE_OUTER_BOUND('', #3222, .T.);
#3224 = FACETED_BREP_SHAPE_REPRESENTATION('', (#3223), #8);
#3225 = POLY_LOOP('', (#333, #325, #326));
#3226 = FACE_OUTER_BOUND('', #3225, .T.);
#3227 = FACETED_BREP_SHAPE_REPRESENTATION('', (#3226), #8);
#3228 = POLY_LOOP('', (#332, #311, #310));
#3229 = FACE_OUTER_BOUND('', #3228, .T.);
#3230 = FACETED_BREP_SHAPE_REPRESENTATION('', (#3229), #8);
#3231 = POLY_LOOP('', (#333, #326, #327));
#3232 = FACE_OUTER_BOUND('', #3231, .T.);
#3233 = FACETED_BREP_SHAPE_REPRESENTATION('', (#3232), #8);
#3234 = POLY_LOOP('', (#332, #312, #311));
#3235 = FACE_OUTER_BOUND('', #3234, .T.);
#3236 = FACETED_BREP_SHAPE_REPRESENTATION('', (#3235), #8);
#3237 = POLY_LOOP('', (#333, #327, #328));
#3238 = FACE_OUTER_BOUND('', #3237, .T.);
#3239 = FACETED_BREP_SHAPE_REPRESENTATION('', (#3238), #8);
#3240 = POLY_LOOP('', (#332, #313, #312));
#3241 = FACE_OUTER_BOUND('', #3240, .T.);
#3242 = FACETED_BREP_SHAPE_REPRESENTATION('', (#3241), #8);
#3243 = POLY_LOOP('', (#333, #328, #329));
#3244 = FACE_OUTER_BOUND('', #3243, .T.);
#3245 = FACETED_BREP_SHAPE_REPRESENTATION('', (#3244), #8);
#3246 = POLY_LOOP('', (#332, #314, #313));
#3247 = FACE_OUTER_BOUND('', #3246, .T.);
#3248 = FACETED_BREP_SHAPE_REPRESENTATION('', (#3247), #8);
#3249 = POLY_LOOP('', (#333, #329, #330));
#3250 = FACE_OUTER_BOUND('', #3249, .T.);
#3251 = FACETED_BREP_SHAPE_REPRESENTATION('', (#3250), #8);
#3252 = POLY_LOOP('', (#332, #315, #314));
#3253 = FACE_OUTER_BOUND('', #3252, .T.);
#3254 = FACETED_BREP_SHAPE_REPRESENTATION('', (#3253), #8);
#3255 = POLY_LOOP('', (#333, #330, #331));
#3256 = FACE_OUTER_BOUND('', #3255, .T.);
#3257 = FACETED_BREP_SHAPE_REPRESENTATION('', (#3256), #8);
#3258 = POLY_LOOP('', (#332, #300, #315));
#3259 = FACE_OUTER_BOUND('', #3258, .T.);
#3260 = FACETED_BREP_SHAPE_REPRESENTATION('', (#3259), #8);
#3261 = POLY_LOOP('', (#333, #331, #316));
#3262 = FACE_OUTER_BOUND('', #3261, .T.);
#3263 = FACETED_BREP_SHAPE_REPRESENTATION('', (#3262), #8);
#3264 = POLY_LOOP('', (#334, #335, #347));
#3265 = FACE_OUTER_BOUND('', #3264, .T.);
#3266 = FACETED_BREP_SHAPE_REPRESENTATION('', (#3265), #8);
#3267 = POLY_LOOP('', (#334, #347, #346));
#3268 = FACE_OUTER_BOUND('', #3267, .T.);
#3269 = FACETED_BREP_SHAPE_REPRESENTATION('', (#3268), #8);
#3270 = POLY_LOOP('', (#335, #336, #348));
#3271 = FACE_OUTER_BOUND('', #3270, .T.);
#3272 = FACETED_BREP_SHAPE_REPRESENTATION('', (#3271), #8);
#3273 = POLY_LOOP('', (#335, #348, #347));
#3274 = FACE_OUTER_BOUND('', #3273, .T.);
#3275 = FACETED_BREP_SHAPE_REPRESENTATION('', (#3274), #8);
#3276 = POLY_LOOP('', (#336, #337, #349));
#3277 = FACE_OUTER_BOUND('', #3276, .T.);
#3278 = FACETED_BREP_SHAPE_REPRESENTATION('', (#3277), #8);
#3279 = POLY_LOOP('', (#336, #349, #348));
#3280 = FACE_OUTER_BOUND('', #3279, .T.);
#3281 = FACETED_BREP_SHAPE_REPRESENTATION('', (#3280), #8);
#3282 = POLY_LOOP('', (#337, #338, #350));
#3283 = FACE_OUTER_BOUND('', #3282, .T.);
#3284 = FACETED_BREP_SHAPE_REPRESENTATION('', (#3283), #8);
#3285 = POLY_LOOP('', (#337, #350, #349));
#3286 = FACE_OUTER_BOUND('', #3285, .T.);
#3287 = FACETED_BREP_SHAPE_REPRESENTATION('', (#3286), #8);
#3288 = POLY_LOOP('', (#338, #339, #351));
#3289 = FACE_OUTER_BOUND('', #3288, .T.);
#3290 = FACETED_BREP_SHAPE_REPRESENTATION('', (#3289), #8);
#3291 = POLY_LOOP('', (#338, #351, #350));
#3292 = FACE_OUTER_BOUND('', #3291, .T.);
#3293 = FACETED_BREP_SHAPE_REPRESENTATION('', (#3292), #8);
#3294 = POLY_LOOP('', (#339, #340, #352));
#3295 = FACE_OUTER_BOUND('', #3294, .T.);
#3296 = FACETED_BREP_SHAPE_REPRESENTATION('', (#3295), #8);
#3297 = POLY_LOOP('', (#339, #352, #351));
#3298 = FACE_OUTER_BOUND('', #3297, .T.);
#3299 = FACETED_BREP_SHAPE_REPRESENTATION('', (#3298), #8);
#3300 = POLY_LOOP('', (#340, #341, #353));
#3301 = FACE_OUTER_BOUND('', #3300, .T.);
#3302 = FACETED_BREP_SHAPE_REPRESENTATION('', (#3301), #8);
#3303 = POLY_LOOP('', (#340, #353, #352));
#3304 = FACE_OUTER_BOUND('', #3303, .T.);
#3305 = FACETED_BREP_SHAPE_REPRESENTATION('', (#3304), #8);
#3306 = POLY_LOOP('', (#341, #342, #354));
#3307 = FACE_OUTER_BOUND('', #3306, .T.);
#3308 = FACETED_BREP_SHAPE_REPRESENTATION('', (#3307), #8);
#3309 = POLY_LOOP('', (#341, #354, #353));
#3310 = FACE_OUTER_BOUND('', #3309, .T.);
#3311 = FACETED_BREP_SHAPE_REPRESENTATION('', (#3310), #8);
#3312 = POLY_LOOP('', (#342, #343, #355));
#3313 = FACE_OUTER_BOUND('', #3312, .T.);
#3314 = FACETED_BREP_SHAPE_REPRESENTATION('', (#3313), #8);
#3315 = POLY_LOOP('', (#342, #355, #354));
#3316 = FACE_OUTER_BOUND('', #3315, .T.);
#3317 = FACETED_BREP_SHAPE_REPRESENTATION('', (#3316), #8);
#3318 = POLY_LOOP('', (#343, #344, #356));
#3319 = FACE_OUTER_BOUND('', #3318, .T.);
#3320 = FACETED_BREP_SHAPE_REPRESENTATION('', (#3319), #8);
#3321 = POLY_LOOP('', (#343, #356, #355));
#3322 = FACE_OUTER_BOUND('', #3321, .T.);
#3323 = FACETED_BREP_SHAPE_REPRESENTATION('', (#3322), #8);
#3324 = POLY_LOOP('', (#344, #345, #357));
#3325 = FACE_OUTER_BOUND('', #3324, .T.);
#3326 = FACETED_BREP_SHAPE_REPRESENTATION('', (#3325), #8);
#3327 = POLY_LOOP('', (#344, #357, #356));
#3328 = FACE_OUTER_BOUND('', #3327, .T.);
#3329 = FACETED_BREP_SHAPE_REPRESENTATION('', (#3328), #8);
#3330 = POLY_LOOP('', (#345, #334, #346));
#3331 = FACE_OUTER_BOUND('', #3330, .T.);
#3332 = FACETED_BREP_SHAPE_REPRESENTATION('', (#3331), #8);
#3333 = POLY_LOOP('', (#345, #346, #357));
#3334 = FACE_OUTER_BOUND('', #3333, .T.);
#3335 = FACETED_BREP_SHAPE_REPRESENTATION('', (#3334), #8);
#3336 = POLY_LOOP('', (#358, #335, #334));
#3337 = FACE_OUTER_BOUND('', #3336, .T.);
#3338 = FACETED_BREP_SHAPE_REPRESENTATION('', (#3337), #8);
#3339 = POLY_LOOP('', (#359, #346, #347));
#3340 = FACE_OUTER_BOUND('', #3339, .T.);
#3341 = FACETED_BREP_SHAPE_REPRESENTATION('', (#3340), #8);
#3342 = POLY_LOOP('', (#358, #336, #335));
#3343 = FACE_OUTER_BOUND('', #3342, .T.);
#3344 = FACETED_BREP_SHAPE_REPRESENTATION('', (#3343), #8);
#3345 = POLY_LOOP('', (#359, #347, #348));
#3346 = FACE_OUTER_BOUND('', #3345, .T.);
#3347 = FACETED_BREP_SHAPE_REPRESENTATION('', (#3346), #8);
#3348 = POLY_LOOP('', (#358, #337, #336));
#3349 = FACE_OUTER_BOUND('', #3348, .T.);
#3350 = FACETED_BREP_SHAPE_REPRESENTATION('', (#3349), #8);
#3351 = POLY_LOOP('', (#359, #348, #349));
#3352 = FACE_OUTER_BOUND('', #3351, .T.);
#3353 = FACETED_BREP_SHAPE_REPRESENTATION('', (#3352), #8);
#3354 = POLY_LOOP('', (#358, #338, #337));
#3355 = FACE_OUTER_BOUND('', #3354, .T.);
#3356 = FACETED_BREP_SHAPE_REPRESENTATION('', (#3355), #8);
#3357 = POLY_LOOP('', (#359, #349, #350));
#3358 = FACE_OUTER_BOUND('', #3357, .T.);
#3359 = FACETED_BREP_SHAPE_REPRESENTATION('', (#3358), #8);
#3360 = POLY_LOOP('', (#358, #339, #338));
#3361 = FACE_OUTER_BOUND('', #3360, .T.);
#3362 = FACETED_BREP_SHAPE_REPRESENTATION('', (#3361), #8);
#3363 = POLY_LOOP('', (#359, #350, #351));
#3364 = FACE_OUTER_BOUND('', #3363, .T.);
#3365 = FACETED_BREP_SHAPE_REPRESENTATION('', (#3364), #8);
#3366 = POLY_LOOP('', (#358, #340, #339));
#3367 = FACE_OUTER_BOUND('', #3366, .T.);
#3368 = FACETED_BREP_SHAPE_REPRESENTATION('', (#3367), #8);
#3369 = POLY_LOOP('', (#359, #351, #352));
#3370 = FACE_OUTER_BOUND('', #3369, .T.);
#3371 = FACETED_BREP_SHAPE_REPRESENTATION('', (#3370), #8);
#3372 = POLY_LOOP('', (#358, #341, #340));
#3373 = FACE_OUTER_BOUND('', #3372, .T.);
#3374 = FACETED_BREP_SHAPE_REPRESENTATION('', (#3373), #8);
#3375 = POLY_LOOP('', (#359, #352, #353));
#3376 = FACE_OUTER_BOUND('', #3375, .T.);
#3377 = FACETED_BREP_SHAPE_REPRESENTATION('', (#3376), #8);
#3378 = POLY_LOOP('', (#358, #342, #341));
#3379 = FACE_OUTER_BOUND('', #3378, .T.);
#3380 = FACETED_BREP_SHAPE_REPRESENTATION('', (#3379), #8);
#3381 = POLY_LOOP('', (#359, #353, #354));
#3382 = FACE_OUTER_BOUND('', #3381, .T.);
#3383 = FACETED_BREP_SHAPE_REPRESENTATION('', (#3382), #8);
#3384 = POLY_LOOP('', (#358, #343, #342));
#3385 = FACE_OUTER_BOUND('', #3384, .T.);
#3386 = FACETED_BREP_SHAPE_REPRESENTATION('', (#3385), #8);
#3387 = POLY_LOOP('', (#359, #354, #355));
#3388 = FACE_OUTER_BOUND('', #3387, .T.);
#3389 = FACETED_BREP_SHAPE_REPRESENTATION('', (#3388), #8);
#3390 = POLY_LOOP('', (#358, #344, #343));
#3391 = FACE_OUTER_BOUND('', #3390, .T.);
#3392 = FACETED_BREP_SHAPE_REPRESENTATION('', (#3391), #8);
#3393 = POLY_LOOP('', (#359, #355, #356));
#3394 = FACE_OUTER_BOUND('', #3393, .T.);
#3395 = FACETED_BREP_SHAPE_REPRESENTATION('', (#3394), #8);
#3396 = POLY_LOOP('', (#358, #345, #344));
#3397 = FACE_OUTER_BOUND('', #3396, .T.);
#3398 = FACETED_BREP_SHAPE_REPRESENTATION('', (#3397), #8);
#3399 = POLY_LOOP('', (#359, #356, #357));
#3400 = FACE_OUTER_BOUND('', #3399, .T.);
#3401 = FACETED_BREP_SHAPE_REPRESENTATION('', (#3400), #8);
#3402 = POLY_LOOP('', (#358, #334, #345));
#3403 = FACE_OUTER_BOUND('', #3402, .T.);
#3404 = FACETED_BREP_SHAPE_REPRESENTATION('', (#3403), #8);
#3405 = POLY_LOOP('', (#359, #357, #346));
#3406 = FACE_OUTER_BOUND('', #3405, .T.);
#3407 = FACETED_BREP_SHAPE_REPRESENTATION('', (#3406), #8);
#3408 = POLY_LOOP('', (#360, #361, #377));
#3409 = FACE_OUTER_BOUND('', #3408, .T.);
#3410 = FACETED_BREP_SHAPE_REPRESENTATION('', (#3409), #8);
#3411 = POLY_LOOP('', (#360, #377, #376));
#3412 = FACE_OUTER_BOUND('', #3411, .T.);
#3413 = FACETED_BREP_SHAPE_REPRESENTATION('', (#3412), #8);
#3414 = POLY_LOOP('', (#361, #362, #378));
#3415 = FACE_OUTER_BOUND('', #3414, .T.);
#3416 = FACETED_BREP_SHAPE_REPRESENTATION('', (#3415), #8);
#3417 = POLY_LOOP('', (#361, #378, #377));
#3418 = FACE_OUTER_BOUND('', #3417, .T.);
#3419 = FACETED_BREP_SHAPE_REPRESENTATION('', (#3418), #8);
#3420 = POLY_LOOP('', (#362, #363, #379));
#3421 = FACE_OUTER_BOUND('', #3420, .T.);
#3422 = FACETED_BREP_SHAPE_REPRESENTATION('', (#3421), #8);
#3423 = POLY_LOOP('', (#362, #379, #378));
#3424 = FACE_OUTER_BOUND('', #3423, .T.);
#3425 = FACETED_BREP_SHAPE_REPRESENTATION('', (#3424), #8);
#3426 = POLY_LOOP('', (#363, #364, #380));
#3427 = FACE_OUTER_BOUND('', #3426, .T.);
#3428 = FACETED_BREP_SHAPE_REPRESENTATION('', (#3427), #8);
#3429 = POLY_LOOP('', (#363, #380, #379));
#3430 = FACE_OUTER_BOUND('', #3429, .T.);
#3431 = FACETED_BREP_SHAPE_REPRESENTATION('', (#3430), #8);
#3432 = POLY_LOOP('', (#364, #365, #381));
#3433 = FACE_OUTER_BOUND('', #3432, .T.);
#3434 = FACETED_BREP_SHAPE_REPRESENTATION('', (#3433), #8);
#3435 = POLY_LOOP('', (#364, #381, #380));
#3436 = FACE_OUTER_BOUND('', #3435, .T.);
#3437 = FACETED_BREP_SHAPE_REPRESENTATION('', (#3436), #8);
#3438 = POLY_LOOP('', (#365, #366, #382));
#3439 = FACE_OUTER_BOUND('', #3438, .T.);
#3440 = FACETED_BREP_SHAPE_REPRESENTATION('', (#3439), #8);
#3441 = POLY_LOOP('', (#365, #382, #381));
#3442 = FACE_OUTER_BOUND('', #3441, .T.);
#3443 = FACETED_BREP_SHAPE_REPRESENTATION('', (#3442), #8);
#3444 = POLY_LOOP('', (#366, #367, #383));
#3445 = FACE_OUTER_BOUND('', #3444, .T.);
#3446 = FACETED_BREP_SHAPE_REPRESENTATION('', (#3445), #8);
#3447 = POLY_LOOP('', (#366, #383, #382));
#3448 = FACE_OUTER_BOUND('', #3447, .T.);
#3449 = FACETED_BREP_SHAPE_REPRESENTATION('', (#3448), #8);
#3450 = POLY_LOOP('', (#367, #368, #384));
#3451 = FACE_OUTER_BOUND('', #3450, .T.);
#3452 = FACETED_BREP_SHAPE_REPRESENTATION('', (#3451), #8);
#3453 = POLY_LOOP('', (#367, #384, #383));
#3454 = FACE_OUTER_BOUND('', #3453, .T.);
#3455 = FACETED_BREP_SHAPE_REPRESENTATION('', (#3454), #8);
#3456 = POLY_LOOP('', (#368, #369, #385));
#3457 = FACE_OUTER_BOUND('', #3456, .T.);
#3458 = FACETED_BREP_SHAPE_REPRESENTATION('', (#3457), #8);
#3459 = POLY_LOOP('', (#368, #385, #384));
#3460 = FACE_OUTER_BOUND('', #3459, .T.);
#3461 = FACETED_BREP_SHAPE_REPRESENTATION('', (#3460), #8);
#3462 = POLY_LOOP('', (#369, #370, #386));
#3463 = FACE_OUTER_BOUND('', #3462, .T.);
#3464 = FACETED_BREP_SHAPE_REPRESENTATION('', (#3463), #8);
#3465 = POLY_LOOP('', (#369, #386, #385));
#3466 = FACE_OUTER_BOUND('', #3465, .T.);
#3467 = FACETED_BREP_SHAPE_REPRESENTATION('', (#3466), #8);
#3468 = POLY_LOOP('', (#370, #371, #387));
#3469 = FACE_OUTER_BOUND('', #3468, .T.);
#3470 = FACETED_BREP_SHAPE_REPRESENTATION('', (#3469), #8);
#3471 = POLY_LOOP('', (#370, #387, #386));
#3472 = FACE_OUTER_BOUND('', #3471, .T.);
#3473 = FACETED_BREP_SHAPE_REPRESENTATION('', (#3472), #8);
#3474 = POLY_LOOP('', (#371, #372, #388));
#3475 = FACE_OUTER_BOUND('', #3474, .T.);
#3476 = FACETED_BREP_SHAPE_REPRESENTATION('', (#3475), #8);
#3477 = POLY_LOOP('', (#371, #388, #387));
#3478 = FACE_OUTER_BOUND('', #3477, .T.);
#3479 = FACETED_BREP_SHAPE_REPRESENTATION('', (#3478), #8);
#3480 = POLY_LOOP('', (#372, #373, #389));
#3481 = FACE_OUTER_BOUND('', #3480, .T.);
#3482 = FACETED_BREP_SHAPE_REPRESENTATION('', (#3481), #8);
#3483 = POLY_LOOP('', (#372, #389, #388));
#3484 = FACE_OUTER_BOUND('', #3483, .T.);
#3485 = FACETED_BREP_SHAPE_REPRESENTATION('', (#3484), #8);
#3486 = POLY_LOOP('', (#373, #374, #390));
#3487 = FACE_OUTER_BOUND('', #3486, .T.);
#3488 = FACETED_BREP_SHAPE_REPRESENTATION('', (#3487), #8);
#3489 = POLY_LOOP('', (#373, #390, #389));
#3490 = FACE_OUTER_BOUND('', #3489, .T.);
#3491 = FACETED_BREP_SHAPE_REPRESENTATION('', (#3490), #8);
#3492 = POLY_LOOP('', (#374, #375, #391));
#3493 = FACE_OUTER_BOUND('', #3492, .T.);
#3494 = FACETED_BREP_SHAPE_REPRESENTATION('', (#3493), #8);
#3495 = POLY_LOOP('', (#374, #391, #390));
#3496 = FACE_OUTER_BOUND('', #3495, .T.);
#3497 = FACETED_BREP_SHAPE_REPRESENTATION('', (#3496), #8);
#3498 = POLY_LOOP('', (#375, #360, #376));
#3499 = FACE_OUTER_BOUND('', #3498, .T.);
#3500 = FACETED_BREP_SHAPE_REPRESENTATION('', (#3499), #8);
#3501 = POLY_LOOP('', (#375, #376, #391));
#3502 = FACE_OUTER_BOUND('', #3501, .T.);
#3503 = FACETED_BREP_SHAPE_REPRESENTATION('', (#3502), #8);
#3504 = POLY_LOOP('', (#392, #361, #360));
#3505 = FACE_OUTER_BOUND('', #3504, .T.);
#3506 = FACETED_BREP_SHAPE_REPRESENTATION('', (#3505), #8);
#3507 = POLY_LOOP('', (#393, #376, #377));
#3508 = FACE_OUTER_BOUND('', #3507, .T.);
#3509 = FACETED_BREP_SHAPE_REPRESENTATION('', (#3508), #8);
#3510 = POLY_LOOP('', (#392, #362, #361));
#3511 = FACE_OUTER_BOUND('', #3510, .T.);
#3512 = FACETED_BREP_SHAPE_REPRESENTATION('', (#3511), #8);
#3513 = POLY_LOOP('', (#393, #377, #378));
#3514 = FACE_OUTER_BOUND('', #3513, .T.);
#3515 = FACETED_BREP_SHAPE_REPRESENTATION('', (#3514), #8);
#3516 = POLY_LOOP('', (#392, #363, #362));
#3517 = FACE_OUTER_BOUND('', #3516, .T.);
#3518 = FACETED_BREP_SHAPE_REPRESENTATION('', (#3517), #8);
#3519 = POLY_LOOP('', (#393, #378, #379));
#3520 = FACE_OUTER_BOUND('', #3519, .T.);
#3521 = FACETED_BREP_SHAPE_REPRESENTATION('', (#3520), #8);
#3522 = POLY_LOOP('', (#392, #364, #363));
#3523 = FACE_OUTER_BOUND('', #3522, .T.);
#3524 = FACETED_BREP_SHAPE_REPRESENTATION('', (#3523), #8);
#3525 = POLY_LOOP('', (#393, #379, #380));
#3526 = FACE_OUTER_BOUND('', #3525, .T.);
#3527 = FACETED_BREP_SHAPE_REPRESENTATION('', (#3526), #8);
#3528 = POLY_LOOP('', (#392, #365, #364));
#3529 = FACE_OUTER_BOUND('', #3528, .T.);
#3530 = FACETED_BREP_SHAPE_REPRESENTATION('', (#3529), #8);
#3531 = POLY_LOOP('', (#393, #380, #381));
#3532 = FACE_OUTER_BOUND('', #3531, .T.);
#3533 = FACETED_BREP_SHAPE_REPRESENTATION('', (#3532), #8);
#3534 = POLY_LOOP('', (#392, #366, #365));
#3535 = FACE_OUTER_BOUND('', #3534, .T.);
#3536 = FACETED_BREP_SHAPE_REPRESENTATION('', (#3535), #8);
#3537 = POLY_LOOP('', (#393, #381, #382));
#3538 = FACE_OUTER_BOUND('', #3537, .T.);
#3539 = FACETED_BREP_SHAPE_REPRESENTATION('', (#3538), #8);
#3540 = POLY_LOOP('', (#392, #367, #366));
#3541 = FACE_OUTER_BOUND('', #3540, .T.);
#3542 = FACETED_BREP_SHAPE_REPRESENTATION('', (#3541), #8);
#3543 = POLY_LOOP('', (#393, #382, #383));
#3544 = FACE_OUTER_BOUND('', #3543, .T.);
#3545 = FACETED_BREP_SHAPE_REPRESENTATION('', (#3544), #8);
#3546 = POLY_LOOP('', (#392, #368, #367));
#3547 = FACE_OUTER_BOUND('', #3546, .T.);
#3548 = FACETED_BREP_SHAPE_REPRESENTATION('', (#3547), #8);
#3549 = POLY_LOOP('', (#393, #383, #384));
#3550 = FACE_OUTER_BOUND('', #3549, .T.);
#3551 = FACETED_BREP_SHAPE_REPRESENTATION('', (#3550), #8);
#3552 = POLY_LOOP('', (#392, #369, #368));
#3553 = FACE_OUTER_BOUND('', #3552, .T.);
#3554 = FACETED_BREP_SHAPE_REPRESENTATION('', (#3553), #8);
#3555 = POLY_LOOP('', (#393, #384, #385));
#3556 = FACE_OUTER_BOUND('', #3555, .T.);
#3557 = FACETED_BREP_SHAPE_REPRESENTATION('', (#3556), #8);
#3558 = POLY_LOOP('', (#392, #370, #369));
#3559 = FACE_OUTER_BOUND('', #3558, .T.);
#3560 = FACETED_BREP_SHAPE_REPRESENTATION('', (#3559), #8);
#3561 = POLY_LOOP('', (#393, #385, #386));
#3562 = FACE_OUTER_BOUND('', #3561, .T.);
#3563 = FACETED_BREP_SHAPE_REPRESENTATION('', (#3562), #8);
#3564 = POLY_LOOP('', (#392, #371, #370));
#3565 = FACE_OUTER_BOUND('', #3564, .T.);
#3566 = FACETED_BREP_SHAPE_REPRESENTATION('', (#3565), #8);
#3567 = POLY_LOOP('', (#393, #386, #387));
#3568 = FACE_OUTER_BOUND('', #3567, .T.);
#3569 = FACETED_BREP_SHAPE_REPRESENTATION('', (#3568), #8);
#3570 = POLY_LOOP('', (#392, #372, #371));
#3571 = FACE_OUTER_BOUND('', #3570, .T.);
#3572 = FACETED_BREP_SHAPE_REPRESENTATION('', (#3571), #8);
#3573 = POLY_LOOP('', (#393, #387, #388));
#3574 = FACE_OUTER_BOUND('', #3573, .T.);
#3575 = FACETED_BREP_SHAPE_REPRESENTATION('', (#3574), #8);
#3576 = POLY_LOOP('', (#392, #373, #372));
#3577 = FACE_OUTER_BOUND('', #3576, .T.);
#3578 = FACETED_BREP_SHAPE_REPRESENTATION('', (#3577), #8);
#3579 = POLY_LOOP('', (#393, #388, #389));
#3580 = FACE_OUTER_BOUND('', #3579, .T.);
#3581 = FACETED_BREP_SHAPE_REPRESENTATION('', (#3580), #8);
#3582 = POLY_LOOP('', (#392, #374, #373));
#3583 = FACE_OUTER_BOUND('', #3582, .T.);
#3584 = FACETED_BREP_SHAPE_REPRESENTATION('', (#3583), #8);
#3585 = POLY_LOOP('', (#393, #389, #390));
#3586 = FACE_OUTER_BOUND('', #3585, .T.);
#3587 = FACETED_BREP_SHAPE_REPRESENTATION('', (#3586), #8);
#3588 = POLY_LOOP('', (#392, #375, #374));
#3589 = FACE_OUTER_BOUND('', #3588, .T.);
#3590 = FACETED_BREP_SHAPE_REPRESENTATION('', (#3589), #8);
#3591 = POLY_LOOP('', (#393, #390, #391));
#3592 = FACE_OUTER_BOUND('', #3591, .T.);
#3593 = FACETED_BREP_SHAPE_REPRESENTATION('', (#3592), #8);
#3594 = POLY_LOOP('', (#392, #360, #375));
#3595 = FACE_OUTER_BOUND('', #3594, .T.);
#3596 = FACETED_BREP_SHAPE_REPRESENTATION('', (#3595), #8);
#3597 = POLY_LOOP('', (#393, #391, #376));
#3598 = FACE_OUTER_BOUND('', #3597, .T.);
#3599 = FACETED_BREP_SHAPE_REPRESENTATION('', (#3598), #8);
#3600 = POLY_LOOP('', (#394, #395, #407));
#3601 = FACE_OUTER_BOUND('', #3600, .T.);
#3602 = FACETED_BREP_SHAPE_REPRESENTATION('', (#3601), #8);
#3603 = POLY_LOOP('', (#394, #407, #406));
#3604 = FACE_OUTER_BOUND('', #3603, .T.);
#3605 = FACETED_BREP_SHAPE_REPRESENTATION('', (#3604), #8);
#3606 = POLY_LOOP('', (#395, #396, #408));
#3607 = FACE_OUTER_BOUND('', #3606, .T.);
#3608 = FACETED_BREP_SHAPE_REPRESENTATION('', (#3607), #8);
#3609 = POLY_LOOP('', (#395, #408, #407));
#3610 = FACE_OUTER_BOUND('', #3609, .T.);
#3611 = FACETED_BREP_SHAPE_REPRESENTATION('', (#3610), #8);
#3612 = POLY_LOOP('', (#396, #397, #409));
#3613 = FACE_OUTER_BOUND('', #3612, .T.);
#3614 = FACETED_BREP_SHAPE_REPRESENTATION('', (#3613), #8);
#3615 = POLY_LOOP('', (#396, #409, #408));
#3616 = FACE_OUTER_BOUND('', #3615, .T.);
#3617 = FACETED_BREP_SHAPE_REPRESENTATION('', (#3616), #8);
#3618 = POLY_LOOP('', (#397, #398, #410));
#3619 = FACE_OUTER_BOUND('', #3618, .T.);
#3620 = FACETED_BREP_SHAPE_REPRESENTATION('', (#3619), #8);
#3621 = POLY_LOOP('', (#397, #410, #409));
#3622 = FACE_OUTER_BOUND('', #3621, .T.);
#3623 = FACETED_BREP_SHAPE_REPRESENTATION('', (#3622), #8);
#3624 = POLY_LOOP('', (#398, #399, #411));
#3625 = FACE_OUTER_BOUND('', #3624, .T.);
#3626 = FACETED_BREP_SHAPE_REPRESENTATION('', (#3625), #8);
#3627 = POLY_LOOP('', (#398, #411, #410));
#3628 = FACE_OUTER_BOUND('', #3627, .T.);
#3629 = FACETED_BREP_SHAPE_REPRESENTATION('', (#3628), #8);
#3630 = POLY_LOOP('', (#399, #400, #412));
#3631 = FACE_OUTER_BOUND('', #3630, .T.);
#3632 = FACETED_BREP_SHAPE_REPRESENTATION('', (#3631), #8);
#3633 = POLY_LOOP('', (#399, #412, #411));
#3634 = FACE_OUTER_BOUND('', #3633, .T.);
#3635 = FACETED_BREP_SHAPE_REPRESENTATION('', (#3634), #8);
#3636 = POLY_LOOP('', (#400, #401, #413));
#3637 = FACE_OUTER_BOUND('', #3636, .T.);
#3638 = FACETED_BREP_SHAPE_REPRESENTATION('', (#3637), #8);
#3639 = POLY_LOOP('', (#400, #413, #412));
#3640 = FACE_OUTER_BOUND('', #3639, .T.);
#3641 = FACETED_BREP_SHAPE_REPRESENTATION('', (#3640), #8);
#3642 = POLY_LOOP('', (#401, #402, #414));
#3643 = FACE_OUTER_BOUND('', #3642, .T.);
#3644 = FACETED_BREP_SHAPE_REPRESENTATION('', (#3643), #8);
#3645 = POLY_LOOP('', (#401, #414, #413));
#3646 = FACE_OUTER_BOUND('', #3645, .T.);
#3647 = FACETED_BREP_SHAPE_REPRESENTATION('', (#3646), #8);
#3648 = POLY_LOOP('', (#402, #403, #415));
#3649 = FACE_OUTER_BOUND('', #3648, .T.);
#3650 = FACETED_BREP_SHAPE_REPRESENTATION('', (#3649), #8);
#3651 = POLY_LOOP('', (#402, #415, #414));
#3652 = FACE_OUTER_BOUND('', #3651, .T.);
#3653 = FACETED_BREP_SHAPE_REPRESENTATION('', (#3652), #8);
#3654 = POLY_LOOP('', (#403, #404, #416));
#3655 = FACE_OUTER_BOUND('', #3654, .T.);
#3656 = FACETED_BREP_SHAPE_REPRESENTATION('', (#3655), #8);
#3657 = POLY_LOOP('', (#403, #416, #415));
#3658 = FACE_OUTER_BOUND('', #3657, .T.);
#3659 = FACETED_BREP_SHAPE_REPRESENTATION('', (#3658), #8);
#3660 = POLY_LOOP('', (#404, #405, #417));
#3661 = FACE_OUTER_BOUND('', #3660, .T.);
#3662 = FACETED_BREP_SHAPE_REPRESENTATION('', (#3661), #8);
#3663 = POLY_LOOP('', (#404, #417, #416));
#3664 = FACE_OUTER_BOUND('', #3663, .T.);
#3665 = FACETED_BREP_SHAPE_REPRESENTATION('', (#3664), #8);
#3666 = POLY_LOOP('', (#405, #394, #406));
#3667 = FACE_OUTER_BOUND('', #3666, .T.);
#3668 = FACETED_BREP_SHAPE_REPRESENTATION('', (#3667), #8);
#3669 = POLY_LOOP('', (#405, #406, #417));
#3670 = FACE_OUTER_BOUND('', #3669, .T.);
#3671 = FACETED_BREP_SHAPE_REPRESENTATION('', (#3670), #8);
#3672 = POLY_LOOP('', (#418, #395, #394));
#3673 = FACE_OUTER_BOUND('', #3672, .T.);
#3674 = FACETED_BREP_SHAPE_REPRESENTATION('', (#3673), #8);
#3675 = POLY_LOOP('', (#419, #406, #407));
#3676 = FACE_OUTER_BOUND('', #3675, .T.);
#3677 = FACETED_BREP_SHAPE_REPRESENTATION('', (#3676), #8);
#3678 = POLY_LOOP('', (#418, #396, #395));
#3679 = FACE_OUTER_BOUND('', #3678, .T.);
#3680 = FACETED_BREP_SHAPE_REPRESENTATION('', (#3679), #8);
#3681 = POLY_LOOP('', (#419, #407, #408));
#3682 = FACE_OUTER_BOUND('', #3681, .T.);
#3683 = FACETED_BREP_SHAPE_REPRESENTATION('', (#3682), #8);
#3684 = POLY_LOOP('', (#418, #397, #396));
#3685 = FACE_OUTER_BOUND('', #3684, .T.);
#3686 = FACETED_BREP_SHAPE_REPRESENTATION('', (#3685), #8);
#3687 = POLY_LOOP('', (#419, #408, #409));
#3688 = FACE_OUTER_BOUND('', #3687, .T.);
#3689 = FACETED_BREP_SHAPE_REPRESENTATION('', (#3688), #8);
#3690 = POLY_LOOP('', (#418, #398, #397));
#3691 = FACE_OUTER_BOUND('', #3690, .T.);
#3692 = FACETED_BREP_SHAPE_REPRESENTATION('', (#3691), #8);
#3693 = POLY_LOOP('', (#419, #409, #410));
#3694 = FACE_OUTER_BOUND('', #3693, .T.);
#3695 = FACETED_BREP_SHAPE_REPRESENTATION('', (#3694), #8);
#3696 = POLY_LOOP('', (#418, #399, #398));
#3697 = FACE_OUTER_BOUND('', #3696, .T.);
#3698 = FACETED_BREP_SHAPE_REPRESENTATION('', (#3697), #8);
#3699 = POLY_LOOP('', (#419, #410, #411));
#3700 = FACE_OUTER_BOUND('', #3699, .T.);
#3701 = FACETED_BREP_SHAPE_REPRESENTATION('', (#3700), #8);
#3702 = POLY_LOOP('', (#418, #400, #399));
#3703 = FACE_OUTER_BOUND('', #3702, .T.);
#3704 = FACETED_BREP_SHAPE_REPRESENTATION('', (#3703), #8);
#3705 = POLY_LOOP('', (#419, #411, #412));
#3706 = FACE_OUTER_BOUND('', #3705, .T.);
#3707 = FACETED_BREP_SHAPE_REPRESENTATION('', (#3706), #8);
#3708 = POLY_LOOP('', (#418, #401, #400));
#3709 = FACE_OUTER_BOUND('', #3708, .T.);
#3710 = FACETED_BREP_SHAPE_REPRESENTATION('', (#3709), #8);
#3711 = POLY_LOOP('', (#419, #412, #413));
#3712 = FACE_OUTER_BOUND('', #3711, .T.);
#3713 = FACETED_BREP_SHAPE_REPRESENTATION('', (#3712), #8);
#3714 = POLY_LOOP('', (#418, #402, #401));
#3715 = FACE_OUTER_BOUND('', #3714, .T.);
#3716 = FACETED_BREP_SHAPE_REPRESENTATION('', (#3715), #8);
#3717 = POLY_LOOP('', (#419, #413, #414));
#3718 = FACE_OUTER_BOUND('', #3717, .T.);
#3719 = FACETED_BREP_SHAPE_REPRESENTATION('', (#3718), #8);
#3720 = POLY_LOOP('', (#418, #403, #402));
#3721 = FACE_OUTER_BOUND('', #3720, .T.);
#3722 = FACETED_BREP_SHAPE_REPRESENTATION('', (#3721), #8);
#3723 = POLY_LOOP('', (#419, #414, #415));
#3724 = FACE_OUTER_BOUND('', #3723, .T.);
#3725 = FACETED_BREP_SHAPE_REPRESENTATION('', (#3724), #8);
#3726 = POLY_LOOP('', (#418, #404, #403));
#3727 = FACE_OUTER_BOUND('', #3726, .T.);
#3728 = FACETED_BREP_SHAPE_REPRESENTATION('', (#3727), #8);
#3729 = POLY_LOOP('', (#419, #415, #416));
#3730 = FACE_OUTER_BOUND('', #3729, .T.);
#3731 = FACETED_BREP_SHAPE_REPRESENTATION('', (#3730), #8);
#3732 = POLY_LOOP('', (#418, #405, #404));
#3733 = FACE_OUTER_BOUND('', #3732, .T.);
#3734 = FACETED_BREP_SHAPE_REPRESENTATION('', (#3733), #8);
#3735 = POLY_LOOP('', (#419, #416, #417));
#3736 = FACE_OUTER_BOUND('', #3735, .T.);
#3737 = FACETED_BREP_SHAPE_REPRESENTATION('', (#3736), #8);
#3738 = POLY_LOOP('', (#418, #394, #405));
#3739 = FACE_OUTER_BOUND('', #3738, .T.);
#3740 = FACETED_BREP_SHAPE_REPRESENTATION('', (#3739), #8);
#3741 = POLY_LOOP('', (#419, #417, #406));
#3742 = FACE_OUTER_BOUND('', #3741, .T.);
#3743 = FACETED_BREP_SHAPE_REPRESENTATION('', (#3742), #8);
#3744 = POLY_LOOP('', (#420, #421, #437));
#3745 = FACE_OUTER_BOUND('', #3744, .T.);
#3746 = FACETED_BREP_SHAPE_REPRESENTATION('', (#3745), #8);
#3747 = POLY_LOOP('', (#420, #437, #436));
#3748 = FACE_OUTER_BOUND('', #3747, .T.);
#3749 = FACETED_BREP_SHAPE_REPRESENTATION('', (#3748), #8);
#3750 = POLY_LOOP('', (#421, #422, #438));
#3751 = FACE_OUTER_BOUND('', #3750, .T.);
#3752 = FACETED_BREP_SHAPE_REPRESENTATION('', (#3751), #8);
#3753 = POLY_LOOP('', (#421, #438, #437));
#3754 = FACE_OUTER_BOUND('', #3753, .T.);
#3755 = FACETED_BREP_SHAPE_REPRESENTATION('', (#3754), #8);
#3756 = POLY_LOOP('', (#422, #423, #439));
#3757 = FACE_OUTER_BOUND('', #3756, .T.);
#3758 = FACETED_BREP_SHAPE_REPRESENTATION('', (#3757), #8);
#3759 = POLY_LOOP('', (#422, #439, #438));
#3760 = FACE_OUTER_BOUND('', #3759, .T.);
#3761 = FACETED_BREP_SHAPE_REPRESENTATION('', (#3760), #8);
#3762 = POLY_LOOP('', (#423, #424, #440));
#3763 = FACE_OUTER_BOUND('', #3762, .T.);
#3764 = FACETED_BREP_SHAPE_REPRESENTATION('', (#3763), #8);
#3765 = POLY_LOOP('', (#423, #440, #439));
#3766 = FACE_OUTER_BOUND('', #3765, .T.);
#3767 = FACETED_BREP_SHAPE_REPRESENTATION('', (#3766), #8);
#3768 = POLY_LOOP('', (#424, #425, #441));
#3769 = FACE_OUTER_BOUND('', #3768, .T.);
#3770 = FACETED_BREP_SHAPE_REPRESENTATION('', (#3769), #8);
#3771 = POLY_LOOP('', (#424, #441, #440));
#3772 = FACE_OUTER_BOUND('', #3771, .T.);
#3773 = FACETED_BREP_SHAPE_REPRESENTATION('', (#3772), #8);
#3774 = POLY_LOOP('', (#425, #426, #442));
#3775 = FACE_OUTER_BOUND('', #3774, .T.);
#3776 = FACETED_BREP_SHAPE_REPRESENTATION('', (#3775), #8);
#3777 = POLY_LOOP('', (#425, #442, #441));
#3778 = FACE_OUTER_BOUND('', #3777, .T.);
#3779 = FACETED_BREP_SHAPE_REPRESENTATION('', (#3778), #8);
#3780 = POLY_LOOP('', (#426, #427, #443));
#3781 = FACE_OUTER_BOUND('', #3780, .T.);
#3782 = FACETED_BREP_SHAPE_REPRESENTATION('', (#3781), #8);
#3783 = POLY_LOOP('', (#426, #443, #442));
#3784 = FACE_OUTER_BOUND('', #3783, .T.);
#3785 = FACETED_BREP_SHAPE_REPRESENTATION('', (#3784), #8);
#3786 = POLY_LOOP('', (#427, #428, #444));
#3787 = FACE_OUTER_BOUND('', #3786, .T.);
#3788 = FACETED_BREP_SHAPE_REPRESENTATION('', (#3787), #8);
#3789 = POLY_LOOP('', (#427, #444, #443));
#3790 = FACE_OUTER_BOUND('', #3789, .T.);
#3791 = FACETED_BREP_SHAPE_REPRESENTATION('', (#3790), #8);
#3792 = POLY_LOOP('', (#428, #429, #445));
#3793 = FACE_OUTER_BOUND('', #3792, .T.);
#3794 = FACETED_BREP_SHAPE_REPRESENTATION('', (#3793), #8);
#3795 = POLY_LOOP('', (#428, #445, #444));
#3796 = FACE_OUTER_BOUND('', #3795, .T.);
#3797 = FACETED_BREP_SHAPE_REPRESENTATION('', (#3796), #8);
#3798 = POLY_LOOP('', (#429, #430, #446));
#3799 = FACE_OUTER_BOUND('', #3798, .T.);
#3800 = FACETED_BREP_SHAPE_REPRESENTATION('', (#3799), #8);
#3801 = POLY_LOOP('', (#429, #446, #445));
#3802 = FACE_OUTER_BOUND('', #3801, .T.);
#3803 = FACETED_BREP_SHAPE_REPRESENTATION('', (#3802), #8);
#3804 = POLY_LOOP('', (#430, #431, #447));
#3805 = FACE_OUTER_BOUND('', #3804, .T.);
#3806 = FACETED_BREP_SHAPE_REPRESENTATION('', (#3805), #8);
#3807 = POLY_LOOP('', (#430, #447, #446));
#3808 = FACE_OUTER_BOUND('', #3807, .T.);
#3809 = FACETED_BREP_SHAPE_REPRESENTATION('', (#3808), #8);
#3810 = POLY_LOOP('', (#431, #432, #448));
#3811 = FACE_OUTER_BOUND('', #3810, .T.);
#3812 = FACETED_BREP_SHAPE_REPRESENTATION('', (#3811), #8);
#3813 = POLY_LOOP('', (#431, #448, #447));
#3814 = FACE_OUTER_BOUND('', #3813, .T.);
#3815 = FACETED_BREP_SHAPE_REPRESENTATION('', (#3814), #8);
#3816 = POLY_LOOP('', (#432, #433, #449));
#3817 = FACE_OUTER_BOUND('', #3816, .T.);
#3818 = FACETED_BREP_SHAPE_REPRESENTATION('', (#3817), #8);
#3819 = POLY_LOOP('', (#432, #449, #448));
#3820 = FACE_OUTER_BOUND('', #3819, .T.);
#3821 = FACETED_BREP_SHAPE_REPRESENTATION('', (#3820), #8);
#3822 = POLY_LOOP('', (#433, #434, #450));
#3823 = FACE_OUTER_BOUND('', #3822, .T.);
#3824 = FACETED_BREP_SHAPE_REPRESENTATION('', (#3823), #8);
#3825 = POLY_LOOP('', (#433, #450, #449));
#3826 = FACE_OUTER_BOUND('', #3825, .T.);
#3827 = FACETED_BREP_SHAPE_REPRESENTATION('', (#3826), #8);
#3828 = POLY_LOOP('', (#434, #435, #451));
#3829 = FACE_OUTER_BOUND('', #3828, .T.);
#3830 = FACETED_BREP_SHAPE_REPRESENTATION('', (#3829), #8);
#3831 = POLY_LOOP('', (#434, #451, #450));
#3832 = FACE_OUTER_BOUND('', #3831, .T.);
#3833 = FACETED_BREP_SHAPE_REPRESENTATION('', (#3832), #8);
#3834 = POLY_LOOP('', (#435, #420, #436));
#3835 = FACE_OUTER_BOUND('', #3834, .T.);
#3836 = FACETED_BREP_SHAPE_REPRESENTATION('', (#3835), #8);
#3837 = POLY_LOOP('', (#435, #436, #451));
#3838 = FACE_OUTER_BOUND('', #3837, .T.);
#3839 = FACETED_BREP_SHAPE_REPRESENTATION('', (#3838), #8);
#3840 = POLY_LOOP('', (#452, #421, #420));
#3841 = FACE_OUTER_BOUND('', #3840, .T.);
#3842 = FACETED_BREP_SHAPE_REPRESENTATION('', (#3841), #8);
#3843 = POLY_LOOP('', (#453, #436, #437));
#3844 = FACE_OUTER_BOUND('', #3843, .T.);
#3845 = FACETED_BREP_SHAPE_REPRESENTATION('', (#3844), #8);
#3846 = POLY_LOOP('', (#452, #422, #421));
#3847 = FACE_OUTER_BOUND('', #3846, .T.);
#3848 = FACETED_BREP_SHAPE_REPRESENTATION('', (#3847), #8);
#3849 = POLY_LOOP('', (#453, #437, #438));
#3850 = FACE_OUTER_BOUND('', #3849, .T.);
#3851 = FACETED_BREP_SHAPE_REPRESENTATION('', (#3850), #8);
#3852 = POLY_LOOP('', (#452, #423, #422));
#3853 = FACE_OUTER_BOUND('', #3852, .T.);
#3854 = FACETED_BREP_SHAPE_REPRESENTATION('', (#3853), #8);
#3855 = POLY_LOOP('', (#453, #438, #439));
#3856 = FACE_OUTER_BOUND('', #3855, .T.);
#3857 = FACETED_BREP_SHAPE_REPRESENTATION('', (#3856), #8);
#3858 = POLY_LOOP('', (#452, #424, #423));
#3859 = FACE_OUTER_BOUND('', #3858, .T.);
#3860 = FACETED_BREP_SHAPE_REPRESENTATION('', (#3859), #8);
#3861 = POLY_LOOP('', (#453, #439, #440));
#3862 = FACE_OUTER_BOUND('', #3861, .T.);
#3863 = FACETED_BREP_SHAPE_REPRESENTATION('', (#3862), #8);
#3864 = POLY_LOOP('', (#452, #425, #424));
#3865 = FACE_OUTER_BOUND('', #3864, .T.);
#3866 = FACETED_BREP_SHAPE_REPRESENTATION('', (#3865), #8);
#3867 = POLY_LOOP('', (#453, #440, #441));
#3868 = FACE_OUTER_BOUND('', #3867, .T.);
#3869 = FACETED_BREP_SHAPE_REPRESENTATION('', (#3868), #8);
#3870 = POLY_LOOP('', (#452, #426, #425));
#3871 = FACE_OUTER_BOUND('', #3870, .T.);
#3872 = FACETED_BREP_SHAPE_REPRESENTATION('', (#3871), #8);
#3873 = POLY_LOOP('', (#453, #441, #442));
#3874 = FACE_OUTER_BOUND('', #3873, .T.);
#3875 = FACETED_BREP_SHAPE_REPRESENTATION('', (#3874), #8);
#3876 = POLY_LOOP('', (#452, #427, #426));
#3877 = FACE_OUTER_BOUND('', #3876, .T.);
#3878 = FACETED_BREP_SHAPE_REPRESENTATION('', (#3877), #8);
#3879 = POLY_LOOP('', (#453, #442, #443));
#3880 = FACE_OUTER_BOUND('', #3879, .T.);
#3881 = FACETED_BREP_SHAPE_REPRESENTATION('', (#3880), #8);
#3882 = POLY_LOOP('', (#452, #428, #427));
#3883 = FACE_OUTER_BOUND('', #3882, .T.);
#3884 = FACETED_BREP_SHAPE_REPRESENTATION('', (#3883), #8);
#3885 = POLY_LOOP('', (#453, #443, #444));
#3886 = FACE_OUTER_BOUND('', #3885, .T.);
#3887 = FACETED_BREP_SHAPE_REPRESENTATION('', (#3886), #8);
#3888 = POLY_LOOP('', (#452, #429, #428));
#3889 = FACE_OUTER_BOUND('', #3888, .T.);
#3890 = FACETED_BREP_SHAPE_REPRESENTATION('', (#3889), #8);
#3891 = POLY_LOOP('', (#453, #444, #445));
#3892 = FACE_OUTER_BOUND('', #3891, .T.);
#3893 = FACETED_BREP_SHAPE_REPRESENTATION('', (#3892), #8);
#3894 = POLY_LOOP('', (#452, #430, #429));
#3895 = FACE_OUTER_BOUND('', #3894, .T.);
#3896 = FACETED_BREP_SHAPE_REPRESENTATION('', (#3895), #8);
#3897 = POLY_LOOP('', (#453, #445, #446));
#3898 = FACE_OUTER_BOUND('', #3897, .T.);
#3899 = FACETED_BREP_SHAPE_REPRESENTATION('', (#3898), #8);
#3900 = POLY_LOOP('', (#452, #431, #430));
#3901 = FACE_OUTER_BOUND('', #3900, .T.);
#3902 = FACETED_BREP_SHAPE_REPRESENTATION('', (#3901), #8);
#3903 = POLY_LOOP('', (#453, #446, #447));
#3904 = FACE_OUTER_BOUND('', #3903, .T.);
#3905 = FACETED_BREP_SHAPE_REPRESENTATION('', (#3904), #8);
#3906 = POLY_LOOP('', (#452, #432, #431));
#3907 = FACE_OUTER_BOUND('', #3906, .T.);
#3908 = FACETED_BREP_SHAPE_REPRESENTATION('', (#3907), #8);
#3909 = POLY_LOOP('', (#453, #447, #448));
#3910 = FACE_OUTER_BOUND('', #3909, .T.);
#3911 = FACETED_BREP_SHAPE_REPRESENTATION('', (#3910), #8);
#3912 = POLY_LOOP('', (#452, #433, #432));
#3913 = FACE_OUTER_BOUND('', #3912, .T.);
#3914 = FACETED_BREP_SHAPE_REPRESENTATION('', (#3913), #8);
#3915 = POLY_LOOP('', (#453, #448, #449));
#3916 = FACE_OUTER_BOUND('', #3915, .T.);
#3917 = FACETED_BREP_SHAPE_REPRESENTATION('', (#3916), #8);
#3918 = POLY_LOOP('', (#452, #434, #433));
#3919 = FACE_OUTER_BOUND('', #3918, .T.);
#3920 = FACETED_BREP_SHAPE_REPRESENTATION('', (#3919), #8);
#3921 = POLY_LOOP('', (#453, #449, #450));
#3922 = FACE_OUTER_BOUND('', #3921, .T.);
#3923 = FACETED_BREP_SHAPE_REPRESENTATION('', (#3922), #8);
#3924 = POLY_LOOP('', (#452, #435, #434));
#3925 = FACE_OUTER_BOUND('', #3924, .T.);
#3926 = FACETED_BREP_SHAPE_REPRESENTATION('', (#3925), #8);
#3927 = POLY_LOOP('', (#453, #450, #451));
#3928 = FACE_OUTER_BOUND('', #3927, .T.);
#3929 = FACETED_BREP_SHAPE_REPRESENTATION('', (#3928), #8);
#3930 = POLY_LOOP('', (#452, #420, #435));
#3931 = FACE_OUTER_BOUND('', #3930, .T.);
#3932 = FACETED_BREP_SHAPE_REPRESENTATION('', (#3931), #8);
#3933 = POLY_LOOP('', (#453, #451, #436));
#3934 = FACE_OUTER_BOUND('', #3933, .T.);
#3935 = FACETED_BREP_SHAPE_REPRESENTATION('', (#3934), #8);
#3936 = POLY_LOOP('', (#454, #455, #467));
#3937 = FACE_OUTER_BOUND('', #3936, .T.);
#3938 = FACETED_BREP_SHAPE_REPRESENTATION('', (#3937), #8);
#3939 = POLY_LOOP('', (#454, #467, #466));
#3940 = FACE_OUTER_BOUND('', #3939, .T.);
#3941 = FACETED_BREP_SHAPE_REPRESENTATION('', (#3940), #8);
#3942 = POLY_LOOP('', (#455, #456, #468));
#3943 = FACE_OUTER_BOUND('', #3942, .T.);
#3944 = FACETED_BREP_SHAPE_REPRESENTATION('', (#3943), #8);
#3945 = POLY_LOOP('', (#455, #468, #467));
#3946 = FACE_OUTER_BOUND('', #3945, .T.);
#3947 = FACETED_BREP_SHAPE_REPRESENTATION('', (#3946), #8);
#3948 = POLY_LOOP('', (#456, #457, #469));
#3949 = FACE_OUTER_BOUND('', #3948, .T.);
#3950 = FACETED_BREP_SHAPE_REPRESENTATION('', (#3949), #8);
#3951 = POLY_LOOP('', (#456, #469, #468));
#3952 = FACE_OUTER_BOUND('', #3951, .T.);
#3953 = FACETED_BREP_SHAPE_REPRESENTATION('', (#3952), #8);
#3954 = POLY_LOOP('', (#457, #458, #470));
#3955 = FACE_OUTER_BOUND('', #3954, .T.);
#3956 = FACETED_BREP_SHAPE_REPRESENTATION('', (#3955), #8);
#3957 = POLY_LOOP('', (#457, #470, #469));
#3958 = FACE_OUTER_BOUND('', #3957, .T.);
#3959 = FACETED_BREP_SHAPE_REPRESENTATION('', (#3958), #8);
#3960 = POLY_LOOP('', (#458, #459, #471));
#3961 = FACE_OUTER_BOUND('', #3960, .T.);
#3962 = FACETED_BREP_SHAPE_REPRESENTATION('', (#3961), #8);
#3963 = POLY_LOOP('', (#458, #471, #470));
#3964 = FACE_OUTER_BOUND('', #3963, .T.);
#3965 = FACETED_BREP_SHAPE_REPRESENTATION('', (#3964), #8);
#3966 = POLY_LOOP('', (#459, #460, #472));
#3967 = FACE_OUTER_BOUND('', #3966, .T.);
#3968 = FACETED_BREP_SHAPE_REPRESENTATION('', (#3967), #8);
#3969 = POLY_LOOP('', (#459, #472, #471));
#3970 = FACE_OUTER_BOUND('', #3969, .T.);
#3971 = FACETED_BREP_SHAPE_REPRESENTATION('', (#3970), #8);
#3972 = POLY_LOOP('', (#460, #461, #473));
#3973 = FACE_OUTER_BOUND('', #3972, .T.);
#3974 = FACETED_BREP_SHAPE_REPRESENTATION('', (#3973), #8);
#3975 = POLY_LOOP('', (#460, #473, #472));
#3976 = FACE_OUTER_BOUND('', #3975, .T.);
#3977 = FACETED_BREP_SHAPE_REPRESENTATION('', (#3976), #8);
#3978 = POLY_LOOP('', (#461, #462, #474));
#3979 = FACE_OUTER_BOUND('', #3978, .T.);
#3980 = FACETED_BREP_SHAPE_REPRESENTATION('', (#3979), #8);
#3981 = POLY_LOOP('', (#461, #474, #473));
#3982 = FACE_OUTER_BOUND('', #3981, .T.);
#3983 = FACETED_BREP_SHAPE_REPRESENTATION('', (#3982), #8);
#3984 = POLY_LOOP('', (#462, #463, #475));
#3985 = FACE_OUTER_BOUND('', #3984, .T.);
#3986 = FACETED_BREP_SHAPE_REPRESENTATION('', (#3985), #8);
#3987 = POLY_LOOP('', (#462, #475, #474));
#3988 = FACE_OUTER_BOUND('', #3987, .T.);
#3989 = FACETED_BREP_SHAPE_REPRESENTATION('', (#3988), #8);
#3990 = POLY_LOOP('', (#463, #464, #476));
#3991 = FACE_OUTER_BOUND('', #3990, .T.);
#3992 = FACETED_BREP_SHAPE_REPRESENTATION('', (#3991), #8);
#3993 = POLY_LOOP('', (#463, #476, #475));
#3994 = FACE_OUTER_BOUND('', #3993, .T.);
#3995 = FACETED_BREP_SHAPE_REPRESENTATION('', (#3994), #8);
#3996 = POLY_LOOP('', (#464, #465, #477));
#3997 = FACE_OUTER_BOUND('', #3996, .T.);
#3998 = FACETED_BREP_SHAPE_REPRESENTATION('', (#3997), #8);
#3999 = POLY_LOOP('', (#464, #477, #476));
#4000 = FACE_OUTER_BOUND('', #3999, .T.);
#4001 = FACETED_BREP_SHAPE_REPRESENTATION('', (#4000), #8);
#4002 = POLY_LOOP('', (#465, #454, #466));
#4003 = FACE_OUTER_BOUND('', #4002, .T.);
#4004 = FACETED_BREP_SHAPE_REPRESENTATION('', (#4003), #8);
#4005 = POLY_LOOP('', (#465, #466, #477));
#4006 = FACE_OUTER_BOUND('', #4005, .T.);
#4007 = FACETED_BREP_SHAPE_REPRESENTATION('', (#4006), #8);
#4008 = POLY_LOOP('', (#478, #455, #454));
#4009 = FACE_OUTER_BOUND('', #4008, .T.);
#4010 = FACETED_BREP_SHAPE_REPRESENTATION('', (#4009), #8);
#4011 = POLY_LOOP('', (#479, #466, #467));
#4012 = FACE_OUTER_BOUND('', #4011, .T.);
#4013 = FACETED_BREP_SHAPE_REPRESENTATION('', (#4012), #8);
#4014 = POLY_LOOP('', (#478, #456, #455));
#4015 = FACE_OUTER_BOUND('', #4014, .T.);
#4016 = FACETED_BREP_SHAPE_REPRESENTATION('', (#4015), #8);
#4017 = POLY_LOOP('', (#479, #467, #468));
#4018 = FACE_OUTER_BOUND('', #4017, .T.);
#4019 = FACETED_BREP_SHAPE_REPRESENTATION('', (#4018), #8);
#4020 = POLY_LOOP('', (#478, #457, #456));
#4021 = FACE_OUTER_BOUND('', #4020, .T.);
#4022 = FACETED_BREP_SHAPE_REPRESENTATION('', (#4021), #8);
#4023 = POLY_LOOP('', (#479, #468, #469));
#4024 = FACE_OUTER_BOUND('', #4023, .T.);
#4025 = FACETED_BREP_SHAPE_REPRESENTATION('', (#4024), #8);
#4026 = POLY_LOOP('', (#478, #458, #457));
#4027 = FACE_OUTER_BOUND('', #4026, .T.);
#4028 = FACETED_BREP_SHAPE_REPRESENTATION('', (#4027), #8);
#4029 = POLY_LOOP('', (#479, #469, #470));
#4030 = FACE_OUTER_BOUND('', #4029, .T.);
#4031 = FACETED_BREP_SHAPE_REPRESENTATION('', (#4030), #8);
#4032 = POLY_LOOP('', (#478, #459, #458));
#4033 = FACE_OUTER_BOUND('', #4032, .T.);
#4034 = FACETED_BREP_SHAPE_REPRESENTATION('', (#4033), #8);
#4035 = POLY_LOOP('', (#479, #470, #471));
#4036 = FACE_OUTER_BOUND('', #4035, .T.);
#4037 = FACETED_BREP_SHAPE_REPRESENTATION('', (#4036), #8);
#4038 = POLY_LOOP('', (#478, #460, #459));
#4039 = FACE_OUTER_BOUND('', #4038, .T.);
#4040 = FACETED_BREP_SHAPE_REPRESENTATION('', (#4039), #8);
#4041 = POLY_LOOP('', (#479, #471, #472));
#4042 = FACE_OUTER_BOUND('', #4041, .T.);
#4043 = FACETED_BREP_SHAPE_REPRESENTATION('', (#4042), #8);
#4044 = POLY_LOOP('', (#478, #461, #460));
#4045 = FACE_OUTER_BOUND('', #4044, .T.);
#4046 = FACETED_BREP_SHAPE_REPRESENTATION('', (#4045), #8);
#4047 = POLY_LOOP('', (#479, #472, #473));
#4048 = FACE_OUTER_BOUND('', #4047, .T.);
#4049 = FACETED_BREP_SHAPE_REPRESENTATION('', (#4048), #8);
#4050 = POLY_LOOP('', (#478, #462, #461));
#4051 = FACE_OUTER_BOUND('', #4050, .T.);
#4052 = FACETED_BREP_SHAPE_REPRESENTATION('', (#4051), #8);
#4053 = POLY_LOOP('', (#479, #473, #474));
#4054 = FACE_OUTER_BOUND('', #4053, .T.);
#4055 = FACETED_BREP_SHAPE_REPRESENTATION('', (#4054), #8);
#4056 = POLY_LOOP('', (#478, #463, #462));
#4057 = FACE_OUTER_BOUND('', #4056, .T.);
#4058 = FACETED_BREP_SHAPE_REPRESENTATION('', (#4057), #8);
#4059 = POLY_LOOP('', (#479, #474, #475));
#4060 = FACE_OUTER_BOUND('', #4059, .T.);
#4061 = FACETED_BREP_SHAPE_REPRESENTATION('', (#4060), #8);
#4062 = POLY_LOOP('', (#478, #464, #463));
#4063 = FACE_OUTER_BOUND('', #4062, .T.);
#4064 = FACETED_BREP_SHAPE_REPRESENTATION('', (#4063), #8);
#4065 = POLY_LOOP('', (#479, #475, #476));
#4066 = FACE_OUTER_BOUND('', #4065, .T.);
#4067 = FACETED_BREP_SHAPE_REPRESENTATION('', (#4066), #8);
#4068 = POLY_LOOP('', (#478, #465, #464));
#4069 = FACE_OUTER_BOUND('', #4068, .T.);
#4070 = FACETED_BREP_SHAPE_REPRESENTATION('', (#4069), #8);
#4071 = POLY_LOOP('', (#479, #476, #477));
#4072 = FACE_OUTER_BOUND('', #4071, .T.);
#4073 = FACETED_BREP_SHAPE_REPRESENTATION('', (#4072), #8);
#4074 = POLY_LOOP('', (#478, #454, #465));
#4075 = FACE_OUTER_BOUND('', #4074, .T.);
#4076 = FACETED_BREP_SHAPE_REPRESENTATION('', (#4075), #8);
#4077 = POLY_LOOP('', (#479, #477, #466));
#4078 = FACE_OUTER_BOUND('', #4077, .T.);
#4079 = FACETED_BREP_SHAPE_REPRESENTATION('', (#4078), #8);
#4080 = POLY_LOOP('', (#480, #481, #497));
#4081 = FACE_OUTER_BOUND('', #4080, .T.);
#4082 = FACETED_BREP_SHAPE_REPRESENTATION('', (#4081), #8);
#4083 = POLY_LOOP('', (#480, #497, #496));
#4084 = FACE_OUTER_BOUND('', #4083, .T.);
#4085 = FACETED_BREP_SHAPE_REPRESENTATION('', (#4084), #8);
#4086 = POLY_LOOP('', (#481, #482, #498));
#4087 = FACE_OUTER_BOUND('', #4086, .T.);
#4088 = FACETED_BREP_SHAPE_REPRESENTATION('', (#4087), #8);
#4089 = POLY_LOOP('', (#481, #498, #497));
#4090 = FACE_OUTER_BOUND('', #4089, .T.);
#4091 = FACETED_BREP_SHAPE_REPRESENTATION('', (#4090), #8);
#4092 = POLY_LOOP('', (#482, #483, #499));
#4093 = FACE_OUTER_BOUND('', #4092, .T.);
#4094 = FACETED_BREP_SHAPE_REPRESENTATION('', (#4093), #8);
#4095 = POLY_LOOP('', (#482, #499, #498));
#4096 = FACE_OUTER_BOUND('', #4095, .T.);
#4097 = FACETED_BREP_SHAPE_REPRESENTATION('', (#4096), #8);
#4098 = POLY_LOOP('', (#483, #484, #500));
#4099 = FACE_OUTER_BOUND('', #4098, .T.);
#4100 = FACETED_BREP_SHAPE_REPRESENTATION('', (#4099), #8);
#4101 = POLY_LOOP('', (#483, #500, #499));
#4102 = FACE_OUTER_BOUND('', #4101, .T.);
#4103 = FACETED_BREP_SHAPE_REPRESENTATION('', (#4102), #8);
#4104 = POLY_LOOP('', (#484, #485, #501));
#4105 = FACE_OUTER_BOUND('', #4104, .T.);
#4106 = FACETED_BREP_SHAPE_REPRESENTATION('', (#4105), #8);
#4107 = POLY_LOOP('', (#484, #501, #500));
#4108 = FACE_OUTER_BOUND('', #4107, .T.);
#4109 = FACETED_BREP_SHAPE_REPRESENTATION('', (#4108), #8);
#4110 = POLY_LOOP('', (#485, #486, #502));
#4111 = FACE_OUTER_BOUND('', #4110, .T.);
#4112 = FACETED_BREP_SHAPE_REPRESENTATION('', (#4111), #8);
#4113 = POLY_LOOP('', (#485, #502, #501));
#4114 = FACE_OUTER_BOUND('', #4113, .T.);
#4115 = FACETED_BREP_SHAPE_REPRESENTATION('', (#4114), #8);
#4116 = POLY_LOOP('', (#486, #487, #503));
#4117 = FACE_OUTER_BOUND('', #4116, .T.);
#4118 = FACETED_BREP_SHAPE_REPRESENTATION('', (#4117), #8);
#4119 = POLY_LOOP('', (#486, #503, #502));
#4120 = FACE_OUTER_BOUND('', #4119, .T.);
#4121 = FACETED_BREP_SHAPE_REPRESENTATION('', (#4120), #8);
#4122 = POLY_LOOP('', (#487, #488, #504));
#4123 = FACE_OUTER_BOUND('', #4122, .T.);
#4124 = FACETED_BREP_SHAPE_REPRESENTATION('', (#4123), #8);
#4125 = POLY_LOOP('', (#487, #504, #503));
#4126 = FACE_OUTER_BOUND('', #4125, .T.);
#4127 = FACETED_BREP_SHAPE_REPRESENTATION('', (#4126), #8);
#4128 = POLY_LOOP('', (#488, #489, #505));
#4129 = FACE_OUTER_BOUND('', #4128, .T.);
#4130 = FACETED_BREP_SHAPE_REPRESENTATION('', (#4129), #8);
#4131 = POLY_LOOP('', (#488, #505, #504));
#4132 = FACE_OUTER_BOUND('', #4131, .T.);
#4133 = FACETED_BREP_SHAPE_REPRESENTATION('', (#4132), #8);
#4134 = POLY_LOOP('', (#489, #490, #506));
#4135 = FACE_OUTER_BOUND('', #4134, .T.);
#4136 = FACETED_BREP_SHAPE_REPRESENTATION('', (#4135), #8);
#4137 = POLY_LOOP('', (#489, #506, #505));
#4138 = FACE_OUTER_BOUND('', #4137, .T.);
#4139 = FACETED_BREP_SHAPE_REPRESENTATION('', (#4138), #8);
#4140 = POLY_LOOP('', (#490, #491, #507));
#4141 = FACE_OUTER_BOUND('', #4140, .T.);
#4142 = FACETED_BREP_SHAPE_REPRESENTATION('', (#4141), #8);
#4143 = POLY_LOOP('', (#490, #507, #506));
#4144 = FACE_OUTER_BOUND('', #4143, .T.);
#4145 = FACETED_BREP_SHAPE_REPRESENTATION('', (#4144), #8);
#4146 = POLY_LOOP('', (#491, #492, #508));
#4147 = FACE_OUTER_BOUND('', #4146, .T.);
#4148 = FACETED_BREP_SHAPE_REPRESENTATION('', (#4147), #8);
#4149 = POLY_LOOP('', (#491, #508, #507));
#4150 = FACE_OUTER_BOUND('', #4149, .T.);
#4151 = FACETED_BREP_SHAPE_REPRESENTATION('', (#4150), #8);
#4152 = POLY_LOOP('', (#492, #493, #509));
#4153 = FACE_OUTER_BOUND('', #4152, .T.);
#4154 = FACETED_BREP_SHAPE_REPRESENTATION('', (#4153), #8);
#4155 = POLY_LOOP('', (#492, #509, #508));
#4156 = FACE_OUTER_BOUND('', #4155, .T.);
#4157 = FACETED_BREP_SHAPE_REPRESENTATION('', (#4156), #8);
#4158 = POLY_LOOP('', (#493, #494, #510));
#4159 = FACE_OUTER_BOUND('', #4158, .T.);
#4160 = FACETED_BREP_SHAPE_REPRESENTATION('', (#4159), #8);
#4161 = POLY_LOOP('', (#493, #510, #509));
#4162 = FACE_OUTER_BOUND('', #4161, .T.);
#4163 = FACETED_BREP_SHAPE_REPRESENTATION('', (#4162), #8);
#4164 = POLY_LOOP('', (#494, #495, #511));
#4165 = FACE_OUTER_BOUND('', #4164, .T.);
#4166 = FACETED_BREP_SHAPE_REPRESENTATION('', (#4165), #8);
#4167 = POLY_LOOP('', (#494, #511, #510));
#4168 = FACE_OUTER_BOUND('', #4167, .T.);
#4169 = FACETED_BREP_SHAPE_REPRESENTATION('', (#4168), #8);
#4170 = POLY_LOOP('', (#495, #480, #496));
#4171 = FACE_OUTER_BOUND('', #4170, .T.);
#4172 = FACETED_BREP_SHAPE_REPRESENTATION('', (#4171), #8);
#4173 = POLY_LOOP('', (#495, #496, #511));
#4174 = FACE_OUTER_BOUND('', #4173, .T.);
#4175 = FACETED_BREP_SHAPE_REPRESENTATION('', (#4174), #8);
#4176 = POLY_LOOP('', (#512, #481, #480));
#4177 = FACE_OUTER_BOUND('', #4176, .T.);
#4178 = FACETED_BREP_SHAPE_REPRESENTATION('', (#4177), #8);
#4179 = POLY_LOOP('', (#513, #496, #497));
#4180 = FACE_OUTER_BOUND('', #4179, .T.);
#4181 = FACETED_BREP_SHAPE_REPRESENTATION('', (#4180), #8);
#4182 = POLY_LOOP('', (#512, #482, #481));
#4183 = FACE_OUTER_BOUND('', #4182, .T.);
#4184 = FACETED_BREP_SHAPE_REPRESENTATION('', (#4183), #8);
#4185 = POLY_LOOP('', (#513, #497, #498));
#4186 = FACE_OUTER_BOUND('', #4185, .T.);
#4187 = FACETED_BREP_SHAPE_REPRESENTATION('', (#4186), #8);
#4188 = POLY_LOOP('', (#512, #483, #482));
#4189 = FACE_OUTER_BOUND('', #4188, .T.);
#4190 = FACETED_BREP_SHAPE_REPRESENTATION('', (#4189), #8);
#4191 = POLY_LOOP('', (#513, #498, #499));
#4192 = FACE_OUTER_BOUND('', #4191, .T.);
#4193 = FACETED_BREP_SHAPE_REPRESENTATION('', (#4192), #8);
#4194 = POLY_LOOP('', (#512, #484, #483));
#4195 = FACE_OUTER_BOUND('', #4194, .T.);
#4196 = FACETED_BREP_SHAPE_REPRESENTATION('', (#4195), #8);
#4197 = POLY_LOOP('', (#513, #499, #500));
#4198 = FACE_OUTER_BOUND('', #4197, .T.);
#4199 = FACETED_BREP_SHAPE_REPRESENTATION('', (#4198), #8);
#4200 = POLY_LOOP('', (#512, #485, #484));
#4201 = FACE_OUTER_BOUND('', #4200, .T.);
#4202 = FACETED_BREP_SHAPE_REPRESENTATION('', (#4201), #8);
#4203 = POLY_LOOP('', (#513, #500, #501));
#4204 = FACE_OUTER_BOUND('', #4203, .T.);
#4205 = FACETED_BREP_SHAPE_REPRESENTATION('', (#4204), #8);
#4206 = POLY_LOOP('', (#512, #486, #485));
#4207 = FACE_OUTER_BOUND('', #4206, .T.);
#4208 = FACETED_BREP_SHAPE_REPRESENTATION('', (#4207), #8);
#4209 = POLY_LOOP('', (#513, #501, #502));
#4210 = FACE_OUTER_BOUND('', #4209, .T.);
#4211 = FACETED_BREP_SHAPE_REPRESENTATION('', (#4210), #8);
#4212 = POLY_LOOP('', (#512, #487, #486));
#4213 = FACE_OUTER_BOUND('', #4212, .T.);
#4214 = FACETED_BREP_SHAPE_REPRESENTATION('', (#4213), #8);
#4215 = POLY_LOOP('', (#513, #502, #503));
#4216 = FACE_OUTER_BOUND('', #4215, .T.);
#4217 = FACETED_BREP_SHAPE_REPRESENTATION('', (#4216), #8);
#4218 = POLY_LOOP('', (#512, #488, #487));
#4219 = FACE_OUTER_BOUND('', #4218, .T.);
#4220 = FACETED_BREP_SHAPE_REPRESENTATION('', (#4219), #8);
#4221 = POLY_LOOP('', (#513, #503, #504));
#4222 = FACE_OUTER_BOUND('', #4221, .T.);
#4223 = FACETED_BREP_SHAPE_REPRESENTATION('', (#4222), #8);
#4224 = POLY_LOOP('', (#512, #489, #488));
#4225 = FACE_OUTER_BOUND('', #4224, .T.);
#4226 = FACETED_BREP_SHAPE_REPRESENTATION('', (#4225), #8);
#4227 = POLY_LOOP('', (#513, #504, #505));
#4228 = FACE_OUTER_BOUND('', #4227, .T.);
#4229 = FACETED_BREP_SHAPE_REPRESENTATION('', (#4228), #8);
#4230 = POLY_LOOP('', (#512, #490, #489));
#4231 = FACE_OUTER_BOUND('', #4230, .T.);
#4232 = FACETED_BREP_SHAPE_REPRESENTATION('', (#4231), #8);
#4233 = POLY_LOOP('', (#513, #505, #506));
#4234 = FACE_OUTER_BOUND('', #4233, .T.);
#4235 = FACETED_BREP_SHAPE_REPRESENTATION('', (#4234), #8);
#4236 = POLY_LOOP('', (#512, #491, #490));
#4237 = FACE_OUTER_BOUND('', #4236, .T.);
#4238 = FACETED_BREP_SHAPE_REPRESENTATION('', (#4237), #8);
#4239 = POLY_LOOP('', (#513, #506, #507));
#4240 = FACE_OUTER_BOUND('', #4239, .T.);
#4241 = FACETED_BREP_SHAPE_REPRESENTATION('', (#4240), #8);
#4242 = POLY_LOOP('', (#512, #492, #491));
#4243 = FACE_OUTER_BOUND('', #4242, .T.);
#4244 = FACETED_BREP_SHAPE_REPRESENTATION('', (#4243), #8);
#4245 = POLY_LOOP('', (#513, #507, #508));
#4246 = FACE_OUTER_BOUND('', #4245, .T.);
#4247 = FACETED_BREP_SHAPE_REPRESENTATION('', (#4246), #8);
#4248 = POLY_LOOP('', (#512, #493, #492));
#4249 = FACE_OUTER_BOUND('', #4248, .T.);
#4250 = FACETED_BREP_SHAPE_REPRESENTATION('', (#4249), #8);
#4251 = POLY_LOOP('', (#513, #508, #509));
#4252 = FACE_OUTER_BOUND('', #4251, .T.);
#4253 = FACETED_BREP_SHAPE_REPRESENTATION('', (#4252), #8);
#4254 = POLY_LOOP('', (#512, #494, #493));
#4255 = FACE_OUTER_BOUND('', #4254, .T.);
#4256 = FACETED_BREP_SHAPE_REPRESENTATION('', (#4255), #8);
#4257 = POLY_LOOP('', (#513, #509, #510));
#4258 = FACE_OUTER_BOUND('', #4257, .T.);
#4259 = FACETED_BREP_SHAPE_REPRESENTATION('', (#4258), #8);
#4260 = POLY_LOOP('', (#512, #495, #494));
#4261 = FACE_OUTER_BOUND('', #4260, .T.);
#4262 = FACETED_BREP_SHAPE_REPRESENTATION('', (#4261), #8);
#4263 = POLY_LOOP('', (#513, #510, #511));
#4264 = FACE_OUTER_BOUND('', #4263, .T.);
#4265 = FACETED_BREP_SHAPE_REPRESENTATION('', (#4264), #8);
#4266 = POLY_LOOP('', (#512, #480, #495));
#4267 = FACE_OUTER_BOUND('', #4266, .T.);
#4268 = FACETED_BREP_SHAPE_REPRESENTATION('', (#4267), #8);
#4269 = POLY_LOOP('', (#513, #511, #496));
#4270 = FACE_OUTER_BOUND('', #4269, .T.);
#4271 = FACETED_BREP_SHAPE_REPRESENTATION('', (#4270), #8);
#4272 = POLY_LOOP('', (#514, #515, #527));
#4273 = FACE_OUTER_BOUND('', #4272, .T.);
#4274 = FACETED_BREP_SHAPE_REPRESENTATION('', (#4273), #8);
#4275 = POLY_LOOP('', (#514, #527, #526));
#4276 = FACE_OUTER_BOUND('', #4275, .T.);
#4277 = FACETED_BREP_SHAPE_REPRESENTATION('', (#4276), #8);
#4278 = POLY_LOOP('', (#515, #516, #528));
#4279 = FACE_OUTER_BOUND('', #4278, .T.);
#4280 = FACETED_BREP_SHAPE_REPRESENTATION('', (#4279), #8);
#4281 = POLY_LOOP('', (#515, #528, #527));
#4282 = FACE_OUTER_BOUND('', #4281, .T.);
#4283 = FACETED_BREP_SHAPE_REPRESENTATION('', (#4282), #8);
#4284 = POLY_LOOP('', (#516, #517, #529));
#4285 = FACE_OUTER_BOUND('', #4284, .T.);
#4286 = FACETED_BREP_SHAPE_REPRESENTATION('', (#4285), #8);
#4287 = POLY_LOOP('', (#516, #529, #528));
#4288 = FACE_OUTER_BOUND('', #4287, .T.);
#4289 = FACETED_BREP_SHAPE_REPRESENTATION('', (#4288), #8);
#4290 = POLY_LOOP('', (#517, #518, #530));
#4291 = FACE_OUTER_BOUND('', #4290, .T.);
#4292 = FACETED_BREP_SHAPE_REPRESENTATION('', (#4291), #8);
#4293 = POLY_LOOP('', (#517, #530, #529));
#4294 = FACE_OUTER_BOUND('', #4293, .T.);
#4295 = FACETED_BREP_SHAPE_REPRESENTATION('', (#4294), #8);
#4296 = POLY_LOOP('', (#518, #519, #531));
#4297 = FACE_OUTER_BOUND('', #4296, .T.);
#4298 = FACETED_BREP_SHAPE_REPRESENTATION('', (#4297), #8);
#4299 = POLY_LOOP('', (#518, #531, #530));
#4300 = FACE_OUTER_BOUND('', #4299, .T.);
#4301 = FACETED_BREP_SHAPE_REPRESENTATION('', (#4300), #8);
#4302 = POLY_LOOP('', (#519, #520, #532));
#4303 = FACE_OUTER_BOUND('', #4302, .T.);
#4304 = FACETED_BREP_SHAPE_REPRESENTATION('', (#4303), #8);
#4305 = POLY_LOOP('', (#519, #532, #531));
#4306 = FACE_OUTER_BOUND('', #4305, .T.);
#4307 = FACETED_BREP_SHAPE_REPRESENTATION('', (#4306), #8);
#4308 = POLY_LOOP('', (#520, #521, #533));
#4309 = FACE_OUTER_BOUND('', #4308, .T.);
#4310 = FACETED_BREP_SHAPE_REPRESENTATION('', (#4309), #8);
#4311 = POLY_LOOP('', (#520, #533, #532));
#4312 = FACE_OUTER_BOUND('', #4311, .T.);
#4313 = FACETED_BREP_SHAPE_REPRESENTATION('', (#4312), #8);
#4314 = POLY_LOOP('', (#521, #522, #534));
#4315 = FACE_OUTER_BOUND('', #4314, .T.);
#4316 = FACETED_BREP_SHAPE_REPRESENTATION('', (#4315), #8);
#4317 = POLY_LOOP('', (#521, #534, #533));
#4318 = FACE_OUTER_BOUND('', #4317, .T.);
#4319 = FACETED_BREP_SHAPE_REPRESENTATION('', (#4318), #8);
#4320 = POLY_LOOP('', (#522, #523, #535));
#4321 = FACE_OUTER_BOUND('', #4320, .T.);
#4322 = FACETED_BREP_SHAPE_REPRESENTATION('', (#4321), #8);
#4323 = POLY_LOOP('', (#522, #535, #534));
#4324 = FACE_OUTER_BOUND('', #4323, .T.);
#4325 = FACETED_BREP_SHAPE_REPRESENTATION('', (#4324), #8);
#4326 = POLY_LOOP('', (#523, #524, #536));
#4327 = FACE_OUTER_BOUND('', #4326, .T.);
#4328 = FACETED_BREP_SHAPE_REPRESENTATION('', (#4327), #8);
#4329 = POLY_LOOP('', (#523, #536, #535));
#4330 = FACE_OUTER_BOUND('', #4329, .T.);
#4331 = FACETED_BREP_SHAPE_REPRESENTATION('', (#4330), #8);
#4332 = POLY_LOOP('', (#524, #525, #537));
#4333 = FACE_OUTER_BOUND('', #4332, .T.);
#4334 = FACETED_BREP_SHAPE_REPRESENTATION('', (#4333), #8);
#4335 = POLY_LOOP('', (#524, #537, #536));
#4336 = FACE_OUTER_BOUND('', #4335, .T.);
#4337 = FACETED_BREP_SHAPE_REPRESENTATION('', (#4336), #8);
#4338 = POLY_LOOP('', (#525, #514, #526));
#4339 = FACE_OUTER_BOUND('', #4338, .T.);
#4340 = FACETED_BREP_SHAPE_REPRESENTATION('', (#4339), #8);
#4341 = POLY_LOOP('', (#525, #526, #537));
#4342 = FACE_OUTER_BOUND('', #4341, .T.);
#4343 = FACETED_BREP_SHAPE_REPRESENTATION('', (#4342), #8);
#4344 = POLY_LOOP('', (#538, #515, #514));
#4345 = FACE_OUTER_BOUND('', #4344, .T.);
#4346 = FACETED_BREP_SHAPE_REPRESENTATION('', (#4345), #8);
#4347 = POLY_LOOP('', (#539, #526, #527));
#4348 = FACE_OUTER_BOUND('', #4347, .T.);
#4349 = FACETED_BREP_SHAPE_REPRESENTATION('', (#4348), #8);
#4350 = POLY_LOOP('', (#538, #516, #515));
#4351 = FACE_OUTER_BOUND('', #4350, .T.);
#4352 = FACETED_BREP_SHAPE_REPRESENTATION('', (#4351), #8);
#4353 = POLY_LOOP('', (#539, #527, #528));
#4354 = FACE_OUTER_BOUND('', #4353, .T.);
#4355 = FACETED_BREP_SHAPE_REPRESENTATION('', (#4354), #8);
#4356 = POLY_LOOP('', (#538, #517, #516));
#4357 = FACE_OUTER_BOUND('', #4356, .T.);
#4358 = FACETED_BREP_SHAPE_REPRESENTATION('', (#4357), #8);
#4359 = POLY_LOOP('', (#539, #528, #529));
#4360 = FACE_OUTER_BOUND('', #4359, .T.);
#4361 = FACETED_BREP_SHAPE_REPRESENTATION('', (#4360), #8);
#4362 = POLY_LOOP('', (#538, #518, #517));
#4363 = FACE_OUTER_BOUND('', #4362, .T.);
#4364 = FACETED_BREP_SHAPE_REPRESENTATION('', (#4363), #8);
#4365 = POLY_LOOP('', (#539, #529, #530));
#4366 = FACE_OUTER_BOUND('', #4365, .T.);
#4367 = FACETED_BREP_SHAPE_REPRESENTATION('', (#4366), #8);
#4368 = POLY_LOOP('', (#538, #519, #518));
#4369 = FACE_OUTER_BOUND('', #4368, .T.);
#4370 = FACETED_BREP_SHAPE_REPRESENTATION('', (#4369), #8);
#4371 = POLY_LOOP('', (#539, #530, #531));
#4372 = FACE_OUTER_BOUND('', #4371, .T.);
#4373 = FACETED_BREP_SHAPE_REPRESENTATION('', (#4372), #8);
#4374 = POLY_LOOP('', (#538, #520, #519));
#4375 = FACE_OUTER_BOUND('', #4374, .T.);
#4376 = FACETED_BREP_SHAPE_REPRESENTATION('', (#4375), #8);
#4377 = POLY_LOOP('', (#539, #531, #532));
#4378 = FACE_OUTER_BOUND('', #4377, .T.);
#4379 = FACETED_BREP_SHAPE_REPRESENTATION('', (#4378), #8);
#4380 = POLY_LOOP('', (#538, #521, #520));
#4381 = FACE_OUTER_BOUND('', #4380, .T.);
#4382 = FACETED_BREP_SHAPE_REPRESENTATION('', (#4381), #8);
#4383 = POLY_LOOP('', (#539, #532, #533));
#4384 = FACE_OUTER_BOUND('', #4383, .T.);
#4385 = FACETED_BREP_SHAPE_REPRESENTATION('', (#4384), #8);
#4386 = POLY_LOOP('', (#538, #522, #521));
#4387 = FACE_OUTER_BOUND('', #4386, .T.);
#4388 = FACETED_BREP_SHAPE_REPRESENTATION('', (#4387), #8);
#4389 = POLY_LOOP('', (#539, #533, #534));
#4390 = FACE_OUTER_BOUND('', #4389, .T.);
#4391 = FACETED_BREP_SHAPE_REPRESENTATION('', (#4390), #8);
#4392 = POLY_LOOP('', (#538, #523, #522));
#4393 = FACE_OUTER_BOUND('', #4392, .T.);
#4394 = FACETED_BREP_SHAPE_REPRESENTATION('', (#4393), #8);
#4395 = POLY_LOOP('', (#539, #534, #535));
#4396 = FACE_OUTER_BOUND('', #4395, .T.);
#4397 = FACETED_BREP_SHAPE_REPRESENTATION('', (#4396), #8);
#4398 = POLY_LOOP('', (#538, #524, #523));
#4399 = FACE_OUTER_BOUND('', #4398, .T.);
#4400 = FACETED_BREP_SHAPE_REPRESENTATION('', (#4399), #8);
#4401 = POLY_LOOP('', (#539, #535, #536));
#4402 = FACE_OUTER_BOUND('', #4401, .T.);
#4403 = FACETED_BREP_SHAPE_REPRESENTATION('', (#4402), #8);
#4404 = POLY_LOOP('', (#538, #525, #524));
#4405 = FACE_OUTER_BOUND('', #4404, .T.);
#4406 = FACETED_BREP_SHAPE_REPRESENTATION('', (#4405), #8);
#4407 = POLY_LOOP('', (#539, #536, #537));
#4408 = FACE_OUTER_BOUND('', #4407, .T.);
#4409 = FACETED_BREP_SHAPE_REPRESENTATION('', (#4408), #8);
#4410 = POLY_LOOP('', (#538, #514, #525));
#4411 = FACE_OUTER_BOUND('', #4410, .T.);
#4412 = FACETED_BREP_SHAPE_REPRESENTATION('', (#4411), #8);
#4413 = POLY_LOOP('', (#539, #537, #526));
#4414 = FACE_OUTER_BOUND('', #4413, .T.);
#4415 = FACETED_BREP_SHAPE_REPRESENTATION('', (#4414), #8);
#4416 = POLY_LOOP('', (#540, #541, #557));
#4417 = FACE_OUTER_BOUND('', #4416, .T.);
#4418 = FACETED_BREP_SHAPE_REPRESENTATION('', (#4417), #8);
#4419 = POLY_LOOP('', (#540, #557, #556));
#4420 = FACE_OUTER_BOUND('', #4419, .T.);
#4421 = FACETED_BREP_SHAPE_REPRESENTATION('', (#4420), #8);
#4422 = POLY_LOOP('', (#541, #542, #558));
#4423 = FACE_OUTER_BOUND('', #4422, .T.);
#4424 = FACETED_BREP_SHAPE_REPRESENTATION('', (#4423), #8);
#4425 = POLY_LOOP('', (#541, #558, #557));
#4426 = FACE_OUTER_BOUND('', #4425, .T.);
#4427 = FACETED_BREP_SHAPE_REPRESENTATION('', (#4426), #8);
#4428 = POLY_LOOP('', (#542, #543, #559));
#4429 = FACE_OUTER_BOUND('', #4428, .T.);
#4430 = FACETED_BREP_SHAPE_REPRESENTATION('', (#4429), #8);
#4431 = POLY_LOOP('', (#542, #559, #558));
#4432 = FACE_OUTER_BOUND('', #4431, .T.);
#4433 = FACETED_BREP_SHAPE_REPRESENTATION('', (#4432), #8);
#4434 = POLY_LOOP('', (#543, #544, #560));
#4435 = FACE_OUTER_BOUND('', #4434, .T.);
#4436 = FACETED_BREP_SHAPE_REPRESENTATION('', (#4435), #8);
#4437 = POLY_LOOP('', (#543, #560, #559));
#4438 = FACE_OUTER_BOUND('', #4437, .T.);
#4439 = FACETED_BREP_SHAPE_REPRESENTATION('', (#4438), #8);
#4440 = POLY_LOOP('', (#544, #545, #561));
#4441 = FACE_OUTER_BOUND('', #4440, .T.);
#4442 = FACETED_BREP_SHAPE_REPRESENTATION('', (#4441), #8);
#4443 = POLY_LOOP('', (#544, #561, #560));
#4444 = FACE_OUTER_BOUND('', #4443, .T.);
#4445 = FACETED_BREP_SHAPE_REPRESENTATION('', (#4444), #8);
#4446 = POLY_LOOP('', (#545, #546, #562));
#4447 = FACE_OUTER_BOUND('', #4446, .T.);
#4448 = FACETED_BREP_SHAPE_REPRESENTATION('', (#4447), #8);
#4449 = POLY_LOOP('', (#545, #562, #561));
#4450 = FACE_OUTER_BOUND('', #4449, .T.);
#4451 = FACETED_BREP_SHAPE_REPRESENTATION('', (#4450), #8);
#4452 = POLY_LOOP('', (#546, #547, #563));
#4453 = FACE_OUTER_BOUND('', #4452, .T.);
#4454 = FACETED_BREP_SHAPE_REPRESENTATION('', (#4453), #8);
#4455 = POLY_LOOP('', (#546, #563, #562));
#4456 = FACE_OUTER_BOUND('', #4455, .T.);
#4457 = FACETED_BREP_SHAPE_REPRESENTATION('', (#4456), #8);
#4458 = POLY_LOOP('', (#547, #548, #564));
#4459 = FACE_OUTER_BOUND('', #4458, .T.);
#4460 = FACETED_BREP_SHAPE_REPRESENTATION('', (#4459), #8);
#4461 = POLY_LOOP('', (#547, #564, #563));
#4462 = FACE_OUTER_BOUND('', #4461, .T.);
#4463 = FACETED_BREP_SHAPE_REPRESENTATION('', (#4462), #8);
#4464 = POLY_LOOP('', (#548, #549, #565));
#4465 = FACE_OUTER_BOUND('', #4464, .T.);
#4466 = FACETED_BREP_SHAPE_REPRESENTATION('', (#4465), #8);
#4467 = POLY_LOOP('', (#548, #565, #564));
#4468 = FACE_OUTER_BOUND('', #4467, .T.);
#4469 = FACETED_BREP_SHAPE_REPRESENTATION('', (#4468), #8);
#4470 = POLY_LOOP('', (#549, #550, #566));
#4471 = FACE_OUTER_BOUND('', #4470, .T.);
#4472 = FACETED_BREP_SHAPE_REPRESENTATION('', (#4471), #8);
#4473 = POLY_LOOP('', (#549, #566, #565));
#4474 = FACE_OUTER_BOUND('', #4473, .T.);
#4475 = FACETED_BREP_SHAPE_REPRESENTATION('', (#4474), #8);
#4476 = POLY_LOOP('', (#550, #551, #567));
#4477 = FACE_OUTER_BOUND('', #4476, .T.);
#4478 = FACETED_BREP_SHAPE_REPRESENTATION('', (#4477), #8);
#4479 = POLY_LOOP('', (#550, #567, #566));
#4480 = FACE_OUTER_BOUND('', #4479, .T.);
#4481 = FACETED_BREP_SHAPE_REPRESENTATION('', (#4480), #8);
#4482 = POLY_LOOP('', (#551, #552, #568));
#4483 = FACE_OUTER_BOUND('', #4482, .T.);
#4484 = FACETED_BREP_SHAPE_REPRESENTATION('', (#4483), #8);
#4485 = POLY_LOOP('', (#551, #568, #567));
#4486 = FACE_OUTER_BOUND('', #4485, .T.);
#4487 = FACETED_BREP_SHAPE_REPRESENTATION('', (#4486), #8);
#4488 = POLY_LOOP('', (#552, #553, #569));
#4489 = FACE_OUTER_BOUND('', #4488, .T.);
#4490 = FACETED_BREP_SHAPE_REPRESENTATION('', (#4489), #8);
#4491 = POLY_LOOP('', (#552, #569, #568));
#4492 = FACE_OUTER_BOUND('', #4491, .T.);
#4493 = FACETED_BREP_SHAPE_REPRESENTATION('', (#4492), #8);
#4494 = POLY_LOOP('', (#553, #554, #570));
#4495 = FACE_OUTER_BOUND('', #4494, .T.);
#4496 = FACETED_BREP_SHAPE_REPRESENTATION('', (#4495), #8);
#4497 = POLY_LOOP('', (#553, #570, #569));
#4498 = FACE_OUTER_BOUND('', #4497, .T.);
#4499 = FACETED_BREP_SHAPE_REPRESENTATION('', (#4498), #8);
#4500 = POLY_LOOP('', (#554, #555, #571));
#4501 = FACE_OUTER_BOUND('', #4500, .T.);
#4502 = FACETED_BREP_SHAPE_REPRESENTATION('', (#4501), #8);
#4503 = POLY_LOOP('', (#554, #571, #570));
#4504 = FACE_OUTER_BOUND('', #4503, .T.);
#4505 = FACETED_BREP_SHAPE_REPRESENTATION('', (#4504), #8);
#4506 = POLY_LOOP('', (#555, #540, #556));
#4507 = FACE_OUTER_BOUND('', #4506, .T.);
#4508 = FACETED_BREP_SHAPE_REPRESENTATION('', (#4507), #8);
#4509 = POLY_LOOP('', (#555, #556, #571));
#4510 = FACE_OUTER_BOUND('', #4509, .T.);
#4511 = FACETED_BREP_SHAPE_REPRESENTATION('', (#4510), #8);
#4512 = POLY_LOOP('', (#572, #541, #540));
#4513 = FACE_OUTER_BOUND('', #4512, .T.);
#4514 = FACETED_BREP_SHAPE_REPRESENTATION('', (#4513), #8);
#4515 = POLY_LOOP('', (#573, #556, #557));
#4516 = FACE_OUTER_BOUND('', #4515, .T.);
#4517 = FACETED_BREP_SHAPE_REPRESENTATION('', (#4516), #8);
#4518 = POLY_LOOP('', (#572, #542, #541));
#4519 = FACE_OUTER_BOUND('', #4518, .T.);
#4520 = FACETED_BREP_SHAPE_REPRESENTATION('', (#4519), #8);
#4521 = POLY_LOOP('', (#573, #557, #558));
#4522 = FACE_OUTER_BOUND('', #4521, .T.);
#4523 = FACETED_BREP_SHAPE_REPRESENTATION('', (#4522), #8);
#4524 = POLY_LOOP('', (#572, #543, #542));
#4525 = FACE_OUTER_BOUND('', #4524, .T.);
#4526 = FACETED_BREP_SHAPE_REPRESENTATION('', (#4525), #8);
#4527 = POLY_LOOP('', (#573, #558, #559));
#4528 = FACE_OUTER_BOUND('', #4527, .T.);
#4529 = FACETED_BREP_SHAPE_REPRESENTATION('', (#4528), #8);
#4530 = POLY_LOOP('', (#572, #544, #543));
#4531 = FACE_OUTER_BOUND('', #4530, .T.);
#4532 = FACETED_BREP_SHAPE_REPRESENTATION('', (#4531), #8);
#4533 = POLY_LOOP('', (#573, #559, #560));
#4534 = FACE_OUTER_BOUND('', #4533, .T.);
#4535 = FACETED_BREP_SHAPE_REPRESENTATION('', (#4534), #8);
#4536 = POLY_LOOP('', (#572, #545, #544));
#4537 = FACE_OUTER_BOUND('', #4536, .T.);
#4538 = FACETED_BREP_SHAPE_REPRESENTATION('', (#4537), #8);
#4539 = POLY_LOOP('', (#573, #560, #561));
#4540 = FACE_OUTER_BOUND('', #4539, .T.);
#4541 = FACETED_BREP_SHAPE_REPRESENTATION('', (#4540), #8);
#4542 = POLY_LOOP('', (#572, #546, #545));
#4543 = FACE_OUTER_BOUND('', #4542, .T.);
#4544 = FACETED_BREP_SHAPE_REPRESENTATION('', (#4543), #8);
#4545 = POLY_LOOP('', (#573, #561, #562));
#4546 = FACE_OUTER_BOUND('', #4545, .T.);
#4547 = FACETED_BREP_SHAPE_REPRESENTATION('', (#4546), #8);
#4548 = POLY_LOOP('', (#572, #547, #546));
#4549 = FACE_OUTER_BOUND('', #4548, .T.);
#4550 = FACETED_BREP_SHAPE_REPRESENTATION('', (#4549), #8);
#4551 = POLY_LOOP('', (#573, #562, #563));
#4552 = FACE_OUTER_BOUND('', #4551, .T.);
#4553 = FACETED_BREP_SHAPE_REPRESENTATION('', (#4552), #8);
#4554 = POLY_LOOP('', (#572, #548, #547));
#4555 = FACE_OUTER_BOUND('', #4554, .T.);
#4556 = FACETED_BREP_SHAPE_REPRESENTATION('', (#4555), #8);
#4557 = POLY_LOOP('', (#573, #563, #564));
#4558 = FACE_OUTER_BOUND('', #4557, .T.);
#4559 = FACETED_BREP_SHAPE_REPRESENTATION('', (#4558), #8);
#4560 = POLY_LOOP('', (#572, #549, #548));
#4561 = FACE_OUTER_BOUND('', #4560, .T.);
#4562 = FACETED_BREP_SHAPE_REPRESENTATION('', (#4561), #8);
#4563 = POLY_LOOP('', (#573, #564, #565));
#4564 = FACE_OUTER_BOUND('', #4563, .T.);
#4565 = FACETED_BREP_SHAPE_REPRESENTATION('', (#4564), #8);
#4566 = POLY_LOOP('', (#572, #550, #549));
#4567 = FACE_OUTER_BOUND('', #4566, .T.);
#4568 = FACETED_BREP_SHAPE_REPRESENTATION('', (#4567), #8);
#4569 = POLY_LOOP('', (#573, #565, #566));
#4570 = FACE_OUTER_BOUND('', #4569, .T.);
#4571 = FACETED_BREP_SHAPE_REPRESENTATION('', (#4570), #8);
#4572 = POLY_LOOP('', (#572, #551, #550));
#4573 = FACE_OUTER_BOUND('', #4572, .T.);
#4574 = FACETED_BREP_SHAPE_REPRESENTATION('', (#4573), #8);
#4575 = POLY_LOOP('', (#573, #566, #567));
#4576 = FACE_OUTER_BOUND('', #4575, .T.);
#4577 = FACETED_BREP_SHAPE_REPRESENTATION('', (#4576), #8);
#4578 = POLY_LOOP('', (#572, #552, #551));
#4579 = FACE_OUTER_BOUND('', #4578, .T.);
#4580 = FACETED_BREP_SHAPE_REPRESENTATION('', (#4579), #8);
#4581 = POLY_LOOP('', (#573, #567, #568));
#4582 = FACE_OUTER_BOUND('', #4581, .T.);
#4583 = FACETED_BREP_SHAPE_REPRESENTATION('', (#4582), #8);
#4584 = POLY_LOOP('', (#572, #553, #552));
#4585 = FACE_OUTER_BOUND('', #4584, .T.);
#4586 = FACETED_BREP_SHAPE_REPRESENTATION('', (#4585), #8);
#4587 = POLY_LOOP('', (#573, #568, #569));
#4588 = FACE_OUTER_BOUND('', #4587, .T.);
#4589 = FACETED_BREP_SHAPE_REPRESENTATION('', (#4588), #8);
#4590 = POLY_LOOP('', (#572, #554, #553));
#4591 = FACE_OUTER_BOUND('', #4590, .T.);
#4592 = FACETED_BREP_SHAPE_REPRESENTATION('', (#4591), #8);
#4593 = POLY_LOOP('', (#573, #569, #570));
#4594 = FACE_OUTER_BOUND('', #4593, .T.);
#4595 = FACETED_BREP_SHAPE_REPRESENTATION('', (#4594), #8);
#4596 = POLY_LOOP('', (#572, #555, #554));
#4597 = FACE_OUTER_BOUND('', #4596, .T.);
#4598 = FACETED_BREP_SHAPE_REPRESENTATION('', (#4597), #8);
#4599 = POLY_LOOP('', (#573, #570, #571));
#4600 = FACE_OUTER_BOUND('', #4599, .T.);
#4601 = FACETED_BREP_SHAPE_REPRESENTATION('', (#4600), #8);
#4602 = POLY_LOOP('', (#572, #540, #555));
#4603 = FACE_OUTER_BOUND('', #4602, .T.);
#4604 = FACETED_BREP_SHAPE_REPRESENTATION('', (#4603), #8);
#4605 = POLY_LOOP('', (#573, #571, #556));
#4606 = FACE_OUTER_BOUND('', #4605, .T.);
#4607 = FACETED_BREP_SHAPE_REPRESENTATION('', (#4606), #8);
#4608 = POLY_LOOP('', (#574, #575, #587));
#4609 = FACE_OUTER_BOUND('', #4608, .T.);
#4610 = FACETED_BREP_SHAPE_REPRESENTATION('', (#4609), #8);
#4611 = POLY_LOOP('', (#574, #587, #586));
#4612 = FACE_OUTER_BOUND('', #4611, .T.);
#4613 = FACETED_BREP_SHAPE_REPRESENTATION('', (#4612), #8);
#4614 = POLY_LOOP('', (#575, #576, #588));
#4615 = FACE_OUTER_BOUND('', #4614, .T.);
#4616 = FACETED_BREP_SHAPE_REPRESENTATION('', (#4615), #8);
#4617 = POLY_LOOP('', (#575, #588, #587));
#4618 = FACE_OUTER_BOUND('', #4617, .T.);
#4619 = FACETED_BREP_SHAPE_REPRESENTATION('', (#4618), #8);
#4620 = POLY_LOOP('', (#576, #577, #589));
#4621 = FACE_OUTER_BOUND('', #4620, .T.);
#4622 = FACETED_BREP_SHAPE_REPRESENTATION('', (#4621), #8);
#4623 = POLY_LOOP('', (#576, #589, #588));
#4624 = FACE_OUTER_BOUND('', #4623, .T.);
#4625 = FACETED_BREP_SHAPE_REPRESENTATION('', (#4624), #8);
#4626 = POLY_LOOP('', (#577, #578, #590));
#4627 = FACE_OUTER_BOUND('', #4626, .T.);
#4628 = FACETED_BREP_SHAPE_REPRESENTATION('', (#4627), #8);
#4629 = POLY_LOOP('', (#577, #590, #589));
#4630 = FACE_OUTER_BOUND('', #4629, .T.);
#4631 = FACETED_BREP_SHAPE_REPRESENTATION('', (#4630), #8);
#4632 = POLY_LOOP('', (#578, #579, #591));
#4633 = FACE_OUTER_BOUND('', #4632, .T.);
#4634 = FACETED_BREP_SHAPE_REPRESENTATION('', (#4633), #8);
#4635 = POLY_LOOP('', (#578, #591, #590));
#4636 = FACE_OUTER_BOUND('', #4635, .T.);
#4637 = FACETED_BREP_SHAPE_REPRESENTATION('', (#4636), #8);
#4638 = POLY_LOOP('', (#579, #580, #592));
#4639 = FACE_OUTER_BOUND('', #4638, .T.);
#4640 = FACETED_BREP_SHAPE_REPRESENTATION('', (#4639), #8);
#4641 = POLY_LOOP('', (#579, #592, #591));
#4642 = FACE_OUTER_BOUND('', #4641, .T.);
#4643 = FACETED_BREP_SHAPE_REPRESENTATION('', (#4642), #8);
#4644 = POLY_LOOP('', (#580, #581, #593));
#4645 = FACE_OUTER_BOUND('', #4644, .T.);
#4646 = FACETED_BREP_SHAPE_REPRESENTATION('', (#4645), #8);
#4647 = POLY_LOOP('', (#580, #593, #592));
#4648 = FACE_OUTER_BOUND('', #4647, .T.);
#4649 = FACETED_BREP_SHAPE_REPRESENTATION('', (#4648), #8);
#4650 = POLY_LOOP('', (#581, #582, #594));
#4651 = FACE_OUTER_BOUND('', #4650, .T.);
#4652 = FACETED_BREP_SHAPE_REPRESENTATION('', (#4651), #8);
#4653 = POLY_LOOP('', (#581, #594, #593));
#4654 = FACE_OUTER_BOUND('', #4653, .T.);
#4655 = FACETED_BREP_SHAPE_REPRESENTATION('', (#4654), #8);
#4656 = POLY_LOOP('', (#582, #583, #595));
#4657 = FACE_OUTER_BOUND('', #4656, .T.);
#4658 = FACETED_BREP_SHAPE_REPRESENTATION('', (#4657), #8);
#4659 = POLY_LOOP('', (#582, #595, #594));
#4660 = FACE_OUTER_BOUND('', #4659, .T.);
#4661 = FACETED_BREP_SHAPE_REPRESENTATION('', (#4660), #8);
#4662 = POLY_LOOP('', (#583, #584, #596));
#4663 = FACE_OUTER_BOUND('', #4662, .T.);
#4664 = FACETED_BREP_SHAPE_REPRESENTATION('', (#4663), #8);
#4665 = POLY_LOOP('', (#583, #596, #595));
#4666 = FACE_OUTER_BOUND('', #4665, .T.);
#4667 = FACETED_BREP_SHAPE_REPRESENTATION('', (#4666), #8);
#4668 = POLY_LOOP('', (#584, #585, #597));
#4669 = FACE_OUTER_BOUND('', #4668, .T.);
#4670 = FACETED_BREP_SHAPE_REPRESENTATION('', (#4669), #8);
#4671 = POLY_LOOP('', (#584, #597, #596));
#4672 = FACE_OUTER_BOUND('', #4671, .T.);
#4673 = FACETED_BREP_SHAPE_REPRESENTATION('', (#4672), #8);
#4674 = POLY_LOOP('', (#585, #574, #586));
#4675 = FACE_OUTER_BOUND('', #4674, .T.);
#4676 = FACETED_BREP_SHAPE_REPRESENTATION('', (#4675), #8);
#4677 = POLY_LOOP('', (#585, #586, #597));
#4678 = FACE_OUTER_BOUND('', #4677, .T.);
#4679 = FACETED_BREP_SHAPE_REPRESENTATION('', (#4678), #8);
#4680 = POLY_LOOP('', (#598, #575, #574));
#4681 = FACE_OUTER_BOUND('', #4680, .T.);
#4682 = FACETED_BREP_SHAPE_REPRESENTATION('', (#4681), #8);
#4683 = POLY_LOOP('', (#599, #586, #587));
#4684 = FACE_OUTER_BOUND('', #4683, .T.);
#4685 = FACETED_BREP_SHAPE_REPRESENTATION('', (#4684), #8);
#4686 = POLY_LOOP('', (#598, #576, #575));
#4687 = FACE_OUTER_BOUND('', #4686, .T.);
#4688 = FACETED_BREP_SHAPE_REPRESENTATION('', (#4687), #8);
#4689 = POLY_LOOP('', (#599, #587, #588));
#4690 = FACE_OUTER_BOUND('', #4689, .T.);
#4691 = FACETED_BREP_SHAPE_REPRESENTATION('', (#4690), #8);
#4692 = POLY_LOOP('', (#598, #577, #576));
#4693 = FACE_OUTER_BOUND('', #4692, .T.);
#4694 = FACETED_BREP_SHAPE_REPRESENTATION('', (#4693), #8);
#4695 = POLY_LOOP('', (#599, #588, #589));
#4696 = FACE_OUTER_BOUND('', #4695, .T.);
#4697 = FACETED_BREP_SHAPE_REPRESENTATION('', (#4696), #8);
#4698 = POLY_LOOP('', (#598, #578, #577));
#4699 = FACE_OUTER_BOUND('', #4698, .T.);
#4700 = FACETED_BREP_SHAPE_REPRESENTATION('', (#4699), #8);
#4701 = POLY_LOOP('', (#599, #589, #590));
#4702 = FACE_OUTER_BOUND('', #4701, .T.);
#4703 = FACETED_BREP_SHAPE_REPRESENTATION('', (#4702), #8);
#4704 = POLY_LOOP('', (#598, #579, #578));
#4705 = FACE_OUTER_BOUND('', #4704, .T.);
#4706 = FACETED_BREP_SHAPE_REPRESENTATION('', (#4705), #8);
#4707 = POLY_LOOP('', (#599, #590, #591));
#4708 = FACE_OUTER_BOUND('', #4707, .T.);
#4709 = FACETED_BREP_SHAPE_REPRESENTATION('', (#4708), #8);
#4710 = POLY_LOOP('', (#598, #580, #579));
#4711 = FACE_OUTER_BOUND('', #4710, .T.);
#4712 = FACETED_BREP_SHAPE_REPRESENTATION('', (#4711), #8);
#4713 = POLY_LOOP('', (#599, #591, #592));
#4714 = FACE_OUTER_BOUND('', #4713, .T.);
#4715 = FACETED_BREP_SHAPE_REPRESENTATION('', (#4714), #8);
#4716 = POLY_LOOP('', (#598, #581, #580));
#4717 = FACE_OUTER_BOUND('', #4716, .T.);
#4718 = FACETED_BREP_SHAPE_REPRESENTATION('', (#4717), #8);
#4719 = POLY_LOOP('', (#599, #592, #593));
#4720 = FACE_OUTER_BOUND('', #4719, .T.);
#4721 = FACETED_BREP_SHAPE_REPRESENTATION('', (#4720), #8);
#4722 = POLY_LOOP('', (#598, #582, #581));
#4723 = FACE_OUTER_BOUND('', #4722, .T.);
#4724 = FACETED_BREP_SHAPE_REPRESENTATION('', (#4723), #8);
#4725 = POLY_LOOP('', (#599, #593, #594));
#4726 = FACE_OUTER_BOUND('', #4725, .T.);
#4727 = FACETED_BREP_SHAPE_REPRESENTATION('', (#4726), #8);
#4728 = POLY_LOOP('', (#598, #583, #582));
#4729 = FACE_OUTER_BOUND('', #4728, .T.);
#4730 = FACETED_BREP_SHAPE_REPRESENTATION('', (#4729), #8);
#4731 = POLY_LOOP('', (#599, #594, #595));
#4732 = FACE_OUTER_BOUND('', #4731, .T.);
#4733 = FACETED_BREP_SHAPE_REPRESENTATION('', (#4732), #8);
#4734 = POLY_LOOP('', (#598, #584, #583));
#4735 = FACE_OUTER_BOUND('', #4734, .T.);
#4736 = FACETED_BREP_SHAPE_REPRESENTATION('', (#4735), #8);
#4737 = POLY_LOOP('', (#599, #595, #596));
#4738 = FACE_OUTER_BOUND('', #4737, .T.);
#4739 = FACETED_BREP_SHAPE_REPRESENTATION('', (#4738), #8);
#4740 = POLY_LOOP('', (#598, #585, #584));
#4741 = FACE_OUTER_BOUND('', #4740, .T.);
#4742 = FACETED_BREP_SHAPE_REPRESENTATION('', (#4741), #8);
#4743 = POLY_LOOP('', (#599, #596, #597));
#4744 = FACE_OUTER_BOUND('', #4743, .T.);
#4745 = FACETED_BREP_SHAPE_REPRESENTATION('', (#4744), #8);
#4746 = POLY_LOOP('', (#598, #574, #585));
#4747 = FACE_OUTER_BOUND('', #4746, .T.);
#4748 = FACETED_BREP_SHAPE_REPRESENTATION('', (#4747), #8);
#4749 = POLY_LOOP('', (#599, #597, #586));
#4750 = FACE_OUTER_BOUND('', #4749, .T.);
#4751 = FACETED_BREP_SHAPE_REPRESENTATION('', (#4750), #8);
#4752 = POLY_LOOP('', (#600, #601, #617));
#4753 = FACE_OUTER_BOUND('', #4752, .T.);
#4754 = FACETED_BREP_SHAPE_REPRESENTATION('', (#4753), #8);
#4755 = POLY_LOOP('', (#600, #617, #616));
#4756 = FACE_OUTER_BOUND('', #4755, .T.);
#4757 = FACETED_BREP_SHAPE_REPRESENTATION('', (#4756), #8);
#4758 = POLY_LOOP('', (#601, #602, #618));
#4759 = FACE_OUTER_BOUND('', #4758, .T.);
#4760 = FACETED_BREP_SHAPE_REPRESENTATION('', (#4759), #8);
#4761 = POLY_LOOP('', (#601, #618, #617));
#4762 = FACE_OUTER_BOUND('', #4761, .T.);
#4763 = FACETED_BREP_SHAPE_REPRESENTATION('', (#4762), #8);
#4764 = POLY_LOOP('', (#602, #603, #619));
#4765 = FACE_OUTER_BOUND('', #4764, .T.);
#4766 = FACETED_BREP_SHAPE_REPRESENTATION('', (#4765), #8);
#4767 = POLY_LOOP('', (#602, #619, #618));
#4768 = FACE_OUTER_BOUND('', #4767, .T.);
#4769 = FACETED_BREP_SHAPE_REPRESENTATION('', (#4768), #8);
#4770 = POLY_LOOP('', (#603, #604, #620));
#4771 = FACE_OUTER_BOUND('', #4770, .T.);
#4772 = FACETED_BREP_SHAPE_REPRESENTATION('', (#4771), #8);
#4773 = POLY_LOOP('', (#603, #620, #619));
#4774 = FACE_OUTER_BOUND('', #4773, .T.);
#4775 = FACETED_BREP_SHAPE_REPRESENTATION('', (#4774), #8);
#4776 = POLY_LOOP('', (#604, #605, #621));
#4777 = FACE_OUTER_BOUND('', #4776, .T.);
#4778 = FACETED_BREP_SHAPE_REPRESENTATION('', (#4777), #8);
#4779 = POLY_LOOP('', (#604, #621, #620));
#4780 = FACE_OUTER_BOUND('', #4779, .T.);
#4781 = FACETED_BREP_SHAPE_REPRESENTATION('', (#4780), #8);
#4782 = POLY_LOOP('', (#605, #606, #622));
#4783 = FACE_OUTER_BOUND('', #4782, .T.);
#4784 = FACETED_BREP_SHAPE_REPRESENTATION('', (#4783), #8);
#4785 = POLY_LOOP('', (#605, #622, #621));
#4786 = FACE_OUTER_BOUND('', #4785, .T.);
#4787 = FACETED_BREP_SHAPE_REPRESENTATION('', (#4786), #8);
#4788 = POLY_LOOP('', (#606, #607, #623));
#4789 = FACE_OUTER_BOUND('', #4788, .T.);
#4790 = FACETED_BREP_SHAPE_REPRESENTATION('', (#4789), #8);
#4791 = POLY_LOOP('', (#606, #623, #622));
#4792 = FACE_OUTER_BOUND('', #4791, .T.);
#4793 = FACETED_BREP_SHAPE_REPRESENTATION('', (#4792), #8);
#4794 = POLY_LOOP('', (#607, #608, #624));
#4795 = FACE_OUTER_BOUND('', #4794, .T.);
#4796 = FACETED_BREP_SHAPE_REPRESENTATION('', (#4795), #8);
#4797 = POLY_LOOP('', (#607, #624, #623));
#4798 = FACE_OUTER_BOUND('', #4797, .T.);
#4799 = FACETED_BREP_SHAPE_REPRESENTATION('', (#4798), #8);
#4800 = POLY_LOOP('', (#608, #609, #625));
#4801 = FACE_OUTER_BOUND('', #4800, .T.);
#4802 = FACETED_BREP_SHAPE_REPRESENTATION('', (#4801), #8);
#4803 = POLY_LOOP('', (#608, #625, #624));
#4804 = FACE_OUTER_BOUND('', #4803, .T.);
#4805 = FACETED_BREP_SHAPE_REPRESENTATION('', (#4804), #8);
#4806 = POLY_LOOP('', (#609, #610, #626));
#4807 = FACE_OUTER_BOUND('', #4806, .T.);
#4808 = FACETED_BREP_SHAPE_REPRESENTATION('', (#4807), #8);
#4809 = POLY_LOOP('', (#609, #626, #625));
#4810 = FACE_OUTER_BOUND('', #4809, .T.);
#4811 = FACETED_BREP_SHAPE_REPRESENTATION('', (#4810), #8);
#4812 = POLY_LOOP('', (#610, #611, #627));
#4813 = FACE_OUTER_BOUND('', #4812, .T.);
#4814 = FACETED_BREP_SHAPE_REPRESENTATION('', (#4813), #8);
#4815 = POLY_LOOP('', (#610, #627, #626));
#4816 = FACE_OUTER_BOUND('', #4815, .T.);
#4817 = FACETED_BREP_SHAPE_REPRESENTATION('', (#4816), #8);
#4818 = POLY_LOOP('', (#611, #612, #628));
#4819 = FACE_OUTER_BOUND('', #4818, .T.);
#4820 = FACETED_BREP_SHAPE_REPRESENTATION('', (#4819), #8);
#4821 = POLY_LOOP('', (#611, #628, #627));
#4822 = FACE_OUTER_BOUND('', #4821, .T.);
#4823 = FACETED_BREP_SHAPE_REPRESENTATION('', (#4822), #8);
#4824 = POLY_LOOP('', (#612, #613, #629));
#4825 = FACE_OUTER_BOUND('', #4824, .T.);
#4826 = FACETED_BREP_SHAPE_REPRESENTATION('', (#4825), #8);
#4827 = POLY_LOOP('', (#612, #629, #628));
#4828 = FACE_OUTER_BOUND('', #4827, .T.);
#4829 = FACETED_BREP_SHAPE_REPRESENTATION('', (#4828), #8);
#4830 = POLY_LOOP('', (#613, #614, #630));
#4831 = FACE_OUTER_BOUND('', #4830, .T.);
#4832 = FACETED_BREP_SHAPE_REPRESENTATION('', (#4831), #8);
#4833 = POLY_LOOP('', (#613, #630, #629));
#4834 = FACE_OUTER_BOUND('', #4833, .T.);
#4835 = FACETED_BREP_SHAPE_REPRESENTATION('', (#4834), #8);
#4836 = POLY_LOOP('', (#614, #615, #631));
#4837 = FACE_OUTER_BOUND('', #4836, .T.);
#4838 = FACETED_BREP_SHAPE_REPRESENTATION('', (#4837), #8);
#4839 = POLY_LOOP('', (#614, #631, #630));
#4840 = FACE_OUTER_BOUND('', #4839, .T.);
#4841 = FACETED_BREP_SHAPE_REPRESENTATION('', (#4840), #8);
#4842 = POLY_LOOP('', (#615, #600, #616));
#4843 = FACE_OUTER_BOUND('', #4842, .T.);
#4844 = FACETED_BREP_SHAPE_REPRESENTATION('', (#4843), #8);
#4845 = POLY_LOOP('', (#615, #616, #631));
#4846 = FACE_OUTER_BOUND('', #4845, .T.);
#4847 = FACETED_BREP_SHAPE_REPRESENTATION('', (#4846), #8);
#4848 = POLY_LOOP('', (#632, #601, #600));
#4849 = FACE_OUTER_BOUND('', #4848, .T.);
#4850 = FACETED_BREP_SHAPE_REPRESENTATION('', (#4849), #8);
#4851 = POLY_LOOP('', (#633, #616, #617));
#4852 = FACE_OUTER_BOUND('', #4851, .T.);
#4853 = FACETED_BREP_SHAPE_REPRESENTATION('', (#4852), #8);
#4854 = POLY_LOOP('', (#632, #602, #601));
#4855 = FACE_OUTER_BOUND('', #4854, .T.);
#4856 = FACETED_BREP_SHAPE_REPRESENTATION('', (#4855), #8);
#4857 = POLY_LOOP('', (#633, #617, #618));
#4858 = FACE_OUTER_BOUND('', #4857, .T.);
#4859 = FACETED_BREP_SHAPE_REPRESENTATION('', (#4858), #8);
#4860 = POLY_LOOP('', (#632, #603, #602));
#4861 = FACE_OUTER_BOUND('', #4860, .T.);
#4862 = FACETED_BREP_SHAPE_REPRESENTATION('', (#4861), #8);
#4863 = POLY_LOOP('', (#633, #618, #619));
#4864 = FACE_OUTER_BOUND('', #4863, .T.);
#4865 = FACETED_BREP_SHAPE_REPRESENTATION('', (#4864), #8);
#4866 = POLY_LOOP('', (#632, #604, #603));
#4867 = FACE_OUTER_BOUND('', #4866, .T.);
#4868 = FACETED_BREP_SHAPE_REPRESENTATION('', (#4867), #8);
#4869 = POLY_LOOP('', (#633, #619, #620));
#4870 = FACE_OUTER_BOUND('', #4869, .T.);
#4871 = FACETED_BREP_SHAPE_REPRESENTATION('', (#4870), #8);
#4872 = POLY_LOOP('', (#632, #605, #604));
#4873 = FACE_OUTER_BOUND('', #4872, .T.);
#4874 = FACETED_BREP_SHAPE_REPRESENTATION('', (#4873), #8);
#4875 = POLY_LOOP('', (#633, #620, #621));
#4876 = FACE_OUTER_BOUND('', #4875, .T.);
#4877 = FACETED_BREP_SHAPE_REPRESENTATION('', (#4876), #8);
#4878 = POLY_LOOP('', (#632, #606, #605));
#4879 = FACE_OUTER_BOUND('', #4878, .T.);
#4880 = FACETED_BREP_SHAPE_REPRESENTATION('', (#4879), #8);
#4881 = POLY_LOOP('', (#633, #621, #622));
#4882 = FACE_OUTER_BOUND('', #4881, .T.);
#4883 = FACETED_BREP_SHAPE_REPRESENTATION('', (#4882), #8);
#4884 = POLY_LOOP('', (#632, #607, #606));
#4885 = FACE_OUTER_BOUND('', #4884, .T.);
#4886 = FACETED_BREP_SHAPE_REPRESENTATION('', (#4885), #8);
#4887 = POLY_LOOP('', (#633, #622, #623));
#4888 = FACE_OUTER_BOUND('', #4887, .T.);
#4889 = FACETED_BREP_SHAPE_REPRESENTATION('', (#4888), #8);
#4890 = POLY_LOOP('', (#632, #608, #607));
#4891 = FACE_OUTER_BOUND('', #4890, .T.);
#4892 = FACETED_BREP_SHAPE_REPRESENTATION('', (#4891), #8);
#4893 = POLY_LOOP('', (#633, #623, #624));
#4894 = FACE_OUTER_BOUND('', #4893, .T.);
#4895 = FACETED_BREP_SHAPE_REPRESENTATION('', (#4894), #8);
#4896 = POLY_LOOP('', (#632, #609, #608));
#4897 = FACE_OUTER_BOUND('', #4896, .T.);
#4898 = FACETED_BREP_SHAPE_REPRESENTATION('', (#4897), #8);
#4899 = POLY_LOOP('', (#633, #624, #625));
#4900 = FACE_OUTER_BOUND('', #4899, .T.);
#4901 = FACETED_BREP_SHAPE_REPRESENTATION('', (#4900), #8);
#4902 = POLY_LOOP('', (#632, #610, #609));
#4903 = FACE_OUTER_BOUND('', #4902, .T.);
#4904 = FACETED_BREP_SHAPE_REPRESENTATION('', (#4903), #8);
#4905 = POLY_LOOP('', (#633, #625, #626));
#4906 = FACE_OUTER_BOUND('', #4905, .T.);
#4907 = FACETED_BREP_SHAPE_REPRESENTATION('', (#4906), #8);
#4908 = POLY_LOOP('', (#632, #611, #610));
#4909 = FACE_OUTER_BOUND('', #4908, .T.);
#4910 = FACETED_BREP_SHAPE_REPRESENTATION('', (#4909), #8);
#4911 = POLY_LOOP('', (#633, #626, #627));
#4912 = FACE_OUTER_BOUND('', #4911, .T.);
#4913 = FACETED_BREP_SHAPE_REPRESENTATION('', (#4912), #8);
#4914 = POLY_LOOP('', (#632, #612, #611));
#4915 = FACE_OUTER_BOUND('', #4914, .T.);
#4916 = FACETED_BREP_SHAPE_REPRESENTATION('', (#4915), #8);
#4917 = POLY_LOOP('', (#633, #627, #628));
#4918 = FACE_OUTER_BOUND('', #4917, .T.);
#4919 = FACETED_BREP_SHAPE_REPRESENTATION('', (#4918), #8);
#4920 = POLY_LOOP('', (#632, #613, #612));
#4921 = FACE_OUTER_BOUND('', #4920, .T.);
#4922 = FACETED_BREP_SHAPE_REPRESENTATION('', (#4921), #8);
#4923 = POLY_LOOP('', (#633, #628, #629));
#4924 = FACE_OUTER_BOUND('', #4923, .T.);
#4925 = FACETED_BREP_SHAPE_REPRESENTATION('', (#4924), #8);
#4926 = POLY_LOOP('', (#632, #614, #613));
#4927 = FACE_OUTER_BOUND('', #4926, .T.);
#4928 = FACETED_BREP_SHAPE_REPRESENTATION('', (#4927), #8);
#4929 = POLY_LOOP('', (#633, #629, #630));
#4930 = FACE_OUTER_BOUND('', #4929, .T.);
#4931 = FACETED_BREP_SHAPE_REPRESENTATION('', (#4930), #8);
#4932 = POLY_LOOP('', (#632, #615, #614));
#4933 = FACE_OUTER_BOUND('', #4932, .T.);
#4934 = FACETED_BREP_SHAPE_REPRESENTATION('', (#4933), #8);
#4935 = POLY_LOOP('', (#633, #630, #631));
#4936 = FACE_OUTER_BOUND('', #4935, .T.);
#4937 = FACETED_BREP_SHAPE_REPRESENTATION('', (#4936), #8);
#4938 = POLY_LOOP('', (#632, #600, #615));
#4939 = FACE_OUTER_BOUND('', #4938, .T.);
#4940 = FACETED_BREP_SHAPE_REPRESENTATION('', (#4939), #8);
#4941 = POLY_LOOP('', (#633, #631, #616));
#4942 = FACE_OUTER_BOUND('', #4941, .T.);
#4943 = FACETED_BREP_SHAPE_REPRESENTATION('', (#4942), #8);
#4944 = POLY_LOOP('', (#634, #635, #647));
#4945 = FACE_OUTER_BOUND('', #4944, .T.);
#4946 = FACETED_BREP_SHAPE_REPRESENTATION('', (#4945), #8);
#4947 = POLY_LOOP('', (#634, #647, #646));
#4948 = FACE_OUTER_BOUND('', #4947, .T.);
#4949 = FACETED_BREP_SHAPE_REPRESENTATION('', (#4948), #8);
#4950 = POLY_LOOP('', (#635, #636, #648));
#4951 = FACE_OUTER_BOUND('', #4950, .T.);
#4952 = FACETED_BREP_SHAPE_REPRESENTATION('', (#4951), #8);
#4953 = POLY_LOOP('', (#635, #648, #647));
#4954 = FACE_OUTER_BOUND('', #4953, .T.);
#4955 = FACETED_BREP_SHAPE_REPRESENTATION('', (#4954), #8);
#4956 = POLY_LOOP('', (#636, #637, #649));
#4957 = FACE_OUTER_BOUND('', #4956, .T.);
#4958 = FACETED_BREP_SHAPE_REPRESENTATION('', (#4957), #8);
#4959 = POLY_LOOP('', (#636, #649, #648));
#4960 = FACE_OUTER_BOUND('', #4959, .T.);
#4961 = FACETED_BREP_SHAPE_REPRESENTATION('', (#4960), #8);
#4962 = POLY_LOOP('', (#637, #638, #650));
#4963 = FACE_OUTER_BOUND('', #4962, .T.);
#4964 = FACETED_BREP_SHAPE_REPRESENTATION('', (#4963), #8);
#4965 = POLY_LOOP('', (#637, #650, #649));
#4966 = FACE_OUTER_BOUND('', #4965, .T.);
#4967 = FACETED_BREP_SHAPE_REPRESENTATION('', (#4966), #8);
#4968 = POLY_LOOP('', (#638, #639, #651));
#4969 = FACE_OUTER_BOUND('', #4968, .T.);
#4970 = FACETED_BREP_SHAPE_REPRESENTATION('', (#4969), #8);
#4971 = POLY_LOOP('', (#638, #651, #650));
#4972 = FACE_OUTER_BOUND('', #4971, .T.);
#4973 = FACETED_BREP_SHAPE_REPRESENTATION('', (#4972), #8);
#4974 = POLY_LOOP('', (#639, #640, #652));
#4975 = FACE_OUTER_BOUND('', #4974, .T.);
#4976 = FACETED_BREP_SHAPE_REPRESENTATION('', (#4975), #8);
#4977 = POLY_LOOP('', (#639, #652, #651));
#4978 = FACE_OUTER_BOUND('', #4977, .T.);
#4979 = FACETED_BREP_SHAPE_REPRESENTATION('', (#4978), #8);
#4980 = POLY_LOOP('', (#640, #641, #653));
#4981 = FACE_OUTER_BOUND('', #4980, .T.);
#4982 = FACETED_BREP_SHAPE_REPRESENTATION('', (#4981), #8);
#4983 = POLY_LOOP('', (#640, #653, #652));
#4984 = FACE_OUTER_BOUND('', #4983, .T.);
#4985 = FACETED_BREP_SHAPE_REPRESENTATION('', (#4984), #8);
#4986 = POLY_LOOP('', (#641, #642, #654));
#4987 = FACE_OUTER_BOUND('', #4986, .T.);
#4988 = FACETED_BREP_SHAPE_REPRESENTATION('', (#4987), #8);
#4989 = POLY_LOOP('', (#641, #654, #653));
#4990 = FACE_OUTER_BOUND('', #4989, .T.);
#4991 = FACETED_BREP_SHAPE_REPRESENTATION('', (#4990), #8);
#4992 = POLY_LOOP('', (#642, #643, #655));
#4993 = FACE_OUTER_BOUND('', #4992, .T.);
#4994 = FACETED_BREP_SHAPE_REPRESENTATION('', (#4993), #8);
#4995 = POLY_LOOP('', (#642, #655, #654));
#4996 = FACE_OUTER_BOUND('', #4995, .T.);
#4997 = FACETED_BREP_SHAPE_REPRESENTATION('', (#4996), #8);
#4998 = POLY_LOOP('', (#643, #644, #656));
#4999 = FACE_OUTER_BOUND('', #4998, .T.);
#5000 = FACETED_BREP_SHAPE_REPRESENTATION('', (#4999), #8);
#5001 = POLY_LOOP('', (#643, #656, #655));
#5002 = FACE_OUTER_BOUND('', #5001, .T.);
#5003 = FACETED_BREP_SHAPE_REPRESENTATION('', (#5002), #8);
#5004 = POLY_LOOP('', (#644, #645, #657));
#5005 = FACE_OUTER_BOUND('', #5004, .T.);
#5006 = FACETED_BREP_SHAPE_REPRESENTATION('', (#5005), #8);
#5007 = POLY_LOOP('', (#644, #657, #656));
#5008 = FACE_OUTER_BOUND('', #5007, .T.);
#5009 = FACETED_BREP_SHAPE_REPRESENTATION('', (#5008), #8);
#5010 = POLY_LOOP('', (#645, #634, #646));
#5011 = FACE_OUTER_BOUND('', #5010, .T.);
#5012 = FACETED_BREP_SHAPE_REPRESENTATION('', (#5011), #8);
#5013 = POLY_LOOP('', (#645, #646, #657));
#5014 = FACE_OUTER_BOUND('', #5013, .T.);
#5015 = FACETED_BREP_SHAPE_REPRESENTATION('', (#5014), #8);
#5016 = POLY_LOOP('', (#658, #635, #634));
#5017 = FACE_OUTER_BOUND('', #5016, .T.);
#5018 = FACETED_BREP_SHAPE_REPRESENTATION('', (#5017), #8);
#5019 = POLY_LOOP('', (#659, #646, #647));
#5020 = FACE_OUTER_BOUND('', #5019, .T.);
#5021 = FACETED_BREP_SHAPE_REPRESENTATION('', (#5020), #8);
#5022 = POLY_LOOP('', (#658, #636, #635));
#5023 = FACE_OUTER_BOUND('', #5022, .T.);
#5024 = FACETED_BREP_SHAPE_REPRESENTATION('', (#5023), #8);
#5025 = POLY_LOOP('', (#659, #647, #648));
#5026 = FACE_OUTER_BOUND('', #5025, .T.);
#5027 = FACETED_BREP_SHAPE_REPRESENTATION('', (#5026), #8);
#5028 = POLY_LOOP('', (#658, #637, #636));
#5029 = FACE_OUTER_BOUND('', #5028, .T.);
#5030 = FACETED_BREP_SHAPE_REPRESENTATION('', (#5029), #8);
#5031 = POLY_LOOP('', (#659, #648, #649));
#5032 = FACE_OUTER_BOUND('', #5031, .T.);
#5033 = FACETED_BREP_SHAPE_REPRESENTATION('', (#5032), #8);
#5034 = POLY_LOOP('', (#658, #638, #637));
#5035 = FACE_OUTER_BOUND('', #5034, .T.);
#5036 = FACETED_BREP_SHAPE_REPRESENTATION('', (#5035), #8);
#5037 = POLY_LOOP('', (#659, #649, #650));
#5038 = FACE_OUTER_BOUND('', #5037, .T.);
#5039 = FACETED_BREP_SHAPE_REPRESENTATION('', (#5038), #8);
#5040 = POLY_LOOP('', (#658, #639, #638));
#5041 = FACE_OUTER_BOUND('', #5040, .T.);
#5042 = FACETED_BREP_SHAPE_REPRESENTATION('', (#5041), #8);
#5043 = POLY_LOOP('', (#659, #650, #651));
#5044 = FACE_OUTER_BOUND('', #5043, .T.);
#5045 = FACETED_BREP_SHAPE_REPRESENTATION('', (#5044), #8);
#5046 = POLY_LOOP('', (#658, #640, #639));
#5047 = FACE_OUTER_BOUND('', #5046, .T.);
#5048 = FACETED_BREP_SHAPE_REPRESENTATION('', (#5047), #8);
#5049 = POLY_LOOP('', (#659, #651, #652));
#5050 = FACE_OUTER_BOUND('', #5049, .T.);
#5051 = FACETED_BREP_SHAPE_REPRESENTATION('', (#5050), #8);
#5052 = POLY_LOOP('', (#658, #641, #640));
#5053 = FACE_OUTER_BOUND('', #5052, .T.);
#5054 = FACETED_BREP_SHAPE_REPRESENTATION('', (#5053), #8);
#5055 = POLY_LOOP('', (#659, #652, #653));
#5056 = FACE_OUTER_BOUND('', #5055, .T.);
#5057 = FACETED_BREP_SHAPE_REPRESENTATION('', (#5056), #8);
#5058 = POLY_LOOP('', (#658, #642, #641));
#5059 = FACE_OUTER_BOUND('', #5058, .T.);
#5060 = FACETED_BREP_SHAPE_REPRESENTATION('', (#5059), #8);
#5061 = POLY_LOOP('', (#659, #653, #654));
#5062 = FACE_OUTER_BOUND('', #5061, .T.);
#5063 = FACETED_BREP_SHAPE_REPRESENTATION('', (#5062), #8);
#5064 = POLY_LOOP('', (#658, #643, #642));
#5065 = FACE_OUTER_BOUND('', #5064, .T.);
#5066 = FACETED_BREP_SHAPE_REPRESENTATION('', (#5065), #8);
#5067 = POLY_LOOP('', (#659, #654, #655));
#5068 = FACE_OUTER_BOUND('', #5067, .T.);
#5069 = FACETED_BREP_SHAPE_REPRESENTATION('', (#5068), #8);
#5070 = POLY_LOOP('', (#658, #644, #643));
#5071 = FACE_OUTER_BOUND('', #5070, .T.);
#5072 = FACETED_BREP_SHAPE_REPRESENTATION('', (#5071), #8);
#5073 = POLY_LOOP('', (#659, #655, #656));
#5074 = FACE_OUTER_BOUND('', #5073, .T.);
#5075 = FACETED_BREP_SHAPE_REPRESENTATION('', (#5074), #8);
#5076 = POLY_LOOP('', (#658, #645, #644));
#5077 = FACE_OUTER_BOUND('', #5076, .T.);
#5078 = FACETED_BREP_SHAPE_REPRESENTATION('', (#5077), #8);
#5079 = POLY_LOOP('', (#659, #656, #657));
#5080 = FACE_OUTER_BOUND('', #5079, .T.);
#5081 = FACETED_BREP_SHAPE_REPRESENTATION('', (#5080), #8);
#5082 = POLY_LOOP('', (#658, #634, #645));
#5083 = FACE_OUTER_BOUND('', #5082, .T.);
#5084 = FACETED_BREP_SHAPE_REPRESENTATION('', (#5083), #8);
#5085 = POLY_LOOP('', (#659, #657, #646));
#5086 = FACE_OUTER_BOUND('', #5085, .T.);
#5087 = FACETED_BREP_SHAPE_REPRESENTATION('', (#5086), #8);
#5088 = POLY_LOOP('', (#660, #661, #677));
#5089 = FACE_OUTER_BOUND('', #5088, .T.);
#5090 = FACETED_BREP_SHAPE_REPRESENTATION('', (#5089), #8);
#5091 = POLY_LOOP('', (#660, #677, #676));
#5092 = FACE_OUTER_BOUND('', #5091, .T.);
#5093 = FACETED_BREP_SHAPE_REPRESENTATION('', (#5092), #8);
#5094 = POLY_LOOP('', (#661, #662, #678));
#5095 = FACE_OUTER_BOUND('', #5094, .T.);
#5096 = FACETED_BREP_SHAPE_REPRESENTATION('', (#5095), #8);
#5097 = POLY_LOOP('', (#661, #678, #677));
#5098 = FACE_OUTER_BOUND('', #5097, .T.);
#5099 = FACETED_BREP_SHAPE_REPRESENTATION('', (#5098), #8);
#5100 = POLY_LOOP('', (#662, #663, #679));
#5101 = FACE_OUTER_BOUND('', #5100, .T.);
#5102 = FACETED_BREP_SHAPE_REPRESENTATION('', (#5101), #8);
#5103 = POLY_LOOP('', (#662, #679, #678));
#5104 = FACE_OUTER_BOUND('', #5103, .T.);
#5105 = FACETED_BREP_SHAPE_REPRESENTATION('', (#5104), #8);
#5106 = POLY_LOOP('', (#663, #664, #680));
#5107 = FACE_OUTER_BOUND('', #5106, .T.);
#5108 = FACETED_BREP_SHAPE_REPRESENTATION('', (#5107), #8);
#5109 = POLY_LOOP('', (#663, #680, #679));
#5110 = FACE_OUTER_BOUND('', #5109, .T.);
#5111 = FACETED_BREP_SHAPE_REPRESENTATION('', (#5110), #8);
#5112 = POLY_LOOP('', (#664, #665, #681));
#5113 = FACE_OUTER_BOUND('', #5112, .T.);
#5114 = FACETED_BREP_SHAPE_REPRESENTATION('', (#5113), #8);
#5115 = POLY_LOOP('', (#664, #681, #680));
#5116 = FACE_OUTER_BOUND('', #5115, .T.);
#5117 = FACETED_BREP_SHAPE_REPRESENTATION('', (#5116), #8);
#5118 = POLY_LOOP('', (#665, #666, #682));
#5119 = FACE_OUTER_BOUND('', #5118, .T.);
#5120 = FACETED_BREP_SHAPE_REPRESENTATION('', (#5119), #8);
#5121 = POLY_LOOP('', (#665, #682, #681));
#5122 = FACE_OUTER_BOUND('', #5121, .T.);
#5123 = FACETED_BREP_SHAPE_REPRESENTATION('', (#5122), #8);
#5124 = POLY_LOOP('', (#666, #667, #683));
#5125 = FACE_OUTER_BOUND('', #5124, .T.);
#5126 = FACETED_BREP_SHAPE_REPRESENTATION('', (#5125), #8);
#5127 = POLY_LOOP('', (#666, #683, #682));
#5128 = FACE_OUTER_BOUND('', #5127, .T.);
#5129 = FACETED_BREP_SHAPE_REPRESENTATION('', (#5128), #8);
#5130 = POLY_LOOP('', (#667, #668, #684));
#5131 = FACE_OUTER_BOUND('', #5130, .T.);
#5132 = FACETED_BREP_SHAPE_REPRESENTATION('', (#5131), #8);
#5133 = POLY_LOOP('', (#667, #684, #683));
#5134 = FACE_OUTER_BOUND('', #5133, .T.);
#5135 = FACETED_BREP_SHAPE_REPRESENTATION('', (#5134), #8);
#5136 = POLY_LOOP('', (#668, #669, #685));
#5137 = FACE_OUTER_BOUND('', #5136, .T.);
#5138 = FACETED_BREP_SHAPE_REPRESENTATION('', (#5137), #8);
#5139 = POLY_LOOP('', (#668, #685, #684));
#5140 = FACE_OUTER_BOUND('', #5139, .T.);
#5141 = FACETED_BREP_SHAPE_REPRESENTATION('', (#5140), #8);
#5142 = POLY_LOOP('', (#669, #670, #686));
#5143 = FACE_OUTER_BOUND('', #5142, .T.);
#5144 = FACETED_BREP_SHAPE_REPRESENTATION('', (#5143), #8);
#5145 = POLY_LOOP('', (#669, #686, #685));
#5146 = FACE_OUTER_BOUND('', #5145, .T.);
#5147 = FACETED_BREP_SHAPE_REPRESENTATION('', (#5146), #8);
#5148 = POLY_LOOP('', (#670, #671, #687));
#5149 = FACE_OUTER_BOUND('', #5148, .T.);
#5150 = FACETED_BREP_SHAPE_REPRESENTATION('', (#5149), #8);
#5151 = POLY_LOOP('', (#670, #687, #686));
#5152 = FACE_OUTER_BOUND('', #5151, .T.);
#5153 = FACETED_BREP_SHAPE_REPRESENTATION('', (#5152), #8);
#5154 = POLY_LOOP('', (#671, #672, #688));
#5155 = FACE_OUTER_BOUND('', #5154, .T.);
#5156 = FACETED_BREP_SHAPE_REPRESENTATION('', (#5155), #8);
#5157 = POLY_LOOP('', (#671, #688, #687));
#5158 = FACE_OUTER_BOUND('', #5157, .T.);
#5159 = FACETED_BREP_SHAPE_REPRESENTATION('', (#5158), #8);
#5160 = POLY_LOOP('', (#672, #673, #689));
#5161 = FACE_OUTER_BOUND('', #5160, .T.);
#5162 = FACETED_BREP_SHAPE_REPRESENTATION('', (#5161), #8);
#5163 = POLY_LOOP('', (#672, #689, #688));
#5164 = FACE_OUTER_BOUND('', #5163, .T.);
#5165 = FACETED_BREP_SHAPE_REPRESENTATION('', (#5164), #8);
#5166 = POLY_LOOP('', (#673, #674, #690));
#5167 = FACE_OUTER_BOUND('', #5166, .T.);
#5168 = FACETED_BREP_SHAPE_REPRESENTATION('', (#5167), #8);
#5169 = POLY_LOOP('', (#673, #690, #689));
#5170 = FACE_OUTER_BOUND('', #5169, .T.);
#5171 = FACETED_BREP_SHAPE_REPRESENTATION('', (#5170), #8);
#5172 = POLY_LOOP('', (#674, #675, #691));
#5173 = FACE_OUTER_BOUND('', #5172, .T.);
#5174 = FACETED_BREP_SHAPE_REPRESENTATION('', (#5173), #8);
#5175 = POLY_LOOP('', (#674, #691, #690));
#5176 = FACE_OUTER_BOUND('', #5175, .T.);
#5177 = FACETED_BREP_SHAPE_REPRESENTATION('', (#5176), #8);
#5178 = POLY_LOOP('', (#675, #660, #676));
#5179 = FACE_OUTER_BOUND('', #5178, .T.);
#5180 = FACETED_BREP_SHAPE_REPRESENTATION('', (#5179), #8);
#5181 = POLY_LOOP('', (#675, #676, #691));
#5182 = FACE_OUTER_BOUND('', #5181, .T.);
#5183 = FACETED_BREP_SHAPE_REPRESENTATION('', (#5182), #8);
#5184 = POLY_LOOP('', (#692, #661, #660));
#5185 = FACE_OUTER_BOUND('', #5184, .T.);
#5186 = FACETED_BREP_SHAPE_REPRESENTATION('', (#5185), #8);
#5187 = POLY_LOOP('', (#693, #676, #677));
#5188 = FACE_OUTER_BOUND('', #5187, .T.);
#5189 = FACETED_BREP_SHAPE_REPRESENTATION('', (#5188), #8);
#5190 = POLY_LOOP('', (#692, #662, #661));
#5191 = FACE_OUTER_BOUND('', #5190, .T.);
#5192 = FACETED_BREP_SHAPE_REPRESENTATION('', (#5191), #8);
#5193 = POLY_LOOP('', (#693, #677, #678));
#5194 = FACE_OUTER_BOUND('', #5193, .T.);
#5195 = FACETED_BREP_SHAPE_REPRESENTATION('', (#5194), #8);
#5196 = POLY_LOOP('', (#692, #663, #662));
#5197 = FACE_OUTER_BOUND('', #5196, .T.);
#5198 = FACETED_BREP_SHAPE_REPRESENTATION('', (#5197), #8);
#5199 = POLY_LOOP('', (#693, #678, #679));
#5200 = FACE_OUTER_BOUND('', #5199, .T.);
#5201 = FACETED_BREP_SHAPE_REPRESENTATION('', (#5200), #8);
#5202 = POLY_LOOP('', (#692, #664, #663));
#5203 = FACE_OUTER_BOUND('', #5202, .T.);
#5204 = FACETED_BREP_SHAPE_REPRESENTATION('', (#5203), #8);
#5205 = POLY_LOOP('', (#693, #679, #680));
#5206 = FACE_OUTER_BOUND('', #5205, .T.);
#5207 = FACETED_BREP_SHAPE_REPRESENTATION('', (#5206), #8);
#5208 = POLY_LOOP('', (#692, #665, #664));
#5209 = FACE_OUTER_BOUND('', #5208, .T.);
#5210 = FACETED_BREP_SHAPE_REPRESENTATION('', (#5209), #8);
#5211 = POLY_LOOP('', (#693, #680, #681));
#5212 = FACE_OUTER_BOUND('', #5211, .T.);
#5213 = FACETED_BREP_SHAPE_REPRESENTATION('', (#5212), #8);
#5214 = POLY_LOOP('', (#692, #666, #665));
#5215 = FACE_OUTER_BOUND('', #5214, .T.);
#5216 = FACETED_BREP_SHAPE_REPRESENTATION('', (#5215), #8);
#5217 = POLY_LOOP('', (#693, #681, #682));
#5218 = FACE_OUTER_BOUND('', #5217, .T.);
#5219 = FACETED_BREP_SHAPE_REPRESENTATION('', (#5218), #8);
#5220 = POLY_LOOP('', (#692, #667, #666));
#5221 = FACE_OUTER_BOUND('', #5220, .T.);
#5222 = FACETED_BREP_SHAPE_REPRESENTATION('', (#5221), #8);
#5223 = POLY_LOOP('', (#693, #682, #683));
#5224 = FACE_OUTER_BOUND('', #5223, .T.);
#5225 = FACETED_BREP_SHAPE_REPRESENTATION('', (#5224), #8);
#5226 = POLY_LOOP('', (#692, #668, #667));
#5227 = FACE_OUTER_BOUND('', #5226, .T.);
#5228 = FACETED_BREP_SHAPE_REPRESENTATION('', (#5227), #8);
#5229 = POLY_LOOP('', (#693, #683, #684));
#5230 = FACE_OUTER_BOUND('', #5229, .T.);
#5231 = FACETED_BREP_SHAPE_REPRESENTATION('', (#5230), #8);
#5232 = POLY_LOOP('', (#692, #669, #668));
#5233 = FACE_OUTER_BOUND('', #5232, .T.);
#5234 = FACETED_BREP_SHAPE_REPRESENTATION('', (#5233), #8);
#5235 = POLY_LOOP('', (#693, #684, #685));
#5236 = FACE_OUTER_BOUND('', #5235, .T.);
#5237 = FACETED_BREP_SHAPE_REPRESENTATION('', (#5236), #8);
#5238 = POLY_LOOP('', (#692, #670, #669));
#5239 = FACE_OUTER_BOUND('', #5238, .T.);
#5240 = FACETED_BREP_SHAPE_REPRESENTATION('', (#5239), #8);
#5241 = POLY_LOOP('', (#693, #685, #686));
#5242 = FACE_OUTER_BOUND('', #5241, .T.);
#5243 = FACETED_BREP_SHAPE_REPRESENTATION('', (#5242), #8);
#5244 = POLY_LOOP('', (#692, #671, #670));
#5245 = FACE_OUTER_BOUND('', #5244, .T.);
#5246 = FACETED_BREP_SHAPE_REPRESENTATION('', (#5245), #8);
#5247 = POLY_LOOP('', (#693, #686, #687));
#5248 = FACE_OUTER_BOUND('', #5247, .T.);
#5249 = FACETED_BREP_SHAPE_REPRESENTATION('', (#5248), #8);
#5250 = POLY_LOOP('', (#692, #672, #671));
#5251 = FACE_OUTER_BOUND('', #5250, .T.);
#5252 = FACETED_BREP_SHAPE_REPRESENTATION('', (#5251), #8);
#5253 = POLY_LOOP('', (#693, #687, #688));
#5254 = FACE_OUTER_BOUND('', #5253, .T.);
#5255 = FACETED_BREP_SHAPE_REPRESENTATION('', (#5254), #8);
#5256 = POLY_LOOP('', (#692, #673, #672));
#5257 = FACE_OUTER_BOUND('', #5256, .T.);
#5258 = FACETED_BREP_SHAPE_REPRESENTATION('', (#5257), #8);
#5259 = POLY_LOOP('', (#693, #688, #689));
#5260 = FACE_OUTER_BOUND('', #5259, .T.);
#5261 = FACETED_BREP_SHAPE_REPRESENTATION('', (#5260), #8);
#5262 = POLY_LOOP('', (#692, #674, #673));
#5263 = FACE_OUTER_BOUND('', #5262, .T.);
#5264 = FACETED_BREP_SHAPE_REPRESENTATION('', (#5263), #8);
#5265 = POLY_LOOP('', (#693, #689, #690));
#5266 = FACE_OUTER_BOUND('', #5265, .T.);
#5267 = FACETED_BREP_SHAPE_REPRESENTATION('', (#5266), #8);
#5268 = POLY_LOOP('', (#692, #675, #674));
#5269 = FACE_OUTER_BOUND('', #5268, .T.);
#5270 = FACETED_BREP_SHAPE_REPRESENTATION('', (#5269), #8);
#5271 = POLY_LOOP('', (#693, #690, #691));
#5272 = FACE_OUTER_BOUND('', #5271, .T.);
#5273 = FACETED_BREP_SHAPE_REPRESENTATION('', (#5272), #8);
#5274 = POLY_LOOP('', (#692, #660, #675));
#5275 = FACE_OUTER_BOUND('', #5274, .T.);
#5276 = FACETED_BREP_SHAPE_REPRESENTATION('', (#5275), #8);
#5277 = POLY_LOOP('', (#693, #691, #676));
#5278 = FACE_OUTER_BOUND('', #5277, .T.);
#5279 = FACETED_BREP_SHAPE_REPRESENTATION('', (#5278), #8);
#5280 = POLY_LOOP('', (#694, #695, #707));
#5281 = FACE_OUTER_BOUND('', #5280, .T.);
#5282 = FACETED_BREP_SHAPE_REPRESENTATION('', (#5281), #8);
#5283 = POLY_LOOP('', (#694, #707, #706));
#5284 = FACE_OUTER_BOUND('', #5283, .T.);
#5285 = FACETED_BREP_SHAPE_REPRESENTATION('', (#5284), #8);
#5286 = POLY_LOOP('', (#695, #696, #708));
#5287 = FACE_OUTER_BOUND('', #5286, .T.);
#5288 = FACETED_BREP_SHAPE_REPRESENTATION('', (#5287), #8);
#5289 = POLY_LOOP('', (#695, #708, #707));
#5290 = FACE_OUTER_BOUND('', #5289, .T.);
#5291 = FACETED_BREP_SHAPE_REPRESENTATION('', (#5290), #8);
#5292 = POLY_LOOP('', (#696, #697, #709));
#5293 = FACE_OUTER_BOUND('', #5292, .T.);
#5294 = FACETED_BREP_SHAPE_REPRESENTATION('', (#5293), #8);
#5295 = POLY_LOOP('', (#696, #709, #708));
#5296 = FACE_OUTER_BOUND('', #5295, .T.);
#5297 = FACETED_BREP_SHAPE_REPRESENTATION('', (#5296), #8);
#5298 = POLY_LOOP('', (#697, #698, #710));
#5299 = FACE_OUTER_BOUND('', #5298, .T.);
#5300 = FACETED_BREP_SHAPE_REPRESENTATION('', (#5299), #8);
#5301 = POLY_LOOP('', (#697, #710, #709));
#5302 = FACE_OUTER_BOUND('', #5301, .T.);
#5303 = FACETED_BREP_SHAPE_REPRESENTATION('', (#5302), #8);
#5304 = POLY_LOOP('', (#698, #699, #711));
#5305 = FACE_OUTER_BOUND('', #5304, .T.);
#5306 = FACETED_BREP_SHAPE_REPRESENTATION('', (#5305), #8);
#5307 = POLY_LOOP('', (#698, #711, #710));
#5308 = FACE_OUTER_BOUND('', #5307, .T.);
#5309 = FACETED_BREP_SHAPE_REPRESENTATION('', (#5308), #8);
#5310 = POLY_LOOP('', (#699, #700, #712));
#5311 = FACE_OUTER_BOUND('', #5310, .T.);
#5312 = FACETED_BREP_SHAPE_REPRESENTATION('', (#5311), #8);
#5313 = POLY_LOOP('', (#699, #712, #711));
#5314 = FACE_OUTER_BOUND('', #5313, .T.);
#5315 = FACETED_BREP_SHAPE_REPRESENTATION('', (#5314), #8);
#5316 = POLY_LOOP('', (#700, #701, #713));
#5317 = FACE_OUTER_BOUND('', #5316, .T.);
#5318 = FACETED_BREP_SHAPE_REPRESENTATION('', (#5317), #8);
#5319 = POLY_LOOP('', (#700, #713, #712));
#5320 = FACE_OUTER_BOUND('', #5319, .T.);
#5321 = FACETED_BREP_SHAPE_REPRESENTATION('', (#5320), #8);
#5322 = POLY_LOOP('', (#701, #702, #714));
#5323 = FACE_OUTER_BOUND('', #5322, .T.);
#5324 = FACETED_BREP_SHAPE_REPRESENTATION('', (#5323), #8);
#5325 = POLY_LOOP('', (#701, #714, #713));
#5326 = FACE_OUTER_BOUND('', #5325, .T.);
#5327 = FACETED_BREP_SHAPE_REPRESENTATION('', (#5326), #8);
#5328 = POLY_LOOP('', (#702, #703, #715));
#5329 = FACE_OUTER_BOUND('', #5328, .T.);
#5330 = FACETED_BREP_SHAPE_REPRESENTATION('', (#5329), #8);
#5331 = POLY_LOOP('', (#702, #715, #714));
#5332 = FACE_OUTER_BOUND('', #5331, .T.);
#5333 = FACETED_BREP_SHAPE_REPRESENTATION('', (#5332), #8);
#5334 = POLY_LOOP('', (#703, #704, #716));
#5335 = FACE_OUTER_BOUND('', #5334, .T.);
#5336 = FACETED_BREP_SHAPE_REPRESENTATION('', (#5335), #8);
#5337 = POLY_LOOP('', (#703, #716, #715));
#5338 = FACE_OUTER_BOUND('', #5337, .T.);
#5339 = FACETED_BREP_SHAPE_REPRESENTATION('', (#5338), #8);
#5340 = POLY_LOOP('', (#704, #705, #717));
#5341 = FACE_OUTER_BOUND('', #5340, .T.);
#5342 = FACETED_BREP_SHAPE_REPRESENTATION('', (#5341), #8);
#5343 = POLY_LOOP('', (#704, #717, #716));
#5344 = FACE_OUTER_BOUND('', #5343, .T.);
#5345 = FACETED_BREP_SHAPE_REPRESENTATION('', (#5344), #8);
#5346 = POLY_LOOP('', (#705, #694, #706));
#5347 = FACE_OUTER_BOUND('', #5346, .T.);
#5348 = FACETED_BREP_SHAPE_REPRESENTATION('', (#5347), #8);
#5349 = POLY_LOOP('', (#705, #706, #717));
#5350 = FACE_OUTER_BOUND('', #5349, .T.);
#5351 = FACETED_BREP_SHAPE_REPRESENTATION('', (#5350), #8);
#5352 = POLY_LOOP('', (#718, #695, #694));
#5353 = FACE_OUTER_BOUND('', #5352, .T.);
#5354 = FACETED_BREP_SHAPE_REPRESENTATION('', (#5353), #8);
#5355 = POLY_LOOP('', (#719, #706, #707));
#5356 = FACE_OUTER_BOUND('', #5355, .T.);
#5357 = FACETED_BREP_SHAPE_REPRESENTATION('', (#5356), #8);
#5358 = POLY_LOOP('', (#718, #696, #695));
#5359 = FACE_OUTER_BOUND('', #5358, .T.);
#5360 = FACETED_BREP_SHAPE_REPRESENTATION('', (#5359), #8);
#5361 = POLY_LOOP('', (#719, #707, #708));
#5362 = FACE_OUTER_BOUND('', #5361, .T.);
#5363 = FACETED_BREP_SHAPE_REPRESENTATION('', (#5362), #8);
#5364 = POLY_LOOP('', (#718, #697, #696));
#5365 = FACE_OUTER_BOUND('', #5364, .T.);
#5366 = FACETED_BREP_SHAPE_REPRESENTATION('', (#5365), #8);
#5367 = POLY_LOOP('', (#719, #708, #709));
#5368 = FACE_OUTER_BOUND('', #5367, .T.);
#5369 = FACETED_BREP_SHAPE_REPRESENTATION('', (#5368), #8);
#5370 = POLY_LOOP('', (#718, #698, #697));
#5371 = FACE_OUTER_BOUND('', #5370, .T.);
#5372 = FACETED_BREP_SHAPE_REPRESENTATION('', (#5371), #8);
#5373 = POLY_LOOP('', (#719, #709, #710));
#5374 = FACE_OUTER_BOUND('', #5373, .T.);
#5375 = FACETED_BREP_SHAPE_REPRESENTATION('', (#5374), #8);
#5376 = POLY_LOOP('', (#718, #699, #698));
#5377 = FACE_OUTER_BOUND('', #5376, .T.);
#5378 = FACETED_BREP_SHAPE_REPRESENTATION('', (#5377), #8);
#5379 = POLY_LOOP('', (#719, #710, #711));
#5380 = FACE_OUTER_BOUND('', #5379, .T.);
#5381 = FACETED_BREP_SHAPE_REPRESENTATION('', (#5380), #8);
#5382 = POLY_LOOP('', (#718, #700, #699));
#5383 = FACE_OUTER_BOUND('', #5382, .T.);
#5384 = FACETED_BREP_SHAPE_REPRESENTATION('', (#5383), #8);
#5385 = POLY_LOOP('', (#719, #711, #712));
#5386 = FACE_OUTER_BOUND('', #5385, .T.);
#5387 = FACETED_BREP_SHAPE_REPRESENTATION('', (#5386), #8);
#5388 = POLY_LOOP('', (#718, #701, #700));
#5389 = FACE_OUTER_BOUND('', #5388, .T.);
#5390 = FACETED_BREP_SHAPE_REPRESENTATION('', (#5389), #8);
#5391 = POLY_LOOP('', (#719, #712, #713));
#5392 = FACE_OUTER_BOUND('', #5391, .T.);
#5393 = FACETED_BREP_SHAPE_REPRESENTATION('', (#5392), #8);
#5394 = POLY_LOOP('', (#718, #702, #701));
#5395 = FACE_OUTER_BOUND('', #5394, .T.);
#5396 = FACETED_BREP_SHAPE_REPRESENTATION('', (#5395), #8);
#5397 = POLY_LOOP('', (#719, #713, #714));
#5398 = FACE_OUTER_BOUND('', #5397, .T.);
#5399 = FACETED_BREP_SHAPE_REPRESENTATION('', (#5398), #8);
#5400 = POLY_LOOP('', (#718, #703, #702));
#5401 = FACE_OUTER_BOUND('', #5400, .T.);
#5402 = FACETED_BREP_SHAPE_REPRESENTATION('', (#5401), #8);
#5403 = POLY_LOOP('', (#719, #714, #715));
#5404 = FACE_OUTER_BOUND('', #5403, .T.);
#5405 = FACETED_BREP_SHAPE_REPRESENTATION('', (#5404), #8);
#5406 = POLY_LOOP('', (#718, #704, #703));
#5407 = FACE_OUTER_BOUND('', #5406, .T.);
#5408 = FACETED_BREP_SHAPE_REPRESENTATION('', (#5407), #8);
#5409 = POLY_LOOP('', (#719, #715, #716));
#5410 = FACE_OUTER_BOUND('', #5409, .T.);
#5411 = FACETED_BREP_SHAPE_REPRESENTATION('', (#5410), #8);
#5412 = POLY_LOOP('', (#718, #705, #704));
#5413 = FACE_OUTER_BOUND('', #5412, .T.);
#5414 = FACETED_BREP_SHAPE_REPRESENTATION('', (#5413), #8);
#5415 = POLY_LOOP('', (#719, #716, #717));
#5416 = FACE_OUTER_BOUND('', #5415, .T.);
#5417 = FACETED_BREP_SHAPE_REPRESENTATION('', (#5416), #8);
#5418 = POLY_LOOP('', (#718, #694, #705));
#5419 = FACE_OUTER_BOUND('', #5418, .T.);
#5420 = FACETED_BREP_SHAPE_REPRESENTATION('', (#5419), #8);
#5421 = POLY_LOOP('', (#719, #717, #706));
#5422 = FACE_OUTER_BOUND('', #5421, .T.);
#5423 = FACETED_BREP_SHAPE_REPRESENTATION('', (#5422), #8);
#5424 = POLY_LOOP('', (#720, #724, #725));
#5425 = FACE_OUTER_BOUND('', #5424, .T.);
#5426 = FACETED_BREP_SHAPE_REPRESENTATION('', (#5425), #8);
#5427 = POLY_LOOP('', (#720, #725, #721));
#5428 = FACE_OUTER_BOUND('', #5427, .T.);
#5429 = FACETED_BREP_SHAPE_REPRESENTATION('', (#5428), #8);
#5430 = POLY_LOOP('', (#722, #727, #726));
#5431 = FACE_OUTER_BOUND('', #5430, .T.);
#5432 = FACETED_BREP_SHAPE_REPRESENTATION('', (#5431), #8);
#5433 = POLY_LOOP('', (#722, #723, #727));
#5434 = FACE_OUTER_BOUND('', #5433, .T.);
#5435 = FACETED_BREP_SHAPE_REPRESENTATION('', (#5434), #8);
#5436 = POLY_LOOP('', (#720, #726, #724));
#5437 = FACE_OUTER_BOUND('', #5436, .T.);
#5438 = FACETED_BREP_SHAPE_REPRESENTATION('', (#5437), #8);
#5439 = POLY_LOOP('', (#720, #722, #726));
#5440 = FACE_OUTER_BOUND('', #5439, .T.);
#5441 = FACETED_BREP_SHAPE_REPRESENTATION('', (#5440), #8);
#5442 = POLY_LOOP('', (#721, #725, #727));
#5443 = FACE_OUTER_BOUND('', #5442, .T.);
#5444 = FACETED_BREP_SHAPE_REPRESENTATION('', (#5443), #8);
#5445 = POLY_LOOP('', (#721, #727, #723));
#5446 = FACE_OUTER_BOUND('', #5445, .T.);
#5447 = FACETED_BREP_SHAPE_REPRESENTATION('', (#5446), #8);
#5448 = POLY_LOOP('', (#724, #728, #729));
#5449 = FACE_OUTER_BOUND('', #5448, .T.);
#5450 = FACETED_BREP_SHAPE_REPRESENTATION('', (#5449), #8);
#5451 = POLY_LOOP('', (#724, #729, #725));
#5452 = FACE_OUTER_BOUND('', #5451, .T.);
#5453 = FACETED_BREP_SHAPE_REPRESENTATION('', (#5452), #8);
#5454 = POLY_LOOP('', (#726, #731, #730));
#5455 = FACE_OUTER_BOUND('', #5454, .T.);
#5456 = FACETED_BREP_SHAPE_REPRESENTATION('', (#5455), #8);
#5457 = POLY_LOOP('', (#726, #727, #731));
#5458 = FACE_OUTER_BOUND('', #5457, .T.);
#5459 = FACETED_BREP_SHAPE_REPRESENTATION('', (#5458), #8);
#5460 = POLY_LOOP('', (#724, #730, #728));
#5461 = FACE_OUTER_BOUND('', #5460, .T.);
#5462 = FACETED_BREP_SHAPE_REPRESENTATION('', (#5461), #8);
#5463 = POLY_LOOP('', (#724, #726, #730));
#5464 = FACE_OUTER_BOUND('', #5463, .T.);
#5465 = FACETED_BREP_SHAPE_REPRESENTATION('', (#5464), #8);
#5466 = POLY_LOOP('', (#725, #729, #731));
#5467 = FACE_OUTER_BOUND('', #5466, .T.);
#5468 = FACETED_BREP_SHAPE_REPRESENTATION('', (#5467), #8);
#5469 = POLY_LOOP('', (#725, #731, #727));
#5470 = FACE_OUTER_BOUND('', #5469, .T.);
#5471 = FACETED_BREP_SHAPE_REPRESENTATION('', (#5470), #8);
#5472 = POLY_LOOP('', (#728, #732, #733));
#5473 = FACE_OUTER_BOUND('', #5472, .T.);
#5474 = FACETED_BREP_SHAPE_REPRESENTATION('', (#5473), #8);
#5475 = POLY_LOOP('', (#728, #733, #729));
#5476 = FACE_OUTER_BOUND('', #5475, .T.);
#5477 = FACETED_BREP_SHAPE_REPRESENTATION('', (#5476), #8);
#5478 = POLY_LOOP('', (#730, #735, #734));
#5479 = FACE_OUTER_BOUND('', #5478, .T.);
#5480 = FACETED_BREP_SHAPE_REPRESENTATION('', (#5479), #8);
#5481 = POLY_LOOP('', (#730, #731, #735));
#5482 = FACE_OUTER_BOUND('', #5481, .T.);
#5483 = FACETED_BREP_SHAPE_REPRESENTATION('', (#5482), #8);
#5484 = POLY_LOOP('', (#728, #734, #732));
#5485 = FACE_OUTER_BOUND('', #5484, .T.);
#5486 = FACETED_BREP_SHAPE_REPRESENTATION('', (#5485), #8);
#5487 = POLY_LOOP('', (#728, #730, #734));
#5488 = FACE_OUTER_BOUND('', #5487, .T.);
#5489 = FACETED_BREP_SHAPE_REPRESENTATION('', (#5488), #8);
#5490 = POLY_LOOP('', (#729, #733, #735));
#5491 = FACE_OUTER_BOUND('', #5490, .T.);
#5492 = FACETED_BREP_SHAPE_REPRESENTATION('', (#5491), #8);
#5493 = POLY_LOOP('', (#729, #735, #731));
#5494 = FACE_OUTER_BOUND('', #5493, .T.);
#5495 = FACETED_BREP_SHAPE_REPRESENTATION('', (#5494), #8);
#5496 = POLY_LOOP('', (#732, #736, #737));
#5497 = FACE_OUTER_BOUND('', #5496, .T.);
#5498 = FACETED_BREP_SHAPE_REPRESENTATION('', (#5497), #8);
#5499 = POLY_LOOP('', (#732, #737, #733));
#5500 = FACE_OUTER_BOUND('', #5499, .T.);
#5501 = FACETED_BREP_SHAPE_REPRESENTATION('', (#5500), #8);
#5502 = POLY_LOOP('', (#734, #739, #738));
#5503 = FACE_OUTER_BOUND('', #5502, .T.);
#5504 = FACETED_BREP_SHAPE_REPRESENTATION('', (#5503), #8);
#5505 = POLY_LOOP('', (#734, #735, #739));
#5506 = FACE_OUTER_BOUND('', #5505, .T.);
#5507 = FACETED_BREP_SHAPE_REPRESENTATION('', (#5506), #8);
#5508 = POLY_LOOP('', (#732, #738, #736));
#5509 = FACE_OUTER_BOUND('', #5508, .T.);
#5510 = FACETED_BREP_SHAPE_REPRESENTATION('', (#5509), #8);
#5511 = POLY_LOOP('', (#732, #734, #738));
#5512 = FACE_OUTER_BOUND('', #5511, .T.);
#5513 = FACETED_BREP_SHAPE_REPRESENTATION('', (#5512), #8);
#5514 = POLY_LOOP('', (#733, #737, #739));
#5515 = FACE_OUTER_BOUND('', #5514, .T.);
#5516 = FACETED_BREP_SHAPE_REPRESENTATION('', (#5515), #8);
#5517 = POLY_LOOP('', (#733, #739, #735));
#5518 = FACE_OUTER_BOUND('', #5517, .T.);
#5519 = FACETED_BREP_SHAPE_REPRESENTATION('', (#5518), #8);
#5520 = POLY_LOOP('', (#736, #740, #741));
#5521 = FACE_OUTER_BOUND('', #5520, .T.);
#5522 = FACETED_BREP_SHAPE_REPRESENTATION('', (#5521), #8);
#5523 = POLY_LOOP('', (#736, #741, #737));
#5524 = FACE_OUTER_BOUND('', #5523, .T.);
#5525 = FACETED_BREP_SHAPE_REPRESENTATION('', (#5524), #8);
#5526 = POLY_LOOP('', (#738, #743, #742));
#5527 = FACE_OUTER_BOUND('', #5526, .T.);
#5528 = FACETED_BREP_SHAPE_REPRESENTATION('', (#5527), #8);
#5529 = POLY_LOOP('', (#738, #739, #743));
#5530 = FACE_OUTER_BOUND('', #5529, .T.);
#5531 = FACETED_BREP_SHAPE_REPRESENTATION('', (#5530), #8);
#5532 = POLY_LOOP('', (#736, #742, #740));
#5533 = FACE_OUTER_BOUND('', #5532, .T.);
#5534 = FACETED_BREP_SHAPE_REPRESENTATION('', (#5533), #8);
#5535 = POLY_LOOP('', (#736, #738, #742));
#5536 = FACE_OUTER_BOUND('', #5535, .T.);
#5537 = FACETED_BREP_SHAPE_REPRESENTATION('', (#5536), #8);
#5538 = POLY_LOOP('', (#737, #741, #743));
#5539 = FACE_OUTER_BOUND('', #5538, .T.);
#5540 = FACETED_BREP_SHAPE_REPRESENTATION('', (#5539), #8);
#5541 = POLY_LOOP('', (#737, #743, #739));
#5542 = FACE_OUTER_BOUND('', #5541, .T.);
#5543 = FACETED_BREP_SHAPE_REPRESENTATION('', (#5542), #8);
#5544 = POLY_LOOP('', (#740, #744, #745));
#5545 = FACE_OUTER_BOUND('', #5544, .T.);
#5546 = FACETED_BREP_SHAPE_REPRESENTATION('', (#5545), #8);
#5547 = POLY_LOOP('', (#740, #745, #741));
#5548 = FACE_OUTER_BOUND('', #5547, .T.);
#5549 = FACETED_BREP_SHAPE_REPRESENTATION('', (#5548), #8);
#5550 = POLY_LOOP('', (#742, #747, #746));
#5551 = FACE_OUTER_BOUND('', #5550, .T.);
#5552 = FACETED_BREP_SHAPE_REPRESENTATION('', (#5551), #8);
#5553 = POLY_LOOP('', (#742, #743, #747));
#5554 = FACE_OUTER_BOUND('', #5553, .T.);
#5555 = FACETED_BREP_SHAPE_REPRESENTATION('', (#5554), #8);
#5556 = POLY_LOOP('', (#740, #746, #744));
#5557 = FACE_OUTER_BOUND('', #5556, .T.);
#5558 = FACETED_BREP_SHAPE_REPRESENTATION('', (#5557), #8);
#5559 = POLY_LOOP('', (#740, #742, #746));
#5560 = FACE_OUTER_BOUND('', #5559, .T.);
#5561 = FACETED_BREP_SHAPE_REPRESENTATION('', (#5560), #8);
#5562 = POLY_LOOP('', (#741, #745, #747));
#5563 = FACE_OUTER_BOUND('', #5562, .T.);
#5564 = FACETED_BREP_SHAPE_REPRESENTATION('', (#5563), #8);
#5565 = POLY_LOOP('', (#741, #747, #743));
#5566 = FACE_OUTER_BOUND('', #5565, .T.);
#5567 = FACETED_BREP_SHAPE_REPRESENTATION('', (#5566), #8);
#5568 = POLY_LOOP('', (#744, #748, #749));
#5569 = FACE_OUTER_BOUND('', #5568, .T.);
#5570 = FACETED_BREP_SHAPE_REPRESENTATION('', (#5569), #8);
#5571 = POLY_LOOP('', (#744, #749, #745));
#5572 = FACE_OUTER_BOUND('', #5571, .T.);
#5573 = FACETED_BREP_SHAPE_REPRESENTATION('', (#5572), #8);
#5574 = POLY_LOOP('', (#746, #751, #750));
#5575 = FACE_OUTER_BOUND('', #5574, .T.);
#5576 = FACETED_BREP_SHAPE_REPRESENTATION('', (#5575), #8);
#5577 = POLY_LOOP('', (#746, #747, #751));
#5578 = FACE_OUTER_BOUND('', #5577, .T.);
#5579 = FACETED_BREP_SHAPE_REPRESENTATION('', (#5578), #8);
#5580 = POLY_LOOP('', (#744, #750, #748));
#5581 = FACE_OUTER_BOUND('', #5580, .T.);
#5582 = FACETED_BREP_SHAPE_REPRESENTATION('', (#5581), #8);
#5583 = POLY_LOOP('', (#744, #746, #750));
#5584 = FACE_OUTER_BOUND('', #5583, .T.);
#5585 = FACETED_BREP_SHAPE_REPRESENTATION('', (#5584), #8);
#5586 = POLY_LOOP('', (#745, #749, #751));
#5587 = FACE_OUTER_BOUND('', #5586, .T.);
#5588 = FACETED_BREP_SHAPE_REPRESENTATION('', (#5587), #8);
#5589 = POLY_LOOP('', (#745, #751, #747));
#5590 = FACE_OUTER_BOUND('', #5589, .T.);
#5591 = FACETED_BREP_SHAPE_REPRESENTATION('', (#5590), #8);
#5592 = POLY_LOOP('', (#748, #752, #753));
#5593 = FACE_OUTER_BOUND('', #5592, .T.);
#5594 = FACETED_BREP_SHAPE_REPRESENTATION('', (#5593), #8);
#5595 = POLY_LOOP('', (#748, #753, #749));
#5596 = FACE_OUTER_BOUND('', #5595, .T.);
#5597 = FACETED_BREP_SHAPE_REPRESENTATION('', (#5596), #8);
#5598 = POLY_LOOP('', (#750, #755, #754));
#5599 = FACE_OUTER_BOUND('', #5598, .T.);
#5600 = FACETED_BREP_SHAPE_REPRESENTATION('', (#5599), #8);
#5601 = POLY_LOOP('', (#750, #751, #755));
#5602 = FACE_OUTER_BOUND('', #5601, .T.);
#5603 = FACETED_BREP_SHAPE_REPRESENTATION('', (#5602), #8);
#5604 = POLY_LOOP('', (#748, #754, #752));
#5605 = FACE_OUTER_BOUND('', #5604, .T.);
#5606 = FACETED_BREP_SHAPE_REPRESENTATION('', (#5605), #8);
#5607 = POLY_LOOP('', (#748, #750, #754));
#5608 = FACE_OUTER_BOUND('', #5607, .T.);
#5609 = FACETED_BREP_SHAPE_REPRESENTATION('', (#5608), #8);
#5610 = POLY_LOOP('', (#749, #753, #755));
#5611 = FACE_OUTER_BOUND('', #5610, .T.);
#5612 = FACETED_BREP_SHAPE_REPRESENTATION('', (#5611), #8);
#5613 = POLY_LOOP('', (#749, #755, #751));
#5614 = FACE_OUTER_BOUND('', #5613, .T.);
#5615 = FACETED_BREP_SHAPE_REPRESENTATION('', (#5614), #8);
#5616 = POLY_LOOP('', (#752, #756, #757));
#5617 = FACE_OUTER_BOUND('', #5616, .T.);
#5618 = FACETED_BREP_SHAPE_REPRESENTATION('', (#5617), #8);
#5619 = POLY_LOOP('', (#752, #757, #753));
#5620 = FACE_OUTER_BOUND('', #5619, .T.);
#5621 = FACETED_BREP_SHAPE_REPRESENTATION('', (#5620), #8);
#5622 = POLY_LOOP('', (#754, #759, #758));
#5623 = FACE_OUTER_BOUND('', #5622, .T.);
#5624 = FACETED_BREP_SHAPE_REPRESENTATION('', (#5623), #8);
#5625 = POLY_LOOP('', (#754, #755, #759));
#5626 = FACE_OUTER_BOUND('', #5625, .T.);
#5627 = FACETED_BREP_SHAPE_REPRESENTATION('', (#5626), #8);
#5628 = POLY_LOOP('', (#752, #758, #756));
#5629 = FACE_OUTER_BOUND('', #5628, .T.);
#5630 = FACETED_BREP_SHAPE_REPRESENTATION('', (#5629), #8);
#5631 = POLY_LOOP('', (#752, #754, #758));
#5632 = FACE_OUTER_BOUND('', #5631, .T.);
#5633 = FACETED_BREP_SHAPE_REPRESENTATION('', (#5632), #8);
#5634 = POLY_LOOP('', (#753, #757, #759));
#5635 = FACE_OUTER_BOUND('', #5634, .T.);
#5636 = FACETED_BREP_SHAPE_REPRESENTATION('', (#5635), #8);
#5637 = POLY_LOOP('', (#753, #759, #755));
#5638 = FACE_OUTER_BOUND('', #5637, .T.);
#5639 = FACETED_BREP_SHAPE_REPRESENTATION('', (#5638), #8);
#5640 = POLY_LOOP('', (#756, #760, #761));
#5641 = FACE_OUTER_BOUND('', #5640, .T.);
#5642 = FACETED_BREP_SHAPE_REPRESENTATION('', (#5641), #8);
#5643 = POLY_LOOP('', (#756, #761, #757));
#5644 = FACE_OUTER_BOUND('', #5643, .T.);
#5645 = FACETED_BREP_SHAPE_REPRESENTATION('', (#5644), #8);
#5646 = POLY_LOOP('', (#758, #763, #762));
#5647 = FACE_OUTER_BOUND('', #5646, .T.);
#5648 = FACETED_BREP_SHAPE_REPRESENTATION('', (#5647), #8);
#5649 = POLY_LOOP('', (#758, #759, #763));
#5650 = FACE_OUTER_BOUND('', #5649, .T.);
#5651 = FACETED_BREP_SHAPE_REPRESENTATION('', (#5650), #8);
#5652 = POLY_LOOP('', (#756, #762, #760));
#5653 = FACE_OUTER_BOUND('', #5652, .T.);
#5654 = FACETED_BREP_SHAPE_REPRESENTATION('', (#5653), #8);
#5655 = POLY_LOOP('', (#756, #758, #762));
#5656 = FACE_OUTER_BOUND('', #5655, .T.);
#5657 = FACETED_BREP_SHAPE_REPRESENTATION('', (#5656), #8);
#5658 = POLY_LOOP('', (#757, #761, #763));
#5659 = FACE_OUTER_BOUND('', #5658, .T.);
#5660 = FACETED_BREP_SHAPE_REPRESENTATION('', (#5659), #8);
#5661 = POLY_LOOP('', (#757, #763, #759));
#5662 = FACE_OUTER_BOUND('', #5661, .T.);
#5663 = FACETED_BREP_SHAPE_REPRESENTATION('', (#5662), #8);
#5664 = POLY_LOOP('', (#760, #764, #765));
#5665 = FACE_OUTER_BOUND('', #5664, .T.);
#5666 = FACETED_BREP_SHAPE_REPRESENTATION('', (#5665), #8);
#5667 = POLY_LOOP('', (#760, #765, #761));
#5668 = FACE_OUTER_BOUND('', #5667, .T.);
#5669 = FACETED_BREP_SHAPE_REPRESENTATION('', (#5668), #8);
#5670 = POLY_LOOP('', (#762, #767, #766));
#5671 = FACE_OUTER_BOUND('', #5670, .T.);
#5672 = FACETED_BREP_SHAPE_REPRESENTATION('', (#5671), #8);
#5673 = POLY_LOOP('', (#762, #763, #767));
#5674 = FACE_OUTER_BOUND('', #5673, .T.);
#5675 = FACETED_BREP_SHAPE_REPRESENTATION('', (#5674), #8);
#5676 = POLY_LOOP('', (#760, #766, #764));
#5677 = FACE_OUTER_BOUND('', #5676, .T.);
#5678 = FACETED_BREP_SHAPE_REPRESENTATION('', (#5677), #8);
#5679 = POLY_LOOP('', (#760, #762, #766));
#5680 = FACE_OUTER_BOUND('', #5679, .T.);
#5681 = FACETED_BREP_SHAPE_REPRESENTATION('', (#5680), #8);
#5682 = POLY_LOOP('', (#761, #765, #767));
#5683 = FACE_OUTER_BOUND('', #5682, .T.);
#5684 = FACETED_BREP_SHAPE_REPRESENTATION('', (#5683), #8);
#5685 = POLY_LOOP('', (#761, #767, #763));
#5686 = FACE_OUTER_BOUND('', #5685, .T.);
#5687 = FACETED_BREP_SHAPE_REPRESENTATION('', (#5686), #8);
#5688 = POLY_LOOP('', (#764, #768, #769));
#5689 = FACE_OUTER_BOUND('', #5688, .T.);
#5690 = FACETED_BREP_SHAPE_REPRESENTATION('', (#5689), #8);
#5691 = POLY_LOOP('', (#764, #769, #765));
#5692 = FACE_OUTER_BOUND('', #5691, .T.);
#5693 = FACETED_BREP_SHAPE_REPRESENTATION('', (#5692), #8);
#5694 = POLY_LOOP('', (#766, #771, #770));
#5695 = FACE_OUTER_BOUND('', #5694, .T.);
#5696 = FACETED_BREP_SHAPE_REPRESENTATION('', (#5695), #8);
#5697 = POLY_LOOP('', (#766, #767, #771));
#5698 = FACE_OUTER_BOUND('', #5697, .T.);
#5699 = FACETED_BREP_SHAPE_REPRESENTATION('', (#5698), #8);
#5700 = POLY_LOOP('', (#764, #770, #768));
#5701 = FACE_OUTER_BOUND('', #5700, .T.);
#5702 = FACETED_BREP_SHAPE_REPRESENTATION('', (#5701), #8);
#5703 = POLY_LOOP('', (#764, #766, #770));
#5704 = FACE_OUTER_BOUND('', #5703, .T.);
#5705 = FACETED_BREP_SHAPE_REPRESENTATION('', (#5704), #8);
#5706 = POLY_LOOP('', (#765, #769, #771));
#5707 = FACE_OUTER_BOUND('', #5706, .T.);
#5708 = FACETED_BREP_SHAPE_REPRESENTATION('', (#5707), #8);
#5709 = POLY_LOOP('', (#765, #771, #767));
#5710 = FACE_OUTER_BOUND('', #5709, .T.);
#5711 = FACETED_BREP_SHAPE_REPRESENTATION('', (#5710), #8);
#5712 = POLY_LOOP('', (#768, #772, #773));
#5713 = FACE_OUTER_BOUND('', #5712, .T.);
#5714 = FACETED_BREP_SHAPE_REPRESENTATION('', (#5713), #8);
#5715 = POLY_LOOP('', (#768, #773, #769));
#5716 = FACE_OUTER_BOUND('', #5715, .T.);
#5717 = FACETED_BREP_SHAPE_REPRESENTATION('', (#5716), #8);
#5718 = POLY_LOOP('', (#770, #775, #774));
#5719 = FACE_OUTER_BOUND('', #5718, .T.);
#5720 = FACETED_BREP_SHAPE_REPRESENTATION('', (#5719), #8);
#5721 = POLY_LOOP('', (#770, #771, #775));
#5722 = FACE_OUTER_BOUND('', #5721, .T.);
#5723 = FACETED_BREP_SHAPE_REPRESENTATION('', (#5722), #8);
#5724 = POLY_LOOP('', (#768, #774, #772));
#5725 = FACE_OUTER_BOUND('', #5724, .T.);
#5726 = FACETED_BREP_SHAPE_REPRESENTATION('', (#5725), #8);
#5727 = POLY_LOOP('', (#768, #770, #774));
#5728 = FACE_OUTER_BOUND('', #5727, .T.);
#5729 = FACETED_BREP_SHAPE_REPRESENTATION('', (#5728), #8);
#5730 = POLY_LOOP('', (#769, #773, #775));
#5731 = FACE_OUTER_BOUND('', #5730, .T.);
#5732 = FACETED_BREP_SHAPE_REPRESENTATION('', (#5731), #8);
#5733 = POLY_LOOP('', (#769, #775, #771));
#5734 = FACE_OUTER_BOUND('', #5733, .T.);
#5735 = FACETED_BREP_SHAPE_REPRESENTATION('', (#5734), #8);
#5736 = POLY_LOOP('', (#772, #776, #777));
#5737 = FACE_OUTER_BOUND('', #5736, .T.);
#5738 = FACETED_BREP_SHAPE_REPRESENTATION('', (#5737), #8);
#5739 = POLY_LOOP('', (#772, #777, #773));
#5740 = FACE_OUTER_BOUND('', #5739, .T.);
#5741 = FACETED_BREP_SHAPE_REPRESENTATION('', (#5740), #8);
#5742 = POLY_LOOP('', (#774, #779, #778));
#5743 = FACE_OUTER_BOUND('', #5742, .T.);
#5744 = FACETED_BREP_SHAPE_REPRESENTATION('', (#5743), #8);
#5745 = POLY_LOOP('', (#774, #775, #779));
#5746 = FACE_OUTER_BOUND('', #5745, .T.);
#5747 = FACETED_BREP_SHAPE_REPRESENTATION('', (#5746), #8);
#5748 = POLY_LOOP('', (#772, #778, #776));
#5749 = FACE_OUTER_BOUND('', #5748, .T.);
#5750 = FACETED_BREP_SHAPE_REPRESENTATION('', (#5749), #8);
#5751 = POLY_LOOP('', (#772, #774, #778));
#5752 = FACE_OUTER_BOUND('', #5751, .T.);
#5753 = FACETED_BREP_SHAPE_REPRESENTATION('', (#5752), #8);
#5754 = POLY_LOOP('', (#773, #777, #779));
#5755 = FACE_OUTER_BOUND('', #5754, .T.);
#5756 = FACETED_BREP_SHAPE_REPRESENTATION('', (#5755), #8);
#5757 = POLY_LOOP('', (#773, #779, #775));
#5758 = FACE_OUTER_BOUND('', #5757, .T.);
#5759 = FACETED_BREP_SHAPE_REPRESENTATION('', (#5758), #8);
#5760 = POLY_LOOP('', (#780, #784, #785));
#5761 = FACE_OUTER_BOUND('', #5760, .T.);
#5762 = FACETED_BREP_SHAPE_REPRESENTATION('', (#5761), #8);
#5763 = POLY_LOOP('', (#780, #785, #781));
#5764 = FACE_OUTER_BOUND('', #5763, .T.);
#5765 = FACETED_BREP_SHAPE_REPRESENTATION('', (#5764), #8);
#5766 = POLY_LOOP('', (#782, #787, #786));
#5767 = FACE_OUTER_BOUND('', #5766, .T.);
#5768 = FACETED_BREP_SHAPE_REPRESENTATION('', (#5767), #8);
#5769 = POLY_LOOP('', (#782, #783, #787));
#5770 = FACE_OUTER_BOUND('', #5769, .T.);
#5771 = FACETED_BREP_SHAPE_REPRESENTATION('', (#5770), #8);
#5772 = POLY_LOOP('', (#780, #786, #784));
#5773 = FACE_OUTER_BOUND('', #5772, .T.);
#5774 = FACETED_BREP_SHAPE_REPRESENTATION('', (#5773), #8);
#5775 = POLY_LOOP('', (#780, #782, #786));
#5776 = FACE_OUTER_BOUND('', #5775, .T.);
#5777 = FACETED_BREP_SHAPE_REPRESENTATION('', (#5776), #8);
#5778 = POLY_LOOP('', (#781, #785, #787));
#5779 = FACE_OUTER_BOUND('', #5778, .T.);
#5780 = FACETED_BREP_SHAPE_REPRESENTATION('', (#5779), #8);
#5781 = POLY_LOOP('', (#781, #787, #783));
#5782 = FACE_OUTER_BOUND('', #5781, .T.);
#5783 = FACETED_BREP_SHAPE_REPRESENTATION('', (#5782), #8);
#5784 = POLY_LOOP('', (#784, #788, #789));
#5785 = FACE_OUTER_BOUND('', #5784, .T.);
#5786 = FACETED_BREP_SHAPE_REPRESENTATION('', (#5785), #8);
#5787 = POLY_LOOP('', (#784, #789, #785));
#5788 = FACE_OUTER_BOUND('', #5787, .T.);
#5789 = FACETED_BREP_SHAPE_REPRESENTATION('', (#5788), #8);
#5790 = POLY_LOOP('', (#786, #791, #790));
#5791 = FACE_OUTER_BOUND('', #5790, .T.);
#5792 = FACETED_BREP_SHAPE_REPRESENTATION('', (#5791), #8);
#5793 = POLY_LOOP('', (#786, #787, #791));
#5794 = FACE_OUTER_BOUND('', #5793, .T.);
#5795 = FACETED_BREP_SHAPE_REPRESENTATION('', (#5794), #8);
#5796 = POLY_LOOP('', (#784, #790, #788));
#5797 = FACE_OUTER_BOUND('', #5796, .T.);
#5798 = FACETED_BREP_SHAPE_REPRESENTATION('', (#5797), #8);
#5799 = POLY_LOOP('', (#784, #786, #790));
#5800 = FACE_OUTER_BOUND('', #5799, .T.);
#5801 = FACETED_BREP_SHAPE_REPRESENTATION('', (#5800), #8);
#5802 = POLY_LOOP('', (#785, #789, #791));
#5803 = FACE_OUTER_BOUND('', #5802, .T.);
#5804 = FACETED_BREP_SHAPE_REPRESENTATION('', (#5803), #8);
#5805 = POLY_LOOP('', (#785, #791, #787));
#5806 = FACE_OUTER_BOUND('', #5805, .T.);
#5807 = FACETED_BREP_SHAPE_REPRESENTATION('', (#5806), #8);
#5808 = POLY_LOOP('', (#788, #792, #793));
#5809 = FACE_OUTER_BOUND('', #5808, .T.);
#5810 = FACETED_BREP_SHAPE_REPRESENTATION('', (#5809), #8);
#5811 = POLY_LOOP('', (#788, #793, #789));
#5812 = FACE_OUTER_BOUND('', #5811, .T.);
#5813 = FACETED_BREP_SHAPE_REPRESENTATION('', (#5812), #8);
#5814 = POLY_LOOP('', (#790, #795, #794));
#5815 = FACE_OUTER_BOUND('', #5814, .T.);
#5816 = FACETED_BREP_SHAPE_REPRESENTATION('', (#5815), #8);
#5817 = POLY_LOOP('', (#790, #791, #795));
#5818 = FACE_OUTER_BOUND('', #5817, .T.);
#5819 = FACETED_BREP_SHAPE_REPRESENTATION('', (#5818), #8);
#5820 = POLY_LOOP('', (#788, #794, #792));
#5821 = FACE_OUTER_BOUND('', #5820, .T.);
#5822 = FACETED_BREP_SHAPE_REPRESENTATION('', (#5821), #8);
#5823 = POLY_LOOP('', (#788, #790, #794));
#5824 = FACE_OUTER_BOUND('', #5823, .T.);
#5825 = FACETED_BREP_SHAPE_REPRESENTATION('', (#5824), #8);
#5826 = POLY_LOOP('', (#789, #793, #795));
#5827 = FACE_OUTER_BOUND('', #5826, .T.);
#5828 = FACETED_BREP_SHAPE_REPRESENTATION('', (#5827), #8);
#5829 = POLY_LOOP('', (#789, #795, #791));
#5830 = FACE_OUTER_BOUND('', #5829, .T.);
#5831 = FACETED_BREP_SHAPE_REPRESENTATION('', (#5830), #8);
#5832 = POLY_LOOP('', (#792, #796, #797));
#5833 = FACE_OUTER_BOUND('', #5832, .T.);
#5834 = FACETED_BREP_SHAPE_REPRESENTATION('', (#5833), #8);
#5835 = POLY_LOOP('', (#792, #797, #793));
#5836 = FACE_OUTER_BOUND('', #5835, .T.);
#5837 = FACETED_BREP_SHAPE_REPRESENTATION('', (#5836), #8);
#5838 = POLY_LOOP('', (#794, #799, #798));
#5839 = FACE_OUTER_BOUND('', #5838, .T.);
#5840 = FACETED_BREP_SHAPE_REPRESENTATION('', (#5839), #8);
#5841 = POLY_LOOP('', (#794, #795, #799));
#5842 = FACE_OUTER_BOUND('', #5841, .T.);
#5843 = FACETED_BREP_SHAPE_REPRESENTATION('', (#5842), #8);
#5844 = POLY_LOOP('', (#792, #798, #796));
#5845 = FACE_OUTER_BOUND('', #5844, .T.);
#5846 = FACETED_BREP_SHAPE_REPRESENTATION('', (#5845), #8);
#5847 = POLY_LOOP('', (#792, #794, #798));
#5848 = FACE_OUTER_BOUND('', #5847, .T.);
#5849 = FACETED_BREP_SHAPE_REPRESENTATION('', (#5848), #8);
#5850 = POLY_LOOP('', (#793, #797, #799));
#5851 = FACE_OUTER_BOUND('', #5850, .T.);
#5852 = FACETED_BREP_SHAPE_REPRESENTATION('', (#5851), #8);
#5853 = POLY_LOOP('', (#793, #799, #795));
#5854 = FACE_OUTER_BOUND('', #5853, .T.);
#5855 = FACETED_BREP_SHAPE_REPRESENTATION('', (#5854), #8);
#5856 = POLY_LOOP('', (#796, #800, #801));
#5857 = FACE_OUTER_BOUND('', #5856, .T.);
#5858 = FACETED_BREP_SHAPE_REPRESENTATION('', (#5857), #8);
#5859 = POLY_LOOP('', (#796, #801, #797));
#5860 = FACE_OUTER_BOUND('', #5859, .T.);
#5861 = FACETED_BREP_SHAPE_REPRESENTATION('', (#5860), #8);
#5862 = POLY_LOOP('', (#798, #803, #802));
#5863 = FACE_OUTER_BOUND('', #5862, .T.);
#5864 = FACETED_BREP_SHAPE_REPRESENTATION('', (#5863), #8);
#5865 = POLY_LOOP('', (#798, #799, #803));
#5866 = FACE_OUTER_BOUND('', #5865, .T.);
#5867 = FACETED_BREP_SHAPE_REPRESENTATION('', (#5866), #8);
#5868 = POLY_LOOP('', (#796, #802, #800));
#5869 = FACE_OUTER_BOUND('', #5868, .T.);
#5870 = FACETED_BREP_SHAPE_REPRESENTATION('', (#5869), #8);
#5871 = POLY_LOOP('', (#796, #798, #802));
#5872 = FACE_OUTER_BOUND('', #5871, .T.);
#5873 = FACETED_BREP_SHAPE_REPRESENTATION('', (#5872), #8);
#5874 = POLY_LOOP('', (#797, #801, #803));
#5875 = FACE_OUTER_BOUND('', #5874, .T.);
#5876 = FACETED_BREP_SHAPE_REPRESENTATION('', (#5875), #8);
#5877 = POLY_LOOP('', (#797, #803, #799));
#5878 = FACE_OUTER_BOUND('', #5877, .T.);
#5879 = FACETED_BREP_SHAPE_REPRESENTATION('', (#5878), #8);
#5880 = POLY_LOOP('', (#800, #804, #805));
#5881 = FACE_OUTER_BOUND('', #5880, .T.);
#5882 = FACETED_BREP_SHAPE_REPRESENTATION('', (#5881), #8);
#5883 = POLY_LOOP('', (#800, #805, #801));
#5884 = FACE_OUTER_BOUND('', #5883, .T.);
#5885 = FACETED_BREP_SHAPE_REPRESENTATION('', (#5884), #8);
#5886 = POLY_LOOP('', (#802, #807, #806));
#5887 = FACE_OUTER_BOUND('', #5886, .T.);
#5888 = FACETED_BREP_SHAPE_REPRESENTATION('', (#5887), #8);
#5889 = POLY_LOOP('', (#802, #803, #807));
#5890 = FACE_OUTER_BOUND('', #5889, .T.);
#5891 = FACETED_BREP_SHAPE_REPRESENTATION('', (#5890), #8);
#5892 = POLY_LOOP('', (#800, #806, #804));
#5893 = FACE_OUTER_BOUND('', #5892, .T.);
#5894 = FACETED_BREP_SHAPE_REPRESENTATION('', (#5893), #8);
#5895 = POLY_LOOP('', (#800, #802, #806));
#5896 = FACE_OUTER_BOUND('', #5895, .T.);
#5897 = FACETED_BREP_SHAPE_REPRESENTATION('', (#5896), #8);
#5898 = POLY_LOOP('', (#801, #805, #807));
#5899 = FACE_OUTER_BOUND('', #5898, .T.);
#5900 = FACETED_BREP_SHAPE_REPRESENTATION('', (#5899), #8);
#5901 = POLY_LOOP('', (#801, #807, #803));
#5902 = FACE_OUTER_BOUND('', #5901, .T.);
#5903 = FACETED_BREP_SHAPE_REPRESENTATION('', (#5902), #8);
#5904 = POLY_LOOP('', (#804, #808, #809));
#5905 = FACE_OUTER_BOUND('', #5904, .T.);
#5906 = FACETED_BREP_SHAPE_REPRESENTATION('', (#5905), #8);
#5907 = POLY_LOOP('', (#804, #809, #805));
#5908 = FACE_OUTER_BOUND('', #5907, .T.);
#5909 = FACETED_BREP_SHAPE_REPRESENTATION('', (#5908), #8);
#5910 = POLY_LOOP('', (#806, #811, #810));
#5911 = FACE_OUTER_BOUND('', #5910, .T.);
#5912 = FACETED_BREP_SHAPE_REPRESENTATION('', (#5911), #8);
#5913 = POLY_LOOP('', (#806, #807, #811));
#5914 = FACE_OUTER_BOUND('', #5913, .T.);
#5915 = FACETED_BREP_SHAPE_REPRESENTATION('', (#5914), #8);
#5916 = POLY_LOOP('', (#804, #810, #808));
#5917 = FACE_OUTER_BOUND('', #5916, .T.);
#5918 = FACETED_BREP_SHAPE_REPRESENTATION('', (#5917), #8);
#5919 = POLY_LOOP('', (#804, #806, #810));
#5920 = FACE_OUTER_BOUND('', #5919, .T.);
#5921 = FACETED_BREP_SHAPE_REPRESENTATION('', (#5920), #8);
#5922 = POLY_LOOP('', (#805, #809, #811));
#5923 = FACE_OUTER_BOUND('', #5922, .T.);
#5924 = FACETED_BREP_SHAPE_REPRESENTATION('', (#5923), #8);
#5925 = POLY_LOOP('', (#805, #811, #807));
#5926 = FACE_OUTER_BOUND('', #5925, .T.);
#5927 = FACETED_BREP_SHAPE_REPRESENTATION('', (#5926), #8);
#5928 = POLY_LOOP('', (#808, #812, #813));
#5929 = FACE_OUTER_BOUND('', #5928, .T.);
#5930 = FACETED_BREP_SHAPE_REPRESENTATION('', (#5929), #8);
#5931 = POLY_LOOP('', (#808, #813, #809));
#5932 = FACE_OUTER_BOUND('', #5931, .T.);
#5933 = FACETED_BREP_SHAPE_REPRESENTATION('', (#5932), #8);
#5934 = POLY_LOOP('', (#810, #815, #814));
#5935 = FACE_OUTER_BOUND('', #5934, .T.);
#5936 = FACETED_BREP_SHAPE_REPRESENTATION('', (#5935), #8);
#5937 = POLY_LOOP('', (#810, #811, #815));
#5938 = FACE_OUTER_BOUND('', #5937, .T.);
#5939 = FACETED_BREP_SHAPE_REPRESENTATION('', (#5938), #8);
#5940 = POLY_LOOP('', (#808, #814, #812));
#5941 = FACE_OUTER_BOUND('', #5940, .T.);
#5942 = FACETED_BREP_SHAPE_REPRESENTATION('', (#5941), #8);
#5943 = POLY_LOOP('', (#808, #810, #814));
#5944 = FACE_OUTER_BOUND('', #5943, .T.);
#5945 = FACETED_BREP_SHAPE_REPRESENTATION('', (#5944), #8);
#5946 = POLY_LOOP('', (#809, #813, #815));
#5947 = FACE_OUTER_BOUND('', #5946, .T.);
#5948 = FACETED_BREP_SHAPE_REPRESENTATION('', (#5947), #8);
#5949 = POLY_LOOP('', (#809, #815, #811));
#5950 = FACE_OUTER_BOUND('', #5949, .T.);
#5951 = FACETED_BREP_SHAPE_REPRESENTATION('', (#5950), #8);
#5952 = POLY_LOOP('', (#812, #816, #817));
#5953 = FACE_OUTER_BOUND('', #5952, .T.);
#5954 = FACETED_BREP_SHAPE_REPRESENTATION('', (#5953), #8);
#5955 = POLY_LOOP('', (#812, #817, #813));
#5956 = FACE_OUTER_BOUND('', #5955, .T.);
#5957 = FACETED_BREP_SHAPE_REPRESENTATION('', (#5956), #8);
#5958 = POLY_LOOP('', (#814, #819, #818));
#5959 = FACE_OUTER_BOUND('', #5958, .T.);
#5960 = FACETED_BREP_SHAPE_REPRESENTATION('', (#5959), #8);
#5961 = POLY_LOOP('', (#814, #815, #819));
#5962 = FACE_OUTER_BOUND('', #5961, .T.);
#5963 = FACETED_BREP_SHAPE_REPRESENTATION('', (#5962), #8);
#5964 = POLY_LOOP('', (#812, #818, #816));
#5965 = FACE_OUTER_BOUND('', #5964, .T.);
#5966 = FACETED_BREP_SHAPE_REPRESENTATION('', (#5965), #8);
#5967 = POLY_LOOP('', (#812, #814, #818));
#5968 = FACE_OUTER_BOUND('', #5967, .T.);
#5969 = FACETED_BREP_SHAPE_REPRESENTATION('', (#5968), #8);
#5970 = POLY_LOOP('', (#813, #817, #819));
#5971 = FACE_OUTER_BOUND('', #5970, .T.);
#5972 = FACETED_BREP_SHAPE_REPRESENTATION('', (#5971), #8);
#5973 = POLY_LOOP('', (#813, #819, #815));
#5974 = FACE_OUTER_BOUND('', #5973, .T.);
#5975 = FACETED_BREP_SHAPE_REPRESENTATION('', (#5974), #8);
#5976 = POLY_LOOP('', (#816, #820, #821));
#5977 = FACE_OUTER_BOUND('', #5976, .T.);
#5978 = FACETED_BREP_SHAPE_REPRESENTATION('', (#5977), #8);
#5979 = POLY_LOOP('', (#816, #821, #817));
#5980 = FACE_OUTER_BOUND('', #5979, .T.);
#5981 = FACETED_BREP_SHAPE_REPRESENTATION('', (#5980), #8);
#5982 = POLY_LOOP('', (#818, #823, #822));
#5983 = FACE_OUTER_BOUND('', #5982, .T.);
#5984 = FACETED_BREP_SHAPE_REPRESENTATION('', (#5983), #8);
#5985 = POLY_LOOP('', (#818, #819, #823));
#5986 = FACE_OUTER_BOUND('', #5985, .T.);
#5987 = FACETED_BREP_SHAPE_REPRESENTATION('', (#5986), #8);
#5988 = POLY_LOOP('', (#816, #822, #820));
#5989 = FACE_OUTER_BOUND('', #5988, .T.);
#5990 = FACETED_BREP_SHAPE_REPRESENTATION('', (#5989), #8);
#5991 = POLY_LOOP('', (#816, #818, #822));
#5992 = FACE_OUTER_BOUND('', #5991, .T.);
#5993 = FACETED_BREP_SHAPE_REPRESENTATION('', (#5992), #8);
#5994 = POLY_LOOP('', (#817, #821, #823));
#5995 = FACE_OUTER_BOUND('', #5994, .T.);
#5996 = FACETED_BREP_SHAPE_REPRESENTATION('', (#5995), #8);
#5997 = POLY_LOOP('', (#817, #823, #819));
#5998 = FACE_OUTER_BOUND('', #5997, .T.);
#5999 = FACETED_BREP_SHAPE_REPRESENTATION('', (#5998), #8);
#6000 = POLY_LOOP('', (#820, #824, #825));
#6001 = FACE_OUTER_BOUND('', #6000, .T.);
#6002 = FACETED_BREP_SHAPE_REPRESENTATION('', (#6001), #8);
#6003 = POLY_LOOP('', (#820, #825, #821));
#6004 = FACE_OUTER_BOUND('', #6003, .T.);
#6005 = FACETED_BREP_SHAPE_REPRESENTATION('', (#6004), #8);
#6006 = POLY_LOOP('', (#822, #827, #826));
#6007 = FACE_OUTER_BOUND('', #6006, .T.);
#6008 = FACETED_BREP_SHAPE_REPRESENTATION('', (#6007), #8);
#6009 = POLY_LOOP('', (#822, #823, #827));
#6010 = FACE_OUTER_BOUND('', #6009, .T.);
#6011 = FACETED_BREP_SHAPE_REPRESENTATION('', (#6010), #8);
#6012 = POLY_LOOP('', (#820, #826, #824));
#6013 = FACE_OUTER_BOUND('', #6012, .T.);
#6014 = FACETED_BREP_SHAPE_REPRESENTATION('', (#6013), #8);
#6015 = POLY_LOOP('', (#820, #822, #826));
#6016 = FACE_OUTER_BOUND('', #6015, .T.);
#6017 = FACETED_BREP_SHAPE_REPRESENTATION('', (#6016), #8);
#6018 = POLY_LOOP('', (#821, #825, #827));
#6019 = FACE_OUTER_BOUND('', #6018, .T.);
#6020 = FACETED_BREP_SHAPE_REPRESENTATION('', (#6019), #8);
#6021 = POLY_LOOP('', (#821, #827, #823));
#6022 = FACE_OUTER_BOUND('', #6021, .T.);
#6023 = FACETED_BREP_SHAPE_REPRESENTATION('', (#6022), #8);
#6024 = POLY_LOOP('', (#824, #828, #829));
#6025 = FACE_OUTER_BOUND('', #6024, .T.);
#6026 = FACETED_BREP_SHAPE_REPRESENTATION('', (#6025), #8);
#6027 = POLY_LOOP('', (#824, #829, #825));
#6028 = FACE_OUTER_BOUND('', #6027, .T.);
#6029 = FACETED_BREP_SHAPE_REPRESENTATION('', (#6028), #8);
#6030 = POLY_LOOP('', (#826, #831, #830));
#6031 = FACE_OUTER_BOUND('', #6030, .T.);
#6032 = FACETED_BREP_SHAPE_REPRESENTATION('', (#6031), #8);
#6033 = POLY_LOOP('', (#826, #827, #831));
#6034 = FACE_OUTER_BOUND('', #6033, .T.);
#6035 = FACETED_BREP_SHAPE_REPRESENTATION('', (#6034), #8);
#6036 = POLY_LOOP('', (#824, #830, #828));
#6037 = FACE_OUTER_BOUND('', #6036, .T.);
#6038 = FACETED_BREP_SHAPE_REPRESENTATION('', (#6037), #8);
#6039 = POLY_LOOP('', (#824, #826, #830));
#6040 = FACE_OUTER_BOUND('', #6039, .T.);
#6041 = FACETED_BREP_SHAPE_REPRESENTATION('', (#6040), #8);
#6042 = POLY_LOOP('', (#825, #829, #831));
#6043 = FACE_OUTER_BOUND('', #6042, .T.);
#6044 = FACETED_BREP_SHAPE_REPRESENTATION('', (#6043), #8);
#6045 = POLY_LOOP('', (#825, #831, #827));
#6046 = FACE_OUTER_BOUND('', #6045, .T.);
#6047 = FACETED_BREP_SHAPE_REPRESENTATION('', (#6046), #8);
#6048 = POLY_LOOP('', (#828, #832, #833));
#6049 = FACE_OUTER_BOUND('', #6048, .T.);
#6050 = FACETED_BREP_SHAPE_REPRESENTATION('', (#6049), #8);
#6051 = POLY_LOOP('', (#828, #833, #829));
#6052 = FACE_OUTER_BOUND('', #6051, .T.);
#6053 = FACETED_BREP_SHAPE_REPRESENTATION('', (#6052), #8);
#6054 = POLY_LOOP('', (#830, #835, #834));
#6055 = FACE_OUTER_BOUND('', #6054, .T.);
#6056 = FACETED_BREP_SHAPE_REPRESENTATION('', (#6055), #8);
#6057 = POLY_LOOP('', (#830, #831, #835));
#6058 = FACE_OUTER_BOUND('', #6057, .T.);
#6059 = FACETED_BREP_SHAPE_REPRESENTATION('', (#6058), #8);
#6060 = POLY_LOOP('', (#828, #834, #832));
#6061 = FACE_OUTER_BOUND('', #6060, .T.);
#6062 = FACETED_BREP_SHAPE_REPRESENTATION('', (#6061), #8);
#6063 = POLY_LOOP('', (#828, #830, #834));
#6064 = FACE_OUTER_BOUND('', #6063, .T.);
#6065 = FACETED_BREP_SHAPE_REPRESENTATION('', (#6064), #8);
#6066 = POLY_LOOP('', (#829, #833, #835));
#6067 = FACE_OUTER_BOUND('', #6066, .T.);
#6068 = FACETED_BREP_SHAPE_REPRESENTATION('', (#6067), #8);
#6069 = POLY_LOOP('', (#829, #835, #831));
#6070 = FACE_OUTER_BOUND('', #6069, .T.);
#6071 = FACETED_BREP_SHAPE_REPRESENTATION('', (#6070), #8);
#6072 = POLY_LOOP('', (#832, #836, #837));
#6073 = FACE_OUTER_BOUND('', #6072, .T.);
#6074 = FACETED_BREP_SHAPE_REPRESENTATION('', (#6073), #8);
#6075 = POLY_LOOP('', (#832, #837, #833));
#6076 = FACE_OUTER_BOUND('', #6075, .T.);
#6077 = FACETED_BREP_SHAPE_REPRESENTATION('', (#6076), #8);
#6078 = POLY_LOOP('', (#834, #839, #838));
#6079 = FACE_OUTER_BOUND('', #6078, .T.);
#6080 = FACETED_BREP_SHAPE_REPRESENTATION('', (#6079), #8);
#6081 = POLY_LOOP('', (#834, #835, #839));
#6082 = FACE_OUTER_BOUND('', #6081, .T.);
#6083 = FACETED_BREP_SHAPE_REPRESENTATION('', (#6082), #8);
#6084 = POLY_LOOP('', (#832, #838, #836));
#6085 = FACE_OUTER_BOUND('', #6084, .T.);
#6086 = FACETED_BREP_SHAPE_REPRESENTATION('', (#6085), #8);
#6087 = POLY_LOOP('', (#832, #834, #838));
#6088 = FACE_OUTER_BOUND('', #6087, .T.);
#6089 = FACETED_BREP_SHAPE_REPRESENTATION('', (#6088), #8);
#6090 = POLY_LOOP('', (#833, #837, #839));
#6091 = FACE_OUTER_BOUND('', #6090, .T.);
#6092 = FACETED_BREP_SHAPE_REPRESENTATION('', (#6091), #8);
#6093 = POLY_LOOP('', (#833, #839, #835));
#6094 = FACE_OUTER_BOUND('', #6093, .T.);
#6095 = FACETED_BREP_SHAPE_REPRESENTATION('', (#6094), #8);
#6096 = POLY_LOOP('', (#840, #844, #845));
#6097 = FACE_OUTER_BOUND('', #6096, .T.);
#6098 = FACETED_BREP_SHAPE_REPRESENTATION('', (#6097), #8);
#6099 = POLY_LOOP('', (#840, #845, #841));
#6100 = FACE_OUTER_BOUND('', #6099, .T.);
#6101 = FACETED_BREP_SHAPE_REPRESENTATION('', (#6100), #8);
#6102 = POLY_LOOP('', (#842, #847, #846));
#6103 = FACE_OUTER_BOUND('', #6102, .T.);
#6104 = FACETED_BREP_SHAPE_REPRESENTATION('', (#6103), #8);
#6105 = POLY_LOOP('', (#842, #843, #847));
#6106 = FACE_OUTER_BOUND('', #6105, .T.);
#6107 = FACETED_BREP_SHAPE_REPRESENTATION('', (#6106), #8);
#6108 = POLY_LOOP('', (#840, #846, #844));
#6109 = FACE_OUTER_BOUND('', #6108, .T.);
#6110 = FACETED_BREP_SHAPE_REPRESENTATION('', (#6109), #8);
#6111 = POLY_LOOP('', (#840, #842, #846));
#6112 = FACE_OUTER_BOUND('', #6111, .T.);
#6113 = FACETED_BREP_SHAPE_REPRESENTATION('', (#6112), #8);
#6114 = POLY_LOOP('', (#841, #845, #847));
#6115 = FACE_OUTER_BOUND('', #6114, .T.);
#6116 = FACETED_BREP_SHAPE_REPRESENTATION('', (#6115), #8);
#6117 = POLY_LOOP('', (#841, #847, #843));
#6118 = FACE_OUTER_BOUND('', #6117, .T.);
#6119 = FACETED_BREP_SHAPE_REPRESENTATION('', (#6118), #8);
#6120 = POLY_LOOP('', (#844, #848, #849));
#6121 = FACE_OUTER_BOUND('', #6120, .T.);
#6122 = FACETED_BREP_SHAPE_REPRESENTATION('', (#6121), #8);
#6123 = POLY_LOOP('', (#844, #849, #845));
#6124 = FACE_OUTER_BOUND('', #6123, .T.);
#6125 = FACETED_BREP_SHAPE_REPRESENTATION('', (#6124), #8);
#6126 = POLY_LOOP('', (#846, #851, #850));
#6127 = FACE_OUTER_BOUND('', #6126, .T.);
#6128 = FACETED_BREP_SHAPE_REPRESENTATION('', (#6127), #8);
#6129 = POLY_LOOP('', (#846, #847, #851));
#6130 = FACE_OUTER_BOUND('', #6129, .T.);
#6131 = FACETED_BREP_SHAPE_REPRESENTATION('', (#6130), #8);
#6132 = POLY_LOOP('', (#844, #850, #848));
#6133 = FACE_OUTER_BOUND('', #6132, .T.);
#6134 = FACETED_BREP_SHAPE_REPRESENTATION('', (#6133), #8);
#6135 = POLY_LOOP('', (#844, #846, #850));
#6136 = FACE_OUTER_BOUND('', #6135, .T.);
#6137 = FACETED_BREP_SHAPE_REPRESENTATION('', (#6136), #8);
#6138 = POLY_LOOP('', (#845, #849, #851));
#6139 = FACE_OUTER_BOUND('', #6138, .T.);
#6140 = FACETED_BREP_SHAPE_REPRESENTATION('', (#6139), #8);
#6141 = POLY_LOOP('', (#845, #851, #847));
#6142 = FACE_OUTER_BOUND('', #6141, .T.);
#6143 = FACETED_BREP_SHAPE_REPRESENTATION('', (#6142), #8);
#6144 = POLY_LOOP('', (#848, #852, #853));
#6145 = FACE_OUTER_BOUND('', #6144, .T.);
#6146 = FACETED_BREP_SHAPE_REPRESENTATION('', (#6145), #8);
#6147 = POLY_LOOP('', (#848, #853, #849));
#6148 = FACE_OUTER_BOUND('', #6147, .T.);
#6149 = FACETED_BREP_SHAPE_REPRESENTATION('', (#6148), #8);
#6150 = POLY_LOOP('', (#850, #855, #854));
#6151 = FACE_OUTER_BOUND('', #6150, .T.);
#6152 = FACETED_BREP_SHAPE_REPRESENTATION('', (#6151), #8);
#6153 = POLY_LOOP('', (#850, #851, #855));
#6154 = FACE_OUTER_BOUND('', #6153, .T.);
#6155 = FACETED_BREP_SHAPE_REPRESENTATION('', (#6154), #8);
#6156 = POLY_LOOP('', (#848, #854, #852));
#6157 = FACE_OUTER_BOUND('', #6156, .T.);
#6158 = FACETED_BREP_SHAPE_REPRESENTATION('', (#6157), #8);
#6159 = POLY_LOOP('', (#848, #850, #854));
#6160 = FACE_OUTER_BOUND('', #6159, .T.);
#6161 = FACETED_BREP_SHAPE_REPRESENTATION('', (#6160), #8);
#6162 = POLY_LOOP('', (#849, #853, #855));
#6163 = FACE_OUTER_BOUND('', #6162, .T.);
#6164 = FACETED_BREP_SHAPE_REPRESENTATION('', (#6163), #8);
#6165 = POLY_LOOP('', (#849, #855, #851));
#6166 = FACE_OUTER_BOUND('', #6165, .T.);
#6167 = FACETED_BREP_SHAPE_REPRESENTATION('', (#6166), #8);
#6168 = POLY_LOOP('', (#852, #856, #857));
#6169 = FACE_OUTER_BOUND('', #6168, .T.);
#6170 = FACETED_BREP_SHAPE_REPRESENTATION('', (#6169), #8);
#6171 = POLY_LOOP('', (#852, #857, #853));
#6172 = FACE_OUTER_BOUND('', #6171, .T.);
#6173 = FACETED_BREP_SHAPE_REPRESENTATION('', (#6172), #8);
#6174 = POLY_LOOP('', (#854, #859, #858));
#6175 = FACE_OUTER_BOUND('', #6174, .T.);
#6176 = FACETED_BREP_SHAPE_REPRESENTATION('', (#6175), #8);
#6177 = POLY_LOOP('', (#854, #855, #859));
#6178 = FACE_OUTER_BOUND('', #6177, .T.);
#6179 = FACETED_BREP_SHAPE_REPRESENTATION('', (#6178), #8);
#6180 = POLY_LOOP('', (#852, #858, #856));
#6181 = FACE_OUTER_BOUND('', #6180, .T.);
#6182 = FACETED_BREP_SHAPE_REPRESENTATION('', (#6181), #8);
#6183 = POLY_LOOP('', (#852, #854, #858));
#6184 = FACE_OUTER_BOUND('', #6183, .T.);
#6185 = FACETED_BREP_SHAPE_REPRESENTATION('', (#6184), #8);
#6186 = POLY_LOOP('', (#853, #857, #859));
#6187 = FACE_OUTER_BOUND('', #6186, .T.);
#6188 = FACETED_BREP_SHAPE_REPRESENTATION('', (#6187), #8);
#6189 = POLY_LOOP('', (#853, #859, #855));
#6190 = FACE_OUTER_BOUND('', #6189, .T.);
#6191 = FACETED_BREP_SHAPE_REPRESENTATION('', (#6190), #8);
#6192 = POLY_LOOP('', (#856, #860, #861));
#6193 = FACE_OUTER_BOUND('', #6192, .T.);
#6194 = FACETED_BREP_SHAPE_REPRESENTATION('', (#6193), #8);
#6195 = POLY_LOOP('', (#856, #861, #857));
#6196 = FACE_OUTER_BOUND('', #6195, .T.);
#6197 = FACETED_BREP_SHAPE_REPRESENTATION('', (#6196), #8);
#6198 = POLY_LOOP('', (#858, #863, #862));
#6199 = FACE_OUTER_BOUND('', #6198, .T.);
#6200 = FACETED_BREP_SHAPE_REPRESENTATION('', (#6199), #8);
#6201 = POLY_LOOP('', (#858, #859, #863));
#6202 = FACE_OUTER_BOUND('', #6201, .T.);
#6203 = FACETED_BREP_SHAPE_REPRESENTATION('', (#6202), #8);
#6204 = POLY_LOOP('', (#856, #862, #860));
#6205 = FACE_OUTER_BOUND('', #6204, .T.);
#6206 = FACETED_BREP_SHAPE_REPRESENTATION('', (#6205), #8);
#6207 = POLY_LOOP('', (#856, #858, #862));
#6208 = FACE_OUTER_BOUND('', #6207, .T.);
#6209 = FACETED_BREP_SHAPE_REPRESENTATION('', (#6208), #8);
#6210 = POLY_LOOP('', (#857, #861, #863));
#6211 = FACE_OUTER_BOUND('', #6210, .T.);
#6212 = FACETED_BREP_SHAPE_REPRESENTATION('', (#6211), #8);
#6213 = POLY_LOOP('', (#857, #863, #859));
#6214 = FACE_OUTER_BOUND('', #6213, .T.);
#6215 = FACETED_BREP_SHAPE_REPRESENTATION('', (#6214), #8);
#6216 = POLY_LOOP('', (#860, #864, #865));
#6217 = FACE_OUTER_BOUND('', #6216, .T.);
#6218 = FACETED_BREP_SHAPE_REPRESENTATION('', (#6217), #8);
#6219 = POLY_LOOP('', (#860, #865, #861));
#6220 = FACE_OUTER_BOUND('', #6219, .T.);
#6221 = FACETED_BREP_SHAPE_REPRESENTATION('', (#6220), #8);
#6222 = POLY_LOOP('', (#862, #867, #866));
#6223 = FACE_OUTER_BOUND('', #6222, .T.);
#6224 = FACETED_BREP_SHAPE_REPRESENTATION('', (#6223), #8);
#6225 = POLY_LOOP('', (#862, #863, #867));
#6226 = FACE_OUTER_BOUND('', #6225, .T.);
#6227 = FACETED_BREP_SHAPE_REPRESENTATION('', (#6226), #8);
#6228 = POLY_LOOP('', (#860, #866, #864));
#6229 = FACE_OUTER_BOUND('', #6228, .T.);
#6230 = FACETED_BREP_SHAPE_REPRESENTATION('', (#6229), #8);
#6231 = POLY_LOOP('', (#860, #862, #866));
#6232 = FACE_OUTER_BOUND('', #6231, .T.);
#6233 = FACETED_BREP_SHAPE_REPRESENTATION('', (#6232), #8);
#6234 = POLY_LOOP('', (#861, #865, #867));
#6235 = FACE_OUTER_BOUND('', #6234, .T.);
#6236 = FACETED_BREP_SHAPE_REPRESENTATION('', (#6235), #8);
#6237 = POLY_LOOP('', (#861, #867, #863));
#6238 = FACE_OUTER_BOUND('', #6237, .T.);
#6239 = FACETED_BREP_SHAPE_REPRESENTATION('', (#6238), #8);
#6240 = POLY_LOOP('', (#864, #868, #869));
#6241 = FACE_OUTER_BOUND('', #6240, .T.);
#6242 = FACETED_BREP_SHAPE_REPRESENTATION('', (#6241), #8);
#6243 = POLY_LOOP('', (#864, #869, #865));
#6244 = FACE_OUTER_BOUND('', #6243, .T.);
#6245 = FACETED_BREP_SHAPE_REPRESENTATION('', (#6244), #8);
#6246 = POLY_LOOP('', (#866, #871, #870));
#6247 = FACE_OUTER_BOUND('', #6246, .T.);
#6248 = FACETED_BREP_SHAPE_REPRESENTATION('', (#6247), #8);
#6249 = POLY_LOOP('', (#866, #867, #871));
#6250 = FACE_OUTER_BOUND('', #6249, .T.);
#6251 = FACETED_BREP_SHAPE_REPRESENTATION('', (#6250), #8);
#6252 = POLY_LOOP('', (#864, #870, #868));
#6253 = FACE_OUTER_BOUND('', #6252, .T.);
#6254 = FACETED_BREP_SHAPE_REPRESENTATION('', (#6253), #8);
#6255 = POLY_LOOP('', (#864, #866, #870));
#6256 = FACE_OUTER_BOUND('', #6255, .T.);
#6257 = FACETED_BREP_SHAPE_REPRESENTATION('', (#6256), #8);
#6258 = POLY_LOOP('', (#865, #869, #871));
#6259 = FACE_OUTER_BOUND('', #6258, .T.);
#6260 = FACETED_BREP_SHAPE_REPRESENTATION('', (#6259), #8);
#6261 = POLY_LOOP('', (#865, #871, #867));
#6262 = FACE_OUTER_BOUND('', #6261, .T.);
#6263 = FACETED_BREP_SHAPE_REPRESENTATION('', (#6262), #8);
#6264 = POLY_LOOP('', (#868, #872, #873));
#6265 = FACE_OUTER_BOUND('', #6264, .T.);
#6266 = FACETED_BREP_SHAPE_REPRESENTATION('', (#6265), #8);
#6267 = POLY_LOOP('', (#868, #873, #869));
#6268 = FACE_OUTER_BOUND('', #6267, .T.);
#6269 = FACETED_BREP_SHAPE_REPRESENTATION('', (#6268), #8);
#6270 = POLY_LOOP('', (#870, #875, #874));
#6271 = FACE_OUTER_BOUND('', #6270, .T.);
#6272 = FACETED_BREP_SHAPE_REPRESENTATION('', (#6271), #8);
#6273 = POLY_LOOP('', (#870, #871, #875));
#6274 = FACE_OUTER_BOUND('', #6273, .T.);
#6275 = FACETED_BREP_SHAPE_REPRESENTATION('', (#6274), #8);
#6276 = POLY_LOOP('', (#868, #874, #872));
#6277 = FACE_OUTER_BOUND('', #6276, .T.);
#6278 = FACETED_BREP_SHAPE_REPRESENTATION('', (#6277), #8);
#6279 = POLY_LOOP('', (#868, #870, #874));
#6280 = FACE_OUTER_BOUND('', #6279, .T.);
#6281 = FACETED_BREP_SHAPE_REPRESENTATION('', (#6280), #8);
#6282 = POLY_LOOP('', (#869, #873, #875));
#6283 = FACE_OUTER_BOUND('', #6282, .T.);
#6284 = FACETED_BREP_SHAPE_REPRESENTATION('', (#6283), #8);
#6285 = POLY_LOOP('', (#869, #875, #871));
#6286 = FACE_OUTER_BOUND('', #6285, .T.);
#6287 = FACETED_BREP_SHAPE_REPRESENTATION('', (#6286), #8);
#6288 = POLY_LOOP('', (#872, #876, #877));
#6289 = FACE_OUTER_BOUND('', #6288, .T.);
#6290 = FACETED_BREP_SHAPE_REPRESENTATION('', (#6289), #8);
#6291 = POLY_LOOP('', (#872, #877, #873));
#6292 = FACE_OUTER_BOUND('', #6291, .T.);
#6293 = FACETED_BREP_SHAPE_REPRESENTATION('', (#6292), #8);
#6294 = POLY_LOOP('', (#874, #879, #878));
#6295 = FACE_OUTER_BOUND('', #6294, .T.);
#6296 = FACETED_BREP_SHAPE_REPRESENTATION('', (#6295), #8);
#6297 = POLY_LOOP('', (#874, #875, #879));
#6298 = FACE_OUTER_BOUND('', #6297, .T.);
#6299 = FACETED_BREP_SHAPE_REPRESENTATION('', (#6298), #8);
#6300 = POLY_LOOP('', (#872, #878, #876));
#6301 = FACE_OUTER_BOUND('', #6300, .T.);
#6302 = FACETED_BREP_SHAPE_REPRESENTATION('', (#6301), #8);
#6303 = POLY_LOOP('', (#872, #874, #878));
#6304 = FACE_OUTER_BOUND('', #6303, .T.);
#6305 = FACETED_BREP_SHAPE_REPRESENTATION('', (#6304), #8);
#6306 = POLY_LOOP('', (#873, #877, #879));
#6307 = FACE_OUTER_BOUND('', #6306, .T.);
#6308 = FACETED_BREP_SHAPE_REPRESENTATION('', (#6307), #8);
#6309 = POLY_LOOP('', (#873, #879, #875));
#6310 = FACE_OUTER_BOUND('', #6309, .T.);
#6311 = FACETED_BREP_SHAPE_REPRESENTATION('', (#6310), #8);
#6312 = POLY_LOOP('', (#876, #880, #881));
#6313 = FACE_OUTER_BOUND('', #6312, .T.);
#6314 = FACETED_BREP_SHAPE_REPRESENTATION('', (#6313), #8);
#6315 = POLY_LOOP('', (#876, #881, #877));
#6316 = FACE_OUTER_BOUND('', #6315, .T.);
#6317 = FACETED_BREP_SHAPE_REPRESENTATION('', (#6316), #8);
#6318 = POLY_LOOP('', (#878, #883, #882));
#6319 = FACE_OUTER_BOUND('', #6318, .T.);
#6320 = FACETED_BREP_SHAPE_REPRESENTATION('', (#6319), #8);
#6321 = POLY_LOOP('', (#878, #879, #883));
#6322 = FACE_OUTER_BOUND('', #6321, .T.);
#6323 = FACETED_BREP_SHAPE_REPRESENTATION('', (#6322), #8);
#6324 = POLY_LOOP('', (#876, #882, #880));
#6325 = FACE_OUTER_BOUND('', #6324, .T.);
#6326 = FACETED_BREP_SHAPE_REPRESENTATION('', (#6325), #8);
#6327 = POLY_LOOP('', (#876, #878, #882));
#6328 = FACE_OUTER_BOUND('', #6327, .T.);
#6329 = FACETED_BREP_SHAPE_REPRESENTATION('', (#6328), #8);
#6330 = POLY_LOOP('', (#877, #881, #883));
#6331 = FACE_OUTER_BOUND('', #6330, .T.);
#6332 = FACETED_BREP_SHAPE_REPRESENTATION('', (#6331), #8);
#6333 = POLY_LOOP('', (#877, #883, #879));
#6334 = FACE_OUTER_BOUND('', #6333, .T.);
#6335 = FACETED_BREP_SHAPE_REPRESENTATION('', (#6334), #8);
#6336 = POLY_LOOP('', (#880, #884, #885));
#6337 = FACE_OUTER_BOUND('', #6336, .T.);
#6338 = FACETED_BREP_SHAPE_REPRESENTATION('', (#6337), #8);
#6339 = POLY_LOOP('', (#880, #885, #881));
#6340 = FACE_OUTER_BOUND('', #6339, .T.);
#6341 = FACETED_BREP_SHAPE_REPRESENTATION('', (#6340), #8);
#6342 = POLY_LOOP('', (#882, #887, #886));
#6343 = FACE_OUTER_BOUND('', #6342, .T.);
#6344 = FACETED_BREP_SHAPE_REPRESENTATION('', (#6343), #8);
#6345 = POLY_LOOP('', (#882, #883, #887));
#6346 = FACE_OUTER_BOUND('', #6345, .T.);
#6347 = FACETED_BREP_SHAPE_REPRESENTATION('', (#6346), #8);
#6348 = POLY_LOOP('', (#880, #886, #884));
#6349 = FACE_OUTER_BOUND('', #6348, .T.);
#6350 = FACETED_BREP_SHAPE_REPRESENTATION('', (#6349), #8);
#6351 = POLY_LOOP('', (#880, #882, #886));
#6352 = FACE_OUTER_BOUND('', #6351, .T.);
#6353 = FACETED_BREP_SHAPE_REPRESENTATION('', (#6352), #8);
#6354 = POLY_LOOP('', (#881, #885, #887));
#6355 = FACE_OUTER_BOUND('', #6354, .T.);
#6356 = FACETED_BREP_SHAPE_REPRESENTATION('', (#6355), #8);
#6357 = POLY_LOOP('', (#881, #887, #883));
#6358 = FACE_OUTER_BOUND('', #6357, .T.);
#6359 = FACETED_BREP_SHAPE_REPRESENTATION('', (#6358), #8);
#6360 = POLY_LOOP('', (#884, #888, #889));
#6361 = FACE_OUTER_BOUND('', #6360, .T.);
#6362 = FACETED_BREP_SHAPE_REPRESENTATION('', (#6361), #8);
#6363 = POLY_LOOP('', (#884, #889, #885));
#6364 = FACE_OUTER_BOUND('', #6363, .T.);
#6365 = FACETED_BREP_SHAPE_REPRESENTATION('', (#6364), #8);
#6366 = POLY_LOOP('', (#886, #891, #890));
#6367 = FACE_OUTER_BOUND('', #6366, .T.);
#6368 = FACETED_BREP_SHAPE_REPRESENTATION('', (#6367), #8);
#6369 = POLY_LOOP('', (#886, #887, #891));
#6370 = FACE_OUTER_BOUND('', #6369, .T.);
#6371 = FACETED_BREP_SHAPE_REPRESENTATION('', (#6370), #8);
#6372 = POLY_LOOP('', (#884, #890, #888));
#6373 = FACE_OUTER_BOUND('', #6372, .T.);
#6374 = FACETED_BREP_SHAPE_REPRESENTATION('', (#6373), #8);
#6375 = POLY_LOOP('', (#884, #886, #890));
#6376 = FACE_OUTER_BOUND('', #6375, .T.);
#6377 = FACETED_BREP_SHAPE_REPRESENTATION('', (#6376), #8);
#6378 = POLY_LOOP('', (#885, #889, #891));
#6379 = FACE_OUTER_BOUND('', #6378, .T.);
#6380 = FACETED_BREP_SHAPE_REPRESENTATION('', (#6379), #8);
#6381 = POLY_LOOP('', (#885, #891, #887));
#6382 = FACE_OUTER_BOUND('', #6381, .T.);
#6383 = FACETED_BREP_SHAPE_REPRESENTATION('', (#6382), #8);
#6384 = POLY_LOOP('', (#888, #892, #893));
#6385 = FACE_OUTER_BOUND('', #6384, .T.);
#6386 = FACETED_BREP_SHAPE_REPRESENTATION('', (#6385), #8);
#6387 = POLY_LOOP('', (#888, #893, #889));
#6388 = FACE_OUTER_BOUND('', #6387, .T.);
#6389 = FACETED_BREP_SHAPE_REPRESENTATION('', (#6388), #8);
#6390 = POLY_LOOP('', (#890, #895, #894));
#6391 = FACE_OUTER_BOUND('', #6390, .T.);
#6392 = FACETED_BREP_SHAPE_REPRESENTATION('', (#6391), #8);
#6393 = POLY_LOOP('', (#890, #891, #895));
#6394 = FACE_OUTER_BOUND('', #6393, .T.);
#6395 = FACETED_BREP_SHAPE_REPRESENTATION('', (#6394), #8);
#6396 = POLY_LOOP('', (#888, #894, #892));
#6397 = FACE_OUTER_BOUND('', #6396, .T.);
#6398 = FACETED_BREP_SHAPE_REPRESENTATION('', (#6397), #8);
#6399 = POLY_LOOP('', (#888, #890, #894));
#6400 = FACE_OUTER_BOUND('', #6399, .T.);
#6401 = FACETED_BREP_SHAPE_REPRESENTATION('', (#6400), #8);
#6402 = POLY_LOOP('', (#889, #893, #895));
#6403 = FACE_OUTER_BOUND('', #6402, .T.);
#6404 = FACETED_BREP_SHAPE_REPRESENTATION('', (#6403), #8);
#6405 = POLY_LOOP('', (#889, #895, #891));
#6406 = FACE_OUTER_BOUND('', #6405, .T.);
#6407 = FACETED_BREP_SHAPE_REPRESENTATION('', (#6406), #8);
#6408 = POLY_LOOP('', (#892, #896, #897));
#6409 = FACE_OUTER_BOUND('', #6408, .T.);
#6410 = FACETED_BREP_SHAPE_REPRESENTATION('', (#6409), #8);
#6411 = POLY_LOOP('', (#892, #897, #893));
#6412 = FACE_OUTER_BOUND('', #6411, .T.);
#6413 = FACETED_BREP_SHAPE_REPRESENTATION('', (#6412), #8);
#6414 = POLY_LOOP('', (#894, #899, #898));
#6415 = FACE_OUTER_BOUND('', #6414, .T.);
#6416 = FACETED_BREP_SHAPE_REPRESENTATION('', (#6415), #8);
#6417 = POLY_LOOP('', (#894, #895, #899));
#6418 = FACE_OUTER_BOUND('', #6417, .T.);
#6419 = FACETED_BREP_SHAPE_REPRESENTATION('', (#6418), #8);
#6420 = POLY_LOOP('', (#892, #898, #896));
#6421 = FACE_OUTER_BOUND('', #6420, .T.);
#6422 = FACETED_BREP_SHAPE_REPRESENTATION('', (#6421), #8);
#6423 = POLY_LOOP('', (#892, #894, #898));
#6424 = FACE_OUTER_BOUND('', #6423, .T.);
#6425 = FACETED_BREP_SHAPE_REPRESENTATION('', (#6424), #8);
#6426 = POLY_LOOP('', (#893, #897, #899));
#6427 = FACE_OUTER_BOUND('', #6426, .T.);
#6428 = FACETED_BREP_SHAPE_REPRESENTATION('', (#6427), #8);
#6429 = POLY_LOOP('', (#893, #899, #895));
#6430 = FACE_OUTER_BOUND('', #6429, .T.);
#6431 = FACETED_BREP_SHAPE_REPRESENTATION('', (#6430), #8);
#6432 = POLY_LOOP('', (#900, #904, #905));
#6433 = FACE_OUTER_BOUND('', #6432, .T.);
#6434 = FACETED_BREP_SHAPE_REPRESENTATION('', (#6433), #8);
#6435 = POLY_LOOP('', (#900, #905, #901));
#6436 = FACE_OUTER_BOUND('', #6435, .T.);
#6437 = FACETED_BREP_SHAPE_REPRESENTATION('', (#6436), #8);
#6438 = POLY_LOOP('', (#902, #907, #906));
#6439 = FACE_OUTER_BOUND('', #6438, .T.);
#6440 = FACETED_BREP_SHAPE_REPRESENTATION('', (#6439), #8);
#6441 = POLY_LOOP('', (#902, #903, #907));
#6442 = FACE_OUTER_BOUND('', #6441, .T.);
#6443 = FACETED_BREP_SHAPE_REPRESENTATION('', (#6442), #8);
#6444 = POLY_LOOP('', (#900, #906, #904));
#6445 = FACE_OUTER_BOUND('', #6444, .T.);
#6446 = FACETED_BREP_SHAPE_REPRESENTATION('', (#6445), #8);
#6447 = POLY_LOOP('', (#900, #902, #906));
#6448 = FACE_OUTER_BOUND('', #6447, .T.);
#6449 = FACETED_BREP_SHAPE_REPRESENTATION('', (#6448), #8);
#6450 = POLY_LOOP('', (#901, #905, #907));
#6451 = FACE_OUTER_BOUND('', #6450, .T.);
#6452 = FACETED_BREP_SHAPE_REPRESENTATION('', (#6451), #8);
#6453 = POLY_LOOP('', (#901, #907, #903));
#6454 = FACE_OUTER_BOUND('', #6453, .T.);
#6455 = FACETED_BREP_SHAPE_REPRESENTATION('', (#6454), #8);
#6456 = POLY_LOOP('', (#904, #908, #909));
#6457 = FACE_OUTER_BOUND('', #6456, .T.);
#6458 = FACETED_BREP_SHAPE_REPRESENTATION('', (#6457), #8);
#6459 = POLY_LOOP('', (#904, #909, #905));
#6460 = FACE_OUTER_BOUND('', #6459, .T.);
#6461 = FACETED_BREP_SHAPE_REPRESENTATION('', (#6460), #8);
#6462 = POLY_LOOP('', (#906, #911, #910));
#6463 = FACE_OUTER_BOUND('', #6462, .T.);
#6464 = FACETED_BREP_SHAPE_REPRESENTATION('', (#6463), #8);
#6465 = POLY_LOOP('', (#906, #907, #911));
#6466 = FACE_OUTER_BOUND('', #6465, .T.);
#6467 = FACETED_BREP_SHAPE_REPRESENTATION('', (#6466), #8);
#6468 = POLY_LOOP('', (#904, #910, #908));
#6469 = FACE_OUTER_BOUND('', #6468, .T.);
#6470 = FACETED_BREP_SHAPE_REPRESENTATION('', (#6469), #8);
#6471 = POLY_LOOP('', (#904, #906, #910));
#6472 = FACE_OUTER_BOUND('', #6471, .T.);
#6473 = FACETED_BREP_SHAPE_REPRESENTATION('', (#6472), #8);
#6474 = POLY_LOOP('', (#905, #909, #911));
#6475 = FACE_OUTER_BOUND('', #6474, .T.);
#6476 = FACETED_BREP_SHAPE_REPRESENTATION('', (#6475), #8);
#6477 = POLY_LOOP('', (#905, #911, #907));
#6478 = FACE_OUTER_BOUND('', #6477, .T.);
#6479 = FACETED_BREP_SHAPE_REPRESENTATION('', (#6478), #8);
#6480 = POLY_LOOP('', (#908, #912, #913));
#6481 = FACE_OUTER_BOUND('', #6480, .T.);
#6482 = FACETED_BREP_SHAPE_REPRESENTATION('', (#6481), #8);
#6483 = POLY_LOOP('', (#908, #913, #909));
#6484 = FACE_OUTER_BOUND('', #6483, .T.);
#6485 = FACETED_BREP_SHAPE_REPRESENTATION('', (#6484), #8);
#6486 = POLY_LOOP('', (#910, #915, #914));
#6487 = FACE_OUTER_BOUND('', #6486, .T.);
#6488 = FACETED_BREP_SHAPE_REPRESENTATION('', (#6487), #8);
#6489 = POLY_LOOP('', (#910, #911, #915));
#6490 = FACE_OUTER_BOUND('', #6489, .T.);
#6491 = FACETED_BREP_SHAPE_REPRESENTATION('', (#6490), #8);
#6492 = POLY_LOOP('', (#908, #914, #912));
#6493 = FACE_OUTER_BOUND('', #6492, .T.);
#6494 = FACETED_BREP_SHAPE_REPRESENTATION('', (#6493), #8);
#6495 = POLY_LOOP('', (#908, #910, #914));
#6496 = FACE_OUTER_BOUND('', #6495, .T.);
#6497 = FACETED_BREP_SHAPE_REPRESENTATION('', (#6496), #8);
#6498 = POLY_LOOP('', (#909, #913, #915));
#6499 = FACE_OUTER_BOUND('', #6498, .T.);
#6500 = FACETED_BREP_SHAPE_REPRESENTATION('', (#6499), #8);
#6501 = POLY_LOOP('', (#909, #915, #911));
#6502 = FACE_OUTER_BOUND('', #6501, .T.);
#6503 = FACETED_BREP_SHAPE_REPRESENTATION('', (#6502), #8);
#6504 = POLY_LOOP('', (#912, #916, #917));
#6505 = FACE_OUTER_BOUND('', #6504, .T.);
#6506 = FACETED_BREP_SHAPE_REPRESENTATION('', (#6505), #8);
#6507 = POLY_LOOP('', (#912, #917, #913));
#6508 = FACE_OUTER_BOUND('', #6507, .T.);
#6509 = FACETED_BREP_SHAPE_REPRESENTATION('', (#6508), #8);
#6510 = POLY_LOOP('', (#914, #919, #918));
#6511 = FACE_OUTER_BOUND('', #6510, .T.);
#6512 = FACETED_BREP_SHAPE_REPRESENTATION('', (#6511), #8);
#6513 = POLY_LOOP('', (#914, #915, #919));
#6514 = FACE_OUTER_BOUND('', #6513, .T.);
#6515 = FACETED_BREP_SHAPE_REPRESENTATION('', (#6514), #8);
#6516 = POLY_LOOP('', (#912, #918, #916));
#6517 = FACE_OUTER_BOUND('', #6516, .T.);
#6518 = FACETED_BREP_SHAPE_REPRESENTATION('', (#6517), #8);
#6519 = POLY_LOOP('', (#912, #914, #918));
#6520 = FACE_OUTER_BOUND('', #6519, .T.);
#6521 = FACETED_BREP_SHAPE_REPRESENTATION('', (#6520), #8);
#6522 = POLY_LOOP('', (#913, #917, #919));
#6523 = FACE_OUTER_BOUND('', #6522, .T.);
#6524 = FACETED_BREP_SHAPE_REPRESENTATION('', (#6523), #8);
#6525 = POLY_LOOP('', (#913, #919, #915));
#6526 = FACE_OUTER_BOUND('', #6525, .T.);
#6527 = FACETED_BREP_SHAPE_REPRESENTATION('', (#6526), #8);
#6528 = POLY_LOOP('', (#916, #920, #921));
#6529 = FACE_OUTER_BOUND('', #6528, .T.);
#6530 = FACETED_BREP_SHAPE_REPRESENTATION('', (#6529), #8);
#6531 = POLY_LOOP('', (#916, #921, #917));
#6532 = FACE_OUTER_BOUND('', #6531, .T.);
#6533 = FACETED_BREP_SHAPE_REPRESENTATION('', (#6532), #8);
#6534 = POLY_LOOP('', (#918, #923, #922));
#6535 = FACE_OUTER_BOUND('', #6534, .T.);
#6536 = FACETED_BREP_SHAPE_REPRESENTATION('', (#6535), #8);
#6537 = POLY_LOOP('', (#918, #919, #923));
#6538 = FACE_OUTER_BOUND('', #6537, .T.);
#6539 = FACETED_BREP_SHAPE_REPRESENTATION('', (#6538), #8);
#6540 = POLY_LOOP('', (#916, #922, #920));
#6541 = FACE_OUTER_BOUND('', #6540, .T.);
#6542 = FACETED_BREP_SHAPE_REPRESENTATION('', (#6541), #8);
#6543 = POLY_LOOP('', (#916, #918, #922));
#6544 = FACE_OUTER_BOUND('', #6543, .T.);
#6545 = FACETED_BREP_SHAPE_REPRESENTATION('', (#6544), #8);
#6546 = POLY_LOOP('', (#917, #921, #923));
#6547 = FACE_OUTER_BOUND('', #6546, .T.);
#6548 = FACETED_BREP_SHAPE_REPRESENTATION('', (#6547), #8);
#6549 = POLY_LOOP('', (#917, #923, #919));
#6550 = FACE_OUTER_BOUND('', #6549, .T.);
#6551 = FACETED_BREP_SHAPE_REPRESENTATION('', (#6550), #8);
#6552 = POLY_LOOP('', (#920, #924, #925));
#6553 = FACE_OUTER_BOUND('', #6552, .T.);
#6554 = FACETED_BREP_SHAPE_REPRESENTATION('', (#6553), #8);
#6555 = POLY_LOOP('', (#920, #925, #921));
#6556 = FACE_OUTER_BOUND('', #6555, .T.);
#6557 = FACETED_BREP_SHAPE_REPRESENTATION('', (#6556), #8);
#6558 = POLY_LOOP('', (#922, #927, #926));
#6559 = FACE_OUTER_BOUND('', #6558, .T.);
#6560 = FACETED_BREP_SHAPE_REPRESENTATION('', (#6559), #8);
#6561 = POLY_LOOP('', (#922, #923, #927));
#6562 = FACE_OUTER_BOUND('', #6561, .T.);
#6563 = FACETED_BREP_SHAPE_REPRESENTATION('', (#6562), #8);
#6564 = POLY_LOOP('', (#920, #926, #924));
#6565 = FACE_OUTER_BOUND('', #6564, .T.);
#6566 = FACETED_BREP_SHAPE_REPRESENTATION('', (#6565), #8);
#6567 = POLY_LOOP('', (#920, #922, #926));
#6568 = FACE_OUTER_BOUND('', #6567, .T.);
#6569 = FACETED_BREP_SHAPE_REPRESENTATION('', (#6568), #8);
#6570 = POLY_LOOP('', (#921, #925, #927));
#6571 = FACE_OUTER_BOUND('', #6570, .T.);
#6572 = FACETED_BREP_SHAPE_REPRESENTATION('', (#6571), #8);
#6573 = POLY_LOOP('', (#921, #927, #923));
#6574 = FACE_OUTER_BOUND('', #6573, .T.);
#6575 = FACETED_BREP_SHAPE_REPRESENTATION('', (#6574), #8);
#6576 = POLY_LOOP('', (#924, #928, #929));
#6577 = FACE_OUTER_BOUND('', #6576, .T.);
#6578 = FACETED_BREP_SHAPE_REPRESENTATION('', (#6577), #8);
#6579 = POLY_LOOP('', (#924, #929, #925));
#6580 = FACE_OUTER_BOUND('', #6579, .T.);
#6581 = FACETED_BREP_SHAPE_REPRESENTATION('', (#6580), #8);
#6582 = POLY_LOOP('', (#926, #931, #930));
#6583 = FACE_OUTER_BOUND('', #6582, .T.);
#6584 = FACETED_BREP_SHAPE_REPRESENTATION('', (#6583), #8);
#6585 = POLY_LOOP('', (#926, #927, #931));
#6586 = FACE_OUTER_BOUND('', #6585, .T.);
#6587 = FACETED_BREP_SHAPE_REPRESENTATION('', (#6586), #8);
#6588 = POLY_LOOP('', (#924, #930, #928));
#6589 = FACE_OUTER_BOUND('', #6588, .T.);
#6590 = FACETED_BREP_SHAPE_REPRESENTATION('', (#6589), #8);
#6591 = POLY_LOOP('', (#924, #926, #930));
#6592 = FACE_OUTER_BOUND('', #6591, .T.);
#6593 = FACETED_BREP_SHAPE_REPRESENTATION('', (#6592), #8);
#6594 = POLY_LOOP('', (#925, #929, #931));
#6595 = FACE_OUTER_BOUND('', #6594, .T.);
#6596 = FACETED_BREP_SHAPE_REPRESENTATION('', (#6595), #8);
#6597 = POLY_LOOP('', (#925, #931, #927));
#6598 = FACE_OUTER_BOUND('', #6597, .T.);
#6599 = FACETED_BREP_SHAPE_REPRESENTATION('', (#6598), #8);
#6600 = POLY_LOOP('', (#928, #932, #933));
#6601 = FACE_OUTER_BOUND('', #6600, .T.);
#6602 = FACETED_BREP_SHAPE_REPRESENTATION('', (#6601), #8);
#6603 = POLY_LOOP('', (#928, #933, #929));
#6604 = FACE_OUTER_BOUND('', #6603, .T.);
#6605 = FACETED_BREP_SHAPE_REPRESENTATION('', (#6604), #8);
#6606 = POLY_LOOP('', (#930, #935, #934));
#6607 = FACE_OUTER_BOUND('', #6606, .T.);
#6608 = FACETED_BREP_SHAPE_REPRESENTATION('', (#6607), #8);
#6609 = POLY_LOOP('', (#930, #931, #935));
#6610 = FACE_OUTER_BOUND('', #6609, .T.);
#6611 = FACETED_BREP_SHAPE_REPRESENTATION('', (#6610), #8);
#6612 = POLY_LOOP('', (#928, #934, #932));
#6613 = FACE_OUTER_BOUND('', #6612, .T.);
#6614 = FACETED_BREP_SHAPE_REPRESENTATION('', (#6613), #8);
#6615 = POLY_LOOP('', (#928, #930, #934));
#6616 = FACE_OUTER_BOUND('', #6615, .T.);
#6617 = FACETED_BREP_SHAPE_REPRESENTATION('', (#6616), #8);
#6618 = POLY_LOOP('', (#929, #933, #935));
#6619 = FACE_OUTER_BOUND('', #6618, .T.);
#6620 = FACETED_BREP_SHAPE_REPRESENTATION('', (#6619), #8);
#6621 = POLY_LOOP('', (#929, #935, #931));
#6622 = FACE_OUTER_BOUND('', #6621, .T.);
#6623 = FACETED_BREP_SHAPE_REPRESENTATION('', (#6622), #8);
#6624 = POLY_LOOP('', (#932, #936, #937));
#6625 = FACE_OUTER_BOUND('', #6624, .T.);
#6626 = FACETED_BREP_SHAPE_REPRESENTATION('', (#6625), #8);
#6627 = POLY_LOOP('', (#932, #937, #933));
#6628 = FACE_OUTER_BOUND('', #6627, .T.);
#6629 = FACETED_BREP_SHAPE_REPRESENTATION('', (#6628), #8);
#6630 = POLY_LOOP('', (#934, #939, #938));
#6631 = FACE_OUTER_BOUND('', #6630, .T.);
#6632 = FACETED_BREP_SHAPE_REPRESENTATION('', (#6631), #8);
#6633 = POLY_LOOP('', (#934, #935, #939));
#6634 = FACE_OUTER_BOUND('', #6633, .T.);
#6635 = FACETED_BREP_SHAPE_REPRESENTATION('', (#6634), #8);
#6636 = POLY_LOOP('', (#932, #938, #936));
#6637 = FACE_OUTER_BOUND('', #6636, .T.);
#6638 = FACETED_BREP_SHAPE_REPRESENTATION('', (#6637), #8);
#6639 = POLY_LOOP('', (#932, #934, #938));
#6640 = FACE_OUTER_BOUND('', #6639, .T.);
#6641 = FACETED_BREP_SHAPE_REPRESENTATION('', (#6640), #8);
#6642 = POLY_LOOP('', (#933, #937, #939));
#6643 = FACE_OUTER_BOUND('', #6642, .T.);
#6644 = FACETED_BREP_SHAPE_REPRESENTATION('', (#6643), #8);
#6645 = POLY_LOOP('', (#933, #939, #935));
#6646 = FACE_OUTER_BOUND('', #6645, .T.);
#6647 = FACETED_BREP_SHAPE_REPRESENTATION('', (#6646), #8);
#6648 = POLY_LOOP('', (#936, #940, #941));
#6649 = FACE_OUTER_BOUND('', #6648, .T.);
#6650 = FACETED_BREP_SHAPE_REPRESENTATION('', (#6649), #8);
#6651 = POLY_LOOP('', (#936, #941, #937));
#6652 = FACE_OUTER_BOUND('', #6651, .T.);
#6653 = FACETED_BREP_SHAPE_REPRESENTATION('', (#6652), #8);
#6654 = POLY_LOOP('', (#938, #943, #942));
#6655 = FACE_OUTER_BOUND('', #6654, .T.);
#6656 = FACETED_BREP_SHAPE_REPRESENTATION('', (#6655), #8);
#6657 = POLY_LOOP('', (#938, #939, #943));
#6658 = FACE_OUTER_BOUND('', #6657, .T.);
#6659 = FACETED_BREP_SHAPE_REPRESENTATION('', (#6658), #8);
#6660 = POLY_LOOP('', (#936, #942, #940));
#6661 = FACE_OUTER_BOUND('', #6660, .T.);
#6662 = FACETED_BREP_SHAPE_REPRESENTATION('', (#6661), #8);
#6663 = POLY_LOOP('', (#936, #938, #942));
#6664 = FACE_OUTER_BOUND('', #6663, .T.);
#6665 = FACETED_BREP_SHAPE_REPRESENTATION('', (#6664), #8);
#6666 = POLY_LOOP('', (#937, #941, #943));
#6667 = FACE_OUTER_BOUND('', #6666, .T.);
#6668 = FACETED_BREP_SHAPE_REPRESENTATION('', (#6667), #8);
#6669 = POLY_LOOP('', (#937, #943, #939));
#6670 = FACE_OUTER_BOUND('', #6669, .T.);
#6671 = FACETED_BREP_SHAPE_REPRESENTATION('', (#6670), #8);
#6672 = POLY_LOOP('', (#940, #944, #945));
#6673 = FACE_OUTER_BOUND('', #6672, .T.);
#6674 = FACETED_BREP_SHAPE_REPRESENTATION('', (#6673), #8);
#6675 = POLY_LOOP('', (#940, #945, #941));
#6676 = FACE_OUTER_BOUND('', #6675, .T.);
#6677 = FACETED_BREP_SHAPE_REPRESENTATION('', (#6676), #8);
#6678 = POLY_LOOP('', (#942, #947, #946));
#6679 = FACE_OUTER_BOUND('', #6678, .T.);
#6680 = FACETED_BREP_SHAPE_REPRESENTATION('', (#6679), #8);
#6681 = POLY_LOOP('', (#942, #943, #947));
#6682 = FACE_OUTER_BOUND('', #6681, .T.);
#6683 = FACETED_BREP_SHAPE_REPRESENTATION('', (#6682), #8);
#6684 = POLY_LOOP('', (#940, #946, #944));
#6685 = FACE_OUTER_BOUND('', #6684, .T.);
#6686 = FACETED_BREP_SHAPE_REPRESENTATION('', (#6685), #8);
#6687 = POLY_LOOP('', (#940, #942, #946));
#6688 = FACE_OUTER_BOUND('', #6687, .T.);
#6689 = FACETED_BREP_SHAPE_REPRESENTATION('', (#6688), #8);
#6690 = POLY_LOOP('', (#941, #945, #947));
#6691 = FACE_OUTER_BOUND('', #6690, .T.);
#6692 = FACETED_BREP_SHAPE_REPRESENTATION('', (#6691), #8);
#6693 = POLY_LOOP('', (#941, #947, #943));
#6694 = FACE_OUTER_BOUND('', #6693, .T.);
#6695 = FACETED_BREP_SHAPE_REPRESENTATION('', (#6694), #8);
#6696 = POLY_LOOP('', (#944, #948, #949));
#6697 = FACE_OUTER_BOUND('', #6696, .T.);
#6698 = FACETED_BREP_SHAPE_REPRESENTATION('', (#6697), #8);
#6699 = POLY_LOOP('', (#944, #949, #945));
#6700 = FACE_OUTER_BOUND('', #6699, .T.);
#6701 = FACETED_BREP_SHAPE_REPRESENTATION('', (#6700), #8);
#6702 = POLY_LOOP('', (#946, #951, #950));
#6703 = FACE_OUTER_BOUND('', #6702, .T.);
#6704 = FACETED_BREP_SHAPE_REPRESENTATION('', (#6703), #8);
#6705 = POLY_LOOP('', (#946, #947, #951));
#6706 = FACE_OUTER_BOUND('', #6705, .T.);
#6707 = FACETED_BREP_SHAPE_REPRESENTATION('', (#6706), #8);
#6708 = POLY_LOOP('', (#944, #950, #948));
#6709 = FACE_OUTER_BOUND('', #6708, .T.);
#6710 = FACETED_BREP_SHAPE_REPRESENTATION('', (#6709), #8);
#6711 = POLY_LOOP('', (#944, #946, #950));
#6712 = FACE_OUTER_BOUND('', #6711, .T.);
#6713 = FACETED_BREP_SHAPE_REPRESENTATION('', (#6712), #8);
#6714 = POLY_LOOP('', (#945, #949, #951));
#6715 = FACE_OUTER_BOUND('', #6714, .T.);
#6716 = FACETED_BREP_SHAPE_REPRESENTATION('', (#6715), #8);
#6717 = POLY_LOOP('', (#945, #951, #947));
#6718 = FACE_OUTER_BOUND('', #6717, .T.);
#6719 = FACETED_BREP_SHAPE_REPRESENTATION('', (#6718), #8);
#6720 = POLY_LOOP('', (#948, #952, #953));
#6721 = FACE_OUTER_BOUND('', #6720, .T.);
#6722 = FACETED_BREP_SHAPE_REPRESENTATION('', (#6721), #8);
#6723 = POLY_LOOP('', (#948, #953, #949));
#6724 = FACE_OUTER_BOUND('', #6723, .T.);
#6725 = FACETED_BREP_SHAPE_REPRESENTATION('', (#6724), #8);
#6726 = POLY_LOOP('', (#950, #955, #954));
#6727 = FACE_OUTER_BOUND('', #6726, .T.);
#6728 = FACETED_BREP_SHAPE_REPRESENTATION('', (#6727), #8);
#6729 = POLY_LOOP('', (#950, #951, #955));
#6730 = FACE_OUTER_BOUND('', #6729, .T.);
#6731 = FACETED_BREP_SHAPE_REPRESENTATION('', (#6730), #8);
#6732 = POLY_LOOP('', (#948, #954, #952));
#6733 = FACE_OUTER_BOUND('', #6732, .T.);
#6734 = FACETED_BREP_SHAPE_REPRESENTATION('', (#6733), #8);
#6735 = POLY_LOOP('', (#948, #950, #954));
#6736 = FACE_OUTER_BOUND('', #6735, .T.);
#6737 = FACETED_BREP_SHAPE_REPRESENTATION('', (#6736), #8);
#6738 = POLY_LOOP('', (#949, #953, #955));
#6739 = FACE_OUTER_BOUND('', #6738, .T.);
#6740 = FACETED_BREP_SHAPE_REPRESENTATION('', (#6739), #8);
#6741 = POLY_LOOP('', (#949, #955, #951));
#6742 = FACE_OUTER_BOUND('', #6741, .T.);
#6743 = FACETED_BREP_SHAPE_REPRESENTATION('', (#6742), #8);
#6744 = POLY_LOOP('', (#952, #956, #957));
#6745 = FACE_OUTER_BOUND('', #6744, .T.);
#6746 = FACETED_BREP_SHAPE_REPRESENTATION('', (#6745), #8);
#6747 = POLY_LOOP('', (#952, #957, #953));
#6748 = FACE_OUTER_BOUND('', #6747, .T.);
#6749 = FACETED_BREP_SHAPE_REPRESENTATION('', (#6748), #8);
#6750 = POLY_LOOP('', (#954, #959, #958));
#6751 = FACE_OUTER_BOUND('', #6750, .T.);
#6752 = FACETED_BREP_SHAPE_REPRESENTATION('', (#6751), #8);
#6753 = POLY_LOOP('', (#954, #955, #959));
#6754 = FACE_OUTER_BOUND('', #6753, .T.);
#6755 = FACETED_BREP_SHAPE_REPRESENTATION('', (#6754), #8);
#6756 = POLY_LOOP('', (#952, #958, #956));
#6757 = FACE_OUTER_BOUND('', #6756, .T.);
#6758 = FACETED_BREP_SHAPE_REPRESENTATION('', (#6757), #8);
#6759 = POLY_LOOP('', (#952, #954, #958));
#6760 = FACE_OUTER_BOUND('', #6759, .T.);
#6761 = FACETED_BREP_SHAPE_REPRESENTATION('', (#6760), #8);
#6762 = POLY_LOOP('', (#953, #957, #959));
#6763 = FACE_OUTER_BOUND('', #6762, .T.);
#6764 = FACETED_BREP_SHAPE_REPRESENTATION('', (#6763), #8);
#6765 = POLY_LOOP('', (#953, #959, #955));
#6766 = FACE_OUTER_BOUND('', #6765, .T.);
#6767 = FACETED_BREP_SHAPE_REPRESENTATION('', (#6766), #8);
#6768 = POLY_LOOP('', (#960, #964, #965));
#6769 = FACE_OUTER_BOUND('', #6768, .T.);
#6770 = FACETED_BREP_SHAPE_REPRESENTATION('', (#6769), #8);
#6771 = POLY_LOOP('', (#960, #965, #961));
#6772 = FACE_OUTER_BOUND('', #6771, .T.);
#6773 = FACETED_BREP_SHAPE_REPRESENTATION('', (#6772), #8);
#6774 = POLY_LOOP('', (#962, #967, #966));
#6775 = FACE_OUTER_BOUND('', #6774, .T.);
#6776 = FACETED_BREP_SHAPE_REPRESENTATION('', (#6775), #8);
#6777 = POLY_LOOP('', (#962, #963, #967));
#6778 = FACE_OUTER_BOUND('', #6777, .T.);
#6779 = FACETED_BREP_SHAPE_REPRESENTATION('', (#6778), #8);
#6780 = POLY_LOOP('', (#960, #966, #964));
#6781 = FACE_OUTER_BOUND('', #6780, .T.);
#6782 = FACETED_BREP_SHAPE_REPRESENTATION('', (#6781), #8);
#6783 = POLY_LOOP('', (#960, #962, #966));
#6784 = FACE_OUTER_BOUND('', #6783, .T.);
#6785 = FACETED_BREP_SHAPE_REPRESENTATION('', (#6784), #8);
#6786 = POLY_LOOP('', (#961, #965, #967));
#6787 = FACE_OUTER_BOUND('', #6786, .T.);
#6788 = FACETED_BREP_SHAPE_REPRESENTATION('', (#6787), #8);
#6789 = POLY_LOOP('', (#961, #967, #963));
#6790 = FACE_OUTER_BOUND('', #6789, .T.);
#6791 = FACETED_BREP_SHAPE_REPRESENTATION('', (#6790), #8);
#6792 = POLY_LOOP('', (#964, #968, #969));
#6793 = FACE_OUTER_BOUND('', #6792, .T.);
#6794 = FACETED_BREP_SHAPE_REPRESENTATION('', (#6793), #8);
#6795 = POLY_LOOP('', (#964, #969, #965));
#6796 = FACE_OUTER_BOUND('', #6795, .T.);
#6797 = FACETED_BREP_SHAPE_REPRESENTATION('', (#6796), #8);
#6798 = POLY_LOOP('', (#966, #971, #970));
#6799 = FACE_OUTER_BOUND('', #6798, .T.);
#6800 = FACETED_BREP_SHAPE_REPRESENTATION('', (#6799), #8);
#6801 = POLY_LOOP('', (#966, #967, #971));
#6802 = FACE_OUTER_BOUND('', #6801, .T.);
#6803 = FACETED_BREP_SHAPE_REPRESENTATION('', (#6802), #8);
#6804 = POLY_LOOP('', (#964, #970, #968));
#6805 = FACE_OUTER_BOUND('', #6804, .T.);
#6806 = FACETED_BREP_SHAPE_REPRESENTATION('', (#6805), #8);
#6807 = POLY_LOOP('', (#964, #966, #970));
#6808 = FACE_OUTER_BOUND('', #6807, .T.);
#6809 = FACETED_BREP_SHAPE_REPRESENTATION('', (#6808), #8);
#6810 = POLY_LOOP('', (#965, #969, #971));
#6811 = FACE_OUTER_BOUND('', #6810, .T.);
#6812 = FACETED_BREP_SHAPE_REPRESENTATION('', (#6811), #8);
#6813 = POLY_LOOP('', (#965, #971, #967));
#6814 = FACE_OUTER_BOUND('', #6813, .T.);
#6815 = FACETED_BREP_SHAPE_REPRESENTATION('', (#6814), #8);
#6816 = POLY_LOOP('', (#968, #972, #973));
#6817 = FACE_OUTER_BOUND('', #6816, .T.);
#6818 = FACETED_BREP_SHAPE_REPRESENTATION('', (#6817), #8);
#6819 = POLY_LOOP('', (#968, #973, #969));
#6820 = FACE_OUTER_BOUND('', #6819, .T.);
#6821 = FACETED_BREP_SHAPE_REPRESENTATION('', (#6820), #8);
#6822 = POLY_LOOP('', (#970, #975, #974));
#6823 = FACE_OUTER_BOUND('', #6822, .T.);
#6824 = FACETED_BREP_SHAPE_REPRESENTATION('', (#6823), #8);
#6825 = POLY_LOOP('', (#970, #971, #975));
#6826 = FACE_OUTER_BOUND('', #6825, .T.);
#6827 = FACETED_BREP_SHAPE_REPRESENTATION('', (#6826), #8);
#6828 = POLY_LOOP('', (#968, #974, #972));
#6829 = FACE_OUTER_BOUND('', #6828, .T.);
#6830 = FACETED_BREP_SHAPE_REPRESENTATION('', (#6829), #8);
#6831 = POLY_LOOP('', (#968, #970, #974));
#6832 = FACE_OUTER_BOUND('', #6831, .T.);
#6833 = FACETED_BREP_SHAPE_REPRESENTATION('', (#6832), #8);
#6834 = POLY_LOOP('', (#969, #973, #975));
#6835 = FACE_OUTER_BOUND('', #6834, .T.);
#6836 = FACETED_BREP_SHAPE_REPRESENTATION('', (#6835), #8);
#6837 = POLY_LOOP('', (#969, #975, #971));
#6838 = FACE_OUTER_BOUND('', #6837, .T.);
#6839 = FACETED_BREP_SHAPE_REPRESENTATION('', (#6838), #8);
#6840 = POLY_LOOP('', (#972, #976, #977));
#6841 = FACE_OUTER_BOUND('', #6840, .T.);
#6842 = FACETED_BREP_SHAPE_REPRESENTATION('', (#6841), #8);
#6843 = POLY_LOOP('', (#972, #977, #973));
#6844 = FACE_OUTER_BOUND('', #6843, .T.);
#6845 = FACETED_BREP_SHAPE_REPRESENTATION('', (#6844), #8);
#6846 = POLY_LOOP('', (#974, #979, #978));
#6847 = FACE_OUTER_BOUND('', #6846, .T.);
#6848 = FACETED_BREP_SHAPE_REPRESENTATION('', (#6847), #8);
#6849 = POLY_LOOP('', (#974, #975, #979));
#6850 = FACE_OUTER_BOUND('', #6849, .T.);
#6851 = FACETED_BREP_SHAPE_REPRESENTATION('', (#6850), #8);
#6852 = POLY_LOOP('', (#972, #978, #976));
#6853 = FACE_OUTER_BOUND('', #6852, .T.);
#6854 = FACETED_BREP_SHAPE_REPRESENTATION('', (#6853), #8);
#6855 = POLY_LOOP('', (#972, #974, #978));
#6856 = FACE_OUTER_BOUND('', #6855, .T.);
#6857 = FACETED_BREP_SHAPE_REPRESENTATION('', (#6856), #8);
#6858 = POLY_LOOP('', (#973, #977, #979));
#6859 = FACE_OUTER_BOUND('', #6858, .T.);
#6860 = FACETED_BREP_SHAPE_REPRESENTATION('', (#6859), #8);
#6861 = POLY_LOOP('', (#973, #979, #975));
#6862 = FACE_OUTER_BOUND('', #6861, .T.);
#6863 = FACETED_BREP_SHAPE_REPRESENTATION('', (#6862), #8);
#6864 = POLY_LOOP('', (#976, #980, #981));
#6865 = FACE_OUTER_BOUND('', #6864, .T.);
#6866 = FACETED_BREP_SHAPE_REPRESENTATION('', (#6865), #8);
#6867 = POLY_LOOP('', (#976, #981, #977));
#6868 = FACE_OUTER_BOUND('', #6867, .T.);
#6869 = FACETED_BREP_SHAPE_REPRESENTATION('', (#6868), #8);
#6870 = POLY_LOOP('', (#978, #983, #982));
#6871 = FACE_OUTER_BOUND('', #6870, .T.);
#6872 = FACETED_BREP_SHAPE_REPRESENTATION('', (#6871), #8);
#6873 = POLY_LOOP('', (#978, #979, #983));
#6874 = FACE_OUTER_BOUND('', #6873, .T.);
#6875 = FACETED_BREP_SHAPE_REPRESENTATION('', (#6874), #8);
#6876 = POLY_LOOP('', (#976, #982, #980));
#6877 = FACE_OUTER_BOUND('', #6876, .T.);
#6878 = FACETED_BREP_SHAPE_REPRESENTATION('', (#6877), #8);
#6879 = POLY_LOOP('', (#976, #978, #982));
#6880 = FACE_OUTER_BOUND('', #6879, .T.);
#6881 = FACETED_BREP_SHAPE_REPRESENTATION('', (#6880), #8);
#6882 = POLY_LOOP('', (#977, #981, #983));
#6883 = FACE_OUTER_BOUND('', #6882, .T.);
#6884 = FACETED_BREP_SHAPE_REPRESENTATION('', (#6883), #8);
#6885 = POLY_LOOP('', (#977, #983, #979));
#6886 = FACE_OUTER_BOUND('', #6885, .T.);
#6887 = FACETED_BREP_SHAPE_REPRESENTATION('', (#6886), #8);
#6888 = POLY_LOOP('', (#980, #984, #985));
#6889 = FACE_OUTER_BOUND('', #6888, .T.);
#6890 = FACETED_BREP_SHAPE_REPRESENTATION('', (#6889), #8);
#6891 = POLY_LOOP('', (#980, #985, #981));
#6892 = FACE_OUTER_BOUND('', #6891, .T.);
#6893 = FACETED_BREP_SHAPE_REPRESENTATION('', (#6892), #8);
#6894 = POLY_LOOP('', (#982, #987, #986));
#6895 = FACE_OUTER_BOUND('', #6894, .T.);
#6896 = FACETED_BREP_SHAPE_REPRESENTATION('', (#6895), #8);
#6897 = POLY_LOOP('', (#982, #983, #987));
#6898 = FACE_OUTER_BOUND('', #6897, .T.);
#6899 = FACETED_BREP_SHAPE_REPRESENTATION('', (#6898), #8);
#6900 = POLY_LOOP('', (#980, #986, #984));
#6901 = FACE_OUTER_BOUND('', #6900, .T.);
#6902 = FACETED_BREP_SHAPE_REPRESENTATION('', (#6901), #8);
#6903 = POLY_LOOP('', (#980, #982, #986));
#6904 = FACE_OUTER_BOUND('', #6903, .T.);
#6905 = FACETED_BREP_SHAPE_REPRESENTATION('', (#6904), #8);
#6906 = POLY_LOOP('', (#981, #985, #987));
#6907 = FACE_OUTER_BOUND('', #6906, .T.);
#6908 = FACETED_BREP_SHAPE_REPRESENTATION('', (#6907), #8);
#6909 = POLY_LOOP('', (#981, #987, #983));
#6910 = FACE_OUTER_BOUND('', #6909, .T.);
#6911 = FACETED_BREP_SHAPE_REPRESENTATION('', (#6910), #8);
#6912 = POLY_LOOP('', (#984, #988, #989));
#6913 = FACE_OUTER_BOUND('', #6912, .T.);
#6914 = FACETED_BREP_SHAPE_REPRESENTATION('', (#6913), #8);
#6915 = POLY_LOOP('', (#984, #989, #985));
#6916 = FACE_OUTER_BOUND('', #6915, .T.);
#6917 = FACETED_BREP_SHAPE_REPRESENTATION('', (#6916), #8);
#6918 = POLY_LOOP('', (#986, #991, #990));
#6919 = FACE_OUTER_BOUND('', #6918, .T.);
#6920 = FACETED_BREP_SHAPE_REPRESENTATION('', (#6919), #8);
#6921 = POLY_LOOP('', (#986, #987, #991));
#6922 = FACE_OUTER_BOUND('', #6921, .T.);
#6923 = FACETED_BREP_SHAPE_REPRESENTATION('', (#6922), #8);
#6924 = POLY_LOOP('', (#984, #990, #988));
#6925 = FACE_OUTER_BOUND('', #6924, .T.);
#6926 = FACETED_BREP_SHAPE_REPRESENTATION('', (#6925), #8);
#6927 = POLY_LOOP('', (#984, #986, #990));
#6928 = FACE_OUTER_BOUND('', #6927, .T.);
#6929 = FACETED_BREP_SHAPE_REPRESENTATION('', (#6928), #8);
#6930 = POLY_LOOP('', (#985, #989, #991));
#6931 = FACE_OUTER_BOUND('', #6930, .T.);
#6932 = FACETED_BREP_SHAPE_REPRESENTATION('', (#6931), #8);
#6933 = POLY_LOOP('', (#985, #991, #987));
#6934 = FACE_OUTER_BOUND('', #6933, .T.);
#6935 = FACETED_BREP_SHAPE_REPRESENTATION('', (#6934), #8);
#6936 = POLY_LOOP('', (#988, #992, #993));
#6937 = FACE_OUTER_BOUND('', #6936, .T.);
#6938 = FACETED_BREP_SHAPE_REPRESENTATION('', (#6937), #8);
#6939 = POLY_LOOP('', (#988, #993, #989));
#6940 = FACE_OUTER_BOUND('', #6939, .T.);
#6941 = FACETED_BREP_SHAPE_REPRESENTATION('', (#6940), #8);
#6942 = POLY_LOOP('', (#990, #995, #994));
#6943 = FACE_OUTER_BOUND('', #6942, .T.);
#6944 = FACETED_BREP_SHAPE_REPRESENTATION('', (#6943), #8);
#6945 = POLY_LOOP('', (#990, #991, #995));
#6946 = FACE_OUTER_BOUND('', #6945, .T.);
#6947 = FACETED_BREP_SHAPE_REPRESENTATION('', (#6946), #8);
#6948 = POLY_LOOP('', (#988, #994, #992));
#6949 = FACE_OUTER_BOUND('', #6948, .T.);
#6950 = FACETED_BREP_SHAPE_REPRESENTATION('', (#6949), #8);
#6951 = POLY_LOOP('', (#988, #990, #994));
#6952 = FACE_OUTER_BOUND('', #6951, .T.);
#6953 = FACETED_BREP_SHAPE_REPRESENTATION('', (#6952), #8);
#6954 = POLY_LOOP('', (#989, #993, #995));
#6955 = FACE_OUTER_BOUND('', #6954, .T.);
#6956 = FACETED_BREP_SHAPE_REPRESENTATION('', (#6955), #8);
#6957 = POLY_LOOP('', (#989, #995, #991));
#6958 = FACE_OUTER_BOUND('', #6957, .T.);
#6959 = FACETED_BREP_SHAPE_REPRESENTATION('', (#6958), #8);
#6960 = POLY_LOOP('', (#992, #996, #997));
#6961 = FACE_OUTER_BOUND('', #6960, .T.);
#6962 = FACETED_BREP_SHAPE_REPRESENTATION('', (#6961), #8);
#6963 = POLY_LOOP('', (#992, #997, #993));
#6964 = FACE_OUTER_BOUND('', #6963, .T.);
#6965 = FACETED_BREP_SHAPE_REPRESENTATION('', (#6964), #8);
#6966 = POLY_LOOP('', (#994, #999, #998));
#6967 = FACE_OUTER_BOUND('', #6966, .T.);
#6968 = FACETED_BREP_SHAPE_REPRESENTATION('', (#6967), #8);
#6969 = POLY_LOOP('', (#994, #995, #999));
#6970 = FACE_OUTER_BOUND('', #6969, .T.);
#6971 = FACETED_BREP_SHAPE_REPRESENTATION('', (#6970), #8);
#6972 = POLY_LOOP('', (#992, #998, #996));
#6973 = FACE_OUTER_BOUND('', #6972, .T.);
#6974 = FACETED_BREP_SHAPE_REPRESENTATION('', (#6973), #8);
#6975 = POLY_LOOP('', (#992, #994, #998));
#6976 = FACE_OUTER_BOUND('', #6975, .T.);
#6977 = FACETED_BREP_SHAPE_REPRESENTATION('', (#6976), #8);
#6978 = POLY_LOOP('', (#993, #997, #999));
#6979 = FACE_OUTER_BOUND('', #6978, .T.);
#6980 = FACETED_BREP_SHAPE_REPRESENTATION('', (#6979), #8);
#6981 = POLY_LOOP('', (#993, #999, #995));
#6982 = FACE_OUTER_BOUND('', #6981, .T.);
#6983 = FACETED_BREP_SHAPE_REPRESENTATION('', (#6982), #8);
#6984 = POLY_LOOP('', (#996, #1000, #1001));
#6985 = FACE_OUTER_BOUND('', #6984, .T.);
#6986 = FACETED_BREP_SHAPE_REPRESENTATION('', (#6985), #8);
#6987 = POLY_LOOP('', (#996, #1001, #997));
#6988 = FACE_OUTER_BOUND('', #6987, .T.);
#6989 = FACETED_BREP_SHAPE_REPRESENTATION('', (#6988), #8);
#6990 = POLY_LOOP('', (#998, #1003, #1002));
#6991 = FACE_OUTER_BOUND('', #6990, .T.);
#6992 = FACETED_BREP_SHAPE_REPRESENTATION('', (#6991), #8);
#6993 = POLY_LOOP('', (#998, #999, #1003));
#6994 = FACE_OUTER_BOUND('', #6993, .T.);
#6995 = FACETED_BREP_SHAPE_REPRESENTATION('', (#6994), #8);
#6996 = POLY_LOOP('', (#996, #1002, #1000));
#6997 = FACE_OUTER_BOUND('', #6996, .T.);
#6998 = FACETED_BREP_SHAPE_REPRESENTATION('', (#6997), #8);
#6999 = POLY_LOOP('', (#996, #998, #1002));
#7000 = FACE_OUTER_BOUND('', #6999, .T.);
#7001 = FACETED_BREP_SHAPE_REPRESENTATION('', (#7000), #8);
#7002 = POLY_LOOP('', (#997, #1001, #1003));
#7003 = FACE_OUTER_BOUND('', #7002, .T.);
#7004 = FACETED_BREP_SHAPE_REPRESENTATION('', (#7003), #8);
#7005 = POLY_LOOP('', (#997, #1003, #999));
#7006 = FACE_OUTER_BOUND('', #7005, .T.);
#7007 = FACETED_BREP_SHAPE_REPRESENTATION('', (#7006), #8);
#7008 = POLY_LOOP('', (#1000, #1004, #1005));
#7009 = FACE_OUTER_BOUND('', #7008, .T.);
#7010 = FACETED_BREP_SHAPE_REPRESENTATION('', (#7009), #8);
#7011 = POLY_LOOP('', (#1000, #1005, #1001));
#7012 = FACE_OUTER_BOUND('', #7011, .T.);
#7013 = FACETED_BREP_SHAPE_REPRESENTATION('', (#7012), #8);
#7014 = POLY_LOOP('', (#1002, #1007, #1006));
#7015 = FACE_OUTER_BOUND('', #7014, .T.);
#7016 = FACETED_BREP_SHAPE_REPRESENTATION('', (#7015), #8);
#7017 = POLY_LOOP('', (#1002, #1003, #1007));
#7018 = FACE_OUTER_BOUND('', #7017, .T.);
#7019 = FACETED_BREP_SHAPE_REPRESENTATION('', (#7018), #8);
#7020 = POLY_LOOP('', (#1000, #1006, #1004));
#7021 = FACE_OUTER_BOUND('', #7020, .T.);
#7022 = FACETED_BREP_SHAPE_REPRESENTATION('', (#7021), #8);
#7023 = POLY_LOOP('', (#1000, #1002, #1006));
#7024 = FACE_OUTER_BOUND('', #7023, .T.);
#7025 = FACETED_BREP_SHAPE_REPRESENTATION('', (#7024), #8);
#7026 = POLY_LOOP('', (#1001, #1005, #1007));
#7027 = FACE_OUTER_BOUND('', #7026, .T.);
#7028 = FACETED_BREP_SHAPE_REPRESENTATION('', (#7027), #8);
#7029 = POLY_LOOP('', (#1001, #1007, #1003));
#7030 = FACE_OUTER_BOUND('', #7029, .T.);
#7031 = FACETED_BREP_SHAPE_REPRESENTATION('', (#7030), #8);
#7032 = POLY_LOOP('', (#1004, #1008, #1009));
#7033 = FACE_OUTER_BOUND('', #7032, .T.);
#7034 = FACETED_BREP_SHAPE_REPRESENTATION('', (#7033), #8);
#7035 = POLY_LOOP('', (#1004, #1009, #1005));
#7036 = FACE_OUTER_BOUND('', #7035, .T.);
#7037 = FACETED_BREP_SHAPE_REPRESENTATION('', (#7036), #8);
#7038 = POLY_LOOP('', (#1006, #1011, #1010));
#7039 = FACE_OUTER_BOUND('', #7038, .T.);
#7040 = FACETED_BREP_SHAPE_REPRESENTATION('', (#7039), #8);
#7041 = POLY_LOOP('', (#1006, #1007, #1011));
#7042 = FACE_OUTER_BOUND('', #7041, .T.);
#7043 = FACETED_BREP_SHAPE_REPRESENTATION('', (#7042), #8);
#7044 = POLY_LOOP('', (#1004, #1010, #1008));
#7045 = FACE_OUTER_BOUND('', #7044, .T.);
#7046 = FACETED_BREP_SHAPE_REPRESENTATION('', (#7045), #8);
#7047 = POLY_LOOP('', (#1004, #1006, #1010));
#7048 = FACE_OUTER_BOUND('', #7047, .T.);
#7049 = FACETED_BREP_SHAPE_REPRESENTATION('', (#7048), #8);
#7050 = POLY_LOOP('', (#1005, #1009, #1011));
#7051 = FACE_OUTER_BOUND('', #7050, .T.);
#7052 = FACETED_BREP_SHAPE_REPRESENTATION('', (#7051), #8);
#7053 = POLY_LOOP('', (#1005, #1011, #1007));
#7054 = FACE_OUTER_BOUND('', #7053, .T.);
#7055 = FACETED_BREP_SHAPE_REPRESENTATION('', (#7054), #8);
#7056 = POLY_LOOP('', (#1008, #1012, #1013));
#7057 = FACE_OUTER_BOUND('', #7056, .T.);
#7058 = FACETED_BREP_SHAPE_REPRESENTATION('', (#7057), #8);
#7059 = POLY_LOOP('', (#1008, #1013, #1009));
#7060 = FACE_OUTER_BOUND('', #7059, .T.);
#7061 = FACETED_BREP_SHAPE_REPRESENTATION('', (#7060), #8);
#7062 = POLY_LOOP('', (#1010, #1015, #1014));
#7063 = FACE_OUTER_BOUND('', #7062, .T.);
#7064 = FACETED_BREP_SHAPE_REPRESENTATION('', (#7063), #8);
#7065 = POLY_LOOP('', (#1010, #1011, #1015));
#7066 = FACE_OUTER_BOUND('', #7065, .T.);
#7067 = FACETED_BREP_SHAPE_REPRESENTATION('', (#7066), #8);
#7068 = POLY_LOOP('', (#1008, #1014, #1012));
#7069 = FACE_OUTER_BOUND('', #7068, .T.);
#7070 = FACETED_BREP_SHAPE_REPRESENTATION('', (#7069), #8);
#7071 = POLY_LOOP('', (#1008, #1010, #1014));
#7072 = FACE_OUTER_BOUND('', #7071, .T.);
#7073 = FACETED_BREP_SHAPE_REPRESENTATION('', (#7072), #8);
#7074 = POLY_LOOP('', (#1009, #1013, #1015));
#7075 = FACE_OUTER_BOUND('', #7074, .T.);
#7076 = FACETED_BREP_SHAPE_REPRESENTATION('', (#7075), #8);
#7077 = POLY_LOOP('', (#1009, #1015, #1011));
#7078 = FACE_OUTER_BOUND('', #7077, .T.);
#7079 = FACETED_BREP_SHAPE_REPRESENTATION('', (#7078), #8);
#7080 = POLY_LOOP('', (#1012, #1016, #1017));
#7081 = FACE_OUTER_BOUND('', #7080, .T.);
#7082 = FACETED_BREP_SHAPE_REPRESENTATION('', (#7081), #8);
#7083 = POLY_LOOP('', (#1012, #1017, #1013));
#7084 = FACE_OUTER_BOUND('', #7083, .T.);
#7085 = FACETED_BREP_SHAPE_REPRESENTATION('', (#7084), #8);
#7086 = POLY_LOOP('', (#1014, #1019, #1018));
#7087 = FACE_OUTER_BOUND('', #7086, .T.);
#7088 = FACETED_BREP_SHAPE_REPRESENTATION('', (#7087), #8);
#7089 = POLY_LOOP('', (#1014, #1015, #1019));
#7090 = FACE_OUTER_BOUND('', #7089, .T.);
#7091 = FACETED_BREP_SHAPE_REPRESENTATION('', (#7090), #8);
#7092 = POLY_LOOP('', (#1012, #1018, #1016));
#7093 = FACE_OUTER_BOUND('', #7092, .T.);
#7094 = FACETED_BREP_SHAPE_REPRESENTATION('', (#7093), #8);
#7095 = POLY_LOOP('', (#1012, #1014, #1018));
#7096 = FACE_OUTER_BOUND('', #7095, .T.);
#7097 = FACETED_BREP_SHAPE_REPRESENTATION('', (#7096), #8);
#7098 = POLY_LOOP('', (#1013, #1017, #1019));
#7099 = FACE_OUTER_BOUND('', #7098, .T.);
#7100 = FACETED_BREP_SHAPE_REPRESENTATION('', (#7099), #8);
#7101 = POLY_LOOP('', (#1013, #1019, #1015));
#7102 = FACE_OUTER_BOUND('', #7101, .T.);
#7103 = FACETED_BREP_SHAPE_REPRESENTATION('', (#7102), #8);
#7104 = POLY_LOOP('', (#1020, #1024, #1025));
#7105 = FACE_OUTER_BOUND('', #7104, .T.);
#7106 = FACETED_BREP_SHAPE_REPRESENTATION('', (#7105), #8);
#7107 = POLY_LOOP('', (#1020, #1025, #1021));
#7108 = FACE_OUTER_BOUND('', #7107, .T.);
#7109 = FACETED_BREP_SHAPE_REPRESENTATION('', (#7108), #8);
#7110 = POLY_LOOP('', (#1022, #1027, #1026));
#7111 = FACE_OUTER_BOUND('', #7110, .T.);
#7112 = FACETED_BREP_SHAPE_REPRESENTATION('', (#7111), #8);
#7113 = POLY_LOOP('', (#1022, #1023, #1027));
#7114 = FACE_OUTER_BOUND('', #7113, .T.);
#7115 = FACETED_BREP_SHAPE_REPRESENTATION('', (#7114), #8);
#7116 = POLY_LOOP('', (#1020, #1026, #1024));
#7117 = FACE_OUTER_BOUND('', #7116, .T.);
#7118 = FACETED_BREP_SHAPE_REPRESENTATION('', (#7117), #8);
#7119 = POLY_LOOP('', (#1020, #1022, #1026));
#7120 = FACE_OUTER_BOUND('', #7119, .T.);
#7121 = FACETED_BREP_SHAPE_REPRESENTATION('', (#7120), #8);
#7122 = POLY_LOOP('', (#1021, #1025, #1027));
#7123 = FACE_OUTER_BOUND('', #7122, .T.);
#7124 = FACETED_BREP_SHAPE_REPRESENTATION('', (#7123), #8);
#7125 = POLY_LOOP('', (#1021, #1027, #1023));
#7126 = FACE_OUTER_BOUND('', #7125, .T.);
#7127 = FACETED_BREP_SHAPE_REPRESENTATION('', (#7126), #8);
#7128 = POLY_LOOP('', (#1024, #1028, #1029));
#7129 = FACE_OUTER_BOUND('', #7128, .T.);
#7130 = FACETED_BREP_SHAPE_REPRESENTATION('', (#7129), #8);
#7131 = POLY_LOOP('', (#1024, #1029, #1025));
#7132 = FACE_OUTER_BOUND('', #7131, .T.);
#7133 = FACETED_BREP_SHAPE_REPRESENTATION('', (#7132), #8);
#7134 = POLY_LOOP('', (#1026, #1031, #1030));
#7135 = FACE_OUTER_BOUND('', #7134, .T.);
#7136 = FACETED_BREP_SHAPE_REPRESENTATION('', (#7135), #8);
#7137 = POLY_LOOP('', (#1026, #1027, #1031));
#7138 = FACE_OUTER_BOUND('', #7137, .T.);
#7139 = FACETED_BREP_SHAPE_REPRESENTATION('', (#7138), #8);
#7140 = POLY_LOOP('', (#1024, #1030, #1028));
#7141 = FACE_OUTER_BOUND('', #7140, .T.);
#7142 = FACETED_BREP_SHAPE_REPRESENTATION('', (#7141), #8);
#7143 = POLY_LOOP('', (#1024, #1026, #1030));
#7144 = FACE_OUTER_BOUND('', #7143, .T.);
#7145 = FACETED_BREP_SHAPE_REPRESENTATION('', (#7144), #8);
#7146 = POLY_LOOP('', (#1025, #1029, #1031));
#7147 = FACE_OUTER_BOUND('', #7146, .T.);
#7148 = FACETED_BREP_SHAPE_REPRESENTATION('', (#7147), #8);
#7149 = POLY_LOOP('', (#1025, #1031, #1027));
#7150 = FACE_OUTER_BOUND('', #7149, .T.);
#7151 = FACETED_BREP_SHAPE_REPRESENTATION('', (#7150), #8);
#7152 = POLY_LOOP('', (#1028, #1032, #1033));
#7153 = FACE_OUTER_BOUND('', #7152, .T.);
#7154 = FACETED_BREP_SHAPE_REPRESENTATION('', (#7153), #8);
#7155 = POLY_LOOP('', (#1028, #1033, #1029));
#7156 = FACE_OUTER_BOUND('', #7155, .T.);
#7157 = FACETED_BREP_SHAPE_REPRESENTATION('', (#7156), #8);
#7158 = POLY_LOOP('', (#1030, #1035, #1034));
#7159 = FACE_OUTER_BOUND('', #7158, .T.);
#7160 = FACETED_BREP_SHAPE_REPRESENTATION('', (#7159), #8);
#7161 = POLY_LOOP('', (#1030, #1031, #1035));
#7162 = FACE_OUTER_BOUND('', #7161, .T.);
#7163 = FACETED_BREP_SHAPE_REPRESENTATION('', (#7162), #8);
#7164 = POLY_LOOP('', (#1028, #1034, #1032));
#7165 = FACE_OUTER_BOUND('', #7164, .T.);
#7166 = FACETED_BREP_SHAPE_REPRESENTATION('', (#7165), #8);
#7167 = POLY_LOOP('', (#1028, #1030, #1034));
#7168 = FACE_OUTER_BOUND('', #7167, .T.);
#7169 = FACETED_BREP_SHAPE_REPRESENTATION('', (#7168), #8);
#7170 = POLY_LOOP('', (#1029, #1033, #1035));
#7171 = FACE_OUTER_BOUND('', #7170, .T.);
#7172 = FACETED_BREP_SHAPE_REPRESENTATION('', (#7171), #8);
#7173 = POLY_LOOP('', (#1029, #1035, #1031));
#7174 = FACE_OUTER_BOUND('', #7173, .T.);
#7175 = FACETED_BREP_SHAPE_REPRESENTATION('', (#7174), #8);
#7176 = POLY_LOOP('', (#1032, #1036, #1037));
#7177 = FACE_OUTER_BOUND('', #7176, .T.);
#7178 = FACETED_BREP_SHAPE_REPRESENTATION('', (#7177), #8);
#7179 = POLY_LOOP('', (#1032, #1037, #1033));
#7180 = FACE_OUTER_BOUND('', #7179, .T.);
#7181 = FACETED_BREP_SHAPE_REPRESENTATION('', (#7180), #8);
#7182 = POLY_LOOP('', (#1034, #1039, #1038));
#7183 = FACE_OUTER_BOUND('', #7182, .T.);
#7184 = FACETED_BREP_SHAPE_REPRESENTATION('', (#7183), #8);
#7185 = POLY_LOOP('', (#1034, #1035, #1039));
#7186 = FACE_OUTER_BOUND('', #7185, .T.);
#7187 = FACETED_BREP_SHAPE_REPRESENTATION('', (#7186), #8);
#7188 = POLY_LOOP('', (#1032, #1038, #1036));
#7189 = FACE_OUTER_BOUND('', #7188, .T.);
#7190 = FACETED_BREP_SHAPE_REPRESENTATION('', (#7189), #8);
#7191 = POLY_LOOP('', (#1032, #1034, #1038));
#7192 = FACE_OUTER_BOUND('', #7191, .T.);
#7193 = FACETED_BREP_SHAPE_REPRESENTATION('', (#7192), #8);
#7194 = POLY_LOOP('', (#1033, #1037, #1039));
#7195 = FACE_OUTER_BOUND('', #7194, .T.);
#7196 = FACETED_BREP_SHAPE_REPRESENTATION('', (#7195), #8);
#7197 = POLY_LOOP('', (#1033, #1039, #1035));
#7198 = FACE_OUTER_BOUND('', #7197, .T.);
#7199 = FACETED_BREP_SHAPE_REPRESENTATION('', (#7198), #8);
#7200 = POLY_LOOP('', (#1036, #1040, #1041));
#7201 = FACE_OUTER_BOUND('', #7200, .T.);
#7202 = FACETED_BREP_SHAPE_REPRESENTATION('', (#7201), #8);
#7203 = POLY_LOOP('', (#1036, #1041, #1037));
#7204 = FACE_OUTER_BOUND('', #7203, .T.);
#7205 = FACETED_BREP_SHAPE_REPRESENTATION('', (#7204), #8);
#7206 = POLY_LOOP('', (#1038, #1043, #1042));
#7207 = FACE_OUTER_BOUND('', #7206, .T.);
#7208 = FACETED_BREP_SHAPE_REPRESENTATION('', (#7207), #8);
#7209 = POLY_LOOP('', (#1038, #1039, #1043));
#7210 = FACE_OUTER_BOUND('', #7209, .T.);
#7211 = FACETED_BREP_SHAPE_REPRESENTATION('', (#7210), #8);
#7212 = POLY_LOOP('', (#1036, #1042, #1040));
#7213 = FACE_OUTER_BOUND('', #7212, .T.);
#7214 = FACETED_BREP_SHAPE_REPRESENTATION('', (#7213), #8);
#7215 = POLY_LOOP('', (#1036, #1038, #1042));
#7216 = FACE_OUTER_BOUND('', #7215, .T.);
#7217 = FACETED_BREP_SHAPE_REPRESENTATION('', (#7216), #8);
#7218 = POLY_LOOP('', (#1037, #1041, #1043));
#7219 = FACE_OUTER_BOUND('', #7218, .T.);
#7220 = FACETED_BREP_SHAPE_REPRESENTATION('', (#7219), #8);
#7221 = POLY_LOOP('', (#1037, #1043, #1039));
#7222 = FACE_OUTER_BOUND('', #7221, .T.);
#7223 = FACETED_BREP_SHAPE_REPRESENTATION('', (#7222), #8);
#7224 = POLY_LOOP('', (#1040, #1044, #1045));
#7225 = FACE_OUTER_BOUND('', #7224, .T.);
#7226 = FACETED_BREP_SHAPE_REPRESENTATION('', (#7225), #8);
#7227 = POLY_LOOP('', (#1040, #1045, #1041));
#7228 = FACE_OUTER_BOUND('', #7227, .T.);
#7229 = FACETED_BREP_SHAPE_REPRESENTATION('', (#7228), #8);
#7230 = POLY_LOOP('', (#1042, #1047, #1046));
#7231 = FACE_OUTER_BOUND('', #7230, .T.);
#7232 = FACETED_BREP_SHAPE_REPRESENTATION('', (#7231), #8);
#7233 = POLY_LOOP('', (#1042, #1043, #1047));
#7234 = FACE_OUTER_BOUND('', #7233, .T.);
#7235 = FACETED_BREP_SHAPE_REPRESENTATION('', (#7234), #8);
#7236 = POLY_LOOP('', (#1040, #1046, #1044));
#7237 = FACE_OUTER_BOUND('', #7236, .T.);
#7238 = FACETED_BREP_SHAPE_REPRESENTATION('', (#7237), #8);
#7239 = POLY_LOOP('', (#1040, #1042, #1046));
#7240 = FACE_OUTER_BOUND('', #7239, .T.);
#7241 = FACETED_BREP_SHAPE_REPRESENTATION('', (#7240), #8);
#7242 = POLY_LOOP('', (#1041, #1045, #1047));
#7243 = FACE_OUTER_BOUND('', #7242, .T.);
#7244 = FACETED_BREP_SHAPE_REPRESENTATION('', (#7243), #8);
#7245 = POLY_LOOP('', (#1041, #1047, #1043));
#7246 = FACE_OUTER_BOUND('', #7245, .T.);
#7247 = FACETED_BREP_SHAPE_REPRESENTATION('', (#7246), #8);
#7248 = POLY_LOOP('', (#1044, #1048, #1049));
#7249 = FACE_OUTER_BOUND('', #7248, .T.);
#7250 = FACETED_BREP_SHAPE_REPRESENTATION('', (#7249), #8);
#7251 = POLY_LOOP('', (#1044, #1049, #1045));
#7252 = FACE_OUTER_BOUND('', #7251, .T.);
#7253 = FACETED_BREP_SHAPE_REPRESENTATION('', (#7252), #8);
#7254 = POLY_LOOP('', (#1046, #1051, #1050));
#7255 = FACE_OUTER_BOUND('', #7254, .T.);
#7256 = FACETED_BREP_SHAPE_REPRESENTATION('', (#7255), #8);
#7257 = POLY_LOOP('', (#1046, #1047, #1051));
#7258 = FACE_OUTER_BOUND('', #7257, .T.);
#7259 = FACETED_BREP_SHAPE_REPRESENTATION('', (#7258), #8);
#7260 = POLY_LOOP('', (#1044, #1050, #1048));
#7261 = FACE_OUTER_BOUND('', #7260, .T.);
#7262 = FACETED_BREP_SHAPE_REPRESENTATION('', (#7261), #8);
#7263 = POLY_LOOP('', (#1044, #1046, #1050));
#7264 = FACE_OUTER_BOUND('', #7263, .T.);
#7265 = FACETED_BREP_SHAPE_REPRESENTATION('', (#7264), #8);
#7266 = POLY_LOOP('', (#1045, #1049, #1051));
#7267 = FACE_OUTER_BOUND('', #7266, .T.);
#7268 = FACETED_BREP_SHAPE_REPRESENTATION('', (#7267), #8);
#7269 = POLY_LOOP('', (#1045, #1051, #1047));
#7270 = FACE_OUTER_BOUND('', #7269, .T.);
#7271 = FACETED_BREP_SHAPE_REPRESENTATION('', (#7270), #8);
#7272 = POLY_LOOP('', (#1048, #1052, #1053));
#7273 = FACE_OUTER_BOUND('', #7272, .T.);
#7274 = FACETED_BREP_SHAPE_REPRESENTATION('', (#7273), #8);
#7275 = POLY_LOOP('', (#1048, #1053, #1049));
#7276 = FACE_OUTER_BOUND('', #7275, .T.);
#7277 = FACETED_BREP_SHAPE_REPRESENTATION('', (#7276), #8);
#7278 = POLY_LOOP('', (#1050, #1055, #1054));
#7279 = FACE_OUTER_BOUND('', #7278, .T.);
#7280 = FACETED_BREP_SHAPE_REPRESENTATION('', (#7279), #8);
#7281 = POLY_LOOP('', (#1050, #1051, #1055));
#7282 = FACE_OUTER_BOUND('', #7281, .T.);
#7283 = FACETED_BREP_SHAPE_REPRESENTATION('', (#7282), #8);
#7284 = POLY_LOOP('', (#1048, #1054, #1052));
#7285 = FACE_OUTER_BOUND('', #7284, .T.);
#7286 = FACETED_BREP_SHAPE_REPRESENTATION('', (#7285), #8);
#7287 = POLY_LOOP('', (#1048, #1050, #1054));
#7288 = FACE_OUTER_BOUND('', #7287, .T.);
#7289 = FACETED_BREP_SHAPE_REPRESENTATION('', (#7288), #8);
#7290 = POLY_LOOP('', (#1049, #1053, #1055));
#7291 = FACE_OUTER_BOUND('', #7290, .T.);
#7292 = FACETED_BREP_SHAPE_REPRESENTATION('', (#7291), #8);
#7293 = POLY_LOOP('', (#1049, #1055, #1051));
#7294 = FACE_OUTER_BOUND('', #7293, .T.);
#7295 = FACETED_BREP_SHAPE_REPRESENTATION('', (#7294), #8);
#7296 = POLY_LOOP('', (#1052, #1056, #1057));
#7297 = FACE_OUTER_BOUND('', #7296, .T.);
#7298 = FACETED_BREP_SHAPE_REPRESENTATION('', (#7297), #8);
#7299 = POLY_LOOP('', (#1052, #1057, #1053));
#7300 = FACE_OUTER_BOUND('', #7299, .T.);
#7301 = FACETED_BREP_SHAPE_REPRESENTATION('', (#7300), #8);
#7302 = POLY_LOOP('', (#1054, #1059, #1058));
#7303 = FACE_OUTER_BOUND('', #7302, .T.);
#7304 = FACETED_BREP_SHAPE_REPRESENTATION('', (#7303), #8);
#7305 = POLY_LOOP('', (#1054, #1055, #1059));
#7306 = FACE_OUTER_BOUND('', #7305, .T.);
#7307 = FACETED_BREP_SHAPE_REPRESENTATION('', (#7306), #8);
#7308 = POLY_LOOP('', (#1052, #1058, #1056));
#7309 = FACE_OUTER_BOUND('', #7308, .T.);
#7310 = FACETED_BREP_SHAPE_REPRESENTATION('', (#7309), #8);
#7311 = POLY_LOOP('', (#1052, #1054, #1058));
#7312 = FACE_OUTER_BOUND('', #7311, .T.);
#7313 = FACETED_BREP_SHAPE_REPRESENTATION('', (#7312), #8);
#7314 = POLY_LOOP('', (#1053, #1057, #1059));
#7315 = FACE_OUTER_BOUND('', #7314, .T.);
#7316 = FACETED_BREP_SHAPE_REPRESENTATION('', (#7315), #8);
#7317 = POLY_LOOP('', (#1053, #1059, #1055));
#7318 = FACE_OUTER_BOUND('', #7317, .T.);
#7319 = FACETED_BREP_SHAPE_REPRESENTATION('', (#7318), #8);
#7320 = POLY_LOOP('', (#1056, #1060, #1061));
#7321 = FACE_OUTER_BOUND('', #7320, .T.);
#7322 = FACETED_BREP_SHAPE_REPRESENTATION('', (#7321), #8);
#7323 = POLY_LOOP('', (#1056, #1061, #1057));
#7324 = FACE_OUTER_BOUND('', #7323, .T.);
#7325 = FACETED_BREP_SHAPE_REPRESENTATION('', (#7324), #8);
#7326 = POLY_LOOP('', (#1058, #1063, #1062));
#7327 = FACE_OUTER_BOUND('', #7326, .T.);
#7328 = FACETED_BREP_SHAPE_REPRESENTATION('', (#7327), #8);
#7329 = POLY_LOOP('', (#1058, #1059, #1063));
#7330 = FACE_OUTER_BOUND('', #7329, .T.);
#7331 = FACETED_BREP_SHAPE_REPRESENTATION('', (#7330), #8);
#7332 = POLY_LOOP('', (#1056, #1062, #1060));
#7333 = FACE_OUTER_BOUND('', #7332, .T.);
#7334 = FACETED_BREP_SHAPE_REPRESENTATION('', (#7333), #8);
#7335 = POLY_LOOP('', (#1056, #1058, #1062));
#7336 = FACE_OUTER_BOUND('', #7335, .T.);
#7337 = FACETED_BREP_SHAPE_REPRESENTATION('', (#7336), #8);
#7338 = POLY_LOOP('', (#1057, #1061, #1063));
#7339 = FACE_OUTER_BOUND('', #7338, .T.);
#7340 = FACETED_BREP_SHAPE_REPRESENTATION('', (#7339), #8);
#7341 = POLY_LOOP('', (#1057, #1063, #1059));
#7342 = FACE_OUTER_BOUND('', #7341, .T.);
#7343 = FACETED_BREP_SHAPE_REPRESENTATION('', (#7342), #8);
#7344 = POLY_LOOP('', (#1060, #1064, #1065));
#7345 = FACE_OUTER_BOUND('', #7344, .T.);
#7346 = FACETED_BREP_SHAPE_REPRESENTATION('', (#7345), #8);
#7347 = POLY_LOOP('', (#1060, #1065, #1061));
#7348 = FACE_OUTER_BOUND('', #7347, .T.);
#7349 = FACETED_BREP_SHAPE_REPRESENTATION('', (#7348), #8);
#7350 = POLY_LOOP('', (#1062, #1067, #1066));
#7351 = FACE_OUTER_BOUND('', #7350, .T.);
#7352 = FACETED_BREP_SHAPE_REPRESENTATION('', (#7351), #8);
#7353 = POLY_LOOP('', (#1062, #1063, #1067));
#7354 = FACE_OUTER_BOUND('', #7353, .T.);
#7355 = FACETED_BREP_SHAPE_REPRESENTATION('', (#7354), #8);
#7356 = POLY_LOOP('', (#1060, #1066, #1064));
#7357 = FACE_OUTER_BOUND('', #7356, .T.);
#7358 = FACETED_BREP_SHAPE_REPRESENTATION('', (#7357), #8);
#7359 = POLY_LOOP('', (#1060, #1062, #1066));
#7360 = FACE_OUTER_BOUND('', #7359, .T.);
#7361 = FACETED_BREP_SHAPE_REPRESENTATION('', (#7360), #8);
#7362 = POLY_LOOP('', (#1061, #1065, #1067));
#7363 = FACE_OUTER_BOUND('', #7362, .T.);
#7364 = FACETED_BREP_SHAPE_REPRESENTATION('', (#7363), #8);
#7365 = POLY_LOOP('', (#1061, #1067, #1063));
#7366 = FACE_OUTER_BOUND('', #7365, .T.);
#7367 = FACETED_BREP_SHAPE_REPRESENTATION('', (#7366), #8);
#7368 = POLY_LOOP('', (#1064, #1068, #1069));
#7369 = FACE_OUTER_BOUND('', #7368, .T.);
#7370 = FACETED_BREP_SHAPE_REPRESENTATION('', (#7369), #8);
#7371 = POLY_LOOP('', (#1064, #1069, #1065));
#7372 = FACE_OUTER_BOUND('', #7371, .T.);
#7373 = FACETED_BREP_SHAPE_REPRESENTATION('', (#7372), #8);
#7374 = POLY_LOOP('', (#1066, #1071, #1070));
#7375 = FACE_OUTER_BOUND('', #7374, .T.);
#7376 = FACETED_BREP_SHAPE_REPRESENTATION('', (#7375), #8);
#7377 = POLY_LOOP('', (#1066, #1067, #1071));
#7378 = FACE_OUTER_BOUND('', #7377, .T.);
#7379 = FACETED_BREP_SHAPE_REPRESENTATION('', (#7378), #8);
#7380 = POLY_LOOP('', (#1064, #1070, #1068));
#7381 = FACE_OUTER_BOUND('', #7380, .T.);
#7382 = FACETED_BREP_SHAPE_REPRESENTATION('', (#7381), #8);
#7383 = POLY_LOOP('', (#1064, #1066, #1070));
#7384 = FACE_OUTER_BOUND('', #7383, .T.);
#7385 = FACETED_BREP_SHAPE_REPRESENTATION('', (#7384), #8);
#7386 = POLY_LOOP('', (#1065, #1069, #1071));
#7387 = FACE_OUTER_BOUND('', #7386, .T.);
#7388 = FACETED_BREP_SHAPE_REPRESENTATION('', (#7387), #8);
#7389 = POLY_LOOP('', (#1065, #1071, #1067));
#7390 = FACE_OUTER_BOUND('', #7389, .T.);
#7391 = FACETED_BREP_SHAPE_REPRESENTATION('', (#7390), #8);
#7392 = POLY_LOOP('', (#1068, #1072, #1073));
#7393 = FACE_OUTER_BOUND('', #7392, .T.);
#7394 = FACETED_BREP_SHAPE_REPRESENTATION('', (#7393), #8);
#7395 = POLY_LOOP('', (#1068, #1073, #1069));
#7396 = FACE_OUTER_BOUND('', #7395, .T.);
#7397 = FACETED_BREP_SHAPE_REPRESENTATION('', (#7396), #8);
#7398 = POLY_LOOP('', (#1070, #1075, #1074));
#7399 = FACE_OUTER_BOUND('', #7398, .T.);
#7400 = FACETED_BREP_SHAPE_REPRESENTATION('', (#7399), #8);
#7401 = POLY_LOOP('', (#1070, #1071, #1075));
#7402 = FACE_OUTER_BOUND('', #7401, .T.);
#7403 = FACETED_BREP_SHAPE_REPRESENTATION('', (#7402), #8);
#7404 = POLY_LOOP('', (#1068, #1074, #1072));
#7405 = FACE_OUTER_BOUND('', #7404, .T.);
#7406 = FACETED_BREP_SHAPE_REPRESENTATION('', (#7405), #8);
#7407 = POLY_LOOP('', (#1068, #1070, #1074));
#7408 = FACE_OUTER_BOUND('', #7407, .T.);
#7409 = FACETED_BREP_SHAPE_REPRESENTATION('', (#7408), #8);
#7410 = POLY_LOOP('', (#1069, #1073, #1075));
#7411 = FACE_OUTER_BOUND('', #7410, .T.);
#7412 = FACETED_BREP_SHAPE_REPRESENTATION('', (#7411), #8);
#7413 = POLY_LOOP('', (#1069, #1075, #1071));
#7414 = FACE_OUTER_BOUND('', #7413, .T.);
#7415 = FACETED_BREP_SHAPE_REPRESENTATION('', (#7414), #8);
#7416 = POLY_LOOP('', (#1072, #1076, #1077));
#7417 = FACE_OUTER_BOUND('', #7416, .T.);
#7418 = FACETED_BREP_SHAPE_REPRESENTATION('', (#7417), #8);
#7419 = POLY_LOOP('', (#1072, #1077, #1073));
#7420 = FACE_OUTER_BOUND('', #7419, .T.);
#7421 = FACETED_BREP_SHAPE_REPRESENTATION('', (#7420), #8);
#7422 = POLY_LOOP('', (#1074, #1079, #1078));
#7423 = FACE_OUTER_BOUND('', #7422, .T.);
#7424 = FACETED_BREP_SHAPE_REPRESENTATION('', (#7423), #8);
#7425 = POLY_LOOP('', (#1074, #1075, #1079));
#7426 = FACE_OUTER_BOUND('', #7425, .T.);
#7427 = FACETED_BREP_SHAPE_REPRESENTATION('', (#7426), #8);
#7428 = POLY_LOOP('', (#1072, #1078, #1076));
#7429 = FACE_OUTER_BOUND('', #7428, .T.);
#7430 = FACETED_BREP_SHAPE_REPRESENTATION('', (#7429), #8);
#7431 = POLY_LOOP('', (#1072, #1074, #1078));
#7432 = FACE_OUTER_BOUND('', #7431, .T.);
#7433 = FACETED_BREP_SHAPE_REPRESENTATION('', (#7432), #8);
#7434 = POLY_LOOP('', (#1073, #1077, #1079));
#7435 = FACE_OUTER_BOUND('', #7434, .T.);
#7436 = FACETED_BREP_SHAPE_REPRESENTATION('', (#7435), #8);
#7437 = POLY_LOOP('', (#1073, #1079, #1075));
#7438 = FACE_OUTER_BOUND('', #7437, .T.);
#7439 = FACETED_BREP_SHAPE_REPRESENTATION('', (#7438), #8);
#7440 = POLY_LOOP('', (#1080, #1084, #1085));
#7441 = FACE_OUTER_BOUND('', #7440, .T.);
#7442 = FACETED_BREP_SHAPE_REPRESENTATION('', (#7441), #8);
#7443 = POLY_LOOP('', (#1080, #1085, #1081));
#7444 = FACE_OUTER_BOUND('', #7443, .T.);
#7445 = FACETED_BREP_SHAPE_REPRESENTATION('', (#7444), #8);
#7446 = POLY_LOOP('', (#1082, #1087, #1086));
#7447 = FACE_OUTER_BOUND('', #7446, .T.);
#7448 = FACETED_BREP_SHAPE_REPRESENTATION('', (#7447), #8);
#7449 = POLY_LOOP('', (#1082, #1083, #1087));
#7450 = FACE_OUTER_BOUND('', #7449, .T.);
#7451 = FACETED_BREP_SHAPE_REPRESENTATION('', (#7450), #8);
#7452 = POLY_LOOP('', (#1080, #1086, #1084));
#7453 = FACE_OUTER_BOUND('', #7452, .T.);
#7454 = FACETED_BREP_SHAPE_REPRESENTATION('', (#7453), #8);
#7455 = POLY_LOOP('', (#1080, #1082, #1086));
#7456 = FACE_OUTER_BOUND('', #7455, .T.);
#7457 = FACETED_BREP_SHAPE_REPRESENTATION('', (#7456), #8);
#7458 = POLY_LOOP('', (#1081, #1085, #1087));
#7459 = FACE_OUTER_BOUND('', #7458, .T.);
#7460 = FACETED_BREP_SHAPE_REPRESENTATION('', (#7459), #8);
#7461 = POLY_LOOP('', (#1081, #1087, #1083));
#7462 = FACE_OUTER_BOUND('', #7461, .T.);
#7463 = FACETED_BREP_SHAPE_REPRESENTATION('', (#7462), #8);
#7464 = POLY_LOOP('', (#1084, #1088, #1089));
#7465 = FACE_OUTER_BOUND('', #7464, .T.);
#7466 = FACETED_BREP_SHAPE_REPRESENTATION('', (#7465), #8);
#7467 = POLY_LOOP('', (#1084, #1089, #1085));
#7468 = FACE_OUTER_BOUND('', #7467, .T.);
#7469 = FACETED_BREP_SHAPE_REPRESENTATION('', (#7468), #8);
#7470 = POLY_LOOP('', (#1086, #1091, #1090));
#7471 = FACE_OUTER_BOUND('', #7470, .T.);
#7472 = FACETED_BREP_SHAPE_REPRESENTATION('', (#7471), #8);
#7473 = POLY_LOOP('', (#1086, #1087, #1091));
#7474 = FACE_OUTER_BOUND('', #7473, .T.);
#7475 = FACETED_BREP_SHAPE_REPRESENTATION('', (#7474), #8);
#7476 = POLY_LOOP('', (#1084, #1090, #1088));
#7477 = FACE_OUTER_BOUND('', #7476, .T.);
#7478 = FACETED_BREP_SHAPE_REPRESENTATION('', (#7477), #8);
#7479 = POLY_LOOP('', (#1084, #1086, #1090));
#7480 = FACE_OUTER_BOUND('', #7479, .T.);
#7481 = FACETED_BREP_SHAPE_REPRESENTATION('', (#7480), #8);
#7482 = POLY_LOOP('', (#1085, #1089, #1091));
#7483 = FACE_OUTER_BOUND('', #7482, .T.);
#7484 = FACETED_BREP_SHAPE_REPRESENTATION('', (#7483), #8);
#7485 = POLY_LOOP('', (#1085, #1091, #1087));
#7486 = FACE_OUTER_BOUND('', #7485, .T.);
#7487 = FACETED_BREP_SHAPE_REPRESENTATION('', (#7486), #8);
#7488 = POLY_LOOP('', (#1088, #1092, #1093));
#7489 = FACE_OUTER_BOUND('', #7488, .T.);
#7490 = FACETED_BREP_SHAPE_REPRESENTATION('', (#7489), #8);
#7491 = POLY_LOOP('', (#1088, #1093, #1089));
#7492 = FACE_OUTER_BOUND('', #7491, .T.);
#7493 = FACETED_BREP_SHAPE_REPRESENTATION('', (#7492), #8);
#7494 = POLY_LOOP('', (#1090, #1095, #1094));
#7495 = FACE_OUTER_BOUND('', #7494, .T.);
#7496 = FACETED_BREP_SHAPE_REPRESENTATION('', (#7495), #8);
#7497 = POLY_LOOP('', (#1090, #1091, #1095));
#7498 = FACE_OUTER_BOUND('', #7497, .T.);
#7499 = FACETED_BREP_SHAPE_REPRESENTATION('', (#7498), #8);
#7500 = POLY_LOOP('', (#1088, #1094, #1092));
#7501 = FACE_OUTER_BOUND('', #7500, .T.);
#7502 = FACETED_BREP_SHAPE_REPRESENTATION('', (#7501), #8);
#7503 = POLY_LOOP('', (#1088, #1090, #1094));
#7504 = FACE_OUTER_BOUND('', #7503, .T.);
#7505 = FACETED_BREP_SHAPE_REPRESENTATION('', (#7504), #8);
#7506 = POLY_LOOP('', (#1089, #1093, #1095));
#7507 = FACE_OUTER_BOUND('', #7506, .T.);
#7508 = FACETED_BREP_SHAPE_REPRESENTATION('', (#7507), #8);
#7509 = POLY_LOOP('', (#1089, #1095, #1091));
#7510 = FACE_OUTER_BOUND('', #7509, .T.);
#7511 = FACETED_BREP_SHAPE_REPRESENTATION('', (#7510), #8);
#7512 = POLY_LOOP('', (#1092, #1096, #1097));
#7513 = FACE_OUTER_BOUND('', #7512, .T.);
#7514 = FACETED_BREP_SHAPE_REPRESENTATION('', (#7513), #8);
#7515 = POLY_LOOP('', (#1092, #1097, #1093));
#7516 = FACE_OUTER_BOUND('', #7515, .T.);
#7517 = FACETED_BREP_SHAPE_REPRESENTATION('', (#7516), #8);
#7518 = POLY_LOOP('', (#1094, #1099, #1098));
#7519 = FACE_OUTER_BOUND('', #7518, .T.);
#7520 = FACETED_BREP_SHAPE_REPRESENTATION('', (#7519), #8);
#7521 = POLY_LOOP('', (#1094, #1095, #1099));
#7522 = FACE_OUTER_BOUND('', #7521, .T.);
#7523 = FACETED_BREP_SHAPE_REPRESENTATION('', (#7522), #8);
#7524 = POLY_LOOP('', (#1092, #1098, #1096));
#7525 = FACE_OUTER_BOUND('', #7524, .T.);
#7526 = FACETED_BREP_SHAPE_REPRESENTATION('', (#7525), #8);
#7527 = POLY_LOOP('', (#1092, #1094, #1098));
#7528 = FACE_OUTER_BOUND('', #7527, .T.);
#7529 = FACETED_BREP_SHAPE_REPRESENTATION('', (#7528), #8);
#7530 = POLY_LOOP('', (#1093, #1097, #1099));
#7531 = FACE_OUTER_BOUND('', #7530, .T.);
#7532 = FACETED_BREP_SHAPE_REPRESENTATION('', (#7531), #8);
#7533 = POLY_LOOP('', (#1093, #1099, #1095));
#7534 = FACE_OUTER_BOUND('', #7533, .T.);
#7535 = FACETED_BREP_SHAPE_REPRESENTATION('', (#7534), #8);
#7536 = POLY_LOOP('', (#1096, #1100, #1101));
#7537 = FACE_OUTER_BOUND('', #7536, .T.);
#7538 = FACETED_BREP_SHAPE_REPRESENTATION('', (#7537), #8);
#7539 = POLY_LOOP('', (#1096, #1101, #1097));
#7540 = FACE_OUTER_BOUND('', #7539, .T.);
#7541 = FACETED_BREP_SHAPE_REPRESENTATION('', (#7540), #8);
#7542 = POLY_LOOP('', (#1098, #1103, #1102));
#7543 = FACE_OUTER_BOUND('', #7542, .T.);
#7544 = FACETED_BREP_SHAPE_REPRESENTATION('', (#7543), #8);
#7545 = POLY_LOOP('', (#1098, #1099, #1103));
#7546 = FACE_OUTER_BOUND('', #7545, .T.);
#7547 = FACETED_BREP_SHAPE_REPRESENTATION('', (#7546), #8);
#7548 = POLY_LOOP('', (#1096, #1102, #1100));
#7549 = FACE_OUTER_BOUND('', #7548, .T.);
#7550 = FACETED_BREP_SHAPE_REPRESENTATION('', (#7549), #8);
#7551 = POLY_LOOP('', (#1096, #1098, #1102));
#7552 = FACE_OUTER_BOUND('', #7551, .T.);
#7553 = FACETED_BREP_SHAPE_REPRESENTATION('', (#7552), #8);
#7554 = POLY_LOOP('', (#1097, #1101, #1103));
#7555 = FACE_OUTER_BOUND('', #7554, .T.);
#7556 = FACETED_BREP_SHAPE_REPRESENTATION('', (#7555), #8);
#7557 = POLY_LOOP('', (#1097, #1103, #1099));
#7558 = FACE_OUTER_BOUND('', #7557, .T.);
#7559 = FACETED_BREP_SHAPE_REPRESENTATION('', (#7558), #8);
#7560 = POLY_LOOP('', (#1100, #1104, #1105));
#7561 = FACE_OUTER_BOUND('', #7560, .T.);
#7562 = FACETED_BREP_SHAPE_REPRESENTATION('', (#7561), #8);
#7563 = POLY_LOOP('', (#1100, #1105, #1101));
#7564 = FACE_OUTER_BOUND('', #7563, .T.);
#7565 = FACETED_BREP_SHAPE_REPRESENTATION('', (#7564), #8);
#7566 = POLY_LOOP('', (#1102, #1107, #1106));
#7567 = FACE_OUTER_BOUND('', #7566, .T.);
#7568 = FACETED_BREP_SHAPE_REPRESENTATION('', (#7567), #8);
#7569 = POLY_LOOP('', (#1102, #1103, #1107));
#7570 = FACE_OUTER_BOUND('', #7569, .T.);
#7571 = FACETED_BREP_SHAPE_REPRESENTATION('', (#7570), #8);
#7572 = POLY_LOOP('', (#1100, #1106, #1104));
#7573 = FACE_OUTER_BOUND('', #7572, .T.);
#7574 = FACETED_BREP_SHAPE_REPRESENTATION('', (#7573), #8);
#7575 = POLY_LOOP('', (#1100, #1102, #1106));
#7576 = FACE_OUTER_BOUND('', #7575, .T.);
#7577 = FACETED_BREP_SHAPE_REPRESENTATION('', (#7576), #8);
#7578 = POLY_LOOP('', (#1101, #1105, #1107));
#7579 = FACE_OUTER_BOUND('', #7578, .T.);
#7580 = FACETED_BREP_SHAPE_REPRESENTATION('', (#7579), #8);
#7581 = POLY_LOOP('', (#1101, #1107, #1103));
#7582 = FACE_OUTER_BOUND('', #7581, .T.);
#7583 = FACETED_BREP_SHAPE_REPRESENTATION('', (#7582), #8);
#7584 = POLY_LOOP('', (#1104, #1108, #1109));
#7585 = FACE_OUTER_BOUND('', #7584, .T.);
#7586 = FACETED_BREP_SHAPE_REPRESENTATION('', (#7585), #8);
#7587 = POLY_LOOP('', (#1104, #1109, #1105));
#7588 = FACE_OUTER_BOUND('', #7587, .T.);
#7589 = FACETED_BREP_SHAPE_REPRESENTATION('', (#7588), #8);
#7590 = POLY_LOOP('', (#1106, #1111, #1110));
#7591 = FACE_OUTER_BOUND('', #7590, .T.);
#7592 = FACETED_BREP_SHAPE_REPRESENTATION('', (#7591), #8);
#7593 = POLY_LOOP('', (#1106, #1107, #1111));
#7594 = FACE_OUTER_BOUND('', #7593, .T.);
#7595 = FACETED_BREP_SHAPE_REPRESENTATION('', (#7594), #8);
#7596 = POLY_LOOP('', (#1104, #1110, #1108));
#7597 = FACE_OUTER_BOUND('', #7596, .T.);
#7598 = FACETED_BREP_SHAPE_REPRESENTATION('', (#7597), #8);
#7599 = POLY_LOOP('', (#1104, #1106, #1110));
#7600 = FACE_OUTER_BOUND('', #7599, .T.);
#7601 = FACETED_BREP_SHAPE_REPRESENTATION('', (#7600), #8);
#7602 = POLY_LOOP('', (#1105, #1109, #1111));
#7603 = FACE_OUTER_BOUND('', #7602, .T.);
#7604 = FACETED_BREP_SHAPE_REPRESENTATION('', (#7603), #8);
#7605 = POLY_LOOP('', (#1105, #1111, #1107));
#7606 = FACE_OUTER_BOUND('', #7605, .T.);
#7607 = FACETED_BREP_SHAPE_REPRESENTATION('', (#7606), #8);
#7608 = POLY_LOOP('', (#1108, #1112, #1113));
#7609 = FACE_OUTER_BOUND('', #7608, .T.);
#7610 = FACETED_BREP_SHAPE_REPRESENTATION('', (#7609), #8);
#7611 = POLY_LOOP('', (#1108, #1113, #1109));
#7612 = FACE_OUTER_BOUND('', #7611, .T.);
#7613 = FACETED_BREP_SHAPE_REPRESENTATION('', (#7612), #8);
#7614 = POLY_LOOP('', (#1110, #1115, #1114));
#7615 = FACE_OUTER_BOUND('', #7614, .T.);
#7616 = FACETED_BREP_SHAPE_REPRESENTATION('', (#7615), #8);
#7617 = POLY_LOOP('', (#1110, #1111, #1115));
#7618 = FACE_OUTER_BOUND('', #7617, .T.);
#7619 = FACETED_BREP_SHAPE_REPRESENTATION('', (#7618), #8);
#7620 = POLY_LOOP('', (#1108, #1114, #1112));
#7621 = FACE_OUTER_BOUND('', #7620, .T.);
#7622 = FACETED_BREP_SHAPE_REPRESENTATION('', (#7621), #8);
#7623 = POLY_LOOP('', (#1108, #1110, #1114));
#7624 = FACE_OUTER_BOUND('', #7623, .T.);
#7625 = FACETED_BREP_SHAPE_REPRESENTATION('', (#7624), #8);
#7626 = POLY_LOOP('', (#1109, #1113, #1115));
#7627 = FACE_OUTER_BOUND('', #7626, .T.);
#7628 = FACETED_BREP_SHAPE_REPRESENTATION('', (#7627), #8);
#7629 = POLY_LOOP('', (#1109, #1115, #1111));
#7630 = FACE_OUTER_BOUND('', #7629, .T.);
#7631 = FACETED_BREP_SHAPE_REPRESENTATION('', (#7630), #8);
#7632 = POLY_LOOP('', (#1112, #1116, #1117));
#7633 = FACE_OUTER_BOUND('', #7632, .T.);
#7634 = FACETED_BREP_SHAPE_REPRESENTATION('', (#7633), #8);
#7635 = POLY_LOOP('', (#1112, #1117, #1113));
#7636 = FACE_OUTER_BOUND('', #7635, .T.);
#7637 = FACETED_BREP_SHAPE_REPRESENTATION('', (#7636), #8);
#7638 = POLY_LOOP('', (#1114, #1119, #1118));
#7639 = FACE_OUTER_BOUND('', #7638, .T.);
#7640 = FACETED_BREP_SHAPE_REPRESENTATION('', (#7639), #8);
#7641 = POLY_LOOP('', (#1114, #1115, #1119));
#7642 = FACE_OUTER_BOUND('', #7641, .T.);
#7643 = FACETED_BREP_SHAPE_REPRESENTATION('', (#7642), #8);
#7644 = POLY_LOOP('', (#1112, #1118, #1116));
#7645 = FACE_OUTER_BOUND('', #7644, .T.);
#7646 = FACETED_BREP_SHAPE_REPRESENTATION('', (#7645), #8);
#7647 = POLY_LOOP('', (#1112, #1114, #1118));
#7648 = FACE_OUTER_BOUND('', #7647, .T.);
#7649 = FACETED_BREP_SHAPE_REPRESENTATION('', (#7648), #8);
#7650 = POLY_LOOP('', (#1113, #1117, #1119));
#7651 = FACE_OUTER_BOUND('', #7650, .T.);
#7652 = FACETED_BREP_SHAPE_REPRESENTATION('', (#7651), #8);
#7653 = POLY_LOOP('', (#1113, #1119, #1115));
#7654 = FACE_OUTER_BOUND('', #7653, .T.);
#7655 = FACETED_BREP_SHAPE_REPRESENTATION('', (#7654), #8);
#7656 = POLY_LOOP('', (#1116, #1120, #1121));
#7657 = FACE_OUTER_BOUND('', #7656, .T.);
#7658 = FACETED_BREP_SHAPE_REPRESENTATION('', (#7657), #8);
#7659 = POLY_LOOP('', (#1116, #1121, #1117));
#7660 = FACE_OUTER_BOUND('', #7659, .T.);
#7661 = FACETED_BREP_SHAPE_REPRESENTATION('', (#7660), #8);
#7662 = POLY_LOOP('', (#1118, #1123, #1122));
#7663 = FACE_OUTER_BOUND('', #7662, .T.);
#7664 = FACETED_BREP_SHAPE_REPRESENTATION('', (#7663), #8);
#7665 = POLY_LOOP('', (#1118, #1119, #1123));
#7666 = FACE_OUTER_BOUND('', #7665, .T.);
#7667 = FACETED_BREP_SHAPE_REPRESENTATION('', (#7666), #8);
#7668 = POLY_LOOP('', (#1116, #1122, #1120));
#7669 = FACE_OUTER_BOUND('', #7668, .T.);
#7670 = FACETED_BREP_SHAPE_REPRESENTATION('', (#7669), #8);
#7671 = POLY_LOOP('', (#1116, #1118, #1122));
#7672 = FACE_OUTER_BOUND('', #7671, .T.);
#7673 = FACETED_BREP_SHAPE_REPRESENTATION('', (#7672), #8);
#7674 = POLY_LOOP('', (#1117, #1121, #1123));
#7675 = FACE_OUTER_BOUND('', #7674, .T.);
#7676 = FACETED_BREP_SHAPE_REPRESENTATION('', (#7675), #8);
#7677 = POLY_LOOP('', (#1117, #1123, #1119));
#7678 = FACE_OUTER_BOUND('', #7677, .T.);
#7679 = FACETED_BREP_SHAPE_REPRESENTATION('', (#7678), #8);
#7680 = POLY_LOOP('', (#1120, #1124, #1125));
#7681 = FACE_OUTER_BOUND('', #7680, .T.);
#7682 = FACETED_BREP_SHAPE_REPRESENTATION('', (#7681), #8);
#7683 = POLY_LOOP('', (#1120, #1125, #1121));
#7684 = FACE_OUTER_BOUND('', #7683, .T.);
#7685 = FACETED_BREP_SHAPE_REPRESENTATION('', (#7684), #8);
#7686 = POLY_LOOP('', (#1122, #1127, #1126));
#7687 = FACE_OUTER_BOUND('', #7686, .T.);
#7688 = FACETED_BREP_SHAPE_REPRESENTATION('', (#7687), #8);
#7689 = POLY_LOOP('', (#1122, #1123, #1127));
#7690 = FACE_OUTER_BOUND('', #7689, .T.);
#7691 = FACETED_BREP_SHAPE_REPRESENTATION('', (#7690), #8);
#7692 = POLY_LOOP('', (#1120, #1126, #1124));
#7693 = FACE_OUTER_BOUND('', #7692, .T.);
#7694 = FACETED_BREP_SHAPE_REPRESENTATION('', (#7693), #8);
#7695 = POLY_LOOP('', (#1120, #1122, #1126));
#7696 = FACE_OUTER_BOUND('', #7695, .T.);
#7697 = FACETED_BREP_SHAPE_REPRESENTATION('', (#7696), #8);
#7698 = POLY_LOOP('', (#1121, #1125, #1127));
#7699 = FACE_OUTER_BOUND('', #7698, .T.);
#7700 = FACETED_BREP_SHAPE_REPRESENTATION('', (#7699), #8);
#7701 = POLY_LOOP('', (#1121, #1127, #1123));
#7702 = FACE_OUTER_BOUND('', #7701, .T.);
#7703 = FACETED_BREP_SHAPE_REPRESENTATION('', (#7702), #8);
#7704 = POLY_LOOP('', (#1124, #1128, #1129));
#7705 = FACE_OUTER_BOUND('', #7704, .T.);
#7706 = FACETED_BREP_SHAPE_REPRESENTATION('', (#7705), #8);
#7707 = POLY_LOOP('', (#1124, #1129, #1125));
#7708 = FACE_OUTER_BOUND('', #7707, .T.);
#7709 = FACETED_BREP_SHAPE_REPRESENTATION('', (#7708), #8);
#7710 = POLY_LOOP('', (#1126, #1131, #1130));
#7711 = FACE_OUTER_BOUND('', #7710, .T.);
#7712 = FACETED_BREP_SHAPE_REPRESENTATION('', (#7711), #8);
#7713 = POLY_LOOP('', (#1126, #1127, #1131));
#7714 = FACE_OUTER_BOUND('', #7713, .T.);
#7715 = FACETED_BREP_SHAPE_REPRESENTATION('', (#7714), #8);
#7716 = POLY_LOOP('', (#1124, #1130, #1128));
#7717 = FACE_OUTER_BOUND('', #7716, .T.);
#7718 = FACETED_BREP_SHAPE_REPRESENTATION('', (#7717), #8);
#7719 = POLY_LOOP('', (#1124, #1126, #1130));
#7720 = FACE_OUTER_BOUND('', #7719, .T.);
#7721 = FACETED_BREP_SHAPE_REPRESENTATION('', (#7720), #8);
#7722 = POLY_LOOP('', (#1125, #1129, #1131));
#7723 = FACE_OUTER_BOUND('', #7722, .T.);
#7724 = FACETED_BREP_SHAPE_REPRESENTATION('', (#7723), #8);
#7725 = POLY_LOOP('', (#1125, #1131, #1127));
#7726 = FACE_OUTER_BOUND('', #7725, .T.);
#7727 = FACETED_BREP_SHAPE_REPRESENTATION('', (#7726), #8);
#7728 = POLY_LOOP('', (#1128, #1132, #1133));
#7729 = FACE_OUTER_BOUND('', #7728, .T.);
#7730 = FACETED_BREP_SHAPE_REPRESENTATION('', (#7729), #8);
#7731 = POLY_LOOP('', (#1128, #1133, #1129));
#7732 = FACE_OUTER_BOUND('', #7731, .T.);
#7733 = FACETED_BREP_SHAPE_REPRESENTATION('', (#7732), #8);
#7734 = POLY_LOOP('', (#1130, #1135, #1134));
#7735 = FACE_OUTER_BOUND('', #7734, .T.);
#7736 = FACETED_BREP_SHAPE_REPRESENTATION('', (#7735), #8);
#7737 = POLY_LOOP('', (#1130, #1131, #1135));
#7738 = FACE_OUTER_BOUND('', #7737, .T.);
#7739 = FACETED_BREP_SHAPE_REPRESENTATION('', (#7738), #8);
#7740 = POLY_LOOP('', (#1128, #1134, #1132));
#7741 = FACE_OUTER_BOUND('', #7740, .T.);
#7742 = FACETED_BREP_SHAPE_REPRESENTATION('', (#7741), #8);
#7743 = POLY_LOOP('', (#1128, #1130, #1134));
#7744 = FACE_OUTER_BOUND('', #7743, .T.);
#7745 = FACETED_BREP_SHAPE_REPRESENTATION('', (#7744), #8);
#7746 = POLY_LOOP('', (#1129, #1133, #1135));
#7747 = FACE_OUTER_BOUND('', #7746, .T.);
#7748 = FACETED_BREP_SHAPE_REPRESENTATION('', (#7747), #8);
#7749 = POLY_LOOP('', (#1129, #1135, #1131));
#7750 = FACE_OUTER_BOUND('', #7749, .T.);
#7751 = FACETED_BREP_SHAPE_REPRESENTATION('', (#7750), #8);
#7752 = POLY_LOOP('', (#1132, #1136, #1137));
#7753 = FACE_OUTER_BOUND('', #7752, .T.);
#7754 = FACETED_BREP_SHAPE_REPRESENTATION('', (#7753), #8);
#7755 = POLY_LOOP('', (#1132, #1137, #1133));
#7756 = FACE_OUTER_BOUND('', #7755, .T.);
#7757 = FACETED_BREP_SHAPE_REPRESENTATION('', (#7756), #8);
#7758 = POLY_LOOP('', (#1134, #1139, #1138));
#7759 = FACE_OUTER_BOUND('', #7758, .T.);
#7760 = FACETED_BREP_SHAPE_REPRESENTATION('', (#7759), #8);
#7761 = POLY_LOOP('', (#1134, #1135, #1139));
#7762 = FACE_OUTER_BOUND('', #7761, .T.);
#7763 = FACETED_BREP_SHAPE_REPRESENTATION('', (#7762), #8);
#7764 = POLY_LOOP('', (#1132, #1138, #1136));
#7765 = FACE_OUTER_BOUND('', #7764, .T.);
#7766 = FACETED_BREP_SHAPE_REPRESENTATION('', (#7765), #8);
#7767 = POLY_LOOP('', (#1132, #1134, #1138));
#7768 = FACE_OUTER_BOUND('', #7767, .T.);
#7769 = FACETED_BREP_SHAPE_REPRESENTATION('', (#7768), #8);
#7770 = POLY_LOOP('', (#1133, #1137, #1139));
#7771 = FACE_OUTER_BOUND('', #7770, .T.);
#7772 = FACETED_BREP_SHAPE_REPRESENTATION('', (#7771), #8);
#7773 = POLY_LOOP('', (#1133, #1139, #1135));
#7774 = FACE_OUTER_BOUND('', #7773, .T.);
#7775 = FACETED_BREP_SHAPE_REPRESENTATION('', (#7774), #8);
#7776 = POLY_LOOP('', (#1140, #1144, #1145));
#7777 = FACE_OUTER_BOUND('', #7776, .T.);
#7778 = FACETED_BREP_SHAPE_REPRESENTATION('', (#7777), #8);
#7779 = POLY_LOOP('', (#1140, #1145, #1141));
#7780 = FACE_OUTER_BOUND('', #7779, .T.);
#7781 = FACETED_BREP_SHAPE_REPRESENTATION('', (#7780), #8);
#7782 = POLY_LOOP('', (#1142, #1147, #1146));
#7783 = FACE_OUTER_BOUND('', #7782, .T.);
#7784 = FACETED_BREP_SHAPE_REPRESENTATION('', (#7783), #8);
#7785 = POLY_LOOP('', (#1142, #1143, #1147));
#7786 = FACE_OUTER_BOUND('', #7785, .T.);
#7787 = FACETED_BREP_SHAPE_REPRESENTATION('', (#7786), #8);
#7788 = POLY_LOOP('', (#1140, #1146, #1144));
#7789 = FACE_OUTER_BOUND('', #7788, .T.);
#7790 = FACETED_BREP_SHAPE_REPRESENTATION('', (#7789), #8);
#7791 = POLY_LOOP('', (#1140, #1142, #1146));
#7792 = FACE_OUTER_BOUND('', #7791, .T.);
#7793 = FACETED_BREP_SHAPE_REPRESENTATION('', (#7792), #8);
#7794 = POLY_LOOP('', (#1141, #1145, #1147));
#7795 = FACE_OUTER_BOUND('', #7794, .T.);
#7796 = FACETED_BREP_SHAPE_REPRESENTATION('', (#7795), #8);
#7797 = POLY_LOOP('', (#1141, #1147, #1143));
#7798 = FACE_OUTER_BOUND('', #7797, .T.);
#7799 = FACETED_BREP_SHAPE_REPRESENTATION('', (#7798), #8);
#7800 = POLY_LOOP('', (#1144, #1148, #1149));
#7801 = FACE_OUTER_BOUND('', #7800, .T.);
#7802 = FACETED_BREP_SHAPE_REPRESENTATION('', (#7801), #8);
#7803 = POLY_LOOP('', (#1144, #1149, #1145));
#7804 = FACE_OUTER_BOUND('', #7803, .T.);
#7805 = FACETED_BREP_SHAPE_REPRESENTATION('', (#7804), #8);
#7806 = POLY_LOOP('', (#1146, #1151, #1150));
#7807 = FACE_OUTER_BOUND('', #7806, .T.);
#7808 = FACETED_BREP_SHAPE_REPRESENTATION('', (#7807), #8);
#7809 = POLY_LOOP('', (#1146, #1147, #1151));
#7810 = FACE_OUTER_BOUND('', #7809, .T.);
#7811 = FACETED_BREP_SHAPE_REPRESENTATION('', (#7810), #8);
#7812 = POLY_LOOP('', (#1144, #1150, #1148));
#7813 = FACE_OUTER_BOUND('', #7812, .T.);
#7814 = FACETED_BREP_SHAPE_REPRESENTATION('', (#7813), #8);
#7815 = POLY_LOOP('', (#1144, #1146, #1150));
#7816 = FACE_OUTER_BOUND('', #7815, .T.);
#7817 = FACETED_BREP_SHAPE_REPRESENTATION('', (#7816), #8);
#7818 = POLY_LOOP('', (#1145, #1149, #1151));
#7819 = FACE_OUTER_BOUND('', #7818, .T.);
#7820 = FACETED_BREP_SHAPE_REPRESENTATION('', (#7819), #8);
#7821 = POLY_LOOP('', (#1145, #1151, #1147));
#7822 = FACE_OUTER_BOUND('', #7821, .T.);
#7823 = FACETED_BREP_SHAPE_REPRESENTATION('', (#7822), #8);
#7824 = POLY_LOOP('', (#1148, #1152, #1153));
#7825 = FACE_OUTER_BOUND('', #7824, .T.);
#7826 = FACETED_BREP_SHAPE_REPRESENTATION('', (#7825), #8);
#7827 = POLY_LOOP('', (#1148, #1153, #1149));
#7828 = FACE_OUTER_BOUND('', #7827, .T.);
#7829 = FACETED_BREP_SHAPE_REPRESENTATION('', (#7828), #8);
#7830 = POLY_LOOP('', (#1150, #1155, #1154));
#7831 = FACE_OUTER_BOUND('', #7830, .T.);
#7832 = FACETED_BREP_SHAPE_REPRESENTATION('', (#7831), #8);
#7833 = POLY_LOOP('', (#1150, #1151, #1155));
#7834 = FACE_OUTER_BOUND('', #7833, .T.);
#7835 = FACETED_BREP_SHAPE_REPRESENTATION('', (#7834), #8);
#7836 = POLY_LOOP('', (#1148, #1154, #1152));
#7837 = FACE_OUTER_BOUND('', #7836, .T.);
#7838 = FACETED_BREP_SHAPE_REPRESENTATION('', (#7837), #8);
#7839 = POLY_LOOP('', (#1148, #1150, #1154));
#7840 = FACE_OUTER_BOUND('', #7839, .T.);
#7841 = FACETED_BREP_SHAPE_REPRESENTATION('', (#7840), #8);
#7842 = POLY_LOOP('', (#1149, #1153, #1155));
#7843 = FACE_OUTER_BOUND('', #7842, .T.);
#7844 = FACETED_BREP_SHAPE_REPRESENTATION('', (#7843), #8);
#7845 = POLY_LOOP('', (#1149, #1155, #1151));
#7846 = FACE_OUTER_BOUND('', #7845, .T.);
#7847 = FACETED_BREP_SHAPE_REPRESENTATION('', (#7846), #8);
#7848 = POLY_LOOP('', (#1152, #1156, #1157));
#7849 = FACE_OUTER_BOUND('', #7848, .T.);
#7850 = FACETED_BREP_SHAPE_REPRESENTATION('', (#7849), #8);
#7851 = POLY_LOOP('', (#1152, #1157, #1153));
#7852 = FACE_OUTER_BOUND('', #7851, .T.);
#7853 = FACETED_BREP_SHAPE_REPRESENTATION('', (#7852), #8);
#7854 = POLY_LOOP('', (#1154, #1159, #1158));
#7855 = FACE_OUTER_BOUND('', #7854, .T.);
#7856 = FACETED_BREP_SHAPE_REPRESENTATION('', (#7855), #8);
#7857 = POLY_LOOP('', (#1154, #1155, #1159));
#7858 = FACE_OUTER_BOUND('', #7857, .T.);
#7859 = FACETED_BREP_SHAPE_REPRESENTATION('', (#7858), #8);
#7860 = POLY_LOOP('', (#1152, #1158, #1156));
#7861 = FACE_OUTER_BOUND('', #7860, .T.);
#7862 = FACETED_BREP_SHAPE_REPRESENTATION('', (#7861), #8);
#7863 = POLY_LOOP('', (#1152, #1154, #1158));
#7864 = FACE_OUTER_BOUND('', #7863, .T.);
#7865 = FACETED_BREP_SHAPE_REPRESENTATION('', (#7864), #8);
#7866 = POLY_LOOP('', (#1153, #1157, #1159));
#7867 = FACE_OUTER_BOUND('', #7866, .T.);
#7868 = FACETED_BREP_SHAPE_REPRESENTATION('', (#7867), #8);
#7869 = POLY_LOOP('', (#1153, #1159, #1155));
#7870 = FACE_OUTER_BOUND('', #7869, .T.);
#7871 = FACETED_BREP_SHAPE_REPRESENTATION('', (#7870), #8);
#7872 = POLY_LOOP('', (#1156, #1160, #1161));
#7873 = FACE_OUTER_BOUND('', #7872, .T.);
#7874 = FACETED_BREP_SHAPE_REPRESENTATION('', (#7873), #8);
#7875 = POLY_LOOP('', (#1156, #1161, #1157));
#7876 = FACE_OUTER_BOUND('', #7875, .T.);
#7877 = FACETED_BREP_SHAPE_REPRESENTATION('', (#7876), #8);
#7878 = POLY_LOOP('', (#1158, #1163, #1162));
#7879 = FACE_OUTER_BOUND('', #7878, .T.);
#7880 = FACETED_BREP_SHAPE_REPRESENTATION('', (#7879), #8);
#7881 = POLY_LOOP('', (#1158, #1159, #1163));
#7882 = FACE_OUTER_BOUND('', #7881, .T.);
#7883 = FACETED_BREP_SHAPE_REPRESENTATION('', (#7882), #8);
#7884 = POLY_LOOP('', (#1156, #1162, #1160));
#7885 = FACE_OUTER_BOUND('', #7884, .T.);
#7886 = FACETED_BREP_SHAPE_REPRESENTATION('', (#7885), #8);
#7887 = POLY_LOOP('', (#1156, #1158, #1162));
#7888 = FACE_OUTER_BOUND('', #7887, .T.);
#7889 = FACETED_BREP_SHAPE_REPRESENTATION('', (#7888), #8);
#7890 = POLY_LOOP('', (#1157, #1161, #1163));
#7891 = FACE_OUTER_BOUND('', #7890, .T.);
#7892 = FACETED_BREP_SHAPE_REPRESENTATION('', (#7891), #8);
#7893 = POLY_LOOP('', (#1157, #1163, #1159));
#7894 = FACE_OUTER_BOUND('', #7893, .T.);
#7895 = FACETED_BREP_SHAPE_REPRESENTATION('', (#7894), #8);
#7896 = POLY_LOOP('', (#1160, #1164, #1165));
#7897 = FACE_OUTER_BOUND('', #7896, .T.);
#7898 = FACETED_BREP_SHAPE_REPRESENTATION('', (#7897), #8);
#7899 = POLY_LOOP('', (#1160, #1165, #1161));
#7900 = FACE_OUTER_BOUND('', #7899, .T.);
#7901 = FACETED_BREP_SHAPE_REPRESENTATION('', (#7900), #8);
#7902 = POLY_LOOP('', (#1162, #1167, #1166));
#7903 = FACE_OUTER_BOUND('', #7902, .T.);
#7904 = FACETED_BREP_SHAPE_REPRESENTATION('', (#7903), #8);
#7905 = POLY_LOOP('', (#1162, #1163, #1167));
#7906 = FACE_OUTER_BOUND('', #7905, .T.);
#7907 = FACETED_BREP_SHAPE_REPRESENTATION('', (#7906), #8);
#7908 = POLY_LOOP('', (#1160, #1166, #1164));
#7909 = FACE_OUTER_BOUND('', #7908, .T.);
#7910 = FACETED_BREP_SHAPE_REPRESENTATION('', (#7909), #8);
#7911 = POLY_LOOP('', (#1160, #1162, #1166));
#7912 = FACE_OUTER_BOUND('', #7911, .T.);
#7913 = FACETED_BREP_SHAPE_REPRESENTATION('', (#7912), #8);
#7914 = POLY_LOOP('', (#1161, #1165, #1167));
#7915 = FACE_OUTER_BOUND('', #7914, .T.);
#7916 = FACETED_BREP_SHAPE_REPRESENTATION('', (#7915), #8);
#7917 = POLY_LOOP('', (#1161, #1167, #1163));
#7918 = FACE_OUTER_BOUND('', #7917, .T.);
#7919 = FACETED_BREP_SHAPE_REPRESENTATION('', (#7918), #8);
#7920 = POLY_LOOP('', (#1164, #1168, #1169));
#7921 = FACE_OUTER_BOUND('', #7920, .T.);
#7922 = FACETED_BREP_SHAPE_REPRESENTATION('', (#7921), #8);
#7923 = POLY_LOOP('', (#1164, #1169, #1165));
#7924 = FACE_OUTER_BOUND('', #7923, .T.);
#7925 = FACETED_BREP_SHAPE_REPRESENTATION('', (#7924), #8);
#7926 = POLY_LOOP('', (#1166, #1171, #1170));
#7927 = FACE_OUTER_BOUND('', #7926, .T.);
#7928 = FACETED_BREP_SHAPE_REPRESENTATION('', (#7927), #8);
#7929 = POLY_LOOP('', (#1166, #1167, #1171));
#7930 = FACE_OUTER_BOUND('', #7929, .T.);
#7931 = FACETED_BREP_SHAPE_REPRESENTATION('', (#7930), #8);
#7932 = POLY_LOOP('', (#1164, #1170, #1168));
#7933 = FACE_OUTER_BOUND('', #7932, .T.);
#7934 = FACETED_BREP_SHAPE_REPRESENTATION('', (#7933), #8);
#7935 = POLY_LOOP('', (#1164, #1166, #1170));
#7936 = FACE_OUTER_BOUND('', #7935, .T.);
#7937 = FACETED_BREP_SHAPE_REPRESENTATION('', (#7936), #8);
#7938 = POLY_LOOP('', (#1165, #1169, #1171));
#7939 = FACE_OUTER_BOUND('', #7938, .T.);
#7940 = FACETED_BREP_SHAPE_REPRESENTATION('', (#7939), #8);
#7941 = POLY_LOOP('', (#1165, #1171, #1167));
#7942 = FACE_OUTER_BOUND('', #7941, .T.);
#7943 = FACETED_BREP_SHAPE_REPRESENTATION('', (#7942), #8);
#7944 = POLY_LOOP('', (#1168, #1172, #1173));
#7945 = FACE_OUTER_BOUND('', #7944, .T.);
#7946 = FACETED_BREP_SHAPE_REPRESENTATION('', (#7945), #8);
#7947 = POLY_LOOP('', (#1168, #1173, #1169));
#7948 = FACE_OUTER_BOUND('', #7947, .T.);
#7949 = FACETED_BREP_SHAPE_REPRESENTATION('', (#7948), #8);
#7950 = POLY_LOOP('', (#1170, #1175, #1174));
#7951 = FACE_OUTER_BOUND('', #7950, .T.);
#7952 = FACETED_BREP_SHAPE_REPRESENTATION('', (#7951), #8);
#7953 = POLY_LOOP('', (#1170, #1171, #1175));
#7954 = FACE_OUTER_BOUND('', #7953, .T.);
#7955 = FACETED_BREP_SHAPE_REPRESENTATION('', (#7954), #8);
#7956 = POLY_LOOP('', (#1168, #1174, #1172));
#7957 = FACE_OUTER_BOUND('', #7956, .T.);
#7958 = FACETED_BREP_SHAPE_REPRESENTATION('', (#7957), #8);
#7959 = POLY_LOOP('', (#1168, #1170, #1174));
#7960 = FACE_OUTER_BOUND('', #7959, .T.);
#7961 = FACETED_BREP_SHAPE_REPRESENTATION('', (#7960), #8);
#7962 = POLY_LOOP('', (#1169, #1173, #1175));
#7963 = FACE_OUTER_BOUND('', #7962, .T.);
#7964 = FACETED_BREP_SHAPE_REPRESENTATION('', (#7963), #8);
#7965 = POLY_LOOP('', (#1169, #1175, #1171));
#7966 = FACE_OUTER_BOUND('', #7965, .T.);
#7967 = FACETED_BREP_SHAPE_REPRESENTATION('', (#7966), #8);
#7968 = POLY_LOOP('', (#1172, #1176, #1177));
#7969 = FACE_OUTER_BOUND('', #7968, .T.);
#7970 = FACETED_BREP_SHAPE_REPRESENTATION('', (#7969), #8);
#7971 = POLY_LOOP('', (#1172, #1177, #1173));
#7972 = FACE_OUTER_BOUND('', #7971, .T.);
#7973 = FACETED_BREP_SHAPE_REPRESENTATION('', (#7972), #8);
#7974 = POLY_LOOP('', (#1174, #1179, #1178));
#7975 = FACE_OUTER_BOUND('', #7974, .T.);
#7976 = FACETED_BREP_SHAPE_REPRESENTATION('', (#7975), #8);
#7977 = POLY_LOOP('', (#1174, #1175, #1179));
#7978 = FACE_OUTER_BOUND('', #7977, .T.);
#7979 = FACETED_BREP_SHAPE_REPRESENTATION('', (#7978), #8);
#7980 = POLY_LOOP('', (#1172, #1178, #1176));
#7981 = FACE_OUTER_BOUND('', #7980, .T.);
#7982 = FACETED_BREP_SHAPE_REPRESENTATION('', (#7981), #8);
#7983 = POLY_LOOP('', (#1172, #1174, #1178));
#7984 = FACE_OUTER_BOUND('', #7983, .T.);
#7985 = FACETED_BREP_SHAPE_REPRESENTATION('', (#7984), #8);
#7986 = POLY_LOOP('', (#1173, #1177, #1179));
#7987 = FACE_OUTER_BOUND('', #7986, .T.);
#7988 = FACETED_BREP_SHAPE_REPRESENTATION('', (#7987), #8);
#7989 = POLY_LOOP('', (#1173, #1179, #1175));
#7990 = FACE_OUTER_BOUND('', #7989, .T.);
#7991 = FACETED_BREP_SHAPE_REPRESENTATION('', (#7990), #8);
#7992 = POLY_LOOP('', (#1176, #1180, #1181));
#7993 = FACE_OUTER_BOUND('', #7992, .T.);
#7994 = FACETED_BREP_SHAPE_REPRESENTATION('', (#7993), #8);
#7995 = POLY_LOOP('', (#1176, #1181, #1177));
#7996 = FACE_OUTER_BOUND('', #7995, .T.);
#7997 = FACETED_BREP_SHAPE_REPRESENTATION('', (#7996), #8);
#7998 = POLY_LOOP('', (#1178, #1183, #1182));
#7999 = FACE_OUTER_BOUND('', #7998, .T.);
#8000 = FACETED_BREP_SHAPE_REPRESENTATION('', (#7999), #8);
#8001 = POLY_LOOP('', (#1178, #1179, #1183));
#8002 = FACE_OUTER_BOUND('', #8001, .T.);
#8003 = FACETED_BREP_SHAPE_REPRESENTATION('', (#8002), #8);
#8004 = POLY_LOOP('', (#1176, #1182, #1180));
#8005 = FACE_OUTER_BOUND('', #8004, .T.);
#8006 = FACETED_BREP_SHAPE_REPRESENTATION('', (#8005), #8);
#8007 = POLY_LOOP('', (#1176, #1178, #1182));
#8008 = FACE_OUTER_BOUND('', #8007, .T.);
#8009 = FACETED_BREP_SHAPE_REPRESENTATION('', (#8008), #8);
#8010 = POLY_LOOP('', (#1177, #1181, #1183));
#8011 = FACE_OUTER_BOUND('', #8010, .T.);
#8012 = FACETED_BREP_SHAPE_REPRESENTATION('', (#8011), #8);
#8013 = POLY_LOOP('', (#1177, #1183, #1179));
#8014 = FACE_OUTER_BOUND('', #8013, .T.);
#8015 = FACETED_BREP_SHAPE_REPRESENTATION('', (#8014), #8);
#8016 = POLY_LOOP('', (#1180, #1184, #1185));
#8017 = FACE_OUTER_BOUND('', #8016, .T.);
#8018 = FACETED_BREP_SHAPE_REPRESENTATION('', (#8017), #8);
#8019 = POLY_LOOP('', (#1180, #1185, #1181));
#8020 = FACE_OUTER_BOUND('', #8019, .T.);
#8021 = FACETED_BREP_SHAPE_REPRESENTATION('', (#8020), #8);
#8022 = POLY_LOOP('', (#1182, #1187, #1186));
#8023 = FACE_OUTER_BOUND('', #8022, .T.);
#8024 = FACETED_BREP_SHAPE_REPRESENTATION('', (#8023), #8);
#8025 = POLY_LOOP('', (#1182, #1183, #1187));
#8026 = FACE_OUTER_BOUND('', #8025, .T.);
#8027 = FACETED_BREP_SHAPE_REPRESENTATION('', (#8026), #8);
#8028 = POLY_LOOP('', (#1180, #1186, #1184));
#8029 = FACE_OUTER_BOUND('', #8028, .T.);
#8030 = FACETED_BREP_SHAPE_REPRESENTATION('', (#8029), #8);
#8031 = POLY_LOOP('', (#1180, #1182, #1186));
#8032 = FACE_OUTER_BOUND('', #8031, .T.);
#8033 = FACETED_BREP_SHAPE_REPRESENTATION('', (#8032), #8);
#8034 = POLY_LOOP('', (#1181, #1185, #1187));
#8035 = FACE_OUTER_BOUND('', #8034, .T.);
#8036 = FACETED_BREP_SHAPE_REPRESENTATION('', (#8035), #8);
#8037 = POLY_LOOP('', (#1181, #1187, #1183));
#8038 = FACE_OUTER_BOUND('', #8037, .T.);
#8039 = FACETED_BREP_SHAPE_REPRESENTATION('', (#8038), #8);
#8040 = POLY_LOOP('', (#1184, #1188, #1189));
#8041 = FACE_OUTER_BOUND('', #8040, .T.);
#8042 = FACETED_BREP_SHAPE_REPRESENTATION('', (#8041), #8);
#8043 = POLY_LOOP('', (#1184, #1189, #1185));
#8044 = FACE_OUTER_BOUND('', #8043, .T.);
#8045 = FACETED_BREP_SHAPE_REPRESENTATION('', (#8044), #8);
#8046 = POLY_LOOP('', (#1186, #1191, #1190));
#8047 = FACE_OUTER_BOUND('', #8046, .T.);
#8048 = FACETED_BREP_SHAPE_REPRESENTATION('', (#8047), #8);
#8049 = POLY_LOOP('', (#1186, #1187, #1191));
#8050 = FACE_OUTER_BOUND('', #8049, .T.);
#8051 = FACETED_BREP_SHAPE_REPRESENTATION('', (#8050), #8);
#8052 = POLY_LOOP('', (#1184, #1190, #1188));
#8053 = FACE_OUTER_BOUND('', #8052, .T.);
#8054 = FACETED_BREP_SHAPE_REPRESENTATION('', (#8053), #8);
#8055 = POLY_LOOP('', (#1184, #1186, #1190));
#8056 = FACE_OUTER_BOUND('', #8055, .T.);
#8057 = FACETED_BREP_SHAPE_REPRESENTATION('', (#8056), #8);
#8058 = POLY_LOOP('', (#1185, #1189, #1191));
#8059 = FACE_OUTER_BOUND('', #8058, .T.);
#8060 = FACETED_BREP_SHAPE_REPRESENTATION('', (#8059), #8);
#8061 = POLY_LOOP('', (#1185, #1191, #1187));
#8062 = FACE_OUTER_BOUND('', #8061, .T.);
#8063 = FACETED_BREP_SHAPE_REPRESENTATION('', (#8062), #8);
#8064 = POLY_LOOP('', (#1188, #1192, #1193));
#8065 = FACE_OUTER_BOUND('', #8064, .T.);
#8066 = FACETED_BREP_SHAPE_REPRESENTATION('', (#8065), #8);
#8067 = POLY_LOOP('', (#1188, #1193, #1189));
#8068 = FACE_OUTER_BOUND('', #8067, .T.);
#8069 = FACETED_BREP_SHAPE_REPRESENTATION('', (#8068), #8);
#8070 = POLY_LOOP('', (#1190, #1195, #1194));
#8071 = FACE_OUTER_BOUND('', #8070, .T.);
#8072 = FACETED_BREP_SHAPE_REPRESENTATION('', (#8071), #8);
#8073 = POLY_LOOP('', (#1190, #1191, #1195));
#8074 = FACE_OUTER_BOUND('', #8073, .T.);
#8075 = FACETED_BREP_SHAPE_REPRESENTATION('', (#8074), #8);
#8076 = POLY_LOOP('', (#1188, #1194, #1192));
#8077 = FACE_OUTER_BOUND('', #8076, .T.);
#8078 = FACETED_BREP_SHAPE_REPRESENTATION('', (#8077), #8);
#8079 = POLY_LOOP('', (#1188, #1190, #1194));
#8080 = FACE_OUTER_BOUND('', #8079, .T.);
#8081 = FACETED_BREP_SHAPE_REPRESENTATION('', (#8080), #8);
#8082 = POLY_LOOP('', (#1189, #1193, #1195));
#8083 = FACE_OUTER_BOUND('', #8082, .T.);
#8084 = FACETED_BREP_SHAPE_REPRESENTATION('', (#8083), #8);
#8085 = POLY_LOOP('', (#1189, #1195, #1191));
#8086 = FACE_OUTER_BOUND('', #8085, .T.);
#8087 = FACETED_BREP_SHAPE_REPRESENTATION('', (#8086), #8);
#8088 = POLY_LOOP('', (#1192, #1196, #1197));
#8089 = FACE_OUTER_BOUND('', #8088, .T.);
#8090 = FACETED_BREP_SHAPE_REPRESENTATION('', (#8089), #8);
#8091 = POLY_LOOP('', (#1192, #1197, #1193));
#8092 = FACE_OUTER_BOUND('', #8091, .T.);
#8093 = FACETED_BREP_SHAPE_REPRESENTATION('', (#8092), #8);
#8094 = POLY_LOOP('', (#1194, #1199, #1198));
#8095 = FACE_OUTER_BOUND('', #8094, .T.);
#8096 = FACETED_BREP_SHAPE_REPRESENTATION('', (#8095), #8);
#8097 = POLY_LOOP('', (#1194, #1195, #1199));
#8098 = FACE_OUTER_BOUND('', #8097, .T.);
#8099 = FACETED_BREP_SHAPE_REPRESENTATION('', (#8098), #8);
#8100 = POLY_LOOP('', (#1192, #1198, #1196));
#8101 = FACE_OUTER_BOUND('', #8100, .T.);
#8102 = FACETED_BREP_SHAPE_REPRESENTATION('', (#8101), #8);
#8103 = POLY_LOOP('', (#1192, #1194, #1198));
#8104 = FACE_OUTER_BOUND('', #8103, .T.);
#8105 = FACETED_BREP_SHAPE_REPRESENTATION('', (#8104), #8);
#8106 = POLY_LOOP('', (#1193, #1197, #1199));
#8107 = FACE_OUTER_BOUND('', #8106, .T.);
#8108 = FACETED_BREP_SHAPE_REPRESENTATION('', (#8107), #8);
#8109 = POLY_LOOP('', (#1193, #1199, #1195));
#8110 = FACE_OUTER_BOUND('', #8109, .T.);
#8111 = FACETED_BREP_SHAPE_REPRESENTATION('', (#8110), #8);
#8112 = POLY_LOOP('', (#1200, #1204, #1205));
#8113 = FACE_OUTER_BOUND('', #8112, .T.);
#8114 = FACETED_BREP_SHAPE_REPRESENTATION('', (#8113), #8);
#8115 = POLY_LOOP('', (#1200, #1205, #1201));
#8116 = FACE_OUTER_BOUND('', #8115, .T.);
#8117 = FACETED_BREP_SHAPE_REPRESENTATION('', (#8116), #8);
#8118 = POLY_LOOP('', (#1202, #1207, #1206));
#8119 = FACE_OUTER_BOUND('', #8118, .T.);
#8120 = FACETED_BREP_SHAPE_REPRESENTATION('', (#8119), #8);
#8121 = POLY_LOOP('', (#1202, #1203, #1207));
#8122 = FACE_OUTER_BOUND('', #8121, .T.);
#8123 = FACETED_BREP_SHAPE_REPRESENTATION('', (#8122), #8);
#8124 = POLY_LOOP('', (#1200, #1206, #1204));
#8125 = FACE_OUTER_BOUND('', #8124, .T.);
#8126 = FACETED_BREP_SHAPE_REPRESENTATION('', (#8125), #8);
#8127 = POLY_LOOP('', (#1200, #1202, #1206));
#8128 = FACE_OUTER_BOUND('', #8127, .T.);
#8129 = FACETED_BREP_SHAPE_REPRESENTATION('', (#8128), #8);
#8130 = POLY_LOOP('', (#1201, #1205, #1207));
#8131 = FACE_OUTER_BOUND('', #8130, .T.);
#8132 = FACETED_BREP_SHAPE_REPRESENTATION('', (#8131), #8);
#8133 = POLY_LOOP('', (#1201, #1207, #1203));
#8134 = FACE_OUTER_BOUND('', #8133, .T.);
#8135 = FACETED_BREP_SHAPE_REPRESENTATION('', (#8134), #8);
#8136 = POLY_LOOP('', (#1204, #1208, #1209));
#8137 = FACE_OUTER_BOUND('', #8136, .T.);
#8138 = FACETED_BREP_SHAPE_REPRESENTATION('', (#8137), #8);
#8139 = POLY_LOOP('', (#1204, #1209, #1205));
#8140 = FACE_OUTER_BOUND('', #8139, .T.);
#8141 = FACETED_BREP_SHAPE_REPRESENTATION('', (#8140), #8);
#8142 = POLY_LOOP('', (#1206, #1211, #1210));
#8143 = FACE_OUTER_BOUND('', #8142, .T.);
#8144 = FACETED_BREP_SHAPE_REPRESENTATION('', (#8143), #8);
#8145 = POLY_LOOP('', (#1206, #1207, #1211));
#8146 = FACE_OUTER_BOUND('', #8145, .T.);
#8147 = FACETED_BREP_SHAPE_REPRESENTATION('', (#8146), #8);
#8148 = POLY_LOOP('', (#1204, #1210, #1208));
#8149 = FACE_OUTER_BOUND('', #8148, .T.);
#8150 = FACETED_BREP_SHAPE_REPRESENTATION('', (#8149), #8);
#8151 = POLY_LOOP('', (#1204, #1206, #1210));
#8152 = FACE_OUTER_BOUND('', #8151, .T.);
#8153 = FACETED_BREP_SHAPE_REPRESENTATION('', (#8152), #8);
#8154 = POLY_LOOP('', (#1205, #1209, #1211));
#8155 = FACE_OUTER_BOUND('', #8154, .T.);
#8156 = FACETED_BREP_SHAPE_REPRESENTATION('', (#8155), #8);
#8157 = POLY_LOOP('', (#1205, #1211, #1207));
#8158 = FACE_OUTER_BOUND('', #8157, .T.);
#8159 = FACETED_BREP_SHAPE_REPRESENTATION('', (#8158), #8);
#8160 = POLY_LOOP('', (#1208, #1212, #1213));
#8161 = FACE_OUTER_BOUND('', #8160, .T.);
#8162 = FACETED_BREP_SHAPE_REPRESENTATION('', (#8161), #8);
#8163 = POLY_LOOP('', (#1208, #1213, #1209));
#8164 = FACE_OUTER_BOUND('', #8163, .T.);
#8165 = FACETED_BREP_SHAPE_REPRESENTATION('', (#8164), #8);
#8166 = POLY_LOOP('', (#1210, #1215, #1214));
#8167 = FACE_OUTER_BOUND('', #8166, .T.);
#8168 = FACETED_BREP_SHAPE_REPRESENTATION('', (#8167), #8);
#8169 = POLY_LOOP('', (#1210, #1211, #1215));
#8170 = FACE_OUTER_BOUND('', #8169, .T.);
#8171 = FACETED_BREP_SHAPE_REPRESENTATION('', (#8170), #8);
#8172 = POLY_LOOP('', (#1208, #1214, #1212));
#8173 = FACE_OUTER_BOUND('', #8172, .T.);
#8174 = FACETED_BREP_SHAPE_REPRESENTATION('', (#8173), #8);
#8175 = POLY_LOOP('', (#1208, #1210, #1214));
#8176 = FACE_OUTER_BOUND('', #8175, .T.);
#8177 = FACETED_BREP_SHAPE_REPRESENTATION('', (#8176), #8);
#8178 = POLY_LOOP('', (#1209, #1213, #1215));
#8179 = FACE_OUTER_BOUND('', #8178, .T.);
#8180 = FACETED_BREP_SHAPE_REPRESENTATION('', (#8179), #8);
#8181 = POLY_LOOP('', (#1209, #1215, #1211));
#8182 = FACE_OUTER_BOUND('', #8181, .T.);
#8183 = FACETED_BREP_SHAPE_REPRESENTATION('', (#8182), #8);
#8184 = POLY_LOOP('', (#1212, #1216, #1217));
#8185 = FACE_OUTER_BOUND('', #8184, .T.);
#8186 = FACETED_BREP_SHAPE_REPRESENTATION('', (#8185), #8);
#8187 = POLY_LOOP('', (#1212, #1217, #1213));
#8188 = FACE_OUTER_BOUND('', #8187, .T.);
#8189 = FACETED_BREP_SHAPE_REPRESENTATION('', (#8188), #8);
#8190 = POLY_LOOP('', (#1214, #1219, #1218));
#8191 = FACE_OUTER_BOUND('', #8190, .T.);
#8192 = FACETED_BREP_SHAPE_REPRESENTATION('', (#8191), #8);
#8193 = POLY_LOOP('', (#1214, #1215, #1219));
#8194 = FACE_OUTER_BOUND('', #8193, .T.);
#8195 = FACETED_BREP_SHAPE_REPRESENTATION('', (#8194), #8);
#8196 = POLY_LOOP('', (#1212, #1218, #1216));
#8197 = FACE_OUTER_BOUND('', #8196, .T.);
#8198 = FACETED_BREP_SHAPE_REPRESENTATION('', (#8197), #8);
#8199 = POLY_LOOP('', (#1212, #1214, #1218));
#8200 = FACE_OUTER_BOUND('', #8199, .T.);
#8201 = FACETED_BREP_SHAPE_REPRESENTATION('', (#8200), #8);
#8202 = POLY_LOOP('', (#1213, #1217, #1219));
#8203 = FACE_OUTER_BOUND('', #8202, .T.);
#8204 = FACETED_BREP_SHAPE_REPRESENTATION('', (#8203), #8);
#8205 = POLY_LOOP('', (#1213, #1219, #1215));
#8206 = FACE_OUTER_BOUND('', #8205, .T.);
#8207 = FACETED_BREP_SHAPE_REPRESENTATION('', (#8206), #8);
#8208 = POLY_LOOP('', (#1216, #1220, #1221));
#8209 = FACE_OUTER_BOUND('', #8208, .T.);
#8210 = FACETED_BREP_SHAPE_REPRESENTATION('', (#8209), #8);
#8211 = POLY_LOOP('', (#1216, #1221, #1217));
#8212 = FACE_OUTER_BOUND('', #8211, .T.);
#8213 = FACETED_BREP_SHAPE_REPRESENTATION('', (#8212), #8);
#8214 = POLY_LOOP('', (#1218, #1223, #1222));
#8215 = FACE_OUTER_BOUND('', #8214, .T.);
#8216 = FACETED_BREP_SHAPE_REPRESENTATION('', (#8215), #8);
#8217 = POLY_LOOP('', (#1218, #1219, #1223));
#8218 = FACE_OUTER_BOUND('', #8217, .T.);
#8219 = FACETED_BREP_SHAPE_REPRESENTATION('', (#8218), #8);
#8220 = POLY_LOOP('', (#1216, #1222, #1220));
#8221 = FACE_OUTER_BOUND('', #8220, .T.);
#8222 = FACETED_BREP_SHAPE_REPRESENTATION('', (#8221), #8);
#8223 = POLY_LOOP('', (#1216, #1218, #1222));
#8224 = FACE_OUTER_BOUND('', #8223, .T.);
#8225 = FACETED_BREP_SHAPE_REPRESENTATION('', (#8224), #8);
#8226 = POLY_LOOP('', (#1217, #1221, #1223));
#8227 = FACE_OUTER_BOUND('', #8226, .T.);
#8228 = FACETED_BREP_SHAPE_REPRESENTATION('', (#8227), #8);
#8229 = POLY_LOOP('', (#1217, #1223, #1219));
#8230 = FACE_OUTER_BOUND('', #8229, .T.);
#8231 = FACETED_BREP_SHAPE_REPRESENTATION('', (#8230), #8);
#8232 = POLY_LOOP('', (#1220, #1224, #1225));
#8233 = FACE_OUTER_BOUND('', #8232, .T.);
#8234 = FACETED_BREP_SHAPE_REPRESENTATION('', (#8233), #8);
#8235 = POLY_LOOP('', (#1220, #1225, #1221));
#8236 = FACE_OUTER_BOUND('', #8235, .T.);
#8237 = FACETED_BREP_SHAPE_REPRESENTATION('', (#8236), #8);
#8238 = POLY_LOOP('', (#1222, #1227, #1226));
#8239 = FACE_OUTER_BOUND('', #8238, .T.);
#8240 = FACETED_BREP_SHAPE_REPRESENTATION('', (#8239), #8);
#8241 = POLY_LOOP('', (#1222, #1223, #1227));
#8242 = FACE_OUTER_BOUND('', #8241, .T.);
#8243 = FACETED_BREP_SHAPE_REPRESENTATION('', (#8242), #8);
#8244 = POLY_LOOP('', (#1220, #1226, #1224));
#8245 = FACE_OUTER_BOUND('', #8244, .T.);
#8246 = FACETED_BREP_SHAPE_REPRESENTATION('', (#8245), #8);
#8247 = POLY_LOOP('', (#1220, #1222, #1226));
#8248 = FACE_OUTER_BOUND('', #8247, .T.);
#8249 = FACETED_BREP_SHAPE_REPRESENTATION('', (#8248), #8);
#8250 = POLY_LOOP('', (#1221, #1225, #1227));
#8251 = FACE_OUTER_BOUND('', #8250, .T.);
#8252 = FACETED_BREP_SHAPE_REPRESENTATION('', (#8251), #8);
#8253 = POLY_LOOP('', (#1221, #1227, #1223));
#8254 = FACE_OUTER_BOUND('', #8253, .T.);
#8255 = FACETED_BREP_SHAPE_REPRESENTATION('', (#8254), #8);
#8256 = POLY_LOOP('', (#1224, #1228, #1229));
#8257 = FACE_OUTER_BOUND('', #8256, .T.);
#8258 = FACETED_BREP_SHAPE_REPRESENTATION('', (#8257), #8);
#8259 = POLY_LOOP('', (#1224, #1229, #1225));
#8260 = FACE_OUTER_BOUND('', #8259, .T.);
#8261 = FACETED_BREP_SHAPE_REPRESENTATION('', (#8260), #8);
#8262 = POLY_LOOP('', (#1226, #1231, #1230));
#8263 = FACE_OUTER_BOUND('', #8262, .T.);
#8264 = FACETED_BREP_SHAPE_REPRESENTATION('', (#8263), #8);
#8265 = POLY_LOOP('', (#1226, #1227, #1231));
#8266 = FACE_OUTER_BOUND('', #8265, .T.);
#8267 = FACETED_BREP_SHAPE_REPRESENTATION('', (#8266), #8);
#8268 = POLY_LOOP('', (#1224, #1230, #1228));
#8269 = FACE_OUTER_BOUND('', #8268, .T.);
#8270 = FACETED_BREP_SHAPE_REPRESENTATION('', (#8269), #8);
#8271 = POLY_LOOP('', (#1224, #1226, #1230));
#8272 = FACE_OUTER_BOUND('', #8271, .T.);
#8273 = FACETED_BREP_SHAPE_REPRESENTATION('', (#8272), #8);
#8274 = POLY_LOOP('', (#1225, #1229, #1231));
#8275 = FACE_OUTER_BOUND('', #8274, .T.);
#8276 = FACETED_BREP_SHAPE_REPRESENTATION('', (#8275), #8);
#8277 = POLY_LOOP('', (#1225, #1231, #1227));
#8278 = FACE_OUTER_BOUND('', #8277, .T.);
#8279 = FACETED_BREP_SHAPE_REPRESENTATION('', (#8278), #8);
#8280 = POLY_LOOP('', (#1228, #1232, #1233));
#8281 = FACE_OUTER_BOUND('', #8280, .T.);
#8282 = FACETED_BREP_SHAPE_REPRESENTATION('', (#8281), #8);
#8283 = POLY_LOOP('', (#1228, #1233, #1229));
#8284 = FACE_OUTER_BOUND('', #8283, .T.);
#8285 = FACETED_BREP_SHAPE_REPRESENTATION('', (#8284), #8);
#8286 = POLY_LOOP('', (#1230, #1235, #1234));
#8287 = FACE_OUTER_BOUND('', #8286, .T.);
#8288 = FACETED_BREP_SHAPE_REPRESENTATION('', (#8287), #8);
#8289 = POLY_LOOP('', (#1230, #1231, #1235));
#8290 = FACE_OUTER_BOUND('', #8289, .T.);
#8291 = FACETED_BREP_SHAPE_REPRESENTATION('', (#8290), #8);
#8292 = POLY_LOOP('', (#1228, #1234, #1232));
#8293 = FACE_OUTER_BOUND('', #8292, .T.);
#8294 = FACETED_BREP_SHAPE_REPRESENTATION('', (#8293), #8);
#8295 = POLY_LOOP('', (#1228, #1230, #1234));
#8296 = FACE_OUTER_BOUND('', #8295, .T.);
#8297 = FACETED_BREP_SHAPE_REPRESENTATION('', (#8296), #8);
#8298 = POLY_LOOP('', (#1229, #1233, #1235));
#8299 = FACE_OUTER_BOUND('', #8298, .T.);
#8300 = FACETED_BREP_SHAPE_REPRESENTATION('', (#8299), #8);
#8301 = POLY_LOOP('', (#1229, #1235, #1231));
#8302 = FACE_OUTER_BOUND('', #8301, .T.);
#8303 = FACETED_BREP_SHAPE_REPRESENTATION('', (#8302), #8);
#8304 = POLY_LOOP('', (#1236, #1240, #1241));
#8305 = FACE_OUTER_BOUND('', #8304, .T.);
#8306 = FACETED_BREP_SHAPE_REPRESENTATION('', (#8305), #8);
#8307 = POLY_LOOP('', (#1236, #1241, #1237));
#8308 = FACE_OUTER_BOUND('', #8307, .T.);
#8309 = FACETED_BREP_SHAPE_REPRESENTATION('', (#8308), #8);
#8310 = POLY_LOOP('', (#1238, #1243, #1242));
#8311 = FACE_OUTER_BOUND('', #8310, .T.);
#8312 = FACETED_BREP_SHAPE_REPRESENTATION('', (#8311), #8);
#8313 = POLY_LOOP('', (#1238, #1239, #1243));
#8314 = FACE_OUTER_BOUND('', #8313, .T.);
#8315 = FACETED_BREP_SHAPE_REPRESENTATION('', (#8314), #8);
#8316 = POLY_LOOP('', (#1236, #1242, #1240));
#8317 = FACE_OUTER_BOUND('', #8316, .T.);
#8318 = FACETED_BREP_SHAPE_REPRESENTATION('', (#8317), #8);
#8319 = POLY_LOOP('', (#1236, #1238, #1242));
#8320 = FACE_OUTER_BOUND('', #8319, .T.);
#8321 = FACETED_BREP_SHAPE_REPRESENTATION('', (#8320), #8);
#8322 = POLY_LOOP('', (#1237, #1241, #1243));
#8323 = FACE_OUTER_BOUND('', #8322, .T.);
#8324 = FACETED_BREP_SHAPE_REPRESENTATION('', (#8323), #8);
#8325 = POLY_LOOP('', (#1237, #1243, #1239));
#8326 = FACE_OUTER_BOUND('', #8325, .T.);
#8327 = FACETED_BREP_SHAPE_REPRESENTATION('', (#8326), #8);
#8328 = POLY_LOOP('', (#1240, #1244, #1245));
#8329 = FACE_OUTER_BOUND('', #8328, .T.);
#8330 = FACETED_BREP_SHAPE_REPRESENTATION('', (#8329), #8);
#8331 = POLY_LOOP('', (#1240, #1245, #1241));
#8332 = FACE_OUTER_BOUND('', #8331, .T.);
#8333 = FACETED_BREP_SHAPE_REPRESENTATION('', (#8332), #8);
#8334 = POLY_LOOP('', (#1242, #1247, #1246));
#8335 = FACE_OUTER_BOUND('', #8334, .T.);
#8336 = FACETED_BREP_SHAPE_REPRESENTATION('', (#8335), #8);
#8337 = POLY_LOOP('', (#1242, #1243, #1247));
#8338 = FACE_OUTER_BOUND('', #8337, .T.);
#8339 = FACETED_BREP_SHAPE_REPRESENTATION('', (#8338), #8);
#8340 = POLY_LOOP('', (#1240, #1246, #1244));
#8341 = FACE_OUTER_BOUND('', #8340, .T.);
#8342 = FACETED_BREP_SHAPE_REPRESENTATION('', (#8341), #8);
#8343 = POLY_LOOP('', (#1240, #1242, #1246));
#8344 = FACE_OUTER_BOUND('', #8343, .T.);
#8345 = FACETED_BREP_SHAPE_REPRESENTATION('', (#8344), #8);
#8346 = POLY_LOOP('', (#1241, #1245, #1247));
#8347 = FACE_OUTER_BOUND('', #8346, .T.);
#8348 = FACETED_BREP_SHAPE_REPRESENTATION('', (#8347), #8);
#8349 = POLY_LOOP('', (#1241, #1247, #1243));
#8350 = FACE_OUTER_BOUND('', #8349, .T.);
#8351 = FACETED_BREP_SHAPE_REPRESENTATION('', (#8350), #8);
#8352 = POLY_LOOP('', (#1244, #1248, #1249));
#8353 = FACE_OUTER_BOUND('', #8352, .T.);
#8354 = FACETED_BREP_SHAPE_REPRESENTATION('', (#8353), #8);
#8355 = POLY_LOOP('', (#1244, #1249, #1245));
#8356 = FACE_OUTER_BOUND('', #8355, .T.);
#8357 = FACETED_BREP_SHAPE_REPRESENTATION('', (#8356), #8);
#8358 = POLY_LOOP('', (#1246, #1251, #1250));
#8359 = FACE_OUTER_BOUND('', #8358, .T.);
#8360 = FACETED_BREP_SHAPE_REPRESENTATION('', (#8359), #8);
#8361 = POLY_LOOP('', (#1246, #1247, #1251));
#8362 = FACE_OUTER_BOUND('', #8361, .T.);
#8363 = FACETED_BREP_SHAPE_REPRESENTATION('', (#8362), #8);
#8364 = POLY_LOOP('', (#1244, #1250, #1248));
#8365 = FACE_OUTER_BOUND('', #8364, .T.);
#8366 = FACETED_BREP_SHAPE_REPRESENTATION('', (#8365), #8);
#8367 = POLY_LOOP('', (#1244, #1246, #1250));
#8368 = FACE_OUTER_BOUND('', #8367, .T.);
#8369 = FACETED_BREP_SHAPE_REPRESENTATION('', (#8368), #8);
#8370 = POLY_LOOP('', (#1245, #1249, #1251));
#8371 = FACE_OUTER_BOUND('', #8370, .T.);
#8372 = FACETED_BREP_SHAPE_REPRESENTATION('', (#8371), #8);
#8373 = POLY_LOOP('', (#1245, #1251, #1247));
#8374 = FACE_OUTER_BOUND('', #8373, .T.);
#8375 = FACETED_BREP_SHAPE_REPRESENTATION('', (#8374), #8);
#8376 = POLY_LOOP('', (#1248, #1252, #1253));
#8377 = FACE_OUTER_BOUND('', #8376, .T.);
#8378 = FACETED_BREP_SHAPE_REPRESENTATION('', (#8377), #8);
#8379 = POLY_LOOP('', (#1248, #1253, #1249));
#8380 = FACE_OUTER_BOUND('', #8379, .T.);
#8381 = FACETED_BREP_SHAPE_REPRESENTATION('', (#8380), #8);
#8382 = POLY_LOOP('', (#1250, #1255, #1254));
#8383 = FACE_OUTER_BOUND('', #8382, .T.);
#8384 = FACETED_BREP_SHAPE_REPRESENTATION('', (#8383), #8);
#8385 = POLY_LOOP('', (#1250, #1251, #1255));
#8386 = FACE_OUTER_BOUND('', #8385, .T.);
#8387 = FACETED_BREP_SHAPE_REPRESENTATION('', (#8386), #8);
#8388 = POLY_LOOP('', (#1248, #1254, #1252));
#8389 = FACE_OUTER_BOUND('', #8388, .T.);
#8390 = FACETED_BREP_SHAPE_REPRESENTATION('', (#8389), #8);
#8391 = POLY_LOOP('', (#1248, #1250, #1254));
#8392 = FACE_OUTER_BOUND('', #8391, .T.);
#8393 = FACETED_BREP_SHAPE_REPRESENTATION('', (#8392), #8);
#8394 = POLY_LOOP('', (#1249, #1253, #1255));
#8395 = FACE_OUTER_BOUND('', #8394, .T.);
#8396 = FACETED_BREP_SHAPE_REPRESENTATION('', (#8395), #8);
#8397 = POLY_LOOP('', (#1249, #1255, #1251));
#8398 = FACE_OUTER_BOUND('', #8397, .T.);
#8399 = FACETED_BREP_SHAPE_REPRESENTATION('', (#8398), #8);
#8400 = POLY_LOOP('', (#1252, #1256, #1257));
#8401 = FACE_OUTER_BOUND('', #8400, .T.);
#8402 = FACETED_BREP_SHAPE_REPRESENTATION('', (#8401), #8);
#8403 = POLY_LOOP('', (#1252, #1257, #1253));
#8404 = FACE_OUTER_BOUND('', #8403, .T.);
#8405 = FACETED_BREP_SHAPE_REPRESENTATION('', (#8404), #8);
#8406 = POLY_LOOP('', (#1254, #1259, #1258));
#8407 = FACE_OUTER_BOUND('', #8406, .T.);
#8408 = FACETED_BREP_SHAPE_REPRESENTATION('', (#8407), #8);
#8409 = POLY_LOOP('', (#1254, #1255, #1259));
#8410 = FACE_OUTER_BOUND('', #8409, .T.);
#8411 = FACETED_BREP_SHAPE_REPRESENTATION('', (#8410), #8);
#8412 = POLY_LOOP('', (#1252, #1258, #1256));
#8413 = FACE_OUTER_BOUND('', #8412, .T.);
#8414 = FACETED_BREP_SHAPE_REPRESENTATION('', (#8413), #8);
#8415 = POLY_LOOP('', (#1252, #1254, #1258));
#8416 = FACE_OUTER_BOUND('', #8415, .T.);
#8417 = FACETED_BREP_SHAPE_REPRESENTATION('', (#8416), #8);
#8418 = POLY_LOOP('', (#1253, #1257, #1259));
#8419 = FACE_OUTER_BOUND('', #8418, .T.);
#8420 = FACETED_BREP_SHAPE_REPRESENTATION('', (#8419), #8);
#8421 = POLY_LOOP('', (#1253, #1259, #1255));
#8422 = FACE_OUTER_BOUND('', #8421, .T.);
#8423 = FACETED_BREP_SHAPE_REPRESENTATION('', (#8422), #8);
#8424 = POLY_LOOP('', (#1256, #1260, #1261));
#8425 = FACE_OUTER_BOUND('', #8424, .T.);
#8426 = FACETED_BREP_SHAPE_REPRESENTATION('', (#8425), #8);
#8427 = POLY_LOOP('', (#1256, #1261, #1257));
#8428 = FACE_OUTER_BOUND('', #8427, .T.);
#8429 = FACETED_BREP_SHAPE_REPRESENTATION('', (#8428), #8);
#8430 = POLY_LOOP('', (#1258, #1263, #1262));
#8431 = FACE_OUTER_BOUND('', #8430, .T.);
#8432 = FACETED_BREP_SHAPE_REPRESENTATION('', (#8431), #8);
#8433 = POLY_LOOP('', (#1258, #1259, #1263));
#8434 = FACE_OUTER_BOUND('', #8433, .T.);
#8435 = FACETED_BREP_SHAPE_REPRESENTATION('', (#8434), #8);
#8436 = POLY_LOOP('', (#1256, #1262, #1260));
#8437 = FACE_OUTER_BOUND('', #8436, .T.);
#8438 = FACETED_BREP_SHAPE_REPRESENTATION('', (#8437), #8);
#8439 = POLY_LOOP('', (#1256, #1258, #1262));
#8440 = FACE_OUTER_BOUND('', #8439, .T.);
#8441 = FACETED_BREP_SHAPE_REPRESENTATION('', (#8440), #8);
#8442 = POLY_LOOP('', (#1257, #1261, #1263));
#8443 = FACE_OUTER_BOUND('', #8442, .T.);
#8444 = FACETED_BREP_SHAPE_REPRESENTATION('', (#8443), #8);
#8445 = POLY_LOOP('', (#1257, #1263, #1259));
#8446 = FACE_OUTER_BOUND('', #8445, .T.);
#8447 = FACETED_BREP_SHAPE_REPRESENTATION('', (#8446), #8);
#8448 = POLY_LOOP('', (#1260, #1264, #1265));
#8449 = FACE_OUTER_BOUND('', #8448, .T.);
#8450 = FACETED_BREP_SHAPE_REPRESENTATION('', (#8449), #8);
#8451 = POLY_LOOP('', (#1260, #1265, #1261));
#8452 = FACE_OUTER_BOUND('', #8451, .T.);
#8453 = FACETED_BREP_SHAPE_REPRESENTATION('', (#8452), #8);
#8454 = POLY_LOOP('', (#1262, #1267, #1266));
#8455 = FACE_OUTER_BOUND('', #8454, .T.);
#8456 = FACETED_BREP_SHAPE_REPRESENTATION('', (#8455), #8);
#8457 = POLY_LOOP('', (#1262, #1263, #1267));
#8458 = FACE_OUTER_BOUND('', #8457, .T.);
#8459 = FACETED_BREP_SHAPE_REPRESENTATION('', (#8458), #8);
#8460 = POLY_LOOP('', (#1260, #1266, #1264));
#8461 = FACE_OUTER_BOUND('', #8460, .T.);
#8462 = FACETED_BREP_SHAPE_REPRESENTATION('', (#8461), #8);
#8463 = POLY_LOOP('', (#1260, #1262, #1266));
#8464 = FACE_OUTER_BOUND('', #8463, .T.);
#8465 = FACETED_BREP_SHAPE_REPRESENTATION('', (#8464), #8);
#8466 = POLY_LOOP('', (#1261, #1265, #1267));
#8467 = FACE_OUTER_BOUND('', #8466, .T.);
#8468 = FACETED_BREP_SHAPE_REPRESENTATION('', (#8467), #8);
#8469 = POLY_LOOP('', (#1261, #1267, #1263));
#8470 = FACE_OUTER_BOUND('', #8469, .T.);
#8471 = FACETED_BREP_SHAPE_REPRESENTATION('', (#8470), #8);
#8472 = POLY_LOOP('', (#1264, #1268, #1269));
#8473 = FACE_OUTER_BOUND('', #8472, .T.);
#8474 = FACETED_BREP_SHAPE_REPRESENTATION('', (#8473), #8);
#8475 = POLY_LOOP('', (#1264, #1269, #1265));
#8476 = FACE_OUTER_BOUND('', #8475, .T.);
#8477 = FACETED_BREP_SHAPE_REPRESENTATION('', (#8476), #8);
#8478 = POLY_LOOP('', (#1266, #1271, #1270));
#8479 = FACE_OUTER_BOUND('', #8478, .T.);
#8480 = FACETED_BREP_SHAPE_REPRESENTATION('', (#8479), #8);
#8481 = POLY_LOOP('', (#1266, #1267, #1271));
#8482 = FACE_OUTER_BOUND('', #8481, .T.);
#8483 = FACETED_BREP_SHAPE_REPRESENTATION('', (#8482), #8);
#8484 = POLY_LOOP('', (#1264, #1270, #1268));
#8485 = FACE_OUTER_BOUND('', #8484, .T.);
#8486 = FACETED_BREP_SHAPE_REPRESENTATION('', (#8485), #8);
#8487 = POLY_LOOP('', (#1264, #1266, #1270));
#8488 = FACE_OUTER_BOUND('', #8487, .T.);
#8489 = FACETED_BREP_SHAPE_REPRESENTATION('', (#8488), #8);
#8490 = POLY_LOOP('', (#1265, #1269, #1271));
#8491 = FACE_OUTER_BOUND('', #8490, .T.);
#8492 = FACETED_BREP_SHAPE_REPRESENTATION('', (#8491), #8);
#8493 = POLY_LOOP('', (#1265, #1271, #1267));
#8494 = FACE_OUTER_BOUND('', #8493, .T.);
#8495 = FACETED_BREP_SHAPE_REPRESENTATION('', (#8494), #8);
#8496 = POLY_LOOP('', (#1272, #1276, #1277));
#8497 = FACE_OUTER_BOUND('', #8496, .T.);
#8498 = FACETED_BREP_SHAPE_REPRESENTATION('', (#8497), #8);
#8499 = POLY_LOOP('', (#1272, #1277, #1273));
#8500 = FACE_OUTER_BOUND('', #8499, .T.);
#8501 = FACETED_BREP_SHAPE_REPRESENTATION('', (#8500), #8);
#8502 = POLY_LOOP('', (#1274, #1279, #1278));
#8503 = FACE_OUTER_BOUND('', #8502, .T.);
#8504 = FACETED_BREP_SHAPE_REPRESENTATION('', (#8503), #8);
#8505 = POLY_LOOP('', (#1274, #1275, #1279));
#8506 = FACE_OUTER_BOUND('', #8505, .T.);
#8507 = FACETED_BREP_SHAPE_REPRESENTATION('', (#8506), #8);
#8508 = POLY_LOOP('', (#1272, #1278, #1276));
#8509 = FACE_OUTER_BOUND('', #8508, .T.);
#8510 = FACETED_BREP_SHAPE_REPRESENTATION('', (#8509), #8);
#8511 = POLY_LOOP('', (#1272, #1274, #1278));
#8512 = FACE_OUTER_BOUND('', #8511, .T.);
#8513 = FACETED_BREP_SHAPE_REPRESENTATION('', (#8512), #8);
#8514 = POLY_LOOP('', (#1273, #1277, #1279));
#8515 = FACE_OUTER_BOUND('', #8514, .T.);
#8516 = FACETED_BREP_SHAPE_REPRESENTATION('', (#8515), #8);
#8517 = POLY_LOOP('', (#1273, #1279, #1275));
#8518 = FACE_OUTER_BOUND('', #8517, .T.);
#8519 = FACETED_BREP_SHAPE_REPRESENTATION('', (#8518), #8);
#8520 = POLY_LOOP('', (#1276, #1280, #1281));
#8521 = FACE_OUTER_BOUND('', #8520, .T.);
#8522 = FACETED_BREP_SHAPE_REPRESENTATION('', (#8521), #8);
#8523 = POLY_LOOP('', (#1276, #1281, #1277));
#8524 = FACE_OUTER_BOUND('', #8523, .T.);
#8525 = FACETED_BREP_SHAPE_REPRESENTATION('', (#8524), #8);
#8526 = POLY_LOOP('', (#1278, #1283, #1282));
#8527 = FACE_OUTER_BOUND('', #8526, .T.);
#8528 = FACETED_BREP_SHAPE_REPRESENTATION('', (#8527), #8);
#8529 = POLY_LOOP('', (#1278, #1279, #1283));
#8530 = FACE_OUTER_BOUND('', #8529, .T.);
#8531 = FACETED_BREP_SHAPE_REPRESENTATION('', (#8530), #8);
#8532 = POLY_LOOP('', (#1276, #1282, #1280));
#8533 = FACE_OUTER_BOUND('', #8532, .T.);
#8534 = FACETED_BREP_SHAPE_REPRESENTATION('', (#8533), #8);
#8535 = POLY_LOOP('', (#1276, #1278, #1282));
#8536 = FACE_OUTER_BOUND('', #8535, .T.);
#8537 = FACETED_BREP_SHAPE_REPRESENTATION('', (#8536), #8);
#8538 = POLY_LOOP('', (#1277, #1281, #1283));
#8539 = FACE_OUTER_BOUND('', #8538, .T.);
#8540 = FACETED_BREP_SHAPE_REPRESENTATION('', (#8539), #8);
#8541 = POLY_LOOP('', (#1277, #1283, #1279));
#8542 = FACE_OUTER_BOUND('', #8541, .T.);
#8543 = FACETED_BREP_SHAPE_REPRESENTATION('', (#8542), #8);
#8544 = POLY_LOOP('', (#1280, #1284, #1285));
#8545 = FACE_OUTER_BOUND('', #8544, .T.);
#8546 = FACETED_BREP_SHAPE_REPRESENTATION('', (#8545), #8);
#8547 = POLY_LOOP('', (#1280, #1285, #1281));
#8548 = FACE_OUTER_BOUND('', #8547, .T.);
#8549 = FACETED_BREP_SHAPE_REPRESENTATION('', (#8548), #8);
#8550 = POLY_LOOP('', (#1282, #1287, #1286));
#8551 = FACE_OUTER_BOUND('', #8550, .T.);
#8552 = FACETED_BREP_SHAPE_REPRESENTATION('', (#8551), #8);
#8553 = POLY_LOOP('', (#1282, #1283, #1287));
#8554 = FACE_OUTER_BOUND('', #8553, .T.);
#8555 = FACETED_BREP_SHAPE_REPRESENTATION('', (#8554), #8);
#8556 = POLY_LOOP('', (#1280, #1286, #1284));
#8557 = FACE_OUTER_BOUND('', #8556, .T.);
#8558 = FACETED_BREP_SHAPE_REPRESENTATION('', (#8557), #8);
#8559 = POLY_LOOP('', (#1280, #1282, #1286));
#8560 = FACE_OUTER_BOUND('', #8559, .T.);
#8561 = FACETED_BREP_SHAPE_REPRESENTATION('', (#8560), #8);
#8562 = POLY_LOOP('', (#1281, #1285, #1287));
#8563 = FACE_OUTER_BOUND('', #8562, .T.);
#8564 = FACETED_BREP_SHAPE_REPRESENTATION('', (#8563), #8);
#8565 = POLY_LOOP('', (#1281, #1287, #1283));
#8566 = FACE_OUTER_BOUND('', #8565, .T.);
#8567 = FACETED_BREP_SHAPE_REPRESENTATION('', (#8566), #8);
#8568 = POLY_LOOP('', (#1284, #1288, #1289));
#8569 = FACE_OUTER_BOUND('', #8568, .T.);
#8570 = FACETED_BREP_SHAPE_REPRESENTATION('', (#8569), #8);
#8571 = POLY_LOOP('', (#1284, #1289, #1285));
#8572 = FACE_OUTER_BOUND('', #8571, .T.);
#8573 = FACETED_BREP_SHAPE_REPRESENTATION('', (#8572), #8);
#8574 = POLY_LOOP('', (#1286, #1291, #1290));
#8575 = FACE_OUTER_BOUND('', #8574, .T.);
#8576 = FACETED_BREP_SHAPE_REPRESENTATION('', (#8575), #8);
#8577 = POLY_LOOP('', (#1286, #1287, #1291));
#8578 = FACE_OUTER_BOUND('', #8577, .T.);
#8579 = FACETED_BREP_SHAPE_REPRESENTATION('', (#8578), #8);
#8580 = POLY_LOOP('', (#1284, #1290, #1288));
#8581 = FACE_OUTER_BOUND('', #8580, .T.);
#8582 = FACETED_BREP_SHAPE_REPRESENTATION('', (#8581), #8);
#8583 = POLY_LOOP('', (#1284, #1286, #1290));
#8584 = FACE_OUTER_BOUND('', #8583, .T.);
#8585 = FACETED_BREP_SHAPE_REPRESENTATION('', (#8584), #8);
#8586 = POLY_LOOP('', (#1285, #1289, #1291));
#8587 = FACE_OUTER_BOUND('', #8586, .T.);
#8588 = FACETED_BREP_SHAPE_REPRESENTATION('', (#8587), #8);
#8589 = POLY_LOOP('', (#1285, #1291, #1287));
#8590 = FACE_OUTER_BOUND('', #8589, .T.);
#8591 = FACETED_BREP_SHAPE_REPRESENTATION('', (#8590), #8);
#8592 = POLY_LOOP('', (#1288, #1292, #1293));
#8593 = FACE_OUTER_BOUND('', #8592, .T.);
#8594 = FACETED_BREP_SHAPE_REPRESENTATION('', (#8593), #8);
#8595 = POLY_LOOP('', (#1288, #1293, #1289));
#8596 = FACE_OUTER_BOUND('', #8595, .T.);
#8597 = FACETED_BREP_SHAPE_REPRESENTATION('', (#8596), #8);
#8598 = POLY_LOOP('', (#1290, #1295, #1294));
#8599 = FACE_OUTER_BOUND('', #8598, .T.);
#8600 = FACETED_BREP_SHAPE_REPRESENTATION('', (#8599), #8);
#8601 = POLY_LOOP('', (#1290, #1291, #1295));
#8602 = FACE_OUTER_BOUND('', #8601, .T.);
#8603 = FACETED_BREP_SHAPE_REPRESENTATION('', (#8602), #8);
#8604 = POLY_LOOP('', (#1288, #1294, #1292));
#8605 = FACE_OUTER_BOUND('', #8604, .T.);
#8606 = FACETED_BREP_SHAPE_REPRESENTATION('', (#8605), #8);
#8607 = POLY_LOOP('', (#1288, #1290, #1294));
#8608 = FACE_OUTER_BOUND('', #8607, .T.);
#8609 = FACETED_BREP_SHAPE_REPRESENTATION('', (#8608), #8);
#8610 = POLY_LOOP('', (#1289, #1293, #1295));
#8611 = FACE_OUTER_BOUND('', #8610, .T.);
#8612 = FACETED_BREP_SHAPE_REPRESENTATION('', (#8611), #8);
#8613 = POLY_LOOP('', (#1289, #1295, #1291));
#8614 = FACE_OUTER_BOUND('', #8613, .T.);
#8615 = FACETED_BREP_SHAPE_REPRESENTATION('', (#8614), #8);
#8616 = POLY_LOOP('', (#1292, #1296, #1297));
#8617 = FACE_OUTER_BOUND('', #8616, .T.);
#8618 = FACETED_BREP_SHAPE_REPRESENTATION('', (#8617), #8);
#8619 = POLY_LOOP('', (#1292, #1297, #1293));
#8620 = FACE_OUTER_BOUND('', #8619, .T.);
#8621 = FACETED_BREP_SHAPE_REPRESENTATION('', (#8620), #8);
#8622 = POLY_LOOP('', (#1294, #1299, #1298));
#8623 = FACE_OUTER_BOUND('', #8622, .T.);
#8624 = FACETED_BREP_SHAPE_REPRESENTATION('', (#8623), #8);
#8625 = POLY_LOOP('', (#1294, #1295, #1299));
#8626 = FACE_OUTER_BOUND('', #8625, .T.);
#8627 = FACETED_BREP_SHAPE_REPRESENTATION('', (#8626), #8);
#8628 = POLY_LOOP('', (#1292, #1298, #1296));
#8629 = FACE_OUTER_BOUND('', #8628, .T.);
#8630 = FACETED_BREP_SHAPE_REPRESENTATION('', (#8629), #8);
#8631 = POLY_LOOP('', (#1292, #1294, #1298));
#8632 = FACE_OUTER_BOUND('', #8631, .T.);
#8633 = FACETED_BREP_SHAPE_REPRESENTATION('', (#8632), #8);
#8634 = POLY_LOOP('', (#1293, #1297, #1299));
#8635 = FACE_OUTER_BOUND('', #8634, .T.);
#8636 = FACETED_BREP_SHAPE_REPRESENTATION('', (#8635), #8);
#8637 = POLY_LOOP('', (#1293, #1299, #1295));
#8638 = FACE_OUTER_BOUND('', #8637, .T.);
#8639 = FACETED_BREP_SHAPE_REPRESENTATION('', (#8638), #8);
#8640 = POLY_LOOP('', (#1296, #1300, #1301));
#8641 = FACE_OUTER_BOUND('', #8640, .T.);
#8642 = FACETED_BREP_SHAPE_REPRESENTATION('', (#8641), #8);
#8643 = POLY_LOOP('', (#1296, #1301, #1297));
#8644 = FACE_OUTER_BOUND('', #8643, .T.);
#8645 = FACETED_BREP_SHAPE_REPRESENTATION('', (#8644), #8);
#8646 = POLY_LOOP('', (#1298, #1303, #1302));
#8647 = FACE_OUTER_BOUND('', #8646, .T.);
#8648 = FACETED_BREP_SHAPE_REPRESENTATION('', (#8647), #8);
#8649 = POLY_LOOP('', (#1298, #1299, #1303));
#8650 = FACE_OUTER_BOUND('', #8649, .T.);
#8651 = FACETED_BREP_SHAPE_REPRESENTATION('', (#8650), #8);
#8652 = POLY_LOOP('', (#1296, #1302, #1300));
#8653 = FACE_OUTER_BOUND('', #8652, .T.);
#8654 = FACETED_BREP_SHAPE_REPRESENTATION('', (#8653), #8);
#8655 = POLY_LOOP('', (#1296, #1298, #1302));
#8656 = FACE_OUTER_BOUND('', #8655, .T.);
#8657 = FACETED_BREP_SHAPE_REPRESENTATION('', (#8656), #8);
#8658 = POLY_LOOP('', (#1297, #1301, #1303));
#8659 = FACE_OUTER_BOUND('', #8658, .T.);
#8660 = FACETED_BREP_SHAPE_REPRESENTATION('', (#8659), #8);
#8661 = POLY_LOOP('', (#1297, #1303, #1299));
#8662 = FACE_OUTER_BOUND('', #8661, .T.);
#8663 = FACETED_BREP_SHAPE_REPRESENTATION('', (#8662), #8);
#8664 = POLY_LOOP('', (#1300, #1304, #1305));
#8665 = FACE_OUTER_BOUND('', #8664, .T.);
#8666 = FACETED_BREP_SHAPE_REPRESENTATION('', (#8665), #8);
#8667 = POLY_LOOP('', (#1300, #1305, #1301));
#8668 = FACE_OUTER_BOUND('', #8667, .T.);
#8669 = FACETED_BREP_SHAPE_REPRESENTATION('', (#8668), #8);
#8670 = POLY_LOOP('', (#1302, #1307, #1306));
#8671 = FACE_OUTER_BOUND('', #8670, .T.);
#8672 = FACETED_BREP_SHAPE_REPRESENTATION('', (#8671), #8);
#8673 = POLY_LOOP('', (#1302, #1303, #1307));
#8674 = FACE_OUTER_BOUND('', #8673, .T.);
#8675 = FACETED_BREP_SHAPE_REPRESENTATION('', (#8674), #8);
#8676 = POLY_LOOP('', (#1300, #1306, #1304));
#8677 = FACE_OUTER_BOUND('', #8676, .T.);
#8678 = FACETED_BREP_SHAPE_REPRESENTATION('', (#8677), #8);
#8679 = POLY_LOOP('', (#1300, #1302, #1306));
#8680 = FACE_OUTER_BOUND('', #8679, .T.);
#8681 = FACETED_BREP_SHAPE_REPRESENTATION('', (#8680), #8);
#8682 = POLY_LOOP('', (#1301, #1305, #1307));
#8683 = FACE_OUTER_BOUND('', #8682, .T.);
#8684 = FACETED_BREP_SHAPE_REPRESENTATION('', (#8683), #8);
#8685 = POLY_LOOP('', (#1301, #1307, #1303));
#8686 = FACE_OUTER_BOUND('', #8685, .T.);
#8687 = FACETED_BREP_SHAPE_REPRESENTATION('', (#8686), #8);
#8688 = POLY_LOOP('', (#1308, #1312, #1313));
#8689 = FACE_OUTER_BOUND('', #8688, .T.);
#8690 = FACETED_BREP_SHAPE_REPRESENTATION('', (#8689), #8);
#8691 = POLY_LOOP('', (#1308, #1313, #1309));
#8692 = FACE_OUTER_BOUND('', #8691, .T.);
#8693 = FACETED_BREP_SHAPE_REPRESENTATION('', (#8692), #8);
#8694 = POLY_LOOP('', (#1310, #1315, #1314));
#8695 = FACE_OUTER_BOUND('', #8694, .T.);
#8696 = FACETED_BREP_SHAPE_REPRESENTATION('', (#8695), #8);
#8697 = POLY_LOOP('', (#1310, #1311, #1315));
#8698 = FACE_OUTER_BOUND('', #8697, .T.);
#8699 = FACETED_BREP_SHAPE_REPRESENTATION('', (#8698), #8);
#8700 = POLY_LOOP('', (#1308, #1314, #1312));
#8701 = FACE_OUTER_BOUND('', #8700, .T.);
#8702 = FACETED_BREP_SHAPE_REPRESENTATION('', (#8701), #8);
#8703 = POLY_LOOP('', (#1308, #1310, #1314));
#8704 = FACE_OUTER_BOUND('', #8703, .T.);
#8705 = FACETED_BREP_SHAPE_REPRESENTATION('', (#8704), #8);
#8706 = POLY_LOOP('', (#1309, #1313, #1315));
#8707 = FACE_OUTER_BOUND('', #8706, .T.);
#8708 = FACETED_BREP_SHAPE_REPRESENTATION('', (#8707), #8);
#8709 = POLY_LOOP('', (#1309, #1315, #1311));
#8710 = FACE_OUTER_BOUND('', #8709, .T.);
#8711 = FACETED_BREP_SHAPE_REPRESENTATION('', (#8710), #8);
#8712 = POLY_LOOP('', (#1312, #1316, #1317));
#8713 = FACE_OUTER_BOUND('', #8712, .T.);
#8714 = FACETED_BREP_SHAPE_REPRESENTATION('', (#8713), #8);
#8715 = POLY_LOOP('', (#1312, #1317, #1313));
#8716 = FACE_OUTER_BOUND('', #8715, .T.);
#8717 = FACETED_BREP_SHAPE_REPRESENTATION('', (#8716), #8);
#8718 = POLY_LOOP('', (#1314, #1319, #1318));
#8719 = FACE_OUTER_BOUND('', #8718, .T.);
#8720 = FACETED_BREP_SHAPE_REPRESENTATION('', (#8719), #8);
#8721 = POLY_LOOP('', (#1314, #1315, #1319));
#8722 = FACE_OUTER_BOUND('', #8721, .T.);
#8723 = FACETED_BREP_SHAPE_REPRESENTATION('', (#8722), #8);
#8724 = POLY_LOOP('', (#1312, #1318, #1316));
#8725 = FACE_OUTER_BOUND('', #8724, .T.);
#8726 = FACETED_BREP_SHAPE_REPRESENTATION('', (#8725), #8);
#8727 = POLY_LOOP('', (#1312, #1314, #1318));
#8728 = FACE_OUTER_BOUND('', #8727, .T.);
#8729 = FACETED_BREP_SHAPE_REPRESENTATION('', (#8728), #8);
#8730 = POLY_LOOP('', (#1313, #1317, #1319));
#8731 = FACE_OUTER_BOUND('', #8730, .T.);
#8732 = FACETED_BREP_SHAPE_REPRESENTATION('', (#8731), #8);
#8733 = POLY_LOOP('', (#1313, #1319, #1315));
#8734 = FACE_OUTER_BOUND('', #8733, .T.);
#8735 = FACETED_BREP_SHAPE_REPRESENTATION('', (#8734), #8);
#8736 = POLY_LOOP('', (#1316, #1320, #1321));
#8737 = FACE_OUTER_BOUND('', #8736, .T.);
#8738 = FACETED_BREP_SHAPE_REPRESENTATION('', (#8737), #8);
#8739 = POLY_LOOP('', (#1316, #1321, #1317));
#8740 = FACE_OUTER_BOUND('', #8739, .T.);
#8741 = FACETED_BREP_SHAPE_REPRESENTATION('', (#8740), #8);
#8742 = POLY_LOOP('', (#1318, #1323, #1322));
#8743 = FACE_OUTER_BOUND('', #8742, .T.);
#8744 = FACETED_BREP_SHAPE_REPRESENTATION('', (#8743), #8);
#8745 = POLY_LOOP('', (#1318, #1319, #1323));
#8746 = FACE_OUTER_BOUND('', #8745, .T.);
#8747 = FACETED_BREP_SHAPE_REPRESENTATION('', (#8746), #8);
#8748 = POLY_LOOP('', (#1316, #1322, #1320));
#8749 = FACE_OUTER_BOUND('', #8748, .T.);
#8750 = FACETED_BREP_SHAPE_REPRESENTATION('', (#8749), #8);
#8751 = POLY_LOOP('', (#1316, #1318, #1322));
#8752 = FACE_OUTER_BOUND('', #8751, .T.);
#8753 = FACETED_BREP_SHAPE_REPRESENTATION('', (#8752), #8);
#8754 = POLY_LOOP('', (#1317, #1321, #1323));
#8755 = FACE_OUTER_BOUND('', #8754, .T.);
#8756 = FACETED_BREP_SHAPE_REPRESENTATION('', (#8755), #8);
#8757 = POLY_LOOP('', (#1317, #1323, #1319));
#8758 = FACE_OUTER_BOUND('', #8757, .T.);
#8759 = FACETED_BREP_SHAPE_REPRESENTATION('', (#8758), #8);
#8760 = POLY_LOOP('', (#1320, #1324, #1325));
#8761 = FACE_OUTER_BOUND('', #8760, .T.);
#8762 = FACETED_BREP_SHAPE_REPRESENTATION('', (#8761), #8);
#8763 = POLY_LOOP('', (#1320, #1325, #1321));
#8764 = FACE_OUTER_BOUND('', #8763, .T.);
#8765 = FACETED_BREP_SHAPE_REPRESENTATION('', (#8764), #8);
#8766 = POLY_LOOP('', (#1322, #1327, #1326));
#8767 = FACE_OUTER_BOUND('', #8766, .T.);
#8768 = FACETED_BREP_SHAPE_REPRESENTATION('', (#8767), #8);
#8769 = POLY_LOOP('', (#1322, #1323, #1327));
#8770 = FACE_OUTER_BOUND('', #8769, .T.);
#8771 = FACETED_BREP_SHAPE_REPRESENTATION('', (#8770), #8);
#8772 = POLY_LOOP('', (#1320, #1326, #1324));
#8773 = FACE_OUTER_BOUND('', #8772, .T.);
#8774 = FACETED_BREP_SHAPE_REPRESENTATION('', (#8773), #8);
#8775 = POLY_LOOP('', (#1320, #1322, #1326));
#8776 = FACE_OUTER_BOUND('', #8775, .T.);
#8777 = FACETED_BREP_SHAPE_REPRESENTATION('', (#8776), #8);
#8778 = POLY_LOOP('', (#1321, #1325, #1327));
#8779 = FACE_OUTER_BOUND('', #8778, .T.);
#8780 = FACETED_BREP_SHAPE_REPRESENTATION('', (#8779), #8);
#8781 = POLY_LOOP('', (#1321, #1327, #1323));
#8782 = FACE_OUTER_BOUND('', #8781, .T.);
#8783 = FACETED_BREP_SHAPE_REPRESENTATION('', (#8782), #8);
#8784 = POLY_LOOP('', (#1324, #1328, #1329));
#8785 = FACE_OUTER_BOUND('', #8784, .T.);
#8786 = FACETED_BREP_SHAPE_REPRESENTATION('', (#8785), #8);
#8787 = POLY_LOOP('', (#1324, #1329, #1325));
#8788 = FACE_OUTER_BOUND('', #8787, .T.);
#8789 = FACETED_BREP_SHAPE_REPRESENTATION('', (#8788), #8);
#8790 = POLY_LOOP('', (#1326, #1331, #1330));
#8791 = FACE_OUTER_BOUND('', #8790, .T.);
#8792 = FACETED_BREP_SHAPE_REPRESENTATION('', (#8791), #8);
#8793 = POLY_LOOP('', (#1326, #1327, #1331));
#8794 = FACE_OUTER_BOUND('', #8793, .T.);
#8795 = FACETED_BREP_SHAPE_REPRESENTATION('', (#8794), #8);
#8796 = POLY_LOOP('', (#1324, #1330, #1328));
#8797 = FACE_OUTER_BOUND('', #8796, .T.);
#8798 = FACETED_BREP_SHAPE_REPRESENTATION('', (#8797), #8);
#8799 = POLY_LOOP('', (#1324, #1326, #1330));
#8800 = FACE_OUTER_BOUND('', #8799, .T.);
#8801 = FACETED_BREP_SHAPE_REPRESENTATION('', (#8800), #8);
#8802 = POLY_LOOP('', (#1325, #1329, #1331));
#8803 = FACE_OUTER_BOUND('', #8802, .T.);
#8804 = FACETED_BREP_SHAPE_REPRESENTATION('', (#8803), #8);
#8805 = POLY_LOOP('', (#1325, #1331, #1327));
#8806 = FACE_OUTER_BOUND('', #8805, .T.);
#8807 = FACETED_BREP_SHAPE_REPRESENTATION('', (#8806), #8);
#8808 = POLY_LOOP('', (#1328, #1332, #1333));
#8809 = FACE_OUTER_BOUND('', #8808, .T.);
#8810 = FACETED_BREP_SHAPE_REPRESENTATION('', (#8809), #8);
#8811 = POLY_LOOP('', (#1328, #1333, #1329));
#8812 = FACE_OUTER_BOUND('', #8811, .T.);
#8813 = FACETED_BREP_SHAPE_REPRESENTATION('', (#8812), #8);
#8814 = POLY_LOOP('', (#1330, #1335, #1334));
#8815 = FACE_OUTER_BOUND('', #8814, .T.);
#8816 = FACETED_BREP_SHAPE_REPRESENTATION('', (#8815), #8);
#8817 = POLY_LOOP('', (#1330, #1331, #1335));
#8818 = FACE_OUTER_BOUND('', #8817, .T.);
#8819 = FACETED_BREP_SHAPE_REPRESENTATION('', (#8818), #8);
#8820 = POLY_LOOP('', (#1328, #1334, #1332));
#8821 = FACE_OUTER_BOUND('', #8820, .T.);
#8822 = FACETED_BREP_SHAPE_REPRESENTATION('', (#8821), #8);
#8823 = POLY_LOOP('', (#1328, #1330, #1334));
#8824 = FACE_OUTER_BOUND('', #8823, .T.);
#8825 = FACETED_BREP_SHAPE_REPRESENTATION('', (#8824), #8);
#8826 = POLY_LOOP('', (#1329, #1333, #1335));
#8827 = FACE_OUTER_BOUND('', #8826, .T.);
#8828 = FACETED_BREP_SHAPE_REPRESENTATION('', (#8827), #8);
#8829 = POLY_LOOP('', (#1329, #1335, #1331));
#8830 = FACE_OUTER_BOUND('', #8829, .T.);
#8831 = FACETED_BREP_SHAPE_REPRESENTATION('', (#8830), #8);
#8832 = POLY_LOOP('', (#1332, #1336, #1337));
#8833 = FACE_OUTER_BOUND('', #8832, .T.);
#8834 = FACETED_BREP_SHAPE_REPRESENTATION('', (#8833), #8);
#8835 = POLY_LOOP('', (#1332, #1337, #1333));
#8836 = FACE_OUTER_BOUND('', #8835, .T.);
#8837 = FACETED_BREP_SHAPE_REPRESENTATION('', (#8836), #8);
#8838 = POLY_LOOP('', (#1334, #1339, #1338));
#8839 = FACE_OUTER_BOUND('', #8838, .T.);
#8840 = FACETED_BREP_SHAPE_REPRESENTATION('', (#8839), #8);
#8841 = POLY_LOOP('', (#1334, #1335, #1339));
#8842 = FACE_OUTER_BOUND('', #8841, .T.);
#8843 = FACETED_BREP_SHAPE_REPRESENTATION('', (#8842), #8);
#8844 = POLY_LOOP('', (#1332, #1338, #1336));
#8845 = FACE_OUTER_BOUND('', #8844, .T.);
#8846 = FACETED_BREP_SHAPE_REPRESENTATION('', (#8845), #8);
#8847 = POLY_LOOP('', (#1332, #1334, #1338));
#8848 = FACE_OUTER_BOUND('', #8847, .T.);
#8849 = FACETED_BREP_SHAPE_REPRESENTATION('', (#8848), #8);
#8850 = POLY_LOOP('', (#1333, #1337, #1339));
#8851 = FACE_OUTER_BOUND('', #8850, .T.);
#8852 = FACETED_BREP_SHAPE_REPRESENTATION('', (#8851), #8);
#8853 = POLY_LOOP('', (#1333, #1339, #1335));
#8854 = FACE_OUTER_BOUND('', #8853, .T.);
#8855 = FACETED_BREP_SHAPE_REPRESENTATION('', (#8854), #8);
#8856 = POLY_LOOP('', (#1336, #1340, #1341));
#8857 = FACE_OUTER_BOUND('', #8856, .T.);
#8858 = FACETED_BREP_SHAPE_REPRESENTATION('', (#8857), #8);
#8859 = POLY_LOOP('', (#1336, #1341, #1337));
#8860 = FACE_OUTER_BOUND('', #8859, .T.);
#8861 = FACETED_BREP_SHAPE_REPRESENTATION('', (#8860), #8);
#8862 = POLY_LOOP('', (#1338, #1343, #1342));
#8863 = FACE_OUTER_BOUND('', #8862, .T.);
#8864 = FACETED_BREP_SHAPE_REPRESENTATION('', (#8863), #8);
#8865 = POLY_LOOP('', (#1338, #1339, #1343));
#8866 = FACE_OUTER_BOUND('', #8865, .T.);
#8867 = FACETED_BREP_SHAPE_REPRESENTATION('', (#8866), #8);
#8868 = POLY_LOOP('', (#1336, #1342, #1340));
#8869 = FACE_OUTER_BOUND('', #8868, .T.);
#8870 = FACETED_BREP_SHAPE_REPRESENTATION('', (#8869), #8);
#8871 = POLY_LOOP('', (#1336, #1338, #1342));
#8872 = FACE_OUTER_BOUND('', #8871, .T.);
#8873 = FACETED_BREP_SHAPE_REPRESENTATION('', (#8872), #8);
#8874 = POLY_LOOP('', (#1337, #1341, #1343));
#8875 = FACE_OUTER_BOUND('', #8874, .T.);
#8876 = FACETED_BREP_SHAPE_REPRESENTATION('', (#8875), #8);
#8877 = POLY_LOOP('', (#1337, #1343, #1339));
#8878 = FACE_OUTER_BOUND('', #8877, .T.);
#8879 = FACETED_BREP_SHAPE_REPRESENTATION('', (#8878), #8);
#8880 = POLY_LOOP('', (#1344, #1348, #1349));
#8881 = FACE_OUTER_BOUND('', #8880, .T.);
#8882 = FACETED_BREP_SHAPE_REPRESENTATION('', (#8881), #8);
#8883 = POLY_LOOP('', (#1344, #1349, #1345));
#8884 = FACE_OUTER_BOUND('', #8883, .T.);
#8885 = FACETED_BREP_SHAPE_REPRESENTATION('', (#8884), #8);
#8886 = POLY_LOOP('', (#1346, #1351, #1350));
#8887 = FACE_OUTER_BOUND('', #8886, .T.);
#8888 = FACETED_BREP_SHAPE_REPRESENTATION('', (#8887), #8);
#8889 = POLY_LOOP('', (#1346, #1347, #1351));
#8890 = FACE_OUTER_BOUND('', #8889, .T.);
#8891 = FACETED_BREP_SHAPE_REPRESENTATION('', (#8890), #8);
#8892 = POLY_LOOP('', (#1344, #1350, #1348));
#8893 = FACE_OUTER_BOUND('', #8892, .T.);
#8894 = FACETED_BREP_SHAPE_REPRESENTATION('', (#8893), #8);
#8895 = POLY_LOOP('', (#1344, #1346, #1350));
#8896 = FACE_OUTER_BOUND('', #8895, .T.);
#8897 = FACETED_BREP_SHAPE_REPRESENTATION('', (#8896), #8);
#8898 = POLY_LOOP('', (#1345, #1349, #1351));
#8899 = FACE_OUTER_BOUND('', #8898, .T.);
#8900 = FACETED_BREP_SHAPE_REPRESENTATION('', (#8899), #8);
#8901 = POLY_LOOP('', (#1345, #1351, #1347));
#8902 = FACE_OUTER_BOUND('', #8901, .T.);
#8903 = FACETED_BREP_SHAPE_REPRESENTATION('', (#8902), #8);
#8904 = POLY_LOOP('', (#1348, #1352, #1353));
#8905 = FACE_OUTER_BOUND('', #8904, .T.);
#8906 = FACETED_BREP_SHAPE_REPRESENTATION('', (#8905), #8);
#8907 = POLY_LOOP('', (#1348, #1353, #1349));
#8908 = FACE_OUTER_BOUND('', #8907, .T.);
#8909 = FACETED_BREP_SHAPE_REPRESENTATION('', (#8908), #8);
#8910 = POLY_LOOP('', (#1350, #1355, #1354));
#8911 = FACE_OUTER_BOUND('', #8910, .T.);
#8912 = FACETED_BREP_SHAPE_REPRESENTATION('', (#8911), #8);
#8913 = POLY_LOOP('', (#1350, #1351, #1355));
#8914 = FACE_OUTER_BOUND('', #8913, .T.);
#8915 = FACETED_BREP_SHAPE_REPRESENTATION('', (#8914), #8);
#8916 = POLY_LOOP('', (#1348, #1354, #1352));
#8917 = FACE_OUTER_BOUND('', #8916, .T.);
#8918 = FACETED_BREP_SHAPE_REPRESENTATION('', (#8917), #8);
#8919 = POLY_LOOP('', (#1348, #1350, #1354));
#8920 = FACE_OUTER_BOUND('', #8919, .T.);
#8921 = FACETED_BREP_SHAPE_REPRESENTATION('', (#8920), #8);
#8922 = POLY_LOOP('', (#1349, #1353, #1355));
#8923 = FACE_OUTER_BOUND('', #8922, .T.);
#8924 = FACETED_BREP_SHAPE_REPRESENTATION('', (#8923), #8);
#8925 = POLY_LOOP('', (#1349, #1355, #1351));
#8926 = FACE_OUTER_BOUND('', #8925, .T.);
#8927 = FACETED_BREP_SHAPE_REPRESENTATION('', (#8926), #8);
#8928 = POLY_LOOP('', (#1352, #1356, #1357));
#8929 = FACE_OUTER_BOUND('', #8928, .T.);
#8930 = FACETED_BREP_SHAPE_REPRESENTATION('', (#8929), #8);
#8931 = POLY_LOOP('', (#1352, #1357, #1353));
#8932 = FACE_OUTER_BOUND('', #8931, .T.);
#8933 = FACETED_BREP_SHAPE_REPRESENTATION('', (#8932), #8);
#8934 = POLY_LOOP('', (#1354, #1359, #1358));
#8935 = FACE_OUTER_BOUND('', #8934, .T.);
#8936 = FACETED_BREP_SHAPE_REPRESENTATION('', (#8935), #8);
#8937 = POLY_LOOP('', (#1354, #1355, #1359));
#8938 = FACE_OUTER_BOUND('', #8937, .T.);
#8939 = FACETED_BREP_SHAPE_REPRESENTATION('', (#8938), #8);
#8940 = POLY_LOOP('', (#1352, #1358, #1356));
#8941 = FACE_OUTER_BOUND('', #8940, .T.);
#8942 = FACETED_BREP_SHAPE_REPRESENTATION('', (#8941), #8);
#8943 = POLY_LOOP('', (#1352, #1354, #1358));
#8944 = FACE_OUTER_BOUND('', #8943, .T.);
#8945 = FACETED_BREP_SHAPE_REPRESENTATION('', (#8944), #8);
#8946 = POLY_LOOP('', (#1353, #1357, #1359));
#8947 = FACE_OUTER_BOUND('', #8946, .T.);
#8948 = FACETED_BREP_SHAPE_REPRESENTATION('', (#8947), #8);
#8949 = POLY_LOOP('', (#1353, #1359, #1355));
#8950 = FACE_OUTER_BOUND('', #8949, .T.);
#8951 = FACETED_BREP_SHAPE_REPRESENTATION('', (#8950), #8);
#8952 = POLY_LOOP('', (#1356, #1360, #1361));
#8953 = FACE_OUTER_BOUND('', #8952, .T.);
#8954 = FACETED_BREP_SHAPE_REPRESENTATION('', (#8953), #8);
#8955 = POLY_LOOP('', (#1356, #1361, #1357));
#8956 = FACE_OUTER_BOUND('', #8955, .T.);
#8957 = FACETED_BREP_SHAPE_REPRESENTATION('', (#8956), #8);
#8958 = POLY_LOOP('', (#1358, #1363, #1362));
#8959 = FACE_OUTER_BOUND('', #8958, .T.);
#8960 = FACETED_BREP_SHAPE_REPRESENTATION('', (#8959), #8);
#8961 = POLY_LOOP('', (#1358, #1359, #1363));
#8962 = FACE_OUTER_BOUND('', #8961, .T.);
#8963 = FACETED_BREP_SHAPE_REPRESENTATION('', (#8962), #8);
#8964 = POLY_LOOP('', (#1356, #1362, #1360));
#8965 = FACE_OUTER_BOUND('', #8964, .T.);
#8966 = FACETED_BREP_SHAPE_REPRESENTATION('', (#8965), #8);
#8967 = POLY_LOOP('', (#1356, #1358, #1362));
#8968 = FACE_OUTER_BOUND('', #8967, .T.);
#8969 = FACETED_BREP_SHAPE_REPRESENTATION('', (#8968), #8);
#8970 = POLY_LOOP('', (#1357, #1361, #1363));
#8971 = FACE_OUTER_BOUND('', #8970, .T.);
#8972 = FACETED_BREP_SHAPE_REPRESENTATION('', (#8971), #8);
#8973 = POLY_LOOP('', (#1357, #1363, #1359));
#8974 = FACE_OUTER_BOUND('', #8973, .T.);
#8975 = FACETED_BREP_SHAPE_REPRESENTATION('', (#8974), #8);
#8976 = POLY_LOOP('', (#1360, #1364, #1365));
#8977 = FACE_OUTER_BOUND('', #8976, .T.);
#8978 = FACETED_BREP_SHAPE_REPRESENTATION('', (#8977), #8);
#8979 = POLY_LOOP('', (#1360, #1365, #1361));
#8980 = FACE_OUTER_BOUND('', #8979, .T.);
#8981 = FACETED_BREP_SHAPE_REPRESENTATION('', (#8980), #8);
#8982 = POLY_LOOP('', (#1362, #1367, #1366));
#8983 = FACE_OUTER_BOUND('', #8982, .T.);
#8984 = FACETED_BREP_SHAPE_REPRESENTATION('', (#8983), #8);
#8985 = POLY_LOOP('', (#1362, #1363, #1367));
#8986 = FACE_OUTER_BOUND('', #8985, .T.);
#8987 = FACETED_BREP_SHAPE_REPRESENTATION('', (#8986), #8);
#8988 = POLY_LOOP('', (#1360, #1366, #1364));
#8989 = FACE_OUTER_BOUND('', #8988, .T.);
#8990 = FACETED_BREP_SHAPE_REPRESENTATION('', (#8989), #8);
#8991 = POLY_LOOP('', (#1360, #1362, #1366));
#8992 = FACE_OUTER_BOUND('', #8991, .T.);
#8993 = FACETED_BREP_SHAPE_REPRESENTATION('', (#8992), #8);
#8994 = POLY_LOOP('', (#1361, #1365, #1367));
#8995 = FACE_OUTER_BOUND('', #8994, .T.);
#8996 = FACETED_BREP_SHAPE_REPRESENTATION('', (#8995), #8);
#8997 = POLY_LOOP('', (#1361, #1367, #1363));
#8998 = FACE_OUTER_BOUND('', #8997, .T.);
#8999 = FACETED_BREP_SHAPE_REPRESENTATION('', (#8998), #8);
#9000 = POLY_LOOP('', (#1364, #1368, #1369));
#9001 = FACE_OUTER_BOUND('', #9000, .T.);
#9002 = FACETED_BREP_SHAPE_REPRESENTATION('', (#9001), #8);
#9003 = POLY_LOOP('', (#1364, #1369, #1365));
#9004 = FACE_OUTER_BOUND('', #9003, .T.);
#9005 = FACETED_BREP_SHAPE_REPRESENTATION('', (#9004), #8);
#9006 = POLY_LOOP('', (#1366, #1371, #1370));
#9007 = FACE_OUTER_BOUND('', #9006, .T.);
#9008 = FACETED_BREP_SHAPE_REPRESENTATION('', (#9007), #8);
#9009 = POLY_LOOP('', (#1366, #1367, #1371));
#9010 = FACE_OUTER_BOUND('', #9009, .T.);
#9011 = FACETED_BREP_SHAPE_REPRESENTATION('', (#9010), #8);
#9012 = POLY_LOOP('', (#1364, #1370, #1368));
#9013 = FACE_OUTER_BOUND('', #9012, .T.);
#9014 = FACETED_BREP_SHAPE_REPRESENTATION('', (#9013), #8);
#9015 = POLY_LOOP('', (#1364, #1366, #1370));
#9016 = FACE_OUTER_BOUND('', #9015, .T.);
#9017 = FACETED_BREP_SHAPE_REPRESENTATION('', (#9016), #8);
#9018 = POLY_LOOP('', (#1365, #1369, #1371));
#9019 = FACE_OUTER_BOUND('', #9018, .T.);
#9020 = FACETED_BREP_SHAPE_REPRESENTATION('', (#9019), #8);
#9021 = POLY_LOOP('', (#1365, #1371, #1367));
#9022 = FACE_OUTER_BOUND('', #9021, .T.);
#9023 = FACETED_BREP_SHAPE_REPRESENTATION('', (#9022), #8);
#9024 = POLY_LOOP('', (#1368, #1372, #1373));
#9025 = FACE_OUTER_BOUND('', #9024, .T.);
#9026 = FACETED_BREP_SHAPE_REPRESENTATION('', (#9025), #8);
#9027 = POLY_LOOP('', (#1368, #1373, #1369));
#9028 = FACE_OUTER_BOUND('', #9027, .T.);
#9029 = FACETED_BREP_SHAPE_REPRESENTATION('', (#9028), #8);
#9030 = POLY_LOOP('', (#1370, #1375, #1374));
#9031 = FACE_OUTER_BOUND('', #9030, .T.);
#9032 = FACETED_BREP_SHAPE_REPRESENTATION('', (#9031), #8);
#9033 = POLY_LOOP('', (#1370, #1371, #1375));
#9034 = FACE_OUTER_BOUND('', #9033, .T.);
#9035 = FACETED_BREP_SHAPE_REPRESENTATION('', (#9034), #8);
#9036 = POLY_LOOP('', (#1368, #1374, #1372));
#9037 = FACE_OUTER_BOUND('', #9036, .T.);
#9038 = FACETED_BREP_SHAPE_REPRESENTATION('', (#9037), #8);
#9039 = POLY_LOOP('', (#1368, #1370, #1374));
#9040 = FACE_OUTER_BOUND('', #9039, .T.);
#9041 = FACETED_BREP_SHAPE_REPRESENTATION('', (#9040), #8);
#9042 = POLY_LOOP('', (#1369, #1373, #1375));
#9043 = FACE_OUTER_BOUND('', #9042, .T.);
#9044 = FACETED_BREP_SHAPE_REPRESENTATION('', (#9043), #8);
#9045 = POLY_LOOP('', (#1369, #1375, #1371));
#9046 = FACE_OUTER_BOUND('', #9045, .T.);
#9047 = FACETED_BREP_SHAPE_REPRESENTATION('', (#9046), #8);
#9048 = POLY_LOOP('', (#1372, #1376, #1377));
#9049 = FACE_OUTER_BOUND('', #9048, .T.);
#9050 = FACETED_BREP_SHAPE_REPRESENTATION('', (#9049), #8);
#9051 = POLY_LOOP('', (#1372, #1377, #1373));
#9052 = FACE_OUTER_BOUND('', #9051, .T.);
#9053 = FACETED_BREP_SHAPE_REPRESENTATION('', (#9052), #8);
#9054 = POLY_LOOP('', (#1374, #1379, #1378));
#9055 = FACE_OUTER_BOUND('', #9054, .T.);
#9056 = FACETED_BREP_SHAPE_REPRESENTATION('', (#9055), #8);
#9057 = POLY_LOOP('', (#1374, #1375, #1379));
#9058 = FACE_OUTER_BOUND('', #9057, .T.);
#9059 = FACETED_BREP_SHAPE_REPRESENTATION('', (#9058), #8);
#9060 = POLY_LOOP('', (#1372, #1378, #1376));
#9061 = FACE_OUTER_BOUND('', #9060, .T.);
#9062 = FACETED_BREP_SHAPE_REPRESENTATION('', (#9061), #8);
#9063 = POLY_LOOP('', (#1372, #1374, #1378));
#9064 = FACE_OUTER_BOUND('', #9063, .T.);
#9065 = FACETED_BREP_SHAPE_REPRESENTATION('', (#9064), #8);
#9066 = POLY_LOOP('', (#1373, #1377, #1379));
#9067 = FACE_OUTER_BOUND('', #9066, .T.);
#9068 = FACETED_BREP_SHAPE_REPRESENTATION('', (#9067), #8);
#9069 = POLY_LOOP('', (#1373, #1379, #1375));
#9070 = FACE_OUTER_BOUND('', #9069, .T.);
#9071 = FACETED_BREP_SHAPE_REPRESENTATION('', (#9070), #8);
#9072 = POLY_LOOP('', (#1380, #1384, #1385));
#9073 = FACE_OUTER_BOUND('', #9072, .T.);
#9074 = FACETED_BREP_SHAPE_REPRESENTATION('', (#9073), #8);
#9075 = POLY_LOOP('', (#1380, #1385, #1381));
#9076 = FACE_OUTER_BOUND('', #9075, .T.);
#9077 = FACETED_BREP_SHAPE_REPRESENTATION('', (#9076), #8);
#9078 = POLY_LOOP('', (#1382, #1387, #1386));
#9079 = FACE_OUTER_BOUND('', #9078, .T.);
#9080 = FACETED_BREP_SHAPE_REPRESENTATION('', (#9079), #8);
#9081 = POLY_LOOP('', (#1382, #1383, #1387));
#9082 = FACE_OUTER_BOUND('', #9081, .T.);
#9083 = FACETED_BREP_SHAPE_REPRESENTATION('', (#9082), #8);
#9084 = POLY_LOOP('', (#1380, #1386, #1384));
#9085 = FACE_OUTER_BOUND('', #9084, .T.);
#9086 = FACETED_BREP_SHAPE_REPRESENTATION('', (#9085), #8);
#9087 = POLY_LOOP('', (#1380, #1382, #1386));
#9088 = FACE_OUTER_BOUND('', #9087, .T.);
#9089 = FACETED_BREP_SHAPE_REPRESENTATION('', (#9088), #8);
#9090 = POLY_LOOP('', (#1381, #1385, #1387));
#9091 = FACE_OUTER_BOUND('', #9090, .T.);
#9092 = FACETED_BREP_SHAPE_REPRESENTATION('', (#9091), #8);
#9093 = POLY_LOOP('', (#1381, #1387, #1383));
#9094 = FACE_OUTER_BOUND('', #9093, .T.);
#9095 = FACETED_BREP_SHAPE_REPRESENTATION('', (#9094), #8);
#9096 = POLY_LOOP('', (#1384, #1388, #1389));
#9097 = FACE_OUTER_BOUND('', #9096, .T.);
#9098 = FACETED_BREP_SHAPE_REPRESENTATION('', (#9097), #8);
#9099 = POLY_LOOP('', (#1384, #1389, #1385));
#9100 = FACE_OUTER_BOUND('', #9099, .T.);
#9101 = FACETED_BREP_SHAPE_REPRESENTATION('', (#9100), #8);
#9102 = POLY_LOOP('', (#1386, #1391, #1390));
#9103 = FACE_OUTER_BOUND('', #9102, .T.);
#9104 = FACETED_BREP_SHAPE_REPRESENTATION('', (#9103), #8);
#9105 = POLY_LOOP('', (#1386, #1387, #1391));
#9106 = FACE_OUTER_BOUND('', #9105, .T.);
#9107 = FACETED_BREP_SHAPE_REPRESENTATION('', (#9106), #8);
#9108 = POLY_LOOP('', (#1384, #1390, #1388));
#9109 = FACE_OUTER_BOUND('', #9108, .T.);
#9110 = FACETED_BREP_SHAPE_REPRESENTATION('', (#9109), #8);
#9111 = POLY_LOOP('', (#1384, #1386, #1390));
#9112 = FACE_OUTER_BOUND('', #9111, .T.);
#9113 = FACETED_BREP_SHAPE_REPRESENTATION('', (#9112), #8);
#9114 = POLY_LOOP('', (#1385, #1389, #1391));
#9115 = FACE_OUTER_BOUND('', #9114, .T.);
#9116 = FACETED_BREP_SHAPE_REPRESENTATION('', (#9115), #8);
#9117 = POLY_LOOP('', (#1385, #1391, #1387));
#9118 = FACE_OUTER_BOUND('', #9117, .T.);
#9119 = FACETED_BREP_SHAPE_REPRESENTATION('', (#9118), #8);
#9120 = POLY_LOOP('', (#1388, #1392, #1393));
#9121 = FACE_OUTER_BOUND('', #9120, .T.);
#9122 = FACETED_BREP_SHAPE_REPRESENTATION('', (#9121), #8);
#9123 = POLY_LOOP('', (#1388, #1393, #1389));
#9124 = FACE_OUTER_BOUND('', #9123, .T.);
#9125 = FACETED_BREP_SHAPE_REPRESENTATION('', (#9124), #8);
#9126 = POLY_LOOP('', (#1390, #1395, #1394));
#9127 = FACE_OUTER_BOUND('', #9126, .T.);
#9128 = FACETED_BREP_SHAPE_REPRESENTATION('', (#9127), #8);
#9129 = POLY_LOOP('', (#1390, #1391, #1395));
#9130 = FACE_OUTER_BOUND('', #9129, .T.);
#9131 = FACETED_BREP_SHAPE_REPRESENTATION('', (#9130), #8);
#9132 = POLY_LOOP('', (#1388, #1394, #1392));
#9133 = FACE_OUTER_BOUND('', #9132, .T.);
#9134 = FACETED_BREP_SHAPE_REPRESENTATION('', (#9133), #8);
#9135 = POLY_LOOP('', (#1388, #1390, #1394));
#9136 = FACE_OUTER_BOUND('', #9135, .T.);
#9137 = FACETED_BREP_SHAPE_REPRESENTATION('', (#9136), #8);
#9138 = POLY_LOOP('', (#1389, #1393, #1395));
#9139 = FACE_OUTER_BOUND('', #9138, .T.);
#9140 = FACETED_BREP_SHAPE_REPRESENTATION('', (#9139), #8);
#9141 = POLY_LOOP('', (#1389, #1395, #1391));
#9142 = FACE_OUTER_BOUND('', #9141, .T.);
#9143 = FACETED_BREP_SHAPE_REPRESENTATION('', (#9142), #8);
#9144 = POLY_LOOP('', (#1392, #1396, #1397));
#9145 = FACE_OUTER_BOUND('', #9144, .T.);
#9146 = FACETED_BREP_SHAPE_REPRESENTATION('', (#9145), #8);
#9147 = POLY_LOOP('', (#1392, #1397, #1393));
#9148 = FACE_OUTER_BOUND('', #9147, .T.);
#9149 = FACETED_BREP_SHAPE_REPRESENTATION('', (#9148), #8);
#9150 = POLY_LOOP('', (#1394, #1399, #1398));
#9151 = FACE_OUTER_BOUND('', #9150, .T.);
#9152 = FACETED_BREP_SHAPE_REPRESENTATION('', (#9151), #8);
#9153 = POLY_LOOP('', (#1394, #1395, #1399));
#9154 = FACE_OUTER_BOUND('', #9153, .T.);
#9155 = FACETED_BREP_SHAPE_REPRESENTATION('', (#9154), #8);
#9156 = POLY_LOOP('', (#1392, #1398, #1396));
#9157 = FACE_OUTER_BOUND('', #9156, .T.);
#9158 = FACETED_BREP_SHAPE_REPRESENTATION('', (#9157), #8);
#9159 = POLY_LOOP('', (#1392, #1394, #1398));
#9160 = FACE_OUTER_BOUND('', #9159, .T.);
#9161 = FACETED_BREP_SHAPE_REPRESENTATION('', (#9160), #8);
#9162 = POLY_LOOP('', (#1393, #1397, #1399));
#9163 = FACE_OUTER_BOUND('', #9162, .T.);
#9164 = FACETED_BREP_SHAPE_REPRESENTATION('', (#9163), #8);
#9165 = POLY_LOOP('', (#1393, #1399, #1395));
#9166 = FACE_OUTER_BOUND('', #9165, .T.);
#9167 = FACETED_BREP_SHAPE_REPRESENTATION('', (#9166), #8);
#9168 = POLY_LOOP('', (#1396, #1400, #1401));
#9169 = FACE_OUTER_BOUND('', #9168, .T.);
#9170 = FACETED_BREP_SHAPE_REPRESENTATION('', (#9169), #8);
#9171 = POLY_LOOP('', (#1396, #1401, #1397));
#9172 = FACE_OUTER_BOUND('', #9171, .T.);
#9173 = FACETED_BREP_SHAPE_REPRESENTATION('', (#9172), #8);
#9174 = POLY_LOOP('', (#1398, #1403, #1402));
#9175 = FACE_OUTER_BOUND('', #9174, .T.);
#9176 = FACETED_BREP_SHAPE_REPRESENTATION('', (#9175), #8);
#9177 = POLY_LOOP('', (#1398, #1399, #1403));
#9178 = FACE_OUTER_BOUND('', #9177, .T.);
#9179 = FACETED_BREP_SHAPE_REPRESENTATION('', (#9178), #8);
#9180 = POLY_LOOP('', (#1396, #1402, #1400));
#9181 = FACE_OUTER_BOUND('', #9180, .T.);
#9182 = FACETED_BREP_SHAPE_REPRESENTATION('', (#9181), #8);
#9183 = POLY_LOOP('', (#1396, #1398, #1402));
#9184 = FACE_OUTER_BOUND('', #9183, .T.);
#9185 = FACETED_BREP_SHAPE_REPRESENTATION('', (#9184), #8);
#9186 = POLY_LOOP('', (#1397, #1401, #1403));
#9187 = FACE_OUTER_BOUND('', #9186, .T.);
#9188 = FACETED_BREP_SHAPE_REPRESENTATION('', (#9187), #8);
#9189 = POLY_LOOP('', (#1397, #1403, #1399));
#9190 = FACE_OUTER_BOUND('', #9189, .T.);
#9191 = FACETED_BREP_SHAPE_REPRESENTATION('', (#9190), #8);
#9192 = POLY_LOOP('', (#1400, #1404, #1405));
#9193 = FACE_OUTER_BOUND('', #9192, .T.);
#9194 = FACETED_BREP_SHAPE_REPRESENTATION('', (#9193), #8);
#9195 = POLY_LOOP('', (#1400, #1405, #1401));
#9196 = FACE_OUTER_BOUND('', #9195, .T.);
#9197 = FACETED_BREP_SHAPE_REPRESENTATION('', (#9196), #8);
#9198 = POLY_LOOP('', (#1402, #1407, #1406));
#9199 = FACE_OUTER_BOUND('', #9198, .T.);
#9200 = FACETED_BREP_SHAPE_REPRESENTATION('', (#9199), #8);
#9201 = POLY_LOOP('', (#1402, #1403, #1407));
#9202 = FACE_OUTER_BOUND('', #9201, .T.);
#9203 = FACETED_BREP_SHAPE_REPRESENTATION('', (#9202), #8);
#9204 = POLY_LOOP('', (#1400, #1406, #1404));
#9205 = FACE_OUTER_BOUND('', #9204, .T.);
#9206 = FACETED_BREP_SHAPE_REPRESENTATION('', (#9205), #8);
#9207 = POLY_LOOP('', (#1400, #1402, #1406));
#9208 = FACE_OUTER_BOUND('', #9207, .T.);
#9209 = FACETED_BREP_SHAPE_REPRESENTATION('', (#9208), #8);
#9210 = POLY_LOOP('', (#1401, #1405, #1407));
#9211 = FACE_OUTER_BOUND('', #9210, .T.);
#9212 = FACETED_BREP_SHAPE_REPRESENTATION('', (#9211), #8);
#9213 = POLY_LOOP('', (#1401, #1407, #1403));
#9214 = FACE_OUTER_BOUND('', #9213, .T.);
#9215 = FACETED_BREP_SHAPE_REPRESENTATION('', (#9214), #8);
#9216 = POLY_LOOP('', (#1404, #1408, #1409));
#9217 = FACE_OUTER_BOUND('', #9216, .T.);
#9218 = FACETED_BREP_SHAPE_REPRESENTATION('', (#9217), #8);
#9219 = POLY_LOOP('', (#1404, #1409, #1405));
#9220 = FACE_OUTER_BOUND('', #9219, .T.);
#9221 = FACETED_BREP_SHAPE_REPRESENTATION('', (#9220), #8);
#9222 = POLY_LOOP('', (#1406, #1411, #1410));
#9223 = FACE_OUTER_BOUND('', #9222, .T.);
#9224 = FACETED_BREP_SHAPE_REPRESENTATION('', (#9223), #8);
#9225 = POLY_LOOP('', (#1406, #1407, #1411));
#9226 = FACE_OUTER_BOUND('', #9225, .T.);
#9227 = FACETED_BREP_SHAPE_REPRESENTATION('', (#9226), #8);
#9228 = POLY_LOOP('', (#1404, #1410, #1408));
#9229 = FACE_OUTER_BOUND('', #9228, .T.);
#9230 = FACETED_BREP_SHAPE_REPRESENTATION('', (#9229), #8);
#9231 = POLY_LOOP('', (#1404, #1406, #1410));
#9232 = FACE_OUTER_BOUND('', #9231, .T.);
#9233 = FACETED_BREP_SHAPE_REPRESENTATION('', (#9232), #8);
#9234 = POLY_LOOP('', (#1405, #1409, #1411));
#9235 = FACE_OUTER_BOUND('', #9234, .T.);
#9236 = FACETED_BREP_SHAPE_REPRESENTATION('', (#9235), #8);
#9237 = POLY_LOOP('', (#1405, #1411, #1407));
#9238 = FACE_OUTER_BOUND('', #9237, .T.);
#9239 = FACETED_BREP_SHAPE_REPRESENTATION('', (#9238), #8);
#9240 = POLY_LOOP('', (#1408, #1412, #1413));
#9241 = FACE_OUTER_BOUND('', #9240, .T.);
#9242 = FACETED_BREP_SHAPE_REPRESENTATION('', (#9241), #8);
#9243 = POLY_LOOP('', (#1408, #1413, #1409));
#9244 = FACE_OUTER_BOUND('', #9243, .T.);
#9245 = FACETED_BREP_SHAPE_REPRESENTATION('', (#9244), #8);
#9246 = POLY_LOOP('', (#1410, #1415, #1414));
#9247 = FACE_OUTER_BOUND('', #9246, .T.);
#9248 = FACETED_BREP_SHAPE_REPRESENTATION('', (#9247), #8);
#9249 = POLY_LOOP('', (#1410, #1411, #1415));
#9250 = FACE_OUTER_BOUND('', #9249, .T.);
#9251 = FACETED_BREP_SHAPE_REPRESENTATION('', (#9250), #8);
#9252 = POLY_LOOP('', (#1408, #1414, #1412));
#9253 = FACE_OUTER_BOUND('', #9252, .T.);
#9254 = FACETED_BREP_SHAPE_REPRESENTATION('', (#9253), #8);
#9255 = POLY_LOOP('', (#1408, #1410, #1414));
#9256 = FACE_OUTER_BOUND('', #9255, .T.);
#9257 = FACETED_BREP_SHAPE_REPRESENTATION('', (#9256), #8);
#9258 = POLY_LOOP('', (#1409, #1413, #1415));
#9259 = FACE_OUTER_BOUND('', #9258, .T.);
#9260 = FACETED_BREP_SHAPE_REPRESENTATION('', (#9259), #8);
#9261 = POLY_LOOP('', (#1409, #1415, #1411));
#9262 = FACE_OUTER_BOUND('', #9261, .T.);
#9263 = FACETED_BREP_SHAPE_REPRESENTATION('', (#9262), #8);
#9264 = POLY_LOOP('', (#1416, #1420, #1421));
#9265 = FACE_OUTER_BOUND('', #9264, .T.);
#9266 = FACETED_BREP_SHAPE_REPRESENTATION('', (#9265), #8);
#9267 = POLY_LOOP('', (#1416, #1421, #1417));
#9268 = FACE_OUTER_BOUND('', #9267, .T.);
#9269 = FACETED_BREP_SHAPE_REPRESENTATION('', (#9268), #8);
#9270 = POLY_LOOP('', (#1418, #1423, #1422));
#9271 = FACE_OUTER_BOUND('', #9270, .T.);
#9272 = FACETED_BREP_SHAPE_REPRESENTATION('', (#9271), #8);
#9273 = POLY_LOOP('', (#1418, #1419, #1423));
#9274 = FACE_OUTER_BOUND('', #9273, .T.);
#9275 = FACETED_BREP_SHAPE_REPRESENTATION('', (#9274), #8);
#9276 = POLY_LOOP('', (#1416, #1422, #1420));
#9277 = FACE_OUTER_BOUND('', #9276, .T.);
#9278 = FACETED_BREP_SHAPE_REPRESENTATION('', (#9277), #8);
#9279 = POLY_LOOP('', (#1416, #1418, #1422));
#9280 = FACE_OUTER_BOUND('', #9279, .T.);
#9281 = FACETED_BREP_SHAPE_REPRESENTATION('', (#9280), #8);
#9282 = POLY_LOOP('', (#1417, #1421, #1423));
#9283 = FACE_OUTER_BOUND('', #9282, .T.);
#9284 = FACETED_BREP_SHAPE_REPRESENTATION('', (#9283), #8);
#9285 = POLY_LOOP('', (#1417, #1423, #1419));
#9286 = FACE_OUTER_BOUND('', #9285, .T.);
#9287 = FACETED_BREP_SHAPE_REPRESENTATION('', (#9286), #8);
#9288 = POLY_LOOP('', (#1420, #1424, #1425));
#9289 = FACE_OUTER_BOUND('', #9288, .T.);
#9290 = FACETED_BREP_SHAPE_REPRESENTATION('', (#9289), #8);
#9291 = POLY_LOOP('', (#1420, #1425, #1421));
#9292 = FACE_OUTER_BOUND('', #9291, .T.);
#9293 = FACETED_BREP_SHAPE_REPRESENTATION('', (#9292), #8);
#9294 = POLY_LOOP('', (#1422, #1427, #1426));
#9295 = FACE_OUTER_BOUND('', #9294, .T.);
#9296 = FACETED_BREP_SHAPE_REPRESENTATION('', (#9295), #8);
#9297 = POLY_LOOP('', (#1422, #1423, #1427));
#9298 = FACE_OUTER_BOUND('', #9297, .T.);
#9299 = FACETED_BREP_SHAPE_REPRESENTATION('', (#9298), #8);
#9300 = POLY_LOOP('', (#1420, #1426, #1424));
#9301 = FACE_OUTER_BOUND('', #9300, .T.);
#9302 = FACETED_BREP_SHAPE_REPRESENTATION('', (#9301), #8);
#9303 = POLY_LOOP('', (#1420, #1422, #1426));
#9304 = FACE_OUTER_BOUND('', #9303, .T.);
#9305 = FACETED_BREP_SHAPE_REPRESENTATION('', (#9304), #8);
#9306 = POLY_LOOP('', (#1421, #1425, #1427));
#9307 = FACE_OUTER_BOUND('', #9306, .T.);
#9308 = FACETED_BREP_SHAPE_REPRESENTATION('', (#9307), #8);
#9309 = POLY_LOOP('', (#1421, #1427, #1423));
#9310 = FACE_OUTER_BOUND('', #9309, .T.);
#9311 = FACETED_BREP_SHAPE_REPRESENTATION('', (#9310), #8);
#9312 = POLY_LOOP('', (#1424, #1428, #1429));
#9313 = FACE_OUTER_BOUND('', #9312, .T.);
#9314 = FACETED_BREP_SHAPE_REPRESENTATION('', (#9313), #8);
#9315 = POLY_LOOP('', (#1424, #1429, #1425));
#9316 = FACE_OUTER_BOUND('', #9315, .T.);
#9317 = FACETED_BREP_SHAPE_REPRESENTATION('', (#9316), #8);
#9318 = POLY_LOOP('', (#1426, #1431, #1430));
#9319 = FACE_OUTER_BOUND('', #9318, .T.);
#9320 = FACETED_BREP_SHAPE_REPRESENTATION('', (#9319), #8);
#9321 = POLY_LOOP('', (#1426, #1427, #1431));
#9322 = FACE_OUTER_BOUND('', #9321, .T.);
#9323 = FACETED_BREP_SHAPE_REPRESENTATION('', (#9322), #8);
#9324 = POLY_LOOP('', (#1424, #1430, #1428));
#9325 = FACE_OUTER_BOUND('', #9324, .T.);
#9326 = FACETED_BREP_SHAPE_REPRESENTATION('', (#9325), #8);
#9327 = POLY_LOOP('', (#1424, #1426, #1430));
#9328 = FACE_OUTER_BOUND('', #9327, .T.);
#9329 = FACETED_BREP_SHAPE_REPRESENTATION('', (#9328), #8);
#9330 = POLY_LOOP('', (#1425, #1429, #1431));
#9331 = FACE_OUTER_BOUND('', #9330, .T.);
#9332 = FACETED_BREP_SHAPE_REPRESENTATION('', (#9331), #8);
#9333 = POLY_LOOP('', (#1425, #1431, #1427));
#9334 = FACE_OUTER_BOUND('', #9333, .T.);
#9335 = FACETED_BREP_SHAPE_REPRESENTATION('', (#9334), #8);
#9336 = POLY_LOOP('', (#1428, #1432, #1433));
#9337 = FACE_OUTER_BOUND('', #9336, .T.);
#9338 = FACETED_BREP_SHAPE_REPRESENTATION('', (#9337), #8);
#9339 = POLY_LOOP('', (#1428, #1433, #1429));
#9340 = FACE_OUTER_BOUND('', #9339, .T.);
#9341 = FACETED_BREP_SHAPE_REPRESENTATION('', (#9340), #8);
#9342 = POLY_LOOP('', (#1430, #1435, #1434));
#9343 = FACE_OUTER_BOUND('', #9342, .T.);
#9344 = FACETED_BREP_SHAPE_REPRESENTATION('', (#9343), #8);
#9345 = POLY_LOOP('', (#1430, #1431, #1435));
#9346 = FACE_OUTER_BOUND('', #9345, .T.);
#9347 = FACETED_BREP_SHAPE_REPRESENTATION('', (#9346), #8);
#9348 = POLY_LOOP('', (#1428, #1434, #1432));
#9349 = FACE_OUTER_BOUND('', #9348, .T.);
#9350 = FACETED_BREP_SHAPE_REPRESENTATION('', (#9349), #8);
#9351 = POLY_LOOP('', (#1428, #1430, #1434));
#9352 = FACE_OUTER_BOUND('', #9351, .T.);
#9353 = FACETED_BREP_SHAPE_REPRESENTATION('', (#9352), #8);
#9354 = POLY_LOOP('', (#1429, #1433, #1435));
#9355 = FACE_OUTER_BOUND('', #9354, .T.);
#9356 = FACETED_BREP_SHAPE_REPRESENTATION('', (#9355), #8);
#9357 = POLY_LOOP('', (#1429, #1435, #1431));
#9358 = FACE_OUTER_BOUND('', #9357, .T.);
#9359 = FACETED_BREP_SHAPE_REPRESENTATION('', (#9358), #8);
#9360 = POLY_LOOP('', (#1432, #1436, #1437));
#9361 = FACE_OUTER_BOUND('', #9360, .T.);
#9362 = FACETED_BREP_SHAPE_REPRESENTATION('', (#9361), #8);
#9363 = POLY_LOOP('', (#1432, #1437, #1433));
#9364 = FACE_OUTER_BOUND('', #9363, .T.);
#9365 = FACETED_BREP_SHAPE_REPRESENTATION('', (#9364), #8);
#9366 = POLY_LOOP('', (#1434, #1439, #1438));
#9367 = FACE_OUTER_BOUND('', #9366, .T.);
#9368 = FACETED_BREP_SHAPE_REPRESENTATION('', (#9367), #8);
#9369 = POLY_LOOP('', (#1434, #1435, #1439));
#9370 = FACE_OUTER_BOUND('', #9369, .T.);
#9371 = FACETED_BREP_SHAPE_REPRESENTATION('', (#9370), #8);
#9372 = POLY_LOOP('', (#1432, #1438, #1436));
#9373 = FACE_OUTER_BOUND('', #9372, .T.);
#9374 = FACETED_BREP_SHAPE_REPRESENTATION('', (#9373), #8);
#9375 = POLY_LOOP('', (#1432, #1434, #1438));
#9376 = FACE_OUTER_BOUND('', #9375, .T.);
#9377 = FACETED_BREP_SHAPE_REPRESENTATION('', (#9376), #8);
#9378 = POLY_LOOP('', (#1433, #1437, #1439));
#9379 = FACE_OUTER_BOUND('', #9378, .T.);
#9380 = FACETED_BREP_SHAPE_REPRESENTATION('', (#9379), #8);
#9381 = POLY_LOOP('', (#1433, #1439, #1435));
#9382 = FACE_OUTER_BOUND('', #9381, .T.);
#9383 = FACETED_BREP_SHAPE_REPRESENTATION('', (#9382), #8);
#9384 = POLY_LOOP('', (#1436, #1440, #1441));
#9385 = FACE_OUTER_BOUND('', #9384, .T.);
#9386 = FACETED_BREP_SHAPE_REPRESENTATION('', (#9385), #8);
#9387 = POLY_LOOP('', (#1436, #1441, #1437));
#9388 = FACE_OUTER_BOUND('', #9387, .T.);
#9389 = FACETED_BREP_SHAPE_REPRESENTATION('', (#9388), #8);
#9390 = POLY_LOOP('', (#1438, #1443, #1442));
#9391 = FACE_OUTER_BOUND('', #9390, .T.);
#9392 = FACETED_BREP_SHAPE_REPRESENTATION('', (#9391), #8);
#9393 = POLY_LOOP('', (#1438, #1439, #1443));
#9394 = FACE_OUTER_BOUND('', #9393, .T.);
#9395 = FACETED_BREP_SHAPE_REPRESENTATION('', (#9394), #8);
#9396 = POLY_LOOP('', (#1436, #1442, #1440));
#9397 = FACE_OUTER_BOUND('', #9396, .T.);
#9398 = FACETED_BREP_SHAPE_REPRESENTATION('', (#9397), #8);
#9399 = POLY_LOOP('', (#1436, #1438, #1442));
#9400 = FACE_OUTER_BOUND('', #9399, .T.);
#9401 = FACETED_BREP_SHAPE_REPRESENTATION('', (#9400), #8);
#9402 = POLY_LOOP('', (#1437, #1441, #1443));
#9403 = FACE_OUTER_BOUND('', #9402, .T.);
#9404 = FACETED_BREP_SHAPE_REPRESENTATION('', (#9403), #8);
#9405 = POLY_LOOP('', (#1437, #1443, #1439));
#9406 = FACE_OUTER_BOUND('', #9405, .T.);
#9407 = FACETED_BREP_SHAPE_REPRESENTATION('', (#9406), #8);
#9408 = POLY_LOOP('', (#1440, #1444, #1445));
#9409 = FACE_OUTER_BOUND('', #9408, .T.);
#9410 = FACETED_BREP_SHAPE_REPRESENTATION('', (#9409), #8);
#9411 = POLY_LOOP('', (#1440, #1445, #1441));
#9412 = FACE_OUTER_BOUND('', #9411, .T.);
#9413 = FACETED_BREP_SHAPE_REPRESENTATION('', (#9412), #8);
#9414 = POLY_LOOP('', (#1442, #1447, #1446));
#9415 = FACE_OUTER_BOUND('', #9414, .T.);
#9416 = FACETED_BREP_SHAPE_REPRESENTATION('', (#9415), #8);
#9417 = POLY_LOOP('', (#1442, #1443, #1447));
#9418 = FACE_OUTER_BOUND('', #9417, .T.);
#9419 = FACETED_BREP_SHAPE_REPRESENTATION('', (#9418), #8);
#9420 = POLY_LOOP('', (#1440, #1446, #1444));
#9421 = FACE_OUTER_BOUND('', #9420, .T.);
#9422 = FACETED_BREP_SHAPE_REPRESENTATION('', (#9421), #8);
#9423 = POLY_LOOP('', (#1440, #1442, #1446));
#9424 = FACE_OUTER_BOUND('', #9423, .T.);
#9425 = FACETED_BREP_SHAPE_REPRESENTATION('', (#9424), #8);
#9426 = POLY_LOOP('', (#1441, #1445, #1447));
#9427 = FACE_OUTER_BOUND('', #9426, .T.);
#9428 = FACETED_BREP_SHAPE_REPRESENTATION('', (#9427), #8);
#9429 = POLY_LOOP('', (#1441, #1447, #1443));
#9430 = FACE_OUTER_BOUND('', #9429, .T.);
#9431 = FACETED_BREP_SHAPE_REPRESENTATION('', (#9430), #8);
#9432 = POLY_LOOP('', (#1444, #1448, #1449));
#9433 = FACE_OUTER_BOUND('', #9432, .T.);
#9434 = FACETED_BREP_SHAPE_REPRESENTATION('', (#9433), #8);
#9435 = POLY_LOOP('', (#1444, #1449, #1445));
#9436 = FACE_OUTER_BOUND('', #9435, .T.);
#9437 = FACETED_BREP_SHAPE_REPRESENTATION('', (#9436), #8);
#9438 = POLY_LOOP('', (#1446, #1451, #1450));
#9439 = FACE_OUTER_BOUND('', #9438, .T.);
#9440 = FACETED_BREP_SHAPE_REPRESENTATION('', (#9439), #8);
#9441 = POLY_LOOP('', (#1446, #1447, #1451));
#9442 = FACE_OUTER_BOUND('', #9441, .T.);
#9443 = FACETED_BREP_SHAPE_REPRESENTATION('', (#9442), #8);
#9444 = POLY_LOOP('', (#1444, #1450, #1448));
#9445 = FACE_OUTER_BOUND('', #9444, .T.);
#9446 = FACETED_BREP_SHAPE_REPRESENTATION('', (#9445), #8);
#9447 = POLY_LOOP('', (#1444, #1446, #1450));
#9448 = FACE_OUTER_BOUND('', #9447, .T.);
#9449 = FACETED_BREP_SHAPE_REPRESENTATION('', (#9448), #8);
#9450 = POLY_LOOP('', (#1445, #1449, #1451));
#9451 = FACE_OUTER_BOUND('', #9450, .T.);
#9452 = FACETED_BREP_SHAPE_REPRESENTATION('', (#9451), #8);
#9453 = POLY_LOOP('', (#1445, #1451, #1447));
#9454 = FACE_OUTER_BOUND('', #9453, .T.);
#9455 = FACETED_BREP_SHAPE_REPRESENTATION('', (#9454), #8);
#9456 = POLY_LOOP('', (#1452, #1456, #1457));
#9457 = FACE_OUTER_BOUND('', #9456, .T.);
#9458 = FACETED_BREP_SHAPE_REPRESENTATION('', (#9457), #8);
#9459 = POLY_LOOP('', (#1452, #1457, #1453));
#9460 = FACE_OUTER_BOUND('', #9459, .T.);
#9461 = FACETED_BREP_SHAPE_REPRESENTATION('', (#9460), #8);
#9462 = POLY_LOOP('', (#1454, #1459, #1458));
#9463 = FACE_OUTER_BOUND('', #9462, .T.);
#9464 = FACETED_BREP_SHAPE_REPRESENTATION('', (#9463), #8);
#9465 = POLY_LOOP('', (#1454, #1455, #1459));
#9466 = FACE_OUTER_BOUND('', #9465, .T.);
#9467 = FACETED_BREP_SHAPE_REPRESENTATION('', (#9466), #8);
#9468 = POLY_LOOP('', (#1452, #1458, #1456));
#9469 = FACE_OUTER_BOUND('', #9468, .T.);
#9470 = FACETED_BREP_SHAPE_REPRESENTATION('', (#9469), #8);
#9471 = POLY_LOOP('', (#1452, #1454, #1458));
#9472 = FACE_OUTER_BOUND('', #9471, .T.);
#9473 = FACETED_BREP_SHAPE_REPRESENTATION('', (#9472), #8);
#9474 = POLY_LOOP('', (#1453, #1457, #1459));
#9475 = FACE_OUTER_BOUND('', #9474, .T.);
#9476 = FACETED_BREP_SHAPE_REPRESENTATION('', (#9475), #8);
#9477 = POLY_LOOP('', (#1453, #1459, #1455));
#9478 = FACE_OUTER_BOUND('', #9477, .T.);
#9479 = FACETED_BREP_SHAPE_REPRESENTATION('', (#9478), #8);
#9480 = POLY_LOOP('', (#1456, #1460, #1461));
#9481 = FACE_OUTER_BOUND('', #9480, .T.);
#9482 = FACETED_BREP_SHAPE_REPRESENTATION('', (#9481), #8);
#9483 = POLY_LOOP('', (#1456, #1461, #1457));
#9484 = FACE_OUTER_BOUND('', #9483, .T.);
#9485 = FACETED_BREP_SHAPE_REPRESENTATION('', (#9484), #8);
#9486 = POLY_LOOP('', (#1458, #1463, #1462));
#9487 = FACE_OUTER_BOUND('', #9486, .T.);
#9488 = FACETED_BREP_SHAPE_REPRESENTATION('', (#9487), #8);
#9489 = POLY_LOOP('', (#1458, #1459, #1463));
#9490 = FACE_OUTER_BOUND('', #9489, .T.);
#9491 = FACETED_BREP_SHAPE_REPRESENTATION('', (#9490), #8);
#9492 = POLY_LOOP('', (#1456, #1462, #1460));
#9493 = FACE_OUTER_BOUND('', #9492, .T.);
#9494 = FACETED_BREP_SHAPE_REPRESENTATION('', (#9493), #8);
#9495 = POLY_LOOP('', (#1456, #1458, #1462));
#9496 = FACE_OUTER_BOUND('', #9495, .T.);
#9497 = FACETED_BREP_SHAPE_REPRESENTATION('', (#9496), #8);
#9498 = POLY_LOOP('', (#1457, #1461, #1463));
#9499 = FACE_OUTER_BOUND('', #9498, .T.);
#9500 = FACETED_BREP_SHAPE_REPRESENTATION('', (#9499), #8);
#9501 = POLY_LOOP('', (#1457, #1463, #1459));
#9502 = FACE_OUTER_BOUND('', #9501, .T.);
#9503 = FACETED_BREP_SHAPE_REPRESENTATION('', (#9502), #8);
#9504 = POLY_LOOP('', (#1460, #1464, #1465));
#9505 = FACE_OUTER_BOUND('', #9504, .T.);
#9506 = FACETED_BREP_SHAPE_REPRESENTATION('', (#9505), #8);
#9507 = POLY_LOOP('', (#1460, #1465, #1461));
#9508 = FACE_OUTER_BOUND('', #9507, .T.);
#9509 = FACETED_BREP_SHAPE_REPRESENTATION('', (#9508), #8);
#9510 = POLY_LOOP('', (#1462, #1467, #1466));
#9511 = FACE_OUTER_BOUND('', #9510, .T.);
#9512 = FACETED_BREP_SHAPE_REPRESENTATION('', (#9511), #8);
#9513 = POLY_LOOP('', (#1462, #1463, #1467));
#9514 = FACE_OUTER_BOUND('', #9513, .T.);
#9515 = FACETED_BREP_SHAPE_REPRESENTATION('', (#9514), #8);
#9516 = POLY_LOOP('', (#1460, #1466, #1464));
#9517 = FACE_OUTER_BOUND('', #9516, .T.);
#9518 = FACETED_BREP_SHAPE_REPRESENTATION('', (#9517), #8);
#9519 = POLY_LOOP('', (#1460, #1462, #1466));
#9520 = FACE_OUTER_BOUND('', #9519, .T.);
#9521 = FACETED_BREP_SHAPE_REPRESENTATION('', (#9520), #8);
#9522 = POLY_LOOP('', (#1461, #1465, #1467));
#9523 = FACE_OUTER_BOUND('', #9522, .T.);
#9524 = FACETED_BREP_SHAPE_REPRESENTATION('', (#9523), #8);
#9525 = POLY_LOOP('', (#1461, #1467, #1463));
#9526 = FACE_OUTER_BOUND('', #9525, .T.);
#9527 = FACETED_BREP_SHAPE_REPRESENTATION('', (#9526), #8);
#9528 = POLY_LOOP('', (#1464, #1468, #1469));
#9529 = FACE_OUTER_BOUND('', #9528, .T.);
#9530 = FACETED_BREP_SHAPE_REPRESENTATION('', (#9529), #8);
#9531 = POLY_LOOP('', (#1464, #1469, #1465));
#9532 = FACE_OUTER_BOUND('', #9531, .T.);
#9533 = FACETED_BREP_SHAPE_REPRESENTATION('', (#9532), #8);
#9534 = POLY_LOOP('', (#1466, #1471, #1470));
#9535 = FACE_OUTER_BOUND('', #9534, .T.);
#9536 = FACETED_BREP_SHAPE_REPRESENTATION('', (#9535), #8);
#9537 = POLY_LOOP('', (#1466, #1467, #1471));
#9538 = FACE_OUTER_BOUND('', #9537, .T.);
#9539 = FACETED_BREP_SHAPE_REPRESENTATION('', (#9538), #8);
#9540 = POLY_LOOP('', (#1464, #1470, #1468));
#9541 = FACE_OUTER_BOUND('', #9540, .T.);
#9542 = FACETED_BREP_SHAPE_REPRESENTATION('', (#9541), #8);
#9543 = POLY_LOOP('', (#1464, #1466, #1470));
#9544 = FACE_OUTER_BOUND('', #9543, .T.);
#9545 = FACETED_BREP_SHAPE_REPRESENTATION('', (#9544), #8);
#9546 = POLY_LOOP('', (#1465, #1469, #1471));
#9547 = FACE_OUTER_BOUND('', #9546, .T.);
#9548 = FACETED_BREP_SHAPE_REPRESENTATION('', (#9547), #8);
#9549 = POLY_LOOP('', (#1465, #1471, #1467));
#9550 = FACE_OUTER_BOUND('', #9549, .T.);
#9551 = FACETED_BREP_SHAPE_REPRESENTATION('', (#9550), #8);
#9552 = POLY_LOOP('', (#1468, #1472, #1473));
#9553 = FACE_OUTER_BOUND('', #9552, .T.);
#9554 = FACETED_BREP_SHAPE_REPRESENTATION('', (#9553), #8);
#9555 = POLY_LOOP('', (#1468, #1473, #1469));
#9556 = FACE_OUTER_BOUND('', #9555, .T.);
#9557 = FACETED_BREP_SHAPE_REPRESENTATION('', (#9556), #8);
#9558 = POLY_LOOP('', (#1470, #1475, #1474));
#9559 = FACE_OUTER_BOUND('', #9558, .T.);
#9560 = FACETED_BREP_SHAPE_REPRESENTATION('', (#9559), #8);
#9561 = POLY_LOOP('', (#1470, #1471, #1475));
#9562 = FACE_OUTER_BOUND('', #9561, .T.);
#9563 = FACETED_BREP_SHAPE_REPRESENTATION('', (#9562), #8);
#9564 = POLY_LOOP('', (#1468, #1474, #1472));
#9565 = FACE_OUTER_BOUND('', #9564, .T.);
#9566 = FACETED_BREP_SHAPE_REPRESENTATION('', (#9565), #8);
#9567 = POLY_LOOP('', (#1468, #1470, #1474));
#9568 = FACE_OUTER_BOUND('', #9567, .T.);
#9569 = FACETED_BREP_SHAPE_REPRESENTATION('', (#9568), #8);
#9570 = POLY_LOOP('', (#1469, #1473, #1475));
#9571 = FACE_OUTER_BOUND('', #9570, .T.);
#9572 = FACETED_BREP_SHAPE_REPRESENTATION('', (#9571), #8);
#9573 = POLY_LOOP('', (#1469, #1475, #1471));
#9574 = FACE_OUTER_BOUND('', #9573, .T.);
#9575 = FACETED_BREP_SHAPE_REPRESENTATION('', (#9574), #8);
#9576 = POLY_LOOP('', (#1472, #1476, #1477));
#9577 = FACE_OUTER_BOUND('', #9576, .T.);
#9578 = FACETED_BREP_SHAPE_REPRESENTATION('', (#9577), #8);
#9579 = POLY_LOOP('', (#1472, #1477, #1473));
#9580 = FACE_OUTER_BOUND('', #9579, .T.);
#9581 = FACETED_BREP_SHAPE_REPRESENTATION('', (#9580), #8);
#9582 = POLY_LOOP('', (#1474, #1479, #1478));
#9583 = FACE_OUTER_BOUND('', #9582, .T.);
#9584 = FACETED_BREP_SHAPE_REPRESENTATION('', (#9583), #8);
#9585 = POLY_LOOP('', (#1474, #1475, #1479));
#9586 = FACE_OUTER_BOUND('', #9585, .T.);
#9587 = FACETED_BREP_SHAPE_REPRESENTATION('', (#9586), #8);
#9588 = POLY_LOOP('', (#1472, #1478, #1476));
#9589 = FACE_OUTER_BOUND('', #9588, .T.);
#9590 = FACETED_BREP_SHAPE_REPRESENTATION('', (#9589), #8);
#9591 = POLY_LOOP('', (#1472, #1474, #1478));
#9592 = FACE_OUTER_BOUND('', #9591, .T.);
#9593 = FACETED_BREP_SHAPE_REPRESENTATION('', (#9592), #8);
#9594 = POLY_LOOP('', (#1473, #1477, #1479));
#9595 = FACE_OUTER_BOUND('', #9594, .T.);
#9596 = FACETED_BREP_SHAPE_REPRESENTATION('', (#9595), #8);
#9597 = POLY_LOOP('', (#1473, #1479, #1475));
#9598 = FACE_OUTER_BOUND('', #9597, .T.);
#9599 = FACETED_BREP_SHAPE_REPRESENTATION('', (#9598), #8);
#9600 = POLY_LOOP('', (#1476, #1480, #1481));
#9601 = FACE_OUTER_BOUND('', #9600, .T.);
#9602 = FACETED_BREP_SHAPE_REPRESENTATION('', (#9601), #8);
#9603 = POLY_LOOP('', (#1476, #1481, #1477));
#9604 = FACE_OUTER_BOUND('', #9603, .T.);
#9605 = FACETED_BREP_SHAPE_REPRESENTATION('', (#9604), #8);
#9606 = POLY_LOOP('', (#1478, #1483, #1482));
#9607 = FACE_OUTER_BOUND('', #9606, .T.);
#9608 = FACETED_BREP_SHAPE_REPRESENTATION('', (#9607), #8);
#9609 = POLY_LOOP('', (#1478, #1479, #1483));
#9610 = FACE_OUTER_BOUND('', #9609, .T.);
#9611 = FACETED_BREP_SHAPE_REPRESENTATION('', (#9610), #8);
#9612 = POLY_LOOP('', (#1476, #1482, #1480));
#9613 = FACE_OUTER_BOUND('', #9612, .T.);
#9614 = FACETED_BREP_SHAPE_REPRESENTATION('', (#9613), #8);
#9615 = POLY_LOOP('', (#1476, #1478, #1482));
#9616 = FACE_OUTER_BOUND('', #9615, .T.);
#9617 = FACETED_BREP_SHAPE_REPRESENTATION('', (#9616), #8);
#9618 = POLY_LOOP('', (#1477, #1481, #1483));
#9619 = FACE_OUTER_BOUND('', #9618, .T.);
#9620 = FACETED_BREP_SHAPE_REPRESENTATION('', (#9619), #8);
#9621 = POLY_LOOP('', (#1477, #1483, #1479));
#9622 = FACE_OUTER_BOUND('', #9621, .T.);
#9623 = FACETED_BREP_SHAPE_REPRESENTATION('', (#9622), #8);
#9624 = POLY_LOOP('', (#1480, #1484, #1485));
#9625 = FACE_OUTER_BOUND('', #9624, .T.);
#9626 = FACETED_BREP_SHAPE_REPRESENTATION('', (#9625), #8);
#9627 = POLY_LOOP('', (#1480, #1485, #1481));
#9628 = FACE_OUTER_BOUND('', #9627, .T.);
#9629 = FACETED_BREP_SHAPE_REPRESENTATION('', (#9628), #8);
#9630 = POLY_LOOP('', (#1482, #1487, #1486));
#9631 = FACE_OUTER_BOUND('', #9630, .T.);
#9632 = FACETED_BREP_SHAPE_REPRESENTATION('', (#9631), #8);
#9633 = POLY_LOOP('', (#1482, #1483, #1487));
#9634 = FACE_OUTER_BOUND('', #9633, .T.);
#9635 = FACETED_BREP_SHAPE_REPRESENTATION('', (#9634), #8);
#9636 = POLY_LOOP('', (#1480, #1486, #1484));
#9637 = FACE_OUTER_BOUND('', #9636, .T.);
#9638 = FACETED_BREP_SHAPE_REPRESENTATION('', (#9637), #8);
#9639 = POLY_LOOP('', (#1480, #1482, #1486));
#9640 = FACE_OUTER_BOUND('', #9639, .T.);
#9641 = FACETED_BREP_SHAPE_REPRESENTATION('', (#9640), #8);
#9642 = POLY_LOOP('', (#1481, #1485, #1487));
#9643 = FACE_OUTER_BOUND('', #9642, .T.);
#9644 = FACETED_BREP_SHAPE_REPRESENTATION('', (#9643), #8);
#9645 = POLY_LOOP('', (#1481, #1487, #1483));
#9646 = FACE_OUTER_BOUND('', #9645, .T.);
#9647 = FACETED_BREP_SHAPE_REPRESENTATION('', (#9646), #8);
#9648 = CLOSED_SHELL('', (#1489, #1492, #1495, #1498, #1501, #1504, #1507, #1510, #1513, #1516, #1519, #1522, #1525, #1528, #1531, #1534, #1537, #1540, #1543, #1546, #1549, #1552, #1555, #1558, #1561, #1564, #1567, #1570, #1573, #1576, #1579, #1582, #1585, #1588, #1591, #1594, #1597, #1600, #1603, #1606, #1609, #1612, #1615, #1618, #1621, #1624, #1627, #1630, #1633, #1636, #1639, #1642, #1645, #1648, #1651, #1654, #1657, #1660, #1663, #1666, #1669, #1672, #1675, #1678, #1681, #1684, #1687, #1690, #1693, #1696, #1699, #1702, #1705, #1708, #1711, #1714, #1717, #1720, #1723, #1726, #1729, #1732, #1735, #1738, #1741, #1744, #1747, #1750, #1753, #1756, #1759, #1762, #1765, #1768, #1771, #1774, #1777, #1780, #1783, #1786, #1789, #1792, #1795, #1798, #1801, #1804, #1807, #1810, #1813, #1816, #1819, #1822, #1825, #1828, #1831, #1834, #1837, #1840, #1843, #1846, #1849, #1852, #1855, #1858, #1861, #1864, #1867, #1870, #1873, #1876, #1879, #1882, #1885, #1888, #1891, #1894, #1897, #1900, #1903, #1906, #1909, #1912, #1915, #1918, #1921, #1924, #1927, #1930, #1933, #1936, #1939, #1942, #1945, #1948, #1951, #1954, #1957, #1960, #1963, #1966, #1969, #1972, #1975, #1978, #1981, #1984, #1987, #1990, #1993, #1996, #1999, #2002, #2005, #2008, #2011, #2014, #2017, #2020, #2023, #2026, #2029, #2032, #2035, #2038, #2041, #2044, #2047, #2050, #2053, #2056, #2059, #2062, #2065, #2068, #2071, #2074, #2077, #2080, #2083, #2086, #2089, #2092, #2095, #2098, #2101, #2104, #2107, #2110, #2113, #2116, #2119, #2122, #2125, #2128, #2131, #2134, #2137, #2140, #2143, #2146, #2149, #2152, #2155, #2158, #2161, #2164, #2167, #2170, #2173, #2176, #2179, #2182, #2185, #2188, #2191, #2194, #2197, #2200, #2203, #2206, #2209, #2212, #2215, #2218, #2221, #2224, #2227, #2230, #2233, #2236, #2239, #2242, #2245, #2248, #2251, #2254, #2257, #2260, #2263, #2266, #2269, #2272, #2275, #2278, #2281, #2284, #2287, #2290, #2293, #2296, #2299, #2302, #2305, #2308, #2311, #2314, #2317, #2320, #2323, #2326, #2329, #2332, #2335, #2338, #2341, #2344, #2347, #2350, #2353, #2356, #2359, #2362, #2365, #2368, #2371, #2374, #2377, #2380, #2383, #2386, #2389, #2392, #2395, #2398, #2401, #2404, #2407, #2410, #2413, #2416, #2419, #2422, #2425, #2428, #2431, #2434, #2437, #2440, #2443, #2446, #2449, #2452, #2455, #2458, #2461, #2464, #2467, #2470, #2473, #2476, #2479, #2482, #2485, #2488, #2491, #2494, #2497, #2500, #2503, #2506, #2509, #2512, #2515, #2518, #2521, #2524, #2527, #2530, #2533, #2536, #2539, #2542, #2545, #2548, #2551, #2554, #2557, #2560, #2563, #2566, #2569, #2572, #2575, #2578, #2581, #2584, #2587, #2590, #2593, #2596, #2599, #2602, #2605, #2608, #2611, #2614, #2617, #2620, #2623, #2626, #2629, #2632, #2635, #2638, #2641, #2644, #2647, #2650, #2653, #2656, #2659, #2662, #2665, #2668, #2671, #2674, #2677, #2680, #2683, #2686, #2689, #2692, #2695, #2698, #2701, #2704, #2707, #2710, #2713, #2716, #2719, #2722, #2725, #2728, #2731, #2734, #2737, #2740, #2743, #2746, #2749, #2752, #2755, #2758, #2761, #2764, #2767, #2770, #2773, #2776, #2779, #2782, #2785, #2788, #2791, #2794, #2797, #2800, #2803, #2806, #2809, #2812, #2815, #2818, #2821, #2824, #2827, #2830, #2833, #2836, #2839, #2842, #2845, #2848, #2851, #2854, #2857, #2860, #2863, #2866, #2869, #2872, #2875, #2878, #2881, #2884, #2887, #2890, #2893, #2896, #2899, #2902, #2905, #2908, #2911, #2914, #2917, #2920, #2923, #2926, #2929, #2932, #2935, #2938, #2941, #2944, #2947, #2950, #2953, #2956, #2959, #2962, #2965, #2968, #2971, #2974, #2977, #2980, #2983, #2986, #2989, #2992, #2995, #2998, #3001, #3004, #3007, #3010, #3013, #3016, #3019, #3022, #3025, #3028, #3031, #3034, #3037, #3040, #3043, #3046, #3049, #3052, #3055, #3058, #3061, #3064, #3067, #3070, #3073, #3076, #3079, #3082, #3085, #3088, #3091, #3094, #3097, #3100, #3103, #3106, #3109, #3112, #3115, #3118, #3121, #3124, #3127, #3130, #3133, #3136, #3139, #3142, #3145, #3148, #3151, #3154, #3157, #3160, #3163, #3166, #3169, #3172, #3175, #3178, #3181, #3184, #3187, #3190, #3193, #3196, #3199, #3202, #3205, #3208, #3211, #3214, #3217, #3220, #3223, #3226, #3229, #3232, #3235, #3238, #3241, #3244, #3247, #3250, #3253, #3256, #3259, #3262, #3265, #3268, #3271, #3274, #3277, #3280, #3283, #3286, #3289, #3292, #3295, #3298, #3301, #3304, #3307, #3310, #3313, #3316, #3319, #3322, #3325, #3328, #3331, #3334, #3337, #3340, #3343, #3346, #3349, #3352, #3355, #3358, #3361, #3364, #3367, #3370, #3373, #3376, #3379, #3382, #3385, #3388, #3391, #3394, #3397, #3400, #3403, #3406, #3409, #3412, #3415, #3418, #3421, #3424, #3427, #3430, #3433, #3436, #3439, #3442, #3445, #3448, #3451, #3454, #3457, #3460, #3463, #3466, #3469, #3472, #3475, #3478, #3481, #3484, #3487, #3490, #3493, #3496, #3499, #3502, #3505, #3508, #3511, #3514, #3517, #3520, #3523, #3526, #3529, #3532, #3535, #3538, #3541, #3544, #3547, #3550, #3553, #3556, #3559, #3562, #3565, #3568, #3571, #3574, #3577, #3580, #3583, #3586, #3589, #3592, #3595, #3598, #3601, #3604, #3607, #3610, #3613, #3616, #3619, #3622, #3625, #3628, #3631, #3634, #3637, #3640, #3643, #3646, #3649, #3652, #3655, #3658, #3661, #3664, #3667, #3670, #3673, #3676, #3679, #3682, #3685, #3688, #3691, #3694, #3697, #3700, #3703, #3706, #3709, #3712, #3715, #3718, #3721, #3724, #3727, #3730, #3733, #3736, #3739, #3742, #3745, #3748, #3751, #3754, #3757, #3760, #3763, #3766, #3769, #3772, #3775, #3778, #3781, #3784, #3787, #3790, #3793, #3796, #3799, #3802, #3805, #3808, #3811, #3814, #3817, #3820, #3823, #3826, #3829, #3832, #3835, #3838, #3841, #3844, #3847, #3850, #3853, #3856, #3859, #3862, #3865, #3868, #3871, #3874, #3877, #3880, #3883, #3886, #3889, #3892, #3895, #3898, #3901, #3904, #3907, #3910, #3913, #3916, #3919, #3922, #3925, #3928, #3931, #3934, #3937, #3940, #3943, #3946, #3949, #3952, #3955, #3958, #3961, #3964, #3967, #3970, #3973, #3976, #3979, #3982, #3985, #3988, #3991, #3994, #3997, #4000, #4003, #4006, #4009, #4012, #4015, #4018, #4021, #4024, #4027, #4030, #4033, #4036, #4039, #4042, #4045, #4048, #4051, #4054, #4057, #4060, #4063, #4066, #4069, #4072, #4075, #4078, #4081, #4084, #4087, #4090, #4093, #4096, #4099, #4102, #4105, #4108, #4111, #4114, #4117, #4120, #4123, #4126, #4129, #4132, #4135, #4138, #4141, #4144, #4147, #4150, #4153, #4156, #4159, #4162, #4165, #4168, #4171, #4174, #4177, #4180, #4183, #4186, #4189, #4192, #4195, #4198, #4201, #4204, #4207, #4210, #4213, #4216, #4219, #4222, #4225, #4228, #4231, #4234, #4237, #4240, #4243, #4246, #4249, #4252, #4255, #4258, #4261, #4264, #4267, #4270, #4273, #4276, #4279, #4282, #4285, #4288, #4291, #4294, #4297, #4300, #4303, #4306, #4309, #4312, #4315, #4318, #4321, #4324, #4327, #4330, #4333, #4336, #4339, #4342, #4345, #4348, #4351, #4354, #4357, #4360, #4363, #4366, #4369, #4372, #4375, #4378, #4381, #4384, #4387, #4390, #4393, #4396, #4399, #4402, #4405, #4408, #4411, #4414, #4417, #4420, #4423, #4426, #4429, #4432, #4435, #4438, #4441, #4444, #4447, #4450, #4453, #4456, #4459, #4462, #4465, #4468, #4471, #4474, #4477, #4480, #4483, #4486));
#9649 = MANIFOLD_SOLID_BREP('UNIT_CELL_EQUATORIAL_D88_SOLID', #9648);
#9650 = ADVANCED_BREP_SHAPE_REPRESENTATION('UNIT_CELL_EQUATORIAL_D88_SHAPE', (#9649, #17), #9);
#9651 = SHAPE_DEFINITION_REPRESENTATION(#7, #9650);
ENDSEC;
END-ISO-10303-21;
