# TRUNC Truss Unit Cell D=56mm
# vertices=3230 faces=5448
mtllib trunc_materials.mtl
o trunc_model
v -8.0000 -8.0000 24.0000
v 8.0000 -8.0000 24.0000
v 8.0000 8.0000 24.0000
v -8.0000 8.0000 24.0000
v -8.0000 -8.0000 32.0000
v 8.0000 -8.0000 32.0000
v 8.0000 8.0000 32.0000
v -8.0000 8.0000 32.0000
v -8.0000 -8.0000 -32.0000
v 8.0000 -8.0000 -32.0000
v 8.0000 8.0000 -32.0000
v -8.0000 8.0000 -32.0000
v -8.0000 -8.0000 -24.0000
v 8.0000 -8.0000 -24.0000
v 8.0000 8.0000 -24.0000
v -8.0000 8.0000 -24.0000
v -4.5000 0.0000 22.0000
v -3.8971 -2.2500 22.0000
v -2.2500 -3.8971 22.0000
v -0.0000 -4.5000 22.0000
v 2.2500 -3.8971 22.0000
v 3.8971 -2.2500 22.0000
v 4.5000 -0.0000 22.0000
v 3.8971 2.2500 22.0000
v 2.2500 3.8971 22.0000
v 0.0000 4.5000 22.0000
v -2.2500 3.8971 22.0000
v -3.8971 2.2500 22.0000
v -4.5000 0.0000 26.0000
v -3.8971 -2.2500 26.0000
v -2.2500 -3.8971 26.0000
v -0.0000 -4.5000 26.0000
v 2.2500 -3.8971 26.0000
v 3.8971 -2.2500 26.0000
v 4.5000 -0.0000 26.0000
v 3.8971 2.2500 26.0000
v 2.2500 3.8971 26.0000
v 0.0000 4.5000 26.0000
v -2.2500 3.8971 26.0000
v -3.8971 2.2500 26.0000
v 0.0000 0.0000 22.0000
v 0.0000 0.0000 26.0000
v -4.5000 0.0000 -26.0000
v -3.8971 -2.2500 -26.0000
v -2.2500 -3.8971 -26.0000
v -0.0000 -4.5000 -26.0000
v 2.2500 -3.8971 -26.0000
v 3.8971 -2.2500 -26.0000
v 4.5000 -0.0000 -26.0000
v 3.8971 2.2500 -26.0000
v 2.2500 3.8971 -26.0000
v 0.0000 4.5000 -26.0000
v -2.2500 3.8971 -26.0000
v -3.8971 2.2500 -26.0000
v -4.5000 0.0000 -22.0000
v -3.8971 -2.2500 -22.0000
v -2.2500 -3.8971 -22.0000
v -0.0000 -4.5000 -22.0000
v 2.2500 -3.8971 -22.0000
v 3.8971 -2.2500 -22.0000
v 4.5000 -0.0000 -22.0000
v 3.8971 2.2500 -22.0000
v 2.2500 3.8971 -22.0000
v 0.0000 4.5000 -22.0000
v -2.2500 3.8971 -22.0000
v -3.8971 2.2500 -22.0000
v 0.0000 0.0000 -26.0000
v 0.0000 0.0000 -22.0000
v -2.0000 0.0000 -42.0000
v -1.7321 -1.0000 -42.0000
v -1.0000 -1.7321 -42.0000
v -0.0000 -2.0000 -42.0000
v 1.0000 -1.7321 -42.0000
v 1.7321 -1.0000 -42.0000
v 2.0000 -0.0000 -42.0000
v 1.7321 1.0000 -42.0000
v 1.0000 1.7321 -42.0000
v 0.0000 2.0000 -42.0000
v -1.0000 1.7321 -42.0000
v -1.7321 1.0000 -42.0000
v -2.0000 0.0000 42.0000
v -1.7321 -1.0000 42.0000
v -1.0000 -1.7321 42.0000
v -0.0000 -2.0000 42.0000
v 1.0000 -1.7321 42.0000
v 1.7321 -1.0000 42.0000
v 2.0000 -0.0000 42.0000
v 1.7321 1.0000 42.0000
v 1.0000 1.7321 42.0000
v 0.0000 2.0000 42.0000
v -1.0000 1.7321 42.0000
v -1.7321 1.0000 42.0000
v 0.0000 0.0000 -42.0000
v 0.0000 0.0000 42.0000
v 14.0000 0.0922 -24.8953
v 13.2408 -0.1292 -24.4657
v 13.2408 -0.2214 -23.5704
v 14.0000 -0.0922 -23.1047
v 14.7592 0.1292 -23.5343
v 14.7592 0.2214 -24.4296
v 12.6402 5.9194 -24.2953
v 11.8810 5.6980 -23.8657
v 11.8810 5.6058 -22.9704
v 12.6402 5.7350 -22.5047
v 13.3995 5.9564 -22.9343
v 13.3995 6.0486 -23.8296
v 14.0000 0.0000 -24.0000
v 12.6402 5.8272 -23.4000
v 12.4944 5.8272 -24.2881
v 11.9634 5.3446 -23.7449
v 12.1092 5.3446 -22.8568
v 12.7861 5.8272 -22.5119
v 13.3171 6.3099 -23.0551
v 13.1712 6.3099 -23.9432
v 8.8409 10.5221 -23.6881
v 8.3099 10.0395 -23.1449
v 8.4557 10.0395 -22.2568
v 9.1326 10.5221 -21.9119
v 9.6636 11.0048 -22.4551
v 9.5177 11.0048 -23.3432
v 12.6402 5.8272 -23.4000
v 8.9867 10.5221 -22.8000
v 8.8846 10.5221 -23.6942
v 8.5816 9.8289 -23.2067
v 8.6838 9.8289 -22.3125
v 9.0889 10.5221 -21.9058
v 9.3918 11.2153 -22.3933
v 9.2897 11.2153 -23.2875
v 3.6319 13.2398 -23.0942
v 3.3289 12.5466 -22.6067
v 3.4310 12.5466 -21.7125
v 3.8361 13.2398 -21.3058
v 4.1391 13.9330 -21.7933
v 4.0370 13.9330 -22.6875
v 8.9867 10.5221 -22.8000
v 3.7340 13.2398 -22.2000
v 3.6425 13.2398 -23.0953
v 3.6533 12.4611 -22.6441
v 3.7447 12.4611 -21.7488
v 3.8255 13.2398 -21.3047
v 3.8147 14.0184 -21.7559
v 3.7233 14.0184 -22.6512
v -2.2307 13.5066 -22.4953
v -2.2200 12.7280 -22.0441
v -2.1285 12.7280 -21.1488
v -2.0478 13.5066 -20.7047
v -2.0585 14.2853 -21.1559
v -2.1500 14.2853 -22.0512
v 3.7340 13.2398 -22.2000
v -2.1392 13.5066 -21.6000
v -2.2384 13.5066 -22.4945
v -1.8982 12.7841 -22.0795
v -1.7991 12.7841 -21.1849
v -2.0401 13.5066 -20.7055
v -2.3803 14.2291 -21.1205
v -2.4794 14.2291 -22.0151
v -7.6514 11.3028 -21.8945
v -7.3113 10.5803 -21.4795
v -7.2121 10.5803 -20.5849
v -7.4531 11.3028 -20.1055
v -7.7933 12.0253 -20.5205
v -7.8924 12.0253 -21.4151
v -2.1392 13.5066 -21.6000
v -7.5523 11.3028 -21.0000
v -7.6868 11.3028 -21.8899
v -7.0597 10.7671 -21.5296
v -6.9252 10.7671 -20.6397
v -7.4178 11.3028 -20.1101
v -8.0448 11.8385 -20.4704
v -8.1794 11.8385 -21.3603
v -11.6558 7.0603 -21.2899
v -11.0288 6.5246 -20.9296
v -10.8942 6.5246 -20.0397
v -11.3868 7.0603 -19.5101
v -12.0138 7.5959 -19.8704
v -12.1484 7.5959 -20.7603
v -7.5523 11.3028 -21.0000
v -11.5213 7.0603 -20.4000
v -11.5213 7.1582 -19.5053
v -12.2616 7.3517 -19.9792
v -12.2616 7.2538 -20.8739
v -11.5213 6.9623 -21.2947
v -10.7810 6.7688 -20.8208
v -10.7810 6.8668 -19.9261
v -13.3382 1.6766 -18.9053
v -14.0784 1.8701 -19.3792
v -14.0784 1.7722 -20.2739
v -13.3382 1.4807 -20.6947
v -12.5979 1.2873 -20.2208
v -12.5979 1.3852 -19.3261
v -11.5213 7.0603 -20.4000
v -13.3382 1.5787 -19.8000
v -13.3382 1.6728 -18.9049
v -14.1127 1.5396 -19.3434
v -14.1127 1.4454 -20.2385
v -13.3382 1.4845 -20.6951
v -12.5636 1.6178 -20.2566
v -12.5636 1.7119 -19.3615
v -12.6966 -4.0312 -18.3049
v -13.4712 -4.1645 -18.7434
v -13.4712 -4.2586 -19.6385
v -12.6966 -4.2195 -20.0951
v -11.9220 -4.0863 -19.6566
v -11.9220 -3.9921 -18.7615
v -13.3382 1.5787 -19.8000
v -12.6966 -4.1254 -19.2000
v -12.8758 -4.1254 -18.3180
v -13.4362 -4.5348 -18.8911
v -13.2570 -4.5348 -19.7730
v -12.5174 -4.1254 -20.0820
v -11.9571 -3.7160 -19.5089
v -12.1363 -3.7160 -18.6270
v -9.9227 -9.0068 -17.7180
v -10.4831 -9.4163 -18.2911
v -10.3039 -9.4163 -19.1730
v -9.5643 -9.0068 -19.4820
v -9.0040 -8.5974 -18.9089
v -9.1832 -8.5974 -18.0270
v -12.6966 -4.1254 -19.2000
v -9.7435 -9.0068 -18.6000
v -9.8576 -9.0068 -17.7073
v -10.2313 -9.6541 -18.2087
v -10.1173 -9.6541 -19.1014
v -9.6295 -9.0068 -19.4927
v -9.2558 -8.3596 -18.9913
v -9.3698 -8.3596 -18.0986
v -5.1607 -12.1837 -17.1073
v -5.5344 -12.8309 -17.6087
v -5.4204 -12.8309 -18.5014
v -4.9326 -12.1837 -18.8927
v -4.5589 -11.5364 -18.3913
v -4.6729 -11.5364 -17.4986
v -9.7435 -9.0068 -18.6000
v -5.0466 -12.1837 -18.0000
v -5.1432 -12.1837 -17.1052
v -5.2197 -12.9529 -17.5661
v -5.1231 -12.9529 -18.4609
v -4.9501 -12.1837 -18.8948
v -4.8736 -11.4144 -18.4339
v -4.9701 -11.4144 -17.5391
v 0.4180 -13.0961 -16.5052
v 0.3415 -13.8654 -16.9661
v 0.4381 -13.8654 -17.8609
v 0.6111 -13.0961 -18.2948
v 0.6876 -12.3269 -17.8339
v 0.5910 -12.3269 -16.9391
v -5.0466 -12.1837 -18.0000
v 0.5145 -13.0961 -17.4000
v 0.4151 -13.0961 -16.5055
v 0.6699 -13.8478 -16.9300
v 0.7693 -13.8478 -17.8245
v 0.6140 -13.0961 -18.2945
v 0.3592 -12.3445 -17.8700
v 0.2598 -12.3445 -16.9755
v 5.8138 -11.6054 -15.9055
v 6.0685 -12.3570 -16.3300
v 6.1680 -12.3570 -17.2245
v 6.0126 -11.6054 -17.6945
v 5.7579 -10.8537 -17.2700
v 5.6585 -10.8537 -16.3755
v 0.5145 -13.0961 -17.4000
v 5.9132 -11.6054 -16.8000
v 5.7875 -11.6054 -15.9088
v 6.3455 -12.2032 -16.2845
v 6.4713 -12.2032 -17.1757
v 6.0390 -11.6054 -17.6912
v 5.4809 -11.0075 -17.3155
v 5.3551 -11.0075 -16.4243
v 10.0392 -8.0134 -15.3088
v 10.5973 -8.6112 -15.6845
v 10.7230 -8.6112 -16.5757
v 10.2907 -8.0134 -17.0912
v 9.7326 -7.4156 -16.7155
v 9.6069 -7.4156 -15.8243
v 5.9132 -11.6054 -16.8000
v 10.1649 -8.0134 -16.2000
v 10.1649 -7.9064 -17.0936
v 9.4580 -7.6341 -16.6078
v 9.4580 -7.7411 -15.7142
v 10.1649 -8.1204 -15.3064
v 10.8719 -8.3927 -15.7922
v 10.8719 -8.2857 -16.6858
v 12.5071 -2.8957 -16.4936
v 11.8001 -2.6234 -16.0078
v 11.8001 -2.7304 -15.1142
v 12.5071 -3.1097 -14.7064
v 13.2141 -3.3820 -15.1922
v 13.2141 -3.2750 -16.0858
v 10.1649 -8.0134 -16.2000
v 12.5071 -3.0027 -15.6000
v 12.5071 -2.9050 -16.4947
v 11.7277 -2.9499 -16.0469
v 11.7277 -3.0475 -15.1522
v 12.5071 -3.1004 -14.7053
v 13.2865 -3.0555 -15.1531
v 13.2865 -2.9579 -16.0478
v 12.5357 2.5912 -15.8947
v 11.7562 2.5463 -15.4469
v 11.7562 2.4487 -14.5522
v 12.5357 2.3958 -14.1053
v 13.3151 2.4407 -14.5531
v 13.3151 2.5383 -15.4478
v 12.5071 -3.0027 -15.6000
v 12.5357 2.4935 -15.0000
v 12.5357 2.6013 -15.8935
v 11.8253 2.2290 -15.4852
v 11.8253 2.1211 -14.5917
v 12.5357 2.3857 -14.1065
v 13.2460 2.7580 -14.5148
v 13.2460 2.8659 -15.4083
v 10.2745 7.5727 -15.2935
v 9.5642 7.2003 -14.8852
v 9.5642 7.0925 -13.9917
v 10.2745 7.3570 -13.5065
v 10.9849 7.7294 -13.9148
v 10.9849 7.8372 -14.8083
v 12.5357 2.4935 -15.0000
v 10.2745 7.4649 -14.4000
v 10.1445 7.4649 -15.2906
v 9.7087 6.8721 -14.7722
v 9.8388 6.8721 -13.8816
v 10.4046 7.4649 -13.5094
v 10.8403 8.0577 -14.0278
v 10.7103 8.0577 -14.9184
v 6.0357 11.0098 -14.6906
v 5.6000 10.4170 -14.1722
v 5.7301 10.4170 -13.2816
v 6.2958 11.0098 -12.9094
v 6.7316 11.6026 -13.4278
v 6.6015 11.6026 -14.3184
v 10.2745 7.4649 -14.4000
v 6.1658 11.0098 -13.8000
v 6.0623 11.0098 -14.6940
v 5.9015 10.2603 -14.2224
v 6.0050 10.2603 -13.3284
v 6.2693 11.0098 -12.9060
v 6.4301 11.7593 -13.3776
v 6.3265 11.7593 -14.2716
v 0.8802 12.4989 -14.0940
v 0.7194 11.7494 -13.6224
v 0.8229 11.7494 -12.7284
v 1.0872 12.4989 -12.3060
v 1.2479 13.2483 -12.7776
v 1.1444 13.2483 -13.6716
v 6.1658 11.0098 -13.8000
v 0.9837 12.4989 -13.2000
v 0.8823 12.4989 -14.0943
v 1.0497 11.7283 -13.6604
v 1.1511 11.7283 -12.7661
v 1.0850 12.4989 -12.3057
v 0.9176 13.2694 -12.7396
v 0.8163 13.2694 -13.6339
v -4.4127 11.6863 -13.4943
v -4.2453 10.9158 -13.0604
v -4.1439 10.9158 -12.1661
v -4.2100 11.6863 -11.7057
v -4.3774 12.4569 -12.1396
v -4.4787 12.4569 -13.0339
v 0.9837 12.4989 -13.2000
v -4.3113 11.6863 -12.6000
v -4.4319 11.6863 -13.4919
v -3.9482 11.0345 -13.1032
v -3.8276 11.0345 -12.2113
v -4.1908 11.6863 -11.7081
v -4.6744 12.3382 -12.0968
v -4.7950 12.3382 -12.9887
v -8.8710 8.7504 -12.8919
v -8.3873 8.0986 -12.5032
v -8.2668 8.0986 -11.6113
v -8.6299 8.7504 -11.1081
v -9.1136 9.4023 -11.4968
v -9.2341 9.4023 -12.3887
v -4.3113 11.6863 -12.6000
v -8.7504 8.7504 -12.0000
v -8.9401 8.7504 -12.8798
v -8.2016 8.3334 -12.5786
v -8.0120 8.3334 -11.6989
v -8.5608 8.7504 -11.1202
v -9.2993 9.1675 -11.4214
v -9.4889 9.1675 -12.3011
v -11.7235 4.2551 -12.2798
v -10.9850 3.8380 -11.9786
v -10.7954 3.8380 -11.0989
v -11.3442 4.2551 -10.5202
v -12.0827 4.6721 -10.8214
v -12.2724 4.6721 -11.7011
v -8.7504 8.7504 -12.0000
v -11.5339 4.2551 -11.4000
v -11.5339 4.3580 -10.5059
v -12.3076 4.4004 -10.9638
v -12.3076 4.2975 -11.8579
v -11.5339 4.1522 -12.2941
v -10.7602 4.1097 -11.8362
v -10.7602 4.2126 -10.9421
v -12.1749 -0.8553 -9.9059
v -12.9485 -0.8129 -10.3638
v -12.9485 -0.9158 -11.2579
v -12.1749 -1.0611 -11.6941
v -11.4012 -1.1035 -11.2362
v -11.4012 -1.0006 -10.3421
v -11.5339 4.2551 -11.4000
v -12.1749 -0.9582 -10.8000
v -12.1749 -0.8503 -9.9065
v -12.9177 -1.1386 -10.3250
v -12.9177 -1.2464 -11.2185
v -12.1749 -1.0661 -11.6935
v -11.4320 -0.7778 -11.2750
v -11.4320 -0.6699 -10.3815
v -10.5845 -5.8197 -9.3065
v -11.3273 -6.1080 -9.7250
v -11.3273 -6.2158 -10.6185
v -10.5845 -6.0355 -11.0935
v -9.8416 -5.7472 -10.6750
v -9.8416 -5.6393 -9.7815
v -12.1749 -0.9582 -10.8000
v -10.5845 -5.9276 -10.2000
v -10.7365 -5.9276 -9.3129
v -11.2231 -6.4583 -9.8529
v -11.0711 -6.4583 -10.7399
v -10.4325 -5.9276 -11.0871
v -9.9459 -5.3969 -10.5471
v -10.0978 -5.3969 -9.6601
v -7.2348 -9.7487 -8.7129
v -7.7214 -10.2794 -9.2529
v -7.5694 -10.2794 -10.1399
v -6.9308 -9.7487 -10.4871
v -6.4442 -9.2179 -9.9471
v -6.5962 -9.2179 -9.0601
v -10.5845 -5.9276 -10.2000
v -7.0828 -9.7487 -9.6000
v -7.1957 -9.7487 -8.7071
v -7.4362 -10.4683 -9.1911
v -7.3233 -10.4683 -10.0840
v -6.9700 -9.7487 -10.4929
v -6.7295 -9.0290 -10.0089
v -6.8423 -9.0290 -9.1160
v -2.4478 -11.7388 -8.1071
v -2.6883 -12.4584 -8.5911
v -2.5755 -12.4584 -9.4840
v -2.2221 -11.7388 -9.8929
v -1.9816 -11.0191 -9.4089
v -2.0945 -11.0191 -8.5160
v -7.0828 -9.7487 -9.6000
v -2.3350 -11.7388 -9.0000
v -2.4399 -11.7388 -8.1061
v -2.3604 -12.5177 -8.5499
v -2.2555 -12.5177 -9.4438
v -2.2300 -11.7388 -9.8939
v -2.3095 -10.9598 -9.4501
v -2.4145 -10.9598 -8.5562
v 2.6701 -11.5590 -7.5061
v 2.7496 -12.3380 -7.9499
v 2.8546 -12.3380 -8.8438
v 2.8800 -11.5590 -9.2939
v 2.8005 -10.7801 -8.8501
v 2.6956 -10.7801 -7.9562
v -2.3350 -11.7388 -9.0000
v 2.7751 -11.5590 -8.4000
v 2.6570 -11.5590 -7.5078
v 3.0617 -12.2561 -7.9082
v 3.1797 -12.2561 -8.8004
v 2.8932 -11.5590 -9.2922
v 2.4885 -10.8619 -8.8918
v 2.3704 -10.8619 -7.9996
v 7.1911 -9.2716 -6.9078
v 7.5958 -9.9687 -7.3082
v 7.7138 -9.9687 -8.2004
v 7.4272 -9.2716 -8.6922
v 7.0226 -8.5745 -8.2918
v 6.9045 -8.5745 -7.3996
v 2.7751 -11.5590 -8.4000
v 7.3092 -9.2716 -7.8000
v 7.1401 -9.2716 -6.9160
v 7.8198 -9.7619 -7.2442
v 7.9888 -9.7619 -8.1282
v 7.4782 -9.2716 -8.6840
v 6.7985 -8.7814 -8.3558
v 6.6295 -8.7814 -7.4718
v 10.2780 -5.3230 -6.3160
v 10.9577 -5.8133 -6.6442
v 11.1267 -5.8133 -7.5282
v 10.6161 -5.3230 -8.0840
v 9.9364 -4.8328 -7.7558
v 9.7674 -4.8328 -6.8718
v 7.3092 -9.2716 -7.8000
v 10.4471 -5.3230 -7.2000
v 10.4471 -5.2129 -8.0932
v 9.6895 -5.0858 -7.6242
v 9.6895 -5.1960 -6.7309
v 10.4471 -5.4332 -6.3068
v 11.2046 -5.5602 -6.7758
v 11.2046 -5.4501 -7.6691
v 11.6348 -0.3470 -7.4932
v 10.8773 -0.2199 -7.0242
v 10.8773 -0.3301 -6.1309
v 11.6348 -0.5673 -5.7068
v 12.3923 -0.6943 -6.1758
v 12.3923 -0.5842 -7.0691
v 10.4471 -5.3230 -7.2000
v 11.6348 -0.4571 -6.6000
v 11.6348 -0.3473 -7.4933
v 10.8696 -0.5493 -7.0647
v 10.8696 -0.6591 -6.1714
v 11.6348 -0.5669 -5.7067
v 12.4000 -0.3650 -6.1353
v 12.4000 -0.2552 -7.0286
v 10.6824 4.5346 -6.8933
v 9.9171 4.3326 -6.4647
v 9.9171 4.2228 -5.5714
v 10.6824 4.3150 -5.1067
v 11.4476 4.5169 -5.5353
v 11.4476 4.6267 -6.4286
v 11.6348 -0.4571 -6.6000
v 10.6824 4.4248 -6.0000
v 10.4993 4.4248 -6.8812
v 9.9764 3.9626 -6.3130
v 10.1594 3.9626 -5.4318
v 10.8654 4.4248 -5.1188
v 11.3883 4.8870 -5.6870
v 11.2053 4.8870 -6.5682
v 7.6105 8.4309 -6.2812
v 7.0875 7.9687 -5.7130
v 7.2705 7.9687 -4.8318
v 7.9765 8.4309 -4.5188
v 8.4995 8.8932 -5.0870
v 8.3164 8.8932 -5.9682
v 10.6824 4.4248 -6.0000
v 7.7935 8.4309 -5.4000
v 7.6683 8.4309 -6.2912
v 7.3542 7.7506 -5.7927
v 7.4794 7.7506 -4.9015
v 7.9187 8.4309 -4.5088
v 8.2327 9.1113 -5.0073
v 8.1075 9.1113 -5.8985
v 3.3976 10.8420 -5.6912
v 3.0835 10.1617 -5.1927
v 3.2087 10.1617 -4.3015
v 3.6480 10.8420 -3.9088
v 3.9621 11.5224 -4.4073
v 3.8368 11.5224 -5.2985
v 7.7935 8.4309 -5.4000
v 3.5228 10.8420 -4.8000
v 3.4124 10.8420 -5.6932
v 3.4048 10.0652 -5.2388
v 3.5152 10.0652 -4.3456
v 3.6332 10.8420 -3.9068
v 3.6408 11.6189 -4.3612
v 3.5304 11.6189 -5.2544
v -1.4408 11.2403 -5.0932
v -1.4484 10.4634 -4.6388
v -1.3380 10.4634 -3.7456
v -1.2199 11.2403 -3.3068
v -1.2124 12.0171 -3.7612
v -1.3228 12.0171 -4.6544
v 3.5228 10.8420 -4.8000
v -1.3304 11.2403 -4.2000
v -1.4483 11.2403 -5.0922
v -1.1262 10.5074 -4.6809
v -1.0083 10.5074 -3.7886
v -1.2125 11.2403 -3.3078
v -1.5345 11.9731 -3.7191
v -1.6524 11.9731 -4.6114
v -5.9895 9.5815 -4.4922
v -5.6674 8.8487 -4.0809
v -5.5495 8.8487 -3.1886
v -5.7537 9.5815 -2.7078
v -6.0757 10.3144 -3.1191
v -6.1936 10.3144 -4.0114
v -1.3304 11.2403 -4.2000
v -5.8716 9.5815 -3.6000
v -6.0278 9.5815 -4.4863
v -5.4128 9.0245 -4.1378
v -5.2566 9.0245 -3.2515
v -5.7154 9.5815 -2.7137
v -6.3304 10.1386 -3.0622
v -6.4866 10.1386 -3.9485
v -9.4323 6.1981 -3.8863
v -8.8173 5.6411 -3.5378
v -8.6611 5.6411 -2.6515
v -9.1199 6.1981 -2.1137
v -9.7349 6.7551 -2.4622
v -9.8911 6.7551 -3.3485
v -5.8716 9.5815 -3.6000
v -9.2761 6.1981 -3.0000
v -9.2761 6.3179 -2.1080
v -10.0073 6.5254 -2.5899
v -10.0073 6.4056 -3.4819
v -9.2761 6.0782 -3.8920
v -8.5449 5.8707 -3.4101
v -8.5449 5.9906 -2.5181
v -10.9386 1.8524 -1.5080
v -11.6699 2.0599 -1.9899
v -11.6699 1.9400 -2.8819
v -10.9386 1.6127 -3.2920
v -10.2074 1.4052 -2.8101
v -10.2074 1.5250 -1.9181
v -9.2761 6.1981 -3.0000
v -10.9386 1.7325 -2.4000
v -10.9386 1.8461 -1.5072
v -11.7159 1.7313 -1.9462
v -11.7159 1.6177 -2.8390
v -10.9386 1.6189 -3.2928
v -10.1614 1.7337 -2.8538
v -10.1614 1.8473 -1.9610
v -10.5810 -2.8706 -0.9072
v -11.3582 -2.9854 -1.3462
v -11.3582 -3.0989 -2.2390
v -10.5810 -3.0977 -2.6928
v -9.8038 -2.9829 -2.2538
v -9.8038 -2.8694 -1.3610
v -10.9386 1.7325 -2.4000
v -10.5810 -2.9841 -1.8000
v -10.8097 -2.9841 -0.9296
v -11.3488 -3.3728 -1.5365
v -11.1200 -3.3728 -2.4069
v -10.3522 -2.9841 -2.6704
v -9.8132 -2.5955 -2.0635
v -10.0420 -2.5955 -1.1931
v -8.5267 -7.0871 -0.3296
v -9.0657 -7.4758 -0.9365
v -8.8370 -7.4758 -1.8069
v -8.0692 -7.0871 -2.0704
v -7.5302 -6.6984 -1.4635
v -7.7589 -6.6984 -0.5931
v -10.5810 -2.9841 -1.8000
v -8.2979 -7.0871 -1.2000
v -8.4396 -7.0871 -0.3112
v -8.8191 -7.7192 -0.8274
v -8.6774 -7.7192 -1.7162
v -8.1562 -7.0871 -2.0888
v -7.7768 -6.4550 -1.5726
v -7.9185 -6.4550 -0.6838
v -4.6763 -9.8363 0.2888
v -5.0558 -10.4684 -0.2274
v -4.9141 -10.4684 -1.1162
v -4.3929 -9.8363 -1.4888
v -4.0134 -9.2042 -0.9726
v -4.1551 -9.2042 -0.0838
v -8.2979 -7.0871 -1.2000
v -4.5346 -9.8363 -0.6000
v -4.6527 -9.8363 0.2922
v -4.7450 -10.6006 -0.1739
v -4.6269 -10.6006 -1.0661
v -4.4166 -9.8363 -1.4922
v -4.3242 -9.0720 -1.0261
v -4.4423 -9.0720 -0.1339
v -0.1181 -10.7500 0.8922
v -0.2104 -11.5143 0.4261
v -0.0923 -11.5143 -0.4661
v 0.1181 -10.7500 -0.8922
v 0.2104 -9.9857 -0.4261
v 0.0923 -9.9857 0.4661
v -4.5346 -9.8363 -0.6000
v -0.0000 -10.7500 0.0000
v -0.1198 -10.7500 0.8920
v 0.1172 -11.5087 0.4698
v 0.2370 -11.5087 -0.4222
v 0.1198 -10.7500 -0.8920
v -0.1172 -9.9913 -0.4698
v -0.2370 -9.9913 0.4222
v 4.3468 -9.6888 1.4920
v 4.5837 -10.4474 1.0698
v 4.7036 -10.4474 0.1778
v 4.5864 -9.6888 -0.2920
v 4.3494 -8.9301 0.1302
v 4.2296 -8.9301 1.0222
v -0.0000 -10.7500 0.0000
v 4.4666 -9.6888 0.6000
v 4.3180 -9.6888 1.4876
v 4.8628 -10.3051 1.1226
v 5.0114 -10.3051 0.2349
v 4.6152 -9.6888 -0.2876
v 4.0704 -9.0724 0.0774
v 3.9218 -9.0724 0.9651
v 7.9022 -6.8760 2.0876
v 8.4470 -7.4924 1.7226
v 8.5956 -7.4924 0.8349
v 8.1994 -6.8760 0.3124
v 7.6546 -6.2597 0.6774
v 7.5060 -6.2597 1.5651
v 4.4666 -9.6888 0.6000
v 8.0508 -6.8760 1.2000
v 7.7992 -6.8760 2.0641
v 8.5853 -7.2429 1.8243
v 8.8369 -7.2429 0.9602
v 8.3024 -6.8760 0.3359
v 7.5163 -6.5092 0.5757
v 7.2647 -6.5092 1.4398
v 9.8602 -2.8518 2.6641
v 10.6463 -3.2186 2.4243
v 10.8979 -3.2186 1.5602
v 10.3634 -2.8518 0.9359
v 9.5773 -2.4850 1.1757
v 9.3257 -2.4850 2.0398
v 8.0508 -6.8760 1.2000
v 10.1118 -2.8518 1.8000
v 10.1118 -2.7324 0.9080
v 9.3330 -2.7606 1.3582
v 9.3330 -2.8800 2.2502
v 10.1118 -2.9712 2.6920
v 10.8906 -2.9431 2.2418
v 10.8906 -2.8237 1.3498
v 10.2967 1.7502 1.5080
v 9.5179 1.7221 1.9582
v 9.5179 1.6027 2.8502
v 10.2967 1.5114 3.2920
v 11.0754 1.5396 2.8418
v 11.0754 1.6590 1.9498
v 10.1118 -2.8518 1.8000
v 10.2967 1.6308 2.4000
v 10.2967 1.7607 1.5094
v 9.5749 1.4045 1.9123
v 9.5749 1.2747 2.8028
v 10.2967 1.5010 3.2906
v 11.0184 1.8571 2.8877
v 11.0184 1.9870 1.9972
v 8.6005 5.8765 2.1094
v 7.8788 5.5204 2.5123
v 7.8788 5.3905 3.4028
v 8.6005 5.6169 3.8906
v 9.3222 5.9730 3.4877
v 9.3222 6.1028 2.5972
v 10.2967 1.6308 2.4000
v 8.6005 5.7467 3.0000
v 8.4366 5.7467 2.1151
v 8.0021 5.1708 2.6532
v 8.1661 5.1708 3.5381
v 8.7645 5.7467 3.8849
v 9.1989 6.3226 3.3468
v 9.0349 6.3226 2.4619
v 5.1982 8.7502 2.7151
v 4.7637 8.1743 3.2532
v 4.9277 8.1743 4.1381
v 5.5261 8.7502 4.4849
v 5.9605 9.3261 3.9468
v 5.7966 9.3261 3.0619
v 8.6005 5.7467 3.0000
v 5.3621 8.7502 3.6000
v 5.2338 8.7502 2.7092
v 5.0607 8.0086 3.1888
v 5.1890 8.0086 4.0796
v 5.4905 8.7502 4.4908
v 5.6636 9.4919 4.0112
v 5.5353 9.4919 3.1204
v 1.0684 10.1107 3.3092
v 0.8952 9.3690 3.7888
v 1.0235 9.3690 4.6796
v 1.3250 10.1107 5.0908
v 1.4981 10.8523 4.6112
v 1.3698 10.8523 3.7204
v 5.3621 8.7502 3.6000
v 1.1967 10.1107 4.2000
v 1.0728 10.1107 3.3086
v 1.2236 9.3364 3.7419
v 1.3475 9.3364 4.6334
v 1.3206 10.1107 5.0914
v 1.1698 10.8849 4.6581
v 1.0459 10.8849 3.7666
v -3.2449 9.6057 3.9086
v -3.0942 8.8314 4.3419
v -2.9703 8.8314 5.2334
v -2.9972 9.6057 5.6914
v -3.1480 10.3799 5.2581
v -3.2718 10.3799 4.3666
v 1.1967 10.1107 4.2000
v -3.1211 9.6057 4.8000
v -3.2659 9.6057 3.9117
v -2.7962 8.9382 4.2911
v -2.6513 8.9382 5.1794
v -2.9762 9.6057 5.6883
v -3.4460 10.2731 5.3089
v -3.5908 10.2731 4.4206
v -6.9456 7.3570 4.5117
v -6.4759 6.6896 4.8911
v -6.3310 6.6896 5.7794
v -6.6559 7.3570 6.2883
v -7.1256 8.0244 5.9089
v -7.2705 8.0244 5.0206
v -3.1211 9.6057 4.8000
v -6.8007 7.3570 5.4000
v -7.0207 7.3570 4.5273
v -6.2889 6.9140 4.8069
v -6.0689 6.9140 5.6796
v -6.5808 7.3570 6.2727
v -7.3126 7.7999 5.9931
v -7.5326 7.7999 5.1204
v -9.4010 3.8029 5.1273
v -8.6692 3.3600 5.4069
v -8.4492 3.3600 6.2796
v -8.9611 3.8029 6.8727
v -9.6929 4.2459 6.5931
v -9.9129 4.2459 5.7204
v -6.8007 7.3570 5.4000
v -9.1811 3.8029 6.0000
v -9.1811 3.9305 6.8909
v -9.9510 3.9869 6.4282
v -9.9510 3.8593 5.5373
v -9.1811 3.6753 5.1091
v -8.4111 3.6189 5.5718
v -8.4111 3.7465 6.4627
v -9.8487 -0.2594 7.4909
v -10.6186 -0.2030 7.0282
v -10.6186 -0.3305 6.1373
v -9.8487 -0.5145 5.7091
v -9.0787 -0.5710 6.1718
v -9.0787 -0.4434 7.0627
v -9.1811 3.8029 6.0000
v -9.8487 -0.3870 6.6000
v -9.8487 -0.2551 7.4903
v -10.5996 -0.5276 7.0757
v -10.5996 -0.6595 6.1855
v -9.8487 -0.5188 5.7097
v -9.0977 -0.2463 6.1243
v -9.0977 -0.1144 7.0145
v -8.7096 -4.3059 8.0903
v -9.4605 -4.5784 7.6757
v -9.4605 -4.7103 6.7855
v -8.7096 -4.5696 6.3097
v -7.9587 -4.2971 6.7243
v -7.9587 -4.1652 7.6145
v -9.8487 -0.3870 6.6000
v -8.7096 -4.4378 7.2000
v -8.9043 -4.4378 8.0787
v -9.3800 -4.9506 7.5124
v -9.1853 -4.9506 6.6337
v -8.5149 -4.4378 6.3213
v -8.0392 -3.9249 6.8876
v -8.2339 -3.9249 7.7663
v -6.1960 -7.6127 8.6787
v -6.6717 -8.1255 8.1124
v -6.4771 -8.1255 7.2337
v -5.8067 -7.6127 6.9213
v -5.3309 -7.0998 7.4876
v -5.5256 -7.0998 8.3663
v -8.7096 -4.4378 7.2000
v -6.0013 -7.6127 7.8000
v -6.1433 -7.6127 8.6887
v -6.3915 -8.3219 8.1934
v -6.2496 -8.3219 7.3047
v -5.8594 -7.6127 6.9113
v -5.6112 -6.9034 7.4066
v -5.7531 -6.9034 8.2953
v -2.3859 -9.3469 9.2887
v -2.6342 -10.0561 8.7934
v -2.4922 -10.0561 7.9047
v -2.1021 -9.3469 7.5113
v -1.8538 -8.6377 8.0066
v -1.9957 -8.6377 8.8953
v -6.0013 -7.6127 7.8000
v -2.2440 -9.3469 8.4000
v -2.3742 -9.3469 9.2905
v -2.3093 -10.1263 8.8452
v -2.1791 -10.1263 7.9547
v -2.1138 -9.3469 7.5095
v -2.1787 -8.5675 7.9548
v -2.3089 -8.5675 8.8453
v 1.7292 -9.3481 9.8905
v 1.7941 -10.1275 9.4452
v 1.9243 -10.1275 8.5547
v 1.9897 -9.3481 8.1095
v 1.9248 -8.5687 8.5548
v 1.7946 -8.5687 9.4453
v -2.2440 -9.3469 8.4000
v 1.8595 -9.3481 9.0000
v 1.7152 -9.3481 9.8884
v 2.1059 -10.0576 9.4959
v 2.2501 -10.0576 8.6075
v 2.0037 -9.3481 8.1116
v 1.6130 -8.6386 8.5041
v 1.4688 -8.6386 9.3925
v 5.4103 -7.6452 10.4884
v 5.8010 -8.3547 10.0959
v 5.9453 -8.3547 9.2075
v 5.6988 -7.6452 8.7116
v 5.3081 -6.9357 9.1041
v 5.1639 -6.9357 9.9925
v 1.8595 -9.3481 9.0000
v 5.5546 -7.6452 9.6000
v 5.3536 -7.6452 10.4773
v 6.0256 -8.1588 10.1695
v 6.2265 -8.1588 9.2922
v 5.7555 -7.6452 8.7227
v 5.0836 -7.1316 9.0305
v 4.8827 -7.1316 9.9078
v 7.9733 -4.5778 11.0773
v 8.6452 -5.0914 10.7695
v 8.8461 -5.0914 9.8922
v 8.3751 -4.5778 9.3227
v 7.7032 -4.0641 9.6305
v 7.5023 -4.0641 10.5078
v 5.5546 -7.6452 9.6000
v 8.1742 -4.5778 10.2000
v 8.1742 -4.4392 9.3107
v 7.4233 -4.3019 9.7876
v 7.4233 -4.4405 10.6768
v 8.1742 -4.7164 11.0893
v 8.9251 -4.8537 10.6124
v 8.9251 -4.7150 9.7232
v 9.2589 -0.5901 9.9107
v 8.5080 -0.4528 10.3876
v 8.5080 -0.5914 11.2768
v 9.2589 -0.8673 11.6893
v 10.0097 -1.0046 11.2124
v 10.0097 -0.8660 10.3232
v 8.1742 -4.5778 10.2000
v 9.2589 -0.7287 10.8000
v 9.2589 -0.5924 9.9104
v 8.4889 -0.7800 10.3369
v 8.4889 -0.9163 11.2265
v 9.2589 -0.8650 11.6896
v 10.0289 -0.6774 11.2631
v 10.0289 -0.5411 10.3735
v 8.6372 3.3228 10.5104
v 7.8672 3.1352 10.9369
v 7.8672 2.9988 11.8265
v 8.6372 3.0501 12.2896
v 9.4072 3.2377 11.8631
v 9.4072 3.3741 10.9735
v 9.2589 -0.7287 10.8000
v 8.6372 3.1864 11.4000
v 8.3989 3.1864 10.5321
v 7.9005 2.7422 11.1357
v 8.1389 2.7422 12.0035
v 8.8756 3.1864 12.2679
v 9.3739 3.6307 11.6643
v 9.1356 3.6307 10.7965
v 6.2140 6.4523 11.1321
v 5.7156 6.0081 11.7357
v 5.9540 6.0081 12.6035
v 6.6907 6.4523 12.8679
v 7.1891 6.8966 12.2643
v 6.9507 6.8966 11.3965
v 8.6372 3.1864 11.4000
v 6.4523 6.4523 12.0000
v 6.2924 6.4523 11.1143
v 5.9768 5.7846 11.6286
v 6.1367 5.7846 12.5143
v 6.6123 6.4523 12.8857
v 6.9279 7.1201 12.3714
v 6.7680 7.1201 11.4857
v 2.9702 8.4848 11.7143
v 2.6546 7.8170 12.2286
v 2.8146 7.8170 13.1143
v 3.2902 8.4848 13.4857
v 3.6058 9.1525 12.9714
v 3.4458 9.1525 12.0857
v 6.4523 6.4523 12.0000
v 3.1302 8.4848 12.6000
v 2.9910 8.4848 11.7108
v 2.9719 7.7105 12.1693
v 3.1110 7.7105 13.0585
v 3.2694 8.4848 13.4892
v 3.2885 9.2590 13.0307
v 3.1493 9.2590 12.1415
v -0.8424 8.9349 12.3108
v -0.8615 8.1606 12.7693
v -0.7223 8.1606 13.6585
v -0.5640 8.9349 14.0892
v -0.5449 9.7091 13.6307
v -0.6840 9.7091 12.7415
v 3.1302 8.4848 12.6000
v -0.7032 8.9349 13.2000
v -0.8497 8.9349 12.3120
v -0.5409 8.1929 12.7171
v -0.3944 8.1929 13.6051
v -0.5567 8.9349 14.0880
v -0.8655 9.6768 13.6829
v -1.0120 9.6768 12.7949
v -4.4861 7.7489 12.9120
v -4.1773 7.0069 13.3171
v -4.0307 7.0069 14.2051
v -4.1930 7.7489 14.6880
v -4.5019 8.4908 14.2829
v -4.6484 8.4908 13.3949
v -0.7032 8.9349 13.2000
v -4.3396 7.7489 13.8000
v -4.5295 7.7489 12.9203
v -3.9230 7.1712 13.2497
v -3.7331 7.1712 14.1295
v -4.1497 7.7489 14.6797
v -4.7561 8.3265 14.3503
v -4.9460 8.3265 13.4705
v -7.3092 5.1725 13.5203
v -6.7028 4.5949 13.8497
v -6.5129 4.5949 14.7295
v -6.9295 5.1725 15.2797
v -7.5359 5.7501 14.9503
v -7.7258 5.7501 14.0705
v -4.3396 7.7489 13.8000
v -7.1193 5.1725 14.4000
v -7.1193 5.3258 15.2869
v -7.8414 5.5383 14.7934
v -7.8414 5.3851 13.9066
v -7.1193 5.0192 13.5131
v -6.3973 4.8067 14.0066
v -6.3973 4.9600 14.8934
v -8.5512 1.8542 15.8869
v -9.2733 2.0668 15.3934
v -9.2733 1.9135 14.5066
v -8.5512 1.5477 14.1131
v -7.8292 1.3351 14.6066
v -7.8292 1.4884 15.4934
v -7.1193 5.1725 14.4000
v -8.5512 1.7009 15.0000
v -8.5512 1.8444 15.8885
v -9.3300 1.7415 15.4493
v -9.3300 1.5981 14.5608
v -8.5512 1.5575 14.1115
v -7.7724 1.6604 14.5507
v -7.7724 1.8038 15.4392
v -8.3988 -1.8730 16.4885
v -9.1776 -1.9758 16.0493
v -9.1776 -2.1192 15.1608
v -8.3988 -2.1598 14.7115
v -7.6201 -2.0570 15.1507
v -7.6201 -1.9136 16.0392
v -8.5512 1.7009 15.0000
v -8.3988 -2.0164 15.6000
v -8.7016 -2.0164 16.4475
v -9.1951 -2.3886 15.7934
v -8.8923 -2.3886 14.9459
v -8.0961 -2.0164 14.7525
v -7.6026 -1.6441 15.4066
v -7.9054 -1.6441 16.2541
v -7.0222 -5.2971 17.0475
v -7.5156 -5.6694 16.3934
v -7.2128 -5.6694 15.5459
v -6.4166 -5.2971 15.3525
v -5.9231 -4.9249 16.0066
v -6.2259 -4.9249 16.8541
v -8.3988 -2.0164 15.6000
v -6.7194 -5.2971 16.2000
v -6.9034 -5.2971 17.0810
v -7.2762 -5.9152 16.5434
v -7.0922 -5.9152 15.6624
v -6.5353 -5.2971 15.3190
v -6.1625 -4.6791 15.8566
v -6.3466 -4.6791 16.7376
v -4.0316 -7.5513 17.6810
v -4.4044 -8.1693 17.1434
v -4.2204 -8.1693 16.2624
v -3.6635 -7.5513 15.9190
v -3.2907 -6.9332 16.4566
v -3.4748 -6.9332 17.3376
v -6.7194 -5.2971 16.2000
v -3.8476 -7.5513 16.8000
v -3.9989 -7.5513 17.6872
v -4.0985 -8.3102 17.2137
v -3.9472 -8.3102 16.3265
v -3.6963 -7.5513 15.9128
v -3.5967 -6.7924 16.3863
v -3.7480 -6.7924 17.2735
v -0.4808 -8.3873 18.2872
v -0.5804 -9.1462 17.8137
v -0.4291 -9.1462 16.9265
v -0.1782 -8.3873 16.5128
v -0.0786 -7.6284 16.9863
v -0.2300 -7.6284 17.8735
v -3.8476 -7.5513 16.8000
v -0.3295 -8.3873 17.4000
v -0.4812 -8.3873 18.2871
v -0.2556 -9.1518 17.8692
v -0.1040 -9.1518 16.9820
v -0.1779 -8.3873 16.5129
v -0.4034 -7.6228 16.9308
v -0.5551 -7.6228 17.8180
v 3.0294 -7.6797 18.8871
v 3.2549 -8.4442 18.4692
v 3.4066 -8.4442 17.5820
v 3.3327 -7.6797 17.1129
v 3.1072 -6.9153 17.5308
v 2.9555 -6.9153 18.4180
v -0.3295 -8.3873 17.4000
v 3.1811 -7.6797 18.0000
v 2.9965 -7.6797 18.8809
v 3.5325 -8.3137 18.5334
v 3.7171 -8.3137 17.6526
v 3.3656 -7.6797 17.1191
v 2.8296 -7.0458 17.4666
v 2.6450 -7.0458 18.3474
v 5.8598 -5.5874 19.4809
v 6.3959 -6.2213 19.1334
v 6.5805 -6.2213 18.2526
v 6.2290 -5.5874 17.7191
v 5.6929 -4.9534 18.0666
v 5.5083 -4.9534 18.9474
v 3.1811 -7.6797 18.0000
v 6.0444 -5.5874 18.6000
v 5.7459 -5.5874 19.4491
v 6.5286 -5.9832 19.2472
v 6.8271 -5.9832 18.3982
v 6.3429 -5.5874 17.7509
v 5.5602 -5.1916 17.9528
v 5.2617 -5.1916 18.8018
v 7.4526 -2.5185 20.0491
v 8.2353 -2.9143 19.8472
v 8.5338 -2.9143 18.9982
v 8.0496 -2.5185 18.3509
v 7.2669 -2.1227 18.5528
v 6.9684 -2.1227 19.4018
v 6.0444 -5.5874 18.6000
v 7.7511 -2.5185 19.2000
v 7.7511 -2.3650 18.3132
v 6.9738 -2.3848 18.7665
v 6.9738 -2.5383 19.6533
v 7.7511 -2.6720 20.0868
v 8.5284 -2.6522 19.6335
v 8.5284 -2.4987 18.7467
v 8.0128 1.1019 18.9132
v 7.2355 1.0821 19.3665
v 7.2355 0.9286 20.2533
v 8.0128 0.7949 20.6868
v 8.7901 0.8147 20.2335
v 8.7901 0.9681 19.3467
v 7.7511 -2.5185 19.2000
v 8.0128 0.9484 19.8000
v 8.0128 1.1130 18.9152
v 7.2810 0.7670 19.3085
v 7.2810 0.6024 20.1933
v 8.0128 0.7838 20.6848
v 8.7446 1.1298 20.2915
v 8.7446 1.2944 19.4067
v 6.8105 4.3381 19.5152
v 6.0786 3.9921 19.9085
v 6.0786 3.8274 20.7933
v 6.8105 4.0088 21.2848
v 7.5423 4.3549 20.8915
v 7.5423 4.5195 20.0067
v 8.0128 0.9484 19.8000
v 6.8105 4.1735 20.4000
v 6.5937 4.1735 19.5265
v 6.1772 3.6122 20.0935
v 6.3940 3.6122 20.9670
v 7.0272 4.1735 21.2735
v 7.4437 4.7347 20.7065
v 7.2270 4.7347 19.8330
v 4.1757 6.5738 20.1265
v 3.7592 6.0125 20.6935
v 3.9760 6.0125 21.5670
v 4.6092 6.5738 21.8735
v 5.0257 7.1351 21.3065
v 4.8090 7.1351 20.4330
v 6.8105 4.1735 20.4000
v 4.3925 6.5738 21.0000
v 4.2250 6.5738 20.1157
v 4.0505 5.8400 20.6068
v 4.2180 5.8400 21.4910
v 4.5599 6.5738 21.8843
v 4.7344 7.3076 21.3932
v 4.5669 7.3076 20.5090
v 1.0566 7.7287 20.7157
v 0.8822 6.9949 21.2068
v 1.0496 6.9949 22.0910
v 1.3916 7.7287 22.4843
v 1.5660 8.4624 21.9932
v 1.3986 8.4624 21.1090
v 4.3925 6.5738 21.0000
v 1.2241 7.7287 21.6000
v 1.0643 7.7287 20.7143
v 1.2066 6.9518 21.1459
v 1.3663 6.9518 22.0316
v 1.3839 7.7287 22.4857
v 1.2416 8.5055 22.0541
v 1.0819 8.5055 21.1684
v -2.2617 7.4530 21.3143
v -2.1195 6.6762 21.7459
v -1.9597 6.6762 22.6316
v -1.9422 7.4530 23.0857
v -2.0844 8.2299 22.6541
v -2.2442 8.2299 21.7684
v 1.2241 7.7287 21.6000
v -2.1020 7.4530 22.2000
v -2.2859 7.4530 21.3190
v -1.8242 6.7712 21.6823
v -1.6403 6.7712 22.5633
v -1.9181 7.4530 23.0810
v -2.3797 8.1348 22.7177
v -2.5636 8.1348 21.8367
v -5.1603 5.8266 21.9190
v -4.6987 5.1448 22.2823
v -4.5148 5.1448 23.1633
v -4.7925 5.8266 23.6810
v -5.2541 6.5084 23.3177
v -5.4380 6.5084 22.4367
v -2.1020 7.4530 22.2000
v -4.9764 5.8266 22.8000
v -5.2463 5.8266 21.9414
v -4.5177 5.3573 22.1841
v -4.2478 5.3573 23.0426
v -4.7065 5.8266 23.6586
v -5.4351 6.2959 23.4159
v -5.7050 6.2959 22.5574
v -7.1548 3.1740 22.5414
v -6.4262 2.7046 22.7841
v -6.1563 2.7046 23.6426
v -6.6149 3.1740 24.2586
v -7.3435 3.6433 24.0159
v -7.6135 3.6433 23.1574
v -4.9764 5.8266 22.8000
v -6.8849 3.1740 23.4000
v -6.8849 3.3411 24.2843
v -7.6505 3.4008 23.8151
v -7.6505 3.2336 22.9307
v -6.8849 3.0068 22.5157
v -6.1192 2.9471 22.9849
v -6.1192 3.1143 23.8693
v -7.5000 0.1672 24.8843
v -8.2657 0.2269 24.4151
v -8.2657 0.0597 23.5307
v -7.5000 -0.1672 23.1157
v -6.7343 -0.2269 23.5849
v -6.7343 -0.0597 24.4693
v -6.8849 3.1740 23.4000
v -7.5000 0.0000 24.0000
v 21.2836 0.0000 14.1356
v 21.4364 -0.9405 13.8710
v 21.8364 -1.5217 13.1782
v 22.3309 -1.5217 12.3218
v 22.7309 -0.9405 11.6290
v 22.8836 -0.0000 11.3644
v 22.7309 0.9405 11.6290
v 22.3309 1.5217 12.3218
v 21.8364 1.5217 13.1782
v 21.4364 0.9405 13.8710
v 25.6138 0.0000 16.6356
v 25.7666 -0.9405 16.3710
v 26.1666 -1.5217 15.6782
v 26.6610 -1.5217 14.8218
v 27.0610 -0.9405 14.1290
v 27.2138 -0.0000 13.8644
v 27.0610 0.9405 14.1290
v 26.6610 1.5217 14.8218
v 26.1666 1.5217 15.6782
v 25.7666 0.9405 16.3710
v 22.0836 0.0000 12.7500
v 26.4138 0.0000 15.2500
v 25.0138 0.0000 17.6749
v 25.2812 -1.6458 17.2118
v 25.9812 -2.6630 15.9993
v 26.8464 -2.6630 14.5007
v 27.5464 -1.6458 13.2882
v 27.8138 -0.0000 12.8251
v 27.5464 1.6458 13.2882
v 26.8464 2.6630 14.5007
v 25.9812 2.6630 15.9993
v 25.2812 1.6458 17.2118
v 26.7458 0.0000 18.6749
v 27.0132 -1.6458 18.2118
v 27.7132 -2.6630 16.9993
v 28.5784 -2.6630 15.5007
v 29.2784 -1.6458 14.2882
v 29.5458 -0.0000 13.8251
v 29.2784 1.6458 14.2882
v 28.5784 2.6630 15.5007
v 27.7132 2.6630 16.9993
v 27.0132 1.6458 18.2118
v 26.4138 0.0000 15.2500
v 28.1458 0.0000 16.2500
v 23.5589 9.7584 1.6000
v 23.9188 8.8896 1.2944
v 24.1413 8.3526 0.4944
v 24.1413 8.3526 -0.4944
v 23.9188 8.8896 -1.2944
v 23.5589 9.7584 -1.6000
v 23.1990 10.6273 -1.2944
v 22.9766 11.1643 -0.4944
v 22.9766 11.1643 0.4944
v 23.1990 10.6273 1.2944
v 28.1783 11.6718 1.6000
v 28.5382 10.8030 1.2944
v 28.7607 10.2660 0.4944
v 28.7607 10.2660 -0.4944
v 28.5382 10.8030 -1.2944
v 28.1783 11.6718 -1.6000
v 27.8184 12.5407 -1.2944
v 27.5960 13.0777 -0.4944
v 27.5960 13.0777 0.4944
v 27.8184 12.5407 1.2944
v 23.5589 9.7584 0.0000
v 28.1783 11.6718 0.0000
v 28.1783 11.6718 2.8000
v 28.8081 10.1513 2.2652
v 29.1974 9.2116 0.8652
v 29.1974 9.2116 -0.8652
v 28.8081 10.1513 -2.2652
v 28.1783 11.6718 -2.8000
v 27.5485 13.1924 -2.2652
v 27.1593 14.1321 -0.8652
v 27.1593 14.1321 0.8652
v 27.5485 13.1924 2.2652
v 30.0261 12.4372 2.8000
v 30.6559 10.9167 2.2652
v 31.0452 9.9770 0.8652
v 31.0452 9.9770 -0.8652
v 30.6559 10.9167 -2.2652
v 30.0261 12.4372 -2.8000
v 29.3963 13.9577 -2.2652
v 29.0070 14.8975 -0.8652
v 29.0070 14.8975 0.8652
v 29.3963 13.9577 2.2652
v 28.1783 11.6718 0.0000
v 30.0261 12.4372 0.0000
v 22.8836 0.0000 -11.3644
v 22.7309 -0.9405 -11.6290
v 22.3309 -1.5217 -12.3218
v 21.8364 -1.5217 -13.1782
v 21.4364 -0.9405 -13.8710
v 21.2836 -0.0000 -14.1356
v 21.4364 0.9405 -13.8710
v 21.8364 1.5217 -13.1782
v 22.3309 1.5217 -12.3218
v 22.7309 0.9405 -11.6290
v 27.2138 0.0000 -13.8644
v 27.0610 -0.9405 -14.1290
v 26.6610 -1.5217 -14.8218
v 26.1666 -1.5217 -15.6782
v 25.7666 -0.9405 -16.3710
v 25.6138 -0.0000 -16.6356
v 25.7666 0.9405 -16.3710
v 26.1666 1.5217 -15.6782
v 26.6610 1.5217 -14.8218
v 27.0610 0.9405 -14.1290
v 22.0836 0.0000 -12.7500
v 26.4138 0.0000 -15.2500
v 27.8138 0.0000 -12.8251
v 27.5464 -1.6458 -13.2882
v 26.8464 -2.6630 -14.5007
v 25.9812 -2.6630 -15.9993
v 25.2812 -1.6458 -17.2118
v 25.0138 -0.0000 -17.6749
v 25.2812 1.6458 -17.2118
v 25.9812 2.6630 -15.9993
v 26.8464 2.6630 -14.5007
v 27.5464 1.6458 -13.2882
v 29.5458 0.0000 -13.8251
v 29.2784 -1.6458 -14.2882
v 28.5784 -2.6630 -15.5007
v 27.7132 -2.6630 -16.9993
v 27.0132 -1.6458 -18.2118
v 26.7458 -0.0000 -18.6749
v 27.0132 1.6458 -18.2118
v 27.7132 2.6630 -16.9993
v 28.5784 2.6630 -15.5007
v 29.2784 1.6458 -14.2882
v 26.4138 0.0000 -15.2500
v 28.1458 0.0000 -16.2500
v 14.6036 15.6155 13.9894
v 15.2429 14.8720 14.1169
v 16.0246 14.4125 13.7223
v 16.6500 14.4125 12.9564
v 16.8803 14.8720 12.1116
v 16.6274 15.6155 11.5106
v 15.9881 16.3590 11.3831
v 15.2064 16.8185 11.7777
v 14.5810 16.8185 12.5436
v 14.3507 16.3590 13.3884
v 17.6654 18.6774 16.4894
v 18.3048 17.9339 16.6169
v 19.0865 17.4744 16.2223
v 19.7119 17.4744 15.4564
v 19.9421 17.9339 14.6116
v 19.6893 18.6774 14.0106
v 19.0499 19.4209 13.8831
v 18.2683 19.8804 14.2777
v 17.6429 19.8804 15.0436
v 17.4126 19.4209 15.8884
v 15.6155 15.6155 12.7500
v 18.6774 18.6774 15.2500
v 16.9065 18.6774 17.4189
v 18.0254 17.3762 17.6421
v 19.3933 16.5721 16.9516
v 20.4877 16.5721 15.6111
v 20.8907 17.3762 14.1328
v 20.4482 18.6774 13.0811
v 19.3294 19.9785 12.8579
v 17.9614 20.7826 13.5484
v 16.8670 20.7826 14.8889
v 16.4640 19.9785 16.3672
v 18.1312 19.9021 18.4189
v 19.2501 18.6010 18.6421
v 20.6180 17.7969 17.9516
v 21.7125 17.7969 16.6111
v 22.1154 18.6010 15.1328
v 21.6730 19.9021 14.0811
v 20.5541 21.2032 13.8579
v 19.1862 22.0074 14.5484
v 18.0917 22.0074 15.8889
v 17.6888 21.2032 17.3672
v 18.6774 18.6774 15.2500
v 19.9021 19.9021 16.2500
v 9.7584 23.5589 -1.6000
v 8.8896 23.9188 -1.2944
v 8.3526 24.1413 -0.4944
v 8.3526 24.1413 0.4944
v 8.8896 23.9188 1.2944
v 9.7584 23.5589 1.6000
v 10.6273 23.1990 1.2944
v 11.1643 22.9766 0.4944
v 11.1643 22.9766 -0.4944
v 10.6273 23.1990 -1.2944
v 11.6718 28.1783 -1.6000
v 10.8030 28.5382 -1.2944
v 10.2660 28.7607 -0.4944
v 10.2660 28.7607 0.4944
v 10.8030 28.5382 1.2944
v 11.6718 28.1783 1.6000
v 12.5407 27.8184 1.2944
v 13.0777 27.5960 0.4944
v 13.0777 27.5960 -0.4944
v 12.5407 27.8184 -1.2944
v 9.7584 23.5589 0.0000
v 11.6718 28.1783 0.0000
v 11.6718 28.1783 -2.8000
v 10.1513 28.8081 -2.2652
v 9.2116 29.1974 -0.8652
v 9.2116 29.1974 0.8652
v 10.1513 28.8081 2.2652
v 11.6718 28.1783 2.8000
v 13.1924 27.5485 2.2652
v 14.1321 27.1593 0.8652
v 14.1321 27.1593 -0.8652
v 13.1924 27.5485 -2.2652
v 12.4372 30.0261 -2.8000
v 10.9167 30.6559 -2.2652
v 9.9770 31.0452 -0.8652
v 9.9770 31.0452 0.8652
v 10.9167 30.6559 2.2652
v 12.4372 30.0261 2.8000
v 13.9577 29.3963 2.2652
v 14.8975 29.0070 0.8652
v 14.8975 29.0070 -0.8652
v 13.9577 29.3963 -2.2652
v 11.6718 28.1783 0.0000
v 12.4372 30.0261 0.0000
v 16.6274 15.6155 -11.5106
v 16.8803 14.8720 -12.1116
v 16.6500 14.4125 -12.9564
v 16.0246 14.4125 -13.7223
v 15.2429 14.8720 -14.1169
v 14.6036 15.6155 -13.9894
v 14.3507 16.3590 -13.3884
v 14.5810 16.8185 -12.5436
v 15.2064 16.8185 -11.7777
v 15.9881 16.3590 -11.3831
v 19.6893 18.6774 -14.0106
v 19.9421 17.9339 -14.6116
v 19.7119 17.4744 -15.4564
v 19.0865 17.4744 -16.2223
v 18.3048 17.9339 -16.6169
v 17.6654 18.6774 -16.4894
v 17.4126 19.4209 -15.8884
v 17.6429 19.8804 -15.0436
v 18.2683 19.8804 -14.2777
v 19.0499 19.4209 -13.8831
v 15.6155 15.6155 -12.7500
v 18.6774 18.6774 -15.2500
v 20.4482 18.6774 -13.0811
v 20.8907 17.3762 -14.1328
v 20.4877 16.5721 -15.6111
v 19.3933 16.5721 -16.9516
v 18.0254 17.3762 -17.6421
v 16.9065 18.6774 -17.4189
v 16.4640 19.9785 -16.3672
v 16.8670 20.7826 -14.8889
v 17.9614 20.7826 -13.5484
v 19.3294 19.9785 -12.8579
v 21.6730 19.9021 -14.0811
v 22.1154 18.6010 -15.1328
v 21.7125 17.7969 -16.6111
v 20.6180 17.7969 -17.9516
v 19.2501 18.6010 -18.6421
v 18.1312 19.9021 -18.4189
v 17.6888 21.2032 -17.3672
v 18.0917 22.0074 -15.8889
v 19.1862 22.0074 -14.5484
v 20.5541 21.2032 -13.8579
v 18.6774 18.6774 -15.2500
v 19.9021 19.9021 -16.2500
v -1.6000 22.0836 12.7500
v -1.2944 21.6134 13.5645
v -0.4944 21.3228 14.0678
v 0.4944 21.3228 14.0678
v 1.2944 21.6134 13.5645
v 1.6000 22.0836 12.7500
v 1.2944 22.5539 11.9355
v 0.4944 22.8445 11.4322
v -0.4944 22.8445 11.4322
v -1.2944 22.5539 11.9355
v -1.6000 26.4138 15.2500
v -1.2944 25.9435 16.0645
v -0.4944 25.6529 16.5678
v 0.4944 25.6529 16.5678
v 1.2944 25.9435 16.0645
v 1.6000 26.4138 15.2500
v 1.2944 26.8840 14.4355
v 0.4944 27.1746 13.9322
v -0.4944 27.1746 13.9322
v -1.2944 26.8840 14.4355
v 0.0000 22.0836 12.7500
v 0.0000 26.4138 15.2500
v -2.8000 26.4138 15.2500
v -2.2652 25.5909 16.6753
v -0.8652 25.0823 17.5562
v 0.8652 25.0823 17.5562
v 2.2652 25.5909 16.6753
v 2.8000 26.4138 15.2500
v 2.2652 27.2367 13.8247
v 0.8652 27.7453 12.9438
v -0.8652 27.7453 12.9438
v -2.2652 27.2367 13.8247
v -2.8000 28.1458 16.2500
v -2.2652 27.3229 17.6753
v -0.8652 26.8143 18.5562
v 0.8652 26.8143 18.5562
v 2.2652 27.3229 17.6753
v 2.8000 28.1458 16.2500
v 2.2652 28.9687 14.8247
v 0.8652 29.4773 13.9438
v -0.8652 29.4773 13.9438
v -2.2652 28.9687 14.8247
v 0.0000 26.4138 15.2500
v 0.0000 28.1458 16.2500
v -9.7584 23.5589 -1.6000
v -10.6273 23.1990 -1.2944
v -11.1643 22.9766 -0.4944
v -11.1643 22.9766 0.4944
v -10.6273 23.1990 1.2944
v -9.7584 23.5589 1.6000
v -8.8896 23.9188 1.2944
v -8.3526 24.1413 0.4944
v -8.3526 24.1413 -0.4944
v -8.8896 23.9188 -1.2944
v -11.6718 28.1783 -1.6000
v -12.5407 27.8184 -1.2944
v -13.0777 27.5960 -0.4944
v -13.0777 27.5960 0.4944
v -12.5407 27.8184 1.2944
v -11.6718 28.1783 1.6000
v -10.8030 28.5382 1.2944
v -10.2660 28.7607 0.4944
v -10.2660 28.7607 -0.4944
v -10.8030 28.5382 -1.2944
v -9.7584 23.5589 0.0000
v -11.6718 28.1783 0.0000
v -11.6718 28.1783 -2.8000
v -13.1924 27.5485 -2.2652
v -14.1321 27.1593 -0.8652
v -14.1321 27.1593 0.8652
v -13.1924 27.5485 2.2652
v -11.6718 28.1783 2.8000
v -10.1513 28.8081 2.2652
v -9.2116 29.1974 0.8652
v -9.2116 29.1974 -0.8652
v -10.1513 28.8081 -2.2652
v -12.4372 30.0261 -2.8000
v -13.9577 29.3963 -2.2652
v -14.8975 29.0070 -0.8652
v -14.8975 29.0070 0.8652
v -13.9577 29.3963 2.2652
v -12.4372 30.0261 2.8000
v -10.9167 30.6559 2.2652
v -9.9770 31.0452 0.8652
v -9.9770 31.0452 -0.8652
v -10.9167 30.6559 -2.2652
v -11.6718 28.1783 0.0000
v -12.4372 30.0261 0.0000
v 1.6000 22.0836 -12.7500
v 1.2944 21.6134 -13.5645
v 0.4944 21.3228 -14.0678
v -0.4944 21.3228 -14.0678
v -1.2944 21.6134 -13.5645
v -1.6000 22.0836 -12.7500
v -1.2944 22.5539 -11.9355
v -0.4944 22.8445 -11.4322
v 0.4944 22.8445 -11.4322
v 1.2944 22.5539 -11.9355
v 1.6000 26.4138 -15.2500
v 1.2944 25.9435 -16.0645
v 0.4944 25.6529 -16.5678
v -0.4944 25.6529 -16.5678
v -1.2944 25.9435 -16.0645
v -1.6000 26.4138 -15.2500
v -1.2944 26.8840 -14.4355
v -0.4944 27.1746 -13.9322
v 0.4944 27.1746 -13.9322
v 1.2944 26.8840 -14.4355
v 0.0000 22.0836 -12.7500
v 0.0000 26.4138 -15.2500
v 2.8000 26.4138 -15.2500
v 2.2652 25.5909 -16.6753
v 0.8652 25.0823 -17.5562
v -0.8652 25.0823 -17.5562
v -2.2652 25.5909 -16.6753
v -2.8000 26.4138 -15.2500
v -2.2652 27.2367 -13.8247
v -0.8652 27.7453 -12.9438
v 0.8652 27.7453 -12.9438
v 2.2652 27.2367 -13.8247
v 2.8000 28.1458 -16.2500
v 2.2652 27.3229 -17.6753
v 0.8652 26.8143 -18.5562
v -0.8652 26.8143 -18.5562
v -2.2652 27.3229 -17.6753
v -2.8000 28.1458 -16.2500
v -2.2652 28.9687 -14.8247
v -0.8652 29.4773 -13.9438
v 0.8652 29.4773 -13.9438
v 2.2652 28.9687 -14.8247
v 0.0000 26.4138 -15.2500
v 0.0000 28.1458 -16.2500
v -16.6274 15.6155 11.5106
v -16.8803 14.8720 12.1116
v -16.6500 14.4125 12.9564
v -16.0246 14.4125 13.7223
v -15.2429 14.8720 14.1169
v -14.6036 15.6155 13.9894
v -14.3507 16.3590 13.3884
v -14.5810 16.8185 12.5436
v -15.2064 16.8185 11.7777
v -15.9881 16.3590 11.3831
v -19.6893 18.6774 14.0106
v -19.9421 17.9339 14.6116
v -19.7119 17.4744 15.4564
v -19.0865 17.4744 16.2223
v -18.3048 17.9339 16.6169
v -17.6654 18.6774 16.4894
v -17.4126 19.4209 15.8884
v -17.6429 19.8804 15.0436
v -18.2683 19.8804 14.2777
v -19.0499 19.4209 13.8831
v -15.6155 15.6155 12.7500
v -18.6774 18.6774 15.2500
v -20.4482 18.6774 13.0811
v -20.8907 17.3762 14.1328
v -20.4877 16.5721 15.6111
v -19.3933 16.5721 16.9516
v -18.0254 17.3762 17.6421
v -16.9065 18.6774 17.4189
v -16.4640 19.9785 16.3672
v -16.8670 20.7826 14.8889
v -17.9614 20.7826 13.5484
v -19.3294 19.9785 12.8579
v -21.6730 19.9021 14.0811
v -22.1154 18.6010 15.1328
v -21.7125 17.7969 16.6111
v -20.6180 17.7969 17.9516
v -19.2501 18.6010 18.6421
v -18.1312 19.9021 18.4189
v -17.6888 21.2032 17.3672
v -18.0917 22.0074 15.8889
v -19.1862 22.0074 14.5484
v -20.5541 21.2032 13.8579
v -18.6774 18.6774 15.2500
v -19.9021 19.9021 16.2500
v -23.5589 9.7584 -1.6000
v -23.9188 8.8896 -1.2944
v -24.1413 8.3526 -0.4944
v -24.1413 8.3526 0.4944
v -23.9188 8.8896 1.2944
v -23.5589 9.7584 1.6000
v -23.1990 10.6273 1.2944
v -22.9766 11.1643 0.4944
v -22.9766 11.1643 -0.4944
v -23.1990 10.6273 -1.2944
v -28.1783 11.6718 -1.6000
v -28.5382 10.8030 -1.2944
v -28.7607 10.2660 -0.4944
v -28.7607 10.2660 0.4944
v -28.5382 10.8030 1.2944
v -28.1783 11.6718 1.6000
v -27.8184 12.5407 1.2944
v -27.5960 13.0777 0.4944
v -27.5960 13.0777 -0.4944
v -27.8184 12.5407 -1.2944
v -23.5589 9.7584 0.0000
v -28.1783 11.6718 0.0000
v -28.1783 11.6718 -2.8000
v -28.8081 10.1513 -2.2652
v -29.1974 9.2116 -0.8652
v -29.1974 9.2116 0.8652
v -28.8081 10.1513 2.2652
v -28.1783 11.6718 2.8000
v -27.5485 13.1924 2.2652
v -27.1593 14.1321 0.8652
v -27.1593 14.1321 -0.8652
v -27.5485 13.1924 -2.2652
v -30.0261 12.4372 -2.8000
v -30.6559 10.9167 -2.2652
v -31.0452 9.9770 -0.8652
v -31.0452 9.9770 0.8652
v -30.6559 10.9167 2.2652
v -30.0261 12.4372 2.8000
v -29.3963 13.9577 2.2652
v -29.0070 14.8975 0.8652
v -29.0070 14.8975 -0.8652
v -29.3963 13.9577 -2.2652
v -28.1783 11.6718 0.0000
v -30.0261 12.4372 0.0000
v -14.6036 15.6155 -13.9894
v -15.2429 14.8720 -14.1169
v -16.0246 14.4125 -13.7223
v -16.6500 14.4125 -12.9564
v -16.8803 14.8720 -12.1116
v -16.6274 15.6155 -11.5106
v -15.9881 16.3590 -11.3831
v -15.2064 16.8185 -11.7777
v -14.5810 16.8185 -12.5436
v -14.3507 16.3590 -13.3884
v -17.6654 18.6774 -16.4894
v -18.3048 17.9339 -16.6169
v -19.0865 17.4744 -16.2223
v -19.7119 17.4744 -15.4564
v -19.9421 17.9339 -14.6116
v -19.6893 18.6774 -14.0106
v -19.0499 19.4209 -13.8831
v -18.2683 19.8804 -14.2777
v -17.6429 19.8804 -15.0436
v -17.4126 19.4209 -15.8884
v -15.6155 15.6155 -12.7500
v -18.6774 18.6774 -15.2500
v -16.9065 18.6774 -17.4189
v -18.0254 17.3762 -17.6421
v -19.3933 16.5721 -16.9516
v -20.4877 16.5721 -15.6111
v -20.8907 17.3762 -14.1328
v -20.4482 18.6774 -13.0811
v -19.3294 19.9785 -12.8579
v -17.9614 20.7826 -13.5484
v -16.8670 20.7826 -14.8889
v -16.4640 19.9785 -16.3672
v -18.1312 19.9021 -18.4189
v -19.2501 18.6010 -18.6421
v -20.6180 17.7969 -17.9516
v -21.7125 17.7969 -16.6111
v -22.1154 18.6010 -15.1328
v -21.6730 19.9021 -14.0811
v -20.5541 21.2032 -13.8579
v -19.1862 22.0074 -14.5484
v -18.0917 22.0074 -15.8889
v -17.6888 21.2032 -17.3672
v -18.6774 18.6774 -15.2500
v -19.9021 19.9021 -16.2500
v -22.8836 0.0000 11.3644
v -22.7309 -0.9405 11.6290
v -22.3309 -1.5217 12.3218
v -21.8364 -1.5217 13.1782
v -21.4364 -0.9405 13.8710
v -21.2836 0.0000 14.1356
v -21.4364 0.9405 13.8710
v -21.8364 1.5217 13.1782
v -22.3309 1.5217 12.3218
v -22.7309 0.9405 11.6290
v -27.2138 0.0000 13.8644
v -27.0610 -0.9405 14.1290
v -26.6610 -1.5217 14.8218
v -26.1666 -1.5217 15.6782
v -25.7666 -0.9405 16.3710
v -25.6138 0.0000 16.6356
v -25.7666 0.9405 16.3710
v -26.1666 1.5217 15.6782
v -26.6610 1.5217 14.8218
v -27.0610 0.9405 14.1290
v -22.0836 0.0000 12.7500
v -26.4138 0.0000 15.2500
v -27.8138 0.0000 12.8251
v -27.5464 -1.6458 13.2882
v -26.8464 -2.6630 14.5007
v -25.9812 -2.6630 15.9993
v -25.2812 -1.6458 17.2118
v -25.0138 0.0000 17.6749
v -25.2812 1.6458 17.2118
v -25.9812 2.6630 15.9993
v -26.8464 2.6630 14.5007
v -27.5464 1.6458 13.2882
v -29.5458 0.0000 13.8251
v -29.2784 -1.6458 14.2882
v -28.5784 -2.6630 15.5007
v -27.7132 -2.6630 16.9993
v -27.0132 -1.6458 18.2118
v -26.7458 0.0000 18.6749
v -27.0132 1.6458 18.2118
v -27.7132 2.6630 16.9993
v -28.5784 2.6630 15.5007
v -29.2784 1.6458 14.2882
v -26.4138 0.0000 15.2500
v -28.1458 0.0000 16.2500
v -23.5589 -9.7584 -1.6000
v -23.1990 -10.6273 -1.2944
v -22.9766 -11.1643 -0.4944
v -22.9766 -11.1643 0.4944
v -23.1990 -10.6273 1.2944
v -23.5589 -9.7584 1.6000
v -23.9188 -8.8896 1.2944
v -24.1413 -8.3526 0.4944
v -24.1413 -8.3526 -0.4944
v -23.9188 -8.8896 -1.2944
v -28.1783 -11.6718 -1.6000
v -27.8184 -12.5407 -1.2944
v -27.5960 -13.0777 -0.4944
v -27.5960 -13.0777 0.4944
v -27.8184 -12.5407 1.2944
v -28.1783 -11.6718 1.6000
v -28.5382 -10.8030 1.2944
v -28.7607 -10.2660 0.4944
v -28.7607 -10.2660 -0.4944
v -28.5382 -10.8030 -1.2944
v -23.5589 -9.7584 0.0000
v -28.1783 -11.6718 0.0000
v -28.1783 -11.6718 -2.8000
v -27.5485 -13.1924 -2.2652
v -27.1593 -14.1321 -0.8652
v -27.1593 -14.1321 0.8652
v -27.5485 -13.1924 2.2652
v -28.1783 -11.6718 2.8000
v -28.8081 -10.1513 2.2652
v -29.1974 -9.2116 0.8652
v -29.1974 -9.2116 -0.8652
v -28.8081 -10.1513 -2.2652
v -30.0261 -12.4372 -2.8000
v -29.3963 -13.9577 -2.2652
v -29.0070 -14.8975 -0.8652
v -29.0070 -14.8975 0.8652
v -29.3963 -13.9577 2.2652
v -30.0261 -12.4372 2.8000
v -30.6559 -10.9167 2.2652
v -31.0452 -9.9770 0.8652
v -31.0452 -9.9770 -0.8652
v -30.6559 -10.9167 -2.2652
v -28.1783 -11.6718 0.0000
v -30.0261 -12.4372 0.0000
v -21.2836 0.0000 -14.1356
v -21.4364 -0.9405 -13.8710
v -21.8364 -1.5217 -13.1782
v -22.3309 -1.5217 -12.3218
v -22.7309 -0.9405 -11.6290
v -22.8836 0.0000 -11.3644
v -22.7309 0.9405 -11.6290
v -22.3309 1.5217 -12.3218
v -21.8364 1.5217 -13.1782
v -21.4364 0.9405 -13.8710
v -25.6138 0.0000 -16.6356
v -25.7666 -0.9405 -16.3710
v -26.1666 -1.5217 -15.6782
v -26.6610 -1.5217 -14.8218
v -27.0610 -0.9405 -14.1290
v -27.2138 0.0000 -13.8644
v -27.0610 0.9405 -14.1290
v -26.6610 1.5217 -14.8218
v -26.1666 1.5217 -15.6782
v -25.7666 0.9405 -16.3710
v -22.0836 0.0000 -12.7500
v -26.4138 0.0000 -15.2500
v -25.0138 0.0000 -17.6749
v -25.2812 -1.6458 -17.2118
v -25.9812 -2.6630 -15.9993
v -26.8464 -2.6630 -14.5007
v -27.5464 -1.6458 -13.2882
v -27.8138 0.0000 -12.8251
v -27.5464 1.6458 -13.2882
v -26.8464 2.6630 -14.5007
v -25.9812 2.6630 -15.9993
v -25.2812 1.6458 -17.2118
v -26.7458 0.0000 -18.6749
v -27.0132 -1.6458 -18.2118
v -27.7132 -2.6630 -16.9993
v -28.5784 -2.6630 -15.5007
v -29.2784 -1.6458 -14.2882
v -29.5458 0.0000 -13.8251
v -29.2784 1.6458 -14.2882
v -28.5784 2.6630 -15.5007
v -27.7132 2.6630 -16.9993
v -27.0132 1.6458 -18.2118
v -26.4138 0.0000 -15.2500
v -28.1458 0.0000 -16.2500
v -16.6274 -15.6155 11.5106
v -15.9881 -16.3590 11.3831
v -15.2064 -16.8185 11.7777
v -14.5810 -16.8185 12.5436
v -14.3507 -16.3590 13.3884
v -14.6036 -15.6155 13.9894
v -15.2429 -14.8720 14.1169
v -16.0246 -14.4125 13.7223
v -16.6500 -14.4125 12.9564
v -16.8803 -14.8720 12.1116
v -19.6893 -18.6774 14.0106
v -19.0499 -19.4209 13.8831
v -18.2683 -19.8804 14.2777
v -17.6429 -19.8804 15.0436
v -17.4126 -19.4209 15.8884
v -17.6654 -18.6774 16.4894
v -18.3048 -17.9339 16.6169
v -19.0865 -17.4744 16.2223
v -19.7119 -17.4744 15.4564
v -19.9421 -17.9339 14.6116
v -15.6155 -15.6155 12.7500
v -18.6774 -18.6774 15.2500
v -20.4482 -18.6774 13.0811
v -19.3294 -19.9785 12.8579
v -17.9614 -20.7826 13.5484
v -16.8670 -20.7826 14.8889
v -16.4640 -19.9785 16.3672
v -16.9065 -18.6774 17.4189
v -18.0254 -17.3762 17.6421
v -19.3933 -16.5721 16.9516
v -20.4877 -16.5721 15.6111
v -20.8907 -17.3762 14.1328
v -21.6730 -19.9021 14.0811
v -20.5541 -21.2032 13.8579
v -19.1862 -22.0074 14.5484
v -18.0917 -22.0074 15.8889
v -17.6888 -21.2032 17.3672
v -18.1312 -19.9021 18.4189
v -19.2501 -18.6010 18.6421
v -20.6180 -17.7969 17.9516
v -21.7125 -17.7969 16.6111
v -22.1154 -18.6010 15.1328
v -18.6774 -18.6774 15.2500
v -19.9021 -19.9021 16.2500
v -9.7584 -23.5589 1.6000
v -10.6273 -23.1990 1.2944
v -11.1643 -22.9766 0.4944
v -11.1643 -22.9766 -0.4944
v -10.6273 -23.1990 -1.2944
v -9.7584 -23.5589 -1.6000
v -8.8896 -23.9188 -1.2944
v -8.3526 -24.1413 -0.4944
v -8.3526 -24.1413 0.4944
v -8.8896 -23.9188 1.2944
v -11.6718 -28.1783 1.6000
v -12.5407 -27.8184 1.2944
v -13.0777 -27.5960 0.4944
v -13.0777 -27.5960 -0.4944
v -12.5407 -27.8184 -1.2944
v -11.6718 -28.1783 -1.6000
v -10.8030 -28.5382 -1.2944
v -10.2660 -28.7607 -0.4944
v -10.2660 -28.7607 0.4944
v -10.8030 -28.5382 1.2944
v -9.7584 -23.5589 0.0000
v -11.6718 -28.1783 0.0000
v -11.6718 -28.1783 2.8000
v -13.1924 -27.5485 2.2652
v -14.1321 -27.1593 0.8652
v -14.1321 -27.1593 -0.8652
v -13.1924 -27.5485 -2.2652
v -11.6718 -28.1783 -2.8000
v -10.1513 -28.8081 -2.2652
v -9.2116 -29.1974 -0.8652
v -9.2116 -29.1974 0.8652
v -10.1513 -28.8081 2.2652
v -12.4372 -30.0261 2.8000
v -13.9577 -29.3963 2.2652
v -14.8975 -29.0070 0.8652
v -14.8975 -29.0070 -0.8652
v -13.9577 -29.3963 -2.2652
v -12.4372 -30.0261 -2.8000
v -10.9167 -30.6559 -2.2652
v -9.9770 -31.0452 -0.8652
v -9.9770 -31.0452 0.8652
v -10.9167 -30.6559 2.2652
v -11.6718 -28.1783 0.0000
v -12.4372 -30.0261 0.0000
v -14.6036 -15.6155 -13.9894
v -14.3507 -16.3590 -13.3884
v -14.5810 -16.8185 -12.5436
v -15.2064 -16.8185 -11.7777
v -15.9881 -16.3590 -11.3831
v -16.6274 -15.6155 -11.5106
v -16.8803 -14.8720 -12.1116
v -16.6500 -14.4125 -12.9564
v -16.0246 -14.4125 -13.7223
v -15.2429 -14.8720 -14.1169
v -17.6654 -18.6774 -16.4894
v -17.4126 -19.4209 -15.8884
v -17.6429 -19.8804 -15.0436
v -18.2683 -19.8804 -14.2777
v -19.0499 -19.4209 -13.8831
v -19.6893 -18.6774 -14.0106
v -19.9421 -17.9339 -14.6116
v -19.7119 -17.4744 -15.4564
v -19.0865 -17.4744 -16.2223
v -18.3048 -17.9339 -16.6169
v -15.6155 -15.6155 -12.7500
v -18.6774 -18.6774 -15.2500
v -16.9065 -18.6774 -17.4189
v -16.4640 -19.9785 -16.3672
v -16.8670 -20.7826 -14.8889
v -17.9614 -20.7826 -13.5484
v -19.3294 -19.9785 -12.8579
v -20.4482 -18.6774 -13.0811
v -20.8907 -17.3762 -14.1328
v -20.4877 -16.5721 -15.6111
v -19.3933 -16.5721 -16.9516
v -18.0254 -17.3762 -17.6421
v -18.1312 -19.9021 -18.4189
v -17.6888 -21.2032 -17.3672
v -18.0917 -22.0074 -15.8889
v -19.1862 -22.0074 -14.5484
v -20.5541 -21.2032 -13.8579
v -21.6730 -19.9021 -14.0811
v -22.1154 -18.6010 -15.1328
v -21.7125 -17.7969 -16.6111
v -20.6180 -17.7969 -17.9516
v -19.2501 -18.6010 -18.6421
v -18.6774 -18.6774 -15.2500
v -19.9021 -19.9021 -16.2500
v -1.6000 -22.0836 12.7500
v -1.2944 -22.5539 11.9355
v -0.4944 -22.8445 11.4322
v 0.4944 -22.8445 11.4322
v 1.2944 -22.5539 11.9355
v 1.6000 -22.0836 12.7500
v 1.2944 -21.6134 13.5645
v 0.4944 -21.3228 14.0678
v -0.4944 -21.3228 14.0678
v -1.2944 -21.6134 13.5645
v -1.6000 -26.4138 15.2500
v -1.2944 -26.8840 14.4355
v -0.4944 -27.1746 13.9322
v 0.4944 -27.1746 13.9322
v 1.2944 -26.8840 14.4355
v 1.6000 -26.4138 15.2500
v 1.2944 -25.9435 16.0645
v 0.4944 -25.6529 16.5678
v -0.4944 -25.6529 16.5678
v -1.2944 -25.9435 16.0645
v -0.0000 -22.0836 12.7500
v -0.0000 -26.4138 15.2500
v -2.8000 -26.4138 15.2500
v -2.2652 -27.2367 13.8247
v -0.8652 -27.7453 12.9438
v 0.8652 -27.7453 12.9438
v 2.2652 -27.2367 13.8247
v 2.8000 -26.4138 15.2500
v 2.2652 -25.5909 16.6753
v 0.8652 -25.0823 17.5562
v -0.8652 -25.0823 17.5562
v -2.2652 -25.5909 16.6753
v -2.8000 -28.1458 16.2500
v -2.2652 -28.9687 14.8247
v -0.8652 -29.4773 13.9438
v 0.8652 -29.4773 13.9438
v 2.2652 -28.9687 14.8247
v 2.8000 -28.1458 16.2500
v 2.2652 -27.3229 17.6753
v 0.8652 -26.8143 18.5562
v -0.8652 -26.8143 18.5562
v -2.2652 -27.3229 17.6753
v -0.0000 -26.4138 15.2500
v -0.0000 -28.1458 16.2500
v 9.7584 -23.5589 1.6000
v 8.8896 -23.9188 1.2944
v 8.3526 -24.1413 0.4944
v 8.3526 -24.1413 -0.4944
v 8.8896 -23.9188 -1.2944
v 9.7584 -23.5589 -1.6000
v 10.6273 -23.1990 -1.2944
v 11.1643 -22.9766 -0.4944
v 11.1643 -22.9766 0.4944
v 10.6273 -23.1990 1.2944
v 11.6718 -28.1783 1.6000
v 10.8030 -28.5382 1.2944
v 10.2660 -28.7607 0.4944
v 10.2660 -28.7607 -0.4944
v 10.8030 -28.5382 -1.2944
v 11.6718 -28.1783 -1.6000
v 12.5407 -27.8184 -1.2944
v 13.0777 -27.5960 -0.4944
v 13.0777 -27.5960 0.4944
v 12.5407 -27.8184 1.2944
v 9.7584 -23.5589 0.0000
v 11.6718 -28.1783 0.0000
v 11.6718 -28.1783 2.8000
v 10.1513 -28.8081 2.2652
v 9.2116 -29.1974 0.8652
v 9.2116 -29.1974 -0.8652
v 10.1513 -28.8081 -2.2652
v 11.6718 -28.1783 -2.8000
v 13.1924 -27.5485 -2.2652
v 14.1321 -27.1593 -0.8652
v 14.1321 -27.1593 0.8652
v 13.1924 -27.5485 2.2652
v 12.4372 -30.0261 2.8000
v 10.9167 -30.6559 2.2652
v 9.9770 -31.0452 0.8652
v 9.9770 -31.0452 -0.8652
v 10.9167 -30.6559 -2.2652
v 12.4372 -30.0261 -2.8000
v 13.9577 -29.3963 -2.2652
v 14.8975 -29.0070 -0.8652
v 14.8975 -29.0070 0.8652
v 13.9577 -29.3963 2.2652
v 11.6718 -28.1783 0.0000
v 12.4372 -30.0261 0.0000
v 1.6000 -22.0836 -12.7500
v 1.2944 -22.5539 -11.9355
v 0.4944 -22.8445 -11.4322
v -0.4944 -22.8445 -11.4322
v -1.2944 -22.5539 -11.9355
v -1.6000 -22.0836 -12.7500
v -1.2944 -21.6134 -13.5645
v -0.4944 -21.3228 -14.0678
v 0.4944 -21.3228 -14.0678
v 1.2944 -21.6134 -13.5645
v 1.6000 -26.4138 -15.2500
v 1.2944 -26.8840 -14.4355
v 0.4944 -27.1746 -13.9322
v -0.4944 -27.1746 -13.9322
v -1.2944 -26.8840 -14.4355
v -1.6000 -26.4138 -15.2500
v -1.2944 -25.9435 -16.0645
v -0.4944 -25.6529 -16.5678
v 0.4944 -25.6529 -16.5678
v 1.2944 -25.9435 -16.0645
v -0.0000 -22.0836 -12.7500
v -0.0000 -26.4138 -15.2500
v 2.8000 -26.4138 -15.2500
v 2.2652 -27.2367 -13.8247
v 0.8652 -27.7453 -12.9438
v -0.8652 -27.7453 -12.9438
v -2.2652 -27.2367 -13.8247
v -2.8000 -26.4138 -15.2500
v -2.2652 -25.5909 -16.6753
v -0.8652 -25.0823 -17.5562
v 0.8652 -25.0823 -17.5562
v 2.2652 -25.5909 -16.6753
v 2.8000 -28.1458 -16.2500
v 2.2652 -28.9687 -14.8247
v 0.8652 -29.4773 -13.9438
v -0.8652 -29.4773 -13.9438
v -2.2652 -28.9687 -14.8247
v -2.8000 -28.1458 -16.2500
v -2.2652 -27.3229 -17.6753
v -0.8652 -26.8143 -18.5562
v 0.8652 -26.8143 -18.5562
v 2.2652 -27.3229 -17.6753
v -0.0000 -26.4138 -15.2500
v -0.0000 -28.1458 -16.2500
v 14.6036 -15.6155 13.9894
v 14.3507 -16.3590 13.3884
v 14.5810 -16.8185 12.5436
v 15.2064 -16.8185 11.7777
v 15.9881 -16.3590 11.3831
v 16.6274 -15.6155 11.5106
v 16.8803 -14.8720 12.1116
v 16.6500 -14.4125 12.9564
v 16.0246 -14.4125 13.7223
v 15.2429 -14.8720 14.1169
v 17.6654 -18.6774 16.4894
v 17.4126 -19.4209 15.8884
v 17.6429 -19.8804 15.0436
v 18.2683 -19.8804 14.2777
v 19.0499 -19.4209 13.8831
v 19.6893 -18.6774 14.0106
v 19.9421 -17.9339 14.6116
v 19.7119 -17.4744 15.4564
v 19.0865 -17.4744 16.2223
v 18.3048 -17.9339 16.6169
v 15.6155 -15.6155 12.7500
v 18.6774 -18.6774 15.2500
v 16.9065 -18.6774 17.4189
v 16.4640 -19.9785 16.3672
v 16.8670 -20.7826 14.8889
v 17.9614 -20.7826 13.5484
v 19.3294 -19.9785 12.8579
v 20.4482 -18.6774 13.0811
v 20.8907 -17.3762 14.1328
v 20.4877 -16.5721 15.6111
v 19.3933 -16.5721 16.9516
v 18.0254 -17.3762 17.6421
v 18.1312 -19.9021 18.4189
v 17.6888 -21.2032 17.3672
v 18.0917 -22.0074 15.8889
v 19.1862 -22.0074 14.5484
v 20.5541 -21.2032 13.8579
v 21.6730 -19.9021 14.0811
v 22.1154 -18.6010 15.1328
v 21.7125 -17.7969 16.6111
v 20.6180 -17.7969 17.9516
v 19.2501 -18.6010 18.6421
v 18.6774 -18.6774 15.2500
v 19.9021 -19.9021 16.2500
v 23.5589 -9.7584 1.6000
v 23.1990 -10.6273 1.2944
v 22.9766 -11.1643 0.4944
v 22.9766 -11.1643 -0.4944
v 23.1990 -10.6273 -1.2944
v 23.5589 -9.7584 -1.6000
v 23.9188 -8.8896 -1.2944
v 24.1413 -8.3526 -0.4944
v 24.1413 -8.3526 0.4944
v 23.9188 -8.8896 1.2944
v 28.1783 -11.6718 1.6000
v 27.8184 -12.5407 1.2944
v 27.5960 -13.0777 0.4944
v 27.5960 -13.0777 -0.4944
v 27.8184 -12.5407 -1.2944
v 28.1783 -11.6718 -1.6000
v 28.5382 -10.8030 -1.2944
v 28.7607 -10.2660 -0.4944
v 28.7607 -10.2660 0.4944
v 28.5382 -10.8030 1.2944
v 23.5589 -9.7584 0.0000
v 28.1783 -11.6718 0.0000
v 28.1783 -11.6718 2.8000
v 27.5485 -13.1924 2.2652
v 27.1593 -14.1321 0.8652
v 27.1593 -14.1321 -0.8652
v 27.5485 -13.1924 -2.2652
v 28.1783 -11.6718 -2.8000
v 28.8081 -10.1513 -2.2652
v 29.1974 -9.2116 -0.8652
v 29.1974 -9.2116 0.8652
v 28.8081 -10.1513 2.2652
v 30.0261 -12.4372 2.8000
v 29.3963 -13.9577 2.2652
v 29.0070 -14.8975 0.8652
v 29.0070 -14.8975 -0.8652
v 29.3963 -13.9577 -2.2652
v 30.0261 -12.4372 -2.8000
v 30.6559 -10.9167 -2.2652
v 31.0452 -9.9770 -0.8652
v 31.0452 -9.9770 0.8652
v 30.6559 -10.9167 2.2652
v 28.1783 -11.6718 0.0000
v 30.0261 -12.4372 0.0000
v 16.6274 -15.6155 -11.5106
v 15.9881 -16.3590 -11.3831
v 15.2064 -16.8185 -11.7777
v 14.5810 -16.8185 -12.5436
v 14.3507 -16.3590 -13.3884
v 14.6036 -15.6155 -13.9894
v 15.2429 -14.8720 -14.1169
v 16.0246 -14.4125 -13.7223
v 16.6500 -14.4125 -12.9564
v 16.8803 -14.8720 -12.1116
v 19.6893 -18.6774 -14.0106
v 19.0499 -19.4209 -13.8831
v 18.2683 -19.8804 -14.2777
v 17.6429 -19.8804 -15.0436
v 17.4126 -19.4209 -15.8884
v 17.6654 -18.6774 -16.4894
v 18.3048 -17.9339 -16.6169
v 19.0865 -17.4744 -16.2223
v 19.7119 -17.4744 -15.4564
v 19.9421 -17.9339 -14.6116
v 15.6155 -15.6155 -12.7500
v 18.6774 -18.6774 -15.2500
v 20.4482 -18.6774 -13.0811
v 19.3294 -19.9785 -12.8579
v 17.9614 -20.7826 -13.5484
v 16.8670 -20.7826 -14.8889
v 16.4640 -19.9785 -16.3672
v 16.9065 -18.6774 -17.4189
v 18.0254 -17.3762 -17.6421
v 19.3933 -16.5721 -16.9516
v 20.4877 -16.5721 -15.6111
v 20.8907 -17.3762 -14.1328
v 21.6730 -19.9021 -14.0811
v 20.5541 -21.2032 -13.8579
v 19.1862 -22.0074 -14.5484
v 18.0917 -22.0074 -15.8889
v 17.6888 -21.2032 -17.3672
v 18.1312 -19.9021 -18.4189
v 19.2501 -18.6010 -18.6421
v 20.6180 -17.7969 -17.9516
v 21.7125 -17.7969 -16.6111
v 22.1154 -18.6010 -15.1328
v 18.6774 -18.6774 -15.2500
v 19.9021 -19.9021 -16.2500
v 22.7299 1.8714 15.0396
v 24.1727 1.9789 15.7228
v 24.3247 -1.9789 12.2772
v 25.7676 -1.8714 12.9604
v 24.4502 5.6132 10.8174
v 25.8931 5.7207 11.5006
v 26.0451 1.7629 8.0550
v 27.4879 1.8704 8.7382
v 24.4170 5.5056 10.9482
v 25.9263 5.8283 11.3698
v 26.0119 1.6553 8.1858
v 27.5212 1.9780 8.6074
v 24.9827 9.2474 6.0593
v 26.4920 9.5701 6.4809
v 26.5776 5.3970 3.2969
v 28.0869 5.7197 3.7185
v 24.9845 9.1473 6.1999
v 26.4901 9.6702 6.3403
v 26.5794 5.2970 3.4375
v 28.0850 5.8198 3.5779
v 24.3184 12.3789 1.3110
v 25.8240 12.9018 1.4514
v 25.9133 8.5285 -1.4514
v 27.4189 9.0514 -1.3110
v 24.3247 1.9789 12.2772
v 25.7676 1.8714 12.9604
v 22.7299 -1.8714 15.0396
v 24.1727 -1.9789 15.7228
v 26.0451 -1.7629 8.0550
v 27.4879 -1.8704 8.7382
v 24.4502 -5.6132 10.8174
v 25.8931 -5.7207 11.5006
v 26.0119 -1.6553 8.1858
v 27.5212 -1.9780 8.6074
v 24.4170 -5.5056 10.9482
v 25.9263 -5.8283 11.3698
v 26.5776 -5.3970 3.2969
v 28.0869 -5.7197 3.7185
v 24.9827 -9.2474 6.0593
v 26.4920 -9.5701 6.4809
v 26.5794 -5.2970 3.4375
v 28.0850 -5.8198 3.5779
v 24.9845 -9.1473 6.1999
v 26.4901 -9.6702 6.3403
v 25.9133 -8.5285 -1.4514
v 27.4189 -9.0514 -1.3110
v 24.3184 -12.3789 1.3110
v 25.8240 -12.9018 1.4514
v 14.7491 17.3957 15.0396
v 15.6933 18.4920 15.7228
v 18.5995 15.8009 12.2772
v 19.5437 16.8971 12.9604
v 13.3198 21.2581 10.8174
v 14.2640 22.3543 11.5006
v 17.1702 19.6632 8.0550
v 18.1144 20.7595 8.7382
v 13.3723 21.1585 10.9482
v 14.2114 22.4539 11.3698
v 17.2227 19.5636 8.1858
v 18.0618 20.8591 8.6074
v 11.1265 24.2043 6.0593
v 11.9656 25.4998 6.4809
v 14.9769 22.6095 3.2969
v 15.8160 23.9049 3.7185
v 11.1986 24.1349 6.1999
v 11.8935 25.5692 6.3403
v 15.0490 22.5400 3.4375
v 15.7439 23.9744 3.5779
v 8.4425 25.9489 1.3110
v 9.1374 27.3832 1.4514
v 12.2929 24.3540 -1.4514
v 12.9878 25.7884 -1.3110
v 15.8009 18.5995 12.2772
v 16.8971 19.5437 12.9604
v 17.3957 14.7491 15.0396
v 18.4920 15.6933 15.7228
v 19.6632 17.1702 8.0550
v 20.7595 18.1144 8.7382
v 21.2581 13.3198 10.8174
v 22.3543 14.2640 11.5006
v 19.5636 17.2227 8.1858
v 20.8591 18.0618 8.6074
v 21.1585 13.3723 10.9482
v 22.4539 14.2114 11.3698
v 22.6095 14.9769 3.2969
v 23.9049 15.8160 3.7185
v 24.2043 11.1265 6.0593
v 25.4998 11.9656 6.4809
v 22.5400 15.0490 3.4375
v 23.9744 15.7439 3.5779
v 24.1349 11.1986 6.1999
v 25.5692 11.8935 6.3403
v 24.3540 12.2929 -1.4514
v 25.7884 12.9878 -1.3110
v 25.9489 8.4425 1.3110
v 27.3832 9.1374 1.4514
v -1.8714 22.7299 15.0396
v -1.9789 24.1727 15.7228
v 1.9789 24.3247 12.2772
v 1.8714 25.7676 12.9604
v -5.6132 24.4502 10.8174
v -5.7207 25.8931 11.5006
v -1.7629 26.0451 8.0550
v -1.8704 27.4879 8.7382
v -5.5056 24.4170 10.9482
v -5.8283 25.9263 11.3698
v -1.6553 26.0119 8.1858
v -1.9780 27.5212 8.6074
v -9.2474 24.9827 6.0593
v -9.5701 26.4920 6.4809
v -5.3970 26.5776 3.2969
v -5.7197 28.0869 3.7185
v -9.1473 24.9845 6.1999
v -9.6702 26.4901 6.3403
v -5.2970 26.5794 3.4375
v -5.8198 28.0850 3.5779
v -12.3789 24.3184 1.3110
v -12.9018 25.8240 1.4514
v -8.5285 25.9133 -1.4514
v -9.0514 27.4189 -1.3110
v -1.9789 24.3247 12.2772
v -1.8714 25.7676 12.9604
v 1.8714 22.7299 15.0396
v 1.9789 24.1727 15.7228
v 1.7629 26.0451 8.0550
v 1.8704 27.4879 8.7382
v 5.6132 24.4502 10.8174
v 5.7207 25.8931 11.5006
v 1.6553 26.0119 8.1858
v 1.9780 27.5212 8.6074
v 5.5056 24.4170 10.9482
v 5.8283 25.9263 11.3698
v 5.3970 26.5776 3.2969
v 5.7197 28.0869 3.7185
v 9.2474 24.9827 6.0593
v 9.5701 26.4920 6.4809
v 5.2970 26.5794 3.4375
v 5.8198 28.0850 3.5779
v 9.1473 24.9845 6.1999
v 9.6702 26.4901 6.3403
v 8.5285 25.9133 -1.4514
v 9.0514 27.4189 -1.3110
v 12.3789 24.3184 1.3110
v 12.9018 25.8240 1.4514
v -17.3957 14.7491 15.0396
v -18.4920 15.6933 15.7228
v -15.8009 18.5995 12.2772
v -16.8971 19.5437 12.9604
v -21.2581 13.3198 10.8174
v -22.3543 14.2640 11.5006
v -19.6632 17.1702 8.0550
v -20.7595 18.1144 8.7382
v -21.1585 13.3723 10.9482
v -22.4539 14.2114 11.3698
v -19.5636 17.2227 8.1858
v -20.8591 18.0618 8.6074
v -24.2043 11.1265 6.0593
v -25.4998 11.9656 6.4809
v -22.6095 14.9769 3.2969
v -23.9049 15.8160 3.7185
v -24.1349 11.1986 6.1999
v -25.5692 11.8935 6.3403
v -22.5400 15.0490 3.4375
v -23.9744 15.7439 3.5779
v -25.9489 8.4425 1.3110
v -27.3832 9.1374 1.4514
v -24.3540 12.2929 -1.4514
v -25.7884 12.9878 -1.3110
v -18.5995 15.8009 12.2772
v -19.5437 16.8971 12.9604
v -14.7491 17.3957 15.0396
v -15.6933 18.4920 15.7228
v -17.1702 19.6632 8.0550
v -18.1144 20.7595 8.7382
v -13.3198 21.2581 10.8174
v -14.2640 22.3543 11.5006
v -17.2227 19.5636 8.1858
v -18.0618 20.8591 8.6074
v -13.3723 21.1585 10.9482
v -14.2114 22.4539 11.3698
v -14.9769 22.6095 3.2969
v -15.8160 23.9049 3.7185
v -11.1265 24.2043 6.0593
v -11.9656 25.4998 6.4809
v -15.0490 22.5400 3.4375
v -15.7439 23.9744 3.5779
v -11.1986 24.1349 6.1999
v -11.8935 25.5692 6.3403
v -12.2929 24.3540 -1.4514
v -12.9878 25.7884 -1.3110
v -8.4425 25.9489 1.3110
v -9.1374 27.3832 1.4514
v -22.7299 -1.8714 15.0396
v -24.1727 -1.9789 15.7228
v -24.3247 1.9789 12.2772
v -25.7676 1.8714 12.9604
v -24.4502 -5.6132 10.8174
v -25.8931 -5.7207 11.5006
v -26.0451 -1.7629 8.0550
v -27.4879 -1.8704 8.7382
v -24.4170 -5.5056 10.9482
v -25.9263 -5.8283 11.3698
v -26.0119 -1.6553 8.1858
v -27.5212 -1.9780 8.6074
v -24.9827 -9.2474 6.0593
v -26.4920 -9.5701 6.4809
v -26.5776 -5.3970 3.2969
v -28.0869 -5.7197 3.7185
v -24.9845 -9.1473 6.1999
v -26.4901 -9.6702 6.3403
v -26.5794 -5.2970 3.4375
v -28.0850 -5.8198 3.5779
v -24.3184 -12.3789 1.3110
v -25.8240 -12.9018 1.4514
v -25.9133 -8.5285 -1.4514
v -27.4189 -9.0514 -1.3110
v -24.3247 -1.9789 12.2772
v -25.7676 -1.8714 12.9604
v -22.7299 1.8714 15.0396
v -24.1727 1.9789 15.7228
v -26.0451 1.7629 8.0550
v -27.4879 1.8704 8.7382
v -24.4502 5.6132 10.8174
v -25.8931 5.7207 11.5006
v -26.0119 1.6553 8.1858
v -27.5212 1.9780 8.6074
v -24.4170 5.5056 10.9482
v -25.9263 5.8283 11.3698
v -26.5776 5.3970 3.2969
v -28.0869 5.7197 3.7185
v -24.9827 9.2474 6.0593
v -26.4920 9.5701 6.4809
v -26.5794 5.2970 3.4375
v -28.0850 5.8198 3.5779
v -24.9845 9.1473 6.1999
v -26.4901 9.6702 6.3403
v -25.9133 8.5285 -1.4514
v -27.4189 9.0514 -1.3110
v -24.3184 12.3789 1.3110
v -25.8240 12.9018 1.4514
v -14.7491 -17.3957 15.0396
v -15.6933 -18.4920 15.7228
v -18.5995 -15.8009 12.2772
v -19.5437 -16.8971 12.9604
v -13.3198 -21.2581 10.8174
v -14.2640 -22.3543 11.5006
v -17.1702 -19.6632 8.0550
v -18.1144 -20.7595 8.7382
v -13.3723 -21.1585 10.9482
v -14.2114 -22.4539 11.3698
v -17.2227 -19.5636 8.1858
v -18.0618 -20.8591 8.6074
v -11.1265 -24.2043 6.0593
v -11.9656 -25.4998 6.4809
v -14.9769 -22.6095 3.2969
v -15.8160 -23.9049 3.7185
v -11.1986 -24.1349 6.1999
v -11.8935 -25.5692 6.3403
v -15.0490 -22.5400 3.4375
v -15.7439 -23.9744 3.5779
v -8.4425 -25.9489 1.3110
v -9.1374 -27.3832 1.4514
v -12.2929 -24.3540 -1.4514
v -12.9878 -25.7884 -1.3110
v -15.8009 -18.5995 12.2772
v -16.8971 -19.5437 12.9604
v -17.3957 -14.7491 15.0396
v -18.4920 -15.6933 15.7228
v -19.6632 -17.1702 8.0550
v -20.7595 -18.1144 8.7382
v -21.2581 -13.3198 10.8174
v -22.3543 -14.2640 11.5006
v -19.5636 -17.2227 8.1858
v -20.8591 -18.0618 8.6074
v -21.1585 -13.3723 10.9482
v -22.4539 -14.2114 11.3698
v -22.6095 -14.9769 3.2969
v -23.9049 -15.8160 3.7185
v -24.2043 -11.1265 6.0593
v -25.4998 -11.9656 6.4809
v -22.5400 -15.0490 3.4375
v -23.9744 -15.7439 3.5779
v -24.1349 -11.1986 6.1999
v -25.5692 -11.8935 6.3403
v -24.3540 -12.2929 -1.4514
v -25.7884 -12.9878 -1.3110
v -25.9489 -8.4425 1.3110
v -27.3832 -9.1374 1.4514
v 1.8714 -22.7299 15.0396
v 1.9789 -24.1727 15.7228
v -1.9789 -24.3247 12.2772
v -1.8714 -25.7676 12.9604
v 5.6132 -24.4502 10.8174
v 5.7207 -25.8931 11.5006
v 1.7629 -26.0451 8.0550
v 1.8704 -27.4879 8.7382
v 5.5056 -24.4170 10.9482
v 5.8283 -25.9263 11.3698
v 1.6553 -26.0119 8.1858
v 1.9780 -27.5212 8.6074
v 9.2474 -24.9827 6.0593
v 9.5701 -26.4920 6.4809
v 5.3970 -26.5776 3.2969
v 5.7197 -28.0869 3.7185
v 9.1473 -24.9845 6.1999
v 9.6702 -26.4901 6.3403
v 5.2970 -26.5794 3.4375
v 5.8198 -28.0850 3.5779
v 12.3789 -24.3184 1.3110
v 12.9018 -25.8240 1.4514
v 8.5285 -25.9133 -1.4514
v 9.0514 -27.4189 -1.3110
v 1.9789 -24.3247 12.2772
v 1.8714 -25.7676 12.9604
v -1.8714 -22.7299 15.0396
v -1.9789 -24.1727 15.7228
v -1.7629 -26.0451 8.0550
v -1.8704 -27.4879 8.7382
v -5.6132 -24.4502 10.8174
v -5.7207 -25.8931 11.5006
v -1.6553 -26.0119 8.1858
v -1.9780 -27.5212 8.6074
v -5.5056 -24.4170 10.9482
v -5.8283 -25.9263 11.3698
v -5.3970 -26.5776 3.2969
v -5.7197 -28.0869 3.7185
v -9.2474 -24.9827 6.0593
v -9.5701 -26.4920 6.4809
v -5.2970 -26.5794 3.4375
v -5.8198 -28.0850 3.5779
v -9.1473 -24.9845 6.1999
v -9.6702 -26.4901 6.3403
v -8.5285 -25.9133 -1.4514
v -9.0514 -27.4189 -1.3110
v -12.3789 -24.3184 1.3110
v -12.9018 -25.8240 1.4514
v 17.3957 -14.7491 15.0396
v 18.4920 -15.6933 15.7228
v 15.8009 -18.5995 12.2772
v 16.8971 -19.5437 12.9604
v 21.2581 -13.3198 10.8174
v 22.3543 -14.2640 11.5006
v 19.6632 -17.1702 8.0550
v 20.7595 -18.1144 8.7382
v 21.1585 -13.3723 10.9482
v 22.4539 -14.2114 11.3698
v 19.5636 -17.2227 8.1858
v 20.8591 -18.0618 8.6074
v 24.2043 -11.1265 6.0593
v 25.4998 -11.9656 6.4809
v 22.6095 -14.9769 3.2969
v 23.9049 -15.8160 3.7185
v 24.1349 -11.1986 6.1999
v 25.5692 -11.8935 6.3403
v 22.5400 -15.0490 3.4375
v 23.9744 -15.7439 3.5779
v 25.9489 -8.4425 1.3110
v 27.3832 -9.1374 1.4514
v 24.3540 -12.2929 -1.4514
v 25.7884 -12.9878 -1.3110
v 18.5995 -15.8009 12.2772
v 19.5437 -16.8971 12.9604
v 14.7491 -17.3957 15.0396
v 15.6933 -18.4920 15.7228
v 17.1702 -19.6632 8.0550
v 18.1144 -20.7595 8.7382
v 13.3198 -21.2581 10.8174
v 14.2640 -22.3543 11.5006
v 17.2227 -19.5636 8.1858
v 18.0618 -20.8591 8.6074
v 13.3723 -21.1585 10.9482
v 14.2114 -22.4539 11.3698
v 14.9769 -22.6095 3.2969
v 15.8160 -23.9049 3.7185
v 11.1265 -24.2043 6.0593
v 11.9656 -25.4998 6.4809
v 15.0490 -22.5400 3.4375
v 15.7439 -23.9744 3.5779
v 11.1986 -24.1349 6.1999
v 11.8935 -25.5692 6.3403
v 12.2929 -24.3540 -1.4514
v 12.9878 -25.7884 -1.3110
v 8.4425 -25.9489 1.3110
v 9.1374 -27.3832 1.4514
v 24.3184 12.3789 -1.3110
v 25.8240 12.9018 -1.4514
v 25.9133 8.5285 1.4514
v 27.4189 9.0514 1.3110
v 24.9845 9.1473 -6.1999
v 26.4901 9.6702 -6.3403
v 26.5794 5.2970 -3.4375
v 28.0850 5.8198 -3.5779
v 24.9827 9.2474 -6.0593
v 26.4920 9.5701 -6.4809
v 26.5776 5.3970 -3.2969
v 28.0869 5.7197 -3.7185
v 24.4170 5.5056 -10.9482
v 25.9263 5.8283 -11.3698
v 26.0119 1.6553 -8.1858
v 27.5212 1.9780 -8.6074
v 24.4502 5.6132 -10.8174
v 25.8931 5.7207 -11.5006
v 26.0451 1.7629 -8.0550
v 27.4879 1.8704 -8.7382
v 22.7299 1.8714 -15.0396
v 24.1727 1.9789 -15.7228
v 24.3247 -1.9789 -12.2772
v 25.7676 -1.8714 -12.9604
v 24.3540 12.2929 1.4514
v 25.7884 12.9878 1.3110
v 25.9489 8.4425 -1.3110
v 27.3832 9.1374 -1.4514
v 22.5400 15.0490 -3.4375
v 23.9744 15.7439 -3.5779
v 24.1349 11.1986 -6.1999
v 25.5692 11.8935 -6.3403
v 22.6095 14.9769 -3.2969
v 23.9049 15.8160 -3.7185
v 24.2043 11.1265 -6.0593
v 25.4998 11.9656 -6.4809
v 19.5636 17.2227 -8.1858
v 20.8591 18.0618 -8.6074
v 21.1585 13.3723 -10.9482
v 22.4539 14.2114 -11.3698
v 19.6632 17.1702 -8.0550
v 20.7595 18.1144 -8.7382
v 21.2581 13.3198 -10.8174
v 22.3543 14.2640 -11.5006
v 15.8009 18.5995 -12.2772
v 16.8971 19.5437 -12.9604
v 17.3957 14.7491 -15.0396
v 18.4920 15.6933 -15.7228
v 8.4425 25.9489 -1.3110
v 9.1374 27.3832 -1.4514
v 12.2929 24.3540 1.4514
v 12.9878 25.7884 1.3110
v 11.1986 24.1349 -6.1999
v 11.8935 25.5692 -6.3403
v 15.0490 22.5400 -3.4375
v 15.7439 23.9744 -3.5779
v 11.1265 24.2043 -6.0593
v 11.9656 25.4998 -6.4809
v 14.9769 22.6095 -3.2969
v 15.8160 23.9049 -3.7185
v 13.3723 21.1585 -10.9482
v 14.2114 22.4539 -11.3698
v 17.2227 19.5636 -8.1858
v 18.0618 20.8591 -8.6074
v 13.3198 21.2581 -10.8174
v 14.2640 22.3543 -11.5006
v 17.1702 19.6632 -8.0550
v 18.1144 20.7595 -8.7382
v 14.7491 17.3957 -15.0396
v 15.6933 18.4920 -15.7228
v 18.5995 15.8009 -12.2772
v 19.5437 16.8971 -12.9604
v 8.5285 25.9133 1.4514
v 9.0514 27.4189 1.3110
v 12.3789 24.3184 -1.3110
v 12.9018 25.8240 -1.4514
v 5.2970 26.5794 -3.4375
v 5.8198 28.0850 -3.5779
v 9.1473 24.9845 -6.1999
v 9.6702 26.4901 -6.3403
v 5.3970 26.5776 -3.2969
v 5.7197 28.0869 -3.7185
v 9.2474 24.9827 -6.0593
v 9.5701 26.4920 -6.4809
v 1.6553 26.0119 -8.1858
v 1.9780 27.5212 -8.6074
v 5.5056 24.4170 -10.9482
v 5.8283 25.9263 -11.3698
v 1.7629 26.0451 -8.0550
v 1.8704 27.4879 -8.7382
v 5.6132 24.4502 -10.8174
v 5.7207 25.8931 -11.5006
v -1.9789 24.3247 -12.2772
v -1.8714 25.7676 -12.9604
v 1.8714 22.7299 -15.0396
v 1.9789 24.1727 -15.7228
v -12.3789 24.3184 -1.3110
v -12.9018 25.8240 -1.4514
v -8.5285 25.9133 1.4514
v -9.0514 27.4189 1.3110
v -9.1473 24.9845 -6.1999
v -9.6702 26.4901 -6.3403
v -5.2970 26.5794 -3.4375
v -5.8198 28.0850 -3.5779
v -9.2474 24.9827 -6.0593
v -9.5701 26.4920 -6.4809
v -5.3970 26.5776 -3.2969
v -5.7197 28.0869 -3.7185
v -5.5056 24.4170 -10.9482
v -5.8283 25.9263 -11.3698
v -1.6553 26.0119 -8.1858
v -1.9780 27.5212 -8.6074
v -5.6132 24.4502 -10.8174
v -5.7207 25.8931 -11.5006
v -1.7629 26.0451 -8.0550
v -1.8704 27.4879 -8.7382
v -1.8714 22.7299 -15.0396
v -1.9789 24.1727 -15.7228
v 1.9789 24.3247 -12.2772
v 1.8714 25.7676 -12.9604
v -12.2929 24.3540 1.4514
v -12.9878 25.7884 1.3110
v -8.4425 25.9489 -1.3110
v -9.1374 27.3832 -1.4514
v -15.0490 22.5400 -3.4375
v -15.7439 23.9744 -3.5779
v -11.1986 24.1349 -6.1999
v -11.8935 25.5692 -6.3403
v -14.9769 22.6095 -3.2969
v -15.8160 23.9049 -3.7185
v -11.1265 24.2043 -6.0593
v -11.9656 25.4998 -6.4809
v -17.2227 19.5636 -8.1858
v -18.0618 20.8591 -8.6074
v -13.3723 21.1585 -10.9482
v -14.2114 22.4539 -11.3698
v -17.1702 19.6632 -8.0550
v -18.1144 20.7595 -8.7382
v -13.3198 21.2581 -10.8174
v -14.2640 22.3543 -11.5006
v -18.5995 15.8009 -12.2772
v -19.5437 16.8971 -12.9604
v -14.7491 17.3957 -15.0396
v -15.6933 18.4920 -15.7228
v -25.9489 8.4425 -1.3110
v -27.3832 9.1374 -1.4514
v -24.3540 12.2929 1.4514
v -25.7884 12.9878 1.3110
v -24.1349 11.1986 -6.1999
v -25.5692 11.8935 -6.3403
v -22.5400 15.0490 -3.4375
v -23.9744 15.7439 -3.5779
v -24.2043 11.1265 -6.0593
v -25.4998 11.9656 -6.4809
v -22.6095 14.9769 -3.2969
v -23.9049 15.8160 -3.7185
v -21.1585 13.3723 -10.9482
v -22.4539 14.2114 -11.3698
v -19.5636 17.2227 -8.1858
v -20.8591 18.0618 -8.6074
v -21.2581 13.3198 -10.8174
v -22.3543 14.2640 -11.5006
v -19.6632 17.1702 -8.0550
v -20.7595 18.1144 -8.7382
v -17.3957 14.7491 -15.0396
v -18.4920 15.6933 -15.7228
v -15.8009 18.5995 -12.2772
v -16.8971 19.5437 -12.9604
v -25.9133 8.5285 1.4514
v -27.4189 9.0514 1.3110
v -24.3184 12.3789 -1.3110
v -25.8240 12.9018 -1.4514
v -26.5794 5.2970 -3.4375
v -28.0850 5.8198 -3.5779
v -24.9845 9.1473 -6.1999
v -26.4901 9.6702 -6.3403
v -26.5776 5.3970 -3.2969
v -28.0869 5.7197 -3.7185
v -24.9827 9.2474 -6.0593
v -26.4920 9.5701 -6.4809
v -26.0119 1.6553 -8.1858
v -27.5212 1.9780 -8.6074
v -24.4170 5.5056 -10.9482
v -25.9263 5.8283 -11.3698
v -26.0451 1.7629 -8.0550
v -27.4879 1.8704 -8.7382
v -24.4502 5.6132 -10.8174
v -25.8931 5.7207 -11.5006
v -24.3247 -1.9789 -12.2772
v -25.7676 -1.8714 -12.9604
v -22.7299 1.8714 -15.0396
v -24.1727 1.9789 -15.7228
v -24.3184 -12.3789 -1.3110
v -25.8240 -12.9018 -1.4514
v -25.9133 -8.5285 1.4514
v -27.4189 -9.0514 1.3110
v -24.9845 -9.1473 -6.1999
v -26.4901 -9.6702 -6.3403
v -26.5794 -5.2970 -3.4375
v -28.0850 -5.8198 -3.5779
v -24.9827 -9.2474 -6.0593
v -26.4920 -9.5701 -6.4809
v -26.5776 -5.3970 -3.2969
v -28.0869 -5.7197 -3.7185
v -24.4170 -5.5056 -10.9482
v -25.9263 -5.8283 -11.3698
v -26.0119 -1.6553 -8.1858
v -27.5212 -1.9780 -8.6074
v -24.4502 -5.6132 -10.8174
v -25.8931 -5.7207 -11.5006
v -26.0451 -1.7629 -8.0550
v -27.4879 -1.8704 -8.7382
v -22.7299 -1.8714 -15.0396
v -24.1727 -1.9789 -15.7228
v -24.3247 1.9789 -12.2772
v -25.7676 1.8714 -12.9604
v -24.3540 -12.2929 1.4514
v -25.7884 -12.9878 1.3110
v -25.9489 -8.4425 -1.3110
v -27.3832 -9.1374 -1.4514
v -22.5400 -15.0490 -3.4375
v -23.9744 -15.7439 -3.5779
v -24.1349 -11.1986 -6.1999
v -25.5692 -11.8935 -6.3403
v -22.6095 -14.9769 -3.2969
v -23.9049 -15.8160 -3.7185
v -24.2043 -11.1265 -6.0593
v -25.4998 -11.9656 -6.4809
v -19.5636 -17.2227 -8.1858
v -20.8591 -18.0618 -8.6074
v -21.1585 -13.3723 -10.9482
v -22.4539 -14.2114 -11.3698
v -19.6632 -17.1702 -8.0550
v -20.7595 -18.1144 -8.7382
v -21.2581 -13.3198 -10.8174
v -22.3543 -14.2640 -11.5006
v -15.8009 -18.5995 -12.2772
v -16.8971 -19.5437 -12.9604
v -17.3957 -14.7491 -15.0396
v -18.4920 -15.6933 -15.7228
v -8.4425 -25.9489 -1.3110
v -9.1374 -27.3832 -1.4514
v -12.2929 -24.3540 1.4514
v -12.9878 -25.7884 1.3110
v -11.1986 -24.1349 -6.1999
v -11.8935 -25.5692 -6.3403
v -15.0490 -22.5400 -3.4375
v -15.7439 -23.9744 -3.5779
v -11.1265 -24.2043 -6.0593
v -11.9656 -25.4998 -6.4809
v -14.9769 -22.6095 -3.2969
v -15.8160 -23.9049 -3.7185
v -13.3723 -21.1585 -10.9482
v -14.2114 -22.4539 -11.3698
v -17.2227 -19.5636 -8.1858
v -18.0618 -20.8591 -8.6074
v -13.3198 -21.2581 -10.8174
v -14.2640 -22.3543 -11.5006
v -17.1702 -19.6632 -8.0550
v -18.1144 -20.7595 -8.7382
v -14.7491 -17.3957 -15.0396
v -15.6933 -18.4920 -15.7228
v -18.5995 -15.8009 -12.2772
v -19.5437 -16.8971 -12.9604
v -8.5285 -25.9133 1.4514
v -9.0514 -27.4189 1.3110
v -12.3789 -24.3184 -1.3110
v -12.9018 -25.8240 -1.4514
v -5.2970 -26.5794 -3.4375
v -5.8198 -28.0850 -3.5779
v -9.1473 -24.9845 -6.1999
v -9.6702 -26.4901 -6.3403
v -5.3970 -26.5776 -3.2969
v -5.7197 -28.0869 -3.7185
v -9.2474 -24.9827 -6.0593
v -9.5701 -26.4920 -6.4809
v -1.6553 -26.0119 -8.1858
v -1.9780 -27.5212 -8.6074
v -5.5056 -24.4170 -10.9482
v -5.8283 -25.9263 -11.3698
v -1.7629 -26.0451 -8.0550
v -1.8704 -27.4879 -8.7382
v -5.6132 -24.4502 -10.8174
v -5.7207 -25.8931 -11.5006
v 1.9789 -24.3247 -12.2772
v 1.8714 -25.7676 -12.9604
v -1.8714 -22.7299 -15.0396
v -1.9789 -24.1727 -15.7228
v 12.3789 -24.3184 -1.3110
v 12.9018 -25.8240 -1.4514
v 8.5285 -25.9133 1.4514
v 9.0514 -27.4189 1.3110
v 9.1473 -24.9845 -6.1999
v 9.6702 -26.4901 -6.3403
v 5.2970 -26.5794 -3.4375
v 5.8198 -28.0850 -3.5779
v 9.2474 -24.9827 -6.0593
v 9.5701 -26.4920 -6.4809
v 5.3970 -26.5776 -3.2969
v 5.7197 -28.0869 -3.7185
v 5.5056 -24.4170 -10.9482
v 5.8283 -25.9263 -11.3698
v 1.6553 -26.0119 -8.1858
v 1.9780 -27.5212 -8.6074
v 5.6132 -24.4502 -10.8174
v 5.7207 -25.8931 -11.5006
v 1.7629 -26.0451 -8.0550
v 1.8704 -27.4879 -8.7382
v 1.8714 -22.7299 -15.0396
v 1.9789 -24.1727 -15.7228
v -1.9789 -24.3247 -12.2772
v -1.8714 -25.7676 -12.9604
v 12.2929 -24.3540 1.4514
v 12.9878 -25.7884 1.3110
v 8.4425 -25.9489 -1.3110
v 9.1374 -27.3832 -1.4514
v 15.0490 -22.5400 -3.4375
v 15.7439 -23.9744 -3.5779
v 11.1986 -24.1349 -6.1999
v 11.8935 -25.5692 -6.3403
v 14.9769 -22.6095 -3.2969
v 15.8160 -23.9049 -3.7185
v 11.1265 -24.2043 -6.0593
v 11.9656 -25.4998 -6.4809
v 17.2227 -19.5636 -8.1858
v 18.0618 -20.8591 -8.6074
v 13.3723 -21.1585 -10.9482
v 14.2114 -22.4539 -11.3698
v 17.1702 -19.6632 -8.0550
v 18.1144 -20.7595 -8.7382
v 13.3198 -21.2581 -10.8174
v 14.2640 -22.3543 -11.5006
v 18.5995 -15.8009 -12.2772
v 19.5437 -16.8971 -12.9604
v 14.7491 -17.3957 -15.0396
v 15.6933 -18.4920 -15.7228
v 25.9489 -8.4425 -1.3110
v 27.3832 -9.1374 -1.4514
v 24.3540 -12.2929 1.4514
v 25.7884 -12.9878 1.3110
v 24.1349 -11.1986 -6.1999
v 25.5692 -11.8935 -6.3403
v 22.5400 -15.0490 -3.4375
v 23.9744 -15.7439 -3.5779
v 24.2043 -11.1265 -6.0593
v 25.4998 -11.9656 -6.4809
v 22.6095 -14.9769 -3.2969
v 23.9049 -15.8160 -3.7185
v 21.1585 -13.3723 -10.9482
v 22.4539 -14.2114 -11.3698
v 19.5636 -17.2227 -8.1858
v 20.8591 -18.0618 -8.6074
v 21.2581 -13.3198 -10.8174
v 22.3543 -14.2640 -11.5006
v 19.6632 -17.1702 -8.0550
v 20.7595 -18.1144 -8.7382
v 17.3957 -14.7491 -15.0396
v 18.4920 -15.6933 -15.7228
v 15.8009 -18.5995 -12.2772
v 16.8971 -19.5437 -12.9604
v 25.9133 -8.5285 1.4514
v 27.4189 -9.0514 1.3110
v 24.3184 -12.3789 -1.3110
v 25.8240 -12.9018 -1.4514
v 26.5794 -5.2970 -3.4375
v 28.0850 -5.8198 -3.5779
v 24.9845 -9.1473 -6.1999
v 26.4901 -9.6702 -6.3403
v 26.5776 -5.3970 -3.2969
v 28.0869 -5.7197 -3.7185
v 24.9827 -9.2474 -6.0593
v 26.4920 -9.5701 -6.4809
v 26.0119 -1.6553 -8.1858
v 27.5212 -1.9780 -8.6074
v 24.4170 -5.5056 -10.9482
v 25.9263 -5.8283 -11.3698
v 26.0451 -1.7629 -8.0550
v 27.4879 -1.8704 -8.7382
v 24.4502 -5.6132 -10.8174
v 25.8931 -5.7207 -11.5006
v 24.3247 1.9789 -12.2772
v 25.7676 1.8714 -12.9604
v 22.7299 -1.8714 -15.0396
v 24.1727 -1.9789 -15.7228
v -0.1483 2.5000 27.2139
v 0.1483 2.5000 28.7861
v -0.1483 -2.5000 27.2139
v 0.1483 -2.5000 28.7861
v 10.0505 2.5000 25.2904
v 10.3470 2.5000 26.8627
v 10.0505 -2.5000 25.2904
v 10.3470 -2.5000 26.8627
v 9.7727 2.5000 25.3994
v 10.6248 2.5000 26.7536
v 9.7727 -2.5000 25.3994
v 10.6248 -2.5000 26.7536
v 18.6713 2.5000 19.7995
v 19.5234 2.5000 21.1537
v 18.6713 -2.5000 19.7995
v 19.5234 -2.5000 21.1537
v 18.4712 2.5000 19.9786
v 19.7235 2.5000 20.9746
v 18.4712 -2.5000 19.9786
v 19.7235 -2.5000 20.9746
v 23.6226 2.5000 13.5020
v 24.8748 2.5000 14.4980
v 23.6226 -2.5000 13.5020
v 24.8748 -2.5000 14.4980
v 23.6226 2.5000 -13.5020
v 24.8748 2.5000 -14.4980
v 23.6226 -2.5000 -13.5020
v 24.8748 -2.5000 -14.4980
v 18.4712 2.5000 -19.9786
v 19.7235 2.5000 -20.9746
v 18.4712 -2.5000 -19.9786
v 19.7235 -2.5000 -20.9746
v 18.6713 2.5000 -19.7995
v 19.5234 2.5000 -21.1537
v 18.6713 -2.5000 -19.7995
v 19.5234 -2.5000 -21.1537
v 9.7727 2.5000 -25.3994
v 10.6248 2.5000 -26.7536
v 9.7727 -2.5000 -25.3994
v 10.6248 -2.5000 -26.7536
v 10.0505 2.5000 -25.2904
v 10.3470 2.5000 -26.8627
v 10.0505 -2.5000 -25.2904
v 10.3470 -2.5000 -26.8627
v -0.1483 2.5000 -27.2139
v 0.1483 2.5000 -28.7861
v -0.1483 -2.5000 -27.2139
v 0.1483 -2.5000 -28.7861
v -2.5000 -0.1483 27.2139
v -2.5000 0.1483 28.7861
v 2.5000 -0.1483 27.2139
v 2.5000 0.1483 28.7861
v -2.5000 10.0505 25.2904
v -2.5000 10.3470 26.8627
v 2.5000 10.0505 25.2904
v 2.5000 10.3470 26.8627
v -2.5000 9.7727 25.3994
v -2.5000 10.6248 26.7536
v 2.5000 9.7727 25.3994
v 2.5000 10.6248 26.7536
v -2.5000 18.6713 19.7995
v -2.5000 19.5234 21.1537
v 2.5000 18.6713 19.7995
v 2.5000 19.5234 21.1537
v -2.5000 18.4712 19.9786
v -2.5000 19.7235 20.9746
v 2.5000 18.4712 19.9786
v 2.5000 19.7235 20.9746
v -2.5000 23.6226 13.5020
v -2.5000 24.8748 14.4980
v 2.5000 23.6226 13.5020
v 2.5000 24.8748 14.4980
v -2.5000 23.6226 -13.5020
v -2.5000 24.8748 -14.4980
v 2.5000 23.6226 -13.5020
v 2.5000 24.8748 -14.4980
v -2.5000 18.4712 -19.9786
v -2.5000 19.7235 -20.9746
v 2.5000 18.4712 -19.9786
v 2.5000 19.7235 -20.9746
v -2.5000 18.6713 -19.7995
v -2.5000 19.5234 -21.1537
v 2.5000 18.6713 -19.7995
v 2.5000 19.5234 -21.1537
v -2.5000 9.7727 -25.3994
v -2.5000 10.6248 -26.7536
v 2.5000 9.7727 -25.3994
v 2.5000 10.6248 -26.7536
v -2.5000 10.0505 -25.2904
v -2.5000 10.3470 -26.8627
v 2.5000 10.0505 -25.2904
v 2.5000 10.3470 -26.8627
v -2.5000 -0.1483 -27.2139
v -2.5000 0.1483 -28.7861
v 2.5000 -0.1483 -27.2139
v 2.5000 0.1483 -28.7861
v 0.1483 -2.5000 27.2139
v -0.1483 -2.5000 28.7861
v 0.1483 2.5000 27.2139
v -0.1483 2.5000 28.7861
v -10.0505 -2.5000 25.2904
v -10.3470 -2.5000 26.8627
v -10.0505 2.5000 25.2904
v -10.3470 2.5000 26.8627
v -9.7727 -2.5000 25.3994
v -10.6248 -2.5000 26.7536
v -9.7727 2.5000 25.3994
v -10.6248 2.5000 26.7536
v -18.6713 -2.5000 19.7995
v -19.5234 -2.5000 21.1537
v -18.6713 2.5000 19.7995
v -19.5234 2.5000 21.1537
v -18.4712 -2.5000 19.9786
v -19.7235 -2.5000 20.9746
v -18.4712 2.5000 19.9786
v -19.7235 2.5000 20.9746
v -23.6226 -2.5000 13.5020
v -24.8748 -2.5000 14.4980
v -23.6226 2.5000 13.5020
v -24.8748 2.5000 14.4980
v -23.6226 -2.5000 -13.5020
v -24.8748 -2.5000 -14.4980
v -23.6226 2.5000 -13.5020
v -24.8748 2.5000 -14.4980
v -18.4712 -2.5000 -19.9786
v -19.7235 -2.5000 -20.9746
v -18.4712 2.5000 -19.9786
v -19.7235 2.5000 -20.9746
v -18.6713 -2.5000 -19.7995
v -19.5234 -2.5000 -21.1537
v -18.6713 2.5000 -19.7995
v -19.5234 2.5000 -21.1537
v -9.7727 -2.5000 -25.3994
v -10.6248 -2.5000 -26.7536
v -9.7727 2.5000 -25.3994
v -10.6248 2.5000 -26.7536
v -10.0505 -2.5000 -25.2904
v -10.3470 -2.5000 -26.8627
v -10.0505 2.5000 -25.2904
v -10.3470 2.5000 -26.8627
v 0.1483 -2.5000 -27.2139
v -0.1483 -2.5000 -28.7861
v 0.1483 2.5000 -27.2139
v -0.1483 2.5000 -28.7861
v 2.5000 0.1483 27.2139
v 2.5000 -0.1483 28.7861
v -2.5000 0.1483 27.2139
v -2.5000 -0.1483 28.7861
v 2.5000 -10.0505 25.2904
v 2.5000 -10.3470 26.8627
v -2.5000 -10.0505 25.2904
v -2.5000 -10.3470 26.8627
v 2.5000 -9.7727 25.3994
v 2.5000 -10.6248 26.7536
v -2.5000 -9.7727 25.3994
v -2.5000 -10.6248 26.7536
v 2.5000 -18.6713 19.7995
v 2.5000 -19.5234 21.1537
v -2.5000 -18.6713 19.7995
v -2.5000 -19.5234 21.1537
v 2.5000 -18.4712 19.9786
v 2.5000 -19.7235 20.9746
v -2.5000 -18.4712 19.9786
v -2.5000 -19.7235 20.9746
v 2.5000 -23.6226 13.5020
v 2.5000 -24.8748 14.4980
v -2.5000 -23.6226 13.5020
v -2.5000 -24.8748 14.4980
v 2.5000 -23.6226 -13.5020
v 2.5000 -24.8748 -14.4980
v -2.5000 -23.6226 -13.5020
v -2.5000 -24.8748 -14.4980
v 2.5000 -18.4712 -19.9786
v 2.5000 -19.7235 -20.9746
v -2.5000 -18.4712 -19.9786
v -2.5000 -19.7235 -20.9746
v 2.5000 -18.6713 -19.7995
v 2.5000 -19.5234 -21.1537
v -2.5000 -18.6713 -19.7995
v -2.5000 -19.5234 -21.1537
v 2.5000 -9.7727 -25.3994
v 2.5000 -10.6248 -26.7536
v -2.5000 -9.7727 -25.3994
v -2.5000 -10.6248 -26.7536
v 2.5000 -10.0505 -25.2904
v 2.5000 -10.3470 -26.8627
v -2.5000 -10.0505 -25.2904
v -2.5000 -10.3470 -26.8627
v 2.5000 0.1483 -27.2139
v 2.5000 -0.1483 -28.7861
v -2.5000 0.1483 -27.2139
v -2.5000 -0.1483 -28.7861
g collars
usemtl collars
f 1 2 3
f 1 3 4
f 5 7 6
f 5 8 7
f 1 5 6
f 1 6 2
f 3 7 8
f 3 8 4
f 1 4 8
f 1 8 5
f 2 6 7
f 2 7 3
f 9 10 11
f 9 11 12
f 13 15 14
f 13 16 15
f 9 13 14
f 9 14 10
f 11 15 16
f 11 16 12
f 9 12 16
f 9 16 13
f 10 14 15
f 10 15 11
g bearings
usemtl bearings
f 17 18 30
f 17 30 29
f 18 19 31
f 18 31 30
f 19 20 32
f 19 32 31
f 20 21 33
f 20 33 32
f 21 22 34
f 21 34 33
f 22 23 35
f 22 35 34
f 23 24 36
f 23 36 35
f 24 25 37
f 24 37 36
f 25 26 38
f 25 38 37
f 26 27 39
f 26 39 38
f 27 28 40
f 27 40 39
f 28 17 29
f 28 29 40
f 41 18 17
f 42 29 30
f 41 19 18
f 42 30 31
f 41 20 19
f 42 31 32
f 41 21 20
f 42 32 33
f 41 22 21
f 42 33 34
f 41 23 22
f 42 34 35
f 41 24 23
f 42 35 36
f 41 25 24
f 42 36 37
f 41 26 25
f 42 37 38
f 41 27 26
f 42 38 39
f 41 28 27
f 42 39 40
f 41 17 28
f 42 40 29
f 43 44 56
f 43 56 55
f 44 45 57
f 44 57 56
f 45 46 58
f 45 58 57
f 46 47 59
f 46 59 58
f 47 48 60
f 47 60 59
f 48 49 61
f 48 61 60
f 49 50 62
f 49 62 61
f 50 51 63
f 50 63 62
f 51 52 64
f 51 64 63
f 52 53 65
f 52 65 64
f 53 54 66
f 53 66 65
f 54 43 55
f 54 55 66
f 67 44 43
f 68 55 56
f 67 45 44
f 68 56 57
f 67 46 45
f 68 57 58
f 67 47 46
f 68 58 59
f 67 48 47
f 68 59 60
f 67 49 48
f 68 60 61
f 67 50 49
f 68 61 62
f 67 51 50
f 68 62 63
f 67 52 51
f 68 63 64
f 67 53 52
f 68 64 65
f 67 54 53
f 68 65 66
f 67 43 54
f 68 66 55
g shaft
usemtl shaft
f 69 70 82
f 69 82 81
f 70 71 83
f 70 83 82
f 71 72 84
f 71 84 83
f 72 73 85
f 72 85 84
f 73 74 86
f 73 86 85
f 74 75 87
f 74 87 86
f 75 76 88
f 75 88 87
f 76 77 89
f 76 89 88
f 77 78 90
f 77 90 89
f 78 79 91
f 78 91 90
f 79 80 92
f 79 92 91
f 80 69 81
f 80 81 92
f 93 70 69
f 94 81 82
f 93 71 70
f 94 82 83
f 93 72 71
f 94 83 84
f 93 73 72
f 94 84 85
f 93 74 73
f 94 85 86
f 93 75 74
f 94 86 87
f 93 76 75
f 94 87 88
f 93 77 76
f 94 88 89
f 93 78 77
f 94 89 90
f 93 79 78
f 94 90 91
f 93 80 79
f 94 91 92
f 93 69 80
f 94 92 81
g spring
usemtl spring
f 95 96 102
f 95 102 101
f 96 97 103
f 96 103 102
f 97 98 104
f 97 104 103
f 98 99 105
f 98 105 104
f 99 100 106
f 99 106 105
f 100 95 101
f 100 101 106
f 107 96 95
f 108 101 102
f 107 97 96
f 108 102 103
f 107 98 97
f 108 103 104
f 107 99 98
f 108 104 105
f 107 100 99
f 108 105 106
f 107 95 100
f 108 106 101
f 109 110 116
f 109 116 115
f 110 111 117
f 110 117 116
f 111 112 118
f 111 118 117
f 112 113 119
f 112 119 118
f 113 114 120
f 113 120 119
f 114 109 115
f 114 115 120
f 121 110 109
f 122 115 116
f 121 111 110
f 122 116 117
f 121 112 111
f 122 117 118
f 121 113 112
f 122 118 119
f 121 114 113
f 122 119 120
f 121 109 114
f 122 120 115
f 123 124 130
f 123 130 129
f 124 125 131
f 124 131 130
f 125 126 132
f 125 132 131
f 126 127 133
f 126 133 132
f 127 128 134
f 127 134 133
f 128 123 129
f 128 129 134
f 135 124 123
f 136 129 130
f 135 125 124
f 136 130 131
f 135 126 125
f 136 131 132
f 135 127 126
f 136 132 133
f 135 128 127
f 136 133 134
f 135 123 128
f 136 134 129
f 137 138 144
f 137 144 143
f 138 139 145
f 138 145 144
f 139 140 146
f 139 146 145
f 140 141 147
f 140 147 146
f 141 142 148
f 141 148 147
f 142 137 143
f 142 143 148
f 149 138 137
f 150 143 144
f 149 139 138
f 150 144 145
f 149 140 139
f 150 145 146
f 149 141 140
f 150 146 147
f 149 142 141
f 150 147 148
f 149 137 142
f 150 148 143
f 151 152 158
f 151 158 157
f 152 153 159
f 152 159 158
f 153 154 160
f 153 160 159
f 154 155 161
f 154 161 160
f 155 156 162
f 155 162 161
f 156 151 157
f 156 157 162
f 163 152 151
f 164 157 158
f 163 153 152
f 164 158 159
f 163 154 153
f 164 159 160
f 163 155 154
f 164 160 161
f 163 156 155
f 164 161 162
f 163 151 156
f 164 162 157
f 165 166 172
f 165 172 171
f 166 167 173
f 166 173 172
f 167 168 174
f 167 174 173
f 168 169 175
f 168 175 174
f 169 170 176
f 169 176 175
f 170 165 171
f 170 171 176
f 177 166 165
f 178 171 172
f 177 167 166
f 178 172 173
f 177 168 167
f 178 173 174
f 177 169 168
f 178 174 175
f 177 170 169
f 178 175 176
f 177 165 170
f 178 176 171
f 179 180 186
f 179 186 185
f 180 181 187
f 180 187 186
f 181 182 188
f 181 188 187
f 182 183 189
f 182 189 188
f 183 184 190
f 183 190 189
f 184 179 185
f 184 185 190
f 191 180 179
f 192 185 186
f 191 181 180
f 192 186 187
f 191 182 181
f 192 187 188
f 191 183 182
f 192 188 189
f 191 184 183
f 192 189 190
f 191 179 184
f 192 190 185
f 193 194 200
f 193 200 199
f 194 195 201
f 194 201 200
f 195 196 202
f 195 202 201
f 196 197 203
f 196 203 202
f 197 198 204
f 197 204 203
f 198 193 199
f 198 199 204
f 205 194 193
f 206 199 200
f 205 195 194
f 206 200 201
f 205 196 195
f 206 201 202
f 205 197 196
f 206 202 203
f 205 198 197
f 206 203 204
f 205 193 198
f 206 204 199
f 207 208 214
f 207 214 213
f 208 209 215
f 208 215 214
f 209 210 216
f 209 216 215
f 210 211 217
f 210 217 216
f 211 212 218
f 211 218 217
f 212 207 213
f 212 213 218
f 219 208 207
f 220 213 214
f 219 209 208
f 220 214 215
f 219 210 209
f 220 215 216
f 219 211 210
f 220 216 217
f 219 212 211
f 220 217 218
f 219 207 212
f 220 218 213
f 221 222 228
f 221 228 227
f 222 223 229
f 222 229 228
f 223 224 230
f 223 230 229
f 224 225 231
f 224 231 230
f 225 226 232
f 225 232 231
f 226 221 227
f 226 227 232
f 233 222 221
f 234 227 228
f 233 223 222
f 234 228 229
f 233 224 223
f 234 229 230
f 233 225 224
f 234 230 231
f 233 226 225
f 234 231 232
f 233 221 226
f 234 232 227
f 235 236 242
f 235 242 241
f 236 237 243
f 236 243 242
f 237 238 244
f 237 244 243
f 238 239 245
f 238 245 244
f 239 240 246
f 239 246 245
f 240 235 241
f 240 241 246
f 247 236 235
f 248 241 242
f 247 237 236
f 248 242 243
f 247 238 237
f 248 243 244
f 247 239 238
f 248 244 245
f 247 240 239
f 248 245 246
f 247 235 240
f 248 246 241
f 249 250 256
f 249 256 255
f 250 251 257
f 250 257 256
f 251 252 258
f 251 258 257
f 252 253 259
f 252 259 258
f 253 254 260
f 253 260 259
f 254 249 255
f 254 255 260
f 261 250 249
f 262 255 256
f 261 251 250
f 262 256 257
f 261 252 251
f 262 257 258
f 261 253 252
f 262 258 259
f 261 254 253
f 262 259 260
f 261 249 254
f 262 260 255
f 263 264 270
f 263 270 269
f 264 265 271
f 264 271 270
f 265 266 272
f 265 272 271
f 266 267 273
f 266 273 272
f 267 268 274
f 267 274 273
f 268 263 269
f 268 269 274
f 275 264 263
f 276 269 270
f 275 265 264
f 276 270 271
f 275 266 265
f 276 271 272
f 275 267 266
f 276 272 273
f 275 268 267
f 276 273 274
f 275 263 268
f 276 274 269
f 277 278 284
f 277 284 283
f 278 279 285
f 278 285 284
f 279 280 286
f 279 286 285
f 280 281 287
f 280 287 286
f 281 282 288
f 281 288 287
f 282 277 283
f 282 283 288
f 289 278 277
f 290 283 284
f 289 279 278
f 290 284 285
f 289 280 279
f 290 285 286
f 289 281 280
f 290 286 287
f 289 282 281
f 290 287 288
f 289 277 282
f 290 288 283
f 291 292 298
f 291 298 297
f 292 293 299
f 292 299 298
f 293 294 300
f 293 300 299
f 294 295 301
f 294 301 300
f 295 296 302
f 295 302 301
f 296 291 297
f 296 297 302
f 303 292 291
f 304 297 298
f 303 293 292
f 304 298 299
f 303 294 293
f 304 299 300
f 303 295 294
f 304 300 301
f 303 296 295
f 304 301 302
f 303 291 296
f 304 302 297
f 305 306 312
f 305 312 311
f 306 307 313
f 306 313 312
f 307 308 314
f 307 314 313
f 308 309 315
f 308 315 314
f 309 310 316
f 309 316 315
f 310 305 311
f 310 311 316
f 317 306 305
f 318 311 312
f 317 307 306
f 318 312 313
f 317 308 307
f 318 313 314
f 317 309 308
f 318 314 315
f 317 310 309
f 318 315 316
f 317 305 310
f 318 316 311
f 319 320 326
f 319 326 325
f 320 321 327
f 320 327 326
f 321 322 328
f 321 328 327
f 322 323 329
f 322 329 328
f 323 324 330
f 323 330 329
f 324 319 325
f 324 325 330
f 331 320 319
f 332 325 326
f 331 321 320
f 332 326 327
f 331 322 321
f 332 327 328
f 331 323 322
f 332 328 329
f 331 324 323
f 332 329 330
f 331 319 324
f 332 330 325
f 333 334 340
f 333 340 339
f 334 335 341
f 334 341 340
f 335 336 342
f 335 342 341
f 336 337 343
f 336 343 342
f 337 338 344
f 337 344 343
f 338 333 339
f 338 339 344
f 345 334 333
f 346 339 340
f 345 335 334
f 346 340 341
f 345 336 335
f 346 341 342
f 345 337 336
f 346 342 343
f 345 338 337
f 346 343 344
f 345 333 338
f 346 344 339
f 347 348 354
f 347 354 353
f 348 349 355
f 348 355 354
f 349 350 356
f 349 356 355
f 350 351 357
f 350 357 356
f 351 352 358
f 351 358 357
f 352 347 353
f 352 353 358
f 359 348 347
f 360 353 354
f 359 349 348
f 360 354 355
f 359 350 349
f 360 355 356
f 359 351 350
f 360 356 357
f 359 352 351
f 360 357 358
f 359 347 352
f 360 358 353
f 361 362 368
f 361 368 367
f 362 363 369
f 362 369 368
f 363 364 370
f 363 370 369
f 364 365 371
f 364 371 370
f 365 366 372
f 365 372 371
f 366 361 367
f 366 367 372
f 373 362 361
f 374 367 368
f 373 363 362
f 374 368 369
f 373 364 363
f 374 369 370
f 373 365 364
f 374 370 371
f 373 366 365
f 374 371 372
f 373 361 366
f 374 372 367
f 375 376 382
f 375 382 381
f 376 377 383
f 376 383 382
f 377 378 384
f 377 384 383
f 378 379 385
f 378 385 384
f 379 380 386
f 379 386 385
f 380 375 381
f 380 381 386
f 387 376 375
f 388 381 382
f 387 377 376
f 388 382 383
f 387 378 377
f 388 383 384
f 387 379 378
f 388 384 385
f 387 380 379
f 388 385 386
f 387 375 380
f 388 386 381
f 389 390 396
f 389 396 395
f 390 391 397
f 390 397 396
f 391 392 398
f 391 398 397
f 392 393 399
f 392 399 398
f 393 394 400
f 393 400 399
f 394 389 395
f 394 395 400
f 401 390 389
f 402 395 396
f 401 391 390
f 402 396 397
f 401 392 391
f 402 397 398
f 401 393 392
f 402 398 399
f 401 394 393
f 402 399 400
f 401 389 394
f 402 400 395
f 403 404 410
f 403 410 409
f 404 405 411
f 404 411 410
f 405 406 412
f 405 412 411
f 406 407 413
f 406 413 412
f 407 408 414
f 407 414 413
f 408 403 409
f 408 409 414
f 415 404 403
f 416 409 410
f 415 405 404
f 416 410 411
f 415 406 405
f 416 411 412
f 415 407 406
f 416 412 413
f 415 408 407
f 416 413 414
f 415 403 408
f 416 414 409
f 417 418 424
f 417 424 423
f 418 419 425
f 418 425 424
f 419 420 426
f 419 426 425
f 420 421 427
f 420 427 426
f 421 422 428
f 421 428 427
f 422 417 423
f 422 423 428
f 429 418 417
f 430 423 424
f 429 419 418
f 430 424 425
f 429 420 419
f 430 425 426
f 429 421 420
f 430 426 427
f 429 422 421
f 430 427 428
f 429 417 422
f 430 428 423
f 431 432 438
f 431 438 437
f 432 433 439
f 432 439 438
f 433 434 440
f 433 440 439
f 434 435 441
f 434 441 440
f 435 436 442
f 435 442 441
f 436 431 437
f 436 437 442
f 443 432 431
f 444 437 438
f 443 433 432
f 444 438 439
f 443 434 433
f 444 439 440
f 443 435 434
f 444 440 441
f 443 436 435
f 444 441 442
f 443 431 436
f 444 442 437
f 445 446 452
f 445 452 451
f 446 447 453
f 446 453 452
f 447 448 454
f 447 454 453
f 448 449 455
f 448 455 454
f 449 450 456
f 449 456 455
f 450 445 451
f 450 451 456
f 457 446 445
f 458 451 452
f 457 447 446
f 458 452 453
f 457 448 447
f 458 453 454
f 457 449 448
f 458 454 455
f 457 450 449
f 458 455 456
f 457 445 450
f 458 456 451
f 459 460 466
f 459 466 465
f 460 461 467
f 460 467 466
f 461 462 468
f 461 468 467
f 462 463 469
f 462 469 468
f 463 464 470
f 463 470 469
f 464 459 465
f 464 465 470
f 471 460 459
f 472 465 466
f 471 461 460
f 472 466 467
f 471 462 461
f 472 467 468
f 471 463 462
f 472 468 469
f 471 464 463
f 472 469 470
f 471 459 464
f 472 470 465
f 473 474 480
f 473 480 479
f 474 475 481
f 474 481 480
f 475 476 482
f 475 482 481
f 476 477 483
f 476 483 482
f 477 478 484
f 477 484 483
f 478 473 479
f 478 479 484
f 485 474 473
f 486 479 480
f 485 475 474
f 486 480 481
f 485 476 475
f 486 481 482
f 485 477 476
f 486 482 483
f 485 478 477
f 486 483 484
f 485 473 478
f 486 484 479
f 487 488 494
f 487 494 493
f 488 489 495
f 488 495 494
f 489 490 496
f 489 496 495
f 490 491 497
f 490 497 496
f 491 492 498
f 491 498 497
f 492 487 493
f 492 493 498
f 499 488 487
f 500 493 494
f 499 489 488
f 500 494 495
f 499 490 489
f 500 495 496
f 499 491 490
f 500 496 497
f 499 492 491
f 500 497 498
f 499 487 492
f 500 498 493
f 501 502 508
f 501 508 507
f 502 503 509
f 502 509 508
f 503 504 510
f 503 510 509
f 504 505 511
f 504 511 510
f 505 506 512
f 505 512 511
f 506 501 507
f 506 507 512
f 513 502 501
f 514 507 508
f 513 503 502
f 514 508 509
f 513 504 503
f 514 509 510
f 513 505 504
f 514 510 511
f 513 506 505
f 514 511 512
f 513 501 506
f 514 512 507
f 515 516 522
f 515 522 521
f 516 517 523
f 516 523 522
f 517 518 524
f 517 524 523
f 518 519 525
f 518 525 524
f 519 520 526
f 519 526 525
f 520 515 521
f 520 521 526
f 527 516 515
f 528 521 522
f 527 517 516
f 528 522 523
f 527 518 517
f 528 523 524
f 527 519 518
f 528 524 525
f 527 520 519
f 528 525 526
f 527 515 520
f 528 526 521
f 529 530 536
f 529 536 535
f 530 531 537
f 530 537 536
f 531 532 538
f 531 538 537
f 532 533 539
f 532 539 538
f 533 534 540
f 533 540 539
f 534 529 535
f 534 535 540
f 541 530 529
f 542 535 536
f 541 531 530
f 542 536 537
f 541 532 531
f 542 537 538
f 541 533 532
f 542 538 539
f 541 534 533
f 542 539 540
f 541 529 534
f 542 540 535
f 543 544 550
f 543 550 549
f 544 545 551
f 544 551 550
f 545 546 552
f 545 552 551
f 546 547 553
f 546 553 552
f 547 548 554
f 547 554 553
f 548 543 549
f 548 549 554
f 555 544 543
f 556 549 550
f 555 545 544
f 556 550 551
f 555 546 545
f 556 551 552
f 555 547 546
f 556 552 553
f 555 548 547
f 556 553 554
f 555 543 548
f 556 554 549
f 557 558 564
f 557 564 563
f 558 559 565
f 558 565 564
f 559 560 566
f 559 566 565
f 560 561 567
f 560 567 566
f 561 562 568
f 561 568 567
f 562 557 563
f 562 563 568
f 569 558 557
f 570 563 564
f 569 559 558
f 570 564 565
f 569 560 559
f 570 565 566
f 569 561 560
f 570 566 567
f 569 562 561
f 570 567 568
f 569 557 562
f 570 568 563
f 571 572 578
f 571 578 577
f 572 573 579
f 572 579 578
f 573 574 580
f 573 580 579
f 574 575 581
f 574 581 580
f 575 576 582
f 575 582 581
f 576 571 577
f 576 577 582
f 583 572 571
f 584 577 578
f 583 573 572
f 584 578 579
f 583 574 573
f 584 579 580
f 583 575 574
f 584 580 581
f 583 576 575
f 584 581 582
f 583 571 576
f 584 582 577
f 585 586 592
f 585 592 591
f 586 587 593
f 586 593 592
f 587 588 594
f 587 594 593
f 588 589 595
f 588 595 594
f 589 590 596
f 589 596 595
f 590 585 591
f 590 591 596
f 597 586 585
f 598 591 592
f 597 587 586
f 598 592 593
f 597 588 587
f 598 593 594
f 597 589 588
f 598 594 595
f 597 590 589
f 598 595 596
f 597 585 590
f 598 596 591
f 599 600 606
f 599 606 605
f 600 601 607
f 600 607 606
f 601 602 608
f 601 608 607
f 602 603 609
f 602 609 608
f 603 604 610
f 603 610 609
f 604 599 605
f 604 605 610
f 611 600 599
f 612 605 606
f 611 601 600
f 612 606 607
f 611 602 601
f 612 607 608
f 611 603 602
f 612 608 609
f 611 604 603
f 612 609 610
f 611 599 604
f 612 610 605
f 613 614 620
f 613 620 619
f 614 615 621
f 614 621 620
f 615 616 622
f 615 622 621
f 616 617 623
f 616 623 622
f 617 618 624
f 617 624 623
f 618 613 619
f 618 619 624
f 625 614 613
f 626 619 620
f 625 615 614
f 626 620 621
f 625 616 615
f 626 621 622
f 625 617 616
f 626 622 623
f 625 618 617
f 626 623 624
f 625 613 618
f 626 624 619
f 627 628 634
f 627 634 633
f 628 629 635
f 628 635 634
f 629 630 636
f 629 636 635
f 630 631 637
f 630 637 636
f 631 632 638
f 631 638 637
f 632 627 633
f 632 633 638
f 639 628 627
f 640 633 634
f 639 629 628
f 640 634 635
f 639 630 629
f 640 635 636
f 639 631 630
f 640 636 637
f 639 632 631
f 640 637 638
f 639 627 632
f 640 638 633
f 641 642 648
f 641 648 647
f 642 643 649
f 642 649 648
f 643 644 650
f 643 650 649
f 644 645 651
f 644 651 650
f 645 646 652
f 645 652 651
f 646 641 647
f 646 647 652
f 653 642 641
f 654 647 648
f 653 643 642
f 654 648 649
f 653 644 643
f 654 649 650
f 653 645 644
f 654 650 651
f 653 646 645
f 654 651 652
f 653 641 646
f 654 652 647
f 655 656 662
f 655 662 661
f 656 657 663
f 656 663 662
f 657 658 664
f 657 664 663
f 658 659 665
f 658 665 664
f 659 660 666
f 659 666 665
f 660 655 661
f 660 661 666
f 667 656 655
f 668 661 662
f 667 657 656
f 668 662 663
f 667 658 657
f 668 663 664
f 667 659 658
f 668 664 665
f 667 660 659
f 668 665 666
f 667 655 660
f 668 666 661
f 669 670 676
f 669 676 675
f 670 671 677
f 670 677 676
f 671 672 678
f 671 678 677
f 672 673 679
f 672 679 678
f 673 674 680
f 673 680 679
f 674 669 675
f 674 675 680
f 681 670 669
f 682 675 676
f 681 671 670
f 682 676 677
f 681 672 671
f 682 677 678
f 681 673 672
f 682 678 679
f 681 674 673
f 682 679 680
f 681 669 674
f 682 680 675
f 683 684 690
f 683 690 689
f 684 685 691
f 684 691 690
f 685 686 692
f 685 692 691
f 686 687 693
f 686 693 692
f 687 688 694
f 687 694 693
f 688 683 689
f 688 689 694
f 695 684 683
f 696 689 690
f 695 685 684
f 696 690 691
f 695 686 685
f 696 691 692
f 695 687 686
f 696 692 693
f 695 688 687
f 696 693 694
f 695 683 688
f 696 694 689
f 697 698 704
f 697 704 703
f 698 699 705
f 698 705 704
f 699 700 706
f 699 706 705
f 700 701 707
f 700 707 706
f 701 702 708
f 701 708 707
f 702 697 703
f 702 703 708
f 709 698 697
f 710 703 704
f 709 699 698
f 710 704 705
f 709 700 699
f 710 705 706
f 709 701 700
f 710 706 707
f 709 702 701
f 710 707 708
f 709 697 702
f 710 708 703
f 711 712 718
f 711 718 717
f 712 713 719
f 712 719 718
f 713 714 720
f 713 720 719
f 714 715 721
f 714 721 720
f 715 716 722
f 715 722 721
f 716 711 717
f 716 717 722
f 723 712 711
f 724 717 718
f 723 713 712
f 724 718 719
f 723 714 713
f 724 719 720
f 723 715 714
f 724 720 721
f 723 716 715
f 724 721 722
f 723 711 716
f 724 722 717
f 725 726 732
f 725 732 731
f 726 727 733
f 726 733 732
f 727 728 734
f 727 734 733
f 728 729 735
f 728 735 734
f 729 730 736
f 729 736 735
f 730 725 731
f 730 731 736
f 737 726 725
f 738 731 732
f 737 727 726
f 738 732 733
f 737 728 727
f 738 733 734
f 737 729 728
f 738 734 735
f 737 730 729
f 738 735 736
f 737 725 730
f 738 736 731
f 739 740 746
f 739 746 745
f 740 741 747
f 740 747 746
f 741 742 748
f 741 748 747
f 742 743 749
f 742 749 748
f 743 744 750
f 743 750 749
f 744 739 745
f 744 745 750
f 751 740 739
f 752 745 746
f 751 741 740
f 752 746 747
f 751 742 741
f 752 747 748
f 751 743 742
f 752 748 749
f 751 744 743
f 752 749 750
f 751 739 744
f 752 750 745
f 753 754 760
f 753 760 759
f 754 755 761
f 754 761 760
f 755 756 762
f 755 762 761
f 756 757 763
f 756 763 762
f 757 758 764
f 757 764 763
f 758 753 759
f 758 759 764
f 765 754 753
f 766 759 760
f 765 755 754
f 766 760 761
f 765 756 755
f 766 761 762
f 765 757 756
f 766 762 763
f 765 758 757
f 766 763 764
f 765 753 758
f 766 764 759
f 767 768 774
f 767 774 773
f 768 769 775
f 768 775 774
f 769 770 776
f 769 776 775
f 770 771 777
f 770 777 776
f 771 772 778
f 771 778 777
f 772 767 773
f 772 773 778
f 779 768 767
f 780 773 774
f 779 769 768
f 780 774 775
f 779 770 769
f 780 775 776
f 779 771 770
f 780 776 777
f 779 772 771
f 780 777 778
f 779 767 772
f 780 778 773
f 781 782 788
f 781 788 787
f 782 783 789
f 782 789 788
f 783 784 790
f 783 790 789
f 784 785 791
f 784 791 790
f 785 786 792
f 785 792 791
f 786 781 787
f 786 787 792
f 793 782 781
f 794 787 788
f 793 783 782
f 794 788 789
f 793 784 783
f 794 789 790
f 793 785 784
f 794 790 791
f 793 786 785
f 794 791 792
f 793 781 786
f 794 792 787
f 795 796 802
f 795 802 801
f 796 797 803
f 796 803 802
f 797 798 804
f 797 804 803
f 798 799 805
f 798 805 804
f 799 800 806
f 799 806 805
f 800 795 801
f 800 801 806
f 807 796 795
f 808 801 802
f 807 797 796
f 808 802 803
f 807 798 797
f 808 803 804
f 807 799 798
f 808 804 805
f 807 800 799
f 808 805 806
f 807 795 800
f 808 806 801
f 809 810 816
f 809 816 815
f 810 811 817
f 810 817 816
f 811 812 818
f 811 818 817
f 812 813 819
f 812 819 818
f 813 814 820
f 813 820 819
f 814 809 815
f 814 815 820
f 821 810 809
f 822 815 816
f 821 811 810
f 822 816 817
f 821 812 811
f 822 817 818
f 821 813 812
f 822 818 819
f 821 814 813
f 822 819 820
f 821 809 814
f 822 820 815
f 823 824 830
f 823 830 829
f 824 825 831
f 824 831 830
f 825 826 832
f 825 832 831
f 826 827 833
f 826 833 832
f 827 828 834
f 827 834 833
f 828 823 829
f 828 829 834
f 835 824 823
f 836 829 830
f 835 825 824
f 836 830 831
f 835 826 825
f 836 831 832
f 835 827 826
f 836 832 833
f 835 828 827
f 836 833 834
f 835 823 828
f 836 834 829
f 837 838 844
f 837 844 843
f 838 839 845
f 838 845 844
f 839 840 846
f 839 846 845
f 840 841 847
f 840 847 846
f 841 842 848
f 841 848 847
f 842 837 843
f 842 843 848
f 849 838 837
f 850 843 844
f 849 839 838
f 850 844 845
f 849 840 839
f 850 845 846
f 849 841 840
f 850 846 847
f 849 842 841
f 850 847 848
f 849 837 842
f 850 848 843
f 851 852 858
f 851 858 857
f 852 853 859
f 852 859 858
f 853 854 860
f 853 860 859
f 854 855 861
f 854 861 860
f 855 856 862
f 855 862 861
f 856 851 857
f 856 857 862
f 863 852 851
f 864 857 858
f 863 853 852
f 864 858 859
f 863 854 853
f 864 859 860
f 863 855 854
f 864 860 861
f 863 856 855
f 864 861 862
f 863 851 856
f 864 862 857
f 865 866 872
f 865 872 871
f 866 867 873
f 866 873 872
f 867 868 874
f 867 874 873
f 868 869 875
f 868 875 874
f 869 870 876
f 869 876 875
f 870 865 871
f 870 871 876
f 877 866 865
f 878 871 872
f 877 867 866
f 878 872 873
f 877 868 867
f 878 873 874
f 877 869 868
f 878 874 875
f 877 870 869
f 878 875 876
f 877 865 870
f 878 876 871
f 879 880 886
f 879 886 885
f 880 881 887
f 880 887 886
f 881 882 888
f 881 888 887
f 882 883 889
f 882 889 888
f 883 884 890
f 883 890 889
f 884 879 885
f 884 885 890
f 891 880 879
f 892 885 886
f 891 881 880
f 892 886 887
f 891 882 881
f 892 887 888
f 891 883 882
f 892 888 889
f 891 884 883
f 892 889 890
f 891 879 884
f 892 890 885
f 893 894 900
f 893 900 899
f 894 895 901
f 894 901 900
f 895 896 902
f 895 902 901
f 896 897 903
f 896 903 902
f 897 898 904
f 897 904 903
f 898 893 899
f 898 899 904
f 905 894 893
f 906 899 900
f 905 895 894
f 906 900 901
f 905 896 895
f 906 901 902
f 905 897 896
f 906 902 903
f 905 898 897
f 906 903 904
f 905 893 898
f 906 904 899
f 907 908 914
f 907 914 913
f 908 909 915
f 908 915 914
f 909 910 916
f 909 916 915
f 910 911 917
f 910 917 916
f 911 912 918
f 911 918 917
f 912 907 913
f 912 913 918
f 919 908 907
f 920 913 914
f 919 909 908
f 920 914 915
f 919 910 909
f 920 915 916
f 919 911 910
f 920 916 917
f 919 912 911
f 920 917 918
f 919 907 912
f 920 918 913
f 921 922 928
f 921 928 927
f 922 923 929
f 922 929 928
f 923 924 930
f 923 930 929
f 924 925 931
f 924 931 930
f 925 926 932
f 925 932 931
f 926 921 927
f 926 927 932
f 933 922 921
f 934 927 928
f 933 923 922
f 934 928 929
f 933 924 923
f 934 929 930
f 933 925 924
f 934 930 931
f 933 926 925
f 934 931 932
f 933 921 926
f 934 932 927
f 935 936 942
f 935 942 941
f 936 937 943
f 936 943 942
f 937 938 944
f 937 944 943
f 938 939 945
f 938 945 944
f 939 940 946
f 939 946 945
f 940 935 941
f 940 941 946
f 947 936 935
f 948 941 942
f 947 937 936
f 948 942 943
f 947 938 937
f 948 943 944
f 947 939 938
f 948 944 945
f 947 940 939
f 948 945 946
f 947 935 940
f 948 946 941
f 949 950 956
f 949 956 955
f 950 951 957
f 950 957 956
f 951 952 958
f 951 958 957
f 952 953 959
f 952 959 958
f 953 954 960
f 953 960 959
f 954 949 955
f 954 955 960
f 961 950 949
f 962 955 956
f 961 951 950
f 962 956 957
f 961 952 951
f 962 957 958
f 961 953 952
f 962 958 959
f 961 954 953
f 962 959 960
f 961 949 954
f 962 960 955
f 963 964 970
f 963 970 969
f 964 965 971
f 964 971 970
f 965 966 972
f 965 972 971
f 966 967 973
f 966 973 972
f 967 968 974
f 967 974 973
f 968 963 969
f 968 969 974
f 975 964 963
f 976 969 970
f 975 965 964
f 976 970 971
f 975 966 965
f 976 971 972
f 975 967 966
f 976 972 973
f 975 968 967
f 976 973 974
f 975 963 968
f 976 974 969
f 977 978 984
f 977 984 983
f 978 979 985
f 978 985 984
f 979 980 986
f 979 986 985
f 980 981 987
f 980 987 986
f 981 982 988
f 981 988 987
f 982 977 983
f 982 983 988
f 989 978 977
f 990 983 984
f 989 979 978
f 990 984 985
f 989 980 979
f 990 985 986
f 989 981 980
f 990 986 987
f 989 982 981
f 990 987 988
f 989 977 982
f 990 988 983
f 991 992 998
f 991 998 997
f 992 993 999
f 992 999 998
f 993 994 1000
f 993 1000 999
f 994 995 1001
f 994 1001 1000
f 995 996 1002
f 995 1002 1001
f 996 991 997
f 996 997 1002
f 1003 992 991
f 1004 997 998
f 1003 993 992
f 1004 998 999
f 1003 994 993
f 1004 999 1000
f 1003 995 994
f 1004 1000 1001
f 1003 996 995
f 1004 1001 1002
f 1003 991 996
f 1004 1002 997
f 1005 1006 1012
f 1005 1012 1011
f 1006 1007 1013
f 1006 1013 1012
f 1007 1008 1014
f 1007 1014 1013
f 1008 1009 1015
f 1008 1015 1014
f 1009 1010 1016
f 1009 1016 1015
f 1010 1005 1011
f 1010 1011 1016
f 1017 1006 1005
f 1018 1011 1012
f 1017 1007 1006
f 1018 1012 1013
f 1017 1008 1007
f 1018 1013 1014
f 1017 1009 1008
f 1018 1014 1015
f 1017 1010 1009
f 1018 1015 1016
f 1017 1005 1010
f 1018 1016 1011
f 1019 1020 1026
f 1019 1026 1025
f 1020 1021 1027
f 1020 1027 1026
f 1021 1022 1028
f 1021 1028 1027
f 1022 1023 1029
f 1022 1029 1028
f 1023 1024 1030
f 1023 1030 1029
f 1024 1019 1025
f 1024 1025 1030
f 1031 1020 1019
f 1032 1025 1026
f 1031 1021 1020
f 1032 1026 1027
f 1031 1022 1021
f 1032 1027 1028
f 1031 1023 1022
f 1032 1028 1029
f 1031 1024 1023
f 1032 1029 1030
f 1031 1019 1024
f 1032 1030 1025
f 1033 1034 1040
f 1033 1040 1039
f 1034 1035 1041
f 1034 1041 1040
f 1035 1036 1042
f 1035 1042 1041
f 1036 1037 1043
f 1036 1043 1042
f 1037 1038 1044
f 1037 1044 1043
f 1038 1033 1039
f 1038 1039 1044
f 1045 1034 1033
f 1046 1039 1040
f 1045 1035 1034
f 1046 1040 1041
f 1045 1036 1035
f 1046 1041 1042
f 1045 1037 1036
f 1046 1042 1043
f 1045 1038 1037
f 1046 1043 1044
f 1045 1033 1038
f 1046 1044 1039
f 1047 1048 1054
f 1047 1054 1053
f 1048 1049 1055
f 1048 1055 1054
f 1049 1050 1056
f 1049 1056 1055
f 1050 1051 1057
f 1050 1057 1056
f 1051 1052 1058
f 1051 1058 1057
f 1052 1047 1053
f 1052 1053 1058
f 1059 1048 1047
f 1060 1053 1054
f 1059 1049 1048
f 1060 1054 1055
f 1059 1050 1049
f 1060 1055 1056
f 1059 1051 1050
f 1060 1056 1057
f 1059 1052 1051
f 1060 1057 1058
f 1059 1047 1052
f 1060 1058 1053
f 1061 1062 1068
f 1061 1068 1067
f 1062 1063 1069
f 1062 1069 1068
f 1063 1064 1070
f 1063 1070 1069
f 1064 1065 1071
f 1064 1071 1070
f 1065 1066 1072
f 1065 1072 1071
f 1066 1061 1067
f 1066 1067 1072
f 1073 1062 1061
f 1074 1067 1068
f 1073 1063 1062
f 1074 1068 1069
f 1073 1064 1063
f 1074 1069 1070
f 1073 1065 1064
f 1074 1070 1071
f 1073 1066 1065
f 1074 1071 1072
f 1073 1061 1066
f 1074 1072 1067
f 1075 1076 1082
f 1075 1082 1081
f 1076 1077 1083
f 1076 1083 1082
f 1077 1078 1084
f 1077 1084 1083
f 1078 1079 1085
f 1078 1085 1084
f 1079 1080 1086
f 1079 1086 1085
f 1080 1075 1081
f 1080 1081 1086
f 1087 1076 1075
f 1088 1081 1082
f 1087 1077 1076
f 1088 1082 1083
f 1087 1078 1077
f 1088 1083 1084
f 1087 1079 1078
f 1088 1084 1085
f 1087 1080 1079
f 1088 1085 1086
f 1087 1075 1080
f 1088 1086 1081
f 1089 1090 1096
f 1089 1096 1095
f 1090 1091 1097
f 1090 1097 1096
f 1091 1092 1098
f 1091 1098 1097
f 1092 1093 1099
f 1092 1099 1098
f 1093 1094 1100
f 1093 1100 1099
f 1094 1089 1095
f 1094 1095 1100
f 1101 1090 1089
f 1102 1095 1096
f 1101 1091 1090
f 1102 1096 1097
f 1101 1092 1091
f 1102 1097 1098
f 1101 1093 1092
f 1102 1098 1099
f 1101 1094 1093
f 1102 1099 1100
f 1101 1089 1094
f 1102 1100 1095
f 1103 1104 1110
f 1103 1110 1109
f 1104 1105 1111
f 1104 1111 1110
f 1105 1106 1112
f 1105 1112 1111
f 1106 1107 1113
f 1106 1113 1112
f 1107 1108 1114
f 1107 1114 1113
f 1108 1103 1109
f 1108 1109 1114
f 1115 1104 1103
f 1116 1109 1110
f 1115 1105 1104
f 1116 1110 1111
f 1115 1106 1105
f 1116 1111 1112
f 1115 1107 1106
f 1116 1112 1113
f 1115 1108 1107
f 1116 1113 1114
f 1115 1103 1108
f 1116 1114 1109
f 1117 1118 1124
f 1117 1124 1123
f 1118 1119 1125
f 1118 1125 1124
f 1119 1120 1126
f 1119 1126 1125
f 1120 1121 1127
f 1120 1127 1126
f 1121 1122 1128
f 1121 1128 1127
f 1122 1117 1123
f 1122 1123 1128
f 1129 1118 1117
f 1130 1123 1124
f 1129 1119 1118
f 1130 1124 1125
f 1129 1120 1119
f 1130 1125 1126
f 1129 1121 1120
f 1130 1126 1127
f 1129 1122 1121
f 1130 1127 1128
f 1129 1117 1122
f 1130 1128 1123
f 1131 1132 1138
f 1131 1138 1137
f 1132 1133 1139
f 1132 1139 1138
f 1133 1134 1140
f 1133 1140 1139
f 1134 1135 1141
f 1134 1141 1140
f 1135 1136 1142
f 1135 1142 1141
f 1136 1131 1137
f 1136 1137 1142
f 1143 1132 1131
f 1144 1137 1138
f 1143 1133 1132
f 1144 1138 1139
f 1143 1134 1133
f 1144 1139 1140
f 1143 1135 1134
f 1144 1140 1141
f 1143 1136 1135
f 1144 1141 1142
f 1143 1131 1136
f 1144 1142 1137
f 1145 1146 1152
f 1145 1152 1151
f 1146 1147 1153
f 1146 1153 1152
f 1147 1148 1154
f 1147 1154 1153
f 1148 1149 1155
f 1148 1155 1154
f 1149 1150 1156
f 1149 1156 1155
f 1150 1145 1151
f 1150 1151 1156
f 1157 1146 1145
f 1158 1151 1152
f 1157 1147 1146
f 1158 1152 1153
f 1157 1148 1147
f 1158 1153 1154
f 1157 1149 1148
f 1158 1154 1155
f 1157 1150 1149
f 1158 1155 1156
f 1157 1145 1150
f 1158 1156 1151
f 1159 1160 1166
f 1159 1166 1165
f 1160 1161 1167
f 1160 1167 1166
f 1161 1162 1168
f 1161 1168 1167
f 1162 1163 1169
f 1162 1169 1168
f 1163 1164 1170
f 1163 1170 1169
f 1164 1159 1165
f 1164 1165 1170
f 1171 1160 1159
f 1172 1165 1166
f 1171 1161 1160
f 1172 1166 1167
f 1171 1162 1161
f 1172 1167 1168
f 1171 1163 1162
f 1172 1168 1169
f 1171 1164 1163
f 1172 1169 1170
f 1171 1159 1164
f 1172 1170 1165
f 1173 1174 1180
f 1173 1180 1179
f 1174 1175 1181
f 1174 1181 1180
f 1175 1176 1182
f 1175 1182 1181
f 1176 1177 1183
f 1176 1183 1182
f 1177 1178 1184
f 1177 1184 1183
f 1178 1173 1179
f 1178 1179 1184
f 1185 1174 1173
f 1186 1179 1180
f 1185 1175 1174
f 1186 1180 1181
f 1185 1176 1175
f 1186 1181 1182
f 1185 1177 1176
f 1186 1182 1183
f 1185 1178 1177
f 1186 1183 1184
f 1185 1173 1178
f 1186 1184 1179
f 1187 1188 1194
f 1187 1194 1193
f 1188 1189 1195
f 1188 1195 1194
f 1189 1190 1196
f 1189 1196 1195
f 1190 1191 1197
f 1190 1197 1196
f 1191 1192 1198
f 1191 1198 1197
f 1192 1187 1193
f 1192 1193 1198
f 1199 1188 1187
f 1200 1193 1194
f 1199 1189 1188
f 1200 1194 1195
f 1199 1190 1189
f 1200 1195 1196
f 1199 1191 1190
f 1200 1196 1197
f 1199 1192 1191
f 1200 1197 1198
f 1199 1187 1192
f 1200 1198 1193
f 1201 1202 1208
f 1201 1208 1207
f 1202 1203 1209
f 1202 1209 1208
f 1203 1204 1210
f 1203 1210 1209
f 1204 1205 1211
f 1204 1211 1210
f 1205 1206 1212
f 1205 1212 1211
f 1206 1201 1207
f 1206 1207 1212
f 1213 1202 1201
f 1214 1207 1208
f 1213 1203 1202
f 1214 1208 1209
f 1213 1204 1203
f 1214 1209 1210
f 1213 1205 1204
f 1214 1210 1211
f 1213 1206 1205
f 1214 1211 1212
f 1213 1201 1206
f 1214 1212 1207
g pin_screws
usemtl pin_screws
f 1215 1216 1226
f 1215 1226 1225
f 1216 1217 1227
f 1216 1227 1226
f 1217 1218 1228
f 1217 1228 1227
f 1218 1219 1229
f 1218 1229 1228
f 1219 1220 1230
f 1219 1230 1229
f 1220 1221 1231
f 1220 1231 1230
f 1221 1222 1232
f 1221 1232 1231
f 1222 1223 1233
f 1222 1233 1232
f 1223 1224 1234
f 1223 1234 1233
f 1224 1215 1225
f 1224 1225 1234
f 1235 1216 1215
f 1236 1225 1226
f 1235 1217 1216
f 1236 1226 1227
f 1235 1218 1217
f 1236 1227 1228
f 1235 1219 1218
f 1236 1228 1229
f 1235 1220 1219
f 1236 1229 1230
f 1235 1221 1220
f 1236 1230 1231
f 1235 1222 1221
f 1236 1231 1232
f 1235 1223 1222
f 1236 1232 1233
f 1235 1224 1223
f 1236 1233 1234
f 1235 1215 1224
f 1236 1234 1225
f 1237 1238 1248
f 1237 1248 1247
f 1238 1239 1249
f 1238 1249 1248
f 1239 1240 1250
f 1239 1250 1249
f 1240 1241 1251
f 1240 1251 1250
f 1241 1242 1252
f 1241 1252 1251
f 1242 1243 1253
f 1242 1253 1252
f 1243 1244 1254
f 1243 1254 1253
f 1244 1245 1255
f 1244 1255 1254
f 1245 1246 1256
f 1245 1256 1255
f 1246 1237 1247
f 1246 1247 1256
f 1257 1238 1237
f 1258 1247 1248
f 1257 1239 1238
f 1258 1248 1249
f 1257 1240 1239
f 1258 1249 1250
f 1257 1241 1240
f 1258 1250 1251
f 1257 1242 1241
f 1258 1251 1252
f 1257 1243 1242
f 1258 1252 1253
f 1257 1244 1243
f 1258 1253 1254
f 1257 1245 1244
f 1258 1254 1255
f 1257 1246 1245
f 1258 1255 1256
f 1257 1237 1246
f 1258 1256 1247
f 1259 1260 1270
f 1259 1270 1269
f 1260 1261 1271
f 1260 1271 1270
f 1261 1262 1272
f 1261 1272 1271
f 1262 1263 1273
f 1262 1273 1272
f 1263 1264 1274
f 1263 1274 1273
f 1264 1265 1275
f 1264 1275 1274
f 1265 1266 1276
f 1265 1276 1275
f 1266 1267 1277
f 1266 1277 1276
f 1267 1268 1278
f 1267 1278 1277
f 1268 1259 1269
f 1268 1269 1278
f 1279 1260 1259
f 1280 1269 1270
f 1279 1261 1260
f 1280 1270 1271
f 1279 1262 1261
f 1280 1271 1272
f 1279 1263 1262
f 1280 1272 1273
f 1279 1264 1263
f 1280 1273 1274
f 1279 1265 1264
f 1280 1274 1275
f 1279 1266 1265
f 1280 1275 1276
f 1279 1267 1266
f 1280 1276 1277
f 1279 1268 1267
f 1280 1277 1278
f 1279 1259 1268
f 1280 1278 1269
f 1281 1282 1292
f 1281 1292 1291
f 1282 1283 1293
f 1282 1293 1292
f 1283 1284 1294
f 1283 1294 1293
f 1284 1285 1295
f 1284 1295 1294
f 1285 1286 1296
f 1285 1296 1295
f 1286 1287 1297
f 1286 1297 1296
f 1287 1288 1298
f 1287 1298 1297
f 1288 1289 1299
f 1288 1299 1298
f 1289 1290 1300
f 1289 1300 1299
f 1290 1281 1291
f 1290 1291 1300
f 1301 1282 1281
f 1302 1291 1292
f 1301 1283 1282
f 1302 1292 1293
f 1301 1284 1283
f 1302 1293 1294
f 1301 1285 1284
f 1302 1294 1295
f 1301 1286 1285
f 1302 1295 1296
f 1301 1287 1286
f 1302 1296 1297
f 1301 1288 1287
f 1302 1297 1298
f 1301 1289 1288
f 1302 1298 1299
f 1301 1290 1289
f 1302 1299 1300
f 1301 1281 1290
f 1302 1300 1291
f 1303 1304 1314
f 1303 1314 1313
f 1304 1305 1315
f 1304 1315 1314
f 1305 1306 1316
f 1305 1316 1315
f 1306 1307 1317
f 1306 1317 1316
f 1307 1308 1318
f 1307 1318 1317
f 1308 1309 1319
f 1308 1319 1318
f 1309 1310 1320
f 1309 1320 1319
f 1310 1311 1321
f 1310 1321 1320
f 1311 1312 1322
f 1311 1322 1321
f 1312 1303 1313
f 1312 1313 1322
f 1323 1304 1303
f 1324 1313 1314
f 1323 1305 1304
f 1324 1314 1315
f 1323 1306 1305
f 1324 1315 1316
f 1323 1307 1306
f 1324 1316 1317
f 1323 1308 1307
f 1324 1317 1318
f 1323 1309 1308
f 1324 1318 1319
f 1323 1310 1309
f 1324 1319 1320
f 1323 1311 1310
f 1324 1320 1321
f 1323 1312 1311
f 1324 1321 1322
f 1323 1303 1312
f 1324 1322 1313
f 1325 1326 1336
f 1325 1336 1335
f 1326 1327 1337
f 1326 1337 1336
f 1327 1328 1338
f 1327 1338 1337
f 1328 1329 1339
f 1328 1339 1338
f 1329 1330 1340
f 1329 1340 1339
f 1330 1331 1341
f 1330 1341 1340
f 1331 1332 1342
f 1331 1342 1341
f 1332 1333 1343
f 1332 1343 1342
f 1333 1334 1344
f 1333 1344 1343
f 1334 1325 1335
f 1334 1335 1344
f 1345 1326 1325
f 1346 1335 1336
f 1345 1327 1326
f 1346 1336 1337
f 1345 1328 1327
f 1346 1337 1338
f 1345 1329 1328
f 1346 1338 1339
f 1345 1330 1329
f 1346 1339 1340
f 1345 1331 1330
f 1346 1340 1341
f 1345 1332 1331
f 1346 1341 1342
f 1345 1333 1332
f 1346 1342 1343
f 1345 1334 1333
f 1346 1343 1344
f 1345 1325 1334
f 1346 1344 1335
f 1347 1348 1358
f 1347 1358 1357
f 1348 1349 1359
f 1348 1359 1358
f 1349 1350 1360
f 1349 1360 1359
f 1350 1351 1361
f 1350 1361 1360
f 1351 1352 1362
f 1351 1362 1361
f 1352 1353 1363
f 1352 1363 1362
f 1353 1354 1364
f 1353 1364 1363
f 1354 1355 1365
f 1354 1365 1364
f 1355 1356 1366
f 1355 1366 1365
f 1356 1347 1357
f 1356 1357 1366
f 1367 1348 1347
f 1368 1357 1358
f 1367 1349 1348
f 1368 1358 1359
f 1367 1350 1349
f 1368 1359 1360
f 1367 1351 1350
f 1368 1360 1361
f 1367 1352 1351
f 1368 1361 1362
f 1367 1353 1352
f 1368 1362 1363
f 1367 1354 1353
f 1368 1363 1364
f 1367 1355 1354
f 1368 1364 1365
f 1367 1356 1355
f 1368 1365 1366
f 1367 1347 1356
f 1368 1366 1357
f 1369 1370 1380
f 1369 1380 1379
f 1370 1371 1381
f 1370 1381 1380
f 1371 1372 1382
f 1371 1382 1381
f 1372 1373 1383
f 1372 1383 1382
f 1373 1374 1384
f 1373 1384 1383
f 1374 1375 1385
f 1374 1385 1384
f 1375 1376 1386
f 1375 1386 1385
f 1376 1377 1387
f 1376 1387 1386
f 1377 1378 1388
f 1377 1388 1387
f 1378 1369 1379
f 1378 1379 1388
f 1389 1370 1369
f 1390 1379 1380
f 1389 1371 1370
f 1390 1380 1381
f 1389 1372 1371
f 1390 1381 1382
f 1389 1373 1372
f 1390 1382 1383
f 1389 1374 1373
f 1390 1383 1384
f 1389 1375 1374
f 1390 1384 1385
f 1389 1376 1375
f 1390 1385 1386
f 1389 1377 1376
f 1390 1386 1387
f 1389 1378 1377
f 1390 1387 1388
f 1389 1369 1378
f 1390 1388 1379
f 1391 1392 1402
f 1391 1402 1401
f 1392 1393 1403
f 1392 1403 1402
f 1393 1394 1404
f 1393 1404 1403
f 1394 1395 1405
f 1394 1405 1404
f 1395 1396 1406
f 1395 1406 1405
f 1396 1397 1407
f 1396 1407 1406
f 1397 1398 1408
f 1397 1408 1407
f 1398 1399 1409
f 1398 1409 1408
f 1399 1400 1410
f 1399 1410 1409
f 1400 1391 1401
f 1400 1401 1410
f 1411 1392 1391
f 1412 1401 1402
f 1411 1393 1392
f 1412 1402 1403
f 1411 1394 1393
f 1412 1403 1404
f 1411 1395 1394
f 1412 1404 1405
f 1411 1396 1395
f 1412 1405 1406
f 1411 1397 1396
f 1412 1406 1407
f 1411 1398 1397
f 1412 1407 1408
f 1411 1399 1398
f 1412 1408 1409
f 1411 1400 1399
f 1412 1409 1410
f 1411 1391 1400
f 1412 1410 1401
f 1413 1414 1424
f 1413 1424 1423
f 1414 1415 1425
f 1414 1425 1424
f 1415 1416 1426
f 1415 1426 1425
f 1416 1417 1427
f 1416 1427 1426
f 1417 1418 1428
f 1417 1428 1427
f 1418 1419 1429
f 1418 1429 1428
f 1419 1420 1430
f 1419 1430 1429
f 1420 1421 1431
f 1420 1431 1430
f 1421 1422 1432
f 1421 1432 1431
f 1422 1413 1423
f 1422 1423 1432
f 1433 1414 1413
f 1434 1423 1424
f 1433 1415 1414
f 1434 1424 1425
f 1433 1416 1415
f 1434 1425 1426
f 1433 1417 1416
f 1434 1426 1427
f 1433 1418 1417
f 1434 1427 1428
f 1433 1419 1418
f 1434 1428 1429
f 1433 1420 1419
f 1434 1429 1430
f 1433 1421 1420
f 1434 1430 1431
f 1433 1422 1421
f 1434 1431 1432
f 1433 1413 1422
f 1434 1432 1423
f 1435 1436 1446
f 1435 1446 1445
f 1436 1437 1447
f 1436 1447 1446
f 1437 1438 1448
f 1437 1448 1447
f 1438 1439 1449
f 1438 1449 1448
f 1439 1440 1450
f 1439 1450 1449
f 1440 1441 1451
f 1440 1451 1450
f 1441 1442 1452
f 1441 1452 1451
f 1442 1443 1453
f 1442 1453 1452
f 1443 1444 1454
f 1443 1454 1453
f 1444 1435 1445
f 1444 1445 1454
f 1455 1436 1435
f 1456 1445 1446
f 1455 1437 1436
f 1456 1446 1447
f 1455 1438 1437
f 1456 1447 1448
f 1455 1439 1438
f 1456 1448 1449
f 1455 1440 1439
f 1456 1449 1450
f 1455 1441 1440
f 1456 1450 1451
f 1455 1442 1441
f 1456 1451 1452
f 1455 1443 1442
f 1456 1452 1453
f 1455 1444 1443
f 1456 1453 1454
f 1455 1435 1444
f 1456 1454 1445
f 1457 1458 1468
f 1457 1468 1467
f 1458 1459 1469
f 1458 1469 1468
f 1459 1460 1470
f 1459 1470 1469
f 1460 1461 1471
f 1460 1471 1470
f 1461 1462 1472
f 1461 1472 1471
f 1462 1463 1473
f 1462 1473 1472
f 1463 1464 1474
f 1463 1474 1473
f 1464 1465 1475
f 1464 1475 1474
f 1465 1466 1476
f 1465 1476 1475
f 1466 1457 1467
f 1466 1467 1476
f 1477 1458 1457
f 1478 1467 1468
f 1477 1459 1458
f 1478 1468 1469
f 1477 1460 1459
f 1478 1469 1470
f 1477 1461 1460
f 1478 1470 1471
f 1477 1462 1461
f 1478 1471 1472
f 1477 1463 1462
f 1478 1472 1473
f 1477 1464 1463
f 1478 1473 1474
f 1477 1465 1464
f 1478 1474 1475
f 1477 1466 1465
f 1478 1475 1476
f 1477 1457 1466
f 1478 1476 1467
f 1479 1480 1490
f 1479 1490 1489
f 1480 1481 1491
f 1480 1491 1490
f 1481 1482 1492
f 1481 1492 1491
f 1482 1483 1493
f 1482 1493 1492
f 1483 1484 1494
f 1483 1494 1493
f 1484 1485 1495
f 1484 1495 1494
f 1485 1486 1496
f 1485 1496 1495
f 1486 1487 1497
f 1486 1497 1496
f 1487 1488 1498
f 1487 1498 1497
f 1488 1479 1489
f 1488 1489 1498
f 1499 1480 1479
f 1500 1489 1490
f 1499 1481 1480
f 1500 1490 1491
f 1499 1482 1481
f 1500 1491 1492
f 1499 1483 1482
f 1500 1492 1493
f 1499 1484 1483
f 1500 1493 1494
f 1499 1485 1484
f 1500 1494 1495
f 1499 1486 1485
f 1500 1495 1496
f 1499 1487 1486
f 1500 1496 1497
f 1499 1488 1487
f 1500 1497 1498
f 1499 1479 1488
f 1500 1498 1489
f 1501 1502 1512
f 1501 1512 1511
f 1502 1503 1513
f 1502 1513 1512
f 1503 1504 1514
f 1503 1514 1513
f 1504 1505 1515
f 1504 1515 1514
f 1505 1506 1516
f 1505 1516 1515
f 1506 1507 1517
f 1506 1517 1516
f 1507 1508 1518
f 1507 1518 1517
f 1508 1509 1519
f 1508 1519 1518
f 1509 1510 1520
f 1509 1520 1519
f 1510 1501 1511
f 1510 1511 1520
f 1521 1502 1501
f 1522 1511 1512
f 1521 1503 1502
f 1522 1512 1513
f 1521 1504 1503
f 1522 1513 1514
f 1521 1505 1504
f 1522 1514 1515
f 1521 1506 1505
f 1522 1515 1516
f 1521 1507 1506
f 1522 1516 1517
f 1521 1508 1507
f 1522 1517 1518
f 1521 1509 1508
f 1522 1518 1519
f 1521 1510 1509
f 1522 1519 1520
f 1521 1501 1510
f 1522 1520 1511
f 1523 1524 1534
f 1523 1534 1533
f 1524 1525 1535
f 1524 1535 1534
f 1525 1526 1536
f 1525 1536 1535
f 1526 1527 1537
f 1526 1537 1536
f 1527 1528 1538
f 1527 1538 1537
f 1528 1529 1539
f 1528 1539 1538
f 1529 1530 1540
f 1529 1540 1539
f 1530 1531 1541
f 1530 1541 1540
f 1531 1532 1542
f 1531 1542 1541
f 1532 1523 1533
f 1532 1533 1542
f 1543 1524 1523
f 1544 1533 1534
f 1543 1525 1524
f 1544 1534 1535
f 1543 1526 1525
f 1544 1535 1536
f 1543 1527 1526
f 1544 1536 1537
f 1543 1528 1527
f 1544 1537 1538
f 1543 1529 1528
f 1544 1538 1539
f 1543 1530 1529
f 1544 1539 1540
f 1543 1531 1530
f 1544 1540 1541
f 1543 1532 1531
f 1544 1541 1542
f 1543 1523 1532
f 1544 1542 1533
f 1545 1546 1556
f 1545 1556 1555
f 1546 1547 1557
f 1546 1557 1556
f 1547 1548 1558
f 1547 1558 1557
f 1548 1549 1559
f 1548 1559 1558
f 1549 1550 1560
f 1549 1560 1559
f 1550 1551 1561
f 1550 1561 1560
f 1551 1552 1562
f 1551 1562 1561
f 1552 1553 1563
f 1552 1563 1562
f 1553 1554 1564
f 1553 1564 1563
f 1554 1545 1555
f 1554 1555 1564
f 1565 1546 1545
f 1566 1555 1556
f 1565 1547 1546
f 1566 1556 1557
f 1565 1548 1547
f 1566 1557 1558
f 1565 1549 1548
f 1566 1558 1559
f 1565 1550 1549
f 1566 1559 1560
f 1565 1551 1550
f 1566 1560 1561
f 1565 1552 1551
f 1566 1561 1562
f 1565 1553 1552
f 1566 1562 1563
f 1565 1554 1553
f 1566 1563 1564
f 1565 1545 1554
f 1566 1564 1555
f 1567 1568 1578
f 1567 1578 1577
f 1568 1569 1579
f 1568 1579 1578
f 1569 1570 1580
f 1569 1580 1579
f 1570 1571 1581
f 1570 1581 1580
f 1571 1572 1582
f 1571 1582 1581
f 1572 1573 1583
f 1572 1583 1582
f 1573 1574 1584
f 1573 1584 1583
f 1574 1575 1585
f 1574 1585 1584
f 1575 1576 1586
f 1575 1586 1585
f 1576 1567 1577
f 1576 1577 1586
f 1587 1568 1567
f 1588 1577 1578
f 1587 1569 1568
f 1588 1578 1579
f 1587 1570 1569
f 1588 1579 1580
f 1587 1571 1570
f 1588 1580 1581
f 1587 1572 1571
f 1588 1581 1582
f 1587 1573 1572
f 1588 1582 1583
f 1587 1574 1573
f 1588 1583 1584
f 1587 1575 1574
f 1588 1584 1585
f 1587 1576 1575
f 1588 1585 1586
f 1587 1567 1576
f 1588 1586 1577
f 1589 1590 1600
f 1589 1600 1599
f 1590 1591 1601
f 1590 1601 1600
f 1591 1592 1602
f 1591 1602 1601
f 1592 1593 1603
f 1592 1603 1602
f 1593 1594 1604
f 1593 1604 1603
f 1594 1595 1605
f 1594 1605 1604
f 1595 1596 1606
f 1595 1606 1605
f 1596 1597 1607
f 1596 1607 1606
f 1597 1598 1608
f 1597 1608 1607
f 1598 1589 1599
f 1598 1599 1608
f 1609 1590 1589
f 1610 1599 1600
f 1609 1591 1590
f 1610 1600 1601
f 1609 1592 1591
f 1610 1601 1602
f 1609 1593 1592
f 1610 1602 1603
f 1609 1594 1593
f 1610 1603 1604
f 1609 1595 1594
f 1610 1604 1605
f 1609 1596 1595
f 1610 1605 1606
f 1609 1597 1596
f 1610 1606 1607
f 1609 1598 1597
f 1610 1607 1608
f 1609 1589 1598
f 1610 1608 1599
f 1611 1612 1622
f 1611 1622 1621
f 1612 1613 1623
f 1612 1623 1622
f 1613 1614 1624
f 1613 1624 1623
f 1614 1615 1625
f 1614 1625 1624
f 1615 1616 1626
f 1615 1626 1625
f 1616 1617 1627
f 1616 1627 1626
f 1617 1618 1628
f 1617 1628 1627
f 1618 1619 1629
f 1618 1629 1628
f 1619 1620 1630
f 1619 1630 1629
f 1620 1611 1621
f 1620 1621 1630
f 1631 1612 1611
f 1632 1621 1622
f 1631 1613 1612
f 1632 1622 1623
f 1631 1614 1613
f 1632 1623 1624
f 1631 1615 1614
f 1632 1624 1625
f 1631 1616 1615
f 1632 1625 1626
f 1631 1617 1616
f 1632 1626 1627
f 1631 1618 1617
f 1632 1627 1628
f 1631 1619 1618
f 1632 1628 1629
f 1631 1620 1619
f 1632 1629 1630
f 1631 1611 1620
f 1632 1630 1621
f 1633 1634 1644
f 1633 1644 1643
f 1634 1635 1645
f 1634 1645 1644
f 1635 1636 1646
f 1635 1646 1645
f 1636 1637 1647
f 1636 1647 1646
f 1637 1638 1648
f 1637 1648 1647
f 1638 1639 1649
f 1638 1649 1648
f 1639 1640 1650
f 1639 1650 1649
f 1640 1641 1651
f 1640 1651 1650
f 1641 1642 1652
f 1641 1652 1651
f 1642 1633 1643
f 1642 1643 1652
f 1653 1634 1633
f 1654 1643 1644
f 1653 1635 1634
f 1654 1644 1645
f 1653 1636 1635
f 1654 1645 1646
f 1653 1637 1636
f 1654 1646 1647
f 1653 1638 1637
f 1654 1647 1648
f 1653 1639 1638
f 1654 1648 1649
f 1653 1640 1639
f 1654 1649 1650
f 1653 1641 1640
f 1654 1650 1651
f 1653 1642 1641
f 1654 1651 1652
f 1653 1633 1642
f 1654 1652 1643
f 1655 1656 1666
f 1655 1666 1665
f 1656 1657 1667
f 1656 1667 1666
f 1657 1658 1668
f 1657 1668 1667
f 1658 1659 1669
f 1658 1669 1668
f 1659 1660 1670
f 1659 1670 1669
f 1660 1661 1671
f 1660 1671 1670
f 1661 1662 1672
f 1661 1672 1671
f 1662 1663 1673
f 1662 1673 1672
f 1663 1664 1674
f 1663 1674 1673
f 1664 1655 1665
f 1664 1665 1674
f 1675 1656 1655
f 1676 1665 1666
f 1675 1657 1656
f 1676 1666 1667
f 1675 1658 1657
f 1676 1667 1668
f 1675 1659 1658
f 1676 1668 1669
f 1675 1660 1659
f 1676 1669 1670
f 1675 1661 1660
f 1676 1670 1671
f 1675 1662 1661
f 1676 1671 1672
f 1675 1663 1662
f 1676 1672 1673
f 1675 1664 1663
f 1676 1673 1674
f 1675 1655 1664
f 1676 1674 1665
f 1677 1678 1688
f 1677 1688 1687
f 1678 1679 1689
f 1678 1689 1688
f 1679 1680 1690
f 1679 1690 1689
f 1680 1681 1691
f 1680 1691 1690
f 1681 1682 1692
f 1681 1692 1691
f 1682 1683 1693
f 1682 1693 1692
f 1683 1684 1694
f 1683 1694 1693
f 1684 1685 1695
f 1684 1695 1694
f 1685 1686 1696
f 1685 1696 1695
f 1686 1677 1687
f 1686 1687 1696
f 1697 1678 1677
f 1698 1687 1688
f 1697 1679 1678
f 1698 1688 1689
f 1697 1680 1679
f 1698 1689 1690
f 1697 1681 1680
f 1698 1690 1691
f 1697 1682 1681
f 1698 1691 1692
f 1697 1683 1682
f 1698 1692 1693
f 1697 1684 1683
f 1698 1693 1694
f 1697 1685 1684
f 1698 1694 1695
f 1697 1686 1685
f 1698 1695 1696
f 1697 1677 1686
f 1698 1696 1687
f 1699 1700 1710
f 1699 1710 1709
f 1700 1701 1711
f 1700 1711 1710
f 1701 1702 1712
f 1701 1712 1711
f 1702 1703 1713
f 1702 1713 1712
f 1703 1704 1714
f 1703 1714 1713
f 1704 1705 1715
f 1704 1715 1714
f 1705 1706 1716
f 1705 1716 1715
f 1706 1707 1717
f 1706 1717 1716
f 1707 1708 1718
f 1707 1718 1717
f 1708 1699 1709
f 1708 1709 1718
f 1719 1700 1699
f 1720 1709 1710
f 1719 1701 1700
f 1720 1710 1711
f 1719 1702 1701
f 1720 1711 1712
f 1719 1703 1702
f 1720 1712 1713
f 1719 1704 1703
f 1720 1713 1714
f 1719 1705 1704
f 1720 1714 1715
f 1719 1706 1705
f 1720 1715 1716
f 1719 1707 1706
f 1720 1716 1717
f 1719 1708 1707
f 1720 1717 1718
f 1719 1699 1708
f 1720 1718 1709
f 1721 1722 1732
f 1721 1732 1731
f 1722 1723 1733
f 1722 1733 1732
f 1723 1724 1734
f 1723 1734 1733
f 1724 1725 1735
f 1724 1735 1734
f 1725 1726 1736
f 1725 1736 1735
f 1726 1727 1737
f 1726 1737 1736
f 1727 1728 1738
f 1727 1738 1737
f 1728 1729 1739
f 1728 1739 1738
f 1729 1730 1740
f 1729 1740 1739
f 1730 1721 1731
f 1730 1731 1740
f 1741 1722 1721
f 1742 1731 1732
f 1741 1723 1722
f 1742 1732 1733
f 1741 1724 1723
f 1742 1733 1734
f 1741 1725 1724
f 1742 1734 1735
f 1741 1726 1725
f 1742 1735 1736
f 1741 1727 1726
f 1742 1736 1737
f 1741 1728 1727
f 1742 1737 1738
f 1741 1729 1728
f 1742 1738 1739
f 1741 1730 1729
f 1742 1739 1740
f 1741 1721 1730
f 1742 1740 1731
f 1743 1744 1754
f 1743 1754 1753
f 1744 1745 1755
f 1744 1755 1754
f 1745 1746 1756
f 1745 1756 1755
f 1746 1747 1757
f 1746 1757 1756
f 1747 1748 1758
f 1747 1758 1757
f 1748 1749 1759
f 1748 1759 1758
f 1749 1750 1760
f 1749 1760 1759
f 1750 1751 1761
f 1750 1761 1760
f 1751 1752 1762
f 1751 1762 1761
f 1752 1743 1753
f 1752 1753 1762
f 1763 1744 1743
f 1764 1753 1754
f 1763 1745 1744
f 1764 1754 1755
f 1763 1746 1745
f 1764 1755 1756
f 1763 1747 1746
f 1764 1756 1757
f 1763 1748 1747
f 1764 1757 1758
f 1763 1749 1748
f 1764 1758 1759
f 1763 1750 1749
f 1764 1759 1760
f 1763 1751 1750
f 1764 1760 1761
f 1763 1752 1751
f 1764 1761 1762
f 1763 1743 1752
f 1764 1762 1753
f 1765 1766 1776
f 1765 1776 1775
f 1766 1767 1777
f 1766 1777 1776
f 1767 1768 1778
f 1767 1778 1777
f 1768 1769 1779
f 1768 1779 1778
f 1769 1770 1780
f 1769 1780 1779
f 1770 1771 1781
f 1770 1781 1780
f 1771 1772 1782
f 1771 1782 1781
f 1772 1773 1783
f 1772 1783 1782
f 1773 1774 1784
f 1773 1784 1783
f 1774 1765 1775
f 1774 1775 1784
f 1785 1766 1765
f 1786 1775 1776
f 1785 1767 1766
f 1786 1776 1777
f 1785 1768 1767
f 1786 1777 1778
f 1785 1769 1768
f 1786 1778 1779
f 1785 1770 1769
f 1786 1779 1780
f 1785 1771 1770
f 1786 1780 1781
f 1785 1772 1771
f 1786 1781 1782
f 1785 1773 1772
f 1786 1782 1783
f 1785 1774 1773
f 1786 1783 1784
f 1785 1765 1774
f 1786 1784 1775
f 1787 1788 1798
f 1787 1798 1797
f 1788 1789 1799
f 1788 1799 1798
f 1789 1790 1800
f 1789 1800 1799
f 1790 1791 1801
f 1790 1801 1800
f 1791 1792 1802
f 1791 1802 1801
f 1792 1793 1803
f 1792 1803 1802
f 1793 1794 1804
f 1793 1804 1803
f 1794 1795 1805
f 1794 1805 1804
f 1795 1796 1806
f 1795 1806 1805
f 1796 1787 1797
f 1796 1797 1806
f 1807 1788 1787
f 1808 1797 1798
f 1807 1789 1788
f 1808 1798 1799
f 1807 1790 1789
f 1808 1799 1800
f 1807 1791 1790
f 1808 1800 1801
f 1807 1792 1791
f 1808 1801 1802
f 1807 1793 1792
f 1808 1802 1803
f 1807 1794 1793
f 1808 1803 1804
f 1807 1795 1794
f 1808 1804 1805
f 1807 1796 1795
f 1808 1805 1806
f 1807 1787 1796
f 1808 1806 1797
f 1809 1810 1820
f 1809 1820 1819
f 1810 1811 1821
f 1810 1821 1820
f 1811 1812 1822
f 1811 1822 1821
f 1812 1813 1823
f 1812 1823 1822
f 1813 1814 1824
f 1813 1824 1823
f 1814 1815 1825
f 1814 1825 1824
f 1815 1816 1826
f 1815 1826 1825
f 1816 1817 1827
f 1816 1827 1826
f 1817 1818 1828
f 1817 1828 1827
f 1818 1809 1819
f 1818 1819 1828
f 1829 1810 1809
f 1830 1819 1820
f 1829 1811 1810
f 1830 1820 1821
f 1829 1812 1811
f 1830 1821 1822
f 1829 1813 1812
f 1830 1822 1823
f 1829 1814 1813
f 1830 1823 1824
f 1829 1815 1814
f 1830 1824 1825
f 1829 1816 1815
f 1830 1825 1826
f 1829 1817 1816
f 1830 1826 1827
f 1829 1818 1817
f 1830 1827 1828
f 1829 1809 1818
f 1830 1828 1819
f 1831 1832 1842
f 1831 1842 1841
f 1832 1833 1843
f 1832 1843 1842
f 1833 1834 1844
f 1833 1844 1843
f 1834 1835 1845
f 1834 1845 1844
f 1835 1836 1846
f 1835 1846 1845
f 1836 1837 1847
f 1836 1847 1846
f 1837 1838 1848
f 1837 1848 1847
f 1838 1839 1849
f 1838 1849 1848
f 1839 1840 1850
f 1839 1850 1849
f 1840 1831 1841
f 1840 1841 1850
f 1851 1832 1831
f 1852 1841 1842
f 1851 1833 1832
f 1852 1842 1843
f 1851 1834 1833
f 1852 1843 1844
f 1851 1835 1834
f 1852 1844 1845
f 1851 1836 1835
f 1852 1845 1846
f 1851 1837 1836
f 1852 1846 1847
f 1851 1838 1837
f 1852 1847 1848
f 1851 1839 1838
f 1852 1848 1849
f 1851 1840 1839
f 1852 1849 1850
f 1851 1831 1840
f 1852 1850 1841
f 1853 1854 1864
f 1853 1864 1863
f 1854 1855 1865
f 1854 1865 1864
f 1855 1856 1866
f 1855 1866 1865
f 1856 1857 1867
f 1856 1867 1866
f 1857 1858 1868
f 1857 1868 1867
f 1858 1859 1869
f 1858 1869 1868
f 1859 1860 1870
f 1859 1870 1869
f 1860 1861 1871
f 1860 1871 1870
f 1861 1862 1872
f 1861 1872 1871
f 1862 1853 1863
f 1862 1863 1872
f 1873 1854 1853
f 1874 1863 1864
f 1873 1855 1854
f 1874 1864 1865
f 1873 1856 1855
f 1874 1865 1866
f 1873 1857 1856
f 1874 1866 1867
f 1873 1858 1857
f 1874 1867 1868
f 1873 1859 1858
f 1874 1868 1869
f 1873 1860 1859
f 1874 1869 1870
f 1873 1861 1860
f 1874 1870 1871
f 1873 1862 1861
f 1874 1871 1872
f 1873 1853 1862
f 1874 1872 1863
f 1875 1876 1886
f 1875 1886 1885
f 1876 1877 1887
f 1876 1887 1886
f 1877 1878 1888
f 1877 1888 1887
f 1878 1879 1889
f 1878 1889 1888
f 1879 1880 1890
f 1879 1890 1889
f 1880 1881 1891
f 1880 1891 1890
f 1881 1882 1892
f 1881 1892 1891
f 1882 1883 1893
f 1882 1893 1892
f 1883 1884 1894
f 1883 1894 1893
f 1884 1875 1885
f 1884 1885 1894
f 1895 1876 1875
f 1896 1885 1886
f 1895 1877 1876
f 1896 1886 1887
f 1895 1878 1877
f 1896 1887 1888
f 1895 1879 1878
f 1896 1888 1889
f 1895 1880 1879
f 1896 1889 1890
f 1895 1881 1880
f 1896 1890 1891
f 1895 1882 1881
f 1896 1891 1892
f 1895 1883 1882
f 1896 1892 1893
f 1895 1884 1883
f 1896 1893 1894
f 1895 1875 1884
f 1896 1894 1885
f 1897 1898 1908
f 1897 1908 1907
f 1898 1899 1909
f 1898 1909 1908
f 1899 1900 1910
f 1899 1910 1909
f 1900 1901 1911
f 1900 1911 1910
f 1901 1902 1912
f 1901 1912 1911
f 1902 1903 1913
f 1902 1913 1912
f 1903 1904 1914
f 1903 1914 1913
f 1904 1905 1915
f 1904 1915 1914
f 1905 1906 1916
f 1905 1916 1915
f 1906 1897 1907
f 1906 1907 1916
f 1917 1898 1897
f 1918 1907 1908
f 1917 1899 1898
f 1918 1908 1909
f 1917 1900 1899
f 1918 1909 1910
f 1917 1901 1900
f 1918 1910 1911
f 1917 1902 1901
f 1918 1911 1912
f 1917 1903 1902
f 1918 1912 1913
f 1917 1904 1903
f 1918 1913 1914
f 1917 1905 1904
f 1918 1914 1915
f 1917 1906 1905
f 1918 1915 1916
f 1917 1897 1906
f 1918 1916 1907
f 1919 1920 1930
f 1919 1930 1929
f 1920 1921 1931
f 1920 1931 1930
f 1921 1922 1932
f 1921 1932 1931
f 1922 1923 1933
f 1922 1933 1932
f 1923 1924 1934
f 1923 1934 1933
f 1924 1925 1935
f 1924 1935 1934
f 1925 1926 1936
f 1925 1936 1935
f 1926 1927 1937
f 1926 1937 1936
f 1927 1928 1938
f 1927 1938 1937
f 1928 1919 1929
f 1928 1929 1938
f 1939 1920 1919
f 1940 1929 1930
f 1939 1921 1920
f 1940 1930 1931
f 1939 1922 1921
f 1940 1931 1932
f 1939 1923 1922
f 1940 1932 1933
f 1939 1924 1923
f 1940 1933 1934
f 1939 1925 1924
f 1940 1934 1935
f 1939 1926 1925
f 1940 1935 1936
f 1939 1927 1926
f 1940 1936 1937
f 1939 1928 1927
f 1940 1937 1938
f 1939 1919 1928
f 1940 1938 1929
f 1941 1942 1952
f 1941 1952 1951
f 1942 1943 1953
f 1942 1953 1952
f 1943 1944 1954
f 1943 1954 1953
f 1944 1945 1955
f 1944 1955 1954
f 1945 1946 1956
f 1945 1956 1955
f 1946 1947 1957
f 1946 1957 1956
f 1947 1948 1958
f 1947 1958 1957
f 1948 1949 1959
f 1948 1959 1958
f 1949 1950 1960
f 1949 1960 1959
f 1950 1941 1951
f 1950 1951 1960
f 1961 1942 1941
f 1962 1951 1952
f 1961 1943 1942
f 1962 1952 1953
f 1961 1944 1943
f 1962 1953 1954
f 1961 1945 1944
f 1962 1954 1955
f 1961 1946 1945
f 1962 1955 1956
f 1961 1947 1946
f 1962 1956 1957
f 1961 1948 1947
f 1962 1957 1958
f 1961 1949 1948
f 1962 1958 1959
f 1961 1950 1949
f 1962 1959 1960
f 1961 1941 1950
f 1962 1960 1951
f 1963 1964 1974
f 1963 1974 1973
f 1964 1965 1975
f 1964 1975 1974
f 1965 1966 1976
f 1965 1976 1975
f 1966 1967 1977
f 1966 1977 1976
f 1967 1968 1978
f 1967 1978 1977
f 1968 1969 1979
f 1968 1979 1978
f 1969 1970 1980
f 1969 1980 1979
f 1970 1971 1981
f 1970 1981 1980
f 1971 1972 1982
f 1971 1982 1981
f 1972 1963 1973
f 1972 1973 1982
f 1983 1964 1963
f 1984 1973 1974
f 1983 1965 1964
f 1984 1974 1975
f 1983 1966 1965
f 1984 1975 1976
f 1983 1967 1966
f 1984 1976 1977
f 1983 1968 1967
f 1984 1977 1978
f 1983 1969 1968
f 1984 1978 1979
f 1983 1970 1969
f 1984 1979 1980
f 1983 1971 1970
f 1984 1980 1981
f 1983 1972 1971
f 1984 1981 1982
f 1983 1963 1972
f 1984 1982 1973
f 1985 1986 1996
f 1985 1996 1995
f 1986 1987 1997
f 1986 1997 1996
f 1987 1988 1998
f 1987 1998 1997
f 1988 1989 1999
f 1988 1999 1998
f 1989 1990 2000
f 1989 2000 1999
f 1990 1991 2001
f 1990 2001 2000
f 1991 1992 2002
f 1991 2002 2001
f 1992 1993 2003
f 1992 2003 2002
f 1993 1994 2004
f 1993 2004 2003
f 1994 1985 1995
f 1994 1995 2004
f 2005 1986 1985
f 2006 1995 1996
f 2005 1987 1986
f 2006 1996 1997
f 2005 1988 1987
f 2006 1997 1998
f 2005 1989 1988
f 2006 1998 1999
f 2005 1990 1989
f 2006 1999 2000
f 2005 1991 1990
f 2006 2000 2001
f 2005 1992 1991
f 2006 2001 2002
f 2005 1993 1992
f 2006 2002 2003
f 2005 1994 1993
f 2006 2003 2004
f 2005 1985 1994
f 2006 2004 1995
f 2007 2008 2018
f 2007 2018 2017
f 2008 2009 2019
f 2008 2019 2018
f 2009 2010 2020
f 2009 2020 2019
f 2010 2011 2021
f 2010 2021 2020
f 2011 2012 2022
f 2011 2022 2021
f 2012 2013 2023
f 2012 2023 2022
f 2013 2014 2024
f 2013 2024 2023
f 2014 2015 2025
f 2014 2025 2024
f 2015 2016 2026
f 2015 2026 2025
f 2016 2007 2017
f 2016 2017 2026
f 2027 2008 2007
f 2028 2017 2018
f 2027 2009 2008
f 2028 2018 2019
f 2027 2010 2009
f 2028 2019 2020
f 2027 2011 2010
f 2028 2020 2021
f 2027 2012 2011
f 2028 2021 2022
f 2027 2013 2012
f 2028 2022 2023
f 2027 2014 2013
f 2028 2023 2024
f 2027 2015 2014
f 2028 2024 2025
f 2027 2016 2015
f 2028 2025 2026
f 2027 2007 2016
f 2028 2026 2017
f 2029 2030 2040
f 2029 2040 2039
f 2030 2031 2041
f 2030 2041 2040
f 2031 2032 2042
f 2031 2042 2041
f 2032 2033 2043
f 2032 2043 2042
f 2033 2034 2044
f 2033 2044 2043
f 2034 2035 2045
f 2034 2045 2044
f 2035 2036 2046
f 2035 2046 2045
f 2036 2037 2047
f 2036 2047 2046
f 2037 2038 2048
f 2037 2048 2047
f 2038 2029 2039
f 2038 2039 2048
f 2049 2030 2029
f 2050 2039 2040
f 2049 2031 2030
f 2050 2040 2041
f 2049 2032 2031
f 2050 2041 2042
f 2049 2033 2032
f 2050 2042 2043
f 2049 2034 2033
f 2050 2043 2044
f 2049 2035 2034
f 2050 2044 2045
f 2049 2036 2035
f 2050 2045 2046
f 2049 2037 2036
f 2050 2046 2047
f 2049 2038 2037
f 2050 2047 2048
f 2049 2029 2038
f 2050 2048 2039
f 2051 2052 2062
f 2051 2062 2061
f 2052 2053 2063
f 2052 2063 2062
f 2053 2054 2064
f 2053 2064 2063
f 2054 2055 2065
f 2054 2065 2064
f 2055 2056 2066
f 2055 2066 2065
f 2056 2057 2067
f 2056 2067 2066
f 2057 2058 2068
f 2057 2068 2067
f 2058 2059 2069
f 2058 2069 2068
f 2059 2060 2070
f 2059 2070 2069
f 2060 2051 2061
f 2060 2061 2070
f 2071 2052 2051
f 2072 2061 2062
f 2071 2053 2052
f 2072 2062 2063
f 2071 2054 2053
f 2072 2063 2064
f 2071 2055 2054
f 2072 2064 2065
f 2071 2056 2055
f 2072 2065 2066
f 2071 2057 2056
f 2072 2066 2067
f 2071 2058 2057
f 2072 2067 2068
f 2071 2059 2058
f 2072 2068 2069
f 2071 2060 2059
f 2072 2069 2070
f 2071 2051 2060
f 2072 2070 2061
f 2073 2074 2084
f 2073 2084 2083
f 2074 2075 2085
f 2074 2085 2084
f 2075 2076 2086
f 2075 2086 2085
f 2076 2077 2087
f 2076 2087 2086
f 2077 2078 2088
f 2077 2088 2087
f 2078 2079 2089
f 2078 2089 2088
f 2079 2080 2090
f 2079 2090 2089
f 2080 2081 2091
f 2080 2091 2090
f 2081 2082 2092
f 2081 2092 2091
f 2082 2073 2083
f 2082 2083 2092
f 2093 2074 2073
f 2094 2083 2084
f 2093 2075 2074
f 2094 2084 2085
f 2093 2076 2075
f 2094 2085 2086
f 2093 2077 2076
f 2094 2086 2087
f 2093 2078 2077
f 2094 2087 2088
f 2093 2079 2078
f 2094 2088 2089
f 2093 2080 2079
f 2094 2089 2090
f 2093 2081 2080
f 2094 2090 2091
f 2093 2082 2081
f 2094 2091 2092
f 2093 2073 2082
f 2094 2092 2083
f 2095 2096 2106
f 2095 2106 2105
f 2096 2097 2107
f 2096 2107 2106
f 2097 2098 2108
f 2097 2108 2107
f 2098 2099 2109
f 2098 2109 2108
f 2099 2100 2110
f 2099 2110 2109
f 2100 2101 2111
f 2100 2111 2110
f 2101 2102 2112
f 2101 2112 2111
f 2102 2103 2113
f 2102 2113 2112
f 2103 2104 2114
f 2103 2114 2113
f 2104 2095 2105
f 2104 2105 2114
f 2115 2096 2095
f 2116 2105 2106
f 2115 2097 2096
f 2116 2106 2107
f 2115 2098 2097
f 2116 2107 2108
f 2115 2099 2098
f 2116 2108 2109
f 2115 2100 2099
f 2116 2109 2110
f 2115 2101 2100
f 2116 2110 2111
f 2115 2102 2101
f 2116 2111 2112
f 2115 2103 2102
f 2116 2112 2113
f 2115 2104 2103
f 2116 2113 2114
f 2115 2095 2104
f 2116 2114 2105
f 2117 2118 2128
f 2117 2128 2127
f 2118 2119 2129
f 2118 2129 2128
f 2119 2120 2130
f 2119 2130 2129
f 2120 2121 2131
f 2120 2131 2130
f 2121 2122 2132
f 2121 2132 2131
f 2122 2123 2133
f 2122 2133 2132
f 2123 2124 2134
f 2123 2134 2133
f 2124 2125 2135
f 2124 2135 2134
f 2125 2126 2136
f 2125 2136 2135
f 2126 2117 2127
f 2126 2127 2136
f 2137 2118 2117
f 2138 2127 2128
f 2137 2119 2118
f 2138 2128 2129
f 2137 2120 2119
f 2138 2129 2130
f 2137 2121 2120
f 2138 2130 2131
f 2137 2122 2121
f 2138 2131 2132
f 2137 2123 2122
f 2138 2132 2133
f 2137 2124 2123
f 2138 2133 2134
f 2137 2125 2124
f 2138 2134 2135
f 2137 2126 2125
f 2138 2135 2136
f 2137 2117 2126
f 2138 2136 2127
f 2139 2140 2150
f 2139 2150 2149
f 2140 2141 2151
f 2140 2151 2150
f 2141 2142 2152
f 2141 2152 2151
f 2142 2143 2153
f 2142 2153 2152
f 2143 2144 2154
f 2143 2154 2153
f 2144 2145 2155
f 2144 2155 2154
f 2145 2146 2156
f 2145 2156 2155
f 2146 2147 2157
f 2146 2157 2156
f 2147 2148 2158
f 2147 2158 2157
f 2148 2139 2149
f 2148 2149 2158
f 2159 2140 2139
f 2160 2149 2150
f 2159 2141 2140
f 2160 2150 2151
f 2159 2142 2141
f 2160 2151 2152
f 2159 2143 2142
f 2160 2152 2153
f 2159 2144 2143
f 2160 2153 2154
f 2159 2145 2144
f 2160 2154 2155
f 2159 2146 2145
f 2160 2155 2156
f 2159 2147 2146
f 2160 2156 2157
f 2159 2148 2147
f 2160 2157 2158
f 2159 2139 2148
f 2160 2158 2149
f 2161 2162 2172
f 2161 2172 2171
f 2162 2163 2173
f 2162 2173 2172
f 2163 2164 2174
f 2163 2174 2173
f 2164 2165 2175
f 2164 2175 2174
f 2165 2166 2176
f 2165 2176 2175
f 2166 2167 2177
f 2166 2177 2176
f 2167 2168 2178
f 2167 2178 2177
f 2168 2169 2179
f 2168 2179 2178
f 2169 2170 2180
f 2169 2180 2179
f 2170 2161 2171
f 2170 2171 2180
f 2181 2162 2161
f 2182 2171 2172
f 2181 2163 2162
f 2182 2172 2173
f 2181 2164 2163
f 2182 2173 2174
f 2181 2165 2164
f 2182 2174 2175
f 2181 2166 2165
f 2182 2175 2176
f 2181 2167 2166
f 2182 2176 2177
f 2181 2168 2167
f 2182 2177 2178
f 2181 2169 2168
f 2182 2178 2179
f 2181 2170 2169
f 2182 2179 2180
f 2181 2161 2170
f 2182 2180 2171
f 2183 2184 2194
f 2183 2194 2193
f 2184 2185 2195
f 2184 2195 2194
f 2185 2186 2196
f 2185 2196 2195
f 2186 2187 2197
f 2186 2197 2196
f 2187 2188 2198
f 2187 2198 2197
f 2188 2189 2199
f 2188 2199 2198
f 2189 2190 2200
f 2189 2200 2199
f 2190 2191 2201
f 2190 2201 2200
f 2191 2192 2202
f 2191 2202 2201
f 2192 2183 2193
f 2192 2193 2202
f 2203 2184 2183
f 2204 2193 2194
f 2203 2185 2184
f 2204 2194 2195
f 2203 2186 2185
f 2204 2195 2196
f 2203 2187 2186
f 2204 2196 2197
f 2203 2188 2187
f 2204 2197 2198
f 2203 2189 2188
f 2204 2198 2199
f 2203 2190 2189
f 2204 2199 2200
f 2203 2191 2190
f 2204 2200 2201
f 2203 2192 2191
f 2204 2201 2202
f 2203 2183 2192
f 2204 2202 2193
f 2205 2206 2216
f 2205 2216 2215
f 2206 2207 2217
f 2206 2217 2216
f 2207 2208 2218
f 2207 2218 2217
f 2208 2209 2219
f 2208 2219 2218
f 2209 2210 2220
f 2209 2220 2219
f 2210 2211 2221
f 2210 2221 2220
f 2211 2212 2222
f 2211 2222 2221
f 2212 2213 2223
f 2212 2223 2222
f 2213 2214 2224
f 2213 2224 2223
f 2214 2205 2215
f 2214 2215 2224
f 2225 2206 2205
f 2226 2215 2216
f 2225 2207 2206
f 2226 2216 2217
f 2225 2208 2207
f 2226 2217 2218
f 2225 2209 2208
f 2226 2218 2219
f 2225 2210 2209
f 2226 2219 2220
f 2225 2211 2210
f 2226 2220 2221
f 2225 2212 2211
f 2226 2221 2222
f 2225 2213 2212
f 2226 2222 2223
f 2225 2214 2213
f 2226 2223 2224
f 2225 2205 2214
f 2226 2224 2215
f 2227 2228 2238
f 2227 2238 2237
f 2228 2229 2239
f 2228 2239 2238
f 2229 2230 2240
f 2229 2240 2239
f 2230 2231 2241
f 2230 2241 2240
f 2231 2232 2242
f 2231 2242 2241
f 2232 2233 2243
f 2232 2243 2242
f 2233 2234 2244
f 2233 2244 2243
f 2234 2235 2245
f 2234 2245 2244
f 2235 2236 2246
f 2235 2246 2245
f 2236 2227 2237
f 2236 2237 2246
f 2247 2228 2227
f 2248 2237 2238
f 2247 2229 2228
f 2248 2238 2239
f 2247 2230 2229
f 2248 2239 2240
f 2247 2231 2230
f 2248 2240 2241
f 2247 2232 2231
f 2248 2241 2242
f 2247 2233 2232
f 2248 2242 2243
f 2247 2234 2233
f 2248 2243 2244
f 2247 2235 2234
f 2248 2244 2245
f 2247 2236 2235
f 2248 2245 2246
f 2247 2227 2236
f 2248 2246 2237
f 2249 2250 2260
f 2249 2260 2259
f 2250 2251 2261
f 2250 2261 2260
f 2251 2252 2262
f 2251 2262 2261
f 2252 2253 2263
f 2252 2263 2262
f 2253 2254 2264
f 2253 2264 2263
f 2254 2255 2265
f 2254 2265 2264
f 2255 2256 2266
f 2255 2266 2265
f 2256 2257 2267
f 2256 2267 2266
f 2257 2258 2268
f 2257 2268 2267
f 2258 2249 2259
f 2258 2259 2268
f 2269 2250 2249
f 2270 2259 2260
f 2269 2251 2250
f 2270 2260 2261
f 2269 2252 2251
f 2270 2261 2262
f 2269 2253 2252
f 2270 2262 2263
f 2269 2254 2253
f 2270 2263 2264
f 2269 2255 2254
f 2270 2264 2265
f 2269 2256 2255
f 2270 2265 2266
f 2269 2257 2256
f 2270 2266 2267
f 2269 2258 2257
f 2270 2267 2268
f 2269 2249 2258
f 2270 2268 2259
g strip_links_truss
usemtl strip_links_truss
f 2271 2272 2274
f 2272 2273 2274
f 2275 2277 2276
f 2275 2278 2277
f 2271 2275 2276
f 2271 2276 2272
f 2272 2276 2277
f 2272 2277 2273
f 2273 2277 2278
f 2273 2278 2274
f 2274 2278 2275
f 2274 2275 2271
f 2279 2280 2282
f 2280 2281 2282
f 2283 2285 2284
f 2283 2286 2285
f 2279 2283 2284
f 2279 2284 2280
f 2280 2284 2285
f 2280 2285 2281
f 2281 2285 2286
f 2281 2286 2282
f 2282 2286 2283
f 2282 2283 2279
f 2287 2288 2290
f 2288 2289 2290
f 2291 2293 2292
f 2291 2294 2293
f 2287 2291 2292
f 2287 2292 2288
f 2288 2292 2293
f 2288 2293 2289
f 2289 2293 2294
f 2289 2294 2290
f 2290 2294 2291
f 2290 2291 2287
f 2295 2296 2298
f 2296 2297 2298
f 2299 2301 2300
f 2299 2302 2301
f 2295 2299 2300
f 2295 2300 2296
f 2296 2300 2301
f 2296 2301 2297
f 2297 2301 2302
f 2297 2302 2298
f 2298 2302 2299
f 2298 2299 2295
f 2303 2304 2306
f 2304 2305 2306
f 2307 2309 2308
f 2307 2310 2309
f 2303 2307 2308
f 2303 2308 2304
f 2304 2308 2309
f 2304 2309 2305
f 2305 2309 2310
f 2305 2310 2306
f 2306 2310 2307
f 2306 2307 2303
f 2311 2312 2314
f 2312 2313 2314
f 2315 2317 2316
f 2315 2318 2317
f 2311 2315 2316
f 2311 2316 2312
f 2312 2316 2317
f 2312 2317 2313
f 2313 2317 2318
f 2313 2318 2314
f 2314 2318 2315
f 2314 2315 2311
f 2319 2320 2322
f 2320 2321 2322
f 2323 2325 2324
f 2323 2326 2325
f 2319 2323 2324
f 2319 2324 2320
f 2320 2324 2325
f 2320 2325 2321
f 2321 2325 2326
f 2321 2326 2322
f 2322 2326 2323
f 2322 2323 2319
f 2327 2328 2330
f 2328 2329 2330
f 2331 2333 2332
f 2331 2334 2333
f 2327 2331 2332
f 2327 2332 2328
f 2328 2332 2333
f 2328 2333 2329
f 2329 2333 2334
f 2329 2334 2330
f 2330 2334 2331
f 2330 2331 2327
f 2335 2336 2338
f 2336 2337 2338
f 2339 2341 2340
f 2339 2342 2341
f 2335 2339 2340
f 2335 2340 2336
f 2336 2340 2341
f 2336 2341 2337
f 2337 2341 2342
f 2337 2342 2338
f 2338 2342 2339
f 2338 2339 2335
f 2343 2344 2346
f 2344 2345 2346
f 2347 2349 2348
f 2347 2350 2349
f 2343 2347 2348
f 2343 2348 2344
f 2344 2348 2349
f 2344 2349 2345
f 2345 2349 2350
f 2345 2350 2346
f 2346 2350 2347
f 2346 2347 2343
f 2351 2352 2354
f 2352 2353 2354
f 2355 2357 2356
f 2355 2358 2357
f 2351 2355 2356
f 2351 2356 2352
f 2352 2356 2357
f 2352 2357 2353
f 2353 2357 2358
f 2353 2358 2354
f 2354 2358 2355
f 2354 2355 2351
f 2359 2360 2362
f 2360 2361 2362
f 2363 2365 2364
f 2363 2366 2365
f 2359 2363 2364
f 2359 2364 2360
f 2360 2364 2365
f 2360 2365 2361
f 2361 2365 2366
f 2361 2366 2362
f 2362 2366 2363
f 2362 2363 2359
f 2367 2368 2370
f 2368 2369 2370
f 2371 2373 2372
f 2371 2374 2373
f 2367 2371 2372
f 2367 2372 2368
f 2368 2372 2373
f 2368 2373 2369
f 2369 2373 2374
f 2369 2374 2370
f 2370 2374 2371
f 2370 2371 2367
f 2375 2376 2378
f 2376 2377 2378
f 2379 2381 2380
f 2379 2382 2381
f 2375 2379 2380
f 2375 2380 2376
f 2376 2380 2381
f 2376 2381 2377
f 2377 2381 2382
f 2377 2382 2378
f 2378 2382 2379
f 2378 2379 2375
f 2383 2384 2386
f 2384 2385 2386
f 2387 2389 2388
f 2387 2390 2389
f 2383 2387 2388
f 2383 2388 2384
f 2384 2388 2389
f 2384 2389 2385
f 2385 2389 2390
f 2385 2390 2386
f 2386 2390 2387
f 2386 2387 2383
f 2391 2392 2394
f 2392 2393 2394
f 2395 2397 2396
f 2395 2398 2397
f 2391 2395 2396
f 2391 2396 2392
f 2392 2396 2397
f 2392 2397 2393
f 2393 2397 2398
f 2393 2398 2394
f 2394 2398 2395
f 2394 2395 2391
f 2399 2400 2402
f 2400 2401 2402
f 2403 2405 2404
f 2403 2406 2405
f 2399 2403 2404
f 2399 2404 2400
f 2400 2404 2405
f 2400 2405 2401
f 2401 2405 2406
f 2401 2406 2402
f 2402 2406 2403
f 2402 2403 2399
f 2407 2408 2410
f 2408 2409 2410
f 2411 2413 2412
f 2411 2414 2413
f 2407 2411 2412
f 2407 2412 2408
f 2408 2412 2413
f 2408 2413 2409
f 2409 2413 2414
f 2409 2414 2410
f 2410 2414 2411
f 2410 2411 2407
f 2415 2416 2418
f 2416 2417 2418
f 2419 2421 2420
f 2419 2422 2421
f 2415 2419 2420
f 2415 2420 2416
f 2416 2420 2421
f 2416 2421 2417
f 2417 2421 2422
f 2417 2422 2418
f 2418 2422 2419
f 2418 2419 2415
f 2423 2424 2426
f 2424 2425 2426
f 2427 2429 2428
f 2427 2430 2429
f 2423 2427 2428
f 2423 2428 2424
f 2424 2428 2429
f 2424 2429 2425
f 2425 2429 2430
f 2425 2430 2426
f 2426 2430 2427
f 2426 2427 2423
f 2431 2432 2434
f 2432 2433 2434
f 2435 2437 2436
f 2435 2438 2437
f 2431 2435 2436
f 2431 2436 2432
f 2432 2436 2437
f 2432 2437 2433
f 2433 2437 2438
f 2433 2438 2434
f 2434 2438 2435
f 2434 2435 2431
f 2439 2440 2442
f 2440 2441 2442
f 2443 2445 2444
f 2443 2446 2445
f 2439 2443 2444
f 2439 2444 2440
f 2440 2444 2445
f 2440 2445 2441
f 2441 2445 2446
f 2441 2446 2442
f 2442 2446 2443
f 2442 2443 2439
f 2447 2448 2450
f 2448 2449 2450
f 2451 2453 2452
f 2451 2454 2453
f 2447 2451 2452
f 2447 2452 2448
f 2448 2452 2453
f 2448 2453 2449
f 2449 2453 2454
f 2449 2454 2450
f 2450 2454 2451
f 2450 2451 2447
f 2455 2456 2458
f 2456 2457 2458
f 2459 2461 2460
f 2459 2462 2461
f 2455 2459 2460
f 2455 2460 2456
f 2456 2460 2461
f 2456 2461 2457
f 2457 2461 2462
f 2457 2462 2458
f 2458 2462 2459
f 2458 2459 2455
f 2463 2464 2466
f 2464 2465 2466
f 2467 2469 2468
f 2467 2470 2469
f 2463 2467 2468
f 2463 2468 2464
f 2464 2468 2469
f 2464 2469 2465
f 2465 2469 2470
f 2465 2470 2466
f 2466 2470 2467
f 2466 2467 2463
f 2471 2472 2474
f 2472 2473 2474
f 2475 2477 2476
f 2475 2478 2477
f 2471 2475 2476
f 2471 2476 2472
f 2472 2476 2477
f 2472 2477 2473
f 2473 2477 2478
f 2473 2478 2474
f 2474 2478 2475
f 2474 2475 2471
f 2479 2480 2482
f 2480 2481 2482
f 2483 2485 2484
f 2483 2486 2485
f 2479 2483 2484
f 2479 2484 2480
f 2480 2484 2485
f 2480 2485 2481
f 2481 2485 2486
f 2481 2486 2482
f 2482 2486 2483
f 2482 2483 2479
f 2487 2488 2490
f 2488 2489 2490
f 2491 2493 2492
f 2491 2494 2493
f 2487 2491 2492
f 2487 2492 2488
f 2488 2492 2493
f 2488 2493 2489
f 2489 2493 2494
f 2489 2494 2490
f 2490 2494 2491
f 2490 2491 2487
f 2495 2496 2498
f 2496 2497 2498
f 2499 2501 2500
f 2499 2502 2501
f 2495 2499 2500
f 2495 2500 2496
f 2496 2500 2501
f 2496 2501 2497
f 2497 2501 2502
f 2497 2502 2498
f 2498 2502 2499
f 2498 2499 2495
f 2503 2504 2506
f 2504 2505 2506
f 2507 2509 2508
f 2507 2510 2509
f 2503 2507 2508
f 2503 2508 2504
f 2504 2508 2509
f 2504 2509 2505
f 2505 2509 2510
f 2505 2510 2506
f 2506 2510 2507
f 2506 2507 2503
f 2511 2512 2514
f 2512 2513 2514
f 2515 2517 2516
f 2515 2518 2517
f 2511 2515 2516
f 2511 2516 2512
f 2512 2516 2517
f 2512 2517 2513
f 2513 2517 2518
f 2513 2518 2514
f 2514 2518 2515
f 2514 2515 2511
f 2519 2520 2522
f 2520 2521 2522
f 2523 2525 2524
f 2523 2526 2525
f 2519 2523 2524
f 2519 2524 2520
f 2520 2524 2525
f 2520 2525 2521
f 2521 2525 2526
f 2521 2526 2522
f 2522 2526 2523
f 2522 2523 2519
f 2527 2528 2530
f 2528 2529 2530
f 2531 2533 2532
f 2531 2534 2533
f 2527 2531 2532
f 2527 2532 2528
f 2528 2532 2533
f 2528 2533 2529
f 2529 2533 2534
f 2529 2534 2530
f 2530 2534 2531
f 2530 2531 2527
f 2535 2536 2538
f 2536 2537 2538
f 2539 2541 2540
f 2539 2542 2541
f 2535 2539 2540
f 2535 2540 2536
f 2536 2540 2541
f 2536 2541 2537
f 2537 2541 2542
f 2537 2542 2538
f 2538 2542 2539
f 2538 2539 2535
f 2543 2544 2546
f 2544 2545 2546
f 2547 2549 2548
f 2547 2550 2549
f 2543 2547 2548
f 2543 2548 2544
f 2544 2548 2549
f 2544 2549 2545
f 2545 2549 2550
f 2545 2550 2546
f 2546 2550 2547
f 2546 2547 2543
f 2551 2552 2554
f 2552 2553 2554
f 2555 2557 2556
f 2555 2558 2557
f 2551 2555 2556
f 2551 2556 2552
f 2552 2556 2557
f 2552 2557 2553
f 2553 2557 2558
f 2553 2558 2554
f 2554 2558 2555
f 2554 2555 2551
f 2559 2560 2562
f 2560 2561 2562
f 2563 2565 2564
f 2563 2566 2565
f 2559 2563 2564
f 2559 2564 2560
f 2560 2564 2565
f 2560 2565 2561
f 2561 2565 2566
f 2561 2566 2562
f 2562 2566 2563
f 2562 2563 2559
f 2567 2568 2570
f 2568 2569 2570
f 2571 2573 2572
f 2571 2574 2573
f 2567 2571 2572
f 2567 2572 2568
f 2568 2572 2573
f 2568 2573 2569
f 2569 2573 2574
f 2569 2574 2570
f 2570 2574 2571
f 2570 2571 2567
f 2575 2576 2578
f 2576 2577 2578
f 2579 2581 2580
f 2579 2582 2581
f 2575 2579 2580
f 2575 2580 2576
f 2576 2580 2581
f 2576 2581 2577
f 2577 2581 2582
f 2577 2582 2578
f 2578 2582 2579
f 2578 2579 2575
f 2583 2584 2586
f 2584 2585 2586
f 2587 2589 2588
f 2587 2590 2589
f 2583 2587 2588
f 2583 2588 2584
f 2584 2588 2589
f 2584 2589 2585
f 2585 2589 2590
f 2585 2590 2586
f 2586 2590 2587
f 2586 2587 2583
f 2591 2592 2594
f 2592 2593 2594
f 2595 2597 2596
f 2595 2598 2597
f 2591 2595 2596
f 2591 2596 2592
f 2592 2596 2597
f 2592 2597 2593
f 2593 2597 2598
f 2593 2598 2594
f 2594 2598 2595
f 2594 2595 2591
f 2599 2600 2602
f 2600 2601 2602
f 2603 2605 2604
f 2603 2606 2605
f 2599 2603 2604
f 2599 2604 2600
f 2600 2604 2605
f 2600 2605 2601
f 2601 2605 2606
f 2601 2606 2602
f 2602 2606 2603
f 2602 2603 2599
f 2607 2608 2610
f 2608 2609 2610
f 2611 2613 2612
f 2611 2614 2613
f 2607 2611 2612
f 2607 2612 2608
f 2608 2612 2613
f 2608 2613 2609
f 2609 2613 2614
f 2609 2614 2610
f 2610 2614 2611
f 2610 2611 2607
f 2615 2616 2618
f 2616 2617 2618
f 2619 2621 2620
f 2619 2622 2621
f 2615 2619 2620
f 2615 2620 2616
f 2616 2620 2621
f 2616 2621 2617
f 2617 2621 2622
f 2617 2622 2618
f 2618 2622 2619
f 2618 2619 2615
f 2623 2624 2626
f 2624 2625 2626
f 2627 2629 2628
f 2627 2630 2629
f 2623 2627 2628
f 2623 2628 2624
f 2624 2628 2629
f 2624 2629 2625
f 2625 2629 2630
f 2625 2630 2626
f 2626 2630 2627
f 2626 2627 2623
f 2631 2632 2634
f 2632 2633 2634
f 2635 2637 2636
f 2635 2638 2637
f 2631 2635 2636
f 2631 2636 2632
f 2632 2636 2637
f 2632 2637 2633
f 2633 2637 2638
f 2633 2638 2634
f 2634 2638 2635
f 2634 2635 2631
f 2639 2640 2642
f 2640 2641 2642
f 2643 2645 2644
f 2643 2646 2645
f 2639 2643 2644
f 2639 2644 2640
f 2640 2644 2645
f 2640 2645 2641
f 2641 2645 2646
f 2641 2646 2642
f 2642 2646 2643
f 2642 2643 2639
f 2647 2648 2650
f 2648 2649 2650
f 2651 2653 2652
f 2651 2654 2653
f 2647 2651 2652
f 2647 2652 2648
f 2648 2652 2653
f 2648 2653 2649
f 2649 2653 2654
f 2649 2654 2650
f 2650 2654 2651
f 2650 2651 2647
f 2655 2656 2658
f 2656 2657 2658
f 2659 2661 2660
f 2659 2662 2661
f 2655 2659 2660
f 2655 2660 2656
f 2656 2660 2661
f 2656 2661 2657
f 2657 2661 2662
f 2657 2662 2658
f 2658 2662 2659
f 2658 2659 2655
f 2663 2664 2666
f 2664 2665 2666
f 2667 2669 2668
f 2667 2670 2669
f 2663 2667 2668
f 2663 2668 2664
f 2664 2668 2669
f 2664 2669 2665
f 2665 2669 2670
f 2665 2670 2666
f 2666 2670 2667
f 2666 2667 2663
f 2671 2672 2674
f 2672 2673 2674
f 2675 2677 2676
f 2675 2678 2677
f 2671 2675 2676
f 2671 2676 2672
f 2672 2676 2677
f 2672 2677 2673
f 2673 2677 2678
f 2673 2678 2674
f 2674 2678 2675
f 2674 2675 2671
f 2679 2680 2682
f 2680 2681 2682
f 2683 2685 2684
f 2683 2686 2685
f 2679 2683 2684
f 2679 2684 2680
f 2680 2684 2685
f 2680 2685 2681
f 2681 2685 2686
f 2681 2686 2682
f 2682 2686 2683
f 2682 2683 2679
f 2687 2688 2690
f 2688 2689 2690
f 2691 2693 2692
f 2691 2694 2693
f 2687 2691 2692
f 2687 2692 2688
f 2688 2692 2693
f 2688 2693 2689
f 2689 2693 2694
f 2689 2694 2690
f 2690 2694 2691
f 2690 2691 2687
f 2695 2696 2698
f 2696 2697 2698
f 2699 2701 2700
f 2699 2702 2701
f 2695 2699 2700
f 2695 2700 2696
f 2696 2700 2701
f 2696 2701 2697
f 2697 2701 2702
f 2697 2702 2698
f 2698 2702 2699
f 2698 2699 2695
f 2703 2704 2706
f 2704 2705 2706
f 2707 2709 2708
f 2707 2710 2709
f 2703 2707 2708
f 2703 2708 2704
f 2704 2708 2709
f 2704 2709 2705
f 2705 2709 2710
f 2705 2710 2706
f 2706 2710 2707
f 2706 2707 2703
f 2711 2712 2714
f 2712 2713 2714
f 2715 2717 2716
f 2715 2718 2717
f 2711 2715 2716
f 2711 2716 2712
f 2712 2716 2717
f 2712 2717 2713
f 2713 2717 2718
f 2713 2718 2714
f 2714 2718 2715
f 2714 2715 2711
f 2719 2720 2722
f 2720 2721 2722
f 2723 2725 2724
f 2723 2726 2725
f 2719 2723 2724
f 2719 2724 2720
f 2720 2724 2725
f 2720 2725 2721
f 2721 2725 2726
f 2721 2726 2722
f 2722 2726 2723
f 2722 2723 2719
f 2727 2728 2730
f 2728 2729 2730
f 2731 2733 2732
f 2731 2734 2733
f 2727 2731 2732
f 2727 2732 2728
f 2728 2732 2733
f 2728 2733 2729
f 2729 2733 2734
f 2729 2734 2730
f 2730 2734 2731
f 2730 2731 2727
f 2735 2736 2738
f 2736 2737 2738
f 2739 2741 2740
f 2739 2742 2741
f 2735 2739 2740
f 2735 2740 2736
f 2736 2740 2741
f 2736 2741 2737
f 2737 2741 2742
f 2737 2742 2738
f 2738 2742 2739
f 2738 2739 2735
f 2743 2744 2746
f 2744 2745 2746
f 2747 2749 2748
f 2747 2750 2749
f 2743 2747 2748
f 2743 2748 2744
f 2744 2748 2749
f 2744 2749 2745
f 2745 2749 2750
f 2745 2750 2746
f 2746 2750 2747
f 2746 2747 2743
f 2751 2752 2754
f 2752 2753 2754
f 2755 2757 2756
f 2755 2758 2757
f 2751 2755 2756
f 2751 2756 2752
f 2752 2756 2757
f 2752 2757 2753
f 2753 2757 2758
f 2753 2758 2754
f 2754 2758 2755
f 2754 2755 2751
f 2759 2760 2762
f 2760 2761 2762
f 2763 2765 2764
f 2763 2766 2765
f 2759 2763 2764
f 2759 2764 2760
f 2760 2764 2765
f 2760 2765 2761
f 2761 2765 2766
f 2761 2766 2762
f 2762 2766 2763
f 2762 2763 2759
f 2767 2768 2770
f 2768 2769 2770
f 2771 2773 2772
f 2771 2774 2773
f 2767 2771 2772
f 2767 2772 2768
f 2768 2772 2773
f 2768 2773 2769
f 2769 2773 2774
f 2769 2774 2770
f 2770 2774 2771
f 2770 2771 2767
f 2775 2776 2778
f 2776 2777 2778
f 2779 2781 2780
f 2779 2782 2781
f 2775 2779 2780
f 2775 2780 2776
f 2776 2780 2781
f 2776 2781 2777
f 2777 2781 2782
f 2777 2782 2778
f 2778 2782 2779
f 2778 2779 2775
f 2783 2784 2786
f 2784 2785 2786
f 2787 2789 2788
f 2787 2790 2789
f 2783 2787 2788
f 2783 2788 2784
f 2784 2788 2789
f 2784 2789 2785
f 2785 2789 2790
f 2785 2790 2786
f 2786 2790 2787
f 2786 2787 2783
f 2791 2792 2794
f 2792 2793 2794
f 2795 2797 2796
f 2795 2798 2797
f 2791 2795 2796
f 2791 2796 2792
f 2792 2796 2797
f 2792 2797 2793
f 2793 2797 2798
f 2793 2798 2794
f 2794 2798 2795
f 2794 2795 2791
f 2799 2800 2802
f 2800 2801 2802
f 2803 2805 2804
f 2803 2806 2805
f 2799 2803 2804
f 2799 2804 2800
f 2800 2804 2805
f 2800 2805 2801
f 2801 2805 2806
f 2801 2806 2802
f 2802 2806 2803
f 2802 2803 2799
f 2807 2808 2810
f 2808 2809 2810
f 2811 2813 2812
f 2811 2814 2813
f 2807 2811 2812
f 2807 2812 2808
f 2808 2812 2813
f 2808 2813 2809
f 2809 2813 2814
f 2809 2814 2810
f 2810 2814 2811
f 2810 2811 2807
f 2815 2816 2818
f 2816 2817 2818
f 2819 2821 2820
f 2819 2822 2821
f 2815 2819 2820
f 2815 2820 2816
f 2816 2820 2821
f 2816 2821 2817
f 2817 2821 2822
f 2817 2822 2818
f 2818 2822 2819
f 2818 2819 2815
f 2823 2824 2826
f 2824 2825 2826
f 2827 2829 2828
f 2827 2830 2829
f 2823 2827 2828
f 2823 2828 2824
f 2824 2828 2829
f 2824 2829 2825
f 2825 2829 2830
f 2825 2830 2826
f 2826 2830 2827
f 2826 2827 2823
f 2831 2832 2834
f 2832 2833 2834
f 2835 2837 2836
f 2835 2838 2837
f 2831 2835 2836
f 2831 2836 2832
f 2832 2836 2837
f 2832 2837 2833
f 2833 2837 2838
f 2833 2838 2834
f 2834 2838 2835
f 2834 2835 2831
f 2839 2840 2842
f 2840 2841 2842
f 2843 2845 2844
f 2843 2846 2845
f 2839 2843 2844
f 2839 2844 2840
f 2840 2844 2845
f 2840 2845 2841
f 2841 2845 2846
f 2841 2846 2842
f 2842 2846 2843
f 2842 2843 2839
f 2847 2848 2850
f 2848 2849 2850
f 2851 2853 2852
f 2851 2854 2853
f 2847 2851 2852
f 2847 2852 2848
f 2848 2852 2853
f 2848 2853 2849
f 2849 2853 2854
f 2849 2854 2850
f 2850 2854 2851
f 2850 2851 2847
f 2855 2856 2858
f 2856 2857 2858
f 2859 2861 2860
f 2859 2862 2861
f 2855 2859 2860
f 2855 2860 2856
f 2856 2860 2861
f 2856 2861 2857
f 2857 2861 2862
f 2857 2862 2858
f 2858 2862 2859
f 2858 2859 2855
f 2863 2864 2866
f 2864 2865 2866
f 2867 2869 2868
f 2867 2870 2869
f 2863 2867 2868
f 2863 2868 2864
f 2864 2868 2869
f 2864 2869 2865
f 2865 2869 2870
f 2865 2870 2866
f 2866 2870 2867
f 2866 2867 2863
f 2871 2872 2874
f 2872 2873 2874
f 2875 2877 2876
f 2875 2878 2877
f 2871 2875 2876
f 2871 2876 2872
f 2872 2876 2877
f 2872 2877 2873
f 2873 2877 2878
f 2873 2878 2874
f 2874 2878 2875
f 2874 2875 2871
f 2879 2880 2882
f 2880 2881 2882
f 2883 2885 2884
f 2883 2886 2885
f 2879 2883 2884
f 2879 2884 2880
f 2880 2884 2885
f 2880 2885 2881
f 2881 2885 2886
f 2881 2886 2882
f 2882 2886 2883
f 2882 2883 2879
f 2887 2888 2890
f 2888 2889 2890
f 2891 2893 2892
f 2891 2894 2893
f 2887 2891 2892
f 2887 2892 2888
f 2888 2892 2893
f 2888 2893 2889
f 2889 2893 2894
f 2889 2894 2890
f 2890 2894 2891
f 2890 2891 2887
f 2895 2896 2898
f 2896 2897 2898
f 2899 2901 2900
f 2899 2902 2901
f 2895 2899 2900
f 2895 2900 2896
f 2896 2900 2901
f 2896 2901 2897
f 2897 2901 2902
f 2897 2902 2898
f 2898 2902 2899
f 2898 2899 2895
f 2903 2904 2906
f 2904 2905 2906
f 2907 2909 2908
f 2907 2910 2909
f 2903 2907 2908
f 2903 2908 2904
f 2904 2908 2909
f 2904 2909 2905
f 2905 2909 2910
f 2905 2910 2906
f 2906 2910 2907
f 2906 2907 2903
f 2911 2912 2914
f 2912 2913 2914
f 2915 2917 2916
f 2915 2918 2917
f 2911 2915 2916
f 2911 2916 2912
f 2912 2916 2917
f 2912 2917 2913
f 2913 2917 2918
f 2913 2918 2914
f 2914 2918 2915
f 2914 2915 2911
f 2919 2920 2922
f 2920 2921 2922
f 2923 2925 2924
f 2923 2926 2925
f 2919 2923 2924
f 2919 2924 2920
f 2920 2924 2925
f 2920 2925 2921
f 2921 2925 2926
f 2921 2926 2922
f 2922 2926 2923
f 2922 2923 2919
f 2927 2928 2930
f 2928 2929 2930
f 2931 2933 2932
f 2931 2934 2933
f 2927 2931 2932
f 2927 2932 2928
f 2928 2932 2933
f 2928 2933 2929
f 2929 2933 2934
f 2929 2934 2930
f 2930 2934 2931
f 2930 2931 2927
f 2935 2936 2938
f 2936 2937 2938
f 2939 2941 2940
f 2939 2942 2941
f 2935 2939 2940
f 2935 2940 2936
f 2936 2940 2941
f 2936 2941 2937
f 2937 2941 2942
f 2937 2942 2938
f 2938 2942 2939
f 2938 2939 2935
f 2943 2944 2946
f 2944 2945 2946
f 2947 2949 2948
f 2947 2950 2949
f 2943 2947 2948
f 2943 2948 2944
f 2944 2948 2949
f 2944 2949 2945
f 2945 2949 2950
f 2945 2950 2946
f 2946 2950 2947
f 2946 2947 2943
f 2951 2952 2954
f 2952 2953 2954
f 2955 2957 2956
f 2955 2958 2957
f 2951 2955 2956
f 2951 2956 2952
f 2952 2956 2957
f 2952 2957 2953
f 2953 2957 2958
f 2953 2958 2954
f 2954 2958 2955
f 2954 2955 2951
f 2959 2960 2962
f 2960 2961 2962
f 2963 2965 2964
f 2963 2966 2965
f 2959 2963 2964
f 2959 2964 2960
f 2960 2964 2965
f 2960 2965 2961
f 2961 2965 2966
f 2961 2966 2962
f 2962 2966 2963
f 2962 2963 2959
f 2967 2968 2970
f 2968 2969 2970
f 2971 2973 2972
f 2971 2974 2973
f 2967 2971 2972
f 2967 2972 2968
f 2968 2972 2973
f 2968 2973 2969
f 2969 2973 2974
f 2969 2974 2970
f 2970 2974 2971
f 2970 2971 2967
f 2975 2976 2978
f 2976 2977 2978
f 2979 2981 2980
f 2979 2982 2981
f 2975 2979 2980
f 2975 2980 2976
f 2976 2980 2981
f 2976 2981 2977
f 2977 2981 2982
f 2977 2982 2978
f 2978 2982 2979
f 2978 2979 2975
f 2983 2984 2986
f 2984 2985 2986
f 2987 2989 2988
f 2987 2990 2989
f 2983 2987 2988
f 2983 2988 2984
f 2984 2988 2989
f 2984 2989 2985
f 2985 2989 2990
f 2985 2990 2986
f 2986 2990 2987
f 2986 2987 2983
f 2991 2992 2994
f 2992 2993 2994
f 2995 2997 2996
f 2995 2998 2997
f 2991 2995 2996
f 2991 2996 2992
f 2992 2996 2997
f 2992 2997 2993
f 2993 2997 2998
f 2993 2998 2994
f 2994 2998 2995
f 2994 2995 2991
f 2999 3000 3002
f 3000 3001 3002
f 3003 3005 3004
f 3003 3006 3005
f 2999 3003 3004
f 2999 3004 3000
f 3000 3004 3005
f 3000 3005 3001
f 3001 3005 3006
f 3001 3006 3002
f 3002 3006 3003
f 3002 3003 2999
f 3007 3008 3010
f 3008 3009 3010
f 3011 3013 3012
f 3011 3014 3013
f 3007 3011 3012
f 3007 3012 3008
f 3008 3012 3013
f 3008 3013 3009
f 3009 3013 3014
f 3009 3014 3010
f 3010 3014 3011
f 3010 3011 3007
f 3015 3016 3018
f 3016 3017 3018
f 3019 3021 3020
f 3019 3022 3021
f 3015 3019 3020
f 3015 3020 3016
f 3016 3020 3021
f 3016 3021 3017
f 3017 3021 3022
f 3017 3022 3018
f 3018 3022 3019
f 3018 3019 3015
f 3023 3024 3026
f 3024 3025 3026
f 3027 3029 3028
f 3027 3030 3029
f 3023 3027 3028
f 3023 3028 3024
f 3024 3028 3029
f 3024 3029 3025
f 3025 3029 3030
f 3025 3030 3026
f 3026 3030 3027
f 3026 3027 3023
f 3031 3032 3034
f 3032 3033 3034
f 3035 3037 3036
f 3035 3038 3037
f 3031 3035 3036
f 3031 3036 3032
f 3032 3036 3037
f 3032 3037 3033
f 3033 3037 3038
f 3033 3038 3034
f 3034 3038 3035
f 3034 3035 3031
f 3039 3040 3042
f 3040 3041 3042
f 3043 3045 3044
f 3043 3046 3045
f 3039 3043 3044
f 3039 3044 3040
f 3040 3044 3045
f 3040 3045 3041
f 3041 3045 3046
f 3041 3046 3042
f 3042 3046 3043
f 3042 3043 3039
f 3047 3048 3050
f 3048 3049 3050
f 3051 3053 3052
f 3051 3054 3053
f 3047 3051 3052
f 3047 3052 3048
f 3048 3052 3053
f 3048 3053 3049
f 3049 3053 3054
f 3049 3054 3050
f 3050 3054 3051
f 3050 3051 3047
f 3055 3056 3058
f 3056 3057 3058
f 3059 3061 3060
f 3059 3062 3061
f 3055 3059 3060
f 3055 3060 3056
f 3056 3060 3061
f 3056 3061 3057
f 3057 3061 3062
f 3057 3062 3058
f 3058 3062 3059
f 3058 3059 3055
f 3063 3064 3066
f 3064 3065 3066
f 3067 3069 3068
f 3067 3070 3069
f 3063 3067 3068
f 3063 3068 3064
f 3064 3068 3069
f 3064 3069 3065
f 3065 3069 3070
f 3065 3070 3066
f 3066 3070 3067
f 3066 3067 3063
f 3071 3072 3074
f 3072 3073 3074
f 3075 3077 3076
f 3075 3078 3077
f 3071 3075 3076
f 3071 3076 3072
f 3072 3076 3077
f 3072 3077 3073
f 3073 3077 3078
f 3073 3078 3074
f 3074 3078 3075
f 3074 3075 3071
f 3079 3080 3082
f 3080 3081 3082
f 3083 3085 3084
f 3083 3086 3085
f 3079 3083 3084
f 3079 3084 3080
f 3080 3084 3085
f 3080 3085 3081
f 3081 3085 3086
f 3081 3086 3082
f 3082 3086 3083
f 3082 3083 3079
f 3087 3088 3090
f 3088 3089 3090
f 3091 3093 3092
f 3091 3094 3093
f 3087 3091 3092
f 3087 3092 3088
f 3088 3092 3093
f 3088 3093 3089
f 3089 3093 3094
f 3089 3094 3090
f 3090 3094 3091
f 3090 3091 3087
f 3095 3096 3098
f 3096 3097 3098
f 3099 3101 3100
f 3099 3102 3101
f 3095 3099 3100
f 3095 3100 3096
f 3096 3100 3101
f 3096 3101 3097
f 3097 3101 3102
f 3097 3102 3098
f 3098 3102 3099
f 3098 3099 3095
f 3103 3104 3106
f 3104 3105 3106
f 3107 3109 3108
f 3107 3110 3109
f 3103 3107 3108
f 3103 3108 3104
f 3104 3108 3109
f 3104 3109 3105
f 3105 3109 3110
f 3105 3110 3106
f 3106 3110 3107
f 3106 3107 3103
f 3111 3112 3114
f 3112 3113 3114
f 3115 3117 3116
f 3115 3118 3117
f 3111 3115 3116
f 3111 3116 3112
f 3112 3116 3117
f 3112 3117 3113
f 3113 3117 3118
f 3113 3118 3114
f 3114 3118 3115
f 3114 3115 3111
f 3119 3120 3122
f 3120 3121 3122
f 3123 3125 3124
f 3123 3126 3125
f 3119 3123 3124
f 3119 3124 3120
f 3120 3124 3125
f 3120 3125 3121
f 3121 3125 3126
f 3121 3126 3122
f 3122 3126 3123
f 3122 3123 3119
f 3127 3128 3130
f 3128 3129 3130
f 3131 3133 3132
f 3131 3134 3133
f 3127 3131 3132
f 3127 3132 3128
f 3128 3132 3133
f 3128 3133 3129
f 3129 3133 3134
f 3129 3134 3130
f 3130 3134 3131
f 3130 3131 3127
f 3135 3136 3138
f 3136 3137 3138
f 3139 3141 3140
f 3139 3142 3141
f 3135 3139 3140
f 3135 3140 3136
f 3136 3140 3141
f 3136 3141 3137
f 3137 3141 3142
f 3137 3142 3138
f 3138 3142 3139
f 3138 3139 3135
f 3143 3144 3146
f 3144 3145 3146
f 3147 3149 3148
f 3147 3150 3149
f 3143 3147 3148
f 3143 3148 3144
f 3144 3148 3149
f 3144 3149 3145
f 3145 3149 3150
f 3145 3150 3146
f 3146 3150 3147
f 3146 3147 3143
f 3151 3152 3154
f 3152 3153 3154
f 3155 3157 3156
f 3155 3158 3157
f 3151 3155 3156
f 3151 3156 3152
f 3152 3156 3157
f 3152 3157 3153
f 3153 3157 3158
f 3153 3158 3154
f 3154 3158 3155
f 3154 3155 3151
f 3159 3160 3162
f 3160 3161 3162
f 3163 3165 3164
f 3163 3166 3165
f 3159 3163 3164
f 3159 3164 3160
f 3160 3164 3165
f 3160 3165 3161
f 3161 3165 3166
f 3161 3166 3162
f 3162 3166 3163
f 3162 3163 3159
f 3167 3168 3170
f 3168 3169 3170
f 3171 3173 3172
f 3171 3174 3173
f 3167 3171 3172
f 3167 3172 3168
f 3168 3172 3173
f 3168 3173 3169
f 3169 3173 3174
f 3169 3174 3170
f 3170 3174 3171
f 3170 3171 3167
f 3175 3176 3178
f 3176 3177 3178
f 3179 3181 3180
f 3179 3182 3181
f 3175 3179 3180
f 3175 3180 3176
f 3176 3180 3181
f 3176 3181 3177
f 3177 3181 3182
f 3177 3182 3178
f 3178 3182 3179
f 3178 3179 3175
f 3183 3184 3186
f 3184 3185 3186
f 3187 3189 3188
f 3187 3190 3189
f 3183 3187 3188
f 3183 3188 3184
f 3184 3188 3189
f 3184 3189 3185
f 3185 3189 3190
f 3185 3190 3186
f 3186 3190 3187
f 3186 3187 3183
f 3191 3192 3194
f 3192 3193 3194
f 3195 3197 3196
f 3195 3198 3197
f 3191 3195 3196
f 3191 3196 3192
f 3192 3196 3197
f 3192 3197 3193
f 3193 3197 3198
f 3193 3198 3194
f 3194 3198 3195
f 3194 3195 3191
f 3199 3200 3202
f 3200 3201 3202
f 3203 3205 3204
f 3203 3206 3205
f 3199 3203 3204
f 3199 3204 3200
f 3200 3204 3205
f 3200 3205 3201
f 3201 3205 3206
f 3201 3206 3202
f 3202 3206 3203
f 3202 3203 3199
f 3207 3208 3210
f 3208 3209 3210
f 3211 3213 3212
f 3211 3214 3213
f 3207 3211 3212
f 3207 3212 3208
f 3208 3212 3213
f 3208 3213 3209
f 3209 3213 3214
f 3209 3214 3210
f 3210 3214 3211
f 3210 3211 3207
f 3215 3216 3218
f 3216 3217 3218
f 3219 3221 3220
f 3219 3222 3221
f 3215 3219 3220
f 3215 3220 3216
f 3216 3220 3221
f 3216 3221 3217
f 3217 3221 3222
f 3217 3222 3218
f 3218 3222 3219
f 3218 3219 3215
f 3223 3224 3226
f 3224 3225 3226
f 3227 3229 3228
f 3227 3230 3229
f 3223 3227 3228
f 3223 3228 3224
f 3224 3228 3229
f 3224 3229 3225
f 3225 3229 3230
f 3225 3230 3226
f 3226 3230 3227
f 3226 3227 3223
