ISO-10303-21;
HEADER;
FILE_DESCRIPTION(('TRUNC Metamaterial Joint CAD Model - UNIT_CELL_ARROWHEAD'), '2;1');
FILE_NAME('unit_cell_arrowhead_linkage.step', '2026-10-09T05:00:00', ('TRUNC Lab'), ('Robotics'), 'Python STEP Exporter', 'HardSoftWebGPU', '');
FILE_SCHEMA(('AUTOMOTIVE_DESIGN { 1 0 10303 214 1 1 1 1 }'));
ENDSEC;
DATA;
#1 = APPLICATION_CONTEXT('core data for automotive mechanical design processes');
#2 = APPLICATION_PROTOCOL_DEFINITION('international standard', 'automotive_design', 2000, #1);
#3 = PRODUCT_CONTEXT('3D Mechanical Context', #1, 'mechanical');
#4 = PRODUCT('UNIT_CELL_ARROWHEAD', 'UNIT_CELL_ARROWHEAD', 'TRUNC Metamaterial Component', (#3));
#5 = PRODUCT_DEFINITION_FORMATION('1.0', 'First Release', #4);
#6 = PRODUCT_DEFINITION('design', 'TRUNC Component Definition', #5, #3);
#7 = PRODUCT_DEFINITION_SHAPE('Shape Definition', 'Shape for TRUNC Component', #6);
#8 = GEOMETRIC_REPRESENTATION_CONTEXT(3);
#9 = ( GEOMETRIC_REPRESENTATION_CONTEXT(3) GLOBAL_UNCERTAINTY_ASSIGNED_CONTEXT((#10)) GLOBAL_UNIT_ASSIGNED_CONTEXT((#11, #12, #13)) REPRESENTATION_CONTEXT('Context #1', '3D Context with UNIT and UNCERTAINTY') );
#10 = UNCERTAINTY_MEASURE_WITH_UNIT(LENGTH_MEASURE(1.E-05), #11, 'distance_accuracy_value', 'Maximum Model Space Distance');
#11 = ( LENGTH_UNIT() NAMED_UNIT(*) SI_UNIT(.MILLI., .METRE.) );
#12 = ( NAMED_UNIT(*) PLANE_ANGLE_UNIT() SI_UNIT($, .RADIAN.) );
#13 = ( NAMED_UNIT(*) SI_UNIT($, .STERADIAN.) SOLID_ANGLE_UNIT() );
#14 = CARTESIAN_POINT('Origin', (0., 0., 0.));
#15 = DIRECTION('Axis', (0., 0., 1.));
#16 = DIRECTION('RefDir', (1., 0., 0.));
#17 = AXIS2_PLACEMENT_3D('Placement', #14, #15, #16);
#18 = CARTESIAN_POINT('', (-20.3662, -2.1600, -3.7384));
#19 = CARTESIAN_POINT('', (-20.3662, 2.1600, -3.7384));
#20 = CARTESIAN_POINT('', (-19.6338, -2.1600, -4.2616));
#21 = CARTESIAN_POINT('', (-19.6338, 2.1600, -4.2616));
#22 = CARTESIAN_POINT('', (-0.3662, -2.1600, 24.2616));
#23 = CARTESIAN_POINT('', (-0.3662, 2.1600, 24.2616));
#24 = CARTESIAN_POINT('', (0.3662, -2.1600, 23.7384));
#25 = CARTESIAN_POINT('', (0.3662, 2.1600, 23.7384));
#26 = CARTESIAN_POINT('', (0.3662, -2.1600, 24.2616));
#27 = CARTESIAN_POINT('', (0.3662, 2.1600, 24.2616));
#28 = CARTESIAN_POINT('', (-0.3662, -2.1600, 23.7384));
#29 = CARTESIAN_POINT('', (-0.3662, 2.1600, 23.7384));
#30 = CARTESIAN_POINT('', (20.3662, -2.1600, -3.7384));
#31 = CARTESIAN_POINT('', (20.3662, 2.1600, -3.7384));
#32 = CARTESIAN_POINT('', (19.6338, -2.1600, -4.2616));
#33 = CARTESIAN_POINT('', (19.6338, 2.1600, -4.2616));
#34 = CARTESIAN_POINT('', (-20.2315, -2.1600, -3.6141));
#35 = CARTESIAN_POINT('', (-20.2315, 2.1600, -3.6141));
#36 = CARTESIAN_POINT('', (-19.7685, -2.1600, -4.3859));
#37 = CARTESIAN_POINT('', (-19.7685, 2.1600, -4.3859));
#38 = CARTESIAN_POINT('', (-0.2315, -2.1600, 8.3859));
#39 = CARTESIAN_POINT('', (-0.2315, 2.1600, 8.3859));
#40 = CARTESIAN_POINT('', (0.2315, -2.1600, 7.6141));
#41 = CARTESIAN_POINT('', (0.2315, 2.1600, 7.6141));
#42 = CARTESIAN_POINT('', (0.2315, -2.1600, 8.3859));
#43 = CARTESIAN_POINT('', (0.2315, 2.1600, 8.3859));
#44 = CARTESIAN_POINT('', (-0.2315, -2.1600, 7.6141));
#45 = CARTESIAN_POINT('', (-0.2315, 2.1600, 7.6141));
#46 = CARTESIAN_POINT('', (20.2315, -2.1600, -3.6141));
#47 = CARTESIAN_POINT('', (20.2315, 2.1600, -3.6141));
#48 = CARTESIAN_POINT('', (19.7685, -2.1600, -4.3859));
#49 = CARTESIAN_POINT('', (19.7685, 2.1600, -4.3859));
#50 = CARTESIAN_POINT('', (0.0000, -1.2000, 19.5000));
#51 = CARTESIAN_POINT('', (-1.7221, -1.2000, 19.8425));
#52 = CARTESIAN_POINT('', (-3.1820, -1.2000, 20.8180));
#53 = CARTESIAN_POINT('', (-4.1575, -1.2000, 22.2779));
#54 = CARTESIAN_POINT('', (-4.5000, -1.2000, 24.0000));
#55 = CARTESIAN_POINT('', (-4.1575, -1.2000, 25.7221));
#56 = CARTESIAN_POINT('', (-3.1820, -1.2000, 27.1820));
#57 = CARTESIAN_POINT('', (-1.7221, -1.2000, 28.1575));
#58 = CARTESIAN_POINT('', (-0.0000, -1.2000, 28.5000));
#59 = CARTESIAN_POINT('', (1.7221, -1.2000, 28.1575));
#60 = CARTESIAN_POINT('', (3.1820, -1.2000, 27.1820));
#61 = CARTESIAN_POINT('', (4.1575, -1.2000, 25.7221));
#62 = CARTESIAN_POINT('', (4.5000, -1.2000, 24.0000));
#63 = CARTESIAN_POINT('', (4.1575, -1.2000, 22.2779));
#64 = CARTESIAN_POINT('', (3.1820, -1.2000, 20.8180));
#65 = CARTESIAN_POINT('', (1.7221, -1.2000, 19.8425));
#66 = CARTESIAN_POINT('', (0.0000, 0.0000, 19.5000));
#67 = CARTESIAN_POINT('', (-1.7221, 0.0000, 19.8425));
#68 = CARTESIAN_POINT('', (-3.1820, 0.0000, 20.8180));
#69 = CARTESIAN_POINT('', (-4.1575, 0.0000, 22.2779));
#70 = CARTESIAN_POINT('', (-4.5000, 0.0000, 24.0000));
#71 = CARTESIAN_POINT('', (-4.1575, 0.0000, 25.7221));
#72 = CARTESIAN_POINT('', (-3.1820, 0.0000, 27.1820));
#73 = CARTESIAN_POINT('', (-1.7221, 0.0000, 28.1575));
#74 = CARTESIAN_POINT('', (-0.0000, 0.0000, 28.5000));
#75 = CARTESIAN_POINT('', (1.7221, 0.0000, 28.1575));
#76 = CARTESIAN_POINT('', (3.1820, 0.0000, 27.1820));
#77 = CARTESIAN_POINT('', (4.1575, 0.0000, 25.7221));
#78 = CARTESIAN_POINT('', (4.5000, 0.0000, 24.0000));
#79 = CARTESIAN_POINT('', (4.1575, 0.0000, 22.2779));
#80 = CARTESIAN_POINT('', (3.1820, 0.0000, 20.8180));
#81 = CARTESIAN_POINT('', (1.7221, 0.0000, 19.8425));
#82 = CARTESIAN_POINT('', (0.0000, -1.2000, 24.0000));
#83 = CARTESIAN_POINT('', (0.0000, 0.0000, 24.0000));
#84 = CARTESIAN_POINT('', (0.0000, 0.0000, 19.5000));
#85 = CARTESIAN_POINT('', (-1.7221, 0.0000, 19.8425));
#86 = CARTESIAN_POINT('', (-3.1820, 0.0000, 20.8180));
#87 = CARTESIAN_POINT('', (-4.1575, 0.0000, 22.2779));
#88 = CARTESIAN_POINT('', (-4.5000, 0.0000, 24.0000));
#89 = CARTESIAN_POINT('', (-4.1575, 0.0000, 25.7221));
#90 = CARTESIAN_POINT('', (-3.1820, 0.0000, 27.1820));
#91 = CARTESIAN_POINT('', (-1.7221, 0.0000, 28.1575));
#92 = CARTESIAN_POINT('', (-0.0000, 0.0000, 28.5000));
#93 = CARTESIAN_POINT('', (1.7221, 0.0000, 28.1575));
#94 = CARTESIAN_POINT('', (3.1820, 0.0000, 27.1820));
#95 = CARTESIAN_POINT('', (4.1575, 0.0000, 25.7221));
#96 = CARTESIAN_POINT('', (4.5000, 0.0000, 24.0000));
#97 = CARTESIAN_POINT('', (4.1575, 0.0000, 22.2779));
#98 = CARTESIAN_POINT('', (3.1820, 0.0000, 20.8180));
#99 = CARTESIAN_POINT('', (1.7221, 0.0000, 19.8425));
#100 = CARTESIAN_POINT('', (0.0000, 1.2000, 19.5000));
#101 = CARTESIAN_POINT('', (-1.7221, 1.2000, 19.8425));
#102 = CARTESIAN_POINT('', (-3.1820, 1.2000, 20.8180));
#103 = CARTESIAN_POINT('', (-4.1575, 1.2000, 22.2779));
#104 = CARTESIAN_POINT('', (-4.5000, 1.2000, 24.0000));
#105 = CARTESIAN_POINT('', (-4.1575, 1.2000, 25.7221));
#106 = CARTESIAN_POINT('', (-3.1820, 1.2000, 27.1820));
#107 = CARTESIAN_POINT('', (-1.7221, 1.2000, 28.1575));
#108 = CARTESIAN_POINT('', (-0.0000, 1.2000, 28.5000));
#109 = CARTESIAN_POINT('', (1.7221, 1.2000, 28.1575));
#110 = CARTESIAN_POINT('', (3.1820, 1.2000, 27.1820));
#111 = CARTESIAN_POINT('', (4.1575, 1.2000, 25.7221));
#112 = CARTESIAN_POINT('', (4.5000, 1.2000, 24.0000));
#113 = CARTESIAN_POINT('', (4.1575, 1.2000, 22.2779));
#114 = CARTESIAN_POINT('', (3.1820, 1.2000, 20.8180));
#115 = CARTESIAN_POINT('', (1.7221, 1.2000, 19.8425));
#116 = CARTESIAN_POINT('', (0.0000, 0.0000, 24.0000));
#117 = CARTESIAN_POINT('', (0.0000, 1.2000, 24.0000));
#118 = CARTESIAN_POINT('', (0.0000, -2.2500, 22.8000));
#119 = CARTESIAN_POINT('', (-0.6000, -2.2500, 22.9608));
#120 = CARTESIAN_POINT('', (-1.0392, -2.2500, 23.4000));
#121 = CARTESIAN_POINT('', (-1.2000, -2.2500, 24.0000));
#122 = CARTESIAN_POINT('', (-1.0392, -2.2500, 24.6000));
#123 = CARTESIAN_POINT('', (-0.6000, -2.2500, 25.0392));
#124 = CARTESIAN_POINT('', (-0.0000, -2.2500, 25.2000));
#125 = CARTESIAN_POINT('', (0.6000, -2.2500, 25.0392));
#126 = CARTESIAN_POINT('', (1.0392, -2.2500, 24.6000));
#127 = CARTESIAN_POINT('', (1.2000, -2.2500, 24.0000));
#128 = CARTESIAN_POINT('', (1.0392, -2.2500, 23.4000));
#129 = CARTESIAN_POINT('', (0.6000, -2.2500, 22.9608));
#130 = CARTESIAN_POINT('', (0.0000, 2.2500, 22.8000));
#131 = CARTESIAN_POINT('', (-0.6000, 2.2500, 22.9608));
#132 = CARTESIAN_POINT('', (-1.0392, 2.2500, 23.4000));
#133 = CARTESIAN_POINT('', (-1.2000, 2.2500, 24.0000));
#134 = CARTESIAN_POINT('', (-1.0392, 2.2500, 24.6000));
#135 = CARTESIAN_POINT('', (-0.6000, 2.2500, 25.0392));
#136 = CARTESIAN_POINT('', (-0.0000, 2.2500, 25.2000));
#137 = CARTESIAN_POINT('', (0.6000, 2.2500, 25.0392));
#138 = CARTESIAN_POINT('', (1.0392, 2.2500, 24.6000));
#139 = CARTESIAN_POINT('', (1.2000, 2.2500, 24.0000));
#140 = CARTESIAN_POINT('', (1.0392, 2.2500, 23.4000));
#141 = CARTESIAN_POINT('', (0.6000, 2.2500, 22.9608));
#142 = CARTESIAN_POINT('', (0.0000, -2.2500, 24.0000));
#143 = CARTESIAN_POINT('', (0.0000, 2.2500, 24.0000));
#144 = CARTESIAN_POINT('', (0.0000, 2.2500, 21.8400));
#145 = CARTESIAN_POINT('', (-1.0800, 2.2500, 22.1294));
#146 = CARTESIAN_POINT('', (-1.8706, 2.2500, 22.9200));
#147 = CARTESIAN_POINT('', (-2.1600, 2.2500, 24.0000));
#148 = CARTESIAN_POINT('', (-1.8706, 2.2500, 25.0800));
#149 = CARTESIAN_POINT('', (-1.0800, 2.2500, 25.8706));
#150 = CARTESIAN_POINT('', (-0.0000, 2.2500, 26.1600));
#151 = CARTESIAN_POINT('', (1.0800, 2.2500, 25.8706));
#152 = CARTESIAN_POINT('', (1.8706, 2.2500, 25.0800));
#153 = CARTESIAN_POINT('', (2.1600, 2.2500, 24.0000));
#154 = CARTESIAN_POINT('', (1.8706, 2.2500, 22.9200));
#155 = CARTESIAN_POINT('', (1.0800, 2.2500, 22.1294));
#156 = CARTESIAN_POINT('', (0.0000, 3.4500, 21.8400));
#157 = CARTESIAN_POINT('', (-1.0800, 3.4500, 22.1294));
#158 = CARTESIAN_POINT('', (-1.8706, 3.4500, 22.9200));
#159 = CARTESIAN_POINT('', (-2.1600, 3.4500, 24.0000));
#160 = CARTESIAN_POINT('', (-1.8706, 3.4500, 25.0800));
#161 = CARTESIAN_POINT('', (-1.0800, 3.4500, 25.8706));
#162 = CARTESIAN_POINT('', (-0.0000, 3.4500, 26.1600));
#163 = CARTESIAN_POINT('', (1.0800, 3.4500, 25.8706));
#164 = CARTESIAN_POINT('', (1.8706, 3.4500, 25.0800));
#165 = CARTESIAN_POINT('', (2.1600, 3.4500, 24.0000));
#166 = CARTESIAN_POINT('', (1.8706, 3.4500, 22.9200));
#167 = CARTESIAN_POINT('', (1.0800, 3.4500, 22.1294));
#168 = CARTESIAN_POINT('', (0.0000, 2.2500, 24.0000));
#169 = CARTESIAN_POINT('', (0.0000, 3.4500, 24.0000));
#170 = CARTESIAN_POINT('', (0.0000, -3.4500, 21.9600));
#171 = CARTESIAN_POINT('', (-1.4425, -3.4500, 22.5575));
#172 = CARTESIAN_POINT('', (-2.0400, -3.4500, 24.0000));
#173 = CARTESIAN_POINT('', (-1.4425, -3.4500, 25.4425));
#174 = CARTESIAN_POINT('', (-0.0000, -3.4500, 26.0400));
#175 = CARTESIAN_POINT('', (1.4425, -3.4500, 25.4425));
#176 = CARTESIAN_POINT('', (2.0400, -3.4500, 24.0000));
#177 = CARTESIAN_POINT('', (1.4425, -3.4500, 22.5575));
#178 = CARTESIAN_POINT('', (0.0000, -2.2500, 21.9600));
#179 = CARTESIAN_POINT('', (-1.4425, -2.2500, 22.5575));
#180 = CARTESIAN_POINT('', (-2.0400, -2.2500, 24.0000));
#181 = CARTESIAN_POINT('', (-1.4425, -2.2500, 25.4425));
#182 = CARTESIAN_POINT('', (-0.0000, -2.2500, 26.0400));
#183 = CARTESIAN_POINT('', (1.4425, -2.2500, 25.4425));
#184 = CARTESIAN_POINT('', (2.0400, -2.2500, 24.0000));
#185 = CARTESIAN_POINT('', (1.4425, -2.2500, 22.5575));
#186 = CARTESIAN_POINT('', (0.0000, -3.4500, 24.0000));
#187 = CARTESIAN_POINT('', (0.0000, -2.2500, 24.0000));
#188 = CARTESIAN_POINT('', (-20.0000, -1.2000, -8.5000));
#189 = CARTESIAN_POINT('', (-21.7221, -1.2000, -8.1575));
#190 = CARTESIAN_POINT('', (-23.1820, -1.2000, -7.1820));
#191 = CARTESIAN_POINT('', (-24.1575, -1.2000, -5.7221));
#192 = CARTESIAN_POINT('', (-24.5000, -1.2000, -4.0000));
#193 = CARTESIAN_POINT('', (-24.1575, -1.2000, -2.2779));
#194 = CARTESIAN_POINT('', (-23.1820, -1.2000, -0.8180));
#195 = CARTESIAN_POINT('', (-21.7221, -1.2000, 0.1575));
#196 = CARTESIAN_POINT('', (-20.0000, -1.2000, 0.5000));
#197 = CARTESIAN_POINT('', (-18.2779, -1.2000, 0.1575));
#198 = CARTESIAN_POINT('', (-16.8180, -1.2000, -0.8180));
#199 = CARTESIAN_POINT('', (-15.8425, -1.2000, -2.2779));
#200 = CARTESIAN_POINT('', (-15.5000, -1.2000, -4.0000));
#201 = CARTESIAN_POINT('', (-15.8425, -1.2000, -5.7221));
#202 = CARTESIAN_POINT('', (-16.8180, -1.2000, -7.1820));
#203 = CARTESIAN_POINT('', (-18.2779, -1.2000, -8.1575));
#204 = CARTESIAN_POINT('', (-20.0000, 0.0000, -8.5000));
#205 = CARTESIAN_POINT('', (-21.7221, 0.0000, -8.1575));
#206 = CARTESIAN_POINT('', (-23.1820, 0.0000, -7.1820));
#207 = CARTESIAN_POINT('', (-24.1575, 0.0000, -5.7221));
#208 = CARTESIAN_POINT('', (-24.5000, 0.0000, -4.0000));
#209 = CARTESIAN_POINT('', (-24.1575, 0.0000, -2.2779));
#210 = CARTESIAN_POINT('', (-23.1820, 0.0000, -0.8180));
#211 = CARTESIAN_POINT('', (-21.7221, 0.0000, 0.1575));
#212 = CARTESIAN_POINT('', (-20.0000, 0.0000, 0.5000));
#213 = CARTESIAN_POINT('', (-18.2779, 0.0000, 0.1575));
#214 = CARTESIAN_POINT('', (-16.8180, 0.0000, -0.8180));
#215 = CARTESIAN_POINT('', (-15.8425, 0.0000, -2.2779));
#216 = CARTESIAN_POINT('', (-15.5000, 0.0000, -4.0000));
#217 = CARTESIAN_POINT('', (-15.8425, 0.0000, -5.7221));
#218 = CARTESIAN_POINT('', (-16.8180, 0.0000, -7.1820));
#219 = CARTESIAN_POINT('', (-18.2779, 0.0000, -8.1575));
#220 = CARTESIAN_POINT('', (-20.0000, -1.2000, -4.0000));
#221 = CARTESIAN_POINT('', (-20.0000, 0.0000, -4.0000));
#222 = CARTESIAN_POINT('', (-20.0000, 0.0000, -8.5000));
#223 = CARTESIAN_POINT('', (-21.7221, 0.0000, -8.1575));
#224 = CARTESIAN_POINT('', (-23.1820, 0.0000, -7.1820));
#225 = CARTESIAN_POINT('', (-24.1575, 0.0000, -5.7221));
#226 = CARTESIAN_POINT('', (-24.5000, 0.0000, -4.0000));
#227 = CARTESIAN_POINT('', (-24.1575, 0.0000, -2.2779));
#228 = CARTESIAN_POINT('', (-23.1820, 0.0000, -0.8180));
#229 = CARTESIAN_POINT('', (-21.7221, 0.0000, 0.1575));
#230 = CARTESIAN_POINT('', (-20.0000, 0.0000, 0.5000));
#231 = CARTESIAN_POINT('', (-18.2779, 0.0000, 0.1575));
#232 = CARTESIAN_POINT('', (-16.8180, 0.0000, -0.8180));
#233 = CARTESIAN_POINT('', (-15.8425, 0.0000, -2.2779));
#234 = CARTESIAN_POINT('', (-15.5000, 0.0000, -4.0000));
#235 = CARTESIAN_POINT('', (-15.8425, 0.0000, -5.7221));
#236 = CARTESIAN_POINT('', (-16.8180, 0.0000, -7.1820));
#237 = CARTESIAN_POINT('', (-18.2779, 0.0000, -8.1575));
#238 = CARTESIAN_POINT('', (-20.0000, 1.2000, -8.5000));
#239 = CARTESIAN_POINT('', (-21.7221, 1.2000, -8.1575));
#240 = CARTESIAN_POINT('', (-23.1820, 1.2000, -7.1820));
#241 = CARTESIAN_POINT('', (-24.1575, 1.2000, -5.7221));
#242 = CARTESIAN_POINT('', (-24.5000, 1.2000, -4.0000));
#243 = CARTESIAN_POINT('', (-24.1575, 1.2000, -2.2779));
#244 = CARTESIAN_POINT('', (-23.1820, 1.2000, -0.8180));
#245 = CARTESIAN_POINT('', (-21.7221, 1.2000, 0.1575));
#246 = CARTESIAN_POINT('', (-20.0000, 1.2000, 0.5000));
#247 = CARTESIAN_POINT('', (-18.2779, 1.2000, 0.1575));
#248 = CARTESIAN_POINT('', (-16.8180, 1.2000, -0.8180));
#249 = CARTESIAN_POINT('', (-15.8425, 1.2000, -2.2779));
#250 = CARTESIAN_POINT('', (-15.5000, 1.2000, -4.0000));
#251 = CARTESIAN_POINT('', (-15.8425, 1.2000, -5.7221));
#252 = CARTESIAN_POINT('', (-16.8180, 1.2000, -7.1820));
#253 = CARTESIAN_POINT('', (-18.2779, 1.2000, -8.1575));
#254 = CARTESIAN_POINT('', (-20.0000, 0.0000, -4.0000));
#255 = CARTESIAN_POINT('', (-20.0000, 1.2000, -4.0000));
#256 = CARTESIAN_POINT('', (-20.0000, -2.2500, -5.2000));
#257 = CARTESIAN_POINT('', (-20.6000, -2.2500, -5.0392));
#258 = CARTESIAN_POINT('', (-21.0392, -2.2500, -4.6000));
#259 = CARTESIAN_POINT('', (-21.2000, -2.2500, -4.0000));
#260 = CARTESIAN_POINT('', (-21.0392, -2.2500, -3.4000));
#261 = CARTESIAN_POINT('', (-20.6000, -2.2500, -2.9608));
#262 = CARTESIAN_POINT('', (-20.0000, -2.2500, -2.8000));
#263 = CARTESIAN_POINT('', (-19.4000, -2.2500, -2.9608));
#264 = CARTESIAN_POINT('', (-18.9608, -2.2500, -3.4000));
#265 = CARTESIAN_POINT('', (-18.8000, -2.2500, -4.0000));
#266 = CARTESIAN_POINT('', (-18.9608, -2.2500, -4.6000));
#267 = CARTESIAN_POINT('', (-19.4000, -2.2500, -5.0392));
#268 = CARTESIAN_POINT('', (-20.0000, 2.2500, -5.2000));
#269 = CARTESIAN_POINT('', (-20.6000, 2.2500, -5.0392));
#270 = CARTESIAN_POINT('', (-21.0392, 2.2500, -4.6000));
#271 = CARTESIAN_POINT('', (-21.2000, 2.2500, -4.0000));
#272 = CARTESIAN_POINT('', (-21.0392, 2.2500, -3.4000));
#273 = CARTESIAN_POINT('', (-20.6000, 2.2500, -2.9608));
#274 = CARTESIAN_POINT('', (-20.0000, 2.2500, -2.8000));
#275 = CARTESIAN_POINT('', (-19.4000, 2.2500, -2.9608));
#276 = CARTESIAN_POINT('', (-18.9608, 2.2500, -3.4000));
#277 = CARTESIAN_POINT('', (-18.8000, 2.2500, -4.0000));
#278 = CARTESIAN_POINT('', (-18.9608, 2.2500, -4.6000));
#279 = CARTESIAN_POINT('', (-19.4000, 2.2500, -5.0392));
#280 = CARTESIAN_POINT('', (-20.0000, -2.2500, -4.0000));
#281 = CARTESIAN_POINT('', (-20.0000, 2.2500, -4.0000));
#282 = CARTESIAN_POINT('', (-20.0000, 2.2500, -6.1600));
#283 = CARTESIAN_POINT('', (-21.0800, 2.2500, -5.8706));
#284 = CARTESIAN_POINT('', (-21.8706, 2.2500, -5.0800));
#285 = CARTESIAN_POINT('', (-22.1600, 2.2500, -4.0000));
#286 = CARTESIAN_POINT('', (-21.8706, 2.2500, -2.9200));
#287 = CARTESIAN_POINT('', (-21.0800, 2.2500, -2.1294));
#288 = CARTESIAN_POINT('', (-20.0000, 2.2500, -1.8400));
#289 = CARTESIAN_POINT('', (-18.9200, 2.2500, -2.1294));
#290 = CARTESIAN_POINT('', (-18.1294, 2.2500, -2.9200));
#291 = CARTESIAN_POINT('', (-17.8400, 2.2500, -4.0000));
#292 = CARTESIAN_POINT('', (-18.1294, 2.2500, -5.0800));
#293 = CARTESIAN_POINT('', (-18.9200, 2.2500, -5.8706));
#294 = CARTESIAN_POINT('', (-20.0000, 3.4500, -6.1600));
#295 = CARTESIAN_POINT('', (-21.0800, 3.4500, -5.8706));
#296 = CARTESIAN_POINT('', (-21.8706, 3.4500, -5.0800));
#297 = CARTESIAN_POINT('', (-22.1600, 3.4500, -4.0000));
#298 = CARTESIAN_POINT('', (-21.8706, 3.4500, -2.9200));
#299 = CARTESIAN_POINT('', (-21.0800, 3.4500, -2.1294));
#300 = CARTESIAN_POINT('', (-20.0000, 3.4500, -1.8400));
#301 = CARTESIAN_POINT('', (-18.9200, 3.4500, -2.1294));
#302 = CARTESIAN_POINT('', (-18.1294, 3.4500, -2.9200));
#303 = CARTESIAN_POINT('', (-17.8400, 3.4500, -4.0000));
#304 = CARTESIAN_POINT('', (-18.1294, 3.4500, -5.0800));
#305 = CARTESIAN_POINT('', (-18.9200, 3.4500, -5.8706));
#306 = CARTESIAN_POINT('', (-20.0000, 2.2500, -4.0000));
#307 = CARTESIAN_POINT('', (-20.0000, 3.4500, -4.0000));
#308 = CARTESIAN_POINT('', (-20.0000, -3.4500, -6.0400));
#309 = CARTESIAN_POINT('', (-21.4425, -3.4500, -5.4425));
#310 = CARTESIAN_POINT('', (-22.0400, -3.4500, -4.0000));
#311 = CARTESIAN_POINT('', (-21.4425, -3.4500, -2.5575));
#312 = CARTESIAN_POINT('', (-20.0000, -3.4500, -1.9600));
#313 = CARTESIAN_POINT('', (-18.5575, -3.4500, -2.5575));
#314 = CARTESIAN_POINT('', (-17.9600, -3.4500, -4.0000));
#315 = CARTESIAN_POINT('', (-18.5575, -3.4500, -5.4425));
#316 = CARTESIAN_POINT('', (-20.0000, -2.2500, -6.0400));
#317 = CARTESIAN_POINT('', (-21.4425, -2.2500, -5.4425));
#318 = CARTESIAN_POINT('', (-22.0400, -2.2500, -4.0000));
#319 = CARTESIAN_POINT('', (-21.4425, -2.2500, -2.5575));
#320 = CARTESIAN_POINT('', (-20.0000, -2.2500, -1.9600));
#321 = CARTESIAN_POINT('', (-18.5575, -2.2500, -2.5575));
#322 = CARTESIAN_POINT('', (-17.9600, -2.2500, -4.0000));
#323 = CARTESIAN_POINT('', (-18.5575, -2.2500, -5.4425));
#324 = CARTESIAN_POINT('', (-20.0000, -3.4500, -4.0000));
#325 = CARTESIAN_POINT('', (-20.0000, -2.2500, -4.0000));
#326 = CARTESIAN_POINT('', (0.0000, -1.2000, 3.5000));
#327 = CARTESIAN_POINT('', (-1.7221, -1.2000, 3.8425));
#328 = CARTESIAN_POINT('', (-3.1820, -1.2000, 4.8180));
#329 = CARTESIAN_POINT('', (-4.1575, -1.2000, 6.2779));
#330 = CARTESIAN_POINT('', (-4.5000, -1.2000, 8.0000));
#331 = CARTESIAN_POINT('', (-4.1575, -1.2000, 9.7221));
#332 = CARTESIAN_POINT('', (-3.1820, -1.2000, 11.1820));
#333 = CARTESIAN_POINT('', (-1.7221, -1.2000, 12.1575));
#334 = CARTESIAN_POINT('', (-0.0000, -1.2000, 12.5000));
#335 = CARTESIAN_POINT('', (1.7221, -1.2000, 12.1575));
#336 = CARTESIAN_POINT('', (3.1820, -1.2000, 11.1820));
#337 = CARTESIAN_POINT('', (4.1575, -1.2000, 9.7221));
#338 = CARTESIAN_POINT('', (4.5000, -1.2000, 8.0000));
#339 = CARTESIAN_POINT('', (4.1575, -1.2000, 6.2779));
#340 = CARTESIAN_POINT('', (3.1820, -1.2000, 4.8180));
#341 = CARTESIAN_POINT('', (1.7221, -1.2000, 3.8425));
#342 = CARTESIAN_POINT('', (0.0000, 0.0000, 3.5000));
#343 = CARTESIAN_POINT('', (-1.7221, 0.0000, 3.8425));
#344 = CARTESIAN_POINT('', (-3.1820, 0.0000, 4.8180));
#345 = CARTESIAN_POINT('', (-4.1575, 0.0000, 6.2779));
#346 = CARTESIAN_POINT('', (-4.5000, 0.0000, 8.0000));
#347 = CARTESIAN_POINT('', (-4.1575, 0.0000, 9.7221));
#348 = CARTESIAN_POINT('', (-3.1820, 0.0000, 11.1820));
#349 = CARTESIAN_POINT('', (-1.7221, 0.0000, 12.1575));
#350 = CARTESIAN_POINT('', (-0.0000, 0.0000, 12.5000));
#351 = CARTESIAN_POINT('', (1.7221, 0.0000, 12.1575));
#352 = CARTESIAN_POINT('', (3.1820, 0.0000, 11.1820));
#353 = CARTESIAN_POINT('', (4.1575, 0.0000, 9.7221));
#354 = CARTESIAN_POINT('', (4.5000, 0.0000, 8.0000));
#355 = CARTESIAN_POINT('', (4.1575, 0.0000, 6.2779));
#356 = CARTESIAN_POINT('', (3.1820, 0.0000, 4.8180));
#357 = CARTESIAN_POINT('', (1.7221, 0.0000, 3.8425));
#358 = CARTESIAN_POINT('', (0.0000, -1.2000, 8.0000));
#359 = CARTESIAN_POINT('', (0.0000, 0.0000, 8.0000));
#360 = CARTESIAN_POINT('', (0.0000, 0.0000, 3.5000));
#361 = CARTESIAN_POINT('', (-1.7221, 0.0000, 3.8425));
#362 = CARTESIAN_POINT('', (-3.1820, 0.0000, 4.8180));
#363 = CARTESIAN_POINT('', (-4.1575, 0.0000, 6.2779));
#364 = CARTESIAN_POINT('', (-4.5000, 0.0000, 8.0000));
#365 = CARTESIAN_POINT('', (-4.1575, 0.0000, 9.7221));
#366 = CARTESIAN_POINT('', (-3.1820, 0.0000, 11.1820));
#367 = CARTESIAN_POINT('', (-1.7221, 0.0000, 12.1575));
#368 = CARTESIAN_POINT('', (-0.0000, 0.0000, 12.5000));
#369 = CARTESIAN_POINT('', (1.7221, 0.0000, 12.1575));
#370 = CARTESIAN_POINT('', (3.1820, 0.0000, 11.1820));
#371 = CARTESIAN_POINT('', (4.1575, 0.0000, 9.7221));
#372 = CARTESIAN_POINT('', (4.5000, 0.0000, 8.0000));
#373 = CARTESIAN_POINT('', (4.1575, 0.0000, 6.2779));
#374 = CARTESIAN_POINT('', (3.1820, 0.0000, 4.8180));
#375 = CARTESIAN_POINT('', (1.7221, 0.0000, 3.8425));
#376 = CARTESIAN_POINT('', (0.0000, 1.2000, 3.5000));
#377 = CARTESIAN_POINT('', (-1.7221, 1.2000, 3.8425));
#378 = CARTESIAN_POINT('', (-3.1820, 1.2000, 4.8180));
#379 = CARTESIAN_POINT('', (-4.1575, 1.2000, 6.2779));
#380 = CARTESIAN_POINT('', (-4.5000, 1.2000, 8.0000));
#381 = CARTESIAN_POINT('', (-4.1575, 1.2000, 9.7221));
#382 = CARTESIAN_POINT('', (-3.1820, 1.2000, 11.1820));
#383 = CARTESIAN_POINT('', (-1.7221, 1.2000, 12.1575));
#384 = CARTESIAN_POINT('', (-0.0000, 1.2000, 12.5000));
#385 = CARTESIAN_POINT('', (1.7221, 1.2000, 12.1575));
#386 = CARTESIAN_POINT('', (3.1820, 1.2000, 11.1820));
#387 = CARTESIAN_POINT('', (4.1575, 1.2000, 9.7221));
#388 = CARTESIAN_POINT('', (4.5000, 1.2000, 8.0000));
#389 = CARTESIAN_POINT('', (4.1575, 1.2000, 6.2779));
#390 = CARTESIAN_POINT('', (3.1820, 1.2000, 4.8180));
#391 = CARTESIAN_POINT('', (1.7221, 1.2000, 3.8425));
#392 = CARTESIAN_POINT('', (0.0000, 0.0000, 8.0000));
#393 = CARTESIAN_POINT('', (0.0000, 1.2000, 8.0000));
#394 = CARTESIAN_POINT('', (0.0000, -2.2500, 6.8000));
#395 = CARTESIAN_POINT('', (-0.6000, -2.2500, 6.9608));
#396 = CARTESIAN_POINT('', (-1.0392, -2.2500, 7.4000));
#397 = CARTESIAN_POINT('', (-1.2000, -2.2500, 8.0000));
#398 = CARTESIAN_POINT('', (-1.0392, -2.2500, 8.6000));
#399 = CARTESIAN_POINT('', (-0.6000, -2.2500, 9.0392));
#400 = CARTESIAN_POINT('', (-0.0000, -2.2500, 9.2000));
#401 = CARTESIAN_POINT('', (0.6000, -2.2500, 9.0392));
#402 = CARTESIAN_POINT('', (1.0392, -2.2500, 8.6000));
#403 = CARTESIAN_POINT('', (1.2000, -2.2500, 8.0000));
#404 = CARTESIAN_POINT('', (1.0392, -2.2500, 7.4000));
#405 = CARTESIAN_POINT('', (0.6000, -2.2500, 6.9608));
#406 = CARTESIAN_POINT('', (0.0000, 2.2500, 6.8000));
#407 = CARTESIAN_POINT('', (-0.6000, 2.2500, 6.9608));
#408 = CARTESIAN_POINT('', (-1.0392, 2.2500, 7.4000));
#409 = CARTESIAN_POINT('', (-1.2000, 2.2500, 8.0000));
#410 = CARTESIAN_POINT('', (-1.0392, 2.2500, 8.6000));
#411 = CARTESIAN_POINT('', (-0.6000, 2.2500, 9.0392));
#412 = CARTESIAN_POINT('', (-0.0000, 2.2500, 9.2000));
#413 = CARTESIAN_POINT('', (0.6000, 2.2500, 9.0392));
#414 = CARTESIAN_POINT('', (1.0392, 2.2500, 8.6000));
#415 = CARTESIAN_POINT('', (1.2000, 2.2500, 8.0000));
#416 = CARTESIAN_POINT('', (1.0392, 2.2500, 7.4000));
#417 = CARTESIAN_POINT('', (0.6000, 2.2500, 6.9608));
#418 = CARTESIAN_POINT('', (0.0000, -2.2500, 8.0000));
#419 = CARTESIAN_POINT('', (0.0000, 2.2500, 8.0000));
#420 = CARTESIAN_POINT('', (0.0000, 2.2500, 5.8400));
#421 = CARTESIAN_POINT('', (-1.0800, 2.2500, 6.1294));
#422 = CARTESIAN_POINT('', (-1.8706, 2.2500, 6.9200));
#423 = CARTESIAN_POINT('', (-2.1600, 2.2500, 8.0000));
#424 = CARTESIAN_POINT('', (-1.8706, 2.2500, 9.0800));
#425 = CARTESIAN_POINT('', (-1.0800, 2.2500, 9.8706));
#426 = CARTESIAN_POINT('', (-0.0000, 2.2500, 10.1600));
#427 = CARTESIAN_POINT('', (1.0800, 2.2500, 9.8706));
#428 = CARTESIAN_POINT('', (1.8706, 2.2500, 9.0800));
#429 = CARTESIAN_POINT('', (2.1600, 2.2500, 8.0000));
#430 = CARTESIAN_POINT('', (1.8706, 2.2500, 6.9200));
#431 = CARTESIAN_POINT('', (1.0800, 2.2500, 6.1294));
#432 = CARTESIAN_POINT('', (0.0000, 3.4500, 5.8400));
#433 = CARTESIAN_POINT('', (-1.0800, 3.4500, 6.1294));
#434 = CARTESIAN_POINT('', (-1.8706, 3.4500, 6.9200));
#435 = CARTESIAN_POINT('', (-2.1600, 3.4500, 8.0000));
#436 = CARTESIAN_POINT('', (-1.8706, 3.4500, 9.0800));
#437 = CARTESIAN_POINT('', (-1.0800, 3.4500, 9.8706));
#438 = CARTESIAN_POINT('', (-0.0000, 3.4500, 10.1600));
#439 = CARTESIAN_POINT('', (1.0800, 3.4500, 9.8706));
#440 = CARTESIAN_POINT('', (1.8706, 3.4500, 9.0800));
#441 = CARTESIAN_POINT('', (2.1600, 3.4500, 8.0000));
#442 = CARTESIAN_POINT('', (1.8706, 3.4500, 6.9200));
#443 = CARTESIAN_POINT('', (1.0800, 3.4500, 6.1294));
#444 = CARTESIAN_POINT('', (0.0000, 2.2500, 8.0000));
#445 = CARTESIAN_POINT('', (0.0000, 3.4500, 8.0000));
#446 = CARTESIAN_POINT('', (0.0000, -3.4500, 5.9600));
#447 = CARTESIAN_POINT('', (-1.4425, -3.4500, 6.5575));
#448 = CARTESIAN_POINT('', (-2.0400, -3.4500, 8.0000));
#449 = CARTESIAN_POINT('', (-1.4425, -3.4500, 9.4425));
#450 = CARTESIAN_POINT('', (-0.0000, -3.4500, 10.0400));
#451 = CARTESIAN_POINT('', (1.4425, -3.4500, 9.4425));
#452 = CARTESIAN_POINT('', (2.0400, -3.4500, 8.0000));
#453 = CARTESIAN_POINT('', (1.4425, -3.4500, 6.5575));
#454 = CARTESIAN_POINT('', (0.0000, -2.2500, 5.9600));
#455 = CARTESIAN_POINT('', (-1.4425, -2.2500, 6.5575));
#456 = CARTESIAN_POINT('', (-2.0400, -2.2500, 8.0000));
#457 = CARTESIAN_POINT('', (-1.4425, -2.2500, 9.4425));
#458 = CARTESIAN_POINT('', (-0.0000, -2.2500, 10.0400));
#459 = CARTESIAN_POINT('', (1.4425, -2.2500, 9.4425));
#460 = CARTESIAN_POINT('', (2.0400, -2.2500, 8.0000));
#461 = CARTESIAN_POINT('', (1.4425, -2.2500, 6.5575));
#462 = CARTESIAN_POINT('', (0.0000, -3.4500, 8.0000));
#463 = CARTESIAN_POINT('', (0.0000, -2.2500, 8.0000));
#464 = CARTESIAN_POINT('', (20.0000, -1.2000, -8.5000));
#465 = CARTESIAN_POINT('', (18.2779, -1.2000, -8.1575));
#466 = CARTESIAN_POINT('', (16.8180, -1.2000, -7.1820));
#467 = CARTESIAN_POINT('', (15.8425, -1.2000, -5.7221));
#468 = CARTESIAN_POINT('', (15.5000, -1.2000, -4.0000));
#469 = CARTESIAN_POINT('', (15.8425, -1.2000, -2.2779));
#470 = CARTESIAN_POINT('', (16.8180, -1.2000, -0.8180));
#471 = CARTESIAN_POINT('', (18.2779, -1.2000, 0.1575));
#472 = CARTESIAN_POINT('', (20.0000, -1.2000, 0.5000));
#473 = CARTESIAN_POINT('', (21.7221, -1.2000, 0.1575));
#474 = CARTESIAN_POINT('', (23.1820, -1.2000, -0.8180));
#475 = CARTESIAN_POINT('', (24.1575, -1.2000, -2.2779));
#476 = CARTESIAN_POINT('', (24.5000, -1.2000, -4.0000));
#477 = CARTESIAN_POINT('', (24.1575, -1.2000, -5.7221));
#478 = CARTESIAN_POINT('', (23.1820, -1.2000, -7.1820));
#479 = CARTESIAN_POINT('', (21.7221, -1.2000, -8.1575));
#480 = CARTESIAN_POINT('', (20.0000, 0.0000, -8.5000));
#481 = CARTESIAN_POINT('', (18.2779, 0.0000, -8.1575));
#482 = CARTESIAN_POINT('', (16.8180, 0.0000, -7.1820));
#483 = CARTESIAN_POINT('', (15.8425, 0.0000, -5.7221));
#484 = CARTESIAN_POINT('', (15.5000, 0.0000, -4.0000));
#485 = CARTESIAN_POINT('', (15.8425, 0.0000, -2.2779));
#486 = CARTESIAN_POINT('', (16.8180, 0.0000, -0.8180));
#487 = CARTESIAN_POINT('', (18.2779, 0.0000, 0.1575));
#488 = CARTESIAN_POINT('', (20.0000, 0.0000, 0.5000));
#489 = CARTESIAN_POINT('', (21.7221, 0.0000, 0.1575));
#490 = CARTESIAN_POINT('', (23.1820, 0.0000, -0.8180));
#491 = CARTESIAN_POINT('', (24.1575, 0.0000, -2.2779));
#492 = CARTESIAN_POINT('', (24.5000, 0.0000, -4.0000));
#493 = CARTESIAN_POINT('', (24.1575, 0.0000, -5.7221));
#494 = CARTESIAN_POINT('', (23.1820, 0.0000, -7.1820));
#495 = CARTESIAN_POINT('', (21.7221, 0.0000, -8.1575));
#496 = CARTESIAN_POINT('', (20.0000, -1.2000, -4.0000));
#497 = CARTESIAN_POINT('', (20.0000, 0.0000, -4.0000));
#498 = CARTESIAN_POINT('', (20.0000, 0.0000, -8.5000));
#499 = CARTESIAN_POINT('', (18.2779, 0.0000, -8.1575));
#500 = CARTESIAN_POINT('', (16.8180, 0.0000, -7.1820));
#501 = CARTESIAN_POINT('', (15.8425, 0.0000, -5.7221));
#502 = CARTESIAN_POINT('', (15.5000, 0.0000, -4.0000));
#503 = CARTESIAN_POINT('', (15.8425, 0.0000, -2.2779));
#504 = CARTESIAN_POINT('', (16.8180, 0.0000, -0.8180));
#505 = CARTESIAN_POINT('', (18.2779, 0.0000, 0.1575));
#506 = CARTESIAN_POINT('', (20.0000, 0.0000, 0.5000));
#507 = CARTESIAN_POINT('', (21.7221, 0.0000, 0.1575));
#508 = CARTESIAN_POINT('', (23.1820, 0.0000, -0.8180));
#509 = CARTESIAN_POINT('', (24.1575, 0.0000, -2.2779));
#510 = CARTESIAN_POINT('', (24.5000, 0.0000, -4.0000));
#511 = CARTESIAN_POINT('', (24.1575, 0.0000, -5.7221));
#512 = CARTESIAN_POINT('', (23.1820, 0.0000, -7.1820));
#513 = CARTESIAN_POINT('', (21.7221, 0.0000, -8.1575));
#514 = CARTESIAN_POINT('', (20.0000, 1.2000, -8.5000));
#515 = CARTESIAN_POINT('', (18.2779, 1.2000, -8.1575));
#516 = CARTESIAN_POINT('', (16.8180, 1.2000, -7.1820));
#517 = CARTESIAN_POINT('', (15.8425, 1.2000, -5.7221));
#518 = CARTESIAN_POINT('', (15.5000, 1.2000, -4.0000));
#519 = CARTESIAN_POINT('', (15.8425, 1.2000, -2.2779));
#520 = CARTESIAN_POINT('', (16.8180, 1.2000, -0.8180));
#521 = CARTESIAN_POINT('', (18.2779, 1.2000, 0.1575));
#522 = CARTESIAN_POINT('', (20.0000, 1.2000, 0.5000));
#523 = CARTESIAN_POINT('', (21.7221, 1.2000, 0.1575));
#524 = CARTESIAN_POINT('', (23.1820, 1.2000, -0.8180));
#525 = CARTESIAN_POINT('', (24.1575, 1.2000, -2.2779));
#526 = CARTESIAN_POINT('', (24.5000, 1.2000, -4.0000));
#527 = CARTESIAN_POINT('', (24.1575, 1.2000, -5.7221));
#528 = CARTESIAN_POINT('', (23.1820, 1.2000, -7.1820));
#529 = CARTESIAN_POINT('', (21.7221, 1.2000, -8.1575));
#530 = CARTESIAN_POINT('', (20.0000, 0.0000, -4.0000));
#531 = CARTESIAN_POINT('', (20.0000, 1.2000, -4.0000));
#532 = CARTESIAN_POINT('', (20.0000, -2.2500, -5.2000));
#533 = CARTESIAN_POINT('', (19.4000, -2.2500, -5.0392));
#534 = CARTESIAN_POINT('', (18.9608, -2.2500, -4.6000));
#535 = CARTESIAN_POINT('', (18.8000, -2.2500, -4.0000));
#536 = CARTESIAN_POINT('', (18.9608, -2.2500, -3.4000));
#537 = CARTESIAN_POINT('', (19.4000, -2.2500, -2.9608));
#538 = CARTESIAN_POINT('', (20.0000, -2.2500, -2.8000));
#539 = CARTESIAN_POINT('', (20.6000, -2.2500, -2.9608));
#540 = CARTESIAN_POINT('', (21.0392, -2.2500, -3.4000));
#541 = CARTESIAN_POINT('', (21.2000, -2.2500, -4.0000));
#542 = CARTESIAN_POINT('', (21.0392, -2.2500, -4.6000));
#543 = CARTESIAN_POINT('', (20.6000, -2.2500, -5.0392));
#544 = CARTESIAN_POINT('', (20.0000, 2.2500, -5.2000));
#545 = CARTESIAN_POINT('', (19.4000, 2.2500, -5.0392));
#546 = CARTESIAN_POINT('', (18.9608, 2.2500, -4.6000));
#547 = CARTESIAN_POINT('', (18.8000, 2.2500, -4.0000));
#548 = CARTESIAN_POINT('', (18.9608, 2.2500, -3.4000));
#549 = CARTESIAN_POINT('', (19.4000, 2.2500, -2.9608));
#550 = CARTESIAN_POINT('', (20.0000, 2.2500, -2.8000));
#551 = CARTESIAN_POINT('', (20.6000, 2.2500, -2.9608));
#552 = CARTESIAN_POINT('', (21.0392, 2.2500, -3.4000));
#553 = CARTESIAN_POINT('', (21.2000, 2.2500, -4.0000));
#554 = CARTESIAN_POINT('', (21.0392, 2.2500, -4.6000));
#555 = CARTESIAN_POINT('', (20.6000, 2.2500, -5.0392));
#556 = CARTESIAN_POINT('', (20.0000, -2.2500, -4.0000));
#557 = CARTESIAN_POINT('', (20.0000, 2.2500, -4.0000));
#558 = CARTESIAN_POINT('', (20.0000, 2.2500, -6.1600));
#559 = CARTESIAN_POINT('', (18.9200, 2.2500, -5.8706));
#560 = CARTESIAN_POINT('', (18.1294, 2.2500, -5.0800));
#561 = CARTESIAN_POINT('', (17.8400, 2.2500, -4.0000));
#562 = CARTESIAN_POINT('', (18.1294, 2.2500, -2.9200));
#563 = CARTESIAN_POINT('', (18.9200, 2.2500, -2.1294));
#564 = CARTESIAN_POINT('', (20.0000, 2.2500, -1.8400));
#565 = CARTESIAN_POINT('', (21.0800, 2.2500, -2.1294));
#566 = CARTESIAN_POINT('', (21.8706, 2.2500, -2.9200));
#567 = CARTESIAN_POINT('', (22.1600, 2.2500, -4.0000));
#568 = CARTESIAN_POINT('', (21.8706, 2.2500, -5.0800));
#569 = CARTESIAN_POINT('', (21.0800, 2.2500, -5.8706));
#570 = CARTESIAN_POINT('', (20.0000, 3.4500, -6.1600));
#571 = CARTESIAN_POINT('', (18.9200, 3.4500, -5.8706));
#572 = CARTESIAN_POINT('', (18.1294, 3.4500, -5.0800));
#573 = CARTESIAN_POINT('', (17.8400, 3.4500, -4.0000));
#574 = CARTESIAN_POINT('', (18.1294, 3.4500, -2.9200));
#575 = CARTESIAN_POINT('', (18.9200, 3.4500, -2.1294));
#576 = CARTESIAN_POINT('', (20.0000, 3.4500, -1.8400));
#577 = CARTESIAN_POINT('', (21.0800, 3.4500, -2.1294));
#578 = CARTESIAN_POINT('', (21.8706, 3.4500, -2.9200));
#579 = CARTESIAN_POINT('', (22.1600, 3.4500, -4.0000));
#580 = CARTESIAN_POINT('', (21.8706, 3.4500, -5.0800));
#581 = CARTESIAN_POINT('', (21.0800, 3.4500, -5.8706));
#582 = CARTESIAN_POINT('', (20.0000, 2.2500, -4.0000));
#583 = CARTESIAN_POINT('', (20.0000, 3.4500, -4.0000));
#584 = CARTESIAN_POINT('', (20.0000, -3.4500, -6.0400));
#585 = CARTESIAN_POINT('', (18.5575, -3.4500, -5.4425));
#586 = CARTESIAN_POINT('', (17.9600, -3.4500, -4.0000));
#587 = CARTESIAN_POINT('', (18.5575, -3.4500, -2.5575));
#588 = CARTESIAN_POINT('', (20.0000, -3.4500, -1.9600));
#589 = CARTESIAN_POINT('', (21.4425, -3.4500, -2.5575));
#590 = CARTESIAN_POINT('', (22.0400, -3.4500, -4.0000));
#591 = CARTESIAN_POINT('', (21.4425, -3.4500, -5.4425));
#592 = CARTESIAN_POINT('', (20.0000, -2.2500, -6.0400));
#593 = CARTESIAN_POINT('', (18.5575, -2.2500, -5.4425));
#594 = CARTESIAN_POINT('', (17.9600, -2.2500, -4.0000));
#595 = CARTESIAN_POINT('', (18.5575, -2.2500, -2.5575));
#596 = CARTESIAN_POINT('', (20.0000, -2.2500, -1.9600));
#597 = CARTESIAN_POINT('', (21.4425, -2.2500, -2.5575));
#598 = CARTESIAN_POINT('', (22.0400, -2.2500, -4.0000));
#599 = CARTESIAN_POINT('', (21.4425, -2.2500, -5.4425));
#600 = CARTESIAN_POINT('', (20.0000, -3.4500, -4.0000));
#601 = CARTESIAN_POINT('', (20.0000, -2.2500, -4.0000));
#602 = POLY_LOOP('', (#18, #22, #23));
#603 = FACE_OUTER_BOUND('', #602, .T.);
#604 = FACETED_BREP_SHAPE_REPRESENTATION('', (#603), #8);
#605 = POLY_LOOP('', (#18, #23, #19));
#606 = FACE_OUTER_BOUND('', #605, .T.);
#607 = FACETED_BREP_SHAPE_REPRESENTATION('', (#606), #8);
#608 = POLY_LOOP('', (#20, #25, #24));
#609 = FACE_OUTER_BOUND('', #608, .T.);
#610 = FACETED_BREP_SHAPE_REPRESENTATION('', (#609), #8);
#611 = POLY_LOOP('', (#20, #21, #25));
#612 = FACE_OUTER_BOUND('', #611, .T.);
#613 = FACETED_BREP_SHAPE_REPRESENTATION('', (#612), #8);
#614 = POLY_LOOP('', (#18, #24, #22));
#615 = FACE_OUTER_BOUND('', #614, .T.);
#616 = FACETED_BREP_SHAPE_REPRESENTATION('', (#615), #8);
#617 = POLY_LOOP('', (#18, #20, #24));
#618 = FACE_OUTER_BOUND('', #617, .T.);
#619 = FACETED_BREP_SHAPE_REPRESENTATION('', (#618), #8);
#620 = POLY_LOOP('', (#19, #23, #25));
#621 = FACE_OUTER_BOUND('', #620, .T.);
#622 = FACETED_BREP_SHAPE_REPRESENTATION('', (#621), #8);
#623 = POLY_LOOP('', (#19, #25, #21));
#624 = FACE_OUTER_BOUND('', #623, .T.);
#625 = FACETED_BREP_SHAPE_REPRESENTATION('', (#624), #8);
#626 = POLY_LOOP('', (#26, #30, #31));
#627 = FACE_OUTER_BOUND('', #626, .T.);
#628 = FACETED_BREP_SHAPE_REPRESENTATION('', (#627), #8);
#629 = POLY_LOOP('', (#26, #31, #27));
#630 = FACE_OUTER_BOUND('', #629, .T.);
#631 = FACETED_BREP_SHAPE_REPRESENTATION('', (#630), #8);
#632 = POLY_LOOP('', (#28, #33, #32));
#633 = FACE_OUTER_BOUND('', #632, .T.);
#634 = FACETED_BREP_SHAPE_REPRESENTATION('', (#633), #8);
#635 = POLY_LOOP('', (#28, #29, #33));
#636 = FACE_OUTER_BOUND('', #635, .T.);
#637 = FACETED_BREP_SHAPE_REPRESENTATION('', (#636), #8);
#638 = POLY_LOOP('', (#26, #32, #30));
#639 = FACE_OUTER_BOUND('', #638, .T.);
#640 = FACETED_BREP_SHAPE_REPRESENTATION('', (#639), #8);
#641 = POLY_LOOP('', (#26, #28, #32));
#642 = FACE_OUTER_BOUND('', #641, .T.);
#643 = FACETED_BREP_SHAPE_REPRESENTATION('', (#642), #8);
#644 = POLY_LOOP('', (#27, #31, #33));
#645 = FACE_OUTER_BOUND('', #644, .T.);
#646 = FACETED_BREP_SHAPE_REPRESENTATION('', (#645), #8);
#647 = POLY_LOOP('', (#27, #33, #29));
#648 = FACE_OUTER_BOUND('', #647, .T.);
#649 = FACETED_BREP_SHAPE_REPRESENTATION('', (#648), #8);
#650 = POLY_LOOP('', (#34, #38, #39));
#651 = FACE_OUTER_BOUND('', #650, .T.);
#652 = FACETED_BREP_SHAPE_REPRESENTATION('', (#651), #8);
#653 = POLY_LOOP('', (#34, #39, #35));
#654 = FACE_OUTER_BOUND('', #653, .T.);
#655 = FACETED_BREP_SHAPE_REPRESENTATION('', (#654), #8);
#656 = POLY_LOOP('', (#36, #41, #40));
#657 = FACE_OUTER_BOUND('', #656, .T.);
#658 = FACETED_BREP_SHAPE_REPRESENTATION('', (#657), #8);
#659 = POLY_LOOP('', (#36, #37, #41));
#660 = FACE_OUTER_BOUND('', #659, .T.);
#661 = FACETED_BREP_SHAPE_REPRESENTATION('', (#660), #8);
#662 = POLY_LOOP('', (#34, #40, #38));
#663 = FACE_OUTER_BOUND('', #662, .T.);
#664 = FACETED_BREP_SHAPE_REPRESENTATION('', (#663), #8);
#665 = POLY_LOOP('', (#34, #36, #40));
#666 = FACE_OUTER_BOUND('', #665, .T.);
#667 = FACETED_BREP_SHAPE_REPRESENTATION('', (#666), #8);
#668 = POLY_LOOP('', (#35, #39, #41));
#669 = FACE_OUTER_BOUND('', #668, .T.);
#670 = FACETED_BREP_SHAPE_REPRESENTATION('', (#669), #8);
#671 = POLY_LOOP('', (#35, #41, #37));
#672 = FACE_OUTER_BOUND('', #671, .T.);
#673 = FACETED_BREP_SHAPE_REPRESENTATION('', (#672), #8);
#674 = POLY_LOOP('', (#42, #46, #47));
#675 = FACE_OUTER_BOUND('', #674, .T.);
#676 = FACETED_BREP_SHAPE_REPRESENTATION('', (#675), #8);
#677 = POLY_LOOP('', (#42, #47, #43));
#678 = FACE_OUTER_BOUND('', #677, .T.);
#679 = FACETED_BREP_SHAPE_REPRESENTATION('', (#678), #8);
#680 = POLY_LOOP('', (#44, #49, #48));
#681 = FACE_OUTER_BOUND('', #680, .T.);
#682 = FACETED_BREP_SHAPE_REPRESENTATION('', (#681), #8);
#683 = POLY_LOOP('', (#44, #45, #49));
#684 = FACE_OUTER_BOUND('', #683, .T.);
#685 = FACETED_BREP_SHAPE_REPRESENTATION('', (#684), #8);
#686 = POLY_LOOP('', (#42, #48, #46));
#687 = FACE_OUTER_BOUND('', #686, .T.);
#688 = FACETED_BREP_SHAPE_REPRESENTATION('', (#687), #8);
#689 = POLY_LOOP('', (#42, #44, #48));
#690 = FACE_OUTER_BOUND('', #689, .T.);
#691 = FACETED_BREP_SHAPE_REPRESENTATION('', (#690), #8);
#692 = POLY_LOOP('', (#43, #47, #49));
#693 = FACE_OUTER_BOUND('', #692, .T.);
#694 = FACETED_BREP_SHAPE_REPRESENTATION('', (#693), #8);
#695 = POLY_LOOP('', (#43, #49, #45));
#696 = FACE_OUTER_BOUND('', #695, .T.);
#697 = FACETED_BREP_SHAPE_REPRESENTATION('', (#696), #8);
#698 = POLY_LOOP('', (#50, #51, #67));
#699 = FACE_OUTER_BOUND('', #698, .T.);
#700 = FACETED_BREP_SHAPE_REPRESENTATION('', (#699), #8);
#701 = POLY_LOOP('', (#50, #67, #66));
#702 = FACE_OUTER_BOUND('', #701, .T.);
#703 = FACETED_BREP_SHAPE_REPRESENTATION('', (#702), #8);
#704 = POLY_LOOP('', (#51, #52, #68));
#705 = FACE_OUTER_BOUND('', #704, .T.);
#706 = FACETED_BREP_SHAPE_REPRESENTATION('', (#705), #8);
#707 = POLY_LOOP('', (#51, #68, #67));
#708 = FACE_OUTER_BOUND('', #707, .T.);
#709 = FACETED_BREP_SHAPE_REPRESENTATION('', (#708), #8);
#710 = POLY_LOOP('', (#52, #53, #69));
#711 = FACE_OUTER_BOUND('', #710, .T.);
#712 = FACETED_BREP_SHAPE_REPRESENTATION('', (#711), #8);
#713 = POLY_LOOP('', (#52, #69, #68));
#714 = FACE_OUTER_BOUND('', #713, .T.);
#715 = FACETED_BREP_SHAPE_REPRESENTATION('', (#714), #8);
#716 = POLY_LOOP('', (#53, #54, #70));
#717 = FACE_OUTER_BOUND('', #716, .T.);
#718 = FACETED_BREP_SHAPE_REPRESENTATION('', (#717), #8);
#719 = POLY_LOOP('', (#53, #70, #69));
#720 = FACE_OUTER_BOUND('', #719, .T.);
#721 = FACETED_BREP_SHAPE_REPRESENTATION('', (#720), #8);
#722 = POLY_LOOP('', (#54, #55, #71));
#723 = FACE_OUTER_BOUND('', #722, .T.);
#724 = FACETED_BREP_SHAPE_REPRESENTATION('', (#723), #8);
#725 = POLY_LOOP('', (#54, #71, #70));
#726 = FACE_OUTER_BOUND('', #725, .T.);
#727 = FACETED_BREP_SHAPE_REPRESENTATION('', (#726), #8);
#728 = POLY_LOOP('', (#55, #56, #72));
#729 = FACE_OUTER_BOUND('', #728, .T.);
#730 = FACETED_BREP_SHAPE_REPRESENTATION('', (#729), #8);
#731 = POLY_LOOP('', (#55, #72, #71));
#732 = FACE_OUTER_BOUND('', #731, .T.);
#733 = FACETED_BREP_SHAPE_REPRESENTATION('', (#732), #8);
#734 = POLY_LOOP('', (#56, #57, #73));
#735 = FACE_OUTER_BOUND('', #734, .T.);
#736 = FACETED_BREP_SHAPE_REPRESENTATION('', (#735), #8);
#737 = POLY_LOOP('', (#56, #73, #72));
#738 = FACE_OUTER_BOUND('', #737, .T.);
#739 = FACETED_BREP_SHAPE_REPRESENTATION('', (#738), #8);
#740 = POLY_LOOP('', (#57, #58, #74));
#741 = FACE_OUTER_BOUND('', #740, .T.);
#742 = FACETED_BREP_SHAPE_REPRESENTATION('', (#741), #8);
#743 = POLY_LOOP('', (#57, #74, #73));
#744 = FACE_OUTER_BOUND('', #743, .T.);
#745 = FACETED_BREP_SHAPE_REPRESENTATION('', (#744), #8);
#746 = POLY_LOOP('', (#58, #59, #75));
#747 = FACE_OUTER_BOUND('', #746, .T.);
#748 = FACETED_BREP_SHAPE_REPRESENTATION('', (#747), #8);
#749 = POLY_LOOP('', (#58, #75, #74));
#750 = FACE_OUTER_BOUND('', #749, .T.);
#751 = FACETED_BREP_SHAPE_REPRESENTATION('', (#750), #8);
#752 = POLY_LOOP('', (#59, #60, #76));
#753 = FACE_OUTER_BOUND('', #752, .T.);
#754 = FACETED_BREP_SHAPE_REPRESENTATION('', (#753), #8);
#755 = POLY_LOOP('', (#59, #76, #75));
#756 = FACE_OUTER_BOUND('', #755, .T.);
#757 = FACETED_BREP_SHAPE_REPRESENTATION('', (#756), #8);
#758 = POLY_LOOP('', (#60, #61, #77));
#759 = FACE_OUTER_BOUND('', #758, .T.);
#760 = FACETED_BREP_SHAPE_REPRESENTATION('', (#759), #8);
#761 = POLY_LOOP('', (#60, #77, #76));
#762 = FACE_OUTER_BOUND('', #761, .T.);
#763 = FACETED_BREP_SHAPE_REPRESENTATION('', (#762), #8);
#764 = POLY_LOOP('', (#61, #62, #78));
#765 = FACE_OUTER_BOUND('', #764, .T.);
#766 = FACETED_BREP_SHAPE_REPRESENTATION('', (#765), #8);
#767 = POLY_LOOP('', (#61, #78, #77));
#768 = FACE_OUTER_BOUND('', #767, .T.);
#769 = FACETED_BREP_SHAPE_REPRESENTATION('', (#768), #8);
#770 = POLY_LOOP('', (#62, #63, #79));
#771 = FACE_OUTER_BOUND('', #770, .T.);
#772 = FACETED_BREP_SHAPE_REPRESENTATION('', (#771), #8);
#773 = POLY_LOOP('', (#62, #79, #78));
#774 = FACE_OUTER_BOUND('', #773, .T.);
#775 = FACETED_BREP_SHAPE_REPRESENTATION('', (#774), #8);
#776 = POLY_LOOP('', (#63, #64, #80));
#777 = FACE_OUTER_BOUND('', #776, .T.);
#778 = FACETED_BREP_SHAPE_REPRESENTATION('', (#777), #8);
#779 = POLY_LOOP('', (#63, #80, #79));
#780 = FACE_OUTER_BOUND('', #779, .T.);
#781 = FACETED_BREP_SHAPE_REPRESENTATION('', (#780), #8);
#782 = POLY_LOOP('', (#64, #65, #81));
#783 = FACE_OUTER_BOUND('', #782, .T.);
#784 = FACETED_BREP_SHAPE_REPRESENTATION('', (#783), #8);
#785 = POLY_LOOP('', (#64, #81, #80));
#786 = FACE_OUTER_BOUND('', #785, .T.);
#787 = FACETED_BREP_SHAPE_REPRESENTATION('', (#786), #8);
#788 = POLY_LOOP('', (#65, #50, #66));
#789 = FACE_OUTER_BOUND('', #788, .T.);
#790 = FACETED_BREP_SHAPE_REPRESENTATION('', (#789), #8);
#791 = POLY_LOOP('', (#65, #66, #81));
#792 = FACE_OUTER_BOUND('', #791, .T.);
#793 = FACETED_BREP_SHAPE_REPRESENTATION('', (#792), #8);
#794 = POLY_LOOP('', (#82, #51, #50));
#795 = FACE_OUTER_BOUND('', #794, .T.);
#796 = FACETED_BREP_SHAPE_REPRESENTATION('', (#795), #8);
#797 = POLY_LOOP('', (#83, #66, #67));
#798 = FACE_OUTER_BOUND('', #797, .T.);
#799 = FACETED_BREP_SHAPE_REPRESENTATION('', (#798), #8);
#800 = POLY_LOOP('', (#82, #52, #51));
#801 = FACE_OUTER_BOUND('', #800, .T.);
#802 = FACETED_BREP_SHAPE_REPRESENTATION('', (#801), #8);
#803 = POLY_LOOP('', (#83, #67, #68));
#804 = FACE_OUTER_BOUND('', #803, .T.);
#805 = FACETED_BREP_SHAPE_REPRESENTATION('', (#804), #8);
#806 = POLY_LOOP('', (#82, #53, #52));
#807 = FACE_OUTER_BOUND('', #806, .T.);
#808 = FACETED_BREP_SHAPE_REPRESENTATION('', (#807), #8);
#809 = POLY_LOOP('', (#83, #68, #69));
#810 = FACE_OUTER_BOUND('', #809, .T.);
#811 = FACETED_BREP_SHAPE_REPRESENTATION('', (#810), #8);
#812 = POLY_LOOP('', (#82, #54, #53));
#813 = FACE_OUTER_BOUND('', #812, .T.);
#814 = FACETED_BREP_SHAPE_REPRESENTATION('', (#813), #8);
#815 = POLY_LOOP('', (#83, #69, #70));
#816 = FACE_OUTER_BOUND('', #815, .T.);
#817 = FACETED_BREP_SHAPE_REPRESENTATION('', (#816), #8);
#818 = POLY_LOOP('', (#82, #55, #54));
#819 = FACE_OUTER_BOUND('', #818, .T.);
#820 = FACETED_BREP_SHAPE_REPRESENTATION('', (#819), #8);
#821 = POLY_LOOP('', (#83, #70, #71));
#822 = FACE_OUTER_BOUND('', #821, .T.);
#823 = FACETED_BREP_SHAPE_REPRESENTATION('', (#822), #8);
#824 = POLY_LOOP('', (#82, #56, #55));
#825 = FACE_OUTER_BOUND('', #824, .T.);
#826 = FACETED_BREP_SHAPE_REPRESENTATION('', (#825), #8);
#827 = POLY_LOOP('', (#83, #71, #72));
#828 = FACE_OUTER_BOUND('', #827, .T.);
#829 = FACETED_BREP_SHAPE_REPRESENTATION('', (#828), #8);
#830 = POLY_LOOP('', (#82, #57, #56));
#831 = FACE_OUTER_BOUND('', #830, .T.);
#832 = FACETED_BREP_SHAPE_REPRESENTATION('', (#831), #8);
#833 = POLY_LOOP('', (#83, #72, #73));
#834 = FACE_OUTER_BOUND('', #833, .T.);
#835 = FACETED_BREP_SHAPE_REPRESENTATION('', (#834), #8);
#836 = POLY_LOOP('', (#82, #58, #57));
#837 = FACE_OUTER_BOUND('', #836, .T.);
#838 = FACETED_BREP_SHAPE_REPRESENTATION('', (#837), #8);
#839 = POLY_LOOP('', (#83, #73, #74));
#840 = FACE_OUTER_BOUND('', #839, .T.);
#841 = FACETED_BREP_SHAPE_REPRESENTATION('', (#840), #8);
#842 = POLY_LOOP('', (#82, #59, #58));
#843 = FACE_OUTER_BOUND('', #842, .T.);
#844 = FACETED_BREP_SHAPE_REPRESENTATION('', (#843), #8);
#845 = POLY_LOOP('', (#83, #74, #75));
#846 = FACE_OUTER_BOUND('', #845, .T.);
#847 = FACETED_BREP_SHAPE_REPRESENTATION('', (#846), #8);
#848 = POLY_LOOP('', (#82, #60, #59));
#849 = FACE_OUTER_BOUND('', #848, .T.);
#850 = FACETED_BREP_SHAPE_REPRESENTATION('', (#849), #8);
#851 = POLY_LOOP('', (#83, #75, #76));
#852 = FACE_OUTER_BOUND('', #851, .T.);
#853 = FACETED_BREP_SHAPE_REPRESENTATION('', (#852), #8);
#854 = POLY_LOOP('', (#82, #61, #60));
#855 = FACE_OUTER_BOUND('', #854, .T.);
#856 = FACETED_BREP_SHAPE_REPRESENTATION('', (#855), #8);
#857 = POLY_LOOP('', (#83, #76, #77));
#858 = FACE_OUTER_BOUND('', #857, .T.);
#859 = FACETED_BREP_SHAPE_REPRESENTATION('', (#858), #8);
#860 = POLY_LOOP('', (#82, #62, #61));
#861 = FACE_OUTER_BOUND('', #860, .T.);
#862 = FACETED_BREP_SHAPE_REPRESENTATION('', (#861), #8);
#863 = POLY_LOOP('', (#83, #77, #78));
#864 = FACE_OUTER_BOUND('', #863, .T.);
#865 = FACETED_BREP_SHAPE_REPRESENTATION('', (#864), #8);
#866 = POLY_LOOP('', (#82, #63, #62));
#867 = FACE_OUTER_BOUND('', #866, .T.);
#868 = FACETED_BREP_SHAPE_REPRESENTATION('', (#867), #8);
#869 = POLY_LOOP('', (#83, #78, #79));
#870 = FACE_OUTER_BOUND('', #869, .T.);
#871 = FACETED_BREP_SHAPE_REPRESENTATION('', (#870), #8);
#872 = POLY_LOOP('', (#82, #64, #63));
#873 = FACE_OUTER_BOUND('', #872, .T.);
#874 = FACETED_BREP_SHAPE_REPRESENTATION('', (#873), #8);
#875 = POLY_LOOP('', (#83, #79, #80));
#876 = FACE_OUTER_BOUND('', #875, .T.);
#877 = FACETED_BREP_SHAPE_REPRESENTATION('', (#876), #8);
#878 = POLY_LOOP('', (#82, #65, #64));
#879 = FACE_OUTER_BOUND('', #878, .T.);
#880 = FACETED_BREP_SHAPE_REPRESENTATION('', (#879), #8);
#881 = POLY_LOOP('', (#83, #80, #81));
#882 = FACE_OUTER_BOUND('', #881, .T.);
#883 = FACETED_BREP_SHAPE_REPRESENTATION('', (#882), #8);
#884 = POLY_LOOP('', (#82, #50, #65));
#885 = FACE_OUTER_BOUND('', #884, .T.);
#886 = FACETED_BREP_SHAPE_REPRESENTATION('', (#885), #8);
#887 = POLY_LOOP('', (#83, #81, #66));
#888 = FACE_OUTER_BOUND('', #887, .T.);
#889 = FACETED_BREP_SHAPE_REPRESENTATION('', (#888), #8);
#890 = POLY_LOOP('', (#84, #85, #101));
#891 = FACE_OUTER_BOUND('', #890, .T.);
#892 = FACETED_BREP_SHAPE_REPRESENTATION('', (#891), #8);
#893 = POLY_LOOP('', (#84, #101, #100));
#894 = FACE_OUTER_BOUND('', #893, .T.);
#895 = FACETED_BREP_SHAPE_REPRESENTATION('', (#894), #8);
#896 = POLY_LOOP('', (#85, #86, #102));
#897 = FACE_OUTER_BOUND('', #896, .T.);
#898 = FACETED_BREP_SHAPE_REPRESENTATION('', (#897), #8);
#899 = POLY_LOOP('', (#85, #102, #101));
#900 = FACE_OUTER_BOUND('', #899, .T.);
#901 = FACETED_BREP_SHAPE_REPRESENTATION('', (#900), #8);
#902 = POLY_LOOP('', (#86, #87, #103));
#903 = FACE_OUTER_BOUND('', #902, .T.);
#904 = FACETED_BREP_SHAPE_REPRESENTATION('', (#903), #8);
#905 = POLY_LOOP('', (#86, #103, #102));
#906 = FACE_OUTER_BOUND('', #905, .T.);
#907 = FACETED_BREP_SHAPE_REPRESENTATION('', (#906), #8);
#908 = POLY_LOOP('', (#87, #88, #104));
#909 = FACE_OUTER_BOUND('', #908, .T.);
#910 = FACETED_BREP_SHAPE_REPRESENTATION('', (#909), #8);
#911 = POLY_LOOP('', (#87, #104, #103));
#912 = FACE_OUTER_BOUND('', #911, .T.);
#913 = FACETED_BREP_SHAPE_REPRESENTATION('', (#912), #8);
#914 = POLY_LOOP('', (#88, #89, #105));
#915 = FACE_OUTER_BOUND('', #914, .T.);
#916 = FACETED_BREP_SHAPE_REPRESENTATION('', (#915), #8);
#917 = POLY_LOOP('', (#88, #105, #104));
#918 = FACE_OUTER_BOUND('', #917, .T.);
#919 = FACETED_BREP_SHAPE_REPRESENTATION('', (#918), #8);
#920 = POLY_LOOP('', (#89, #90, #106));
#921 = FACE_OUTER_BOUND('', #920, .T.);
#922 = FACETED_BREP_SHAPE_REPRESENTATION('', (#921), #8);
#923 = POLY_LOOP('', (#89, #106, #105));
#924 = FACE_OUTER_BOUND('', #923, .T.);
#925 = FACETED_BREP_SHAPE_REPRESENTATION('', (#924), #8);
#926 = POLY_LOOP('', (#90, #91, #107));
#927 = FACE_OUTER_BOUND('', #926, .T.);
#928 = FACETED_BREP_SHAPE_REPRESENTATION('', (#927), #8);
#929 = POLY_LOOP('', (#90, #107, #106));
#930 = FACE_OUTER_BOUND('', #929, .T.);
#931 = FACETED_BREP_SHAPE_REPRESENTATION('', (#930), #8);
#932 = POLY_LOOP('', (#91, #92, #108));
#933 = FACE_OUTER_BOUND('', #932, .T.);
#934 = FACETED_BREP_SHAPE_REPRESENTATION('', (#933), #8);
#935 = POLY_LOOP('', (#91, #108, #107));
#936 = FACE_OUTER_BOUND('', #935, .T.);
#937 = FACETED_BREP_SHAPE_REPRESENTATION('', (#936), #8);
#938 = POLY_LOOP('', (#92, #93, #109));
#939 = FACE_OUTER_BOUND('', #938, .T.);
#940 = FACETED_BREP_SHAPE_REPRESENTATION('', (#939), #8);
#941 = POLY_LOOP('', (#92, #109, #108));
#942 = FACE_OUTER_BOUND('', #941, .T.);
#943 = FACETED_BREP_SHAPE_REPRESENTATION('', (#942), #8);
#944 = POLY_LOOP('', (#93, #94, #110));
#945 = FACE_OUTER_BOUND('', #944, .T.);
#946 = FACETED_BREP_SHAPE_REPRESENTATION('', (#945), #8);
#947 = POLY_LOOP('', (#93, #110, #109));
#948 = FACE_OUTER_BOUND('', #947, .T.);
#949 = FACETED_BREP_SHAPE_REPRESENTATION('', (#948), #8);
#950 = POLY_LOOP('', (#94, #95, #111));
#951 = FACE_OUTER_BOUND('', #950, .T.);
#952 = FACETED_BREP_SHAPE_REPRESENTATION('', (#951), #8);
#953 = POLY_LOOP('', (#94, #111, #110));
#954 = FACE_OUTER_BOUND('', #953, .T.);
#955 = FACETED_BREP_SHAPE_REPRESENTATION('', (#954), #8);
#956 = POLY_LOOP('', (#95, #96, #112));
#957 = FACE_OUTER_BOUND('', #956, .T.);
#958 = FACETED_BREP_SHAPE_REPRESENTATION('', (#957), #8);
#959 = POLY_LOOP('', (#95, #112, #111));
#960 = FACE_OUTER_BOUND('', #959, .T.);
#961 = FACETED_BREP_SHAPE_REPRESENTATION('', (#960), #8);
#962 = POLY_LOOP('', (#96, #97, #113));
#963 = FACE_OUTER_BOUND('', #962, .T.);
#964 = FACETED_BREP_SHAPE_REPRESENTATION('', (#963), #8);
#965 = POLY_LOOP('', (#96, #113, #112));
#966 = FACE_OUTER_BOUND('', #965, .T.);
#967 = FACETED_BREP_SHAPE_REPRESENTATION('', (#966), #8);
#968 = POLY_LOOP('', (#97, #98, #114));
#969 = FACE_OUTER_BOUND('', #968, .T.);
#970 = FACETED_BREP_SHAPE_REPRESENTATION('', (#969), #8);
#971 = POLY_LOOP('', (#97, #114, #113));
#972 = FACE_OUTER_BOUND('', #971, .T.);
#973 = FACETED_BREP_SHAPE_REPRESENTATION('', (#972), #8);
#974 = POLY_LOOP('', (#98, #99, #115));
#975 = FACE_OUTER_BOUND('', #974, .T.);
#976 = FACETED_BREP_SHAPE_REPRESENTATION('', (#975), #8);
#977 = POLY_LOOP('', (#98, #115, #114));
#978 = FACE_OUTER_BOUND('', #977, .T.);
#979 = FACETED_BREP_SHAPE_REPRESENTATION('', (#978), #8);
#980 = POLY_LOOP('', (#99, #84, #100));
#981 = FACE_OUTER_BOUND('', #980, .T.);
#982 = FACETED_BREP_SHAPE_REPRESENTATION('', (#981), #8);
#983 = POLY_LOOP('', (#99, #100, #115));
#984 = FACE_OUTER_BOUND('', #983, .T.);
#985 = FACETED_BREP_SHAPE_REPRESENTATION('', (#984), #8);
#986 = POLY_LOOP('', (#116, #85, #84));
#987 = FACE_OUTER_BOUND('', #986, .T.);
#988 = FACETED_BREP_SHAPE_REPRESENTATION('', (#987), #8);
#989 = POLY_LOOP('', (#117, #100, #101));
#990 = FACE_OUTER_BOUND('', #989, .T.);
#991 = FACETED_BREP_SHAPE_REPRESENTATION('', (#990), #8);
#992 = POLY_LOOP('', (#116, #86, #85));
#993 = FACE_OUTER_BOUND('', #992, .T.);
#994 = FACETED_BREP_SHAPE_REPRESENTATION('', (#993), #8);
#995 = POLY_LOOP('', (#117, #101, #102));
#996 = FACE_OUTER_BOUND('', #995, .T.);
#997 = FACETED_BREP_SHAPE_REPRESENTATION('', (#996), #8);
#998 = POLY_LOOP('', (#116, #87, #86));
#999 = FACE_OUTER_BOUND('', #998, .T.);
#1000 = FACETED_BREP_SHAPE_REPRESENTATION('', (#999), #8);
#1001 = POLY_LOOP('', (#117, #102, #103));
#1002 = FACE_OUTER_BOUND('', #1001, .T.);
#1003 = FACETED_BREP_SHAPE_REPRESENTATION('', (#1002), #8);
#1004 = POLY_LOOP('', (#116, #88, #87));
#1005 = FACE_OUTER_BOUND('', #1004, .T.);
#1006 = FACETED_BREP_SHAPE_REPRESENTATION('', (#1005), #8);
#1007 = POLY_LOOP('', (#117, #103, #104));
#1008 = FACE_OUTER_BOUND('', #1007, .T.);
#1009 = FACETED_BREP_SHAPE_REPRESENTATION('', (#1008), #8);
#1010 = POLY_LOOP('', (#116, #89, #88));
#1011 = FACE_OUTER_BOUND('', #1010, .T.);
#1012 = FACETED_BREP_SHAPE_REPRESENTATION('', (#1011), #8);
#1013 = POLY_LOOP('', (#117, #104, #105));
#1014 = FACE_OUTER_BOUND('', #1013, .T.);
#1015 = FACETED_BREP_SHAPE_REPRESENTATION('', (#1014), #8);
#1016 = POLY_LOOP('', (#116, #90, #89));
#1017 = FACE_OUTER_BOUND('', #1016, .T.);
#1018 = FACETED_BREP_SHAPE_REPRESENTATION('', (#1017), #8);
#1019 = POLY_LOOP('', (#117, #105, #106));
#1020 = FACE_OUTER_BOUND('', #1019, .T.);
#1021 = FACETED_BREP_SHAPE_REPRESENTATION('', (#1020), #8);
#1022 = POLY_LOOP('', (#116, #91, #90));
#1023 = FACE_OUTER_BOUND('', #1022, .T.);
#1024 = FACETED_BREP_SHAPE_REPRESENTATION('', (#1023), #8);
#1025 = POLY_LOOP('', (#117, #106, #107));
#1026 = FACE_OUTER_BOUND('', #1025, .T.);
#1027 = FACETED_BREP_SHAPE_REPRESENTATION('', (#1026), #8);
#1028 = POLY_LOOP('', (#116, #92, #91));
#1029 = FACE_OUTER_BOUND('', #1028, .T.);
#1030 = FACETED_BREP_SHAPE_REPRESENTATION('', (#1029), #8);
#1031 = POLY_LOOP('', (#117, #107, #108));
#1032 = FACE_OUTER_BOUND('', #1031, .T.);
#1033 = FACETED_BREP_SHAPE_REPRESENTATION('', (#1032), #8);
#1034 = POLY_LOOP('', (#116, #93, #92));
#1035 = FACE_OUTER_BOUND('', #1034, .T.);
#1036 = FACETED_BREP_SHAPE_REPRESENTATION('', (#1035), #8);
#1037 = POLY_LOOP('', (#117, #108, #109));
#1038 = FACE_OUTER_BOUND('', #1037, .T.);
#1039 = FACETED_BREP_SHAPE_REPRESENTATION('', (#1038), #8);
#1040 = POLY_LOOP('', (#116, #94, #93));
#1041 = FACE_OUTER_BOUND('', #1040, .T.);
#1042 = FACETED_BREP_SHAPE_REPRESENTATION('', (#1041), #8);
#1043 = POLY_LOOP('', (#117, #109, #110));
#1044 = FACE_OUTER_BOUND('', #1043, .T.);
#1045 = FACETED_BREP_SHAPE_REPRESENTATION('', (#1044), #8);
#1046 = POLY_LOOP('', (#116, #95, #94));
#1047 = FACE_OUTER_BOUND('', #1046, .T.);
#1048 = FACETED_BREP_SHAPE_REPRESENTATION('', (#1047), #8);
#1049 = POLY_LOOP('', (#117, #110, #111));
#1050 = FACE_OUTER_BOUND('', #1049, .T.);
#1051 = FACETED_BREP_SHAPE_REPRESENTATION('', (#1050), #8);
#1052 = POLY_LOOP('', (#116, #96, #95));
#1053 = FACE_OUTER_BOUND('', #1052, .T.);
#1054 = FACETED_BREP_SHAPE_REPRESENTATION('', (#1053), #8);
#1055 = POLY_LOOP('', (#117, #111, #112));
#1056 = FACE_OUTER_BOUND('', #1055, .T.);
#1057 = FACETED_BREP_SHAPE_REPRESENTATION('', (#1056), #8);
#1058 = POLY_LOOP('', (#116, #97, #96));
#1059 = FACE_OUTER_BOUND('', #1058, .T.);
#1060 = FACETED_BREP_SHAPE_REPRESENTATION('', (#1059), #8);
#1061 = POLY_LOOP('', (#117, #112, #113));
#1062 = FACE_OUTER_BOUND('', #1061, .T.);
#1063 = FACETED_BREP_SHAPE_REPRESENTATION('', (#1062), #8);
#1064 = POLY_LOOP('', (#116, #98, #97));
#1065 = FACE_OUTER_BOUND('', #1064, .T.);
#1066 = FACETED_BREP_SHAPE_REPRESENTATION('', (#1065), #8);
#1067 = POLY_LOOP('', (#117, #113, #114));
#1068 = FACE_OUTER_BOUND('', #1067, .T.);
#1069 = FACETED_BREP_SHAPE_REPRESENTATION('', (#1068), #8);
#1070 = POLY_LOOP('', (#116, #99, #98));
#1071 = FACE_OUTER_BOUND('', #1070, .T.);
#1072 = FACETED_BREP_SHAPE_REPRESENTATION('', (#1071), #8);
#1073 = POLY_LOOP('', (#117, #114, #115));
#1074 = FACE_OUTER_BOUND('', #1073, .T.);
#1075 = FACETED_BREP_SHAPE_REPRESENTATION('', (#1074), #8);
#1076 = POLY_LOOP('', (#116, #84, #99));
#1077 = FACE_OUTER_BOUND('', #1076, .T.);
#1078 = FACETED_BREP_SHAPE_REPRESENTATION('', (#1077), #8);
#1079 = POLY_LOOP('', (#117, #115, #100));
#1080 = FACE_OUTER_BOUND('', #1079, .T.);
#1081 = FACETED_BREP_SHAPE_REPRESENTATION('', (#1080), #8);
#1082 = POLY_LOOP('', (#118, #119, #131));
#1083 = FACE_OUTER_BOUND('', #1082, .T.);
#1084 = FACETED_BREP_SHAPE_REPRESENTATION('', (#1083), #8);
#1085 = POLY_LOOP('', (#118, #131, #130));
#1086 = FACE_OUTER_BOUND('', #1085, .T.);
#1087 = FACETED_BREP_SHAPE_REPRESENTATION('', (#1086), #8);
#1088 = POLY_LOOP('', (#119, #120, #132));
#1089 = FACE_OUTER_BOUND('', #1088, .T.);
#1090 = FACETED_BREP_SHAPE_REPRESENTATION('', (#1089), #8);
#1091 = POLY_LOOP('', (#119, #132, #131));
#1092 = FACE_OUTER_BOUND('', #1091, .T.);
#1093 = FACETED_BREP_SHAPE_REPRESENTATION('', (#1092), #8);
#1094 = POLY_LOOP('', (#120, #121, #133));
#1095 = FACE_OUTER_BOUND('', #1094, .T.);
#1096 = FACETED_BREP_SHAPE_REPRESENTATION('', (#1095), #8);
#1097 = POLY_LOOP('', (#120, #133, #132));
#1098 = FACE_OUTER_BOUND('', #1097, .T.);
#1099 = FACETED_BREP_SHAPE_REPRESENTATION('', (#1098), #8);
#1100 = POLY_LOOP('', (#121, #122, #134));
#1101 = FACE_OUTER_BOUND('', #1100, .T.);
#1102 = FACETED_BREP_SHAPE_REPRESENTATION('', (#1101), #8);
#1103 = POLY_LOOP('', (#121, #134, #133));
#1104 = FACE_OUTER_BOUND('', #1103, .T.);
#1105 = FACETED_BREP_SHAPE_REPRESENTATION('', (#1104), #8);
#1106 = POLY_LOOP('', (#122, #123, #135));
#1107 = FACE_OUTER_BOUND('', #1106, .T.);
#1108 = FACETED_BREP_SHAPE_REPRESENTATION('', (#1107), #8);
#1109 = POLY_LOOP('', (#122, #135, #134));
#1110 = FACE_OUTER_BOUND('', #1109, .T.);
#1111 = FACETED_BREP_SHAPE_REPRESENTATION('', (#1110), #8);
#1112 = POLY_LOOP('', (#123, #124, #136));
#1113 = FACE_OUTER_BOUND('', #1112, .T.);
#1114 = FACETED_BREP_SHAPE_REPRESENTATION('', (#1113), #8);
#1115 = POLY_LOOP('', (#123, #136, #135));
#1116 = FACE_OUTER_BOUND('', #1115, .T.);
#1117 = FACETED_BREP_SHAPE_REPRESENTATION('', (#1116), #8);
#1118 = POLY_LOOP('', (#124, #125, #137));
#1119 = FACE_OUTER_BOUND('', #1118, .T.);
#1120 = FACETED_BREP_SHAPE_REPRESENTATION('', (#1119), #8);
#1121 = POLY_LOOP('', (#124, #137, #136));
#1122 = FACE_OUTER_BOUND('', #1121, .T.);
#1123 = FACETED_BREP_SHAPE_REPRESENTATION('', (#1122), #8);
#1124 = POLY_LOOP('', (#125, #126, #138));
#1125 = FACE_OUTER_BOUND('', #1124, .T.);
#1126 = FACETED_BREP_SHAPE_REPRESENTATION('', (#1125), #8);
#1127 = POLY_LOOP('', (#125, #138, #137));
#1128 = FACE_OUTER_BOUND('', #1127, .T.);
#1129 = FACETED_BREP_SHAPE_REPRESENTATION('', (#1128), #8);
#1130 = POLY_LOOP('', (#126, #127, #139));
#1131 = FACE_OUTER_BOUND('', #1130, .T.);
#1132 = FACETED_BREP_SHAPE_REPRESENTATION('', (#1131), #8);
#1133 = POLY_LOOP('', (#126, #139, #138));
#1134 = FACE_OUTER_BOUND('', #1133, .T.);
#1135 = FACETED_BREP_SHAPE_REPRESENTATION('', (#1134), #8);
#1136 = POLY_LOOP('', (#127, #128, #140));
#1137 = FACE_OUTER_BOUND('', #1136, .T.);
#1138 = FACETED_BREP_SHAPE_REPRESENTATION('', (#1137), #8);
#1139 = POLY_LOOP('', (#127, #140, #139));
#1140 = FACE_OUTER_BOUND('', #1139, .T.);
#1141 = FACETED_BREP_SHAPE_REPRESENTATION('', (#1140), #8);
#1142 = POLY_LOOP('', (#128, #129, #141));
#1143 = FACE_OUTER_BOUND('', #1142, .T.);
#1144 = FACETED_BREP_SHAPE_REPRESENTATION('', (#1143), #8);
#1145 = POLY_LOOP('', (#128, #141, #140));
#1146 = FACE_OUTER_BOUND('', #1145, .T.);
#1147 = FACETED_BREP_SHAPE_REPRESENTATION('', (#1146), #8);
#1148 = POLY_LOOP('', (#129, #118, #130));
#1149 = FACE_OUTER_BOUND('', #1148, .T.);
#1150 = FACETED_BREP_SHAPE_REPRESENTATION('', (#1149), #8);
#1151 = POLY_LOOP('', (#129, #130, #141));
#1152 = FACE_OUTER_BOUND('', #1151, .T.);
#1153 = FACETED_BREP_SHAPE_REPRESENTATION('', (#1152), #8);
#1154 = POLY_LOOP('', (#142, #119, #118));
#1155 = FACE_OUTER_BOUND('', #1154, .T.);
#1156 = FACETED_BREP_SHAPE_REPRESENTATION('', (#1155), #8);
#1157 = POLY_LOOP('', (#143, #130, #131));
#1158 = FACE_OUTER_BOUND('', #1157, .T.);
#1159 = FACETED_BREP_SHAPE_REPRESENTATION('', (#1158), #8);
#1160 = POLY_LOOP('', (#142, #120, #119));
#1161 = FACE_OUTER_BOUND('', #1160, .T.);
#1162 = FACETED_BREP_SHAPE_REPRESENTATION('', (#1161), #8);
#1163 = POLY_LOOP('', (#143, #131, #132));
#1164 = FACE_OUTER_BOUND('', #1163, .T.);
#1165 = FACETED_BREP_SHAPE_REPRESENTATION('', (#1164), #8);
#1166 = POLY_LOOP('', (#142, #121, #120));
#1167 = FACE_OUTER_BOUND('', #1166, .T.);
#1168 = FACETED_BREP_SHAPE_REPRESENTATION('', (#1167), #8);
#1169 = POLY_LOOP('', (#143, #132, #133));
#1170 = FACE_OUTER_BOUND('', #1169, .T.);
#1171 = FACETED_BREP_SHAPE_REPRESENTATION('', (#1170), #8);
#1172 = POLY_LOOP('', (#142, #122, #121));
#1173 = FACE_OUTER_BOUND('', #1172, .T.);
#1174 = FACETED_BREP_SHAPE_REPRESENTATION('', (#1173), #8);
#1175 = POLY_LOOP('', (#143, #133, #134));
#1176 = FACE_OUTER_BOUND('', #1175, .T.);
#1177 = FACETED_BREP_SHAPE_REPRESENTATION('', (#1176), #8);
#1178 = POLY_LOOP('', (#142, #123, #122));
#1179 = FACE_OUTER_BOUND('', #1178, .T.);
#1180 = FACETED_BREP_SHAPE_REPRESENTATION('', (#1179), #8);
#1181 = POLY_LOOP('', (#143, #134, #135));
#1182 = FACE_OUTER_BOUND('', #1181, .T.);
#1183 = FACETED_BREP_SHAPE_REPRESENTATION('', (#1182), #8);
#1184 = POLY_LOOP('', (#142, #124, #123));
#1185 = FACE_OUTER_BOUND('', #1184, .T.);
#1186 = FACETED_BREP_SHAPE_REPRESENTATION('', (#1185), #8);
#1187 = POLY_LOOP('', (#143, #135, #136));
#1188 = FACE_OUTER_BOUND('', #1187, .T.);
#1189 = FACETED_BREP_SHAPE_REPRESENTATION('', (#1188), #8);
#1190 = POLY_LOOP('', (#142, #125, #124));
#1191 = FACE_OUTER_BOUND('', #1190, .T.);
#1192 = FACETED_BREP_SHAPE_REPRESENTATION('', (#1191), #8);
#1193 = POLY_LOOP('', (#143, #136, #137));
#1194 = FACE_OUTER_BOUND('', #1193, .T.);
#1195 = FACETED_BREP_SHAPE_REPRESENTATION('', (#1194), #8);
#1196 = POLY_LOOP('', (#142, #126, #125));
#1197 = FACE_OUTER_BOUND('', #1196, .T.);
#1198 = FACETED_BREP_SHAPE_REPRESENTATION('', (#1197), #8);
#1199 = POLY_LOOP('', (#143, #137, #138));
#1200 = FACE_OUTER_BOUND('', #1199, .T.);
#1201 = FACETED_BREP_SHAPE_REPRESENTATION('', (#1200), #8);
#1202 = POLY_LOOP('', (#142, #127, #126));
#1203 = FACE_OUTER_BOUND('', #1202, .T.);
#1204 = FACETED_BREP_SHAPE_REPRESENTATION('', (#1203), #8);
#1205 = POLY_LOOP('', (#143, #138, #139));
#1206 = FACE_OUTER_BOUND('', #1205, .T.);
#1207 = FACETED_BREP_SHAPE_REPRESENTATION('', (#1206), #8);
#1208 = POLY_LOOP('', (#142, #128, #127));
#1209 = FACE_OUTER_BOUND('', #1208, .T.);
#1210 = FACETED_BREP_SHAPE_REPRESENTATION('', (#1209), #8);
#1211 = POLY_LOOP('', (#143, #139, #140));
#1212 = FACE_OUTER_BOUND('', #1211, .T.);
#1213 = FACETED_BREP_SHAPE_REPRESENTATION('', (#1212), #8);
#1214 = POLY_LOOP('', (#142, #129, #128));
#1215 = FACE_OUTER_BOUND('', #1214, .T.);
#1216 = FACETED_BREP_SHAPE_REPRESENTATION('', (#1215), #8);
#1217 = POLY_LOOP('', (#143, #140, #141));
#1218 = FACE_OUTER_BOUND('', #1217, .T.);
#1219 = FACETED_BREP_SHAPE_REPRESENTATION('', (#1218), #8);
#1220 = POLY_LOOP('', (#142, #118, #129));
#1221 = FACE_OUTER_BOUND('', #1220, .T.);
#1222 = FACETED_BREP_SHAPE_REPRESENTATION('', (#1221), #8);
#1223 = POLY_LOOP('', (#143, #141, #130));
#1224 = FACE_OUTER_BOUND('', #1223, .T.);
#1225 = FACETED_BREP_SHAPE_REPRESENTATION('', (#1224), #8);
#1226 = POLY_LOOP('', (#144, #145, #157));
#1227 = FACE_OUTER_BOUND('', #1226, .T.);
#1228 = FACETED_BREP_SHAPE_REPRESENTATION('', (#1227), #8);
#1229 = POLY_LOOP('', (#144, #157, #156));
#1230 = FACE_OUTER_BOUND('', #1229, .T.);
#1231 = FACETED_BREP_SHAPE_REPRESENTATION('', (#1230), #8);
#1232 = POLY_LOOP('', (#145, #146, #158));
#1233 = FACE_OUTER_BOUND('', #1232, .T.);
#1234 = FACETED_BREP_SHAPE_REPRESENTATION('', (#1233), #8);
#1235 = POLY_LOOP('', (#145, #158, #157));
#1236 = FACE_OUTER_BOUND('', #1235, .T.);
#1237 = FACETED_BREP_SHAPE_REPRESENTATION('', (#1236), #8);
#1238 = POLY_LOOP('', (#146, #147, #159));
#1239 = FACE_OUTER_BOUND('', #1238, .T.);
#1240 = FACETED_BREP_SHAPE_REPRESENTATION('', (#1239), #8);
#1241 = POLY_LOOP('', (#146, #159, #158));
#1242 = FACE_OUTER_BOUND('', #1241, .T.);
#1243 = FACETED_BREP_SHAPE_REPRESENTATION('', (#1242), #8);
#1244 = POLY_LOOP('', (#147, #148, #160));
#1245 = FACE_OUTER_BOUND('', #1244, .T.);
#1246 = FACETED_BREP_SHAPE_REPRESENTATION('', (#1245), #8);
#1247 = POLY_LOOP('', (#147, #160, #159));
#1248 = FACE_OUTER_BOUND('', #1247, .T.);
#1249 = FACETED_BREP_SHAPE_REPRESENTATION('', (#1248), #8);
#1250 = POLY_LOOP('', (#148, #149, #161));
#1251 = FACE_OUTER_BOUND('', #1250, .T.);
#1252 = FACETED_BREP_SHAPE_REPRESENTATION('', (#1251), #8);
#1253 = POLY_LOOP('', (#148, #161, #160));
#1254 = FACE_OUTER_BOUND('', #1253, .T.);
#1255 = FACETED_BREP_SHAPE_REPRESENTATION('', (#1254), #8);
#1256 = POLY_LOOP('', (#149, #150, #162));
#1257 = FACE_OUTER_BOUND('', #1256, .T.);
#1258 = FACETED_BREP_SHAPE_REPRESENTATION('', (#1257), #8);
#1259 = POLY_LOOP('', (#149, #162, #161));
#1260 = FACE_OUTER_BOUND('', #1259, .T.);
#1261 = FACETED_BREP_SHAPE_REPRESENTATION('', (#1260), #8);
#1262 = POLY_LOOP('', (#150, #151, #163));
#1263 = FACE_OUTER_BOUND('', #1262, .T.);
#1264 = FACETED_BREP_SHAPE_REPRESENTATION('', (#1263), #8);
#1265 = POLY_LOOP('', (#150, #163, #162));
#1266 = FACE_OUTER_BOUND('', #1265, .T.);
#1267 = FACETED_BREP_SHAPE_REPRESENTATION('', (#1266), #8);
#1268 = POLY_LOOP('', (#151, #152, #164));
#1269 = FACE_OUTER_BOUND('', #1268, .T.);
#1270 = FACETED_BREP_SHAPE_REPRESENTATION('', (#1269), #8);
#1271 = POLY_LOOP('', (#151, #164, #163));
#1272 = FACE_OUTER_BOUND('', #1271, .T.);
#1273 = FACETED_BREP_SHAPE_REPRESENTATION('', (#1272), #8);
#1274 = POLY_LOOP('', (#152, #153, #165));
#1275 = FACE_OUTER_BOUND('', #1274, .T.);
#1276 = FACETED_BREP_SHAPE_REPRESENTATION('', (#1275), #8);
#1277 = POLY_LOOP('', (#152, #165, #164));
#1278 = FACE_OUTER_BOUND('', #1277, .T.);
#1279 = FACETED_BREP_SHAPE_REPRESENTATION('', (#1278), #8);
#1280 = POLY_LOOP('', (#153, #154, #166));
#1281 = FACE_OUTER_BOUND('', #1280, .T.);
#1282 = FACETED_BREP_SHAPE_REPRESENTATION('', (#1281), #8);
#1283 = POLY_LOOP('', (#153, #166, #165));
#1284 = FACE_OUTER_BOUND('', #1283, .T.);
#1285 = FACETED_BREP_SHAPE_REPRESENTATION('', (#1284), #8);
#1286 = POLY_LOOP('', (#154, #155, #167));
#1287 = FACE_OUTER_BOUND('', #1286, .T.);
#1288 = FACETED_BREP_SHAPE_REPRESENTATION('', (#1287), #8);
#1289 = POLY_LOOP('', (#154, #167, #166));
#1290 = FACE_OUTER_BOUND('', #1289, .T.);
#1291 = FACETED_BREP_SHAPE_REPRESENTATION('', (#1290), #8);
#1292 = POLY_LOOP('', (#155, #144, #156));
#1293 = FACE_OUTER_BOUND('', #1292, .T.);
#1294 = FACETED_BREP_SHAPE_REPRESENTATION('', (#1293), #8);
#1295 = POLY_LOOP('', (#155, #156, #167));
#1296 = FACE_OUTER_BOUND('', #1295, .T.);
#1297 = FACETED_BREP_SHAPE_REPRESENTATION('', (#1296), #8);
#1298 = POLY_LOOP('', (#168, #145, #144));
#1299 = FACE_OUTER_BOUND('', #1298, .T.);
#1300 = FACETED_BREP_SHAPE_REPRESENTATION('', (#1299), #8);
#1301 = POLY_LOOP('', (#169, #156, #157));
#1302 = FACE_OUTER_BOUND('', #1301, .T.);
#1303 = FACETED_BREP_SHAPE_REPRESENTATION('', (#1302), #8);
#1304 = POLY_LOOP('', (#168, #146, #145));
#1305 = FACE_OUTER_BOUND('', #1304, .T.);
#1306 = FACETED_BREP_SHAPE_REPRESENTATION('', (#1305), #8);
#1307 = POLY_LOOP('', (#169, #157, #158));
#1308 = FACE_OUTER_BOUND('', #1307, .T.);
#1309 = FACETED_BREP_SHAPE_REPRESENTATION('', (#1308), #8);
#1310 = POLY_LOOP('', (#168, #147, #146));
#1311 = FACE_OUTER_BOUND('', #1310, .T.);
#1312 = FACETED_BREP_SHAPE_REPRESENTATION('', (#1311), #8);
#1313 = POLY_LOOP('', (#169, #158, #159));
#1314 = FACE_OUTER_BOUND('', #1313, .T.);
#1315 = FACETED_BREP_SHAPE_REPRESENTATION('', (#1314), #8);
#1316 = POLY_LOOP('', (#168, #148, #147));
#1317 = FACE_OUTER_BOUND('', #1316, .T.);
#1318 = FACETED_BREP_SHAPE_REPRESENTATION('', (#1317), #8);
#1319 = POLY_LOOP('', (#169, #159, #160));
#1320 = FACE_OUTER_BOUND('', #1319, .T.);
#1321 = FACETED_BREP_SHAPE_REPRESENTATION('', (#1320), #8);
#1322 = POLY_LOOP('', (#168, #149, #148));
#1323 = FACE_OUTER_BOUND('', #1322, .T.);
#1324 = FACETED_BREP_SHAPE_REPRESENTATION('', (#1323), #8);
#1325 = POLY_LOOP('', (#169, #160, #161));
#1326 = FACE_OUTER_BOUND('', #1325, .T.);
#1327 = FACETED_BREP_SHAPE_REPRESENTATION('', (#1326), #8);
#1328 = POLY_LOOP('', (#168, #150, #149));
#1329 = FACE_OUTER_BOUND('', #1328, .T.);
#1330 = FACETED_BREP_SHAPE_REPRESENTATION('', (#1329), #8);
#1331 = POLY_LOOP('', (#169, #161, #162));
#1332 = FACE_OUTER_BOUND('', #1331, .T.);
#1333 = FACETED_BREP_SHAPE_REPRESENTATION('', (#1332), #8);
#1334 = POLY_LOOP('', (#168, #151, #150));
#1335 = FACE_OUTER_BOUND('', #1334, .T.);
#1336 = FACETED_BREP_SHAPE_REPRESENTATION('', (#1335), #8);
#1337 = POLY_LOOP('', (#169, #162, #163));
#1338 = FACE_OUTER_BOUND('', #1337, .T.);
#1339 = FACETED_BREP_SHAPE_REPRESENTATION('', (#1338), #8);
#1340 = POLY_LOOP('', (#168, #152, #151));
#1341 = FACE_OUTER_BOUND('', #1340, .T.);
#1342 = FACETED_BREP_SHAPE_REPRESENTATION('', (#1341), #8);
#1343 = POLY_LOOP('', (#169, #163, #164));
#1344 = FACE_OUTER_BOUND('', #1343, .T.);
#1345 = FACETED_BREP_SHAPE_REPRESENTATION('', (#1344), #8);
#1346 = POLY_LOOP('', (#168, #153, #152));
#1347 = FACE_OUTER_BOUND('', #1346, .T.);
#1348 = FACETED_BREP_SHAPE_REPRESENTATION('', (#1347), #8);
#1349 = POLY_LOOP('', (#169, #164, #165));
#1350 = FACE_OUTER_BOUND('', #1349, .T.);
#1351 = FACETED_BREP_SHAPE_REPRESENTATION('', (#1350), #8);
#1352 = POLY_LOOP('', (#168, #154, #153));
#1353 = FACE_OUTER_BOUND('', #1352, .T.);
#1354 = FACETED_BREP_SHAPE_REPRESENTATION('', (#1353), #8);
#1355 = POLY_LOOP('', (#169, #165, #166));
#1356 = FACE_OUTER_BOUND('', #1355, .T.);
#1357 = FACETED_BREP_SHAPE_REPRESENTATION('', (#1356), #8);
#1358 = POLY_LOOP('', (#168, #155, #154));
#1359 = FACE_OUTER_BOUND('', #1358, .T.);
#1360 = FACETED_BREP_SHAPE_REPRESENTATION('', (#1359), #8);
#1361 = POLY_LOOP('', (#169, #166, #167));
#1362 = FACE_OUTER_BOUND('', #1361, .T.);
#1363 = FACETED_BREP_SHAPE_REPRESENTATION('', (#1362), #8);
#1364 = POLY_LOOP('', (#168, #144, #155));
#1365 = FACE_OUTER_BOUND('', #1364, .T.);
#1366 = FACETED_BREP_SHAPE_REPRESENTATION('', (#1365), #8);
#1367 = POLY_LOOP('', (#169, #167, #156));
#1368 = FACE_OUTER_BOUND('', #1367, .T.);
#1369 = FACETED_BREP_SHAPE_REPRESENTATION('', (#1368), #8);
#1370 = POLY_LOOP('', (#170, #171, #179));
#1371 = FACE_OUTER_BOUND('', #1370, .T.);
#1372 = FACETED_BREP_SHAPE_REPRESENTATION('', (#1371), #8);
#1373 = POLY_LOOP('', (#170, #179, #178));
#1374 = FACE_OUTER_BOUND('', #1373, .T.);
#1375 = FACETED_BREP_SHAPE_REPRESENTATION('', (#1374), #8);
#1376 = POLY_LOOP('', (#171, #172, #180));
#1377 = FACE_OUTER_BOUND('', #1376, .T.);
#1378 = FACETED_BREP_SHAPE_REPRESENTATION('', (#1377), #8);
#1379 = POLY_LOOP('', (#171, #180, #179));
#1380 = FACE_OUTER_BOUND('', #1379, .T.);
#1381 = FACETED_BREP_SHAPE_REPRESENTATION('', (#1380), #8);
#1382 = POLY_LOOP('', (#172, #173, #181));
#1383 = FACE_OUTER_BOUND('', #1382, .T.);
#1384 = FACETED_BREP_SHAPE_REPRESENTATION('', (#1383), #8);
#1385 = POLY_LOOP('', (#172, #181, #180));
#1386 = FACE_OUTER_BOUND('', #1385, .T.);
#1387 = FACETED_BREP_SHAPE_REPRESENTATION('', (#1386), #8);
#1388 = POLY_LOOP('', (#173, #174, #182));
#1389 = FACE_OUTER_BOUND('', #1388, .T.);
#1390 = FACETED_BREP_SHAPE_REPRESENTATION('', (#1389), #8);
#1391 = POLY_LOOP('', (#173, #182, #181));
#1392 = FACE_OUTER_BOUND('', #1391, .T.);
#1393 = FACETED_BREP_SHAPE_REPRESENTATION('', (#1392), #8);
#1394 = POLY_LOOP('', (#174, #175, #183));
#1395 = FACE_OUTER_BOUND('', #1394, .T.);
#1396 = FACETED_BREP_SHAPE_REPRESENTATION('', (#1395), #8);
#1397 = POLY_LOOP('', (#174, #183, #182));
#1398 = FACE_OUTER_BOUND('', #1397, .T.);
#1399 = FACETED_BREP_SHAPE_REPRESENTATION('', (#1398), #8);
#1400 = POLY_LOOP('', (#175, #176, #184));
#1401 = FACE_OUTER_BOUND('', #1400, .T.);
#1402 = FACETED_BREP_SHAPE_REPRESENTATION('', (#1401), #8);
#1403 = POLY_LOOP('', (#175, #184, #183));
#1404 = FACE_OUTER_BOUND('', #1403, .T.);
#1405 = FACETED_BREP_SHAPE_REPRESENTATION('', (#1404), #8);
#1406 = POLY_LOOP('', (#176, #177, #185));
#1407 = FACE_OUTER_BOUND('', #1406, .T.);
#1408 = FACETED_BREP_SHAPE_REPRESENTATION('', (#1407), #8);
#1409 = POLY_LOOP('', (#176, #185, #184));
#1410 = FACE_OUTER_BOUND('', #1409, .T.);
#1411 = FACETED_BREP_SHAPE_REPRESENTATION('', (#1410), #8);
#1412 = POLY_LOOP('', (#177, #170, #178));
#1413 = FACE_OUTER_BOUND('', #1412, .T.);
#1414 = FACETED_BREP_SHAPE_REPRESENTATION('', (#1413), #8);
#1415 = POLY_LOOP('', (#177, #178, #185));
#1416 = FACE_OUTER_BOUND('', #1415, .T.);
#1417 = FACETED_BREP_SHAPE_REPRESENTATION('', (#1416), #8);
#1418 = POLY_LOOP('', (#186, #171, #170));
#1419 = FACE_OUTER_BOUND('', #1418, .T.);
#1420 = FACETED_BREP_SHAPE_REPRESENTATION('', (#1419), #8);
#1421 = POLY_LOOP('', (#187, #178, #179));
#1422 = FACE_OUTER_BOUND('', #1421, .T.);
#1423 = FACETED_BREP_SHAPE_REPRESENTATION('', (#1422), #8);
#1424 = POLY_LOOP('', (#186, #172, #171));
#1425 = FACE_OUTER_BOUND('', #1424, .T.);
#1426 = FACETED_BREP_SHAPE_REPRESENTATION('', (#1425), #8);
#1427 = POLY_LOOP('', (#187, #179, #180));
#1428 = FACE_OUTER_BOUND('', #1427, .T.);
#1429 = FACETED_BREP_SHAPE_REPRESENTATION('', (#1428), #8);
#1430 = POLY_LOOP('', (#186, #173, #172));
#1431 = FACE_OUTER_BOUND('', #1430, .T.);
#1432 = FACETED_BREP_SHAPE_REPRESENTATION('', (#1431), #8);
#1433 = POLY_LOOP('', (#187, #180, #181));
#1434 = FACE_OUTER_BOUND('', #1433, .T.);
#1435 = FACETED_BREP_SHAPE_REPRESENTATION('', (#1434), #8);
#1436 = POLY_LOOP('', (#186, #174, #173));
#1437 = FACE_OUTER_BOUND('', #1436, .T.);
#1438 = FACETED_BREP_SHAPE_REPRESENTATION('', (#1437), #8);
#1439 = POLY_LOOP('', (#187, #181, #182));
#1440 = FACE_OUTER_BOUND('', #1439, .T.);
#1441 = FACETED_BREP_SHAPE_REPRESENTATION('', (#1440), #8);
#1442 = POLY_LOOP('', (#186, #175, #174));
#1443 = FACE_OUTER_BOUND('', #1442, .T.);
#1444 = FACETED_BREP_SHAPE_REPRESENTATION('', (#1443), #8);
#1445 = POLY_LOOP('', (#187, #182, #183));
#1446 = FACE_OUTER_BOUND('', #1445, .T.);
#1447 = FACETED_BREP_SHAPE_REPRESENTATION('', (#1446), #8);
#1448 = POLY_LOOP('', (#186, #176, #175));
#1449 = FACE_OUTER_BOUND('', #1448, .T.);
#1450 = FACETED_BREP_SHAPE_REPRESENTATION('', (#1449), #8);
#1451 = POLY_LOOP('', (#187, #183, #184));
#1452 = FACE_OUTER_BOUND('', #1451, .T.);
#1453 = FACETED_BREP_SHAPE_REPRESENTATION('', (#1452), #8);
#1454 = POLY_LOOP('', (#186, #177, #176));
#1455 = FACE_OUTER_BOUND('', #1454, .T.);
#1456 = FACETED_BREP_SHAPE_REPRESENTATION('', (#1455), #8);
#1457 = POLY_LOOP('', (#187, #184, #185));
#1458 = FACE_OUTER_BOUND('', #1457, .T.);
#1459 = FACETED_BREP_SHAPE_REPRESENTATION('', (#1458), #8);
#1460 = POLY_LOOP('', (#186, #170, #177));
#1461 = FACE_OUTER_BOUND('', #1460, .T.);
#1462 = FACETED_BREP_SHAPE_REPRESENTATION('', (#1461), #8);
#1463 = POLY_LOOP('', (#187, #185, #178));
#1464 = FACE_OUTER_BOUND('', #1463, .T.);
#1465 = FACETED_BREP_SHAPE_REPRESENTATION('', (#1464), #8);
#1466 = POLY_LOOP('', (#188, #189, #205));
#1467 = FACE_OUTER_BOUND('', #1466, .T.);
#1468 = FACETED_BREP_SHAPE_REPRESENTATION('', (#1467), #8);
#1469 = POLY_LOOP('', (#188, #205, #204));
#1470 = FACE_OUTER_BOUND('', #1469, .T.);
#1471 = FACETED_BREP_SHAPE_REPRESENTATION('', (#1470), #8);
#1472 = POLY_LOOP('', (#189, #190, #206));
#1473 = FACE_OUTER_BOUND('', #1472, .T.);
#1474 = FACETED_BREP_SHAPE_REPRESENTATION('', (#1473), #8);
#1475 = POLY_LOOP('', (#189, #206, #205));
#1476 = FACE_OUTER_BOUND('', #1475, .T.);
#1477 = FACETED_BREP_SHAPE_REPRESENTATION('', (#1476), #8);
#1478 = POLY_LOOP('', (#190, #191, #207));
#1479 = FACE_OUTER_BOUND('', #1478, .T.);
#1480 = FACETED_BREP_SHAPE_REPRESENTATION('', (#1479), #8);
#1481 = POLY_LOOP('', (#190, #207, #206));
#1482 = FACE_OUTER_BOUND('', #1481, .T.);
#1483 = FACETED_BREP_SHAPE_REPRESENTATION('', (#1482), #8);
#1484 = POLY_LOOP('', (#191, #192, #208));
#1485 = FACE_OUTER_BOUND('', #1484, .T.);
#1486 = FACETED_BREP_SHAPE_REPRESENTATION('', (#1485), #8);
#1487 = POLY_LOOP('', (#191, #208, #207));
#1488 = FACE_OUTER_BOUND('', #1487, .T.);
#1489 = FACETED_BREP_SHAPE_REPRESENTATION('', (#1488), #8);
#1490 = POLY_LOOP('', (#192, #193, #209));
#1491 = FACE_OUTER_BOUND('', #1490, .T.);
#1492 = FACETED_BREP_SHAPE_REPRESENTATION('', (#1491), #8);
#1493 = POLY_LOOP('', (#192, #209, #208));
#1494 = FACE_OUTER_BOUND('', #1493, .T.);
#1495 = FACETED_BREP_SHAPE_REPRESENTATION('', (#1494), #8);
#1496 = POLY_LOOP('', (#193, #194, #210));
#1497 = FACE_OUTER_BOUND('', #1496, .T.);
#1498 = FACETED_BREP_SHAPE_REPRESENTATION('', (#1497), #8);
#1499 = POLY_LOOP('', (#193, #210, #209));
#1500 = FACE_OUTER_BOUND('', #1499, .T.);
#1501 = FACETED_BREP_SHAPE_REPRESENTATION('', (#1500), #8);
#1502 = POLY_LOOP('', (#194, #195, #211));
#1503 = FACE_OUTER_BOUND('', #1502, .T.);
#1504 = FACETED_BREP_SHAPE_REPRESENTATION('', (#1503), #8);
#1505 = POLY_LOOP('', (#194, #211, #210));
#1506 = FACE_OUTER_BOUND('', #1505, .T.);
#1507 = FACETED_BREP_SHAPE_REPRESENTATION('', (#1506), #8);
#1508 = POLY_LOOP('', (#195, #196, #212));
#1509 = FACE_OUTER_BOUND('', #1508, .T.);
#1510 = FACETED_BREP_SHAPE_REPRESENTATION('', (#1509), #8);
#1511 = POLY_LOOP('', (#195, #212, #211));
#1512 = FACE_OUTER_BOUND('', #1511, .T.);
#1513 = FACETED_BREP_SHAPE_REPRESENTATION('', (#1512), #8);
#1514 = POLY_LOOP('', (#196, #197, #213));
#1515 = FACE_OUTER_BOUND('', #1514, .T.);
#1516 = FACETED_BREP_SHAPE_REPRESENTATION('', (#1515), #8);
#1517 = POLY_LOOP('', (#196, #213, #212));
#1518 = FACE_OUTER_BOUND('', #1517, .T.);
#1519 = FACETED_BREP_SHAPE_REPRESENTATION('', (#1518), #8);
#1520 = POLY_LOOP('', (#197, #198, #214));
#1521 = FACE_OUTER_BOUND('', #1520, .T.);
#1522 = FACETED_BREP_SHAPE_REPRESENTATION('', (#1521), #8);
#1523 = POLY_LOOP('', (#197, #214, #213));
#1524 = FACE_OUTER_BOUND('', #1523, .T.);
#1525 = FACETED_BREP_SHAPE_REPRESENTATION('', (#1524), #8);
#1526 = POLY_LOOP('', (#198, #199, #215));
#1527 = FACE_OUTER_BOUND('', #1526, .T.);
#1528 = FACETED_BREP_SHAPE_REPRESENTATION('', (#1527), #8);
#1529 = POLY_LOOP('', (#198, #215, #214));
#1530 = FACE_OUTER_BOUND('', #1529, .T.);
#1531 = FACETED_BREP_SHAPE_REPRESENTATION('', (#1530), #8);
#1532 = POLY_LOOP('', (#199, #200, #216));
#1533 = FACE_OUTER_BOUND('', #1532, .T.);
#1534 = FACETED_BREP_SHAPE_REPRESENTATION('', (#1533), #8);
#1535 = POLY_LOOP('', (#199, #216, #215));
#1536 = FACE_OUTER_BOUND('', #1535, .T.);
#1537 = FACETED_BREP_SHAPE_REPRESENTATION('', (#1536), #8);
#1538 = POLY_LOOP('', (#200, #201, #217));
#1539 = FACE_OUTER_BOUND('', #1538, .T.);
#1540 = FACETED_BREP_SHAPE_REPRESENTATION('', (#1539), #8);
#1541 = POLY_LOOP('', (#200, #217, #216));
#1542 = FACE_OUTER_BOUND('', #1541, .T.);
#1543 = FACETED_BREP_SHAPE_REPRESENTATION('', (#1542), #8);
#1544 = POLY_LOOP('', (#201, #202, #218));
#1545 = FACE_OUTER_BOUND('', #1544, .T.);
#1546 = FACETED_BREP_SHAPE_REPRESENTATION('', (#1545), #8);
#1547 = POLY_LOOP('', (#201, #218, #217));
#1548 = FACE_OUTER_BOUND('', #1547, .T.);
#1549 = FACETED_BREP_SHAPE_REPRESENTATION('', (#1548), #8);
#1550 = POLY_LOOP('', (#202, #203, #219));
#1551 = FACE_OUTER_BOUND('', #1550, .T.);
#1552 = FACETED_BREP_SHAPE_REPRESENTATION('', (#1551), #8);
#1553 = POLY_LOOP('', (#202, #219, #218));
#1554 = FACE_OUTER_BOUND('', #1553, .T.);
#1555 = FACETED_BREP_SHAPE_REPRESENTATION('', (#1554), #8);
#1556 = POLY_LOOP('', (#203, #188, #204));
#1557 = FACE_OUTER_BOUND('', #1556, .T.);
#1558 = FACETED_BREP_SHAPE_REPRESENTATION('', (#1557), #8);
#1559 = POLY_LOOP('', (#203, #204, #219));
#1560 = FACE_OUTER_BOUND('', #1559, .T.);
#1561 = FACETED_BREP_SHAPE_REPRESENTATION('', (#1560), #8);
#1562 = POLY_LOOP('', (#220, #189, #188));
#1563 = FACE_OUTER_BOUND('', #1562, .T.);
#1564 = FACETED_BREP_SHAPE_REPRESENTATION('', (#1563), #8);
#1565 = POLY_LOOP('', (#221, #204, #205));
#1566 = FACE_OUTER_BOUND('', #1565, .T.);
#1567 = FACETED_BREP_SHAPE_REPRESENTATION('', (#1566), #8);
#1568 = POLY_LOOP('', (#220, #190, #189));
#1569 = FACE_OUTER_BOUND('', #1568, .T.);
#1570 = FACETED_BREP_SHAPE_REPRESENTATION('', (#1569), #8);
#1571 = POLY_LOOP('', (#221, #205, #206));
#1572 = FACE_OUTER_BOUND('', #1571, .T.);
#1573 = FACETED_BREP_SHAPE_REPRESENTATION('', (#1572), #8);
#1574 = POLY_LOOP('', (#220, #191, #190));
#1575 = FACE_OUTER_BOUND('', #1574, .T.);
#1576 = FACETED_BREP_SHAPE_REPRESENTATION('', (#1575), #8);
#1577 = POLY_LOOP('', (#221, #206, #207));
#1578 = FACE_OUTER_BOUND('', #1577, .T.);
#1579 = FACETED_BREP_SHAPE_REPRESENTATION('', (#1578), #8);
#1580 = POLY_LOOP('', (#220, #192, #191));
#1581 = FACE_OUTER_BOUND('', #1580, .T.);
#1582 = FACETED_BREP_SHAPE_REPRESENTATION('', (#1581), #8);
#1583 = POLY_LOOP('', (#221, #207, #208));
#1584 = FACE_OUTER_BOUND('', #1583, .T.);
#1585 = FACETED_BREP_SHAPE_REPRESENTATION('', (#1584), #8);
#1586 = POLY_LOOP('', (#220, #193, #192));
#1587 = FACE_OUTER_BOUND('', #1586, .T.);
#1588 = FACETED_BREP_SHAPE_REPRESENTATION('', (#1587), #8);
#1589 = POLY_LOOP('', (#221, #208, #209));
#1590 = FACE_OUTER_BOUND('', #1589, .T.);
#1591 = FACETED_BREP_SHAPE_REPRESENTATION('', (#1590), #8);
#1592 = POLY_LOOP('', (#220, #194, #193));
#1593 = FACE_OUTER_BOUND('', #1592, .T.);
#1594 = FACETED_BREP_SHAPE_REPRESENTATION('', (#1593), #8);
#1595 = POLY_LOOP('', (#221, #209, #210));
#1596 = FACE_OUTER_BOUND('', #1595, .T.);
#1597 = FACETED_BREP_SHAPE_REPRESENTATION('', (#1596), #8);
#1598 = POLY_LOOP('', (#220, #195, #194));
#1599 = FACE_OUTER_BOUND('', #1598, .T.);
#1600 = FACETED_BREP_SHAPE_REPRESENTATION('', (#1599), #8);
#1601 = POLY_LOOP('', (#221, #210, #211));
#1602 = FACE_OUTER_BOUND('', #1601, .T.);
#1603 = FACETED_BREP_SHAPE_REPRESENTATION('', (#1602), #8);
#1604 = POLY_LOOP('', (#220, #196, #195));
#1605 = FACE_OUTER_BOUND('', #1604, .T.);
#1606 = FACETED_BREP_SHAPE_REPRESENTATION('', (#1605), #8);
#1607 = POLY_LOOP('', (#221, #211, #212));
#1608 = FACE_OUTER_BOUND('', #1607, .T.);
#1609 = FACETED_BREP_SHAPE_REPRESENTATION('', (#1608), #8);
#1610 = POLY_LOOP('', (#220, #197, #196));
#1611 = FACE_OUTER_BOUND('', #1610, .T.);
#1612 = FACETED_BREP_SHAPE_REPRESENTATION('', (#1611), #8);
#1613 = POLY_LOOP('', (#221, #212, #213));
#1614 = FACE_OUTER_BOUND('', #1613, .T.);
#1615 = FACETED_BREP_SHAPE_REPRESENTATION('', (#1614), #8);
#1616 = POLY_LOOP('', (#220, #198, #197));
#1617 = FACE_OUTER_BOUND('', #1616, .T.);
#1618 = FACETED_BREP_SHAPE_REPRESENTATION('', (#1617), #8);
#1619 = POLY_LOOP('', (#221, #213, #214));
#1620 = FACE_OUTER_BOUND('', #1619, .T.);
#1621 = FACETED_BREP_SHAPE_REPRESENTATION('', (#1620), #8);
#1622 = POLY_LOOP('', (#220, #199, #198));
#1623 = FACE_OUTER_BOUND('', #1622, .T.);
#1624 = FACETED_BREP_SHAPE_REPRESENTATION('', (#1623), #8);
#1625 = POLY_LOOP('', (#221, #214, #215));
#1626 = FACE_OUTER_BOUND('', #1625, .T.);
#1627 = FACETED_BREP_SHAPE_REPRESENTATION('', (#1626), #8);
#1628 = POLY_LOOP('', (#220, #200, #199));
#1629 = FACE_OUTER_BOUND('', #1628, .T.);
#1630 = FACETED_BREP_SHAPE_REPRESENTATION('', (#1629), #8);
#1631 = POLY_LOOP('', (#221, #215, #216));
#1632 = FACE_OUTER_BOUND('', #1631, .T.);
#1633 = FACETED_BREP_SHAPE_REPRESENTATION('', (#1632), #8);
#1634 = POLY_LOOP('', (#220, #201, #200));
#1635 = FACE_OUTER_BOUND('', #1634, .T.);
#1636 = FACETED_BREP_SHAPE_REPRESENTATION('', (#1635), #8);
#1637 = POLY_LOOP('', (#221, #216, #217));
#1638 = FACE_OUTER_BOUND('', #1637, .T.);
#1639 = FACETED_BREP_SHAPE_REPRESENTATION('', (#1638), #8);
#1640 = POLY_LOOP('', (#220, #202, #201));
#1641 = FACE_OUTER_BOUND('', #1640, .T.);
#1642 = FACETED_BREP_SHAPE_REPRESENTATION('', (#1641), #8);
#1643 = POLY_LOOP('', (#221, #217, #218));
#1644 = FACE_OUTER_BOUND('', #1643, .T.);
#1645 = FACETED_BREP_SHAPE_REPRESENTATION('', (#1644), #8);
#1646 = POLY_LOOP('', (#220, #203, #202));
#1647 = FACE_OUTER_BOUND('', #1646, .T.);
#1648 = FACETED_BREP_SHAPE_REPRESENTATION('', (#1647), #8);
#1649 = POLY_LOOP('', (#221, #218, #219));
#1650 = FACE_OUTER_BOUND('', #1649, .T.);
#1651 = FACETED_BREP_SHAPE_REPRESENTATION('', (#1650), #8);
#1652 = POLY_LOOP('', (#220, #188, #203));
#1653 = FACE_OUTER_BOUND('', #1652, .T.);
#1654 = FACETED_BREP_SHAPE_REPRESENTATION('', (#1653), #8);
#1655 = POLY_LOOP('', (#221, #219, #204));
#1656 = FACE_OUTER_BOUND('', #1655, .T.);
#1657 = FACETED_BREP_SHAPE_REPRESENTATION('', (#1656), #8);
#1658 = POLY_LOOP('', (#222, #223, #239));
#1659 = FACE_OUTER_BOUND('', #1658, .T.);
#1660 = FACETED_BREP_SHAPE_REPRESENTATION('', (#1659), #8);
#1661 = POLY_LOOP('', (#222, #239, #238));
#1662 = FACE_OUTER_BOUND('', #1661, .T.);
#1663 = FACETED_BREP_SHAPE_REPRESENTATION('', (#1662), #8);
#1664 = POLY_LOOP('', (#223, #224, #240));
#1665 = FACE_OUTER_BOUND('', #1664, .T.);
#1666 = FACETED_BREP_SHAPE_REPRESENTATION('', (#1665), #8);
#1667 = POLY_LOOP('', (#223, #240, #239));
#1668 = FACE_OUTER_BOUND('', #1667, .T.);
#1669 = FACETED_BREP_SHAPE_REPRESENTATION('', (#1668), #8);
#1670 = POLY_LOOP('', (#224, #225, #241));
#1671 = FACE_OUTER_BOUND('', #1670, .T.);
#1672 = FACETED_BREP_SHAPE_REPRESENTATION('', (#1671), #8);
#1673 = POLY_LOOP('', (#224, #241, #240));
#1674 = FACE_OUTER_BOUND('', #1673, .T.);
#1675 = FACETED_BREP_SHAPE_REPRESENTATION('', (#1674), #8);
#1676 = POLY_LOOP('', (#225, #226, #242));
#1677 = FACE_OUTER_BOUND('', #1676, .T.);
#1678 = FACETED_BREP_SHAPE_REPRESENTATION('', (#1677), #8);
#1679 = POLY_LOOP('', (#225, #242, #241));
#1680 = FACE_OUTER_BOUND('', #1679, .T.);
#1681 = FACETED_BREP_SHAPE_REPRESENTATION('', (#1680), #8);
#1682 = POLY_LOOP('', (#226, #227, #243));
#1683 = FACE_OUTER_BOUND('', #1682, .T.);
#1684 = FACETED_BREP_SHAPE_REPRESENTATION('', (#1683), #8);
#1685 = POLY_LOOP('', (#226, #243, #242));
#1686 = FACE_OUTER_BOUND('', #1685, .T.);
#1687 = FACETED_BREP_SHAPE_REPRESENTATION('', (#1686), #8);
#1688 = POLY_LOOP('', (#227, #228, #244));
#1689 = FACE_OUTER_BOUND('', #1688, .T.);
#1690 = FACETED_BREP_SHAPE_REPRESENTATION('', (#1689), #8);
#1691 = POLY_LOOP('', (#227, #244, #243));
#1692 = FACE_OUTER_BOUND('', #1691, .T.);
#1693 = FACETED_BREP_SHAPE_REPRESENTATION('', (#1692), #8);
#1694 = POLY_LOOP('', (#228, #229, #245));
#1695 = FACE_OUTER_BOUND('', #1694, .T.);
#1696 = FACETED_BREP_SHAPE_REPRESENTATION('', (#1695), #8);
#1697 = POLY_LOOP('', (#228, #245, #244));
#1698 = FACE_OUTER_BOUND('', #1697, .T.);
#1699 = FACETED_BREP_SHAPE_REPRESENTATION('', (#1698), #8);
#1700 = POLY_LOOP('', (#229, #230, #246));
#1701 = FACE_OUTER_BOUND('', #1700, .T.);
#1702 = FACETED_BREP_SHAPE_REPRESENTATION('', (#1701), #8);
#1703 = POLY_LOOP('', (#229, #246, #245));
#1704 = FACE_OUTER_BOUND('', #1703, .T.);
#1705 = FACETED_BREP_SHAPE_REPRESENTATION('', (#1704), #8);
#1706 = POLY_LOOP('', (#230, #231, #247));
#1707 = FACE_OUTER_BOUND('', #1706, .T.);
#1708 = FACETED_BREP_SHAPE_REPRESENTATION('', (#1707), #8);
#1709 = POLY_LOOP('', (#230, #247, #246));
#1710 = FACE_OUTER_BOUND('', #1709, .T.);
#1711 = FACETED_BREP_SHAPE_REPRESENTATION('', (#1710), #8);
#1712 = POLY_LOOP('', (#231, #232, #248));
#1713 = FACE_OUTER_BOUND('', #1712, .T.);
#1714 = FACETED_BREP_SHAPE_REPRESENTATION('', (#1713), #8);
#1715 = POLY_LOOP('', (#231, #248, #247));
#1716 = FACE_OUTER_BOUND('', #1715, .T.);
#1717 = FACETED_BREP_SHAPE_REPRESENTATION('', (#1716), #8);
#1718 = POLY_LOOP('', (#232, #233, #249));
#1719 = FACE_OUTER_BOUND('', #1718, .T.);
#1720 = FACETED_BREP_SHAPE_REPRESENTATION('', (#1719), #8);
#1721 = POLY_LOOP('', (#232, #249, #248));
#1722 = FACE_OUTER_BOUND('', #1721, .T.);
#1723 = FACETED_BREP_SHAPE_REPRESENTATION('', (#1722), #8);
#1724 = POLY_LOOP('', (#233, #234, #250));
#1725 = FACE_OUTER_BOUND('', #1724, .T.);
#1726 = FACETED_BREP_SHAPE_REPRESENTATION('', (#1725), #8);
#1727 = POLY_LOOP('', (#233, #250, #249));
#1728 = FACE_OUTER_BOUND('', #1727, .T.);
#1729 = FACETED_BREP_SHAPE_REPRESENTATION('', (#1728), #8);
#1730 = POLY_LOOP('', (#234, #235, #251));
#1731 = FACE_OUTER_BOUND('', #1730, .T.);
#1732 = FACETED_BREP_SHAPE_REPRESENTATION('', (#1731), #8);
#1733 = POLY_LOOP('', (#234, #251, #250));
#1734 = FACE_OUTER_BOUND('', #1733, .T.);
#1735 = FACETED_BREP_SHAPE_REPRESENTATION('', (#1734), #8);
#1736 = POLY_LOOP('', (#235, #236, #252));
#1737 = FACE_OUTER_BOUND('', #1736, .T.);
#1738 = FACETED_BREP_SHAPE_REPRESENTATION('', (#1737), #8);
#1739 = POLY_LOOP('', (#235, #252, #251));
#1740 = FACE_OUTER_BOUND('', #1739, .T.);
#1741 = FACETED_BREP_SHAPE_REPRESENTATION('', (#1740), #8);
#1742 = POLY_LOOP('', (#236, #237, #253));
#1743 = FACE_OUTER_BOUND('', #1742, .T.);
#1744 = FACETED_BREP_SHAPE_REPRESENTATION('', (#1743), #8);
#1745 = POLY_LOOP('', (#236, #253, #252));
#1746 = FACE_OUTER_BOUND('', #1745, .T.);
#1747 = FACETED_BREP_SHAPE_REPRESENTATION('', (#1746), #8);
#1748 = POLY_LOOP('', (#237, #222, #238));
#1749 = FACE_OUTER_BOUND('', #1748, .T.);
#1750 = FACETED_BREP_SHAPE_REPRESENTATION('', (#1749), #8);
#1751 = POLY_LOOP('', (#237, #238, #253));
#1752 = FACE_OUTER_BOUND('', #1751, .T.);
#1753 = FACETED_BREP_SHAPE_REPRESENTATION('', (#1752), #8);
#1754 = POLY_LOOP('', (#254, #223, #222));
#1755 = FACE_OUTER_BOUND('', #1754, .T.);
#1756 = FACETED_BREP_SHAPE_REPRESENTATION('', (#1755), #8);
#1757 = POLY_LOOP('', (#255, #238, #239));
#1758 = FACE_OUTER_BOUND('', #1757, .T.);
#1759 = FACETED_BREP_SHAPE_REPRESENTATION('', (#1758), #8);
#1760 = POLY_LOOP('', (#254, #224, #223));
#1761 = FACE_OUTER_BOUND('', #1760, .T.);
#1762 = FACETED_BREP_SHAPE_REPRESENTATION('', (#1761), #8);
#1763 = POLY_LOOP('', (#255, #239, #240));
#1764 = FACE_OUTER_BOUND('', #1763, .T.);
#1765 = FACETED_BREP_SHAPE_REPRESENTATION('', (#1764), #8);
#1766 = POLY_LOOP('', (#254, #225, #224));
#1767 = FACE_OUTER_BOUND('', #1766, .T.);
#1768 = FACETED_BREP_SHAPE_REPRESENTATION('', (#1767), #8);
#1769 = POLY_LOOP('', (#255, #240, #241));
#1770 = FACE_OUTER_BOUND('', #1769, .T.);
#1771 = FACETED_BREP_SHAPE_REPRESENTATION('', (#1770), #8);
#1772 = POLY_LOOP('', (#254, #226, #225));
#1773 = FACE_OUTER_BOUND('', #1772, .T.);
#1774 = FACETED_BREP_SHAPE_REPRESENTATION('', (#1773), #8);
#1775 = POLY_LOOP('', (#255, #241, #242));
#1776 = FACE_OUTER_BOUND('', #1775, .T.);
#1777 = FACETED_BREP_SHAPE_REPRESENTATION('', (#1776), #8);
#1778 = POLY_LOOP('', (#254, #227, #226));
#1779 = FACE_OUTER_BOUND('', #1778, .T.);
#1780 = FACETED_BREP_SHAPE_REPRESENTATION('', (#1779), #8);
#1781 = POLY_LOOP('', (#255, #242, #243));
#1782 = FACE_OUTER_BOUND('', #1781, .T.);
#1783 = FACETED_BREP_SHAPE_REPRESENTATION('', (#1782), #8);
#1784 = POLY_LOOP('', (#254, #228, #227));
#1785 = FACE_OUTER_BOUND('', #1784, .T.);
#1786 = FACETED_BREP_SHAPE_REPRESENTATION('', (#1785), #8);
#1787 = POLY_LOOP('', (#255, #243, #244));
#1788 = FACE_OUTER_BOUND('', #1787, .T.);
#1789 = FACETED_BREP_SHAPE_REPRESENTATION('', (#1788), #8);
#1790 = POLY_LOOP('', (#254, #229, #228));
#1791 = FACE_OUTER_BOUND('', #1790, .T.);
#1792 = FACETED_BREP_SHAPE_REPRESENTATION('', (#1791), #8);
#1793 = POLY_LOOP('', (#255, #244, #245));
#1794 = FACE_OUTER_BOUND('', #1793, .T.);
#1795 = FACETED_BREP_SHAPE_REPRESENTATION('', (#1794), #8);
#1796 = POLY_LOOP('', (#254, #230, #229));
#1797 = FACE_OUTER_BOUND('', #1796, .T.);
#1798 = FACETED_BREP_SHAPE_REPRESENTATION('', (#1797), #8);
#1799 = POLY_LOOP('', (#255, #245, #246));
#1800 = FACE_OUTER_BOUND('', #1799, .T.);
#1801 = FACETED_BREP_SHAPE_REPRESENTATION('', (#1800), #8);
#1802 = POLY_LOOP('', (#254, #231, #230));
#1803 = FACE_OUTER_BOUND('', #1802, .T.);
#1804 = FACETED_BREP_SHAPE_REPRESENTATION('', (#1803), #8);
#1805 = POLY_LOOP('', (#255, #246, #247));
#1806 = FACE_OUTER_BOUND('', #1805, .T.);
#1807 = FACETED_BREP_SHAPE_REPRESENTATION('', (#1806), #8);
#1808 = POLY_LOOP('', (#254, #232, #231));
#1809 = FACE_OUTER_BOUND('', #1808, .T.);
#1810 = FACETED_BREP_SHAPE_REPRESENTATION('', (#1809), #8);
#1811 = POLY_LOOP('', (#255, #247, #248));
#1812 = FACE_OUTER_BOUND('', #1811, .T.);
#1813 = FACETED_BREP_SHAPE_REPRESENTATION('', (#1812), #8);
#1814 = POLY_LOOP('', (#254, #233, #232));
#1815 = FACE_OUTER_BOUND('', #1814, .T.);
#1816 = FACETED_BREP_SHAPE_REPRESENTATION('', (#1815), #8);
#1817 = POLY_LOOP('', (#255, #248, #249));
#1818 = FACE_OUTER_BOUND('', #1817, .T.);
#1819 = FACETED_BREP_SHAPE_REPRESENTATION('', (#1818), #8);
#1820 = POLY_LOOP('', (#254, #234, #233));
#1821 = FACE_OUTER_BOUND('', #1820, .T.);
#1822 = FACETED_BREP_SHAPE_REPRESENTATION('', (#1821), #8);
#1823 = POLY_LOOP('', (#255, #249, #250));
#1824 = FACE_OUTER_BOUND('', #1823, .T.);
#1825 = FACETED_BREP_SHAPE_REPRESENTATION('', (#1824), #8);
#1826 = POLY_LOOP('', (#254, #235, #234));
#1827 = FACE_OUTER_BOUND('', #1826, .T.);
#1828 = FACETED_BREP_SHAPE_REPRESENTATION('', (#1827), #8);
#1829 = POLY_LOOP('', (#255, #250, #251));
#1830 = FACE_OUTER_BOUND('', #1829, .T.);
#1831 = FACETED_BREP_SHAPE_REPRESENTATION('', (#1830), #8);
#1832 = POLY_LOOP('', (#254, #236, #235));
#1833 = FACE_OUTER_BOUND('', #1832, .T.);
#1834 = FACETED_BREP_SHAPE_REPRESENTATION('', (#1833), #8);
#1835 = POLY_LOOP('', (#255, #251, #252));
#1836 = FACE_OUTER_BOUND('', #1835, .T.);
#1837 = FACETED_BREP_SHAPE_REPRESENTATION('', (#1836), #8);
#1838 = POLY_LOOP('', (#254, #237, #236));
#1839 = FACE_OUTER_BOUND('', #1838, .T.);
#1840 = FACETED_BREP_SHAPE_REPRESENTATION('', (#1839), #8);
#1841 = POLY_LOOP('', (#255, #252, #253));
#1842 = FACE_OUTER_BOUND('', #1841, .T.);
#1843 = FACETED_BREP_SHAPE_REPRESENTATION('', (#1842), #8);
#1844 = POLY_LOOP('', (#254, #222, #237));
#1845 = FACE_OUTER_BOUND('', #1844, .T.);
#1846 = FACETED_BREP_SHAPE_REPRESENTATION('', (#1845), #8);
#1847 = POLY_LOOP('', (#255, #253, #238));
#1848 = FACE_OUTER_BOUND('', #1847, .T.);
#1849 = FACETED_BREP_SHAPE_REPRESENTATION('', (#1848), #8);
#1850 = POLY_LOOP('', (#256, #257, #269));
#1851 = FACE_OUTER_BOUND('', #1850, .T.);
#1852 = FACETED_BREP_SHAPE_REPRESENTATION('', (#1851), #8);
#1853 = POLY_LOOP('', (#256, #269, #268));
#1854 = FACE_OUTER_BOUND('', #1853, .T.);
#1855 = FACETED_BREP_SHAPE_REPRESENTATION('', (#1854), #8);
#1856 = POLY_LOOP('', (#257, #258, #270));
#1857 = FACE_OUTER_BOUND('', #1856, .T.);
#1858 = FACETED_BREP_SHAPE_REPRESENTATION('', (#1857), #8);
#1859 = POLY_LOOP('', (#257, #270, #269));
#1860 = FACE_OUTER_BOUND('', #1859, .T.);
#1861 = FACETED_BREP_SHAPE_REPRESENTATION('', (#1860), #8);
#1862 = POLY_LOOP('', (#258, #259, #271));
#1863 = FACE_OUTER_BOUND('', #1862, .T.);
#1864 = FACETED_BREP_SHAPE_REPRESENTATION('', (#1863), #8);
#1865 = POLY_LOOP('', (#258, #271, #270));
#1866 = FACE_OUTER_BOUND('', #1865, .T.);
#1867 = FACETED_BREP_SHAPE_REPRESENTATION('', (#1866), #8);
#1868 = POLY_LOOP('', (#259, #260, #272));
#1869 = FACE_OUTER_BOUND('', #1868, .T.);
#1870 = FACETED_BREP_SHAPE_REPRESENTATION('', (#1869), #8);
#1871 = POLY_LOOP('', (#259, #272, #271));
#1872 = FACE_OUTER_BOUND('', #1871, .T.);
#1873 = FACETED_BREP_SHAPE_REPRESENTATION('', (#1872), #8);
#1874 = POLY_LOOP('', (#260, #261, #273));
#1875 = FACE_OUTER_BOUND('', #1874, .T.);
#1876 = FACETED_BREP_SHAPE_REPRESENTATION('', (#1875), #8);
#1877 = POLY_LOOP('', (#260, #273, #272));
#1878 = FACE_OUTER_BOUND('', #1877, .T.);
#1879 = FACETED_BREP_SHAPE_REPRESENTATION('', (#1878), #8);
#1880 = POLY_LOOP('', (#261, #262, #274));
#1881 = FACE_OUTER_BOUND('', #1880, .T.);
#1882 = FACETED_BREP_SHAPE_REPRESENTATION('', (#1881), #8);
#1883 = POLY_LOOP('', (#261, #274, #273));
#1884 = FACE_OUTER_BOUND('', #1883, .T.);
#1885 = FACETED_BREP_SHAPE_REPRESENTATION('', (#1884), #8);
#1886 = POLY_LOOP('', (#262, #263, #275));
#1887 = FACE_OUTER_BOUND('', #1886, .T.);
#1888 = FACETED_BREP_SHAPE_REPRESENTATION('', (#1887), #8);
#1889 = POLY_LOOP('', (#262, #275, #274));
#1890 = FACE_OUTER_BOUND('', #1889, .T.);
#1891 = FACETED_BREP_SHAPE_REPRESENTATION('', (#1890), #8);
#1892 = POLY_LOOP('', (#263, #264, #276));
#1893 = FACE_OUTER_BOUND('', #1892, .T.);
#1894 = FACETED_BREP_SHAPE_REPRESENTATION('', (#1893), #8);
#1895 = POLY_LOOP('', (#263, #276, #275));
#1896 = FACE_OUTER_BOUND('', #1895, .T.);
#1897 = FACETED_BREP_SHAPE_REPRESENTATION('', (#1896), #8);
#1898 = POLY_LOOP('', (#264, #265, #277));
#1899 = FACE_OUTER_BOUND('', #1898, .T.);
#1900 = FACETED_BREP_SHAPE_REPRESENTATION('', (#1899), #8);
#1901 = POLY_LOOP('', (#264, #277, #276));
#1902 = FACE_OUTER_BOUND('', #1901, .T.);
#1903 = FACETED_BREP_SHAPE_REPRESENTATION('', (#1902), #8);
#1904 = POLY_LOOP('', (#265, #266, #278));
#1905 = FACE_OUTER_BOUND('', #1904, .T.);
#1906 = FACETED_BREP_SHAPE_REPRESENTATION('', (#1905), #8);
#1907 = POLY_LOOP('', (#265, #278, #277));
#1908 = FACE_OUTER_BOUND('', #1907, .T.);
#1909 = FACETED_BREP_SHAPE_REPRESENTATION('', (#1908), #8);
#1910 = POLY_LOOP('', (#266, #267, #279));
#1911 = FACE_OUTER_BOUND('', #1910, .T.);
#1912 = FACETED_BREP_SHAPE_REPRESENTATION('', (#1911), #8);
#1913 = POLY_LOOP('', (#266, #279, #278));
#1914 = FACE_OUTER_BOUND('', #1913, .T.);
#1915 = FACETED_BREP_SHAPE_REPRESENTATION('', (#1914), #8);
#1916 = POLY_LOOP('', (#267, #256, #268));
#1917 = FACE_OUTER_BOUND('', #1916, .T.);
#1918 = FACETED_BREP_SHAPE_REPRESENTATION('', (#1917), #8);
#1919 = POLY_LOOP('', (#267, #268, #279));
#1920 = FACE_OUTER_BOUND('', #1919, .T.);
#1921 = FACETED_BREP_SHAPE_REPRESENTATION('', (#1920), #8);
#1922 = POLY_LOOP('', (#280, #257, #256));
#1923 = FACE_OUTER_BOUND('', #1922, .T.);
#1924 = FACETED_BREP_SHAPE_REPRESENTATION('', (#1923), #8);
#1925 = POLY_LOOP('', (#281, #268, #269));
#1926 = FACE_OUTER_BOUND('', #1925, .T.);
#1927 = FACETED_BREP_SHAPE_REPRESENTATION('', (#1926), #8);
#1928 = POLY_LOOP('', (#280, #258, #257));
#1929 = FACE_OUTER_BOUND('', #1928, .T.);
#1930 = FACETED_BREP_SHAPE_REPRESENTATION('', (#1929), #8);
#1931 = POLY_LOOP('', (#281, #269, #270));
#1932 = FACE_OUTER_BOUND('', #1931, .T.);
#1933 = FACETED_BREP_SHAPE_REPRESENTATION('', (#1932), #8);
#1934 = POLY_LOOP('', (#280, #259, #258));
#1935 = FACE_OUTER_BOUND('', #1934, .T.);
#1936 = FACETED_BREP_SHAPE_REPRESENTATION('', (#1935), #8);
#1937 = POLY_LOOP('', (#281, #270, #271));
#1938 = FACE_OUTER_BOUND('', #1937, .T.);
#1939 = FACETED_BREP_SHAPE_REPRESENTATION('', (#1938), #8);
#1940 = POLY_LOOP('', (#280, #260, #259));
#1941 = FACE_OUTER_BOUND('', #1940, .T.);
#1942 = FACETED_BREP_SHAPE_REPRESENTATION('', (#1941), #8);
#1943 = POLY_LOOP('', (#281, #271, #272));
#1944 = FACE_OUTER_BOUND('', #1943, .T.);
#1945 = FACETED_BREP_SHAPE_REPRESENTATION('', (#1944), #8);
#1946 = POLY_LOOP('', (#280, #261, #260));
#1947 = FACE_OUTER_BOUND('', #1946, .T.);
#1948 = FACETED_BREP_SHAPE_REPRESENTATION('', (#1947), #8);
#1949 = POLY_LOOP('', (#281, #272, #273));
#1950 = FACE_OUTER_BOUND('', #1949, .T.);
#1951 = FACETED_BREP_SHAPE_REPRESENTATION('', (#1950), #8);
#1952 = POLY_LOOP('', (#280, #262, #261));
#1953 = FACE_OUTER_BOUND('', #1952, .T.);
#1954 = FACETED_BREP_SHAPE_REPRESENTATION('', (#1953), #8);
#1955 = POLY_LOOP('', (#281, #273, #274));
#1956 = FACE_OUTER_BOUND('', #1955, .T.);
#1957 = FACETED_BREP_SHAPE_REPRESENTATION('', (#1956), #8);
#1958 = POLY_LOOP('', (#280, #263, #262));
#1959 = FACE_OUTER_BOUND('', #1958, .T.);
#1960 = FACETED_BREP_SHAPE_REPRESENTATION('', (#1959), #8);
#1961 = POLY_LOOP('', (#281, #274, #275));
#1962 = FACE_OUTER_BOUND('', #1961, .T.);
#1963 = FACETED_BREP_SHAPE_REPRESENTATION('', (#1962), #8);
#1964 = POLY_LOOP('', (#280, #264, #263));
#1965 = FACE_OUTER_BOUND('', #1964, .T.);
#1966 = FACETED_BREP_SHAPE_REPRESENTATION('', (#1965), #8);
#1967 = POLY_LOOP('', (#281, #275, #276));
#1968 = FACE_OUTER_BOUND('', #1967, .T.);
#1969 = FACETED_BREP_SHAPE_REPRESENTATION('', (#1968), #8);
#1970 = POLY_LOOP('', (#280, #265, #264));
#1971 = FACE_OUTER_BOUND('', #1970, .T.);
#1972 = FACETED_BREP_SHAPE_REPRESENTATION('', (#1971), #8);
#1973 = POLY_LOOP('', (#281, #276, #277));
#1974 = FACE_OUTER_BOUND('', #1973, .T.);
#1975 = FACETED_BREP_SHAPE_REPRESENTATION('', (#1974), #8);
#1976 = POLY_LOOP('', (#280, #266, #265));
#1977 = FACE_OUTER_BOUND('', #1976, .T.);
#1978 = FACETED_BREP_SHAPE_REPRESENTATION('', (#1977), #8);
#1979 = POLY_LOOP('', (#281, #277, #278));
#1980 = FACE_OUTER_BOUND('', #1979, .T.);
#1981 = FACETED_BREP_SHAPE_REPRESENTATION('', (#1980), #8);
#1982 = POLY_LOOP('', (#280, #267, #266));
#1983 = FACE_OUTER_BOUND('', #1982, .T.);
#1984 = FACETED_BREP_SHAPE_REPRESENTATION('', (#1983), #8);
#1985 = POLY_LOOP('', (#281, #278, #279));
#1986 = FACE_OUTER_BOUND('', #1985, .T.);
#1987 = FACETED_BREP_SHAPE_REPRESENTATION('', (#1986), #8);
#1988 = POLY_LOOP('', (#280, #256, #267));
#1989 = FACE_OUTER_BOUND('', #1988, .T.);
#1990 = FACETED_BREP_SHAPE_REPRESENTATION('', (#1989), #8);
#1991 = POLY_LOOP('', (#281, #279, #268));
#1992 = FACE_OUTER_BOUND('', #1991, .T.);
#1993 = FACETED_BREP_SHAPE_REPRESENTATION('', (#1992), #8);
#1994 = POLY_LOOP('', (#282, #283, #295));
#1995 = FACE_OUTER_BOUND('', #1994, .T.);
#1996 = FACETED_BREP_SHAPE_REPRESENTATION('', (#1995), #8);
#1997 = POLY_LOOP('', (#282, #295, #294));
#1998 = FACE_OUTER_BOUND('', #1997, .T.);
#1999 = FACETED_BREP_SHAPE_REPRESENTATION('', (#1998), #8);
#2000 = POLY_LOOP('', (#283, #284, #296));
#2001 = FACE_OUTER_BOUND('', #2000, .T.);
#2002 = FACETED_BREP_SHAPE_REPRESENTATION('', (#2001), #8);
#2003 = POLY_LOOP('', (#283, #296, #295));
#2004 = FACE_OUTER_BOUND('', #2003, .T.);
#2005 = FACETED_BREP_SHAPE_REPRESENTATION('', (#2004), #8);
#2006 = POLY_LOOP('', (#284, #285, #297));
#2007 = FACE_OUTER_BOUND('', #2006, .T.);
#2008 = FACETED_BREP_SHAPE_REPRESENTATION('', (#2007), #8);
#2009 = POLY_LOOP('', (#284, #297, #296));
#2010 = FACE_OUTER_BOUND('', #2009, .T.);
#2011 = FACETED_BREP_SHAPE_REPRESENTATION('', (#2010), #8);
#2012 = POLY_LOOP('', (#285, #286, #298));
#2013 = FACE_OUTER_BOUND('', #2012, .T.);
#2014 = FACETED_BREP_SHAPE_REPRESENTATION('', (#2013), #8);
#2015 = POLY_LOOP('', (#285, #298, #297));
#2016 = FACE_OUTER_BOUND('', #2015, .T.);
#2017 = FACETED_BREP_SHAPE_REPRESENTATION('', (#2016), #8);
#2018 = POLY_LOOP('', (#286, #287, #299));
#2019 = FACE_OUTER_BOUND('', #2018, .T.);
#2020 = FACETED_BREP_SHAPE_REPRESENTATION('', (#2019), #8);
#2021 = POLY_LOOP('', (#286, #299, #298));
#2022 = FACE_OUTER_BOUND('', #2021, .T.);
#2023 = FACETED_BREP_SHAPE_REPRESENTATION('', (#2022), #8);
#2024 = POLY_LOOP('', (#287, #288, #300));
#2025 = FACE_OUTER_BOUND('', #2024, .T.);
#2026 = FACETED_BREP_SHAPE_REPRESENTATION('', (#2025), #8);
#2027 = POLY_LOOP('', (#287, #300, #299));
#2028 = FACE_OUTER_BOUND('', #2027, .T.);
#2029 = FACETED_BREP_SHAPE_REPRESENTATION('', (#2028), #8);
#2030 = POLY_LOOP('', (#288, #289, #301));
#2031 = FACE_OUTER_BOUND('', #2030, .T.);
#2032 = FACETED_BREP_SHAPE_REPRESENTATION('', (#2031), #8);
#2033 = POLY_LOOP('', (#288, #301, #300));
#2034 = FACE_OUTER_BOUND('', #2033, .T.);
#2035 = FACETED_BREP_SHAPE_REPRESENTATION('', (#2034), #8);
#2036 = POLY_LOOP('', (#289, #290, #302));
#2037 = FACE_OUTER_BOUND('', #2036, .T.);
#2038 = FACETED_BREP_SHAPE_REPRESENTATION('', (#2037), #8);
#2039 = POLY_LOOP('', (#289, #302, #301));
#2040 = FACE_OUTER_BOUND('', #2039, .T.);
#2041 = FACETED_BREP_SHAPE_REPRESENTATION('', (#2040), #8);
#2042 = POLY_LOOP('', (#290, #291, #303));
#2043 = FACE_OUTER_BOUND('', #2042, .T.);
#2044 = FACETED_BREP_SHAPE_REPRESENTATION('', (#2043), #8);
#2045 = POLY_LOOP('', (#290, #303, #302));
#2046 = FACE_OUTER_BOUND('', #2045, .T.);
#2047 = FACETED_BREP_SHAPE_REPRESENTATION('', (#2046), #8);
#2048 = POLY_LOOP('', (#291, #292, #304));
#2049 = FACE_OUTER_BOUND('', #2048, .T.);
#2050 = FACETED_BREP_SHAPE_REPRESENTATION('', (#2049), #8);
#2051 = POLY_LOOP('', (#291, #304, #303));
#2052 = FACE_OUTER_BOUND('', #2051, .T.);
#2053 = FACETED_BREP_SHAPE_REPRESENTATION('', (#2052), #8);
#2054 = POLY_LOOP('', (#292, #293, #305));
#2055 = FACE_OUTER_BOUND('', #2054, .T.);
#2056 = FACETED_BREP_SHAPE_REPRESENTATION('', (#2055), #8);
#2057 = POLY_LOOP('', (#292, #305, #304));
#2058 = FACE_OUTER_BOUND('', #2057, .T.);
#2059 = FACETED_BREP_SHAPE_REPRESENTATION('', (#2058), #8);
#2060 = POLY_LOOP('', (#293, #282, #294));
#2061 = FACE_OUTER_BOUND('', #2060, .T.);
#2062 = FACETED_BREP_SHAPE_REPRESENTATION('', (#2061), #8);
#2063 = POLY_LOOP('', (#293, #294, #305));
#2064 = FACE_OUTER_BOUND('', #2063, .T.);
#2065 = FACETED_BREP_SHAPE_REPRESENTATION('', (#2064), #8);
#2066 = POLY_LOOP('', (#306, #283, #282));
#2067 = FACE_OUTER_BOUND('', #2066, .T.);
#2068 = FACETED_BREP_SHAPE_REPRESENTATION('', (#2067), #8);
#2069 = POLY_LOOP('', (#307, #294, #295));
#2070 = FACE_OUTER_BOUND('', #2069, .T.);
#2071 = FACETED_BREP_SHAPE_REPRESENTATION('', (#2070), #8);
#2072 = POLY_LOOP('', (#306, #284, #283));
#2073 = FACE_OUTER_BOUND('', #2072, .T.);
#2074 = FACETED_BREP_SHAPE_REPRESENTATION('', (#2073), #8);
#2075 = POLY_LOOP('', (#307, #295, #296));
#2076 = FACE_OUTER_BOUND('', #2075, .T.);
#2077 = FACETED_BREP_SHAPE_REPRESENTATION('', (#2076), #8);
#2078 = POLY_LOOP('', (#306, #285, #284));
#2079 = FACE_OUTER_BOUND('', #2078, .T.);
#2080 = FACETED_BREP_SHAPE_REPRESENTATION('', (#2079), #8);
#2081 = POLY_LOOP('', (#307, #296, #297));
#2082 = FACE_OUTER_BOUND('', #2081, .T.);
#2083 = FACETED_BREP_SHAPE_REPRESENTATION('', (#2082), #8);
#2084 = POLY_LOOP('', (#306, #286, #285));
#2085 = FACE_OUTER_BOUND('', #2084, .T.);
#2086 = FACETED_BREP_SHAPE_REPRESENTATION('', (#2085), #8);
#2087 = POLY_LOOP('', (#307, #297, #298));
#2088 = FACE_OUTER_BOUND('', #2087, .T.);
#2089 = FACETED_BREP_SHAPE_REPRESENTATION('', (#2088), #8);
#2090 = POLY_LOOP('', (#306, #287, #286));
#2091 = FACE_OUTER_BOUND('', #2090, .T.);
#2092 = FACETED_BREP_SHAPE_REPRESENTATION('', (#2091), #8);
#2093 = POLY_LOOP('', (#307, #298, #299));
#2094 = FACE_OUTER_BOUND('', #2093, .T.);
#2095 = FACETED_BREP_SHAPE_REPRESENTATION('', (#2094), #8);
#2096 = POLY_LOOP('', (#306, #288, #287));
#2097 = FACE_OUTER_BOUND('', #2096, .T.);
#2098 = FACETED_BREP_SHAPE_REPRESENTATION('', (#2097), #8);
#2099 = POLY_LOOP('', (#307, #299, #300));
#2100 = FACE_OUTER_BOUND('', #2099, .T.);
#2101 = FACETED_BREP_SHAPE_REPRESENTATION('', (#2100), #8);
#2102 = POLY_LOOP('', (#306, #289, #288));
#2103 = FACE_OUTER_BOUND('', #2102, .T.);
#2104 = FACETED_BREP_SHAPE_REPRESENTATION('', (#2103), #8);
#2105 = POLY_LOOP('', (#307, #300, #301));
#2106 = FACE_OUTER_BOUND('', #2105, .T.);
#2107 = FACETED_BREP_SHAPE_REPRESENTATION('', (#2106), #8);
#2108 = POLY_LOOP('', (#306, #290, #289));
#2109 = FACE_OUTER_BOUND('', #2108, .T.);
#2110 = FACETED_BREP_SHAPE_REPRESENTATION('', (#2109), #8);
#2111 = POLY_LOOP('', (#307, #301, #302));
#2112 = FACE_OUTER_BOUND('', #2111, .T.);
#2113 = FACETED_BREP_SHAPE_REPRESENTATION('', (#2112), #8);
#2114 = POLY_LOOP('', (#306, #291, #290));
#2115 = FACE_OUTER_BOUND('', #2114, .T.);
#2116 = FACETED_BREP_SHAPE_REPRESENTATION('', (#2115), #8);
#2117 = POLY_LOOP('', (#307, #302, #303));
#2118 = FACE_OUTER_BOUND('', #2117, .T.);
#2119 = FACETED_BREP_SHAPE_REPRESENTATION('', (#2118), #8);
#2120 = POLY_LOOP('', (#306, #292, #291));
#2121 = FACE_OUTER_BOUND('', #2120, .T.);
#2122 = FACETED_BREP_SHAPE_REPRESENTATION('', (#2121), #8);
#2123 = POLY_LOOP('', (#307, #303, #304));
#2124 = FACE_OUTER_BOUND('', #2123, .T.);
#2125 = FACETED_BREP_SHAPE_REPRESENTATION('', (#2124), #8);
#2126 = POLY_LOOP('', (#306, #293, #292));
#2127 = FACE_OUTER_BOUND('', #2126, .T.);
#2128 = FACETED_BREP_SHAPE_REPRESENTATION('', (#2127), #8);
#2129 = POLY_LOOP('', (#307, #304, #305));
#2130 = FACE_OUTER_BOUND('', #2129, .T.);
#2131 = FACETED_BREP_SHAPE_REPRESENTATION('', (#2130), #8);
#2132 = POLY_LOOP('', (#306, #282, #293));
#2133 = FACE_OUTER_BOUND('', #2132, .T.);
#2134 = FACETED_BREP_SHAPE_REPRESENTATION('', (#2133), #8);
#2135 = POLY_LOOP('', (#307, #305, #294));
#2136 = FACE_OUTER_BOUND('', #2135, .T.);
#2137 = FACETED_BREP_SHAPE_REPRESENTATION('', (#2136), #8);
#2138 = POLY_LOOP('', (#308, #309, #317));
#2139 = FACE_OUTER_BOUND('', #2138, .T.);
#2140 = FACETED_BREP_SHAPE_REPRESENTATION('', (#2139), #8);
#2141 = POLY_LOOP('', (#308, #317, #316));
#2142 = FACE_OUTER_BOUND('', #2141, .T.);
#2143 = FACETED_BREP_SHAPE_REPRESENTATION('', (#2142), #8);
#2144 = POLY_LOOP('', (#309, #310, #318));
#2145 = FACE_OUTER_BOUND('', #2144, .T.);
#2146 = FACETED_BREP_SHAPE_REPRESENTATION('', (#2145), #8);
#2147 = POLY_LOOP('', (#309, #318, #317));
#2148 = FACE_OUTER_BOUND('', #2147, .T.);
#2149 = FACETED_BREP_SHAPE_REPRESENTATION('', (#2148), #8);
#2150 = POLY_LOOP('', (#310, #311, #319));
#2151 = FACE_OUTER_BOUND('', #2150, .T.);
#2152 = FACETED_BREP_SHAPE_REPRESENTATION('', (#2151), #8);
#2153 = POLY_LOOP('', (#310, #319, #318));
#2154 = FACE_OUTER_BOUND('', #2153, .T.);
#2155 = FACETED_BREP_SHAPE_REPRESENTATION('', (#2154), #8);
#2156 = POLY_LOOP('', (#311, #312, #320));
#2157 = FACE_OUTER_BOUND('', #2156, .T.);
#2158 = FACETED_BREP_SHAPE_REPRESENTATION('', (#2157), #8);
#2159 = POLY_LOOP('', (#311, #320, #319));
#2160 = FACE_OUTER_BOUND('', #2159, .T.);
#2161 = FACETED_BREP_SHAPE_REPRESENTATION('', (#2160), #8);
#2162 = POLY_LOOP('', (#312, #313, #321));
#2163 = FACE_OUTER_BOUND('', #2162, .T.);
#2164 = FACETED_BREP_SHAPE_REPRESENTATION('', (#2163), #8);
#2165 = POLY_LOOP('', (#312, #321, #320));
#2166 = FACE_OUTER_BOUND('', #2165, .T.);
#2167 = FACETED_BREP_SHAPE_REPRESENTATION('', (#2166), #8);
#2168 = POLY_LOOP('', (#313, #314, #322));
#2169 = FACE_OUTER_BOUND('', #2168, .T.);
#2170 = FACETED_BREP_SHAPE_REPRESENTATION('', (#2169), #8);
#2171 = POLY_LOOP('', (#313, #322, #321));
#2172 = FACE_OUTER_BOUND('', #2171, .T.);
#2173 = FACETED_BREP_SHAPE_REPRESENTATION('', (#2172), #8);
#2174 = POLY_LOOP('', (#314, #315, #323));
#2175 = FACE_OUTER_BOUND('', #2174, .T.);
#2176 = FACETED_BREP_SHAPE_REPRESENTATION('', (#2175), #8);
#2177 = POLY_LOOP('', (#314, #323, #322));
#2178 = FACE_OUTER_BOUND('', #2177, .T.);
#2179 = FACETED_BREP_SHAPE_REPRESENTATION('', (#2178), #8);
#2180 = POLY_LOOP('', (#315, #308, #316));
#2181 = FACE_OUTER_BOUND('', #2180, .T.);
#2182 = FACETED_BREP_SHAPE_REPRESENTATION('', (#2181), #8);
#2183 = POLY_LOOP('', (#315, #316, #323));
#2184 = FACE_OUTER_BOUND('', #2183, .T.);
#2185 = FACETED_BREP_SHAPE_REPRESENTATION('', (#2184), #8);
#2186 = POLY_LOOP('', (#324, #309, #308));
#2187 = FACE_OUTER_BOUND('', #2186, .T.);
#2188 = FACETED_BREP_SHAPE_REPRESENTATION('', (#2187), #8);
#2189 = POLY_LOOP('', (#325, #316, #317));
#2190 = FACE_OUTER_BOUND('', #2189, .T.);
#2191 = FACETED_BREP_SHAPE_REPRESENTATION('', (#2190), #8);
#2192 = POLY_LOOP('', (#324, #310, #309));
#2193 = FACE_OUTER_BOUND('', #2192, .T.);
#2194 = FACETED_BREP_SHAPE_REPRESENTATION('', (#2193), #8);
#2195 = POLY_LOOP('', (#325, #317, #318));
#2196 = FACE_OUTER_BOUND('', #2195, .T.);
#2197 = FACETED_BREP_SHAPE_REPRESENTATION('', (#2196), #8);
#2198 = POLY_LOOP('', (#324, #311, #310));
#2199 = FACE_OUTER_BOUND('', #2198, .T.);
#2200 = FACETED_BREP_SHAPE_REPRESENTATION('', (#2199), #8);
#2201 = POLY_LOOP('', (#325, #318, #319));
#2202 = FACE_OUTER_BOUND('', #2201, .T.);
#2203 = FACETED_BREP_SHAPE_REPRESENTATION('', (#2202), #8);
#2204 = POLY_LOOP('', (#324, #312, #311));
#2205 = FACE_OUTER_BOUND('', #2204, .T.);
#2206 = FACETED_BREP_SHAPE_REPRESENTATION('', (#2205), #8);
#2207 = POLY_LOOP('', (#325, #319, #320));
#2208 = FACE_OUTER_BOUND('', #2207, .T.);
#2209 = FACETED_BREP_SHAPE_REPRESENTATION('', (#2208), #8);
#2210 = POLY_LOOP('', (#324, #313, #312));
#2211 = FACE_OUTER_BOUND('', #2210, .T.);
#2212 = FACETED_BREP_SHAPE_REPRESENTATION('', (#2211), #8);
#2213 = POLY_LOOP('', (#325, #320, #321));
#2214 = FACE_OUTER_BOUND('', #2213, .T.);
#2215 = FACETED_BREP_SHAPE_REPRESENTATION('', (#2214), #8);
#2216 = POLY_LOOP('', (#324, #314, #313));
#2217 = FACE_OUTER_BOUND('', #2216, .T.);
#2218 = FACETED_BREP_SHAPE_REPRESENTATION('', (#2217), #8);
#2219 = POLY_LOOP('', (#325, #321, #322));
#2220 = FACE_OUTER_BOUND('', #2219, .T.);
#2221 = FACETED_BREP_SHAPE_REPRESENTATION('', (#2220), #8);
#2222 = POLY_LOOP('', (#324, #315, #314));
#2223 = FACE_OUTER_BOUND('', #2222, .T.);
#2224 = FACETED_BREP_SHAPE_REPRESENTATION('', (#2223), #8);
#2225 = POLY_LOOP('', (#325, #322, #323));
#2226 = FACE_OUTER_BOUND('', #2225, .T.);
#2227 = FACETED_BREP_SHAPE_REPRESENTATION('', (#2226), #8);
#2228 = POLY_LOOP('', (#324, #308, #315));
#2229 = FACE_OUTER_BOUND('', #2228, .T.);
#2230 = FACETED_BREP_SHAPE_REPRESENTATION('', (#2229), #8);
#2231 = POLY_LOOP('', (#325, #323, #316));
#2232 = FACE_OUTER_BOUND('', #2231, .T.);
#2233 = FACETED_BREP_SHAPE_REPRESENTATION('', (#2232), #8);
#2234 = POLY_LOOP('', (#326, #327, #343));
#2235 = FACE_OUTER_BOUND('', #2234, .T.);
#2236 = FACETED_BREP_SHAPE_REPRESENTATION('', (#2235), #8);
#2237 = POLY_LOOP('', (#326, #343, #342));
#2238 = FACE_OUTER_BOUND('', #2237, .T.);
#2239 = FACETED_BREP_SHAPE_REPRESENTATION('', (#2238), #8);
#2240 = POLY_LOOP('', (#327, #328, #344));
#2241 = FACE_OUTER_BOUND('', #2240, .T.);
#2242 = FACETED_BREP_SHAPE_REPRESENTATION('', (#2241), #8);
#2243 = POLY_LOOP('', (#327, #344, #343));
#2244 = FACE_OUTER_BOUND('', #2243, .T.);
#2245 = FACETED_BREP_SHAPE_REPRESENTATION('', (#2244), #8);
#2246 = POLY_LOOP('', (#328, #329, #345));
#2247 = FACE_OUTER_BOUND('', #2246, .T.);
#2248 = FACETED_BREP_SHAPE_REPRESENTATION('', (#2247), #8);
#2249 = POLY_LOOP('', (#328, #345, #344));
#2250 = FACE_OUTER_BOUND('', #2249, .T.);
#2251 = FACETED_BREP_SHAPE_REPRESENTATION('', (#2250), #8);
#2252 = POLY_LOOP('', (#329, #330, #346));
#2253 = FACE_OUTER_BOUND('', #2252, .T.);
#2254 = FACETED_BREP_SHAPE_REPRESENTATION('', (#2253), #8);
#2255 = POLY_LOOP('', (#329, #346, #345));
#2256 = FACE_OUTER_BOUND('', #2255, .T.);
#2257 = FACETED_BREP_SHAPE_REPRESENTATION('', (#2256), #8);
#2258 = POLY_LOOP('', (#330, #331, #347));
#2259 = FACE_OUTER_BOUND('', #2258, .T.);
#2260 = FACETED_BREP_SHAPE_REPRESENTATION('', (#2259), #8);
#2261 = POLY_LOOP('', (#330, #347, #346));
#2262 = FACE_OUTER_BOUND('', #2261, .T.);
#2263 = FACETED_BREP_SHAPE_REPRESENTATION('', (#2262), #8);
#2264 = POLY_LOOP('', (#331, #332, #348));
#2265 = FACE_OUTER_BOUND('', #2264, .T.);
#2266 = FACETED_BREP_SHAPE_REPRESENTATION('', (#2265), #8);
#2267 = POLY_LOOP('', (#331, #348, #347));
#2268 = FACE_OUTER_BOUND('', #2267, .T.);
#2269 = FACETED_BREP_SHAPE_REPRESENTATION('', (#2268), #8);
#2270 = POLY_LOOP('', (#332, #333, #349));
#2271 = FACE_OUTER_BOUND('', #2270, .T.);
#2272 = FACETED_BREP_SHAPE_REPRESENTATION('', (#2271), #8);
#2273 = POLY_LOOP('', (#332, #349, #348));
#2274 = FACE_OUTER_BOUND('', #2273, .T.);
#2275 = FACETED_BREP_SHAPE_REPRESENTATION('', (#2274), #8);
#2276 = POLY_LOOP('', (#333, #334, #350));
#2277 = FACE_OUTER_BOUND('', #2276, .T.);
#2278 = FACETED_BREP_SHAPE_REPRESENTATION('', (#2277), #8);
#2279 = POLY_LOOP('', (#333, #350, #349));
#2280 = FACE_OUTER_BOUND('', #2279, .T.);
#2281 = FACETED_BREP_SHAPE_REPRESENTATION('', (#2280), #8);
#2282 = POLY_LOOP('', (#334, #335, #351));
#2283 = FACE_OUTER_BOUND('', #2282, .T.);
#2284 = FACETED_BREP_SHAPE_REPRESENTATION('', (#2283), #8);
#2285 = POLY_LOOP('', (#334, #351, #350));
#2286 = FACE_OUTER_BOUND('', #2285, .T.);
#2287 = FACETED_BREP_SHAPE_REPRESENTATION('', (#2286), #8);
#2288 = POLY_LOOP('', (#335, #336, #352));
#2289 = FACE_OUTER_BOUND('', #2288, .T.);
#2290 = FACETED_BREP_SHAPE_REPRESENTATION('', (#2289), #8);
#2291 = POLY_LOOP('', (#335, #352, #351));
#2292 = FACE_OUTER_BOUND('', #2291, .T.);
#2293 = FACETED_BREP_SHAPE_REPRESENTATION('', (#2292), #8);
#2294 = POLY_LOOP('', (#336, #337, #353));
#2295 = FACE_OUTER_BOUND('', #2294, .T.);
#2296 = FACETED_BREP_SHAPE_REPRESENTATION('', (#2295), #8);
#2297 = POLY_LOOP('', (#336, #353, #352));
#2298 = FACE_OUTER_BOUND('', #2297, .T.);
#2299 = FACETED_BREP_SHAPE_REPRESENTATION('', (#2298), #8);
#2300 = POLY_LOOP('', (#337, #338, #354));
#2301 = FACE_OUTER_BOUND('', #2300, .T.);
#2302 = FACETED_BREP_SHAPE_REPRESENTATION('', (#2301), #8);
#2303 = POLY_LOOP('', (#337, #354, #353));
#2304 = FACE_OUTER_BOUND('', #2303, .T.);
#2305 = FACETED_BREP_SHAPE_REPRESENTATION('', (#2304), #8);
#2306 = POLY_LOOP('', (#338, #339, #355));
#2307 = FACE_OUTER_BOUND('', #2306, .T.);
#2308 = FACETED_BREP_SHAPE_REPRESENTATION('', (#2307), #8);
#2309 = POLY_LOOP('', (#338, #355, #354));
#2310 = FACE_OUTER_BOUND('', #2309, .T.);
#2311 = FACETED_BREP_SHAPE_REPRESENTATION('', (#2310), #8);
#2312 = POLY_LOOP('', (#339, #340, #356));
#2313 = FACE_OUTER_BOUND('', #2312, .T.);
#2314 = FACETED_BREP_SHAPE_REPRESENTATION('', (#2313), #8);
#2315 = POLY_LOOP('', (#339, #356, #355));
#2316 = FACE_OUTER_BOUND('', #2315, .T.);
#2317 = FACETED_BREP_SHAPE_REPRESENTATION('', (#2316), #8);
#2318 = POLY_LOOP('', (#340, #341, #357));
#2319 = FACE_OUTER_BOUND('', #2318, .T.);
#2320 = FACETED_BREP_SHAPE_REPRESENTATION('', (#2319), #8);
#2321 = POLY_LOOP('', (#340, #357, #356));
#2322 = FACE_OUTER_BOUND('', #2321, .T.);
#2323 = FACETED_BREP_SHAPE_REPRESENTATION('', (#2322), #8);
#2324 = POLY_LOOP('', (#341, #326, #342));
#2325 = FACE_OUTER_BOUND('', #2324, .T.);
#2326 = FACETED_BREP_SHAPE_REPRESENTATION('', (#2325), #8);
#2327 = POLY_LOOP('', (#341, #342, #357));
#2328 = FACE_OUTER_BOUND('', #2327, .T.);
#2329 = FACETED_BREP_SHAPE_REPRESENTATION('', (#2328), #8);
#2330 = POLY_LOOP('', (#358, #327, #326));
#2331 = FACE_OUTER_BOUND('', #2330, .T.);
#2332 = FACETED_BREP_SHAPE_REPRESENTATION('', (#2331), #8);
#2333 = POLY_LOOP('', (#359, #342, #343));
#2334 = FACE_OUTER_BOUND('', #2333, .T.);
#2335 = FACETED_BREP_SHAPE_REPRESENTATION('', (#2334), #8);
#2336 = POLY_LOOP('', (#358, #328, #327));
#2337 = FACE_OUTER_BOUND('', #2336, .T.);
#2338 = FACETED_BREP_SHAPE_REPRESENTATION('', (#2337), #8);
#2339 = POLY_LOOP('', (#359, #343, #344));
#2340 = FACE_OUTER_BOUND('', #2339, .T.);
#2341 = FACETED_BREP_SHAPE_REPRESENTATION('', (#2340), #8);
#2342 = POLY_LOOP('', (#358, #329, #328));
#2343 = FACE_OUTER_BOUND('', #2342, .T.);
#2344 = FACETED_BREP_SHAPE_REPRESENTATION('', (#2343), #8);
#2345 = POLY_LOOP('', (#359, #344, #345));
#2346 = FACE_OUTER_BOUND('', #2345, .T.);
#2347 = FACETED_BREP_SHAPE_REPRESENTATION('', (#2346), #8);
#2348 = POLY_LOOP('', (#358, #330, #329));
#2349 = FACE_OUTER_BOUND('', #2348, .T.);
#2350 = FACETED_BREP_SHAPE_REPRESENTATION('', (#2349), #8);
#2351 = POLY_LOOP('', (#359, #345, #346));
#2352 = FACE_OUTER_BOUND('', #2351, .T.);
#2353 = FACETED_BREP_SHAPE_REPRESENTATION('', (#2352), #8);
#2354 = POLY_LOOP('', (#358, #331, #330));
#2355 = FACE_OUTER_BOUND('', #2354, .T.);
#2356 = FACETED_BREP_SHAPE_REPRESENTATION('', (#2355), #8);
#2357 = POLY_LOOP('', (#359, #346, #347));
#2358 = FACE_OUTER_BOUND('', #2357, .T.);
#2359 = FACETED_BREP_SHAPE_REPRESENTATION('', (#2358), #8);
#2360 = POLY_LOOP('', (#358, #332, #331));
#2361 = FACE_OUTER_BOUND('', #2360, .T.);
#2362 = FACETED_BREP_SHAPE_REPRESENTATION('', (#2361), #8);
#2363 = POLY_LOOP('', (#359, #347, #348));
#2364 = FACE_OUTER_BOUND('', #2363, .T.);
#2365 = FACETED_BREP_SHAPE_REPRESENTATION('', (#2364), #8);
#2366 = POLY_LOOP('', (#358, #333, #332));
#2367 = FACE_OUTER_BOUND('', #2366, .T.);
#2368 = FACETED_BREP_SHAPE_REPRESENTATION('', (#2367), #8);
#2369 = POLY_LOOP('', (#359, #348, #349));
#2370 = FACE_OUTER_BOUND('', #2369, .T.);
#2371 = FACETED_BREP_SHAPE_REPRESENTATION('', (#2370), #8);
#2372 = POLY_LOOP('', (#358, #334, #333));
#2373 = FACE_OUTER_BOUND('', #2372, .T.);
#2374 = FACETED_BREP_SHAPE_REPRESENTATION('', (#2373), #8);
#2375 = POLY_LOOP('', (#359, #349, #350));
#2376 = FACE_OUTER_BOUND('', #2375, .T.);
#2377 = FACETED_BREP_SHAPE_REPRESENTATION('', (#2376), #8);
#2378 = POLY_LOOP('', (#358, #335, #334));
#2379 = FACE_OUTER_BOUND('', #2378, .T.);
#2380 = FACETED_BREP_SHAPE_REPRESENTATION('', (#2379), #8);
#2381 = POLY_LOOP('', (#359, #350, #351));
#2382 = FACE_OUTER_BOUND('', #2381, .T.);
#2383 = FACETED_BREP_SHAPE_REPRESENTATION('', (#2382), #8);
#2384 = POLY_LOOP('', (#358, #336, #335));
#2385 = FACE_OUTER_BOUND('', #2384, .T.);
#2386 = FACETED_BREP_SHAPE_REPRESENTATION('', (#2385), #8);
#2387 = POLY_LOOP('', (#359, #351, #352));
#2388 = FACE_OUTER_BOUND('', #2387, .T.);
#2389 = FACETED_BREP_SHAPE_REPRESENTATION('', (#2388), #8);
#2390 = POLY_LOOP('', (#358, #337, #336));
#2391 = FACE_OUTER_BOUND('', #2390, .T.);
#2392 = FACETED_BREP_SHAPE_REPRESENTATION('', (#2391), #8);
#2393 = POLY_LOOP('', (#359, #352, #353));
#2394 = FACE_OUTER_BOUND('', #2393, .T.);
#2395 = FACETED_BREP_SHAPE_REPRESENTATION('', (#2394), #8);
#2396 = POLY_LOOP('', (#358, #338, #337));
#2397 = FACE_OUTER_BOUND('', #2396, .T.);
#2398 = FACETED_BREP_SHAPE_REPRESENTATION('', (#2397), #8);
#2399 = POLY_LOOP('', (#359, #353, #354));
#2400 = FACE_OUTER_BOUND('', #2399, .T.);
#2401 = FACETED_BREP_SHAPE_REPRESENTATION('', (#2400), #8);
#2402 = POLY_LOOP('', (#358, #339, #338));
#2403 = FACE_OUTER_BOUND('', #2402, .T.);
#2404 = FACETED_BREP_SHAPE_REPRESENTATION('', (#2403), #8);
#2405 = POLY_LOOP('', (#359, #354, #355));
#2406 = FACE_OUTER_BOUND('', #2405, .T.);
#2407 = FACETED_BREP_SHAPE_REPRESENTATION('', (#2406), #8);
#2408 = POLY_LOOP('', (#358, #340, #339));
#2409 = FACE_OUTER_BOUND('', #2408, .T.);
#2410 = FACETED_BREP_SHAPE_REPRESENTATION('', (#2409), #8);
#2411 = POLY_LOOP('', (#359, #355, #356));
#2412 = FACE_OUTER_BOUND('', #2411, .T.);
#2413 = FACETED_BREP_SHAPE_REPRESENTATION('', (#2412), #8);
#2414 = POLY_LOOP('', (#358, #341, #340));
#2415 = FACE_OUTER_BOUND('', #2414, .T.);
#2416 = FACETED_BREP_SHAPE_REPRESENTATION('', (#2415), #8);
#2417 = POLY_LOOP('', (#359, #356, #357));
#2418 = FACE_OUTER_BOUND('', #2417, .T.);
#2419 = FACETED_BREP_SHAPE_REPRESENTATION('', (#2418), #8);
#2420 = POLY_LOOP('', (#358, #326, #341));
#2421 = FACE_OUTER_BOUND('', #2420, .T.);
#2422 = FACETED_BREP_SHAPE_REPRESENTATION('', (#2421), #8);
#2423 = POLY_LOOP('', (#359, #357, #342));
#2424 = FACE_OUTER_BOUND('', #2423, .T.);
#2425 = FACETED_BREP_SHAPE_REPRESENTATION('', (#2424), #8);
#2426 = POLY_LOOP('', (#360, #361, #377));
#2427 = FACE_OUTER_BOUND('', #2426, .T.);
#2428 = FACETED_BREP_SHAPE_REPRESENTATION('', (#2427), #8);
#2429 = POLY_LOOP('', (#360, #377, #376));
#2430 = FACE_OUTER_BOUND('', #2429, .T.);
#2431 = FACETED_BREP_SHAPE_REPRESENTATION('', (#2430), #8);
#2432 = POLY_LOOP('', (#361, #362, #378));
#2433 = FACE_OUTER_BOUND('', #2432, .T.);
#2434 = FACETED_BREP_SHAPE_REPRESENTATION('', (#2433), #8);
#2435 = POLY_LOOP('', (#361, #378, #377));
#2436 = FACE_OUTER_BOUND('', #2435, .T.);
#2437 = FACETED_BREP_SHAPE_REPRESENTATION('', (#2436), #8);
#2438 = POLY_LOOP('', (#362, #363, #379));
#2439 = FACE_OUTER_BOUND('', #2438, .T.);
#2440 = FACETED_BREP_SHAPE_REPRESENTATION('', (#2439), #8);
#2441 = POLY_LOOP('', (#362, #379, #378));
#2442 = FACE_OUTER_BOUND('', #2441, .T.);
#2443 = FACETED_BREP_SHAPE_REPRESENTATION('', (#2442), #8);
#2444 = POLY_LOOP('', (#363, #364, #380));
#2445 = FACE_OUTER_BOUND('', #2444, .T.);
#2446 = FACETED_BREP_SHAPE_REPRESENTATION('', (#2445), #8);
#2447 = POLY_LOOP('', (#363, #380, #379));
#2448 = FACE_OUTER_BOUND('', #2447, .T.);
#2449 = FACETED_BREP_SHAPE_REPRESENTATION('', (#2448), #8);
#2450 = POLY_LOOP('', (#364, #365, #381));
#2451 = FACE_OUTER_BOUND('', #2450, .T.);
#2452 = FACETED_BREP_SHAPE_REPRESENTATION('', (#2451), #8);
#2453 = POLY_LOOP('', (#364, #381, #380));
#2454 = FACE_OUTER_BOUND('', #2453, .T.);
#2455 = FACETED_BREP_SHAPE_REPRESENTATION('', (#2454), #8);
#2456 = POLY_LOOP('', (#365, #366, #382));
#2457 = FACE_OUTER_BOUND('', #2456, .T.);
#2458 = FACETED_BREP_SHAPE_REPRESENTATION('', (#2457), #8);
#2459 = POLY_LOOP('', (#365, #382, #381));
#2460 = FACE_OUTER_BOUND('', #2459, .T.);
#2461 = FACETED_BREP_SHAPE_REPRESENTATION('', (#2460), #8);
#2462 = POLY_LOOP('', (#366, #367, #383));
#2463 = FACE_OUTER_BOUND('', #2462, .T.);
#2464 = FACETED_BREP_SHAPE_REPRESENTATION('', (#2463), #8);
#2465 = POLY_LOOP('', (#366, #383, #382));
#2466 = FACE_OUTER_BOUND('', #2465, .T.);
#2467 = FACETED_BREP_SHAPE_REPRESENTATION('', (#2466), #8);
#2468 = POLY_LOOP('', (#367, #368, #384));
#2469 = FACE_OUTER_BOUND('', #2468, .T.);
#2470 = FACETED_BREP_SHAPE_REPRESENTATION('', (#2469), #8);
#2471 = POLY_LOOP('', (#367, #384, #383));
#2472 = FACE_OUTER_BOUND('', #2471, .T.);
#2473 = FACETED_BREP_SHAPE_REPRESENTATION('', (#2472), #8);
#2474 = POLY_LOOP('', (#368, #369, #385));
#2475 = FACE_OUTER_BOUND('', #2474, .T.);
#2476 = FACETED_BREP_SHAPE_REPRESENTATION('', (#2475), #8);
#2477 = POLY_LOOP('', (#368, #385, #384));
#2478 = FACE_OUTER_BOUND('', #2477, .T.);
#2479 = FACETED_BREP_SHAPE_REPRESENTATION('', (#2478), #8);
#2480 = POLY_LOOP('', (#369, #370, #386));
#2481 = FACE_OUTER_BOUND('', #2480, .T.);
#2482 = FACETED_BREP_SHAPE_REPRESENTATION('', (#2481), #8);
#2483 = POLY_LOOP('', (#369, #386, #385));
#2484 = FACE_OUTER_BOUND('', #2483, .T.);
#2485 = FACETED_BREP_SHAPE_REPRESENTATION('', (#2484), #8);
#2486 = POLY_LOOP('', (#370, #371, #387));
#2487 = FACE_OUTER_BOUND('', #2486, .T.);
#2488 = FACETED_BREP_SHAPE_REPRESENTATION('', (#2487), #8);
#2489 = POLY_LOOP('', (#370, #387, #386));
#2490 = FACE_OUTER_BOUND('', #2489, .T.);
#2491 = FACETED_BREP_SHAPE_REPRESENTATION('', (#2490), #8);
#2492 = POLY_LOOP('', (#371, #372, #388));
#2493 = FACE_OUTER_BOUND('', #2492, .T.);
#2494 = FACETED_BREP_SHAPE_REPRESENTATION('', (#2493), #8);
#2495 = POLY_LOOP('', (#371, #388, #387));
#2496 = FACE_OUTER_BOUND('', #2495, .T.);
#2497 = FACETED_BREP_SHAPE_REPRESENTATION('', (#2496), #8);
#2498 = POLY_LOOP('', (#372, #373, #389));
#2499 = FACE_OUTER_BOUND('', #2498, .T.);
#2500 = FACETED_BREP_SHAPE_REPRESENTATION('', (#2499), #8);
#2501 = POLY_LOOP('', (#372, #389, #388));
#2502 = FACE_OUTER_BOUND('', #2501, .T.);
#2503 = FACETED_BREP_SHAPE_REPRESENTATION('', (#2502), #8);
#2504 = POLY_LOOP('', (#373, #374, #390));
#2505 = FACE_OUTER_BOUND('', #2504, .T.);
#2506 = FACETED_BREP_SHAPE_REPRESENTATION('', (#2505), #8);
#2507 = POLY_LOOP('', (#373, #390, #389));
#2508 = FACE_OUTER_BOUND('', #2507, .T.);
#2509 = FACETED_BREP_SHAPE_REPRESENTATION('', (#2508), #8);
#2510 = POLY_LOOP('', (#374, #375, #391));
#2511 = FACE_OUTER_BOUND('', #2510, .T.);
#2512 = FACETED_BREP_SHAPE_REPRESENTATION('', (#2511), #8);
#2513 = POLY_LOOP('', (#374, #391, #390));
#2514 = FACE_OUTER_BOUND('', #2513, .T.);
#2515 = FACETED_BREP_SHAPE_REPRESENTATION('', (#2514), #8);
#2516 = POLY_LOOP('', (#375, #360, #376));
#2517 = FACE_OUTER_BOUND('', #2516, .T.);
#2518 = FACETED_BREP_SHAPE_REPRESENTATION('', (#2517), #8);
#2519 = POLY_LOOP('', (#375, #376, #391));
#2520 = FACE_OUTER_BOUND('', #2519, .T.);
#2521 = FACETED_BREP_SHAPE_REPRESENTATION('', (#2520), #8);
#2522 = POLY_LOOP('', (#392, #361, #360));
#2523 = FACE_OUTER_BOUND('', #2522, .T.);
#2524 = FACETED_BREP_SHAPE_REPRESENTATION('', (#2523), #8);
#2525 = POLY_LOOP('', (#393, #376, #377));
#2526 = FACE_OUTER_BOUND('', #2525, .T.);
#2527 = FACETED_BREP_SHAPE_REPRESENTATION('', (#2526), #8);
#2528 = POLY_LOOP('', (#392, #362, #361));
#2529 = FACE_OUTER_BOUND('', #2528, .T.);
#2530 = FACETED_BREP_SHAPE_REPRESENTATION('', (#2529), #8);
#2531 = POLY_LOOP('', (#393, #377, #378));
#2532 = FACE_OUTER_BOUND('', #2531, .T.);
#2533 = FACETED_BREP_SHAPE_REPRESENTATION('', (#2532), #8);
#2534 = POLY_LOOP('', (#392, #363, #362));
#2535 = FACE_OUTER_BOUND('', #2534, .T.);
#2536 = FACETED_BREP_SHAPE_REPRESENTATION('', (#2535), #8);
#2537 = POLY_LOOP('', (#393, #378, #379));
#2538 = FACE_OUTER_BOUND('', #2537, .T.);
#2539 = FACETED_BREP_SHAPE_REPRESENTATION('', (#2538), #8);
#2540 = POLY_LOOP('', (#392, #364, #363));
#2541 = FACE_OUTER_BOUND('', #2540, .T.);
#2542 = FACETED_BREP_SHAPE_REPRESENTATION('', (#2541), #8);
#2543 = POLY_LOOP('', (#393, #379, #380));
#2544 = FACE_OUTER_BOUND('', #2543, .T.);
#2545 = FACETED_BREP_SHAPE_REPRESENTATION('', (#2544), #8);
#2546 = POLY_LOOP('', (#392, #365, #364));
#2547 = FACE_OUTER_BOUND('', #2546, .T.);
#2548 = FACETED_BREP_SHAPE_REPRESENTATION('', (#2547), #8);
#2549 = POLY_LOOP('', (#393, #380, #381));
#2550 = FACE_OUTER_BOUND('', #2549, .T.);
#2551 = FACETED_BREP_SHAPE_REPRESENTATION('', (#2550), #8);
#2552 = POLY_LOOP('', (#392, #366, #365));
#2553 = FACE_OUTER_BOUND('', #2552, .T.);
#2554 = FACETED_BREP_SHAPE_REPRESENTATION('', (#2553), #8);
#2555 = POLY_LOOP('', (#393, #381, #382));
#2556 = FACE_OUTER_BOUND('', #2555, .T.);
#2557 = FACETED_BREP_SHAPE_REPRESENTATION('', (#2556), #8);
#2558 = POLY_LOOP('', (#392, #367, #366));
#2559 = FACE_OUTER_BOUND('', #2558, .T.);
#2560 = FACETED_BREP_SHAPE_REPRESENTATION('', (#2559), #8);
#2561 = POLY_LOOP('', (#393, #382, #383));
#2562 = FACE_OUTER_BOUND('', #2561, .T.);
#2563 = FACETED_BREP_SHAPE_REPRESENTATION('', (#2562), #8);
#2564 = POLY_LOOP('', (#392, #368, #367));
#2565 = FACE_OUTER_BOUND('', #2564, .T.);
#2566 = FACETED_BREP_SHAPE_REPRESENTATION('', (#2565), #8);
#2567 = POLY_LOOP('', (#393, #383, #384));
#2568 = FACE_OUTER_BOUND('', #2567, .T.);
#2569 = FACETED_BREP_SHAPE_REPRESENTATION('', (#2568), #8);
#2570 = POLY_LOOP('', (#392, #369, #368));
#2571 = FACE_OUTER_BOUND('', #2570, .T.);
#2572 = FACETED_BREP_SHAPE_REPRESENTATION('', (#2571), #8);
#2573 = POLY_LOOP('', (#393, #384, #385));
#2574 = FACE_OUTER_BOUND('', #2573, .T.);
#2575 = FACETED_BREP_SHAPE_REPRESENTATION('', (#2574), #8);
#2576 = POLY_LOOP('', (#392, #370, #369));
#2577 = FACE_OUTER_BOUND('', #2576, .T.);
#2578 = FACETED_BREP_SHAPE_REPRESENTATION('', (#2577), #8);
#2579 = POLY_LOOP('', (#393, #385, #386));
#2580 = FACE_OUTER_BOUND('', #2579, .T.);
#2581 = FACETED_BREP_SHAPE_REPRESENTATION('', (#2580), #8);
#2582 = POLY_LOOP('', (#392, #371, #370));
#2583 = FACE_OUTER_BOUND('', #2582, .T.);
#2584 = FACETED_BREP_SHAPE_REPRESENTATION('', (#2583), #8);
#2585 = POLY_LOOP('', (#393, #386, #387));
#2586 = FACE_OUTER_BOUND('', #2585, .T.);
#2587 = FACETED_BREP_SHAPE_REPRESENTATION('', (#2586), #8);
#2588 = POLY_LOOP('', (#392, #372, #371));
#2589 = FACE_OUTER_BOUND('', #2588, .T.);
#2590 = FACETED_BREP_SHAPE_REPRESENTATION('', (#2589), #8);
#2591 = POLY_LOOP('', (#393, #387, #388));
#2592 = FACE_OUTER_BOUND('', #2591, .T.);
#2593 = FACETED_BREP_SHAPE_REPRESENTATION('', (#2592), #8);
#2594 = POLY_LOOP('', (#392, #373, #372));
#2595 = FACE_OUTER_BOUND('', #2594, .T.);
#2596 = FACETED_BREP_SHAPE_REPRESENTATION('', (#2595), #8);
#2597 = POLY_LOOP('', (#393, #388, #389));
#2598 = FACE_OUTER_BOUND('', #2597, .T.);
#2599 = FACETED_BREP_SHAPE_REPRESENTATION('', (#2598), #8);
#2600 = POLY_LOOP('', (#392, #374, #373));
#2601 = FACE_OUTER_BOUND('', #2600, .T.);
#2602 = FACETED_BREP_SHAPE_REPRESENTATION('', (#2601), #8);
#2603 = POLY_LOOP('', (#393, #389, #390));
#2604 = FACE_OUTER_BOUND('', #2603, .T.);
#2605 = FACETED_BREP_SHAPE_REPRESENTATION('', (#2604), #8);
#2606 = POLY_LOOP('', (#392, #375, #374));
#2607 = FACE_OUTER_BOUND('', #2606, .T.);
#2608 = FACETED_BREP_SHAPE_REPRESENTATION('', (#2607), #8);
#2609 = POLY_LOOP('', (#393, #390, #391));
#2610 = FACE_OUTER_BOUND('', #2609, .T.);
#2611 = FACETED_BREP_SHAPE_REPRESENTATION('', (#2610), #8);
#2612 = POLY_LOOP('', (#392, #360, #375));
#2613 = FACE_OUTER_BOUND('', #2612, .T.);
#2614 = FACETED_BREP_SHAPE_REPRESENTATION('', (#2613), #8);
#2615 = POLY_LOOP('', (#393, #391, #376));
#2616 = FACE_OUTER_BOUND('', #2615, .T.);
#2617 = FACETED_BREP_SHAPE_REPRESENTATION('', (#2616), #8);
#2618 = POLY_LOOP('', (#394, #395, #407));
#2619 = FACE_OUTER_BOUND('', #2618, .T.);
#2620 = FACETED_BREP_SHAPE_REPRESENTATION('', (#2619), #8);
#2621 = POLY_LOOP('', (#394, #407, #406));
#2622 = FACE_OUTER_BOUND('', #2621, .T.);
#2623 = FACETED_BREP_SHAPE_REPRESENTATION('', (#2622), #8);
#2624 = POLY_LOOP('', (#395, #396, #408));
#2625 = FACE_OUTER_BOUND('', #2624, .T.);
#2626 = FACETED_BREP_SHAPE_REPRESENTATION('', (#2625), #8);
#2627 = POLY_LOOP('', (#395, #408, #407));
#2628 = FACE_OUTER_BOUND('', #2627, .T.);
#2629 = FACETED_BREP_SHAPE_REPRESENTATION('', (#2628), #8);
#2630 = POLY_LOOP('', (#396, #397, #409));
#2631 = FACE_OUTER_BOUND('', #2630, .T.);
#2632 = FACETED_BREP_SHAPE_REPRESENTATION('', (#2631), #8);
#2633 = POLY_LOOP('', (#396, #409, #408));
#2634 = FACE_OUTER_BOUND('', #2633, .T.);
#2635 = FACETED_BREP_SHAPE_REPRESENTATION('', (#2634), #8);
#2636 = POLY_LOOP('', (#397, #398, #410));
#2637 = FACE_OUTER_BOUND('', #2636, .T.);
#2638 = FACETED_BREP_SHAPE_REPRESENTATION('', (#2637), #8);
#2639 = POLY_LOOP('', (#397, #410, #409));
#2640 = FACE_OUTER_BOUND('', #2639, .T.);
#2641 = FACETED_BREP_SHAPE_REPRESENTATION('', (#2640), #8);
#2642 = POLY_LOOP('', (#398, #399, #411));
#2643 = FACE_OUTER_BOUND('', #2642, .T.);
#2644 = FACETED_BREP_SHAPE_REPRESENTATION('', (#2643), #8);
#2645 = POLY_LOOP('', (#398, #411, #410));
#2646 = FACE_OUTER_BOUND('', #2645, .T.);
#2647 = FACETED_BREP_SHAPE_REPRESENTATION('', (#2646), #8);
#2648 = POLY_LOOP('', (#399, #400, #412));
#2649 = FACE_OUTER_BOUND('', #2648, .T.);
#2650 = FACETED_BREP_SHAPE_REPRESENTATION('', (#2649), #8);
#2651 = POLY_LOOP('', (#399, #412, #411));
#2652 = FACE_OUTER_BOUND('', #2651, .T.);
#2653 = FACETED_BREP_SHAPE_REPRESENTATION('', (#2652), #8);
#2654 = POLY_LOOP('', (#400, #401, #413));
#2655 = FACE_OUTER_BOUND('', #2654, .T.);
#2656 = FACETED_BREP_SHAPE_REPRESENTATION('', (#2655), #8);
#2657 = POLY_LOOP('', (#400, #413, #412));
#2658 = FACE_OUTER_BOUND('', #2657, .T.);
#2659 = FACETED_BREP_SHAPE_REPRESENTATION('', (#2658), #8);
#2660 = POLY_LOOP('', (#401, #402, #414));
#2661 = FACE_OUTER_BOUND('', #2660, .T.);
#2662 = FACETED_BREP_SHAPE_REPRESENTATION('', (#2661), #8);
#2663 = POLY_LOOP('', (#401, #414, #413));
#2664 = FACE_OUTER_BOUND('', #2663, .T.);
#2665 = FACETED_BREP_SHAPE_REPRESENTATION('', (#2664), #8);
#2666 = POLY_LOOP('', (#402, #403, #415));
#2667 = FACE_OUTER_BOUND('', #2666, .T.);
#2668 = FACETED_BREP_SHAPE_REPRESENTATION('', (#2667), #8);
#2669 = POLY_LOOP('', (#402, #415, #414));
#2670 = FACE_OUTER_BOUND('', #2669, .T.);
#2671 = FACETED_BREP_SHAPE_REPRESENTATION('', (#2670), #8);
#2672 = POLY_LOOP('', (#403, #404, #416));
#2673 = FACE_OUTER_BOUND('', #2672, .T.);
#2674 = FACETED_BREP_SHAPE_REPRESENTATION('', (#2673), #8);
#2675 = POLY_LOOP('', (#403, #416, #415));
#2676 = FACE_OUTER_BOUND('', #2675, .T.);
#2677 = FACETED_BREP_SHAPE_REPRESENTATION('', (#2676), #8);
#2678 = POLY_LOOP('', (#404, #405, #417));
#2679 = FACE_OUTER_BOUND('', #2678, .T.);
#2680 = FACETED_BREP_SHAPE_REPRESENTATION('', (#2679), #8);
#2681 = POLY_LOOP('', (#404, #417, #416));
#2682 = FACE_OUTER_BOUND('', #2681, .T.);
#2683 = FACETED_BREP_SHAPE_REPRESENTATION('', (#2682), #8);
#2684 = POLY_LOOP('', (#405, #394, #406));
#2685 = FACE_OUTER_BOUND('', #2684, .T.);
#2686 = FACETED_BREP_SHAPE_REPRESENTATION('', (#2685), #8);
#2687 = POLY_LOOP('', (#405, #406, #417));
#2688 = FACE_OUTER_BOUND('', #2687, .T.);
#2689 = FACETED_BREP_SHAPE_REPRESENTATION('', (#2688), #8);
#2690 = POLY_LOOP('', (#418, #395, #394));
#2691 = FACE_OUTER_BOUND('', #2690, .T.);
#2692 = FACETED_BREP_SHAPE_REPRESENTATION('', (#2691), #8);
#2693 = POLY_LOOP('', (#419, #406, #407));
#2694 = FACE_OUTER_BOUND('', #2693, .T.);
#2695 = FACETED_BREP_SHAPE_REPRESENTATION('', (#2694), #8);
#2696 = POLY_LOOP('', (#418, #396, #395));
#2697 = FACE_OUTER_BOUND('', #2696, .T.);
#2698 = FACETED_BREP_SHAPE_REPRESENTATION('', (#2697), #8);
#2699 = POLY_LOOP('', (#419, #407, #408));
#2700 = FACE_OUTER_BOUND('', #2699, .T.);
#2701 = FACETED_BREP_SHAPE_REPRESENTATION('', (#2700), #8);
#2702 = POLY_LOOP('', (#418, #397, #396));
#2703 = FACE_OUTER_BOUND('', #2702, .T.);
#2704 = FACETED_BREP_SHAPE_REPRESENTATION('', (#2703), #8);
#2705 = POLY_LOOP('', (#419, #408, #409));
#2706 = FACE_OUTER_BOUND('', #2705, .T.);
#2707 = FACETED_BREP_SHAPE_REPRESENTATION('', (#2706), #8);
#2708 = POLY_LOOP('', (#418, #398, #397));
#2709 = FACE_OUTER_BOUND('', #2708, .T.);
#2710 = FACETED_BREP_SHAPE_REPRESENTATION('', (#2709), #8);
#2711 = POLY_LOOP('', (#419, #409, #410));
#2712 = FACE_OUTER_BOUND('', #2711, .T.);
#2713 = FACETED_BREP_SHAPE_REPRESENTATION('', (#2712), #8);
#2714 = POLY_LOOP('', (#418, #399, #398));
#2715 = FACE_OUTER_BOUND('', #2714, .T.);
#2716 = FACETED_BREP_SHAPE_REPRESENTATION('', (#2715), #8);
#2717 = POLY_LOOP('', (#419, #410, #411));
#2718 = FACE_OUTER_BOUND('', #2717, .T.);
#2719 = FACETED_BREP_SHAPE_REPRESENTATION('', (#2718), #8);
#2720 = POLY_LOOP('', (#418, #400, #399));
#2721 = FACE_OUTER_BOUND('', #2720, .T.);
#2722 = FACETED_BREP_SHAPE_REPRESENTATION('', (#2721), #8);
#2723 = POLY_LOOP('', (#419, #411, #412));
#2724 = FACE_OUTER_BOUND('', #2723, .T.);
#2725 = FACETED_BREP_SHAPE_REPRESENTATION('', (#2724), #8);
#2726 = POLY_LOOP('', (#418, #401, #400));
#2727 = FACE_OUTER_BOUND('', #2726, .T.);
#2728 = FACETED_BREP_SHAPE_REPRESENTATION('', (#2727), #8);
#2729 = POLY_LOOP('', (#419, #412, #413));
#2730 = FACE_OUTER_BOUND('', #2729, .T.);
#2731 = FACETED_BREP_SHAPE_REPRESENTATION('', (#2730), #8);
#2732 = POLY_LOOP('', (#418, #402, #401));
#2733 = FACE_OUTER_BOUND('', #2732, .T.);
#2734 = FACETED_BREP_SHAPE_REPRESENTATION('', (#2733), #8);
#2735 = POLY_LOOP('', (#419, #413, #414));
#2736 = FACE_OUTER_BOUND('', #2735, .T.);
#2737 = FACETED_BREP_SHAPE_REPRESENTATION('', (#2736), #8);
#2738 = POLY_LOOP('', (#418, #403, #402));
#2739 = FACE_OUTER_BOUND('', #2738, .T.);
#2740 = FACETED_BREP_SHAPE_REPRESENTATION('', (#2739), #8);
#2741 = POLY_LOOP('', (#419, #414, #415));
#2742 = FACE_OUTER_BOUND('', #2741, .T.);
#2743 = FACETED_BREP_SHAPE_REPRESENTATION('', (#2742), #8);
#2744 = POLY_LOOP('', (#418, #404, #403));
#2745 = FACE_OUTER_BOUND('', #2744, .T.);
#2746 = FACETED_BREP_SHAPE_REPRESENTATION('', (#2745), #8);
#2747 = POLY_LOOP('', (#419, #415, #416));
#2748 = FACE_OUTER_BOUND('', #2747, .T.);
#2749 = FACETED_BREP_SHAPE_REPRESENTATION('', (#2748), #8);
#2750 = POLY_LOOP('', (#418, #405, #404));
#2751 = FACE_OUTER_BOUND('', #2750, .T.);
#2752 = FACETED_BREP_SHAPE_REPRESENTATION('', (#2751), #8);
#2753 = POLY_LOOP('', (#419, #416, #417));
#2754 = FACE_OUTER_BOUND('', #2753, .T.);
#2755 = FACETED_BREP_SHAPE_REPRESENTATION('', (#2754), #8);
#2756 = POLY_LOOP('', (#418, #394, #405));
#2757 = FACE_OUTER_BOUND('', #2756, .T.);
#2758 = FACETED_BREP_SHAPE_REPRESENTATION('', (#2757), #8);
#2759 = POLY_LOOP('', (#419, #417, #406));
#2760 = FACE_OUTER_BOUND('', #2759, .T.);
#2761 = FACETED_BREP_SHAPE_REPRESENTATION('', (#2760), #8);
#2762 = POLY_LOOP('', (#420, #421, #433));
#2763 = FACE_OUTER_BOUND('', #2762, .T.);
#2764 = FACETED_BREP_SHAPE_REPRESENTATION('', (#2763), #8);
#2765 = POLY_LOOP('', (#420, #433, #432));
#2766 = FACE_OUTER_BOUND('', #2765, .T.);
#2767 = FACETED_BREP_SHAPE_REPRESENTATION('', (#2766), #8);
#2768 = POLY_LOOP('', (#421, #422, #434));
#2769 = FACE_OUTER_BOUND('', #2768, .T.);
#2770 = FACETED_BREP_SHAPE_REPRESENTATION('', (#2769), #8);
#2771 = POLY_LOOP('', (#421, #434, #433));
#2772 = FACE_OUTER_BOUND('', #2771, .T.);
#2773 = FACETED_BREP_SHAPE_REPRESENTATION('', (#2772), #8);
#2774 = POLY_LOOP('', (#422, #423, #435));
#2775 = FACE_OUTER_BOUND('', #2774, .T.);
#2776 = FACETED_BREP_SHAPE_REPRESENTATION('', (#2775), #8);
#2777 = POLY_LOOP('', (#422, #435, #434));
#2778 = FACE_OUTER_BOUND('', #2777, .T.);
#2779 = FACETED_BREP_SHAPE_REPRESENTATION('', (#2778), #8);
#2780 = POLY_LOOP('', (#423, #424, #436));
#2781 = FACE_OUTER_BOUND('', #2780, .T.);
#2782 = FACETED_BREP_SHAPE_REPRESENTATION('', (#2781), #8);
#2783 = POLY_LOOP('', (#423, #436, #435));
#2784 = FACE_OUTER_BOUND('', #2783, .T.);
#2785 = FACETED_BREP_SHAPE_REPRESENTATION('', (#2784), #8);
#2786 = POLY_LOOP('', (#424, #425, #437));
#2787 = FACE_OUTER_BOUND('', #2786, .T.);
#2788 = FACETED_BREP_SHAPE_REPRESENTATION('', (#2787), #8);
#2789 = POLY_LOOP('', (#424, #437, #436));
#2790 = FACE_OUTER_BOUND('', #2789, .T.);
#2791 = FACETED_BREP_SHAPE_REPRESENTATION('', (#2790), #8);
#2792 = POLY_LOOP('', (#425, #426, #438));
#2793 = FACE_OUTER_BOUND('', #2792, .T.);
#2794 = FACETED_BREP_SHAPE_REPRESENTATION('', (#2793), #8);
#2795 = POLY_LOOP('', (#425, #438, #437));
#2796 = FACE_OUTER_BOUND('', #2795, .T.);
#2797 = FACETED_BREP_SHAPE_REPRESENTATION('', (#2796), #8);
#2798 = POLY_LOOP('', (#426, #427, #439));
#2799 = FACE_OUTER_BOUND('', #2798, .T.);
#2800 = FACETED_BREP_SHAPE_REPRESENTATION('', (#2799), #8);
#2801 = POLY_LOOP('', (#426, #439, #438));
#2802 = FACE_OUTER_BOUND('', #2801, .T.);
#2803 = FACETED_BREP_SHAPE_REPRESENTATION('', (#2802), #8);
#2804 = POLY_LOOP('', (#427, #428, #440));
#2805 = FACE_OUTER_BOUND('', #2804, .T.);
#2806 = FACETED_BREP_SHAPE_REPRESENTATION('', (#2805), #8);
#2807 = POLY_LOOP('', (#427, #440, #439));
#2808 = FACE_OUTER_BOUND('', #2807, .T.);
#2809 = FACETED_BREP_SHAPE_REPRESENTATION('', (#2808), #8);
#2810 = POLY_LOOP('', (#428, #429, #441));
#2811 = FACE_OUTER_BOUND('', #2810, .T.);
#2812 = FACETED_BREP_SHAPE_REPRESENTATION('', (#2811), #8);
#2813 = POLY_LOOP('', (#428, #441, #440));
#2814 = FACE_OUTER_BOUND('', #2813, .T.);
#2815 = FACETED_BREP_SHAPE_REPRESENTATION('', (#2814), #8);
#2816 = POLY_LOOP('', (#429, #430, #442));
#2817 = FACE_OUTER_BOUND('', #2816, .T.);
#2818 = FACETED_BREP_SHAPE_REPRESENTATION('', (#2817), #8);
#2819 = POLY_LOOP('', (#429, #442, #441));
#2820 = FACE_OUTER_BOUND('', #2819, .T.);
#2821 = FACETED_BREP_SHAPE_REPRESENTATION('', (#2820), #8);
#2822 = POLY_LOOP('', (#430, #431, #443));
#2823 = FACE_OUTER_BOUND('', #2822, .T.);
#2824 = FACETED_BREP_SHAPE_REPRESENTATION('', (#2823), #8);
#2825 = POLY_LOOP('', (#430, #443, #442));
#2826 = FACE_OUTER_BOUND('', #2825, .T.);
#2827 = FACETED_BREP_SHAPE_REPRESENTATION('', (#2826), #8);
#2828 = POLY_LOOP('', (#431, #420, #432));
#2829 = FACE_OUTER_BOUND('', #2828, .T.);
#2830 = FACETED_BREP_SHAPE_REPRESENTATION('', (#2829), #8);
#2831 = POLY_LOOP('', (#431, #432, #443));
#2832 = FACE_OUTER_BOUND('', #2831, .T.);
#2833 = FACETED_BREP_SHAPE_REPRESENTATION('', (#2832), #8);
#2834 = POLY_LOOP('', (#444, #421, #420));
#2835 = FACE_OUTER_BOUND('', #2834, .T.);
#2836 = FACETED_BREP_SHAPE_REPRESENTATION('', (#2835), #8);
#2837 = POLY_LOOP('', (#445, #432, #433));
#2838 = FACE_OUTER_BOUND('', #2837, .T.);
#2839 = FACETED_BREP_SHAPE_REPRESENTATION('', (#2838), #8);
#2840 = POLY_LOOP('', (#444, #422, #421));
#2841 = FACE_OUTER_BOUND('', #2840, .T.);
#2842 = FACETED_BREP_SHAPE_REPRESENTATION('', (#2841), #8);
#2843 = POLY_LOOP('', (#445, #433, #434));
#2844 = FACE_OUTER_BOUND('', #2843, .T.);
#2845 = FACETED_BREP_SHAPE_REPRESENTATION('', (#2844), #8);
#2846 = POLY_LOOP('', (#444, #423, #422));
#2847 = FACE_OUTER_BOUND('', #2846, .T.);
#2848 = FACETED_BREP_SHAPE_REPRESENTATION('', (#2847), #8);
#2849 = POLY_LOOP('', (#445, #434, #435));
#2850 = FACE_OUTER_BOUND('', #2849, .T.);
#2851 = FACETED_BREP_SHAPE_REPRESENTATION('', (#2850), #8);
#2852 = POLY_LOOP('', (#444, #424, #423));
#2853 = FACE_OUTER_BOUND('', #2852, .T.);
#2854 = FACETED_BREP_SHAPE_REPRESENTATION('', (#2853), #8);
#2855 = POLY_LOOP('', (#445, #435, #436));
#2856 = FACE_OUTER_BOUND('', #2855, .T.);
#2857 = FACETED_BREP_SHAPE_REPRESENTATION('', (#2856), #8);
#2858 = POLY_LOOP('', (#444, #425, #424));
#2859 = FACE_OUTER_BOUND('', #2858, .T.);
#2860 = FACETED_BREP_SHAPE_REPRESENTATION('', (#2859), #8);
#2861 = POLY_LOOP('', (#445, #436, #437));
#2862 = FACE_OUTER_BOUND('', #2861, .T.);
#2863 = FACETED_BREP_SHAPE_REPRESENTATION('', (#2862), #8);
#2864 = POLY_LOOP('', (#444, #426, #425));
#2865 = FACE_OUTER_BOUND('', #2864, .T.);
#2866 = FACETED_BREP_SHAPE_REPRESENTATION('', (#2865), #8);
#2867 = POLY_LOOP('', (#445, #437, #438));
#2868 = FACE_OUTER_BOUND('', #2867, .T.);
#2869 = FACETED_BREP_SHAPE_REPRESENTATION('', (#2868), #8);
#2870 = POLY_LOOP('', (#444, #427, #426));
#2871 = FACE_OUTER_BOUND('', #2870, .T.);
#2872 = FACETED_BREP_SHAPE_REPRESENTATION('', (#2871), #8);
#2873 = POLY_LOOP('', (#445, #438, #439));
#2874 = FACE_OUTER_BOUND('', #2873, .T.);
#2875 = FACETED_BREP_SHAPE_REPRESENTATION('', (#2874), #8);
#2876 = POLY_LOOP('', (#444, #428, #427));
#2877 = FACE_OUTER_BOUND('', #2876, .T.);
#2878 = FACETED_BREP_SHAPE_REPRESENTATION('', (#2877), #8);
#2879 = POLY_LOOP('', (#445, #439, #440));
#2880 = FACE_OUTER_BOUND('', #2879, .T.);
#2881 = FACETED_BREP_SHAPE_REPRESENTATION('', (#2880), #8);
#2882 = POLY_LOOP('', (#444, #429, #428));
#2883 = FACE_OUTER_BOUND('', #2882, .T.);
#2884 = FACETED_BREP_SHAPE_REPRESENTATION('', (#2883), #8);
#2885 = POLY_LOOP('', (#445, #440, #441));
#2886 = FACE_OUTER_BOUND('', #2885, .T.);
#2887 = FACETED_BREP_SHAPE_REPRESENTATION('', (#2886), #8);
#2888 = POLY_LOOP('', (#444, #430, #429));
#2889 = FACE_OUTER_BOUND('', #2888, .T.);
#2890 = FACETED_BREP_SHAPE_REPRESENTATION('', (#2889), #8);
#2891 = POLY_LOOP('', (#445, #441, #442));
#2892 = FACE_OUTER_BOUND('', #2891, .T.);
#2893 = FACETED_BREP_SHAPE_REPRESENTATION('', (#2892), #8);
#2894 = POLY_LOOP('', (#444, #431, #430));
#2895 = FACE_OUTER_BOUND('', #2894, .T.);
#2896 = FACETED_BREP_SHAPE_REPRESENTATION('', (#2895), #8);
#2897 = POLY_LOOP('', (#445, #442, #443));
#2898 = FACE_OUTER_BOUND('', #2897, .T.);
#2899 = FACETED_BREP_SHAPE_REPRESENTATION('', (#2898), #8);
#2900 = POLY_LOOP('', (#444, #420, #431));
#2901 = FACE_OUTER_BOUND('', #2900, .T.);
#2902 = FACETED_BREP_SHAPE_REPRESENTATION('', (#2901), #8);
#2903 = POLY_LOOP('', (#445, #443, #432));
#2904 = FACE_OUTER_BOUND('', #2903, .T.);
#2905 = FACETED_BREP_SHAPE_REPRESENTATION('', (#2904), #8);
#2906 = POLY_LOOP('', (#446, #447, #455));
#2907 = FACE_OUTER_BOUND('', #2906, .T.);
#2908 = FACETED_BREP_SHAPE_REPRESENTATION('', (#2907), #8);
#2909 = POLY_LOOP('', (#446, #455, #454));
#2910 = FACE_OUTER_BOUND('', #2909, .T.);
#2911 = FACETED_BREP_SHAPE_REPRESENTATION('', (#2910), #8);
#2912 = POLY_LOOP('', (#447, #448, #456));
#2913 = FACE_OUTER_BOUND('', #2912, .T.);
#2914 = FACETED_BREP_SHAPE_REPRESENTATION('', (#2913), #8);
#2915 = POLY_LOOP('', (#447, #456, #455));
#2916 = FACE_OUTER_BOUND('', #2915, .T.);
#2917 = FACETED_BREP_SHAPE_REPRESENTATION('', (#2916), #8);
#2918 = POLY_LOOP('', (#448, #449, #457));
#2919 = FACE_OUTER_BOUND('', #2918, .T.);
#2920 = FACETED_BREP_SHAPE_REPRESENTATION('', (#2919), #8);
#2921 = POLY_LOOP('', (#448, #457, #456));
#2922 = FACE_OUTER_BOUND('', #2921, .T.);
#2923 = FACETED_BREP_SHAPE_REPRESENTATION('', (#2922), #8);
#2924 = POLY_LOOP('', (#449, #450, #458));
#2925 = FACE_OUTER_BOUND('', #2924, .T.);
#2926 = FACETED_BREP_SHAPE_REPRESENTATION('', (#2925), #8);
#2927 = POLY_LOOP('', (#449, #458, #457));
#2928 = FACE_OUTER_BOUND('', #2927, .T.);
#2929 = FACETED_BREP_SHAPE_REPRESENTATION('', (#2928), #8);
#2930 = POLY_LOOP('', (#450, #451, #459));
#2931 = FACE_OUTER_BOUND('', #2930, .T.);
#2932 = FACETED_BREP_SHAPE_REPRESENTATION('', (#2931), #8);
#2933 = POLY_LOOP('', (#450, #459, #458));
#2934 = FACE_OUTER_BOUND('', #2933, .T.);
#2935 = FACETED_BREP_SHAPE_REPRESENTATION('', (#2934), #8);
#2936 = POLY_LOOP('', (#451, #452, #460));
#2937 = FACE_OUTER_BOUND('', #2936, .T.);
#2938 = FACETED_BREP_SHAPE_REPRESENTATION('', (#2937), #8);
#2939 = POLY_LOOP('', (#451, #460, #459));
#2940 = FACE_OUTER_BOUND('', #2939, .T.);
#2941 = FACETED_BREP_SHAPE_REPRESENTATION('', (#2940), #8);
#2942 = POLY_LOOP('', (#452, #453, #461));
#2943 = FACE_OUTER_BOUND('', #2942, .T.);
#2944 = FACETED_BREP_SHAPE_REPRESENTATION('', (#2943), #8);
#2945 = POLY_LOOP('', (#452, #461, #460));
#2946 = FACE_OUTER_BOUND('', #2945, .T.);
#2947 = FACETED_BREP_SHAPE_REPRESENTATION('', (#2946), #8);
#2948 = POLY_LOOP('', (#453, #446, #454));
#2949 = FACE_OUTER_BOUND('', #2948, .T.);
#2950 = FACETED_BREP_SHAPE_REPRESENTATION('', (#2949), #8);
#2951 = POLY_LOOP('', (#453, #454, #461));
#2952 = FACE_OUTER_BOUND('', #2951, .T.);
#2953 = FACETED_BREP_SHAPE_REPRESENTATION('', (#2952), #8);
#2954 = POLY_LOOP('', (#462, #447, #446));
#2955 = FACE_OUTER_BOUND('', #2954, .T.);
#2956 = FACETED_BREP_SHAPE_REPRESENTATION('', (#2955), #8);
#2957 = POLY_LOOP('', (#463, #454, #455));
#2958 = FACE_OUTER_BOUND('', #2957, .T.);
#2959 = FACETED_BREP_SHAPE_REPRESENTATION('', (#2958), #8);
#2960 = POLY_LOOP('', (#462, #448, #447));
#2961 = FACE_OUTER_BOUND('', #2960, .T.);
#2962 = FACETED_BREP_SHAPE_REPRESENTATION('', (#2961), #8);
#2963 = POLY_LOOP('', (#463, #455, #456));
#2964 = FACE_OUTER_BOUND('', #2963, .T.);
#2965 = FACETED_BREP_SHAPE_REPRESENTATION('', (#2964), #8);
#2966 = POLY_LOOP('', (#462, #449, #448));
#2967 = FACE_OUTER_BOUND('', #2966, .T.);
#2968 = FACETED_BREP_SHAPE_REPRESENTATION('', (#2967), #8);
#2969 = POLY_LOOP('', (#463, #456, #457));
#2970 = FACE_OUTER_BOUND('', #2969, .T.);
#2971 = FACETED_BREP_SHAPE_REPRESENTATION('', (#2970), #8);
#2972 = POLY_LOOP('', (#462, #450, #449));
#2973 = FACE_OUTER_BOUND('', #2972, .T.);
#2974 = FACETED_BREP_SHAPE_REPRESENTATION('', (#2973), #8);
#2975 = POLY_LOOP('', (#463, #457, #458));
#2976 = FACE_OUTER_BOUND('', #2975, .T.);
#2977 = FACETED_BREP_SHAPE_REPRESENTATION('', (#2976), #8);
#2978 = POLY_LOOP('', (#462, #451, #450));
#2979 = FACE_OUTER_BOUND('', #2978, .T.);
#2980 = FACETED_BREP_SHAPE_REPRESENTATION('', (#2979), #8);
#2981 = POLY_LOOP('', (#463, #458, #459));
#2982 = FACE_OUTER_BOUND('', #2981, .T.);
#2983 = FACETED_BREP_SHAPE_REPRESENTATION('', (#2982), #8);
#2984 = POLY_LOOP('', (#462, #452, #451));
#2985 = FACE_OUTER_BOUND('', #2984, .T.);
#2986 = FACETED_BREP_SHAPE_REPRESENTATION('', (#2985), #8);
#2987 = POLY_LOOP('', (#463, #459, #460));
#2988 = FACE_OUTER_BOUND('', #2987, .T.);
#2989 = FACETED_BREP_SHAPE_REPRESENTATION('', (#2988), #8);
#2990 = POLY_LOOP('', (#462, #453, #452));
#2991 = FACE_OUTER_BOUND('', #2990, .T.);
#2992 = FACETED_BREP_SHAPE_REPRESENTATION('', (#2991), #8);
#2993 = POLY_LOOP('', (#463, #460, #461));
#2994 = FACE_OUTER_BOUND('', #2993, .T.);
#2995 = FACETED_BREP_SHAPE_REPRESENTATION('', (#2994), #8);
#2996 = POLY_LOOP('', (#462, #446, #453));
#2997 = FACE_OUTER_BOUND('', #2996, .T.);
#2998 = FACETED_BREP_SHAPE_REPRESENTATION('', (#2997), #8);
#2999 = POLY_LOOP('', (#463, #461, #454));
#3000 = FACE_OUTER_BOUND('', #2999, .T.);
#3001 = FACETED_BREP_SHAPE_REPRESENTATION('', (#3000), #8);
#3002 = POLY_LOOP('', (#464, #465, #481));
#3003 = FACE_OUTER_BOUND('', #3002, .T.);
#3004 = FACETED_BREP_SHAPE_REPRESENTATION('', (#3003), #8);
#3005 = POLY_LOOP('', (#464, #481, #480));
#3006 = FACE_OUTER_BOUND('', #3005, .T.);
#3007 = FACETED_BREP_SHAPE_REPRESENTATION('', (#3006), #8);
#3008 = POLY_LOOP('', (#465, #466, #482));
#3009 = FACE_OUTER_BOUND('', #3008, .T.);
#3010 = FACETED_BREP_SHAPE_REPRESENTATION('', (#3009), #8);
#3011 = POLY_LOOP('', (#465, #482, #481));
#3012 = FACE_OUTER_BOUND('', #3011, .T.);
#3013 = FACETED_BREP_SHAPE_REPRESENTATION('', (#3012), #8);
#3014 = POLY_LOOP('', (#466, #467, #483));
#3015 = FACE_OUTER_BOUND('', #3014, .T.);
#3016 = FACETED_BREP_SHAPE_REPRESENTATION('', (#3015), #8);
#3017 = POLY_LOOP('', (#466, #483, #482));
#3018 = FACE_OUTER_BOUND('', #3017, .T.);
#3019 = FACETED_BREP_SHAPE_REPRESENTATION('', (#3018), #8);
#3020 = POLY_LOOP('', (#467, #468, #484));
#3021 = FACE_OUTER_BOUND('', #3020, .T.);
#3022 = FACETED_BREP_SHAPE_REPRESENTATION('', (#3021), #8);
#3023 = POLY_LOOP('', (#467, #484, #483));
#3024 = FACE_OUTER_BOUND('', #3023, .T.);
#3025 = FACETED_BREP_SHAPE_REPRESENTATION('', (#3024), #8);
#3026 = POLY_LOOP('', (#468, #469, #485));
#3027 = FACE_OUTER_BOUND('', #3026, .T.);
#3028 = FACETED_BREP_SHAPE_REPRESENTATION('', (#3027), #8);
#3029 = POLY_LOOP('', (#468, #485, #484));
#3030 = FACE_OUTER_BOUND('', #3029, .T.);
#3031 = FACETED_BREP_SHAPE_REPRESENTATION('', (#3030), #8);
#3032 = POLY_LOOP('', (#469, #470, #486));
#3033 = FACE_OUTER_BOUND('', #3032, .T.);
#3034 = FACETED_BREP_SHAPE_REPRESENTATION('', (#3033), #8);
#3035 = POLY_LOOP('', (#469, #486, #485));
#3036 = FACE_OUTER_BOUND('', #3035, .T.);
#3037 = FACETED_BREP_SHAPE_REPRESENTATION('', (#3036), #8);
#3038 = POLY_LOOP('', (#470, #471, #487));
#3039 = FACE_OUTER_BOUND('', #3038, .T.);
#3040 = FACETED_BREP_SHAPE_REPRESENTATION('', (#3039), #8);
#3041 = POLY_LOOP('', (#470, #487, #486));
#3042 = FACE_OUTER_BOUND('', #3041, .T.);
#3043 = FACETED_BREP_SHAPE_REPRESENTATION('', (#3042), #8);
#3044 = POLY_LOOP('', (#471, #472, #488));
#3045 = FACE_OUTER_BOUND('', #3044, .T.);
#3046 = FACETED_BREP_SHAPE_REPRESENTATION('', (#3045), #8);
#3047 = POLY_LOOP('', (#471, #488, #487));
#3048 = FACE_OUTER_BOUND('', #3047, .T.);
#3049 = FACETED_BREP_SHAPE_REPRESENTATION('', (#3048), #8);
#3050 = POLY_LOOP('', (#472, #473, #489));
#3051 = FACE_OUTER_BOUND('', #3050, .T.);
#3052 = FACETED_BREP_SHAPE_REPRESENTATION('', (#3051), #8);
#3053 = POLY_LOOP('', (#472, #489, #488));
#3054 = FACE_OUTER_BOUND('', #3053, .T.);
#3055 = FACETED_BREP_SHAPE_REPRESENTATION('', (#3054), #8);
#3056 = POLY_LOOP('', (#473, #474, #490));
#3057 = FACE_OUTER_BOUND('', #3056, .T.);
#3058 = FACETED_BREP_SHAPE_REPRESENTATION('', (#3057), #8);
#3059 = POLY_LOOP('', (#473, #490, #489));
#3060 = FACE_OUTER_BOUND('', #3059, .T.);
#3061 = FACETED_BREP_SHAPE_REPRESENTATION('', (#3060), #8);
#3062 = POLY_LOOP('', (#474, #475, #491));
#3063 = FACE_OUTER_BOUND('', #3062, .T.);
#3064 = FACETED_BREP_SHAPE_REPRESENTATION('', (#3063), #8);
#3065 = POLY_LOOP('', (#474, #491, #490));
#3066 = FACE_OUTER_BOUND('', #3065, .T.);
#3067 = FACETED_BREP_SHAPE_REPRESENTATION('', (#3066), #8);
#3068 = POLY_LOOP('', (#475, #476, #492));
#3069 = FACE_OUTER_BOUND('', #3068, .T.);
#3070 = FACETED_BREP_SHAPE_REPRESENTATION('', (#3069), #8);
#3071 = POLY_LOOP('', (#475, #492, #491));
#3072 = FACE_OUTER_BOUND('', #3071, .T.);
#3073 = FACETED_BREP_SHAPE_REPRESENTATION('', (#3072), #8);
#3074 = POLY_LOOP('', (#476, #477, #493));
#3075 = FACE_OUTER_BOUND('', #3074, .T.);
#3076 = FACETED_BREP_SHAPE_REPRESENTATION('', (#3075), #8);
#3077 = POLY_LOOP('', (#476, #493, #492));
#3078 = FACE_OUTER_BOUND('', #3077, .T.);
#3079 = FACETED_BREP_SHAPE_REPRESENTATION('', (#3078), #8);
#3080 = POLY_LOOP('', (#477, #478, #494));
#3081 = FACE_OUTER_BOUND('', #3080, .T.);
#3082 = FACETED_BREP_SHAPE_REPRESENTATION('', (#3081), #8);
#3083 = POLY_LOOP('', (#477, #494, #493));
#3084 = FACE_OUTER_BOUND('', #3083, .T.);
#3085 = FACETED_BREP_SHAPE_REPRESENTATION('', (#3084), #8);
#3086 = POLY_LOOP('', (#478, #479, #495));
#3087 = FACE_OUTER_BOUND('', #3086, .T.);
#3088 = FACETED_BREP_SHAPE_REPRESENTATION('', (#3087), #8);
#3089 = POLY_LOOP('', (#478, #495, #494));
#3090 = FACE_OUTER_BOUND('', #3089, .T.);
#3091 = FACETED_BREP_SHAPE_REPRESENTATION('', (#3090), #8);
#3092 = POLY_LOOP('', (#479, #464, #480));
#3093 = FACE_OUTER_BOUND('', #3092, .T.);
#3094 = FACETED_BREP_SHAPE_REPRESENTATION('', (#3093), #8);
#3095 = POLY_LOOP('', (#479, #480, #495));
#3096 = FACE_OUTER_BOUND('', #3095, .T.);
#3097 = FACETED_BREP_SHAPE_REPRESENTATION('', (#3096), #8);
#3098 = POLY_LOOP('', (#496, #465, #464));
#3099 = FACE_OUTER_BOUND('', #3098, .T.);
#3100 = FACETED_BREP_SHAPE_REPRESENTATION('', (#3099), #8);
#3101 = POLY_LOOP('', (#497, #480, #481));
#3102 = FACE_OUTER_BOUND('', #3101, .T.);
#3103 = FACETED_BREP_SHAPE_REPRESENTATION('', (#3102), #8);
#3104 = POLY_LOOP('', (#496, #466, #465));
#3105 = FACE_OUTER_BOUND('', #3104, .T.);
#3106 = FACETED_BREP_SHAPE_REPRESENTATION('', (#3105), #8);
#3107 = POLY_LOOP('', (#497, #481, #482));
#3108 = FACE_OUTER_BOUND('', #3107, .T.);
#3109 = FACETED_BREP_SHAPE_REPRESENTATION('', (#3108), #8);
#3110 = POLY_LOOP('', (#496, #467, #466));
#3111 = FACE_OUTER_BOUND('', #3110, .T.);
#3112 = FACETED_BREP_SHAPE_REPRESENTATION('', (#3111), #8);
#3113 = POLY_LOOP('', (#497, #482, #483));
#3114 = FACE_OUTER_BOUND('', #3113, .T.);
#3115 = FACETED_BREP_SHAPE_REPRESENTATION('', (#3114), #8);
#3116 = POLY_LOOP('', (#496, #468, #467));
#3117 = FACE_OUTER_BOUND('', #3116, .T.);
#3118 = FACETED_BREP_SHAPE_REPRESENTATION('', (#3117), #8);
#3119 = POLY_LOOP('', (#497, #483, #484));
#3120 = FACE_OUTER_BOUND('', #3119, .T.);
#3121 = FACETED_BREP_SHAPE_REPRESENTATION('', (#3120), #8);
#3122 = POLY_LOOP('', (#496, #469, #468));
#3123 = FACE_OUTER_BOUND('', #3122, .T.);
#3124 = FACETED_BREP_SHAPE_REPRESENTATION('', (#3123), #8);
#3125 = POLY_LOOP('', (#497, #484, #485));
#3126 = FACE_OUTER_BOUND('', #3125, .T.);
#3127 = FACETED_BREP_SHAPE_REPRESENTATION('', (#3126), #8);
#3128 = POLY_LOOP('', (#496, #470, #469));
#3129 = FACE_OUTER_BOUND('', #3128, .T.);
#3130 = FACETED_BREP_SHAPE_REPRESENTATION('', (#3129), #8);
#3131 = POLY_LOOP('', (#497, #485, #486));
#3132 = FACE_OUTER_BOUND('', #3131, .T.);
#3133 = FACETED_BREP_SHAPE_REPRESENTATION('', (#3132), #8);
#3134 = POLY_LOOP('', (#496, #471, #470));
#3135 = FACE_OUTER_BOUND('', #3134, .T.);
#3136 = FACETED_BREP_SHAPE_REPRESENTATION('', (#3135), #8);
#3137 = POLY_LOOP('', (#497, #486, #487));
#3138 = FACE_OUTER_BOUND('', #3137, .T.);
#3139 = FACETED_BREP_SHAPE_REPRESENTATION('', (#3138), #8);
#3140 = POLY_LOOP('', (#496, #472, #471));
#3141 = FACE_OUTER_BOUND('', #3140, .T.);
#3142 = FACETED_BREP_SHAPE_REPRESENTATION('', (#3141), #8);
#3143 = POLY_LOOP('', (#497, #487, #488));
#3144 = FACE_OUTER_BOUND('', #3143, .T.);
#3145 = FACETED_BREP_SHAPE_REPRESENTATION('', (#3144), #8);
#3146 = POLY_LOOP('', (#496, #473, #472));
#3147 = FACE_OUTER_BOUND('', #3146, .T.);
#3148 = FACETED_BREP_SHAPE_REPRESENTATION('', (#3147), #8);
#3149 = POLY_LOOP('', (#497, #488, #489));
#3150 = FACE_OUTER_BOUND('', #3149, .T.);
#3151 = FACETED_BREP_SHAPE_REPRESENTATION('', (#3150), #8);
#3152 = POLY_LOOP('', (#496, #474, #473));
#3153 = FACE_OUTER_BOUND('', #3152, .T.);
#3154 = FACETED_BREP_SHAPE_REPRESENTATION('', (#3153), #8);
#3155 = POLY_LOOP('', (#497, #489, #490));
#3156 = FACE_OUTER_BOUND('', #3155, .T.);
#3157 = FACETED_BREP_SHAPE_REPRESENTATION('', (#3156), #8);
#3158 = POLY_LOOP('', (#496, #475, #474));
#3159 = FACE_OUTER_BOUND('', #3158, .T.);
#3160 = FACETED_BREP_SHAPE_REPRESENTATION('', (#3159), #8);
#3161 = POLY_LOOP('', (#497, #490, #491));
#3162 = FACE_OUTER_BOUND('', #3161, .T.);
#3163 = FACETED_BREP_SHAPE_REPRESENTATION('', (#3162), #8);
#3164 = POLY_LOOP('', (#496, #476, #475));
#3165 = FACE_OUTER_BOUND('', #3164, .T.);
#3166 = FACETED_BREP_SHAPE_REPRESENTATION('', (#3165), #8);
#3167 = POLY_LOOP('', (#497, #491, #492));
#3168 = FACE_OUTER_BOUND('', #3167, .T.);
#3169 = FACETED_BREP_SHAPE_REPRESENTATION('', (#3168), #8);
#3170 = POLY_LOOP('', (#496, #477, #476));
#3171 = FACE_OUTER_BOUND('', #3170, .T.);
#3172 = FACETED_BREP_SHAPE_REPRESENTATION('', (#3171), #8);
#3173 = POLY_LOOP('', (#497, #492, #493));
#3174 = FACE_OUTER_BOUND('', #3173, .T.);
#3175 = FACETED_BREP_SHAPE_REPRESENTATION('', (#3174), #8);
#3176 = POLY_LOOP('', (#496, #478, #477));
#3177 = FACE_OUTER_BOUND('', #3176, .T.);
#3178 = FACETED_BREP_SHAPE_REPRESENTATION('', (#3177), #8);
#3179 = POLY_LOOP('', (#497, #493, #494));
#3180 = FACE_OUTER_BOUND('', #3179, .T.);
#3181 = FACETED_BREP_SHAPE_REPRESENTATION('', (#3180), #8);
#3182 = POLY_LOOP('', (#496, #479, #478));
#3183 = FACE_OUTER_BOUND('', #3182, .T.);
#3184 = FACETED_BREP_SHAPE_REPRESENTATION('', (#3183), #8);
#3185 = POLY_LOOP('', (#497, #494, #495));
#3186 = FACE_OUTER_BOUND('', #3185, .T.);
#3187 = FACETED_BREP_SHAPE_REPRESENTATION('', (#3186), #8);
#3188 = POLY_LOOP('', (#496, #464, #479));
#3189 = FACE_OUTER_BOUND('', #3188, .T.);
#3190 = FACETED_BREP_SHAPE_REPRESENTATION('', (#3189), #8);
#3191 = POLY_LOOP('', (#497, #495, #480));
#3192 = FACE_OUTER_BOUND('', #3191, .T.);
#3193 = FACETED_BREP_SHAPE_REPRESENTATION('', (#3192), #8);
#3194 = POLY_LOOP('', (#498, #499, #515));
#3195 = FACE_OUTER_BOUND('', #3194, .T.);
#3196 = FACETED_BREP_SHAPE_REPRESENTATION('', (#3195), #8);
#3197 = POLY_LOOP('', (#498, #515, #514));
#3198 = FACE_OUTER_BOUND('', #3197, .T.);
#3199 = FACETED_BREP_SHAPE_REPRESENTATION('', (#3198), #8);
#3200 = POLY_LOOP('', (#499, #500, #516));
#3201 = FACE_OUTER_BOUND('', #3200, .T.);
#3202 = FACETED_BREP_SHAPE_REPRESENTATION('', (#3201), #8);
#3203 = POLY_LOOP('', (#499, #516, #515));
#3204 = FACE_OUTER_BOUND('', #3203, .T.);
#3205 = FACETED_BREP_SHAPE_REPRESENTATION('', (#3204), #8);
#3206 = POLY_LOOP('', (#500, #501, #517));
#3207 = FACE_OUTER_BOUND('', #3206, .T.);
#3208 = FACETED_BREP_SHAPE_REPRESENTATION('', (#3207), #8);
#3209 = POLY_LOOP('', (#500, #517, #516));
#3210 = FACE_OUTER_BOUND('', #3209, .T.);
#3211 = FACETED_BREP_SHAPE_REPRESENTATION('', (#3210), #8);
#3212 = POLY_LOOP('', (#501, #502, #518));
#3213 = FACE_OUTER_BOUND('', #3212, .T.);
#3214 = FACETED_BREP_SHAPE_REPRESENTATION('', (#3213), #8);
#3215 = POLY_LOOP('', (#501, #518, #517));
#3216 = FACE_OUTER_BOUND('', #3215, .T.);
#3217 = FACETED_BREP_SHAPE_REPRESENTATION('', (#3216), #8);
#3218 = POLY_LOOP('', (#502, #503, #519));
#3219 = FACE_OUTER_BOUND('', #3218, .T.);
#3220 = FACETED_BREP_SHAPE_REPRESENTATION('', (#3219), #8);
#3221 = POLY_LOOP('', (#502, #519, #518));
#3222 = FACE_OUTER_BOUND('', #3221, .T.);
#3223 = FACETED_BREP_SHAPE_REPRESENTATION('', (#3222), #8);
#3224 = POLY_LOOP('', (#503, #504, #520));
#3225 = FACE_OUTER_BOUND('', #3224, .T.);
#3226 = FACETED_BREP_SHAPE_REPRESENTATION('', (#3225), #8);
#3227 = POLY_LOOP('', (#503, #520, #519));
#3228 = FACE_OUTER_BOUND('', #3227, .T.);
#3229 = FACETED_BREP_SHAPE_REPRESENTATION('', (#3228), #8);
#3230 = POLY_LOOP('', (#504, #505, #521));
#3231 = FACE_OUTER_BOUND('', #3230, .T.);
#3232 = FACETED_BREP_SHAPE_REPRESENTATION('', (#3231), #8);
#3233 = POLY_LOOP('', (#504, #521, #520));
#3234 = FACE_OUTER_BOUND('', #3233, .T.);
#3235 = FACETED_BREP_SHAPE_REPRESENTATION('', (#3234), #8);
#3236 = POLY_LOOP('', (#505, #506, #522));
#3237 = FACE_OUTER_BOUND('', #3236, .T.);
#3238 = FACETED_BREP_SHAPE_REPRESENTATION('', (#3237), #8);
#3239 = POLY_LOOP('', (#505, #522, #521));
#3240 = FACE_OUTER_BOUND('', #3239, .T.);
#3241 = FACETED_BREP_SHAPE_REPRESENTATION('', (#3240), #8);
#3242 = POLY_LOOP('', (#506, #507, #523));
#3243 = FACE_OUTER_BOUND('', #3242, .T.);
#3244 = FACETED_BREP_SHAPE_REPRESENTATION('', (#3243), #8);
#3245 = POLY_LOOP('', (#506, #523, #522));
#3246 = FACE_OUTER_BOUND('', #3245, .T.);
#3247 = FACETED_BREP_SHAPE_REPRESENTATION('', (#3246), #8);
#3248 = POLY_LOOP('', (#507, #508, #524));
#3249 = FACE_OUTER_BOUND('', #3248, .T.);
#3250 = FACETED_BREP_SHAPE_REPRESENTATION('', (#3249), #8);
#3251 = POLY_LOOP('', (#507, #524, #523));
#3252 = FACE_OUTER_BOUND('', #3251, .T.);
#3253 = FACETED_BREP_SHAPE_REPRESENTATION('', (#3252), #8);
#3254 = POLY_LOOP('', (#508, #509, #525));
#3255 = FACE_OUTER_BOUND('', #3254, .T.);
#3256 = FACETED_BREP_SHAPE_REPRESENTATION('', (#3255), #8);
#3257 = POLY_LOOP('', (#508, #525, #524));
#3258 = FACE_OUTER_BOUND('', #3257, .T.);
#3259 = FACETED_BREP_SHAPE_REPRESENTATION('', (#3258), #8);
#3260 = POLY_LOOP('', (#509, #510, #526));
#3261 = FACE_OUTER_BOUND('', #3260, .T.);
#3262 = FACETED_BREP_SHAPE_REPRESENTATION('', (#3261), #8);
#3263 = POLY_LOOP('', (#509, #526, #525));
#3264 = FACE_OUTER_BOUND('', #3263, .T.);
#3265 = FACETED_BREP_SHAPE_REPRESENTATION('', (#3264), #8);
#3266 = POLY_LOOP('', (#510, #511, #527));
#3267 = FACE_OUTER_BOUND('', #3266, .T.);
#3268 = FACETED_BREP_SHAPE_REPRESENTATION('', (#3267), #8);
#3269 = POLY_LOOP('', (#510, #527, #526));
#3270 = FACE_OUTER_BOUND('', #3269, .T.);
#3271 = FACETED_BREP_SHAPE_REPRESENTATION('', (#3270), #8);
#3272 = POLY_LOOP('', (#511, #512, #528));
#3273 = FACE_OUTER_BOUND('', #3272, .T.);
#3274 = FACETED_BREP_SHAPE_REPRESENTATION('', (#3273), #8);
#3275 = POLY_LOOP('', (#511, #528, #527));
#3276 = FACE_OUTER_BOUND('', #3275, .T.);
#3277 = FACETED_BREP_SHAPE_REPRESENTATION('', (#3276), #8);
#3278 = POLY_LOOP('', (#512, #513, #529));
#3279 = FACE_OUTER_BOUND('', #3278, .T.);
#3280 = FACETED_BREP_SHAPE_REPRESENTATION('', (#3279), #8);
#3281 = POLY_LOOP('', (#512, #529, #528));
#3282 = FACE_OUTER_BOUND('', #3281, .T.);
#3283 = FACETED_BREP_SHAPE_REPRESENTATION('', (#3282), #8);
#3284 = POLY_LOOP('', (#513, #498, #514));
#3285 = FACE_OUTER_BOUND('', #3284, .T.);
#3286 = FACETED_BREP_SHAPE_REPRESENTATION('', (#3285), #8);
#3287 = POLY_LOOP('', (#513, #514, #529));
#3288 = FACE_OUTER_BOUND('', #3287, .T.);
#3289 = FACETED_BREP_SHAPE_REPRESENTATION('', (#3288), #8);
#3290 = POLY_LOOP('', (#530, #499, #498));
#3291 = FACE_OUTER_BOUND('', #3290, .T.);
#3292 = FACETED_BREP_SHAPE_REPRESENTATION('', (#3291), #8);
#3293 = POLY_LOOP('', (#531, #514, #515));
#3294 = FACE_OUTER_BOUND('', #3293, .T.);
#3295 = FACETED_BREP_SHAPE_REPRESENTATION('', (#3294), #8);
#3296 = POLY_LOOP('', (#530, #500, #499));
#3297 = FACE_OUTER_BOUND('', #3296, .T.);
#3298 = FACETED_BREP_SHAPE_REPRESENTATION('', (#3297), #8);
#3299 = POLY_LOOP('', (#531, #515, #516));
#3300 = FACE_OUTER_BOUND('', #3299, .T.);
#3301 = FACETED_BREP_SHAPE_REPRESENTATION('', (#3300), #8);
#3302 = POLY_LOOP('', (#530, #501, #500));
#3303 = FACE_OUTER_BOUND('', #3302, .T.);
#3304 = FACETED_BREP_SHAPE_REPRESENTATION('', (#3303), #8);
#3305 = POLY_LOOP('', (#531, #516, #517));
#3306 = FACE_OUTER_BOUND('', #3305, .T.);
#3307 = FACETED_BREP_SHAPE_REPRESENTATION('', (#3306), #8);
#3308 = POLY_LOOP('', (#530, #502, #501));
#3309 = FACE_OUTER_BOUND('', #3308, .T.);
#3310 = FACETED_BREP_SHAPE_REPRESENTATION('', (#3309), #8);
#3311 = POLY_LOOP('', (#531, #517, #518));
#3312 = FACE_OUTER_BOUND('', #3311, .T.);
#3313 = FACETED_BREP_SHAPE_REPRESENTATION('', (#3312), #8);
#3314 = POLY_LOOP('', (#530, #503, #502));
#3315 = FACE_OUTER_BOUND('', #3314, .T.);
#3316 = FACETED_BREP_SHAPE_REPRESENTATION('', (#3315), #8);
#3317 = POLY_LOOP('', (#531, #518, #519));
#3318 = FACE_OUTER_BOUND('', #3317, .T.);
#3319 = FACETED_BREP_SHAPE_REPRESENTATION('', (#3318), #8);
#3320 = POLY_LOOP('', (#530, #504, #503));
#3321 = FACE_OUTER_BOUND('', #3320, .T.);
#3322 = FACETED_BREP_SHAPE_REPRESENTATION('', (#3321), #8);
#3323 = POLY_LOOP('', (#531, #519, #520));
#3324 = FACE_OUTER_BOUND('', #3323, .T.);
#3325 = FACETED_BREP_SHAPE_REPRESENTATION('', (#3324), #8);
#3326 = POLY_LOOP('', (#530, #505, #504));
#3327 = FACE_OUTER_BOUND('', #3326, .T.);
#3328 = FACETED_BREP_SHAPE_REPRESENTATION('', (#3327), #8);
#3329 = POLY_LOOP('', (#531, #520, #521));
#3330 = FACE_OUTER_BOUND('', #3329, .T.);
#3331 = FACETED_BREP_SHAPE_REPRESENTATION('', (#3330), #8);
#3332 = POLY_LOOP('', (#530, #506, #505));
#3333 = FACE_OUTER_BOUND('', #3332, .T.);
#3334 = FACETED_BREP_SHAPE_REPRESENTATION('', (#3333), #8);
#3335 = POLY_LOOP('', (#531, #521, #522));
#3336 = FACE_OUTER_BOUND('', #3335, .T.);
#3337 = FACETED_BREP_SHAPE_REPRESENTATION('', (#3336), #8);
#3338 = POLY_LOOP('', (#530, #507, #506));
#3339 = FACE_OUTER_BOUND('', #3338, .T.);
#3340 = FACETED_BREP_SHAPE_REPRESENTATION('', (#3339), #8);
#3341 = POLY_LOOP('', (#531, #522, #523));
#3342 = FACE_OUTER_BOUND('', #3341, .T.);
#3343 = FACETED_BREP_SHAPE_REPRESENTATION('', (#3342), #8);
#3344 = POLY_LOOP('', (#530, #508, #507));
#3345 = FACE_OUTER_BOUND('', #3344, .T.);
#3346 = FACETED_BREP_SHAPE_REPRESENTATION('', (#3345), #8);
#3347 = POLY_LOOP('', (#531, #523, #524));
#3348 = FACE_OUTER_BOUND('', #3347, .T.);
#3349 = FACETED_BREP_SHAPE_REPRESENTATION('', (#3348), #8);
#3350 = POLY_LOOP('', (#530, #509, #508));
#3351 = FACE_OUTER_BOUND('', #3350, .T.);
#3352 = FACETED_BREP_SHAPE_REPRESENTATION('', (#3351), #8);
#3353 = POLY_LOOP('', (#531, #524, #525));
#3354 = FACE_OUTER_BOUND('', #3353, .T.);
#3355 = FACETED_BREP_SHAPE_REPRESENTATION('', (#3354), #8);
#3356 = POLY_LOOP('', (#530, #510, #509));
#3357 = FACE_OUTER_BOUND('', #3356, .T.);
#3358 = FACETED_BREP_SHAPE_REPRESENTATION('', (#3357), #8);
#3359 = POLY_LOOP('', (#531, #525, #526));
#3360 = FACE_OUTER_BOUND('', #3359, .T.);
#3361 = FACETED_BREP_SHAPE_REPRESENTATION('', (#3360), #8);
#3362 = POLY_LOOP('', (#530, #511, #510));
#3363 = FACE_OUTER_BOUND('', #3362, .T.);
#3364 = FACETED_BREP_SHAPE_REPRESENTATION('', (#3363), #8);
#3365 = POLY_LOOP('', (#531, #526, #527));
#3366 = FACE_OUTER_BOUND('', #3365, .T.);
#3367 = FACETED_BREP_SHAPE_REPRESENTATION('', (#3366), #8);
#3368 = POLY_LOOP('', (#530, #512, #511));
#3369 = FACE_OUTER_BOUND('', #3368, .T.);
#3370 = FACETED_BREP_SHAPE_REPRESENTATION('', (#3369), #8);
#3371 = POLY_LOOP('', (#531, #527, #528));
#3372 = FACE_OUTER_BOUND('', #3371, .T.);
#3373 = FACETED_BREP_SHAPE_REPRESENTATION('', (#3372), #8);
#3374 = POLY_LOOP('', (#530, #513, #512));
#3375 = FACE_OUTER_BOUND('', #3374, .T.);
#3376 = FACETED_BREP_SHAPE_REPRESENTATION('', (#3375), #8);
#3377 = POLY_LOOP('', (#531, #528, #529));
#3378 = FACE_OUTER_BOUND('', #3377, .T.);
#3379 = FACETED_BREP_SHAPE_REPRESENTATION('', (#3378), #8);
#3380 = POLY_LOOP('', (#530, #498, #513));
#3381 = FACE_OUTER_BOUND('', #3380, .T.);
#3382 = FACETED_BREP_SHAPE_REPRESENTATION('', (#3381), #8);
#3383 = POLY_LOOP('', (#531, #529, #514));
#3384 = FACE_OUTER_BOUND('', #3383, .T.);
#3385 = FACETED_BREP_SHAPE_REPRESENTATION('', (#3384), #8);
#3386 = POLY_LOOP('', (#532, #533, #545));
#3387 = FACE_OUTER_BOUND('', #3386, .T.);
#3388 = FACETED_BREP_SHAPE_REPRESENTATION('', (#3387), #8);
#3389 = POLY_LOOP('', (#532, #545, #544));
#3390 = FACE_OUTER_BOUND('', #3389, .T.);
#3391 = FACETED_BREP_SHAPE_REPRESENTATION('', (#3390), #8);
#3392 = POLY_LOOP('', (#533, #534, #546));
#3393 = FACE_OUTER_BOUND('', #3392, .T.);
#3394 = FACETED_BREP_SHAPE_REPRESENTATION('', (#3393), #8);
#3395 = POLY_LOOP('', (#533, #546, #545));
#3396 = FACE_OUTER_BOUND('', #3395, .T.);
#3397 = FACETED_BREP_SHAPE_REPRESENTATION('', (#3396), #8);
#3398 = POLY_LOOP('', (#534, #535, #547));
#3399 = FACE_OUTER_BOUND('', #3398, .T.);
#3400 = FACETED_BREP_SHAPE_REPRESENTATION('', (#3399), #8);
#3401 = POLY_LOOP('', (#534, #547, #546));
#3402 = FACE_OUTER_BOUND('', #3401, .T.);
#3403 = FACETED_BREP_SHAPE_REPRESENTATION('', (#3402), #8);
#3404 = POLY_LOOP('', (#535, #536, #548));
#3405 = FACE_OUTER_BOUND('', #3404, .T.);
#3406 = FACETED_BREP_SHAPE_REPRESENTATION('', (#3405), #8);
#3407 = POLY_LOOP('', (#535, #548, #547));
#3408 = FACE_OUTER_BOUND('', #3407, .T.);
#3409 = FACETED_BREP_SHAPE_REPRESENTATION('', (#3408), #8);
#3410 = POLY_LOOP('', (#536, #537, #549));
#3411 = FACE_OUTER_BOUND('', #3410, .T.);
#3412 = FACETED_BREP_SHAPE_REPRESENTATION('', (#3411), #8);
#3413 = POLY_LOOP('', (#536, #549, #548));
#3414 = FACE_OUTER_BOUND('', #3413, .T.);
#3415 = FACETED_BREP_SHAPE_REPRESENTATION('', (#3414), #8);
#3416 = POLY_LOOP('', (#537, #538, #550));
#3417 = FACE_OUTER_BOUND('', #3416, .T.);
#3418 = FACETED_BREP_SHAPE_REPRESENTATION('', (#3417), #8);
#3419 = POLY_LOOP('', (#537, #550, #549));
#3420 = FACE_OUTER_BOUND('', #3419, .T.);
#3421 = FACETED_BREP_SHAPE_REPRESENTATION('', (#3420), #8);
#3422 = POLY_LOOP('', (#538, #539, #551));
#3423 = FACE_OUTER_BOUND('', #3422, .T.);
#3424 = FACETED_BREP_SHAPE_REPRESENTATION('', (#3423), #8);
#3425 = POLY_LOOP('', (#538, #551, #550));
#3426 = FACE_OUTER_BOUND('', #3425, .T.);
#3427 = FACETED_BREP_SHAPE_REPRESENTATION('', (#3426), #8);
#3428 = POLY_LOOP('', (#539, #540, #552));
#3429 = FACE_OUTER_BOUND('', #3428, .T.);
#3430 = FACETED_BREP_SHAPE_REPRESENTATION('', (#3429), #8);
#3431 = POLY_LOOP('', (#539, #552, #551));
#3432 = FACE_OUTER_BOUND('', #3431, .T.);
#3433 = FACETED_BREP_SHAPE_REPRESENTATION('', (#3432), #8);
#3434 = POLY_LOOP('', (#540, #541, #553));
#3435 = FACE_OUTER_BOUND('', #3434, .T.);
#3436 = FACETED_BREP_SHAPE_REPRESENTATION('', (#3435), #8);
#3437 = POLY_LOOP('', (#540, #553, #552));
#3438 = FACE_OUTER_BOUND('', #3437, .T.);
#3439 = FACETED_BREP_SHAPE_REPRESENTATION('', (#3438), #8);
#3440 = POLY_LOOP('', (#541, #542, #554));
#3441 = FACE_OUTER_BOUND('', #3440, .T.);
#3442 = FACETED_BREP_SHAPE_REPRESENTATION('', (#3441), #8);
#3443 = POLY_LOOP('', (#541, #554, #553));
#3444 = FACE_OUTER_BOUND('', #3443, .T.);
#3445 = FACETED_BREP_SHAPE_REPRESENTATION('', (#3444), #8);
#3446 = POLY_LOOP('', (#542, #543, #555));
#3447 = FACE_OUTER_BOUND('', #3446, .T.);
#3448 = FACETED_BREP_SHAPE_REPRESENTATION('', (#3447), #8);
#3449 = POLY_LOOP('', (#542, #555, #554));
#3450 = FACE_OUTER_BOUND('', #3449, .T.);
#3451 = FACETED_BREP_SHAPE_REPRESENTATION('', (#3450), #8);
#3452 = POLY_LOOP('', (#543, #532, #544));
#3453 = FACE_OUTER_BOUND('', #3452, .T.);
#3454 = FACETED_BREP_SHAPE_REPRESENTATION('', (#3453), #8);
#3455 = POLY_LOOP('', (#543, #544, #555));
#3456 = FACE_OUTER_BOUND('', #3455, .T.);
#3457 = FACETED_BREP_SHAPE_REPRESENTATION('', (#3456), #8);
#3458 = POLY_LOOP('', (#556, #533, #532));
#3459 = FACE_OUTER_BOUND('', #3458, .T.);
#3460 = FACETED_BREP_SHAPE_REPRESENTATION('', (#3459), #8);
#3461 = POLY_LOOP('', (#557, #544, #545));
#3462 = FACE_OUTER_BOUND('', #3461, .T.);
#3463 = FACETED_BREP_SHAPE_REPRESENTATION('', (#3462), #8);
#3464 = POLY_LOOP('', (#556, #534, #533));
#3465 = FACE_OUTER_BOUND('', #3464, .T.);
#3466 = FACETED_BREP_SHAPE_REPRESENTATION('', (#3465), #8);
#3467 = POLY_LOOP('', (#557, #545, #546));
#3468 = FACE_OUTER_BOUND('', #3467, .T.);
#3469 = FACETED_BREP_SHAPE_REPRESENTATION('', (#3468), #8);
#3470 = POLY_LOOP('', (#556, #535, #534));
#3471 = FACE_OUTER_BOUND('', #3470, .T.);
#3472 = FACETED_BREP_SHAPE_REPRESENTATION('', (#3471), #8);
#3473 = POLY_LOOP('', (#557, #546, #547));
#3474 = FACE_OUTER_BOUND('', #3473, .T.);
#3475 = FACETED_BREP_SHAPE_REPRESENTATION('', (#3474), #8);
#3476 = POLY_LOOP('', (#556, #536, #535));
#3477 = FACE_OUTER_BOUND('', #3476, .T.);
#3478 = FACETED_BREP_SHAPE_REPRESENTATION('', (#3477), #8);
#3479 = POLY_LOOP('', (#557, #547, #548));
#3480 = FACE_OUTER_BOUND('', #3479, .T.);
#3481 = FACETED_BREP_SHAPE_REPRESENTATION('', (#3480), #8);
#3482 = POLY_LOOP('', (#556, #537, #536));
#3483 = FACE_OUTER_BOUND('', #3482, .T.);
#3484 = FACETED_BREP_SHAPE_REPRESENTATION('', (#3483), #8);
#3485 = POLY_LOOP('', (#557, #548, #549));
#3486 = FACE_OUTER_BOUND('', #3485, .T.);
#3487 = FACETED_BREP_SHAPE_REPRESENTATION('', (#3486), #8);
#3488 = POLY_LOOP('', (#556, #538, #537));
#3489 = FACE_OUTER_BOUND('', #3488, .T.);
#3490 = FACETED_BREP_SHAPE_REPRESENTATION('', (#3489), #8);
#3491 = POLY_LOOP('', (#557, #549, #550));
#3492 = FACE_OUTER_BOUND('', #3491, .T.);
#3493 = FACETED_BREP_SHAPE_REPRESENTATION('', (#3492), #8);
#3494 = POLY_LOOP('', (#556, #539, #538));
#3495 = FACE_OUTER_BOUND('', #3494, .T.);
#3496 = FACETED_BREP_SHAPE_REPRESENTATION('', (#3495), #8);
#3497 = POLY_LOOP('', (#557, #550, #551));
#3498 = FACE_OUTER_BOUND('', #3497, .T.);
#3499 = FACETED_BREP_SHAPE_REPRESENTATION('', (#3498), #8);
#3500 = POLY_LOOP('', (#556, #540, #539));
#3501 = FACE_OUTER_BOUND('', #3500, .T.);
#3502 = FACETED_BREP_SHAPE_REPRESENTATION('', (#3501), #8);
#3503 = POLY_LOOP('', (#557, #551, #552));
#3504 = FACE_OUTER_BOUND('', #3503, .T.);
#3505 = FACETED_BREP_SHAPE_REPRESENTATION('', (#3504), #8);
#3506 = POLY_LOOP('', (#556, #541, #540));
#3507 = FACE_OUTER_BOUND('', #3506, .T.);
#3508 = FACETED_BREP_SHAPE_REPRESENTATION('', (#3507), #8);
#3509 = POLY_LOOP('', (#557, #552, #553));
#3510 = FACE_OUTER_BOUND('', #3509, .T.);
#3511 = FACETED_BREP_SHAPE_REPRESENTATION('', (#3510), #8);
#3512 = POLY_LOOP('', (#556, #542, #541));
#3513 = FACE_OUTER_BOUND('', #3512, .T.);
#3514 = FACETED_BREP_SHAPE_REPRESENTATION('', (#3513), #8);
#3515 = POLY_LOOP('', (#557, #553, #554));
#3516 = FACE_OUTER_BOUND('', #3515, .T.);
#3517 = FACETED_BREP_SHAPE_REPRESENTATION('', (#3516), #8);
#3518 = POLY_LOOP('', (#556, #543, #542));
#3519 = FACE_OUTER_BOUND('', #3518, .T.);
#3520 = FACETED_BREP_SHAPE_REPRESENTATION('', (#3519), #8);
#3521 = POLY_LOOP('', (#557, #554, #555));
#3522 = FACE_OUTER_BOUND('', #3521, .T.);
#3523 = FACETED_BREP_SHAPE_REPRESENTATION('', (#3522), #8);
#3524 = POLY_LOOP('', (#556, #532, #543));
#3525 = FACE_OUTER_BOUND('', #3524, .T.);
#3526 = FACETED_BREP_SHAPE_REPRESENTATION('', (#3525), #8);
#3527 = POLY_LOOP('', (#557, #555, #544));
#3528 = FACE_OUTER_BOUND('', #3527, .T.);
#3529 = FACETED_BREP_SHAPE_REPRESENTATION('', (#3528), #8);
#3530 = POLY_LOOP('', (#558, #559, #571));
#3531 = FACE_OUTER_BOUND('', #3530, .T.);
#3532 = FACETED_BREP_SHAPE_REPRESENTATION('', (#3531), #8);
#3533 = POLY_LOOP('', (#558, #571, #570));
#3534 = FACE_OUTER_BOUND('', #3533, .T.);
#3535 = FACETED_BREP_SHAPE_REPRESENTATION('', (#3534), #8);
#3536 = POLY_LOOP('', (#559, #560, #572));
#3537 = FACE_OUTER_BOUND('', #3536, .T.);
#3538 = FACETED_BREP_SHAPE_REPRESENTATION('', (#3537), #8);
#3539 = POLY_LOOP('', (#559, #572, #571));
#3540 = FACE_OUTER_BOUND('', #3539, .T.);
#3541 = FACETED_BREP_SHAPE_REPRESENTATION('', (#3540), #8);
#3542 = POLY_LOOP('', (#560, #561, #573));
#3543 = FACE_OUTER_BOUND('', #3542, .T.);
#3544 = FACETED_BREP_SHAPE_REPRESENTATION('', (#3543), #8);
#3545 = POLY_LOOP('', (#560, #573, #572));
#3546 = FACE_OUTER_BOUND('', #3545, .T.);
#3547 = FACETED_BREP_SHAPE_REPRESENTATION('', (#3546), #8);
#3548 = POLY_LOOP('', (#561, #562, #574));
#3549 = FACE_OUTER_BOUND('', #3548, .T.);
#3550 = FACETED_BREP_SHAPE_REPRESENTATION('', (#3549), #8);
#3551 = POLY_LOOP('', (#561, #574, #573));
#3552 = FACE_OUTER_BOUND('', #3551, .T.);
#3553 = FACETED_BREP_SHAPE_REPRESENTATION('', (#3552), #8);
#3554 = POLY_LOOP('', (#562, #563, #575));
#3555 = FACE_OUTER_BOUND('', #3554, .T.);
#3556 = FACETED_BREP_SHAPE_REPRESENTATION('', (#3555), #8);
#3557 = POLY_LOOP('', (#562, #575, #574));
#3558 = FACE_OUTER_BOUND('', #3557, .T.);
#3559 = FACETED_BREP_SHAPE_REPRESENTATION('', (#3558), #8);
#3560 = POLY_LOOP('', (#563, #564, #576));
#3561 = FACE_OUTER_BOUND('', #3560, .T.);
#3562 = FACETED_BREP_SHAPE_REPRESENTATION('', (#3561), #8);
#3563 = POLY_LOOP('', (#563, #576, #575));
#3564 = FACE_OUTER_BOUND('', #3563, .T.);
#3565 = FACETED_BREP_SHAPE_REPRESENTATION('', (#3564), #8);
#3566 = POLY_LOOP('', (#564, #565, #577));
#3567 = FACE_OUTER_BOUND('', #3566, .T.);
#3568 = FACETED_BREP_SHAPE_REPRESENTATION('', (#3567), #8);
#3569 = POLY_LOOP('', (#564, #577, #576));
#3570 = FACE_OUTER_BOUND('', #3569, .T.);
#3571 = FACETED_BREP_SHAPE_REPRESENTATION('', (#3570), #8);
#3572 = POLY_LOOP('', (#565, #566, #578));
#3573 = FACE_OUTER_BOUND('', #3572, .T.);
#3574 = FACETED_BREP_SHAPE_REPRESENTATION('', (#3573), #8);
#3575 = POLY_LOOP('', (#565, #578, #577));
#3576 = FACE_OUTER_BOUND('', #3575, .T.);
#3577 = FACETED_BREP_SHAPE_REPRESENTATION('', (#3576), #8);
#3578 = POLY_LOOP('', (#566, #567, #579));
#3579 = FACE_OUTER_BOUND('', #3578, .T.);
#3580 = FACETED_BREP_SHAPE_REPRESENTATION('', (#3579), #8);
#3581 = POLY_LOOP('', (#566, #579, #578));
#3582 = FACE_OUTER_BOUND('', #3581, .T.);
#3583 = FACETED_BREP_SHAPE_REPRESENTATION('', (#3582), #8);
#3584 = POLY_LOOP('', (#567, #568, #580));
#3585 = FACE_OUTER_BOUND('', #3584, .T.);
#3586 = FACETED_BREP_SHAPE_REPRESENTATION('', (#3585), #8);
#3587 = POLY_LOOP('', (#567, #580, #579));
#3588 = FACE_OUTER_BOUND('', #3587, .T.);
#3589 = FACETED_BREP_SHAPE_REPRESENTATION('', (#3588), #8);
#3590 = POLY_LOOP('', (#568, #569, #581));
#3591 = FACE_OUTER_BOUND('', #3590, .T.);
#3592 = FACETED_BREP_SHAPE_REPRESENTATION('', (#3591), #8);
#3593 = POLY_LOOP('', (#568, #581, #580));
#3594 = FACE_OUTER_BOUND('', #3593, .T.);
#3595 = FACETED_BREP_SHAPE_REPRESENTATION('', (#3594), #8);
#3596 = POLY_LOOP('', (#569, #558, #570));
#3597 = FACE_OUTER_BOUND('', #3596, .T.);
#3598 = FACETED_BREP_SHAPE_REPRESENTATION('', (#3597), #8);
#3599 = POLY_LOOP('', (#569, #570, #581));
#3600 = FACE_OUTER_BOUND('', #3599, .T.);
#3601 = FACETED_BREP_SHAPE_REPRESENTATION('', (#3600), #8);
#3602 = POLY_LOOP('', (#582, #559, #558));
#3603 = FACE_OUTER_BOUND('', #3602, .T.);
#3604 = FACETED_BREP_SHAPE_REPRESENTATION('', (#3603), #8);
#3605 = POLY_LOOP('', (#583, #570, #571));
#3606 = FACE_OUTER_BOUND('', #3605, .T.);
#3607 = FACETED_BREP_SHAPE_REPRESENTATION('', (#3606), #8);
#3608 = POLY_LOOP('', (#582, #560, #559));
#3609 = FACE_OUTER_BOUND('', #3608, .T.);
#3610 = FACETED_BREP_SHAPE_REPRESENTATION('', (#3609), #8);
#3611 = POLY_LOOP('', (#583, #571, #572));
#3612 = FACE_OUTER_BOUND('', #3611, .T.);
#3613 = FACETED_BREP_SHAPE_REPRESENTATION('', (#3612), #8);
#3614 = POLY_LOOP('', (#582, #561, #560));
#3615 = FACE_OUTER_BOUND('', #3614, .T.);
#3616 = FACETED_BREP_SHAPE_REPRESENTATION('', (#3615), #8);
#3617 = POLY_LOOP('', (#583, #572, #573));
#3618 = FACE_OUTER_BOUND('', #3617, .T.);
#3619 = FACETED_BREP_SHAPE_REPRESENTATION('', (#3618), #8);
#3620 = POLY_LOOP('', (#582, #562, #561));
#3621 = FACE_OUTER_BOUND('', #3620, .T.);
#3622 = FACETED_BREP_SHAPE_REPRESENTATION('', (#3621), #8);
#3623 = POLY_LOOP('', (#583, #573, #574));
#3624 = FACE_OUTER_BOUND('', #3623, .T.);
#3625 = FACETED_BREP_SHAPE_REPRESENTATION('', (#3624), #8);
#3626 = POLY_LOOP('', (#582, #563, #562));
#3627 = FACE_OUTER_BOUND('', #3626, .T.);
#3628 = FACETED_BREP_SHAPE_REPRESENTATION('', (#3627), #8);
#3629 = POLY_LOOP('', (#583, #574, #575));
#3630 = FACE_OUTER_BOUND('', #3629, .T.);
#3631 = FACETED_BREP_SHAPE_REPRESENTATION('', (#3630), #8);
#3632 = POLY_LOOP('', (#582, #564, #563));
#3633 = FACE_OUTER_BOUND('', #3632, .T.);
#3634 = FACETED_BREP_SHAPE_REPRESENTATION('', (#3633), #8);
#3635 = POLY_LOOP('', (#583, #575, #576));
#3636 = FACE_OUTER_BOUND('', #3635, .T.);
#3637 = FACETED_BREP_SHAPE_REPRESENTATION('', (#3636), #8);
#3638 = POLY_LOOP('', (#582, #565, #564));
#3639 = FACE_OUTER_BOUND('', #3638, .T.);
#3640 = FACETED_BREP_SHAPE_REPRESENTATION('', (#3639), #8);
#3641 = POLY_LOOP('', (#583, #576, #577));
#3642 = FACE_OUTER_BOUND('', #3641, .T.);
#3643 = FACETED_BREP_SHAPE_REPRESENTATION('', (#3642), #8);
#3644 = POLY_LOOP('', (#582, #566, #565));
#3645 = FACE_OUTER_BOUND('', #3644, .T.);
#3646 = FACETED_BREP_SHAPE_REPRESENTATION('', (#3645), #8);
#3647 = POLY_LOOP('', (#583, #577, #578));
#3648 = FACE_OUTER_BOUND('', #3647, .T.);
#3649 = FACETED_BREP_SHAPE_REPRESENTATION('', (#3648), #8);
#3650 = POLY_LOOP('', (#582, #567, #566));
#3651 = FACE_OUTER_BOUND('', #3650, .T.);
#3652 = FACETED_BREP_SHAPE_REPRESENTATION('', (#3651), #8);
#3653 = POLY_LOOP('', (#583, #578, #579));
#3654 = FACE_OUTER_BOUND('', #3653, .T.);
#3655 = FACETED_BREP_SHAPE_REPRESENTATION('', (#3654), #8);
#3656 = POLY_LOOP('', (#582, #568, #567));
#3657 = FACE_OUTER_BOUND('', #3656, .T.);
#3658 = FACETED_BREP_SHAPE_REPRESENTATION('', (#3657), #8);
#3659 = POLY_LOOP('', (#583, #579, #580));
#3660 = FACE_OUTER_BOUND('', #3659, .T.);
#3661 = FACETED_BREP_SHAPE_REPRESENTATION('', (#3660), #8);
#3662 = POLY_LOOP('', (#582, #569, #568));
#3663 = FACE_OUTER_BOUND('', #3662, .T.);
#3664 = FACETED_BREP_SHAPE_REPRESENTATION('', (#3663), #8);
#3665 = POLY_LOOP('', (#583, #580, #581));
#3666 = FACE_OUTER_BOUND('', #3665, .T.);
#3667 = FACETED_BREP_SHAPE_REPRESENTATION('', (#3666), #8);
#3668 = POLY_LOOP('', (#582, #558, #569));
#3669 = FACE_OUTER_BOUND('', #3668, .T.);
#3670 = FACETED_BREP_SHAPE_REPRESENTATION('', (#3669), #8);
#3671 = POLY_LOOP('', (#583, #581, #570));
#3672 = FACE_OUTER_BOUND('', #3671, .T.);
#3673 = FACETED_BREP_SHAPE_REPRESENTATION('', (#3672), #8);
#3674 = POLY_LOOP('', (#584, #585, #593));
#3675 = FACE_OUTER_BOUND('', #3674, .T.);
#3676 = FACETED_BREP_SHAPE_REPRESENTATION('', (#3675), #8);
#3677 = POLY_LOOP('', (#584, #593, #592));
#3678 = FACE_OUTER_BOUND('', #3677, .T.);
#3679 = FACETED_BREP_SHAPE_REPRESENTATION('', (#3678), #8);
#3680 = POLY_LOOP('', (#585, #586, #594));
#3681 = FACE_OUTER_BOUND('', #3680, .T.);
#3682 = FACETED_BREP_SHAPE_REPRESENTATION('', (#3681), #8);
#3683 = POLY_LOOP('', (#585, #594, #593));
#3684 = FACE_OUTER_BOUND('', #3683, .T.);
#3685 = FACETED_BREP_SHAPE_REPRESENTATION('', (#3684), #8);
#3686 = POLY_LOOP('', (#586, #587, #595));
#3687 = FACE_OUTER_BOUND('', #3686, .T.);
#3688 = FACETED_BREP_SHAPE_REPRESENTATION('', (#3687), #8);
#3689 = POLY_LOOP('', (#586, #595, #594));
#3690 = FACE_OUTER_BOUND('', #3689, .T.);
#3691 = FACETED_BREP_SHAPE_REPRESENTATION('', (#3690), #8);
#3692 = POLY_LOOP('', (#587, #588, #596));
#3693 = FACE_OUTER_BOUND('', #3692, .T.);
#3694 = FACETED_BREP_SHAPE_REPRESENTATION('', (#3693), #8);
#3695 = POLY_LOOP('', (#587, #596, #595));
#3696 = FACE_OUTER_BOUND('', #3695, .T.);
#3697 = FACETED_BREP_SHAPE_REPRESENTATION('', (#3696), #8);
#3698 = POLY_LOOP('', (#588, #589, #597));
#3699 = FACE_OUTER_BOUND('', #3698, .T.);
#3700 = FACETED_BREP_SHAPE_REPRESENTATION('', (#3699), #8);
#3701 = POLY_LOOP('', (#588, #597, #596));
#3702 = FACE_OUTER_BOUND('', #3701, .T.);
#3703 = FACETED_BREP_SHAPE_REPRESENTATION('', (#3702), #8);
#3704 = POLY_LOOP('', (#589, #590, #598));
#3705 = FACE_OUTER_BOUND('', #3704, .T.);
#3706 = FACETED_BREP_SHAPE_REPRESENTATION('', (#3705), #8);
#3707 = POLY_LOOP('', (#589, #598, #597));
#3708 = FACE_OUTER_BOUND('', #3707, .T.);
#3709 = FACETED_BREP_SHAPE_REPRESENTATION('', (#3708), #8);
#3710 = POLY_LOOP('', (#590, #591, #599));
#3711 = FACE_OUTER_BOUND('', #3710, .T.);
#3712 = FACETED_BREP_SHAPE_REPRESENTATION('', (#3711), #8);
#3713 = POLY_LOOP('', (#590, #599, #598));
#3714 = FACE_OUTER_BOUND('', #3713, .T.);
#3715 = FACETED_BREP_SHAPE_REPRESENTATION('', (#3714), #8);
#3716 = POLY_LOOP('', (#591, #584, #592));
#3717 = FACE_OUTER_BOUND('', #3716, .T.);
#3718 = FACETED_BREP_SHAPE_REPRESENTATION('', (#3717), #8);
#3719 = POLY_LOOP('', (#591, #592, #599));
#3720 = FACE_OUTER_BOUND('', #3719, .T.);
#3721 = FACETED_BREP_SHAPE_REPRESENTATION('', (#3720), #8);
#3722 = POLY_LOOP('', (#600, #585, #584));
#3723 = FACE_OUTER_BOUND('', #3722, .T.);
#3724 = FACETED_BREP_SHAPE_REPRESENTATION('', (#3723), #8);
#3725 = POLY_LOOP('', (#601, #592, #593));
#3726 = FACE_OUTER_BOUND('', #3725, .T.);
#3727 = FACETED_BREP_SHAPE_REPRESENTATION('', (#3726), #8);
#3728 = POLY_LOOP('', (#600, #586, #585));
#3729 = FACE_OUTER_BOUND('', #3728, .T.);
#3730 = FACETED_BREP_SHAPE_REPRESENTATION('', (#3729), #8);
#3731 = POLY_LOOP('', (#601, #593, #594));
#3732 = FACE_OUTER_BOUND('', #3731, .T.);
#3733 = FACETED_BREP_SHAPE_REPRESENTATION('', (#3732), #8);
#3734 = POLY_LOOP('', (#600, #587, #586));
#3735 = FACE_OUTER_BOUND('', #3734, .T.);
#3736 = FACETED_BREP_SHAPE_REPRESENTATION('', (#3735), #8);
#3737 = POLY_LOOP('', (#601, #594, #595));
#3738 = FACE_OUTER_BOUND('', #3737, .T.);
#3739 = FACETED_BREP_SHAPE_REPRESENTATION('', (#3738), #8);
#3740 = POLY_LOOP('', (#600, #588, #587));
#3741 = FACE_OUTER_BOUND('', #3740, .T.);
#3742 = FACETED_BREP_SHAPE_REPRESENTATION('', (#3741), #8);
#3743 = POLY_LOOP('', (#601, #595, #596));
#3744 = FACE_OUTER_BOUND('', #3743, .T.);
#3745 = FACETED_BREP_SHAPE_REPRESENTATION('', (#3744), #8);
#3746 = POLY_LOOP('', (#600, #589, #588));
#3747 = FACE_OUTER_BOUND('', #3746, .T.);
#3748 = FACETED_BREP_SHAPE_REPRESENTATION('', (#3747), #8);
#3749 = POLY_LOOP('', (#601, #596, #597));
#3750 = FACE_OUTER_BOUND('', #3749, .T.);
#3751 = FACETED_BREP_SHAPE_REPRESENTATION('', (#3750), #8);
#3752 = POLY_LOOP('', (#600, #590, #589));
#3753 = FACE_OUTER_BOUND('', #3752, .T.);
#3754 = FACETED_BREP_SHAPE_REPRESENTATION('', (#3753), #8);
#3755 = POLY_LOOP('', (#601, #597, #598));
#3756 = FACE_OUTER_BOUND('', #3755, .T.);
#3757 = FACETED_BREP_SHAPE_REPRESENTATION('', (#3756), #8);
#3758 = POLY_LOOP('', (#600, #591, #590));
#3759 = FACE_OUTER_BOUND('', #3758, .T.);
#3760 = FACETED_BREP_SHAPE_REPRESENTATION('', (#3759), #8);
#3761 = POLY_LOOP('', (#601, #598, #599));
#3762 = FACE_OUTER_BOUND('', #3761, .T.);
#3763 = FACETED_BREP_SHAPE_REPRESENTATION('', (#3762), #8);
#3764 = POLY_LOOP('', (#600, #584, #591));
#3765 = FACE_OUTER_BOUND('', #3764, .T.);
#3766 = FACETED_BREP_SHAPE_REPRESENTATION('', (#3765), #8);
#3767 = POLY_LOOP('', (#601, #599, #592));
#3768 = FACE_OUTER_BOUND('', #3767, .T.);
#3769 = FACETED_BREP_SHAPE_REPRESENTATION('', (#3768), #8);
#3770 = CLOSED_SHELL('', (#603, #606, #609, #612, #615, #618, #621, #624, #627, #630, #633, #636, #639, #642, #645, #648, #651, #654, #657, #660, #663, #666, #669, #672, #675, #678, #681, #684, #687, #690, #693, #696, #699, #702, #705, #708, #711, #714, #717, #720, #723, #726, #729, #732, #735, #738, #741, #744, #747, #750, #753, #756, #759, #762, #765, #768, #771, #774, #777, #780, #783, #786, #789, #792, #795, #798, #801, #804, #807, #810, #813, #816, #819, #822, #825, #828, #831, #834, #837, #840, #843, #846, #849, #852, #855, #858, #861, #864, #867, #870, #873, #876, #879, #882, #885, #888, #891, #894, #897, #900, #903, #906, #909, #912, #915, #918, #921, #924, #927, #930, #933, #936, #939, #942, #945, #948, #951, #954, #957, #960, #963, #966, #969, #972, #975, #978, #981, #984, #987, #990, #993, #996, #999, #1002, #1005, #1008, #1011, #1014, #1017, #1020, #1023, #1026, #1029, #1032, #1035, #1038, #1041, #1044, #1047, #1050, #1053, #1056, #1059, #1062, #1065, #1068, #1071, #1074, #1077, #1080, #1083, #1086, #1089, #1092, #1095, #1098, #1101, #1104, #1107, #1110, #1113, #1116, #1119, #1122, #1125, #1128, #1131, #1134, #1137, #1140, #1143, #1146, #1149, #1152, #1155, #1158, #1161, #1164, #1167, #1170, #1173, #1176, #1179, #1182, #1185, #1188, #1191, #1194, #1197, #1200, #1203, #1206, #1209, #1212, #1215, #1218, #1221, #1224, #1227, #1230, #1233, #1236, #1239, #1242, #1245, #1248, #1251, #1254, #1257, #1260, #1263, #1266, #1269, #1272, #1275, #1278, #1281, #1284, #1287, #1290, #1293, #1296, #1299, #1302, #1305, #1308, #1311, #1314, #1317, #1320, #1323, #1326, #1329, #1332, #1335, #1338, #1341, #1344, #1347, #1350, #1353, #1356, #1359, #1362, #1365, #1368, #1371, #1374, #1377, #1380, #1383, #1386, #1389, #1392, #1395, #1398, #1401, #1404, #1407, #1410, #1413, #1416, #1419, #1422, #1425, #1428, #1431, #1434, #1437, #1440, #1443, #1446, #1449, #1452, #1455, #1458, #1461, #1464, #1467, #1470, #1473, #1476, #1479, #1482, #1485, #1488, #1491, #1494, #1497, #1500, #1503, #1506, #1509, #1512, #1515, #1518, #1521, #1524, #1527, #1530, #1533, #1536, #1539, #1542, #1545, #1548, #1551, #1554, #1557, #1560, #1563, #1566, #1569, #1572, #1575, #1578, #1581, #1584, #1587, #1590, #1593, #1596, #1599, #1602, #1605, #1608, #1611, #1614, #1617, #1620, #1623, #1626, #1629, #1632, #1635, #1638, #1641, #1644, #1647, #1650, #1653, #1656, #1659, #1662, #1665, #1668, #1671, #1674, #1677, #1680, #1683, #1686, #1689, #1692, #1695, #1698, #1701, #1704, #1707, #1710, #1713, #1716, #1719, #1722, #1725, #1728, #1731, #1734, #1737, #1740, #1743, #1746, #1749, #1752, #1755, #1758, #1761, #1764, #1767, #1770, #1773, #1776, #1779, #1782, #1785, #1788, #1791, #1794, #1797, #1800, #1803, #1806, #1809, #1812, #1815, #1818, #1821, #1824, #1827, #1830, #1833, #1836, #1839, #1842, #1845, #1848, #1851, #1854, #1857, #1860, #1863, #1866, #1869, #1872, #1875, #1878, #1881, #1884, #1887, #1890, #1893, #1896, #1899, #1902, #1905, #1908, #1911, #1914, #1917, #1920, #1923, #1926, #1929, #1932, #1935, #1938, #1941, #1944, #1947, #1950, #1953, #1956, #1959, #1962, #1965, #1968, #1971, #1974, #1977, #1980, #1983, #1986, #1989, #1992, #1995, #1998, #2001, #2004, #2007, #2010, #2013, #2016, #2019, #2022, #2025, #2028, #2031, #2034, #2037, #2040, #2043, #2046, #2049, #2052, #2055, #2058, #2061, #2064, #2067, #2070, #2073, #2076, #2079, #2082, #2085, #2088, #2091, #2094, #2097, #2100, #2103, #2106, #2109, #2112, #2115, #2118, #2121, #2124, #2127, #2130, #2133, #2136, #2139, #2142, #2145, #2148, #2151, #2154, #2157, #2160, #2163, #2166, #2169, #2172, #2175, #2178, #2181, #2184, #2187, #2190, #2193, #2196, #2199, #2202, #2205, #2208, #2211, #2214, #2217, #2220, #2223, #2226, #2229, #2232, #2235, #2238, #2241, #2244, #2247, #2250, #2253, #2256, #2259, #2262, #2265, #2268, #2271, #2274, #2277, #2280, #2283, #2286, #2289, #2292, #2295, #2298, #2301, #2304, #2307, #2310, #2313, #2316, #2319, #2322, #2325, #2328, #2331, #2334, #2337, #2340, #2343, #2346, #2349, #2352, #2355, #2358, #2361, #2364, #2367, #2370, #2373, #2376, #2379, #2382, #2385, #2388, #2391, #2394, #2397, #2400, #2403, #2406, #2409, #2412, #2415, #2418, #2421, #2424, #2427, #2430, #2433, #2436, #2439, #2442, #2445, #2448, #2451, #2454, #2457, #2460, #2463, #2466, #2469, #2472, #2475, #2478, #2481, #2484, #2487, #2490, #2493, #2496, #2499, #2502, #2505, #2508, #2511, #2514, #2517, #2520, #2523, #2526, #2529, #2532, #2535, #2538, #2541, #2544, #2547, #2550, #2553, #2556, #2559, #2562, #2565, #2568, #2571, #2574, #2577, #2580, #2583, #2586, #2589, #2592, #2595, #2598, #2601, #2604, #2607, #2610, #2613, #2616, #2619, #2622, #2625, #2628, #2631, #2634, #2637, #2640, #2643, #2646, #2649, #2652, #2655, #2658, #2661, #2664, #2667, #2670, #2673, #2676, #2679, #2682, #2685, #2688, #2691, #2694, #2697, #2700, #2703, #2706, #2709, #2712, #2715, #2718, #2721, #2724, #2727, #2730, #2733, #2736, #2739, #2742, #2745, #2748, #2751, #2754, #2757, #2760, #2763, #2766, #2769, #2772, #2775, #2778, #2781, #2784, #2787, #2790, #2793, #2796, #2799, #2802, #2805, #2808, #2811, #2814, #2817, #2820, #2823, #2826, #2829, #2832, #2835, #2838, #2841, #2844, #2847, #2850, #2853, #2856, #2859, #2862, #2865, #2868, #2871, #2874, #2877, #2880, #2883, #2886, #2889, #2892, #2895, #2898, #2901, #2904, #2907, #2910, #2913, #2916, #2919, #2922, #2925, #2928, #2931, #2934, #2937, #2940, #2943, #2946, #2949, #2952, #2955, #2958, #2961, #2964, #2967, #2970, #2973, #2976, #2979, #2982, #2985, #2988, #2991, #2994, #2997, #3000, #3003, #3006, #3009, #3012, #3015, #3018, #3021, #3024, #3027, #3030, #3033, #3036, #3039, #3042, #3045, #3048, #3051, #3054, #3057, #3060, #3063, #3066, #3069, #3072, #3075, #3078, #3081, #3084, #3087, #3090, #3093, #3096, #3099, #3102, #3105, #3108, #3111, #3114, #3117, #3120, #3123, #3126, #3129, #3132, #3135, #3138, #3141, #3144, #3147, #3150, #3153, #3156, #3159, #3162, #3165, #3168, #3171, #3174, #3177, #3180, #3183, #3186, #3189, #3192, #3195, #3198, #3201, #3204, #3207, #3210, #3213, #3216, #3219, #3222, #3225, #3228, #3231, #3234, #3237, #3240, #3243, #3246, #3249, #3252, #3255, #3258, #3261, #3264, #3267, #3270, #3273, #3276, #3279, #3282, #3285, #3288, #3291, #3294, #3297, #3300, #3303, #3306, #3309, #3312, #3315, #3318, #3321, #3324, #3327, #3330, #3333, #3336, #3339, #3342, #3345, #3348, #3351, #3354, #3357, #3360, #3363, #3366, #3369, #3372, #3375, #3378, #3381, #3384, #3387, #3390, #3393, #3396, #3399, #3402, #3405, #3408, #3411, #3414, #3417, #3420, #3423, #3426, #3429, #3432, #3435, #3438, #3441, #3444, #3447, #3450, #3453, #3456, #3459, #3462, #3465, #3468, #3471, #3474, #3477, #3480, #3483, #3486, #3489, #3492, #3495, #3498, #3501, #3504, #3507, #3510, #3513, #3516, #3519, #3522, #3525, #3528, #3531, #3534, #3537, #3540, #3543, #3546, #3549, #3552, #3555, #3558, #3561, #3564, #3567, #3570, #3573, #3576, #3579, #3582, #3585, #3588, #3591, #3594, #3597, #3600));
#3771 = MANIFOLD_SOLID_BREP('UNIT_CELL_ARROWHEAD_SOLID', #3770);
#3772 = ADVANCED_BREP_SHAPE_REPRESENTATION('UNIT_CELL_ARROWHEAD_SHAPE', (#3771, #17), #9);
#3773 = SHAPE_DEFINITION_REPRESENTATION(#7, #3772);
ENDSEC;
END-ISO-10303-21;
