ISO-10303-21;
HEADER;
FILE_DESCRIPTION(('TRUNC Metamaterial Joint CAD Model - UNIT_CELL_TRUSS_D56'), '2;1');
FILE_NAME('unit_cell_truss_d56.step', '2026-10-09T05:00:00', ('TRUNC Lab'), ('Robotics'), 'Python STEP Exporter', 'HardSoftWebGPU', '');
FILE_SCHEMA(('AUTOMOTIVE_DESIGN { 1 0 10303 214 1 1 1 1 }'));
ENDSEC;
DATA;
#1 = APPLICATION_CONTEXT('core data for automotive mechanical design processes');
#2 = APPLICATION_PROTOCOL_DEFINITION('international standard', 'automotive_design', 2000, #1);
#3 = PRODUCT_CONTEXT('3D Mechanical Context', #1, 'mechanical');
#4 = PRODUCT('UNIT_CELL_TRUSS_D56', 'UNIT_CELL_TRUSS_D56', 'TRUNC Metamaterial Component', (#3));
#5 = PRODUCT_DEFINITION_FORMATION('1.0', 'First Release', #4);
#6 = PRODUCT_DEFINITION('design', 'TRUNC Component Definition', #5, #3);
#7 = PRODUCT_DEFINITION_SHAPE('Shape Definition', 'Shape for TRUNC Component', #6);
#8 = GEOMETRIC_REPRESENTATION_CONTEXT(3);
#9 = ( GEOMETRIC_REPRESENTATION_CONTEXT(3) GLOBAL_UNCERTAINTY_ASSIGNED_CONTEXT((#10)) GLOBAL_UNIT_ASSIGNED_CONTEXT((#11, #12, #13)) REPRESENTATION_CONTEXT('Context #1', '3D Context with UNIT and UNCERTAINTY') );
#10 = UNCERTAINTY_MEASURE_WITH_UNIT(LENGTH_MEASURE(1.E-05), #11, 'distance_accuracy_value', 'Maximum Model Space Distance');
#11 = ( LENGTH_UNIT() NAMED_UNIT(*) SI_UNIT(.MILLI., .METRE.) );
#12 = ( NAMED_UNIT(*) PLANE_ANGLE_UNIT() SI_UNIT($, .RADIAN.) );
#13 = ( NAMED_UNIT(*) SI_UNIT($, .STERADIAN.) SOLID_ANGLE_UNIT() );
#14 = CARTESIAN_POINT('Origin', (0., 0., 0.));
#15 = DIRECTION('Axis', (0., 0., 1.));
#16 = DIRECTION('RefDir', (1., 0., 0.));
#17 = AXIS2_PLACEMENT_3D('Placement', #14, #15, #16);
#18 = CARTESIAN_POINT('', (-5.5000, 0.0000, 26.2000));
#19 = CARTESIAN_POINT('', (-5.0813, -2.1048, 26.2000));
#20 = CARTESIAN_POINT('', (-3.8891, -3.8891, 26.2000));
#21 = CARTESIAN_POINT('', (-2.1048, -5.0813, 26.2000));
#22 = CARTESIAN_POINT('', (-0.0000, -5.5000, 26.2000));
#23 = CARTESIAN_POINT('', (2.1048, -5.0813, 26.2000));
#24 = CARTESIAN_POINT('', (3.8891, -3.8891, 26.2000));
#25 = CARTESIAN_POINT('', (5.0813, -2.1048, 26.2000));
#26 = CARTESIAN_POINT('', (5.5000, -0.0000, 26.2000));
#27 = CARTESIAN_POINT('', (5.0813, 2.1048, 26.2000));
#28 = CARTESIAN_POINT('', (3.8891, 3.8891, 26.2000));
#29 = CARTESIAN_POINT('', (2.1048, 5.0813, 26.2000));
#30 = CARTESIAN_POINT('', (0.0000, 5.5000, 26.2000));
#31 = CARTESIAN_POINT('', (-2.1048, 5.0813, 26.2000));
#32 = CARTESIAN_POINT('', (-3.8891, 3.8891, 26.2000));
#33 = CARTESIAN_POINT('', (-5.0813, 2.1048, 26.2000));
#34 = CARTESIAN_POINT('', (-5.5000, 0.0000, 29.8000));
#35 = CARTESIAN_POINT('', (-5.0813, -2.1048, 29.8000));
#36 = CARTESIAN_POINT('', (-3.8891, -3.8891, 29.8000));
#37 = CARTESIAN_POINT('', (-2.1048, -5.0813, 29.8000));
#38 = CARTESIAN_POINT('', (-0.0000, -5.5000, 29.8000));
#39 = CARTESIAN_POINT('', (2.1048, -5.0813, 29.8000));
#40 = CARTESIAN_POINT('', (3.8891, -3.8891, 29.8000));
#41 = CARTESIAN_POINT('', (5.0813, -2.1048, 29.8000));
#42 = CARTESIAN_POINT('', (5.5000, -0.0000, 29.8000));
#43 = CARTESIAN_POINT('', (5.0813, 2.1048, 29.8000));
#44 = CARTESIAN_POINT('', (3.8891, 3.8891, 29.8000));
#45 = CARTESIAN_POINT('', (2.1048, 5.0813, 29.8000));
#46 = CARTESIAN_POINT('', (0.0000, 5.5000, 29.8000));
#47 = CARTESIAN_POINT('', (-2.1048, 5.0813, 29.8000));
#48 = CARTESIAN_POINT('', (-3.8891, 3.8891, 29.8000));
#49 = CARTESIAN_POINT('', (-5.0813, 2.1048, 29.8000));
#50 = CARTESIAN_POINT('', (0.0000, 0.0000, 26.2000));
#51 = CARTESIAN_POINT('', (0.0000, 0.0000, 29.8000));
#52 = CARTESIAN_POINT('', (-5.5000, 0.0000, -29.8000));
#53 = CARTESIAN_POINT('', (-5.0813, -2.1048, -29.8000));
#54 = CARTESIAN_POINT('', (-3.8891, -3.8891, -29.8000));
#55 = CARTESIAN_POINT('', (-2.1048, -5.0813, -29.8000));
#56 = CARTESIAN_POINT('', (-0.0000, -5.5000, -29.8000));
#57 = CARTESIAN_POINT('', (2.1048, -5.0813, -29.8000));
#58 = CARTESIAN_POINT('', (3.8891, -3.8891, -29.8000));
#59 = CARTESIAN_POINT('', (5.0813, -2.1048, -29.8000));
#60 = CARTESIAN_POINT('', (5.5000, -0.0000, -29.8000));
#61 = CARTESIAN_POINT('', (5.0813, 2.1048, -29.8000));
#62 = CARTESIAN_POINT('', (3.8891, 3.8891, -29.8000));
#63 = CARTESIAN_POINT('', (2.1048, 5.0813, -29.8000));
#64 = CARTESIAN_POINT('', (0.0000, 5.5000, -29.8000));
#65 = CARTESIAN_POINT('', (-2.1048, 5.0813, -29.8000));
#66 = CARTESIAN_POINT('', (-3.8891, 3.8891, -29.8000));
#67 = CARTESIAN_POINT('', (-5.0813, 2.1048, -29.8000));
#68 = CARTESIAN_POINT('', (-5.5000, 0.0000, -26.2000));
#69 = CARTESIAN_POINT('', (-5.0813, -2.1048, -26.2000));
#70 = CARTESIAN_POINT('', (-3.8891, -3.8891, -26.2000));
#71 = CARTESIAN_POINT('', (-2.1048, -5.0813, -26.2000));
#72 = CARTESIAN_POINT('', (-0.0000, -5.5000, -26.2000));
#73 = CARTESIAN_POINT('', (2.1048, -5.0813, -26.2000));
#74 = CARTESIAN_POINT('', (3.8891, -3.8891, -26.2000));
#75 = CARTESIAN_POINT('', (5.0813, -2.1048, -26.2000));
#76 = CARTESIAN_POINT('', (5.5000, -0.0000, -26.2000));
#77 = CARTESIAN_POINT('', (5.0813, 2.1048, -26.2000));
#78 = CARTESIAN_POINT('', (3.8891, 3.8891, -26.2000));
#79 = CARTESIAN_POINT('', (2.1048, 5.0813, -26.2000));
#80 = CARTESIAN_POINT('', (0.0000, 5.5000, -26.2000));
#81 = CARTESIAN_POINT('', (-2.1048, 5.0813, -26.2000));
#82 = CARTESIAN_POINT('', (-3.8891, 3.8891, -26.2000));
#83 = CARTESIAN_POINT('', (-5.0813, 2.1048, -26.2000));
#84 = CARTESIAN_POINT('', (0.0000, 0.0000, -29.8000));
#85 = CARTESIAN_POINT('', (0.0000, 0.0000, -26.2000));
#86 = CARTESIAN_POINT('', (-2.0000, 0.0000, -36.0000));
#87 = CARTESIAN_POINT('', (-1.7321, -1.0000, -36.0000));
#88 = CARTESIAN_POINT('', (-1.0000, -1.7321, -36.0000));
#89 = CARTESIAN_POINT('', (-0.0000, -2.0000, -36.0000));
#90 = CARTESIAN_POINT('', (1.0000, -1.7321, -36.0000));
#91 = CARTESIAN_POINT('', (1.7321, -1.0000, -36.0000));
#92 = CARTESIAN_POINT('', (2.0000, -0.0000, -36.0000));
#93 = CARTESIAN_POINT('', (1.7321, 1.0000, -36.0000));
#94 = CARTESIAN_POINT('', (1.0000, 1.7321, -36.0000));
#95 = CARTESIAN_POINT('', (0.0000, 2.0000, -36.0000));
#96 = CARTESIAN_POINT('', (-1.0000, 1.7321, -36.0000));
#97 = CARTESIAN_POINT('', (-1.7321, 1.0000, -36.0000));
#98 = CARTESIAN_POINT('', (-2.0000, 0.0000, 36.0000));
#99 = CARTESIAN_POINT('', (-1.7321, -1.0000, 36.0000));
#100 = CARTESIAN_POINT('', (-1.0000, -1.7321, 36.0000));
#101 = CARTESIAN_POINT('', (-0.0000, -2.0000, 36.0000));
#102 = CARTESIAN_POINT('', (1.0000, -1.7321, 36.0000));
#103 = CARTESIAN_POINT('', (1.7321, -1.0000, 36.0000));
#104 = CARTESIAN_POINT('', (2.0000, -0.0000, 36.0000));
#105 = CARTESIAN_POINT('', (1.7321, 1.0000, 36.0000));
#106 = CARTESIAN_POINT('', (1.0000, 1.7321, 36.0000));
#107 = CARTESIAN_POINT('', (0.0000, 2.0000, 36.0000));
#108 = CARTESIAN_POINT('', (-1.0000, 1.7321, 36.0000));
#109 = CARTESIAN_POINT('', (-1.7321, 1.0000, 36.0000));
#110 = CARTESIAN_POINT('', (0.0000, 0.0000, -36.0000));
#111 = CARTESIAN_POINT('', (0.0000, 0.0000, 36.0000));
#112 = CARTESIAN_POINT('', (22.2847, 0.0000, 15.8130));
#113 = CARTESIAN_POINT('', (22.4098, -1.3394, 15.5778));
#114 = CARTESIAN_POINT('', (22.7660, -2.4749, 14.9079));
#115 = CARTESIAN_POINT('', (23.2991, -3.2336, 13.9053));
#116 = CARTESIAN_POINT('', (23.9279, -3.5000, 12.7227));
#117 = CARTESIAN_POINT('', (24.5567, -3.2336, 11.5401));
#118 = CARTESIAN_POINT('', (25.0898, -2.4749, 10.5375));
#119 = CARTESIAN_POINT('', (25.4460, -1.3394, 9.8676));
#120 = CARTESIAN_POINT('', (25.5710, -0.0000, 9.6324));
#121 = CARTESIAN_POINT('', (25.4460, 1.3394, 9.8676));
#122 = CARTESIAN_POINT('', (25.0898, 2.4749, 10.5375));
#123 = CARTESIAN_POINT('', (24.5567, 3.2336, 11.5401));
#124 = CARTESIAN_POINT('', (23.9279, 3.5000, 12.7227));
#125 = CARTESIAN_POINT('', (23.2991, 3.2336, 13.9053));
#126 = CARTESIAN_POINT('', (22.7660, 2.4749, 14.9079));
#127 = CARTESIAN_POINT('', (22.4098, 1.3394, 15.5778));
#128 = CARTESIAN_POINT('', (23.8740, 0.0000, 16.6580));
#129 = CARTESIAN_POINT('', (23.9991, -1.3394, 16.4228));
#130 = CARTESIAN_POINT('', (24.3553, -2.4749, 15.7529));
#131 = CARTESIAN_POINT('', (24.8884, -3.2336, 14.7503));
#132 = CARTESIAN_POINT('', (25.5172, -3.5000, 13.5677));
#133 = CARTESIAN_POINT('', (26.1460, -3.2336, 12.3851));
#134 = CARTESIAN_POINT('', (26.6791, -2.4749, 11.3825));
#135 = CARTESIAN_POINT('', (27.0353, -1.3394, 10.7126));
#136 = CARTESIAN_POINT('', (27.1603, -0.0000, 10.4774));
#137 = CARTESIAN_POINT('', (27.0353, 1.3394, 10.7126));
#138 = CARTESIAN_POINT('', (26.6791, 2.4749, 11.3825));
#139 = CARTESIAN_POINT('', (26.1460, 3.2336, 12.3851));
#140 = CARTESIAN_POINT('', (25.5172, 3.5000, 13.5677));
#141 = CARTESIAN_POINT('', (24.8884, 3.2336, 14.7503));
#142 = CARTESIAN_POINT('', (24.3553, 2.4749, 15.7529));
#143 = CARTESIAN_POINT('', (23.9991, 1.3394, 16.4228));
#144 = CARTESIAN_POINT('', (23.9279, 0.0000, 12.7227));
#145 = CARTESIAN_POINT('', (25.5172, 0.0000, 13.5677));
#146 = CARTESIAN_POINT('', (22.4458, 0.0000, 12.9540));
#147 = CARTESIAN_POINT('', (22.5024, -0.4500, 12.8475));
#148 = CARTESIAN_POINT('', (22.6571, -0.7794, 12.5566));
#149 = CARTESIAN_POINT('', (22.8683, -0.9000, 12.1593));
#150 = CARTESIAN_POINT('', (23.0796, -0.7794, 11.7620));
#151 = CARTESIAN_POINT('', (23.2343, -0.4500, 11.4711));
#152 = CARTESIAN_POINT('', (23.2909, -0.0000, 11.3647));
#153 = CARTESIAN_POINT('', (23.2343, 0.4500, 11.4711));
#154 = CARTESIAN_POINT('', (23.0796, 0.7794, 11.7620));
#155 = CARTESIAN_POINT('', (22.8683, 0.9000, 12.1593));
#156 = CARTESIAN_POINT('', (22.6571, 0.7794, 12.5566));
#157 = CARTESIAN_POINT('', (22.5024, 0.4500, 12.8475));
#158 = CARTESIAN_POINT('', (26.1542, 0.0000, 14.9257));
#159 = CARTESIAN_POINT('', (26.2108, -0.4500, 14.8193));
#160 = CARTESIAN_POINT('', (26.3655, -0.7794, 14.5284));
#161 = CARTESIAN_POINT('', (26.5767, -0.9000, 14.1311));
#162 = CARTESIAN_POINT('', (26.7880, -0.7794, 13.7338));
#163 = CARTESIAN_POINT('', (26.9426, -0.4500, 13.4429));
#164 = CARTESIAN_POINT('', (26.9992, -0.0000, 13.3364));
#165 = CARTESIAN_POINT('', (26.9426, 0.4500, 13.4429));
#166 = CARTESIAN_POINT('', (26.7880, 0.7794, 13.7338));
#167 = CARTESIAN_POINT('', (26.5767, 0.9000, 14.1311));
#168 = CARTESIAN_POINT('', (26.3655, 0.7794, 14.5284));
#169 = CARTESIAN_POINT('', (26.2108, 0.4500, 14.8193));
#170 = CARTESIAN_POINT('', (22.8683, 0.0000, 12.1593));
#171 = CARTESIAN_POINT('', (26.5767, 0.0000, 14.1311));
#172 = CARTESIAN_POINT('', (14.8161, 16.9196, 15.5201));
#173 = CARTESIAN_POINT('', (15.6446, 15.8733, 15.8097));
#174 = CARTESIAN_POINT('', (16.6671, 14.9863, 15.6294));
#175 = CARTESIAN_POINT('', (17.7282, 14.3936, 15.0065));
#176 = CARTESIAN_POINT('', (18.6661, 14.1855, 14.0360));
#177 = CARTESIAN_POINT('', (19.3381, 14.3936, 12.8655));
#178 = CARTESIAN_POINT('', (19.6419, 14.9863, 11.6733));
#179 = CARTESIAN_POINT('', (19.5313, 15.8733, 10.6408));
#180 = CARTESIAN_POINT('', (19.0231, 16.9196, 9.9253));
#181 = CARTESIAN_POINT('', (18.1946, 17.9658, 9.6357));
#182 = CARTESIAN_POINT('', (17.1720, 18.8528, 9.8160));
#183 = CARTESIAN_POINT('', (16.1110, 19.4455, 10.4388));
#184 = CARTESIAN_POINT('', (15.1731, 19.6536, 11.4094));
#185 = CARTESIAN_POINT('', (14.5010, 19.4455, 12.5799));
#186 = CARTESIAN_POINT('', (14.1972, 18.8528, 13.7721));
#187 = CARTESIAN_POINT('', (14.3078, 17.9658, 14.8045));
#188 = CARTESIAN_POINT('', (15.9399, 18.0434, 16.3651));
#189 = CARTESIAN_POINT('', (16.7684, 16.9971, 16.6547));
#190 = CARTESIAN_POINT('', (17.7910, 16.1101, 16.4744));
#191 = CARTESIAN_POINT('', (18.8520, 15.5175, 15.8516));
#192 = CARTESIAN_POINT('', (19.7899, 15.3093, 14.8810));
#193 = CARTESIAN_POINT('', (20.4619, 15.5175, 13.7105));
#194 = CARTESIAN_POINT('', (20.7657, 16.1101, 12.5183));
#195 = CARTESIAN_POINT('', (20.6551, 16.9971, 11.4859));
#196 = CARTESIAN_POINT('', (20.1469, 18.0434, 10.7703));
#197 = CARTESIAN_POINT('', (19.3184, 19.0896, 10.4807));
#198 = CARTESIAN_POINT('', (18.2958, 19.9766, 10.6610));
#199 = CARTESIAN_POINT('', (17.2348, 20.5693, 11.2839));
#200 = CARTESIAN_POINT('', (16.2969, 20.7774, 12.2544));
#201 = CARTESIAN_POINT('', (15.6248, 20.5693, 13.4249));
#202 = CARTESIAN_POINT('', (15.3210, 19.9766, 14.6171));
#203 = CARTESIAN_POINT('', (15.4316, 19.0896, 15.6496));
#204 = CARTESIAN_POINT('', (16.9196, 16.9196, 12.7227));
#205 = CARTESIAN_POINT('', (18.0434, 18.0434, 13.5677));
#206 = CARTESIAN_POINT('', (15.6295, 16.1704, 12.8786));
#207 = CARTESIAN_POINT('', (15.9265, 15.8188, 12.9511));
#208 = CARTESIAN_POINT('', (16.2888, 15.5615, 12.8114));
#209 = CARTESIAN_POINT('', (16.6195, 15.4673, 12.4970));
#210 = CARTESIAN_POINT('', (16.8297, 15.5615, 12.0921));
#211 = CARTESIAN_POINT('', (16.8633, 15.8188, 11.7052));
#212 = CARTESIAN_POINT('', (16.7113, 16.1704, 11.4400));
#213 = CARTESIAN_POINT('', (16.4142, 16.5219, 11.3675));
#214 = CARTESIAN_POINT('', (16.0519, 16.7792, 11.5072));
#215 = CARTESIAN_POINT('', (15.7213, 16.8734, 11.8216));
#216 = CARTESIAN_POINT('', (15.5110, 16.7792, 12.2265));
#217 = CARTESIAN_POINT('', (15.4774, 16.5219, 12.6134));
#218 = CARTESIAN_POINT('', (18.2517, 18.7926, 14.8504));
#219 = CARTESIAN_POINT('', (18.5487, 18.4411, 14.9229));
#220 = CARTESIAN_POINT('', (18.9111, 18.1837, 14.7832));
#221 = CARTESIAN_POINT('', (19.2417, 18.0895, 14.4688));
#222 = CARTESIAN_POINT('', (19.4520, 18.1837, 14.0639));
#223 = CARTESIAN_POINT('', (19.4856, 18.4411, 13.6770));
#224 = CARTESIAN_POINT('', (19.3335, 18.7926, 13.4118));
#225 = CARTESIAN_POINT('', (19.0365, 19.1441, 13.3393));
#226 = CARTESIAN_POINT('', (18.6741, 19.4014, 13.4790));
#227 = CARTESIAN_POINT('', (18.3435, 19.4956, 13.7934));
#228 = CARTESIAN_POINT('', (18.1332, 19.4014, 14.1983));
#229 = CARTESIAN_POINT('', (18.0996, 19.1441, 14.5852));
#230 = CARTESIAN_POINT('', (16.1704, 16.1704, 12.1593));
#231 = CARTESIAN_POINT('', (18.7926, 18.7926, 14.1311));
#232 = CARTESIAN_POINT('', (-3.5000, 23.9279, 12.7227));
#233 = CARTESIAN_POINT('', (-3.2336, 23.2991, 13.9053));
#234 = CARTESIAN_POINT('', (-2.4749, 22.7660, 14.9079));
#235 = CARTESIAN_POINT('', (-1.3394, 22.4098, 15.5778));
#236 = CARTESIAN_POINT('', (0.0000, 22.2847, 15.8130));
#237 = CARTESIAN_POINT('', (1.3394, 22.4098, 15.5778));
#238 = CARTESIAN_POINT('', (2.4749, 22.7660, 14.9079));
#239 = CARTESIAN_POINT('', (3.2336, 23.2991, 13.9053));
#240 = CARTESIAN_POINT('', (3.5000, 23.9279, 12.7227));
#241 = CARTESIAN_POINT('', (3.2336, 24.5567, 11.5401));
#242 = CARTESIAN_POINT('', (2.4749, 25.0898, 10.5375));
#243 = CARTESIAN_POINT('', (1.3394, 25.4460, 9.8676));
#244 = CARTESIAN_POINT('', (0.0000, 25.5710, 9.6324));
#245 = CARTESIAN_POINT('', (-1.3394, 25.4460, 9.8676));
#246 = CARTESIAN_POINT('', (-2.4749, 25.0898, 10.5375));
#247 = CARTESIAN_POINT('', (-3.2336, 24.5567, 11.5401));
#248 = CARTESIAN_POINT('', (-3.5000, 25.5172, 13.5677));
#249 = CARTESIAN_POINT('', (-3.2336, 24.8884, 14.7503));
#250 = CARTESIAN_POINT('', (-2.4749, 24.3553, 15.7529));
#251 = CARTESIAN_POINT('', (-1.3394, 23.9991, 16.4228));
#252 = CARTESIAN_POINT('', (0.0000, 23.8740, 16.6580));
#253 = CARTESIAN_POINT('', (1.3394, 23.9991, 16.4228));
#254 = CARTESIAN_POINT('', (2.4749, 24.3553, 15.7529));
#255 = CARTESIAN_POINT('', (3.2336, 24.8884, 14.7503));
#256 = CARTESIAN_POINT('', (3.5000, 25.5172, 13.5677));
#257 = CARTESIAN_POINT('', (3.2336, 26.1460, 12.3851));
#258 = CARTESIAN_POINT('', (2.4749, 26.6791, 11.3825));
#259 = CARTESIAN_POINT('', (1.3394, 27.0353, 10.7126));
#260 = CARTESIAN_POINT('', (0.0000, 27.1603, 10.4774));
#261 = CARTESIAN_POINT('', (-1.3394, 27.0353, 10.7126));
#262 = CARTESIAN_POINT('', (-2.4749, 26.6791, 11.3825));
#263 = CARTESIAN_POINT('', (-3.2336, 26.1460, 12.3851));
#264 = CARTESIAN_POINT('', (0.0000, 23.9279, 12.7227));
#265 = CARTESIAN_POINT('', (0.0000, 25.5172, 13.5677));
#266 = CARTESIAN_POINT('', (-0.9000, 22.8683, 12.1593));
#267 = CARTESIAN_POINT('', (-0.7794, 22.6571, 12.5566));
#268 = CARTESIAN_POINT('', (-0.4500, 22.5024, 12.8475));
#269 = CARTESIAN_POINT('', (0.0000, 22.4458, 12.9540));
#270 = CARTESIAN_POINT('', (0.4500, 22.5024, 12.8475));
#271 = CARTESIAN_POINT('', (0.7794, 22.6571, 12.5566));
#272 = CARTESIAN_POINT('', (0.9000, 22.8683, 12.1593));
#273 = CARTESIAN_POINT('', (0.7794, 23.0796, 11.7620));
#274 = CARTESIAN_POINT('', (0.4500, 23.2343, 11.4711));
#275 = CARTESIAN_POINT('', (0.0000, 23.2909, 11.3647));
#276 = CARTESIAN_POINT('', (-0.4500, 23.2343, 11.4711));
#277 = CARTESIAN_POINT('', (-0.7794, 23.0796, 11.7620));
#278 = CARTESIAN_POINT('', (-0.9000, 26.5767, 14.1311));
#279 = CARTESIAN_POINT('', (-0.7794, 26.3655, 14.5284));
#280 = CARTESIAN_POINT('', (-0.4500, 26.2108, 14.8193));
#281 = CARTESIAN_POINT('', (0.0000, 26.1542, 14.9257));
#282 = CARTESIAN_POINT('', (0.4500, 26.2108, 14.8193));
#283 = CARTESIAN_POINT('', (0.7794, 26.3655, 14.5284));
#284 = CARTESIAN_POINT('', (0.9000, 26.5767, 14.1311));
#285 = CARTESIAN_POINT('', (0.7794, 26.7880, 13.7338));
#286 = CARTESIAN_POINT('', (0.4500, 26.9426, 13.4429));
#287 = CARTESIAN_POINT('', (0.0000, 26.9992, 13.3364));
#288 = CARTESIAN_POINT('', (-0.4500, 26.9426, 13.4429));
#289 = CARTESIAN_POINT('', (-0.7794, 26.7880, 13.7338));
#290 = CARTESIAN_POINT('', (0.0000, 22.8683, 12.1593));
#291 = CARTESIAN_POINT('', (0.0000, 26.5767, 14.1311));
#292 = CARTESIAN_POINT('', (-19.0231, 16.9196, 9.9253));
#293 = CARTESIAN_POINT('', (-19.5313, 15.8733, 10.6408));
#294 = CARTESIAN_POINT('', (-19.6419, 14.9863, 11.6733));
#295 = CARTESIAN_POINT('', (-19.3381, 14.3936, 12.8655));
#296 = CARTESIAN_POINT('', (-18.6661, 14.1855, 14.0360));
#297 = CARTESIAN_POINT('', (-17.7282, 14.3936, 15.0065));
#298 = CARTESIAN_POINT('', (-16.6671, 14.9863, 15.6294));
#299 = CARTESIAN_POINT('', (-15.6446, 15.8733, 15.8097));
#300 = CARTESIAN_POINT('', (-14.8161, 16.9196, 15.5201));
#301 = CARTESIAN_POINT('', (-14.3078, 17.9658, 14.8045));
#302 = CARTESIAN_POINT('', (-14.1972, 18.8528, 13.7721));
#303 = CARTESIAN_POINT('', (-14.5010, 19.4455, 12.5799));
#304 = CARTESIAN_POINT('', (-15.1731, 19.6536, 11.4094));
#305 = CARTESIAN_POINT('', (-16.1110, 19.4455, 10.4388));
#306 = CARTESIAN_POINT('', (-17.1720, 18.8528, 9.8160));
#307 = CARTESIAN_POINT('', (-18.1946, 17.9658, 9.6357));
#308 = CARTESIAN_POINT('', (-20.1469, 18.0434, 10.7703));
#309 = CARTESIAN_POINT('', (-20.6551, 16.9971, 11.4859));
#310 = CARTESIAN_POINT('', (-20.7657, 16.1101, 12.5183));
#311 = CARTESIAN_POINT('', (-20.4619, 15.5175, 13.7105));
#312 = CARTESIAN_POINT('', (-19.7899, 15.3093, 14.8810));
#313 = CARTESIAN_POINT('', (-18.8520, 15.5175, 15.8516));
#314 = CARTESIAN_POINT('', (-17.7910, 16.1101, 16.4744));
#315 = CARTESIAN_POINT('', (-16.7684, 16.9971, 16.6547));
#316 = CARTESIAN_POINT('', (-15.9399, 18.0434, 16.3651));
#317 = CARTESIAN_POINT('', (-15.4316, 19.0896, 15.6496));
#318 = CARTESIAN_POINT('', (-15.3210, 19.9766, 14.6171));
#319 = CARTESIAN_POINT('', (-15.6248, 20.5693, 13.4249));
#320 = CARTESIAN_POINT('', (-16.2969, 20.7774, 12.2544));
#321 = CARTESIAN_POINT('', (-17.2348, 20.5693, 11.2839));
#322 = CARTESIAN_POINT('', (-18.2958, 19.9766, 10.6610));
#323 = CARTESIAN_POINT('', (-19.3184, 19.0896, 10.4807));
#324 = CARTESIAN_POINT('', (-16.9196, 16.9196, 12.7227));
#325 = CARTESIAN_POINT('', (-18.0434, 18.0434, 13.5677));
#326 = CARTESIAN_POINT('', (-16.7113, 16.1704, 11.4400));
#327 = CARTESIAN_POINT('', (-16.8633, 15.8188, 11.7052));
#328 = CARTESIAN_POINT('', (-16.8297, 15.5615, 12.0921));
#329 = CARTESIAN_POINT('', (-16.6195, 15.4673, 12.4970));
#330 = CARTESIAN_POINT('', (-16.2888, 15.5615, 12.8114));
#331 = CARTESIAN_POINT('', (-15.9265, 15.8188, 12.9511));
#332 = CARTESIAN_POINT('', (-15.6295, 16.1704, 12.8786));
#333 = CARTESIAN_POINT('', (-15.4774, 16.5219, 12.6134));
#334 = CARTESIAN_POINT('', (-15.5110, 16.7792, 12.2265));
#335 = CARTESIAN_POINT('', (-15.7213, 16.8734, 11.8216));
#336 = CARTESIAN_POINT('', (-16.0519, 16.7792, 11.5072));
#337 = CARTESIAN_POINT('', (-16.4142, 16.5219, 11.3675));
#338 = CARTESIAN_POINT('', (-19.3335, 18.7926, 13.4118));
#339 = CARTESIAN_POINT('', (-19.4856, 18.4411, 13.6770));
#340 = CARTESIAN_POINT('', (-19.4520, 18.1837, 14.0639));
#341 = CARTESIAN_POINT('', (-19.2417, 18.0895, 14.4688));
#342 = CARTESIAN_POINT('', (-18.9111, 18.1837, 14.7832));
#343 = CARTESIAN_POINT('', (-18.5487, 18.4411, 14.9229));
#344 = CARTESIAN_POINT('', (-18.2517, 18.7926, 14.8504));
#345 = CARTESIAN_POINT('', (-18.0996, 19.1441, 14.5852));
#346 = CARTESIAN_POINT('', (-18.1332, 19.4014, 14.1983));
#347 = CARTESIAN_POINT('', (-18.3435, 19.4956, 13.7934));
#348 = CARTESIAN_POINT('', (-18.6741, 19.4014, 13.4790));
#349 = CARTESIAN_POINT('', (-19.0365, 19.1441, 13.3393));
#350 = CARTESIAN_POINT('', (-16.1704, 16.1704, 12.1593));
#351 = CARTESIAN_POINT('', (-18.7926, 18.7926, 14.1311));
#352 = CARTESIAN_POINT('', (-25.5710, 0.0000, 9.6324));
#353 = CARTESIAN_POINT('', (-25.4460, -1.3394, 9.8676));
#354 = CARTESIAN_POINT('', (-25.0898, -2.4749, 10.5375));
#355 = CARTESIAN_POINT('', (-24.5567, -3.2336, 11.5401));
#356 = CARTESIAN_POINT('', (-23.9279, -3.5000, 12.7227));
#357 = CARTESIAN_POINT('', (-23.2991, -3.2336, 13.9053));
#358 = CARTESIAN_POINT('', (-22.7660, -2.4749, 14.9079));
#359 = CARTESIAN_POINT('', (-22.4098, -1.3394, 15.5778));
#360 = CARTESIAN_POINT('', (-22.2847, 0.0000, 15.8130));
#361 = CARTESIAN_POINT('', (-22.4098, 1.3394, 15.5778));
#362 = CARTESIAN_POINT('', (-22.7660, 2.4749, 14.9079));
#363 = CARTESIAN_POINT('', (-23.2991, 3.2336, 13.9053));
#364 = CARTESIAN_POINT('', (-23.9279, 3.5000, 12.7227));
#365 = CARTESIAN_POINT('', (-24.5567, 3.2336, 11.5401));
#366 = CARTESIAN_POINT('', (-25.0898, 2.4749, 10.5375));
#367 = CARTESIAN_POINT('', (-25.4460, 1.3394, 9.8676));
#368 = CARTESIAN_POINT('', (-27.1603, 0.0000, 10.4774));
#369 = CARTESIAN_POINT('', (-27.0353, -1.3394, 10.7126));
#370 = CARTESIAN_POINT('', (-26.6791, -2.4749, 11.3825));
#371 = CARTESIAN_POINT('', (-26.1460, -3.2336, 12.3851));
#372 = CARTESIAN_POINT('', (-25.5172, -3.5000, 13.5677));
#373 = CARTESIAN_POINT('', (-24.8884, -3.2336, 14.7503));
#374 = CARTESIAN_POINT('', (-24.3553, -2.4749, 15.7529));
#375 = CARTESIAN_POINT('', (-23.9991, -1.3394, 16.4228));
#376 = CARTESIAN_POINT('', (-23.8740, 0.0000, 16.6580));
#377 = CARTESIAN_POINT('', (-23.9991, 1.3394, 16.4228));
#378 = CARTESIAN_POINT('', (-24.3553, 2.4749, 15.7529));
#379 = CARTESIAN_POINT('', (-24.8884, 3.2336, 14.7503));
#380 = CARTESIAN_POINT('', (-25.5172, 3.5000, 13.5677));
#381 = CARTESIAN_POINT('', (-26.1460, 3.2336, 12.3851));
#382 = CARTESIAN_POINT('', (-26.6791, 2.4749, 11.3825));
#383 = CARTESIAN_POINT('', (-27.0353, 1.3394, 10.7126));
#384 = CARTESIAN_POINT('', (-23.9279, 0.0000, 12.7227));
#385 = CARTESIAN_POINT('', (-25.5172, 0.0000, 13.5677));
#386 = CARTESIAN_POINT('', (-23.2909, 0.0000, 11.3647));
#387 = CARTESIAN_POINT('', (-23.2343, -0.4500, 11.4711));
#388 = CARTESIAN_POINT('', (-23.0796, -0.7794, 11.7620));
#389 = CARTESIAN_POINT('', (-22.8683, -0.9000, 12.1593));
#390 = CARTESIAN_POINT('', (-22.6571, -0.7794, 12.5566));
#391 = CARTESIAN_POINT('', (-22.5024, -0.4500, 12.8475));
#392 = CARTESIAN_POINT('', (-22.4458, 0.0000, 12.9540));
#393 = CARTESIAN_POINT('', (-22.5024, 0.4500, 12.8475));
#394 = CARTESIAN_POINT('', (-22.6571, 0.7794, 12.5566));
#395 = CARTESIAN_POINT('', (-22.8683, 0.9000, 12.1593));
#396 = CARTESIAN_POINT('', (-23.0796, 0.7794, 11.7620));
#397 = CARTESIAN_POINT('', (-23.2343, 0.4500, 11.4711));
#398 = CARTESIAN_POINT('', (-26.9992, 0.0000, 13.3364));
#399 = CARTESIAN_POINT('', (-26.9426, -0.4500, 13.4429));
#400 = CARTESIAN_POINT('', (-26.7880, -0.7794, 13.7338));
#401 = CARTESIAN_POINT('', (-26.5767, -0.9000, 14.1311));
#402 = CARTESIAN_POINT('', (-26.3655, -0.7794, 14.5284));
#403 = CARTESIAN_POINT('', (-26.2108, -0.4500, 14.8193));
#404 = CARTESIAN_POINT('', (-26.1542, 0.0000, 14.9257));
#405 = CARTESIAN_POINT('', (-26.2108, 0.4500, 14.8193));
#406 = CARTESIAN_POINT('', (-26.3655, 0.7794, 14.5284));
#407 = CARTESIAN_POINT('', (-26.5767, 0.9000, 14.1311));
#408 = CARTESIAN_POINT('', (-26.7880, 0.7794, 13.7338));
#409 = CARTESIAN_POINT('', (-26.9426, 0.4500, 13.4429));
#410 = CARTESIAN_POINT('', (-22.8683, 0.0000, 12.1593));
#411 = CARTESIAN_POINT('', (-26.5767, 0.0000, 14.1311));
#412 = CARTESIAN_POINT('', (-19.0231, -16.9196, 9.9253));
#413 = CARTESIAN_POINT('', (-18.1946, -17.9658, 9.6357));
#414 = CARTESIAN_POINT('', (-17.1720, -18.8528, 9.8160));
#415 = CARTESIAN_POINT('', (-16.1110, -19.4455, 10.4388));
#416 = CARTESIAN_POINT('', (-15.1731, -19.6536, 11.4094));
#417 = CARTESIAN_POINT('', (-14.5010, -19.4455, 12.5799));
#418 = CARTESIAN_POINT('', (-14.1972, -18.8528, 13.7721));
#419 = CARTESIAN_POINT('', (-14.3078, -17.9658, 14.8045));
#420 = CARTESIAN_POINT('', (-14.8161, -16.9196, 15.5201));
#421 = CARTESIAN_POINT('', (-15.6446, -15.8733, 15.8097));
#422 = CARTESIAN_POINT('', (-16.6671, -14.9863, 15.6294));
#423 = CARTESIAN_POINT('', (-17.7282, -14.3936, 15.0065));
#424 = CARTESIAN_POINT('', (-18.6661, -14.1855, 14.0360));
#425 = CARTESIAN_POINT('', (-19.3381, -14.3936, 12.8655));
#426 = CARTESIAN_POINT('', (-19.6419, -14.9863, 11.6733));
#427 = CARTESIAN_POINT('', (-19.5313, -15.8733, 10.6408));
#428 = CARTESIAN_POINT('', (-20.1469, -18.0434, 10.7703));
#429 = CARTESIAN_POINT('', (-19.3184, -19.0896, 10.4807));
#430 = CARTESIAN_POINT('', (-18.2958, -19.9766, 10.6610));
#431 = CARTESIAN_POINT('', (-17.2348, -20.5693, 11.2839));
#432 = CARTESIAN_POINT('', (-16.2969, -20.7774, 12.2544));
#433 = CARTESIAN_POINT('', (-15.6248, -20.5693, 13.4249));
#434 = CARTESIAN_POINT('', (-15.3210, -19.9766, 14.6171));
#435 = CARTESIAN_POINT('', (-15.4316, -19.0896, 15.6496));
#436 = CARTESIAN_POINT('', (-15.9399, -18.0434, 16.3651));
#437 = CARTESIAN_POINT('', (-16.7684, -16.9971, 16.6547));
#438 = CARTESIAN_POINT('', (-17.7910, -16.1101, 16.4744));
#439 = CARTESIAN_POINT('', (-18.8520, -15.5175, 15.8516));
#440 = CARTESIAN_POINT('', (-19.7899, -15.3093, 14.8810));
#441 = CARTESIAN_POINT('', (-20.4619, -15.5175, 13.7105));
#442 = CARTESIAN_POINT('', (-20.7657, -16.1101, 12.5183));
#443 = CARTESIAN_POINT('', (-20.6551, -16.9971, 11.4859));
#444 = CARTESIAN_POINT('', (-16.9196, -16.9196, 12.7227));
#445 = CARTESIAN_POINT('', (-18.0434, -18.0434, 13.5677));
#446 = CARTESIAN_POINT('', (-16.7113, -16.1704, 11.4400));
#447 = CARTESIAN_POINT('', (-16.4142, -16.5219, 11.3675));
#448 = CARTESIAN_POINT('', (-16.0519, -16.7792, 11.5072));
#449 = CARTESIAN_POINT('', (-15.7213, -16.8734, 11.8216));
#450 = CARTESIAN_POINT('', (-15.5110, -16.7792, 12.2265));
#451 = CARTESIAN_POINT('', (-15.4774, -16.5219, 12.6134));
#452 = CARTESIAN_POINT('', (-15.6295, -16.1704, 12.8786));
#453 = CARTESIAN_POINT('', (-15.9265, -15.8188, 12.9511));
#454 = CARTESIAN_POINT('', (-16.2888, -15.5615, 12.8114));
#455 = CARTESIAN_POINT('', (-16.6195, -15.4673, 12.4970));
#456 = CARTESIAN_POINT('', (-16.8297, -15.5615, 12.0921));
#457 = CARTESIAN_POINT('', (-16.8633, -15.8188, 11.7052));
#458 = CARTESIAN_POINT('', (-19.3335, -18.7926, 13.4118));
#459 = CARTESIAN_POINT('', (-19.0365, -19.1441, 13.3393));
#460 = CARTESIAN_POINT('', (-18.6741, -19.4014, 13.4790));
#461 = CARTESIAN_POINT('', (-18.3435, -19.4956, 13.7934));
#462 = CARTESIAN_POINT('', (-18.1332, -19.4014, 14.1983));
#463 = CARTESIAN_POINT('', (-18.0996, -19.1441, 14.5852));
#464 = CARTESIAN_POINT('', (-18.2517, -18.7926, 14.8504));
#465 = CARTESIAN_POINT('', (-18.5487, -18.4411, 14.9229));
#466 = CARTESIAN_POINT('', (-18.9111, -18.1837, 14.7832));
#467 = CARTESIAN_POINT('', (-19.2417, -18.0895, 14.4688));
#468 = CARTESIAN_POINT('', (-19.4520, -18.1837, 14.0639));
#469 = CARTESIAN_POINT('', (-19.4856, -18.4411, 13.6770));
#470 = CARTESIAN_POINT('', (-16.1704, -16.1704, 12.1593));
#471 = CARTESIAN_POINT('', (-18.7926, -18.7926, 14.1311));
#472 = CARTESIAN_POINT('', (-3.5000, -23.9279, 12.7227));
#473 = CARTESIAN_POINT('', (-3.2336, -24.5567, 11.5401));
#474 = CARTESIAN_POINT('', (-2.4749, -25.0898, 10.5375));
#475 = CARTESIAN_POINT('', (-1.3394, -25.4460, 9.8676));
#476 = CARTESIAN_POINT('', (-0.0000, -25.5710, 9.6324));
#477 = CARTESIAN_POINT('', (1.3394, -25.4460, 9.8676));
#478 = CARTESIAN_POINT('', (2.4749, -25.0898, 10.5375));
#479 = CARTESIAN_POINT('', (3.2336, -24.5567, 11.5401));
#480 = CARTESIAN_POINT('', (3.5000, -23.9279, 12.7227));
#481 = CARTESIAN_POINT('', (3.2336, -23.2991, 13.9053));
#482 = CARTESIAN_POINT('', (2.4749, -22.7660, 14.9079));
#483 = CARTESIAN_POINT('', (1.3394, -22.4098, 15.5778));
#484 = CARTESIAN_POINT('', (-0.0000, -22.2847, 15.8130));
#485 = CARTESIAN_POINT('', (-1.3394, -22.4098, 15.5778));
#486 = CARTESIAN_POINT('', (-2.4749, -22.7660, 14.9079));
#487 = CARTESIAN_POINT('', (-3.2336, -23.2991, 13.9053));
#488 = CARTESIAN_POINT('', (-3.5000, -25.5172, 13.5677));
#489 = CARTESIAN_POINT('', (-3.2336, -26.1460, 12.3851));
#490 = CARTESIAN_POINT('', (-2.4749, -26.6791, 11.3825));
#491 = CARTESIAN_POINT('', (-1.3394, -27.0353, 10.7126));
#492 = CARTESIAN_POINT('', (-0.0000, -27.1603, 10.4774));
#493 = CARTESIAN_POINT('', (1.3394, -27.0353, 10.7126));
#494 = CARTESIAN_POINT('', (2.4749, -26.6791, 11.3825));
#495 = CARTESIAN_POINT('', (3.2336, -26.1460, 12.3851));
#496 = CARTESIAN_POINT('', (3.5000, -25.5172, 13.5677));
#497 = CARTESIAN_POINT('', (3.2336, -24.8884, 14.7503));
#498 = CARTESIAN_POINT('', (2.4749, -24.3553, 15.7529));
#499 = CARTESIAN_POINT('', (1.3394, -23.9991, 16.4228));
#500 = CARTESIAN_POINT('', (-0.0000, -23.8740, 16.6580));
#501 = CARTESIAN_POINT('', (-1.3394, -23.9991, 16.4228));
#502 = CARTESIAN_POINT('', (-2.4749, -24.3553, 15.7529));
#503 = CARTESIAN_POINT('', (-3.2336, -24.8884, 14.7503));
#504 = CARTESIAN_POINT('', (-0.0000, -23.9279, 12.7227));
#505 = CARTESIAN_POINT('', (-0.0000, -25.5172, 13.5677));
#506 = CARTESIAN_POINT('', (-0.9000, -22.8683, 12.1593));
#507 = CARTESIAN_POINT('', (-0.7794, -23.0796, 11.7620));
#508 = CARTESIAN_POINT('', (-0.4500, -23.2343, 11.4711));
#509 = CARTESIAN_POINT('', (-0.0000, -23.2909, 11.3647));
#510 = CARTESIAN_POINT('', (0.4500, -23.2343, 11.4711));
#511 = CARTESIAN_POINT('', (0.7794, -23.0796, 11.7620));
#512 = CARTESIAN_POINT('', (0.9000, -22.8683, 12.1593));
#513 = CARTESIAN_POINT('', (0.7794, -22.6571, 12.5566));
#514 = CARTESIAN_POINT('', (0.4500, -22.5024, 12.8475));
#515 = CARTESIAN_POINT('', (-0.0000, -22.4458, 12.9540));
#516 = CARTESIAN_POINT('', (-0.4500, -22.5024, 12.8475));
#517 = CARTESIAN_POINT('', (-0.7794, -22.6571, 12.5566));
#518 = CARTESIAN_POINT('', (-0.9000, -26.5767, 14.1311));
#519 = CARTESIAN_POINT('', (-0.7794, -26.7880, 13.7338));
#520 = CARTESIAN_POINT('', (-0.4500, -26.9426, 13.4429));
#521 = CARTESIAN_POINT('', (-0.0000, -26.9992, 13.3364));
#522 = CARTESIAN_POINT('', (0.4500, -26.9426, 13.4429));
#523 = CARTESIAN_POINT('', (0.7794, -26.7880, 13.7338));
#524 = CARTESIAN_POINT('', (0.9000, -26.5767, 14.1311));
#525 = CARTESIAN_POINT('', (0.7794, -26.3655, 14.5284));
#526 = CARTESIAN_POINT('', (0.4500, -26.2108, 14.8193));
#527 = CARTESIAN_POINT('', (-0.0000, -26.1542, 14.9257));
#528 = CARTESIAN_POINT('', (-0.4500, -26.2108, 14.8193));
#529 = CARTESIAN_POINT('', (-0.7794, -26.3655, 14.5284));
#530 = CARTESIAN_POINT('', (-0.0000, -22.8683, 12.1593));
#531 = CARTESIAN_POINT('', (-0.0000, -26.5767, 14.1311));
#532 = CARTESIAN_POINT('', (14.8161, -16.9196, 15.5201));
#533 = CARTESIAN_POINT('', (14.3078, -17.9658, 14.8045));
#534 = CARTESIAN_POINT('', (14.1972, -18.8528, 13.7721));
#535 = CARTESIAN_POINT('', (14.5010, -19.4455, 12.5799));
#536 = CARTESIAN_POINT('', (15.1731, -19.6536, 11.4094));
#537 = CARTESIAN_POINT('', (16.1110, -19.4455, 10.4388));
#538 = CARTESIAN_POINT('', (17.1720, -18.8528, 9.8160));
#539 = CARTESIAN_POINT('', (18.1946, -17.9658, 9.6357));
#540 = CARTESIAN_POINT('', (19.0231, -16.9196, 9.9253));
#541 = CARTESIAN_POINT('', (19.5313, -15.8733, 10.6408));
#542 = CARTESIAN_POINT('', (19.6419, -14.9863, 11.6733));
#543 = CARTESIAN_POINT('', (19.3381, -14.3936, 12.8655));
#544 = CARTESIAN_POINT('', (18.6661, -14.1855, 14.0360));
#545 = CARTESIAN_POINT('', (17.7282, -14.3936, 15.0065));
#546 = CARTESIAN_POINT('', (16.6671, -14.9863, 15.6294));
#547 = CARTESIAN_POINT('', (15.6446, -15.8733, 15.8097));
#548 = CARTESIAN_POINT('', (15.9399, -18.0434, 16.3651));
#549 = CARTESIAN_POINT('', (15.4316, -19.0896, 15.6496));
#550 = CARTESIAN_POINT('', (15.3210, -19.9766, 14.6171));
#551 = CARTESIAN_POINT('', (15.6248, -20.5693, 13.4249));
#552 = CARTESIAN_POINT('', (16.2969, -20.7774, 12.2544));
#553 = CARTESIAN_POINT('', (17.2348, -20.5693, 11.2839));
#554 = CARTESIAN_POINT('', (18.2958, -19.9766, 10.6610));
#555 = CARTESIAN_POINT('', (19.3184, -19.0896, 10.4807));
#556 = CARTESIAN_POINT('', (20.1469, -18.0434, 10.7703));
#557 = CARTESIAN_POINT('', (20.6551, -16.9971, 11.4859));
#558 = CARTESIAN_POINT('', (20.7657, -16.1101, 12.5183));
#559 = CARTESIAN_POINT('', (20.4619, -15.5175, 13.7105));
#560 = CARTESIAN_POINT('', (19.7899, -15.3093, 14.8810));
#561 = CARTESIAN_POINT('', (18.8520, -15.5175, 15.8516));
#562 = CARTESIAN_POINT('', (17.7910, -16.1101, 16.4744));
#563 = CARTESIAN_POINT('', (16.7684, -16.9971, 16.6547));
#564 = CARTESIAN_POINT('', (16.9196, -16.9196, 12.7227));
#565 = CARTESIAN_POINT('', (18.0434, -18.0434, 13.5677));
#566 = CARTESIAN_POINT('', (15.6295, -16.1704, 12.8786));
#567 = CARTESIAN_POINT('', (15.4774, -16.5219, 12.6134));
#568 = CARTESIAN_POINT('', (15.5110, -16.7792, 12.2265));
#569 = CARTESIAN_POINT('', (15.7213, -16.8734, 11.8216));
#570 = CARTESIAN_POINT('', (16.0519, -16.7792, 11.5072));
#571 = CARTESIAN_POINT('', (16.4142, -16.5219, 11.3675));
#572 = CARTESIAN_POINT('', (16.7113, -16.1704, 11.4400));
#573 = CARTESIAN_POINT('', (16.8633, -15.8188, 11.7052));
#574 = CARTESIAN_POINT('', (16.8297, -15.5615, 12.0921));
#575 = CARTESIAN_POINT('', (16.6195, -15.4673, 12.4970));
#576 = CARTESIAN_POINT('', (16.2888, -15.5615, 12.8114));
#577 = CARTESIAN_POINT('', (15.9265, -15.8188, 12.9511));
#578 = CARTESIAN_POINT('', (18.2517, -18.7926, 14.8504));
#579 = CARTESIAN_POINT('', (18.0996, -19.1441, 14.5852));
#580 = CARTESIAN_POINT('', (18.1332, -19.4014, 14.1983));
#581 = CARTESIAN_POINT('', (18.3435, -19.4956, 13.7934));
#582 = CARTESIAN_POINT('', (18.6741, -19.4014, 13.4790));
#583 = CARTESIAN_POINT('', (19.0365, -19.1441, 13.3393));
#584 = CARTESIAN_POINT('', (19.3335, -18.7926, 13.4118));
#585 = CARTESIAN_POINT('', (19.4856, -18.4411, 13.6770));
#586 = CARTESIAN_POINT('', (19.4520, -18.1837, 14.0639));
#587 = CARTESIAN_POINT('', (19.2417, -18.0895, 14.4688));
#588 = CARTESIAN_POINT('', (18.9111, -18.1837, 14.7832));
#589 = CARTESIAN_POINT('', (18.5487, -18.4411, 14.9229));
#590 = CARTESIAN_POINT('', (16.1704, -16.1704, 12.1593));
#591 = CARTESIAN_POINT('', (18.7926, -18.7926, 14.1311));
#592 = CARTESIAN_POINT('', (23.8523, 9.1568, -9.6892));
#593 = CARTESIAN_POINT('', (24.1117, 7.8962, -10.1458));
#594 = CARTESIAN_POINT('', (24.0657, 6.8275, -10.9948));
#595 = CARTESIAN_POINT('', (23.7215, 6.1134, -12.1068));
#596 = CARTESIAN_POINT('', (23.1315, 5.8627, -13.3126));
#597 = CARTESIAN_POINT('', (22.3853, 6.1134, -14.4285));
#598 = CARTESIAN_POINT('', (21.5968, 6.8275, -15.2848));
#599 = CARTESIAN_POINT('', (20.8858, 7.8962, -15.7510));
#600 = CARTESIAN_POINT('', (20.3606, 9.1568, -15.7562));
#601 = CARTESIAN_POINT('', (20.1013, 10.4174, -15.2995));
#602 = CARTESIAN_POINT('', (20.1472, 11.4861, -14.4506));
#603 = CARTESIAN_POINT('', (20.4914, 12.2002, -13.3386));
#604 = CARTESIAN_POINT('', (21.0815, 12.4510, -12.1328));
#605 = CARTESIAN_POINT('', (21.8276, 12.2002, -11.0168));
#606 = CARTESIAN_POINT('', (22.6162, 11.4861, -10.1606));
#607 = CARTESIAN_POINT('', (23.3272, 10.4174, -9.6944));
#608 = CARTESIAN_POINT('', (25.3206, 9.7650, -10.5342));
#609 = CARTESIAN_POINT('', (25.5800, 8.5044, -10.9909));
#610 = CARTESIAN_POINT('', (25.5341, 7.4357, -11.8398));
#611 = CARTESIAN_POINT('', (25.1899, 6.7216, -12.9519));
#612 = CARTESIAN_POINT('', (24.5998, 6.4709, -14.1576));
#613 = CARTESIAN_POINT('', (23.8537, 6.7216, -15.2736));
#614 = CARTESIAN_POINT('', (23.0651, 7.4357, -16.1299));
#615 = CARTESIAN_POINT('', (22.3541, 8.5044, -16.5961));
#616 = CARTESIAN_POINT('', (21.8290, 9.7650, -16.6012));
#617 = CARTESIAN_POINT('', (21.5696, 11.0256, -16.1446));
#618 = CARTESIAN_POINT('', (21.6155, 12.0943, -15.2956));
#619 = CARTESIAN_POINT('', (21.9597, 12.8084, -14.1836));
#620 = CARTESIAN_POINT('', (22.5498, 13.0592, -12.9778));
#621 = CARTESIAN_POINT('', (23.2959, 12.8084, -11.8619));
#622 = CARTESIAN_POINT('', (24.0845, 12.0943, -11.0056));
#623 = CARTESIAN_POINT('', (24.7955, 11.0256, -10.5394));
#624 = CARTESIAN_POINT('', (22.1065, 9.1568, -12.7227));
#625 = CARTESIAN_POINT('', (23.5748, 9.7650, -13.5677));
#626 = CARTESIAN_POINT('', (21.5765, 8.7513, -11.3793));
#627 = CARTESIAN_POINT('', (21.6482, 8.3278, -11.5596));
#628 = CARTESIAN_POINT('', (21.5803, 8.0178, -11.9007));
#629 = CARTESIAN_POINT('', (21.3912, 7.9043, -12.3110));
#630 = CARTESIAN_POINT('', (21.1314, 8.0178, -12.6807));
#631 = CARTESIAN_POINT('', (20.8706, 8.3278, -12.9107));
#632 = CARTESIAN_POINT('', (20.6787, 8.7513, -12.9394));
#633 = CARTESIAN_POINT('', (20.6070, 9.1749, -12.7590));
#634 = CARTESIAN_POINT('', (20.6749, 9.4849, -12.4180));
#635 = CARTESIAN_POINT('', (20.8640, 9.5984, -12.0076));
#636 = CARTESIAN_POINT('', (21.1238, 9.4849, -11.6379));
#637 = CARTESIAN_POINT('', (21.3846, 9.1749, -11.4079));
#638 = CARTESIAN_POINT('', (25.0026, 10.1705, -13.3511));
#639 = CARTESIAN_POINT('', (25.0743, 9.7469, -13.5314));
#640 = CARTESIAN_POINT('', (25.0064, 9.4369, -13.8724));
#641 = CARTESIAN_POINT('', (24.8173, 9.3234, -14.2828));
#642 = CARTESIAN_POINT('', (24.5575, 9.4369, -14.6525));
#643 = CARTESIAN_POINT('', (24.2967, 9.7469, -14.8825));
#644 = CARTESIAN_POINT('', (24.1048, 10.1705, -14.9111));
#645 = CARTESIAN_POINT('', (24.0331, 10.5940, -14.7308));
#646 = CARTESIAN_POINT('', (24.1010, 10.9041, -14.3897));
#647 = CARTESIAN_POINT('', (24.2901, 11.0175, -13.9794));
#648 = CARTESIAN_POINT('', (24.5499, 10.9041, -13.6097));
#649 = CARTESIAN_POINT('', (24.8107, 10.5940, -13.3797));
#650 = CARTESIAN_POINT('', (21.1276, 8.7513, -12.1593));
#651 = CARTESIAN_POINT('', (24.5537, 10.1705, -14.1311));
#652 = CARTESIAN_POINT('', (11.9975, 22.1065, -10.6781));
#653 = CARTESIAN_POINT('', (12.4196, 21.3317, -11.7206));
#654 = CARTESIAN_POINT('', (12.3448, 20.6750, -12.9155));
#655 = CARTESIAN_POINT('', (11.7848, 20.2361, -14.0812));
#656 = CARTESIAN_POINT('', (10.8246, 20.0820, -15.0400));
#657 = CARTESIAN_POINT('', (9.6106, 20.2361, -15.6460));
#658 = CARTESIAN_POINT('', (8.3274, 20.6750, -15.8070));
#659 = CARTESIAN_POINT('', (7.1705, 21.3317, -15.4984));
#660 = CARTESIAN_POINT('', (6.3161, 22.1065, -14.7672));
#661 = CARTESIAN_POINT('', (5.8941, 22.8812, -13.7248));
#662 = CARTESIAN_POINT('', (5.9688, 23.5380, -12.5298));
#663 = CARTESIAN_POINT('', (6.5288, 23.9769, -11.3642));
#664 = CARTESIAN_POINT('', (7.4890, 24.1310, -10.4054));
#665 = CARTESIAN_POINT('', (8.7030, 23.9769, -9.7994));
#666 = CARTESIAN_POINT('', (9.9862, 23.5380, -9.6384));
#667 = CARTESIAN_POINT('', (11.1431, 22.8812, -9.9470));
#668 = CARTESIAN_POINT('', (12.6057, 23.5748, -11.5232));
#669 = CARTESIAN_POINT('', (13.0278, 22.8001, -12.5656));
#670 = CARTESIAN_POINT('', (12.9530, 22.1433, -13.7606));
#671 = CARTESIAN_POINT('', (12.3930, 21.7044, -14.9262));
#672 = CARTESIAN_POINT('', (11.4328, 21.5503, -15.8850));
#673 = CARTESIAN_POINT('', (10.2188, 21.7044, -16.4910));
#674 = CARTESIAN_POINT('', (8.9356, 22.1433, -16.6520));
#675 = CARTESIAN_POINT('', (7.7787, 22.8001, -16.3434));
#676 = CARTESIAN_POINT('', (6.9243, 23.5748, -15.6123));
#677 = CARTESIAN_POINT('', (6.5023, 24.3495, -14.5699));
#678 = CARTESIAN_POINT('', (6.5770, 25.0063, -13.3749));
#679 = CARTESIAN_POINT('', (7.1370, 25.4452, -12.2092));
#680 = CARTESIAN_POINT('', (8.0972, 25.5993, -11.2504));
#681 = CARTESIAN_POINT('', (9.3113, 25.4452, -10.6444));
#682 = CARTESIAN_POINT('', (10.5944, 25.0063, -10.4834));
#683 = CARTESIAN_POINT('', (11.7513, 24.3495, -10.7920));
#684 = CARTESIAN_POINT('', (9.1568, 22.1065, -12.7227));
#685 = CARTESIAN_POINT('', (9.7650, 23.5748, -13.5677));
#686 = CARTESIAN_POINT('', (9.4818, 21.1276, -11.6336));
#687 = CARTESIAN_POINT('', (9.5984, 20.8673, -12.0019));
#688 = CARTESIAN_POINT('', (9.4880, 20.6768, -12.4125));
#689 = CARTESIAN_POINT('', (9.1802, 20.6070, -12.7552));
#690 = CARTESIAN_POINT('', (8.7575, 20.6768, -12.9382));
#691 = CARTESIAN_POINT('', (8.3332, 20.8673, -12.9126));
#692 = CARTESIAN_POINT('', (8.0209, 21.1276, -12.6851));
#693 = CARTESIAN_POINT('', (7.9043, 21.3879, -12.3167));
#694 = CARTESIAN_POINT('', (8.0147, 21.5784, -11.9061));
#695 = CARTESIAN_POINT('', (8.3225, 21.6482, -11.5634));
#696 = CARTESIAN_POINT('', (8.7452, 21.5784, -11.3804));
#697 = CARTESIAN_POINT('', (9.1695, 21.3879, -11.4061));
#698 = CARTESIAN_POINT('', (10.9009, 24.5537, -13.6054));
#699 = CARTESIAN_POINT('', (11.0175, 24.2934, -13.9737));
#700 = CARTESIAN_POINT('', (10.9071, 24.1029, -14.3843));
#701 = CARTESIAN_POINT('', (10.5993, 24.0331, -14.7270));
#702 = CARTESIAN_POINT('', (10.1766, 24.1029, -14.9100));
#703 = CARTESIAN_POINT('', (9.7523, 24.2934, -14.8843));
#704 = CARTESIAN_POINT('', (9.4400, 24.5537, -14.6568));
#705 = CARTESIAN_POINT('', (9.3234, 24.8140, -14.2885));
#706 = CARTESIAN_POINT('', (9.4338, 25.0045, -13.8779));
#707 = CARTESIAN_POINT('', (9.7416, 25.0743, -13.5352));
#708 = CARTESIAN_POINT('', (10.1643, 25.0045, -13.3522));
#709 = CARTESIAN_POINT('', (10.5886, 24.8140, -13.3779));
#710 = CARTESIAN_POINT('', (8.7513, 21.1276, -12.1593));
#711 = CARTESIAN_POINT('', (10.1705, 24.5537, -14.1311));
#712 = CARTESIAN_POINT('', (-6.3161, 22.1065, -14.7672));
#713 = CARTESIAN_POINT('', (-7.1705, 21.3317, -15.4984));
#714 = CARTESIAN_POINT('', (-8.3274, 20.6750, -15.8070));
#715 = CARTESIAN_POINT('', (-9.6106, 20.2361, -15.6460));
#716 = CARTESIAN_POINT('', (-10.8246, 20.0820, -15.0400));
#717 = CARTESIAN_POINT('', (-11.7848, 20.2361, -14.0812));
#718 = CARTESIAN_POINT('', (-12.3448, 20.6750, -12.9155));
#719 = CARTESIAN_POINT('', (-12.4196, 21.3317, -11.7206));
#720 = CARTESIAN_POINT('', (-11.9975, 22.1065, -10.6781));
#721 = CARTESIAN_POINT('', (-11.1431, 22.8812, -9.9470));
#722 = CARTESIAN_POINT('', (-9.9862, 23.5380, -9.6384));
#723 = CARTESIAN_POINT('', (-8.7030, 23.9769, -9.7994));
#724 = CARTESIAN_POINT('', (-7.4890, 24.1310, -10.4054));
#725 = CARTESIAN_POINT('', (-6.5288, 23.9769, -11.3642));
#726 = CARTESIAN_POINT('', (-5.9688, 23.5380, -12.5298));
#727 = CARTESIAN_POINT('', (-5.8941, 22.8812, -13.7248));
#728 = CARTESIAN_POINT('', (-6.9243, 23.5748, -15.6123));
#729 = CARTESIAN_POINT('', (-7.7787, 22.8001, -16.3434));
#730 = CARTESIAN_POINT('', (-8.9356, 22.1433, -16.6520));
#731 = CARTESIAN_POINT('', (-10.2188, 21.7044, -16.4910));
#732 = CARTESIAN_POINT('', (-11.4328, 21.5503, -15.8850));
#733 = CARTESIAN_POINT('', (-12.3930, 21.7044, -14.9262));
#734 = CARTESIAN_POINT('', (-12.9530, 22.1433, -13.7606));
#735 = CARTESIAN_POINT('', (-13.0278, 22.8001, -12.5656));
#736 = CARTESIAN_POINT('', (-12.6057, 23.5748, -11.5232));
#737 = CARTESIAN_POINT('', (-11.7513, 24.3495, -10.7920));
#738 = CARTESIAN_POINT('', (-10.5944, 25.0063, -10.4834));
#739 = CARTESIAN_POINT('', (-9.3113, 25.4452, -10.6444));
#740 = CARTESIAN_POINT('', (-8.0972, 25.5993, -11.2504));
#741 = CARTESIAN_POINT('', (-7.1370, 25.4452, -12.2092));
#742 = CARTESIAN_POINT('', (-6.5770, 25.0063, -13.3749));
#743 = CARTESIAN_POINT('', (-6.5023, 24.3495, -14.5699));
#744 = CARTESIAN_POINT('', (-9.1568, 22.1065, -12.7227));
#745 = CARTESIAN_POINT('', (-9.7650, 23.5748, -13.5677));
#746 = CARTESIAN_POINT('', (-8.0209, 21.1276, -12.6851));
#747 = CARTESIAN_POINT('', (-8.3332, 20.8673, -12.9126));
#748 = CARTESIAN_POINT('', (-8.7575, 20.6768, -12.9382));
#749 = CARTESIAN_POINT('', (-9.1802, 20.6070, -12.7552));
#750 = CARTESIAN_POINT('', (-9.4880, 20.6768, -12.4125));
#751 = CARTESIAN_POINT('', (-9.5984, 20.8673, -12.0019));
#752 = CARTESIAN_POINT('', (-9.4818, 21.1276, -11.6336));
#753 = CARTESIAN_POINT('', (-9.1695, 21.3879, -11.4061));
#754 = CARTESIAN_POINT('', (-8.7452, 21.5784, -11.3804));
#755 = CARTESIAN_POINT('', (-8.3225, 21.6482, -11.5634));
#756 = CARTESIAN_POINT('', (-8.0147, 21.5784, -11.9061));
#757 = CARTESIAN_POINT('', (-7.9043, 21.3879, -12.3167));
#758 = CARTESIAN_POINT('', (-9.4400, 24.5537, -14.6568));
#759 = CARTESIAN_POINT('', (-9.7523, 24.2934, -14.8843));
#760 = CARTESIAN_POINT('', (-10.1766, 24.1029, -14.9100));
#761 = CARTESIAN_POINT('', (-10.5993, 24.0331, -14.7270));
#762 = CARTESIAN_POINT('', (-10.9071, 24.1029, -14.3843));
#763 = CARTESIAN_POINT('', (-11.0175, 24.2934, -13.9737));
#764 = CARTESIAN_POINT('', (-10.9009, 24.5537, -13.6054));
#765 = CARTESIAN_POINT('', (-10.5886, 24.8140, -13.3779));
#766 = CARTESIAN_POINT('', (-10.1643, 25.0045, -13.3522));
#767 = CARTESIAN_POINT('', (-9.7416, 25.0743, -13.5352));
#768 = CARTESIAN_POINT('', (-9.4338, 25.0045, -13.8779));
#769 = CARTESIAN_POINT('', (-9.3234, 24.8140, -14.2885));
#770 = CARTESIAN_POINT('', (-8.7513, 21.1276, -12.1593));
#771 = CARTESIAN_POINT('', (-10.1705, 24.5537, -14.1311));
#772 = CARTESIAN_POINT('', (-20.3606, 9.1568, -15.7562));
#773 = CARTESIAN_POINT('', (-20.8858, 7.8962, -15.7510));
#774 = CARTESIAN_POINT('', (-21.5968, 6.8275, -15.2848));
#775 = CARTESIAN_POINT('', (-22.3853, 6.1134, -14.4285));
#776 = CARTESIAN_POINT('', (-23.1315, 5.8627, -13.3126));
#777 = CARTESIAN_POINT('', (-23.7215, 6.1134, -12.1068));
#778 = CARTESIAN_POINT('', (-24.0657, 6.8275, -10.9948));
#779 = CARTESIAN_POINT('', (-24.1117, 7.8962, -10.1458));
#780 = CARTESIAN_POINT('', (-23.8523, 9.1568, -9.6892));
#781 = CARTESIAN_POINT('', (-23.3272, 10.4174, -9.6944));
#782 = CARTESIAN_POINT('', (-22.6162, 11.4861, -10.1606));
#783 = CARTESIAN_POINT('', (-21.8276, 12.2002, -11.0168));
#784 = CARTESIAN_POINT('', (-21.0815, 12.4510, -12.1328));
#785 = CARTESIAN_POINT('', (-20.4914, 12.2002, -13.3386));
#786 = CARTESIAN_POINT('', (-20.1472, 11.4861, -14.4506));
#787 = CARTESIAN_POINT('', (-20.1013, 10.4174, -15.2995));
#788 = CARTESIAN_POINT('', (-21.8290, 9.7650, -16.6012));
#789 = CARTESIAN_POINT('', (-22.3541, 8.5044, -16.5961));
#790 = CARTESIAN_POINT('', (-23.0651, 7.4357, -16.1299));
#791 = CARTESIAN_POINT('', (-23.8537, 6.7216, -15.2736));
#792 = CARTESIAN_POINT('', (-24.5998, 6.4709, -14.1576));
#793 = CARTESIAN_POINT('', (-25.1899, 6.7216, -12.9519));
#794 = CARTESIAN_POINT('', (-25.5341, 7.4357, -11.8398));
#795 = CARTESIAN_POINT('', (-25.5800, 8.5044, -10.9909));
#796 = CARTESIAN_POINT('', (-25.3206, 9.7650, -10.5342));
#797 = CARTESIAN_POINT('', (-24.7955, 11.0256, -10.5394));
#798 = CARTESIAN_POINT('', (-24.0845, 12.0943, -11.0056));
#799 = CARTESIAN_POINT('', (-23.2959, 12.8084, -11.8619));
#800 = CARTESIAN_POINT('', (-22.5498, 13.0592, -12.9778));
#801 = CARTESIAN_POINT('', (-21.9597, 12.8084, -14.1836));
#802 = CARTESIAN_POINT('', (-21.6155, 12.0943, -15.2956));
#803 = CARTESIAN_POINT('', (-21.5696, 11.0256, -16.1446));
#804 = CARTESIAN_POINT('', (-22.1065, 9.1568, -12.7227));
#805 = CARTESIAN_POINT('', (-23.5748, 9.7650, -13.5677));
#806 = CARTESIAN_POINT('', (-20.6787, 8.7513, -12.9394));
#807 = CARTESIAN_POINT('', (-20.8706, 8.3278, -12.9107));
#808 = CARTESIAN_POINT('', (-21.1314, 8.0178, -12.6807));
#809 = CARTESIAN_POINT('', (-21.3912, 7.9043, -12.3110));
#810 = CARTESIAN_POINT('', (-21.5803, 8.0178, -11.9007));
#811 = CARTESIAN_POINT('', (-21.6482, 8.3278, -11.5596));
#812 = CARTESIAN_POINT('', (-21.5765, 8.7513, -11.3793));
#813 = CARTESIAN_POINT('', (-21.3846, 9.1749, -11.4079));
#814 = CARTESIAN_POINT('', (-21.1238, 9.4849, -11.6379));
#815 = CARTESIAN_POINT('', (-20.8640, 9.5984, -12.0076));
#816 = CARTESIAN_POINT('', (-20.6749, 9.4849, -12.4180));
#817 = CARTESIAN_POINT('', (-20.6070, 9.1749, -12.7590));
#818 = CARTESIAN_POINT('', (-24.1048, 10.1705, -14.9111));
#819 = CARTESIAN_POINT('', (-24.2967, 9.7469, -14.8825));
#820 = CARTESIAN_POINT('', (-24.5575, 9.4369, -14.6525));
#821 = CARTESIAN_POINT('', (-24.8173, 9.3234, -14.2828));
#822 = CARTESIAN_POINT('', (-25.0064, 9.4369, -13.8724));
#823 = CARTESIAN_POINT('', (-25.0743, 9.7469, -13.5314));
#824 = CARTESIAN_POINT('', (-25.0026, 10.1705, -13.3511));
#825 = CARTESIAN_POINT('', (-24.8107, 10.5940, -13.3797));
#826 = CARTESIAN_POINT('', (-24.5499, 10.9041, -13.6097));
#827 = CARTESIAN_POINT('', (-24.2901, 11.0175, -13.9794));
#828 = CARTESIAN_POINT('', (-24.1010, 10.9041, -14.3897));
#829 = CARTESIAN_POINT('', (-24.0331, 10.5940, -14.7308));
#830 = CARTESIAN_POINT('', (-21.1276, 8.7513, -12.1593));
#831 = CARTESIAN_POINT('', (-24.5537, 10.1705, -14.1311));
#832 = CARTESIAN_POINT('', (-20.3606, -9.1568, -15.7562));
#833 = CARTESIAN_POINT('', (-20.1013, -10.4174, -15.2995));
#834 = CARTESIAN_POINT('', (-20.1472, -11.4861, -14.4506));
#835 = CARTESIAN_POINT('', (-20.4914, -12.2002, -13.3386));
#836 = CARTESIAN_POINT('', (-21.0815, -12.4510, -12.1328));
#837 = CARTESIAN_POINT('', (-21.8276, -12.2002, -11.0168));
#838 = CARTESIAN_POINT('', (-22.6162, -11.4861, -10.1606));
#839 = CARTESIAN_POINT('', (-23.3272, -10.4174, -9.6944));
#840 = CARTESIAN_POINT('', (-23.8523, -9.1568, -9.6892));
#841 = CARTESIAN_POINT('', (-24.1117, -7.8962, -10.1458));
#842 = CARTESIAN_POINT('', (-24.0657, -6.8275, -10.9948));
#843 = CARTESIAN_POINT('', (-23.7215, -6.1134, -12.1068));
#844 = CARTESIAN_POINT('', (-23.1315, -5.8627, -13.3126));
#845 = CARTESIAN_POINT('', (-22.3853, -6.1134, -14.4285));
#846 = CARTESIAN_POINT('', (-21.5968, -6.8275, -15.2848));
#847 = CARTESIAN_POINT('', (-20.8858, -7.8962, -15.7510));
#848 = CARTESIAN_POINT('', (-21.8290, -9.7650, -16.6012));
#849 = CARTESIAN_POINT('', (-21.5696, -11.0256, -16.1446));
#850 = CARTESIAN_POINT('', (-21.6155, -12.0943, -15.2956));
#851 = CARTESIAN_POINT('', (-21.9597, -12.8084, -14.1836));
#852 = CARTESIAN_POINT('', (-22.5498, -13.0592, -12.9778));
#853 = CARTESIAN_POINT('', (-23.2959, -12.8084, -11.8619));
#854 = CARTESIAN_POINT('', (-24.0845, -12.0943, -11.0056));
#855 = CARTESIAN_POINT('', (-24.7955, -11.0256, -10.5394));
#856 = CARTESIAN_POINT('', (-25.3206, -9.7650, -10.5342));
#857 = CARTESIAN_POINT('', (-25.5800, -8.5044, -10.9909));
#858 = CARTESIAN_POINT('', (-25.5341, -7.4357, -11.8398));
#859 = CARTESIAN_POINT('', (-25.1899, -6.7216, -12.9519));
#860 = CARTESIAN_POINT('', (-24.5998, -6.4709, -14.1576));
#861 = CARTESIAN_POINT('', (-23.8537, -6.7216, -15.2736));
#862 = CARTESIAN_POINT('', (-23.0651, -7.4357, -16.1299));
#863 = CARTESIAN_POINT('', (-22.3541, -8.5044, -16.5961));
#864 = CARTESIAN_POINT('', (-22.1065, -9.1568, -12.7227));
#865 = CARTESIAN_POINT('', (-23.5748, -9.7650, -13.5677));
#866 = CARTESIAN_POINT('', (-20.6787, -8.7513, -12.9394));
#867 = CARTESIAN_POINT('', (-20.6070, -9.1749, -12.7590));
#868 = CARTESIAN_POINT('', (-20.6749, -9.4849, -12.4180));
#869 = CARTESIAN_POINT('', (-20.8640, -9.5984, -12.0076));
#870 = CARTESIAN_POINT('', (-21.1238, -9.4849, -11.6379));
#871 = CARTESIAN_POINT('', (-21.3846, -9.1749, -11.4079));
#872 = CARTESIAN_POINT('', (-21.5765, -8.7513, -11.3793));
#873 = CARTESIAN_POINT('', (-21.6482, -8.3278, -11.5596));
#874 = CARTESIAN_POINT('', (-21.5803, -8.0178, -11.9007));
#875 = CARTESIAN_POINT('', (-21.3912, -7.9043, -12.3110));
#876 = CARTESIAN_POINT('', (-21.1314, -8.0178, -12.6807));
#877 = CARTESIAN_POINT('', (-20.8706, -8.3278, -12.9107));
#878 = CARTESIAN_POINT('', (-24.1048, -10.1705, -14.9111));
#879 = CARTESIAN_POINT('', (-24.0331, -10.5940, -14.7308));
#880 = CARTESIAN_POINT('', (-24.1010, -10.9041, -14.3897));
#881 = CARTESIAN_POINT('', (-24.2901, -11.0175, -13.9794));
#882 = CARTESIAN_POINT('', (-24.5499, -10.9041, -13.6097));
#883 = CARTESIAN_POINT('', (-24.8107, -10.5940, -13.3797));
#884 = CARTESIAN_POINT('', (-25.0026, -10.1705, -13.3511));
#885 = CARTESIAN_POINT('', (-25.0743, -9.7469, -13.5314));
#886 = CARTESIAN_POINT('', (-25.0064, -9.4369, -13.8724));
#887 = CARTESIAN_POINT('', (-24.8173, -9.3234, -14.2828));
#888 = CARTESIAN_POINT('', (-24.5575, -9.4369, -14.6525));
#889 = CARTESIAN_POINT('', (-24.2967, -9.7469, -14.8825));
#890 = CARTESIAN_POINT('', (-21.1276, -8.7513, -12.1593));
#891 = CARTESIAN_POINT('', (-24.5537, -10.1705, -14.1311));
#892 = CARTESIAN_POINT('', (-6.3161, -22.1065, -14.7672));
#893 = CARTESIAN_POINT('', (-5.8941, -22.8812, -13.7248));
#894 = CARTESIAN_POINT('', (-5.9688, -23.5380, -12.5298));
#895 = CARTESIAN_POINT('', (-6.5288, -23.9769, -11.3642));
#896 = CARTESIAN_POINT('', (-7.4890, -24.1310, -10.4054));
#897 = CARTESIAN_POINT('', (-8.7030, -23.9769, -9.7994));
#898 = CARTESIAN_POINT('', (-9.9862, -23.5380, -9.6384));
#899 = CARTESIAN_POINT('', (-11.1431, -22.8812, -9.9470));
#900 = CARTESIAN_POINT('', (-11.9975, -22.1065, -10.6781));
#901 = CARTESIAN_POINT('', (-12.4196, -21.3317, -11.7206));
#902 = CARTESIAN_POINT('', (-12.3448, -20.6750, -12.9155));
#903 = CARTESIAN_POINT('', (-11.7848, -20.2361, -14.0812));
#904 = CARTESIAN_POINT('', (-10.8246, -20.0820, -15.0400));
#905 = CARTESIAN_POINT('', (-9.6106, -20.2361, -15.6460));
#906 = CARTESIAN_POINT('', (-8.3274, -20.6750, -15.8070));
#907 = CARTESIAN_POINT('', (-7.1705, -21.3317, -15.4984));
#908 = CARTESIAN_POINT('', (-6.9243, -23.5748, -15.6123));
#909 = CARTESIAN_POINT('', (-6.5023, -24.3495, -14.5699));
#910 = CARTESIAN_POINT('', (-6.5770, -25.0063, -13.3749));
#911 = CARTESIAN_POINT('', (-7.1370, -25.4452, -12.2092));
#912 = CARTESIAN_POINT('', (-8.0972, -25.5993, -11.2504));
#913 = CARTESIAN_POINT('', (-9.3113, -25.4452, -10.6444));
#914 = CARTESIAN_POINT('', (-10.5944, -25.0063, -10.4834));
#915 = CARTESIAN_POINT('', (-11.7513, -24.3495, -10.7920));
#916 = CARTESIAN_POINT('', (-12.6057, -23.5748, -11.5232));
#917 = CARTESIAN_POINT('', (-13.0278, -22.8001, -12.5656));
#918 = CARTESIAN_POINT('', (-12.9530, -22.1433, -13.7606));
#919 = CARTESIAN_POINT('', (-12.3930, -21.7044, -14.9262));
#920 = CARTESIAN_POINT('', (-11.4328, -21.5503, -15.8850));
#921 = CARTESIAN_POINT('', (-10.2188, -21.7044, -16.4910));
#922 = CARTESIAN_POINT('', (-8.9356, -22.1433, -16.6520));
#923 = CARTESIAN_POINT('', (-7.7787, -22.8001, -16.3434));
#924 = CARTESIAN_POINT('', (-9.1568, -22.1065, -12.7227));
#925 = CARTESIAN_POINT('', (-9.7650, -23.5748, -13.5677));
#926 = CARTESIAN_POINT('', (-8.0209, -21.1276, -12.6851));
#927 = CARTESIAN_POINT('', (-7.9043, -21.3879, -12.3167));
#928 = CARTESIAN_POINT('', (-8.0147, -21.5784, -11.9061));
#929 = CARTESIAN_POINT('', (-8.3225, -21.6482, -11.5634));
#930 = CARTESIAN_POINT('', (-8.7452, -21.5784, -11.3804));
#931 = CARTESIAN_POINT('', (-9.1695, -21.3879, -11.4061));
#932 = CARTESIAN_POINT('', (-9.4818, -21.1276, -11.6336));
#933 = CARTESIAN_POINT('', (-9.5984, -20.8673, -12.0019));
#934 = CARTESIAN_POINT('', (-9.4880, -20.6768, -12.4125));
#935 = CARTESIAN_POINT('', (-9.1802, -20.6070, -12.7552));
#936 = CARTESIAN_POINT('', (-8.7575, -20.6768, -12.9382));
#937 = CARTESIAN_POINT('', (-8.3332, -20.8673, -12.9126));
#938 = CARTESIAN_POINT('', (-9.4400, -24.5537, -14.6568));
#939 = CARTESIAN_POINT('', (-9.3234, -24.8140, -14.2885));
#940 = CARTESIAN_POINT('', (-9.4338, -25.0045, -13.8779));
#941 = CARTESIAN_POINT('', (-9.7416, -25.0743, -13.5352));
#942 = CARTESIAN_POINT('', (-10.1643, -25.0045, -13.3522));
#943 = CARTESIAN_POINT('', (-10.5886, -24.8140, -13.3779));
#944 = CARTESIAN_POINT('', (-10.9009, -24.5537, -13.6054));
#945 = CARTESIAN_POINT('', (-11.0175, -24.2934, -13.9737));
#946 = CARTESIAN_POINT('', (-10.9071, -24.1029, -14.3843));
#947 = CARTESIAN_POINT('', (-10.5993, -24.0331, -14.7270));
#948 = CARTESIAN_POINT('', (-10.1766, -24.1029, -14.9100));
#949 = CARTESIAN_POINT('', (-9.7523, -24.2934, -14.8843));
#950 = CARTESIAN_POINT('', (-8.7513, -21.1276, -12.1593));
#951 = CARTESIAN_POINT('', (-10.1705, -24.5537, -14.1311));
#952 = CARTESIAN_POINT('', (11.9975, -22.1065, -10.6781));
#953 = CARTESIAN_POINT('', (11.1431, -22.8812, -9.9470));
#954 = CARTESIAN_POINT('', (9.9862, -23.5380, -9.6384));
#955 = CARTESIAN_POINT('', (8.7030, -23.9769, -9.7994));
#956 = CARTESIAN_POINT('', (7.4890, -24.1310, -10.4054));
#957 = CARTESIAN_POINT('', (6.5288, -23.9769, -11.3642));
#958 = CARTESIAN_POINT('', (5.9688, -23.5380, -12.5298));
#959 = CARTESIAN_POINT('', (5.8941, -22.8812, -13.7248));
#960 = CARTESIAN_POINT('', (6.3161, -22.1065, -14.7672));
#961 = CARTESIAN_POINT('', (7.1705, -21.3317, -15.4984));
#962 = CARTESIAN_POINT('', (8.3274, -20.6750, -15.8070));
#963 = CARTESIAN_POINT('', (9.6106, -20.2361, -15.6460));
#964 = CARTESIAN_POINT('', (10.8246, -20.0820, -15.0400));
#965 = CARTESIAN_POINT('', (11.7848, -20.2361, -14.0812));
#966 = CARTESIAN_POINT('', (12.3448, -20.6750, -12.9155));
#967 = CARTESIAN_POINT('', (12.4196, -21.3317, -11.7206));
#968 = CARTESIAN_POINT('', (12.6057, -23.5748, -11.5232));
#969 = CARTESIAN_POINT('', (11.7513, -24.3495, -10.7920));
#970 = CARTESIAN_POINT('', (10.5944, -25.0063, -10.4834));
#971 = CARTESIAN_POINT('', (9.3113, -25.4452, -10.6444));
#972 = CARTESIAN_POINT('', (8.0972, -25.5993, -11.2504));
#973 = CARTESIAN_POINT('', (7.1370, -25.4452, -12.2092));
#974 = CARTESIAN_POINT('', (6.5770, -25.0063, -13.3749));
#975 = CARTESIAN_POINT('', (6.5023, -24.3495, -14.5699));
#976 = CARTESIAN_POINT('', (6.9243, -23.5748, -15.6123));
#977 = CARTESIAN_POINT('', (7.7787, -22.8001, -16.3434));
#978 = CARTESIAN_POINT('', (8.9356, -22.1433, -16.6520));
#979 = CARTESIAN_POINT('', (10.2188, -21.7044, -16.4910));
#980 = CARTESIAN_POINT('', (11.4328, -21.5503, -15.8850));
#981 = CARTESIAN_POINT('', (12.3930, -21.7044, -14.9262));
#982 = CARTESIAN_POINT('', (12.9530, -22.1433, -13.7606));
#983 = CARTESIAN_POINT('', (13.0278, -22.8001, -12.5656));
#984 = CARTESIAN_POINT('', (9.1568, -22.1065, -12.7227));
#985 = CARTESIAN_POINT('', (9.7650, -23.5748, -13.5677));
#986 = CARTESIAN_POINT('', (9.4818, -21.1276, -11.6336));
#987 = CARTESIAN_POINT('', (9.1695, -21.3879, -11.4061));
#988 = CARTESIAN_POINT('', (8.7452, -21.5784, -11.3804));
#989 = CARTESIAN_POINT('', (8.3225, -21.6482, -11.5634));
#990 = CARTESIAN_POINT('', (8.0147, -21.5784, -11.9061));
#991 = CARTESIAN_POINT('', (7.9043, -21.3879, -12.3167));
#992 = CARTESIAN_POINT('', (8.0209, -21.1276, -12.6851));
#993 = CARTESIAN_POINT('', (8.3332, -20.8673, -12.9126));
#994 = CARTESIAN_POINT('', (8.7575, -20.6768, -12.9382));
#995 = CARTESIAN_POINT('', (9.1802, -20.6070, -12.7552));
#996 = CARTESIAN_POINT('', (9.4880, -20.6768, -12.4125));
#997 = CARTESIAN_POINT('', (9.5984, -20.8673, -12.0019));
#998 = CARTESIAN_POINT('', (10.9009, -24.5537, -13.6054));
#999 = CARTESIAN_POINT('', (10.5886, -24.8140, -13.3779));
#1000 = CARTESIAN_POINT('', (10.1643, -25.0045, -13.3522));
#1001 = CARTESIAN_POINT('', (9.7416, -25.0743, -13.5352));
#1002 = CARTESIAN_POINT('', (9.4338, -25.0045, -13.8779));
#1003 = CARTESIAN_POINT('', (9.3234, -24.8140, -14.2885));
#1004 = CARTESIAN_POINT('', (9.4400, -24.5537, -14.6568));
#1005 = CARTESIAN_POINT('', (9.7523, -24.2934, -14.8843));
#1006 = CARTESIAN_POINT('', (10.1766, -24.1029, -14.9100));
#1007 = CARTESIAN_POINT('', (10.5993, -24.0331, -14.7270));
#1008 = CARTESIAN_POINT('', (10.9071, -24.1029, -14.3843));
#1009 = CARTESIAN_POINT('', (11.0175, -24.2934, -13.9737));
#1010 = CARTESIAN_POINT('', (8.7513, -21.1276, -12.1593));
#1011 = CARTESIAN_POINT('', (10.1705, -24.5537, -14.1311));
#1012 = CARTESIAN_POINT('', (23.8523, -9.1568, -9.6892));
#1013 = CARTESIAN_POINT('', (23.3272, -10.4174, -9.6944));
#1014 = CARTESIAN_POINT('', (22.6162, -11.4861, -10.1606));
#1015 = CARTESIAN_POINT('', (21.8276, -12.2002, -11.0168));
#1016 = CARTESIAN_POINT('', (21.0815, -12.4510, -12.1328));
#1017 = CARTESIAN_POINT('', (20.4914, -12.2002, -13.3386));
#1018 = CARTESIAN_POINT('', (20.1472, -11.4861, -14.4506));
#1019 = CARTESIAN_POINT('', (20.1013, -10.4174, -15.2995));
#1020 = CARTESIAN_POINT('', (20.3606, -9.1568, -15.7562));
#1021 = CARTESIAN_POINT('', (20.8858, -7.8962, -15.7510));
#1022 = CARTESIAN_POINT('', (21.5968, -6.8275, -15.2848));
#1023 = CARTESIAN_POINT('', (22.3853, -6.1134, -14.4285));
#1024 = CARTESIAN_POINT('', (23.1315, -5.8627, -13.3126));
#1025 = CARTESIAN_POINT('', (23.7215, -6.1134, -12.1068));
#1026 = CARTESIAN_POINT('', (24.0657, -6.8275, -10.9948));
#1027 = CARTESIAN_POINT('', (24.1117, -7.8962, -10.1458));
#1028 = CARTESIAN_POINT('', (25.3206, -9.7650, -10.5342));
#1029 = CARTESIAN_POINT('', (24.7955, -11.0256, -10.5394));
#1030 = CARTESIAN_POINT('', (24.0845, -12.0943, -11.0056));
#1031 = CARTESIAN_POINT('', (23.2959, -12.8084, -11.8619));
#1032 = CARTESIAN_POINT('', (22.5498, -13.0592, -12.9778));
#1033 = CARTESIAN_POINT('', (21.9597, -12.8084, -14.1836));
#1034 = CARTESIAN_POINT('', (21.6155, -12.0943, -15.2956));
#1035 = CARTESIAN_POINT('', (21.5696, -11.0256, -16.1446));
#1036 = CARTESIAN_POINT('', (21.8290, -9.7650, -16.6012));
#1037 = CARTESIAN_POINT('', (22.3541, -8.5044, -16.5961));
#1038 = CARTESIAN_POINT('', (23.0651, -7.4357, -16.1299));
#1039 = CARTESIAN_POINT('', (23.8537, -6.7216, -15.2736));
#1040 = CARTESIAN_POINT('', (24.5998, -6.4709, -14.1576));
#1041 = CARTESIAN_POINT('', (25.1899, -6.7216, -12.9519));
#1042 = CARTESIAN_POINT('', (25.5341, -7.4357, -11.8398));
#1043 = CARTESIAN_POINT('', (25.5800, -8.5044, -10.9909));
#1044 = CARTESIAN_POINT('', (22.1065, -9.1568, -12.7227));
#1045 = CARTESIAN_POINT('', (23.5748, -9.7650, -13.5677));
#1046 = CARTESIAN_POINT('', (21.5765, -8.7513, -11.3793));
#1047 = CARTESIAN_POINT('', (21.3846, -9.1749, -11.4079));
#1048 = CARTESIAN_POINT('', (21.1238, -9.4849, -11.6379));
#1049 = CARTESIAN_POINT('', (20.8640, -9.5984, -12.0076));
#1050 = CARTESIAN_POINT('', (20.6749, -9.4849, -12.4180));
#1051 = CARTESIAN_POINT('', (20.6070, -9.1749, -12.7590));
#1052 = CARTESIAN_POINT('', (20.6787, -8.7513, -12.9394));
#1053 = CARTESIAN_POINT('', (20.8706, -8.3278, -12.9107));
#1054 = CARTESIAN_POINT('', (21.1314, -8.0178, -12.6807));
#1055 = CARTESIAN_POINT('', (21.3912, -7.9043, -12.3110));
#1056 = CARTESIAN_POINT('', (21.5803, -8.0178, -11.9007));
#1057 = CARTESIAN_POINT('', (21.6482, -8.3278, -11.5596));
#1058 = CARTESIAN_POINT('', (25.0026, -10.1705, -13.3511));
#1059 = CARTESIAN_POINT('', (24.8107, -10.5940, -13.3797));
#1060 = CARTESIAN_POINT('', (24.5499, -10.9041, -13.6097));
#1061 = CARTESIAN_POINT('', (24.2901, -11.0175, -13.9794));
#1062 = CARTESIAN_POINT('', (24.1010, -10.9041, -14.3897));
#1063 = CARTESIAN_POINT('', (24.0331, -10.5940, -14.7308));
#1064 = CARTESIAN_POINT('', (24.1048, -10.1705, -14.9111));
#1065 = CARTESIAN_POINT('', (24.2967, -9.7469, -14.8825));
#1066 = CARTESIAN_POINT('', (24.5575, -9.4369, -14.6525));
#1067 = CARTESIAN_POINT('', (24.8173, -9.3234, -14.2828));
#1068 = CARTESIAN_POINT('', (25.0064, -9.4369, -13.8724));
#1069 = CARTESIAN_POINT('', (25.0743, -9.7469, -13.5314));
#1070 = CARTESIAN_POINT('', (21.1276, -8.7513, -12.1593));
#1071 = CARTESIAN_POINT('', (24.5537, -10.1705, -14.1311));
#1072 = CARTESIAN_POINT('', (-4.5000, 0.0000, 27.0000));
#1073 = CARTESIAN_POINT('', (-4.1575, -1.7221, 27.0000));
#1074 = CARTESIAN_POINT('', (-3.1820, -3.1820, 27.0000));
#1075 = CARTESIAN_POINT('', (-1.7221, -4.1575, 27.0000));
#1076 = CARTESIAN_POINT('', (-0.0000, -4.5000, 27.0000));
#1077 = CARTESIAN_POINT('', (1.7221, -4.1575, 27.0000));
#1078 = CARTESIAN_POINT('', (3.1820, -3.1820, 27.0000));
#1079 = CARTESIAN_POINT('', (4.1575, -1.7221, 27.0000));
#1080 = CARTESIAN_POINT('', (4.5000, -0.0000, 27.0000));
#1081 = CARTESIAN_POINT('', (4.1575, 1.7221, 27.0000));
#1082 = CARTESIAN_POINT('', (3.1820, 3.1820, 27.0000));
#1083 = CARTESIAN_POINT('', (1.7221, 4.1575, 27.0000));
#1084 = CARTESIAN_POINT('', (0.0000, 4.5000, 27.0000));
#1085 = CARTESIAN_POINT('', (-1.7221, 4.1575, 27.0000));
#1086 = CARTESIAN_POINT('', (-3.1820, 3.1820, 27.0000));
#1087 = CARTESIAN_POINT('', (-4.1575, 1.7221, 27.0000));
#1088 = CARTESIAN_POINT('', (-4.5000, 0.0000, 29.0000));
#1089 = CARTESIAN_POINT('', (-4.1575, -1.7221, 29.0000));
#1090 = CARTESIAN_POINT('', (-3.1820, -3.1820, 29.0000));
#1091 = CARTESIAN_POINT('', (-1.7221, -4.1575, 29.0000));
#1092 = CARTESIAN_POINT('', (-0.0000, -4.5000, 29.0000));
#1093 = CARTESIAN_POINT('', (1.7221, -4.1575, 29.0000));
#1094 = CARTESIAN_POINT('', (3.1820, -3.1820, 29.0000));
#1095 = CARTESIAN_POINT('', (4.1575, -1.7221, 29.0000));
#1096 = CARTESIAN_POINT('', (4.5000, -0.0000, 29.0000));
#1097 = CARTESIAN_POINT('', (4.1575, 1.7221, 29.0000));
#1098 = CARTESIAN_POINT('', (3.1820, 3.1820, 29.0000));
#1099 = CARTESIAN_POINT('', (1.7221, 4.1575, 29.0000));
#1100 = CARTESIAN_POINT('', (0.0000, 4.5000, 29.0000));
#1101 = CARTESIAN_POINT('', (-1.7221, 4.1575, 29.0000));
#1102 = CARTESIAN_POINT('', (-3.1820, 3.1820, 29.0000));
#1103 = CARTESIAN_POINT('', (-4.1575, 1.7221, 29.0000));
#1104 = CARTESIAN_POINT('', (0.0000, 0.0000, 27.0000));
#1105 = CARTESIAN_POINT('', (0.0000, 0.0000, 29.0000));
#1106 = CARTESIAN_POINT('', (-1.0000, 0.0000, 25.8000));
#1107 = CARTESIAN_POINT('', (-0.8660, -0.5000, 25.8000));
#1108 = CARTESIAN_POINT('', (-0.5000, -0.8660, 25.8000));
#1109 = CARTESIAN_POINT('', (-0.0000, -1.0000, 25.8000));
#1110 = CARTESIAN_POINT('', (0.5000, -0.8660, 25.8000));
#1111 = CARTESIAN_POINT('', (0.8660, -0.5000, 25.8000));
#1112 = CARTESIAN_POINT('', (1.0000, -0.0000, 25.8000));
#1113 = CARTESIAN_POINT('', (0.8660, 0.5000, 25.8000));
#1114 = CARTESIAN_POINT('', (0.5000, 0.8660, 25.8000));
#1115 = CARTESIAN_POINT('', (0.0000, 1.0000, 25.8000));
#1116 = CARTESIAN_POINT('', (-0.5000, 0.8660, 25.8000));
#1117 = CARTESIAN_POINT('', (-0.8660, 0.5000, 25.8000));
#1118 = CARTESIAN_POINT('', (-1.0000, 0.0000, 30.2000));
#1119 = CARTESIAN_POINT('', (-0.8660, -0.5000, 30.2000));
#1120 = CARTESIAN_POINT('', (-0.5000, -0.8660, 30.2000));
#1121 = CARTESIAN_POINT('', (-0.0000, -1.0000, 30.2000));
#1122 = CARTESIAN_POINT('', (0.5000, -0.8660, 30.2000));
#1123 = CARTESIAN_POINT('', (0.8660, -0.5000, 30.2000));
#1124 = CARTESIAN_POINT('', (1.0000, -0.0000, 30.2000));
#1125 = CARTESIAN_POINT('', (0.8660, 0.5000, 30.2000));
#1126 = CARTESIAN_POINT('', (0.5000, 0.8660, 30.2000));
#1127 = CARTESIAN_POINT('', (0.0000, 1.0000, 30.2000));
#1128 = CARTESIAN_POINT('', (-0.5000, 0.8660, 30.2000));
#1129 = CARTESIAN_POINT('', (-0.8660, 0.5000, 30.2000));
#1130 = CARTESIAN_POINT('', (0.0000, 0.0000, 25.8000));
#1131 = CARTESIAN_POINT('', (0.0000, 0.0000, 30.2000));
#1132 = CARTESIAN_POINT('', (4.5000, 0.0000, -27.0000));
#1133 = CARTESIAN_POINT('', (4.1575, -1.7221, -27.0000));
#1134 = CARTESIAN_POINT('', (3.1820, -3.1820, -27.0000));
#1135 = CARTESIAN_POINT('', (1.7221, -4.1575, -27.0000));
#1136 = CARTESIAN_POINT('', (0.0000, -4.5000, -27.0000));
#1137 = CARTESIAN_POINT('', (-1.7221, -4.1575, -27.0000));
#1138 = CARTESIAN_POINT('', (-3.1820, -3.1820, -27.0000));
#1139 = CARTESIAN_POINT('', (-4.1575, -1.7221, -27.0000));
#1140 = CARTESIAN_POINT('', (-4.5000, -0.0000, -27.0000));
#1141 = CARTESIAN_POINT('', (-4.1575, 1.7221, -27.0000));
#1142 = CARTESIAN_POINT('', (-3.1820, 3.1820, -27.0000));
#1143 = CARTESIAN_POINT('', (-1.7221, 4.1575, -27.0000));
#1144 = CARTESIAN_POINT('', (-0.0000, 4.5000, -27.0000));
#1145 = CARTESIAN_POINT('', (1.7221, 4.1575, -27.0000));
#1146 = CARTESIAN_POINT('', (3.1820, 3.1820, -27.0000));
#1147 = CARTESIAN_POINT('', (4.1575, 1.7221, -27.0000));
#1148 = CARTESIAN_POINT('', (4.5000, 0.0000, -29.0000));
#1149 = CARTESIAN_POINT('', (4.1575, -1.7221, -29.0000));
#1150 = CARTESIAN_POINT('', (3.1820, -3.1820, -29.0000));
#1151 = CARTESIAN_POINT('', (1.7221, -4.1575, -29.0000));
#1152 = CARTESIAN_POINT('', (0.0000, -4.5000, -29.0000));
#1153 = CARTESIAN_POINT('', (-1.7221, -4.1575, -29.0000));
#1154 = CARTESIAN_POINT('', (-3.1820, -3.1820, -29.0000));
#1155 = CARTESIAN_POINT('', (-4.1575, -1.7221, -29.0000));
#1156 = CARTESIAN_POINT('', (-4.5000, -0.0000, -29.0000));
#1157 = CARTESIAN_POINT('', (-4.1575, 1.7221, -29.0000));
#1158 = CARTESIAN_POINT('', (-3.1820, 3.1820, -29.0000));
#1159 = CARTESIAN_POINT('', (-1.7221, 4.1575, -29.0000));
#1160 = CARTESIAN_POINT('', (-0.0000, 4.5000, -29.0000));
#1161 = CARTESIAN_POINT('', (1.7221, 4.1575, -29.0000));
#1162 = CARTESIAN_POINT('', (3.1820, 3.1820, -29.0000));
#1163 = CARTESIAN_POINT('', (4.1575, 1.7221, -29.0000));
#1164 = CARTESIAN_POINT('', (0.0000, 0.0000, -27.0000));
#1165 = CARTESIAN_POINT('', (0.0000, 0.0000, -29.0000));
#1166 = CARTESIAN_POINT('', (1.0000, 0.0000, -25.8000));
#1167 = CARTESIAN_POINT('', (0.8660, -0.5000, -25.8000));
#1168 = CARTESIAN_POINT('', (0.5000, -0.8660, -25.8000));
#1169 = CARTESIAN_POINT('', (0.0000, -1.0000, -25.8000));
#1170 = CARTESIAN_POINT('', (-0.5000, -0.8660, -25.8000));
#1171 = CARTESIAN_POINT('', (-0.8660, -0.5000, -25.8000));
#1172 = CARTESIAN_POINT('', (-1.0000, -0.0000, -25.8000));
#1173 = CARTESIAN_POINT('', (-0.8660, 0.5000, -25.8000));
#1174 = CARTESIAN_POINT('', (-0.5000, 0.8660, -25.8000));
#1175 = CARTESIAN_POINT('', (-0.0000, 1.0000, -25.8000));
#1176 = CARTESIAN_POINT('', (0.5000, 0.8660, -25.8000));
#1177 = CARTESIAN_POINT('', (0.8660, 0.5000, -25.8000));
#1178 = CARTESIAN_POINT('', (1.0000, 0.0000, -30.2000));
#1179 = CARTESIAN_POINT('', (0.8660, -0.5000, -30.2000));
#1180 = CARTESIAN_POINT('', (0.5000, -0.8660, -30.2000));
#1181 = CARTESIAN_POINT('', (0.0000, -1.0000, -30.2000));
#1182 = CARTESIAN_POINT('', (-0.5000, -0.8660, -30.2000));
#1183 = CARTESIAN_POINT('', (-0.8660, -0.5000, -30.2000));
#1184 = CARTESIAN_POINT('', (-1.0000, -0.0000, -30.2000));
#1185 = CARTESIAN_POINT('', (-0.8660, 0.5000, -30.2000));
#1186 = CARTESIAN_POINT('', (-0.5000, 0.8660, -30.2000));
#1187 = CARTESIAN_POINT('', (-0.0000, 1.0000, -30.2000));
#1188 = CARTESIAN_POINT('', (0.5000, 0.8660, -30.2000));
#1189 = CARTESIAN_POINT('', (0.8660, 0.5000, -30.2000));
#1190 = CARTESIAN_POINT('', (0.0000, 0.0000, -25.8000));
#1191 = CARTESIAN_POINT('', (0.0000, 0.0000, -30.2000));
#1192 = CARTESIAN_POINT('', (-1.4000, 0.0000, 28.4000));
#1193 = CARTESIAN_POINT('', (1.4000, 0.0000, 28.4000));
#1194 = CARTESIAN_POINT('', (-1.4000, 0.0000, 27.6000));
#1195 = CARTESIAN_POINT('', (1.4000, 0.0000, 27.6000));
#1196 = CARTESIAN_POINT('', (1.6754, 0.0000, 28.3851));
#1197 = CARTESIAN_POINT('', (4.4590, 0.0000, 28.0827));
#1198 = CARTESIAN_POINT('', (1.5890, 0.0000, 27.5898));
#1199 = CARTESIAN_POINT('', (4.3726, 0.0000, 27.2874));
#1200 = CARTESIAN_POINT('', (4.7311, 0.0000, 28.0381));
#1201 = CARTESIAN_POINT('', (7.4658, 0.0000, 27.4369));
#1202 = CARTESIAN_POINT('', (4.5594, 0.0000, 27.2568));
#1203 = CARTESIAN_POINT('', (7.2940, 0.0000, 26.6555));
#1204 = CARTESIAN_POINT('', (7.7316, 0.0000, 27.3632));
#1205 = CARTESIAN_POINT('', (10.3853, 0.0000, 26.4701));
#1206 = CARTESIAN_POINT('', (7.4764, 0.0000, 26.6050));
#1207 = CARTESIAN_POINT('', (10.1302, 0.0000, 25.7119));
#1208 = CARTESIAN_POINT('', (10.6416, 0.0000, 26.3681));
#1209 = CARTESIAN_POINT('', (13.1833, 0.0000, 25.1936));
#1210 = CARTESIAN_POINT('', (10.3060, 0.0000, 25.6419));
#1211 = CARTESIAN_POINT('', (12.8478, 0.0000, 24.4674));
#1212 = CARTESIAN_POINT('', (13.4270, 0.0000, 25.0646));
#1213 = CARTESIAN_POINT('', (15.8271, 0.0000, 23.6225));
#1214 = CARTESIAN_POINT('', (13.0150, 0.0000, 24.3789));
#1215 = CARTESIAN_POINT('', (15.4151, 0.0000, 22.9368));
#1216 = CARTESIAN_POINT('', (16.0555, 0.0000, 23.4679));
#1217 = CARTESIAN_POINT('', (18.2858, 0.0000, 21.7750));
#1218 = CARTESIAN_POINT('', (15.5718, 0.0000, 22.8307));
#1219 = CARTESIAN_POINT('', (17.8021, 0.0000, 21.1378));
#1220 = CARTESIAN_POINT('', (18.4961, 0.0000, 21.5966));
#1221 = CARTESIAN_POINT('', (20.5305, 0.0000, 19.6728));
#1222 = CARTESIAN_POINT('', (17.9464, 0.0000, 21.0154));
#1223 = CARTESIAN_POINT('', (19.9808, 0.0000, 19.0915));
#1224 = CARTESIAN_POINT('', (20.7203, 0.0000, 19.4728));
#1225 = CARTESIAN_POINT('', (22.5351, 0.0000, 17.3405));
#1226 = CARTESIAN_POINT('', (20.1111, 0.0000, 18.9543));
#1227 = CARTESIAN_POINT('', (21.9258, 0.0000, 16.8220));
#1228 = CARTESIAN_POINT('', (22.7022, 0.0000, 17.1211));
#1229 = CARTESIAN_POINT('', (24.2760, 0.0000, 14.8053));
#1230 = CARTESIAN_POINT('', (22.0405, 0.0000, 16.6714));
#1231 = CARTESIAN_POINT('', (23.6143, 0.0000, 14.3556));
#1232 = CARTESIAN_POINT('', (24.4185, 0.0000, 14.5691));
#1233 = CARTESIAN_POINT('', (25.7330, 0.0000, 12.0969));
#1234 = CARTESIAN_POINT('', (23.7121, 0.0000, 14.1935));
#1235 = CARTESIAN_POINT('', (25.0266, 0.0000, 11.7213));
#1236 = CARTESIAN_POINT('', (-0.0000, -1.4000, 28.4000));
#1237 = CARTESIAN_POINT('', (0.0000, 1.4000, 28.4000));
#1238 = CARTESIAN_POINT('', (-0.0000, -1.4000, 27.6000));
#1239 = CARTESIAN_POINT('', (0.0000, 1.4000, 27.6000));
#1240 = CARTESIAN_POINT('', (0.0000, 1.6754, 28.3851));
#1241 = CARTESIAN_POINT('', (0.0000, 4.4590, 28.0827));
#1242 = CARTESIAN_POINT('', (0.0000, 1.5890, 27.5898));
#1243 = CARTESIAN_POINT('', (0.0000, 4.3726, 27.2874));
#1244 = CARTESIAN_POINT('', (0.0000, 4.7311, 28.0381));
#1245 = CARTESIAN_POINT('', (0.0000, 7.4658, 27.4369));
#1246 = CARTESIAN_POINT('', (0.0000, 4.5594, 27.2568));
#1247 = CARTESIAN_POINT('', (0.0000, 7.2940, 26.6555));
#1248 = CARTESIAN_POINT('', (0.0000, 7.7316, 27.3632));
#1249 = CARTESIAN_POINT('', (0.0000, 10.3853, 26.4701));
#1250 = CARTESIAN_POINT('', (0.0000, 7.4764, 26.6050));
#1251 = CARTESIAN_POINT('', (0.0000, 10.1302, 25.7119));
#1252 = CARTESIAN_POINT('', (0.0000, 10.6416, 26.3681));
#1253 = CARTESIAN_POINT('', (0.0000, 13.1833, 25.1936));
#1254 = CARTESIAN_POINT('', (0.0000, 10.3060, 25.6419));
#1255 = CARTESIAN_POINT('', (0.0000, 12.8478, 24.4674));
#1256 = CARTESIAN_POINT('', (0.0000, 13.4270, 25.0646));
#1257 = CARTESIAN_POINT('', (0.0000, 15.8271, 23.6225));
#1258 = CARTESIAN_POINT('', (0.0000, 13.0150, 24.3789));
#1259 = CARTESIAN_POINT('', (0.0000, 15.4151, 22.9368));
#1260 = CARTESIAN_POINT('', (0.0000, 16.0555, 23.4679));
#1261 = CARTESIAN_POINT('', (0.0000, 18.2858, 21.7750));
#1262 = CARTESIAN_POINT('', (0.0000, 15.5718, 22.8307));
#1263 = CARTESIAN_POINT('', (0.0000, 17.8021, 21.1378));
#1264 = CARTESIAN_POINT('', (0.0000, 18.4961, 21.5966));
#1265 = CARTESIAN_POINT('', (0.0000, 20.5305, 19.6728));
#1266 = CARTESIAN_POINT('', (0.0000, 17.9464, 21.0154));
#1267 = CARTESIAN_POINT('', (0.0000, 19.9808, 19.0915));
#1268 = CARTESIAN_POINT('', (0.0000, 20.7203, 19.4728));
#1269 = CARTESIAN_POINT('', (0.0000, 22.5351, 17.3405));
#1270 = CARTESIAN_POINT('', (0.0000, 20.1111, 18.9543));
#1271 = CARTESIAN_POINT('', (0.0000, 21.9258, 16.8220));
#1272 = CARTESIAN_POINT('', (0.0000, 22.7022, 17.1211));
#1273 = CARTESIAN_POINT('', (0.0000, 24.2760, 14.8053));
#1274 = CARTESIAN_POINT('', (0.0000, 22.0405, 16.6714));
#1275 = CARTESIAN_POINT('', (0.0000, 23.6143, 14.3556));
#1276 = CARTESIAN_POINT('', (0.0000, 24.4185, 14.5691));
#1277 = CARTESIAN_POINT('', (0.0000, 25.7330, 12.0969));
#1278 = CARTESIAN_POINT('', (0.0000, 23.7121, 14.1935));
#1279 = CARTESIAN_POINT('', (0.0000, 25.0266, 11.7213));
#1280 = CARTESIAN_POINT('', (1.4000, -0.0000, 28.4000));
#1281 = CARTESIAN_POINT('', (-1.4000, 0.0000, 28.4000));
#1282 = CARTESIAN_POINT('', (1.4000, -0.0000, 27.6000));
#1283 = CARTESIAN_POINT('', (-1.4000, 0.0000, 27.6000));
#1284 = CARTESIAN_POINT('', (-1.6754, 0.0000, 28.3851));
#1285 = CARTESIAN_POINT('', (-4.4590, 0.0000, 28.0827));
#1286 = CARTESIAN_POINT('', (-1.5890, 0.0000, 27.5898));
#1287 = CARTESIAN_POINT('', (-4.3726, 0.0000, 27.2874));
#1288 = CARTESIAN_POINT('', (-4.7311, 0.0000, 28.0381));
#1289 = CARTESIAN_POINT('', (-7.4658, 0.0000, 27.4369));
#1290 = CARTESIAN_POINT('', (-4.5594, 0.0000, 27.2568));
#1291 = CARTESIAN_POINT('', (-7.2940, 0.0000, 26.6555));
#1292 = CARTESIAN_POINT('', (-7.7316, 0.0000, 27.3632));
#1293 = CARTESIAN_POINT('', (-10.3853, 0.0000, 26.4701));
#1294 = CARTESIAN_POINT('', (-7.4764, 0.0000, 26.6050));
#1295 = CARTESIAN_POINT('', (-10.1302, 0.0000, 25.7119));
#1296 = CARTESIAN_POINT('', (-10.6416, 0.0000, 26.3681));
#1297 = CARTESIAN_POINT('', (-13.1833, 0.0000, 25.1936));
#1298 = CARTESIAN_POINT('', (-10.3060, 0.0000, 25.6419));
#1299 = CARTESIAN_POINT('', (-12.8478, 0.0000, 24.4674));
#1300 = CARTESIAN_POINT('', (-13.4270, 0.0000, 25.0646));
#1301 = CARTESIAN_POINT('', (-15.8271, 0.0000, 23.6225));
#1302 = CARTESIAN_POINT('', (-13.0150, 0.0000, 24.3789));
#1303 = CARTESIAN_POINT('', (-15.4151, 0.0000, 22.9368));
#1304 = CARTESIAN_POINT('', (-16.0555, 0.0000, 23.4679));
#1305 = CARTESIAN_POINT('', (-18.2858, 0.0000, 21.7750));
#1306 = CARTESIAN_POINT('', (-15.5718, 0.0000, 22.8307));
#1307 = CARTESIAN_POINT('', (-17.8021, 0.0000, 21.1378));
#1308 = CARTESIAN_POINT('', (-18.4961, 0.0000, 21.5966));
#1309 = CARTESIAN_POINT('', (-20.5305, 0.0000, 19.6728));
#1310 = CARTESIAN_POINT('', (-17.9464, 0.0000, 21.0154));
#1311 = CARTESIAN_POINT('', (-19.9808, 0.0000, 19.0915));
#1312 = CARTESIAN_POINT('', (-20.7203, 0.0000, 19.4728));
#1313 = CARTESIAN_POINT('', (-22.5351, 0.0000, 17.3405));
#1314 = CARTESIAN_POINT('', (-20.1111, 0.0000, 18.9543));
#1315 = CARTESIAN_POINT('', (-21.9258, 0.0000, 16.8220));
#1316 = CARTESIAN_POINT('', (-22.7022, 0.0000, 17.1211));
#1317 = CARTESIAN_POINT('', (-24.2760, 0.0000, 14.8053));
#1318 = CARTESIAN_POINT('', (-22.0405, 0.0000, 16.6714));
#1319 = CARTESIAN_POINT('', (-23.6143, 0.0000, 14.3556));
#1320 = CARTESIAN_POINT('', (-24.4185, 0.0000, 14.5691));
#1321 = CARTESIAN_POINT('', (-25.7330, 0.0000, 12.0969));
#1322 = CARTESIAN_POINT('', (-23.7121, 0.0000, 14.1935));
#1323 = CARTESIAN_POINT('', (-25.0266, 0.0000, 11.7213));
#1324 = CARTESIAN_POINT('', (0.0000, 1.4000, 28.4000));
#1325 = CARTESIAN_POINT('', (-0.0000, -1.4000, 28.4000));
#1326 = CARTESIAN_POINT('', (0.0000, 1.4000, 27.6000));
#1327 = CARTESIAN_POINT('', (-0.0000, -1.4000, 27.6000));
#1328 = CARTESIAN_POINT('', (-0.0000, -1.6754, 28.3851));
#1329 = CARTESIAN_POINT('', (-0.0000, -4.4590, 28.0827));
#1330 = CARTESIAN_POINT('', (-0.0000, -1.5890, 27.5898));
#1331 = CARTESIAN_POINT('', (-0.0000, -4.3726, 27.2874));
#1332 = CARTESIAN_POINT('', (-0.0000, -4.7311, 28.0381));
#1333 = CARTESIAN_POINT('', (-0.0000, -7.4658, 27.4369));
#1334 = CARTESIAN_POINT('', (-0.0000, -4.5594, 27.2568));
#1335 = CARTESIAN_POINT('', (-0.0000, -7.2940, 26.6555));
#1336 = CARTESIAN_POINT('', (-0.0000, -7.7316, 27.3632));
#1337 = CARTESIAN_POINT('', (-0.0000, -10.3853, 26.4701));
#1338 = CARTESIAN_POINT('', (-0.0000, -7.4764, 26.6050));
#1339 = CARTESIAN_POINT('', (-0.0000, -10.1302, 25.7119));
#1340 = CARTESIAN_POINT('', (-0.0000, -10.6416, 26.3681));
#1341 = CARTESIAN_POINT('', (-0.0000, -13.1833, 25.1936));
#1342 = CARTESIAN_POINT('', (-0.0000, -10.3060, 25.6419));
#1343 = CARTESIAN_POINT('', (-0.0000, -12.8478, 24.4674));
#1344 = CARTESIAN_POINT('', (-0.0000, -13.4270, 25.0646));
#1345 = CARTESIAN_POINT('', (-0.0000, -15.8271, 23.6225));
#1346 = CARTESIAN_POINT('', (-0.0000, -13.0150, 24.3789));
#1347 = CARTESIAN_POINT('', (-0.0000, -15.4151, 22.9368));
#1348 = CARTESIAN_POINT('', (-0.0000, -16.0555, 23.4679));
#1349 = CARTESIAN_POINT('', (-0.0000, -18.2858, 21.7750));
#1350 = CARTESIAN_POINT('', (-0.0000, -15.5718, 22.8307));
#1351 = CARTESIAN_POINT('', (-0.0000, -17.8021, 21.1378));
#1352 = CARTESIAN_POINT('', (-0.0000, -18.4961, 21.5966));
#1353 = CARTESIAN_POINT('', (-0.0000, -20.5305, 19.6728));
#1354 = CARTESIAN_POINT('', (-0.0000, -17.9464, 21.0154));
#1355 = CARTESIAN_POINT('', (-0.0000, -19.9808, 19.0915));
#1356 = CARTESIAN_POINT('', (-0.0000, -20.7203, 19.4728));
#1357 = CARTESIAN_POINT('', (-0.0000, -22.5351, 17.3405));
#1358 = CARTESIAN_POINT('', (-0.0000, -20.1111, 18.9543));
#1359 = CARTESIAN_POINT('', (-0.0000, -21.9258, 16.8220));
#1360 = CARTESIAN_POINT('', (-0.0000, -22.7022, 17.1211));
#1361 = CARTESIAN_POINT('', (-0.0000, -24.2760, 14.8053));
#1362 = CARTESIAN_POINT('', (-0.0000, -22.0405, 16.6714));
#1363 = CARTESIAN_POINT('', (-0.0000, -23.6143, 14.3556));
#1364 = CARTESIAN_POINT('', (-0.0000, -24.4185, 14.5691));
#1365 = CARTESIAN_POINT('', (-0.0000, -25.7330, 12.0969));
#1366 = CARTESIAN_POINT('', (-0.0000, -23.7121, 14.1935));
#1367 = CARTESIAN_POINT('', (-0.0000, -25.0266, 11.7213));
#1368 = CARTESIAN_POINT('', (25.2012, -1.3743, 13.0970));
#1369 = CARTESIAN_POINT('', (24.9503, 1.3743, 13.5690));
#1370 = CARTESIAN_POINT('', (24.4948, -1.3743, 12.7215));
#1371 = CARTESIAN_POINT('', (24.2439, 1.3743, 13.1934));
#1372 = CARTESIAN_POINT('', (24.8850, 1.8307, 13.6348));
#1373 = CARTESIAN_POINT('', (24.3523, 4.5611, 13.9529));
#1374 = CARTESIAN_POINT('', (24.1915, 1.7406, 13.2462));
#1375 = CARTESIAN_POINT('', (23.6588, 4.4710, 13.5643));
#1376 = CARTESIAN_POINT('', (24.2407, 5.0115, 13.9927));
#1377 = CARTESIAN_POINT('', (23.4332, 7.6877, 14.1528));
#1378 = CARTESIAN_POINT('', (23.5692, 4.8326, 13.5963));
#1379 = CARTESIAN_POINT('', (22.7618, 7.5089, 13.7564));
#1380 = CARTESIAN_POINT('', (23.2767, 8.1262, 14.1662));
#1381 = CARTESIAN_POINT('', (22.2052, 10.7130, 14.1662));
#1382 = CARTESIAN_POINT('', (22.6361, 7.8608, 13.7671));
#1383 = CARTESIAN_POINT('', (21.5646, 10.4477, 13.7671));
#1384 = CARTESIAN_POINT('', (22.0058, 11.1337, 14.1528));
#1385 = CARTESIAN_POINT('', (20.6844, 13.5971, 13.9927));
#1386 = CARTESIAN_POINT('', (21.4046, 10.7854, 13.7564));
#1387 = CARTESIAN_POINT('', (20.0831, 13.2488, 13.5963));
#1388 = CARTESIAN_POINT('', (20.4448, 13.9945, 13.9529));
#1389 = CARTESIAN_POINT('', (18.8908, 16.3019, 13.6348));
#1390 = CARTESIAN_POINT('', (19.8908, 13.5678, 13.5643));
#1391 = CARTESIAN_POINT('', (18.3368, 15.8751, 13.2462));
#1392 = CARTESIAN_POINT('', (18.6142, 16.6707, 13.5690));
#1393 = CARTESIAN_POINT('', (16.8482, 18.7917, 13.0970));
#1394 = CARTESIAN_POINT('', (18.1148, 16.1713, 13.1934));
#1395 = CARTESIAN_POINT('', (16.3487, 18.2922, 12.7215));
#1396 = CARTESIAN_POINT('', (18.7917, 16.8482, 13.0970));
#1397 = CARTESIAN_POINT('', (16.6707, 18.6142, 13.5690));
#1398 = CARTESIAN_POINT('', (18.2922, 16.3487, 12.7215));
#1399 = CARTESIAN_POINT('', (16.1713, 18.1148, 13.1934));
#1400 = CARTESIAN_POINT('', (16.3019, 18.8908, 13.6348));
#1401 = CARTESIAN_POINT('', (13.9945, 20.4448, 13.9529));
#1402 = CARTESIAN_POINT('', (15.8751, 18.3368, 13.2462));
#1403 = CARTESIAN_POINT('', (13.5678, 19.8908, 13.5643));
#1404 = CARTESIAN_POINT('', (13.5971, 20.6844, 13.9927));
#1405 = CARTESIAN_POINT('', (11.1337, 22.0058, 14.1528));
#1406 = CARTESIAN_POINT('', (13.2488, 20.0831, 13.5963));
#1407 = CARTESIAN_POINT('', (10.7854, 21.4046, 13.7564));
#1408 = CARTESIAN_POINT('', (10.7130, 22.2052, 14.1662));
#1409 = CARTESIAN_POINT('', (8.1262, 23.2767, 14.1662));
#1410 = CARTESIAN_POINT('', (10.4477, 21.5646, 13.7671));
#1411 = CARTESIAN_POINT('', (7.8608, 22.6361, 13.7671));
#1412 = CARTESIAN_POINT('', (7.6877, 23.4332, 14.1528));
#1413 = CARTESIAN_POINT('', (5.0115, 24.2407, 13.9927));
#1414 = CARTESIAN_POINT('', (7.5089, 22.7618, 13.7564));
#1415 = CARTESIAN_POINT('', (4.8326, 23.5692, 13.5963));
#1416 = CARTESIAN_POINT('', (4.5611, 24.3523, 13.9529));
#1417 = CARTESIAN_POINT('', (1.8307, 24.8850, 13.6348));
#1418 = CARTESIAN_POINT('', (4.4710, 23.6588, 13.5643));
#1419 = CARTESIAN_POINT('', (1.7406, 24.1915, 13.2462));
#1420 = CARTESIAN_POINT('', (1.3743, 24.9503, 13.5690));
#1421 = CARTESIAN_POINT('', (-1.3743, 25.2012, 13.0970));
#1422 = CARTESIAN_POINT('', (1.3743, 24.2439, 13.1934));
#1423 = CARTESIAN_POINT('', (-1.3743, 24.4948, 12.7215));
#1424 = CARTESIAN_POINT('', (1.3743, 25.2012, 13.0970));
#1425 = CARTESIAN_POINT('', (-1.3743, 24.9503, 13.5690));
#1426 = CARTESIAN_POINT('', (1.3743, 24.4948, 12.7215));
#1427 = CARTESIAN_POINT('', (-1.3743, 24.2439, 13.1934));
#1428 = CARTESIAN_POINT('', (-1.8307, 24.8850, 13.6348));
#1429 = CARTESIAN_POINT('', (-4.5611, 24.3523, 13.9529));
#1430 = CARTESIAN_POINT('', (-1.7406, 24.1915, 13.2462));
#1431 = CARTESIAN_POINT('', (-4.4710, 23.6588, 13.5643));
#1432 = CARTESIAN_POINT('', (-5.0115, 24.2407, 13.9927));
#1433 = CARTESIAN_POINT('', (-7.6877, 23.4332, 14.1528));
#1434 = CARTESIAN_POINT('', (-4.8326, 23.5692, 13.5963));
#1435 = CARTESIAN_POINT('', (-7.5089, 22.7618, 13.7564));
#1436 = CARTESIAN_POINT('', (-8.1262, 23.2767, 14.1662));
#1437 = CARTESIAN_POINT('', (-10.7130, 22.2052, 14.1662));
#1438 = CARTESIAN_POINT('', (-7.8608, 22.6361, 13.7671));
#1439 = CARTESIAN_POINT('', (-10.4477, 21.5646, 13.7671));
#1440 = CARTESIAN_POINT('', (-11.1337, 22.0058, 14.1528));
#1441 = CARTESIAN_POINT('', (-13.5971, 20.6844, 13.9927));
#1442 = CARTESIAN_POINT('', (-10.7854, 21.4046, 13.7564));
#1443 = CARTESIAN_POINT('', (-13.2488, 20.0831, 13.5963));
#1444 = CARTESIAN_POINT('', (-13.9945, 20.4448, 13.9529));
#1445 = CARTESIAN_POINT('', (-16.3019, 18.8908, 13.6348));
#1446 = CARTESIAN_POINT('', (-13.5678, 19.8908, 13.5643));
#1447 = CARTESIAN_POINT('', (-15.8751, 18.3368, 13.2462));
#1448 = CARTESIAN_POINT('', (-16.6707, 18.6142, 13.5690));
#1449 = CARTESIAN_POINT('', (-18.7917, 16.8482, 13.0970));
#1450 = CARTESIAN_POINT('', (-16.1713, 18.1148, 13.1934));
#1451 = CARTESIAN_POINT('', (-18.2922, 16.3487, 12.7215));
#1452 = CARTESIAN_POINT('', (-16.8482, 18.7917, 13.0970));
#1453 = CARTESIAN_POINT('', (-18.6142, 16.6707, 13.5690));
#1454 = CARTESIAN_POINT('', (-16.3487, 18.2922, 12.7215));
#1455 = CARTESIAN_POINT('', (-18.1148, 16.1713, 13.1934));
#1456 = CARTESIAN_POINT('', (-18.8908, 16.3019, 13.6348));
#1457 = CARTESIAN_POINT('', (-20.4448, 13.9945, 13.9529));
#1458 = CARTESIAN_POINT('', (-18.3368, 15.8751, 13.2462));
#1459 = CARTESIAN_POINT('', (-19.8908, 13.5678, 13.5643));
#1460 = CARTESIAN_POINT('', (-20.6844, 13.5971, 13.9927));
#1461 = CARTESIAN_POINT('', (-22.0058, 11.1337, 14.1528));
#1462 = CARTESIAN_POINT('', (-20.0831, 13.2488, 13.5963));
#1463 = CARTESIAN_POINT('', (-21.4046, 10.7854, 13.7564));
#1464 = CARTESIAN_POINT('', (-22.2052, 10.7130, 14.1662));
#1465 = CARTESIAN_POINT('', (-23.2767, 8.1262, 14.1662));
#1466 = CARTESIAN_POINT('', (-21.5646, 10.4477, 13.7671));
#1467 = CARTESIAN_POINT('', (-22.6361, 7.8608, 13.7671));
#1468 = CARTESIAN_POINT('', (-23.4332, 7.6877, 14.1528));
#1469 = CARTESIAN_POINT('', (-24.2407, 5.0115, 13.9927));
#1470 = CARTESIAN_POINT('', (-22.7618, 7.5089, 13.7564));
#1471 = CARTESIAN_POINT('', (-23.5692, 4.8326, 13.5963));
#1472 = CARTESIAN_POINT('', (-24.3523, 4.5611, 13.9529));
#1473 = CARTESIAN_POINT('', (-24.8850, 1.8307, 13.6348));
#1474 = CARTESIAN_POINT('', (-23.6588, 4.4710, 13.5643));
#1475 = CARTESIAN_POINT('', (-24.1915, 1.7406, 13.2462));
#1476 = CARTESIAN_POINT('', (-24.9503, 1.3743, 13.5690));
#1477 = CARTESIAN_POINT('', (-25.2012, -1.3743, 13.0970));
#1478 = CARTESIAN_POINT('', (-24.2439, 1.3743, 13.1934));
#1479 = CARTESIAN_POINT('', (-24.4948, -1.3743, 12.7215));
#1480 = CARTESIAN_POINT('', (-25.2012, 1.3743, 13.0970));
#1481 = CARTESIAN_POINT('', (-24.9503, -1.3743, 13.5690));
#1482 = CARTESIAN_POINT('', (-24.4948, 1.3743, 12.7215));
#1483 = CARTESIAN_POINT('', (-24.2439, -1.3743, 13.1934));
#1484 = CARTESIAN_POINT('', (-24.8850, -1.8307, 13.6348));
#1485 = CARTESIAN_POINT('', (-24.3523, -4.5611, 13.9529));
#1486 = CARTESIAN_POINT('', (-24.1915, -1.7406, 13.2462));
#1487 = CARTESIAN_POINT('', (-23.6588, -4.4710, 13.5643));
#1488 = CARTESIAN_POINT('', (-24.2407, -5.0115, 13.9927));
#1489 = CARTESIAN_POINT('', (-23.4332, -7.6877, 14.1528));
#1490 = CARTESIAN_POINT('', (-23.5692, -4.8326, 13.5963));
#1491 = CARTESIAN_POINT('', (-22.7618, -7.5089, 13.7564));
#1492 = CARTESIAN_POINT('', (-23.2767, -8.1262, 14.1662));
#1493 = CARTESIAN_POINT('', (-22.2052, -10.7130, 14.1662));
#1494 = CARTESIAN_POINT('', (-22.6361, -7.8608, 13.7671));
#1495 = CARTESIAN_POINT('', (-21.5646, -10.4477, 13.7671));
#1496 = CARTESIAN_POINT('', (-22.0058, -11.1337, 14.1528));
#1497 = CARTESIAN_POINT('', (-20.6844, -13.5971, 13.9927));
#1498 = CARTESIAN_POINT('', (-21.4046, -10.7854, 13.7564));
#1499 = CARTESIAN_POINT('', (-20.0831, -13.2488, 13.5963));
#1500 = CARTESIAN_POINT('', (-20.4448, -13.9945, 13.9529));
#1501 = CARTESIAN_POINT('', (-18.8908, -16.3019, 13.6348));
#1502 = CARTESIAN_POINT('', (-19.8908, -13.5678, 13.5643));
#1503 = CARTESIAN_POINT('', (-18.3368, -15.8751, 13.2462));
#1504 = CARTESIAN_POINT('', (-18.6142, -16.6707, 13.5690));
#1505 = CARTESIAN_POINT('', (-16.8482, -18.7917, 13.0970));
#1506 = CARTESIAN_POINT('', (-18.1148, -16.1713, 13.1934));
#1507 = CARTESIAN_POINT('', (-16.3487, -18.2922, 12.7215));
#1508 = CARTESIAN_POINT('', (-18.7917, -16.8482, 13.0970));
#1509 = CARTESIAN_POINT('', (-16.6707, -18.6142, 13.5690));
#1510 = CARTESIAN_POINT('', (-18.2922, -16.3487, 12.7215));
#1511 = CARTESIAN_POINT('', (-16.1713, -18.1148, 13.1934));
#1512 = CARTESIAN_POINT('', (-16.3019, -18.8908, 13.6348));
#1513 = CARTESIAN_POINT('', (-13.9945, -20.4448, 13.9529));
#1514 = CARTESIAN_POINT('', (-15.8751, -18.3368, 13.2462));
#1515 = CARTESIAN_POINT('', (-13.5678, -19.8908, 13.5643));
#1516 = CARTESIAN_POINT('', (-13.5971, -20.6844, 13.9927));
#1517 = CARTESIAN_POINT('', (-11.1337, -22.0058, 14.1528));
#1518 = CARTESIAN_POINT('', (-13.2488, -20.0831, 13.5963));
#1519 = CARTESIAN_POINT('', (-10.7854, -21.4046, 13.7564));
#1520 = CARTESIAN_POINT('', (-10.7130, -22.2052, 14.1662));
#1521 = CARTESIAN_POINT('', (-8.1262, -23.2767, 14.1662));
#1522 = CARTESIAN_POINT('', (-10.4477, -21.5646, 13.7671));
#1523 = CARTESIAN_POINT('', (-7.8608, -22.6361, 13.7671));
#1524 = CARTESIAN_POINT('', (-7.6877, -23.4332, 14.1528));
#1525 = CARTESIAN_POINT('', (-5.0115, -24.2407, 13.9927));
#1526 = CARTESIAN_POINT('', (-7.5089, -22.7618, 13.7564));
#1527 = CARTESIAN_POINT('', (-4.8326, -23.5692, 13.5963));
#1528 = CARTESIAN_POINT('', (-4.5611, -24.3523, 13.9529));
#1529 = CARTESIAN_POINT('', (-1.8307, -24.8850, 13.6348));
#1530 = CARTESIAN_POINT('', (-4.4710, -23.6588, 13.5643));
#1531 = CARTESIAN_POINT('', (-1.7406, -24.1915, 13.2462));
#1532 = CARTESIAN_POINT('', (-1.3743, -24.9503, 13.5690));
#1533 = CARTESIAN_POINT('', (1.3743, -25.2012, 13.0970));
#1534 = CARTESIAN_POINT('', (-1.3743, -24.2439, 13.1934));
#1535 = CARTESIAN_POINT('', (1.3743, -24.4948, 12.7215));
#1536 = CARTESIAN_POINT('', (-1.3743, -25.2012, 13.0970));
#1537 = CARTESIAN_POINT('', (1.3743, -24.9503, 13.5690));
#1538 = CARTESIAN_POINT('', (-1.3743, -24.4948, 12.7215));
#1539 = CARTESIAN_POINT('', (1.3743, -24.2439, 13.1934));
#1540 = CARTESIAN_POINT('', (1.8307, -24.8850, 13.6348));
#1541 = CARTESIAN_POINT('', (4.5611, -24.3523, 13.9529));
#1542 = CARTESIAN_POINT('', (1.7406, -24.1915, 13.2462));
#1543 = CARTESIAN_POINT('', (4.4710, -23.6588, 13.5643));
#1544 = CARTESIAN_POINT('', (5.0115, -24.2407, 13.9927));
#1545 = CARTESIAN_POINT('', (7.6877, -23.4332, 14.1528));
#1546 = CARTESIAN_POINT('', (4.8326, -23.5692, 13.5963));
#1547 = CARTESIAN_POINT('', (7.5089, -22.7618, 13.7564));
#1548 = CARTESIAN_POINT('', (8.1262, -23.2767, 14.1662));
#1549 = CARTESIAN_POINT('', (10.7130, -22.2052, 14.1662));
#1550 = CARTESIAN_POINT('', (7.8608, -22.6361, 13.7671));
#1551 = CARTESIAN_POINT('', (10.4477, -21.5646, 13.7671));
#1552 = CARTESIAN_POINT('', (11.1337, -22.0058, 14.1528));
#1553 = CARTESIAN_POINT('', (13.5971, -20.6844, 13.9927));
#1554 = CARTESIAN_POINT('', (10.7854, -21.4046, 13.7564));
#1555 = CARTESIAN_POINT('', (13.2488, -20.0831, 13.5963));
#1556 = CARTESIAN_POINT('', (13.9945, -20.4448, 13.9529));
#1557 = CARTESIAN_POINT('', (16.3019, -18.8908, 13.6348));
#1558 = CARTESIAN_POINT('', (13.5678, -19.8908, 13.5643));
#1559 = CARTESIAN_POINT('', (15.8751, -18.3368, 13.2462));
#1560 = CARTESIAN_POINT('', (16.6707, -18.6142, 13.5690));
#1561 = CARTESIAN_POINT('', (18.7917, -16.8482, 13.0970));
#1562 = CARTESIAN_POINT('', (16.1713, -18.1148, 13.1934));
#1563 = CARTESIAN_POINT('', (18.2922, -16.3487, 12.7215));
#1564 = CARTESIAN_POINT('', (16.8482, -18.7917, 13.0970));
#1565 = CARTESIAN_POINT('', (18.6142, -16.6707, 13.5690));
#1566 = CARTESIAN_POINT('', (16.3487, -18.2922, 12.7215));
#1567 = CARTESIAN_POINT('', (18.1148, -16.1713, 13.1934));
#1568 = CARTESIAN_POINT('', (18.8908, -16.3019, 13.6348));
#1569 = CARTESIAN_POINT('', (20.4448, -13.9945, 13.9529));
#1570 = CARTESIAN_POINT('', (18.3368, -15.8751, 13.2462));
#1571 = CARTESIAN_POINT('', (19.8908, -13.5678, 13.5643));
#1572 = CARTESIAN_POINT('', (20.6844, -13.5971, 13.9927));
#1573 = CARTESIAN_POINT('', (22.0058, -11.1337, 14.1528));
#1574 = CARTESIAN_POINT('', (20.0831, -13.2488, 13.5963));
#1575 = CARTESIAN_POINT('', (21.4046, -10.7854, 13.7564));
#1576 = CARTESIAN_POINT('', (22.2052, -10.7130, 14.1662));
#1577 = CARTESIAN_POINT('', (23.2767, -8.1262, 14.1662));
#1578 = CARTESIAN_POINT('', (21.5646, -10.4477, 13.7671));
#1579 = CARTESIAN_POINT('', (22.6361, -7.8608, 13.7671));
#1580 = CARTESIAN_POINT('', (23.4332, -7.6877, 14.1528));
#1581 = CARTESIAN_POINT('', (24.2407, -5.0115, 13.9927));
#1582 = CARTESIAN_POINT('', (22.7618, -7.5089, 13.7564));
#1583 = CARTESIAN_POINT('', (23.5692, -4.8326, 13.5963));
#1584 = CARTESIAN_POINT('', (24.3523, -4.5611, 13.9529));
#1585 = CARTESIAN_POINT('', (24.8850, -1.8307, 13.6348));
#1586 = CARTESIAN_POINT('', (23.6588, -4.4710, 13.5643));
#1587 = CARTESIAN_POINT('', (24.1915, -1.7406, 13.2462));
#1588 = CARTESIAN_POINT('', (24.9503, -1.3743, 13.5690));
#1589 = CARTESIAN_POINT('', (25.2012, 1.3743, 13.0970));
#1590 = CARTESIAN_POINT('', (24.2439, -1.3743, 13.1934));
#1591 = CARTESIAN_POINT('', (24.4948, 1.3743, 12.7215));
#1592 = CARTESIAN_POINT('', (24.4705, -0.5462, 14.4712));
#1593 = CARTESIAN_POINT('', (25.6809, 0.5462, 12.1948));
#1594 = CARTESIAN_POINT('', (23.7642, -0.5462, 14.0956));
#1595 = CARTESIAN_POINT('', (24.9745, 0.5462, 11.8192));
#1596 = CARTESIAN_POINT('', (25.7491, 0.6151, 12.0468));
#1597 = CARTESIAN_POINT('', (26.6944, 1.7015, 9.6454));
#1598 = CARTESIAN_POINT('', (25.0105, 0.5825, 11.7412));
#1599 = CARTESIAN_POINT('', (25.9557, 1.6689, 9.3399));
#1600 = CARTESIAN_POINT('', (26.7455, 1.7697, 9.4903));
#1601 = CARTESIAN_POINT('', (27.4153, 2.8382, 6.9904));
#1602 = CARTESIAN_POINT('', (25.9827, 1.7048, 9.2582));
#1603 = CARTESIAN_POINT('', (26.6525, 2.7733, 6.7582));
#1604 = CARTESIAN_POINT('', (27.4488, 2.9049, 6.8298));
#1605 = CARTESIAN_POINT('', (27.8358, 3.9437, 4.2586));
#1606 = CARTESIAN_POINT('', (26.6701, 2.8084, 6.6737));
#1607 = CARTESIAN_POINT('', (27.0571, 3.8473, 4.1025));
#1608 = CARTESIAN_POINT('', (27.8512, 4.0082, 4.0945));
#1609 = CARTESIAN_POINT('', (27.9512, 5.0061, 1.4803));
#1610 = CARTESIAN_POINT('', (27.0653, 3.8812, 4.0160));
#1611 = CARTESIAN_POINT('', (27.1652, 4.8791, 1.4018));
#1612 = CARTESIAN_POINT('', (27.9484, 5.0676, 1.3143));
#1613 = CARTESIAN_POINT('', (27.7602, 6.0135, -1.3143));
#1614 = CARTESIAN_POINT('', (27.1638, 4.9115, 1.3143));
#1615 = CARTESIAN_POINT('', (26.9756, 5.8575, -1.3143));
#1616 = CARTESIAN_POINT('', (27.7393, 6.0715, -1.4803));
#1617 = CARTESIAN_POINT('', (27.2650, 6.9551, -4.0945));
#1618 = CARTESIAN_POINT('', (26.9645, 5.8880, -1.4018));
#1619 = CARTESIAN_POINT('', (26.4903, 6.7716, -4.0160));
#1620 = CARTESIAN_POINT('', (27.2261, 7.0088, -4.2586));
#1621 = CARTESIAN_POINT('', (26.4710, 7.8204, -6.8298));
#1622 = CARTESIAN_POINT('', (26.4698, 6.7999, -4.1025));
#1623 = CARTESIAN_POINT('', (25.7147, 7.6116, -6.6737));
#1624 = CARTESIAN_POINT('', (26.4146, 7.8693, -6.9904));
#1625 = CARTESIAN_POINT('', (25.3869, 8.6001, -9.4903));
#1626 = CARTESIAN_POINT('', (25.6850, 7.6373, -6.7582));
#1627 = CARTESIAN_POINT('', (24.6573, 8.3681, -9.2582));
#1628 = CARTESIAN_POINT('', (25.3135, 8.6435, -9.6454));
#1629 = CARTESIAN_POINT('', (24.0245, 9.2855, -12.0468));
#1630 = CARTESIAN_POINT('', (24.6186, 8.3910, -9.3399));
#1631 = CARTESIAN_POINT('', (23.3296, 9.0329, -11.7412));
#1632 = CARTESIAN_POINT('', (23.9351, 9.3231, -12.1948));
#1633 = CARTESIAN_POINT('', (22.3988, 9.8691, -14.4712));
#1634 = CARTESIAN_POINT('', (23.2825, 9.0527, -11.8192));
#1635 = CARTESIAN_POINT('', (21.7462, 9.5988, -14.0956));
#1636 = CARTESIAN_POINT('', (24.4705, 0.5462, 14.4712));
#1637 = CARTESIAN_POINT('', (25.6809, -0.5462, 12.1948));
#1638 = CARTESIAN_POINT('', (23.7642, 0.5462, 14.0956));
#1639 = CARTESIAN_POINT('', (24.9745, -0.5462, 11.8192));
#1640 = CARTESIAN_POINT('', (25.7491, -0.6151, 12.0468));
#1641 = CARTESIAN_POINT('', (26.6944, -1.7015, 9.6454));
#1642 = CARTESIAN_POINT('', (25.0105, -0.5825, 11.7412));
#1643 = CARTESIAN_POINT('', (25.9557, -1.6689, 9.3399));
#1644 = CARTESIAN_POINT('', (26.7455, -1.7697, 9.4903));
#1645 = CARTESIAN_POINT('', (27.4153, -2.8382, 6.9904));
#1646 = CARTESIAN_POINT('', (25.9827, -1.7048, 9.2582));
#1647 = CARTESIAN_POINT('', (26.6525, -2.7733, 6.7582));
#1648 = CARTESIAN_POINT('', (27.4488, -2.9049, 6.8298));
#1649 = CARTESIAN_POINT('', (27.8358, -3.9437, 4.2586));
#1650 = CARTESIAN_POINT('', (26.6701, -2.8084, 6.6737));
#1651 = CARTESIAN_POINT('', (27.0571, -3.8473, 4.1025));
#1652 = CARTESIAN_POINT('', (27.8512, -4.0082, 4.0945));
#1653 = CARTESIAN_POINT('', (27.9512, -5.0061, 1.4803));
#1654 = CARTESIAN_POINT('', (27.0653, -3.8812, 4.0160));
#1655 = CARTESIAN_POINT('', (27.1652, -4.8791, 1.4018));
#1656 = CARTESIAN_POINT('', (27.9484, -5.0676, 1.3143));
#1657 = CARTESIAN_POINT('', (27.7602, -6.0135, -1.3143));
#1658 = CARTESIAN_POINT('', (27.1638, -4.9115, 1.3143));
#1659 = CARTESIAN_POINT('', (26.9756, -5.8575, -1.3143));
#1660 = CARTESIAN_POINT('', (27.7393, -6.0715, -1.4803));
#1661 = CARTESIAN_POINT('', (27.2650, -6.9551, -4.0945));
#1662 = CARTESIAN_POINT('', (26.9645, -5.8880, -1.4018));
#1663 = CARTESIAN_POINT('', (26.4903, -6.7716, -4.0160));
#1664 = CARTESIAN_POINT('', (27.2261, -7.0088, -4.2586));
#1665 = CARTESIAN_POINT('', (26.4710, -7.8204, -6.8298));
#1666 = CARTESIAN_POINT('', (26.4698, -6.7999, -4.1025));
#1667 = CARTESIAN_POINT('', (25.7147, -7.6116, -6.6737));
#1668 = CARTESIAN_POINT('', (26.4146, -7.8693, -6.9904));
#1669 = CARTESIAN_POINT('', (25.3869, -8.6001, -9.4903));
#1670 = CARTESIAN_POINT('', (25.6850, -7.6373, -6.7582));
#1671 = CARTESIAN_POINT('', (24.6573, -8.3681, -9.2582));
#1672 = CARTESIAN_POINT('', (25.3135, -8.6435, -9.6454));
#1673 = CARTESIAN_POINT('', (24.0245, -9.2855, -12.0468));
#1674 = CARTESIAN_POINT('', (24.6186, -8.3910, -9.3399));
#1675 = CARTESIAN_POINT('', (23.3296, -9.0329, -11.7412));
#1676 = CARTESIAN_POINT('', (23.9351, -9.3231, -12.1948));
#1677 = CARTESIAN_POINT('', (22.3988, -9.8691, -14.4712));
#1678 = CARTESIAN_POINT('', (23.2825, -9.0527, -11.8192));
#1679 = CARTESIAN_POINT('', (21.7462, -9.5988, -14.0956));
#1680 = CARTESIAN_POINT('', (17.6895, 16.9171, 14.4712));
#1681 = CARTESIAN_POINT('', (17.7729, 18.5453, 12.1948));
#1682 = CARTESIAN_POINT('', (17.1900, 16.4176, 14.0956));
#1683 = CARTESIAN_POINT('', (17.2735, 18.0459, 11.8192));
#1684 = CARTESIAN_POINT('', (17.7724, 18.6423, 12.0468));
#1685 = CARTESIAN_POINT('', (17.6727, 20.0789, 9.6454));
#1686 = CARTESIAN_POINT('', (17.2732, 18.0970, 11.7412));
#1687 = CARTESIAN_POINT('', (17.1734, 19.5335, 9.3399));
#1688 = CARTESIAN_POINT('', (17.6606, 20.1633, 9.4903));
#1689 = CARTESIAN_POINT('', (17.3787, 21.3924, 6.9904));
#1690 = CARTESIAN_POINT('', (17.1671, 19.5780, 9.2582));
#1691 = CARTESIAN_POINT('', (16.8852, 20.8071, 6.7582));
#1692 = CARTESIAN_POINT('', (17.3552, 21.4633, 6.8298));
#1693 = CARTESIAN_POINT('', (16.8942, 22.4715, 4.2586));
#1694 = CARTESIAN_POINT('', (16.8728, 20.8445, 6.6737));
#1695 = CARTESIAN_POINT('', (16.4119, 21.8527, 4.1025));
#1696 = CARTESIAN_POINT('', (16.8596, 22.5280, 4.0945));
#1697 = CARTESIAN_POINT('', (16.2246, 23.3043, 1.4803));
#1698 = CARTESIAN_POINT('', (16.3936, 21.8825, 4.0160));
#1699 = CARTESIAN_POINT('', (15.7587, 22.6588, 1.4018));
#1700 = CARTESIAN_POINT('', (16.1792, 23.3458, 1.3143));
#1701 = CARTESIAN_POINT('', (15.3772, 23.8817, -1.3143));
#1702 = CARTESIAN_POINT('', (15.7347, 22.6806, 1.3143));
#1703 = CARTESIAN_POINT('', (14.9328, 23.2165, -1.3143));
#1704 = CARTESIAN_POINT('', (15.3215, 23.9078, -1.4803));
#1705 = CARTESIAN_POINT('', (14.3613, 24.1973, -4.0945));
#1706 = CARTESIAN_POINT('', (14.9034, 23.2302, -1.4018));
#1707 = CARTESIAN_POINT('', (13.9432, 23.5197, -4.0160));
#1708 = CARTESIAN_POINT('', (14.2958, 24.2077, -4.2586));
#1709 = CARTESIAN_POINT('', (13.1879, 24.2477, -6.8298));
#1710 = CARTESIAN_POINT('', (13.9087, 23.5252, -4.1025));
#1711 = CARTESIAN_POINT('', (12.8008, 23.5652, -6.6737));
#1712 = CARTESIAN_POINT('', (13.1135, 24.2423, -6.9904));
#1713 = CARTESIAN_POINT('', (11.8700, 24.0324, -9.4903));
#1714 = CARTESIAN_POINT('', (12.7616, 23.5624, -6.7582));
#1715 = CARTESIAN_POINT('', (11.5182, 23.3525, -9.2582));
#1716 = CARTESIAN_POINT('', (11.7875, 24.0113, -9.6454));
#1717 = CARTESIAN_POINT('', (10.4221, 23.5537, -12.0468));
#1718 = CARTESIAN_POINT('', (11.4747, 23.3413, -9.3399));
#1719 = CARTESIAN_POINT('', (10.1093, 22.8838, -11.7412));
#1720 = CARTESIAN_POINT('', (10.3322, 23.5170, -12.1948));
#1721 = CARTESIAN_POINT('', (8.8599, 22.8168, -14.4712));
#1722 = CARTESIAN_POINT('', (10.0619, 22.8645, -11.8192));
#1723 = CARTESIAN_POINT('', (8.5896, 22.1642, -14.0956));
#1724 = CARTESIAN_POINT('', (16.9171, 17.6895, 14.4712));
#1725 = CARTESIAN_POINT('', (18.5453, 17.7729, 12.1948));
#1726 = CARTESIAN_POINT('', (16.4176, 17.1900, 14.0956));
#1727 = CARTESIAN_POINT('', (18.0459, 17.2735, 11.8192));
#1728 = CARTESIAN_POINT('', (18.6423, 17.7724, 12.0468));
#1729 = CARTESIAN_POINT('', (20.0789, 17.6727, 9.6454));
#1730 = CARTESIAN_POINT('', (18.0970, 17.2732, 11.7412));
#1731 = CARTESIAN_POINT('', (19.5335, 17.1734, 9.3399));
#1732 = CARTESIAN_POINT('', (20.1633, 17.6606, 9.4903));
#1733 = CARTESIAN_POINT('', (21.3924, 17.3787, 6.9904));
#1734 = CARTESIAN_POINT('', (19.5780, 17.1671, 9.2582));
#1735 = CARTESIAN_POINT('', (20.8071, 16.8852, 6.7582));
#1736 = CARTESIAN_POINT('', (21.4633, 17.3552, 6.8298));
#1737 = CARTESIAN_POINT('', (22.4715, 16.8942, 4.2586));
#1738 = CARTESIAN_POINT('', (20.8445, 16.8728, 6.6737));
#1739 = CARTESIAN_POINT('', (21.8527, 16.4119, 4.1025));
#1740 = CARTESIAN_POINT('', (22.5280, 16.8596, 4.0945));
#1741 = CARTESIAN_POINT('', (23.3043, 16.2246, 1.4803));
#1742 = CARTESIAN_POINT('', (21.8825, 16.3936, 4.0160));
#1743 = CARTESIAN_POINT('', (22.6588, 15.7587, 1.4018));
#1744 = CARTESIAN_POINT('', (23.3458, 16.1792, 1.3143));
#1745 = CARTESIAN_POINT('', (23.8817, 15.3772, -1.3143));
#1746 = CARTESIAN_POINT('', (22.6806, 15.7347, 1.3143));
#1747 = CARTESIAN_POINT('', (23.2165, 14.9328, -1.3143));
#1748 = CARTESIAN_POINT('', (23.9078, 15.3215, -1.4803));
#1749 = CARTESIAN_POINT('', (24.1973, 14.3613, -4.0945));
#1750 = CARTESIAN_POINT('', (23.2302, 14.9034, -1.4018));
#1751 = CARTESIAN_POINT('', (23.5197, 13.9432, -4.0160));
#1752 = CARTESIAN_POINT('', (24.2077, 14.2958, -4.2586));
#1753 = CARTESIAN_POINT('', (24.2477, 13.1879, -6.8298));
#1754 = CARTESIAN_POINT('', (23.5252, 13.9087, -4.1025));
#1755 = CARTESIAN_POINT('', (23.5652, 12.8008, -6.6737));
#1756 = CARTESIAN_POINT('', (24.2423, 13.1135, -6.9904));
#1757 = CARTESIAN_POINT('', (24.0324, 11.8700, -9.4903));
#1758 = CARTESIAN_POINT('', (23.5624, 12.7616, -6.7582));
#1759 = CARTESIAN_POINT('', (23.3525, 11.5182, -9.2582));
#1760 = CARTESIAN_POINT('', (24.0113, 11.7875, -9.6454));
#1761 = CARTESIAN_POINT('', (23.5537, 10.4221, -12.0468));
#1762 = CARTESIAN_POINT('', (23.3413, 11.4747, -9.3399));
#1763 = CARTESIAN_POINT('', (22.8838, 10.1093, -11.7412));
#1764 = CARTESIAN_POINT('', (23.5170, 10.3322, -12.1948));
#1765 = CARTESIAN_POINT('', (22.8168, 8.8599, -14.4712));
#1766 = CARTESIAN_POINT('', (22.8645, 10.0619, -11.8192));
#1767 = CARTESIAN_POINT('', (22.1642, 8.5896, -14.0956));
#1768 = CARTESIAN_POINT('', (0.5462, 24.4705, 14.4712));
#1769 = CARTESIAN_POINT('', (-0.5462, 25.6809, 12.1948));
#1770 = CARTESIAN_POINT('', (0.5462, 23.7642, 14.0956));
#1771 = CARTESIAN_POINT('', (-0.5462, 24.9745, 11.8192));
#1772 = CARTESIAN_POINT('', (-0.6151, 25.7491, 12.0468));
#1773 = CARTESIAN_POINT('', (-1.7015, 26.6944, 9.6454));
#1774 = CARTESIAN_POINT('', (-0.5825, 25.0105, 11.7412));
#1775 = CARTESIAN_POINT('', (-1.6689, 25.9557, 9.3399));
#1776 = CARTESIAN_POINT('', (-1.7697, 26.7455, 9.4903));
#1777 = CARTESIAN_POINT('', (-2.8382, 27.4153, 6.9904));
#1778 = CARTESIAN_POINT('', (-1.7048, 25.9827, 9.2582));
#1779 = CARTESIAN_POINT('', (-2.7733, 26.6525, 6.7582));
#1780 = CARTESIAN_POINT('', (-2.9049, 27.4488, 6.8298));
#1781 = CARTESIAN_POINT('', (-3.9437, 27.8358, 4.2586));
#1782 = CARTESIAN_POINT('', (-2.8084, 26.6701, 6.6737));
#1783 = CARTESIAN_POINT('', (-3.8473, 27.0571, 4.1025));
#1784 = CARTESIAN_POINT('', (-4.0082, 27.8512, 4.0945));
#1785 = CARTESIAN_POINT('', (-5.0061, 27.9512, 1.4803));
#1786 = CARTESIAN_POINT('', (-3.8812, 27.0653, 4.0160));
#1787 = CARTESIAN_POINT('', (-4.8791, 27.1652, 1.4018));
#1788 = CARTESIAN_POINT('', (-5.0676, 27.9484, 1.3143));
#1789 = CARTESIAN_POINT('', (-6.0135, 27.7602, -1.3143));
#1790 = CARTESIAN_POINT('', (-4.9115, 27.1638, 1.3143));
#1791 = CARTESIAN_POINT('', (-5.8575, 26.9756, -1.3143));
#1792 = CARTESIAN_POINT('', (-6.0715, 27.7393, -1.4803));
#1793 = CARTESIAN_POINT('', (-6.9551, 27.2650, -4.0945));
#1794 = CARTESIAN_POINT('', (-5.8880, 26.9645, -1.4018));
#1795 = CARTESIAN_POINT('', (-6.7716, 26.4903, -4.0160));
#1796 = CARTESIAN_POINT('', (-7.0088, 27.2261, -4.2586));
#1797 = CARTESIAN_POINT('', (-7.8204, 26.4710, -6.8298));
#1798 = CARTESIAN_POINT('', (-6.7999, 26.4698, -4.1025));
#1799 = CARTESIAN_POINT('', (-7.6116, 25.7147, -6.6737));
#1800 = CARTESIAN_POINT('', (-7.8693, 26.4146, -6.9904));
#1801 = CARTESIAN_POINT('', (-8.6001, 25.3869, -9.4903));
#1802 = CARTESIAN_POINT('', (-7.6373, 25.6850, -6.7582));
#1803 = CARTESIAN_POINT('', (-8.3681, 24.6573, -9.2582));
#1804 = CARTESIAN_POINT('', (-8.6435, 25.3135, -9.6454));
#1805 = CARTESIAN_POINT('', (-9.2855, 24.0245, -12.0468));
#1806 = CARTESIAN_POINT('', (-8.3910, 24.6186, -9.3399));
#1807 = CARTESIAN_POINT('', (-9.0329, 23.3296, -11.7412));
#1808 = CARTESIAN_POINT('', (-9.3231, 23.9351, -12.1948));
#1809 = CARTESIAN_POINT('', (-9.8691, 22.3988, -14.4712));
#1810 = CARTESIAN_POINT('', (-9.0527, 23.2825, -11.8192));
#1811 = CARTESIAN_POINT('', (-9.5988, 21.7462, -14.0956));
#1812 = CARTESIAN_POINT('', (-0.5462, 24.4705, 14.4712));
#1813 = CARTESIAN_POINT('', (0.5462, 25.6809, 12.1948));
#1814 = CARTESIAN_POINT('', (-0.5462, 23.7642, 14.0956));
#1815 = CARTESIAN_POINT('', (0.5462, 24.9745, 11.8192));
#1816 = CARTESIAN_POINT('', (0.6151, 25.7491, 12.0468));
#1817 = CARTESIAN_POINT('', (1.7015, 26.6944, 9.6454));
#1818 = CARTESIAN_POINT('', (0.5825, 25.0105, 11.7412));
#1819 = CARTESIAN_POINT('', (1.6689, 25.9557, 9.3399));
#1820 = CARTESIAN_POINT('', (1.7697, 26.7455, 9.4903));
#1821 = CARTESIAN_POINT('', (2.8382, 27.4153, 6.9904));
#1822 = CARTESIAN_POINT('', (1.7048, 25.9827, 9.2582));
#1823 = CARTESIAN_POINT('', (2.7733, 26.6525, 6.7582));
#1824 = CARTESIAN_POINT('', (2.9049, 27.4488, 6.8298));
#1825 = CARTESIAN_POINT('', (3.9437, 27.8358, 4.2586));
#1826 = CARTESIAN_POINT('', (2.8084, 26.6701, 6.6737));
#1827 = CARTESIAN_POINT('', (3.8473, 27.0571, 4.1025));
#1828 = CARTESIAN_POINT('', (4.0082, 27.8512, 4.0945));
#1829 = CARTESIAN_POINT('', (5.0061, 27.9512, 1.4803));
#1830 = CARTESIAN_POINT('', (3.8812, 27.0653, 4.0160));
#1831 = CARTESIAN_POINT('', (4.8791, 27.1652, 1.4018));
#1832 = CARTESIAN_POINT('', (5.0676, 27.9484, 1.3143));
#1833 = CARTESIAN_POINT('', (6.0135, 27.7602, -1.3143));
#1834 = CARTESIAN_POINT('', (4.9115, 27.1638, 1.3143));
#1835 = CARTESIAN_POINT('', (5.8575, 26.9756, -1.3143));
#1836 = CARTESIAN_POINT('', (6.0715, 27.7393, -1.4803));
#1837 = CARTESIAN_POINT('', (6.9551, 27.2650, -4.0945));
#1838 = CARTESIAN_POINT('', (5.8880, 26.9645, -1.4018));
#1839 = CARTESIAN_POINT('', (6.7716, 26.4903, -4.0160));
#1840 = CARTESIAN_POINT('', (7.0088, 27.2261, -4.2586));
#1841 = CARTESIAN_POINT('', (7.8204, 26.4710, -6.8298));
#1842 = CARTESIAN_POINT('', (6.7999, 26.4698, -4.1025));
#1843 = CARTESIAN_POINT('', (7.6116, 25.7147, -6.6737));
#1844 = CARTESIAN_POINT('', (7.8693, 26.4146, -6.9904));
#1845 = CARTESIAN_POINT('', (8.6001, 25.3869, -9.4903));
#1846 = CARTESIAN_POINT('', (7.6373, 25.6850, -6.7582));
#1847 = CARTESIAN_POINT('', (8.3681, 24.6573, -9.2582));
#1848 = CARTESIAN_POINT('', (8.6435, 25.3135, -9.6454));
#1849 = CARTESIAN_POINT('', (9.2855, 24.0245, -12.0468));
#1850 = CARTESIAN_POINT('', (8.3910, 24.6186, -9.3399));
#1851 = CARTESIAN_POINT('', (9.0329, 23.3296, -11.7412));
#1852 = CARTESIAN_POINT('', (9.3231, 23.9351, -12.1948));
#1853 = CARTESIAN_POINT('', (9.8691, 22.3988, -14.4712));
#1854 = CARTESIAN_POINT('', (9.0527, 23.2825, -11.8192));
#1855 = CARTESIAN_POINT('', (9.5988, 21.7462, -14.0956));
#1856 = CARTESIAN_POINT('', (-16.9171, 17.6895, 14.4712));
#1857 = CARTESIAN_POINT('', (-18.5453, 17.7729, 12.1948));
#1858 = CARTESIAN_POINT('', (-16.4176, 17.1900, 14.0956));
#1859 = CARTESIAN_POINT('', (-18.0459, 17.2735, 11.8192));
#1860 = CARTESIAN_POINT('', (-18.6423, 17.7724, 12.0468));
#1861 = CARTESIAN_POINT('', (-20.0789, 17.6727, 9.6454));
#1862 = CARTESIAN_POINT('', (-18.0970, 17.2732, 11.7412));
#1863 = CARTESIAN_POINT('', (-19.5335, 17.1734, 9.3399));
#1864 = CARTESIAN_POINT('', (-20.1633, 17.6606, 9.4903));
#1865 = CARTESIAN_POINT('', (-21.3924, 17.3787, 6.9904));
#1866 = CARTESIAN_POINT('', (-19.5780, 17.1671, 9.2582));
#1867 = CARTESIAN_POINT('', (-20.8071, 16.8852, 6.7582));
#1868 = CARTESIAN_POINT('', (-21.4633, 17.3552, 6.8298));
#1869 = CARTESIAN_POINT('', (-22.4715, 16.8942, 4.2586));
#1870 = CARTESIAN_POINT('', (-20.8445, 16.8728, 6.6737));
#1871 = CARTESIAN_POINT('', (-21.8527, 16.4119, 4.1025));
#1872 = CARTESIAN_POINT('', (-22.5280, 16.8596, 4.0945));
#1873 = CARTESIAN_POINT('', (-23.3043, 16.2246, 1.4803));
#1874 = CARTESIAN_POINT('', (-21.8825, 16.3936, 4.0160));
#1875 = CARTESIAN_POINT('', (-22.6588, 15.7587, 1.4018));
#1876 = CARTESIAN_POINT('', (-23.3458, 16.1792, 1.3143));
#1877 = CARTESIAN_POINT('', (-23.8817, 15.3772, -1.3143));
#1878 = CARTESIAN_POINT('', (-22.6806, 15.7347, 1.3143));
#1879 = CARTESIAN_POINT('', (-23.2165, 14.9328, -1.3143));
#1880 = CARTESIAN_POINT('', (-23.9078, 15.3215, -1.4803));
#1881 = CARTESIAN_POINT('', (-24.1973, 14.3613, -4.0945));
#1882 = CARTESIAN_POINT('', (-23.2302, 14.9034, -1.4018));
#1883 = CARTESIAN_POINT('', (-23.5197, 13.9432, -4.0160));
#1884 = CARTESIAN_POINT('', (-24.2077, 14.2958, -4.2586));
#1885 = CARTESIAN_POINT('', (-24.2477, 13.1879, -6.8298));
#1886 = CARTESIAN_POINT('', (-23.5252, 13.9087, -4.1025));
#1887 = CARTESIAN_POINT('', (-23.5652, 12.8008, -6.6737));
#1888 = CARTESIAN_POINT('', (-24.2423, 13.1135, -6.9904));
#1889 = CARTESIAN_POINT('', (-24.0324, 11.8700, -9.4903));
#1890 = CARTESIAN_POINT('', (-23.5624, 12.7616, -6.7582));
#1891 = CARTESIAN_POINT('', (-23.3525, 11.5182, -9.2582));
#1892 = CARTESIAN_POINT('', (-24.0113, 11.7875, -9.6454));
#1893 = CARTESIAN_POINT('', (-23.5537, 10.4221, -12.0468));
#1894 = CARTESIAN_POINT('', (-23.3413, 11.4747, -9.3399));
#1895 = CARTESIAN_POINT('', (-22.8838, 10.1093, -11.7412));
#1896 = CARTESIAN_POINT('', (-23.5170, 10.3322, -12.1948));
#1897 = CARTESIAN_POINT('', (-22.8168, 8.8599, -14.4712));
#1898 = CARTESIAN_POINT('', (-22.8645, 10.0619, -11.8192));
#1899 = CARTESIAN_POINT('', (-22.1642, 8.5896, -14.0956));
#1900 = CARTESIAN_POINT('', (-17.6895, 16.9171, 14.4712));
#1901 = CARTESIAN_POINT('', (-17.7729, 18.5453, 12.1948));
#1902 = CARTESIAN_POINT('', (-17.1900, 16.4176, 14.0956));
#1903 = CARTESIAN_POINT('', (-17.2735, 18.0459, 11.8192));
#1904 = CARTESIAN_POINT('', (-17.7724, 18.6423, 12.0468));
#1905 = CARTESIAN_POINT('', (-17.6727, 20.0789, 9.6454));
#1906 = CARTESIAN_POINT('', (-17.2732, 18.0970, 11.7412));
#1907 = CARTESIAN_POINT('', (-17.1734, 19.5335, 9.3399));
#1908 = CARTESIAN_POINT('', (-17.6606, 20.1633, 9.4903));
#1909 = CARTESIAN_POINT('', (-17.3787, 21.3924, 6.9904));
#1910 = CARTESIAN_POINT('', (-17.1671, 19.5780, 9.2582));
#1911 = CARTESIAN_POINT('', (-16.8852, 20.8071, 6.7582));
#1912 = CARTESIAN_POINT('', (-17.3552, 21.4633, 6.8298));
#1913 = CARTESIAN_POINT('', (-16.8942, 22.4715, 4.2586));
#1914 = CARTESIAN_POINT('', (-16.8728, 20.8445, 6.6737));
#1915 = CARTESIAN_POINT('', (-16.4119, 21.8527, 4.1025));
#1916 = CARTESIAN_POINT('', (-16.8596, 22.5280, 4.0945));
#1917 = CARTESIAN_POINT('', (-16.2246, 23.3043, 1.4803));
#1918 = CARTESIAN_POINT('', (-16.3936, 21.8825, 4.0160));
#1919 = CARTESIAN_POINT('', (-15.7587, 22.6588, 1.4018));
#1920 = CARTESIAN_POINT('', (-16.1792, 23.3458, 1.3143));
#1921 = CARTESIAN_POINT('', (-15.3772, 23.8817, -1.3143));
#1922 = CARTESIAN_POINT('', (-15.7347, 22.6806, 1.3143));
#1923 = CARTESIAN_POINT('', (-14.9328, 23.2165, -1.3143));
#1924 = CARTESIAN_POINT('', (-15.3215, 23.9078, -1.4803));
#1925 = CARTESIAN_POINT('', (-14.3613, 24.1973, -4.0945));
#1926 = CARTESIAN_POINT('', (-14.9034, 23.2302, -1.4018));
#1927 = CARTESIAN_POINT('', (-13.9432, 23.5197, -4.0160));
#1928 = CARTESIAN_POINT('', (-14.2958, 24.2077, -4.2586));
#1929 = CARTESIAN_POINT('', (-13.1879, 24.2477, -6.8298));
#1930 = CARTESIAN_POINT('', (-13.9087, 23.5252, -4.1025));
#1931 = CARTESIAN_POINT('', (-12.8008, 23.5652, -6.6737));
#1932 = CARTESIAN_POINT('', (-13.1135, 24.2423, -6.9904));
#1933 = CARTESIAN_POINT('', (-11.8700, 24.0324, -9.4903));
#1934 = CARTESIAN_POINT('', (-12.7616, 23.5624, -6.7582));
#1935 = CARTESIAN_POINT('', (-11.5182, 23.3525, -9.2582));
#1936 = CARTESIAN_POINT('', (-11.7875, 24.0113, -9.6454));
#1937 = CARTESIAN_POINT('', (-10.4221, 23.5537, -12.0468));
#1938 = CARTESIAN_POINT('', (-11.4747, 23.3413, -9.3399));
#1939 = CARTESIAN_POINT('', (-10.1093, 22.8838, -11.7412));
#1940 = CARTESIAN_POINT('', (-10.3322, 23.5170, -12.1948));
#1941 = CARTESIAN_POINT('', (-8.8599, 22.8168, -14.4712));
#1942 = CARTESIAN_POINT('', (-10.0619, 22.8645, -11.8192));
#1943 = CARTESIAN_POINT('', (-8.5896, 22.1642, -14.0956));
#1944 = CARTESIAN_POINT('', (-24.4705, 0.5462, 14.4712));
#1945 = CARTESIAN_POINT('', (-25.6809, -0.5462, 12.1948));
#1946 = CARTESIAN_POINT('', (-23.7642, 0.5462, 14.0956));
#1947 = CARTESIAN_POINT('', (-24.9745, -0.5462, 11.8192));
#1948 = CARTESIAN_POINT('', (-25.7491, -0.6151, 12.0468));
#1949 = CARTESIAN_POINT('', (-26.6944, -1.7015, 9.6454));
#1950 = CARTESIAN_POINT('', (-25.0105, -0.5825, 11.7412));
#1951 = CARTESIAN_POINT('', (-25.9557, -1.6689, 9.3399));
#1952 = CARTESIAN_POINT('', (-26.7455, -1.7697, 9.4903));
#1953 = CARTESIAN_POINT('', (-27.4153, -2.8382, 6.9904));
#1954 = CARTESIAN_POINT('', (-25.9827, -1.7048, 9.2582));
#1955 = CARTESIAN_POINT('', (-26.6525, -2.7733, 6.7582));
#1956 = CARTESIAN_POINT('', (-27.4488, -2.9049, 6.8298));
#1957 = CARTESIAN_POINT('', (-27.8358, -3.9437, 4.2586));
#1958 = CARTESIAN_POINT('', (-26.6701, -2.8084, 6.6737));
#1959 = CARTESIAN_POINT('', (-27.0571, -3.8473, 4.1025));
#1960 = CARTESIAN_POINT('', (-27.8512, -4.0082, 4.0945));
#1961 = CARTESIAN_POINT('', (-27.9512, -5.0061, 1.4803));
#1962 = CARTESIAN_POINT('', (-27.0653, -3.8812, 4.0160));
#1963 = CARTESIAN_POINT('', (-27.1652, -4.8791, 1.4018));
#1964 = CARTESIAN_POINT('', (-27.9484, -5.0676, 1.3143));
#1965 = CARTESIAN_POINT('', (-27.7602, -6.0135, -1.3143));
#1966 = CARTESIAN_POINT('', (-27.1638, -4.9115, 1.3143));
#1967 = CARTESIAN_POINT('', (-26.9756, -5.8575, -1.3143));
#1968 = CARTESIAN_POINT('', (-27.7393, -6.0715, -1.4803));
#1969 = CARTESIAN_POINT('', (-27.2650, -6.9551, -4.0945));
#1970 = CARTESIAN_POINT('', (-26.9645, -5.8880, -1.4018));
#1971 = CARTESIAN_POINT('', (-26.4903, -6.7716, -4.0160));
#1972 = CARTESIAN_POINT('', (-27.2261, -7.0088, -4.2586));
#1973 = CARTESIAN_POINT('', (-26.4710, -7.8204, -6.8298));
#1974 = CARTESIAN_POINT('', (-26.4698, -6.7999, -4.1025));
#1975 = CARTESIAN_POINT('', (-25.7147, -7.6116, -6.6737));
#1976 = CARTESIAN_POINT('', (-26.4146, -7.8693, -6.9904));
#1977 = CARTESIAN_POINT('', (-25.3869, -8.6001, -9.4903));
#1978 = CARTESIAN_POINT('', (-25.6850, -7.6373, -6.7582));
#1979 = CARTESIAN_POINT('', (-24.6573, -8.3681, -9.2582));
#1980 = CARTESIAN_POINT('', (-25.3135, -8.6435, -9.6454));
#1981 = CARTESIAN_POINT('', (-24.0245, -9.2855, -12.0468));
#1982 = CARTESIAN_POINT('', (-24.6186, -8.3910, -9.3399));
#1983 = CARTESIAN_POINT('', (-23.3296, -9.0329, -11.7412));
#1984 = CARTESIAN_POINT('', (-23.9351, -9.3231, -12.1948));
#1985 = CARTESIAN_POINT('', (-22.3988, -9.8691, -14.4712));
#1986 = CARTESIAN_POINT('', (-23.2825, -9.0527, -11.8192));
#1987 = CARTESIAN_POINT('', (-21.7462, -9.5988, -14.0956));
#1988 = CARTESIAN_POINT('', (-24.4705, -0.5462, 14.4712));
#1989 = CARTESIAN_POINT('', (-25.6809, 0.5462, 12.1948));
#1990 = CARTESIAN_POINT('', (-23.7642, -0.5462, 14.0956));
#1991 = CARTESIAN_POINT('', (-24.9745, 0.5462, 11.8192));
#1992 = CARTESIAN_POINT('', (-25.7491, 0.6151, 12.0468));
#1993 = CARTESIAN_POINT('', (-26.6944, 1.7015, 9.6454));
#1994 = CARTESIAN_POINT('', (-25.0105, 0.5825, 11.7412));
#1995 = CARTESIAN_POINT('', (-25.9557, 1.6689, 9.3399));
#1996 = CARTESIAN_POINT('', (-26.7455, 1.7697, 9.4903));
#1997 = CARTESIAN_POINT('', (-27.4153, 2.8382, 6.9904));
#1998 = CARTESIAN_POINT('', (-25.9827, 1.7048, 9.2582));
#1999 = CARTESIAN_POINT('', (-26.6525, 2.7733, 6.7582));
#2000 = CARTESIAN_POINT('', (-27.4488, 2.9049, 6.8298));
#2001 = CARTESIAN_POINT('', (-27.8358, 3.9437, 4.2586));
#2002 = CARTESIAN_POINT('', (-26.6701, 2.8084, 6.6737));
#2003 = CARTESIAN_POINT('', (-27.0571, 3.8473, 4.1025));
#2004 = CARTESIAN_POINT('', (-27.8512, 4.0082, 4.0945));
#2005 = CARTESIAN_POINT('', (-27.9512, 5.0061, 1.4803));
#2006 = CARTESIAN_POINT('', (-27.0653, 3.8812, 4.0160));
#2007 = CARTESIAN_POINT('', (-27.1652, 4.8791, 1.4018));
#2008 = CARTESIAN_POINT('', (-27.9484, 5.0676, 1.3143));
#2009 = CARTESIAN_POINT('', (-27.7602, 6.0135, -1.3143));
#2010 = CARTESIAN_POINT('', (-27.1638, 4.9115, 1.3143));
#2011 = CARTESIAN_POINT('', (-26.9756, 5.8575, -1.3143));
#2012 = CARTESIAN_POINT('', (-27.7393, 6.0715, -1.4803));
#2013 = CARTESIAN_POINT('', (-27.2650, 6.9551, -4.0945));
#2014 = CARTESIAN_POINT('', (-26.9645, 5.8880, -1.4018));
#2015 = CARTESIAN_POINT('', (-26.4903, 6.7716, -4.0160));
#2016 = CARTESIAN_POINT('', (-27.2261, 7.0088, -4.2586));
#2017 = CARTESIAN_POINT('', (-26.4710, 7.8204, -6.8298));
#2018 = CARTESIAN_POINT('', (-26.4698, 6.7999, -4.1025));
#2019 = CARTESIAN_POINT('', (-25.7147, 7.6116, -6.6737));
#2020 = CARTESIAN_POINT('', (-26.4146, 7.8693, -6.9904));
#2021 = CARTESIAN_POINT('', (-25.3869, 8.6001, -9.4903));
#2022 = CARTESIAN_POINT('', (-25.6850, 7.6373, -6.7582));
#2023 = CARTESIAN_POINT('', (-24.6573, 8.3681, -9.2582));
#2024 = CARTESIAN_POINT('', (-25.3135, 8.6435, -9.6454));
#2025 = CARTESIAN_POINT('', (-24.0245, 9.2855, -12.0468));
#2026 = CARTESIAN_POINT('', (-24.6186, 8.3910, -9.3399));
#2027 = CARTESIAN_POINT('', (-23.3296, 9.0329, -11.7412));
#2028 = CARTESIAN_POINT('', (-23.9351, 9.3231, -12.1948));
#2029 = CARTESIAN_POINT('', (-22.3988, 9.8691, -14.4712));
#2030 = CARTESIAN_POINT('', (-23.2825, 9.0527, -11.8192));
#2031 = CARTESIAN_POINT('', (-21.7462, 9.5988, -14.0956));
#2032 = CARTESIAN_POINT('', (-17.6895, -16.9171, 14.4712));
#2033 = CARTESIAN_POINT('', (-17.7729, -18.5453, 12.1948));
#2034 = CARTESIAN_POINT('', (-17.1900, -16.4176, 14.0956));
#2035 = CARTESIAN_POINT('', (-17.2735, -18.0459, 11.8192));
#2036 = CARTESIAN_POINT('', (-17.7724, -18.6423, 12.0468));
#2037 = CARTESIAN_POINT('', (-17.6727, -20.0789, 9.6454));
#2038 = CARTESIAN_POINT('', (-17.2732, -18.0970, 11.7412));
#2039 = CARTESIAN_POINT('', (-17.1734, -19.5335, 9.3399));
#2040 = CARTESIAN_POINT('', (-17.6606, -20.1633, 9.4903));
#2041 = CARTESIAN_POINT('', (-17.3787, -21.3924, 6.9904));
#2042 = CARTESIAN_POINT('', (-17.1671, -19.5780, 9.2582));
#2043 = CARTESIAN_POINT('', (-16.8852, -20.8071, 6.7582));
#2044 = CARTESIAN_POINT('', (-17.3552, -21.4633, 6.8298));
#2045 = CARTESIAN_POINT('', (-16.8942, -22.4715, 4.2586));
#2046 = CARTESIAN_POINT('', (-16.8728, -20.8445, 6.6737));
#2047 = CARTESIAN_POINT('', (-16.4119, -21.8527, 4.1025));
#2048 = CARTESIAN_POINT('', (-16.8596, -22.5280, 4.0945));
#2049 = CARTESIAN_POINT('', (-16.2246, -23.3043, 1.4803));
#2050 = CARTESIAN_POINT('', (-16.3936, -21.8825, 4.0160));
#2051 = CARTESIAN_POINT('', (-15.7587, -22.6588, 1.4018));
#2052 = CARTESIAN_POINT('', (-16.1792, -23.3458, 1.3143));
#2053 = CARTESIAN_POINT('', (-15.3772, -23.8817, -1.3143));
#2054 = CARTESIAN_POINT('', (-15.7347, -22.6806, 1.3143));
#2055 = CARTESIAN_POINT('', (-14.9328, -23.2165, -1.3143));
#2056 = CARTESIAN_POINT('', (-15.3215, -23.9078, -1.4803));
#2057 = CARTESIAN_POINT('', (-14.3613, -24.1973, -4.0945));
#2058 = CARTESIAN_POINT('', (-14.9034, -23.2302, -1.4018));
#2059 = CARTESIAN_POINT('', (-13.9432, -23.5197, -4.0160));
#2060 = CARTESIAN_POINT('', (-14.2958, -24.2077, -4.2586));
#2061 = CARTESIAN_POINT('', (-13.1879, -24.2477, -6.8298));
#2062 = CARTESIAN_POINT('', (-13.9087, -23.5252, -4.1025));
#2063 = CARTESIAN_POINT('', (-12.8008, -23.5652, -6.6737));
#2064 = CARTESIAN_POINT('', (-13.1135, -24.2423, -6.9904));
#2065 = CARTESIAN_POINT('', (-11.8700, -24.0324, -9.4903));
#2066 = CARTESIAN_POINT('', (-12.7616, -23.5624, -6.7582));
#2067 = CARTESIAN_POINT('', (-11.5182, -23.3525, -9.2582));
#2068 = CARTESIAN_POINT('', (-11.7875, -24.0113, -9.6454));
#2069 = CARTESIAN_POINT('', (-10.4221, -23.5537, -12.0468));
#2070 = CARTESIAN_POINT('', (-11.4747, -23.3413, -9.3399));
#2071 = CARTESIAN_POINT('', (-10.1093, -22.8838, -11.7412));
#2072 = CARTESIAN_POINT('', (-10.3322, -23.5170, -12.1948));
#2073 = CARTESIAN_POINT('', (-8.8599, -22.8168, -14.4712));
#2074 = CARTESIAN_POINT('', (-10.0619, -22.8645, -11.8192));
#2075 = CARTESIAN_POINT('', (-8.5896, -22.1642, -14.0956));
#2076 = CARTESIAN_POINT('', (-16.9171, -17.6895, 14.4712));
#2077 = CARTESIAN_POINT('', (-18.5453, -17.7729, 12.1948));
#2078 = CARTESIAN_POINT('', (-16.4176, -17.1900, 14.0956));
#2079 = CARTESIAN_POINT('', (-18.0459, -17.2735, 11.8192));
#2080 = CARTESIAN_POINT('', (-18.6423, -17.7724, 12.0468));
#2081 = CARTESIAN_POINT('', (-20.0789, -17.6727, 9.6454));
#2082 = CARTESIAN_POINT('', (-18.0970, -17.2732, 11.7412));
#2083 = CARTESIAN_POINT('', (-19.5335, -17.1734, 9.3399));
#2084 = CARTESIAN_POINT('', (-20.1633, -17.6606, 9.4903));
#2085 = CARTESIAN_POINT('', (-21.3924, -17.3787, 6.9904));
#2086 = CARTESIAN_POINT('', (-19.5780, -17.1671, 9.2582));
#2087 = CARTESIAN_POINT('', (-20.8071, -16.8852, 6.7582));
#2088 = CARTESIAN_POINT('', (-21.4633, -17.3552, 6.8298));
#2089 = CARTESIAN_POINT('', (-22.4715, -16.8942, 4.2586));
#2090 = CARTESIAN_POINT('', (-20.8445, -16.8728, 6.6737));
#2091 = CARTESIAN_POINT('', (-21.8527, -16.4119, 4.1025));
#2092 = CARTESIAN_POINT('', (-22.5280, -16.8596, 4.0945));
#2093 = CARTESIAN_POINT('', (-23.3043, -16.2246, 1.4803));
#2094 = CARTESIAN_POINT('', (-21.8825, -16.3936, 4.0160));
#2095 = CARTESIAN_POINT('', (-22.6588, -15.7587, 1.4018));
#2096 = CARTESIAN_POINT('', (-23.3458, -16.1792, 1.3143));
#2097 = CARTESIAN_POINT('', (-23.8817, -15.3772, -1.3143));
#2098 = CARTESIAN_POINT('', (-22.6806, -15.7347, 1.3143));
#2099 = CARTESIAN_POINT('', (-23.2165, -14.9328, -1.3143));
#2100 = CARTESIAN_POINT('', (-23.9078, -15.3215, -1.4803));
#2101 = CARTESIAN_POINT('', (-24.1973, -14.3613, -4.0945));
#2102 = CARTESIAN_POINT('', (-23.2302, -14.9034, -1.4018));
#2103 = CARTESIAN_POINT('', (-23.5197, -13.9432, -4.0160));
#2104 = CARTESIAN_POINT('', (-24.2077, -14.2958, -4.2586));
#2105 = CARTESIAN_POINT('', (-24.2477, -13.1879, -6.8298));
#2106 = CARTESIAN_POINT('', (-23.5252, -13.9087, -4.1025));
#2107 = CARTESIAN_POINT('', (-23.5652, -12.8008, -6.6737));
#2108 = CARTESIAN_POINT('', (-24.2423, -13.1135, -6.9904));
#2109 = CARTESIAN_POINT('', (-24.0324, -11.8700, -9.4903));
#2110 = CARTESIAN_POINT('', (-23.5624, -12.7616, -6.7582));
#2111 = CARTESIAN_POINT('', (-23.3525, -11.5182, -9.2582));
#2112 = CARTESIAN_POINT('', (-24.0113, -11.7875, -9.6454));
#2113 = CARTESIAN_POINT('', (-23.5537, -10.4221, -12.0468));
#2114 = CARTESIAN_POINT('', (-23.3413, -11.4747, -9.3399));
#2115 = CARTESIAN_POINT('', (-22.8838, -10.1093, -11.7412));
#2116 = CARTESIAN_POINT('', (-23.5170, -10.3322, -12.1948));
#2117 = CARTESIAN_POINT('', (-22.8168, -8.8599, -14.4712));
#2118 = CARTESIAN_POINT('', (-22.8645, -10.0619, -11.8192));
#2119 = CARTESIAN_POINT('', (-22.1642, -8.5896, -14.0956));
#2120 = CARTESIAN_POINT('', (-0.5462, -24.4705, 14.4712));
#2121 = CARTESIAN_POINT('', (0.5462, -25.6809, 12.1948));
#2122 = CARTESIAN_POINT('', (-0.5462, -23.7642, 14.0956));
#2123 = CARTESIAN_POINT('', (0.5462, -24.9745, 11.8192));
#2124 = CARTESIAN_POINT('', (0.6151, -25.7491, 12.0468));
#2125 = CARTESIAN_POINT('', (1.7015, -26.6944, 9.6454));
#2126 = CARTESIAN_POINT('', (0.5825, -25.0105, 11.7412));
#2127 = CARTESIAN_POINT('', (1.6689, -25.9557, 9.3399));
#2128 = CARTESIAN_POINT('', (1.7697, -26.7455, 9.4903));
#2129 = CARTESIAN_POINT('', (2.8382, -27.4153, 6.9904));
#2130 = CARTESIAN_POINT('', (1.7048, -25.9827, 9.2582));
#2131 = CARTESIAN_POINT('', (2.7733, -26.6525, 6.7582));
#2132 = CARTESIAN_POINT('', (2.9049, -27.4488, 6.8298));
#2133 = CARTESIAN_POINT('', (3.9437, -27.8358, 4.2586));
#2134 = CARTESIAN_POINT('', (2.8084, -26.6701, 6.6737));
#2135 = CARTESIAN_POINT('', (3.8473, -27.0571, 4.1025));
#2136 = CARTESIAN_POINT('', (4.0082, -27.8512, 4.0945));
#2137 = CARTESIAN_POINT('', (5.0061, -27.9512, 1.4803));
#2138 = CARTESIAN_POINT('', (3.8812, -27.0653, 4.0160));
#2139 = CARTESIAN_POINT('', (4.8791, -27.1652, 1.4018));
#2140 = CARTESIAN_POINT('', (5.0676, -27.9484, 1.3143));
#2141 = CARTESIAN_POINT('', (6.0135, -27.7602, -1.3143));
#2142 = CARTESIAN_POINT('', (4.9115, -27.1638, 1.3143));
#2143 = CARTESIAN_POINT('', (5.8575, -26.9756, -1.3143));
#2144 = CARTESIAN_POINT('', (6.0715, -27.7393, -1.4803));
#2145 = CARTESIAN_POINT('', (6.9551, -27.2650, -4.0945));
#2146 = CARTESIAN_POINT('', (5.8880, -26.9645, -1.4018));
#2147 = CARTESIAN_POINT('', (6.7716, -26.4903, -4.0160));
#2148 = CARTESIAN_POINT('', (7.0088, -27.2261, -4.2586));
#2149 = CARTESIAN_POINT('', (7.8204, -26.4710, -6.8298));
#2150 = CARTESIAN_POINT('', (6.7999, -26.4698, -4.1025));
#2151 = CARTESIAN_POINT('', (7.6116, -25.7147, -6.6737));
#2152 = CARTESIAN_POINT('', (7.8693, -26.4146, -6.9904));
#2153 = CARTESIAN_POINT('', (8.6001, -25.3869, -9.4903));
#2154 = CARTESIAN_POINT('', (7.6373, -25.6850, -6.7582));
#2155 = CARTESIAN_POINT('', (8.3681, -24.6573, -9.2582));
#2156 = CARTESIAN_POINT('', (8.6435, -25.3135, -9.6454));
#2157 = CARTESIAN_POINT('', (9.2855, -24.0245, -12.0468));
#2158 = CARTESIAN_POINT('', (8.3910, -24.6186, -9.3399));
#2159 = CARTESIAN_POINT('', (9.0329, -23.3296, -11.7412));
#2160 = CARTESIAN_POINT('', (9.3231, -23.9351, -12.1948));
#2161 = CARTESIAN_POINT('', (9.8691, -22.3988, -14.4712));
#2162 = CARTESIAN_POINT('', (9.0527, -23.2825, -11.8192));
#2163 = CARTESIAN_POINT('', (9.5988, -21.7462, -14.0956));
#2164 = CARTESIAN_POINT('', (0.5462, -24.4705, 14.4712));
#2165 = CARTESIAN_POINT('', (-0.5462, -25.6809, 12.1948));
#2166 = CARTESIAN_POINT('', (0.5462, -23.7642, 14.0956));
#2167 = CARTESIAN_POINT('', (-0.5462, -24.9745, 11.8192));
#2168 = CARTESIAN_POINT('', (-0.6151, -25.7491, 12.0468));
#2169 = CARTESIAN_POINT('', (-1.7015, -26.6944, 9.6454));
#2170 = CARTESIAN_POINT('', (-0.5825, -25.0105, 11.7412));
#2171 = CARTESIAN_POINT('', (-1.6689, -25.9557, 9.3399));
#2172 = CARTESIAN_POINT('', (-1.7697, -26.7455, 9.4903));
#2173 = CARTESIAN_POINT('', (-2.8382, -27.4153, 6.9904));
#2174 = CARTESIAN_POINT('', (-1.7048, -25.9827, 9.2582));
#2175 = CARTESIAN_POINT('', (-2.7733, -26.6525, 6.7582));
#2176 = CARTESIAN_POINT('', (-2.9049, -27.4488, 6.8298));
#2177 = CARTESIAN_POINT('', (-3.9437, -27.8358, 4.2586));
#2178 = CARTESIAN_POINT('', (-2.8084, -26.6701, 6.6737));
#2179 = CARTESIAN_POINT('', (-3.8473, -27.0571, 4.1025));
#2180 = CARTESIAN_POINT('', (-4.0082, -27.8512, 4.0945));
#2181 = CARTESIAN_POINT('', (-5.0061, -27.9512, 1.4803));
#2182 = CARTESIAN_POINT('', (-3.8812, -27.0653, 4.0160));
#2183 = CARTESIAN_POINT('', (-4.8791, -27.1652, 1.4018));
#2184 = CARTESIAN_POINT('', (-5.0676, -27.9484, 1.3143));
#2185 = CARTESIAN_POINT('', (-6.0135, -27.7602, -1.3143));
#2186 = CARTESIAN_POINT('', (-4.9115, -27.1638, 1.3143));
#2187 = CARTESIAN_POINT('', (-5.8575, -26.9756, -1.3143));
#2188 = CARTESIAN_POINT('', (-6.0715, -27.7393, -1.4803));
#2189 = CARTESIAN_POINT('', (-6.9551, -27.2650, -4.0945));
#2190 = CARTESIAN_POINT('', (-5.8880, -26.9645, -1.4018));
#2191 = CARTESIAN_POINT('', (-6.7716, -26.4903, -4.0160));
#2192 = CARTESIAN_POINT('', (-7.0088, -27.2261, -4.2586));
#2193 = CARTESIAN_POINT('', (-7.8204, -26.4710, -6.8298));
#2194 = CARTESIAN_POINT('', (-6.7999, -26.4698, -4.1025));
#2195 = CARTESIAN_POINT('', (-7.6116, -25.7147, -6.6737));
#2196 = CARTESIAN_POINT('', (-7.8693, -26.4146, -6.9904));
#2197 = CARTESIAN_POINT('', (-8.6001, -25.3869, -9.4903));
#2198 = CARTESIAN_POINT('', (-7.6373, -25.6850, -6.7582));
#2199 = CARTESIAN_POINT('', (-8.3681, -24.6573, -9.2582));
#2200 = CARTESIAN_POINT('', (-8.6435, -25.3135, -9.6454));
#2201 = CARTESIAN_POINT('', (-9.2855, -24.0245, -12.0468));
#2202 = CARTESIAN_POINT('', (-8.3910, -24.6186, -9.3399));
#2203 = CARTESIAN_POINT('', (-9.0329, -23.3296, -11.7412));
#2204 = CARTESIAN_POINT('', (-9.3231, -23.9351, -12.1948));
#2205 = CARTESIAN_POINT('', (-9.8691, -22.3988, -14.4712));
#2206 = CARTESIAN_POINT('', (-9.0527, -23.2825, -11.8192));
#2207 = CARTESIAN_POINT('', (-9.5988, -21.7462, -14.0956));
#2208 = CARTESIAN_POINT('', (16.9171, -17.6895, 14.4712));
#2209 = CARTESIAN_POINT('', (18.5453, -17.7729, 12.1948));
#2210 = CARTESIAN_POINT('', (16.4176, -17.1900, 14.0956));
#2211 = CARTESIAN_POINT('', (18.0459, -17.2735, 11.8192));
#2212 = CARTESIAN_POINT('', (18.6423, -17.7724, 12.0468));
#2213 = CARTESIAN_POINT('', (20.0789, -17.6727, 9.6454));
#2214 = CARTESIAN_POINT('', (18.0970, -17.2732, 11.7412));
#2215 = CARTESIAN_POINT('', (19.5335, -17.1734, 9.3399));
#2216 = CARTESIAN_POINT('', (20.1633, -17.6606, 9.4903));
#2217 = CARTESIAN_POINT('', (21.3924, -17.3787, 6.9904));
#2218 = CARTESIAN_POINT('', (19.5780, -17.1671, 9.2582));
#2219 = CARTESIAN_POINT('', (20.8071, -16.8852, 6.7582));
#2220 = CARTESIAN_POINT('', (21.4633, -17.3552, 6.8298));
#2221 = CARTESIAN_POINT('', (22.4715, -16.8942, 4.2586));
#2222 = CARTESIAN_POINT('', (20.8445, -16.8728, 6.6737));
#2223 = CARTESIAN_POINT('', (21.8527, -16.4119, 4.1025));
#2224 = CARTESIAN_POINT('', (22.5280, -16.8596, 4.0945));
#2225 = CARTESIAN_POINT('', (23.3043, -16.2246, 1.4803));
#2226 = CARTESIAN_POINT('', (21.8825, -16.3936, 4.0160));
#2227 = CARTESIAN_POINT('', (22.6588, -15.7587, 1.4018));
#2228 = CARTESIAN_POINT('', (23.3458, -16.1792, 1.3143));
#2229 = CARTESIAN_POINT('', (23.8817, -15.3772, -1.3143));
#2230 = CARTESIAN_POINT('', (22.6806, -15.7347, 1.3143));
#2231 = CARTESIAN_POINT('', (23.2165, -14.9328, -1.3143));
#2232 = CARTESIAN_POINT('', (23.9078, -15.3215, -1.4803));
#2233 = CARTESIAN_POINT('', (24.1973, -14.3613, -4.0945));
#2234 = CARTESIAN_POINT('', (23.2302, -14.9034, -1.4018));
#2235 = CARTESIAN_POINT('', (23.5197, -13.9432, -4.0160));
#2236 = CARTESIAN_POINT('', (24.2077, -14.2958, -4.2586));
#2237 = CARTESIAN_POINT('', (24.2477, -13.1879, -6.8298));
#2238 = CARTESIAN_POINT('', (23.5252, -13.9087, -4.1025));
#2239 = CARTESIAN_POINT('', (23.5652, -12.8008, -6.6737));
#2240 = CARTESIAN_POINT('', (24.2423, -13.1135, -6.9904));
#2241 = CARTESIAN_POINT('', (24.0324, -11.8700, -9.4903));
#2242 = CARTESIAN_POINT('', (23.5624, -12.7616, -6.7582));
#2243 = CARTESIAN_POINT('', (23.3525, -11.5182, -9.2582));
#2244 = CARTESIAN_POINT('', (24.0113, -11.7875, -9.6454));
#2245 = CARTESIAN_POINT('', (23.5537, -10.4221, -12.0468));
#2246 = CARTESIAN_POINT('', (23.3413, -11.4747, -9.3399));
#2247 = CARTESIAN_POINT('', (22.8838, -10.1093, -11.7412));
#2248 = CARTESIAN_POINT('', (23.5170, -10.3322, -12.1948));
#2249 = CARTESIAN_POINT('', (22.8168, -8.8599, -14.4712));
#2250 = CARTESIAN_POINT('', (22.8645, -10.0619, -11.8192));
#2251 = CARTESIAN_POINT('', (22.1642, -8.5896, -14.0956));
#2252 = CARTESIAN_POINT('', (17.6895, -16.9171, 14.4712));
#2253 = CARTESIAN_POINT('', (17.7729, -18.5453, 12.1948));
#2254 = CARTESIAN_POINT('', (17.1900, -16.4176, 14.0956));
#2255 = CARTESIAN_POINT('', (17.2735, -18.0459, 11.8192));
#2256 = CARTESIAN_POINT('', (17.7724, -18.6423, 12.0468));
#2257 = CARTESIAN_POINT('', (17.6727, -20.0789, 9.6454));
#2258 = CARTESIAN_POINT('', (17.2732, -18.0970, 11.7412));
#2259 = CARTESIAN_POINT('', (17.1734, -19.5335, 9.3399));
#2260 = CARTESIAN_POINT('', (17.6606, -20.1633, 9.4903));
#2261 = CARTESIAN_POINT('', (17.3787, -21.3924, 6.9904));
#2262 = CARTESIAN_POINT('', (17.1671, -19.5780, 9.2582));
#2263 = CARTESIAN_POINT('', (16.8852, -20.8071, 6.7582));
#2264 = CARTESIAN_POINT('', (17.3552, -21.4633, 6.8298));
#2265 = CARTESIAN_POINT('', (16.8942, -22.4715, 4.2586));
#2266 = CARTESIAN_POINT('', (16.8728, -20.8445, 6.6737));
#2267 = CARTESIAN_POINT('', (16.4119, -21.8527, 4.1025));
#2268 = CARTESIAN_POINT('', (16.8596, -22.5280, 4.0945));
#2269 = CARTESIAN_POINT('', (16.2246, -23.3043, 1.4803));
#2270 = CARTESIAN_POINT('', (16.3936, -21.8825, 4.0160));
#2271 = CARTESIAN_POINT('', (15.7587, -22.6588, 1.4018));
#2272 = CARTESIAN_POINT('', (16.1792, -23.3458, 1.3143));
#2273 = CARTESIAN_POINT('', (15.3772, -23.8817, -1.3143));
#2274 = CARTESIAN_POINT('', (15.7347, -22.6806, 1.3143));
#2275 = CARTESIAN_POINT('', (14.9328, -23.2165, -1.3143));
#2276 = CARTESIAN_POINT('', (15.3215, -23.9078, -1.4803));
#2277 = CARTESIAN_POINT('', (14.3613, -24.1973, -4.0945));
#2278 = CARTESIAN_POINT('', (14.9034, -23.2302, -1.4018));
#2279 = CARTESIAN_POINT('', (13.9432, -23.5197, -4.0160));
#2280 = CARTESIAN_POINT('', (14.2958, -24.2077, -4.2586));
#2281 = CARTESIAN_POINT('', (13.1879, -24.2477, -6.8298));
#2282 = CARTESIAN_POINT('', (13.9087, -23.5252, -4.1025));
#2283 = CARTESIAN_POINT('', (12.8008, -23.5652, -6.6737));
#2284 = CARTESIAN_POINT('', (13.1135, -24.2423, -6.9904));
#2285 = CARTESIAN_POINT('', (11.8700, -24.0324, -9.4903));
#2286 = CARTESIAN_POINT('', (12.7616, -23.5624, -6.7582));
#2287 = CARTESIAN_POINT('', (11.5182, -23.3525, -9.2582));
#2288 = CARTESIAN_POINT('', (11.7875, -24.0113, -9.6454));
#2289 = CARTESIAN_POINT('', (10.4221, -23.5537, -12.0468));
#2290 = CARTESIAN_POINT('', (11.4747, -23.3413, -9.3399));
#2291 = CARTESIAN_POINT('', (10.1093, -22.8838, -11.7412));
#2292 = CARTESIAN_POINT('', (10.3322, -23.5170, -12.1948));
#2293 = CARTESIAN_POINT('', (8.8599, -22.8168, -14.4712));
#2294 = CARTESIAN_POINT('', (10.0619, -22.8645, -11.8192));
#2295 = CARTESIAN_POINT('', (8.5896, -22.1642, -14.0956));
#2296 = CARTESIAN_POINT('', (23.8088, 8.3744, -13.0970));
#2297 = CARTESIAN_POINT('', (22.5251, 10.8177, -13.5690));
#2298 = CARTESIAN_POINT('', (23.1562, 8.1041, -12.7215));
#2299 = CARTESIAN_POINT('', (21.8725, 10.5474, -13.1934));
#2300 = CARTESIAN_POINT('', (22.2901, 11.2144, -13.6348));
#2301 = CARTESIAN_POINT('', (20.7531, 13.5331, -13.9529));
#2302 = CARTESIAN_POINT('', (21.6839, 10.8658, -13.2462));
#2303 = CARTESIAN_POINT('', (20.1469, 13.1845, -13.5643));
#2304 = CARTESIAN_POINT('', (20.4776, 13.9065, -13.9927));
#2305 = CARTESIAN_POINT('', (18.7075, 16.0701, -14.1528));
#2306 = CARTESIAN_POINT('', (19.9257, 13.4843, -13.5963));
#2307 = CARTESIAN_POINT('', (18.1556, 15.6478, -13.7564));
#2308 = CARTESIAN_POINT('', (18.3951, 16.4152, -14.1662));
#2309 = CARTESIAN_POINT('', (16.4152, 18.3951, -14.1662));
#2310 = CARTESIAN_POINT('', (17.9048, 15.9249, -13.7671));
#2311 = CARTESIAN_POINT('', (15.9249, 17.9048, -13.7671));
#2312 = CARTESIAN_POINT('', (16.0701, 18.7075, -14.1528));
#2313 = CARTESIAN_POINT('', (13.9065, 20.4776, -13.9927));
#2314 = CARTESIAN_POINT('', (15.6478, 18.1556, -13.7564));
#2315 = CARTESIAN_POINT('', (13.4843, 19.9257, -13.5963));
#2316 = CARTESIAN_POINT('', (13.5331, 20.7531, -13.9529));
#2317 = CARTESIAN_POINT('', (11.2144, 22.2901, -13.6348));
#2318 = CARTESIAN_POINT('', (13.1845, 20.1469, -13.5643));
#2319 = CARTESIAN_POINT('', (10.8658, 21.6839, -13.2462));
#2320 = CARTESIAN_POINT('', (10.8177, 22.5251, -13.5690));
#2321 = CARTESIAN_POINT('', (8.3744, 23.8088, -13.0970));
#2322 = CARTESIAN_POINT('', (10.5474, 21.8725, -13.1934));
#2323 = CARTESIAN_POINT('', (8.1041, 23.1562, -12.7215));
#2324 = CARTESIAN_POINT('', (10.9137, 22.7569, -13.0970));
#2325 = CARTESIAN_POINT('', (8.2784, 23.5769, -13.5690));
#2326 = CARTESIAN_POINT('', (10.6434, 22.1044, -12.7215));
#2327 = CARTESIAN_POINT('', (8.0081, 22.9243, -13.1934));
#2328 = CARTESIAN_POINT('', (7.8317, 23.6913, -13.6348));
#2329 = CARTESIAN_POINT('', (5.1053, 24.2440, -13.9529));
#2330 = CARTESIAN_POINT('', (7.6495, 23.0161, -13.2462));
#2331 = CARTESIAN_POINT('', (4.9231, 23.5689, -13.5643));
#2332 = CARTESIAN_POINT('', (4.6465, 24.3132, -13.9927));
#2333 = CARTESIAN_POINT('', (1.8650, 24.5915, -14.1528));
#2334 = CARTESIAN_POINT('', (4.5548, 23.6244, -13.5963));
#2335 = CARTESIAN_POINT('', (1.7733, 23.9027, -13.7564));
#2336 = CARTESIAN_POINT('', (1.4000, 24.6146, -14.1662));
#2337 = CARTESIAN_POINT('', (-1.4000, 24.6146, -14.1662));
#2338 = CARTESIAN_POINT('', (1.4000, 23.9213, -13.7671));
#2339 = CARTESIAN_POINT('', (-1.4000, 23.9213, -13.7671));
#2340 = CARTESIAN_POINT('', (-1.8650, 24.5915, -14.1528));
#2341 = CARTESIAN_POINT('', (-4.6465, 24.3132, -13.9927));
#2342 = CARTESIAN_POINT('', (-1.7733, 23.9027, -13.7564));
#2343 = CARTESIAN_POINT('', (-4.5548, 23.6244, -13.5963));
#2344 = CARTESIAN_POINT('', (-5.1053, 24.2440, -13.9529));
#2345 = CARTESIAN_POINT('', (-7.8317, 23.6913, -13.6348));
#2346 = CARTESIAN_POINT('', (-4.9231, 23.5689, -13.5643));
#2347 = CARTESIAN_POINT('', (-7.6495, 23.0161, -13.2462));
#2348 = CARTESIAN_POINT('', (-8.2784, 23.5769, -13.5690));
#2349 = CARTESIAN_POINT('', (-10.9137, 22.7569, -13.0970));
#2350 = CARTESIAN_POINT('', (-8.0081, 22.9243, -13.1934));
#2351 = CARTESIAN_POINT('', (-10.6434, 22.1044, -12.7215));
#2352 = CARTESIAN_POINT('', (-8.3744, 23.8088, -13.0970));
#2353 = CARTESIAN_POINT('', (-10.8177, 22.5251, -13.5690));
#2354 = CARTESIAN_POINT('', (-8.1041, 23.1562, -12.7215));
#2355 = CARTESIAN_POINT('', (-10.5474, 21.8725, -13.1934));
#2356 = CARTESIAN_POINT('', (-11.2144, 22.2901, -13.6348));
#2357 = CARTESIAN_POINT('', (-13.5331, 20.7531, -13.9529));
#2358 = CARTESIAN_POINT('', (-10.8658, 21.6839, -13.2462));
#2359 = CARTESIAN_POINT('', (-13.1845, 20.1469, -13.5643));
#2360 = CARTESIAN_POINT('', (-13.9065, 20.4776, -13.9927));
#2361 = CARTESIAN_POINT('', (-16.0701, 18.7075, -14.1528));
#2362 = CARTESIAN_POINT('', (-13.4843, 19.9257, -13.5963));
#2363 = CARTESIAN_POINT('', (-15.6478, 18.1556, -13.7564));
#2364 = CARTESIAN_POINT('', (-16.4152, 18.3951, -14.1662));
#2365 = CARTESIAN_POINT('', (-18.3951, 16.4152, -14.1662));
#2366 = CARTESIAN_POINT('', (-15.9249, 17.9048, -13.7671));
#2367 = CARTESIAN_POINT('', (-17.9048, 15.9249, -13.7671));
#2368 = CARTESIAN_POINT('', (-18.7075, 16.0701, -14.1528));
#2369 = CARTESIAN_POINT('', (-20.4776, 13.9065, -13.9927));
#2370 = CARTESIAN_POINT('', (-18.1556, 15.6478, -13.7564));
#2371 = CARTESIAN_POINT('', (-19.9257, 13.4843, -13.5963));
#2372 = CARTESIAN_POINT('', (-20.7531, 13.5331, -13.9529));
#2373 = CARTESIAN_POINT('', (-22.2901, 11.2144, -13.6348));
#2374 = CARTESIAN_POINT('', (-20.1469, 13.1845, -13.5643));
#2375 = CARTESIAN_POINT('', (-21.6839, 10.8658, -13.2462));
#2376 = CARTESIAN_POINT('', (-22.5251, 10.8177, -13.5690));
#2377 = CARTESIAN_POINT('', (-23.8088, 8.3744, -13.0970));
#2378 = CARTESIAN_POINT('', (-21.8725, 10.5474, -13.1934));
#2379 = CARTESIAN_POINT('', (-23.1562, 8.1041, -12.7215));
#2380 = CARTESIAN_POINT('', (-22.7569, 10.9137, -13.0970));
#2381 = CARTESIAN_POINT('', (-23.5769, 8.2784, -13.5690));
#2382 = CARTESIAN_POINT('', (-22.1044, 10.6434, -12.7215));
#2383 = CARTESIAN_POINT('', (-22.9243, 8.0081, -13.1934));
#2384 = CARTESIAN_POINT('', (-23.6913, 7.8317, -13.6348));
#2385 = CARTESIAN_POINT('', (-24.2440, 5.1053, -13.9529));
#2386 = CARTESIAN_POINT('', (-23.0161, 7.6495, -13.2462));
#2387 = CARTESIAN_POINT('', (-23.5689, 4.9231, -13.5643));
#2388 = CARTESIAN_POINT('', (-24.3132, 4.6465, -13.9927));
#2389 = CARTESIAN_POINT('', (-24.5915, 1.8650, -14.1528));
#2390 = CARTESIAN_POINT('', (-23.6244, 4.5548, -13.5963));
#2391 = CARTESIAN_POINT('', (-23.9027, 1.7733, -13.7564));
#2392 = CARTESIAN_POINT('', (-24.6146, 1.4000, -14.1662));
#2393 = CARTESIAN_POINT('', (-24.6146, -1.4000, -14.1662));
#2394 = CARTESIAN_POINT('', (-23.9213, 1.4000, -13.7671));
#2395 = CARTESIAN_POINT('', (-23.9213, -1.4000, -13.7671));
#2396 = CARTESIAN_POINT('', (-24.5915, -1.8650, -14.1528));
#2397 = CARTESIAN_POINT('', (-24.3132, -4.6465, -13.9927));
#2398 = CARTESIAN_POINT('', (-23.9027, -1.7733, -13.7564));
#2399 = CARTESIAN_POINT('', (-23.6244, -4.5548, -13.5963));
#2400 = CARTESIAN_POINT('', (-24.2440, -5.1053, -13.9529));
#2401 = CARTESIAN_POINT('', (-23.6913, -7.8317, -13.6348));
#2402 = CARTESIAN_POINT('', (-23.5689, -4.9231, -13.5643));
#2403 = CARTESIAN_POINT('', (-23.0161, -7.6495, -13.2462));
#2404 = CARTESIAN_POINT('', (-23.5769, -8.2784, -13.5690));
#2405 = CARTESIAN_POINT('', (-22.7569, -10.9137, -13.0970));
#2406 = CARTESIAN_POINT('', (-22.9243, -8.0081, -13.1934));
#2407 = CARTESIAN_POINT('', (-22.1044, -10.6434, -12.7215));
#2408 = CARTESIAN_POINT('', (-23.8088, -8.3744, -13.0970));
#2409 = CARTESIAN_POINT('', (-22.5251, -10.8177, -13.5690));
#2410 = CARTESIAN_POINT('', (-23.1562, -8.1041, -12.7215));
#2411 = CARTESIAN_POINT('', (-21.8725, -10.5474, -13.1934));
#2412 = CARTESIAN_POINT('', (-22.2901, -11.2144, -13.6348));
#2413 = CARTESIAN_POINT('', (-20.7531, -13.5331, -13.9529));
#2414 = CARTESIAN_POINT('', (-21.6839, -10.8658, -13.2462));
#2415 = CARTESIAN_POINT('', (-20.1469, -13.1845, -13.5643));
#2416 = CARTESIAN_POINT('', (-20.4776, -13.9065, -13.9927));
#2417 = CARTESIAN_POINT('', (-18.7075, -16.0701, -14.1528));
#2418 = CARTESIAN_POINT('', (-19.9257, -13.4843, -13.5963));
#2419 = CARTESIAN_POINT('', (-18.1556, -15.6478, -13.7564));
#2420 = CARTESIAN_POINT('', (-18.3951, -16.4152, -14.1662));
#2421 = CARTESIAN_POINT('', (-16.4152, -18.3951, -14.1662));
#2422 = CARTESIAN_POINT('', (-17.9048, -15.9249, -13.7671));
#2423 = CARTESIAN_POINT('', (-15.9249, -17.9048, -13.7671));
#2424 = CARTESIAN_POINT('', (-16.0701, -18.7075, -14.1528));
#2425 = CARTESIAN_POINT('', (-13.9065, -20.4776, -13.9927));
#2426 = CARTESIAN_POINT('', (-15.6478, -18.1556, -13.7564));
#2427 = CARTESIAN_POINT('', (-13.4843, -19.9257, -13.5963));
#2428 = CARTESIAN_POINT('', (-13.5331, -20.7531, -13.9529));
#2429 = CARTESIAN_POINT('', (-11.2144, -22.2901, -13.6348));
#2430 = CARTESIAN_POINT('', (-13.1845, -20.1469, -13.5643));
#2431 = CARTESIAN_POINT('', (-10.8658, -21.6839, -13.2462));
#2432 = CARTESIAN_POINT('', (-10.8177, -22.5251, -13.5690));
#2433 = CARTESIAN_POINT('', (-8.3744, -23.8088, -13.0970));
#2434 = CARTESIAN_POINT('', (-10.5474, -21.8725, -13.1934));
#2435 = CARTESIAN_POINT('', (-8.1041, -23.1562, -12.7215));
#2436 = CARTESIAN_POINT('', (-10.9137, -22.7569, -13.0970));
#2437 = CARTESIAN_POINT('', (-8.2784, -23.5769, -13.5690));
#2438 = CARTESIAN_POINT('', (-10.6434, -22.1044, -12.7215));
#2439 = CARTESIAN_POINT('', (-8.0081, -22.9243, -13.1934));
#2440 = CARTESIAN_POINT('', (-7.8317, -23.6913, -13.6348));
#2441 = CARTESIAN_POINT('', (-5.1053, -24.2440, -13.9529));
#2442 = CARTESIAN_POINT('', (-7.6495, -23.0161, -13.2462));
#2443 = CARTESIAN_POINT('', (-4.9231, -23.5689, -13.5643));
#2444 = CARTESIAN_POINT('', (-4.6465, -24.3132, -13.9927));
#2445 = CARTESIAN_POINT('', (-1.8650, -24.5915, -14.1528));
#2446 = CARTESIAN_POINT('', (-4.5548, -23.6244, -13.5963));
#2447 = CARTESIAN_POINT('', (-1.7733, -23.9027, -13.7564));
#2448 = CARTESIAN_POINT('', (-1.4000, -24.6146, -14.1662));
#2449 = CARTESIAN_POINT('', (1.4000, -24.6146, -14.1662));
#2450 = CARTESIAN_POINT('', (-1.4000, -23.9213, -13.7671));
#2451 = CARTESIAN_POINT('', (1.4000, -23.9213, -13.7671));
#2452 = CARTESIAN_POINT('', (1.8650, -24.5915, -14.1528));
#2453 = CARTESIAN_POINT('', (4.6465, -24.3132, -13.9927));
#2454 = CARTESIAN_POINT('', (1.7733, -23.9027, -13.7564));
#2455 = CARTESIAN_POINT('', (4.5548, -23.6244, -13.5963));
#2456 = CARTESIAN_POINT('', (5.1053, -24.2440, -13.9529));
#2457 = CARTESIAN_POINT('', (7.8317, -23.6913, -13.6348));
#2458 = CARTESIAN_POINT('', (4.9231, -23.5689, -13.5643));
#2459 = CARTESIAN_POINT('', (7.6495, -23.0161, -13.2462));
#2460 = CARTESIAN_POINT('', (8.2784, -23.5769, -13.5690));
#2461 = CARTESIAN_POINT('', (10.9137, -22.7569, -13.0970));
#2462 = CARTESIAN_POINT('', (8.0081, -22.9243, -13.1934));
#2463 = CARTESIAN_POINT('', (10.6434, -22.1044, -12.7215));
#2464 = CARTESIAN_POINT('', (8.3744, -23.8088, -13.0970));
#2465 = CARTESIAN_POINT('', (10.8177, -22.5251, -13.5690));
#2466 = CARTESIAN_POINT('', (8.1041, -23.1562, -12.7215));
#2467 = CARTESIAN_POINT('', (10.5474, -21.8725, -13.1934));
#2468 = CARTESIAN_POINT('', (11.2144, -22.2901, -13.6348));
#2469 = CARTESIAN_POINT('', (13.5331, -20.7531, -13.9529));
#2470 = CARTESIAN_POINT('', (10.8658, -21.6839, -13.2462));
#2471 = CARTESIAN_POINT('', (13.1845, -20.1469, -13.5643));
#2472 = CARTESIAN_POINT('', (13.9065, -20.4776, -13.9927));
#2473 = CARTESIAN_POINT('', (16.0701, -18.7075, -14.1528));
#2474 = CARTESIAN_POINT('', (13.4843, -19.9257, -13.5963));
#2475 = CARTESIAN_POINT('', (15.6478, -18.1556, -13.7564));
#2476 = CARTESIAN_POINT('', (16.4152, -18.3951, -14.1662));
#2477 = CARTESIAN_POINT('', (18.3951, -16.4152, -14.1662));
#2478 = CARTESIAN_POINT('', (15.9249, -17.9048, -13.7671));
#2479 = CARTESIAN_POINT('', (17.9048, -15.9249, -13.7671));
#2480 = CARTESIAN_POINT('', (18.7075, -16.0701, -14.1528));
#2481 = CARTESIAN_POINT('', (20.4776, -13.9065, -13.9927));
#2482 = CARTESIAN_POINT('', (18.1556, -15.6478, -13.7564));
#2483 = CARTESIAN_POINT('', (19.9257, -13.4843, -13.5963));
#2484 = CARTESIAN_POINT('', (20.7531, -13.5331, -13.9529));
#2485 = CARTESIAN_POINT('', (22.2901, -11.2144, -13.6348));
#2486 = CARTESIAN_POINT('', (20.1469, -13.1845, -13.5643));
#2487 = CARTESIAN_POINT('', (21.6839, -10.8658, -13.2462));
#2488 = CARTESIAN_POINT('', (22.5251, -10.8177, -13.5690));
#2489 = CARTESIAN_POINT('', (23.8088, -8.3744, -13.0970));
#2490 = CARTESIAN_POINT('', (21.8725, -10.5474, -13.1934));
#2491 = CARTESIAN_POINT('', (23.1562, -8.1041, -12.7215));
#2492 = CARTESIAN_POINT('', (22.7569, -10.9137, -13.0970));
#2493 = CARTESIAN_POINT('', (23.5769, -8.2784, -13.5690));
#2494 = CARTESIAN_POINT('', (22.1044, -10.6434, -12.7215));
#2495 = CARTESIAN_POINT('', (22.9243, -8.0081, -13.1934));
#2496 = CARTESIAN_POINT('', (23.6913, -7.8317, -13.6348));
#2497 = CARTESIAN_POINT('', (24.2440, -5.1053, -13.9529));
#2498 = CARTESIAN_POINT('', (23.0161, -7.6495, -13.2462));
#2499 = CARTESIAN_POINT('', (23.5689, -4.9231, -13.5643));
#2500 = CARTESIAN_POINT('', (24.3132, -4.6465, -13.9927));
#2501 = CARTESIAN_POINT('', (24.5915, -1.8650, -14.1528));
#2502 = CARTESIAN_POINT('', (23.6244, -4.5548, -13.5963));
#2503 = CARTESIAN_POINT('', (23.9027, -1.7733, -13.7564));
#2504 = CARTESIAN_POINT('', (24.6146, -1.4000, -14.1662));
#2505 = CARTESIAN_POINT('', (24.6146, 1.4000, -14.1662));
#2506 = CARTESIAN_POINT('', (23.9213, -1.4000, -13.7671));
#2507 = CARTESIAN_POINT('', (23.9213, 1.4000, -13.7671));
#2508 = CARTESIAN_POINT('', (24.5915, 1.8650, -14.1528));
#2509 = CARTESIAN_POINT('', (24.3132, 4.6465, -13.9927));
#2510 = CARTESIAN_POINT('', (23.9027, 1.7733, -13.7564));
#2511 = CARTESIAN_POINT('', (23.6244, 4.5548, -13.5963));
#2512 = CARTESIAN_POINT('', (24.2440, 5.1053, -13.9529));
#2513 = CARTESIAN_POINT('', (23.6913, 7.8317, -13.6348));
#2514 = CARTESIAN_POINT('', (23.5689, 4.9231, -13.5643));
#2515 = CARTESIAN_POINT('', (23.0161, 7.6495, -13.2462));
#2516 = CARTESIAN_POINT('', (23.5769, 8.2784, -13.5690));
#2517 = CARTESIAN_POINT('', (22.7569, 10.9137, -13.0970));
#2518 = CARTESIAN_POINT('', (22.9243, 8.0081, -13.1934));
#2519 = CARTESIAN_POINT('', (22.1044, 10.6434, -12.7215));
#2520 = CARTESIAN_POINT('', (-0.5358, -1.2934, -28.4000));
#2521 = CARTESIAN_POINT('', (0.5358, 1.2934, -28.4000));
#2522 = CARTESIAN_POINT('', (-0.5358, -1.2934, -27.6000));
#2523 = CARTESIAN_POINT('', (0.5358, 1.2934, -27.6000));
#2524 = CARTESIAN_POINT('', (0.6411, 1.5478, -28.3851));
#2525 = CARTESIAN_POINT('', (1.7064, 4.1196, -28.0827));
#2526 = CARTESIAN_POINT('', (0.6081, 1.4680, -27.5898));
#2527 = CARTESIAN_POINT('', (1.6733, 4.0397, -27.2874));
#2528 = CARTESIAN_POINT('', (1.8105, 4.3710, -28.0381));
#2529 = CARTESIAN_POINT('', (2.8570, 6.8975, -27.4369));
#2530 = CARTESIAN_POINT('', (1.7448, 4.2123, -27.2568));
#2531 = CARTESIAN_POINT('', (2.7913, 6.7388, -26.6555));
#2532 = CARTESIAN_POINT('', (2.9587, 7.1430, -27.3632));
#2533 = CARTESIAN_POINT('', (3.9743, 9.5948, -26.4701));
#2534 = CARTESIAN_POINT('', (2.8611, 6.9073, -26.6050));
#2535 = CARTESIAN_POINT('', (3.8766, 9.3590, -25.7119));
#2536 = CARTESIAN_POINT('', (4.0723, 9.8315, -26.3681));
#2537 = CARTESIAN_POINT('', (5.0450, 12.1798, -25.1936));
#2538 = CARTESIAN_POINT('', (3.9439, 9.5215, -25.6419));
#2539 = CARTESIAN_POINT('', (4.9166, 11.8698, -24.4674));
#2540 = CARTESIAN_POINT('', (5.1383, 12.4050, -25.0646));
#2541 = CARTESIAN_POINT('', (6.0568, 14.6223, -23.6225));
#2542 = CARTESIAN_POINT('', (4.9806, 12.0243, -24.3789));
#2543 = CARTESIAN_POINT('', (5.8991, 14.2417, -22.9368));
#2544 = CARTESIAN_POINT('', (6.1442, 14.8333, -23.4679));
#2545 = CARTESIAN_POINT('', (6.9977, 16.8938, -21.7750));
#2546 = CARTESIAN_POINT('', (5.9591, 14.3865, -22.8307));
#2547 = CARTESIAN_POINT('', (6.8126, 16.4470, -21.1378));
#2548 = CARTESIAN_POINT('', (7.0781, 17.0882, -21.5966));
#2549 = CARTESIAN_POINT('', (7.8567, 18.9677, -19.6728));
#2550 = CARTESIAN_POINT('', (6.8678, 16.5803, -21.0154));
#2551 = CARTESIAN_POINT('', (7.6463, 18.4599, -19.0915));
#2552 = CARTESIAN_POINT('', (7.9293, 19.1431, -19.4728));
#2553 = CARTESIAN_POINT('', (8.6238, 20.8197, -17.3405));
#2554 = CARTESIAN_POINT('', (7.6962, 18.5802, -18.9543));
#2555 = CARTESIAN_POINT('', (8.3907, 20.2568, -16.8220));
#2556 = CARTESIAN_POINT('', (8.6877, 20.9741, -17.1211));
#2557 = CARTESIAN_POINT('', (9.2900, 22.4281, -14.8053));
#2558 = CARTESIAN_POINT('', (8.4345, 20.3628, -16.6714));
#2559 = CARTESIAN_POINT('', (9.0368, 21.8168, -14.3556));
#2560 = CARTESIAN_POINT('', (9.3445, 22.5597, -14.5691));
#2561 = CARTESIAN_POINT('', (9.8476, 23.7742, -12.0969));
#2562 = CARTESIAN_POINT('', (9.0742, 21.9071, -14.1935));
#2563 = CARTESIAN_POINT('', (9.5773, 23.1216, -11.7213));
#2564 = CARTESIAN_POINT('', (1.2934, -0.5358, -28.4000));
#2565 = CARTESIAN_POINT('', (-1.2934, 0.5358, -28.4000));
#2566 = CARTESIAN_POINT('', (1.2934, -0.5358, -27.6000));
#2567 = CARTESIAN_POINT('', (-1.2934, 0.5358, -27.6000));
#2568 = CARTESIAN_POINT('', (-1.5478, 0.6411, -28.3851));
#2569 = CARTESIAN_POINT('', (-4.1196, 1.7064, -28.0827));
#2570 = CARTESIAN_POINT('', (-1.4680, 0.6081, -27.5898));
#2571 = CARTESIAN_POINT('', (-4.0397, 1.6733, -27.2874));
#2572 = CARTESIAN_POINT('', (-4.3710, 1.8105, -28.0381));
#2573 = CARTESIAN_POINT('', (-6.8975, 2.8570, -27.4369));
#2574 = CARTESIAN_POINT('', (-4.2123, 1.7448, -27.2568));
#2575 = CARTESIAN_POINT('', (-6.7388, 2.7913, -26.6555));
#2576 = CARTESIAN_POINT('', (-7.1430, 2.9587, -27.3632));
#2577 = CARTESIAN_POINT('', (-9.5948, 3.9743, -26.4701));
#2578 = CARTESIAN_POINT('', (-6.9073, 2.8611, -26.6050));
#2579 = CARTESIAN_POINT('', (-9.3590, 3.8766, -25.7119));
#2580 = CARTESIAN_POINT('', (-9.8315, 4.0723, -26.3681));
#2581 = CARTESIAN_POINT('', (-12.1798, 5.0450, -25.1936));
#2582 = CARTESIAN_POINT('', (-9.5215, 3.9439, -25.6419));
#2583 = CARTESIAN_POINT('', (-11.8698, 4.9166, -24.4674));
#2584 = CARTESIAN_POINT('', (-12.4050, 5.1383, -25.0646));
#2585 = CARTESIAN_POINT('', (-14.6223, 6.0568, -23.6225));
#2586 = CARTESIAN_POINT('', (-12.0243, 4.9806, -24.3789));
#2587 = CARTESIAN_POINT('', (-14.2417, 5.8991, -22.9368));
#2588 = CARTESIAN_POINT('', (-14.8333, 6.1442, -23.4679));
#2589 = CARTESIAN_POINT('', (-16.8938, 6.9977, -21.7750));
#2590 = CARTESIAN_POINT('', (-14.3865, 5.9591, -22.8307));
#2591 = CARTESIAN_POINT('', (-16.4470, 6.8126, -21.1378));
#2592 = CARTESIAN_POINT('', (-17.0882, 7.0781, -21.5966));
#2593 = CARTESIAN_POINT('', (-18.9677, 7.8567, -19.6728));
#2594 = CARTESIAN_POINT('', (-16.5803, 6.8678, -21.0154));
#2595 = CARTESIAN_POINT('', (-18.4599, 7.6463, -19.0915));
#2596 = CARTESIAN_POINT('', (-19.1431, 7.9293, -19.4728));
#2597 = CARTESIAN_POINT('', (-20.8197, 8.6238, -17.3405));
#2598 = CARTESIAN_POINT('', (-18.5802, 7.6962, -18.9543));
#2599 = CARTESIAN_POINT('', (-20.2568, 8.3907, -16.8220));
#2600 = CARTESIAN_POINT('', (-20.9741, 8.6877, -17.1211));
#2601 = CARTESIAN_POINT('', (-22.4281, 9.2900, -14.8053));
#2602 = CARTESIAN_POINT('', (-20.3628, 8.4345, -16.6714));
#2603 = CARTESIAN_POINT('', (-21.8168, 9.0368, -14.3556));
#2604 = CARTESIAN_POINT('', (-22.5597, 9.3445, -14.5691));
#2605 = CARTESIAN_POINT('', (-23.7742, 9.8476, -12.0969));
#2606 = CARTESIAN_POINT('', (-21.9071, 9.0742, -14.1935));
#2607 = CARTESIAN_POINT('', (-23.1216, 9.5773, -11.7213));
#2608 = CARTESIAN_POINT('', (0.5358, 1.2934, -28.4000));
#2609 = CARTESIAN_POINT('', (-0.5358, -1.2934, -28.4000));
#2610 = CARTESIAN_POINT('', (0.5358, 1.2934, -27.6000));
#2611 = CARTESIAN_POINT('', (-0.5358, -1.2934, -27.6000));
#2612 = CARTESIAN_POINT('', (-0.6411, -1.5478, -28.3851));
#2613 = CARTESIAN_POINT('', (-1.7064, -4.1196, -28.0827));
#2614 = CARTESIAN_POINT('', (-0.6081, -1.4680, -27.5898));
#2615 = CARTESIAN_POINT('', (-1.6733, -4.0397, -27.2874));
#2616 = CARTESIAN_POINT('', (-1.8105, -4.3710, -28.0381));
#2617 = CARTESIAN_POINT('', (-2.8570, -6.8975, -27.4369));
#2618 = CARTESIAN_POINT('', (-1.7448, -4.2123, -27.2568));
#2619 = CARTESIAN_POINT('', (-2.7913, -6.7388, -26.6555));
#2620 = CARTESIAN_POINT('', (-2.9587, -7.1430, -27.3632));
#2621 = CARTESIAN_POINT('', (-3.9743, -9.5948, -26.4701));
#2622 = CARTESIAN_POINT('', (-2.8611, -6.9073, -26.6050));
#2623 = CARTESIAN_POINT('', (-3.8766, -9.3590, -25.7119));
#2624 = CARTESIAN_POINT('', (-4.0723, -9.8315, -26.3681));
#2625 = CARTESIAN_POINT('', (-5.0450, -12.1798, -25.1936));
#2626 = CARTESIAN_POINT('', (-3.9439, -9.5215, -25.6419));
#2627 = CARTESIAN_POINT('', (-4.9166, -11.8698, -24.4674));
#2628 = CARTESIAN_POINT('', (-5.1383, -12.4050, -25.0646));
#2629 = CARTESIAN_POINT('', (-6.0568, -14.6223, -23.6225));
#2630 = CARTESIAN_POINT('', (-4.9806, -12.0243, -24.3789));
#2631 = CARTESIAN_POINT('', (-5.8991, -14.2417, -22.9368));
#2632 = CARTESIAN_POINT('', (-6.1442, -14.8333, -23.4679));
#2633 = CARTESIAN_POINT('', (-6.9977, -16.8938, -21.7750));
#2634 = CARTESIAN_POINT('', (-5.9591, -14.3865, -22.8307));
#2635 = CARTESIAN_POINT('', (-6.8126, -16.4470, -21.1378));
#2636 = CARTESIAN_POINT('', (-7.0781, -17.0882, -21.5966));
#2637 = CARTESIAN_POINT('', (-7.8567, -18.9677, -19.6728));
#2638 = CARTESIAN_POINT('', (-6.8678, -16.5803, -21.0154));
#2639 = CARTESIAN_POINT('', (-7.6463, -18.4599, -19.0915));
#2640 = CARTESIAN_POINT('', (-7.9293, -19.1431, -19.4728));
#2641 = CARTESIAN_POINT('', (-8.6238, -20.8197, -17.3405));
#2642 = CARTESIAN_POINT('', (-7.6962, -18.5802, -18.9543));
#2643 = CARTESIAN_POINT('', (-8.3907, -20.2568, -16.8220));
#2644 = CARTESIAN_POINT('', (-8.6877, -20.9741, -17.1211));
#2645 = CARTESIAN_POINT('', (-9.2900, -22.4281, -14.8053));
#2646 = CARTESIAN_POINT('', (-8.4345, -20.3628, -16.6714));
#2647 = CARTESIAN_POINT('', (-9.0368, -21.8168, -14.3556));
#2648 = CARTESIAN_POINT('', (-9.3445, -22.5597, -14.5691));
#2649 = CARTESIAN_POINT('', (-9.8476, -23.7742, -12.0969));
#2650 = CARTESIAN_POINT('', (-9.0742, -21.9071, -14.1935));
#2651 = CARTESIAN_POINT('', (-9.5773, -23.1216, -11.7213));
#2652 = CARTESIAN_POINT('', (-1.2934, 0.5358, -28.4000));
#2653 = CARTESIAN_POINT('', (1.2934, -0.5358, -28.4000));
#2654 = CARTESIAN_POINT('', (-1.2934, 0.5358, -27.6000));
#2655 = CARTESIAN_POINT('', (1.2934, -0.5358, -27.6000));
#2656 = CARTESIAN_POINT('', (1.5478, -0.6411, -28.3851));
#2657 = CARTESIAN_POINT('', (4.1196, -1.7064, -28.0827));
#2658 = CARTESIAN_POINT('', (1.4680, -0.6081, -27.5898));
#2659 = CARTESIAN_POINT('', (4.0397, -1.6733, -27.2874));
#2660 = CARTESIAN_POINT('', (4.3710, -1.8105, -28.0381));
#2661 = CARTESIAN_POINT('', (6.8975, -2.8570, -27.4369));
#2662 = CARTESIAN_POINT('', (4.2123, -1.7448, -27.2568));
#2663 = CARTESIAN_POINT('', (6.7388, -2.7913, -26.6555));
#2664 = CARTESIAN_POINT('', (7.1430, -2.9587, -27.3632));
#2665 = CARTESIAN_POINT('', (9.5948, -3.9743, -26.4701));
#2666 = CARTESIAN_POINT('', (6.9073, -2.8611, -26.6050));
#2667 = CARTESIAN_POINT('', (9.3590, -3.8766, -25.7119));
#2668 = CARTESIAN_POINT('', (9.8315, -4.0723, -26.3681));
#2669 = CARTESIAN_POINT('', (12.1798, -5.0450, -25.1936));
#2670 = CARTESIAN_POINT('', (9.5215, -3.9439, -25.6419));
#2671 = CARTESIAN_POINT('', (11.8698, -4.9166, -24.4674));
#2672 = CARTESIAN_POINT('', (12.4050, -5.1383, -25.0646));
#2673 = CARTESIAN_POINT('', (14.6223, -6.0568, -23.6225));
#2674 = CARTESIAN_POINT('', (12.0243, -4.9806, -24.3789));
#2675 = CARTESIAN_POINT('', (14.2417, -5.8991, -22.9368));
#2676 = CARTESIAN_POINT('', (14.8333, -6.1442, -23.4679));
#2677 = CARTESIAN_POINT('', (16.8938, -6.9977, -21.7750));
#2678 = CARTESIAN_POINT('', (14.3865, -5.9591, -22.8307));
#2679 = CARTESIAN_POINT('', (16.4470, -6.8126, -21.1378));
#2680 = CARTESIAN_POINT('', (17.0882, -7.0781, -21.5966));
#2681 = CARTESIAN_POINT('', (18.9677, -7.8567, -19.6728));
#2682 = CARTESIAN_POINT('', (16.5803, -6.8678, -21.0154));
#2683 = CARTESIAN_POINT('', (18.4599, -7.6463, -19.0915));
#2684 = CARTESIAN_POINT('', (19.1431, -7.9293, -19.4728));
#2685 = CARTESIAN_POINT('', (20.8197, -8.6238, -17.3405));
#2686 = CARTESIAN_POINT('', (18.5802, -7.6962, -18.9543));
#2687 = CARTESIAN_POINT('', (20.2568, -8.3907, -16.8220));
#2688 = CARTESIAN_POINT('', (20.9741, -8.6877, -17.1211));
#2689 = CARTESIAN_POINT('', (22.4281, -9.2900, -14.8053));
#2690 = CARTESIAN_POINT('', (20.3628, -8.4345, -16.6714));
#2691 = CARTESIAN_POINT('', (21.8168, -9.0368, -14.3556));
#2692 = CARTESIAN_POINT('', (22.5597, -9.3445, -14.5691));
#2693 = CARTESIAN_POINT('', (23.7742, -9.8476, -12.0969));
#2694 = CARTESIAN_POINT('', (21.9071, -9.0742, -14.1935));
#2695 = CARTESIAN_POINT('', (23.1216, -9.5773, -11.7213));
#2696 = POLY_LOOP('', (#18, #19, #35));
#2697 = FACE_OUTER_BOUND('', #2696, .T.);
#2698 = FACETED_BREP_SHAPE_REPRESENTATION('', (#2697), #8);
#2699 = POLY_LOOP('', (#18, #35, #34));
#2700 = FACE_OUTER_BOUND('', #2699, .T.);
#2701 = FACETED_BREP_SHAPE_REPRESENTATION('', (#2700), #8);
#2702 = POLY_LOOP('', (#19, #20, #36));
#2703 = FACE_OUTER_BOUND('', #2702, .T.);
#2704 = FACETED_BREP_SHAPE_REPRESENTATION('', (#2703), #8);
#2705 = POLY_LOOP('', (#19, #36, #35));
#2706 = FACE_OUTER_BOUND('', #2705, .T.);
#2707 = FACETED_BREP_SHAPE_REPRESENTATION('', (#2706), #8);
#2708 = POLY_LOOP('', (#20, #21, #37));
#2709 = FACE_OUTER_BOUND('', #2708, .T.);
#2710 = FACETED_BREP_SHAPE_REPRESENTATION('', (#2709), #8);
#2711 = POLY_LOOP('', (#20, #37, #36));
#2712 = FACE_OUTER_BOUND('', #2711, .T.);
#2713 = FACETED_BREP_SHAPE_REPRESENTATION('', (#2712), #8);
#2714 = POLY_LOOP('', (#21, #22, #38));
#2715 = FACE_OUTER_BOUND('', #2714, .T.);
#2716 = FACETED_BREP_SHAPE_REPRESENTATION('', (#2715), #8);
#2717 = POLY_LOOP('', (#21, #38, #37));
#2718 = FACE_OUTER_BOUND('', #2717, .T.);
#2719 = FACETED_BREP_SHAPE_REPRESENTATION('', (#2718), #8);
#2720 = POLY_LOOP('', (#22, #23, #39));
#2721 = FACE_OUTER_BOUND('', #2720, .T.);
#2722 = FACETED_BREP_SHAPE_REPRESENTATION('', (#2721), #8);
#2723 = POLY_LOOP('', (#22, #39, #38));
#2724 = FACE_OUTER_BOUND('', #2723, .T.);
#2725 = FACETED_BREP_SHAPE_REPRESENTATION('', (#2724), #8);
#2726 = POLY_LOOP('', (#23, #24, #40));
#2727 = FACE_OUTER_BOUND('', #2726, .T.);
#2728 = FACETED_BREP_SHAPE_REPRESENTATION('', (#2727), #8);
#2729 = POLY_LOOP('', (#23, #40, #39));
#2730 = FACE_OUTER_BOUND('', #2729, .T.);
#2731 = FACETED_BREP_SHAPE_REPRESENTATION('', (#2730), #8);
#2732 = POLY_LOOP('', (#24, #25, #41));
#2733 = FACE_OUTER_BOUND('', #2732, .T.);
#2734 = FACETED_BREP_SHAPE_REPRESENTATION('', (#2733), #8);
#2735 = POLY_LOOP('', (#24, #41, #40));
#2736 = FACE_OUTER_BOUND('', #2735, .T.);
#2737 = FACETED_BREP_SHAPE_REPRESENTATION('', (#2736), #8);
#2738 = POLY_LOOP('', (#25, #26, #42));
#2739 = FACE_OUTER_BOUND('', #2738, .T.);
#2740 = FACETED_BREP_SHAPE_REPRESENTATION('', (#2739), #8);
#2741 = POLY_LOOP('', (#25, #42, #41));
#2742 = FACE_OUTER_BOUND('', #2741, .T.);
#2743 = FACETED_BREP_SHAPE_REPRESENTATION('', (#2742), #8);
#2744 = POLY_LOOP('', (#26, #27, #43));
#2745 = FACE_OUTER_BOUND('', #2744, .T.);
#2746 = FACETED_BREP_SHAPE_REPRESENTATION('', (#2745), #8);
#2747 = POLY_LOOP('', (#26, #43, #42));
#2748 = FACE_OUTER_BOUND('', #2747, .T.);
#2749 = FACETED_BREP_SHAPE_REPRESENTATION('', (#2748), #8);
#2750 = POLY_LOOP('', (#27, #28, #44));
#2751 = FACE_OUTER_BOUND('', #2750, .T.);
#2752 = FACETED_BREP_SHAPE_REPRESENTATION('', (#2751), #8);
#2753 = POLY_LOOP('', (#27, #44, #43));
#2754 = FACE_OUTER_BOUND('', #2753, .T.);
#2755 = FACETED_BREP_SHAPE_REPRESENTATION('', (#2754), #8);
#2756 = POLY_LOOP('', (#28, #29, #45));
#2757 = FACE_OUTER_BOUND('', #2756, .T.);
#2758 = FACETED_BREP_SHAPE_REPRESENTATION('', (#2757), #8);
#2759 = POLY_LOOP('', (#28, #45, #44));
#2760 = FACE_OUTER_BOUND('', #2759, .T.);
#2761 = FACETED_BREP_SHAPE_REPRESENTATION('', (#2760), #8);
#2762 = POLY_LOOP('', (#29, #30, #46));
#2763 = FACE_OUTER_BOUND('', #2762, .T.);
#2764 = FACETED_BREP_SHAPE_REPRESENTATION('', (#2763), #8);
#2765 = POLY_LOOP('', (#29, #46, #45));
#2766 = FACE_OUTER_BOUND('', #2765, .T.);
#2767 = FACETED_BREP_SHAPE_REPRESENTATION('', (#2766), #8);
#2768 = POLY_LOOP('', (#30, #31, #47));
#2769 = FACE_OUTER_BOUND('', #2768, .T.);
#2770 = FACETED_BREP_SHAPE_REPRESENTATION('', (#2769), #8);
#2771 = POLY_LOOP('', (#30, #47, #46));
#2772 = FACE_OUTER_BOUND('', #2771, .T.);
#2773 = FACETED_BREP_SHAPE_REPRESENTATION('', (#2772), #8);
#2774 = POLY_LOOP('', (#31, #32, #48));
#2775 = FACE_OUTER_BOUND('', #2774, .T.);
#2776 = FACETED_BREP_SHAPE_REPRESENTATION('', (#2775), #8);
#2777 = POLY_LOOP('', (#31, #48, #47));
#2778 = FACE_OUTER_BOUND('', #2777, .T.);
#2779 = FACETED_BREP_SHAPE_REPRESENTATION('', (#2778), #8);
#2780 = POLY_LOOP('', (#32, #33, #49));
#2781 = FACE_OUTER_BOUND('', #2780, .T.);
#2782 = FACETED_BREP_SHAPE_REPRESENTATION('', (#2781), #8);
#2783 = POLY_LOOP('', (#32, #49, #48));
#2784 = FACE_OUTER_BOUND('', #2783, .T.);
#2785 = FACETED_BREP_SHAPE_REPRESENTATION('', (#2784), #8);
#2786 = POLY_LOOP('', (#33, #18, #34));
#2787 = FACE_OUTER_BOUND('', #2786, .T.);
#2788 = FACETED_BREP_SHAPE_REPRESENTATION('', (#2787), #8);
#2789 = POLY_LOOP('', (#33, #34, #49));
#2790 = FACE_OUTER_BOUND('', #2789, .T.);
#2791 = FACETED_BREP_SHAPE_REPRESENTATION('', (#2790), #8);
#2792 = POLY_LOOP('', (#50, #19, #18));
#2793 = FACE_OUTER_BOUND('', #2792, .T.);
#2794 = FACETED_BREP_SHAPE_REPRESENTATION('', (#2793), #8);
#2795 = POLY_LOOP('', (#51, #34, #35));
#2796 = FACE_OUTER_BOUND('', #2795, .T.);
#2797 = FACETED_BREP_SHAPE_REPRESENTATION('', (#2796), #8);
#2798 = POLY_LOOP('', (#50, #20, #19));
#2799 = FACE_OUTER_BOUND('', #2798, .T.);
#2800 = FACETED_BREP_SHAPE_REPRESENTATION('', (#2799), #8);
#2801 = POLY_LOOP('', (#51, #35, #36));
#2802 = FACE_OUTER_BOUND('', #2801, .T.);
#2803 = FACETED_BREP_SHAPE_REPRESENTATION('', (#2802), #8);
#2804 = POLY_LOOP('', (#50, #21, #20));
#2805 = FACE_OUTER_BOUND('', #2804, .T.);
#2806 = FACETED_BREP_SHAPE_REPRESENTATION('', (#2805), #8);
#2807 = POLY_LOOP('', (#51, #36, #37));
#2808 = FACE_OUTER_BOUND('', #2807, .T.);
#2809 = FACETED_BREP_SHAPE_REPRESENTATION('', (#2808), #8);
#2810 = POLY_LOOP('', (#50, #22, #21));
#2811 = FACE_OUTER_BOUND('', #2810, .T.);
#2812 = FACETED_BREP_SHAPE_REPRESENTATION('', (#2811), #8);
#2813 = POLY_LOOP('', (#51, #37, #38));
#2814 = FACE_OUTER_BOUND('', #2813, .T.);
#2815 = FACETED_BREP_SHAPE_REPRESENTATION('', (#2814), #8);
#2816 = POLY_LOOP('', (#50, #23, #22));
#2817 = FACE_OUTER_BOUND('', #2816, .T.);
#2818 = FACETED_BREP_SHAPE_REPRESENTATION('', (#2817), #8);
#2819 = POLY_LOOP('', (#51, #38, #39));
#2820 = FACE_OUTER_BOUND('', #2819, .T.);
#2821 = FACETED_BREP_SHAPE_REPRESENTATION('', (#2820), #8);
#2822 = POLY_LOOP('', (#50, #24, #23));
#2823 = FACE_OUTER_BOUND('', #2822, .T.);
#2824 = FACETED_BREP_SHAPE_REPRESENTATION('', (#2823), #8);
#2825 = POLY_LOOP('', (#51, #39, #40));
#2826 = FACE_OUTER_BOUND('', #2825, .T.);
#2827 = FACETED_BREP_SHAPE_REPRESENTATION('', (#2826), #8);
#2828 = POLY_LOOP('', (#50, #25, #24));
#2829 = FACE_OUTER_BOUND('', #2828, .T.);
#2830 = FACETED_BREP_SHAPE_REPRESENTATION('', (#2829), #8);
#2831 = POLY_LOOP('', (#51, #40, #41));
#2832 = FACE_OUTER_BOUND('', #2831, .T.);
#2833 = FACETED_BREP_SHAPE_REPRESENTATION('', (#2832), #8);
#2834 = POLY_LOOP('', (#50, #26, #25));
#2835 = FACE_OUTER_BOUND('', #2834, .T.);
#2836 = FACETED_BREP_SHAPE_REPRESENTATION('', (#2835), #8);
#2837 = POLY_LOOP('', (#51, #41, #42));
#2838 = FACE_OUTER_BOUND('', #2837, .T.);
#2839 = FACETED_BREP_SHAPE_REPRESENTATION('', (#2838), #8);
#2840 = POLY_LOOP('', (#50, #27, #26));
#2841 = FACE_OUTER_BOUND('', #2840, .T.);
#2842 = FACETED_BREP_SHAPE_REPRESENTATION('', (#2841), #8);
#2843 = POLY_LOOP('', (#51, #42, #43));
#2844 = FACE_OUTER_BOUND('', #2843, .T.);
#2845 = FACETED_BREP_SHAPE_REPRESENTATION('', (#2844), #8);
#2846 = POLY_LOOP('', (#50, #28, #27));
#2847 = FACE_OUTER_BOUND('', #2846, .T.);
#2848 = FACETED_BREP_SHAPE_REPRESENTATION('', (#2847), #8);
#2849 = POLY_LOOP('', (#51, #43, #44));
#2850 = FACE_OUTER_BOUND('', #2849, .T.);
#2851 = FACETED_BREP_SHAPE_REPRESENTATION('', (#2850), #8);
#2852 = POLY_LOOP('', (#50, #29, #28));
#2853 = FACE_OUTER_BOUND('', #2852, .T.);
#2854 = FACETED_BREP_SHAPE_REPRESENTATION('', (#2853), #8);
#2855 = POLY_LOOP('', (#51, #44, #45));
#2856 = FACE_OUTER_BOUND('', #2855, .T.);
#2857 = FACETED_BREP_SHAPE_REPRESENTATION('', (#2856), #8);
#2858 = POLY_LOOP('', (#50, #30, #29));
#2859 = FACE_OUTER_BOUND('', #2858, .T.);
#2860 = FACETED_BREP_SHAPE_REPRESENTATION('', (#2859), #8);
#2861 = POLY_LOOP('', (#51, #45, #46));
#2862 = FACE_OUTER_BOUND('', #2861, .T.);
#2863 = FACETED_BREP_SHAPE_REPRESENTATION('', (#2862), #8);
#2864 = POLY_LOOP('', (#50, #31, #30));
#2865 = FACE_OUTER_BOUND('', #2864, .T.);
#2866 = FACETED_BREP_SHAPE_REPRESENTATION('', (#2865), #8);
#2867 = POLY_LOOP('', (#51, #46, #47));
#2868 = FACE_OUTER_BOUND('', #2867, .T.);
#2869 = FACETED_BREP_SHAPE_REPRESENTATION('', (#2868), #8);
#2870 = POLY_LOOP('', (#50, #32, #31));
#2871 = FACE_OUTER_BOUND('', #2870, .T.);
#2872 = FACETED_BREP_SHAPE_REPRESENTATION('', (#2871), #8);
#2873 = POLY_LOOP('', (#51, #47, #48));
#2874 = FACE_OUTER_BOUND('', #2873, .T.);
#2875 = FACETED_BREP_SHAPE_REPRESENTATION('', (#2874), #8);
#2876 = POLY_LOOP('', (#50, #33, #32));
#2877 = FACE_OUTER_BOUND('', #2876, .T.);
#2878 = FACETED_BREP_SHAPE_REPRESENTATION('', (#2877), #8);
#2879 = POLY_LOOP('', (#51, #48, #49));
#2880 = FACE_OUTER_BOUND('', #2879, .T.);
#2881 = FACETED_BREP_SHAPE_REPRESENTATION('', (#2880), #8);
#2882 = POLY_LOOP('', (#50, #18, #33));
#2883 = FACE_OUTER_BOUND('', #2882, .T.);
#2884 = FACETED_BREP_SHAPE_REPRESENTATION('', (#2883), #8);
#2885 = POLY_LOOP('', (#51, #49, #34));
#2886 = FACE_OUTER_BOUND('', #2885, .T.);
#2887 = FACETED_BREP_SHAPE_REPRESENTATION('', (#2886), #8);
#2888 = POLY_LOOP('', (#52, #53, #69));
#2889 = FACE_OUTER_BOUND('', #2888, .T.);
#2890 = FACETED_BREP_SHAPE_REPRESENTATION('', (#2889), #8);
#2891 = POLY_LOOP('', (#52, #69, #68));
#2892 = FACE_OUTER_BOUND('', #2891, .T.);
#2893 = FACETED_BREP_SHAPE_REPRESENTATION('', (#2892), #8);
#2894 = POLY_LOOP('', (#53, #54, #70));
#2895 = FACE_OUTER_BOUND('', #2894, .T.);
#2896 = FACETED_BREP_SHAPE_REPRESENTATION('', (#2895), #8);
#2897 = POLY_LOOP('', (#53, #70, #69));
#2898 = FACE_OUTER_BOUND('', #2897, .T.);
#2899 = FACETED_BREP_SHAPE_REPRESENTATION('', (#2898), #8);
#2900 = POLY_LOOP('', (#54, #55, #71));
#2901 = FACE_OUTER_BOUND('', #2900, .T.);
#2902 = FACETED_BREP_SHAPE_REPRESENTATION('', (#2901), #8);
#2903 = POLY_LOOP('', (#54, #71, #70));
#2904 = FACE_OUTER_BOUND('', #2903, .T.);
#2905 = FACETED_BREP_SHAPE_REPRESENTATION('', (#2904), #8);
#2906 = POLY_LOOP('', (#55, #56, #72));
#2907 = FACE_OUTER_BOUND('', #2906, .T.);
#2908 = FACETED_BREP_SHAPE_REPRESENTATION('', (#2907), #8);
#2909 = POLY_LOOP('', (#55, #72, #71));
#2910 = FACE_OUTER_BOUND('', #2909, .T.);
#2911 = FACETED_BREP_SHAPE_REPRESENTATION('', (#2910), #8);
#2912 = POLY_LOOP('', (#56, #57, #73));
#2913 = FACE_OUTER_BOUND('', #2912, .T.);
#2914 = FACETED_BREP_SHAPE_REPRESENTATION('', (#2913), #8);
#2915 = POLY_LOOP('', (#56, #73, #72));
#2916 = FACE_OUTER_BOUND('', #2915, .T.);
#2917 = FACETED_BREP_SHAPE_REPRESENTATION('', (#2916), #8);
#2918 = POLY_LOOP('', (#57, #58, #74));
#2919 = FACE_OUTER_BOUND('', #2918, .T.);
#2920 = FACETED_BREP_SHAPE_REPRESENTATION('', (#2919), #8);
#2921 = POLY_LOOP('', (#57, #74, #73));
#2922 = FACE_OUTER_BOUND('', #2921, .T.);
#2923 = FACETED_BREP_SHAPE_REPRESENTATION('', (#2922), #8);
#2924 = POLY_LOOP('', (#58, #59, #75));
#2925 = FACE_OUTER_BOUND('', #2924, .T.);
#2926 = FACETED_BREP_SHAPE_REPRESENTATION('', (#2925), #8);
#2927 = POLY_LOOP('', (#58, #75, #74));
#2928 = FACE_OUTER_BOUND('', #2927, .T.);
#2929 = FACETED_BREP_SHAPE_REPRESENTATION('', (#2928), #8);
#2930 = POLY_LOOP('', (#59, #60, #76));
#2931 = FACE_OUTER_BOUND('', #2930, .T.);
#2932 = FACETED_BREP_SHAPE_REPRESENTATION('', (#2931), #8);
#2933 = POLY_LOOP('', (#59, #76, #75));
#2934 = FACE_OUTER_BOUND('', #2933, .T.);
#2935 = FACETED_BREP_SHAPE_REPRESENTATION('', (#2934), #8);
#2936 = POLY_LOOP('', (#60, #61, #77));
#2937 = FACE_OUTER_BOUND('', #2936, .T.);
#2938 = FACETED_BREP_SHAPE_REPRESENTATION('', (#2937), #8);
#2939 = POLY_LOOP('', (#60, #77, #76));
#2940 = FACE_OUTER_BOUND('', #2939, .T.);
#2941 = FACETED_BREP_SHAPE_REPRESENTATION('', (#2940), #8);
#2942 = POLY_LOOP('', (#61, #62, #78));
#2943 = FACE_OUTER_BOUND('', #2942, .T.);
#2944 = FACETED_BREP_SHAPE_REPRESENTATION('', (#2943), #8);
#2945 = POLY_LOOP('', (#61, #78, #77));
#2946 = FACE_OUTER_BOUND('', #2945, .T.);
#2947 = FACETED_BREP_SHAPE_REPRESENTATION('', (#2946), #8);
#2948 = POLY_LOOP('', (#62, #63, #79));
#2949 = FACE_OUTER_BOUND('', #2948, .T.);
#2950 = FACETED_BREP_SHAPE_REPRESENTATION('', (#2949), #8);
#2951 = POLY_LOOP('', (#62, #79, #78));
#2952 = FACE_OUTER_BOUND('', #2951, .T.);
#2953 = FACETED_BREP_SHAPE_REPRESENTATION('', (#2952), #8);
#2954 = POLY_LOOP('', (#63, #64, #80));
#2955 = FACE_OUTER_BOUND('', #2954, .T.);
#2956 = FACETED_BREP_SHAPE_REPRESENTATION('', (#2955), #8);
#2957 = POLY_LOOP('', (#63, #80, #79));
#2958 = FACE_OUTER_BOUND('', #2957, .T.);
#2959 = FACETED_BREP_SHAPE_REPRESENTATION('', (#2958), #8);
#2960 = POLY_LOOP('', (#64, #65, #81));
#2961 = FACE_OUTER_BOUND('', #2960, .T.);
#2962 = FACETED_BREP_SHAPE_REPRESENTATION('', (#2961), #8);
#2963 = POLY_LOOP('', (#64, #81, #80));
#2964 = FACE_OUTER_BOUND('', #2963, .T.);
#2965 = FACETED_BREP_SHAPE_REPRESENTATION('', (#2964), #8);
#2966 = POLY_LOOP('', (#65, #66, #82));
#2967 = FACE_OUTER_BOUND('', #2966, .T.);
#2968 = FACETED_BREP_SHAPE_REPRESENTATION('', (#2967), #8);
#2969 = POLY_LOOP('', (#65, #82, #81));
#2970 = FACE_OUTER_BOUND('', #2969, .T.);
#2971 = FACETED_BREP_SHAPE_REPRESENTATION('', (#2970), #8);
#2972 = POLY_LOOP('', (#66, #67, #83));
#2973 = FACE_OUTER_BOUND('', #2972, .T.);
#2974 = FACETED_BREP_SHAPE_REPRESENTATION('', (#2973), #8);
#2975 = POLY_LOOP('', (#66, #83, #82));
#2976 = FACE_OUTER_BOUND('', #2975, .T.);
#2977 = FACETED_BREP_SHAPE_REPRESENTATION('', (#2976), #8);
#2978 = POLY_LOOP('', (#67, #52, #68));
#2979 = FACE_OUTER_BOUND('', #2978, .T.);
#2980 = FACETED_BREP_SHAPE_REPRESENTATION('', (#2979), #8);
#2981 = POLY_LOOP('', (#67, #68, #83));
#2982 = FACE_OUTER_BOUND('', #2981, .T.);
#2983 = FACETED_BREP_SHAPE_REPRESENTATION('', (#2982), #8);
#2984 = POLY_LOOP('', (#84, #53, #52));
#2985 = FACE_OUTER_BOUND('', #2984, .T.);
#2986 = FACETED_BREP_SHAPE_REPRESENTATION('', (#2985), #8);
#2987 = POLY_LOOP('', (#85, #68, #69));
#2988 = FACE_OUTER_BOUND('', #2987, .T.);
#2989 = FACETED_BREP_SHAPE_REPRESENTATION('', (#2988), #8);
#2990 = POLY_LOOP('', (#84, #54, #53));
#2991 = FACE_OUTER_BOUND('', #2990, .T.);
#2992 = FACETED_BREP_SHAPE_REPRESENTATION('', (#2991), #8);
#2993 = POLY_LOOP('', (#85, #69, #70));
#2994 = FACE_OUTER_BOUND('', #2993, .T.);
#2995 = FACETED_BREP_SHAPE_REPRESENTATION('', (#2994), #8);
#2996 = POLY_LOOP('', (#84, #55, #54));
#2997 = FACE_OUTER_BOUND('', #2996, .T.);
#2998 = FACETED_BREP_SHAPE_REPRESENTATION('', (#2997), #8);
#2999 = POLY_LOOP('', (#85, #70, #71));
#3000 = FACE_OUTER_BOUND('', #2999, .T.);
#3001 = FACETED_BREP_SHAPE_REPRESENTATION('', (#3000), #8);
#3002 = POLY_LOOP('', (#84, #56, #55));
#3003 = FACE_OUTER_BOUND('', #3002, .T.);
#3004 = FACETED_BREP_SHAPE_REPRESENTATION('', (#3003), #8);
#3005 = POLY_LOOP('', (#85, #71, #72));
#3006 = FACE_OUTER_BOUND('', #3005, .T.);
#3007 = FACETED_BREP_SHAPE_REPRESENTATION('', (#3006), #8);
#3008 = POLY_LOOP('', (#84, #57, #56));
#3009 = FACE_OUTER_BOUND('', #3008, .T.);
#3010 = FACETED_BREP_SHAPE_REPRESENTATION('', (#3009), #8);
#3011 = POLY_LOOP('', (#85, #72, #73));
#3012 = FACE_OUTER_BOUND('', #3011, .T.);
#3013 = FACETED_BREP_SHAPE_REPRESENTATION('', (#3012), #8);
#3014 = POLY_LOOP('', (#84, #58, #57));
#3015 = FACE_OUTER_BOUND('', #3014, .T.);
#3016 = FACETED_BREP_SHAPE_REPRESENTATION('', (#3015), #8);
#3017 = POLY_LOOP('', (#85, #73, #74));
#3018 = FACE_OUTER_BOUND('', #3017, .T.);
#3019 = FACETED_BREP_SHAPE_REPRESENTATION('', (#3018), #8);
#3020 = POLY_LOOP('', (#84, #59, #58));
#3021 = FACE_OUTER_BOUND('', #3020, .T.);
#3022 = FACETED_BREP_SHAPE_REPRESENTATION('', (#3021), #8);
#3023 = POLY_LOOP('', (#85, #74, #75));
#3024 = FACE_OUTER_BOUND('', #3023, .T.);
#3025 = FACETED_BREP_SHAPE_REPRESENTATION('', (#3024), #8);
#3026 = POLY_LOOP('', (#84, #60, #59));
#3027 = FACE_OUTER_BOUND('', #3026, .T.);
#3028 = FACETED_BREP_SHAPE_REPRESENTATION('', (#3027), #8);
#3029 = POLY_LOOP('', (#85, #75, #76));
#3030 = FACE_OUTER_BOUND('', #3029, .T.);
#3031 = FACETED_BREP_SHAPE_REPRESENTATION('', (#3030), #8);
#3032 = POLY_LOOP('', (#84, #61, #60));
#3033 = FACE_OUTER_BOUND('', #3032, .T.);
#3034 = FACETED_BREP_SHAPE_REPRESENTATION('', (#3033), #8);
#3035 = POLY_LOOP('', (#85, #76, #77));
#3036 = FACE_OUTER_BOUND('', #3035, .T.);
#3037 = FACETED_BREP_SHAPE_REPRESENTATION('', (#3036), #8);
#3038 = POLY_LOOP('', (#84, #62, #61));
#3039 = FACE_OUTER_BOUND('', #3038, .T.);
#3040 = FACETED_BREP_SHAPE_REPRESENTATION('', (#3039), #8);
#3041 = POLY_LOOP('', (#85, #77, #78));
#3042 = FACE_OUTER_BOUND('', #3041, .T.);
#3043 = FACETED_BREP_SHAPE_REPRESENTATION('', (#3042), #8);
#3044 = POLY_LOOP('', (#84, #63, #62));
#3045 = FACE_OUTER_BOUND('', #3044, .T.);
#3046 = FACETED_BREP_SHAPE_REPRESENTATION('', (#3045), #8);
#3047 = POLY_LOOP('', (#85, #78, #79));
#3048 = FACE_OUTER_BOUND('', #3047, .T.);
#3049 = FACETED_BREP_SHAPE_REPRESENTATION('', (#3048), #8);
#3050 = POLY_LOOP('', (#84, #64, #63));
#3051 = FACE_OUTER_BOUND('', #3050, .T.);
#3052 = FACETED_BREP_SHAPE_REPRESENTATION('', (#3051), #8);
#3053 = POLY_LOOP('', (#85, #79, #80));
#3054 = FACE_OUTER_BOUND('', #3053, .T.);
#3055 = FACETED_BREP_SHAPE_REPRESENTATION('', (#3054), #8);
#3056 = POLY_LOOP('', (#84, #65, #64));
#3057 = FACE_OUTER_BOUND('', #3056, .T.);
#3058 = FACETED_BREP_SHAPE_REPRESENTATION('', (#3057), #8);
#3059 = POLY_LOOP('', (#85, #80, #81));
#3060 = FACE_OUTER_BOUND('', #3059, .T.);
#3061 = FACETED_BREP_SHAPE_REPRESENTATION('', (#3060), #8);
#3062 = POLY_LOOP('', (#84, #66, #65));
#3063 = FACE_OUTER_BOUND('', #3062, .T.);
#3064 = FACETED_BREP_SHAPE_REPRESENTATION('', (#3063), #8);
#3065 = POLY_LOOP('', (#85, #81, #82));
#3066 = FACE_OUTER_BOUND('', #3065, .T.);
#3067 = FACETED_BREP_SHAPE_REPRESENTATION('', (#3066), #8);
#3068 = POLY_LOOP('', (#84, #67, #66));
#3069 = FACE_OUTER_BOUND('', #3068, .T.);
#3070 = FACETED_BREP_SHAPE_REPRESENTATION('', (#3069), #8);
#3071 = POLY_LOOP('', (#85, #82, #83));
#3072 = FACE_OUTER_BOUND('', #3071, .T.);
#3073 = FACETED_BREP_SHAPE_REPRESENTATION('', (#3072), #8);
#3074 = POLY_LOOP('', (#84, #52, #67));
#3075 = FACE_OUTER_BOUND('', #3074, .T.);
#3076 = FACETED_BREP_SHAPE_REPRESENTATION('', (#3075), #8);
#3077 = POLY_LOOP('', (#85, #83, #68));
#3078 = FACE_OUTER_BOUND('', #3077, .T.);
#3079 = FACETED_BREP_SHAPE_REPRESENTATION('', (#3078), #8);
#3080 = POLY_LOOP('', (#86, #87, #99));
#3081 = FACE_OUTER_BOUND('', #3080, .T.);
#3082 = FACETED_BREP_SHAPE_REPRESENTATION('', (#3081), #8);
#3083 = POLY_LOOP('', (#86, #99, #98));
#3084 = FACE_OUTER_BOUND('', #3083, .T.);
#3085 = FACETED_BREP_SHAPE_REPRESENTATION('', (#3084), #8);
#3086 = POLY_LOOP('', (#87, #88, #100));
#3087 = FACE_OUTER_BOUND('', #3086, .T.);
#3088 = FACETED_BREP_SHAPE_REPRESENTATION('', (#3087), #8);
#3089 = POLY_LOOP('', (#87, #100, #99));
#3090 = FACE_OUTER_BOUND('', #3089, .T.);
#3091 = FACETED_BREP_SHAPE_REPRESENTATION('', (#3090), #8);
#3092 = POLY_LOOP('', (#88, #89, #101));
#3093 = FACE_OUTER_BOUND('', #3092, .T.);
#3094 = FACETED_BREP_SHAPE_REPRESENTATION('', (#3093), #8);
#3095 = POLY_LOOP('', (#88, #101, #100));
#3096 = FACE_OUTER_BOUND('', #3095, .T.);
#3097 = FACETED_BREP_SHAPE_REPRESENTATION('', (#3096), #8);
#3098 = POLY_LOOP('', (#89, #90, #102));
#3099 = FACE_OUTER_BOUND('', #3098, .T.);
#3100 = FACETED_BREP_SHAPE_REPRESENTATION('', (#3099), #8);
#3101 = POLY_LOOP('', (#89, #102, #101));
#3102 = FACE_OUTER_BOUND('', #3101, .T.);
#3103 = FACETED_BREP_SHAPE_REPRESENTATION('', (#3102), #8);
#3104 = POLY_LOOP('', (#90, #91, #103));
#3105 = FACE_OUTER_BOUND('', #3104, .T.);
#3106 = FACETED_BREP_SHAPE_REPRESENTATION('', (#3105), #8);
#3107 = POLY_LOOP('', (#90, #103, #102));
#3108 = FACE_OUTER_BOUND('', #3107, .T.);
#3109 = FACETED_BREP_SHAPE_REPRESENTATION('', (#3108), #8);
#3110 = POLY_LOOP('', (#91, #92, #104));
#3111 = FACE_OUTER_BOUND('', #3110, .T.);
#3112 = FACETED_BREP_SHAPE_REPRESENTATION('', (#3111), #8);
#3113 = POLY_LOOP('', (#91, #104, #103));
#3114 = FACE_OUTER_BOUND('', #3113, .T.);
#3115 = FACETED_BREP_SHAPE_REPRESENTATION('', (#3114), #8);
#3116 = POLY_LOOP('', (#92, #93, #105));
#3117 = FACE_OUTER_BOUND('', #3116, .T.);
#3118 = FACETED_BREP_SHAPE_REPRESENTATION('', (#3117), #8);
#3119 = POLY_LOOP('', (#92, #105, #104));
#3120 = FACE_OUTER_BOUND('', #3119, .T.);
#3121 = FACETED_BREP_SHAPE_REPRESENTATION('', (#3120), #8);
#3122 = POLY_LOOP('', (#93, #94, #106));
#3123 = FACE_OUTER_BOUND('', #3122, .T.);
#3124 = FACETED_BREP_SHAPE_REPRESENTATION('', (#3123), #8);
#3125 = POLY_LOOP('', (#93, #106, #105));
#3126 = FACE_OUTER_BOUND('', #3125, .T.);
#3127 = FACETED_BREP_SHAPE_REPRESENTATION('', (#3126), #8);
#3128 = POLY_LOOP('', (#94, #95, #107));
#3129 = FACE_OUTER_BOUND('', #3128, .T.);
#3130 = FACETED_BREP_SHAPE_REPRESENTATION('', (#3129), #8);
#3131 = POLY_LOOP('', (#94, #107, #106));
#3132 = FACE_OUTER_BOUND('', #3131, .T.);
#3133 = FACETED_BREP_SHAPE_REPRESENTATION('', (#3132), #8);
#3134 = POLY_LOOP('', (#95, #96, #108));
#3135 = FACE_OUTER_BOUND('', #3134, .T.);
#3136 = FACETED_BREP_SHAPE_REPRESENTATION('', (#3135), #8);
#3137 = POLY_LOOP('', (#95, #108, #107));
#3138 = FACE_OUTER_BOUND('', #3137, .T.);
#3139 = FACETED_BREP_SHAPE_REPRESENTATION('', (#3138), #8);
#3140 = POLY_LOOP('', (#96, #97, #109));
#3141 = FACE_OUTER_BOUND('', #3140, .T.);
#3142 = FACETED_BREP_SHAPE_REPRESENTATION('', (#3141), #8);
#3143 = POLY_LOOP('', (#96, #109, #108));
#3144 = FACE_OUTER_BOUND('', #3143, .T.);
#3145 = FACETED_BREP_SHAPE_REPRESENTATION('', (#3144), #8);
#3146 = POLY_LOOP('', (#97, #86, #98));
#3147 = FACE_OUTER_BOUND('', #3146, .T.);
#3148 = FACETED_BREP_SHAPE_REPRESENTATION('', (#3147), #8);
#3149 = POLY_LOOP('', (#97, #98, #109));
#3150 = FACE_OUTER_BOUND('', #3149, .T.);
#3151 = FACETED_BREP_SHAPE_REPRESENTATION('', (#3150), #8);
#3152 = POLY_LOOP('', (#110, #87, #86));
#3153 = FACE_OUTER_BOUND('', #3152, .T.);
#3154 = FACETED_BREP_SHAPE_REPRESENTATION('', (#3153), #8);
#3155 = POLY_LOOP('', (#111, #98, #99));
#3156 = FACE_OUTER_BOUND('', #3155, .T.);
#3157 = FACETED_BREP_SHAPE_REPRESENTATION('', (#3156), #8);
#3158 = POLY_LOOP('', (#110, #88, #87));
#3159 = FACE_OUTER_BOUND('', #3158, .T.);
#3160 = FACETED_BREP_SHAPE_REPRESENTATION('', (#3159), #8);
#3161 = POLY_LOOP('', (#111, #99, #100));
#3162 = FACE_OUTER_BOUND('', #3161, .T.);
#3163 = FACETED_BREP_SHAPE_REPRESENTATION('', (#3162), #8);
#3164 = POLY_LOOP('', (#110, #89, #88));
#3165 = FACE_OUTER_BOUND('', #3164, .T.);
#3166 = FACETED_BREP_SHAPE_REPRESENTATION('', (#3165), #8);
#3167 = POLY_LOOP('', (#111, #100, #101));
#3168 = FACE_OUTER_BOUND('', #3167, .T.);
#3169 = FACETED_BREP_SHAPE_REPRESENTATION('', (#3168), #8);
#3170 = POLY_LOOP('', (#110, #90, #89));
#3171 = FACE_OUTER_BOUND('', #3170, .T.);
#3172 = FACETED_BREP_SHAPE_REPRESENTATION('', (#3171), #8);
#3173 = POLY_LOOP('', (#111, #101, #102));
#3174 = FACE_OUTER_BOUND('', #3173, .T.);
#3175 = FACETED_BREP_SHAPE_REPRESENTATION('', (#3174), #8);
#3176 = POLY_LOOP('', (#110, #91, #90));
#3177 = FACE_OUTER_BOUND('', #3176, .T.);
#3178 = FACETED_BREP_SHAPE_REPRESENTATION('', (#3177), #8);
#3179 = POLY_LOOP('', (#111, #102, #103));
#3180 = FACE_OUTER_BOUND('', #3179, .T.);
#3181 = FACETED_BREP_SHAPE_REPRESENTATION('', (#3180), #8);
#3182 = POLY_LOOP('', (#110, #92, #91));
#3183 = FACE_OUTER_BOUND('', #3182, .T.);
#3184 = FACETED_BREP_SHAPE_REPRESENTATION('', (#3183), #8);
#3185 = POLY_LOOP('', (#111, #103, #104));
#3186 = FACE_OUTER_BOUND('', #3185, .T.);
#3187 = FACETED_BREP_SHAPE_REPRESENTATION('', (#3186), #8);
#3188 = POLY_LOOP('', (#110, #93, #92));
#3189 = FACE_OUTER_BOUND('', #3188, .T.);
#3190 = FACETED_BREP_SHAPE_REPRESENTATION('', (#3189), #8);
#3191 = POLY_LOOP('', (#111, #104, #105));
#3192 = FACE_OUTER_BOUND('', #3191, .T.);
#3193 = FACETED_BREP_SHAPE_REPRESENTATION('', (#3192), #8);
#3194 = POLY_LOOP('', (#110, #94, #93));
#3195 = FACE_OUTER_BOUND('', #3194, .T.);
#3196 = FACETED_BREP_SHAPE_REPRESENTATION('', (#3195), #8);
#3197 = POLY_LOOP('', (#111, #105, #106));
#3198 = FACE_OUTER_BOUND('', #3197, .T.);
#3199 = FACETED_BREP_SHAPE_REPRESENTATION('', (#3198), #8);
#3200 = POLY_LOOP('', (#110, #95, #94));
#3201 = FACE_OUTER_BOUND('', #3200, .T.);
#3202 = FACETED_BREP_SHAPE_REPRESENTATION('', (#3201), #8);
#3203 = POLY_LOOP('', (#111, #106, #107));
#3204 = FACE_OUTER_BOUND('', #3203, .T.);
#3205 = FACETED_BREP_SHAPE_REPRESENTATION('', (#3204), #8);
#3206 = POLY_LOOP('', (#110, #96, #95));
#3207 = FACE_OUTER_BOUND('', #3206, .T.);
#3208 = FACETED_BREP_SHAPE_REPRESENTATION('', (#3207), #8);
#3209 = POLY_LOOP('', (#111, #107, #108));
#3210 = FACE_OUTER_BOUND('', #3209, .T.);
#3211 = FACETED_BREP_SHAPE_REPRESENTATION('', (#3210), #8);
#3212 = POLY_LOOP('', (#110, #97, #96));
#3213 = FACE_OUTER_BOUND('', #3212, .T.);
#3214 = FACETED_BREP_SHAPE_REPRESENTATION('', (#3213), #8);
#3215 = POLY_LOOP('', (#111, #108, #109));
#3216 = FACE_OUTER_BOUND('', #3215, .T.);
#3217 = FACETED_BREP_SHAPE_REPRESENTATION('', (#3216), #8);
#3218 = POLY_LOOP('', (#110, #86, #97));
#3219 = FACE_OUTER_BOUND('', #3218, .T.);
#3220 = FACETED_BREP_SHAPE_REPRESENTATION('', (#3219), #8);
#3221 = POLY_LOOP('', (#111, #109, #98));
#3222 = FACE_OUTER_BOUND('', #3221, .T.);
#3223 = FACETED_BREP_SHAPE_REPRESENTATION('', (#3222), #8);
#3224 = POLY_LOOP('', (#112, #113, #129));
#3225 = FACE_OUTER_BOUND('', #3224, .T.);
#3226 = FACETED_BREP_SHAPE_REPRESENTATION('', (#3225), #8);
#3227 = POLY_LOOP('', (#112, #129, #128));
#3228 = FACE_OUTER_BOUND('', #3227, .T.);
#3229 = FACETED_BREP_SHAPE_REPRESENTATION('', (#3228), #8);
#3230 = POLY_LOOP('', (#113, #114, #130));
#3231 = FACE_OUTER_BOUND('', #3230, .T.);
#3232 = FACETED_BREP_SHAPE_REPRESENTATION('', (#3231), #8);
#3233 = POLY_LOOP('', (#113, #130, #129));
#3234 = FACE_OUTER_BOUND('', #3233, .T.);
#3235 = FACETED_BREP_SHAPE_REPRESENTATION('', (#3234), #8);
#3236 = POLY_LOOP('', (#114, #115, #131));
#3237 = FACE_OUTER_BOUND('', #3236, .T.);
#3238 = FACETED_BREP_SHAPE_REPRESENTATION('', (#3237), #8);
#3239 = POLY_LOOP('', (#114, #131, #130));
#3240 = FACE_OUTER_BOUND('', #3239, .T.);
#3241 = FACETED_BREP_SHAPE_REPRESENTATION('', (#3240), #8);
#3242 = POLY_LOOP('', (#115, #116, #132));
#3243 = FACE_OUTER_BOUND('', #3242, .T.);
#3244 = FACETED_BREP_SHAPE_REPRESENTATION('', (#3243), #8);
#3245 = POLY_LOOP('', (#115, #132, #131));
#3246 = FACE_OUTER_BOUND('', #3245, .T.);
#3247 = FACETED_BREP_SHAPE_REPRESENTATION('', (#3246), #8);
#3248 = POLY_LOOP('', (#116, #117, #133));
#3249 = FACE_OUTER_BOUND('', #3248, .T.);
#3250 = FACETED_BREP_SHAPE_REPRESENTATION('', (#3249), #8);
#3251 = POLY_LOOP('', (#116, #133, #132));
#3252 = FACE_OUTER_BOUND('', #3251, .T.);
#3253 = FACETED_BREP_SHAPE_REPRESENTATION('', (#3252), #8);
#3254 = POLY_LOOP('', (#117, #118, #134));
#3255 = FACE_OUTER_BOUND('', #3254, .T.);
#3256 = FACETED_BREP_SHAPE_REPRESENTATION('', (#3255), #8);
#3257 = POLY_LOOP('', (#117, #134, #133));
#3258 = FACE_OUTER_BOUND('', #3257, .T.);
#3259 = FACETED_BREP_SHAPE_REPRESENTATION('', (#3258), #8);
#3260 = POLY_LOOP('', (#118, #119, #135));
#3261 = FACE_OUTER_BOUND('', #3260, .T.);
#3262 = FACETED_BREP_SHAPE_REPRESENTATION('', (#3261), #8);
#3263 = POLY_LOOP('', (#118, #135, #134));
#3264 = FACE_OUTER_BOUND('', #3263, .T.);
#3265 = FACETED_BREP_SHAPE_REPRESENTATION('', (#3264), #8);
#3266 = POLY_LOOP('', (#119, #120, #136));
#3267 = FACE_OUTER_BOUND('', #3266, .T.);
#3268 = FACETED_BREP_SHAPE_REPRESENTATION('', (#3267), #8);
#3269 = POLY_LOOP('', (#119, #136, #135));
#3270 = FACE_OUTER_BOUND('', #3269, .T.);
#3271 = FACETED_BREP_SHAPE_REPRESENTATION('', (#3270), #8);
#3272 = POLY_LOOP('', (#120, #121, #137));
#3273 = FACE_OUTER_BOUND('', #3272, .T.);
#3274 = FACETED_BREP_SHAPE_REPRESENTATION('', (#3273), #8);
#3275 = POLY_LOOP('', (#120, #137, #136));
#3276 = FACE_OUTER_BOUND('', #3275, .T.);
#3277 = FACETED_BREP_SHAPE_REPRESENTATION('', (#3276), #8);
#3278 = POLY_LOOP('', (#121, #122, #138));
#3279 = FACE_OUTER_BOUND('', #3278, .T.);
#3280 = FACETED_BREP_SHAPE_REPRESENTATION('', (#3279), #8);
#3281 = POLY_LOOP('', (#121, #138, #137));
#3282 = FACE_OUTER_BOUND('', #3281, .T.);
#3283 = FACETED_BREP_SHAPE_REPRESENTATION('', (#3282), #8);
#3284 = POLY_LOOP('', (#122, #123, #139));
#3285 = FACE_OUTER_BOUND('', #3284, .T.);
#3286 = FACETED_BREP_SHAPE_REPRESENTATION('', (#3285), #8);
#3287 = POLY_LOOP('', (#122, #139, #138));
#3288 = FACE_OUTER_BOUND('', #3287, .T.);
#3289 = FACETED_BREP_SHAPE_REPRESENTATION('', (#3288), #8);
#3290 = POLY_LOOP('', (#123, #124, #140));
#3291 = FACE_OUTER_BOUND('', #3290, .T.);
#3292 = FACETED_BREP_SHAPE_REPRESENTATION('', (#3291), #8);
#3293 = POLY_LOOP('', (#123, #140, #139));
#3294 = FACE_OUTER_BOUND('', #3293, .T.);
#3295 = FACETED_BREP_SHAPE_REPRESENTATION('', (#3294), #8);
#3296 = POLY_LOOP('', (#124, #125, #141));
#3297 = FACE_OUTER_BOUND('', #3296, .T.);
#3298 = FACETED_BREP_SHAPE_REPRESENTATION('', (#3297), #8);
#3299 = POLY_LOOP('', (#124, #141, #140));
#3300 = FACE_OUTER_BOUND('', #3299, .T.);
#3301 = FACETED_BREP_SHAPE_REPRESENTATION('', (#3300), #8);
#3302 = POLY_LOOP('', (#125, #126, #142));
#3303 = FACE_OUTER_BOUND('', #3302, .T.);
#3304 = FACETED_BREP_SHAPE_REPRESENTATION('', (#3303), #8);
#3305 = POLY_LOOP('', (#125, #142, #141));
#3306 = FACE_OUTER_BOUND('', #3305, .T.);
#3307 = FACETED_BREP_SHAPE_REPRESENTATION('', (#3306), #8);
#3308 = POLY_LOOP('', (#126, #127, #143));
#3309 = FACE_OUTER_BOUND('', #3308, .T.);
#3310 = FACETED_BREP_SHAPE_REPRESENTATION('', (#3309), #8);
#3311 = POLY_LOOP('', (#126, #143, #142));
#3312 = FACE_OUTER_BOUND('', #3311, .T.);
#3313 = FACETED_BREP_SHAPE_REPRESENTATION('', (#3312), #8);
#3314 = POLY_LOOP('', (#127, #112, #128));
#3315 = FACE_OUTER_BOUND('', #3314, .T.);
#3316 = FACETED_BREP_SHAPE_REPRESENTATION('', (#3315), #8);
#3317 = POLY_LOOP('', (#127, #128, #143));
#3318 = FACE_OUTER_BOUND('', #3317, .T.);
#3319 = FACETED_BREP_SHAPE_REPRESENTATION('', (#3318), #8);
#3320 = POLY_LOOP('', (#144, #113, #112));
#3321 = FACE_OUTER_BOUND('', #3320, .T.);
#3322 = FACETED_BREP_SHAPE_REPRESENTATION('', (#3321), #8);
#3323 = POLY_LOOP('', (#145, #128, #129));
#3324 = FACE_OUTER_BOUND('', #3323, .T.);
#3325 = FACETED_BREP_SHAPE_REPRESENTATION('', (#3324), #8);
#3326 = POLY_LOOP('', (#144, #114, #113));
#3327 = FACE_OUTER_BOUND('', #3326, .T.);
#3328 = FACETED_BREP_SHAPE_REPRESENTATION('', (#3327), #8);
#3329 = POLY_LOOP('', (#145, #129, #130));
#3330 = FACE_OUTER_BOUND('', #3329, .T.);
#3331 = FACETED_BREP_SHAPE_REPRESENTATION('', (#3330), #8);
#3332 = POLY_LOOP('', (#144, #115, #114));
#3333 = FACE_OUTER_BOUND('', #3332, .T.);
#3334 = FACETED_BREP_SHAPE_REPRESENTATION('', (#3333), #8);
#3335 = POLY_LOOP('', (#145, #130, #131));
#3336 = FACE_OUTER_BOUND('', #3335, .T.);
#3337 = FACETED_BREP_SHAPE_REPRESENTATION('', (#3336), #8);
#3338 = POLY_LOOP('', (#144, #116, #115));
#3339 = FACE_OUTER_BOUND('', #3338, .T.);
#3340 = FACETED_BREP_SHAPE_REPRESENTATION('', (#3339), #8);
#3341 = POLY_LOOP('', (#145, #131, #132));
#3342 = FACE_OUTER_BOUND('', #3341, .T.);
#3343 = FACETED_BREP_SHAPE_REPRESENTATION('', (#3342), #8);
#3344 = POLY_LOOP('', (#144, #117, #116));
#3345 = FACE_OUTER_BOUND('', #3344, .T.);
#3346 = FACETED_BREP_SHAPE_REPRESENTATION('', (#3345), #8);
#3347 = POLY_LOOP('', (#145, #132, #133));
#3348 = FACE_OUTER_BOUND('', #3347, .T.);
#3349 = FACETED_BREP_SHAPE_REPRESENTATION('', (#3348), #8);
#3350 = POLY_LOOP('', (#144, #118, #117));
#3351 = FACE_OUTER_BOUND('', #3350, .T.);
#3352 = FACETED_BREP_SHAPE_REPRESENTATION('', (#3351), #8);
#3353 = POLY_LOOP('', (#145, #133, #134));
#3354 = FACE_OUTER_BOUND('', #3353, .T.);
#3355 = FACETED_BREP_SHAPE_REPRESENTATION('', (#3354), #8);
#3356 = POLY_LOOP('', (#144, #119, #118));
#3357 = FACE_OUTER_BOUND('', #3356, .T.);
#3358 = FACETED_BREP_SHAPE_REPRESENTATION('', (#3357), #8);
#3359 = POLY_LOOP('', (#145, #134, #135));
#3360 = FACE_OUTER_BOUND('', #3359, .T.);
#3361 = FACETED_BREP_SHAPE_REPRESENTATION('', (#3360), #8);
#3362 = POLY_LOOP('', (#144, #120, #119));
#3363 = FACE_OUTER_BOUND('', #3362, .T.);
#3364 = FACETED_BREP_SHAPE_REPRESENTATION('', (#3363), #8);
#3365 = POLY_LOOP('', (#145, #135, #136));
#3366 = FACE_OUTER_BOUND('', #3365, .T.);
#3367 = FACETED_BREP_SHAPE_REPRESENTATION('', (#3366), #8);
#3368 = POLY_LOOP('', (#144, #121, #120));
#3369 = FACE_OUTER_BOUND('', #3368, .T.);
#3370 = FACETED_BREP_SHAPE_REPRESENTATION('', (#3369), #8);
#3371 = POLY_LOOP('', (#145, #136, #137));
#3372 = FACE_OUTER_BOUND('', #3371, .T.);
#3373 = FACETED_BREP_SHAPE_REPRESENTATION('', (#3372), #8);
#3374 = POLY_LOOP('', (#144, #122, #121));
#3375 = FACE_OUTER_BOUND('', #3374, .T.);
#3376 = FACETED_BREP_SHAPE_REPRESENTATION('', (#3375), #8);
#3377 = POLY_LOOP('', (#145, #137, #138));
#3378 = FACE_OUTER_BOUND('', #3377, .T.);
#3379 = FACETED_BREP_SHAPE_REPRESENTATION('', (#3378), #8);
#3380 = POLY_LOOP('', (#144, #123, #122));
#3381 = FACE_OUTER_BOUND('', #3380, .T.);
#3382 = FACETED_BREP_SHAPE_REPRESENTATION('', (#3381), #8);
#3383 = POLY_LOOP('', (#145, #138, #139));
#3384 = FACE_OUTER_BOUND('', #3383, .T.);
#3385 = FACETED_BREP_SHAPE_REPRESENTATION('', (#3384), #8);
#3386 = POLY_LOOP('', (#144, #124, #123));
#3387 = FACE_OUTER_BOUND('', #3386, .T.);
#3388 = FACETED_BREP_SHAPE_REPRESENTATION('', (#3387), #8);
#3389 = POLY_LOOP('', (#145, #139, #140));
#3390 = FACE_OUTER_BOUND('', #3389, .T.);
#3391 = FACETED_BREP_SHAPE_REPRESENTATION('', (#3390), #8);
#3392 = POLY_LOOP('', (#144, #125, #124));
#3393 = FACE_OUTER_BOUND('', #3392, .T.);
#3394 = FACETED_BREP_SHAPE_REPRESENTATION('', (#3393), #8);
#3395 = POLY_LOOP('', (#145, #140, #141));
#3396 = FACE_OUTER_BOUND('', #3395, .T.);
#3397 = FACETED_BREP_SHAPE_REPRESENTATION('', (#3396), #8);
#3398 = POLY_LOOP('', (#144, #126, #125));
#3399 = FACE_OUTER_BOUND('', #3398, .T.);
#3400 = FACETED_BREP_SHAPE_REPRESENTATION('', (#3399), #8);
#3401 = POLY_LOOP('', (#145, #141, #142));
#3402 = FACE_OUTER_BOUND('', #3401, .T.);
#3403 = FACETED_BREP_SHAPE_REPRESENTATION('', (#3402), #8);
#3404 = POLY_LOOP('', (#144, #127, #126));
#3405 = FACE_OUTER_BOUND('', #3404, .T.);
#3406 = FACETED_BREP_SHAPE_REPRESENTATION('', (#3405), #8);
#3407 = POLY_LOOP('', (#145, #142, #143));
#3408 = FACE_OUTER_BOUND('', #3407, .T.);
#3409 = FACETED_BREP_SHAPE_REPRESENTATION('', (#3408), #8);
#3410 = POLY_LOOP('', (#144, #112, #127));
#3411 = FACE_OUTER_BOUND('', #3410, .T.);
#3412 = FACETED_BREP_SHAPE_REPRESENTATION('', (#3411), #8);
#3413 = POLY_LOOP('', (#145, #143, #128));
#3414 = FACE_OUTER_BOUND('', #3413, .T.);
#3415 = FACETED_BREP_SHAPE_REPRESENTATION('', (#3414), #8);
#3416 = POLY_LOOP('', (#146, #147, #159));
#3417 = FACE_OUTER_BOUND('', #3416, .T.);
#3418 = FACETED_BREP_SHAPE_REPRESENTATION('', (#3417), #8);
#3419 = POLY_LOOP('', (#146, #159, #158));
#3420 = FACE_OUTER_BOUND('', #3419, .T.);
#3421 = FACETED_BREP_SHAPE_REPRESENTATION('', (#3420), #8);
#3422 = POLY_LOOP('', (#147, #148, #160));
#3423 = FACE_OUTER_BOUND('', #3422, .T.);
#3424 = FACETED_BREP_SHAPE_REPRESENTATION('', (#3423), #8);
#3425 = POLY_LOOP('', (#147, #160, #159));
#3426 = FACE_OUTER_BOUND('', #3425, .T.);
#3427 = FACETED_BREP_SHAPE_REPRESENTATION('', (#3426), #8);
#3428 = POLY_LOOP('', (#148, #149, #161));
#3429 = FACE_OUTER_BOUND('', #3428, .T.);
#3430 = FACETED_BREP_SHAPE_REPRESENTATION('', (#3429), #8);
#3431 = POLY_LOOP('', (#148, #161, #160));
#3432 = FACE_OUTER_BOUND('', #3431, .T.);
#3433 = FACETED_BREP_SHAPE_REPRESENTATION('', (#3432), #8);
#3434 = POLY_LOOP('', (#149, #150, #162));
#3435 = FACE_OUTER_BOUND('', #3434, .T.);
#3436 = FACETED_BREP_SHAPE_REPRESENTATION('', (#3435), #8);
#3437 = POLY_LOOP('', (#149, #162, #161));
#3438 = FACE_OUTER_BOUND('', #3437, .T.);
#3439 = FACETED_BREP_SHAPE_REPRESENTATION('', (#3438), #8);
#3440 = POLY_LOOP('', (#150, #151, #163));
#3441 = FACE_OUTER_BOUND('', #3440, .T.);
#3442 = FACETED_BREP_SHAPE_REPRESENTATION('', (#3441), #8);
#3443 = POLY_LOOP('', (#150, #163, #162));
#3444 = FACE_OUTER_BOUND('', #3443, .T.);
#3445 = FACETED_BREP_SHAPE_REPRESENTATION('', (#3444), #8);
#3446 = POLY_LOOP('', (#151, #152, #164));
#3447 = FACE_OUTER_BOUND('', #3446, .T.);
#3448 = FACETED_BREP_SHAPE_REPRESENTATION('', (#3447), #8);
#3449 = POLY_LOOP('', (#151, #164, #163));
#3450 = FACE_OUTER_BOUND('', #3449, .T.);
#3451 = FACETED_BREP_SHAPE_REPRESENTATION('', (#3450), #8);
#3452 = POLY_LOOP('', (#152, #153, #165));
#3453 = FACE_OUTER_BOUND('', #3452, .T.);
#3454 = FACETED_BREP_SHAPE_REPRESENTATION('', (#3453), #8);
#3455 = POLY_LOOP('', (#152, #165, #164));
#3456 = FACE_OUTER_BOUND('', #3455, .T.);
#3457 = FACETED_BREP_SHAPE_REPRESENTATION('', (#3456), #8);
#3458 = POLY_LOOP('', (#153, #154, #166));
#3459 = FACE_OUTER_BOUND('', #3458, .T.);
#3460 = FACETED_BREP_SHAPE_REPRESENTATION('', (#3459), #8);
#3461 = POLY_LOOP('', (#153, #166, #165));
#3462 = FACE_OUTER_BOUND('', #3461, .T.);
#3463 = FACETED_BREP_SHAPE_REPRESENTATION('', (#3462), #8);
#3464 = POLY_LOOP('', (#154, #155, #167));
#3465 = FACE_OUTER_BOUND('', #3464, .T.);
#3466 = FACETED_BREP_SHAPE_REPRESENTATION('', (#3465), #8);
#3467 = POLY_LOOP('', (#154, #167, #166));
#3468 = FACE_OUTER_BOUND('', #3467, .T.);
#3469 = FACETED_BREP_SHAPE_REPRESENTATION('', (#3468), #8);
#3470 = POLY_LOOP('', (#155, #156, #168));
#3471 = FACE_OUTER_BOUND('', #3470, .T.);
#3472 = FACETED_BREP_SHAPE_REPRESENTATION('', (#3471), #8);
#3473 = POLY_LOOP('', (#155, #168, #167));
#3474 = FACE_OUTER_BOUND('', #3473, .T.);
#3475 = FACETED_BREP_SHAPE_REPRESENTATION('', (#3474), #8);
#3476 = POLY_LOOP('', (#156, #157, #169));
#3477 = FACE_OUTER_BOUND('', #3476, .T.);
#3478 = FACETED_BREP_SHAPE_REPRESENTATION('', (#3477), #8);
#3479 = POLY_LOOP('', (#156, #169, #168));
#3480 = FACE_OUTER_BOUND('', #3479, .T.);
#3481 = FACETED_BREP_SHAPE_REPRESENTATION('', (#3480), #8);
#3482 = POLY_LOOP('', (#157, #146, #158));
#3483 = FACE_OUTER_BOUND('', #3482, .T.);
#3484 = FACETED_BREP_SHAPE_REPRESENTATION('', (#3483), #8);
#3485 = POLY_LOOP('', (#157, #158, #169));
#3486 = FACE_OUTER_BOUND('', #3485, .T.);
#3487 = FACETED_BREP_SHAPE_REPRESENTATION('', (#3486), #8);
#3488 = POLY_LOOP('', (#170, #147, #146));
#3489 = FACE_OUTER_BOUND('', #3488, .T.);
#3490 = FACETED_BREP_SHAPE_REPRESENTATION('', (#3489), #8);
#3491 = POLY_LOOP('', (#171, #158, #159));
#3492 = FACE_OUTER_BOUND('', #3491, .T.);
#3493 = FACETED_BREP_SHAPE_REPRESENTATION('', (#3492), #8);
#3494 = POLY_LOOP('', (#170, #148, #147));
#3495 = FACE_OUTER_BOUND('', #3494, .T.);
#3496 = FACETED_BREP_SHAPE_REPRESENTATION('', (#3495), #8);
#3497 = POLY_LOOP('', (#171, #159, #160));
#3498 = FACE_OUTER_BOUND('', #3497, .T.);
#3499 = FACETED_BREP_SHAPE_REPRESENTATION('', (#3498), #8);
#3500 = POLY_LOOP('', (#170, #149, #148));
#3501 = FACE_OUTER_BOUND('', #3500, .T.);
#3502 = FACETED_BREP_SHAPE_REPRESENTATION('', (#3501), #8);
#3503 = POLY_LOOP('', (#171, #160, #161));
#3504 = FACE_OUTER_BOUND('', #3503, .T.);
#3505 = FACETED_BREP_SHAPE_REPRESENTATION('', (#3504), #8);
#3506 = POLY_LOOP('', (#170, #150, #149));
#3507 = FACE_OUTER_BOUND('', #3506, .T.);
#3508 = FACETED_BREP_SHAPE_REPRESENTATION('', (#3507), #8);
#3509 = POLY_LOOP('', (#171, #161, #162));
#3510 = FACE_OUTER_BOUND('', #3509, .T.);
#3511 = FACETED_BREP_SHAPE_REPRESENTATION('', (#3510), #8);
#3512 = POLY_LOOP('', (#170, #151, #150));
#3513 = FACE_OUTER_BOUND('', #3512, .T.);
#3514 = FACETED_BREP_SHAPE_REPRESENTATION('', (#3513), #8);
#3515 = POLY_LOOP('', (#171, #162, #163));
#3516 = FACE_OUTER_BOUND('', #3515, .T.);
#3517 = FACETED_BREP_SHAPE_REPRESENTATION('', (#3516), #8);
#3518 = POLY_LOOP('', (#170, #152, #151));
#3519 = FACE_OUTER_BOUND('', #3518, .T.);
#3520 = FACETED_BREP_SHAPE_REPRESENTATION('', (#3519), #8);
#3521 = POLY_LOOP('', (#171, #163, #164));
#3522 = FACE_OUTER_BOUND('', #3521, .T.);
#3523 = FACETED_BREP_SHAPE_REPRESENTATION('', (#3522), #8);
#3524 = POLY_LOOP('', (#170, #153, #152));
#3525 = FACE_OUTER_BOUND('', #3524, .T.);
#3526 = FACETED_BREP_SHAPE_REPRESENTATION('', (#3525), #8);
#3527 = POLY_LOOP('', (#171, #164, #165));
#3528 = FACE_OUTER_BOUND('', #3527, .T.);
#3529 = FACETED_BREP_SHAPE_REPRESENTATION('', (#3528), #8);
#3530 = POLY_LOOP('', (#170, #154, #153));
#3531 = FACE_OUTER_BOUND('', #3530, .T.);
#3532 = FACETED_BREP_SHAPE_REPRESENTATION('', (#3531), #8);
#3533 = POLY_LOOP('', (#171, #165, #166));
#3534 = FACE_OUTER_BOUND('', #3533, .T.);
#3535 = FACETED_BREP_SHAPE_REPRESENTATION('', (#3534), #8);
#3536 = POLY_LOOP('', (#170, #155, #154));
#3537 = FACE_OUTER_BOUND('', #3536, .T.);
#3538 = FACETED_BREP_SHAPE_REPRESENTATION('', (#3537), #8);
#3539 = POLY_LOOP('', (#171, #166, #167));
#3540 = FACE_OUTER_BOUND('', #3539, .T.);
#3541 = FACETED_BREP_SHAPE_REPRESENTATION('', (#3540), #8);
#3542 = POLY_LOOP('', (#170, #156, #155));
#3543 = FACE_OUTER_BOUND('', #3542, .T.);
#3544 = FACETED_BREP_SHAPE_REPRESENTATION('', (#3543), #8);
#3545 = POLY_LOOP('', (#171, #167, #168));
#3546 = FACE_OUTER_BOUND('', #3545, .T.);
#3547 = FACETED_BREP_SHAPE_REPRESENTATION('', (#3546), #8);
#3548 = POLY_LOOP('', (#170, #157, #156));
#3549 = FACE_OUTER_BOUND('', #3548, .T.);
#3550 = FACETED_BREP_SHAPE_REPRESENTATION('', (#3549), #8);
#3551 = POLY_LOOP('', (#171, #168, #169));
#3552 = FACE_OUTER_BOUND('', #3551, .T.);
#3553 = FACETED_BREP_SHAPE_REPRESENTATION('', (#3552), #8);
#3554 = POLY_LOOP('', (#170, #146, #157));
#3555 = FACE_OUTER_BOUND('', #3554, .T.);
#3556 = FACETED_BREP_SHAPE_REPRESENTATION('', (#3555), #8);
#3557 = POLY_LOOP('', (#171, #169, #158));
#3558 = FACE_OUTER_BOUND('', #3557, .T.);
#3559 = FACETED_BREP_SHAPE_REPRESENTATION('', (#3558), #8);
#3560 = POLY_LOOP('', (#172, #173, #189));
#3561 = FACE_OUTER_BOUND('', #3560, .T.);
#3562 = FACETED_BREP_SHAPE_REPRESENTATION('', (#3561), #8);
#3563 = POLY_LOOP('', (#172, #189, #188));
#3564 = FACE_OUTER_BOUND('', #3563, .T.);
#3565 = FACETED_BREP_SHAPE_REPRESENTATION('', (#3564), #8);
#3566 = POLY_LOOP('', (#173, #174, #190));
#3567 = FACE_OUTER_BOUND('', #3566, .T.);
#3568 = FACETED_BREP_SHAPE_REPRESENTATION('', (#3567), #8);
#3569 = POLY_LOOP('', (#173, #190, #189));
#3570 = FACE_OUTER_BOUND('', #3569, .T.);
#3571 = FACETED_BREP_SHAPE_REPRESENTATION('', (#3570), #8);
#3572 = POLY_LOOP('', (#174, #175, #191));
#3573 = FACE_OUTER_BOUND('', #3572, .T.);
#3574 = FACETED_BREP_SHAPE_REPRESENTATION('', (#3573), #8);
#3575 = POLY_LOOP('', (#174, #191, #190));
#3576 = FACE_OUTER_BOUND('', #3575, .T.);
#3577 = FACETED_BREP_SHAPE_REPRESENTATION('', (#3576), #8);
#3578 = POLY_LOOP('', (#175, #176, #192));
#3579 = FACE_OUTER_BOUND('', #3578, .T.);
#3580 = FACETED_BREP_SHAPE_REPRESENTATION('', (#3579), #8);
#3581 = POLY_LOOP('', (#175, #192, #191));
#3582 = FACE_OUTER_BOUND('', #3581, .T.);
#3583 = FACETED_BREP_SHAPE_REPRESENTATION('', (#3582), #8);
#3584 = POLY_LOOP('', (#176, #177, #193));
#3585 = FACE_OUTER_BOUND('', #3584, .T.);
#3586 = FACETED_BREP_SHAPE_REPRESENTATION('', (#3585), #8);
#3587 = POLY_LOOP('', (#176, #193, #192));
#3588 = FACE_OUTER_BOUND('', #3587, .T.);
#3589 = FACETED_BREP_SHAPE_REPRESENTATION('', (#3588), #8);
#3590 = POLY_LOOP('', (#177, #178, #194));
#3591 = FACE_OUTER_BOUND('', #3590, .T.);
#3592 = FACETED_BREP_SHAPE_REPRESENTATION('', (#3591), #8);
#3593 = POLY_LOOP('', (#177, #194, #193));
#3594 = FACE_OUTER_BOUND('', #3593, .T.);
#3595 = FACETED_BREP_SHAPE_REPRESENTATION('', (#3594), #8);
#3596 = POLY_LOOP('', (#178, #179, #195));
#3597 = FACE_OUTER_BOUND('', #3596, .T.);
#3598 = FACETED_BREP_SHAPE_REPRESENTATION('', (#3597), #8);
#3599 = POLY_LOOP('', (#178, #195, #194));
#3600 = FACE_OUTER_BOUND('', #3599, .T.);
#3601 = FACETED_BREP_SHAPE_REPRESENTATION('', (#3600), #8);
#3602 = POLY_LOOP('', (#179, #180, #196));
#3603 = FACE_OUTER_BOUND('', #3602, .T.);
#3604 = FACETED_BREP_SHAPE_REPRESENTATION('', (#3603), #8);
#3605 = POLY_LOOP('', (#179, #196, #195));
#3606 = FACE_OUTER_BOUND('', #3605, .T.);
#3607 = FACETED_BREP_SHAPE_REPRESENTATION('', (#3606), #8);
#3608 = POLY_LOOP('', (#180, #181, #197));
#3609 = FACE_OUTER_BOUND('', #3608, .T.);
#3610 = FACETED_BREP_SHAPE_REPRESENTATION('', (#3609), #8);
#3611 = POLY_LOOP('', (#180, #197, #196));
#3612 = FACE_OUTER_BOUND('', #3611, .T.);
#3613 = FACETED_BREP_SHAPE_REPRESENTATION('', (#3612), #8);
#3614 = POLY_LOOP('', (#181, #182, #198));
#3615 = FACE_OUTER_BOUND('', #3614, .T.);
#3616 = FACETED_BREP_SHAPE_REPRESENTATION('', (#3615), #8);
#3617 = POLY_LOOP('', (#181, #198, #197));
#3618 = FACE_OUTER_BOUND('', #3617, .T.);
#3619 = FACETED_BREP_SHAPE_REPRESENTATION('', (#3618), #8);
#3620 = POLY_LOOP('', (#182, #183, #199));
#3621 = FACE_OUTER_BOUND('', #3620, .T.);
#3622 = FACETED_BREP_SHAPE_REPRESENTATION('', (#3621), #8);
#3623 = POLY_LOOP('', (#182, #199, #198));
#3624 = FACE_OUTER_BOUND('', #3623, .T.);
#3625 = FACETED_BREP_SHAPE_REPRESENTATION('', (#3624), #8);
#3626 = POLY_LOOP('', (#183, #184, #200));
#3627 = FACE_OUTER_BOUND('', #3626, .T.);
#3628 = FACETED_BREP_SHAPE_REPRESENTATION('', (#3627), #8);
#3629 = POLY_LOOP('', (#183, #200, #199));
#3630 = FACE_OUTER_BOUND('', #3629, .T.);
#3631 = FACETED_BREP_SHAPE_REPRESENTATION('', (#3630), #8);
#3632 = POLY_LOOP('', (#184, #185, #201));
#3633 = FACE_OUTER_BOUND('', #3632, .T.);
#3634 = FACETED_BREP_SHAPE_REPRESENTATION('', (#3633), #8);
#3635 = POLY_LOOP('', (#184, #201, #200));
#3636 = FACE_OUTER_BOUND('', #3635, .T.);
#3637 = FACETED_BREP_SHAPE_REPRESENTATION('', (#3636), #8);
#3638 = POLY_LOOP('', (#185, #186, #202));
#3639 = FACE_OUTER_BOUND('', #3638, .T.);
#3640 = FACETED_BREP_SHAPE_REPRESENTATION('', (#3639), #8);
#3641 = POLY_LOOP('', (#185, #202, #201));
#3642 = FACE_OUTER_BOUND('', #3641, .T.);
#3643 = FACETED_BREP_SHAPE_REPRESENTATION('', (#3642), #8);
#3644 = POLY_LOOP('', (#186, #187, #203));
#3645 = FACE_OUTER_BOUND('', #3644, .T.);
#3646 = FACETED_BREP_SHAPE_REPRESENTATION('', (#3645), #8);
#3647 = POLY_LOOP('', (#186, #203, #202));
#3648 = FACE_OUTER_BOUND('', #3647, .T.);
#3649 = FACETED_BREP_SHAPE_REPRESENTATION('', (#3648), #8);
#3650 = POLY_LOOP('', (#187, #172, #188));
#3651 = FACE_OUTER_BOUND('', #3650, .T.);
#3652 = FACETED_BREP_SHAPE_REPRESENTATION('', (#3651), #8);
#3653 = POLY_LOOP('', (#187, #188, #203));
#3654 = FACE_OUTER_BOUND('', #3653, .T.);
#3655 = FACETED_BREP_SHAPE_REPRESENTATION('', (#3654), #8);
#3656 = POLY_LOOP('', (#204, #173, #172));
#3657 = FACE_OUTER_BOUND('', #3656, .T.);
#3658 = FACETED_BREP_SHAPE_REPRESENTATION('', (#3657), #8);
#3659 = POLY_LOOP('', (#205, #188, #189));
#3660 = FACE_OUTER_BOUND('', #3659, .T.);
#3661 = FACETED_BREP_SHAPE_REPRESENTATION('', (#3660), #8);
#3662 = POLY_LOOP('', (#204, #174, #173));
#3663 = FACE_OUTER_BOUND('', #3662, .T.);
#3664 = FACETED_BREP_SHAPE_REPRESENTATION('', (#3663), #8);
#3665 = POLY_LOOP('', (#205, #189, #190));
#3666 = FACE_OUTER_BOUND('', #3665, .T.);
#3667 = FACETED_BREP_SHAPE_REPRESENTATION('', (#3666), #8);
#3668 = POLY_LOOP('', (#204, #175, #174));
#3669 = FACE_OUTER_BOUND('', #3668, .T.);
#3670 = FACETED_BREP_SHAPE_REPRESENTATION('', (#3669), #8);
#3671 = POLY_LOOP('', (#205, #190, #191));
#3672 = FACE_OUTER_BOUND('', #3671, .T.);
#3673 = FACETED_BREP_SHAPE_REPRESENTATION('', (#3672), #8);
#3674 = POLY_LOOP('', (#204, #176, #175));
#3675 = FACE_OUTER_BOUND('', #3674, .T.);
#3676 = FACETED_BREP_SHAPE_REPRESENTATION('', (#3675), #8);
#3677 = POLY_LOOP('', (#205, #191, #192));
#3678 = FACE_OUTER_BOUND('', #3677, .T.);
#3679 = FACETED_BREP_SHAPE_REPRESENTATION('', (#3678), #8);
#3680 = POLY_LOOP('', (#204, #177, #176));
#3681 = FACE_OUTER_BOUND('', #3680, .T.);
#3682 = FACETED_BREP_SHAPE_REPRESENTATION('', (#3681), #8);
#3683 = POLY_LOOP('', (#205, #192, #193));
#3684 = FACE_OUTER_BOUND('', #3683, .T.);
#3685 = FACETED_BREP_SHAPE_REPRESENTATION('', (#3684), #8);
#3686 = POLY_LOOP('', (#204, #178, #177));
#3687 = FACE_OUTER_BOUND('', #3686, .T.);
#3688 = FACETED_BREP_SHAPE_REPRESENTATION('', (#3687), #8);
#3689 = POLY_LOOP('', (#205, #193, #194));
#3690 = FACE_OUTER_BOUND('', #3689, .T.);
#3691 = FACETED_BREP_SHAPE_REPRESENTATION('', (#3690), #8);
#3692 = POLY_LOOP('', (#204, #179, #178));
#3693 = FACE_OUTER_BOUND('', #3692, .T.);
#3694 = FACETED_BREP_SHAPE_REPRESENTATION('', (#3693), #8);
#3695 = POLY_LOOP('', (#205, #194, #195));
#3696 = FACE_OUTER_BOUND('', #3695, .T.);
#3697 = FACETED_BREP_SHAPE_REPRESENTATION('', (#3696), #8);
#3698 = POLY_LOOP('', (#204, #180, #179));
#3699 = FACE_OUTER_BOUND('', #3698, .T.);
#3700 = FACETED_BREP_SHAPE_REPRESENTATION('', (#3699), #8);
#3701 = POLY_LOOP('', (#205, #195, #196));
#3702 = FACE_OUTER_BOUND('', #3701, .T.);
#3703 = FACETED_BREP_SHAPE_REPRESENTATION('', (#3702), #8);
#3704 = POLY_LOOP('', (#204, #181, #180));
#3705 = FACE_OUTER_BOUND('', #3704, .T.);
#3706 = FACETED_BREP_SHAPE_REPRESENTATION('', (#3705), #8);
#3707 = POLY_LOOP('', (#205, #196, #197));
#3708 = FACE_OUTER_BOUND('', #3707, .T.);
#3709 = FACETED_BREP_SHAPE_REPRESENTATION('', (#3708), #8);
#3710 = POLY_LOOP('', (#204, #182, #181));
#3711 = FACE_OUTER_BOUND('', #3710, .T.);
#3712 = FACETED_BREP_SHAPE_REPRESENTATION('', (#3711), #8);
#3713 = POLY_LOOP('', (#205, #197, #198));
#3714 = FACE_OUTER_BOUND('', #3713, .T.);
#3715 = FACETED_BREP_SHAPE_REPRESENTATION('', (#3714), #8);
#3716 = POLY_LOOP('', (#204, #183, #182));
#3717 = FACE_OUTER_BOUND('', #3716, .T.);
#3718 = FACETED_BREP_SHAPE_REPRESENTATION('', (#3717), #8);
#3719 = POLY_LOOP('', (#205, #198, #199));
#3720 = FACE_OUTER_BOUND('', #3719, .T.);
#3721 = FACETED_BREP_SHAPE_REPRESENTATION('', (#3720), #8);
#3722 = POLY_LOOP('', (#204, #184, #183));
#3723 = FACE_OUTER_BOUND('', #3722, .T.);
#3724 = FACETED_BREP_SHAPE_REPRESENTATION('', (#3723), #8);
#3725 = POLY_LOOP('', (#205, #199, #200));
#3726 = FACE_OUTER_BOUND('', #3725, .T.);
#3727 = FACETED_BREP_SHAPE_REPRESENTATION('', (#3726), #8);
#3728 = POLY_LOOP('', (#204, #185, #184));
#3729 = FACE_OUTER_BOUND('', #3728, .T.);
#3730 = FACETED_BREP_SHAPE_REPRESENTATION('', (#3729), #8);
#3731 = POLY_LOOP('', (#205, #200, #201));
#3732 = FACE_OUTER_BOUND('', #3731, .T.);
#3733 = FACETED_BREP_SHAPE_REPRESENTATION('', (#3732), #8);
#3734 = POLY_LOOP('', (#204, #186, #185));
#3735 = FACE_OUTER_BOUND('', #3734, .T.);
#3736 = FACETED_BREP_SHAPE_REPRESENTATION('', (#3735), #8);
#3737 = POLY_LOOP('', (#205, #201, #202));
#3738 = FACE_OUTER_BOUND('', #3737, .T.);
#3739 = FACETED_BREP_SHAPE_REPRESENTATION('', (#3738), #8);
#3740 = POLY_LOOP('', (#204, #187, #186));
#3741 = FACE_OUTER_BOUND('', #3740, .T.);
#3742 = FACETED_BREP_SHAPE_REPRESENTATION('', (#3741), #8);
#3743 = POLY_LOOP('', (#205, #202, #203));
#3744 = FACE_OUTER_BOUND('', #3743, .T.);
#3745 = FACETED_BREP_SHAPE_REPRESENTATION('', (#3744), #8);
#3746 = POLY_LOOP('', (#204, #172, #187));
#3747 = FACE_OUTER_BOUND('', #3746, .T.);
#3748 = FACETED_BREP_SHAPE_REPRESENTATION('', (#3747), #8);
#3749 = POLY_LOOP('', (#205, #203, #188));
#3750 = FACE_OUTER_BOUND('', #3749, .T.);
#3751 = FACETED_BREP_SHAPE_REPRESENTATION('', (#3750), #8);
#3752 = POLY_LOOP('', (#206, #207, #219));
#3753 = FACE_OUTER_BOUND('', #3752, .T.);
#3754 = FACETED_BREP_SHAPE_REPRESENTATION('', (#3753), #8);
#3755 = POLY_LOOP('', (#206, #219, #218));
#3756 = FACE_OUTER_BOUND('', #3755, .T.);
#3757 = FACETED_BREP_SHAPE_REPRESENTATION('', (#3756), #8);
#3758 = POLY_LOOP('', (#207, #208, #220));
#3759 = FACE_OUTER_BOUND('', #3758, .T.);
#3760 = FACETED_BREP_SHAPE_REPRESENTATION('', (#3759), #8);
#3761 = POLY_LOOP('', (#207, #220, #219));
#3762 = FACE_OUTER_BOUND('', #3761, .T.);
#3763 = FACETED_BREP_SHAPE_REPRESENTATION('', (#3762), #8);
#3764 = POLY_LOOP('', (#208, #209, #221));
#3765 = FACE_OUTER_BOUND('', #3764, .T.);
#3766 = FACETED_BREP_SHAPE_REPRESENTATION('', (#3765), #8);
#3767 = POLY_LOOP('', (#208, #221, #220));
#3768 = FACE_OUTER_BOUND('', #3767, .T.);
#3769 = FACETED_BREP_SHAPE_REPRESENTATION('', (#3768), #8);
#3770 = POLY_LOOP('', (#209, #210, #222));
#3771 = FACE_OUTER_BOUND('', #3770, .T.);
#3772 = FACETED_BREP_SHAPE_REPRESENTATION('', (#3771), #8);
#3773 = POLY_LOOP('', (#209, #222, #221));
#3774 = FACE_OUTER_BOUND('', #3773, .T.);
#3775 = FACETED_BREP_SHAPE_REPRESENTATION('', (#3774), #8);
#3776 = POLY_LOOP('', (#210, #211, #223));
#3777 = FACE_OUTER_BOUND('', #3776, .T.);
#3778 = FACETED_BREP_SHAPE_REPRESENTATION('', (#3777), #8);
#3779 = POLY_LOOP('', (#210, #223, #222));
#3780 = FACE_OUTER_BOUND('', #3779, .T.);
#3781 = FACETED_BREP_SHAPE_REPRESENTATION('', (#3780), #8);
#3782 = POLY_LOOP('', (#211, #212, #224));
#3783 = FACE_OUTER_BOUND('', #3782, .T.);
#3784 = FACETED_BREP_SHAPE_REPRESENTATION('', (#3783), #8);
#3785 = POLY_LOOP('', (#211, #224, #223));
#3786 = FACE_OUTER_BOUND('', #3785, .T.);
#3787 = FACETED_BREP_SHAPE_REPRESENTATION('', (#3786), #8);
#3788 = POLY_LOOP('', (#212, #213, #225));
#3789 = FACE_OUTER_BOUND('', #3788, .T.);
#3790 = FACETED_BREP_SHAPE_REPRESENTATION('', (#3789), #8);
#3791 = POLY_LOOP('', (#212, #225, #224));
#3792 = FACE_OUTER_BOUND('', #3791, .T.);
#3793 = FACETED_BREP_SHAPE_REPRESENTATION('', (#3792), #8);
#3794 = POLY_LOOP('', (#213, #214, #226));
#3795 = FACE_OUTER_BOUND('', #3794, .T.);
#3796 = FACETED_BREP_SHAPE_REPRESENTATION('', (#3795), #8);
#3797 = POLY_LOOP('', (#213, #226, #225));
#3798 = FACE_OUTER_BOUND('', #3797, .T.);
#3799 = FACETED_BREP_SHAPE_REPRESENTATION('', (#3798), #8);
#3800 = POLY_LOOP('', (#214, #215, #227));
#3801 = FACE_OUTER_BOUND('', #3800, .T.);
#3802 = FACETED_BREP_SHAPE_REPRESENTATION('', (#3801), #8);
#3803 = POLY_LOOP('', (#214, #227, #226));
#3804 = FACE_OUTER_BOUND('', #3803, .T.);
#3805 = FACETED_BREP_SHAPE_REPRESENTATION('', (#3804), #8);
#3806 = POLY_LOOP('', (#215, #216, #228));
#3807 = FACE_OUTER_BOUND('', #3806, .T.);
#3808 = FACETED_BREP_SHAPE_REPRESENTATION('', (#3807), #8);
#3809 = POLY_LOOP('', (#215, #228, #227));
#3810 = FACE_OUTER_BOUND('', #3809, .T.);
#3811 = FACETED_BREP_SHAPE_REPRESENTATION('', (#3810), #8);
#3812 = POLY_LOOP('', (#216, #217, #229));
#3813 = FACE_OUTER_BOUND('', #3812, .T.);
#3814 = FACETED_BREP_SHAPE_REPRESENTATION('', (#3813), #8);
#3815 = POLY_LOOP('', (#216, #229, #228));
#3816 = FACE_OUTER_BOUND('', #3815, .T.);
#3817 = FACETED_BREP_SHAPE_REPRESENTATION('', (#3816), #8);
#3818 = POLY_LOOP('', (#217, #206, #218));
#3819 = FACE_OUTER_BOUND('', #3818, .T.);
#3820 = FACETED_BREP_SHAPE_REPRESENTATION('', (#3819), #8);
#3821 = POLY_LOOP('', (#217, #218, #229));
#3822 = FACE_OUTER_BOUND('', #3821, .T.);
#3823 = FACETED_BREP_SHAPE_REPRESENTATION('', (#3822), #8);
#3824 = POLY_LOOP('', (#230, #207, #206));
#3825 = FACE_OUTER_BOUND('', #3824, .T.);
#3826 = FACETED_BREP_SHAPE_REPRESENTATION('', (#3825), #8);
#3827 = POLY_LOOP('', (#231, #218, #219));
#3828 = FACE_OUTER_BOUND('', #3827, .T.);
#3829 = FACETED_BREP_SHAPE_REPRESENTATION('', (#3828), #8);
#3830 = POLY_LOOP('', (#230, #208, #207));
#3831 = FACE_OUTER_BOUND('', #3830, .T.);
#3832 = FACETED_BREP_SHAPE_REPRESENTATION('', (#3831), #8);
#3833 = POLY_LOOP('', (#231, #219, #220));
#3834 = FACE_OUTER_BOUND('', #3833, .T.);
#3835 = FACETED_BREP_SHAPE_REPRESENTATION('', (#3834), #8);
#3836 = POLY_LOOP('', (#230, #209, #208));
#3837 = FACE_OUTER_BOUND('', #3836, .T.);
#3838 = FACETED_BREP_SHAPE_REPRESENTATION('', (#3837), #8);
#3839 = POLY_LOOP('', (#231, #220, #221));
#3840 = FACE_OUTER_BOUND('', #3839, .T.);
#3841 = FACETED_BREP_SHAPE_REPRESENTATION('', (#3840), #8);
#3842 = POLY_LOOP('', (#230, #210, #209));
#3843 = FACE_OUTER_BOUND('', #3842, .T.);
#3844 = FACETED_BREP_SHAPE_REPRESENTATION('', (#3843), #8);
#3845 = POLY_LOOP('', (#231, #221, #222));
#3846 = FACE_OUTER_BOUND('', #3845, .T.);
#3847 = FACETED_BREP_SHAPE_REPRESENTATION('', (#3846), #8);
#3848 = POLY_LOOP('', (#230, #211, #210));
#3849 = FACE_OUTER_BOUND('', #3848, .T.);
#3850 = FACETED_BREP_SHAPE_REPRESENTATION('', (#3849), #8);
#3851 = POLY_LOOP('', (#231, #222, #223));
#3852 = FACE_OUTER_BOUND('', #3851, .T.);
#3853 = FACETED_BREP_SHAPE_REPRESENTATION('', (#3852), #8);
#3854 = POLY_LOOP('', (#230, #212, #211));
#3855 = FACE_OUTER_BOUND('', #3854, .T.);
#3856 = FACETED_BREP_SHAPE_REPRESENTATION('', (#3855), #8);
#3857 = POLY_LOOP('', (#231, #223, #224));
#3858 = FACE_OUTER_BOUND('', #3857, .T.);
#3859 = FACETED_BREP_SHAPE_REPRESENTATION('', (#3858), #8);
#3860 = POLY_LOOP('', (#230, #213, #212));
#3861 = FACE_OUTER_BOUND('', #3860, .T.);
#3862 = FACETED_BREP_SHAPE_REPRESENTATION('', (#3861), #8);
#3863 = POLY_LOOP('', (#231, #224, #225));
#3864 = FACE_OUTER_BOUND('', #3863, .T.);
#3865 = FACETED_BREP_SHAPE_REPRESENTATION('', (#3864), #8);
#3866 = POLY_LOOP('', (#230, #214, #213));
#3867 = FACE_OUTER_BOUND('', #3866, .T.);
#3868 = FACETED_BREP_SHAPE_REPRESENTATION('', (#3867), #8);
#3869 = POLY_LOOP('', (#231, #225, #226));
#3870 = FACE_OUTER_BOUND('', #3869, .T.);
#3871 = FACETED_BREP_SHAPE_REPRESENTATION('', (#3870), #8);
#3872 = POLY_LOOP('', (#230, #215, #214));
#3873 = FACE_OUTER_BOUND('', #3872, .T.);
#3874 = FACETED_BREP_SHAPE_REPRESENTATION('', (#3873), #8);
#3875 = POLY_LOOP('', (#231, #226, #227));
#3876 = FACE_OUTER_BOUND('', #3875, .T.);
#3877 = FACETED_BREP_SHAPE_REPRESENTATION('', (#3876), #8);
#3878 = POLY_LOOP('', (#230, #216, #215));
#3879 = FACE_OUTER_BOUND('', #3878, .T.);
#3880 = FACETED_BREP_SHAPE_REPRESENTATION('', (#3879), #8);
#3881 = POLY_LOOP('', (#231, #227, #228));
#3882 = FACE_OUTER_BOUND('', #3881, .T.);
#3883 = FACETED_BREP_SHAPE_REPRESENTATION('', (#3882), #8);
#3884 = POLY_LOOP('', (#230, #217, #216));
#3885 = FACE_OUTER_BOUND('', #3884, .T.);
#3886 = FACETED_BREP_SHAPE_REPRESENTATION('', (#3885), #8);
#3887 = POLY_LOOP('', (#231, #228, #229));
#3888 = FACE_OUTER_BOUND('', #3887, .T.);
#3889 = FACETED_BREP_SHAPE_REPRESENTATION('', (#3888), #8);
#3890 = POLY_LOOP('', (#230, #206, #217));
#3891 = FACE_OUTER_BOUND('', #3890, .T.);
#3892 = FACETED_BREP_SHAPE_REPRESENTATION('', (#3891), #8);
#3893 = POLY_LOOP('', (#231, #229, #218));
#3894 = FACE_OUTER_BOUND('', #3893, .T.);
#3895 = FACETED_BREP_SHAPE_REPRESENTATION('', (#3894), #8);
#3896 = POLY_LOOP('', (#232, #233, #249));
#3897 = FACE_OUTER_BOUND('', #3896, .T.);
#3898 = FACETED_BREP_SHAPE_REPRESENTATION('', (#3897), #8);
#3899 = POLY_LOOP('', (#232, #249, #248));
#3900 = FACE_OUTER_BOUND('', #3899, .T.);
#3901 = FACETED_BREP_SHAPE_REPRESENTATION('', (#3900), #8);
#3902 = POLY_LOOP('', (#233, #234, #250));
#3903 = FACE_OUTER_BOUND('', #3902, .T.);
#3904 = FACETED_BREP_SHAPE_REPRESENTATION('', (#3903), #8);
#3905 = POLY_LOOP('', (#233, #250, #249));
#3906 = FACE_OUTER_BOUND('', #3905, .T.);
#3907 = FACETED_BREP_SHAPE_REPRESENTATION('', (#3906), #8);
#3908 = POLY_LOOP('', (#234, #235, #251));
#3909 = FACE_OUTER_BOUND('', #3908, .T.);
#3910 = FACETED_BREP_SHAPE_REPRESENTATION('', (#3909), #8);
#3911 = POLY_LOOP('', (#234, #251, #250));
#3912 = FACE_OUTER_BOUND('', #3911, .T.);
#3913 = FACETED_BREP_SHAPE_REPRESENTATION('', (#3912), #8);
#3914 = POLY_LOOP('', (#235, #236, #252));
#3915 = FACE_OUTER_BOUND('', #3914, .T.);
#3916 = FACETED_BREP_SHAPE_REPRESENTATION('', (#3915), #8);
#3917 = POLY_LOOP('', (#235, #252, #251));
#3918 = FACE_OUTER_BOUND('', #3917, .T.);
#3919 = FACETED_BREP_SHAPE_REPRESENTATION('', (#3918), #8);
#3920 = POLY_LOOP('', (#236, #237, #253));
#3921 = FACE_OUTER_BOUND('', #3920, .T.);
#3922 = FACETED_BREP_SHAPE_REPRESENTATION('', (#3921), #8);
#3923 = POLY_LOOP('', (#236, #253, #252));
#3924 = FACE_OUTER_BOUND('', #3923, .T.);
#3925 = FACETED_BREP_SHAPE_REPRESENTATION('', (#3924), #8);
#3926 = POLY_LOOP('', (#237, #238, #254));
#3927 = FACE_OUTER_BOUND('', #3926, .T.);
#3928 = FACETED_BREP_SHAPE_REPRESENTATION('', (#3927), #8);
#3929 = POLY_LOOP('', (#237, #254, #253));
#3930 = FACE_OUTER_BOUND('', #3929, .T.);
#3931 = FACETED_BREP_SHAPE_REPRESENTATION('', (#3930), #8);
#3932 = POLY_LOOP('', (#238, #239, #255));
#3933 = FACE_OUTER_BOUND('', #3932, .T.);
#3934 = FACETED_BREP_SHAPE_REPRESENTATION('', (#3933), #8);
#3935 = POLY_LOOP('', (#238, #255, #254));
#3936 = FACE_OUTER_BOUND('', #3935, .T.);
#3937 = FACETED_BREP_SHAPE_REPRESENTATION('', (#3936), #8);
#3938 = POLY_LOOP('', (#239, #240, #256));
#3939 = FACE_OUTER_BOUND('', #3938, .T.);
#3940 = FACETED_BREP_SHAPE_REPRESENTATION('', (#3939), #8);
#3941 = POLY_LOOP('', (#239, #256, #255));
#3942 = FACE_OUTER_BOUND('', #3941, .T.);
#3943 = FACETED_BREP_SHAPE_REPRESENTATION('', (#3942), #8);
#3944 = POLY_LOOP('', (#240, #241, #257));
#3945 = FACE_OUTER_BOUND('', #3944, .T.);
#3946 = FACETED_BREP_SHAPE_REPRESENTATION('', (#3945), #8);
#3947 = POLY_LOOP('', (#240, #257, #256));
#3948 = FACE_OUTER_BOUND('', #3947, .T.);
#3949 = FACETED_BREP_SHAPE_REPRESENTATION('', (#3948), #8);
#3950 = POLY_LOOP('', (#241, #242, #258));
#3951 = FACE_OUTER_BOUND('', #3950, .T.);
#3952 = FACETED_BREP_SHAPE_REPRESENTATION('', (#3951), #8);
#3953 = POLY_LOOP('', (#241, #258, #257));
#3954 = FACE_OUTER_BOUND('', #3953, .T.);
#3955 = FACETED_BREP_SHAPE_REPRESENTATION('', (#3954), #8);
#3956 = POLY_LOOP('', (#242, #243, #259));
#3957 = FACE_OUTER_BOUND('', #3956, .T.);
#3958 = FACETED_BREP_SHAPE_REPRESENTATION('', (#3957), #8);
#3959 = POLY_LOOP('', (#242, #259, #258));
#3960 = FACE_OUTER_BOUND('', #3959, .T.);
#3961 = FACETED_BREP_SHAPE_REPRESENTATION('', (#3960), #8);
#3962 = POLY_LOOP('', (#243, #244, #260));
#3963 = FACE_OUTER_BOUND('', #3962, .T.);
#3964 = FACETED_BREP_SHAPE_REPRESENTATION('', (#3963), #8);
#3965 = POLY_LOOP('', (#243, #260, #259));
#3966 = FACE_OUTER_BOUND('', #3965, .T.);
#3967 = FACETED_BREP_SHAPE_REPRESENTATION('', (#3966), #8);
#3968 = POLY_LOOP('', (#244, #245, #261));
#3969 = FACE_OUTER_BOUND('', #3968, .T.);
#3970 = FACETED_BREP_SHAPE_REPRESENTATION('', (#3969), #8);
#3971 = POLY_LOOP('', (#244, #261, #260));
#3972 = FACE_OUTER_BOUND('', #3971, .T.);
#3973 = FACETED_BREP_SHAPE_REPRESENTATION('', (#3972), #8);
#3974 = POLY_LOOP('', (#245, #246, #262));
#3975 = FACE_OUTER_BOUND('', #3974, .T.);
#3976 = FACETED_BREP_SHAPE_REPRESENTATION('', (#3975), #8);
#3977 = POLY_LOOP('', (#245, #262, #261));
#3978 = FACE_OUTER_BOUND('', #3977, .T.);
#3979 = FACETED_BREP_SHAPE_REPRESENTATION('', (#3978), #8);
#3980 = POLY_LOOP('', (#246, #247, #263));
#3981 = FACE_OUTER_BOUND('', #3980, .T.);
#3982 = FACETED_BREP_SHAPE_REPRESENTATION('', (#3981), #8);
#3983 = POLY_LOOP('', (#246, #263, #262));
#3984 = FACE_OUTER_BOUND('', #3983, .T.);
#3985 = FACETED_BREP_SHAPE_REPRESENTATION('', (#3984), #8);
#3986 = POLY_LOOP('', (#247, #232, #248));
#3987 = FACE_OUTER_BOUND('', #3986, .T.);
#3988 = FACETED_BREP_SHAPE_REPRESENTATION('', (#3987), #8);
#3989 = POLY_LOOP('', (#247, #248, #263));
#3990 = FACE_OUTER_BOUND('', #3989, .T.);
#3991 = FACETED_BREP_SHAPE_REPRESENTATION('', (#3990), #8);
#3992 = POLY_LOOP('', (#264, #233, #232));
#3993 = FACE_OUTER_BOUND('', #3992, .T.);
#3994 = FACETED_BREP_SHAPE_REPRESENTATION('', (#3993), #8);
#3995 = POLY_LOOP('', (#265, #248, #249));
#3996 = FACE_OUTER_BOUND('', #3995, .T.);
#3997 = FACETED_BREP_SHAPE_REPRESENTATION('', (#3996), #8);
#3998 = POLY_LOOP('', (#264, #234, #233));
#3999 = FACE_OUTER_BOUND('', #3998, .T.);
#4000 = FACETED_BREP_SHAPE_REPRESENTATION('', (#3999), #8);
#4001 = POLY_LOOP('', (#265, #249, #250));
#4002 = FACE_OUTER_BOUND('', #4001, .T.);
#4003 = FACETED_BREP_SHAPE_REPRESENTATION('', (#4002), #8);
#4004 = POLY_LOOP('', (#264, #235, #234));
#4005 = FACE_OUTER_BOUND('', #4004, .T.);
#4006 = FACETED_BREP_SHAPE_REPRESENTATION('', (#4005), #8);
#4007 = POLY_LOOP('', (#265, #250, #251));
#4008 = FACE_OUTER_BOUND('', #4007, .T.);
#4009 = FACETED_BREP_SHAPE_REPRESENTATION('', (#4008), #8);
#4010 = POLY_LOOP('', (#264, #236, #235));
#4011 = FACE_OUTER_BOUND('', #4010, .T.);
#4012 = FACETED_BREP_SHAPE_REPRESENTATION('', (#4011), #8);
#4013 = POLY_LOOP('', (#265, #251, #252));
#4014 = FACE_OUTER_BOUND('', #4013, .T.);
#4015 = FACETED_BREP_SHAPE_REPRESENTATION('', (#4014), #8);
#4016 = POLY_LOOP('', (#264, #237, #236));
#4017 = FACE_OUTER_BOUND('', #4016, .T.);
#4018 = FACETED_BREP_SHAPE_REPRESENTATION('', (#4017), #8);
#4019 = POLY_LOOP('', (#265, #252, #253));
#4020 = FACE_OUTER_BOUND('', #4019, .T.);
#4021 = FACETED_BREP_SHAPE_REPRESENTATION('', (#4020), #8);
#4022 = POLY_LOOP('', (#264, #238, #237));
#4023 = FACE_OUTER_BOUND('', #4022, .T.);
#4024 = FACETED_BREP_SHAPE_REPRESENTATION('', (#4023), #8);
#4025 = POLY_LOOP('', (#265, #253, #254));
#4026 = FACE_OUTER_BOUND('', #4025, .T.);
#4027 = FACETED_BREP_SHAPE_REPRESENTATION('', (#4026), #8);
#4028 = POLY_LOOP('', (#264, #239, #238));
#4029 = FACE_OUTER_BOUND('', #4028, .T.);
#4030 = FACETED_BREP_SHAPE_REPRESENTATION('', (#4029), #8);
#4031 = POLY_LOOP('', (#265, #254, #255));
#4032 = FACE_OUTER_BOUND('', #4031, .T.);
#4033 = FACETED_BREP_SHAPE_REPRESENTATION('', (#4032), #8);
#4034 = POLY_LOOP('', (#264, #240, #239));
#4035 = FACE_OUTER_BOUND('', #4034, .T.);
#4036 = FACETED_BREP_SHAPE_REPRESENTATION('', (#4035), #8);
#4037 = POLY_LOOP('', (#265, #255, #256));
#4038 = FACE_OUTER_BOUND('', #4037, .T.);
#4039 = FACETED_BREP_SHAPE_REPRESENTATION('', (#4038), #8);
#4040 = POLY_LOOP('', (#264, #241, #240));
#4041 = FACE_OUTER_BOUND('', #4040, .T.);
#4042 = FACETED_BREP_SHAPE_REPRESENTATION('', (#4041), #8);
#4043 = POLY_LOOP('', (#265, #256, #257));
#4044 = FACE_OUTER_BOUND('', #4043, .T.);
#4045 = FACETED_BREP_SHAPE_REPRESENTATION('', (#4044), #8);
#4046 = POLY_LOOP('', (#264, #242, #241));
#4047 = FACE_OUTER_BOUND('', #4046, .T.);
#4048 = FACETED_BREP_SHAPE_REPRESENTATION('', (#4047), #8);
#4049 = POLY_LOOP('', (#265, #257, #258));
#4050 = FACE_OUTER_BOUND('', #4049, .T.);
#4051 = FACETED_BREP_SHAPE_REPRESENTATION('', (#4050), #8);
#4052 = POLY_LOOP('', (#264, #243, #242));
#4053 = FACE_OUTER_BOUND('', #4052, .T.);
#4054 = FACETED_BREP_SHAPE_REPRESENTATION('', (#4053), #8);
#4055 = POLY_LOOP('', (#265, #258, #259));
#4056 = FACE_OUTER_BOUND('', #4055, .T.);
#4057 = FACETED_BREP_SHAPE_REPRESENTATION('', (#4056), #8);
#4058 = POLY_LOOP('', (#264, #244, #243));
#4059 = FACE_OUTER_BOUND('', #4058, .T.);
#4060 = FACETED_BREP_SHAPE_REPRESENTATION('', (#4059), #8);
#4061 = POLY_LOOP('', (#265, #259, #260));
#4062 = FACE_OUTER_BOUND('', #4061, .T.);
#4063 = FACETED_BREP_SHAPE_REPRESENTATION('', (#4062), #8);
#4064 = POLY_LOOP('', (#264, #245, #244));
#4065 = FACE_OUTER_BOUND('', #4064, .T.);
#4066 = FACETED_BREP_SHAPE_REPRESENTATION('', (#4065), #8);
#4067 = POLY_LOOP('', (#265, #260, #261));
#4068 = FACE_OUTER_BOUND('', #4067, .T.);
#4069 = FACETED_BREP_SHAPE_REPRESENTATION('', (#4068), #8);
#4070 = POLY_LOOP('', (#264, #246, #245));
#4071 = FACE_OUTER_BOUND('', #4070, .T.);
#4072 = FACETED_BREP_SHAPE_REPRESENTATION('', (#4071), #8);
#4073 = POLY_LOOP('', (#265, #261, #262));
#4074 = FACE_OUTER_BOUND('', #4073, .T.);
#4075 = FACETED_BREP_SHAPE_REPRESENTATION('', (#4074), #8);
#4076 = POLY_LOOP('', (#264, #247, #246));
#4077 = FACE_OUTER_BOUND('', #4076, .T.);
#4078 = FACETED_BREP_SHAPE_REPRESENTATION('', (#4077), #8);
#4079 = POLY_LOOP('', (#265, #262, #263));
#4080 = FACE_OUTER_BOUND('', #4079, .T.);
#4081 = FACETED_BREP_SHAPE_REPRESENTATION('', (#4080), #8);
#4082 = POLY_LOOP('', (#264, #232, #247));
#4083 = FACE_OUTER_BOUND('', #4082, .T.);
#4084 = FACETED_BREP_SHAPE_REPRESENTATION('', (#4083), #8);
#4085 = POLY_LOOP('', (#265, #263, #248));
#4086 = FACE_OUTER_BOUND('', #4085, .T.);
#4087 = FACETED_BREP_SHAPE_REPRESENTATION('', (#4086), #8);
#4088 = POLY_LOOP('', (#266, #267, #279));
#4089 = FACE_OUTER_BOUND('', #4088, .T.);
#4090 = FACETED_BREP_SHAPE_REPRESENTATION('', (#4089), #8);
#4091 = POLY_LOOP('', (#266, #279, #278));
#4092 = FACE_OUTER_BOUND('', #4091, .T.);
#4093 = FACETED_BREP_SHAPE_REPRESENTATION('', (#4092), #8);
#4094 = POLY_LOOP('', (#267, #268, #280));
#4095 = FACE_OUTER_BOUND('', #4094, .T.);
#4096 = FACETED_BREP_SHAPE_REPRESENTATION('', (#4095), #8);
#4097 = POLY_LOOP('', (#267, #280, #279));
#4098 = FACE_OUTER_BOUND('', #4097, .T.);
#4099 = FACETED_BREP_SHAPE_REPRESENTATION('', (#4098), #8);
#4100 = POLY_LOOP('', (#268, #269, #281));
#4101 = FACE_OUTER_BOUND('', #4100, .T.);
#4102 = FACETED_BREP_SHAPE_REPRESENTATION('', (#4101), #8);
#4103 = POLY_LOOP('', (#268, #281, #280));
#4104 = FACE_OUTER_BOUND('', #4103, .T.);
#4105 = FACETED_BREP_SHAPE_REPRESENTATION('', (#4104), #8);
#4106 = POLY_LOOP('', (#269, #270, #282));
#4107 = FACE_OUTER_BOUND('', #4106, .T.);
#4108 = FACETED_BREP_SHAPE_REPRESENTATION('', (#4107), #8);
#4109 = POLY_LOOP('', (#269, #282, #281));
#4110 = FACE_OUTER_BOUND('', #4109, .T.);
#4111 = FACETED_BREP_SHAPE_REPRESENTATION('', (#4110), #8);
#4112 = POLY_LOOP('', (#270, #271, #283));
#4113 = FACE_OUTER_BOUND('', #4112, .T.);
#4114 = FACETED_BREP_SHAPE_REPRESENTATION('', (#4113), #8);
#4115 = POLY_LOOP('', (#270, #283, #282));
#4116 = FACE_OUTER_BOUND('', #4115, .T.);
#4117 = FACETED_BREP_SHAPE_REPRESENTATION('', (#4116), #8);
#4118 = POLY_LOOP('', (#271, #272, #284));
#4119 = FACE_OUTER_BOUND('', #4118, .T.);
#4120 = FACETED_BREP_SHAPE_REPRESENTATION('', (#4119), #8);
#4121 = POLY_LOOP('', (#271, #284, #283));
#4122 = FACE_OUTER_BOUND('', #4121, .T.);
#4123 = FACETED_BREP_SHAPE_REPRESENTATION('', (#4122), #8);
#4124 = POLY_LOOP('', (#272, #273, #285));
#4125 = FACE_OUTER_BOUND('', #4124, .T.);
#4126 = FACETED_BREP_SHAPE_REPRESENTATION('', (#4125), #8);
#4127 = POLY_LOOP('', (#272, #285, #284));
#4128 = FACE_OUTER_BOUND('', #4127, .T.);
#4129 = FACETED_BREP_SHAPE_REPRESENTATION('', (#4128), #8);
#4130 = POLY_LOOP('', (#273, #274, #286));
#4131 = FACE_OUTER_BOUND('', #4130, .T.);
#4132 = FACETED_BREP_SHAPE_REPRESENTATION('', (#4131), #8);
#4133 = POLY_LOOP('', (#273, #286, #285));
#4134 = FACE_OUTER_BOUND('', #4133, .T.);
#4135 = FACETED_BREP_SHAPE_REPRESENTATION('', (#4134), #8);
#4136 = POLY_LOOP('', (#274, #275, #287));
#4137 = FACE_OUTER_BOUND('', #4136, .T.);
#4138 = FACETED_BREP_SHAPE_REPRESENTATION('', (#4137), #8);
#4139 = POLY_LOOP('', (#274, #287, #286));
#4140 = FACE_OUTER_BOUND('', #4139, .T.);
#4141 = FACETED_BREP_SHAPE_REPRESENTATION('', (#4140), #8);
#4142 = POLY_LOOP('', (#275, #276, #288));
#4143 = FACE_OUTER_BOUND('', #4142, .T.);
#4144 = FACETED_BREP_SHAPE_REPRESENTATION('', (#4143), #8);
#4145 = POLY_LOOP('', (#275, #288, #287));
#4146 = FACE_OUTER_BOUND('', #4145, .T.);
#4147 = FACETED_BREP_SHAPE_REPRESENTATION('', (#4146), #8);
#4148 = POLY_LOOP('', (#276, #277, #289));
#4149 = FACE_OUTER_BOUND('', #4148, .T.);
#4150 = FACETED_BREP_SHAPE_REPRESENTATION('', (#4149), #8);
#4151 = POLY_LOOP('', (#276, #289, #288));
#4152 = FACE_OUTER_BOUND('', #4151, .T.);
#4153 = FACETED_BREP_SHAPE_REPRESENTATION('', (#4152), #8);
#4154 = POLY_LOOP('', (#277, #266, #278));
#4155 = FACE_OUTER_BOUND('', #4154, .T.);
#4156 = FACETED_BREP_SHAPE_REPRESENTATION('', (#4155), #8);
#4157 = POLY_LOOP('', (#277, #278, #289));
#4158 = FACE_OUTER_BOUND('', #4157, .T.);
#4159 = FACETED_BREP_SHAPE_REPRESENTATION('', (#4158), #8);
#4160 = POLY_LOOP('', (#290, #267, #266));
#4161 = FACE_OUTER_BOUND('', #4160, .T.);
#4162 = FACETED_BREP_SHAPE_REPRESENTATION('', (#4161), #8);
#4163 = POLY_LOOP('', (#291, #278, #279));
#4164 = FACE_OUTER_BOUND('', #4163, .T.);
#4165 = FACETED_BREP_SHAPE_REPRESENTATION('', (#4164), #8);
#4166 = POLY_LOOP('', (#290, #268, #267));
#4167 = FACE_OUTER_BOUND('', #4166, .T.);
#4168 = FACETED_BREP_SHAPE_REPRESENTATION('', (#4167), #8);
#4169 = POLY_LOOP('', (#291, #279, #280));
#4170 = FACE_OUTER_BOUND('', #4169, .T.);
#4171 = FACETED_BREP_SHAPE_REPRESENTATION('', (#4170), #8);
#4172 = POLY_LOOP('', (#290, #269, #268));
#4173 = FACE_OUTER_BOUND('', #4172, .T.);
#4174 = FACETED_BREP_SHAPE_REPRESENTATION('', (#4173), #8);
#4175 = POLY_LOOP('', (#291, #280, #281));
#4176 = FACE_OUTER_BOUND('', #4175, .T.);
#4177 = FACETED_BREP_SHAPE_REPRESENTATION('', (#4176), #8);
#4178 = POLY_LOOP('', (#290, #270, #269));
#4179 = FACE_OUTER_BOUND('', #4178, .T.);
#4180 = FACETED_BREP_SHAPE_REPRESENTATION('', (#4179), #8);
#4181 = POLY_LOOP('', (#291, #281, #282));
#4182 = FACE_OUTER_BOUND('', #4181, .T.);
#4183 = FACETED_BREP_SHAPE_REPRESENTATION('', (#4182), #8);
#4184 = POLY_LOOP('', (#290, #271, #270));
#4185 = FACE_OUTER_BOUND('', #4184, .T.);
#4186 = FACETED_BREP_SHAPE_REPRESENTATION('', (#4185), #8);
#4187 = POLY_LOOP('', (#291, #282, #283));
#4188 = FACE_OUTER_BOUND('', #4187, .T.);
#4189 = FACETED_BREP_SHAPE_REPRESENTATION('', (#4188), #8);
#4190 = POLY_LOOP('', (#290, #272, #271));
#4191 = FACE_OUTER_BOUND('', #4190, .T.);
#4192 = FACETED_BREP_SHAPE_REPRESENTATION('', (#4191), #8);
#4193 = POLY_LOOP('', (#291, #283, #284));
#4194 = FACE_OUTER_BOUND('', #4193, .T.);
#4195 = FACETED_BREP_SHAPE_REPRESENTATION('', (#4194), #8);
#4196 = POLY_LOOP('', (#290, #273, #272));
#4197 = FACE_OUTER_BOUND('', #4196, .T.);
#4198 = FACETED_BREP_SHAPE_REPRESENTATION('', (#4197), #8);
#4199 = POLY_LOOP('', (#291, #284, #285));
#4200 = FACE_OUTER_BOUND('', #4199, .T.);
#4201 = FACETED_BREP_SHAPE_REPRESENTATION('', (#4200), #8);
#4202 = POLY_LOOP('', (#290, #274, #273));
#4203 = FACE_OUTER_BOUND('', #4202, .T.);
#4204 = FACETED_BREP_SHAPE_REPRESENTATION('', (#4203), #8);
#4205 = POLY_LOOP('', (#291, #285, #286));
#4206 = FACE_OUTER_BOUND('', #4205, .T.);
#4207 = FACETED_BREP_SHAPE_REPRESENTATION('', (#4206), #8);
#4208 = POLY_LOOP('', (#290, #275, #274));
#4209 = FACE_OUTER_BOUND('', #4208, .T.);
#4210 = FACETED_BREP_SHAPE_REPRESENTATION('', (#4209), #8);
#4211 = POLY_LOOP('', (#291, #286, #287));
#4212 = FACE_OUTER_BOUND('', #4211, .T.);
#4213 = FACETED_BREP_SHAPE_REPRESENTATION('', (#4212), #8);
#4214 = POLY_LOOP('', (#290, #276, #275));
#4215 = FACE_OUTER_BOUND('', #4214, .T.);
#4216 = FACETED_BREP_SHAPE_REPRESENTATION('', (#4215), #8);
#4217 = POLY_LOOP('', (#291, #287, #288));
#4218 = FACE_OUTER_BOUND('', #4217, .T.);
#4219 = FACETED_BREP_SHAPE_REPRESENTATION('', (#4218), #8);
#4220 = POLY_LOOP('', (#290, #277, #276));
#4221 = FACE_OUTER_BOUND('', #4220, .T.);
#4222 = FACETED_BREP_SHAPE_REPRESENTATION('', (#4221), #8);
#4223 = POLY_LOOP('', (#291, #288, #289));
#4224 = FACE_OUTER_BOUND('', #4223, .T.);
#4225 = FACETED_BREP_SHAPE_REPRESENTATION('', (#4224), #8);
#4226 = POLY_LOOP('', (#290, #266, #277));
#4227 = FACE_OUTER_BOUND('', #4226, .T.);
#4228 = FACETED_BREP_SHAPE_REPRESENTATION('', (#4227), #8);
#4229 = POLY_LOOP('', (#291, #289, #278));
#4230 = FACE_OUTER_BOUND('', #4229, .T.);
#4231 = FACETED_BREP_SHAPE_REPRESENTATION('', (#4230), #8);
#4232 = POLY_LOOP('', (#292, #293, #309));
#4233 = FACE_OUTER_BOUND('', #4232, .T.);
#4234 = FACETED_BREP_SHAPE_REPRESENTATION('', (#4233), #8);
#4235 = POLY_LOOP('', (#292, #309, #308));
#4236 = FACE_OUTER_BOUND('', #4235, .T.);
#4237 = FACETED_BREP_SHAPE_REPRESENTATION('', (#4236), #8);
#4238 = POLY_LOOP('', (#293, #294, #310));
#4239 = FACE_OUTER_BOUND('', #4238, .T.);
#4240 = FACETED_BREP_SHAPE_REPRESENTATION('', (#4239), #8);
#4241 = POLY_LOOP('', (#293, #310, #309));
#4242 = FACE_OUTER_BOUND('', #4241, .T.);
#4243 = FACETED_BREP_SHAPE_REPRESENTATION('', (#4242), #8);
#4244 = POLY_LOOP('', (#294, #295, #311));
#4245 = FACE_OUTER_BOUND('', #4244, .T.);
#4246 = FACETED_BREP_SHAPE_REPRESENTATION('', (#4245), #8);
#4247 = POLY_LOOP('', (#294, #311, #310));
#4248 = FACE_OUTER_BOUND('', #4247, .T.);
#4249 = FACETED_BREP_SHAPE_REPRESENTATION('', (#4248), #8);
#4250 = POLY_LOOP('', (#295, #296, #312));
#4251 = FACE_OUTER_BOUND('', #4250, .T.);
#4252 = FACETED_BREP_SHAPE_REPRESENTATION('', (#4251), #8);
#4253 = POLY_LOOP('', (#295, #312, #311));
#4254 = FACE_OUTER_BOUND('', #4253, .T.);
#4255 = FACETED_BREP_SHAPE_REPRESENTATION('', (#4254), #8);
#4256 = POLY_LOOP('', (#296, #297, #313));
#4257 = FACE_OUTER_BOUND('', #4256, .T.);
#4258 = FACETED_BREP_SHAPE_REPRESENTATION('', (#4257), #8);
#4259 = POLY_LOOP('', (#296, #313, #312));
#4260 = FACE_OUTER_BOUND('', #4259, .T.);
#4261 = FACETED_BREP_SHAPE_REPRESENTATION('', (#4260), #8);
#4262 = POLY_LOOP('', (#297, #298, #314));
#4263 = FACE_OUTER_BOUND('', #4262, .T.);
#4264 = FACETED_BREP_SHAPE_REPRESENTATION('', (#4263), #8);
#4265 = POLY_LOOP('', (#297, #314, #313));
#4266 = FACE_OUTER_BOUND('', #4265, .T.);
#4267 = FACETED_BREP_SHAPE_REPRESENTATION('', (#4266), #8);
#4268 = POLY_LOOP('', (#298, #299, #315));
#4269 = FACE_OUTER_BOUND('', #4268, .T.);
#4270 = FACETED_BREP_SHAPE_REPRESENTATION('', (#4269), #8);
#4271 = POLY_LOOP('', (#298, #315, #314));
#4272 = FACE_OUTER_BOUND('', #4271, .T.);
#4273 = FACETED_BREP_SHAPE_REPRESENTATION('', (#4272), #8);
#4274 = POLY_LOOP('', (#299, #300, #316));
#4275 = FACE_OUTER_BOUND('', #4274, .T.);
#4276 = FACETED_BREP_SHAPE_REPRESENTATION('', (#4275), #8);
#4277 = POLY_LOOP('', (#299, #316, #315));
#4278 = FACE_OUTER_BOUND('', #4277, .T.);
#4279 = FACETED_BREP_SHAPE_REPRESENTATION('', (#4278), #8);
#4280 = POLY_LOOP('', (#300, #301, #317));
#4281 = FACE_OUTER_BOUND('', #4280, .T.);
#4282 = FACETED_BREP_SHAPE_REPRESENTATION('', (#4281), #8);
#4283 = POLY_LOOP('', (#300, #317, #316));
#4284 = FACE_OUTER_BOUND('', #4283, .T.);
#4285 = FACETED_BREP_SHAPE_REPRESENTATION('', (#4284), #8);
#4286 = POLY_LOOP('', (#301, #302, #318));
#4287 = FACE_OUTER_BOUND('', #4286, .T.);
#4288 = FACETED_BREP_SHAPE_REPRESENTATION('', (#4287), #8);
#4289 = POLY_LOOP('', (#301, #318, #317));
#4290 = FACE_OUTER_BOUND('', #4289, .T.);
#4291 = FACETED_BREP_SHAPE_REPRESENTATION('', (#4290), #8);
#4292 = POLY_LOOP('', (#302, #303, #319));
#4293 = FACE_OUTER_BOUND('', #4292, .T.);
#4294 = FACETED_BREP_SHAPE_REPRESENTATION('', (#4293), #8);
#4295 = POLY_LOOP('', (#302, #319, #318));
#4296 = FACE_OUTER_BOUND('', #4295, .T.);
#4297 = FACETED_BREP_SHAPE_REPRESENTATION('', (#4296), #8);
#4298 = POLY_LOOP('', (#303, #304, #320));
#4299 = FACE_OUTER_BOUND('', #4298, .T.);
#4300 = FACETED_BREP_SHAPE_REPRESENTATION('', (#4299), #8);
#4301 = POLY_LOOP('', (#303, #320, #319));
#4302 = FACE_OUTER_BOUND('', #4301, .T.);
#4303 = FACETED_BREP_SHAPE_REPRESENTATION('', (#4302), #8);
#4304 = POLY_LOOP('', (#304, #305, #321));
#4305 = FACE_OUTER_BOUND('', #4304, .T.);
#4306 = FACETED_BREP_SHAPE_REPRESENTATION('', (#4305), #8);
#4307 = POLY_LOOP('', (#304, #321, #320));
#4308 = FACE_OUTER_BOUND('', #4307, .T.);
#4309 = FACETED_BREP_SHAPE_REPRESENTATION('', (#4308), #8);
#4310 = POLY_LOOP('', (#305, #306, #322));
#4311 = FACE_OUTER_BOUND('', #4310, .T.);
#4312 = FACETED_BREP_SHAPE_REPRESENTATION('', (#4311), #8);
#4313 = POLY_LOOP('', (#305, #322, #321));
#4314 = FACE_OUTER_BOUND('', #4313, .T.);
#4315 = FACETED_BREP_SHAPE_REPRESENTATION('', (#4314), #8);
#4316 = POLY_LOOP('', (#306, #307, #323));
#4317 = FACE_OUTER_BOUND('', #4316, .T.);
#4318 = FACETED_BREP_SHAPE_REPRESENTATION('', (#4317), #8);
#4319 = POLY_LOOP('', (#306, #323, #322));
#4320 = FACE_OUTER_BOUND('', #4319, .T.);
#4321 = FACETED_BREP_SHAPE_REPRESENTATION('', (#4320), #8);
#4322 = POLY_LOOP('', (#307, #292, #308));
#4323 = FACE_OUTER_BOUND('', #4322, .T.);
#4324 = FACETED_BREP_SHAPE_REPRESENTATION('', (#4323), #8);
#4325 = POLY_LOOP('', (#307, #308, #323));
#4326 = FACE_OUTER_BOUND('', #4325, .T.);
#4327 = FACETED_BREP_SHAPE_REPRESENTATION('', (#4326), #8);
#4328 = POLY_LOOP('', (#324, #293, #292));
#4329 = FACE_OUTER_BOUND('', #4328, .T.);
#4330 = FACETED_BREP_SHAPE_REPRESENTATION('', (#4329), #8);
#4331 = POLY_LOOP('', (#325, #308, #309));
#4332 = FACE_OUTER_BOUND('', #4331, .T.);
#4333 = FACETED_BREP_SHAPE_REPRESENTATION('', (#4332), #8);
#4334 = POLY_LOOP('', (#324, #294, #293));
#4335 = FACE_OUTER_BOUND('', #4334, .T.);
#4336 = FACETED_BREP_SHAPE_REPRESENTATION('', (#4335), #8);
#4337 = POLY_LOOP('', (#325, #309, #310));
#4338 = FACE_OUTER_BOUND('', #4337, .T.);
#4339 = FACETED_BREP_SHAPE_REPRESENTATION('', (#4338), #8);
#4340 = POLY_LOOP('', (#324, #295, #294));
#4341 = FACE_OUTER_BOUND('', #4340, .T.);
#4342 = FACETED_BREP_SHAPE_REPRESENTATION('', (#4341), #8);
#4343 = POLY_LOOP('', (#325, #310, #311));
#4344 = FACE_OUTER_BOUND('', #4343, .T.);
#4345 = FACETED_BREP_SHAPE_REPRESENTATION('', (#4344), #8);
#4346 = POLY_LOOP('', (#324, #296, #295));
#4347 = FACE_OUTER_BOUND('', #4346, .T.);
#4348 = FACETED_BREP_SHAPE_REPRESENTATION('', (#4347), #8);
#4349 = POLY_LOOP('', (#325, #311, #312));
#4350 = FACE_OUTER_BOUND('', #4349, .T.);
#4351 = FACETED_BREP_SHAPE_REPRESENTATION('', (#4350), #8);
#4352 = POLY_LOOP('', (#324, #297, #296));
#4353 = FACE_OUTER_BOUND('', #4352, .T.);
#4354 = FACETED_BREP_SHAPE_REPRESENTATION('', (#4353), #8);
#4355 = POLY_LOOP('', (#325, #312, #313));
#4356 = FACE_OUTER_BOUND('', #4355, .T.);
#4357 = FACETED_BREP_SHAPE_REPRESENTATION('', (#4356), #8);
#4358 = POLY_LOOP('', (#324, #298, #297));
#4359 = FACE_OUTER_BOUND('', #4358, .T.);
#4360 = FACETED_BREP_SHAPE_REPRESENTATION('', (#4359), #8);
#4361 = POLY_LOOP('', (#325, #313, #314));
#4362 = FACE_OUTER_BOUND('', #4361, .T.);
#4363 = FACETED_BREP_SHAPE_REPRESENTATION('', (#4362), #8);
#4364 = POLY_LOOP('', (#324, #299, #298));
#4365 = FACE_OUTER_BOUND('', #4364, .T.);
#4366 = FACETED_BREP_SHAPE_REPRESENTATION('', (#4365), #8);
#4367 = POLY_LOOP('', (#325, #314, #315));
#4368 = FACE_OUTER_BOUND('', #4367, .T.);
#4369 = FACETED_BREP_SHAPE_REPRESENTATION('', (#4368), #8);
#4370 = POLY_LOOP('', (#324, #300, #299));
#4371 = FACE_OUTER_BOUND('', #4370, .T.);
#4372 = FACETED_BREP_SHAPE_REPRESENTATION('', (#4371), #8);
#4373 = POLY_LOOP('', (#325, #315, #316));
#4374 = FACE_OUTER_BOUND('', #4373, .T.);
#4375 = FACETED_BREP_SHAPE_REPRESENTATION('', (#4374), #8);
#4376 = POLY_LOOP('', (#324, #301, #300));
#4377 = FACE_OUTER_BOUND('', #4376, .T.);
#4378 = FACETED_BREP_SHAPE_REPRESENTATION('', (#4377), #8);
#4379 = POLY_LOOP('', (#325, #316, #317));
#4380 = FACE_OUTER_BOUND('', #4379, .T.);
#4381 = FACETED_BREP_SHAPE_REPRESENTATION('', (#4380), #8);
#4382 = POLY_LOOP('', (#324, #302, #301));
#4383 = FACE_OUTER_BOUND('', #4382, .T.);
#4384 = FACETED_BREP_SHAPE_REPRESENTATION('', (#4383), #8);
#4385 = POLY_LOOP('', (#325, #317, #318));
#4386 = FACE_OUTER_BOUND('', #4385, .T.);
#4387 = FACETED_BREP_SHAPE_REPRESENTATION('', (#4386), #8);
#4388 = POLY_LOOP('', (#324, #303, #302));
#4389 = FACE_OUTER_BOUND('', #4388, .T.);
#4390 = FACETED_BREP_SHAPE_REPRESENTATION('', (#4389), #8);
#4391 = POLY_LOOP('', (#325, #318, #319));
#4392 = FACE_OUTER_BOUND('', #4391, .T.);
#4393 = FACETED_BREP_SHAPE_REPRESENTATION('', (#4392), #8);
#4394 = POLY_LOOP('', (#324, #304, #303));
#4395 = FACE_OUTER_BOUND('', #4394, .T.);
#4396 = FACETED_BREP_SHAPE_REPRESENTATION('', (#4395), #8);
#4397 = POLY_LOOP('', (#325, #319, #320));
#4398 = FACE_OUTER_BOUND('', #4397, .T.);
#4399 = FACETED_BREP_SHAPE_REPRESENTATION('', (#4398), #8);
#4400 = POLY_LOOP('', (#324, #305, #304));
#4401 = FACE_OUTER_BOUND('', #4400, .T.);
#4402 = FACETED_BREP_SHAPE_REPRESENTATION('', (#4401), #8);
#4403 = POLY_LOOP('', (#325, #320, #321));
#4404 = FACE_OUTER_BOUND('', #4403, .T.);
#4405 = FACETED_BREP_SHAPE_REPRESENTATION('', (#4404), #8);
#4406 = POLY_LOOP('', (#324, #306, #305));
#4407 = FACE_OUTER_BOUND('', #4406, .T.);
#4408 = FACETED_BREP_SHAPE_REPRESENTATION('', (#4407), #8);
#4409 = POLY_LOOP('', (#325, #321, #322));
#4410 = FACE_OUTER_BOUND('', #4409, .T.);
#4411 = FACETED_BREP_SHAPE_REPRESENTATION('', (#4410), #8);
#4412 = POLY_LOOP('', (#324, #307, #306));
#4413 = FACE_OUTER_BOUND('', #4412, .T.);
#4414 = FACETED_BREP_SHAPE_REPRESENTATION('', (#4413), #8);
#4415 = POLY_LOOP('', (#325, #322, #323));
#4416 = FACE_OUTER_BOUND('', #4415, .T.);
#4417 = FACETED_BREP_SHAPE_REPRESENTATION('', (#4416), #8);
#4418 = POLY_LOOP('', (#324, #292, #307));
#4419 = FACE_OUTER_BOUND('', #4418, .T.);
#4420 = FACETED_BREP_SHAPE_REPRESENTATION('', (#4419), #8);
#4421 = POLY_LOOP('', (#325, #323, #308));
#4422 = FACE_OUTER_BOUND('', #4421, .T.);
#4423 = FACETED_BREP_SHAPE_REPRESENTATION('', (#4422), #8);
#4424 = POLY_LOOP('', (#326, #327, #339));
#4425 = FACE_OUTER_BOUND('', #4424, .T.);
#4426 = FACETED_BREP_SHAPE_REPRESENTATION('', (#4425), #8);
#4427 = POLY_LOOP('', (#326, #339, #338));
#4428 = FACE_OUTER_BOUND('', #4427, .T.);
#4429 = FACETED_BREP_SHAPE_REPRESENTATION('', (#4428), #8);
#4430 = POLY_LOOP('', (#327, #328, #340));
#4431 = FACE_OUTER_BOUND('', #4430, .T.);
#4432 = FACETED_BREP_SHAPE_REPRESENTATION('', (#4431), #8);
#4433 = POLY_LOOP('', (#327, #340, #339));
#4434 = FACE_OUTER_BOUND('', #4433, .T.);
#4435 = FACETED_BREP_SHAPE_REPRESENTATION('', (#4434), #8);
#4436 = POLY_LOOP('', (#328, #329, #341));
#4437 = FACE_OUTER_BOUND('', #4436, .T.);
#4438 = FACETED_BREP_SHAPE_REPRESENTATION('', (#4437), #8);
#4439 = POLY_LOOP('', (#328, #341, #340));
#4440 = FACE_OUTER_BOUND('', #4439, .T.);
#4441 = FACETED_BREP_SHAPE_REPRESENTATION('', (#4440), #8);
#4442 = POLY_LOOP('', (#329, #330, #342));
#4443 = FACE_OUTER_BOUND('', #4442, .T.);
#4444 = FACETED_BREP_SHAPE_REPRESENTATION('', (#4443), #8);
#4445 = POLY_LOOP('', (#329, #342, #341));
#4446 = FACE_OUTER_BOUND('', #4445, .T.);
#4447 = FACETED_BREP_SHAPE_REPRESENTATION('', (#4446), #8);
#4448 = POLY_LOOP('', (#330, #331, #343));
#4449 = FACE_OUTER_BOUND('', #4448, .T.);
#4450 = FACETED_BREP_SHAPE_REPRESENTATION('', (#4449), #8);
#4451 = POLY_LOOP('', (#330, #343, #342));
#4452 = FACE_OUTER_BOUND('', #4451, .T.);
#4453 = FACETED_BREP_SHAPE_REPRESENTATION('', (#4452), #8);
#4454 = POLY_LOOP('', (#331, #332, #344));
#4455 = FACE_OUTER_BOUND('', #4454, .T.);
#4456 = FACETED_BREP_SHAPE_REPRESENTATION('', (#4455), #8);
#4457 = POLY_LOOP('', (#331, #344, #343));
#4458 = FACE_OUTER_BOUND('', #4457, .T.);
#4459 = FACETED_BREP_SHAPE_REPRESENTATION('', (#4458), #8);
#4460 = POLY_LOOP('', (#332, #333, #345));
#4461 = FACE_OUTER_BOUND('', #4460, .T.);
#4462 = FACETED_BREP_SHAPE_REPRESENTATION('', (#4461), #8);
#4463 = POLY_LOOP('', (#332, #345, #344));
#4464 = FACE_OUTER_BOUND('', #4463, .T.);
#4465 = FACETED_BREP_SHAPE_REPRESENTATION('', (#4464), #8);
#4466 = POLY_LOOP('', (#333, #334, #346));
#4467 = FACE_OUTER_BOUND('', #4466, .T.);
#4468 = FACETED_BREP_SHAPE_REPRESENTATION('', (#4467), #8);
#4469 = POLY_LOOP('', (#333, #346, #345));
#4470 = FACE_OUTER_BOUND('', #4469, .T.);
#4471 = FACETED_BREP_SHAPE_REPRESENTATION('', (#4470), #8);
#4472 = POLY_LOOP('', (#334, #335, #347));
#4473 = FACE_OUTER_BOUND('', #4472, .T.);
#4474 = FACETED_BREP_SHAPE_REPRESENTATION('', (#4473), #8);
#4475 = POLY_LOOP('', (#334, #347, #346));
#4476 = FACE_OUTER_BOUND('', #4475, .T.);
#4477 = FACETED_BREP_SHAPE_REPRESENTATION('', (#4476), #8);
#4478 = POLY_LOOP('', (#335, #336, #348));
#4479 = FACE_OUTER_BOUND('', #4478, .T.);
#4480 = FACETED_BREP_SHAPE_REPRESENTATION('', (#4479), #8);
#4481 = POLY_LOOP('', (#335, #348, #347));
#4482 = FACE_OUTER_BOUND('', #4481, .T.);
#4483 = FACETED_BREP_SHAPE_REPRESENTATION('', (#4482), #8);
#4484 = POLY_LOOP('', (#336, #337, #349));
#4485 = FACE_OUTER_BOUND('', #4484, .T.);
#4486 = FACETED_BREP_SHAPE_REPRESENTATION('', (#4485), #8);
#4487 = POLY_LOOP('', (#336, #349, #348));
#4488 = FACE_OUTER_BOUND('', #4487, .T.);
#4489 = FACETED_BREP_SHAPE_REPRESENTATION('', (#4488), #8);
#4490 = POLY_LOOP('', (#337, #326, #338));
#4491 = FACE_OUTER_BOUND('', #4490, .T.);
#4492 = FACETED_BREP_SHAPE_REPRESENTATION('', (#4491), #8);
#4493 = POLY_LOOP('', (#337, #338, #349));
#4494 = FACE_OUTER_BOUND('', #4493, .T.);
#4495 = FACETED_BREP_SHAPE_REPRESENTATION('', (#4494), #8);
#4496 = POLY_LOOP('', (#350, #327, #326));
#4497 = FACE_OUTER_BOUND('', #4496, .T.);
#4498 = FACETED_BREP_SHAPE_REPRESENTATION('', (#4497), #8);
#4499 = POLY_LOOP('', (#351, #338, #339));
#4500 = FACE_OUTER_BOUND('', #4499, .T.);
#4501 = FACETED_BREP_SHAPE_REPRESENTATION('', (#4500), #8);
#4502 = POLY_LOOP('', (#350, #328, #327));
#4503 = FACE_OUTER_BOUND('', #4502, .T.);
#4504 = FACETED_BREP_SHAPE_REPRESENTATION('', (#4503), #8);
#4505 = POLY_LOOP('', (#351, #339, #340));
#4506 = FACE_OUTER_BOUND('', #4505, .T.);
#4507 = FACETED_BREP_SHAPE_REPRESENTATION('', (#4506), #8);
#4508 = POLY_LOOP('', (#350, #329, #328));
#4509 = FACE_OUTER_BOUND('', #4508, .T.);
#4510 = FACETED_BREP_SHAPE_REPRESENTATION('', (#4509), #8);
#4511 = POLY_LOOP('', (#351, #340, #341));
#4512 = FACE_OUTER_BOUND('', #4511, .T.);
#4513 = FACETED_BREP_SHAPE_REPRESENTATION('', (#4512), #8);
#4514 = POLY_LOOP('', (#350, #330, #329));
#4515 = FACE_OUTER_BOUND('', #4514, .T.);
#4516 = FACETED_BREP_SHAPE_REPRESENTATION('', (#4515), #8);
#4517 = POLY_LOOP('', (#351, #341, #342));
#4518 = FACE_OUTER_BOUND('', #4517, .T.);
#4519 = FACETED_BREP_SHAPE_REPRESENTATION('', (#4518), #8);
#4520 = POLY_LOOP('', (#350, #331, #330));
#4521 = FACE_OUTER_BOUND('', #4520, .T.);
#4522 = FACETED_BREP_SHAPE_REPRESENTATION('', (#4521), #8);
#4523 = POLY_LOOP('', (#351, #342, #343));
#4524 = FACE_OUTER_BOUND('', #4523, .T.);
#4525 = FACETED_BREP_SHAPE_REPRESENTATION('', (#4524), #8);
#4526 = POLY_LOOP('', (#350, #332, #331));
#4527 = FACE_OUTER_BOUND('', #4526, .T.);
#4528 = FACETED_BREP_SHAPE_REPRESENTATION('', (#4527), #8);
#4529 = POLY_LOOP('', (#351, #343, #344));
#4530 = FACE_OUTER_BOUND('', #4529, .T.);
#4531 = FACETED_BREP_SHAPE_REPRESENTATION('', (#4530), #8);
#4532 = POLY_LOOP('', (#350, #333, #332));
#4533 = FACE_OUTER_BOUND('', #4532, .T.);
#4534 = FACETED_BREP_SHAPE_REPRESENTATION('', (#4533), #8);
#4535 = POLY_LOOP('', (#351, #344, #345));
#4536 = FACE_OUTER_BOUND('', #4535, .T.);
#4537 = FACETED_BREP_SHAPE_REPRESENTATION('', (#4536), #8);
#4538 = POLY_LOOP('', (#350, #334, #333));
#4539 = FACE_OUTER_BOUND('', #4538, .T.);
#4540 = FACETED_BREP_SHAPE_REPRESENTATION('', (#4539), #8);
#4541 = POLY_LOOP('', (#351, #345, #346));
#4542 = FACE_OUTER_BOUND('', #4541, .T.);
#4543 = FACETED_BREP_SHAPE_REPRESENTATION('', (#4542), #8);
#4544 = POLY_LOOP('', (#350, #335, #334));
#4545 = FACE_OUTER_BOUND('', #4544, .T.);
#4546 = FACETED_BREP_SHAPE_REPRESENTATION('', (#4545), #8);
#4547 = POLY_LOOP('', (#351, #346, #347));
#4548 = FACE_OUTER_BOUND('', #4547, .T.);
#4549 = FACETED_BREP_SHAPE_REPRESENTATION('', (#4548), #8);
#4550 = POLY_LOOP('', (#350, #336, #335));
#4551 = FACE_OUTER_BOUND('', #4550, .T.);
#4552 = FACETED_BREP_SHAPE_REPRESENTATION('', (#4551), #8);
#4553 = POLY_LOOP('', (#351, #347, #348));
#4554 = FACE_OUTER_BOUND('', #4553, .T.);
#4555 = FACETED_BREP_SHAPE_REPRESENTATION('', (#4554), #8);
#4556 = POLY_LOOP('', (#350, #337, #336));
#4557 = FACE_OUTER_BOUND('', #4556, .T.);
#4558 = FACETED_BREP_SHAPE_REPRESENTATION('', (#4557), #8);
#4559 = POLY_LOOP('', (#351, #348, #349));
#4560 = FACE_OUTER_BOUND('', #4559, .T.);
#4561 = FACETED_BREP_SHAPE_REPRESENTATION('', (#4560), #8);
#4562 = POLY_LOOP('', (#350, #326, #337));
#4563 = FACE_OUTER_BOUND('', #4562, .T.);
#4564 = FACETED_BREP_SHAPE_REPRESENTATION('', (#4563), #8);
#4565 = POLY_LOOP('', (#351, #349, #338));
#4566 = FACE_OUTER_BOUND('', #4565, .T.);
#4567 = FACETED_BREP_SHAPE_REPRESENTATION('', (#4566), #8);
#4568 = POLY_LOOP('', (#352, #353, #369));
#4569 = FACE_OUTER_BOUND('', #4568, .T.);
#4570 = FACETED_BREP_SHAPE_REPRESENTATION('', (#4569), #8);
#4571 = POLY_LOOP('', (#352, #369, #368));
#4572 = FACE_OUTER_BOUND('', #4571, .T.);
#4573 = FACETED_BREP_SHAPE_REPRESENTATION('', (#4572), #8);
#4574 = POLY_LOOP('', (#353, #354, #370));
#4575 = FACE_OUTER_BOUND('', #4574, .T.);
#4576 = FACETED_BREP_SHAPE_REPRESENTATION('', (#4575), #8);
#4577 = POLY_LOOP('', (#353, #370, #369));
#4578 = FACE_OUTER_BOUND('', #4577, .T.);
#4579 = FACETED_BREP_SHAPE_REPRESENTATION('', (#4578), #8);
#4580 = POLY_LOOP('', (#354, #355, #371));
#4581 = FACE_OUTER_BOUND('', #4580, .T.);
#4582 = FACETED_BREP_SHAPE_REPRESENTATION('', (#4581), #8);
#4583 = POLY_LOOP('', (#354, #371, #370));
#4584 = FACE_OUTER_BOUND('', #4583, .T.);
#4585 = FACETED_BREP_SHAPE_REPRESENTATION('', (#4584), #8);
#4586 = POLY_LOOP('', (#355, #356, #372));
#4587 = FACE_OUTER_BOUND('', #4586, .T.);
#4588 = FACETED_BREP_SHAPE_REPRESENTATION('', (#4587), #8);
#4589 = POLY_LOOP('', (#355, #372, #371));
#4590 = FACE_OUTER_BOUND('', #4589, .T.);
#4591 = FACETED_BREP_SHAPE_REPRESENTATION('', (#4590), #8);
#4592 = POLY_LOOP('', (#356, #357, #373));
#4593 = FACE_OUTER_BOUND('', #4592, .T.);
#4594 = FACETED_BREP_SHAPE_REPRESENTATION('', (#4593), #8);
#4595 = POLY_LOOP('', (#356, #373, #372));
#4596 = FACE_OUTER_BOUND('', #4595, .T.);
#4597 = FACETED_BREP_SHAPE_REPRESENTATION('', (#4596), #8);
#4598 = POLY_LOOP('', (#357, #358, #374));
#4599 = FACE_OUTER_BOUND('', #4598, .T.);
#4600 = FACETED_BREP_SHAPE_REPRESENTATION('', (#4599), #8);
#4601 = POLY_LOOP('', (#357, #374, #373));
#4602 = FACE_OUTER_BOUND('', #4601, .T.);
#4603 = FACETED_BREP_SHAPE_REPRESENTATION('', (#4602), #8);
#4604 = POLY_LOOP('', (#358, #359, #375));
#4605 = FACE_OUTER_BOUND('', #4604, .T.);
#4606 = FACETED_BREP_SHAPE_REPRESENTATION('', (#4605), #8);
#4607 = POLY_LOOP('', (#358, #375, #374));
#4608 = FACE_OUTER_BOUND('', #4607, .T.);
#4609 = FACETED_BREP_SHAPE_REPRESENTATION('', (#4608), #8);
#4610 = POLY_LOOP('', (#359, #360, #376));
#4611 = FACE_OUTER_BOUND('', #4610, .T.);
#4612 = FACETED_BREP_SHAPE_REPRESENTATION('', (#4611), #8);
#4613 = POLY_LOOP('', (#359, #376, #375));
#4614 = FACE_OUTER_BOUND('', #4613, .T.);
#4615 = FACETED_BREP_SHAPE_REPRESENTATION('', (#4614), #8);
#4616 = POLY_LOOP('', (#360, #361, #377));
#4617 = FACE_OUTER_BOUND('', #4616, .T.);
#4618 = FACETED_BREP_SHAPE_REPRESENTATION('', (#4617), #8);
#4619 = POLY_LOOP('', (#360, #377, #376));
#4620 = FACE_OUTER_BOUND('', #4619, .T.);
#4621 = FACETED_BREP_SHAPE_REPRESENTATION('', (#4620), #8);
#4622 = POLY_LOOP('', (#361, #362, #378));
#4623 = FACE_OUTER_BOUND('', #4622, .T.);
#4624 = FACETED_BREP_SHAPE_REPRESENTATION('', (#4623), #8);
#4625 = POLY_LOOP('', (#361, #378, #377));
#4626 = FACE_OUTER_BOUND('', #4625, .T.);
#4627 = FACETED_BREP_SHAPE_REPRESENTATION('', (#4626), #8);
#4628 = POLY_LOOP('', (#362, #363, #379));
#4629 = FACE_OUTER_BOUND('', #4628, .T.);
#4630 = FACETED_BREP_SHAPE_REPRESENTATION('', (#4629), #8);
#4631 = POLY_LOOP('', (#362, #379, #378));
#4632 = FACE_OUTER_BOUND('', #4631, .T.);
#4633 = FACETED_BREP_SHAPE_REPRESENTATION('', (#4632), #8);
#4634 = POLY_LOOP('', (#363, #364, #380));
#4635 = FACE_OUTER_BOUND('', #4634, .T.);
#4636 = FACETED_BREP_SHAPE_REPRESENTATION('', (#4635), #8);
#4637 = POLY_LOOP('', (#363, #380, #379));
#4638 = FACE_OUTER_BOUND('', #4637, .T.);
#4639 = FACETED_BREP_SHAPE_REPRESENTATION('', (#4638), #8);
#4640 = POLY_LOOP('', (#364, #365, #381));
#4641 = FACE_OUTER_BOUND('', #4640, .T.);
#4642 = FACETED_BREP_SHAPE_REPRESENTATION('', (#4641), #8);
#4643 = POLY_LOOP('', (#364, #381, #380));
#4644 = FACE_OUTER_BOUND('', #4643, .T.);
#4645 = FACETED_BREP_SHAPE_REPRESENTATION('', (#4644), #8);
#4646 = POLY_LOOP('', (#365, #366, #382));
#4647 = FACE_OUTER_BOUND('', #4646, .T.);
#4648 = FACETED_BREP_SHAPE_REPRESENTATION('', (#4647), #8);
#4649 = POLY_LOOP('', (#365, #382, #381));
#4650 = FACE_OUTER_BOUND('', #4649, .T.);
#4651 = FACETED_BREP_SHAPE_REPRESENTATION('', (#4650), #8);
#4652 = POLY_LOOP('', (#366, #367, #383));
#4653 = FACE_OUTER_BOUND('', #4652, .T.);
#4654 = FACETED_BREP_SHAPE_REPRESENTATION('', (#4653), #8);
#4655 = POLY_LOOP('', (#366, #383, #382));
#4656 = FACE_OUTER_BOUND('', #4655, .T.);
#4657 = FACETED_BREP_SHAPE_REPRESENTATION('', (#4656), #8);
#4658 = POLY_LOOP('', (#367, #352, #368));
#4659 = FACE_OUTER_BOUND('', #4658, .T.);
#4660 = FACETED_BREP_SHAPE_REPRESENTATION('', (#4659), #8);
#4661 = POLY_LOOP('', (#367, #368, #383));
#4662 = FACE_OUTER_BOUND('', #4661, .T.);
#4663 = FACETED_BREP_SHAPE_REPRESENTATION('', (#4662), #8);
#4664 = POLY_LOOP('', (#384, #353, #352));
#4665 = FACE_OUTER_BOUND('', #4664, .T.);
#4666 = FACETED_BREP_SHAPE_REPRESENTATION('', (#4665), #8);
#4667 = POLY_LOOP('', (#385, #368, #369));
#4668 = FACE_OUTER_BOUND('', #4667, .T.);
#4669 = FACETED_BREP_SHAPE_REPRESENTATION('', (#4668), #8);
#4670 = POLY_LOOP('', (#384, #354, #353));
#4671 = FACE_OUTER_BOUND('', #4670, .T.);
#4672 = FACETED_BREP_SHAPE_REPRESENTATION('', (#4671), #8);
#4673 = POLY_LOOP('', (#385, #369, #370));
#4674 = FACE_OUTER_BOUND('', #4673, .T.);
#4675 = FACETED_BREP_SHAPE_REPRESENTATION('', (#4674), #8);
#4676 = POLY_LOOP('', (#384, #355, #354));
#4677 = FACE_OUTER_BOUND('', #4676, .T.);
#4678 = FACETED_BREP_SHAPE_REPRESENTATION('', (#4677), #8);
#4679 = POLY_LOOP('', (#385, #370, #371));
#4680 = FACE_OUTER_BOUND('', #4679, .T.);
#4681 = FACETED_BREP_SHAPE_REPRESENTATION('', (#4680), #8);
#4682 = POLY_LOOP('', (#384, #356, #355));
#4683 = FACE_OUTER_BOUND('', #4682, .T.);
#4684 = FACETED_BREP_SHAPE_REPRESENTATION('', (#4683), #8);
#4685 = POLY_LOOP('', (#385, #371, #372));
#4686 = FACE_OUTER_BOUND('', #4685, .T.);
#4687 = FACETED_BREP_SHAPE_REPRESENTATION('', (#4686), #8);
#4688 = POLY_LOOP('', (#384, #357, #356));
#4689 = FACE_OUTER_BOUND('', #4688, .T.);
#4690 = FACETED_BREP_SHAPE_REPRESENTATION('', (#4689), #8);
#4691 = POLY_LOOP('', (#385, #372, #373));
#4692 = FACE_OUTER_BOUND('', #4691, .T.);
#4693 = FACETED_BREP_SHAPE_REPRESENTATION('', (#4692), #8);
#4694 = POLY_LOOP('', (#384, #358, #357));
#4695 = FACE_OUTER_BOUND('', #4694, .T.);
#4696 = FACETED_BREP_SHAPE_REPRESENTATION('', (#4695), #8);
#4697 = POLY_LOOP('', (#385, #373, #374));
#4698 = FACE_OUTER_BOUND('', #4697, .T.);
#4699 = FACETED_BREP_SHAPE_REPRESENTATION('', (#4698), #8);
#4700 = POLY_LOOP('', (#384, #359, #358));
#4701 = FACE_OUTER_BOUND('', #4700, .T.);
#4702 = FACETED_BREP_SHAPE_REPRESENTATION('', (#4701), #8);
#4703 = POLY_LOOP('', (#385, #374, #375));
#4704 = FACE_OUTER_BOUND('', #4703, .T.);
#4705 = FACETED_BREP_SHAPE_REPRESENTATION('', (#4704), #8);
#4706 = POLY_LOOP('', (#384, #360, #359));
#4707 = FACE_OUTER_BOUND('', #4706, .T.);
#4708 = FACETED_BREP_SHAPE_REPRESENTATION('', (#4707), #8);
#4709 = POLY_LOOP('', (#385, #375, #376));
#4710 = FACE_OUTER_BOUND('', #4709, .T.);
#4711 = FACETED_BREP_SHAPE_REPRESENTATION('', (#4710), #8);
#4712 = POLY_LOOP('', (#384, #361, #360));
#4713 = FACE_OUTER_BOUND('', #4712, .T.);
#4714 = FACETED_BREP_SHAPE_REPRESENTATION('', (#4713), #8);
#4715 = POLY_LOOP('', (#385, #376, #377));
#4716 = FACE_OUTER_BOUND('', #4715, .T.);
#4717 = FACETED_BREP_SHAPE_REPRESENTATION('', (#4716), #8);
#4718 = POLY_LOOP('', (#384, #362, #361));
#4719 = FACE_OUTER_BOUND('', #4718, .T.);
#4720 = FACETED_BREP_SHAPE_REPRESENTATION('', (#4719), #8);
#4721 = POLY_LOOP('', (#385, #377, #378));
#4722 = FACE_OUTER_BOUND('', #4721, .T.);
#4723 = FACETED_BREP_SHAPE_REPRESENTATION('', (#4722), #8);
#4724 = POLY_LOOP('', (#384, #363, #362));
#4725 = FACE_OUTER_BOUND('', #4724, .T.);
#4726 = FACETED_BREP_SHAPE_REPRESENTATION('', (#4725), #8);
#4727 = POLY_LOOP('', (#385, #378, #379));
#4728 = FACE_OUTER_BOUND('', #4727, .T.);
#4729 = FACETED_BREP_SHAPE_REPRESENTATION('', (#4728), #8);
#4730 = POLY_LOOP('', (#384, #364, #363));
#4731 = FACE_OUTER_BOUND('', #4730, .T.);
#4732 = FACETED_BREP_SHAPE_REPRESENTATION('', (#4731), #8);
#4733 = POLY_LOOP('', (#385, #379, #380));
#4734 = FACE_OUTER_BOUND('', #4733, .T.);
#4735 = FACETED_BREP_SHAPE_REPRESENTATION('', (#4734), #8);
#4736 = POLY_LOOP('', (#384, #365, #364));
#4737 = FACE_OUTER_BOUND('', #4736, .T.);
#4738 = FACETED_BREP_SHAPE_REPRESENTATION('', (#4737), #8);
#4739 = POLY_LOOP('', (#385, #380, #381));
#4740 = FACE_OUTER_BOUND('', #4739, .T.);
#4741 = FACETED_BREP_SHAPE_REPRESENTATION('', (#4740), #8);
#4742 = POLY_LOOP('', (#384, #366, #365));
#4743 = FACE_OUTER_BOUND('', #4742, .T.);
#4744 = FACETED_BREP_SHAPE_REPRESENTATION('', (#4743), #8);
#4745 = POLY_LOOP('', (#385, #381, #382));
#4746 = FACE_OUTER_BOUND('', #4745, .T.);
#4747 = FACETED_BREP_SHAPE_REPRESENTATION('', (#4746), #8);
#4748 = POLY_LOOP('', (#384, #367, #366));
#4749 = FACE_OUTER_BOUND('', #4748, .T.);
#4750 = FACETED_BREP_SHAPE_REPRESENTATION('', (#4749), #8);
#4751 = POLY_LOOP('', (#385, #382, #383));
#4752 = FACE_OUTER_BOUND('', #4751, .T.);
#4753 = FACETED_BREP_SHAPE_REPRESENTATION('', (#4752), #8);
#4754 = POLY_LOOP('', (#384, #352, #367));
#4755 = FACE_OUTER_BOUND('', #4754, .T.);
#4756 = FACETED_BREP_SHAPE_REPRESENTATION('', (#4755), #8);
#4757 = POLY_LOOP('', (#385, #383, #368));
#4758 = FACE_OUTER_BOUND('', #4757, .T.);
#4759 = FACETED_BREP_SHAPE_REPRESENTATION('', (#4758), #8);
#4760 = POLY_LOOP('', (#386, #387, #399));
#4761 = FACE_OUTER_BOUND('', #4760, .T.);
#4762 = FACETED_BREP_SHAPE_REPRESENTATION('', (#4761), #8);
#4763 = POLY_LOOP('', (#386, #399, #398));
#4764 = FACE_OUTER_BOUND('', #4763, .T.);
#4765 = FACETED_BREP_SHAPE_REPRESENTATION('', (#4764), #8);
#4766 = POLY_LOOP('', (#387, #388, #400));
#4767 = FACE_OUTER_BOUND('', #4766, .T.);
#4768 = FACETED_BREP_SHAPE_REPRESENTATION('', (#4767), #8);
#4769 = POLY_LOOP('', (#387, #400, #399));
#4770 = FACE_OUTER_BOUND('', #4769, .T.);
#4771 = FACETED_BREP_SHAPE_REPRESENTATION('', (#4770), #8);
#4772 = POLY_LOOP('', (#388, #389, #401));
#4773 = FACE_OUTER_BOUND('', #4772, .T.);
#4774 = FACETED_BREP_SHAPE_REPRESENTATION('', (#4773), #8);
#4775 = POLY_LOOP('', (#388, #401, #400));
#4776 = FACE_OUTER_BOUND('', #4775, .T.);
#4777 = FACETED_BREP_SHAPE_REPRESENTATION('', (#4776), #8);
#4778 = POLY_LOOP('', (#389, #390, #402));
#4779 = FACE_OUTER_BOUND('', #4778, .T.);
#4780 = FACETED_BREP_SHAPE_REPRESENTATION('', (#4779), #8);
#4781 = POLY_LOOP('', (#389, #402, #401));
#4782 = FACE_OUTER_BOUND('', #4781, .T.);
#4783 = FACETED_BREP_SHAPE_REPRESENTATION('', (#4782), #8);
#4784 = POLY_LOOP('', (#390, #391, #403));
#4785 = FACE_OUTER_BOUND('', #4784, .T.);
#4786 = FACETED_BREP_SHAPE_REPRESENTATION('', (#4785), #8);
#4787 = POLY_LOOP('', (#390, #403, #402));
#4788 = FACE_OUTER_BOUND('', #4787, .T.);
#4789 = FACETED_BREP_SHAPE_REPRESENTATION('', (#4788), #8);
#4790 = POLY_LOOP('', (#391, #392, #404));
#4791 = FACE_OUTER_BOUND('', #4790, .T.);
#4792 = FACETED_BREP_SHAPE_REPRESENTATION('', (#4791), #8);
#4793 = POLY_LOOP('', (#391, #404, #403));
#4794 = FACE_OUTER_BOUND('', #4793, .T.);
#4795 = FACETED_BREP_SHAPE_REPRESENTATION('', (#4794), #8);
#4796 = POLY_LOOP('', (#392, #393, #405));
#4797 = FACE_OUTER_BOUND('', #4796, .T.);
#4798 = FACETED_BREP_SHAPE_REPRESENTATION('', (#4797), #8);
#4799 = POLY_LOOP('', (#392, #405, #404));
#4800 = FACE_OUTER_BOUND('', #4799, .T.);
#4801 = FACETED_BREP_SHAPE_REPRESENTATION('', (#4800), #8);
#4802 = POLY_LOOP('', (#393, #394, #406));
#4803 = FACE_OUTER_BOUND('', #4802, .T.);
#4804 = FACETED_BREP_SHAPE_REPRESENTATION('', (#4803), #8);
#4805 = POLY_LOOP('', (#393, #406, #405));
#4806 = FACE_OUTER_BOUND('', #4805, .T.);
#4807 = FACETED_BREP_SHAPE_REPRESENTATION('', (#4806), #8);
#4808 = POLY_LOOP('', (#394, #395, #407));
#4809 = FACE_OUTER_BOUND('', #4808, .T.);
#4810 = FACETED_BREP_SHAPE_REPRESENTATION('', (#4809), #8);
#4811 = POLY_LOOP('', (#394, #407, #406));
#4812 = FACE_OUTER_BOUND('', #4811, .T.);
#4813 = FACETED_BREP_SHAPE_REPRESENTATION('', (#4812), #8);
#4814 = POLY_LOOP('', (#395, #396, #408));
#4815 = FACE_OUTER_BOUND('', #4814, .T.);
#4816 = FACETED_BREP_SHAPE_REPRESENTATION('', (#4815), #8);
#4817 = POLY_LOOP('', (#395, #408, #407));
#4818 = FACE_OUTER_BOUND('', #4817, .T.);
#4819 = FACETED_BREP_SHAPE_REPRESENTATION('', (#4818), #8);
#4820 = POLY_LOOP('', (#396, #397, #409));
#4821 = FACE_OUTER_BOUND('', #4820, .T.);
#4822 = FACETED_BREP_SHAPE_REPRESENTATION('', (#4821), #8);
#4823 = POLY_LOOP('', (#396, #409, #408));
#4824 = FACE_OUTER_BOUND('', #4823, .T.);
#4825 = FACETED_BREP_SHAPE_REPRESENTATION('', (#4824), #8);
#4826 = POLY_LOOP('', (#397, #386, #398));
#4827 = FACE_OUTER_BOUND('', #4826, .T.);
#4828 = FACETED_BREP_SHAPE_REPRESENTATION('', (#4827), #8);
#4829 = POLY_LOOP('', (#397, #398, #409));
#4830 = FACE_OUTER_BOUND('', #4829, .T.);
#4831 = FACETED_BREP_SHAPE_REPRESENTATION('', (#4830), #8);
#4832 = POLY_LOOP('', (#410, #387, #386));
#4833 = FACE_OUTER_BOUND('', #4832, .T.);
#4834 = FACETED_BREP_SHAPE_REPRESENTATION('', (#4833), #8);
#4835 = POLY_LOOP('', (#411, #398, #399));
#4836 = FACE_OUTER_BOUND('', #4835, .T.);
#4837 = FACETED_BREP_SHAPE_REPRESENTATION('', (#4836), #8);
#4838 = POLY_LOOP('', (#410, #388, #387));
#4839 = FACE_OUTER_BOUND('', #4838, .T.);
#4840 = FACETED_BREP_SHAPE_REPRESENTATION('', (#4839), #8);
#4841 = POLY_LOOP('', (#411, #399, #400));
#4842 = FACE_OUTER_BOUND('', #4841, .T.);
#4843 = FACETED_BREP_SHAPE_REPRESENTATION('', (#4842), #8);
#4844 = POLY_LOOP('', (#410, #389, #388));
#4845 = FACE_OUTER_BOUND('', #4844, .T.);
#4846 = FACETED_BREP_SHAPE_REPRESENTATION('', (#4845), #8);
#4847 = POLY_LOOP('', (#411, #400, #401));
#4848 = FACE_OUTER_BOUND('', #4847, .T.);
#4849 = FACETED_BREP_SHAPE_REPRESENTATION('', (#4848), #8);
#4850 = POLY_LOOP('', (#410, #390, #389));
#4851 = FACE_OUTER_BOUND('', #4850, .T.);
#4852 = FACETED_BREP_SHAPE_REPRESENTATION('', (#4851), #8);
#4853 = POLY_LOOP('', (#411, #401, #402));
#4854 = FACE_OUTER_BOUND('', #4853, .T.);
#4855 = FACETED_BREP_SHAPE_REPRESENTATION('', (#4854), #8);
#4856 = POLY_LOOP('', (#410, #391, #390));
#4857 = FACE_OUTER_BOUND('', #4856, .T.);
#4858 = FACETED_BREP_SHAPE_REPRESENTATION('', (#4857), #8);
#4859 = POLY_LOOP('', (#411, #402, #403));
#4860 = FACE_OUTER_BOUND('', #4859, .T.);
#4861 = FACETED_BREP_SHAPE_REPRESENTATION('', (#4860), #8);
#4862 = POLY_LOOP('', (#410, #392, #391));
#4863 = FACE_OUTER_BOUND('', #4862, .T.);
#4864 = FACETED_BREP_SHAPE_REPRESENTATION('', (#4863), #8);
#4865 = POLY_LOOP('', (#411, #403, #404));
#4866 = FACE_OUTER_BOUND('', #4865, .T.);
#4867 = FACETED_BREP_SHAPE_REPRESENTATION('', (#4866), #8);
#4868 = POLY_LOOP('', (#410, #393, #392));
#4869 = FACE_OUTER_BOUND('', #4868, .T.);
#4870 = FACETED_BREP_SHAPE_REPRESENTATION('', (#4869), #8);
#4871 = POLY_LOOP('', (#411, #404, #405));
#4872 = FACE_OUTER_BOUND('', #4871, .T.);
#4873 = FACETED_BREP_SHAPE_REPRESENTATION('', (#4872), #8);
#4874 = POLY_LOOP('', (#410, #394, #393));
#4875 = FACE_OUTER_BOUND('', #4874, .T.);
#4876 = FACETED_BREP_SHAPE_REPRESENTATION('', (#4875), #8);
#4877 = POLY_LOOP('', (#411, #405, #406));
#4878 = FACE_OUTER_BOUND('', #4877, .T.);
#4879 = FACETED_BREP_SHAPE_REPRESENTATION('', (#4878), #8);
#4880 = POLY_LOOP('', (#410, #395, #394));
#4881 = FACE_OUTER_BOUND('', #4880, .T.);
#4882 = FACETED_BREP_SHAPE_REPRESENTATION('', (#4881), #8);
#4883 = POLY_LOOP('', (#411, #406, #407));
#4884 = FACE_OUTER_BOUND('', #4883, .T.);
#4885 = FACETED_BREP_SHAPE_REPRESENTATION('', (#4884), #8);
#4886 = POLY_LOOP('', (#410, #396, #395));
#4887 = FACE_OUTER_BOUND('', #4886, .T.);
#4888 = FACETED_BREP_SHAPE_REPRESENTATION('', (#4887), #8);
#4889 = POLY_LOOP('', (#411, #407, #408));
#4890 = FACE_OUTER_BOUND('', #4889, .T.);
#4891 = FACETED_BREP_SHAPE_REPRESENTATION('', (#4890), #8);
#4892 = POLY_LOOP('', (#410, #397, #396));
#4893 = FACE_OUTER_BOUND('', #4892, .T.);
#4894 = FACETED_BREP_SHAPE_REPRESENTATION('', (#4893), #8);
#4895 = POLY_LOOP('', (#411, #408, #409));
#4896 = FACE_OUTER_BOUND('', #4895, .T.);
#4897 = FACETED_BREP_SHAPE_REPRESENTATION('', (#4896), #8);
#4898 = POLY_LOOP('', (#410, #386, #397));
#4899 = FACE_OUTER_BOUND('', #4898, .T.);
#4900 = FACETED_BREP_SHAPE_REPRESENTATION('', (#4899), #8);
#4901 = POLY_LOOP('', (#411, #409, #398));
#4902 = FACE_OUTER_BOUND('', #4901, .T.);
#4903 = FACETED_BREP_SHAPE_REPRESENTATION('', (#4902), #8);
#4904 = POLY_LOOP('', (#412, #413, #429));
#4905 = FACE_OUTER_BOUND('', #4904, .T.);
#4906 = FACETED_BREP_SHAPE_REPRESENTATION('', (#4905), #8);
#4907 = POLY_LOOP('', (#412, #429, #428));
#4908 = FACE_OUTER_BOUND('', #4907, .T.);
#4909 = FACETED_BREP_SHAPE_REPRESENTATION('', (#4908), #8);
#4910 = POLY_LOOP('', (#413, #414, #430));
#4911 = FACE_OUTER_BOUND('', #4910, .T.);
#4912 = FACETED_BREP_SHAPE_REPRESENTATION('', (#4911), #8);
#4913 = POLY_LOOP('', (#413, #430, #429));
#4914 = FACE_OUTER_BOUND('', #4913, .T.);
#4915 = FACETED_BREP_SHAPE_REPRESENTATION('', (#4914), #8);
#4916 = POLY_LOOP('', (#414, #415, #431));
#4917 = FACE_OUTER_BOUND('', #4916, .T.);
#4918 = FACETED_BREP_SHAPE_REPRESENTATION('', (#4917), #8);
#4919 = POLY_LOOP('', (#414, #431, #430));
#4920 = FACE_OUTER_BOUND('', #4919, .T.);
#4921 = FACETED_BREP_SHAPE_REPRESENTATION('', (#4920), #8);
#4922 = POLY_LOOP('', (#415, #416, #432));
#4923 = FACE_OUTER_BOUND('', #4922, .T.);
#4924 = FACETED_BREP_SHAPE_REPRESENTATION('', (#4923), #8);
#4925 = POLY_LOOP('', (#415, #432, #431));
#4926 = FACE_OUTER_BOUND('', #4925, .T.);
#4927 = FACETED_BREP_SHAPE_REPRESENTATION('', (#4926), #8);
#4928 = POLY_LOOP('', (#416, #417, #433));
#4929 = FACE_OUTER_BOUND('', #4928, .T.);
#4930 = FACETED_BREP_SHAPE_REPRESENTATION('', (#4929), #8);
#4931 = POLY_LOOP('', (#416, #433, #432));
#4932 = FACE_OUTER_BOUND('', #4931, .T.);
#4933 = FACETED_BREP_SHAPE_REPRESENTATION('', (#4932), #8);
#4934 = POLY_LOOP('', (#417, #418, #434));
#4935 = FACE_OUTER_BOUND('', #4934, .T.);
#4936 = FACETED_BREP_SHAPE_REPRESENTATION('', (#4935), #8);
#4937 = POLY_LOOP('', (#417, #434, #433));
#4938 = FACE_OUTER_BOUND('', #4937, .T.);
#4939 = FACETED_BREP_SHAPE_REPRESENTATION('', (#4938), #8);
#4940 = POLY_LOOP('', (#418, #419, #435));
#4941 = FACE_OUTER_BOUND('', #4940, .T.);
#4942 = FACETED_BREP_SHAPE_REPRESENTATION('', (#4941), #8);
#4943 = POLY_LOOP('', (#418, #435, #434));
#4944 = FACE_OUTER_BOUND('', #4943, .T.);
#4945 = FACETED_BREP_SHAPE_REPRESENTATION('', (#4944), #8);
#4946 = POLY_LOOP('', (#419, #420, #436));
#4947 = FACE_OUTER_BOUND('', #4946, .T.);
#4948 = FACETED_BREP_SHAPE_REPRESENTATION('', (#4947), #8);
#4949 = POLY_LOOP('', (#419, #436, #435));
#4950 = FACE_OUTER_BOUND('', #4949, .T.);
#4951 = FACETED_BREP_SHAPE_REPRESENTATION('', (#4950), #8);
#4952 = POLY_LOOP('', (#420, #421, #437));
#4953 = FACE_OUTER_BOUND('', #4952, .T.);
#4954 = FACETED_BREP_SHAPE_REPRESENTATION('', (#4953), #8);
#4955 = POLY_LOOP('', (#420, #437, #436));
#4956 = FACE_OUTER_BOUND('', #4955, .T.);
#4957 = FACETED_BREP_SHAPE_REPRESENTATION('', (#4956), #8);
#4958 = POLY_LOOP('', (#421, #422, #438));
#4959 = FACE_OUTER_BOUND('', #4958, .T.);
#4960 = FACETED_BREP_SHAPE_REPRESENTATION('', (#4959), #8);
#4961 = POLY_LOOP('', (#421, #438, #437));
#4962 = FACE_OUTER_BOUND('', #4961, .T.);
#4963 = FACETED_BREP_SHAPE_REPRESENTATION('', (#4962), #8);
#4964 = POLY_LOOP('', (#422, #423, #439));
#4965 = FACE_OUTER_BOUND('', #4964, .T.);
#4966 = FACETED_BREP_SHAPE_REPRESENTATION('', (#4965), #8);
#4967 = POLY_LOOP('', (#422, #439, #438));
#4968 = FACE_OUTER_BOUND('', #4967, .T.);
#4969 = FACETED_BREP_SHAPE_REPRESENTATION('', (#4968), #8);
#4970 = POLY_LOOP('', (#423, #424, #440));
#4971 = FACE_OUTER_BOUND('', #4970, .T.);
#4972 = FACETED_BREP_SHAPE_REPRESENTATION('', (#4971), #8);
#4973 = POLY_LOOP('', (#423, #440, #439));
#4974 = FACE_OUTER_BOUND('', #4973, .T.);
#4975 = FACETED_BREP_SHAPE_REPRESENTATION('', (#4974), #8);
#4976 = POLY_LOOP('', (#424, #425, #441));
#4977 = FACE_OUTER_BOUND('', #4976, .T.);
#4978 = FACETED_BREP_SHAPE_REPRESENTATION('', (#4977), #8);
#4979 = POLY_LOOP('', (#424, #441, #440));
#4980 = FACE_OUTER_BOUND('', #4979, .T.);
#4981 = FACETED_BREP_SHAPE_REPRESENTATION('', (#4980), #8);
#4982 = POLY_LOOP('', (#425, #426, #442));
#4983 = FACE_OUTER_BOUND('', #4982, .T.);
#4984 = FACETED_BREP_SHAPE_REPRESENTATION('', (#4983), #8);
#4985 = POLY_LOOP('', (#425, #442, #441));
#4986 = FACE_OUTER_BOUND('', #4985, .T.);
#4987 = FACETED_BREP_SHAPE_REPRESENTATION('', (#4986), #8);
#4988 = POLY_LOOP('', (#426, #427, #443));
#4989 = FACE_OUTER_BOUND('', #4988, .T.);
#4990 = FACETED_BREP_SHAPE_REPRESENTATION('', (#4989), #8);
#4991 = POLY_LOOP('', (#426, #443, #442));
#4992 = FACE_OUTER_BOUND('', #4991, .T.);
#4993 = FACETED_BREP_SHAPE_REPRESENTATION('', (#4992), #8);
#4994 = POLY_LOOP('', (#427, #412, #428));
#4995 = FACE_OUTER_BOUND('', #4994, .T.);
#4996 = FACETED_BREP_SHAPE_REPRESENTATION('', (#4995), #8);
#4997 = POLY_LOOP('', (#427, #428, #443));
#4998 = FACE_OUTER_BOUND('', #4997, .T.);
#4999 = FACETED_BREP_SHAPE_REPRESENTATION('', (#4998), #8);
#5000 = POLY_LOOP('', (#444, #413, #412));
#5001 = FACE_OUTER_BOUND('', #5000, .T.);
#5002 = FACETED_BREP_SHAPE_REPRESENTATION('', (#5001), #8);
#5003 = POLY_LOOP('', (#445, #428, #429));
#5004 = FACE_OUTER_BOUND('', #5003, .T.);
#5005 = FACETED_BREP_SHAPE_REPRESENTATION('', (#5004), #8);
#5006 = POLY_LOOP('', (#444, #414, #413));
#5007 = FACE_OUTER_BOUND('', #5006, .T.);
#5008 = FACETED_BREP_SHAPE_REPRESENTATION('', (#5007), #8);
#5009 = POLY_LOOP('', (#445, #429, #430));
#5010 = FACE_OUTER_BOUND('', #5009, .T.);
#5011 = FACETED_BREP_SHAPE_REPRESENTATION('', (#5010), #8);
#5012 = POLY_LOOP('', (#444, #415, #414));
#5013 = FACE_OUTER_BOUND('', #5012, .T.);
#5014 = FACETED_BREP_SHAPE_REPRESENTATION('', (#5013), #8);
#5015 = POLY_LOOP('', (#445, #430, #431));
#5016 = FACE_OUTER_BOUND('', #5015, .T.);
#5017 = FACETED_BREP_SHAPE_REPRESENTATION('', (#5016), #8);
#5018 = POLY_LOOP('', (#444, #416, #415));
#5019 = FACE_OUTER_BOUND('', #5018, .T.);
#5020 = FACETED_BREP_SHAPE_REPRESENTATION('', (#5019), #8);
#5021 = POLY_LOOP('', (#445, #431, #432));
#5022 = FACE_OUTER_BOUND('', #5021, .T.);
#5023 = FACETED_BREP_SHAPE_REPRESENTATION('', (#5022), #8);
#5024 = POLY_LOOP('', (#444, #417, #416));
#5025 = FACE_OUTER_BOUND('', #5024, .T.);
#5026 = FACETED_BREP_SHAPE_REPRESENTATION('', (#5025), #8);
#5027 = POLY_LOOP('', (#445, #432, #433));
#5028 = FACE_OUTER_BOUND('', #5027, .T.);
#5029 = FACETED_BREP_SHAPE_REPRESENTATION('', (#5028), #8);
#5030 = POLY_LOOP('', (#444, #418, #417));
#5031 = FACE_OUTER_BOUND('', #5030, .T.);
#5032 = FACETED_BREP_SHAPE_REPRESENTATION('', (#5031), #8);
#5033 = POLY_LOOP('', (#445, #433, #434));
#5034 = FACE_OUTER_BOUND('', #5033, .T.);
#5035 = FACETED_BREP_SHAPE_REPRESENTATION('', (#5034), #8);
#5036 = POLY_LOOP('', (#444, #419, #418));
#5037 = FACE_OUTER_BOUND('', #5036, .T.);
#5038 = FACETED_BREP_SHAPE_REPRESENTATION('', (#5037), #8);
#5039 = POLY_LOOP('', (#445, #434, #435));
#5040 = FACE_OUTER_BOUND('', #5039, .T.);
#5041 = FACETED_BREP_SHAPE_REPRESENTATION('', (#5040), #8);
#5042 = POLY_LOOP('', (#444, #420, #419));
#5043 = FACE_OUTER_BOUND('', #5042, .T.);
#5044 = FACETED_BREP_SHAPE_REPRESENTATION('', (#5043), #8);
#5045 = POLY_LOOP('', (#445, #435, #436));
#5046 = FACE_OUTER_BOUND('', #5045, .T.);
#5047 = FACETED_BREP_SHAPE_REPRESENTATION('', (#5046), #8);
#5048 = POLY_LOOP('', (#444, #421, #420));
#5049 = FACE_OUTER_BOUND('', #5048, .T.);
#5050 = FACETED_BREP_SHAPE_REPRESENTATION('', (#5049), #8);
#5051 = POLY_LOOP('', (#445, #436, #437));
#5052 = FACE_OUTER_BOUND('', #5051, .T.);
#5053 = FACETED_BREP_SHAPE_REPRESENTATION('', (#5052), #8);
#5054 = POLY_LOOP('', (#444, #422, #421));
#5055 = FACE_OUTER_BOUND('', #5054, .T.);
#5056 = FACETED_BREP_SHAPE_REPRESENTATION('', (#5055), #8);
#5057 = POLY_LOOP('', (#445, #437, #438));
#5058 = FACE_OUTER_BOUND('', #5057, .T.);
#5059 = FACETED_BREP_SHAPE_REPRESENTATION('', (#5058), #8);
#5060 = POLY_LOOP('', (#444, #423, #422));
#5061 = FACE_OUTER_BOUND('', #5060, .T.);
#5062 = FACETED_BREP_SHAPE_REPRESENTATION('', (#5061), #8);
#5063 = POLY_LOOP('', (#445, #438, #439));
#5064 = FACE_OUTER_BOUND('', #5063, .T.);
#5065 = FACETED_BREP_SHAPE_REPRESENTATION('', (#5064), #8);
#5066 = POLY_LOOP('', (#444, #424, #423));
#5067 = FACE_OUTER_BOUND('', #5066, .T.);
#5068 = FACETED_BREP_SHAPE_REPRESENTATION('', (#5067), #8);
#5069 = POLY_LOOP('', (#445, #439, #440));
#5070 = FACE_OUTER_BOUND('', #5069, .T.);
#5071 = FACETED_BREP_SHAPE_REPRESENTATION('', (#5070), #8);
#5072 = POLY_LOOP('', (#444, #425, #424));
#5073 = FACE_OUTER_BOUND('', #5072, .T.);
#5074 = FACETED_BREP_SHAPE_REPRESENTATION('', (#5073), #8);
#5075 = POLY_LOOP('', (#445, #440, #441));
#5076 = FACE_OUTER_BOUND('', #5075, .T.);
#5077 = FACETED_BREP_SHAPE_REPRESENTATION('', (#5076), #8);
#5078 = POLY_LOOP('', (#444, #426, #425));
#5079 = FACE_OUTER_BOUND('', #5078, .T.);
#5080 = FACETED_BREP_SHAPE_REPRESENTATION('', (#5079), #8);
#5081 = POLY_LOOP('', (#445, #441, #442));
#5082 = FACE_OUTER_BOUND('', #5081, .T.);
#5083 = FACETED_BREP_SHAPE_REPRESENTATION('', (#5082), #8);
#5084 = POLY_LOOP('', (#444, #427, #426));
#5085 = FACE_OUTER_BOUND('', #5084, .T.);
#5086 = FACETED_BREP_SHAPE_REPRESENTATION('', (#5085), #8);
#5087 = POLY_LOOP('', (#445, #442, #443));
#5088 = FACE_OUTER_BOUND('', #5087, .T.);
#5089 = FACETED_BREP_SHAPE_REPRESENTATION('', (#5088), #8);
#5090 = POLY_LOOP('', (#444, #412, #427));
#5091 = FACE_OUTER_BOUND('', #5090, .T.);
#5092 = FACETED_BREP_SHAPE_REPRESENTATION('', (#5091), #8);
#5093 = POLY_LOOP('', (#445, #443, #428));
#5094 = FACE_OUTER_BOUND('', #5093, .T.);
#5095 = FACETED_BREP_SHAPE_REPRESENTATION('', (#5094), #8);
#5096 = POLY_LOOP('', (#446, #447, #459));
#5097 = FACE_OUTER_BOUND('', #5096, .T.);
#5098 = FACETED_BREP_SHAPE_REPRESENTATION('', (#5097), #8);
#5099 = POLY_LOOP('', (#446, #459, #458));
#5100 = FACE_OUTER_BOUND('', #5099, .T.);
#5101 = FACETED_BREP_SHAPE_REPRESENTATION('', (#5100), #8);
#5102 = POLY_LOOP('', (#447, #448, #460));
#5103 = FACE_OUTER_BOUND('', #5102, .T.);
#5104 = FACETED_BREP_SHAPE_REPRESENTATION('', (#5103), #8);
#5105 = POLY_LOOP('', (#447, #460, #459));
#5106 = FACE_OUTER_BOUND('', #5105, .T.);
#5107 = FACETED_BREP_SHAPE_REPRESENTATION('', (#5106), #8);
#5108 = POLY_LOOP('', (#448, #449, #461));
#5109 = FACE_OUTER_BOUND('', #5108, .T.);
#5110 = FACETED_BREP_SHAPE_REPRESENTATION('', (#5109), #8);
#5111 = POLY_LOOP('', (#448, #461, #460));
#5112 = FACE_OUTER_BOUND('', #5111, .T.);
#5113 = FACETED_BREP_SHAPE_REPRESENTATION('', (#5112), #8);
#5114 = POLY_LOOP('', (#449, #450, #462));
#5115 = FACE_OUTER_BOUND('', #5114, .T.);
#5116 = FACETED_BREP_SHAPE_REPRESENTATION('', (#5115), #8);
#5117 = POLY_LOOP('', (#449, #462, #461));
#5118 = FACE_OUTER_BOUND('', #5117, .T.);
#5119 = FACETED_BREP_SHAPE_REPRESENTATION('', (#5118), #8);
#5120 = POLY_LOOP('', (#450, #451, #463));
#5121 = FACE_OUTER_BOUND('', #5120, .T.);
#5122 = FACETED_BREP_SHAPE_REPRESENTATION('', (#5121), #8);
#5123 = POLY_LOOP('', (#450, #463, #462));
#5124 = FACE_OUTER_BOUND('', #5123, .T.);
#5125 = FACETED_BREP_SHAPE_REPRESENTATION('', (#5124), #8);
#5126 = POLY_LOOP('', (#451, #452, #464));
#5127 = FACE_OUTER_BOUND('', #5126, .T.);
#5128 = FACETED_BREP_SHAPE_REPRESENTATION('', (#5127), #8);
#5129 = POLY_LOOP('', (#451, #464, #463));
#5130 = FACE_OUTER_BOUND('', #5129, .T.);
#5131 = FACETED_BREP_SHAPE_REPRESENTATION('', (#5130), #8);
#5132 = POLY_LOOP('', (#452, #453, #465));
#5133 = FACE_OUTER_BOUND('', #5132, .T.);
#5134 = FACETED_BREP_SHAPE_REPRESENTATION('', (#5133), #8);
#5135 = POLY_LOOP('', (#452, #465, #464));
#5136 = FACE_OUTER_BOUND('', #5135, .T.);
#5137 = FACETED_BREP_SHAPE_REPRESENTATION('', (#5136), #8);
#5138 = POLY_LOOP('', (#453, #454, #466));
#5139 = FACE_OUTER_BOUND('', #5138, .T.);
#5140 = FACETED_BREP_SHAPE_REPRESENTATION('', (#5139), #8);
#5141 = POLY_LOOP('', (#453, #466, #465));
#5142 = FACE_OUTER_BOUND('', #5141, .T.);
#5143 = FACETED_BREP_SHAPE_REPRESENTATION('', (#5142), #8);
#5144 = POLY_LOOP('', (#454, #455, #467));
#5145 = FACE_OUTER_BOUND('', #5144, .T.);
#5146 = FACETED_BREP_SHAPE_REPRESENTATION('', (#5145), #8);
#5147 = POLY_LOOP('', (#454, #467, #466));
#5148 = FACE_OUTER_BOUND('', #5147, .T.);
#5149 = FACETED_BREP_SHAPE_REPRESENTATION('', (#5148), #8);
#5150 = POLY_LOOP('', (#455, #456, #468));
#5151 = FACE_OUTER_BOUND('', #5150, .T.);
#5152 = FACETED_BREP_SHAPE_REPRESENTATION('', (#5151), #8);
#5153 = POLY_LOOP('', (#455, #468, #467));
#5154 = FACE_OUTER_BOUND('', #5153, .T.);
#5155 = FACETED_BREP_SHAPE_REPRESENTATION('', (#5154), #8);
#5156 = POLY_LOOP('', (#456, #457, #469));
#5157 = FACE_OUTER_BOUND('', #5156, .T.);
#5158 = FACETED_BREP_SHAPE_REPRESENTATION('', (#5157), #8);
#5159 = POLY_LOOP('', (#456, #469, #468));
#5160 = FACE_OUTER_BOUND('', #5159, .T.);
#5161 = FACETED_BREP_SHAPE_REPRESENTATION('', (#5160), #8);
#5162 = POLY_LOOP('', (#457, #446, #458));
#5163 = FACE_OUTER_BOUND('', #5162, .T.);
#5164 = FACETED_BREP_SHAPE_REPRESENTATION('', (#5163), #8);
#5165 = POLY_LOOP('', (#457, #458, #469));
#5166 = FACE_OUTER_BOUND('', #5165, .T.);
#5167 = FACETED_BREP_SHAPE_REPRESENTATION('', (#5166), #8);
#5168 = POLY_LOOP('', (#470, #447, #446));
#5169 = FACE_OUTER_BOUND('', #5168, .T.);
#5170 = FACETED_BREP_SHAPE_REPRESENTATION('', (#5169), #8);
#5171 = POLY_LOOP('', (#471, #458, #459));
#5172 = FACE_OUTER_BOUND('', #5171, .T.);
#5173 = FACETED_BREP_SHAPE_REPRESENTATION('', (#5172), #8);
#5174 = POLY_LOOP('', (#470, #448, #447));
#5175 = FACE_OUTER_BOUND('', #5174, .T.);
#5176 = FACETED_BREP_SHAPE_REPRESENTATION('', (#5175), #8);
#5177 = POLY_LOOP('', (#471, #459, #460));
#5178 = FACE_OUTER_BOUND('', #5177, .T.);
#5179 = FACETED_BREP_SHAPE_REPRESENTATION('', (#5178), #8);
#5180 = POLY_LOOP('', (#470, #449, #448));
#5181 = FACE_OUTER_BOUND('', #5180, .T.);
#5182 = FACETED_BREP_SHAPE_REPRESENTATION('', (#5181), #8);
#5183 = POLY_LOOP('', (#471, #460, #461));
#5184 = FACE_OUTER_BOUND('', #5183, .T.);
#5185 = FACETED_BREP_SHAPE_REPRESENTATION('', (#5184), #8);
#5186 = POLY_LOOP('', (#470, #450, #449));
#5187 = FACE_OUTER_BOUND('', #5186, .T.);
#5188 = FACETED_BREP_SHAPE_REPRESENTATION('', (#5187), #8);
#5189 = POLY_LOOP('', (#471, #461, #462));
#5190 = FACE_OUTER_BOUND('', #5189, .T.);
#5191 = FACETED_BREP_SHAPE_REPRESENTATION('', (#5190), #8);
#5192 = POLY_LOOP('', (#470, #451, #450));
#5193 = FACE_OUTER_BOUND('', #5192, .T.);
#5194 = FACETED_BREP_SHAPE_REPRESENTATION('', (#5193), #8);
#5195 = POLY_LOOP('', (#471, #462, #463));
#5196 = FACE_OUTER_BOUND('', #5195, .T.);
#5197 = FACETED_BREP_SHAPE_REPRESENTATION('', (#5196), #8);
#5198 = POLY_LOOP('', (#470, #452, #451));
#5199 = FACE_OUTER_BOUND('', #5198, .T.);
#5200 = FACETED_BREP_SHAPE_REPRESENTATION('', (#5199), #8);
#5201 = POLY_LOOP('', (#471, #463, #464));
#5202 = FACE_OUTER_BOUND('', #5201, .T.);
#5203 = FACETED_BREP_SHAPE_REPRESENTATION('', (#5202), #8);
#5204 = POLY_LOOP('', (#470, #453, #452));
#5205 = FACE_OUTER_BOUND('', #5204, .T.);
#5206 = FACETED_BREP_SHAPE_REPRESENTATION('', (#5205), #8);
#5207 = POLY_LOOP('', (#471, #464, #465));
#5208 = FACE_OUTER_BOUND('', #5207, .T.);
#5209 = FACETED_BREP_SHAPE_REPRESENTATION('', (#5208), #8);
#5210 = POLY_LOOP('', (#470, #454, #453));
#5211 = FACE_OUTER_BOUND('', #5210, .T.);
#5212 = FACETED_BREP_SHAPE_REPRESENTATION('', (#5211), #8);
#5213 = POLY_LOOP('', (#471, #465, #466));
#5214 = FACE_OUTER_BOUND('', #5213, .T.);
#5215 = FACETED_BREP_SHAPE_REPRESENTATION('', (#5214), #8);
#5216 = POLY_LOOP('', (#470, #455, #454));
#5217 = FACE_OUTER_BOUND('', #5216, .T.);
#5218 = FACETED_BREP_SHAPE_REPRESENTATION('', (#5217), #8);
#5219 = POLY_LOOP('', (#471, #466, #467));
#5220 = FACE_OUTER_BOUND('', #5219, .T.);
#5221 = FACETED_BREP_SHAPE_REPRESENTATION('', (#5220), #8);
#5222 = POLY_LOOP('', (#470, #456, #455));
#5223 = FACE_OUTER_BOUND('', #5222, .T.);
#5224 = FACETED_BREP_SHAPE_REPRESENTATION('', (#5223), #8);
#5225 = POLY_LOOP('', (#471, #467, #468));
#5226 = FACE_OUTER_BOUND('', #5225, .T.);
#5227 = FACETED_BREP_SHAPE_REPRESENTATION('', (#5226), #8);
#5228 = POLY_LOOP('', (#470, #457, #456));
#5229 = FACE_OUTER_BOUND('', #5228, .T.);
#5230 = FACETED_BREP_SHAPE_REPRESENTATION('', (#5229), #8);
#5231 = POLY_LOOP('', (#471, #468, #469));
#5232 = FACE_OUTER_BOUND('', #5231, .T.);
#5233 = FACETED_BREP_SHAPE_REPRESENTATION('', (#5232), #8);
#5234 = POLY_LOOP('', (#470, #446, #457));
#5235 = FACE_OUTER_BOUND('', #5234, .T.);
#5236 = FACETED_BREP_SHAPE_REPRESENTATION('', (#5235), #8);
#5237 = POLY_LOOP('', (#471, #469, #458));
#5238 = FACE_OUTER_BOUND('', #5237, .T.);
#5239 = FACETED_BREP_SHAPE_REPRESENTATION('', (#5238), #8);
#5240 = POLY_LOOP('', (#472, #473, #489));
#5241 = FACE_OUTER_BOUND('', #5240, .T.);
#5242 = FACETED_BREP_SHAPE_REPRESENTATION('', (#5241), #8);
#5243 = POLY_LOOP('', (#472, #489, #488));
#5244 = FACE_OUTER_BOUND('', #5243, .T.);
#5245 = FACETED_BREP_SHAPE_REPRESENTATION('', (#5244), #8);
#5246 = POLY_LOOP('', (#473, #474, #490));
#5247 = FACE_OUTER_BOUND('', #5246, .T.);
#5248 = FACETED_BREP_SHAPE_REPRESENTATION('', (#5247), #8);
#5249 = POLY_LOOP('', (#473, #490, #489));
#5250 = FACE_OUTER_BOUND('', #5249, .T.);
#5251 = FACETED_BREP_SHAPE_REPRESENTATION('', (#5250), #8);
#5252 = POLY_LOOP('', (#474, #475, #491));
#5253 = FACE_OUTER_BOUND('', #5252, .T.);
#5254 = FACETED_BREP_SHAPE_REPRESENTATION('', (#5253), #8);
#5255 = POLY_LOOP('', (#474, #491, #490));
#5256 = FACE_OUTER_BOUND('', #5255, .T.);
#5257 = FACETED_BREP_SHAPE_REPRESENTATION('', (#5256), #8);
#5258 = POLY_LOOP('', (#475, #476, #492));
#5259 = FACE_OUTER_BOUND('', #5258, .T.);
#5260 = FACETED_BREP_SHAPE_REPRESENTATION('', (#5259), #8);
#5261 = POLY_LOOP('', (#475, #492, #491));
#5262 = FACE_OUTER_BOUND('', #5261, .T.);
#5263 = FACETED_BREP_SHAPE_REPRESENTATION('', (#5262), #8);
#5264 = POLY_LOOP('', (#476, #477, #493));
#5265 = FACE_OUTER_BOUND('', #5264, .T.);
#5266 = FACETED_BREP_SHAPE_REPRESENTATION('', (#5265), #8);
#5267 = POLY_LOOP('', (#476, #493, #492));
#5268 = FACE_OUTER_BOUND('', #5267, .T.);
#5269 = FACETED_BREP_SHAPE_REPRESENTATION('', (#5268), #8);
#5270 = POLY_LOOP('', (#477, #478, #494));
#5271 = FACE_OUTER_BOUND('', #5270, .T.);
#5272 = FACETED_BREP_SHAPE_REPRESENTATION('', (#5271), #8);
#5273 = POLY_LOOP('', (#477, #494, #493));
#5274 = FACE_OUTER_BOUND('', #5273, .T.);
#5275 = FACETED_BREP_SHAPE_REPRESENTATION('', (#5274), #8);
#5276 = POLY_LOOP('', (#478, #479, #495));
#5277 = FACE_OUTER_BOUND('', #5276, .T.);
#5278 = FACETED_BREP_SHAPE_REPRESENTATION('', (#5277), #8);
#5279 = POLY_LOOP('', (#478, #495, #494));
#5280 = FACE_OUTER_BOUND('', #5279, .T.);
#5281 = FACETED_BREP_SHAPE_REPRESENTATION('', (#5280), #8);
#5282 = POLY_LOOP('', (#479, #480, #496));
#5283 = FACE_OUTER_BOUND('', #5282, .T.);
#5284 = FACETED_BREP_SHAPE_REPRESENTATION('', (#5283), #8);
#5285 = POLY_LOOP('', (#479, #496, #495));
#5286 = FACE_OUTER_BOUND('', #5285, .T.);
#5287 = FACETED_BREP_SHAPE_REPRESENTATION('', (#5286), #8);
#5288 = POLY_LOOP('', (#480, #481, #497));
#5289 = FACE_OUTER_BOUND('', #5288, .T.);
#5290 = FACETED_BREP_SHAPE_REPRESENTATION('', (#5289), #8);
#5291 = POLY_LOOP('', (#480, #497, #496));
#5292 = FACE_OUTER_BOUND('', #5291, .T.);
#5293 = FACETED_BREP_SHAPE_REPRESENTATION('', (#5292), #8);
#5294 = POLY_LOOP('', (#481, #482, #498));
#5295 = FACE_OUTER_BOUND('', #5294, .T.);
#5296 = FACETED_BREP_SHAPE_REPRESENTATION('', (#5295), #8);
#5297 = POLY_LOOP('', (#481, #498, #497));
#5298 = FACE_OUTER_BOUND('', #5297, .T.);
#5299 = FACETED_BREP_SHAPE_REPRESENTATION('', (#5298), #8);
#5300 = POLY_LOOP('', (#482, #483, #499));
#5301 = FACE_OUTER_BOUND('', #5300, .T.);
#5302 = FACETED_BREP_SHAPE_REPRESENTATION('', (#5301), #8);
#5303 = POLY_LOOP('', (#482, #499, #498));
#5304 = FACE_OUTER_BOUND('', #5303, .T.);
#5305 = FACETED_BREP_SHAPE_REPRESENTATION('', (#5304), #8);
#5306 = POLY_LOOP('', (#483, #484, #500));
#5307 = FACE_OUTER_BOUND('', #5306, .T.);
#5308 = FACETED_BREP_SHAPE_REPRESENTATION('', (#5307), #8);
#5309 = POLY_LOOP('', (#483, #500, #499));
#5310 = FACE_OUTER_BOUND('', #5309, .T.);
#5311 = FACETED_BREP_SHAPE_REPRESENTATION('', (#5310), #8);
#5312 = POLY_LOOP('', (#484, #485, #501));
#5313 = FACE_OUTER_BOUND('', #5312, .T.);
#5314 = FACETED_BREP_SHAPE_REPRESENTATION('', (#5313), #8);
#5315 = POLY_LOOP('', (#484, #501, #500));
#5316 = FACE_OUTER_BOUND('', #5315, .T.);
#5317 = FACETED_BREP_SHAPE_REPRESENTATION('', (#5316), #8);
#5318 = POLY_LOOP('', (#485, #486, #502));
#5319 = FACE_OUTER_BOUND('', #5318, .T.);
#5320 = FACETED_BREP_SHAPE_REPRESENTATION('', (#5319), #8);
#5321 = POLY_LOOP('', (#485, #502, #501));
#5322 = FACE_OUTER_BOUND('', #5321, .T.);
#5323 = FACETED_BREP_SHAPE_REPRESENTATION('', (#5322), #8);
#5324 = POLY_LOOP('', (#486, #487, #503));
#5325 = FACE_OUTER_BOUND('', #5324, .T.);
#5326 = FACETED_BREP_SHAPE_REPRESENTATION('', (#5325), #8);
#5327 = POLY_LOOP('', (#486, #503, #502));
#5328 = FACE_OUTER_BOUND('', #5327, .T.);
#5329 = FACETED_BREP_SHAPE_REPRESENTATION('', (#5328), #8);
#5330 = POLY_LOOP('', (#487, #472, #488));
#5331 = FACE_OUTER_BOUND('', #5330, .T.);
#5332 = FACETED_BREP_SHAPE_REPRESENTATION('', (#5331), #8);
#5333 = POLY_LOOP('', (#487, #488, #503));
#5334 = FACE_OUTER_BOUND('', #5333, .T.);
#5335 = FACETED_BREP_SHAPE_REPRESENTATION('', (#5334), #8);
#5336 = POLY_LOOP('', (#504, #473, #472));
#5337 = FACE_OUTER_BOUND('', #5336, .T.);
#5338 = FACETED_BREP_SHAPE_REPRESENTATION('', (#5337), #8);
#5339 = POLY_LOOP('', (#505, #488, #489));
#5340 = FACE_OUTER_BOUND('', #5339, .T.);
#5341 = FACETED_BREP_SHAPE_REPRESENTATION('', (#5340), #8);
#5342 = POLY_LOOP('', (#504, #474, #473));
#5343 = FACE_OUTER_BOUND('', #5342, .T.);
#5344 = FACETED_BREP_SHAPE_REPRESENTATION('', (#5343), #8);
#5345 = POLY_LOOP('', (#505, #489, #490));
#5346 = FACE_OUTER_BOUND('', #5345, .T.);
#5347 = FACETED_BREP_SHAPE_REPRESENTATION('', (#5346), #8);
#5348 = POLY_LOOP('', (#504, #475, #474));
#5349 = FACE_OUTER_BOUND('', #5348, .T.);
#5350 = FACETED_BREP_SHAPE_REPRESENTATION('', (#5349), #8);
#5351 = POLY_LOOP('', (#505, #490, #491));
#5352 = FACE_OUTER_BOUND('', #5351, .T.);
#5353 = FACETED_BREP_SHAPE_REPRESENTATION('', (#5352), #8);
#5354 = POLY_LOOP('', (#504, #476, #475));
#5355 = FACE_OUTER_BOUND('', #5354, .T.);
#5356 = FACETED_BREP_SHAPE_REPRESENTATION('', (#5355), #8);
#5357 = POLY_LOOP('', (#505, #491, #492));
#5358 = FACE_OUTER_BOUND('', #5357, .T.);
#5359 = FACETED_BREP_SHAPE_REPRESENTATION('', (#5358), #8);
#5360 = POLY_LOOP('', (#504, #477, #476));
#5361 = FACE_OUTER_BOUND('', #5360, .T.);
#5362 = FACETED_BREP_SHAPE_REPRESENTATION('', (#5361), #8);
#5363 = POLY_LOOP('', (#505, #492, #493));
#5364 = FACE_OUTER_BOUND('', #5363, .T.);
#5365 = FACETED_BREP_SHAPE_REPRESENTATION('', (#5364), #8);
#5366 = POLY_LOOP('', (#504, #478, #477));
#5367 = FACE_OUTER_BOUND('', #5366, .T.);
#5368 = FACETED_BREP_SHAPE_REPRESENTATION('', (#5367), #8);
#5369 = POLY_LOOP('', (#505, #493, #494));
#5370 = FACE_OUTER_BOUND('', #5369, .T.);
#5371 = FACETED_BREP_SHAPE_REPRESENTATION('', (#5370), #8);
#5372 = POLY_LOOP('', (#504, #479, #478));
#5373 = FACE_OUTER_BOUND('', #5372, .T.);
#5374 = FACETED_BREP_SHAPE_REPRESENTATION('', (#5373), #8);
#5375 = POLY_LOOP('', (#505, #494, #495));
#5376 = FACE_OUTER_BOUND('', #5375, .T.);
#5377 = FACETED_BREP_SHAPE_REPRESENTATION('', (#5376), #8);
#5378 = POLY_LOOP('', (#504, #480, #479));
#5379 = FACE_OUTER_BOUND('', #5378, .T.);
#5380 = FACETED_BREP_SHAPE_REPRESENTATION('', (#5379), #8);
#5381 = POLY_LOOP('', (#505, #495, #496));
#5382 = FACE_OUTER_BOUND('', #5381, .T.);
#5383 = FACETED_BREP_SHAPE_REPRESENTATION('', (#5382), #8);
#5384 = POLY_LOOP('', (#504, #481, #480));
#5385 = FACE_OUTER_BOUND('', #5384, .T.);
#5386 = FACETED_BREP_SHAPE_REPRESENTATION('', (#5385), #8);
#5387 = POLY_LOOP('', (#505, #496, #497));
#5388 = FACE_OUTER_BOUND('', #5387, .T.);
#5389 = FACETED_BREP_SHAPE_REPRESENTATION('', (#5388), #8);
#5390 = POLY_LOOP('', (#504, #482, #481));
#5391 = FACE_OUTER_BOUND('', #5390, .T.);
#5392 = FACETED_BREP_SHAPE_REPRESENTATION('', (#5391), #8);
#5393 = POLY_LOOP('', (#505, #497, #498));
#5394 = FACE_OUTER_BOUND('', #5393, .T.);
#5395 = FACETED_BREP_SHAPE_REPRESENTATION('', (#5394), #8);
#5396 = POLY_LOOP('', (#504, #483, #482));
#5397 = FACE_OUTER_BOUND('', #5396, .T.);
#5398 = FACETED_BREP_SHAPE_REPRESENTATION('', (#5397), #8);
#5399 = POLY_LOOP('', (#505, #498, #499));
#5400 = FACE_OUTER_BOUND('', #5399, .T.);
#5401 = FACETED_BREP_SHAPE_REPRESENTATION('', (#5400), #8);
#5402 = POLY_LOOP('', (#504, #484, #483));
#5403 = FACE_OUTER_BOUND('', #5402, .T.);
#5404 = FACETED_BREP_SHAPE_REPRESENTATION('', (#5403), #8);
#5405 = POLY_LOOP('', (#505, #499, #500));
#5406 = FACE_OUTER_BOUND('', #5405, .T.);
#5407 = FACETED_BREP_SHAPE_REPRESENTATION('', (#5406), #8);
#5408 = POLY_LOOP('', (#504, #485, #484));
#5409 = FACE_OUTER_BOUND('', #5408, .T.);
#5410 = FACETED_BREP_SHAPE_REPRESENTATION('', (#5409), #8);
#5411 = POLY_LOOP('', (#505, #500, #501));
#5412 = FACE_OUTER_BOUND('', #5411, .T.);
#5413 = FACETED_BREP_SHAPE_REPRESENTATION('', (#5412), #8);
#5414 = POLY_LOOP('', (#504, #486, #485));
#5415 = FACE_OUTER_BOUND('', #5414, .T.);
#5416 = FACETED_BREP_SHAPE_REPRESENTATION('', (#5415), #8);
#5417 = POLY_LOOP('', (#505, #501, #502));
#5418 = FACE_OUTER_BOUND('', #5417, .T.);
#5419 = FACETED_BREP_SHAPE_REPRESENTATION('', (#5418), #8);
#5420 = POLY_LOOP('', (#504, #487, #486));
#5421 = FACE_OUTER_BOUND('', #5420, .T.);
#5422 = FACETED_BREP_SHAPE_REPRESENTATION('', (#5421), #8);
#5423 = POLY_LOOP('', (#505, #502, #503));
#5424 = FACE_OUTER_BOUND('', #5423, .T.);
#5425 = FACETED_BREP_SHAPE_REPRESENTATION('', (#5424), #8);
#5426 = POLY_LOOP('', (#504, #472, #487));
#5427 = FACE_OUTER_BOUND('', #5426, .T.);
#5428 = FACETED_BREP_SHAPE_REPRESENTATION('', (#5427), #8);
#5429 = POLY_LOOP('', (#505, #503, #488));
#5430 = FACE_OUTER_BOUND('', #5429, .T.);
#5431 = FACETED_BREP_SHAPE_REPRESENTATION('', (#5430), #8);
#5432 = POLY_LOOP('', (#506, #507, #519));
#5433 = FACE_OUTER_BOUND('', #5432, .T.);
#5434 = FACETED_BREP_SHAPE_REPRESENTATION('', (#5433), #8);
#5435 = POLY_LOOP('', (#506, #519, #518));
#5436 = FACE_OUTER_BOUND('', #5435, .T.);
#5437 = FACETED_BREP_SHAPE_REPRESENTATION('', (#5436), #8);
#5438 = POLY_LOOP('', (#507, #508, #520));
#5439 = FACE_OUTER_BOUND('', #5438, .T.);
#5440 = FACETED_BREP_SHAPE_REPRESENTATION('', (#5439), #8);
#5441 = POLY_LOOP('', (#507, #520, #519));
#5442 = FACE_OUTER_BOUND('', #5441, .T.);
#5443 = FACETED_BREP_SHAPE_REPRESENTATION('', (#5442), #8);
#5444 = POLY_LOOP('', (#508, #509, #521));
#5445 = FACE_OUTER_BOUND('', #5444, .T.);
#5446 = FACETED_BREP_SHAPE_REPRESENTATION('', (#5445), #8);
#5447 = POLY_LOOP('', (#508, #521, #520));
#5448 = FACE_OUTER_BOUND('', #5447, .T.);
#5449 = FACETED_BREP_SHAPE_REPRESENTATION('', (#5448), #8);
#5450 = POLY_LOOP('', (#509, #510, #522));
#5451 = FACE_OUTER_BOUND('', #5450, .T.);
#5452 = FACETED_BREP_SHAPE_REPRESENTATION('', (#5451), #8);
#5453 = POLY_LOOP('', (#509, #522, #521));
#5454 = FACE_OUTER_BOUND('', #5453, .T.);
#5455 = FACETED_BREP_SHAPE_REPRESENTATION('', (#5454), #8);
#5456 = POLY_LOOP('', (#510, #511, #523));
#5457 = FACE_OUTER_BOUND('', #5456, .T.);
#5458 = FACETED_BREP_SHAPE_REPRESENTATION('', (#5457), #8);
#5459 = POLY_LOOP('', (#510, #523, #522));
#5460 = FACE_OUTER_BOUND('', #5459, .T.);
#5461 = FACETED_BREP_SHAPE_REPRESENTATION('', (#5460), #8);
#5462 = POLY_LOOP('', (#511, #512, #524));
#5463 = FACE_OUTER_BOUND('', #5462, .T.);
#5464 = FACETED_BREP_SHAPE_REPRESENTATION('', (#5463), #8);
#5465 = POLY_LOOP('', (#511, #524, #523));
#5466 = FACE_OUTER_BOUND('', #5465, .T.);
#5467 = FACETED_BREP_SHAPE_REPRESENTATION('', (#5466), #8);
#5468 = POLY_LOOP('', (#512, #513, #525));
#5469 = FACE_OUTER_BOUND('', #5468, .T.);
#5470 = FACETED_BREP_SHAPE_REPRESENTATION('', (#5469), #8);
#5471 = POLY_LOOP('', (#512, #525, #524));
#5472 = FACE_OUTER_BOUND('', #5471, .T.);
#5473 = FACETED_BREP_SHAPE_REPRESENTATION('', (#5472), #8);
#5474 = POLY_LOOP('', (#513, #514, #526));
#5475 = FACE_OUTER_BOUND('', #5474, .T.);
#5476 = FACETED_BREP_SHAPE_REPRESENTATION('', (#5475), #8);
#5477 = POLY_LOOP('', (#513, #526, #525));
#5478 = FACE_OUTER_BOUND('', #5477, .T.);
#5479 = FACETED_BREP_SHAPE_REPRESENTATION('', (#5478), #8);
#5480 = POLY_LOOP('', (#514, #515, #527));
#5481 = FACE_OUTER_BOUND('', #5480, .T.);
#5482 = FACETED_BREP_SHAPE_REPRESENTATION('', (#5481), #8);
#5483 = POLY_LOOP('', (#514, #527, #526));
#5484 = FACE_OUTER_BOUND('', #5483, .T.);
#5485 = FACETED_BREP_SHAPE_REPRESENTATION('', (#5484), #8);
#5486 = POLY_LOOP('', (#515, #516, #528));
#5487 = FACE_OUTER_BOUND('', #5486, .T.);
#5488 = FACETED_BREP_SHAPE_REPRESENTATION('', (#5487), #8);
#5489 = POLY_LOOP('', (#515, #528, #527));
#5490 = FACE_OUTER_BOUND('', #5489, .T.);
#5491 = FACETED_BREP_SHAPE_REPRESENTATION('', (#5490), #8);
#5492 = POLY_LOOP('', (#516, #517, #529));
#5493 = FACE_OUTER_BOUND('', #5492, .T.);
#5494 = FACETED_BREP_SHAPE_REPRESENTATION('', (#5493), #8);
#5495 = POLY_LOOP('', (#516, #529, #528));
#5496 = FACE_OUTER_BOUND('', #5495, .T.);
#5497 = FACETED_BREP_SHAPE_REPRESENTATION('', (#5496), #8);
#5498 = POLY_LOOP('', (#517, #506, #518));
#5499 = FACE_OUTER_BOUND('', #5498, .T.);
#5500 = FACETED_BREP_SHAPE_REPRESENTATION('', (#5499), #8);
#5501 = POLY_LOOP('', (#517, #518, #529));
#5502 = FACE_OUTER_BOUND('', #5501, .T.);
#5503 = FACETED_BREP_SHAPE_REPRESENTATION('', (#5502), #8);
#5504 = POLY_LOOP('', (#530, #507, #506));
#5505 = FACE_OUTER_BOUND('', #5504, .T.);
#5506 = FACETED_BREP_SHAPE_REPRESENTATION('', (#5505), #8);
#5507 = POLY_LOOP('', (#531, #518, #519));
#5508 = FACE_OUTER_BOUND('', #5507, .T.);
#5509 = FACETED_BREP_SHAPE_REPRESENTATION('', (#5508), #8);
#5510 = POLY_LOOP('', (#530, #508, #507));
#5511 = FACE_OUTER_BOUND('', #5510, .T.);
#5512 = FACETED_BREP_SHAPE_REPRESENTATION('', (#5511), #8);
#5513 = POLY_LOOP('', (#531, #519, #520));
#5514 = FACE_OUTER_BOUND('', #5513, .T.);
#5515 = FACETED_BREP_SHAPE_REPRESENTATION('', (#5514), #8);
#5516 = POLY_LOOP('', (#530, #509, #508));
#5517 = FACE_OUTER_BOUND('', #5516, .T.);
#5518 = FACETED_BREP_SHAPE_REPRESENTATION('', (#5517), #8);
#5519 = POLY_LOOP('', (#531, #520, #521));
#5520 = FACE_OUTER_BOUND('', #5519, .T.);
#5521 = FACETED_BREP_SHAPE_REPRESENTATION('', (#5520), #8);
#5522 = POLY_LOOP('', (#530, #510, #509));
#5523 = FACE_OUTER_BOUND('', #5522, .T.);
#5524 = FACETED_BREP_SHAPE_REPRESENTATION('', (#5523), #8);
#5525 = POLY_LOOP('', (#531, #521, #522));
#5526 = FACE_OUTER_BOUND('', #5525, .T.);
#5527 = FACETED_BREP_SHAPE_REPRESENTATION('', (#5526), #8);
#5528 = POLY_LOOP('', (#530, #511, #510));
#5529 = FACE_OUTER_BOUND('', #5528, .T.);
#5530 = FACETED_BREP_SHAPE_REPRESENTATION('', (#5529), #8);
#5531 = POLY_LOOP('', (#531, #522, #523));
#5532 = FACE_OUTER_BOUND('', #5531, .T.);
#5533 = FACETED_BREP_SHAPE_REPRESENTATION('', (#5532), #8);
#5534 = POLY_LOOP('', (#530, #512, #511));
#5535 = FACE_OUTER_BOUND('', #5534, .T.);
#5536 = FACETED_BREP_SHAPE_REPRESENTATION('', (#5535), #8);
#5537 = POLY_LOOP('', (#531, #523, #524));
#5538 = FACE_OUTER_BOUND('', #5537, .T.);
#5539 = FACETED_BREP_SHAPE_REPRESENTATION('', (#5538), #8);
#5540 = POLY_LOOP('', (#530, #513, #512));
#5541 = FACE_OUTER_BOUND('', #5540, .T.);
#5542 = FACETED_BREP_SHAPE_REPRESENTATION('', (#5541), #8);
#5543 = POLY_LOOP('', (#531, #524, #525));
#5544 = FACE_OUTER_BOUND('', #5543, .T.);
#5545 = FACETED_BREP_SHAPE_REPRESENTATION('', (#5544), #8);
#5546 = POLY_LOOP('', (#530, #514, #513));
#5547 = FACE_OUTER_BOUND('', #5546, .T.);
#5548 = FACETED_BREP_SHAPE_REPRESENTATION('', (#5547), #8);
#5549 = POLY_LOOP('', (#531, #525, #526));
#5550 = FACE_OUTER_BOUND('', #5549, .T.);
#5551 = FACETED_BREP_SHAPE_REPRESENTATION('', (#5550), #8);
#5552 = POLY_LOOP('', (#530, #515, #514));
#5553 = FACE_OUTER_BOUND('', #5552, .T.);
#5554 = FACETED_BREP_SHAPE_REPRESENTATION('', (#5553), #8);
#5555 = POLY_LOOP('', (#531, #526, #527));
#5556 = FACE_OUTER_BOUND('', #5555, .T.);
#5557 = FACETED_BREP_SHAPE_REPRESENTATION('', (#5556), #8);
#5558 = POLY_LOOP('', (#530, #516, #515));
#5559 = FACE_OUTER_BOUND('', #5558, .T.);
#5560 = FACETED_BREP_SHAPE_REPRESENTATION('', (#5559), #8);
#5561 = POLY_LOOP('', (#531, #527, #528));
#5562 = FACE_OUTER_BOUND('', #5561, .T.);
#5563 = FACETED_BREP_SHAPE_REPRESENTATION('', (#5562), #8);
#5564 = POLY_LOOP('', (#530, #517, #516));
#5565 = FACE_OUTER_BOUND('', #5564, .T.);
#5566 = FACETED_BREP_SHAPE_REPRESENTATION('', (#5565), #8);
#5567 = POLY_LOOP('', (#531, #528, #529));
#5568 = FACE_OUTER_BOUND('', #5567, .T.);
#5569 = FACETED_BREP_SHAPE_REPRESENTATION('', (#5568), #8);
#5570 = POLY_LOOP('', (#530, #506, #517));
#5571 = FACE_OUTER_BOUND('', #5570, .T.);
#5572 = FACETED_BREP_SHAPE_REPRESENTATION('', (#5571), #8);
#5573 = POLY_LOOP('', (#531, #529, #518));
#5574 = FACE_OUTER_BOUND('', #5573, .T.);
#5575 = FACETED_BREP_SHAPE_REPRESENTATION('', (#5574), #8);
#5576 = POLY_LOOP('', (#532, #533, #549));
#5577 = FACE_OUTER_BOUND('', #5576, .T.);
#5578 = FACETED_BREP_SHAPE_REPRESENTATION('', (#5577), #8);
#5579 = POLY_LOOP('', (#532, #549, #548));
#5580 = FACE_OUTER_BOUND('', #5579, .T.);
#5581 = FACETED_BREP_SHAPE_REPRESENTATION('', (#5580), #8);
#5582 = POLY_LOOP('', (#533, #534, #550));
#5583 = FACE_OUTER_BOUND('', #5582, .T.);
#5584 = FACETED_BREP_SHAPE_REPRESENTATION('', (#5583), #8);
#5585 = POLY_LOOP('', (#533, #550, #549));
#5586 = FACE_OUTER_BOUND('', #5585, .T.);
#5587 = FACETED_BREP_SHAPE_REPRESENTATION('', (#5586), #8);
#5588 = POLY_LOOP('', (#534, #535, #551));
#5589 = FACE_OUTER_BOUND('', #5588, .T.);
#5590 = FACETED_BREP_SHAPE_REPRESENTATION('', (#5589), #8);
#5591 = POLY_LOOP('', (#534, #551, #550));
#5592 = FACE_OUTER_BOUND('', #5591, .T.);
#5593 = FACETED_BREP_SHAPE_REPRESENTATION('', (#5592), #8);
#5594 = POLY_LOOP('', (#535, #536, #552));
#5595 = FACE_OUTER_BOUND('', #5594, .T.);
#5596 = FACETED_BREP_SHAPE_REPRESENTATION('', (#5595), #8);
#5597 = POLY_LOOP('', (#535, #552, #551));
#5598 = FACE_OUTER_BOUND('', #5597, .T.);
#5599 = FACETED_BREP_SHAPE_REPRESENTATION('', (#5598), #8);
#5600 = POLY_LOOP('', (#536, #537, #553));
#5601 = FACE_OUTER_BOUND('', #5600, .T.);
#5602 = FACETED_BREP_SHAPE_REPRESENTATION('', (#5601), #8);
#5603 = POLY_LOOP('', (#536, #553, #552));
#5604 = FACE_OUTER_BOUND('', #5603, .T.);
#5605 = FACETED_BREP_SHAPE_REPRESENTATION('', (#5604), #8);
#5606 = POLY_LOOP('', (#537, #538, #554));
#5607 = FACE_OUTER_BOUND('', #5606, .T.);
#5608 = FACETED_BREP_SHAPE_REPRESENTATION('', (#5607), #8);
#5609 = POLY_LOOP('', (#537, #554, #553));
#5610 = FACE_OUTER_BOUND('', #5609, .T.);
#5611 = FACETED_BREP_SHAPE_REPRESENTATION('', (#5610), #8);
#5612 = POLY_LOOP('', (#538, #539, #555));
#5613 = FACE_OUTER_BOUND('', #5612, .T.);
#5614 = FACETED_BREP_SHAPE_REPRESENTATION('', (#5613), #8);
#5615 = POLY_LOOP('', (#538, #555, #554));
#5616 = FACE_OUTER_BOUND('', #5615, .T.);
#5617 = FACETED_BREP_SHAPE_REPRESENTATION('', (#5616), #8);
#5618 = POLY_LOOP('', (#539, #540, #556));
#5619 = FACE_OUTER_BOUND('', #5618, .T.);
#5620 = FACETED_BREP_SHAPE_REPRESENTATION('', (#5619), #8);
#5621 = POLY_LOOP('', (#539, #556, #555));
#5622 = FACE_OUTER_BOUND('', #5621, .T.);
#5623 = FACETED_BREP_SHAPE_REPRESENTATION('', (#5622), #8);
#5624 = POLY_LOOP('', (#540, #541, #557));
#5625 = FACE_OUTER_BOUND('', #5624, .T.);
#5626 = FACETED_BREP_SHAPE_REPRESENTATION('', (#5625), #8);
#5627 = POLY_LOOP('', (#540, #557, #556));
#5628 = FACE_OUTER_BOUND('', #5627, .T.);
#5629 = FACETED_BREP_SHAPE_REPRESENTATION('', (#5628), #8);
#5630 = POLY_LOOP('', (#541, #542, #558));
#5631 = FACE_OUTER_BOUND('', #5630, .T.);
#5632 = FACETED_BREP_SHAPE_REPRESENTATION('', (#5631), #8);
#5633 = POLY_LOOP('', (#541, #558, #557));
#5634 = FACE_OUTER_BOUND('', #5633, .T.);
#5635 = FACETED_BREP_SHAPE_REPRESENTATION('', (#5634), #8);
#5636 = POLY_LOOP('', (#542, #543, #559));
#5637 = FACE_OUTER_BOUND('', #5636, .T.);
#5638 = FACETED_BREP_SHAPE_REPRESENTATION('', (#5637), #8);
#5639 = POLY_LOOP('', (#542, #559, #558));
#5640 = FACE_OUTER_BOUND('', #5639, .T.);
#5641 = FACETED_BREP_SHAPE_REPRESENTATION('', (#5640), #8);
#5642 = POLY_LOOP('', (#543, #544, #560));
#5643 = FACE_OUTER_BOUND('', #5642, .T.);
#5644 = FACETED_BREP_SHAPE_REPRESENTATION('', (#5643), #8);
#5645 = POLY_LOOP('', (#543, #560, #559));
#5646 = FACE_OUTER_BOUND('', #5645, .T.);
#5647 = FACETED_BREP_SHAPE_REPRESENTATION('', (#5646), #8);
#5648 = POLY_LOOP('', (#544, #545, #561));
#5649 = FACE_OUTER_BOUND('', #5648, .T.);
#5650 = FACETED_BREP_SHAPE_REPRESENTATION('', (#5649), #8);
#5651 = POLY_LOOP('', (#544, #561, #560));
#5652 = FACE_OUTER_BOUND('', #5651, .T.);
#5653 = FACETED_BREP_SHAPE_REPRESENTATION('', (#5652), #8);
#5654 = POLY_LOOP('', (#545, #546, #562));
#5655 = FACE_OUTER_BOUND('', #5654, .T.);
#5656 = FACETED_BREP_SHAPE_REPRESENTATION('', (#5655), #8);
#5657 = POLY_LOOP('', (#545, #562, #561));
#5658 = FACE_OUTER_BOUND('', #5657, .T.);
#5659 = FACETED_BREP_SHAPE_REPRESENTATION('', (#5658), #8);
#5660 = POLY_LOOP('', (#546, #547, #563));
#5661 = FACE_OUTER_BOUND('', #5660, .T.);
#5662 = FACETED_BREP_SHAPE_REPRESENTATION('', (#5661), #8);
#5663 = POLY_LOOP('', (#546, #563, #562));
#5664 = FACE_OUTER_BOUND('', #5663, .T.);
#5665 = FACETED_BREP_SHAPE_REPRESENTATION('', (#5664), #8);
#5666 = POLY_LOOP('', (#547, #532, #548));
#5667 = FACE_OUTER_BOUND('', #5666, .T.);
#5668 = FACETED_BREP_SHAPE_REPRESENTATION('', (#5667), #8);
#5669 = POLY_LOOP('', (#547, #548, #563));
#5670 = FACE_OUTER_BOUND('', #5669, .T.);
#5671 = FACETED_BREP_SHAPE_REPRESENTATION('', (#5670), #8);
#5672 = POLY_LOOP('', (#564, #533, #532));
#5673 = FACE_OUTER_BOUND('', #5672, .T.);
#5674 = FACETED_BREP_SHAPE_REPRESENTATION('', (#5673), #8);
#5675 = POLY_LOOP('', (#565, #548, #549));
#5676 = FACE_OUTER_BOUND('', #5675, .T.);
#5677 = FACETED_BREP_SHAPE_REPRESENTATION('', (#5676), #8);
#5678 = POLY_LOOP('', (#564, #534, #533));
#5679 = FACE_OUTER_BOUND('', #5678, .T.);
#5680 = FACETED_BREP_SHAPE_REPRESENTATION('', (#5679), #8);
#5681 = POLY_LOOP('', (#565, #549, #550));
#5682 = FACE_OUTER_BOUND('', #5681, .T.);
#5683 = FACETED_BREP_SHAPE_REPRESENTATION('', (#5682), #8);
#5684 = POLY_LOOP('', (#564, #535, #534));
#5685 = FACE_OUTER_BOUND('', #5684, .T.);
#5686 = FACETED_BREP_SHAPE_REPRESENTATION('', (#5685), #8);
#5687 = POLY_LOOP('', (#565, #550, #551));
#5688 = FACE_OUTER_BOUND('', #5687, .T.);
#5689 = FACETED_BREP_SHAPE_REPRESENTATION('', (#5688), #8);
#5690 = POLY_LOOP('', (#564, #536, #535));
#5691 = FACE_OUTER_BOUND('', #5690, .T.);
#5692 = FACETED_BREP_SHAPE_REPRESENTATION('', (#5691), #8);
#5693 = POLY_LOOP('', (#565, #551, #552));
#5694 = FACE_OUTER_BOUND('', #5693, .T.);
#5695 = FACETED_BREP_SHAPE_REPRESENTATION('', (#5694), #8);
#5696 = POLY_LOOP('', (#564, #537, #536));
#5697 = FACE_OUTER_BOUND('', #5696, .T.);
#5698 = FACETED_BREP_SHAPE_REPRESENTATION('', (#5697), #8);
#5699 = POLY_LOOP('', (#565, #552, #553));
#5700 = FACE_OUTER_BOUND('', #5699, .T.);
#5701 = FACETED_BREP_SHAPE_REPRESENTATION('', (#5700), #8);
#5702 = POLY_LOOP('', (#564, #538, #537));
#5703 = FACE_OUTER_BOUND('', #5702, .T.);
#5704 = FACETED_BREP_SHAPE_REPRESENTATION('', (#5703), #8);
#5705 = POLY_LOOP('', (#565, #553, #554));
#5706 = FACE_OUTER_BOUND('', #5705, .T.);
#5707 = FACETED_BREP_SHAPE_REPRESENTATION('', (#5706), #8);
#5708 = POLY_LOOP('', (#564, #539, #538));
#5709 = FACE_OUTER_BOUND('', #5708, .T.);
#5710 = FACETED_BREP_SHAPE_REPRESENTATION('', (#5709), #8);
#5711 = POLY_LOOP('', (#565, #554, #555));
#5712 = FACE_OUTER_BOUND('', #5711, .T.);
#5713 = FACETED_BREP_SHAPE_REPRESENTATION('', (#5712), #8);
#5714 = POLY_LOOP('', (#564, #540, #539));
#5715 = FACE_OUTER_BOUND('', #5714, .T.);
#5716 = FACETED_BREP_SHAPE_REPRESENTATION('', (#5715), #8);
#5717 = POLY_LOOP('', (#565, #555, #556));
#5718 = FACE_OUTER_BOUND('', #5717, .T.);
#5719 = FACETED_BREP_SHAPE_REPRESENTATION('', (#5718), #8);
#5720 = POLY_LOOP('', (#564, #541, #540));
#5721 = FACE_OUTER_BOUND('', #5720, .T.);
#5722 = FACETED_BREP_SHAPE_REPRESENTATION('', (#5721), #8);
#5723 = POLY_LOOP('', (#565, #556, #557));
#5724 = FACE_OUTER_BOUND('', #5723, .T.);
#5725 = FACETED_BREP_SHAPE_REPRESENTATION('', (#5724), #8);
#5726 = POLY_LOOP('', (#564, #542, #541));
#5727 = FACE_OUTER_BOUND('', #5726, .T.);
#5728 = FACETED_BREP_SHAPE_REPRESENTATION('', (#5727), #8);
#5729 = POLY_LOOP('', (#565, #557, #558));
#5730 = FACE_OUTER_BOUND('', #5729, .T.);
#5731 = FACETED_BREP_SHAPE_REPRESENTATION('', (#5730), #8);
#5732 = POLY_LOOP('', (#564, #543, #542));
#5733 = FACE_OUTER_BOUND('', #5732, .T.);
#5734 = FACETED_BREP_SHAPE_REPRESENTATION('', (#5733), #8);
#5735 = POLY_LOOP('', (#565, #558, #559));
#5736 = FACE_OUTER_BOUND('', #5735, .T.);
#5737 = FACETED_BREP_SHAPE_REPRESENTATION('', (#5736), #8);
#5738 = POLY_LOOP('', (#564, #544, #543));
#5739 = FACE_OUTER_BOUND('', #5738, .T.);
#5740 = FACETED_BREP_SHAPE_REPRESENTATION('', (#5739), #8);
#5741 = POLY_LOOP('', (#565, #559, #560));
#5742 = FACE_OUTER_BOUND('', #5741, .T.);
#5743 = FACETED_BREP_SHAPE_REPRESENTATION('', (#5742), #8);
#5744 = POLY_LOOP('', (#564, #545, #544));
#5745 = FACE_OUTER_BOUND('', #5744, .T.);
#5746 = FACETED_BREP_SHAPE_REPRESENTATION('', (#5745), #8);
#5747 = POLY_LOOP('', (#565, #560, #561));
#5748 = FACE_OUTER_BOUND('', #5747, .T.);
#5749 = FACETED_BREP_SHAPE_REPRESENTATION('', (#5748), #8);
#5750 = POLY_LOOP('', (#564, #546, #545));
#5751 = FACE_OUTER_BOUND('', #5750, .T.);
#5752 = FACETED_BREP_SHAPE_REPRESENTATION('', (#5751), #8);
#5753 = POLY_LOOP('', (#565, #561, #562));
#5754 = FACE_OUTER_BOUND('', #5753, .T.);
#5755 = FACETED_BREP_SHAPE_REPRESENTATION('', (#5754), #8);
#5756 = POLY_LOOP('', (#564, #547, #546));
#5757 = FACE_OUTER_BOUND('', #5756, .T.);
#5758 = FACETED_BREP_SHAPE_REPRESENTATION('', (#5757), #8);
#5759 = POLY_LOOP('', (#565, #562, #563));
#5760 = FACE_OUTER_BOUND('', #5759, .T.);
#5761 = FACETED_BREP_SHAPE_REPRESENTATION('', (#5760), #8);
#5762 = POLY_LOOP('', (#564, #532, #547));
#5763 = FACE_OUTER_BOUND('', #5762, .T.);
#5764 = FACETED_BREP_SHAPE_REPRESENTATION('', (#5763), #8);
#5765 = POLY_LOOP('', (#565, #563, #548));
#5766 = FACE_OUTER_BOUND('', #5765, .T.);
#5767 = FACETED_BREP_SHAPE_REPRESENTATION('', (#5766), #8);
#5768 = POLY_LOOP('', (#566, #567, #579));
#5769 = FACE_OUTER_BOUND('', #5768, .T.);
#5770 = FACETED_BREP_SHAPE_REPRESENTATION('', (#5769), #8);
#5771 = POLY_LOOP('', (#566, #579, #578));
#5772 = FACE_OUTER_BOUND('', #5771, .T.);
#5773 = FACETED_BREP_SHAPE_REPRESENTATION('', (#5772), #8);
#5774 = POLY_LOOP('', (#567, #568, #580));
#5775 = FACE_OUTER_BOUND('', #5774, .T.);
#5776 = FACETED_BREP_SHAPE_REPRESENTATION('', (#5775), #8);
#5777 = POLY_LOOP('', (#567, #580, #579));
#5778 = FACE_OUTER_BOUND('', #5777, .T.);
#5779 = FACETED_BREP_SHAPE_REPRESENTATION('', (#5778), #8);
#5780 = POLY_LOOP('', (#568, #569, #581));
#5781 = FACE_OUTER_BOUND('', #5780, .T.);
#5782 = FACETED_BREP_SHAPE_REPRESENTATION('', (#5781), #8);
#5783 = POLY_LOOP('', (#568, #581, #580));
#5784 = FACE_OUTER_BOUND('', #5783, .T.);
#5785 = FACETED_BREP_SHAPE_REPRESENTATION('', (#5784), #8);
#5786 = POLY_LOOP('', (#569, #570, #582));
#5787 = FACE_OUTER_BOUND('', #5786, .T.);
#5788 = FACETED_BREP_SHAPE_REPRESENTATION('', (#5787), #8);
#5789 = POLY_LOOP('', (#569, #582, #581));
#5790 = FACE_OUTER_BOUND('', #5789, .T.);
#5791 = FACETED_BREP_SHAPE_REPRESENTATION('', (#5790), #8);
#5792 = POLY_LOOP('', (#570, #571, #583));
#5793 = FACE_OUTER_BOUND('', #5792, .T.);
#5794 = FACETED_BREP_SHAPE_REPRESENTATION('', (#5793), #8);
#5795 = POLY_LOOP('', (#570, #583, #582));
#5796 = FACE_OUTER_BOUND('', #5795, .T.);
#5797 = FACETED_BREP_SHAPE_REPRESENTATION('', (#5796), #8);
#5798 = POLY_LOOP('', (#571, #572, #584));
#5799 = FACE_OUTER_BOUND('', #5798, .T.);
#5800 = FACETED_BREP_SHAPE_REPRESENTATION('', (#5799), #8);
#5801 = POLY_LOOP('', (#571, #584, #583));
#5802 = FACE_OUTER_BOUND('', #5801, .T.);
#5803 = FACETED_BREP_SHAPE_REPRESENTATION('', (#5802), #8);
#5804 = POLY_LOOP('', (#572, #573, #585));
#5805 = FACE_OUTER_BOUND('', #5804, .T.);
#5806 = FACETED_BREP_SHAPE_REPRESENTATION('', (#5805), #8);
#5807 = POLY_LOOP('', (#572, #585, #584));
#5808 = FACE_OUTER_BOUND('', #5807, .T.);
#5809 = FACETED_BREP_SHAPE_REPRESENTATION('', (#5808), #8);
#5810 = POLY_LOOP('', (#573, #574, #586));
#5811 = FACE_OUTER_BOUND('', #5810, .T.);
#5812 = FACETED_BREP_SHAPE_REPRESENTATION('', (#5811), #8);
#5813 = POLY_LOOP('', (#573, #586, #585));
#5814 = FACE_OUTER_BOUND('', #5813, .T.);
#5815 = FACETED_BREP_SHAPE_REPRESENTATION('', (#5814), #8);
#5816 = POLY_LOOP('', (#574, #575, #587));
#5817 = FACE_OUTER_BOUND('', #5816, .T.);
#5818 = FACETED_BREP_SHAPE_REPRESENTATION('', (#5817), #8);
#5819 = POLY_LOOP('', (#574, #587, #586));
#5820 = FACE_OUTER_BOUND('', #5819, .T.);
#5821 = FACETED_BREP_SHAPE_REPRESENTATION('', (#5820), #8);
#5822 = POLY_LOOP('', (#575, #576, #588));
#5823 = FACE_OUTER_BOUND('', #5822, .T.);
#5824 = FACETED_BREP_SHAPE_REPRESENTATION('', (#5823), #8);
#5825 = POLY_LOOP('', (#575, #588, #587));
#5826 = FACE_OUTER_BOUND('', #5825, .T.);
#5827 = FACETED_BREP_SHAPE_REPRESENTATION('', (#5826), #8);
#5828 = POLY_LOOP('', (#576, #577, #589));
#5829 = FACE_OUTER_BOUND('', #5828, .T.);
#5830 = FACETED_BREP_SHAPE_REPRESENTATION('', (#5829), #8);
#5831 = POLY_LOOP('', (#576, #589, #588));
#5832 = FACE_OUTER_BOUND('', #5831, .T.);
#5833 = FACETED_BREP_SHAPE_REPRESENTATION('', (#5832), #8);
#5834 = POLY_LOOP('', (#577, #566, #578));
#5835 = FACE_OUTER_BOUND('', #5834, .T.);
#5836 = FACETED_BREP_SHAPE_REPRESENTATION('', (#5835), #8);
#5837 = POLY_LOOP('', (#577, #578, #589));
#5838 = FACE_OUTER_BOUND('', #5837, .T.);
#5839 = FACETED_BREP_SHAPE_REPRESENTATION('', (#5838), #8);
#5840 = POLY_LOOP('', (#590, #567, #566));
#5841 = FACE_OUTER_BOUND('', #5840, .T.);
#5842 = FACETED_BREP_SHAPE_REPRESENTATION('', (#5841), #8);
#5843 = POLY_LOOP('', (#591, #578, #579));
#5844 = FACE_OUTER_BOUND('', #5843, .T.);
#5845 = FACETED_BREP_SHAPE_REPRESENTATION('', (#5844), #8);
#5846 = POLY_LOOP('', (#590, #568, #567));
#5847 = FACE_OUTER_BOUND('', #5846, .T.);
#5848 = FACETED_BREP_SHAPE_REPRESENTATION('', (#5847), #8);
#5849 = POLY_LOOP('', (#591, #579, #580));
#5850 = FACE_OUTER_BOUND('', #5849, .T.);
#5851 = FACETED_BREP_SHAPE_REPRESENTATION('', (#5850), #8);
#5852 = POLY_LOOP('', (#590, #569, #568));
#5853 = FACE_OUTER_BOUND('', #5852, .T.);
#5854 = FACETED_BREP_SHAPE_REPRESENTATION('', (#5853), #8);
#5855 = POLY_LOOP('', (#591, #580, #581));
#5856 = FACE_OUTER_BOUND('', #5855, .T.);
#5857 = FACETED_BREP_SHAPE_REPRESENTATION('', (#5856), #8);
#5858 = POLY_LOOP('', (#590, #570, #569));
#5859 = FACE_OUTER_BOUND('', #5858, .T.);
#5860 = FACETED_BREP_SHAPE_REPRESENTATION('', (#5859), #8);
#5861 = POLY_LOOP('', (#591, #581, #582));
#5862 = FACE_OUTER_BOUND('', #5861, .T.);
#5863 = FACETED_BREP_SHAPE_REPRESENTATION('', (#5862), #8);
#5864 = POLY_LOOP('', (#590, #571, #570));
#5865 = FACE_OUTER_BOUND('', #5864, .T.);
#5866 = FACETED_BREP_SHAPE_REPRESENTATION('', (#5865), #8);
#5867 = POLY_LOOP('', (#591, #582, #583));
#5868 = FACE_OUTER_BOUND('', #5867, .T.);
#5869 = FACETED_BREP_SHAPE_REPRESENTATION('', (#5868), #8);
#5870 = POLY_LOOP('', (#590, #572, #571));
#5871 = FACE_OUTER_BOUND('', #5870, .T.);
#5872 = FACETED_BREP_SHAPE_REPRESENTATION('', (#5871), #8);
#5873 = POLY_LOOP('', (#591, #583, #584));
#5874 = FACE_OUTER_BOUND('', #5873, .T.);
#5875 = FACETED_BREP_SHAPE_REPRESENTATION('', (#5874), #8);
#5876 = POLY_LOOP('', (#590, #573, #572));
#5877 = FACE_OUTER_BOUND('', #5876, .T.);
#5878 = FACETED_BREP_SHAPE_REPRESENTATION('', (#5877), #8);
#5879 = POLY_LOOP('', (#591, #584, #585));
#5880 = FACE_OUTER_BOUND('', #5879, .T.);
#5881 = FACETED_BREP_SHAPE_REPRESENTATION('', (#5880), #8);
#5882 = POLY_LOOP('', (#590, #574, #573));
#5883 = FACE_OUTER_BOUND('', #5882, .T.);
#5884 = FACETED_BREP_SHAPE_REPRESENTATION('', (#5883), #8);
#5885 = POLY_LOOP('', (#591, #585, #586));
#5886 = FACE_OUTER_BOUND('', #5885, .T.);
#5887 = FACETED_BREP_SHAPE_REPRESENTATION('', (#5886), #8);
#5888 = POLY_LOOP('', (#590, #575, #574));
#5889 = FACE_OUTER_BOUND('', #5888, .T.);
#5890 = FACETED_BREP_SHAPE_REPRESENTATION('', (#5889), #8);
#5891 = POLY_LOOP('', (#591, #586, #587));
#5892 = FACE_OUTER_BOUND('', #5891, .T.);
#5893 = FACETED_BREP_SHAPE_REPRESENTATION('', (#5892), #8);
#5894 = POLY_LOOP('', (#590, #576, #575));
#5895 = FACE_OUTER_BOUND('', #5894, .T.);
#5896 = FACETED_BREP_SHAPE_REPRESENTATION('', (#5895), #8);
#5897 = POLY_LOOP('', (#591, #587, #588));
#5898 = FACE_OUTER_BOUND('', #5897, .T.);
#5899 = FACETED_BREP_SHAPE_REPRESENTATION('', (#5898), #8);
#5900 = POLY_LOOP('', (#590, #577, #576));
#5901 = FACE_OUTER_BOUND('', #5900, .T.);
#5902 = FACETED_BREP_SHAPE_REPRESENTATION('', (#5901), #8);
#5903 = POLY_LOOP('', (#591, #588, #589));
#5904 = FACE_OUTER_BOUND('', #5903, .T.);
#5905 = FACETED_BREP_SHAPE_REPRESENTATION('', (#5904), #8);
#5906 = POLY_LOOP('', (#590, #566, #577));
#5907 = FACE_OUTER_BOUND('', #5906, .T.);
#5908 = FACETED_BREP_SHAPE_REPRESENTATION('', (#5907), #8);
#5909 = POLY_LOOP('', (#591, #589, #578));
#5910 = FACE_OUTER_BOUND('', #5909, .T.);
#5911 = FACETED_BREP_SHAPE_REPRESENTATION('', (#5910), #8);
#5912 = POLY_LOOP('', (#592, #593, #609));
#5913 = FACE_OUTER_BOUND('', #5912, .T.);
#5914 = FACETED_BREP_SHAPE_REPRESENTATION('', (#5913), #8);
#5915 = POLY_LOOP('', (#592, #609, #608));
#5916 = FACE_OUTER_BOUND('', #5915, .T.);
#5917 = FACETED_BREP_SHAPE_REPRESENTATION('', (#5916), #8);
#5918 = POLY_LOOP('', (#593, #594, #610));
#5919 = FACE_OUTER_BOUND('', #5918, .T.);
#5920 = FACETED_BREP_SHAPE_REPRESENTATION('', (#5919), #8);
#5921 = POLY_LOOP('', (#593, #610, #609));
#5922 = FACE_OUTER_BOUND('', #5921, .T.);
#5923 = FACETED_BREP_SHAPE_REPRESENTATION('', (#5922), #8);
#5924 = POLY_LOOP('', (#594, #595, #611));
#5925 = FACE_OUTER_BOUND('', #5924, .T.);
#5926 = FACETED_BREP_SHAPE_REPRESENTATION('', (#5925), #8);
#5927 = POLY_LOOP('', (#594, #611, #610));
#5928 = FACE_OUTER_BOUND('', #5927, .T.);
#5929 = FACETED_BREP_SHAPE_REPRESENTATION('', (#5928), #8);
#5930 = POLY_LOOP('', (#595, #596, #612));
#5931 = FACE_OUTER_BOUND('', #5930, .T.);
#5932 = FACETED_BREP_SHAPE_REPRESENTATION('', (#5931), #8);
#5933 = POLY_LOOP('', (#595, #612, #611));
#5934 = FACE_OUTER_BOUND('', #5933, .T.);
#5935 = FACETED_BREP_SHAPE_REPRESENTATION('', (#5934), #8);
#5936 = POLY_LOOP('', (#596, #597, #613));
#5937 = FACE_OUTER_BOUND('', #5936, .T.);
#5938 = FACETED_BREP_SHAPE_REPRESENTATION('', (#5937), #8);
#5939 = POLY_LOOP('', (#596, #613, #612));
#5940 = FACE_OUTER_BOUND('', #5939, .T.);
#5941 = FACETED_BREP_SHAPE_REPRESENTATION('', (#5940), #8);
#5942 = POLY_LOOP('', (#597, #598, #614));
#5943 = FACE_OUTER_BOUND('', #5942, .T.);
#5944 = FACETED_BREP_SHAPE_REPRESENTATION('', (#5943), #8);
#5945 = POLY_LOOP('', (#597, #614, #613));
#5946 = FACE_OUTER_BOUND('', #5945, .T.);
#5947 = FACETED_BREP_SHAPE_REPRESENTATION('', (#5946), #8);
#5948 = POLY_LOOP('', (#598, #599, #615));
#5949 = FACE_OUTER_BOUND('', #5948, .T.);
#5950 = FACETED_BREP_SHAPE_REPRESENTATION('', (#5949), #8);
#5951 = POLY_LOOP('', (#598, #615, #614));
#5952 = FACE_OUTER_BOUND('', #5951, .T.);
#5953 = FACETED_BREP_SHAPE_REPRESENTATION('', (#5952), #8);
#5954 = POLY_LOOP('', (#599, #600, #616));
#5955 = FACE_OUTER_BOUND('', #5954, .T.);
#5956 = FACETED_BREP_SHAPE_REPRESENTATION('', (#5955), #8);
#5957 = POLY_LOOP('', (#599, #616, #615));
#5958 = FACE_OUTER_BOUND('', #5957, .T.);
#5959 = FACETED_BREP_SHAPE_REPRESENTATION('', (#5958), #8);
#5960 = POLY_LOOP('', (#600, #601, #617));
#5961 = FACE_OUTER_BOUND('', #5960, .T.);
#5962 = FACETED_BREP_SHAPE_REPRESENTATION('', (#5961), #8);
#5963 = POLY_LOOP('', (#600, #617, #616));
#5964 = FACE_OUTER_BOUND('', #5963, .T.);
#5965 = FACETED_BREP_SHAPE_REPRESENTATION('', (#5964), #8);
#5966 = POLY_LOOP('', (#601, #602, #618));
#5967 = FACE_OUTER_BOUND('', #5966, .T.);
#5968 = FACETED_BREP_SHAPE_REPRESENTATION('', (#5967), #8);
#5969 = POLY_LOOP('', (#601, #618, #617));
#5970 = FACE_OUTER_BOUND('', #5969, .T.);
#5971 = FACETED_BREP_SHAPE_REPRESENTATION('', (#5970), #8);
#5972 = POLY_LOOP('', (#602, #603, #619));
#5973 = FACE_OUTER_BOUND('', #5972, .T.);
#5974 = FACETED_BREP_SHAPE_REPRESENTATION('', (#5973), #8);
#5975 = POLY_LOOP('', (#602, #619, #618));
#5976 = FACE_OUTER_BOUND('', #5975, .T.);
#5977 = FACETED_BREP_SHAPE_REPRESENTATION('', (#5976), #8);
#5978 = POLY_LOOP('', (#603, #604, #620));
#5979 = FACE_OUTER_BOUND('', #5978, .T.);
#5980 = FACETED_BREP_SHAPE_REPRESENTATION('', (#5979), #8);
#5981 = POLY_LOOP('', (#603, #620, #619));
#5982 = FACE_OUTER_BOUND('', #5981, .T.);
#5983 = FACETED_BREP_SHAPE_REPRESENTATION('', (#5982), #8);
#5984 = POLY_LOOP('', (#604, #605, #621));
#5985 = FACE_OUTER_BOUND('', #5984, .T.);
#5986 = FACETED_BREP_SHAPE_REPRESENTATION('', (#5985), #8);
#5987 = POLY_LOOP('', (#604, #621, #620));
#5988 = FACE_OUTER_BOUND('', #5987, .T.);
#5989 = FACETED_BREP_SHAPE_REPRESENTATION('', (#5988), #8);
#5990 = POLY_LOOP('', (#605, #606, #622));
#5991 = FACE_OUTER_BOUND('', #5990, .T.);
#5992 = FACETED_BREP_SHAPE_REPRESENTATION('', (#5991), #8);
#5993 = POLY_LOOP('', (#605, #622, #621));
#5994 = FACE_OUTER_BOUND('', #5993, .T.);
#5995 = FACETED_BREP_SHAPE_REPRESENTATION('', (#5994), #8);
#5996 = POLY_LOOP('', (#606, #607, #623));
#5997 = FACE_OUTER_BOUND('', #5996, .T.);
#5998 = FACETED_BREP_SHAPE_REPRESENTATION('', (#5997), #8);
#5999 = POLY_LOOP('', (#606, #623, #622));
#6000 = FACE_OUTER_BOUND('', #5999, .T.);
#6001 = FACETED_BREP_SHAPE_REPRESENTATION('', (#6000), #8);
#6002 = POLY_LOOP('', (#607, #592, #608));
#6003 = FACE_OUTER_BOUND('', #6002, .T.);
#6004 = FACETED_BREP_SHAPE_REPRESENTATION('', (#6003), #8);
#6005 = POLY_LOOP('', (#607, #608, #623));
#6006 = FACE_OUTER_BOUND('', #6005, .T.);
#6007 = FACETED_BREP_SHAPE_REPRESENTATION('', (#6006), #8);
#6008 = POLY_LOOP('', (#624, #593, #592));
#6009 = FACE_OUTER_BOUND('', #6008, .T.);
#6010 = FACETED_BREP_SHAPE_REPRESENTATION('', (#6009), #8);
#6011 = POLY_LOOP('', (#625, #608, #609));
#6012 = FACE_OUTER_BOUND('', #6011, .T.);
#6013 = FACETED_BREP_SHAPE_REPRESENTATION('', (#6012), #8);
#6014 = POLY_LOOP('', (#624, #594, #593));
#6015 = FACE_OUTER_BOUND('', #6014, .T.);
#6016 = FACETED_BREP_SHAPE_REPRESENTATION('', (#6015), #8);
#6017 = POLY_LOOP('', (#625, #609, #610));
#6018 = FACE_OUTER_BOUND('', #6017, .T.);
#6019 = FACETED_BREP_SHAPE_REPRESENTATION('', (#6018), #8);
#6020 = POLY_LOOP('', (#624, #595, #594));
#6021 = FACE_OUTER_BOUND('', #6020, .T.);
#6022 = FACETED_BREP_SHAPE_REPRESENTATION('', (#6021), #8);
#6023 = POLY_LOOP('', (#625, #610, #611));
#6024 = FACE_OUTER_BOUND('', #6023, .T.);
#6025 = FACETED_BREP_SHAPE_REPRESENTATION('', (#6024), #8);
#6026 = POLY_LOOP('', (#624, #596, #595));
#6027 = FACE_OUTER_BOUND('', #6026, .T.);
#6028 = FACETED_BREP_SHAPE_REPRESENTATION('', (#6027), #8);
#6029 = POLY_LOOP('', (#625, #611, #612));
#6030 = FACE_OUTER_BOUND('', #6029, .T.);
#6031 = FACETED_BREP_SHAPE_REPRESENTATION('', (#6030), #8);
#6032 = POLY_LOOP('', (#624, #597, #596));
#6033 = FACE_OUTER_BOUND('', #6032, .T.);
#6034 = FACETED_BREP_SHAPE_REPRESENTATION('', (#6033), #8);
#6035 = POLY_LOOP('', (#625, #612, #613));
#6036 = FACE_OUTER_BOUND('', #6035, .T.);
#6037 = FACETED_BREP_SHAPE_REPRESENTATION('', (#6036), #8);
#6038 = POLY_LOOP('', (#624, #598, #597));
#6039 = FACE_OUTER_BOUND('', #6038, .T.);
#6040 = FACETED_BREP_SHAPE_REPRESENTATION('', (#6039), #8);
#6041 = POLY_LOOP('', (#625, #613, #614));
#6042 = FACE_OUTER_BOUND('', #6041, .T.);
#6043 = FACETED_BREP_SHAPE_REPRESENTATION('', (#6042), #8);
#6044 = POLY_LOOP('', (#624, #599, #598));
#6045 = FACE_OUTER_BOUND('', #6044, .T.);
#6046 = FACETED_BREP_SHAPE_REPRESENTATION('', (#6045), #8);
#6047 = POLY_LOOP('', (#625, #614, #615));
#6048 = FACE_OUTER_BOUND('', #6047, .T.);
#6049 = FACETED_BREP_SHAPE_REPRESENTATION('', (#6048), #8);
#6050 = POLY_LOOP('', (#624, #600, #599));
#6051 = FACE_OUTER_BOUND('', #6050, .T.);
#6052 = FACETED_BREP_SHAPE_REPRESENTATION('', (#6051), #8);
#6053 = POLY_LOOP('', (#625, #615, #616));
#6054 = FACE_OUTER_BOUND('', #6053, .T.);
#6055 = FACETED_BREP_SHAPE_REPRESENTATION('', (#6054), #8);
#6056 = POLY_LOOP('', (#624, #601, #600));
#6057 = FACE_OUTER_BOUND('', #6056, .T.);
#6058 = FACETED_BREP_SHAPE_REPRESENTATION('', (#6057), #8);
#6059 = POLY_LOOP('', (#625, #616, #617));
#6060 = FACE_OUTER_BOUND('', #6059, .T.);
#6061 = FACETED_BREP_SHAPE_REPRESENTATION('', (#6060), #8);
#6062 = POLY_LOOP('', (#624, #602, #601));
#6063 = FACE_OUTER_BOUND('', #6062, .T.);
#6064 = FACETED_BREP_SHAPE_REPRESENTATION('', (#6063), #8);
#6065 = POLY_LOOP('', (#625, #617, #618));
#6066 = FACE_OUTER_BOUND('', #6065, .T.);
#6067 = FACETED_BREP_SHAPE_REPRESENTATION('', (#6066), #8);
#6068 = POLY_LOOP('', (#624, #603, #602));
#6069 = FACE_OUTER_BOUND('', #6068, .T.);
#6070 = FACETED_BREP_SHAPE_REPRESENTATION('', (#6069), #8);
#6071 = POLY_LOOP('', (#625, #618, #619));
#6072 = FACE_OUTER_BOUND('', #6071, .T.);
#6073 = FACETED_BREP_SHAPE_REPRESENTATION('', (#6072), #8);
#6074 = POLY_LOOP('', (#624, #604, #603));
#6075 = FACE_OUTER_BOUND('', #6074, .T.);
#6076 = FACETED_BREP_SHAPE_REPRESENTATION('', (#6075), #8);
#6077 = POLY_LOOP('', (#625, #619, #620));
#6078 = FACE_OUTER_BOUND('', #6077, .T.);
#6079 = FACETED_BREP_SHAPE_REPRESENTATION('', (#6078), #8);
#6080 = POLY_LOOP('', (#624, #605, #604));
#6081 = FACE_OUTER_BOUND('', #6080, .T.);
#6082 = FACETED_BREP_SHAPE_REPRESENTATION('', (#6081), #8);
#6083 = POLY_LOOP('', (#625, #620, #621));
#6084 = FACE_OUTER_BOUND('', #6083, .T.);
#6085 = FACETED_BREP_SHAPE_REPRESENTATION('', (#6084), #8);
#6086 = POLY_LOOP('', (#624, #606, #605));
#6087 = FACE_OUTER_BOUND('', #6086, .T.);
#6088 = FACETED_BREP_SHAPE_REPRESENTATION('', (#6087), #8);
#6089 = POLY_LOOP('', (#625, #621, #622));
#6090 = FACE_OUTER_BOUND('', #6089, .T.);
#6091 = FACETED_BREP_SHAPE_REPRESENTATION('', (#6090), #8);
#6092 = POLY_LOOP('', (#624, #607, #606));
#6093 = FACE_OUTER_BOUND('', #6092, .T.);
#6094 = FACETED_BREP_SHAPE_REPRESENTATION('', (#6093), #8);
#6095 = POLY_LOOP('', (#625, #622, #623));
#6096 = FACE_OUTER_BOUND('', #6095, .T.);
#6097 = FACETED_BREP_SHAPE_REPRESENTATION('', (#6096), #8);
#6098 = POLY_LOOP('', (#624, #592, #607));
#6099 = FACE_OUTER_BOUND('', #6098, .T.);
#6100 = FACETED_BREP_SHAPE_REPRESENTATION('', (#6099), #8);
#6101 = POLY_LOOP('', (#625, #623, #608));
#6102 = FACE_OUTER_BOUND('', #6101, .T.);
#6103 = FACETED_BREP_SHAPE_REPRESENTATION('', (#6102), #8);
#6104 = POLY_LOOP('', (#626, #627, #639));
#6105 = FACE_OUTER_BOUND('', #6104, .T.);
#6106 = FACETED_BREP_SHAPE_REPRESENTATION('', (#6105), #8);
#6107 = POLY_LOOP('', (#626, #639, #638));
#6108 = FACE_OUTER_BOUND('', #6107, .T.);
#6109 = FACETED_BREP_SHAPE_REPRESENTATION('', (#6108), #8);
#6110 = POLY_LOOP('', (#627, #628, #640));
#6111 = FACE_OUTER_BOUND('', #6110, .T.);
#6112 = FACETED_BREP_SHAPE_REPRESENTATION('', (#6111), #8);
#6113 = POLY_LOOP('', (#627, #640, #639));
#6114 = FACE_OUTER_BOUND('', #6113, .T.);
#6115 = FACETED_BREP_SHAPE_REPRESENTATION('', (#6114), #8);
#6116 = POLY_LOOP('', (#628, #629, #641));
#6117 = FACE_OUTER_BOUND('', #6116, .T.);
#6118 = FACETED_BREP_SHAPE_REPRESENTATION('', (#6117), #8);
#6119 = POLY_LOOP('', (#628, #641, #640));
#6120 = FACE_OUTER_BOUND('', #6119, .T.);
#6121 = FACETED_BREP_SHAPE_REPRESENTATION('', (#6120), #8);
#6122 = POLY_LOOP('', (#629, #630, #642));
#6123 = FACE_OUTER_BOUND('', #6122, .T.);
#6124 = FACETED_BREP_SHAPE_REPRESENTATION('', (#6123), #8);
#6125 = POLY_LOOP('', (#629, #642, #641));
#6126 = FACE_OUTER_BOUND('', #6125, .T.);
#6127 = FACETED_BREP_SHAPE_REPRESENTATION('', (#6126), #8);
#6128 = POLY_LOOP('', (#630, #631, #643));
#6129 = FACE_OUTER_BOUND('', #6128, .T.);
#6130 = FACETED_BREP_SHAPE_REPRESENTATION('', (#6129), #8);
#6131 = POLY_LOOP('', (#630, #643, #642));
#6132 = FACE_OUTER_BOUND('', #6131, .T.);
#6133 = FACETED_BREP_SHAPE_REPRESENTATION('', (#6132), #8);
#6134 = POLY_LOOP('', (#631, #632, #644));
#6135 = FACE_OUTER_BOUND('', #6134, .T.);
#6136 = FACETED_BREP_SHAPE_REPRESENTATION('', (#6135), #8);
#6137 = POLY_LOOP('', (#631, #644, #643));
#6138 = FACE_OUTER_BOUND('', #6137, .T.);
#6139 = FACETED_BREP_SHAPE_REPRESENTATION('', (#6138), #8);
#6140 = POLY_LOOP('', (#632, #633, #645));
#6141 = FACE_OUTER_BOUND('', #6140, .T.);
#6142 = FACETED_BREP_SHAPE_REPRESENTATION('', (#6141), #8);
#6143 = POLY_LOOP('', (#632, #645, #644));
#6144 = FACE_OUTER_BOUND('', #6143, .T.);
#6145 = FACETED_BREP_SHAPE_REPRESENTATION('', (#6144), #8);
#6146 = POLY_LOOP('', (#633, #634, #646));
#6147 = FACE_OUTER_BOUND('', #6146, .T.);
#6148 = FACETED_BREP_SHAPE_REPRESENTATION('', (#6147), #8);
#6149 = POLY_LOOP('', (#633, #646, #645));
#6150 = FACE_OUTER_BOUND('', #6149, .T.);
#6151 = FACETED_BREP_SHAPE_REPRESENTATION('', (#6150), #8);
#6152 = POLY_LOOP('', (#634, #635, #647));
#6153 = FACE_OUTER_BOUND('', #6152, .T.);
#6154 = FACETED_BREP_SHAPE_REPRESENTATION('', (#6153), #8);
#6155 = POLY_LOOP('', (#634, #647, #646));
#6156 = FACE_OUTER_BOUND('', #6155, .T.);
#6157 = FACETED_BREP_SHAPE_REPRESENTATION('', (#6156), #8);
#6158 = POLY_LOOP('', (#635, #636, #648));
#6159 = FACE_OUTER_BOUND('', #6158, .T.);
#6160 = FACETED_BREP_SHAPE_REPRESENTATION('', (#6159), #8);
#6161 = POLY_LOOP('', (#635, #648, #647));
#6162 = FACE_OUTER_BOUND('', #6161, .T.);
#6163 = FACETED_BREP_SHAPE_REPRESENTATION('', (#6162), #8);
#6164 = POLY_LOOP('', (#636, #637, #649));
#6165 = FACE_OUTER_BOUND('', #6164, .T.);
#6166 = FACETED_BREP_SHAPE_REPRESENTATION('', (#6165), #8);
#6167 = POLY_LOOP('', (#636, #649, #648));
#6168 = FACE_OUTER_BOUND('', #6167, .T.);
#6169 = FACETED_BREP_SHAPE_REPRESENTATION('', (#6168), #8);
#6170 = POLY_LOOP('', (#637, #626, #638));
#6171 = FACE_OUTER_BOUND('', #6170, .T.);
#6172 = FACETED_BREP_SHAPE_REPRESENTATION('', (#6171), #8);
#6173 = POLY_LOOP('', (#637, #638, #649));
#6174 = FACE_OUTER_BOUND('', #6173, .T.);
#6175 = FACETED_BREP_SHAPE_REPRESENTATION('', (#6174), #8);
#6176 = POLY_LOOP('', (#650, #627, #626));
#6177 = FACE_OUTER_BOUND('', #6176, .T.);
#6178 = FACETED_BREP_SHAPE_REPRESENTATION('', (#6177), #8);
#6179 = POLY_LOOP('', (#651, #638, #639));
#6180 = FACE_OUTER_BOUND('', #6179, .T.);
#6181 = FACETED_BREP_SHAPE_REPRESENTATION('', (#6180), #8);
#6182 = POLY_LOOP('', (#650, #628, #627));
#6183 = FACE_OUTER_BOUND('', #6182, .T.);
#6184 = FACETED_BREP_SHAPE_REPRESENTATION('', (#6183), #8);
#6185 = POLY_LOOP('', (#651, #639, #640));
#6186 = FACE_OUTER_BOUND('', #6185, .T.);
#6187 = FACETED_BREP_SHAPE_REPRESENTATION('', (#6186), #8);
#6188 = POLY_LOOP('', (#650, #629, #628));
#6189 = FACE_OUTER_BOUND('', #6188, .T.);
#6190 = FACETED_BREP_SHAPE_REPRESENTATION('', (#6189), #8);
#6191 = POLY_LOOP('', (#651, #640, #641));
#6192 = FACE_OUTER_BOUND('', #6191, .T.);
#6193 = FACETED_BREP_SHAPE_REPRESENTATION('', (#6192), #8);
#6194 = POLY_LOOP('', (#650, #630, #629));
#6195 = FACE_OUTER_BOUND('', #6194, .T.);
#6196 = FACETED_BREP_SHAPE_REPRESENTATION('', (#6195), #8);
#6197 = POLY_LOOP('', (#651, #641, #642));
#6198 = FACE_OUTER_BOUND('', #6197, .T.);
#6199 = FACETED_BREP_SHAPE_REPRESENTATION('', (#6198), #8);
#6200 = POLY_LOOP('', (#650, #631, #630));
#6201 = FACE_OUTER_BOUND('', #6200, .T.);
#6202 = FACETED_BREP_SHAPE_REPRESENTATION('', (#6201), #8);
#6203 = POLY_LOOP('', (#651, #642, #643));
#6204 = FACE_OUTER_BOUND('', #6203, .T.);
#6205 = FACETED_BREP_SHAPE_REPRESENTATION('', (#6204), #8);
#6206 = POLY_LOOP('', (#650, #632, #631));
#6207 = FACE_OUTER_BOUND('', #6206, .T.);
#6208 = FACETED_BREP_SHAPE_REPRESENTATION('', (#6207), #8);
#6209 = POLY_LOOP('', (#651, #643, #644));
#6210 = FACE_OUTER_BOUND('', #6209, .T.);
#6211 = FACETED_BREP_SHAPE_REPRESENTATION('', (#6210), #8);
#6212 = POLY_LOOP('', (#650, #633, #632));
#6213 = FACE_OUTER_BOUND('', #6212, .T.);
#6214 = FACETED_BREP_SHAPE_REPRESENTATION('', (#6213), #8);
#6215 = POLY_LOOP('', (#651, #644, #645));
#6216 = FACE_OUTER_BOUND('', #6215, .T.);
#6217 = FACETED_BREP_SHAPE_REPRESENTATION('', (#6216), #8);
#6218 = POLY_LOOP('', (#650, #634, #633));
#6219 = FACE_OUTER_BOUND('', #6218, .T.);
#6220 = FACETED_BREP_SHAPE_REPRESENTATION('', (#6219), #8);
#6221 = POLY_LOOP('', (#651, #645, #646));
#6222 = FACE_OUTER_BOUND('', #6221, .T.);
#6223 = FACETED_BREP_SHAPE_REPRESENTATION('', (#6222), #8);
#6224 = POLY_LOOP('', (#650, #635, #634));
#6225 = FACE_OUTER_BOUND('', #6224, .T.);
#6226 = FACETED_BREP_SHAPE_REPRESENTATION('', (#6225), #8);
#6227 = POLY_LOOP('', (#651, #646, #647));
#6228 = FACE_OUTER_BOUND('', #6227, .T.);
#6229 = FACETED_BREP_SHAPE_REPRESENTATION('', (#6228), #8);
#6230 = POLY_LOOP('', (#650, #636, #635));
#6231 = FACE_OUTER_BOUND('', #6230, .T.);
#6232 = FACETED_BREP_SHAPE_REPRESENTATION('', (#6231), #8);
#6233 = POLY_LOOP('', (#651, #647, #648));
#6234 = FACE_OUTER_BOUND('', #6233, .T.);
#6235 = FACETED_BREP_SHAPE_REPRESENTATION('', (#6234), #8);
#6236 = POLY_LOOP('', (#650, #637, #636));
#6237 = FACE_OUTER_BOUND('', #6236, .T.);
#6238 = FACETED_BREP_SHAPE_REPRESENTATION('', (#6237), #8);
#6239 = POLY_LOOP('', (#651, #648, #649));
#6240 = FACE_OUTER_BOUND('', #6239, .T.);
#6241 = FACETED_BREP_SHAPE_REPRESENTATION('', (#6240), #8);
#6242 = POLY_LOOP('', (#650, #626, #637));
#6243 = FACE_OUTER_BOUND('', #6242, .T.);
#6244 = FACETED_BREP_SHAPE_REPRESENTATION('', (#6243), #8);
#6245 = POLY_LOOP('', (#651, #649, #638));
#6246 = FACE_OUTER_BOUND('', #6245, .T.);
#6247 = FACETED_BREP_SHAPE_REPRESENTATION('', (#6246), #8);
#6248 = POLY_LOOP('', (#652, #653, #669));
#6249 = FACE_OUTER_BOUND('', #6248, .T.);
#6250 = FACETED_BREP_SHAPE_REPRESENTATION('', (#6249), #8);
#6251 = POLY_LOOP('', (#652, #669, #668));
#6252 = FACE_OUTER_BOUND('', #6251, .T.);
#6253 = FACETED_BREP_SHAPE_REPRESENTATION('', (#6252), #8);
#6254 = POLY_LOOP('', (#653, #654, #670));
#6255 = FACE_OUTER_BOUND('', #6254, .T.);
#6256 = FACETED_BREP_SHAPE_REPRESENTATION('', (#6255), #8);
#6257 = POLY_LOOP('', (#653, #670, #669));
#6258 = FACE_OUTER_BOUND('', #6257, .T.);
#6259 = FACETED_BREP_SHAPE_REPRESENTATION('', (#6258), #8);
#6260 = POLY_LOOP('', (#654, #655, #671));
#6261 = FACE_OUTER_BOUND('', #6260, .T.);
#6262 = FACETED_BREP_SHAPE_REPRESENTATION('', (#6261), #8);
#6263 = POLY_LOOP('', (#654, #671, #670));
#6264 = FACE_OUTER_BOUND('', #6263, .T.);
#6265 = FACETED_BREP_SHAPE_REPRESENTATION('', (#6264), #8);
#6266 = POLY_LOOP('', (#655, #656, #672));
#6267 = FACE_OUTER_BOUND('', #6266, .T.);
#6268 = FACETED_BREP_SHAPE_REPRESENTATION('', (#6267), #8);
#6269 = POLY_LOOP('', (#655, #672, #671));
#6270 = FACE_OUTER_BOUND('', #6269, .T.);
#6271 = FACETED_BREP_SHAPE_REPRESENTATION('', (#6270), #8);
#6272 = POLY_LOOP('', (#656, #657, #673));
#6273 = FACE_OUTER_BOUND('', #6272, .T.);
#6274 = FACETED_BREP_SHAPE_REPRESENTATION('', (#6273), #8);
#6275 = POLY_LOOP('', (#656, #673, #672));
#6276 = FACE_OUTER_BOUND('', #6275, .T.);
#6277 = FACETED_BREP_SHAPE_REPRESENTATION('', (#6276), #8);
#6278 = POLY_LOOP('', (#657, #658, #674));
#6279 = FACE_OUTER_BOUND('', #6278, .T.);
#6280 = FACETED_BREP_SHAPE_REPRESENTATION('', (#6279), #8);
#6281 = POLY_LOOP('', (#657, #674, #673));
#6282 = FACE_OUTER_BOUND('', #6281, .T.);
#6283 = FACETED_BREP_SHAPE_REPRESENTATION('', (#6282), #8);
#6284 = POLY_LOOP('', (#658, #659, #675));
#6285 = FACE_OUTER_BOUND('', #6284, .T.);
#6286 = FACETED_BREP_SHAPE_REPRESENTATION('', (#6285), #8);
#6287 = POLY_LOOP('', (#658, #675, #674));
#6288 = FACE_OUTER_BOUND('', #6287, .T.);
#6289 = FACETED_BREP_SHAPE_REPRESENTATION('', (#6288), #8);
#6290 = POLY_LOOP('', (#659, #660, #676));
#6291 = FACE_OUTER_BOUND('', #6290, .T.);
#6292 = FACETED_BREP_SHAPE_REPRESENTATION('', (#6291), #8);
#6293 = POLY_LOOP('', (#659, #676, #675));
#6294 = FACE_OUTER_BOUND('', #6293, .T.);
#6295 = FACETED_BREP_SHAPE_REPRESENTATION('', (#6294), #8);
#6296 = POLY_LOOP('', (#660, #661, #677));
#6297 = FACE_OUTER_BOUND('', #6296, .T.);
#6298 = FACETED_BREP_SHAPE_REPRESENTATION('', (#6297), #8);
#6299 = POLY_LOOP('', (#660, #677, #676));
#6300 = FACE_OUTER_BOUND('', #6299, .T.);
#6301 = FACETED_BREP_SHAPE_REPRESENTATION('', (#6300), #8);
#6302 = POLY_LOOP('', (#661, #662, #678));
#6303 = FACE_OUTER_BOUND('', #6302, .T.);
#6304 = FACETED_BREP_SHAPE_REPRESENTATION('', (#6303), #8);
#6305 = POLY_LOOP('', (#661, #678, #677));
#6306 = FACE_OUTER_BOUND('', #6305, .T.);
#6307 = FACETED_BREP_SHAPE_REPRESENTATION('', (#6306), #8);
#6308 = POLY_LOOP('', (#662, #663, #679));
#6309 = FACE_OUTER_BOUND('', #6308, .T.);
#6310 = FACETED_BREP_SHAPE_REPRESENTATION('', (#6309), #8);
#6311 = POLY_LOOP('', (#662, #679, #678));
#6312 = FACE_OUTER_BOUND('', #6311, .T.);
#6313 = FACETED_BREP_SHAPE_REPRESENTATION('', (#6312), #8);
#6314 = POLY_LOOP('', (#663, #664, #680));
#6315 = FACE_OUTER_BOUND('', #6314, .T.);
#6316 = FACETED_BREP_SHAPE_REPRESENTATION('', (#6315), #8);
#6317 = POLY_LOOP('', (#663, #680, #679));
#6318 = FACE_OUTER_BOUND('', #6317, .T.);
#6319 = FACETED_BREP_SHAPE_REPRESENTATION('', (#6318), #8);
#6320 = POLY_LOOP('', (#664, #665, #681));
#6321 = FACE_OUTER_BOUND('', #6320, .T.);
#6322 = FACETED_BREP_SHAPE_REPRESENTATION('', (#6321), #8);
#6323 = POLY_LOOP('', (#664, #681, #680));
#6324 = FACE_OUTER_BOUND('', #6323, .T.);
#6325 = FACETED_BREP_SHAPE_REPRESENTATION('', (#6324), #8);
#6326 = POLY_LOOP('', (#665, #666, #682));
#6327 = FACE_OUTER_BOUND('', #6326, .T.);
#6328 = FACETED_BREP_SHAPE_REPRESENTATION('', (#6327), #8);
#6329 = POLY_LOOP('', (#665, #682, #681));
#6330 = FACE_OUTER_BOUND('', #6329, .T.);
#6331 = FACETED_BREP_SHAPE_REPRESENTATION('', (#6330), #8);
#6332 = POLY_LOOP('', (#666, #667, #683));
#6333 = FACE_OUTER_BOUND('', #6332, .T.);
#6334 = FACETED_BREP_SHAPE_REPRESENTATION('', (#6333), #8);
#6335 = POLY_LOOP('', (#666, #683, #682));
#6336 = FACE_OUTER_BOUND('', #6335, .T.);
#6337 = FACETED_BREP_SHAPE_REPRESENTATION('', (#6336), #8);
#6338 = POLY_LOOP('', (#667, #652, #668));
#6339 = FACE_OUTER_BOUND('', #6338, .T.);
#6340 = FACETED_BREP_SHAPE_REPRESENTATION('', (#6339), #8);
#6341 = POLY_LOOP('', (#667, #668, #683));
#6342 = FACE_OUTER_BOUND('', #6341, .T.);
#6343 = FACETED_BREP_SHAPE_REPRESENTATION('', (#6342), #8);
#6344 = POLY_LOOP('', (#684, #653, #652));
#6345 = FACE_OUTER_BOUND('', #6344, .T.);
#6346 = FACETED_BREP_SHAPE_REPRESENTATION('', (#6345), #8);
#6347 = POLY_LOOP('', (#685, #668, #669));
#6348 = FACE_OUTER_BOUND('', #6347, .T.);
#6349 = FACETED_BREP_SHAPE_REPRESENTATION('', (#6348), #8);
#6350 = POLY_LOOP('', (#684, #654, #653));
#6351 = FACE_OUTER_BOUND('', #6350, .T.);
#6352 = FACETED_BREP_SHAPE_REPRESENTATION('', (#6351), #8);
#6353 = POLY_LOOP('', (#685, #669, #670));
#6354 = FACE_OUTER_BOUND('', #6353, .T.);
#6355 = FACETED_BREP_SHAPE_REPRESENTATION('', (#6354), #8);
#6356 = POLY_LOOP('', (#684, #655, #654));
#6357 = FACE_OUTER_BOUND('', #6356, .T.);
#6358 = FACETED_BREP_SHAPE_REPRESENTATION('', (#6357), #8);
#6359 = POLY_LOOP('', (#685, #670, #671));
#6360 = FACE_OUTER_BOUND('', #6359, .T.);
#6361 = FACETED_BREP_SHAPE_REPRESENTATION('', (#6360), #8);
#6362 = POLY_LOOP('', (#684, #656, #655));
#6363 = FACE_OUTER_BOUND('', #6362, .T.);
#6364 = FACETED_BREP_SHAPE_REPRESENTATION('', (#6363), #8);
#6365 = POLY_LOOP('', (#685, #671, #672));
#6366 = FACE_OUTER_BOUND('', #6365, .T.);
#6367 = FACETED_BREP_SHAPE_REPRESENTATION('', (#6366), #8);
#6368 = POLY_LOOP('', (#684, #657, #656));
#6369 = FACE_OUTER_BOUND('', #6368, .T.);
#6370 = FACETED_BREP_SHAPE_REPRESENTATION('', (#6369), #8);
#6371 = POLY_LOOP('', (#685, #672, #673));
#6372 = FACE_OUTER_BOUND('', #6371, .T.);
#6373 = FACETED_BREP_SHAPE_REPRESENTATION('', (#6372), #8);
#6374 = POLY_LOOP('', (#684, #658, #657));
#6375 = FACE_OUTER_BOUND('', #6374, .T.);
#6376 = FACETED_BREP_SHAPE_REPRESENTATION('', (#6375), #8);
#6377 = POLY_LOOP('', (#685, #673, #674));
#6378 = FACE_OUTER_BOUND('', #6377, .T.);
#6379 = FACETED_BREP_SHAPE_REPRESENTATION('', (#6378), #8);
#6380 = POLY_LOOP('', (#684, #659, #658));
#6381 = FACE_OUTER_BOUND('', #6380, .T.);
#6382 = FACETED_BREP_SHAPE_REPRESENTATION('', (#6381), #8);
#6383 = POLY_LOOP('', (#685, #674, #675));
#6384 = FACE_OUTER_BOUND('', #6383, .T.);
#6385 = FACETED_BREP_SHAPE_REPRESENTATION('', (#6384), #8);
#6386 = POLY_LOOP('', (#684, #660, #659));
#6387 = FACE_OUTER_BOUND('', #6386, .T.);
#6388 = FACETED_BREP_SHAPE_REPRESENTATION('', (#6387), #8);
#6389 = POLY_LOOP('', (#685, #675, #676));
#6390 = FACE_OUTER_BOUND('', #6389, .T.);
#6391 = FACETED_BREP_SHAPE_REPRESENTATION('', (#6390), #8);
#6392 = POLY_LOOP('', (#684, #661, #660));
#6393 = FACE_OUTER_BOUND('', #6392, .T.);
#6394 = FACETED_BREP_SHAPE_REPRESENTATION('', (#6393), #8);
#6395 = POLY_LOOP('', (#685, #676, #677));
#6396 = FACE_OUTER_BOUND('', #6395, .T.);
#6397 = FACETED_BREP_SHAPE_REPRESENTATION('', (#6396), #8);
#6398 = POLY_LOOP('', (#684, #662, #661));
#6399 = FACE_OUTER_BOUND('', #6398, .T.);
#6400 = FACETED_BREP_SHAPE_REPRESENTATION('', (#6399), #8);
#6401 = POLY_LOOP('', (#685, #677, #678));
#6402 = FACE_OUTER_BOUND('', #6401, .T.);
#6403 = FACETED_BREP_SHAPE_REPRESENTATION('', (#6402), #8);
#6404 = POLY_LOOP('', (#684, #663, #662));
#6405 = FACE_OUTER_BOUND('', #6404, .T.);
#6406 = FACETED_BREP_SHAPE_REPRESENTATION('', (#6405), #8);
#6407 = POLY_LOOP('', (#685, #678, #679));
#6408 = FACE_OUTER_BOUND('', #6407, .T.);
#6409 = FACETED_BREP_SHAPE_REPRESENTATION('', (#6408), #8);
#6410 = POLY_LOOP('', (#684, #664, #663));
#6411 = FACE_OUTER_BOUND('', #6410, .T.);
#6412 = FACETED_BREP_SHAPE_REPRESENTATION('', (#6411), #8);
#6413 = POLY_LOOP('', (#685, #679, #680));
#6414 = FACE_OUTER_BOUND('', #6413, .T.);
#6415 = FACETED_BREP_SHAPE_REPRESENTATION('', (#6414), #8);
#6416 = POLY_LOOP('', (#684, #665, #664));
#6417 = FACE_OUTER_BOUND('', #6416, .T.);
#6418 = FACETED_BREP_SHAPE_REPRESENTATION('', (#6417), #8);
#6419 = POLY_LOOP('', (#685, #680, #681));
#6420 = FACE_OUTER_BOUND('', #6419, .T.);
#6421 = FACETED_BREP_SHAPE_REPRESENTATION('', (#6420), #8);
#6422 = POLY_LOOP('', (#684, #666, #665));
#6423 = FACE_OUTER_BOUND('', #6422, .T.);
#6424 = FACETED_BREP_SHAPE_REPRESENTATION('', (#6423), #8);
#6425 = POLY_LOOP('', (#685, #681, #682));
#6426 = FACE_OUTER_BOUND('', #6425, .T.);
#6427 = FACETED_BREP_SHAPE_REPRESENTATION('', (#6426), #8);
#6428 = POLY_LOOP('', (#684, #667, #666));
#6429 = FACE_OUTER_BOUND('', #6428, .T.);
#6430 = FACETED_BREP_SHAPE_REPRESENTATION('', (#6429), #8);
#6431 = POLY_LOOP('', (#685, #682, #683));
#6432 = FACE_OUTER_BOUND('', #6431, .T.);
#6433 = FACETED_BREP_SHAPE_REPRESENTATION('', (#6432), #8);
#6434 = POLY_LOOP('', (#684, #652, #667));
#6435 = FACE_OUTER_BOUND('', #6434, .T.);
#6436 = FACETED_BREP_SHAPE_REPRESENTATION('', (#6435), #8);
#6437 = POLY_LOOP('', (#685, #683, #668));
#6438 = FACE_OUTER_BOUND('', #6437, .T.);
#6439 = FACETED_BREP_SHAPE_REPRESENTATION('', (#6438), #8);
#6440 = POLY_LOOP('', (#686, #687, #699));
#6441 = FACE_OUTER_BOUND('', #6440, .T.);
#6442 = FACETED_BREP_SHAPE_REPRESENTATION('', (#6441), #8);
#6443 = POLY_LOOP('', (#686, #699, #698));
#6444 = FACE_OUTER_BOUND('', #6443, .T.);
#6445 = FACETED_BREP_SHAPE_REPRESENTATION('', (#6444), #8);
#6446 = POLY_LOOP('', (#687, #688, #700));
#6447 = FACE_OUTER_BOUND('', #6446, .T.);
#6448 = FACETED_BREP_SHAPE_REPRESENTATION('', (#6447), #8);
#6449 = POLY_LOOP('', (#687, #700, #699));
#6450 = FACE_OUTER_BOUND('', #6449, .T.);
#6451 = FACETED_BREP_SHAPE_REPRESENTATION('', (#6450), #8);
#6452 = POLY_LOOP('', (#688, #689, #701));
#6453 = FACE_OUTER_BOUND('', #6452, .T.);
#6454 = FACETED_BREP_SHAPE_REPRESENTATION('', (#6453), #8);
#6455 = POLY_LOOP('', (#688, #701, #700));
#6456 = FACE_OUTER_BOUND('', #6455, .T.);
#6457 = FACETED_BREP_SHAPE_REPRESENTATION('', (#6456), #8);
#6458 = POLY_LOOP('', (#689, #690, #702));
#6459 = FACE_OUTER_BOUND('', #6458, .T.);
#6460 = FACETED_BREP_SHAPE_REPRESENTATION('', (#6459), #8);
#6461 = POLY_LOOP('', (#689, #702, #701));
#6462 = FACE_OUTER_BOUND('', #6461, .T.);
#6463 = FACETED_BREP_SHAPE_REPRESENTATION('', (#6462), #8);
#6464 = POLY_LOOP('', (#690, #691, #703));
#6465 = FACE_OUTER_BOUND('', #6464, .T.);
#6466 = FACETED_BREP_SHAPE_REPRESENTATION('', (#6465), #8);
#6467 = POLY_LOOP('', (#690, #703, #702));
#6468 = FACE_OUTER_BOUND('', #6467, .T.);
#6469 = FACETED_BREP_SHAPE_REPRESENTATION('', (#6468), #8);
#6470 = POLY_LOOP('', (#691, #692, #704));
#6471 = FACE_OUTER_BOUND('', #6470, .T.);
#6472 = FACETED_BREP_SHAPE_REPRESENTATION('', (#6471), #8);
#6473 = POLY_LOOP('', (#691, #704, #703));
#6474 = FACE_OUTER_BOUND('', #6473, .T.);
#6475 = FACETED_BREP_SHAPE_REPRESENTATION('', (#6474), #8);
#6476 = POLY_LOOP('', (#692, #693, #705));
#6477 = FACE_OUTER_BOUND('', #6476, .T.);
#6478 = FACETED_BREP_SHAPE_REPRESENTATION('', (#6477), #8);
#6479 = POLY_LOOP('', (#692, #705, #704));
#6480 = FACE_OUTER_BOUND('', #6479, .T.);
#6481 = FACETED_BREP_SHAPE_REPRESENTATION('', (#6480), #8);
#6482 = POLY_LOOP('', (#693, #694, #706));
#6483 = FACE_OUTER_BOUND('', #6482, .T.);
#6484 = FACETED_BREP_SHAPE_REPRESENTATION('', (#6483), #8);
#6485 = POLY_LOOP('', (#693, #706, #705));
#6486 = FACE_OUTER_BOUND('', #6485, .T.);
#6487 = FACETED_BREP_SHAPE_REPRESENTATION('', (#6486), #8);
#6488 = POLY_LOOP('', (#694, #695, #707));
#6489 = FACE_OUTER_BOUND('', #6488, .T.);
#6490 = FACETED_BREP_SHAPE_REPRESENTATION('', (#6489), #8);
#6491 = POLY_LOOP('', (#694, #707, #706));
#6492 = FACE_OUTER_BOUND('', #6491, .T.);
#6493 = FACETED_BREP_SHAPE_REPRESENTATION('', (#6492), #8);
#6494 = POLY_LOOP('', (#695, #696, #708));
#6495 = FACE_OUTER_BOUND('', #6494, .T.);
#6496 = FACETED_BREP_SHAPE_REPRESENTATION('', (#6495), #8);
#6497 = POLY_LOOP('', (#695, #708, #707));
#6498 = FACE_OUTER_BOUND('', #6497, .T.);
#6499 = FACETED_BREP_SHAPE_REPRESENTATION('', (#6498), #8);
#6500 = POLY_LOOP('', (#696, #697, #709));
#6501 = FACE_OUTER_BOUND('', #6500, .T.);
#6502 = FACETED_BREP_SHAPE_REPRESENTATION('', (#6501), #8);
#6503 = POLY_LOOP('', (#696, #709, #708));
#6504 = FACE_OUTER_BOUND('', #6503, .T.);
#6505 = FACETED_BREP_SHAPE_REPRESENTATION('', (#6504), #8);
#6506 = POLY_LOOP('', (#697, #686, #698));
#6507 = FACE_OUTER_BOUND('', #6506, .T.);
#6508 = FACETED_BREP_SHAPE_REPRESENTATION('', (#6507), #8);
#6509 = POLY_LOOP('', (#697, #698, #709));
#6510 = FACE_OUTER_BOUND('', #6509, .T.);
#6511 = FACETED_BREP_SHAPE_REPRESENTATION('', (#6510), #8);
#6512 = POLY_LOOP('', (#710, #687, #686));
#6513 = FACE_OUTER_BOUND('', #6512, .T.);
#6514 = FACETED_BREP_SHAPE_REPRESENTATION('', (#6513), #8);
#6515 = POLY_LOOP('', (#711, #698, #699));
#6516 = FACE_OUTER_BOUND('', #6515, .T.);
#6517 = FACETED_BREP_SHAPE_REPRESENTATION('', (#6516), #8);
#6518 = POLY_LOOP('', (#710, #688, #687));
#6519 = FACE_OUTER_BOUND('', #6518, .T.);
#6520 = FACETED_BREP_SHAPE_REPRESENTATION('', (#6519), #8);
#6521 = POLY_LOOP('', (#711, #699, #700));
#6522 = FACE_OUTER_BOUND('', #6521, .T.);
#6523 = FACETED_BREP_SHAPE_REPRESENTATION('', (#6522), #8);
#6524 = POLY_LOOP('', (#710, #689, #688));
#6525 = FACE_OUTER_BOUND('', #6524, .T.);
#6526 = FACETED_BREP_SHAPE_REPRESENTATION('', (#6525), #8);
#6527 = POLY_LOOP('', (#711, #700, #701));
#6528 = FACE_OUTER_BOUND('', #6527, .T.);
#6529 = FACETED_BREP_SHAPE_REPRESENTATION('', (#6528), #8);
#6530 = POLY_LOOP('', (#710, #690, #689));
#6531 = FACE_OUTER_BOUND('', #6530, .T.);
#6532 = FACETED_BREP_SHAPE_REPRESENTATION('', (#6531), #8);
#6533 = POLY_LOOP('', (#711, #701, #702));
#6534 = FACE_OUTER_BOUND('', #6533, .T.);
#6535 = FACETED_BREP_SHAPE_REPRESENTATION('', (#6534), #8);
#6536 = POLY_LOOP('', (#710, #691, #690));
#6537 = FACE_OUTER_BOUND('', #6536, .T.);
#6538 = FACETED_BREP_SHAPE_REPRESENTATION('', (#6537), #8);
#6539 = POLY_LOOP('', (#711, #702, #703));
#6540 = FACE_OUTER_BOUND('', #6539, .T.);
#6541 = FACETED_BREP_SHAPE_REPRESENTATION('', (#6540), #8);
#6542 = POLY_LOOP('', (#710, #692, #691));
#6543 = FACE_OUTER_BOUND('', #6542, .T.);
#6544 = FACETED_BREP_SHAPE_REPRESENTATION('', (#6543), #8);
#6545 = POLY_LOOP('', (#711, #703, #704));
#6546 = FACE_OUTER_BOUND('', #6545, .T.);
#6547 = FACETED_BREP_SHAPE_REPRESENTATION('', (#6546), #8);
#6548 = POLY_LOOP('', (#710, #693, #692));
#6549 = FACE_OUTER_BOUND('', #6548, .T.);
#6550 = FACETED_BREP_SHAPE_REPRESENTATION('', (#6549), #8);
#6551 = POLY_LOOP('', (#711, #704, #705));
#6552 = FACE_OUTER_BOUND('', #6551, .T.);
#6553 = FACETED_BREP_SHAPE_REPRESENTATION('', (#6552), #8);
#6554 = POLY_LOOP('', (#710, #694, #693));
#6555 = FACE_OUTER_BOUND('', #6554, .T.);
#6556 = FACETED_BREP_SHAPE_REPRESENTATION('', (#6555), #8);
#6557 = POLY_LOOP('', (#711, #705, #706));
#6558 = FACE_OUTER_BOUND('', #6557, .T.);
#6559 = FACETED_BREP_SHAPE_REPRESENTATION('', (#6558), #8);
#6560 = POLY_LOOP('', (#710, #695, #694));
#6561 = FACE_OUTER_BOUND('', #6560, .T.);
#6562 = FACETED_BREP_SHAPE_REPRESENTATION('', (#6561), #8);
#6563 = POLY_LOOP('', (#711, #706, #707));
#6564 = FACE_OUTER_BOUND('', #6563, .T.);
#6565 = FACETED_BREP_SHAPE_REPRESENTATION('', (#6564), #8);
#6566 = POLY_LOOP('', (#710, #696, #695));
#6567 = FACE_OUTER_BOUND('', #6566, .T.);
#6568 = FACETED_BREP_SHAPE_REPRESENTATION('', (#6567), #8);
#6569 = POLY_LOOP('', (#711, #707, #708));
#6570 = FACE_OUTER_BOUND('', #6569, .T.);
#6571 = FACETED_BREP_SHAPE_REPRESENTATION('', (#6570), #8);
#6572 = POLY_LOOP('', (#710, #697, #696));
#6573 = FACE_OUTER_BOUND('', #6572, .T.);
#6574 = FACETED_BREP_SHAPE_REPRESENTATION('', (#6573), #8);
#6575 = POLY_LOOP('', (#711, #708, #709));
#6576 = FACE_OUTER_BOUND('', #6575, .T.);
#6577 = FACETED_BREP_SHAPE_REPRESENTATION('', (#6576), #8);
#6578 = POLY_LOOP('', (#710, #686, #697));
#6579 = FACE_OUTER_BOUND('', #6578, .T.);
#6580 = FACETED_BREP_SHAPE_REPRESENTATION('', (#6579), #8);
#6581 = POLY_LOOP('', (#711, #709, #698));
#6582 = FACE_OUTER_BOUND('', #6581, .T.);
#6583 = FACETED_BREP_SHAPE_REPRESENTATION('', (#6582), #8);
#6584 = POLY_LOOP('', (#712, #713, #729));
#6585 = FACE_OUTER_BOUND('', #6584, .T.);
#6586 = FACETED_BREP_SHAPE_REPRESENTATION('', (#6585), #8);
#6587 = POLY_LOOP('', (#712, #729, #728));
#6588 = FACE_OUTER_BOUND('', #6587, .T.);
#6589 = FACETED_BREP_SHAPE_REPRESENTATION('', (#6588), #8);
#6590 = POLY_LOOP('', (#713, #714, #730));
#6591 = FACE_OUTER_BOUND('', #6590, .T.);
#6592 = FACETED_BREP_SHAPE_REPRESENTATION('', (#6591), #8);
#6593 = POLY_LOOP('', (#713, #730, #729));
#6594 = FACE_OUTER_BOUND('', #6593, .T.);
#6595 = FACETED_BREP_SHAPE_REPRESENTATION('', (#6594), #8);
#6596 = POLY_LOOP('', (#714, #715, #731));
#6597 = FACE_OUTER_BOUND('', #6596, .T.);
#6598 = FACETED_BREP_SHAPE_REPRESENTATION('', (#6597), #8);
#6599 = POLY_LOOP('', (#714, #731, #730));
#6600 = FACE_OUTER_BOUND('', #6599, .T.);
#6601 = FACETED_BREP_SHAPE_REPRESENTATION('', (#6600), #8);
#6602 = POLY_LOOP('', (#715, #716, #732));
#6603 = FACE_OUTER_BOUND('', #6602, .T.);
#6604 = FACETED_BREP_SHAPE_REPRESENTATION('', (#6603), #8);
#6605 = POLY_LOOP('', (#715, #732, #731));
#6606 = FACE_OUTER_BOUND('', #6605, .T.);
#6607 = FACETED_BREP_SHAPE_REPRESENTATION('', (#6606), #8);
#6608 = POLY_LOOP('', (#716, #717, #733));
#6609 = FACE_OUTER_BOUND('', #6608, .T.);
#6610 = FACETED_BREP_SHAPE_REPRESENTATION('', (#6609), #8);
#6611 = POLY_LOOP('', (#716, #733, #732));
#6612 = FACE_OUTER_BOUND('', #6611, .T.);
#6613 = FACETED_BREP_SHAPE_REPRESENTATION('', (#6612), #8);
#6614 = POLY_LOOP('', (#717, #718, #734));
#6615 = FACE_OUTER_BOUND('', #6614, .T.);
#6616 = FACETED_BREP_SHAPE_REPRESENTATION('', (#6615), #8);
#6617 = POLY_LOOP('', (#717, #734, #733));
#6618 = FACE_OUTER_BOUND('', #6617, .T.);
#6619 = FACETED_BREP_SHAPE_REPRESENTATION('', (#6618), #8);
#6620 = POLY_LOOP('', (#718, #719, #735));
#6621 = FACE_OUTER_BOUND('', #6620, .T.);
#6622 = FACETED_BREP_SHAPE_REPRESENTATION('', (#6621), #8);
#6623 = POLY_LOOP('', (#718, #735, #734));
#6624 = FACE_OUTER_BOUND('', #6623, .T.);
#6625 = FACETED_BREP_SHAPE_REPRESENTATION('', (#6624), #8);
#6626 = POLY_LOOP('', (#719, #720, #736));
#6627 = FACE_OUTER_BOUND('', #6626, .T.);
#6628 = FACETED_BREP_SHAPE_REPRESENTATION('', (#6627), #8);
#6629 = POLY_LOOP('', (#719, #736, #735));
#6630 = FACE_OUTER_BOUND('', #6629, .T.);
#6631 = FACETED_BREP_SHAPE_REPRESENTATION('', (#6630), #8);
#6632 = POLY_LOOP('', (#720, #721, #737));
#6633 = FACE_OUTER_BOUND('', #6632, .T.);
#6634 = FACETED_BREP_SHAPE_REPRESENTATION('', (#6633), #8);
#6635 = POLY_LOOP('', (#720, #737, #736));
#6636 = FACE_OUTER_BOUND('', #6635, .T.);
#6637 = FACETED_BREP_SHAPE_REPRESENTATION('', (#6636), #8);
#6638 = POLY_LOOP('', (#721, #722, #738));
#6639 = FACE_OUTER_BOUND('', #6638, .T.);
#6640 = FACETED_BREP_SHAPE_REPRESENTATION('', (#6639), #8);
#6641 = POLY_LOOP('', (#721, #738, #737));
#6642 = FACE_OUTER_BOUND('', #6641, .T.);
#6643 = FACETED_BREP_SHAPE_REPRESENTATION('', (#6642), #8);
#6644 = POLY_LOOP('', (#722, #723, #739));
#6645 = FACE_OUTER_BOUND('', #6644, .T.);
#6646 = FACETED_BREP_SHAPE_REPRESENTATION('', (#6645), #8);
#6647 = POLY_LOOP('', (#722, #739, #738));
#6648 = FACE_OUTER_BOUND('', #6647, .T.);
#6649 = FACETED_BREP_SHAPE_REPRESENTATION('', (#6648), #8);
#6650 = POLY_LOOP('', (#723, #724, #740));
#6651 = FACE_OUTER_BOUND('', #6650, .T.);
#6652 = FACETED_BREP_SHAPE_REPRESENTATION('', (#6651), #8);
#6653 = POLY_LOOP('', (#723, #740, #739));
#6654 = FACE_OUTER_BOUND('', #6653, .T.);
#6655 = FACETED_BREP_SHAPE_REPRESENTATION('', (#6654), #8);
#6656 = POLY_LOOP('', (#724, #725, #741));
#6657 = FACE_OUTER_BOUND('', #6656, .T.);
#6658 = FACETED_BREP_SHAPE_REPRESENTATION('', (#6657), #8);
#6659 = POLY_LOOP('', (#724, #741, #740));
#6660 = FACE_OUTER_BOUND('', #6659, .T.);
#6661 = FACETED_BREP_SHAPE_REPRESENTATION('', (#6660), #8);
#6662 = POLY_LOOP('', (#725, #726, #742));
#6663 = FACE_OUTER_BOUND('', #6662, .T.);
#6664 = FACETED_BREP_SHAPE_REPRESENTATION('', (#6663), #8);
#6665 = POLY_LOOP('', (#725, #742, #741));
#6666 = FACE_OUTER_BOUND('', #6665, .T.);
#6667 = FACETED_BREP_SHAPE_REPRESENTATION('', (#6666), #8);
#6668 = POLY_LOOP('', (#726, #727, #743));
#6669 = FACE_OUTER_BOUND('', #6668, .T.);
#6670 = FACETED_BREP_SHAPE_REPRESENTATION('', (#6669), #8);
#6671 = POLY_LOOP('', (#726, #743, #742));
#6672 = FACE_OUTER_BOUND('', #6671, .T.);
#6673 = FACETED_BREP_SHAPE_REPRESENTATION('', (#6672), #8);
#6674 = POLY_LOOP('', (#727, #712, #728));
#6675 = FACE_OUTER_BOUND('', #6674, .T.);
#6676 = FACETED_BREP_SHAPE_REPRESENTATION('', (#6675), #8);
#6677 = POLY_LOOP('', (#727, #728, #743));
#6678 = FACE_OUTER_BOUND('', #6677, .T.);
#6679 = FACETED_BREP_SHAPE_REPRESENTATION('', (#6678), #8);
#6680 = POLY_LOOP('', (#744, #713, #712));
#6681 = FACE_OUTER_BOUND('', #6680, .T.);
#6682 = FACETED_BREP_SHAPE_REPRESENTATION('', (#6681), #8);
#6683 = POLY_LOOP('', (#745, #728, #729));
#6684 = FACE_OUTER_BOUND('', #6683, .T.);
#6685 = FACETED_BREP_SHAPE_REPRESENTATION('', (#6684), #8);
#6686 = POLY_LOOP('', (#744, #714, #713));
#6687 = FACE_OUTER_BOUND('', #6686, .T.);
#6688 = FACETED_BREP_SHAPE_REPRESENTATION('', (#6687), #8);
#6689 = POLY_LOOP('', (#745, #729, #730));
#6690 = FACE_OUTER_BOUND('', #6689, .T.);
#6691 = FACETED_BREP_SHAPE_REPRESENTATION('', (#6690), #8);
#6692 = POLY_LOOP('', (#744, #715, #714));
#6693 = FACE_OUTER_BOUND('', #6692, .T.);
#6694 = FACETED_BREP_SHAPE_REPRESENTATION('', (#6693), #8);
#6695 = POLY_LOOP('', (#745, #730, #731));
#6696 = FACE_OUTER_BOUND('', #6695, .T.);
#6697 = FACETED_BREP_SHAPE_REPRESENTATION('', (#6696), #8);
#6698 = POLY_LOOP('', (#744, #716, #715));
#6699 = FACE_OUTER_BOUND('', #6698, .T.);
#6700 = FACETED_BREP_SHAPE_REPRESENTATION('', (#6699), #8);
#6701 = POLY_LOOP('', (#745, #731, #732));
#6702 = FACE_OUTER_BOUND('', #6701, .T.);
#6703 = FACETED_BREP_SHAPE_REPRESENTATION('', (#6702), #8);
#6704 = POLY_LOOP('', (#744, #717, #716));
#6705 = FACE_OUTER_BOUND('', #6704, .T.);
#6706 = FACETED_BREP_SHAPE_REPRESENTATION('', (#6705), #8);
#6707 = POLY_LOOP('', (#745, #732, #733));
#6708 = FACE_OUTER_BOUND('', #6707, .T.);
#6709 = FACETED_BREP_SHAPE_REPRESENTATION('', (#6708), #8);
#6710 = POLY_LOOP('', (#744, #718, #717));
#6711 = FACE_OUTER_BOUND('', #6710, .T.);
#6712 = FACETED_BREP_SHAPE_REPRESENTATION('', (#6711), #8);
#6713 = POLY_LOOP('', (#745, #733, #734));
#6714 = FACE_OUTER_BOUND('', #6713, .T.);
#6715 = FACETED_BREP_SHAPE_REPRESENTATION('', (#6714), #8);
#6716 = POLY_LOOP('', (#744, #719, #718));
#6717 = FACE_OUTER_BOUND('', #6716, .T.);
#6718 = FACETED_BREP_SHAPE_REPRESENTATION('', (#6717), #8);
#6719 = POLY_LOOP('', (#745, #734, #735));
#6720 = FACE_OUTER_BOUND('', #6719, .T.);
#6721 = FACETED_BREP_SHAPE_REPRESENTATION('', (#6720), #8);
#6722 = POLY_LOOP('', (#744, #720, #719));
#6723 = FACE_OUTER_BOUND('', #6722, .T.);
#6724 = FACETED_BREP_SHAPE_REPRESENTATION('', (#6723), #8);
#6725 = POLY_LOOP('', (#745, #735, #736));
#6726 = FACE_OUTER_BOUND('', #6725, .T.);
#6727 = FACETED_BREP_SHAPE_REPRESENTATION('', (#6726), #8);
#6728 = POLY_LOOP('', (#744, #721, #720));
#6729 = FACE_OUTER_BOUND('', #6728, .T.);
#6730 = FACETED_BREP_SHAPE_REPRESENTATION('', (#6729), #8);
#6731 = POLY_LOOP('', (#745, #736, #737));
#6732 = FACE_OUTER_BOUND('', #6731, .T.);
#6733 = FACETED_BREP_SHAPE_REPRESENTATION('', (#6732), #8);
#6734 = POLY_LOOP('', (#744, #722, #721));
#6735 = FACE_OUTER_BOUND('', #6734, .T.);
#6736 = FACETED_BREP_SHAPE_REPRESENTATION('', (#6735), #8);
#6737 = POLY_LOOP('', (#745, #737, #738));
#6738 = FACE_OUTER_BOUND('', #6737, .T.);
#6739 = FACETED_BREP_SHAPE_REPRESENTATION('', (#6738), #8);
#6740 = POLY_LOOP('', (#744, #723, #722));
#6741 = FACE_OUTER_BOUND('', #6740, .T.);
#6742 = FACETED_BREP_SHAPE_REPRESENTATION('', (#6741), #8);
#6743 = POLY_LOOP('', (#745, #738, #739));
#6744 = FACE_OUTER_BOUND('', #6743, .T.);
#6745 = FACETED_BREP_SHAPE_REPRESENTATION('', (#6744), #8);
#6746 = POLY_LOOP('', (#744, #724, #723));
#6747 = FACE_OUTER_BOUND('', #6746, .T.);
#6748 = FACETED_BREP_SHAPE_REPRESENTATION('', (#6747), #8);
#6749 = POLY_LOOP('', (#745, #739, #740));
#6750 = FACE_OUTER_BOUND('', #6749, .T.);
#6751 = FACETED_BREP_SHAPE_REPRESENTATION('', (#6750), #8);
#6752 = POLY_LOOP('', (#744, #725, #724));
#6753 = FACE_OUTER_BOUND('', #6752, .T.);
#6754 = FACETED_BREP_SHAPE_REPRESENTATION('', (#6753), #8);
#6755 = POLY_LOOP('', (#745, #740, #741));
#6756 = FACE_OUTER_BOUND('', #6755, .T.);
#6757 = FACETED_BREP_SHAPE_REPRESENTATION('', (#6756), #8);
#6758 = POLY_LOOP('', (#744, #726, #725));
#6759 = FACE_OUTER_BOUND('', #6758, .T.);
#6760 = FACETED_BREP_SHAPE_REPRESENTATION('', (#6759), #8);
#6761 = POLY_LOOP('', (#745, #741, #742));
#6762 = FACE_OUTER_BOUND('', #6761, .T.);
#6763 = FACETED_BREP_SHAPE_REPRESENTATION('', (#6762), #8);
#6764 = POLY_LOOP('', (#744, #727, #726));
#6765 = FACE_OUTER_BOUND('', #6764, .T.);
#6766 = FACETED_BREP_SHAPE_REPRESENTATION('', (#6765), #8);
#6767 = POLY_LOOP('', (#745, #742, #743));
#6768 = FACE_OUTER_BOUND('', #6767, .T.);
#6769 = FACETED_BREP_SHAPE_REPRESENTATION('', (#6768), #8);
#6770 = POLY_LOOP('', (#744, #712, #727));
#6771 = FACE_OUTER_BOUND('', #6770, .T.);
#6772 = FACETED_BREP_SHAPE_REPRESENTATION('', (#6771), #8);
#6773 = POLY_LOOP('', (#745, #743, #728));
#6774 = FACE_OUTER_BOUND('', #6773, .T.);
#6775 = FACETED_BREP_SHAPE_REPRESENTATION('', (#6774), #8);
#6776 = POLY_LOOP('', (#746, #747, #759));
#6777 = FACE_OUTER_BOUND('', #6776, .T.);
#6778 = FACETED_BREP_SHAPE_REPRESENTATION('', (#6777), #8);
#6779 = POLY_LOOP('', (#746, #759, #758));
#6780 = FACE_OUTER_BOUND('', #6779, .T.);
#6781 = FACETED_BREP_SHAPE_REPRESENTATION('', (#6780), #8);
#6782 = POLY_LOOP('', (#747, #748, #760));
#6783 = FACE_OUTER_BOUND('', #6782, .T.);
#6784 = FACETED_BREP_SHAPE_REPRESENTATION('', (#6783), #8);
#6785 = POLY_LOOP('', (#747, #760, #759));
#6786 = FACE_OUTER_BOUND('', #6785, .T.);
#6787 = FACETED_BREP_SHAPE_REPRESENTATION('', (#6786), #8);
#6788 = POLY_LOOP('', (#748, #749, #761));
#6789 = FACE_OUTER_BOUND('', #6788, .T.);
#6790 = FACETED_BREP_SHAPE_REPRESENTATION('', (#6789), #8);
#6791 = POLY_LOOP('', (#748, #761, #760));
#6792 = FACE_OUTER_BOUND('', #6791, .T.);
#6793 = FACETED_BREP_SHAPE_REPRESENTATION('', (#6792), #8);
#6794 = POLY_LOOP('', (#749, #750, #762));
#6795 = FACE_OUTER_BOUND('', #6794, .T.);
#6796 = FACETED_BREP_SHAPE_REPRESENTATION('', (#6795), #8);
#6797 = POLY_LOOP('', (#749, #762, #761));
#6798 = FACE_OUTER_BOUND('', #6797, .T.);
#6799 = FACETED_BREP_SHAPE_REPRESENTATION('', (#6798), #8);
#6800 = POLY_LOOP('', (#750, #751, #763));
#6801 = FACE_OUTER_BOUND('', #6800, .T.);
#6802 = FACETED_BREP_SHAPE_REPRESENTATION('', (#6801), #8);
#6803 = POLY_LOOP('', (#750, #763, #762));
#6804 = FACE_OUTER_BOUND('', #6803, .T.);
#6805 = FACETED_BREP_SHAPE_REPRESENTATION('', (#6804), #8);
#6806 = POLY_LOOP('', (#751, #752, #764));
#6807 = FACE_OUTER_BOUND('', #6806, .T.);
#6808 = FACETED_BREP_SHAPE_REPRESENTATION('', (#6807), #8);
#6809 = POLY_LOOP('', (#751, #764, #763));
#6810 = FACE_OUTER_BOUND('', #6809, .T.);
#6811 = FACETED_BREP_SHAPE_REPRESENTATION('', (#6810), #8);
#6812 = POLY_LOOP('', (#752, #753, #765));
#6813 = FACE_OUTER_BOUND('', #6812, .T.);
#6814 = FACETED_BREP_SHAPE_REPRESENTATION('', (#6813), #8);
#6815 = POLY_LOOP('', (#752, #765, #764));
#6816 = FACE_OUTER_BOUND('', #6815, .T.);
#6817 = FACETED_BREP_SHAPE_REPRESENTATION('', (#6816), #8);
#6818 = POLY_LOOP('', (#753, #754, #766));
#6819 = FACE_OUTER_BOUND('', #6818, .T.);
#6820 = FACETED_BREP_SHAPE_REPRESENTATION('', (#6819), #8);
#6821 = POLY_LOOP('', (#753, #766, #765));
#6822 = FACE_OUTER_BOUND('', #6821, .T.);
#6823 = FACETED_BREP_SHAPE_REPRESENTATION('', (#6822), #8);
#6824 = POLY_LOOP('', (#754, #755, #767));
#6825 = FACE_OUTER_BOUND('', #6824, .T.);
#6826 = FACETED_BREP_SHAPE_REPRESENTATION('', (#6825), #8);
#6827 = POLY_LOOP('', (#754, #767, #766));
#6828 = FACE_OUTER_BOUND('', #6827, .T.);
#6829 = FACETED_BREP_SHAPE_REPRESENTATION('', (#6828), #8);
#6830 = POLY_LOOP('', (#755, #756, #768));
#6831 = FACE_OUTER_BOUND('', #6830, .T.);
#6832 = FACETED_BREP_SHAPE_REPRESENTATION('', (#6831), #8);
#6833 = POLY_LOOP('', (#755, #768, #767));
#6834 = FACE_OUTER_BOUND('', #6833, .T.);
#6835 = FACETED_BREP_SHAPE_REPRESENTATION('', (#6834), #8);
#6836 = POLY_LOOP('', (#756, #757, #769));
#6837 = FACE_OUTER_BOUND('', #6836, .T.);
#6838 = FACETED_BREP_SHAPE_REPRESENTATION('', (#6837), #8);
#6839 = POLY_LOOP('', (#756, #769, #768));
#6840 = FACE_OUTER_BOUND('', #6839, .T.);
#6841 = FACETED_BREP_SHAPE_REPRESENTATION('', (#6840), #8);
#6842 = POLY_LOOP('', (#757, #746, #758));
#6843 = FACE_OUTER_BOUND('', #6842, .T.);
#6844 = FACETED_BREP_SHAPE_REPRESENTATION('', (#6843), #8);
#6845 = POLY_LOOP('', (#757, #758, #769));
#6846 = FACE_OUTER_BOUND('', #6845, .T.);
#6847 = FACETED_BREP_SHAPE_REPRESENTATION('', (#6846), #8);
#6848 = POLY_LOOP('', (#770, #747, #746));
#6849 = FACE_OUTER_BOUND('', #6848, .T.);
#6850 = FACETED_BREP_SHAPE_REPRESENTATION('', (#6849), #8);
#6851 = POLY_LOOP('', (#771, #758, #759));
#6852 = FACE_OUTER_BOUND('', #6851, .T.);
#6853 = FACETED_BREP_SHAPE_REPRESENTATION('', (#6852), #8);
#6854 = POLY_LOOP('', (#770, #748, #747));
#6855 = FACE_OUTER_BOUND('', #6854, .T.);
#6856 = FACETED_BREP_SHAPE_REPRESENTATION('', (#6855), #8);
#6857 = POLY_LOOP('', (#771, #759, #760));
#6858 = FACE_OUTER_BOUND('', #6857, .T.);
#6859 = FACETED_BREP_SHAPE_REPRESENTATION('', (#6858), #8);
#6860 = POLY_LOOP('', (#770, #749, #748));
#6861 = FACE_OUTER_BOUND('', #6860, .T.);
#6862 = FACETED_BREP_SHAPE_REPRESENTATION('', (#6861), #8);
#6863 = POLY_LOOP('', (#771, #760, #761));
#6864 = FACE_OUTER_BOUND('', #6863, .T.);
#6865 = FACETED_BREP_SHAPE_REPRESENTATION('', (#6864), #8);
#6866 = POLY_LOOP('', (#770, #750, #749));
#6867 = FACE_OUTER_BOUND('', #6866, .T.);
#6868 = FACETED_BREP_SHAPE_REPRESENTATION('', (#6867), #8);
#6869 = POLY_LOOP('', (#771, #761, #762));
#6870 = FACE_OUTER_BOUND('', #6869, .T.);
#6871 = FACETED_BREP_SHAPE_REPRESENTATION('', (#6870), #8);
#6872 = POLY_LOOP('', (#770, #751, #750));
#6873 = FACE_OUTER_BOUND('', #6872, .T.);
#6874 = FACETED_BREP_SHAPE_REPRESENTATION('', (#6873), #8);
#6875 = POLY_LOOP('', (#771, #762, #763));
#6876 = FACE_OUTER_BOUND('', #6875, .T.);
#6877 = FACETED_BREP_SHAPE_REPRESENTATION('', (#6876), #8);
#6878 = POLY_LOOP('', (#770, #752, #751));
#6879 = FACE_OUTER_BOUND('', #6878, .T.);
#6880 = FACETED_BREP_SHAPE_REPRESENTATION('', (#6879), #8);
#6881 = POLY_LOOP('', (#771, #763, #764));
#6882 = FACE_OUTER_BOUND('', #6881, .T.);
#6883 = FACETED_BREP_SHAPE_REPRESENTATION('', (#6882), #8);
#6884 = POLY_LOOP('', (#770, #753, #752));
#6885 = FACE_OUTER_BOUND('', #6884, .T.);
#6886 = FACETED_BREP_SHAPE_REPRESENTATION('', (#6885), #8);
#6887 = POLY_LOOP('', (#771, #764, #765));
#6888 = FACE_OUTER_BOUND('', #6887, .T.);
#6889 = FACETED_BREP_SHAPE_REPRESENTATION('', (#6888), #8);
#6890 = POLY_LOOP('', (#770, #754, #753));
#6891 = FACE_OUTER_BOUND('', #6890, .T.);
#6892 = FACETED_BREP_SHAPE_REPRESENTATION('', (#6891), #8);
#6893 = POLY_LOOP('', (#771, #765, #766));
#6894 = FACE_OUTER_BOUND('', #6893, .T.);
#6895 = FACETED_BREP_SHAPE_REPRESENTATION('', (#6894), #8);
#6896 = POLY_LOOP('', (#770, #755, #754));
#6897 = FACE_OUTER_BOUND('', #6896, .T.);
#6898 = FACETED_BREP_SHAPE_REPRESENTATION('', (#6897), #8);
#6899 = POLY_LOOP('', (#771, #766, #767));
#6900 = FACE_OUTER_BOUND('', #6899, .T.);
#6901 = FACETED_BREP_SHAPE_REPRESENTATION('', (#6900), #8);
#6902 = POLY_LOOP('', (#770, #756, #755));
#6903 = FACE_OUTER_BOUND('', #6902, .T.);
#6904 = FACETED_BREP_SHAPE_REPRESENTATION('', (#6903), #8);
#6905 = POLY_LOOP('', (#771, #767, #768));
#6906 = FACE_OUTER_BOUND('', #6905, .T.);
#6907 = FACETED_BREP_SHAPE_REPRESENTATION('', (#6906), #8);
#6908 = POLY_LOOP('', (#770, #757, #756));
#6909 = FACE_OUTER_BOUND('', #6908, .T.);
#6910 = FACETED_BREP_SHAPE_REPRESENTATION('', (#6909), #8);
#6911 = POLY_LOOP('', (#771, #768, #769));
#6912 = FACE_OUTER_BOUND('', #6911, .T.);
#6913 = FACETED_BREP_SHAPE_REPRESENTATION('', (#6912), #8);
#6914 = POLY_LOOP('', (#770, #746, #757));
#6915 = FACE_OUTER_BOUND('', #6914, .T.);
#6916 = FACETED_BREP_SHAPE_REPRESENTATION('', (#6915), #8);
#6917 = POLY_LOOP('', (#771, #769, #758));
#6918 = FACE_OUTER_BOUND('', #6917, .T.);
#6919 = FACETED_BREP_SHAPE_REPRESENTATION('', (#6918), #8);
#6920 = POLY_LOOP('', (#772, #773, #789));
#6921 = FACE_OUTER_BOUND('', #6920, .T.);
#6922 = FACETED_BREP_SHAPE_REPRESENTATION('', (#6921), #8);
#6923 = POLY_LOOP('', (#772, #789, #788));
#6924 = FACE_OUTER_BOUND('', #6923, .T.);
#6925 = FACETED_BREP_SHAPE_REPRESENTATION('', (#6924), #8);
#6926 = POLY_LOOP('', (#773, #774, #790));
#6927 = FACE_OUTER_BOUND('', #6926, .T.);
#6928 = FACETED_BREP_SHAPE_REPRESENTATION('', (#6927), #8);
#6929 = POLY_LOOP('', (#773, #790, #789));
#6930 = FACE_OUTER_BOUND('', #6929, .T.);
#6931 = FACETED_BREP_SHAPE_REPRESENTATION('', (#6930), #8);
#6932 = POLY_LOOP('', (#774, #775, #791));
#6933 = FACE_OUTER_BOUND('', #6932, .T.);
#6934 = FACETED_BREP_SHAPE_REPRESENTATION('', (#6933), #8);
#6935 = POLY_LOOP('', (#774, #791, #790));
#6936 = FACE_OUTER_BOUND('', #6935, .T.);
#6937 = FACETED_BREP_SHAPE_REPRESENTATION('', (#6936), #8);
#6938 = POLY_LOOP('', (#775, #776, #792));
#6939 = FACE_OUTER_BOUND('', #6938, .T.);
#6940 = FACETED_BREP_SHAPE_REPRESENTATION('', (#6939), #8);
#6941 = POLY_LOOP('', (#775, #792, #791));
#6942 = FACE_OUTER_BOUND('', #6941, .T.);
#6943 = FACETED_BREP_SHAPE_REPRESENTATION('', (#6942), #8);
#6944 = POLY_LOOP('', (#776, #777, #793));
#6945 = FACE_OUTER_BOUND('', #6944, .T.);
#6946 = FACETED_BREP_SHAPE_REPRESENTATION('', (#6945), #8);
#6947 = POLY_LOOP('', (#776, #793, #792));
#6948 = FACE_OUTER_BOUND('', #6947, .T.);
#6949 = FACETED_BREP_SHAPE_REPRESENTATION('', (#6948), #8);
#6950 = POLY_LOOP('', (#777, #778, #794));
#6951 = FACE_OUTER_BOUND('', #6950, .T.);
#6952 = FACETED_BREP_SHAPE_REPRESENTATION('', (#6951), #8);
#6953 = POLY_LOOP('', (#777, #794, #793));
#6954 = FACE_OUTER_BOUND('', #6953, .T.);
#6955 = FACETED_BREP_SHAPE_REPRESENTATION('', (#6954), #8);
#6956 = POLY_LOOP('', (#778, #779, #795));
#6957 = FACE_OUTER_BOUND('', #6956, .T.);
#6958 = FACETED_BREP_SHAPE_REPRESENTATION('', (#6957), #8);
#6959 = POLY_LOOP('', (#778, #795, #794));
#6960 = FACE_OUTER_BOUND('', #6959, .T.);
#6961 = FACETED_BREP_SHAPE_REPRESENTATION('', (#6960), #8);
#6962 = POLY_LOOP('', (#779, #780, #796));
#6963 = FACE_OUTER_BOUND('', #6962, .T.);
#6964 = FACETED_BREP_SHAPE_REPRESENTATION('', (#6963), #8);
#6965 = POLY_LOOP('', (#779, #796, #795));
#6966 = FACE_OUTER_BOUND('', #6965, .T.);
#6967 = FACETED_BREP_SHAPE_REPRESENTATION('', (#6966), #8);
#6968 = POLY_LOOP('', (#780, #781, #797));
#6969 = FACE_OUTER_BOUND('', #6968, .T.);
#6970 = FACETED_BREP_SHAPE_REPRESENTATION('', (#6969), #8);
#6971 = POLY_LOOP('', (#780, #797, #796));
#6972 = FACE_OUTER_BOUND('', #6971, .T.);
#6973 = FACETED_BREP_SHAPE_REPRESENTATION('', (#6972), #8);
#6974 = POLY_LOOP('', (#781, #782, #798));
#6975 = FACE_OUTER_BOUND('', #6974, .T.);
#6976 = FACETED_BREP_SHAPE_REPRESENTATION('', (#6975), #8);
#6977 = POLY_LOOP('', (#781, #798, #797));
#6978 = FACE_OUTER_BOUND('', #6977, .T.);
#6979 = FACETED_BREP_SHAPE_REPRESENTATION('', (#6978), #8);
#6980 = POLY_LOOP('', (#782, #783, #799));
#6981 = FACE_OUTER_BOUND('', #6980, .T.);
#6982 = FACETED_BREP_SHAPE_REPRESENTATION('', (#6981), #8);
#6983 = POLY_LOOP('', (#782, #799, #798));
#6984 = FACE_OUTER_BOUND('', #6983, .T.);
#6985 = FACETED_BREP_SHAPE_REPRESENTATION('', (#6984), #8);
#6986 = POLY_LOOP('', (#783, #784, #800));
#6987 = FACE_OUTER_BOUND('', #6986, .T.);
#6988 = FACETED_BREP_SHAPE_REPRESENTATION('', (#6987), #8);
#6989 = POLY_LOOP('', (#783, #800, #799));
#6990 = FACE_OUTER_BOUND('', #6989, .T.);
#6991 = FACETED_BREP_SHAPE_REPRESENTATION('', (#6990), #8);
#6992 = POLY_LOOP('', (#784, #785, #801));
#6993 = FACE_OUTER_BOUND('', #6992, .T.);
#6994 = FACETED_BREP_SHAPE_REPRESENTATION('', (#6993), #8);
#6995 = POLY_LOOP('', (#784, #801, #800));
#6996 = FACE_OUTER_BOUND('', #6995, .T.);
#6997 = FACETED_BREP_SHAPE_REPRESENTATION('', (#6996), #8);
#6998 = POLY_LOOP('', (#785, #786, #802));
#6999 = FACE_OUTER_BOUND('', #6998, .T.);
#7000 = FACETED_BREP_SHAPE_REPRESENTATION('', (#6999), #8);
#7001 = POLY_LOOP('', (#785, #802, #801));
#7002 = FACE_OUTER_BOUND('', #7001, .T.);
#7003 = FACETED_BREP_SHAPE_REPRESENTATION('', (#7002), #8);
#7004 = POLY_LOOP('', (#786, #787, #803));
#7005 = FACE_OUTER_BOUND('', #7004, .T.);
#7006 = FACETED_BREP_SHAPE_REPRESENTATION('', (#7005), #8);
#7007 = POLY_LOOP('', (#786, #803, #802));
#7008 = FACE_OUTER_BOUND('', #7007, .T.);
#7009 = FACETED_BREP_SHAPE_REPRESENTATION('', (#7008), #8);
#7010 = POLY_LOOP('', (#787, #772, #788));
#7011 = FACE_OUTER_BOUND('', #7010, .T.);
#7012 = FACETED_BREP_SHAPE_REPRESENTATION('', (#7011), #8);
#7013 = POLY_LOOP('', (#787, #788, #803));
#7014 = FACE_OUTER_BOUND('', #7013, .T.);
#7015 = FACETED_BREP_SHAPE_REPRESENTATION('', (#7014), #8);
#7016 = POLY_LOOP('', (#804, #773, #772));
#7017 = FACE_OUTER_BOUND('', #7016, .T.);
#7018 = FACETED_BREP_SHAPE_REPRESENTATION('', (#7017), #8);
#7019 = POLY_LOOP('', (#805, #788, #789));
#7020 = FACE_OUTER_BOUND('', #7019, .T.);
#7021 = FACETED_BREP_SHAPE_REPRESENTATION('', (#7020), #8);
#7022 = POLY_LOOP('', (#804, #774, #773));
#7023 = FACE_OUTER_BOUND('', #7022, .T.);
#7024 = FACETED_BREP_SHAPE_REPRESENTATION('', (#7023), #8);
#7025 = POLY_LOOP('', (#805, #789, #790));
#7026 = FACE_OUTER_BOUND('', #7025, .T.);
#7027 = FACETED_BREP_SHAPE_REPRESENTATION('', (#7026), #8);
#7028 = POLY_LOOP('', (#804, #775, #774));
#7029 = FACE_OUTER_BOUND('', #7028, .T.);
#7030 = FACETED_BREP_SHAPE_REPRESENTATION('', (#7029), #8);
#7031 = POLY_LOOP('', (#805, #790, #791));
#7032 = FACE_OUTER_BOUND('', #7031, .T.);
#7033 = FACETED_BREP_SHAPE_REPRESENTATION('', (#7032), #8);
#7034 = POLY_LOOP('', (#804, #776, #775));
#7035 = FACE_OUTER_BOUND('', #7034, .T.);
#7036 = FACETED_BREP_SHAPE_REPRESENTATION('', (#7035), #8);
#7037 = POLY_LOOP('', (#805, #791, #792));
#7038 = FACE_OUTER_BOUND('', #7037, .T.);
#7039 = FACETED_BREP_SHAPE_REPRESENTATION('', (#7038), #8);
#7040 = POLY_LOOP('', (#804, #777, #776));
#7041 = FACE_OUTER_BOUND('', #7040, .T.);
#7042 = FACETED_BREP_SHAPE_REPRESENTATION('', (#7041), #8);
#7043 = POLY_LOOP('', (#805, #792, #793));
#7044 = FACE_OUTER_BOUND('', #7043, .T.);
#7045 = FACETED_BREP_SHAPE_REPRESENTATION('', (#7044), #8);
#7046 = POLY_LOOP('', (#804, #778, #777));
#7047 = FACE_OUTER_BOUND('', #7046, .T.);
#7048 = FACETED_BREP_SHAPE_REPRESENTATION('', (#7047), #8);
#7049 = POLY_LOOP('', (#805, #793, #794));
#7050 = FACE_OUTER_BOUND('', #7049, .T.);
#7051 = FACETED_BREP_SHAPE_REPRESENTATION('', (#7050), #8);
#7052 = POLY_LOOP('', (#804, #779, #778));
#7053 = FACE_OUTER_BOUND('', #7052, .T.);
#7054 = FACETED_BREP_SHAPE_REPRESENTATION('', (#7053), #8);
#7055 = POLY_LOOP('', (#805, #794, #795));
#7056 = FACE_OUTER_BOUND('', #7055, .T.);
#7057 = FACETED_BREP_SHAPE_REPRESENTATION('', (#7056), #8);
#7058 = POLY_LOOP('', (#804, #780, #779));
#7059 = FACE_OUTER_BOUND('', #7058, .T.);
#7060 = FACETED_BREP_SHAPE_REPRESENTATION('', (#7059), #8);
#7061 = POLY_LOOP('', (#805, #795, #796));
#7062 = FACE_OUTER_BOUND('', #7061, .T.);
#7063 = FACETED_BREP_SHAPE_REPRESENTATION('', (#7062), #8);
#7064 = POLY_LOOP('', (#804, #781, #780));
#7065 = FACE_OUTER_BOUND('', #7064, .T.);
#7066 = FACETED_BREP_SHAPE_REPRESENTATION('', (#7065), #8);
#7067 = POLY_LOOP('', (#805, #796, #797));
#7068 = FACE_OUTER_BOUND('', #7067, .T.);
#7069 = FACETED_BREP_SHAPE_REPRESENTATION('', (#7068), #8);
#7070 = POLY_LOOP('', (#804, #782, #781));
#7071 = FACE_OUTER_BOUND('', #7070, .T.);
#7072 = FACETED_BREP_SHAPE_REPRESENTATION('', (#7071), #8);
#7073 = POLY_LOOP('', (#805, #797, #798));
#7074 = FACE_OUTER_BOUND('', #7073, .T.);
#7075 = FACETED_BREP_SHAPE_REPRESENTATION('', (#7074), #8);
#7076 = POLY_LOOP('', (#804, #783, #782));
#7077 = FACE_OUTER_BOUND('', #7076, .T.);
#7078 = FACETED_BREP_SHAPE_REPRESENTATION('', (#7077), #8);
#7079 = POLY_LOOP('', (#805, #798, #799));
#7080 = FACE_OUTER_BOUND('', #7079, .T.);
#7081 = FACETED_BREP_SHAPE_REPRESENTATION('', (#7080), #8);
#7082 = POLY_LOOP('', (#804, #784, #783));
#7083 = FACE_OUTER_BOUND('', #7082, .T.);
#7084 = FACETED_BREP_SHAPE_REPRESENTATION('', (#7083), #8);
#7085 = POLY_LOOP('', (#805, #799, #800));
#7086 = FACE_OUTER_BOUND('', #7085, .T.);
#7087 = FACETED_BREP_SHAPE_REPRESENTATION('', (#7086), #8);
#7088 = POLY_LOOP('', (#804, #785, #784));
#7089 = FACE_OUTER_BOUND('', #7088, .T.);
#7090 = FACETED_BREP_SHAPE_REPRESENTATION('', (#7089), #8);
#7091 = POLY_LOOP('', (#805, #800, #801));
#7092 = FACE_OUTER_BOUND('', #7091, .T.);
#7093 = FACETED_BREP_SHAPE_REPRESENTATION('', (#7092), #8);
#7094 = POLY_LOOP('', (#804, #786, #785));
#7095 = FACE_OUTER_BOUND('', #7094, .T.);
#7096 = FACETED_BREP_SHAPE_REPRESENTATION('', (#7095), #8);
#7097 = POLY_LOOP('', (#805, #801, #802));
#7098 = FACE_OUTER_BOUND('', #7097, .T.);
#7099 = FACETED_BREP_SHAPE_REPRESENTATION('', (#7098), #8);
#7100 = POLY_LOOP('', (#804, #787, #786));
#7101 = FACE_OUTER_BOUND('', #7100, .T.);
#7102 = FACETED_BREP_SHAPE_REPRESENTATION('', (#7101), #8);
#7103 = POLY_LOOP('', (#805, #802, #803));
#7104 = FACE_OUTER_BOUND('', #7103, .T.);
#7105 = FACETED_BREP_SHAPE_REPRESENTATION('', (#7104), #8);
#7106 = POLY_LOOP('', (#804, #772, #787));
#7107 = FACE_OUTER_BOUND('', #7106, .T.);
#7108 = FACETED_BREP_SHAPE_REPRESENTATION('', (#7107), #8);
#7109 = POLY_LOOP('', (#805, #803, #788));
#7110 = FACE_OUTER_BOUND('', #7109, .T.);
#7111 = FACETED_BREP_SHAPE_REPRESENTATION('', (#7110), #8);
#7112 = POLY_LOOP('', (#806, #807, #819));
#7113 = FACE_OUTER_BOUND('', #7112, .T.);
#7114 = FACETED_BREP_SHAPE_REPRESENTATION('', (#7113), #8);
#7115 = POLY_LOOP('', (#806, #819, #818));
#7116 = FACE_OUTER_BOUND('', #7115, .T.);
#7117 = FACETED_BREP_SHAPE_REPRESENTATION('', (#7116), #8);
#7118 = POLY_LOOP('', (#807, #808, #820));
#7119 = FACE_OUTER_BOUND('', #7118, .T.);
#7120 = FACETED_BREP_SHAPE_REPRESENTATION('', (#7119), #8);
#7121 = POLY_LOOP('', (#807, #820, #819));
#7122 = FACE_OUTER_BOUND('', #7121, .T.);
#7123 = FACETED_BREP_SHAPE_REPRESENTATION('', (#7122), #8);
#7124 = POLY_LOOP('', (#808, #809, #821));
#7125 = FACE_OUTER_BOUND('', #7124, .T.);
#7126 = FACETED_BREP_SHAPE_REPRESENTATION('', (#7125), #8);
#7127 = POLY_LOOP('', (#808, #821, #820));
#7128 = FACE_OUTER_BOUND('', #7127, .T.);
#7129 = FACETED_BREP_SHAPE_REPRESENTATION('', (#7128), #8);
#7130 = POLY_LOOP('', (#809, #810, #822));
#7131 = FACE_OUTER_BOUND('', #7130, .T.);
#7132 = FACETED_BREP_SHAPE_REPRESENTATION('', (#7131), #8);
#7133 = POLY_LOOP('', (#809, #822, #821));
#7134 = FACE_OUTER_BOUND('', #7133, .T.);
#7135 = FACETED_BREP_SHAPE_REPRESENTATION('', (#7134), #8);
#7136 = POLY_LOOP('', (#810, #811, #823));
#7137 = FACE_OUTER_BOUND('', #7136, .T.);
#7138 = FACETED_BREP_SHAPE_REPRESENTATION('', (#7137), #8);
#7139 = POLY_LOOP('', (#810, #823, #822));
#7140 = FACE_OUTER_BOUND('', #7139, .T.);
#7141 = FACETED_BREP_SHAPE_REPRESENTATION('', (#7140), #8);
#7142 = POLY_LOOP('', (#811, #812, #824));
#7143 = FACE_OUTER_BOUND('', #7142, .T.);
#7144 = FACETED_BREP_SHAPE_REPRESENTATION('', (#7143), #8);
#7145 = POLY_LOOP('', (#811, #824, #823));
#7146 = FACE_OUTER_BOUND('', #7145, .T.);
#7147 = FACETED_BREP_SHAPE_REPRESENTATION('', (#7146), #8);
#7148 = POLY_LOOP('', (#812, #813, #825));
#7149 = FACE_OUTER_BOUND('', #7148, .T.);
#7150 = FACETED_BREP_SHAPE_REPRESENTATION('', (#7149), #8);
#7151 = POLY_LOOP('', (#812, #825, #824));
#7152 = FACE_OUTER_BOUND('', #7151, .T.);
#7153 = FACETED_BREP_SHAPE_REPRESENTATION('', (#7152), #8);
#7154 = POLY_LOOP('', (#813, #814, #826));
#7155 = FACE_OUTER_BOUND('', #7154, .T.);
#7156 = FACETED_BREP_SHAPE_REPRESENTATION('', (#7155), #8);
#7157 = POLY_LOOP('', (#813, #826, #825));
#7158 = FACE_OUTER_BOUND('', #7157, .T.);
#7159 = FACETED_BREP_SHAPE_REPRESENTATION('', (#7158), #8);
#7160 = POLY_LOOP('', (#814, #815, #827));
#7161 = FACE_OUTER_BOUND('', #7160, .T.);
#7162 = FACETED_BREP_SHAPE_REPRESENTATION('', (#7161), #8);
#7163 = POLY_LOOP('', (#814, #827, #826));
#7164 = FACE_OUTER_BOUND('', #7163, .T.);
#7165 = FACETED_BREP_SHAPE_REPRESENTATION('', (#7164), #8);
#7166 = POLY_LOOP('', (#815, #816, #828));
#7167 = FACE_OUTER_BOUND('', #7166, .T.);
#7168 = FACETED_BREP_SHAPE_REPRESENTATION('', (#7167), #8);
#7169 = POLY_LOOP('', (#815, #828, #827));
#7170 = FACE_OUTER_BOUND('', #7169, .T.);
#7171 = FACETED_BREP_SHAPE_REPRESENTATION('', (#7170), #8);
#7172 = POLY_LOOP('', (#816, #817, #829));
#7173 = FACE_OUTER_BOUND('', #7172, .T.);
#7174 = FACETED_BREP_SHAPE_REPRESENTATION('', (#7173), #8);
#7175 = POLY_LOOP('', (#816, #829, #828));
#7176 = FACE_OUTER_BOUND('', #7175, .T.);
#7177 = FACETED_BREP_SHAPE_REPRESENTATION('', (#7176), #8);
#7178 = POLY_LOOP('', (#817, #806, #818));
#7179 = FACE_OUTER_BOUND('', #7178, .T.);
#7180 = FACETED_BREP_SHAPE_REPRESENTATION('', (#7179), #8);
#7181 = POLY_LOOP('', (#817, #818, #829));
#7182 = FACE_OUTER_BOUND('', #7181, .T.);
#7183 = FACETED_BREP_SHAPE_REPRESENTATION('', (#7182), #8);
#7184 = POLY_LOOP('', (#830, #807, #806));
#7185 = FACE_OUTER_BOUND('', #7184, .T.);
#7186 = FACETED_BREP_SHAPE_REPRESENTATION('', (#7185), #8);
#7187 = POLY_LOOP('', (#831, #818, #819));
#7188 = FACE_OUTER_BOUND('', #7187, .T.);
#7189 = FACETED_BREP_SHAPE_REPRESENTATION('', (#7188), #8);
#7190 = POLY_LOOP('', (#830, #808, #807));
#7191 = FACE_OUTER_BOUND('', #7190, .T.);
#7192 = FACETED_BREP_SHAPE_REPRESENTATION('', (#7191), #8);
#7193 = POLY_LOOP('', (#831, #819, #820));
#7194 = FACE_OUTER_BOUND('', #7193, .T.);
#7195 = FACETED_BREP_SHAPE_REPRESENTATION('', (#7194), #8);
#7196 = POLY_LOOP('', (#830, #809, #808));
#7197 = FACE_OUTER_BOUND('', #7196, .T.);
#7198 = FACETED_BREP_SHAPE_REPRESENTATION('', (#7197), #8);
#7199 = POLY_LOOP('', (#831, #820, #821));
#7200 = FACE_OUTER_BOUND('', #7199, .T.);
#7201 = FACETED_BREP_SHAPE_REPRESENTATION('', (#7200), #8);
#7202 = POLY_LOOP('', (#830, #810, #809));
#7203 = FACE_OUTER_BOUND('', #7202, .T.);
#7204 = FACETED_BREP_SHAPE_REPRESENTATION('', (#7203), #8);
#7205 = POLY_LOOP('', (#831, #821, #822));
#7206 = FACE_OUTER_BOUND('', #7205, .T.);
#7207 = FACETED_BREP_SHAPE_REPRESENTATION('', (#7206), #8);
#7208 = POLY_LOOP('', (#830, #811, #810));
#7209 = FACE_OUTER_BOUND('', #7208, .T.);
#7210 = FACETED_BREP_SHAPE_REPRESENTATION('', (#7209), #8);
#7211 = POLY_LOOP('', (#831, #822, #823));
#7212 = FACE_OUTER_BOUND('', #7211, .T.);
#7213 = FACETED_BREP_SHAPE_REPRESENTATION('', (#7212), #8);
#7214 = POLY_LOOP('', (#830, #812, #811));
#7215 = FACE_OUTER_BOUND('', #7214, .T.);
#7216 = FACETED_BREP_SHAPE_REPRESENTATION('', (#7215), #8);
#7217 = POLY_LOOP('', (#831, #823, #824));
#7218 = FACE_OUTER_BOUND('', #7217, .T.);
#7219 = FACETED_BREP_SHAPE_REPRESENTATION('', (#7218), #8);
#7220 = POLY_LOOP('', (#830, #813, #812));
#7221 = FACE_OUTER_BOUND('', #7220, .T.);
#7222 = FACETED_BREP_SHAPE_REPRESENTATION('', (#7221), #8);
#7223 = POLY_LOOP('', (#831, #824, #825));
#7224 = FACE_OUTER_BOUND('', #7223, .T.);
#7225 = FACETED_BREP_SHAPE_REPRESENTATION('', (#7224), #8);
#7226 = POLY_LOOP('', (#830, #814, #813));
#7227 = FACE_OUTER_BOUND('', #7226, .T.);
#7228 = FACETED_BREP_SHAPE_REPRESENTATION('', (#7227), #8);
#7229 = POLY_LOOP('', (#831, #825, #826));
#7230 = FACE_OUTER_BOUND('', #7229, .T.);
#7231 = FACETED_BREP_SHAPE_REPRESENTATION('', (#7230), #8);
#7232 = POLY_LOOP('', (#830, #815, #814));
#7233 = FACE_OUTER_BOUND('', #7232, .T.);
#7234 = FACETED_BREP_SHAPE_REPRESENTATION('', (#7233), #8);
#7235 = POLY_LOOP('', (#831, #826, #827));
#7236 = FACE_OUTER_BOUND('', #7235, .T.);
#7237 = FACETED_BREP_SHAPE_REPRESENTATION('', (#7236), #8);
#7238 = POLY_LOOP('', (#830, #816, #815));
#7239 = FACE_OUTER_BOUND('', #7238, .T.);
#7240 = FACETED_BREP_SHAPE_REPRESENTATION('', (#7239), #8);
#7241 = POLY_LOOP('', (#831, #827, #828));
#7242 = FACE_OUTER_BOUND('', #7241, .T.);
#7243 = FACETED_BREP_SHAPE_REPRESENTATION('', (#7242), #8);
#7244 = POLY_LOOP('', (#830, #817, #816));
#7245 = FACE_OUTER_BOUND('', #7244, .T.);
#7246 = FACETED_BREP_SHAPE_REPRESENTATION('', (#7245), #8);
#7247 = POLY_LOOP('', (#831, #828, #829));
#7248 = FACE_OUTER_BOUND('', #7247, .T.);
#7249 = FACETED_BREP_SHAPE_REPRESENTATION('', (#7248), #8);
#7250 = POLY_LOOP('', (#830, #806, #817));
#7251 = FACE_OUTER_BOUND('', #7250, .T.);
#7252 = FACETED_BREP_SHAPE_REPRESENTATION('', (#7251), #8);
#7253 = POLY_LOOP('', (#831, #829, #818));
#7254 = FACE_OUTER_BOUND('', #7253, .T.);
#7255 = FACETED_BREP_SHAPE_REPRESENTATION('', (#7254), #8);
#7256 = POLY_LOOP('', (#832, #833, #849));
#7257 = FACE_OUTER_BOUND('', #7256, .T.);
#7258 = FACETED_BREP_SHAPE_REPRESENTATION('', (#7257), #8);
#7259 = POLY_LOOP('', (#832, #849, #848));
#7260 = FACE_OUTER_BOUND('', #7259, .T.);
#7261 = FACETED_BREP_SHAPE_REPRESENTATION('', (#7260), #8);
#7262 = POLY_LOOP('', (#833, #834, #850));
#7263 = FACE_OUTER_BOUND('', #7262, .T.);
#7264 = FACETED_BREP_SHAPE_REPRESENTATION('', (#7263), #8);
#7265 = POLY_LOOP('', (#833, #850, #849));
#7266 = FACE_OUTER_BOUND('', #7265, .T.);
#7267 = FACETED_BREP_SHAPE_REPRESENTATION('', (#7266), #8);
#7268 = POLY_LOOP('', (#834, #835, #851));
#7269 = FACE_OUTER_BOUND('', #7268, .T.);
#7270 = FACETED_BREP_SHAPE_REPRESENTATION('', (#7269), #8);
#7271 = POLY_LOOP('', (#834, #851, #850));
#7272 = FACE_OUTER_BOUND('', #7271, .T.);
#7273 = FACETED_BREP_SHAPE_REPRESENTATION('', (#7272), #8);
#7274 = POLY_LOOP('', (#835, #836, #852));
#7275 = FACE_OUTER_BOUND('', #7274, .T.);
#7276 = FACETED_BREP_SHAPE_REPRESENTATION('', (#7275), #8);
#7277 = POLY_LOOP('', (#835, #852, #851));
#7278 = FACE_OUTER_BOUND('', #7277, .T.);
#7279 = FACETED_BREP_SHAPE_REPRESENTATION('', (#7278), #8);
#7280 = POLY_LOOP('', (#836, #837, #853));
#7281 = FACE_OUTER_BOUND('', #7280, .T.);
#7282 = FACETED_BREP_SHAPE_REPRESENTATION('', (#7281), #8);
#7283 = POLY_LOOP('', (#836, #853, #852));
#7284 = FACE_OUTER_BOUND('', #7283, .T.);
#7285 = FACETED_BREP_SHAPE_REPRESENTATION('', (#7284), #8);
#7286 = POLY_LOOP('', (#837, #838, #854));
#7287 = FACE_OUTER_BOUND('', #7286, .T.);
#7288 = FACETED_BREP_SHAPE_REPRESENTATION('', (#7287), #8);
#7289 = POLY_LOOP('', (#837, #854, #853));
#7290 = FACE_OUTER_BOUND('', #7289, .T.);
#7291 = FACETED_BREP_SHAPE_REPRESENTATION('', (#7290), #8);
#7292 = POLY_LOOP('', (#838, #839, #855));
#7293 = FACE_OUTER_BOUND('', #7292, .T.);
#7294 = FACETED_BREP_SHAPE_REPRESENTATION('', (#7293), #8);
#7295 = POLY_LOOP('', (#838, #855, #854));
#7296 = FACE_OUTER_BOUND('', #7295, .T.);
#7297 = FACETED_BREP_SHAPE_REPRESENTATION('', (#7296), #8);
#7298 = POLY_LOOP('', (#839, #840, #856));
#7299 = FACE_OUTER_BOUND('', #7298, .T.);
#7300 = FACETED_BREP_SHAPE_REPRESENTATION('', (#7299), #8);
#7301 = POLY_LOOP('', (#839, #856, #855));
#7302 = FACE_OUTER_BOUND('', #7301, .T.);
#7303 = FACETED_BREP_SHAPE_REPRESENTATION('', (#7302), #8);
#7304 = POLY_LOOP('', (#840, #841, #857));
#7305 = FACE_OUTER_BOUND('', #7304, .T.);
#7306 = FACETED_BREP_SHAPE_REPRESENTATION('', (#7305), #8);
#7307 = POLY_LOOP('', (#840, #857, #856));
#7308 = FACE_OUTER_BOUND('', #7307, .T.);
#7309 = FACETED_BREP_SHAPE_REPRESENTATION('', (#7308), #8);
#7310 = POLY_LOOP('', (#841, #842, #858));
#7311 = FACE_OUTER_BOUND('', #7310, .T.);
#7312 = FACETED_BREP_SHAPE_REPRESENTATION('', (#7311), #8);
#7313 = POLY_LOOP('', (#841, #858, #857));
#7314 = FACE_OUTER_BOUND('', #7313, .T.);
#7315 = FACETED_BREP_SHAPE_REPRESENTATION('', (#7314), #8);
#7316 = POLY_LOOP('', (#842, #843, #859));
#7317 = FACE_OUTER_BOUND('', #7316, .T.);
#7318 = FACETED_BREP_SHAPE_REPRESENTATION('', (#7317), #8);
#7319 = POLY_LOOP('', (#842, #859, #858));
#7320 = FACE_OUTER_BOUND('', #7319, .T.);
#7321 = FACETED_BREP_SHAPE_REPRESENTATION('', (#7320), #8);
#7322 = POLY_LOOP('', (#843, #844, #860));
#7323 = FACE_OUTER_BOUND('', #7322, .T.);
#7324 = FACETED_BREP_SHAPE_REPRESENTATION('', (#7323), #8);
#7325 = POLY_LOOP('', (#843, #860, #859));
#7326 = FACE_OUTER_BOUND('', #7325, .T.);
#7327 = FACETED_BREP_SHAPE_REPRESENTATION('', (#7326), #8);
#7328 = POLY_LOOP('', (#844, #845, #861));
#7329 = FACE_OUTER_BOUND('', #7328, .T.);
#7330 = FACETED_BREP_SHAPE_REPRESENTATION('', (#7329), #8);
#7331 = POLY_LOOP('', (#844, #861, #860));
#7332 = FACE_OUTER_BOUND('', #7331, .T.);
#7333 = FACETED_BREP_SHAPE_REPRESENTATION('', (#7332), #8);
#7334 = POLY_LOOP('', (#845, #846, #862));
#7335 = FACE_OUTER_BOUND('', #7334, .T.);
#7336 = FACETED_BREP_SHAPE_REPRESENTATION('', (#7335), #8);
#7337 = POLY_LOOP('', (#845, #862, #861));
#7338 = FACE_OUTER_BOUND('', #7337, .T.);
#7339 = FACETED_BREP_SHAPE_REPRESENTATION('', (#7338), #8);
#7340 = POLY_LOOP('', (#846, #847, #863));
#7341 = FACE_OUTER_BOUND('', #7340, .T.);
#7342 = FACETED_BREP_SHAPE_REPRESENTATION('', (#7341), #8);
#7343 = POLY_LOOP('', (#846, #863, #862));
#7344 = FACE_OUTER_BOUND('', #7343, .T.);
#7345 = FACETED_BREP_SHAPE_REPRESENTATION('', (#7344), #8);
#7346 = POLY_LOOP('', (#847, #832, #848));
#7347 = FACE_OUTER_BOUND('', #7346, .T.);
#7348 = FACETED_BREP_SHAPE_REPRESENTATION('', (#7347), #8);
#7349 = POLY_LOOP('', (#847, #848, #863));
#7350 = FACE_OUTER_BOUND('', #7349, .T.);
#7351 = FACETED_BREP_SHAPE_REPRESENTATION('', (#7350), #8);
#7352 = POLY_LOOP('', (#864, #833, #832));
#7353 = FACE_OUTER_BOUND('', #7352, .T.);
#7354 = FACETED_BREP_SHAPE_REPRESENTATION('', (#7353), #8);
#7355 = POLY_LOOP('', (#865, #848, #849));
#7356 = FACE_OUTER_BOUND('', #7355, .T.);
#7357 = FACETED_BREP_SHAPE_REPRESENTATION('', (#7356), #8);
#7358 = POLY_LOOP('', (#864, #834, #833));
#7359 = FACE_OUTER_BOUND('', #7358, .T.);
#7360 = FACETED_BREP_SHAPE_REPRESENTATION('', (#7359), #8);
#7361 = POLY_LOOP('', (#865, #849, #850));
#7362 = FACE_OUTER_BOUND('', #7361, .T.);
#7363 = FACETED_BREP_SHAPE_REPRESENTATION('', (#7362), #8);
#7364 = POLY_LOOP('', (#864, #835, #834));
#7365 = FACE_OUTER_BOUND('', #7364, .T.);
#7366 = FACETED_BREP_SHAPE_REPRESENTATION('', (#7365), #8);
#7367 = POLY_LOOP('', (#865, #850, #851));
#7368 = FACE_OUTER_BOUND('', #7367, .T.);
#7369 = FACETED_BREP_SHAPE_REPRESENTATION('', (#7368), #8);
#7370 = POLY_LOOP('', (#864, #836, #835));
#7371 = FACE_OUTER_BOUND('', #7370, .T.);
#7372 = FACETED_BREP_SHAPE_REPRESENTATION('', (#7371), #8);
#7373 = POLY_LOOP('', (#865, #851, #852));
#7374 = FACE_OUTER_BOUND('', #7373, .T.);
#7375 = FACETED_BREP_SHAPE_REPRESENTATION('', (#7374), #8);
#7376 = POLY_LOOP('', (#864, #837, #836));
#7377 = FACE_OUTER_BOUND('', #7376, .T.);
#7378 = FACETED_BREP_SHAPE_REPRESENTATION('', (#7377), #8);
#7379 = POLY_LOOP('', (#865, #852, #853));
#7380 = FACE_OUTER_BOUND('', #7379, .T.);
#7381 = FACETED_BREP_SHAPE_REPRESENTATION('', (#7380), #8);
#7382 = POLY_LOOP('', (#864, #838, #837));
#7383 = FACE_OUTER_BOUND('', #7382, .T.);
#7384 = FACETED_BREP_SHAPE_REPRESENTATION('', (#7383), #8);
#7385 = POLY_LOOP('', (#865, #853, #854));
#7386 = FACE_OUTER_BOUND('', #7385, .T.);
#7387 = FACETED_BREP_SHAPE_REPRESENTATION('', (#7386), #8);
#7388 = POLY_LOOP('', (#864, #839, #838));
#7389 = FACE_OUTER_BOUND('', #7388, .T.);
#7390 = FACETED_BREP_SHAPE_REPRESENTATION('', (#7389), #8);
#7391 = POLY_LOOP('', (#865, #854, #855));
#7392 = FACE_OUTER_BOUND('', #7391, .T.);
#7393 = FACETED_BREP_SHAPE_REPRESENTATION('', (#7392), #8);
#7394 = POLY_LOOP('', (#864, #840, #839));
#7395 = FACE_OUTER_BOUND('', #7394, .T.);
#7396 = FACETED_BREP_SHAPE_REPRESENTATION('', (#7395), #8);
#7397 = POLY_LOOP('', (#865, #855, #856));
#7398 = FACE_OUTER_BOUND('', #7397, .T.);
#7399 = FACETED_BREP_SHAPE_REPRESENTATION('', (#7398), #8);
#7400 = POLY_LOOP('', (#864, #841, #840));
#7401 = FACE_OUTER_BOUND('', #7400, .T.);
#7402 = FACETED_BREP_SHAPE_REPRESENTATION('', (#7401), #8);
#7403 = POLY_LOOP('', (#865, #856, #857));
#7404 = FACE_OUTER_BOUND('', #7403, .T.);
#7405 = FACETED_BREP_SHAPE_REPRESENTATION('', (#7404), #8);
#7406 = POLY_LOOP('', (#864, #842, #841));
#7407 = FACE_OUTER_BOUND('', #7406, .T.);
#7408 = FACETED_BREP_SHAPE_REPRESENTATION('', (#7407), #8);
#7409 = POLY_LOOP('', (#865, #857, #858));
#7410 = FACE_OUTER_BOUND('', #7409, .T.);
#7411 = FACETED_BREP_SHAPE_REPRESENTATION('', (#7410), #8);
#7412 = POLY_LOOP('', (#864, #843, #842));
#7413 = FACE_OUTER_BOUND('', #7412, .T.);
#7414 = FACETED_BREP_SHAPE_REPRESENTATION('', (#7413), #8);
#7415 = POLY_LOOP('', (#865, #858, #859));
#7416 = FACE_OUTER_BOUND('', #7415, .T.);
#7417 = FACETED_BREP_SHAPE_REPRESENTATION('', (#7416), #8);
#7418 = POLY_LOOP('', (#864, #844, #843));
#7419 = FACE_OUTER_BOUND('', #7418, .T.);
#7420 = FACETED_BREP_SHAPE_REPRESENTATION('', (#7419), #8);
#7421 = POLY_LOOP('', (#865, #859, #860));
#7422 = FACE_OUTER_BOUND('', #7421, .T.);
#7423 = FACETED_BREP_SHAPE_REPRESENTATION('', (#7422), #8);
#7424 = POLY_LOOP('', (#864, #845, #844));
#7425 = FACE_OUTER_BOUND('', #7424, .T.);
#7426 = FACETED_BREP_SHAPE_REPRESENTATION('', (#7425), #8);
#7427 = POLY_LOOP('', (#865, #860, #861));
#7428 = FACE_OUTER_BOUND('', #7427, .T.);
#7429 = FACETED_BREP_SHAPE_REPRESENTATION('', (#7428), #8);
#7430 = POLY_LOOP('', (#864, #846, #845));
#7431 = FACE_OUTER_BOUND('', #7430, .T.);
#7432 = FACETED_BREP_SHAPE_REPRESENTATION('', (#7431), #8);
#7433 = POLY_LOOP('', (#865, #861, #862));
#7434 = FACE_OUTER_BOUND('', #7433, .T.);
#7435 = FACETED_BREP_SHAPE_REPRESENTATION('', (#7434), #8);
#7436 = POLY_LOOP('', (#864, #847, #846));
#7437 = FACE_OUTER_BOUND('', #7436, .T.);
#7438 = FACETED_BREP_SHAPE_REPRESENTATION('', (#7437), #8);
#7439 = POLY_LOOP('', (#865, #862, #863));
#7440 = FACE_OUTER_BOUND('', #7439, .T.);
#7441 = FACETED_BREP_SHAPE_REPRESENTATION('', (#7440), #8);
#7442 = POLY_LOOP('', (#864, #832, #847));
#7443 = FACE_OUTER_BOUND('', #7442, .T.);
#7444 = FACETED_BREP_SHAPE_REPRESENTATION('', (#7443), #8);
#7445 = POLY_LOOP('', (#865, #863, #848));
#7446 = FACE_OUTER_BOUND('', #7445, .T.);
#7447 = FACETED_BREP_SHAPE_REPRESENTATION('', (#7446), #8);
#7448 = POLY_LOOP('', (#866, #867, #879));
#7449 = FACE_OUTER_BOUND('', #7448, .T.);
#7450 = FACETED_BREP_SHAPE_REPRESENTATION('', (#7449), #8);
#7451 = POLY_LOOP('', (#866, #879, #878));
#7452 = FACE_OUTER_BOUND('', #7451, .T.);
#7453 = FACETED_BREP_SHAPE_REPRESENTATION('', (#7452), #8);
#7454 = POLY_LOOP('', (#867, #868, #880));
#7455 = FACE_OUTER_BOUND('', #7454, .T.);
#7456 = FACETED_BREP_SHAPE_REPRESENTATION('', (#7455), #8);
#7457 = POLY_LOOP('', (#867, #880, #879));
#7458 = FACE_OUTER_BOUND('', #7457, .T.);
#7459 = FACETED_BREP_SHAPE_REPRESENTATION('', (#7458), #8);
#7460 = POLY_LOOP('', (#868, #869, #881));
#7461 = FACE_OUTER_BOUND('', #7460, .T.);
#7462 = FACETED_BREP_SHAPE_REPRESENTATION('', (#7461), #8);
#7463 = POLY_LOOP('', (#868, #881, #880));
#7464 = FACE_OUTER_BOUND('', #7463, .T.);
#7465 = FACETED_BREP_SHAPE_REPRESENTATION('', (#7464), #8);
#7466 = POLY_LOOP('', (#869, #870, #882));
#7467 = FACE_OUTER_BOUND('', #7466, .T.);
#7468 = FACETED_BREP_SHAPE_REPRESENTATION('', (#7467), #8);
#7469 = POLY_LOOP('', (#869, #882, #881));
#7470 = FACE_OUTER_BOUND('', #7469, .T.);
#7471 = FACETED_BREP_SHAPE_REPRESENTATION('', (#7470), #8);
#7472 = POLY_LOOP('', (#870, #871, #883));
#7473 = FACE_OUTER_BOUND('', #7472, .T.);
#7474 = FACETED_BREP_SHAPE_REPRESENTATION('', (#7473), #8);
#7475 = POLY_LOOP('', (#870, #883, #882));
#7476 = FACE_OUTER_BOUND('', #7475, .T.);
#7477 = FACETED_BREP_SHAPE_REPRESENTATION('', (#7476), #8);
#7478 = POLY_LOOP('', (#871, #872, #884));
#7479 = FACE_OUTER_BOUND('', #7478, .T.);
#7480 = FACETED_BREP_SHAPE_REPRESENTATION('', (#7479), #8);
#7481 = POLY_LOOP('', (#871, #884, #883));
#7482 = FACE_OUTER_BOUND('', #7481, .T.);
#7483 = FACETED_BREP_SHAPE_REPRESENTATION('', (#7482), #8);
#7484 = POLY_LOOP('', (#872, #873, #885));
#7485 = FACE_OUTER_BOUND('', #7484, .T.);
#7486 = FACETED_BREP_SHAPE_REPRESENTATION('', (#7485), #8);
#7487 = POLY_LOOP('', (#872, #885, #884));
#7488 = FACE_OUTER_BOUND('', #7487, .T.);
#7489 = FACETED_BREP_SHAPE_REPRESENTATION('', (#7488), #8);
#7490 = POLY_LOOP('', (#873, #874, #886));
#7491 = FACE_OUTER_BOUND('', #7490, .T.);
#7492 = FACETED_BREP_SHAPE_REPRESENTATION('', (#7491), #8);
#7493 = POLY_LOOP('', (#873, #886, #885));
#7494 = FACE_OUTER_BOUND('', #7493, .T.);
#7495 = FACETED_BREP_SHAPE_REPRESENTATION('', (#7494), #8);
#7496 = POLY_LOOP('', (#874, #875, #887));
#7497 = FACE_OUTER_BOUND('', #7496, .T.);
#7498 = FACETED_BREP_SHAPE_REPRESENTATION('', (#7497), #8);
#7499 = POLY_LOOP('', (#874, #887, #886));
#7500 = FACE_OUTER_BOUND('', #7499, .T.);
#7501 = FACETED_BREP_SHAPE_REPRESENTATION('', (#7500), #8);
#7502 = POLY_LOOP('', (#875, #876, #888));
#7503 = FACE_OUTER_BOUND('', #7502, .T.);
#7504 = FACETED_BREP_SHAPE_REPRESENTATION('', (#7503), #8);
#7505 = POLY_LOOP('', (#875, #888, #887));
#7506 = FACE_OUTER_BOUND('', #7505, .T.);
#7507 = FACETED_BREP_SHAPE_REPRESENTATION('', (#7506), #8);
#7508 = POLY_LOOP('', (#876, #877, #889));
#7509 = FACE_OUTER_BOUND('', #7508, .T.);
#7510 = FACETED_BREP_SHAPE_REPRESENTATION('', (#7509), #8);
#7511 = POLY_LOOP('', (#876, #889, #888));
#7512 = FACE_OUTER_BOUND('', #7511, .T.);
#7513 = FACETED_BREP_SHAPE_REPRESENTATION('', (#7512), #8);
#7514 = POLY_LOOP('', (#877, #866, #878));
#7515 = FACE_OUTER_BOUND('', #7514, .T.);
#7516 = FACETED_BREP_SHAPE_REPRESENTATION('', (#7515), #8);
#7517 = POLY_LOOP('', (#877, #878, #889));
#7518 = FACE_OUTER_BOUND('', #7517, .T.);
#7519 = FACETED_BREP_SHAPE_REPRESENTATION('', (#7518), #8);
#7520 = POLY_LOOP('', (#890, #867, #866));
#7521 = FACE_OUTER_BOUND('', #7520, .T.);
#7522 = FACETED_BREP_SHAPE_REPRESENTATION('', (#7521), #8);
#7523 = POLY_LOOP('', (#891, #878, #879));
#7524 = FACE_OUTER_BOUND('', #7523, .T.);
#7525 = FACETED_BREP_SHAPE_REPRESENTATION('', (#7524), #8);
#7526 = POLY_LOOP('', (#890, #868, #867));
#7527 = FACE_OUTER_BOUND('', #7526, .T.);
#7528 = FACETED_BREP_SHAPE_REPRESENTATION('', (#7527), #8);
#7529 = POLY_LOOP('', (#891, #879, #880));
#7530 = FACE_OUTER_BOUND('', #7529, .T.);
#7531 = FACETED_BREP_SHAPE_REPRESENTATION('', (#7530), #8);
#7532 = POLY_LOOP('', (#890, #869, #868));
#7533 = FACE_OUTER_BOUND('', #7532, .T.);
#7534 = FACETED_BREP_SHAPE_REPRESENTATION('', (#7533), #8);
#7535 = POLY_LOOP('', (#891, #880, #881));
#7536 = FACE_OUTER_BOUND('', #7535, .T.);
#7537 = FACETED_BREP_SHAPE_REPRESENTATION('', (#7536), #8);
#7538 = POLY_LOOP('', (#890, #870, #869));
#7539 = FACE_OUTER_BOUND('', #7538, .T.);
#7540 = FACETED_BREP_SHAPE_REPRESENTATION('', (#7539), #8);
#7541 = POLY_LOOP('', (#891, #881, #882));
#7542 = FACE_OUTER_BOUND('', #7541, .T.);
#7543 = FACETED_BREP_SHAPE_REPRESENTATION('', (#7542), #8);
#7544 = POLY_LOOP('', (#890, #871, #870));
#7545 = FACE_OUTER_BOUND('', #7544, .T.);
#7546 = FACETED_BREP_SHAPE_REPRESENTATION('', (#7545), #8);
#7547 = POLY_LOOP('', (#891, #882, #883));
#7548 = FACE_OUTER_BOUND('', #7547, .T.);
#7549 = FACETED_BREP_SHAPE_REPRESENTATION('', (#7548), #8);
#7550 = POLY_LOOP('', (#890, #872, #871));
#7551 = FACE_OUTER_BOUND('', #7550, .T.);
#7552 = FACETED_BREP_SHAPE_REPRESENTATION('', (#7551), #8);
#7553 = POLY_LOOP('', (#891, #883, #884));
#7554 = FACE_OUTER_BOUND('', #7553, .T.);
#7555 = FACETED_BREP_SHAPE_REPRESENTATION('', (#7554), #8);
#7556 = POLY_LOOP('', (#890, #873, #872));
#7557 = FACE_OUTER_BOUND('', #7556, .T.);
#7558 = FACETED_BREP_SHAPE_REPRESENTATION('', (#7557), #8);
#7559 = POLY_LOOP('', (#891, #884, #885));
#7560 = FACE_OUTER_BOUND('', #7559, .T.);
#7561 = FACETED_BREP_SHAPE_REPRESENTATION('', (#7560), #8);
#7562 = POLY_LOOP('', (#890, #874, #873));
#7563 = FACE_OUTER_BOUND('', #7562, .T.);
#7564 = FACETED_BREP_SHAPE_REPRESENTATION('', (#7563), #8);
#7565 = POLY_LOOP('', (#891, #885, #886));
#7566 = FACE_OUTER_BOUND('', #7565, .T.);
#7567 = FACETED_BREP_SHAPE_REPRESENTATION('', (#7566), #8);
#7568 = POLY_LOOP('', (#890, #875, #874));
#7569 = FACE_OUTER_BOUND('', #7568, .T.);
#7570 = FACETED_BREP_SHAPE_REPRESENTATION('', (#7569), #8);
#7571 = POLY_LOOP('', (#891, #886, #887));
#7572 = FACE_OUTER_BOUND('', #7571, .T.);
#7573 = FACETED_BREP_SHAPE_REPRESENTATION('', (#7572), #8);
#7574 = POLY_LOOP('', (#890, #876, #875));
#7575 = FACE_OUTER_BOUND('', #7574, .T.);
#7576 = FACETED_BREP_SHAPE_REPRESENTATION('', (#7575), #8);
#7577 = POLY_LOOP('', (#891, #887, #888));
#7578 = FACE_OUTER_BOUND('', #7577, .T.);
#7579 = FACETED_BREP_SHAPE_REPRESENTATION('', (#7578), #8);
#7580 = POLY_LOOP('', (#890, #877, #876));
#7581 = FACE_OUTER_BOUND('', #7580, .T.);
#7582 = FACETED_BREP_SHAPE_REPRESENTATION('', (#7581), #8);
#7583 = POLY_LOOP('', (#891, #888, #889));
#7584 = FACE_OUTER_BOUND('', #7583, .T.);
#7585 = FACETED_BREP_SHAPE_REPRESENTATION('', (#7584), #8);
#7586 = POLY_LOOP('', (#890, #866, #877));
#7587 = FACE_OUTER_BOUND('', #7586, .T.);
#7588 = FACETED_BREP_SHAPE_REPRESENTATION('', (#7587), #8);
#7589 = POLY_LOOP('', (#891, #889, #878));
#7590 = FACE_OUTER_BOUND('', #7589, .T.);
#7591 = FACETED_BREP_SHAPE_REPRESENTATION('', (#7590), #8);
#7592 = POLY_LOOP('', (#892, #893, #909));
#7593 = FACE_OUTER_BOUND('', #7592, .T.);
#7594 = FACETED_BREP_SHAPE_REPRESENTATION('', (#7593), #8);
#7595 = POLY_LOOP('', (#892, #909, #908));
#7596 = FACE_OUTER_BOUND('', #7595, .T.);
#7597 = FACETED_BREP_SHAPE_REPRESENTATION('', (#7596), #8);
#7598 = POLY_LOOP('', (#893, #894, #910));
#7599 = FACE_OUTER_BOUND('', #7598, .T.);
#7600 = FACETED_BREP_SHAPE_REPRESENTATION('', (#7599), #8);
#7601 = POLY_LOOP('', (#893, #910, #909));
#7602 = FACE_OUTER_BOUND('', #7601, .T.);
#7603 = FACETED_BREP_SHAPE_REPRESENTATION('', (#7602), #8);
#7604 = POLY_LOOP('', (#894, #895, #911));
#7605 = FACE_OUTER_BOUND('', #7604, .T.);
#7606 = FACETED_BREP_SHAPE_REPRESENTATION('', (#7605), #8);
#7607 = POLY_LOOP('', (#894, #911, #910));
#7608 = FACE_OUTER_BOUND('', #7607, .T.);
#7609 = FACETED_BREP_SHAPE_REPRESENTATION('', (#7608), #8);
#7610 = POLY_LOOP('', (#895, #896, #912));
#7611 = FACE_OUTER_BOUND('', #7610, .T.);
#7612 = FACETED_BREP_SHAPE_REPRESENTATION('', (#7611), #8);
#7613 = POLY_LOOP('', (#895, #912, #911));
#7614 = FACE_OUTER_BOUND('', #7613, .T.);
#7615 = FACETED_BREP_SHAPE_REPRESENTATION('', (#7614), #8);
#7616 = POLY_LOOP('', (#896, #897, #913));
#7617 = FACE_OUTER_BOUND('', #7616, .T.);
#7618 = FACETED_BREP_SHAPE_REPRESENTATION('', (#7617), #8);
#7619 = POLY_LOOP('', (#896, #913, #912));
#7620 = FACE_OUTER_BOUND('', #7619, .T.);
#7621 = FACETED_BREP_SHAPE_REPRESENTATION('', (#7620), #8);
#7622 = POLY_LOOP('', (#897, #898, #914));
#7623 = FACE_OUTER_BOUND('', #7622, .T.);
#7624 = FACETED_BREP_SHAPE_REPRESENTATION('', (#7623), #8);
#7625 = POLY_LOOP('', (#897, #914, #913));
#7626 = FACE_OUTER_BOUND('', #7625, .T.);
#7627 = FACETED_BREP_SHAPE_REPRESENTATION('', (#7626), #8);
#7628 = POLY_LOOP('', (#898, #899, #915));
#7629 = FACE_OUTER_BOUND('', #7628, .T.);
#7630 = FACETED_BREP_SHAPE_REPRESENTATION('', (#7629), #8);
#7631 = POLY_LOOP('', (#898, #915, #914));
#7632 = FACE_OUTER_BOUND('', #7631, .T.);
#7633 = FACETED_BREP_SHAPE_REPRESENTATION('', (#7632), #8);
#7634 = POLY_LOOP('', (#899, #900, #916));
#7635 = FACE_OUTER_BOUND('', #7634, .T.);
#7636 = FACETED_BREP_SHAPE_REPRESENTATION('', (#7635), #8);
#7637 = POLY_LOOP('', (#899, #916, #915));
#7638 = FACE_OUTER_BOUND('', #7637, .T.);
#7639 = FACETED_BREP_SHAPE_REPRESENTATION('', (#7638), #8);
#7640 = POLY_LOOP('', (#900, #901, #917));
#7641 = FACE_OUTER_BOUND('', #7640, .T.);
#7642 = FACETED_BREP_SHAPE_REPRESENTATION('', (#7641), #8);
#7643 = POLY_LOOP('', (#900, #917, #916));
#7644 = FACE_OUTER_BOUND('', #7643, .T.);
#7645 = FACETED_BREP_SHAPE_REPRESENTATION('', (#7644), #8);
#7646 = POLY_LOOP('', (#901, #902, #918));
#7647 = FACE_OUTER_BOUND('', #7646, .T.);
#7648 = FACETED_BREP_SHAPE_REPRESENTATION('', (#7647), #8);
#7649 = POLY_LOOP('', (#901, #918, #917));
#7650 = FACE_OUTER_BOUND('', #7649, .T.);
#7651 = FACETED_BREP_SHAPE_REPRESENTATION('', (#7650), #8);
#7652 = POLY_LOOP('', (#902, #903, #919));
#7653 = FACE_OUTER_BOUND('', #7652, .T.);
#7654 = FACETED_BREP_SHAPE_REPRESENTATION('', (#7653), #8);
#7655 = POLY_LOOP('', (#902, #919, #918));
#7656 = FACE_OUTER_BOUND('', #7655, .T.);
#7657 = FACETED_BREP_SHAPE_REPRESENTATION('', (#7656), #8);
#7658 = POLY_LOOP('', (#903, #904, #920));
#7659 = FACE_OUTER_BOUND('', #7658, .T.);
#7660 = FACETED_BREP_SHAPE_REPRESENTATION('', (#7659), #8);
#7661 = POLY_LOOP('', (#903, #920, #919));
#7662 = FACE_OUTER_BOUND('', #7661, .T.);
#7663 = FACETED_BREP_SHAPE_REPRESENTATION('', (#7662), #8);
#7664 = POLY_LOOP('', (#904, #905, #921));
#7665 = FACE_OUTER_BOUND('', #7664, .T.);
#7666 = FACETED_BREP_SHAPE_REPRESENTATION('', (#7665), #8);
#7667 = POLY_LOOP('', (#904, #921, #920));
#7668 = FACE_OUTER_BOUND('', #7667, .T.);
#7669 = FACETED_BREP_SHAPE_REPRESENTATION('', (#7668), #8);
#7670 = POLY_LOOP('', (#905, #906, #922));
#7671 = FACE_OUTER_BOUND('', #7670, .T.);
#7672 = FACETED_BREP_SHAPE_REPRESENTATION('', (#7671), #8);
#7673 = POLY_LOOP('', (#905, #922, #921));
#7674 = FACE_OUTER_BOUND('', #7673, .T.);
#7675 = FACETED_BREP_SHAPE_REPRESENTATION('', (#7674), #8);
#7676 = POLY_LOOP('', (#906, #907, #923));
#7677 = FACE_OUTER_BOUND('', #7676, .T.);
#7678 = FACETED_BREP_SHAPE_REPRESENTATION('', (#7677), #8);
#7679 = POLY_LOOP('', (#906, #923, #922));
#7680 = FACE_OUTER_BOUND('', #7679, .T.);
#7681 = FACETED_BREP_SHAPE_REPRESENTATION('', (#7680), #8);
#7682 = POLY_LOOP('', (#907, #892, #908));
#7683 = FACE_OUTER_BOUND('', #7682, .T.);
#7684 = FACETED_BREP_SHAPE_REPRESENTATION('', (#7683), #8);
#7685 = POLY_LOOP('', (#907, #908, #923));
#7686 = FACE_OUTER_BOUND('', #7685, .T.);
#7687 = FACETED_BREP_SHAPE_REPRESENTATION('', (#7686), #8);
#7688 = POLY_LOOP('', (#924, #893, #892));
#7689 = FACE_OUTER_BOUND('', #7688, .T.);
#7690 = FACETED_BREP_SHAPE_REPRESENTATION('', (#7689), #8);
#7691 = POLY_LOOP('', (#925, #908, #909));
#7692 = FACE_OUTER_BOUND('', #7691, .T.);
#7693 = FACETED_BREP_SHAPE_REPRESENTATION('', (#7692), #8);
#7694 = POLY_LOOP('', (#924, #894, #893));
#7695 = FACE_OUTER_BOUND('', #7694, .T.);
#7696 = FACETED_BREP_SHAPE_REPRESENTATION('', (#7695), #8);
#7697 = POLY_LOOP('', (#925, #909, #910));
#7698 = FACE_OUTER_BOUND('', #7697, .T.);
#7699 = FACETED_BREP_SHAPE_REPRESENTATION('', (#7698), #8);
#7700 = POLY_LOOP('', (#924, #895, #894));
#7701 = FACE_OUTER_BOUND('', #7700, .T.);
#7702 = FACETED_BREP_SHAPE_REPRESENTATION('', (#7701), #8);
#7703 = POLY_LOOP('', (#925, #910, #911));
#7704 = FACE_OUTER_BOUND('', #7703, .T.);
#7705 = FACETED_BREP_SHAPE_REPRESENTATION('', (#7704), #8);
#7706 = POLY_LOOP('', (#924, #896, #895));
#7707 = FACE_OUTER_BOUND('', #7706, .T.);
#7708 = FACETED_BREP_SHAPE_REPRESENTATION('', (#7707), #8);
#7709 = POLY_LOOP('', (#925, #911, #912));
#7710 = FACE_OUTER_BOUND('', #7709, .T.);
#7711 = FACETED_BREP_SHAPE_REPRESENTATION('', (#7710), #8);
#7712 = POLY_LOOP('', (#924, #897, #896));
#7713 = FACE_OUTER_BOUND('', #7712, .T.);
#7714 = FACETED_BREP_SHAPE_REPRESENTATION('', (#7713), #8);
#7715 = POLY_LOOP('', (#925, #912, #913));
#7716 = FACE_OUTER_BOUND('', #7715, .T.);
#7717 = FACETED_BREP_SHAPE_REPRESENTATION('', (#7716), #8);
#7718 = POLY_LOOP('', (#924, #898, #897));
#7719 = FACE_OUTER_BOUND('', #7718, .T.);
#7720 = FACETED_BREP_SHAPE_REPRESENTATION('', (#7719), #8);
#7721 = POLY_LOOP('', (#925, #913, #914));
#7722 = FACE_OUTER_BOUND('', #7721, .T.);
#7723 = FACETED_BREP_SHAPE_REPRESENTATION('', (#7722), #8);
#7724 = POLY_LOOP('', (#924, #899, #898));
#7725 = FACE_OUTER_BOUND('', #7724, .T.);
#7726 = FACETED_BREP_SHAPE_REPRESENTATION('', (#7725), #8);
#7727 = POLY_LOOP('', (#925, #914, #915));
#7728 = FACE_OUTER_BOUND('', #7727, .T.);
#7729 = FACETED_BREP_SHAPE_REPRESENTATION('', (#7728), #8);
#7730 = POLY_LOOP('', (#924, #900, #899));
#7731 = FACE_OUTER_BOUND('', #7730, .T.);
#7732 = FACETED_BREP_SHAPE_REPRESENTATION('', (#7731), #8);
#7733 = POLY_LOOP('', (#925, #915, #916));
#7734 = FACE_OUTER_BOUND('', #7733, .T.);
#7735 = FACETED_BREP_SHAPE_REPRESENTATION('', (#7734), #8);
#7736 = POLY_LOOP('', (#924, #901, #900));
#7737 = FACE_OUTER_BOUND('', #7736, .T.);
#7738 = FACETED_BREP_SHAPE_REPRESENTATION('', (#7737), #8);
#7739 = POLY_LOOP('', (#925, #916, #917));
#7740 = FACE_OUTER_BOUND('', #7739, .T.);
#7741 = FACETED_BREP_SHAPE_REPRESENTATION('', (#7740), #8);
#7742 = POLY_LOOP('', (#924, #902, #901));
#7743 = FACE_OUTER_BOUND('', #7742, .T.);
#7744 = FACETED_BREP_SHAPE_REPRESENTATION('', (#7743), #8);
#7745 = POLY_LOOP('', (#925, #917, #918));
#7746 = FACE_OUTER_BOUND('', #7745, .T.);
#7747 = FACETED_BREP_SHAPE_REPRESENTATION('', (#7746), #8);
#7748 = POLY_LOOP('', (#924, #903, #902));
#7749 = FACE_OUTER_BOUND('', #7748, .T.);
#7750 = FACETED_BREP_SHAPE_REPRESENTATION('', (#7749), #8);
#7751 = POLY_LOOP('', (#925, #918, #919));
#7752 = FACE_OUTER_BOUND('', #7751, .T.);
#7753 = FACETED_BREP_SHAPE_REPRESENTATION('', (#7752), #8);
#7754 = POLY_LOOP('', (#924, #904, #903));
#7755 = FACE_OUTER_BOUND('', #7754, .T.);
#7756 = FACETED_BREP_SHAPE_REPRESENTATION('', (#7755), #8);
#7757 = POLY_LOOP('', (#925, #919, #920));
#7758 = FACE_OUTER_BOUND('', #7757, .T.);
#7759 = FACETED_BREP_SHAPE_REPRESENTATION('', (#7758), #8);
#7760 = POLY_LOOP('', (#924, #905, #904));
#7761 = FACE_OUTER_BOUND('', #7760, .T.);
#7762 = FACETED_BREP_SHAPE_REPRESENTATION('', (#7761), #8);
#7763 = POLY_LOOP('', (#925, #920, #921));
#7764 = FACE_OUTER_BOUND('', #7763, .T.);
#7765 = FACETED_BREP_SHAPE_REPRESENTATION('', (#7764), #8);
#7766 = POLY_LOOP('', (#924, #906, #905));
#7767 = FACE_OUTER_BOUND('', #7766, .T.);
#7768 = FACETED_BREP_SHAPE_REPRESENTATION('', (#7767), #8);
#7769 = POLY_LOOP('', (#925, #921, #922));
#7770 = FACE_OUTER_BOUND('', #7769, .T.);
#7771 = FACETED_BREP_SHAPE_REPRESENTATION('', (#7770), #8);
#7772 = POLY_LOOP('', (#924, #907, #906));
#7773 = FACE_OUTER_BOUND('', #7772, .T.);
#7774 = FACETED_BREP_SHAPE_REPRESENTATION('', (#7773), #8);
#7775 = POLY_LOOP('', (#925, #922, #923));
#7776 = FACE_OUTER_BOUND('', #7775, .T.);
#7777 = FACETED_BREP_SHAPE_REPRESENTATION('', (#7776), #8);
#7778 = POLY_LOOP('', (#924, #892, #907));
#7779 = FACE_OUTER_BOUND('', #7778, .T.);
#7780 = FACETED_BREP_SHAPE_REPRESENTATION('', (#7779), #8);
#7781 = POLY_LOOP('', (#925, #923, #908));
#7782 = FACE_OUTER_BOUND('', #7781, .T.);
#7783 = FACETED_BREP_SHAPE_REPRESENTATION('', (#7782), #8);
#7784 = POLY_LOOP('', (#926, #927, #939));
#7785 = FACE_OUTER_BOUND('', #7784, .T.);
#7786 = FACETED_BREP_SHAPE_REPRESENTATION('', (#7785), #8);
#7787 = POLY_LOOP('', (#926, #939, #938));
#7788 = FACE_OUTER_BOUND('', #7787, .T.);
#7789 = FACETED_BREP_SHAPE_REPRESENTATION('', (#7788), #8);
#7790 = POLY_LOOP('', (#927, #928, #940));
#7791 = FACE_OUTER_BOUND('', #7790, .T.);
#7792 = FACETED_BREP_SHAPE_REPRESENTATION('', (#7791), #8);
#7793 = POLY_LOOP('', (#927, #940, #939));
#7794 = FACE_OUTER_BOUND('', #7793, .T.);
#7795 = FACETED_BREP_SHAPE_REPRESENTATION('', (#7794), #8);
#7796 = POLY_LOOP('', (#928, #929, #941));
#7797 = FACE_OUTER_BOUND('', #7796, .T.);
#7798 = FACETED_BREP_SHAPE_REPRESENTATION('', (#7797), #8);
#7799 = POLY_LOOP('', (#928, #941, #940));
#7800 = FACE_OUTER_BOUND('', #7799, .T.);
#7801 = FACETED_BREP_SHAPE_REPRESENTATION('', (#7800), #8);
#7802 = POLY_LOOP('', (#929, #930, #942));
#7803 = FACE_OUTER_BOUND('', #7802, .T.);
#7804 = FACETED_BREP_SHAPE_REPRESENTATION('', (#7803), #8);
#7805 = POLY_LOOP('', (#929, #942, #941));
#7806 = FACE_OUTER_BOUND('', #7805, .T.);
#7807 = FACETED_BREP_SHAPE_REPRESENTATION('', (#7806), #8);
#7808 = POLY_LOOP('', (#930, #931, #943));
#7809 = FACE_OUTER_BOUND('', #7808, .T.);
#7810 = FACETED_BREP_SHAPE_REPRESENTATION('', (#7809), #8);
#7811 = POLY_LOOP('', (#930, #943, #942));
#7812 = FACE_OUTER_BOUND('', #7811, .T.);
#7813 = FACETED_BREP_SHAPE_REPRESENTATION('', (#7812), #8);
#7814 = POLY_LOOP('', (#931, #932, #944));
#7815 = FACE_OUTER_BOUND('', #7814, .T.);
#7816 = FACETED_BREP_SHAPE_REPRESENTATION('', (#7815), #8);
#7817 = POLY_LOOP('', (#931, #944, #943));
#7818 = FACE_OUTER_BOUND('', #7817, .T.);
#7819 = FACETED_BREP_SHAPE_REPRESENTATION('', (#7818), #8);
#7820 = POLY_LOOP('', (#932, #933, #945));
#7821 = FACE_OUTER_BOUND('', #7820, .T.);
#7822 = FACETED_BREP_SHAPE_REPRESENTATION('', (#7821), #8);
#7823 = POLY_LOOP('', (#932, #945, #944));
#7824 = FACE_OUTER_BOUND('', #7823, .T.);
#7825 = FACETED_BREP_SHAPE_REPRESENTATION('', (#7824), #8);
#7826 = POLY_LOOP('', (#933, #934, #946));
#7827 = FACE_OUTER_BOUND('', #7826, .T.);
#7828 = FACETED_BREP_SHAPE_REPRESENTATION('', (#7827), #8);
#7829 = POLY_LOOP('', (#933, #946, #945));
#7830 = FACE_OUTER_BOUND('', #7829, .T.);
#7831 = FACETED_BREP_SHAPE_REPRESENTATION('', (#7830), #8);
#7832 = POLY_LOOP('', (#934, #935, #947));
#7833 = FACE_OUTER_BOUND('', #7832, .T.);
#7834 = FACETED_BREP_SHAPE_REPRESENTATION('', (#7833), #8);
#7835 = POLY_LOOP('', (#934, #947, #946));
#7836 = FACE_OUTER_BOUND('', #7835, .T.);
#7837 = FACETED_BREP_SHAPE_REPRESENTATION('', (#7836), #8);
#7838 = POLY_LOOP('', (#935, #936, #948));
#7839 = FACE_OUTER_BOUND('', #7838, .T.);
#7840 = FACETED_BREP_SHAPE_REPRESENTATION('', (#7839), #8);
#7841 = POLY_LOOP('', (#935, #948, #947));
#7842 = FACE_OUTER_BOUND('', #7841, .T.);
#7843 = FACETED_BREP_SHAPE_REPRESENTATION('', (#7842), #8);
#7844 = POLY_LOOP('', (#936, #937, #949));
#7845 = FACE_OUTER_BOUND('', #7844, .T.);
#7846 = FACETED_BREP_SHAPE_REPRESENTATION('', (#7845), #8);
#7847 = POLY_LOOP('', (#936, #949, #948));
#7848 = FACE_OUTER_BOUND('', #7847, .T.);
#7849 = FACETED_BREP_SHAPE_REPRESENTATION('', (#7848), #8);
#7850 = POLY_LOOP('', (#937, #926, #938));
#7851 = FACE_OUTER_BOUND('', #7850, .T.);
#7852 = FACETED_BREP_SHAPE_REPRESENTATION('', (#7851), #8);
#7853 = POLY_LOOP('', (#937, #938, #949));
#7854 = FACE_OUTER_BOUND('', #7853, .T.);
#7855 = FACETED_BREP_SHAPE_REPRESENTATION('', (#7854), #8);
#7856 = POLY_LOOP('', (#950, #927, #926));
#7857 = FACE_OUTER_BOUND('', #7856, .T.);
#7858 = FACETED_BREP_SHAPE_REPRESENTATION('', (#7857), #8);
#7859 = POLY_LOOP('', (#951, #938, #939));
#7860 = FACE_OUTER_BOUND('', #7859, .T.);
#7861 = FACETED_BREP_SHAPE_REPRESENTATION('', (#7860), #8);
#7862 = POLY_LOOP('', (#950, #928, #927));
#7863 = FACE_OUTER_BOUND('', #7862, .T.);
#7864 = FACETED_BREP_SHAPE_REPRESENTATION('', (#7863), #8);
#7865 = POLY_LOOP('', (#951, #939, #940));
#7866 = FACE_OUTER_BOUND('', #7865, .T.);
#7867 = FACETED_BREP_SHAPE_REPRESENTATION('', (#7866), #8);
#7868 = POLY_LOOP('', (#950, #929, #928));
#7869 = FACE_OUTER_BOUND('', #7868, .T.);
#7870 = FACETED_BREP_SHAPE_REPRESENTATION('', (#7869), #8);
#7871 = POLY_LOOP('', (#951, #940, #941));
#7872 = FACE_OUTER_BOUND('', #7871, .T.);
#7873 = FACETED_BREP_SHAPE_REPRESENTATION('', (#7872), #8);
#7874 = POLY_LOOP('', (#950, #930, #929));
#7875 = FACE_OUTER_BOUND('', #7874, .T.);
#7876 = FACETED_BREP_SHAPE_REPRESENTATION('', (#7875), #8);
#7877 = POLY_LOOP('', (#951, #941, #942));
#7878 = FACE_OUTER_BOUND('', #7877, .T.);
#7879 = FACETED_BREP_SHAPE_REPRESENTATION('', (#7878), #8);
#7880 = POLY_LOOP('', (#950, #931, #930));
#7881 = FACE_OUTER_BOUND('', #7880, .T.);
#7882 = FACETED_BREP_SHAPE_REPRESENTATION('', (#7881), #8);
#7883 = POLY_LOOP('', (#951, #942, #943));
#7884 = FACE_OUTER_BOUND('', #7883, .T.);
#7885 = FACETED_BREP_SHAPE_REPRESENTATION('', (#7884), #8);
#7886 = POLY_LOOP('', (#950, #932, #931));
#7887 = FACE_OUTER_BOUND('', #7886, .T.);
#7888 = FACETED_BREP_SHAPE_REPRESENTATION('', (#7887), #8);
#7889 = POLY_LOOP('', (#951, #943, #944));
#7890 = FACE_OUTER_BOUND('', #7889, .T.);
#7891 = FACETED_BREP_SHAPE_REPRESENTATION('', (#7890), #8);
#7892 = POLY_LOOP('', (#950, #933, #932));
#7893 = FACE_OUTER_BOUND('', #7892, .T.);
#7894 = FACETED_BREP_SHAPE_REPRESENTATION('', (#7893), #8);
#7895 = POLY_LOOP('', (#951, #944, #945));
#7896 = FACE_OUTER_BOUND('', #7895, .T.);
#7897 = FACETED_BREP_SHAPE_REPRESENTATION('', (#7896), #8);
#7898 = POLY_LOOP('', (#950, #934, #933));
#7899 = FACE_OUTER_BOUND('', #7898, .T.);
#7900 = FACETED_BREP_SHAPE_REPRESENTATION('', (#7899), #8);
#7901 = POLY_LOOP('', (#951, #945, #946));
#7902 = FACE_OUTER_BOUND('', #7901, .T.);
#7903 = FACETED_BREP_SHAPE_REPRESENTATION('', (#7902), #8);
#7904 = POLY_LOOP('', (#950, #935, #934));
#7905 = FACE_OUTER_BOUND('', #7904, .T.);
#7906 = FACETED_BREP_SHAPE_REPRESENTATION('', (#7905), #8);
#7907 = POLY_LOOP('', (#951, #946, #947));
#7908 = FACE_OUTER_BOUND('', #7907, .T.);
#7909 = FACETED_BREP_SHAPE_REPRESENTATION('', (#7908), #8);
#7910 = POLY_LOOP('', (#950, #936, #935));
#7911 = FACE_OUTER_BOUND('', #7910, .T.);
#7912 = FACETED_BREP_SHAPE_REPRESENTATION('', (#7911), #8);
#7913 = POLY_LOOP('', (#951, #947, #948));
#7914 = FACE_OUTER_BOUND('', #7913, .T.);
#7915 = FACETED_BREP_SHAPE_REPRESENTATION('', (#7914), #8);
#7916 = POLY_LOOP('', (#950, #937, #936));
#7917 = FACE_OUTER_BOUND('', #7916, .T.);
#7918 = FACETED_BREP_SHAPE_REPRESENTATION('', (#7917), #8);
#7919 = POLY_LOOP('', (#951, #948, #949));
#7920 = FACE_OUTER_BOUND('', #7919, .T.);
#7921 = FACETED_BREP_SHAPE_REPRESENTATION('', (#7920), #8);
#7922 = POLY_LOOP('', (#950, #926, #937));
#7923 = FACE_OUTER_BOUND('', #7922, .T.);
#7924 = FACETED_BREP_SHAPE_REPRESENTATION('', (#7923), #8);
#7925 = POLY_LOOP('', (#951, #949, #938));
#7926 = FACE_OUTER_BOUND('', #7925, .T.);
#7927 = FACETED_BREP_SHAPE_REPRESENTATION('', (#7926), #8);
#7928 = POLY_LOOP('', (#952, #953, #969));
#7929 = FACE_OUTER_BOUND('', #7928, .T.);
#7930 = FACETED_BREP_SHAPE_REPRESENTATION('', (#7929), #8);
#7931 = POLY_LOOP('', (#952, #969, #968));
#7932 = FACE_OUTER_BOUND('', #7931, .T.);
#7933 = FACETED_BREP_SHAPE_REPRESENTATION('', (#7932), #8);
#7934 = POLY_LOOP('', (#953, #954, #970));
#7935 = FACE_OUTER_BOUND('', #7934, .T.);
#7936 = FACETED_BREP_SHAPE_REPRESENTATION('', (#7935), #8);
#7937 = POLY_LOOP('', (#953, #970, #969));
#7938 = FACE_OUTER_BOUND('', #7937, .T.);
#7939 = FACETED_BREP_SHAPE_REPRESENTATION('', (#7938), #8);
#7940 = POLY_LOOP('', (#954, #955, #971));
#7941 = FACE_OUTER_BOUND('', #7940, .T.);
#7942 = FACETED_BREP_SHAPE_REPRESENTATION('', (#7941), #8);
#7943 = POLY_LOOP('', (#954, #971, #970));
#7944 = FACE_OUTER_BOUND('', #7943, .T.);
#7945 = FACETED_BREP_SHAPE_REPRESENTATION('', (#7944), #8);
#7946 = POLY_LOOP('', (#955, #956, #972));
#7947 = FACE_OUTER_BOUND('', #7946, .T.);
#7948 = FACETED_BREP_SHAPE_REPRESENTATION('', (#7947), #8);
#7949 = POLY_LOOP('', (#955, #972, #971));
#7950 = FACE_OUTER_BOUND('', #7949, .T.);
#7951 = FACETED_BREP_SHAPE_REPRESENTATION('', (#7950), #8);
#7952 = POLY_LOOP('', (#956, #957, #973));
#7953 = FACE_OUTER_BOUND('', #7952, .T.);
#7954 = FACETED_BREP_SHAPE_REPRESENTATION('', (#7953), #8);
#7955 = POLY_LOOP('', (#956, #973, #972));
#7956 = FACE_OUTER_BOUND('', #7955, .T.);
#7957 = FACETED_BREP_SHAPE_REPRESENTATION('', (#7956), #8);
#7958 = POLY_LOOP('', (#957, #958, #974));
#7959 = FACE_OUTER_BOUND('', #7958, .T.);
#7960 = FACETED_BREP_SHAPE_REPRESENTATION('', (#7959), #8);
#7961 = POLY_LOOP('', (#957, #974, #973));
#7962 = FACE_OUTER_BOUND('', #7961, .T.);
#7963 = FACETED_BREP_SHAPE_REPRESENTATION('', (#7962), #8);
#7964 = POLY_LOOP('', (#958, #959, #975));
#7965 = FACE_OUTER_BOUND('', #7964, .T.);
#7966 = FACETED_BREP_SHAPE_REPRESENTATION('', (#7965), #8);
#7967 = POLY_LOOP('', (#958, #975, #974));
#7968 = FACE_OUTER_BOUND('', #7967, .T.);
#7969 = FACETED_BREP_SHAPE_REPRESENTATION('', (#7968), #8);
#7970 = POLY_LOOP('', (#959, #960, #976));
#7971 = FACE_OUTER_BOUND('', #7970, .T.);
#7972 = FACETED_BREP_SHAPE_REPRESENTATION('', (#7971), #8);
#7973 = POLY_LOOP('', (#959, #976, #975));
#7974 = FACE_OUTER_BOUND('', #7973, .T.);
#7975 = FACETED_BREP_SHAPE_REPRESENTATION('', (#7974), #8);
#7976 = POLY_LOOP('', (#960, #961, #977));
#7977 = FACE_OUTER_BOUND('', #7976, .T.);
#7978 = FACETED_BREP_SHAPE_REPRESENTATION('', (#7977), #8);
#7979 = POLY_LOOP('', (#960, #977, #976));
#7980 = FACE_OUTER_BOUND('', #7979, .T.);
#7981 = FACETED_BREP_SHAPE_REPRESENTATION('', (#7980), #8);
#7982 = POLY_LOOP('', (#961, #962, #978));
#7983 = FACE_OUTER_BOUND('', #7982, .T.);
#7984 = FACETED_BREP_SHAPE_REPRESENTATION('', (#7983), #8);
#7985 = POLY_LOOP('', (#961, #978, #977));
#7986 = FACE_OUTER_BOUND('', #7985, .T.);
#7987 = FACETED_BREP_SHAPE_REPRESENTATION('', (#7986), #8);
#7988 = POLY_LOOP('', (#962, #963, #979));
#7989 = FACE_OUTER_BOUND('', #7988, .T.);
#7990 = FACETED_BREP_SHAPE_REPRESENTATION('', (#7989), #8);
#7991 = POLY_LOOP('', (#962, #979, #978));
#7992 = FACE_OUTER_BOUND('', #7991, .T.);
#7993 = FACETED_BREP_SHAPE_REPRESENTATION('', (#7992), #8);
#7994 = POLY_LOOP('', (#963, #964, #980));
#7995 = FACE_OUTER_BOUND('', #7994, .T.);
#7996 = FACETED_BREP_SHAPE_REPRESENTATION('', (#7995), #8);
#7997 = POLY_LOOP('', (#963, #980, #979));
#7998 = FACE_OUTER_BOUND('', #7997, .T.);
#7999 = FACETED_BREP_SHAPE_REPRESENTATION('', (#7998), #8);
#8000 = POLY_LOOP('', (#964, #965, #981));
#8001 = FACE_OUTER_BOUND('', #8000, .T.);
#8002 = FACETED_BREP_SHAPE_REPRESENTATION('', (#8001), #8);
#8003 = POLY_LOOP('', (#964, #981, #980));
#8004 = FACE_OUTER_BOUND('', #8003, .T.);
#8005 = FACETED_BREP_SHAPE_REPRESENTATION('', (#8004), #8);
#8006 = POLY_LOOP('', (#965, #966, #982));
#8007 = FACE_OUTER_BOUND('', #8006, .T.);
#8008 = FACETED_BREP_SHAPE_REPRESENTATION('', (#8007), #8);
#8009 = POLY_LOOP('', (#965, #982, #981));
#8010 = FACE_OUTER_BOUND('', #8009, .T.);
#8011 = FACETED_BREP_SHAPE_REPRESENTATION('', (#8010), #8);
#8012 = POLY_LOOP('', (#966, #967, #983));
#8013 = FACE_OUTER_BOUND('', #8012, .T.);
#8014 = FACETED_BREP_SHAPE_REPRESENTATION('', (#8013), #8);
#8015 = POLY_LOOP('', (#966, #983, #982));
#8016 = FACE_OUTER_BOUND('', #8015, .T.);
#8017 = FACETED_BREP_SHAPE_REPRESENTATION('', (#8016), #8);
#8018 = POLY_LOOP('', (#967, #952, #968));
#8019 = FACE_OUTER_BOUND('', #8018, .T.);
#8020 = FACETED_BREP_SHAPE_REPRESENTATION('', (#8019), #8);
#8021 = POLY_LOOP('', (#967, #968, #983));
#8022 = FACE_OUTER_BOUND('', #8021, .T.);
#8023 = FACETED_BREP_SHAPE_REPRESENTATION('', (#8022), #8);
#8024 = POLY_LOOP('', (#984, #953, #952));
#8025 = FACE_OUTER_BOUND('', #8024, .T.);
#8026 = FACETED_BREP_SHAPE_REPRESENTATION('', (#8025), #8);
#8027 = POLY_LOOP('', (#985, #968, #969));
#8028 = FACE_OUTER_BOUND('', #8027, .T.);
#8029 = FACETED_BREP_SHAPE_REPRESENTATION('', (#8028), #8);
#8030 = POLY_LOOP('', (#984, #954, #953));
#8031 = FACE_OUTER_BOUND('', #8030, .T.);
#8032 = FACETED_BREP_SHAPE_REPRESENTATION('', (#8031), #8);
#8033 = POLY_LOOP('', (#985, #969, #970));
#8034 = FACE_OUTER_BOUND('', #8033, .T.);
#8035 = FACETED_BREP_SHAPE_REPRESENTATION('', (#8034), #8);
#8036 = POLY_LOOP('', (#984, #955, #954));
#8037 = FACE_OUTER_BOUND('', #8036, .T.);
#8038 = FACETED_BREP_SHAPE_REPRESENTATION('', (#8037), #8);
#8039 = POLY_LOOP('', (#985, #970, #971));
#8040 = FACE_OUTER_BOUND('', #8039, .T.);
#8041 = FACETED_BREP_SHAPE_REPRESENTATION('', (#8040), #8);
#8042 = POLY_LOOP('', (#984, #956, #955));
#8043 = FACE_OUTER_BOUND('', #8042, .T.);
#8044 = FACETED_BREP_SHAPE_REPRESENTATION('', (#8043), #8);
#8045 = POLY_LOOP('', (#985, #971, #972));
#8046 = FACE_OUTER_BOUND('', #8045, .T.);
#8047 = FACETED_BREP_SHAPE_REPRESENTATION('', (#8046), #8);
#8048 = POLY_LOOP('', (#984, #957, #956));
#8049 = FACE_OUTER_BOUND('', #8048, .T.);
#8050 = FACETED_BREP_SHAPE_REPRESENTATION('', (#8049), #8);
#8051 = POLY_LOOP('', (#985, #972, #973));
#8052 = FACE_OUTER_BOUND('', #8051, .T.);
#8053 = FACETED_BREP_SHAPE_REPRESENTATION('', (#8052), #8);
#8054 = POLY_LOOP('', (#984, #958, #957));
#8055 = FACE_OUTER_BOUND('', #8054, .T.);
#8056 = FACETED_BREP_SHAPE_REPRESENTATION('', (#8055), #8);
#8057 = POLY_LOOP('', (#985, #973, #974));
#8058 = FACE_OUTER_BOUND('', #8057, .T.);
#8059 = FACETED_BREP_SHAPE_REPRESENTATION('', (#8058), #8);
#8060 = POLY_LOOP('', (#984, #959, #958));
#8061 = FACE_OUTER_BOUND('', #8060, .T.);
#8062 = FACETED_BREP_SHAPE_REPRESENTATION('', (#8061), #8);
#8063 = POLY_LOOP('', (#985, #974, #975));
#8064 = FACE_OUTER_BOUND('', #8063, .T.);
#8065 = FACETED_BREP_SHAPE_REPRESENTATION('', (#8064), #8);
#8066 = POLY_LOOP('', (#984, #960, #959));
#8067 = FACE_OUTER_BOUND('', #8066, .T.);
#8068 = FACETED_BREP_SHAPE_REPRESENTATION('', (#8067), #8);
#8069 = POLY_LOOP('', (#985, #975, #976));
#8070 = FACE_OUTER_BOUND('', #8069, .T.);
#8071 = FACETED_BREP_SHAPE_REPRESENTATION('', (#8070), #8);
#8072 = POLY_LOOP('', (#984, #961, #960));
#8073 = FACE_OUTER_BOUND('', #8072, .T.);
#8074 = FACETED_BREP_SHAPE_REPRESENTATION('', (#8073), #8);
#8075 = POLY_LOOP('', (#985, #976, #977));
#8076 = FACE_OUTER_BOUND('', #8075, .T.);
#8077 = FACETED_BREP_SHAPE_REPRESENTATION('', (#8076), #8);
#8078 = POLY_LOOP('', (#984, #962, #961));
#8079 = FACE_OUTER_BOUND('', #8078, .T.);
#8080 = FACETED_BREP_SHAPE_REPRESENTATION('', (#8079), #8);
#8081 = POLY_LOOP('', (#985, #977, #978));
#8082 = FACE_OUTER_BOUND('', #8081, .T.);
#8083 = FACETED_BREP_SHAPE_REPRESENTATION('', (#8082), #8);
#8084 = POLY_LOOP('', (#984, #963, #962));
#8085 = FACE_OUTER_BOUND('', #8084, .T.);
#8086 = FACETED_BREP_SHAPE_REPRESENTATION('', (#8085), #8);
#8087 = POLY_LOOP('', (#985, #978, #979));
#8088 = FACE_OUTER_BOUND('', #8087, .T.);
#8089 = FACETED_BREP_SHAPE_REPRESENTATION('', (#8088), #8);
#8090 = POLY_LOOP('', (#984, #964, #963));
#8091 = FACE_OUTER_BOUND('', #8090, .T.);
#8092 = FACETED_BREP_SHAPE_REPRESENTATION('', (#8091), #8);
#8093 = POLY_LOOP('', (#985, #979, #980));
#8094 = FACE_OUTER_BOUND('', #8093, .T.);
#8095 = FACETED_BREP_SHAPE_REPRESENTATION('', (#8094), #8);
#8096 = POLY_LOOP('', (#984, #965, #964));
#8097 = FACE_OUTER_BOUND('', #8096, .T.);
#8098 = FACETED_BREP_SHAPE_REPRESENTATION('', (#8097), #8);
#8099 = POLY_LOOP('', (#985, #980, #981));
#8100 = FACE_OUTER_BOUND('', #8099, .T.);
#8101 = FACETED_BREP_SHAPE_REPRESENTATION('', (#8100), #8);
#8102 = POLY_LOOP('', (#984, #966, #965));
#8103 = FACE_OUTER_BOUND('', #8102, .T.);
#8104 = FACETED_BREP_SHAPE_REPRESENTATION('', (#8103), #8);
#8105 = POLY_LOOP('', (#985, #981, #982));
#8106 = FACE_OUTER_BOUND('', #8105, .T.);
#8107 = FACETED_BREP_SHAPE_REPRESENTATION('', (#8106), #8);
#8108 = POLY_LOOP('', (#984, #967, #966));
#8109 = FACE_OUTER_BOUND('', #8108, .T.);
#8110 = FACETED_BREP_SHAPE_REPRESENTATION('', (#8109), #8);
#8111 = POLY_LOOP('', (#985, #982, #983));
#8112 = FACE_OUTER_BOUND('', #8111, .T.);
#8113 = FACETED_BREP_SHAPE_REPRESENTATION('', (#8112), #8);
#8114 = POLY_LOOP('', (#984, #952, #967));
#8115 = FACE_OUTER_BOUND('', #8114, .T.);
#8116 = FACETED_BREP_SHAPE_REPRESENTATION('', (#8115), #8);
#8117 = POLY_LOOP('', (#985, #983, #968));
#8118 = FACE_OUTER_BOUND('', #8117, .T.);
#8119 = FACETED_BREP_SHAPE_REPRESENTATION('', (#8118), #8);
#8120 = POLY_LOOP('', (#986, #987, #999));
#8121 = FACE_OUTER_BOUND('', #8120, .T.);
#8122 = FACETED_BREP_SHAPE_REPRESENTATION('', (#8121), #8);
#8123 = POLY_LOOP('', (#986, #999, #998));
#8124 = FACE_OUTER_BOUND('', #8123, .T.);
#8125 = FACETED_BREP_SHAPE_REPRESENTATION('', (#8124), #8);
#8126 = POLY_LOOP('', (#987, #988, #1000));
#8127 = FACE_OUTER_BOUND('', #8126, .T.);
#8128 = FACETED_BREP_SHAPE_REPRESENTATION('', (#8127), #8);
#8129 = POLY_LOOP('', (#987, #1000, #999));
#8130 = FACE_OUTER_BOUND('', #8129, .T.);
#8131 = FACETED_BREP_SHAPE_REPRESENTATION('', (#8130), #8);
#8132 = POLY_LOOP('', (#988, #989, #1001));
#8133 = FACE_OUTER_BOUND('', #8132, .T.);
#8134 = FACETED_BREP_SHAPE_REPRESENTATION('', (#8133), #8);
#8135 = POLY_LOOP('', (#988, #1001, #1000));
#8136 = FACE_OUTER_BOUND('', #8135, .T.);
#8137 = FACETED_BREP_SHAPE_REPRESENTATION('', (#8136), #8);
#8138 = POLY_LOOP('', (#989, #990, #1002));
#8139 = FACE_OUTER_BOUND('', #8138, .T.);
#8140 = FACETED_BREP_SHAPE_REPRESENTATION('', (#8139), #8);
#8141 = POLY_LOOP('', (#989, #1002, #1001));
#8142 = FACE_OUTER_BOUND('', #8141, .T.);
#8143 = FACETED_BREP_SHAPE_REPRESENTATION('', (#8142), #8);
#8144 = POLY_LOOP('', (#990, #991, #1003));
#8145 = FACE_OUTER_BOUND('', #8144, .T.);
#8146 = FACETED_BREP_SHAPE_REPRESENTATION('', (#8145), #8);
#8147 = POLY_LOOP('', (#990, #1003, #1002));
#8148 = FACE_OUTER_BOUND('', #8147, .T.);
#8149 = FACETED_BREP_SHAPE_REPRESENTATION('', (#8148), #8);
#8150 = POLY_LOOP('', (#991, #992, #1004));
#8151 = FACE_OUTER_BOUND('', #8150, .T.);
#8152 = FACETED_BREP_SHAPE_REPRESENTATION('', (#8151), #8);
#8153 = POLY_LOOP('', (#991, #1004, #1003));
#8154 = FACE_OUTER_BOUND('', #8153, .T.);
#8155 = FACETED_BREP_SHAPE_REPRESENTATION('', (#8154), #8);
#8156 = POLY_LOOP('', (#992, #993, #1005));
#8157 = FACE_OUTER_BOUND('', #8156, .T.);
#8158 = FACETED_BREP_SHAPE_REPRESENTATION('', (#8157), #8);
#8159 = POLY_LOOP('', (#992, #1005, #1004));
#8160 = FACE_OUTER_BOUND('', #8159, .T.);
#8161 = FACETED_BREP_SHAPE_REPRESENTATION('', (#8160), #8);
#8162 = POLY_LOOP('', (#993, #994, #1006));
#8163 = FACE_OUTER_BOUND('', #8162, .T.);
#8164 = FACETED_BREP_SHAPE_REPRESENTATION('', (#8163), #8);
#8165 = POLY_LOOP('', (#993, #1006, #1005));
#8166 = FACE_OUTER_BOUND('', #8165, .T.);
#8167 = FACETED_BREP_SHAPE_REPRESENTATION('', (#8166), #8);
#8168 = POLY_LOOP('', (#994, #995, #1007));
#8169 = FACE_OUTER_BOUND('', #8168, .T.);
#8170 = FACETED_BREP_SHAPE_REPRESENTATION('', (#8169), #8);
#8171 = POLY_LOOP('', (#994, #1007, #1006));
#8172 = FACE_OUTER_BOUND('', #8171, .T.);
#8173 = FACETED_BREP_SHAPE_REPRESENTATION('', (#8172), #8);
#8174 = POLY_LOOP('', (#995, #996, #1008));
#8175 = FACE_OUTER_BOUND('', #8174, .T.);
#8176 = FACETED_BREP_SHAPE_REPRESENTATION('', (#8175), #8);
#8177 = POLY_LOOP('', (#995, #1008, #1007));
#8178 = FACE_OUTER_BOUND('', #8177, .T.);
#8179 = FACETED_BREP_SHAPE_REPRESENTATION('', (#8178), #8);
#8180 = POLY_LOOP('', (#996, #997, #1009));
#8181 = FACE_OUTER_BOUND('', #8180, .T.);
#8182 = FACETED_BREP_SHAPE_REPRESENTATION('', (#8181), #8);
#8183 = POLY_LOOP('', (#996, #1009, #1008));
#8184 = FACE_OUTER_BOUND('', #8183, .T.);
#8185 = FACETED_BREP_SHAPE_REPRESENTATION('', (#8184), #8);
#8186 = POLY_LOOP('', (#997, #986, #998));
#8187 = FACE_OUTER_BOUND('', #8186, .T.);
#8188 = FACETED_BREP_SHAPE_REPRESENTATION('', (#8187), #8);
#8189 = POLY_LOOP('', (#997, #998, #1009));
#8190 = FACE_OUTER_BOUND('', #8189, .T.);
#8191 = FACETED_BREP_SHAPE_REPRESENTATION('', (#8190), #8);
#8192 = POLY_LOOP('', (#1010, #987, #986));
#8193 = FACE_OUTER_BOUND('', #8192, .T.);
#8194 = FACETED_BREP_SHAPE_REPRESENTATION('', (#8193), #8);
#8195 = POLY_LOOP('', (#1011, #998, #999));
#8196 = FACE_OUTER_BOUND('', #8195, .T.);
#8197 = FACETED_BREP_SHAPE_REPRESENTATION('', (#8196), #8);
#8198 = POLY_LOOP('', (#1010, #988, #987));
#8199 = FACE_OUTER_BOUND('', #8198, .T.);
#8200 = FACETED_BREP_SHAPE_REPRESENTATION('', (#8199), #8);
#8201 = POLY_LOOP('', (#1011, #999, #1000));
#8202 = FACE_OUTER_BOUND('', #8201, .T.);
#8203 = FACETED_BREP_SHAPE_REPRESENTATION('', (#8202), #8);
#8204 = POLY_LOOP('', (#1010, #989, #988));
#8205 = FACE_OUTER_BOUND('', #8204, .T.);
#8206 = FACETED_BREP_SHAPE_REPRESENTATION('', (#8205), #8);
#8207 = POLY_LOOP('', (#1011, #1000, #1001));
#8208 = FACE_OUTER_BOUND('', #8207, .T.);
#8209 = FACETED_BREP_SHAPE_REPRESENTATION('', (#8208), #8);
#8210 = POLY_LOOP('', (#1010, #990, #989));
#8211 = FACE_OUTER_BOUND('', #8210, .T.);
#8212 = FACETED_BREP_SHAPE_REPRESENTATION('', (#8211), #8);
#8213 = POLY_LOOP('', (#1011, #1001, #1002));
#8214 = FACE_OUTER_BOUND('', #8213, .T.);
#8215 = FACETED_BREP_SHAPE_REPRESENTATION('', (#8214), #8);
#8216 = POLY_LOOP('', (#1010, #991, #990));
#8217 = FACE_OUTER_BOUND('', #8216, .T.);
#8218 = FACETED_BREP_SHAPE_REPRESENTATION('', (#8217), #8);
#8219 = POLY_LOOP('', (#1011, #1002, #1003));
#8220 = FACE_OUTER_BOUND('', #8219, .T.);
#8221 = FACETED_BREP_SHAPE_REPRESENTATION('', (#8220), #8);
#8222 = POLY_LOOP('', (#1010, #992, #991));
#8223 = FACE_OUTER_BOUND('', #8222, .T.);
#8224 = FACETED_BREP_SHAPE_REPRESENTATION('', (#8223), #8);
#8225 = POLY_LOOP('', (#1011, #1003, #1004));
#8226 = FACE_OUTER_BOUND('', #8225, .T.);
#8227 = FACETED_BREP_SHAPE_REPRESENTATION('', (#8226), #8);
#8228 = POLY_LOOP('', (#1010, #993, #992));
#8229 = FACE_OUTER_BOUND('', #8228, .T.);
#8230 = FACETED_BREP_SHAPE_REPRESENTATION('', (#8229), #8);
#8231 = POLY_LOOP('', (#1011, #1004, #1005));
#8232 = FACE_OUTER_BOUND('', #8231, .T.);
#8233 = FACETED_BREP_SHAPE_REPRESENTATION('', (#8232), #8);
#8234 = POLY_LOOP('', (#1010, #994, #993));
#8235 = FACE_OUTER_BOUND('', #8234, .T.);
#8236 = FACETED_BREP_SHAPE_REPRESENTATION('', (#8235), #8);
#8237 = POLY_LOOP('', (#1011, #1005, #1006));
#8238 = FACE_OUTER_BOUND('', #8237, .T.);
#8239 = FACETED_BREP_SHAPE_REPRESENTATION('', (#8238), #8);
#8240 = POLY_LOOP('', (#1010, #995, #994));
#8241 = FACE_OUTER_BOUND('', #8240, .T.);
#8242 = FACETED_BREP_SHAPE_REPRESENTATION('', (#8241), #8);
#8243 = POLY_LOOP('', (#1011, #1006, #1007));
#8244 = FACE_OUTER_BOUND('', #8243, .T.);
#8245 = FACETED_BREP_SHAPE_REPRESENTATION('', (#8244), #8);
#8246 = POLY_LOOP('', (#1010, #996, #995));
#8247 = FACE_OUTER_BOUND('', #8246, .T.);
#8248 = FACETED_BREP_SHAPE_REPRESENTATION('', (#8247), #8);
#8249 = POLY_LOOP('', (#1011, #1007, #1008));
#8250 = FACE_OUTER_BOUND('', #8249, .T.);
#8251 = FACETED_BREP_SHAPE_REPRESENTATION('', (#8250), #8);
#8252 = POLY_LOOP('', (#1010, #997, #996));
#8253 = FACE_OUTER_BOUND('', #8252, .T.);
#8254 = FACETED_BREP_SHAPE_REPRESENTATION('', (#8253), #8);
#8255 = POLY_LOOP('', (#1011, #1008, #1009));
#8256 = FACE_OUTER_BOUND('', #8255, .T.);
#8257 = FACETED_BREP_SHAPE_REPRESENTATION('', (#8256), #8);
#8258 = POLY_LOOP('', (#1010, #986, #997));
#8259 = FACE_OUTER_BOUND('', #8258, .T.);
#8260 = FACETED_BREP_SHAPE_REPRESENTATION('', (#8259), #8);
#8261 = POLY_LOOP('', (#1011, #1009, #998));
#8262 = FACE_OUTER_BOUND('', #8261, .T.);
#8263 = FACETED_BREP_SHAPE_REPRESENTATION('', (#8262), #8);
#8264 = POLY_LOOP('', (#1012, #1013, #1029));
#8265 = FACE_OUTER_BOUND('', #8264, .T.);
#8266 = FACETED_BREP_SHAPE_REPRESENTATION('', (#8265), #8);
#8267 = POLY_LOOP('', (#1012, #1029, #1028));
#8268 = FACE_OUTER_BOUND('', #8267, .T.);
#8269 = FACETED_BREP_SHAPE_REPRESENTATION('', (#8268), #8);
#8270 = POLY_LOOP('', (#1013, #1014, #1030));
#8271 = FACE_OUTER_BOUND('', #8270, .T.);
#8272 = FACETED_BREP_SHAPE_REPRESENTATION('', (#8271), #8);
#8273 = POLY_LOOP('', (#1013, #1030, #1029));
#8274 = FACE_OUTER_BOUND('', #8273, .T.);
#8275 = FACETED_BREP_SHAPE_REPRESENTATION('', (#8274), #8);
#8276 = POLY_LOOP('', (#1014, #1015, #1031));
#8277 = FACE_OUTER_BOUND('', #8276, .T.);
#8278 = FACETED_BREP_SHAPE_REPRESENTATION('', (#8277), #8);
#8279 = POLY_LOOP('', (#1014, #1031, #1030));
#8280 = FACE_OUTER_BOUND('', #8279, .T.);
#8281 = FACETED_BREP_SHAPE_REPRESENTATION('', (#8280), #8);
#8282 = POLY_LOOP('', (#1015, #1016, #1032));
#8283 = FACE_OUTER_BOUND('', #8282, .T.);
#8284 = FACETED_BREP_SHAPE_REPRESENTATION('', (#8283), #8);
#8285 = POLY_LOOP('', (#1015, #1032, #1031));
#8286 = FACE_OUTER_BOUND('', #8285, .T.);
#8287 = FACETED_BREP_SHAPE_REPRESENTATION('', (#8286), #8);
#8288 = POLY_LOOP('', (#1016, #1017, #1033));
#8289 = FACE_OUTER_BOUND('', #8288, .T.);
#8290 = FACETED_BREP_SHAPE_REPRESENTATION('', (#8289), #8);
#8291 = POLY_LOOP('', (#1016, #1033, #1032));
#8292 = FACE_OUTER_BOUND('', #8291, .T.);
#8293 = FACETED_BREP_SHAPE_REPRESENTATION('', (#8292), #8);
#8294 = POLY_LOOP('', (#1017, #1018, #1034));
#8295 = FACE_OUTER_BOUND('', #8294, .T.);
#8296 = FACETED_BREP_SHAPE_REPRESENTATION('', (#8295), #8);
#8297 = POLY_LOOP('', (#1017, #1034, #1033));
#8298 = FACE_OUTER_BOUND('', #8297, .T.);
#8299 = FACETED_BREP_SHAPE_REPRESENTATION('', (#8298), #8);
#8300 = POLY_LOOP('', (#1018, #1019, #1035));
#8301 = FACE_OUTER_BOUND('', #8300, .T.);
#8302 = FACETED_BREP_SHAPE_REPRESENTATION('', (#8301), #8);
#8303 = POLY_LOOP('', (#1018, #1035, #1034));
#8304 = FACE_OUTER_BOUND('', #8303, .T.);
#8305 = FACETED_BREP_SHAPE_REPRESENTATION('', (#8304), #8);
#8306 = POLY_LOOP('', (#1019, #1020, #1036));
#8307 = FACE_OUTER_BOUND('', #8306, .T.);
#8308 = FACETED_BREP_SHAPE_REPRESENTATION('', (#8307), #8);
#8309 = POLY_LOOP('', (#1019, #1036, #1035));
#8310 = FACE_OUTER_BOUND('', #8309, .T.);
#8311 = FACETED_BREP_SHAPE_REPRESENTATION('', (#8310), #8);
#8312 = POLY_LOOP('', (#1020, #1021, #1037));
#8313 = FACE_OUTER_BOUND('', #8312, .T.);
#8314 = FACETED_BREP_SHAPE_REPRESENTATION('', (#8313), #8);
#8315 = POLY_LOOP('', (#1020, #1037, #1036));
#8316 = FACE_OUTER_BOUND('', #8315, .T.);
#8317 = FACETED_BREP_SHAPE_REPRESENTATION('', (#8316), #8);
#8318 = POLY_LOOP('', (#1021, #1022, #1038));
#8319 = FACE_OUTER_BOUND('', #8318, .T.);
#8320 = FACETED_BREP_SHAPE_REPRESENTATION('', (#8319), #8);
#8321 = POLY_LOOP('', (#1021, #1038, #1037));
#8322 = FACE_OUTER_BOUND('', #8321, .T.);
#8323 = FACETED_BREP_SHAPE_REPRESENTATION('', (#8322), #8);
#8324 = POLY_LOOP('', (#1022, #1023, #1039));
#8325 = FACE_OUTER_BOUND('', #8324, .T.);
#8326 = FACETED_BREP_SHAPE_REPRESENTATION('', (#8325), #8);
#8327 = POLY_LOOP('', (#1022, #1039, #1038));
#8328 = FACE_OUTER_BOUND('', #8327, .T.);
#8329 = FACETED_BREP_SHAPE_REPRESENTATION('', (#8328), #8);
#8330 = POLY_LOOP('', (#1023, #1024, #1040));
#8331 = FACE_OUTER_BOUND('', #8330, .T.);
#8332 = FACETED_BREP_SHAPE_REPRESENTATION('', (#8331), #8);
#8333 = POLY_LOOP('', (#1023, #1040, #1039));
#8334 = FACE_OUTER_BOUND('', #8333, .T.);
#8335 = FACETED_BREP_SHAPE_REPRESENTATION('', (#8334), #8);
#8336 = POLY_LOOP('', (#1024, #1025, #1041));
#8337 = FACE_OUTER_BOUND('', #8336, .T.);
#8338 = FACETED_BREP_SHAPE_REPRESENTATION('', (#8337), #8);
#8339 = POLY_LOOP('', (#1024, #1041, #1040));
#8340 = FACE_OUTER_BOUND('', #8339, .T.);
#8341 = FACETED_BREP_SHAPE_REPRESENTATION('', (#8340), #8);
#8342 = POLY_LOOP('', (#1025, #1026, #1042));
#8343 = FACE_OUTER_BOUND('', #8342, .T.);
#8344 = FACETED_BREP_SHAPE_REPRESENTATION('', (#8343), #8);
#8345 = POLY_LOOP('', (#1025, #1042, #1041));
#8346 = FACE_OUTER_BOUND('', #8345, .T.);
#8347 = FACETED_BREP_SHAPE_REPRESENTATION('', (#8346), #8);
#8348 = POLY_LOOP('', (#1026, #1027, #1043));
#8349 = FACE_OUTER_BOUND('', #8348, .T.);
#8350 = FACETED_BREP_SHAPE_REPRESENTATION('', (#8349), #8);
#8351 = POLY_LOOP('', (#1026, #1043, #1042));
#8352 = FACE_OUTER_BOUND('', #8351, .T.);
#8353 = FACETED_BREP_SHAPE_REPRESENTATION('', (#8352), #8);
#8354 = POLY_LOOP('', (#1027, #1012, #1028));
#8355 = FACE_OUTER_BOUND('', #8354, .T.);
#8356 = FACETED_BREP_SHAPE_REPRESENTATION('', (#8355), #8);
#8357 = POLY_LOOP('', (#1027, #1028, #1043));
#8358 = FACE_OUTER_BOUND('', #8357, .T.);
#8359 = FACETED_BREP_SHAPE_REPRESENTATION('', (#8358), #8);
#8360 = POLY_LOOP('', (#1044, #1013, #1012));
#8361 = FACE_OUTER_BOUND('', #8360, .T.);
#8362 = FACETED_BREP_SHAPE_REPRESENTATION('', (#8361), #8);
#8363 = POLY_LOOP('', (#1045, #1028, #1029));
#8364 = FACE_OUTER_BOUND('', #8363, .T.);
#8365 = FACETED_BREP_SHAPE_REPRESENTATION('', (#8364), #8);
#8366 = POLY_LOOP('', (#1044, #1014, #1013));
#8367 = FACE_OUTER_BOUND('', #8366, .T.);
#8368 = FACETED_BREP_SHAPE_REPRESENTATION('', (#8367), #8);
#8369 = POLY_LOOP('', (#1045, #1029, #1030));
#8370 = FACE_OUTER_BOUND('', #8369, .T.);
#8371 = FACETED_BREP_SHAPE_REPRESENTATION('', (#8370), #8);
#8372 = POLY_LOOP('', (#1044, #1015, #1014));
#8373 = FACE_OUTER_BOUND('', #8372, .T.);
#8374 = FACETED_BREP_SHAPE_REPRESENTATION('', (#8373), #8);
#8375 = POLY_LOOP('', (#1045, #1030, #1031));
#8376 = FACE_OUTER_BOUND('', #8375, .T.);
#8377 = FACETED_BREP_SHAPE_REPRESENTATION('', (#8376), #8);
#8378 = POLY_LOOP('', (#1044, #1016, #1015));
#8379 = FACE_OUTER_BOUND('', #8378, .T.);
#8380 = FACETED_BREP_SHAPE_REPRESENTATION('', (#8379), #8);
#8381 = POLY_LOOP('', (#1045, #1031, #1032));
#8382 = FACE_OUTER_BOUND('', #8381, .T.);
#8383 = FACETED_BREP_SHAPE_REPRESENTATION('', (#8382), #8);
#8384 = POLY_LOOP('', (#1044, #1017, #1016));
#8385 = FACE_OUTER_BOUND('', #8384, .T.);
#8386 = FACETED_BREP_SHAPE_REPRESENTATION('', (#8385), #8);
#8387 = POLY_LOOP('', (#1045, #1032, #1033));
#8388 = FACE_OUTER_BOUND('', #8387, .T.);
#8389 = FACETED_BREP_SHAPE_REPRESENTATION('', (#8388), #8);
#8390 = POLY_LOOP('', (#1044, #1018, #1017));
#8391 = FACE_OUTER_BOUND('', #8390, .T.);
#8392 = FACETED_BREP_SHAPE_REPRESENTATION('', (#8391), #8);
#8393 = POLY_LOOP('', (#1045, #1033, #1034));
#8394 = FACE_OUTER_BOUND('', #8393, .T.);
#8395 = FACETED_BREP_SHAPE_REPRESENTATION('', (#8394), #8);
#8396 = POLY_LOOP('', (#1044, #1019, #1018));
#8397 = FACE_OUTER_BOUND('', #8396, .T.);
#8398 = FACETED_BREP_SHAPE_REPRESENTATION('', (#8397), #8);
#8399 = POLY_LOOP('', (#1045, #1034, #1035));
#8400 = FACE_OUTER_BOUND('', #8399, .T.);
#8401 = FACETED_BREP_SHAPE_REPRESENTATION('', (#8400), #8);
#8402 = POLY_LOOP('', (#1044, #1020, #1019));
#8403 = FACE_OUTER_BOUND('', #8402, .T.);
#8404 = FACETED_BREP_SHAPE_REPRESENTATION('', (#8403), #8);
#8405 = POLY_LOOP('', (#1045, #1035, #1036));
#8406 = FACE_OUTER_BOUND('', #8405, .T.);
#8407 = FACETED_BREP_SHAPE_REPRESENTATION('', (#8406), #8);
#8408 = POLY_LOOP('', (#1044, #1021, #1020));
#8409 = FACE_OUTER_BOUND('', #8408, .T.);
#8410 = FACETED_BREP_SHAPE_REPRESENTATION('', (#8409), #8);
#8411 = POLY_LOOP('', (#1045, #1036, #1037));
#8412 = FACE_OUTER_BOUND('', #8411, .T.);
#8413 = FACETED_BREP_SHAPE_REPRESENTATION('', (#8412), #8);
#8414 = POLY_LOOP('', (#1044, #1022, #1021));
#8415 = FACE_OUTER_BOUND('', #8414, .T.);
#8416 = FACETED_BREP_SHAPE_REPRESENTATION('', (#8415), #8);
#8417 = POLY_LOOP('', (#1045, #1037, #1038));
#8418 = FACE_OUTER_BOUND('', #8417, .T.);
#8419 = FACETED_BREP_SHAPE_REPRESENTATION('', (#8418), #8);
#8420 = POLY_LOOP('', (#1044, #1023, #1022));
#8421 = FACE_OUTER_BOUND('', #8420, .T.);
#8422 = FACETED_BREP_SHAPE_REPRESENTATION('', (#8421), #8);
#8423 = POLY_LOOP('', (#1045, #1038, #1039));
#8424 = FACE_OUTER_BOUND('', #8423, .T.);
#8425 = FACETED_BREP_SHAPE_REPRESENTATION('', (#8424), #8);
#8426 = POLY_LOOP('', (#1044, #1024, #1023));
#8427 = FACE_OUTER_BOUND('', #8426, .T.);
#8428 = FACETED_BREP_SHAPE_REPRESENTATION('', (#8427), #8);
#8429 = POLY_LOOP('', (#1045, #1039, #1040));
#8430 = FACE_OUTER_BOUND('', #8429, .T.);
#8431 = FACETED_BREP_SHAPE_REPRESENTATION('', (#8430), #8);
#8432 = POLY_LOOP('', (#1044, #1025, #1024));
#8433 = FACE_OUTER_BOUND('', #8432, .T.);
#8434 = FACETED_BREP_SHAPE_REPRESENTATION('', (#8433), #8);
#8435 = POLY_LOOP('', (#1045, #1040, #1041));
#8436 = FACE_OUTER_BOUND('', #8435, .T.);
#8437 = FACETED_BREP_SHAPE_REPRESENTATION('', (#8436), #8);
#8438 = POLY_LOOP('', (#1044, #1026, #1025));
#8439 = FACE_OUTER_BOUND('', #8438, .T.);
#8440 = FACETED_BREP_SHAPE_REPRESENTATION('', (#8439), #8);
#8441 = POLY_LOOP('', (#1045, #1041, #1042));
#8442 = FACE_OUTER_BOUND('', #8441, .T.);
#8443 = FACETED_BREP_SHAPE_REPRESENTATION('', (#8442), #8);
#8444 = POLY_LOOP('', (#1044, #1027, #1026));
#8445 = FACE_OUTER_BOUND('', #8444, .T.);
#8446 = FACETED_BREP_SHAPE_REPRESENTATION('', (#8445), #8);
#8447 = POLY_LOOP('', (#1045, #1042, #1043));
#8448 = FACE_OUTER_BOUND('', #8447, .T.);
#8449 = FACETED_BREP_SHAPE_REPRESENTATION('', (#8448), #8);
#8450 = POLY_LOOP('', (#1044, #1012, #1027));
#8451 = FACE_OUTER_BOUND('', #8450, .T.);
#8452 = FACETED_BREP_SHAPE_REPRESENTATION('', (#8451), #8);
#8453 = POLY_LOOP('', (#1045, #1043, #1028));
#8454 = FACE_OUTER_BOUND('', #8453, .T.);
#8455 = FACETED_BREP_SHAPE_REPRESENTATION('', (#8454), #8);
#8456 = POLY_LOOP('', (#1046, #1047, #1059));
#8457 = FACE_OUTER_BOUND('', #8456, .T.);
#8458 = FACETED_BREP_SHAPE_REPRESENTATION('', (#8457), #8);
#8459 = POLY_LOOP('', (#1046, #1059, #1058));
#8460 = FACE_OUTER_BOUND('', #8459, .T.);
#8461 = FACETED_BREP_SHAPE_REPRESENTATION('', (#8460), #8);
#8462 = POLY_LOOP('', (#1047, #1048, #1060));
#8463 = FACE_OUTER_BOUND('', #8462, .T.);
#8464 = FACETED_BREP_SHAPE_REPRESENTATION('', (#8463), #8);
#8465 = POLY_LOOP('', (#1047, #1060, #1059));
#8466 = FACE_OUTER_BOUND('', #8465, .T.);
#8467 = FACETED_BREP_SHAPE_REPRESENTATION('', (#8466), #8);
#8468 = POLY_LOOP('', (#1048, #1049, #1061));
#8469 = FACE_OUTER_BOUND('', #8468, .T.);
#8470 = FACETED_BREP_SHAPE_REPRESENTATION('', (#8469), #8);
#8471 = POLY_LOOP('', (#1048, #1061, #1060));
#8472 = FACE_OUTER_BOUND('', #8471, .T.);
#8473 = FACETED_BREP_SHAPE_REPRESENTATION('', (#8472), #8);
#8474 = POLY_LOOP('', (#1049, #1050, #1062));
#8475 = FACE_OUTER_BOUND('', #8474, .T.);
#8476 = FACETED_BREP_SHAPE_REPRESENTATION('', (#8475), #8);
#8477 = POLY_LOOP('', (#1049, #1062, #1061));
#8478 = FACE_OUTER_BOUND('', #8477, .T.);
#8479 = FACETED_BREP_SHAPE_REPRESENTATION('', (#8478), #8);
#8480 = POLY_LOOP('', (#1050, #1051, #1063));
#8481 = FACE_OUTER_BOUND('', #8480, .T.);
#8482 = FACETED_BREP_SHAPE_REPRESENTATION('', (#8481), #8);
#8483 = POLY_LOOP('', (#1050, #1063, #1062));
#8484 = FACE_OUTER_BOUND('', #8483, .T.);
#8485 = FACETED_BREP_SHAPE_REPRESENTATION('', (#8484), #8);
#8486 = POLY_LOOP('', (#1051, #1052, #1064));
#8487 = FACE_OUTER_BOUND('', #8486, .T.);
#8488 = FACETED_BREP_SHAPE_REPRESENTATION('', (#8487), #8);
#8489 = POLY_LOOP('', (#1051, #1064, #1063));
#8490 = FACE_OUTER_BOUND('', #8489, .T.);
#8491 = FACETED_BREP_SHAPE_REPRESENTATION('', (#8490), #8);
#8492 = POLY_LOOP('', (#1052, #1053, #1065));
#8493 = FACE_OUTER_BOUND('', #8492, .T.);
#8494 = FACETED_BREP_SHAPE_REPRESENTATION('', (#8493), #8);
#8495 = POLY_LOOP('', (#1052, #1065, #1064));
#8496 = FACE_OUTER_BOUND('', #8495, .T.);
#8497 = FACETED_BREP_SHAPE_REPRESENTATION('', (#8496), #8);
#8498 = POLY_LOOP('', (#1053, #1054, #1066));
#8499 = FACE_OUTER_BOUND('', #8498, .T.);
#8500 = FACETED_BREP_SHAPE_REPRESENTATION('', (#8499), #8);
#8501 = POLY_LOOP('', (#1053, #1066, #1065));
#8502 = FACE_OUTER_BOUND('', #8501, .T.);
#8503 = FACETED_BREP_SHAPE_REPRESENTATION('', (#8502), #8);
#8504 = POLY_LOOP('', (#1054, #1055, #1067));
#8505 = FACE_OUTER_BOUND('', #8504, .T.);
#8506 = FACETED_BREP_SHAPE_REPRESENTATION('', (#8505), #8);
#8507 = POLY_LOOP('', (#1054, #1067, #1066));
#8508 = FACE_OUTER_BOUND('', #8507, .T.);
#8509 = FACETED_BREP_SHAPE_REPRESENTATION('', (#8508), #8);
#8510 = POLY_LOOP('', (#1055, #1056, #1068));
#8511 = FACE_OUTER_BOUND('', #8510, .T.);
#8512 = FACETED_BREP_SHAPE_REPRESENTATION('', (#8511), #8);
#8513 = POLY_LOOP('', (#1055, #1068, #1067));
#8514 = FACE_OUTER_BOUND('', #8513, .T.);
#8515 = FACETED_BREP_SHAPE_REPRESENTATION('', (#8514), #8);
#8516 = POLY_LOOP('', (#1056, #1057, #1069));
#8517 = FACE_OUTER_BOUND('', #8516, .T.);
#8518 = FACETED_BREP_SHAPE_REPRESENTATION('', (#8517), #8);
#8519 = POLY_LOOP('', (#1056, #1069, #1068));
#8520 = FACE_OUTER_BOUND('', #8519, .T.);
#8521 = FACETED_BREP_SHAPE_REPRESENTATION('', (#8520), #8);
#8522 = POLY_LOOP('', (#1057, #1046, #1058));
#8523 = FACE_OUTER_BOUND('', #8522, .T.);
#8524 = FACETED_BREP_SHAPE_REPRESENTATION('', (#8523), #8);
#8525 = POLY_LOOP('', (#1057, #1058, #1069));
#8526 = FACE_OUTER_BOUND('', #8525, .T.);
#8527 = FACETED_BREP_SHAPE_REPRESENTATION('', (#8526), #8);
#8528 = POLY_LOOP('', (#1070, #1047, #1046));
#8529 = FACE_OUTER_BOUND('', #8528, .T.);
#8530 = FACETED_BREP_SHAPE_REPRESENTATION('', (#8529), #8);
#8531 = POLY_LOOP('', (#1071, #1058, #1059));
#8532 = FACE_OUTER_BOUND('', #8531, .T.);
#8533 = FACETED_BREP_SHAPE_REPRESENTATION('', (#8532), #8);
#8534 = POLY_LOOP('', (#1070, #1048, #1047));
#8535 = FACE_OUTER_BOUND('', #8534, .T.);
#8536 = FACETED_BREP_SHAPE_REPRESENTATION('', (#8535), #8);
#8537 = POLY_LOOP('', (#1071, #1059, #1060));
#8538 = FACE_OUTER_BOUND('', #8537, .T.);
#8539 = FACETED_BREP_SHAPE_REPRESENTATION('', (#8538), #8);
#8540 = POLY_LOOP('', (#1070, #1049, #1048));
#8541 = FACE_OUTER_BOUND('', #8540, .T.);
#8542 = FACETED_BREP_SHAPE_REPRESENTATION('', (#8541), #8);
#8543 = POLY_LOOP('', (#1071, #1060, #1061));
#8544 = FACE_OUTER_BOUND('', #8543, .T.);
#8545 = FACETED_BREP_SHAPE_REPRESENTATION('', (#8544), #8);
#8546 = POLY_LOOP('', (#1070, #1050, #1049));
#8547 = FACE_OUTER_BOUND('', #8546, .T.);
#8548 = FACETED_BREP_SHAPE_REPRESENTATION('', (#8547), #8);
#8549 = POLY_LOOP('', (#1071, #1061, #1062));
#8550 = FACE_OUTER_BOUND('', #8549, .T.);
#8551 = FACETED_BREP_SHAPE_REPRESENTATION('', (#8550), #8);
#8552 = POLY_LOOP('', (#1070, #1051, #1050));
#8553 = FACE_OUTER_BOUND('', #8552, .T.);
#8554 = FACETED_BREP_SHAPE_REPRESENTATION('', (#8553), #8);
#8555 = POLY_LOOP('', (#1071, #1062, #1063));
#8556 = FACE_OUTER_BOUND('', #8555, .T.);
#8557 = FACETED_BREP_SHAPE_REPRESENTATION('', (#8556), #8);
#8558 = POLY_LOOP('', (#1070, #1052, #1051));
#8559 = FACE_OUTER_BOUND('', #8558, .T.);
#8560 = FACETED_BREP_SHAPE_REPRESENTATION('', (#8559), #8);
#8561 = POLY_LOOP('', (#1071, #1063, #1064));
#8562 = FACE_OUTER_BOUND('', #8561, .T.);
#8563 = FACETED_BREP_SHAPE_REPRESENTATION('', (#8562), #8);
#8564 = POLY_LOOP('', (#1070, #1053, #1052));
#8565 = FACE_OUTER_BOUND('', #8564, .T.);
#8566 = FACETED_BREP_SHAPE_REPRESENTATION('', (#8565), #8);
#8567 = POLY_LOOP('', (#1071, #1064, #1065));
#8568 = FACE_OUTER_BOUND('', #8567, .T.);
#8569 = FACETED_BREP_SHAPE_REPRESENTATION('', (#8568), #8);
#8570 = POLY_LOOP('', (#1070, #1054, #1053));
#8571 = FACE_OUTER_BOUND('', #8570, .T.);
#8572 = FACETED_BREP_SHAPE_REPRESENTATION('', (#8571), #8);
#8573 = POLY_LOOP('', (#1071, #1065, #1066));
#8574 = FACE_OUTER_BOUND('', #8573, .T.);
#8575 = FACETED_BREP_SHAPE_REPRESENTATION('', (#8574), #8);
#8576 = POLY_LOOP('', (#1070, #1055, #1054));
#8577 = FACE_OUTER_BOUND('', #8576, .T.);
#8578 = FACETED_BREP_SHAPE_REPRESENTATION('', (#8577), #8);
#8579 = POLY_LOOP('', (#1071, #1066, #1067));
#8580 = FACE_OUTER_BOUND('', #8579, .T.);
#8581 = FACETED_BREP_SHAPE_REPRESENTATION('', (#8580), #8);
#8582 = POLY_LOOP('', (#1070, #1056, #1055));
#8583 = FACE_OUTER_BOUND('', #8582, .T.);
#8584 = FACETED_BREP_SHAPE_REPRESENTATION('', (#8583), #8);
#8585 = POLY_LOOP('', (#1071, #1067, #1068));
#8586 = FACE_OUTER_BOUND('', #8585, .T.);
#8587 = FACETED_BREP_SHAPE_REPRESENTATION('', (#8586), #8);
#8588 = POLY_LOOP('', (#1070, #1057, #1056));
#8589 = FACE_OUTER_BOUND('', #8588, .T.);
#8590 = FACETED_BREP_SHAPE_REPRESENTATION('', (#8589), #8);
#8591 = POLY_LOOP('', (#1071, #1068, #1069));
#8592 = FACE_OUTER_BOUND('', #8591, .T.);
#8593 = FACETED_BREP_SHAPE_REPRESENTATION('', (#8592), #8);
#8594 = POLY_LOOP('', (#1070, #1046, #1057));
#8595 = FACE_OUTER_BOUND('', #8594, .T.);
#8596 = FACETED_BREP_SHAPE_REPRESENTATION('', (#8595), #8);
#8597 = POLY_LOOP('', (#1071, #1069, #1058));
#8598 = FACE_OUTER_BOUND('', #8597, .T.);
#8599 = FACETED_BREP_SHAPE_REPRESENTATION('', (#8598), #8);
#8600 = POLY_LOOP('', (#1072, #1073, #1089));
#8601 = FACE_OUTER_BOUND('', #8600, .T.);
#8602 = FACETED_BREP_SHAPE_REPRESENTATION('', (#8601), #8);
#8603 = POLY_LOOP('', (#1072, #1089, #1088));
#8604 = FACE_OUTER_BOUND('', #8603, .T.);
#8605 = FACETED_BREP_SHAPE_REPRESENTATION('', (#8604), #8);
#8606 = POLY_LOOP('', (#1073, #1074, #1090));
#8607 = FACE_OUTER_BOUND('', #8606, .T.);
#8608 = FACETED_BREP_SHAPE_REPRESENTATION('', (#8607), #8);
#8609 = POLY_LOOP('', (#1073, #1090, #1089));
#8610 = FACE_OUTER_BOUND('', #8609, .T.);
#8611 = FACETED_BREP_SHAPE_REPRESENTATION('', (#8610), #8);
#8612 = POLY_LOOP('', (#1074, #1075, #1091));
#8613 = FACE_OUTER_BOUND('', #8612, .T.);
#8614 = FACETED_BREP_SHAPE_REPRESENTATION('', (#8613), #8);
#8615 = POLY_LOOP('', (#1074, #1091, #1090));
#8616 = FACE_OUTER_BOUND('', #8615, .T.);
#8617 = FACETED_BREP_SHAPE_REPRESENTATION('', (#8616), #8);
#8618 = POLY_LOOP('', (#1075, #1076, #1092));
#8619 = FACE_OUTER_BOUND('', #8618, .T.);
#8620 = FACETED_BREP_SHAPE_REPRESENTATION('', (#8619), #8);
#8621 = POLY_LOOP('', (#1075, #1092, #1091));
#8622 = FACE_OUTER_BOUND('', #8621, .T.);
#8623 = FACETED_BREP_SHAPE_REPRESENTATION('', (#8622), #8);
#8624 = POLY_LOOP('', (#1076, #1077, #1093));
#8625 = FACE_OUTER_BOUND('', #8624, .T.);
#8626 = FACETED_BREP_SHAPE_REPRESENTATION('', (#8625), #8);
#8627 = POLY_LOOP('', (#1076, #1093, #1092));
#8628 = FACE_OUTER_BOUND('', #8627, .T.);
#8629 = FACETED_BREP_SHAPE_REPRESENTATION('', (#8628), #8);
#8630 = POLY_LOOP('', (#1077, #1078, #1094));
#8631 = FACE_OUTER_BOUND('', #8630, .T.);
#8632 = FACETED_BREP_SHAPE_REPRESENTATION('', (#8631), #8);
#8633 = POLY_LOOP('', (#1077, #1094, #1093));
#8634 = FACE_OUTER_BOUND('', #8633, .T.);
#8635 = FACETED_BREP_SHAPE_REPRESENTATION('', (#8634), #8);
#8636 = POLY_LOOP('', (#1078, #1079, #1095));
#8637 = FACE_OUTER_BOUND('', #8636, .T.);
#8638 = FACETED_BREP_SHAPE_REPRESENTATION('', (#8637), #8);
#8639 = POLY_LOOP('', (#1078, #1095, #1094));
#8640 = FACE_OUTER_BOUND('', #8639, .T.);
#8641 = FACETED_BREP_SHAPE_REPRESENTATION('', (#8640), #8);
#8642 = POLY_LOOP('', (#1079, #1080, #1096));
#8643 = FACE_OUTER_BOUND('', #8642, .T.);
#8644 = FACETED_BREP_SHAPE_REPRESENTATION('', (#8643), #8);
#8645 = POLY_LOOP('', (#1079, #1096, #1095));
#8646 = FACE_OUTER_BOUND('', #8645, .T.);
#8647 = FACETED_BREP_SHAPE_REPRESENTATION('', (#8646), #8);
#8648 = POLY_LOOP('', (#1080, #1081, #1097));
#8649 = FACE_OUTER_BOUND('', #8648, .T.);
#8650 = FACETED_BREP_SHAPE_REPRESENTATION('', (#8649), #8);
#8651 = POLY_LOOP('', (#1080, #1097, #1096));
#8652 = FACE_OUTER_BOUND('', #8651, .T.);
#8653 = FACETED_BREP_SHAPE_REPRESENTATION('', (#8652), #8);
#8654 = POLY_LOOP('', (#1081, #1082, #1098));
#8655 = FACE_OUTER_BOUND('', #8654, .T.);
#8656 = FACETED_BREP_SHAPE_REPRESENTATION('', (#8655), #8);
#8657 = POLY_LOOP('', (#1081, #1098, #1097));
#8658 = FACE_OUTER_BOUND('', #8657, .T.);
#8659 = FACETED_BREP_SHAPE_REPRESENTATION('', (#8658), #8);
#8660 = POLY_LOOP('', (#1082, #1083, #1099));
#8661 = FACE_OUTER_BOUND('', #8660, .T.);
#8662 = FACETED_BREP_SHAPE_REPRESENTATION('', (#8661), #8);
#8663 = POLY_LOOP('', (#1082, #1099, #1098));
#8664 = FACE_OUTER_BOUND('', #8663, .T.);
#8665 = FACETED_BREP_SHAPE_REPRESENTATION('', (#8664), #8);
#8666 = POLY_LOOP('', (#1083, #1084, #1100));
#8667 = FACE_OUTER_BOUND('', #8666, .T.);
#8668 = FACETED_BREP_SHAPE_REPRESENTATION('', (#8667), #8);
#8669 = POLY_LOOP('', (#1083, #1100, #1099));
#8670 = FACE_OUTER_BOUND('', #8669, .T.);
#8671 = FACETED_BREP_SHAPE_REPRESENTATION('', (#8670), #8);
#8672 = POLY_LOOP('', (#1084, #1085, #1101));
#8673 = FACE_OUTER_BOUND('', #8672, .T.);
#8674 = FACETED_BREP_SHAPE_REPRESENTATION('', (#8673), #8);
#8675 = POLY_LOOP('', (#1084, #1101, #1100));
#8676 = FACE_OUTER_BOUND('', #8675, .T.);
#8677 = FACETED_BREP_SHAPE_REPRESENTATION('', (#8676), #8);
#8678 = POLY_LOOP('', (#1085, #1086, #1102));
#8679 = FACE_OUTER_BOUND('', #8678, .T.);
#8680 = FACETED_BREP_SHAPE_REPRESENTATION('', (#8679), #8);
#8681 = POLY_LOOP('', (#1085, #1102, #1101));
#8682 = FACE_OUTER_BOUND('', #8681, .T.);
#8683 = FACETED_BREP_SHAPE_REPRESENTATION('', (#8682), #8);
#8684 = POLY_LOOP('', (#1086, #1087, #1103));
#8685 = FACE_OUTER_BOUND('', #8684, .T.);
#8686 = FACETED_BREP_SHAPE_REPRESENTATION('', (#8685), #8);
#8687 = POLY_LOOP('', (#1086, #1103, #1102));
#8688 = FACE_OUTER_BOUND('', #8687, .T.);
#8689 = FACETED_BREP_SHAPE_REPRESENTATION('', (#8688), #8);
#8690 = POLY_LOOP('', (#1087, #1072, #1088));
#8691 = FACE_OUTER_BOUND('', #8690, .T.);
#8692 = FACETED_BREP_SHAPE_REPRESENTATION('', (#8691), #8);
#8693 = POLY_LOOP('', (#1087, #1088, #1103));
#8694 = FACE_OUTER_BOUND('', #8693, .T.);
#8695 = FACETED_BREP_SHAPE_REPRESENTATION('', (#8694), #8);
#8696 = POLY_LOOP('', (#1104, #1073, #1072));
#8697 = FACE_OUTER_BOUND('', #8696, .T.);
#8698 = FACETED_BREP_SHAPE_REPRESENTATION('', (#8697), #8);
#8699 = POLY_LOOP('', (#1105, #1088, #1089));
#8700 = FACE_OUTER_BOUND('', #8699, .T.);
#8701 = FACETED_BREP_SHAPE_REPRESENTATION('', (#8700), #8);
#8702 = POLY_LOOP('', (#1104, #1074, #1073));
#8703 = FACE_OUTER_BOUND('', #8702, .T.);
#8704 = FACETED_BREP_SHAPE_REPRESENTATION('', (#8703), #8);
#8705 = POLY_LOOP('', (#1105, #1089, #1090));
#8706 = FACE_OUTER_BOUND('', #8705, .T.);
#8707 = FACETED_BREP_SHAPE_REPRESENTATION('', (#8706), #8);
#8708 = POLY_LOOP('', (#1104, #1075, #1074));
#8709 = FACE_OUTER_BOUND('', #8708, .T.);
#8710 = FACETED_BREP_SHAPE_REPRESENTATION('', (#8709), #8);
#8711 = POLY_LOOP('', (#1105, #1090, #1091));
#8712 = FACE_OUTER_BOUND('', #8711, .T.);
#8713 = FACETED_BREP_SHAPE_REPRESENTATION('', (#8712), #8);
#8714 = POLY_LOOP('', (#1104, #1076, #1075));
#8715 = FACE_OUTER_BOUND('', #8714, .T.);
#8716 = FACETED_BREP_SHAPE_REPRESENTATION('', (#8715), #8);
#8717 = POLY_LOOP('', (#1105, #1091, #1092));
#8718 = FACE_OUTER_BOUND('', #8717, .T.);
#8719 = FACETED_BREP_SHAPE_REPRESENTATION('', (#8718), #8);
#8720 = POLY_LOOP('', (#1104, #1077, #1076));
#8721 = FACE_OUTER_BOUND('', #8720, .T.);
#8722 = FACETED_BREP_SHAPE_REPRESENTATION('', (#8721), #8);
#8723 = POLY_LOOP('', (#1105, #1092, #1093));
#8724 = FACE_OUTER_BOUND('', #8723, .T.);
#8725 = FACETED_BREP_SHAPE_REPRESENTATION('', (#8724), #8);
#8726 = POLY_LOOP('', (#1104, #1078, #1077));
#8727 = FACE_OUTER_BOUND('', #8726, .T.);
#8728 = FACETED_BREP_SHAPE_REPRESENTATION('', (#8727), #8);
#8729 = POLY_LOOP('', (#1105, #1093, #1094));
#8730 = FACE_OUTER_BOUND('', #8729, .T.);
#8731 = FACETED_BREP_SHAPE_REPRESENTATION('', (#8730), #8);
#8732 = POLY_LOOP('', (#1104, #1079, #1078));
#8733 = FACE_OUTER_BOUND('', #8732, .T.);
#8734 = FACETED_BREP_SHAPE_REPRESENTATION('', (#8733), #8);
#8735 = POLY_LOOP('', (#1105, #1094, #1095));
#8736 = FACE_OUTER_BOUND('', #8735, .T.);
#8737 = FACETED_BREP_SHAPE_REPRESENTATION('', (#8736), #8);
#8738 = POLY_LOOP('', (#1104, #1080, #1079));
#8739 = FACE_OUTER_BOUND('', #8738, .T.);
#8740 = FACETED_BREP_SHAPE_REPRESENTATION('', (#8739), #8);
#8741 = POLY_LOOP('', (#1105, #1095, #1096));
#8742 = FACE_OUTER_BOUND('', #8741, .T.);
#8743 = FACETED_BREP_SHAPE_REPRESENTATION('', (#8742), #8);
#8744 = POLY_LOOP('', (#1104, #1081, #1080));
#8745 = FACE_OUTER_BOUND('', #8744, .T.);
#8746 = FACETED_BREP_SHAPE_REPRESENTATION('', (#8745), #8);
#8747 = POLY_LOOP('', (#1105, #1096, #1097));
#8748 = FACE_OUTER_BOUND('', #8747, .T.);
#8749 = FACETED_BREP_SHAPE_REPRESENTATION('', (#8748), #8);
#8750 = POLY_LOOP('', (#1104, #1082, #1081));
#8751 = FACE_OUTER_BOUND('', #8750, .T.);
#8752 = FACETED_BREP_SHAPE_REPRESENTATION('', (#8751), #8);
#8753 = POLY_LOOP('', (#1105, #1097, #1098));
#8754 = FACE_OUTER_BOUND('', #8753, .T.);
#8755 = FACETED_BREP_SHAPE_REPRESENTATION('', (#8754), #8);
#8756 = POLY_LOOP('', (#1104, #1083, #1082));
#8757 = FACE_OUTER_BOUND('', #8756, .T.);
#8758 = FACETED_BREP_SHAPE_REPRESENTATION('', (#8757), #8);
#8759 = POLY_LOOP('', (#1105, #1098, #1099));
#8760 = FACE_OUTER_BOUND('', #8759, .T.);
#8761 = FACETED_BREP_SHAPE_REPRESENTATION('', (#8760), #8);
#8762 = POLY_LOOP('', (#1104, #1084, #1083));
#8763 = FACE_OUTER_BOUND('', #8762, .T.);
#8764 = FACETED_BREP_SHAPE_REPRESENTATION('', (#8763), #8);
#8765 = POLY_LOOP('', (#1105, #1099, #1100));
#8766 = FACE_OUTER_BOUND('', #8765, .T.);
#8767 = FACETED_BREP_SHAPE_REPRESENTATION('', (#8766), #8);
#8768 = POLY_LOOP('', (#1104, #1085, #1084));
#8769 = FACE_OUTER_BOUND('', #8768, .T.);
#8770 = FACETED_BREP_SHAPE_REPRESENTATION('', (#8769), #8);
#8771 = POLY_LOOP('', (#1105, #1100, #1101));
#8772 = FACE_OUTER_BOUND('', #8771, .T.);
#8773 = FACETED_BREP_SHAPE_REPRESENTATION('', (#8772), #8);
#8774 = POLY_LOOP('', (#1104, #1086, #1085));
#8775 = FACE_OUTER_BOUND('', #8774, .T.);
#8776 = FACETED_BREP_SHAPE_REPRESENTATION('', (#8775), #8);
#8777 = POLY_LOOP('', (#1105, #1101, #1102));
#8778 = FACE_OUTER_BOUND('', #8777, .T.);
#8779 = FACETED_BREP_SHAPE_REPRESENTATION('', (#8778), #8);
#8780 = POLY_LOOP('', (#1104, #1087, #1086));
#8781 = FACE_OUTER_BOUND('', #8780, .T.);
#8782 = FACETED_BREP_SHAPE_REPRESENTATION('', (#8781), #8);
#8783 = POLY_LOOP('', (#1105, #1102, #1103));
#8784 = FACE_OUTER_BOUND('', #8783, .T.);
#8785 = FACETED_BREP_SHAPE_REPRESENTATION('', (#8784), #8);
#8786 = POLY_LOOP('', (#1104, #1072, #1087));
#8787 = FACE_OUTER_BOUND('', #8786, .T.);
#8788 = FACETED_BREP_SHAPE_REPRESENTATION('', (#8787), #8);
#8789 = POLY_LOOP('', (#1105, #1103, #1088));
#8790 = FACE_OUTER_BOUND('', #8789, .T.);
#8791 = FACETED_BREP_SHAPE_REPRESENTATION('', (#8790), #8);
#8792 = POLY_LOOP('', (#1106, #1107, #1119));
#8793 = FACE_OUTER_BOUND('', #8792, .T.);
#8794 = FACETED_BREP_SHAPE_REPRESENTATION('', (#8793), #8);
#8795 = POLY_LOOP('', (#1106, #1119, #1118));
#8796 = FACE_OUTER_BOUND('', #8795, .T.);
#8797 = FACETED_BREP_SHAPE_REPRESENTATION('', (#8796), #8);
#8798 = POLY_LOOP('', (#1107, #1108, #1120));
#8799 = FACE_OUTER_BOUND('', #8798, .T.);
#8800 = FACETED_BREP_SHAPE_REPRESENTATION('', (#8799), #8);
#8801 = POLY_LOOP('', (#1107, #1120, #1119));
#8802 = FACE_OUTER_BOUND('', #8801, .T.);
#8803 = FACETED_BREP_SHAPE_REPRESENTATION('', (#8802), #8);
#8804 = POLY_LOOP('', (#1108, #1109, #1121));
#8805 = FACE_OUTER_BOUND('', #8804, .T.);
#8806 = FACETED_BREP_SHAPE_REPRESENTATION('', (#8805), #8);
#8807 = POLY_LOOP('', (#1108, #1121, #1120));
#8808 = FACE_OUTER_BOUND('', #8807, .T.);
#8809 = FACETED_BREP_SHAPE_REPRESENTATION('', (#8808), #8);
#8810 = POLY_LOOP('', (#1109, #1110, #1122));
#8811 = FACE_OUTER_BOUND('', #8810, .T.);
#8812 = FACETED_BREP_SHAPE_REPRESENTATION('', (#8811), #8);
#8813 = POLY_LOOP('', (#1109, #1122, #1121));
#8814 = FACE_OUTER_BOUND('', #8813, .T.);
#8815 = FACETED_BREP_SHAPE_REPRESENTATION('', (#8814), #8);
#8816 = POLY_LOOP('', (#1110, #1111, #1123));
#8817 = FACE_OUTER_BOUND('', #8816, .T.);
#8818 = FACETED_BREP_SHAPE_REPRESENTATION('', (#8817), #8);
#8819 = POLY_LOOP('', (#1110, #1123, #1122));
#8820 = FACE_OUTER_BOUND('', #8819, .T.);
#8821 = FACETED_BREP_SHAPE_REPRESENTATION('', (#8820), #8);
#8822 = POLY_LOOP('', (#1111, #1112, #1124));
#8823 = FACE_OUTER_BOUND('', #8822, .T.);
#8824 = FACETED_BREP_SHAPE_REPRESENTATION('', (#8823), #8);
#8825 = POLY_LOOP('', (#1111, #1124, #1123));
#8826 = FACE_OUTER_BOUND('', #8825, .T.);
#8827 = FACETED_BREP_SHAPE_REPRESENTATION('', (#8826), #8);
#8828 = POLY_LOOP('', (#1112, #1113, #1125));
#8829 = FACE_OUTER_BOUND('', #8828, .T.);
#8830 = FACETED_BREP_SHAPE_REPRESENTATION('', (#8829), #8);
#8831 = POLY_LOOP('', (#1112, #1125, #1124));
#8832 = FACE_OUTER_BOUND('', #8831, .T.);
#8833 = FACETED_BREP_SHAPE_REPRESENTATION('', (#8832), #8);
#8834 = POLY_LOOP('', (#1113, #1114, #1126));
#8835 = FACE_OUTER_BOUND('', #8834, .T.);
#8836 = FACETED_BREP_SHAPE_REPRESENTATION('', (#8835), #8);
#8837 = POLY_LOOP('', (#1113, #1126, #1125));
#8838 = FACE_OUTER_BOUND('', #8837, .T.);
#8839 = FACETED_BREP_SHAPE_REPRESENTATION('', (#8838), #8);
#8840 = POLY_LOOP('', (#1114, #1115, #1127));
#8841 = FACE_OUTER_BOUND('', #8840, .T.);
#8842 = FACETED_BREP_SHAPE_REPRESENTATION('', (#8841), #8);
#8843 = POLY_LOOP('', (#1114, #1127, #1126));
#8844 = FACE_OUTER_BOUND('', #8843, .T.);
#8845 = FACETED_BREP_SHAPE_REPRESENTATION('', (#8844), #8);
#8846 = POLY_LOOP('', (#1115, #1116, #1128));
#8847 = FACE_OUTER_BOUND('', #8846, .T.);
#8848 = FACETED_BREP_SHAPE_REPRESENTATION('', (#8847), #8);
#8849 = POLY_LOOP('', (#1115, #1128, #1127));
#8850 = FACE_OUTER_BOUND('', #8849, .T.);
#8851 = FACETED_BREP_SHAPE_REPRESENTATION('', (#8850), #8);
#8852 = POLY_LOOP('', (#1116, #1117, #1129));
#8853 = FACE_OUTER_BOUND('', #8852, .T.);
#8854 = FACETED_BREP_SHAPE_REPRESENTATION('', (#8853), #8);
#8855 = POLY_LOOP('', (#1116, #1129, #1128));
#8856 = FACE_OUTER_BOUND('', #8855, .T.);
#8857 = FACETED_BREP_SHAPE_REPRESENTATION('', (#8856), #8);
#8858 = POLY_LOOP('', (#1117, #1106, #1118));
#8859 = FACE_OUTER_BOUND('', #8858, .T.);
#8860 = FACETED_BREP_SHAPE_REPRESENTATION('', (#8859), #8);
#8861 = POLY_LOOP('', (#1117, #1118, #1129));
#8862 = FACE_OUTER_BOUND('', #8861, .T.);
#8863 = FACETED_BREP_SHAPE_REPRESENTATION('', (#8862), #8);
#8864 = POLY_LOOP('', (#1130, #1107, #1106));
#8865 = FACE_OUTER_BOUND('', #8864, .T.);
#8866 = FACETED_BREP_SHAPE_REPRESENTATION('', (#8865), #8);
#8867 = POLY_LOOP('', (#1131, #1118, #1119));
#8868 = FACE_OUTER_BOUND('', #8867, .T.);
#8869 = FACETED_BREP_SHAPE_REPRESENTATION('', (#8868), #8);
#8870 = POLY_LOOP('', (#1130, #1108, #1107));
#8871 = FACE_OUTER_BOUND('', #8870, .T.);
#8872 = FACETED_BREP_SHAPE_REPRESENTATION('', (#8871), #8);
#8873 = POLY_LOOP('', (#1131, #1119, #1120));
#8874 = FACE_OUTER_BOUND('', #8873, .T.);
#8875 = FACETED_BREP_SHAPE_REPRESENTATION('', (#8874), #8);
#8876 = POLY_LOOP('', (#1130, #1109, #1108));
#8877 = FACE_OUTER_BOUND('', #8876, .T.);
#8878 = FACETED_BREP_SHAPE_REPRESENTATION('', (#8877), #8);
#8879 = POLY_LOOP('', (#1131, #1120, #1121));
#8880 = FACE_OUTER_BOUND('', #8879, .T.);
#8881 = FACETED_BREP_SHAPE_REPRESENTATION('', (#8880), #8);
#8882 = POLY_LOOP('', (#1130, #1110, #1109));
#8883 = FACE_OUTER_BOUND('', #8882, .T.);
#8884 = FACETED_BREP_SHAPE_REPRESENTATION('', (#8883), #8);
#8885 = POLY_LOOP('', (#1131, #1121, #1122));
#8886 = FACE_OUTER_BOUND('', #8885, .T.);
#8887 = FACETED_BREP_SHAPE_REPRESENTATION('', (#8886), #8);
#8888 = POLY_LOOP('', (#1130, #1111, #1110));
#8889 = FACE_OUTER_BOUND('', #8888, .T.);
#8890 = FACETED_BREP_SHAPE_REPRESENTATION('', (#8889), #8);
#8891 = POLY_LOOP('', (#1131, #1122, #1123));
#8892 = FACE_OUTER_BOUND('', #8891, .T.);
#8893 = FACETED_BREP_SHAPE_REPRESENTATION('', (#8892), #8);
#8894 = POLY_LOOP('', (#1130, #1112, #1111));
#8895 = FACE_OUTER_BOUND('', #8894, .T.);
#8896 = FACETED_BREP_SHAPE_REPRESENTATION('', (#8895), #8);
#8897 = POLY_LOOP('', (#1131, #1123, #1124));
#8898 = FACE_OUTER_BOUND('', #8897, .T.);
#8899 = FACETED_BREP_SHAPE_REPRESENTATION('', (#8898), #8);
#8900 = POLY_LOOP('', (#1130, #1113, #1112));
#8901 = FACE_OUTER_BOUND('', #8900, .T.);
#8902 = FACETED_BREP_SHAPE_REPRESENTATION('', (#8901), #8);
#8903 = POLY_LOOP('', (#1131, #1124, #1125));
#8904 = FACE_OUTER_BOUND('', #8903, .T.);
#8905 = FACETED_BREP_SHAPE_REPRESENTATION('', (#8904), #8);
#8906 = POLY_LOOP('', (#1130, #1114, #1113));
#8907 = FACE_OUTER_BOUND('', #8906, .T.);
#8908 = FACETED_BREP_SHAPE_REPRESENTATION('', (#8907), #8);
#8909 = POLY_LOOP('', (#1131, #1125, #1126));
#8910 = FACE_OUTER_BOUND('', #8909, .T.);
#8911 = FACETED_BREP_SHAPE_REPRESENTATION('', (#8910), #8);
#8912 = POLY_LOOP('', (#1130, #1115, #1114));
#8913 = FACE_OUTER_BOUND('', #8912, .T.);
#8914 = FACETED_BREP_SHAPE_REPRESENTATION('', (#8913), #8);
#8915 = POLY_LOOP('', (#1131, #1126, #1127));
#8916 = FACE_OUTER_BOUND('', #8915, .T.);
#8917 = FACETED_BREP_SHAPE_REPRESENTATION('', (#8916), #8);
#8918 = POLY_LOOP('', (#1130, #1116, #1115));
#8919 = FACE_OUTER_BOUND('', #8918, .T.);
#8920 = FACETED_BREP_SHAPE_REPRESENTATION('', (#8919), #8);
#8921 = POLY_LOOP('', (#1131, #1127, #1128));
#8922 = FACE_OUTER_BOUND('', #8921, .T.);
#8923 = FACETED_BREP_SHAPE_REPRESENTATION('', (#8922), #8);
#8924 = POLY_LOOP('', (#1130, #1117, #1116));
#8925 = FACE_OUTER_BOUND('', #8924, .T.);
#8926 = FACETED_BREP_SHAPE_REPRESENTATION('', (#8925), #8);
#8927 = POLY_LOOP('', (#1131, #1128, #1129));
#8928 = FACE_OUTER_BOUND('', #8927, .T.);
#8929 = FACETED_BREP_SHAPE_REPRESENTATION('', (#8928), #8);
#8930 = POLY_LOOP('', (#1130, #1106, #1117));
#8931 = FACE_OUTER_BOUND('', #8930, .T.);
#8932 = FACETED_BREP_SHAPE_REPRESENTATION('', (#8931), #8);
#8933 = POLY_LOOP('', (#1131, #1129, #1118));
#8934 = FACE_OUTER_BOUND('', #8933, .T.);
#8935 = FACETED_BREP_SHAPE_REPRESENTATION('', (#8934), #8);
#8936 = POLY_LOOP('', (#1132, #1133, #1149));
#8937 = FACE_OUTER_BOUND('', #8936, .T.);
#8938 = FACETED_BREP_SHAPE_REPRESENTATION('', (#8937), #8);
#8939 = POLY_LOOP('', (#1132, #1149, #1148));
#8940 = FACE_OUTER_BOUND('', #8939, .T.);
#8941 = FACETED_BREP_SHAPE_REPRESENTATION('', (#8940), #8);
#8942 = POLY_LOOP('', (#1133, #1134, #1150));
#8943 = FACE_OUTER_BOUND('', #8942, .T.);
#8944 = FACETED_BREP_SHAPE_REPRESENTATION('', (#8943), #8);
#8945 = POLY_LOOP('', (#1133, #1150, #1149));
#8946 = FACE_OUTER_BOUND('', #8945, .T.);
#8947 = FACETED_BREP_SHAPE_REPRESENTATION('', (#8946), #8);
#8948 = POLY_LOOP('', (#1134, #1135, #1151));
#8949 = FACE_OUTER_BOUND('', #8948, .T.);
#8950 = FACETED_BREP_SHAPE_REPRESENTATION('', (#8949), #8);
#8951 = POLY_LOOP('', (#1134, #1151, #1150));
#8952 = FACE_OUTER_BOUND('', #8951, .T.);
#8953 = FACETED_BREP_SHAPE_REPRESENTATION('', (#8952), #8);
#8954 = POLY_LOOP('', (#1135, #1136, #1152));
#8955 = FACE_OUTER_BOUND('', #8954, .T.);
#8956 = FACETED_BREP_SHAPE_REPRESENTATION('', (#8955), #8);
#8957 = POLY_LOOP('', (#1135, #1152, #1151));
#8958 = FACE_OUTER_BOUND('', #8957, .T.);
#8959 = FACETED_BREP_SHAPE_REPRESENTATION('', (#8958), #8);
#8960 = POLY_LOOP('', (#1136, #1137, #1153));
#8961 = FACE_OUTER_BOUND('', #8960, .T.);
#8962 = FACETED_BREP_SHAPE_REPRESENTATION('', (#8961), #8);
#8963 = POLY_LOOP('', (#1136, #1153, #1152));
#8964 = FACE_OUTER_BOUND('', #8963, .T.);
#8965 = FACETED_BREP_SHAPE_REPRESENTATION('', (#8964), #8);
#8966 = POLY_LOOP('', (#1137, #1138, #1154));
#8967 = FACE_OUTER_BOUND('', #8966, .T.);
#8968 = FACETED_BREP_SHAPE_REPRESENTATION('', (#8967), #8);
#8969 = POLY_LOOP('', (#1137, #1154, #1153));
#8970 = FACE_OUTER_BOUND('', #8969, .T.);
#8971 = FACETED_BREP_SHAPE_REPRESENTATION('', (#8970), #8);
#8972 = POLY_LOOP('', (#1138, #1139, #1155));
#8973 = FACE_OUTER_BOUND('', #8972, .T.);
#8974 = FACETED_BREP_SHAPE_REPRESENTATION('', (#8973), #8);
#8975 = POLY_LOOP('', (#1138, #1155, #1154));
#8976 = FACE_OUTER_BOUND('', #8975, .T.);
#8977 = FACETED_BREP_SHAPE_REPRESENTATION('', (#8976), #8);
#8978 = POLY_LOOP('', (#1139, #1140, #1156));
#8979 = FACE_OUTER_BOUND('', #8978, .T.);
#8980 = FACETED_BREP_SHAPE_REPRESENTATION('', (#8979), #8);
#8981 = POLY_LOOP('', (#1139, #1156, #1155));
#8982 = FACE_OUTER_BOUND('', #8981, .T.);
#8983 = FACETED_BREP_SHAPE_REPRESENTATION('', (#8982), #8);
#8984 = POLY_LOOP('', (#1140, #1141, #1157));
#8985 = FACE_OUTER_BOUND('', #8984, .T.);
#8986 = FACETED_BREP_SHAPE_REPRESENTATION('', (#8985), #8);
#8987 = POLY_LOOP('', (#1140, #1157, #1156));
#8988 = FACE_OUTER_BOUND('', #8987, .T.);
#8989 = FACETED_BREP_SHAPE_REPRESENTATION('', (#8988), #8);
#8990 = POLY_LOOP('', (#1141, #1142, #1158));
#8991 = FACE_OUTER_BOUND('', #8990, .T.);
#8992 = FACETED_BREP_SHAPE_REPRESENTATION('', (#8991), #8);
#8993 = POLY_LOOP('', (#1141, #1158, #1157));
#8994 = FACE_OUTER_BOUND('', #8993, .T.);
#8995 = FACETED_BREP_SHAPE_REPRESENTATION('', (#8994), #8);
#8996 = POLY_LOOP('', (#1142, #1143, #1159));
#8997 = FACE_OUTER_BOUND('', #8996, .T.);
#8998 = FACETED_BREP_SHAPE_REPRESENTATION('', (#8997), #8);
#8999 = POLY_LOOP('', (#1142, #1159, #1158));
#9000 = FACE_OUTER_BOUND('', #8999, .T.);
#9001 = FACETED_BREP_SHAPE_REPRESENTATION('', (#9000), #8);
#9002 = POLY_LOOP('', (#1143, #1144, #1160));
#9003 = FACE_OUTER_BOUND('', #9002, .T.);
#9004 = FACETED_BREP_SHAPE_REPRESENTATION('', (#9003), #8);
#9005 = POLY_LOOP('', (#1143, #1160, #1159));
#9006 = FACE_OUTER_BOUND('', #9005, .T.);
#9007 = FACETED_BREP_SHAPE_REPRESENTATION('', (#9006), #8);
#9008 = POLY_LOOP('', (#1144, #1145, #1161));
#9009 = FACE_OUTER_BOUND('', #9008, .T.);
#9010 = FACETED_BREP_SHAPE_REPRESENTATION('', (#9009), #8);
#9011 = POLY_LOOP('', (#1144, #1161, #1160));
#9012 = FACE_OUTER_BOUND('', #9011, .T.);
#9013 = FACETED_BREP_SHAPE_REPRESENTATION('', (#9012), #8);
#9014 = POLY_LOOP('', (#1145, #1146, #1162));
#9015 = FACE_OUTER_BOUND('', #9014, .T.);
#9016 = FACETED_BREP_SHAPE_REPRESENTATION('', (#9015), #8);
#9017 = POLY_LOOP('', (#1145, #1162, #1161));
#9018 = FACE_OUTER_BOUND('', #9017, .T.);
#9019 = FACETED_BREP_SHAPE_REPRESENTATION('', (#9018), #8);
#9020 = POLY_LOOP('', (#1146, #1147, #1163));
#9021 = FACE_OUTER_BOUND('', #9020, .T.);
#9022 = FACETED_BREP_SHAPE_REPRESENTATION('', (#9021), #8);
#9023 = POLY_LOOP('', (#1146, #1163, #1162));
#9024 = FACE_OUTER_BOUND('', #9023, .T.);
#9025 = FACETED_BREP_SHAPE_REPRESENTATION('', (#9024), #8);
#9026 = POLY_LOOP('', (#1147, #1132, #1148));
#9027 = FACE_OUTER_BOUND('', #9026, .T.);
#9028 = FACETED_BREP_SHAPE_REPRESENTATION('', (#9027), #8);
#9029 = POLY_LOOP('', (#1147, #1148, #1163));
#9030 = FACE_OUTER_BOUND('', #9029, .T.);
#9031 = FACETED_BREP_SHAPE_REPRESENTATION('', (#9030), #8);
#9032 = POLY_LOOP('', (#1164, #1133, #1132));
#9033 = FACE_OUTER_BOUND('', #9032, .T.);
#9034 = FACETED_BREP_SHAPE_REPRESENTATION('', (#9033), #8);
#9035 = POLY_LOOP('', (#1165, #1148, #1149));
#9036 = FACE_OUTER_BOUND('', #9035, .T.);
#9037 = FACETED_BREP_SHAPE_REPRESENTATION('', (#9036), #8);
#9038 = POLY_LOOP('', (#1164, #1134, #1133));
#9039 = FACE_OUTER_BOUND('', #9038, .T.);
#9040 = FACETED_BREP_SHAPE_REPRESENTATION('', (#9039), #8);
#9041 = POLY_LOOP('', (#1165, #1149, #1150));
#9042 = FACE_OUTER_BOUND('', #9041, .T.);
#9043 = FACETED_BREP_SHAPE_REPRESENTATION('', (#9042), #8);
#9044 = POLY_LOOP('', (#1164, #1135, #1134));
#9045 = FACE_OUTER_BOUND('', #9044, .T.);
#9046 = FACETED_BREP_SHAPE_REPRESENTATION('', (#9045), #8);
#9047 = POLY_LOOP('', (#1165, #1150, #1151));
#9048 = FACE_OUTER_BOUND('', #9047, .T.);
#9049 = FACETED_BREP_SHAPE_REPRESENTATION('', (#9048), #8);
#9050 = POLY_LOOP('', (#1164, #1136, #1135));
#9051 = FACE_OUTER_BOUND('', #9050, .T.);
#9052 = FACETED_BREP_SHAPE_REPRESENTATION('', (#9051), #8);
#9053 = POLY_LOOP('', (#1165, #1151, #1152));
#9054 = FACE_OUTER_BOUND('', #9053, .T.);
#9055 = FACETED_BREP_SHAPE_REPRESENTATION('', (#9054), #8);
#9056 = POLY_LOOP('', (#1164, #1137, #1136));
#9057 = FACE_OUTER_BOUND('', #9056, .T.);
#9058 = FACETED_BREP_SHAPE_REPRESENTATION('', (#9057), #8);
#9059 = POLY_LOOP('', (#1165, #1152, #1153));
#9060 = FACE_OUTER_BOUND('', #9059, .T.);
#9061 = FACETED_BREP_SHAPE_REPRESENTATION('', (#9060), #8);
#9062 = POLY_LOOP('', (#1164, #1138, #1137));
#9063 = FACE_OUTER_BOUND('', #9062, .T.);
#9064 = FACETED_BREP_SHAPE_REPRESENTATION('', (#9063), #8);
#9065 = POLY_LOOP('', (#1165, #1153, #1154));
#9066 = FACE_OUTER_BOUND('', #9065, .T.);
#9067 = FACETED_BREP_SHAPE_REPRESENTATION('', (#9066), #8);
#9068 = POLY_LOOP('', (#1164, #1139, #1138));
#9069 = FACE_OUTER_BOUND('', #9068, .T.);
#9070 = FACETED_BREP_SHAPE_REPRESENTATION('', (#9069), #8);
#9071 = POLY_LOOP('', (#1165, #1154, #1155));
#9072 = FACE_OUTER_BOUND('', #9071, .T.);
#9073 = FACETED_BREP_SHAPE_REPRESENTATION('', (#9072), #8);
#9074 = POLY_LOOP('', (#1164, #1140, #1139));
#9075 = FACE_OUTER_BOUND('', #9074, .T.);
#9076 = FACETED_BREP_SHAPE_REPRESENTATION('', (#9075), #8);
#9077 = POLY_LOOP('', (#1165, #1155, #1156));
#9078 = FACE_OUTER_BOUND('', #9077, .T.);
#9079 = FACETED_BREP_SHAPE_REPRESENTATION('', (#9078), #8);
#9080 = POLY_LOOP('', (#1164, #1141, #1140));
#9081 = FACE_OUTER_BOUND('', #9080, .T.);
#9082 = FACETED_BREP_SHAPE_REPRESENTATION('', (#9081), #8);
#9083 = POLY_LOOP('', (#1165, #1156, #1157));
#9084 = FACE_OUTER_BOUND('', #9083, .T.);
#9085 = FACETED_BREP_SHAPE_REPRESENTATION('', (#9084), #8);
#9086 = POLY_LOOP('', (#1164, #1142, #1141));
#9087 = FACE_OUTER_BOUND('', #9086, .T.);
#9088 = FACETED_BREP_SHAPE_REPRESENTATION('', (#9087), #8);
#9089 = POLY_LOOP('', (#1165, #1157, #1158));
#9090 = FACE_OUTER_BOUND('', #9089, .T.);
#9091 = FACETED_BREP_SHAPE_REPRESENTATION('', (#9090), #8);
#9092 = POLY_LOOP('', (#1164, #1143, #1142));
#9093 = FACE_OUTER_BOUND('', #9092, .T.);
#9094 = FACETED_BREP_SHAPE_REPRESENTATION('', (#9093), #8);
#9095 = POLY_LOOP('', (#1165, #1158, #1159));
#9096 = FACE_OUTER_BOUND('', #9095, .T.);
#9097 = FACETED_BREP_SHAPE_REPRESENTATION('', (#9096), #8);
#9098 = POLY_LOOP('', (#1164, #1144, #1143));
#9099 = FACE_OUTER_BOUND('', #9098, .T.);
#9100 = FACETED_BREP_SHAPE_REPRESENTATION('', (#9099), #8);
#9101 = POLY_LOOP('', (#1165, #1159, #1160));
#9102 = FACE_OUTER_BOUND('', #9101, .T.);
#9103 = FACETED_BREP_SHAPE_REPRESENTATION('', (#9102), #8);
#9104 = POLY_LOOP('', (#1164, #1145, #1144));
#9105 = FACE_OUTER_BOUND('', #9104, .T.);
#9106 = FACETED_BREP_SHAPE_REPRESENTATION('', (#9105), #8);
#9107 = POLY_LOOP('', (#1165, #1160, #1161));
#9108 = FACE_OUTER_BOUND('', #9107, .T.);
#9109 = FACETED_BREP_SHAPE_REPRESENTATION('', (#9108), #8);
#9110 = POLY_LOOP('', (#1164, #1146, #1145));
#9111 = FACE_OUTER_BOUND('', #9110, .T.);
#9112 = FACETED_BREP_SHAPE_REPRESENTATION('', (#9111), #8);
#9113 = POLY_LOOP('', (#1165, #1161, #1162));
#9114 = FACE_OUTER_BOUND('', #9113, .T.);
#9115 = FACETED_BREP_SHAPE_REPRESENTATION('', (#9114), #8);
#9116 = POLY_LOOP('', (#1164, #1147, #1146));
#9117 = FACE_OUTER_BOUND('', #9116, .T.);
#9118 = FACETED_BREP_SHAPE_REPRESENTATION('', (#9117), #8);
#9119 = POLY_LOOP('', (#1165, #1162, #1163));
#9120 = FACE_OUTER_BOUND('', #9119, .T.);
#9121 = FACETED_BREP_SHAPE_REPRESENTATION('', (#9120), #8);
#9122 = POLY_LOOP('', (#1164, #1132, #1147));
#9123 = FACE_OUTER_BOUND('', #9122, .T.);
#9124 = FACETED_BREP_SHAPE_REPRESENTATION('', (#9123), #8);
#9125 = POLY_LOOP('', (#1165, #1163, #1148));
#9126 = FACE_OUTER_BOUND('', #9125, .T.);
#9127 = FACETED_BREP_SHAPE_REPRESENTATION('', (#9126), #8);
#9128 = POLY_LOOP('', (#1166, #1167, #1179));
#9129 = FACE_OUTER_BOUND('', #9128, .T.);
#9130 = FACETED_BREP_SHAPE_REPRESENTATION('', (#9129), #8);
#9131 = POLY_LOOP('', (#1166, #1179, #1178));
#9132 = FACE_OUTER_BOUND('', #9131, .T.);
#9133 = FACETED_BREP_SHAPE_REPRESENTATION('', (#9132), #8);
#9134 = POLY_LOOP('', (#1167, #1168, #1180));
#9135 = FACE_OUTER_BOUND('', #9134, .T.);
#9136 = FACETED_BREP_SHAPE_REPRESENTATION('', (#9135), #8);
#9137 = POLY_LOOP('', (#1167, #1180, #1179));
#9138 = FACE_OUTER_BOUND('', #9137, .T.);
#9139 = FACETED_BREP_SHAPE_REPRESENTATION('', (#9138), #8);
#9140 = POLY_LOOP('', (#1168, #1169, #1181));
#9141 = FACE_OUTER_BOUND('', #9140, .T.);
#9142 = FACETED_BREP_SHAPE_REPRESENTATION('', (#9141), #8);
#9143 = POLY_LOOP('', (#1168, #1181, #1180));
#9144 = FACE_OUTER_BOUND('', #9143, .T.);
#9145 = FACETED_BREP_SHAPE_REPRESENTATION('', (#9144), #8);
#9146 = POLY_LOOP('', (#1169, #1170, #1182));
#9147 = FACE_OUTER_BOUND('', #9146, .T.);
#9148 = FACETED_BREP_SHAPE_REPRESENTATION('', (#9147), #8);
#9149 = POLY_LOOP('', (#1169, #1182, #1181));
#9150 = FACE_OUTER_BOUND('', #9149, .T.);
#9151 = FACETED_BREP_SHAPE_REPRESENTATION('', (#9150), #8);
#9152 = POLY_LOOP('', (#1170, #1171, #1183));
#9153 = FACE_OUTER_BOUND('', #9152, .T.);
#9154 = FACETED_BREP_SHAPE_REPRESENTATION('', (#9153), #8);
#9155 = POLY_LOOP('', (#1170, #1183, #1182));
#9156 = FACE_OUTER_BOUND('', #9155, .T.);
#9157 = FACETED_BREP_SHAPE_REPRESENTATION('', (#9156), #8);
#9158 = POLY_LOOP('', (#1171, #1172, #1184));
#9159 = FACE_OUTER_BOUND('', #9158, .T.);
#9160 = FACETED_BREP_SHAPE_REPRESENTATION('', (#9159), #8);
#9161 = POLY_LOOP('', (#1171, #1184, #1183));
#9162 = FACE_OUTER_BOUND('', #9161, .T.);
#9163 = FACETED_BREP_SHAPE_REPRESENTATION('', (#9162), #8);
#9164 = POLY_LOOP('', (#1172, #1173, #1185));
#9165 = FACE_OUTER_BOUND('', #9164, .T.);
#9166 = FACETED_BREP_SHAPE_REPRESENTATION('', (#9165), #8);
#9167 = POLY_LOOP('', (#1172, #1185, #1184));
#9168 = FACE_OUTER_BOUND('', #9167, .T.);
#9169 = FACETED_BREP_SHAPE_REPRESENTATION('', (#9168), #8);
#9170 = POLY_LOOP('', (#1173, #1174, #1186));
#9171 = FACE_OUTER_BOUND('', #9170, .T.);
#9172 = FACETED_BREP_SHAPE_REPRESENTATION('', (#9171), #8);
#9173 = POLY_LOOP('', (#1173, #1186, #1185));
#9174 = FACE_OUTER_BOUND('', #9173, .T.);
#9175 = FACETED_BREP_SHAPE_REPRESENTATION('', (#9174), #8);
#9176 = POLY_LOOP('', (#1174, #1175, #1187));
#9177 = FACE_OUTER_BOUND('', #9176, .T.);
#9178 = FACETED_BREP_SHAPE_REPRESENTATION('', (#9177), #8);
#9179 = POLY_LOOP('', (#1174, #1187, #1186));
#9180 = FACE_OUTER_BOUND('', #9179, .T.);
#9181 = FACETED_BREP_SHAPE_REPRESENTATION('', (#9180), #8);
#9182 = POLY_LOOP('', (#1175, #1176, #1188));
#9183 = FACE_OUTER_BOUND('', #9182, .T.);
#9184 = FACETED_BREP_SHAPE_REPRESENTATION('', (#9183), #8);
#9185 = POLY_LOOP('', (#1175, #1188, #1187));
#9186 = FACE_OUTER_BOUND('', #9185, .T.);
#9187 = FACETED_BREP_SHAPE_REPRESENTATION('', (#9186), #8);
#9188 = POLY_LOOP('', (#1176, #1177, #1189));
#9189 = FACE_OUTER_BOUND('', #9188, .T.);
#9190 = FACETED_BREP_SHAPE_REPRESENTATION('', (#9189), #8);
#9191 = POLY_LOOP('', (#1176, #1189, #1188));
#9192 = FACE_OUTER_BOUND('', #9191, .T.);
#9193 = FACETED_BREP_SHAPE_REPRESENTATION('', (#9192), #8);
#9194 = POLY_LOOP('', (#1177, #1166, #1178));
#9195 = FACE_OUTER_BOUND('', #9194, .T.);
#9196 = FACETED_BREP_SHAPE_REPRESENTATION('', (#9195), #8);
#9197 = POLY_LOOP('', (#1177, #1178, #1189));
#9198 = FACE_OUTER_BOUND('', #9197, .T.);
#9199 = FACETED_BREP_SHAPE_REPRESENTATION('', (#9198), #8);
#9200 = POLY_LOOP('', (#1190, #1167, #1166));
#9201 = FACE_OUTER_BOUND('', #9200, .T.);
#9202 = FACETED_BREP_SHAPE_REPRESENTATION('', (#9201), #8);
#9203 = POLY_LOOP('', (#1191, #1178, #1179));
#9204 = FACE_OUTER_BOUND('', #9203, .T.);
#9205 = FACETED_BREP_SHAPE_REPRESENTATION('', (#9204), #8);
#9206 = POLY_LOOP('', (#1190, #1168, #1167));
#9207 = FACE_OUTER_BOUND('', #9206, .T.);
#9208 = FACETED_BREP_SHAPE_REPRESENTATION('', (#9207), #8);
#9209 = POLY_LOOP('', (#1191, #1179, #1180));
#9210 = FACE_OUTER_BOUND('', #9209, .T.);
#9211 = FACETED_BREP_SHAPE_REPRESENTATION('', (#9210), #8);
#9212 = POLY_LOOP('', (#1190, #1169, #1168));
#9213 = FACE_OUTER_BOUND('', #9212, .T.);
#9214 = FACETED_BREP_SHAPE_REPRESENTATION('', (#9213), #8);
#9215 = POLY_LOOP('', (#1191, #1180, #1181));
#9216 = FACE_OUTER_BOUND('', #9215, .T.);
#9217 = FACETED_BREP_SHAPE_REPRESENTATION('', (#9216), #8);
#9218 = POLY_LOOP('', (#1190, #1170, #1169));
#9219 = FACE_OUTER_BOUND('', #9218, .T.);
#9220 = FACETED_BREP_SHAPE_REPRESENTATION('', (#9219), #8);
#9221 = POLY_LOOP('', (#1191, #1181, #1182));
#9222 = FACE_OUTER_BOUND('', #9221, .T.);
#9223 = FACETED_BREP_SHAPE_REPRESENTATION('', (#9222), #8);
#9224 = POLY_LOOP('', (#1190, #1171, #1170));
#9225 = FACE_OUTER_BOUND('', #9224, .T.);
#9226 = FACETED_BREP_SHAPE_REPRESENTATION('', (#9225), #8);
#9227 = POLY_LOOP('', (#1191, #1182, #1183));
#9228 = FACE_OUTER_BOUND('', #9227, .T.);
#9229 = FACETED_BREP_SHAPE_REPRESENTATION('', (#9228), #8);
#9230 = POLY_LOOP('', (#1190, #1172, #1171));
#9231 = FACE_OUTER_BOUND('', #9230, .T.);
#9232 = FACETED_BREP_SHAPE_REPRESENTATION('', (#9231), #8);
#9233 = POLY_LOOP('', (#1191, #1183, #1184));
#9234 = FACE_OUTER_BOUND('', #9233, .T.);
#9235 = FACETED_BREP_SHAPE_REPRESENTATION('', (#9234), #8);
#9236 = POLY_LOOP('', (#1190, #1173, #1172));
#9237 = FACE_OUTER_BOUND('', #9236, .T.);
#9238 = FACETED_BREP_SHAPE_REPRESENTATION('', (#9237), #8);
#9239 = POLY_LOOP('', (#1191, #1184, #1185));
#9240 = FACE_OUTER_BOUND('', #9239, .T.);
#9241 = FACETED_BREP_SHAPE_REPRESENTATION('', (#9240), #8);
#9242 = POLY_LOOP('', (#1190, #1174, #1173));
#9243 = FACE_OUTER_BOUND('', #9242, .T.);
#9244 = FACETED_BREP_SHAPE_REPRESENTATION('', (#9243), #8);
#9245 = POLY_LOOP('', (#1191, #1185, #1186));
#9246 = FACE_OUTER_BOUND('', #9245, .T.);
#9247 = FACETED_BREP_SHAPE_REPRESENTATION('', (#9246), #8);
#9248 = POLY_LOOP('', (#1190, #1175, #1174));
#9249 = FACE_OUTER_BOUND('', #9248, .T.);
#9250 = FACETED_BREP_SHAPE_REPRESENTATION('', (#9249), #8);
#9251 = POLY_LOOP('', (#1191, #1186, #1187));
#9252 = FACE_OUTER_BOUND('', #9251, .T.);
#9253 = FACETED_BREP_SHAPE_REPRESENTATION('', (#9252), #8);
#9254 = POLY_LOOP('', (#1190, #1176, #1175));
#9255 = FACE_OUTER_BOUND('', #9254, .T.);
#9256 = FACETED_BREP_SHAPE_REPRESENTATION('', (#9255), #8);
#9257 = POLY_LOOP('', (#1191, #1187, #1188));
#9258 = FACE_OUTER_BOUND('', #9257, .T.);
#9259 = FACETED_BREP_SHAPE_REPRESENTATION('', (#9258), #8);
#9260 = POLY_LOOP('', (#1190, #1177, #1176));
#9261 = FACE_OUTER_BOUND('', #9260, .T.);
#9262 = FACETED_BREP_SHAPE_REPRESENTATION('', (#9261), #8);
#9263 = POLY_LOOP('', (#1191, #1188, #1189));
#9264 = FACE_OUTER_BOUND('', #9263, .T.);
#9265 = FACETED_BREP_SHAPE_REPRESENTATION('', (#9264), #8);
#9266 = POLY_LOOP('', (#1190, #1166, #1177));
#9267 = FACE_OUTER_BOUND('', #9266, .T.);
#9268 = FACETED_BREP_SHAPE_REPRESENTATION('', (#9267), #8);
#9269 = POLY_LOOP('', (#1191, #1189, #1178));
#9270 = FACE_OUTER_BOUND('', #9269, .T.);
#9271 = FACETED_BREP_SHAPE_REPRESENTATION('', (#9270), #8);
#9272 = POLY_LOOP('', (#1192, #1196, #1197));
#9273 = FACE_OUTER_BOUND('', #9272, .T.);
#9274 = FACETED_BREP_SHAPE_REPRESENTATION('', (#9273), #8);
#9275 = POLY_LOOP('', (#1192, #1197, #1193));
#9276 = FACE_OUTER_BOUND('', #9275, .T.);
#9277 = FACETED_BREP_SHAPE_REPRESENTATION('', (#9276), #8);
#9278 = POLY_LOOP('', (#1194, #1199, #1198));
#9279 = FACE_OUTER_BOUND('', #9278, .T.);
#9280 = FACETED_BREP_SHAPE_REPRESENTATION('', (#9279), #8);
#9281 = POLY_LOOP('', (#1194, #1195, #1199));
#9282 = FACE_OUTER_BOUND('', #9281, .T.);
#9283 = FACETED_BREP_SHAPE_REPRESENTATION('', (#9282), #8);
#9284 = POLY_LOOP('', (#1192, #1198, #1196));
#9285 = FACE_OUTER_BOUND('', #9284, .T.);
#9286 = FACETED_BREP_SHAPE_REPRESENTATION('', (#9285), #8);
#9287 = POLY_LOOP('', (#1192, #1194, #1198));
#9288 = FACE_OUTER_BOUND('', #9287, .T.);
#9289 = FACETED_BREP_SHAPE_REPRESENTATION('', (#9288), #8);
#9290 = POLY_LOOP('', (#1193, #1197, #1199));
#9291 = FACE_OUTER_BOUND('', #9290, .T.);
#9292 = FACETED_BREP_SHAPE_REPRESENTATION('', (#9291), #8);
#9293 = POLY_LOOP('', (#1193, #1199, #1195));
#9294 = FACE_OUTER_BOUND('', #9293, .T.);
#9295 = FACETED_BREP_SHAPE_REPRESENTATION('', (#9294), #8);
#9296 = POLY_LOOP('', (#1196, #1200, #1201));
#9297 = FACE_OUTER_BOUND('', #9296, .T.);
#9298 = FACETED_BREP_SHAPE_REPRESENTATION('', (#9297), #8);
#9299 = POLY_LOOP('', (#1196, #1201, #1197));
#9300 = FACE_OUTER_BOUND('', #9299, .T.);
#9301 = FACETED_BREP_SHAPE_REPRESENTATION('', (#9300), #8);
#9302 = POLY_LOOP('', (#1198, #1203, #1202));
#9303 = FACE_OUTER_BOUND('', #9302, .T.);
#9304 = FACETED_BREP_SHAPE_REPRESENTATION('', (#9303), #8);
#9305 = POLY_LOOP('', (#1198, #1199, #1203));
#9306 = FACE_OUTER_BOUND('', #9305, .T.);
#9307 = FACETED_BREP_SHAPE_REPRESENTATION('', (#9306), #8);
#9308 = POLY_LOOP('', (#1196, #1202, #1200));
#9309 = FACE_OUTER_BOUND('', #9308, .T.);
#9310 = FACETED_BREP_SHAPE_REPRESENTATION('', (#9309), #8);
#9311 = POLY_LOOP('', (#1196, #1198, #1202));
#9312 = FACE_OUTER_BOUND('', #9311, .T.);
#9313 = FACETED_BREP_SHAPE_REPRESENTATION('', (#9312), #8);
#9314 = POLY_LOOP('', (#1197, #1201, #1203));
#9315 = FACE_OUTER_BOUND('', #9314, .T.);
#9316 = FACETED_BREP_SHAPE_REPRESENTATION('', (#9315), #8);
#9317 = POLY_LOOP('', (#1197, #1203, #1199));
#9318 = FACE_OUTER_BOUND('', #9317, .T.);
#9319 = FACETED_BREP_SHAPE_REPRESENTATION('', (#9318), #8);
#9320 = POLY_LOOP('', (#1200, #1204, #1205));
#9321 = FACE_OUTER_BOUND('', #9320, .T.);
#9322 = FACETED_BREP_SHAPE_REPRESENTATION('', (#9321), #8);
#9323 = POLY_LOOP('', (#1200, #1205, #1201));
#9324 = FACE_OUTER_BOUND('', #9323, .T.);
#9325 = FACETED_BREP_SHAPE_REPRESENTATION('', (#9324), #8);
#9326 = POLY_LOOP('', (#1202, #1207, #1206));
#9327 = FACE_OUTER_BOUND('', #9326, .T.);
#9328 = FACETED_BREP_SHAPE_REPRESENTATION('', (#9327), #8);
#9329 = POLY_LOOP('', (#1202, #1203, #1207));
#9330 = FACE_OUTER_BOUND('', #9329, .T.);
#9331 = FACETED_BREP_SHAPE_REPRESENTATION('', (#9330), #8);
#9332 = POLY_LOOP('', (#1200, #1206, #1204));
#9333 = FACE_OUTER_BOUND('', #9332, .T.);
#9334 = FACETED_BREP_SHAPE_REPRESENTATION('', (#9333), #8);
#9335 = POLY_LOOP('', (#1200, #1202, #1206));
#9336 = FACE_OUTER_BOUND('', #9335, .T.);
#9337 = FACETED_BREP_SHAPE_REPRESENTATION('', (#9336), #8);
#9338 = POLY_LOOP('', (#1201, #1205, #1207));
#9339 = FACE_OUTER_BOUND('', #9338, .T.);
#9340 = FACETED_BREP_SHAPE_REPRESENTATION('', (#9339), #8);
#9341 = POLY_LOOP('', (#1201, #1207, #1203));
#9342 = FACE_OUTER_BOUND('', #9341, .T.);
#9343 = FACETED_BREP_SHAPE_REPRESENTATION('', (#9342), #8);
#9344 = POLY_LOOP('', (#1204, #1208, #1209));
#9345 = FACE_OUTER_BOUND('', #9344, .T.);
#9346 = FACETED_BREP_SHAPE_REPRESENTATION('', (#9345), #8);
#9347 = POLY_LOOP('', (#1204, #1209, #1205));
#9348 = FACE_OUTER_BOUND('', #9347, .T.);
#9349 = FACETED_BREP_SHAPE_REPRESENTATION('', (#9348), #8);
#9350 = POLY_LOOP('', (#1206, #1211, #1210));
#9351 = FACE_OUTER_BOUND('', #9350, .T.);
#9352 = FACETED_BREP_SHAPE_REPRESENTATION('', (#9351), #8);
#9353 = POLY_LOOP('', (#1206, #1207, #1211));
#9354 = FACE_OUTER_BOUND('', #9353, .T.);
#9355 = FACETED_BREP_SHAPE_REPRESENTATION('', (#9354), #8);
#9356 = POLY_LOOP('', (#1204, #1210, #1208));
#9357 = FACE_OUTER_BOUND('', #9356, .T.);
#9358 = FACETED_BREP_SHAPE_REPRESENTATION('', (#9357), #8);
#9359 = POLY_LOOP('', (#1204, #1206, #1210));
#9360 = FACE_OUTER_BOUND('', #9359, .T.);
#9361 = FACETED_BREP_SHAPE_REPRESENTATION('', (#9360), #8);
#9362 = POLY_LOOP('', (#1205, #1209, #1211));
#9363 = FACE_OUTER_BOUND('', #9362, .T.);
#9364 = FACETED_BREP_SHAPE_REPRESENTATION('', (#9363), #8);
#9365 = POLY_LOOP('', (#1205, #1211, #1207));
#9366 = FACE_OUTER_BOUND('', #9365, .T.);
#9367 = FACETED_BREP_SHAPE_REPRESENTATION('', (#9366), #8);
#9368 = POLY_LOOP('', (#1208, #1212, #1213));
#9369 = FACE_OUTER_BOUND('', #9368, .T.);
#9370 = FACETED_BREP_SHAPE_REPRESENTATION('', (#9369), #8);
#9371 = POLY_LOOP('', (#1208, #1213, #1209));
#9372 = FACE_OUTER_BOUND('', #9371, .T.);
#9373 = FACETED_BREP_SHAPE_REPRESENTATION('', (#9372), #8);
#9374 = POLY_LOOP('', (#1210, #1215, #1214));
#9375 = FACE_OUTER_BOUND('', #9374, .T.);
#9376 = FACETED_BREP_SHAPE_REPRESENTATION('', (#9375), #8);
#9377 = POLY_LOOP('', (#1210, #1211, #1215));
#9378 = FACE_OUTER_BOUND('', #9377, .T.);
#9379 = FACETED_BREP_SHAPE_REPRESENTATION('', (#9378), #8);
#9380 = POLY_LOOP('', (#1208, #1214, #1212));
#9381 = FACE_OUTER_BOUND('', #9380, .T.);
#9382 = FACETED_BREP_SHAPE_REPRESENTATION('', (#9381), #8);
#9383 = POLY_LOOP('', (#1208, #1210, #1214));
#9384 = FACE_OUTER_BOUND('', #9383, .T.);
#9385 = FACETED_BREP_SHAPE_REPRESENTATION('', (#9384), #8);
#9386 = POLY_LOOP('', (#1209, #1213, #1215));
#9387 = FACE_OUTER_BOUND('', #9386, .T.);
#9388 = FACETED_BREP_SHAPE_REPRESENTATION('', (#9387), #8);
#9389 = POLY_LOOP('', (#1209, #1215, #1211));
#9390 = FACE_OUTER_BOUND('', #9389, .T.);
#9391 = FACETED_BREP_SHAPE_REPRESENTATION('', (#9390), #8);
#9392 = POLY_LOOP('', (#1212, #1216, #1217));
#9393 = FACE_OUTER_BOUND('', #9392, .T.);
#9394 = FACETED_BREP_SHAPE_REPRESENTATION('', (#9393), #8);
#9395 = POLY_LOOP('', (#1212, #1217, #1213));
#9396 = FACE_OUTER_BOUND('', #9395, .T.);
#9397 = FACETED_BREP_SHAPE_REPRESENTATION('', (#9396), #8);
#9398 = POLY_LOOP('', (#1214, #1219, #1218));
#9399 = FACE_OUTER_BOUND('', #9398, .T.);
#9400 = FACETED_BREP_SHAPE_REPRESENTATION('', (#9399), #8);
#9401 = POLY_LOOP('', (#1214, #1215, #1219));
#9402 = FACE_OUTER_BOUND('', #9401, .T.);
#9403 = FACETED_BREP_SHAPE_REPRESENTATION('', (#9402), #8);
#9404 = POLY_LOOP('', (#1212, #1218, #1216));
#9405 = FACE_OUTER_BOUND('', #9404, .T.);
#9406 = FACETED_BREP_SHAPE_REPRESENTATION('', (#9405), #8);
#9407 = POLY_LOOP('', (#1212, #1214, #1218));
#9408 = FACE_OUTER_BOUND('', #9407, .T.);
#9409 = FACETED_BREP_SHAPE_REPRESENTATION('', (#9408), #8);
#9410 = POLY_LOOP('', (#1213, #1217, #1219));
#9411 = FACE_OUTER_BOUND('', #9410, .T.);
#9412 = FACETED_BREP_SHAPE_REPRESENTATION('', (#9411), #8);
#9413 = POLY_LOOP('', (#1213, #1219, #1215));
#9414 = FACE_OUTER_BOUND('', #9413, .T.);
#9415 = FACETED_BREP_SHAPE_REPRESENTATION('', (#9414), #8);
#9416 = POLY_LOOP('', (#1216, #1220, #1221));
#9417 = FACE_OUTER_BOUND('', #9416, .T.);
#9418 = FACETED_BREP_SHAPE_REPRESENTATION('', (#9417), #8);
#9419 = POLY_LOOP('', (#1216, #1221, #1217));
#9420 = FACE_OUTER_BOUND('', #9419, .T.);
#9421 = FACETED_BREP_SHAPE_REPRESENTATION('', (#9420), #8);
#9422 = POLY_LOOP('', (#1218, #1223, #1222));
#9423 = FACE_OUTER_BOUND('', #9422, .T.);
#9424 = FACETED_BREP_SHAPE_REPRESENTATION('', (#9423), #8);
#9425 = POLY_LOOP('', (#1218, #1219, #1223));
#9426 = FACE_OUTER_BOUND('', #9425, .T.);
#9427 = FACETED_BREP_SHAPE_REPRESENTATION('', (#9426), #8);
#9428 = POLY_LOOP('', (#1216, #1222, #1220));
#9429 = FACE_OUTER_BOUND('', #9428, .T.);
#9430 = FACETED_BREP_SHAPE_REPRESENTATION('', (#9429), #8);
#9431 = POLY_LOOP('', (#1216, #1218, #1222));
#9432 = FACE_OUTER_BOUND('', #9431, .T.);
#9433 = FACETED_BREP_SHAPE_REPRESENTATION('', (#9432), #8);
#9434 = POLY_LOOP('', (#1217, #1221, #1223));
#9435 = FACE_OUTER_BOUND('', #9434, .T.);
#9436 = FACETED_BREP_SHAPE_REPRESENTATION('', (#9435), #8);
#9437 = POLY_LOOP('', (#1217, #1223, #1219));
#9438 = FACE_OUTER_BOUND('', #9437, .T.);
#9439 = FACETED_BREP_SHAPE_REPRESENTATION('', (#9438), #8);
#9440 = POLY_LOOP('', (#1220, #1224, #1225));
#9441 = FACE_OUTER_BOUND('', #9440, .T.);
#9442 = FACETED_BREP_SHAPE_REPRESENTATION('', (#9441), #8);
#9443 = POLY_LOOP('', (#1220, #1225, #1221));
#9444 = FACE_OUTER_BOUND('', #9443, .T.);
#9445 = FACETED_BREP_SHAPE_REPRESENTATION('', (#9444), #8);
#9446 = POLY_LOOP('', (#1222, #1227, #1226));
#9447 = FACE_OUTER_BOUND('', #9446, .T.);
#9448 = FACETED_BREP_SHAPE_REPRESENTATION('', (#9447), #8);
#9449 = POLY_LOOP('', (#1222, #1223, #1227));
#9450 = FACE_OUTER_BOUND('', #9449, .T.);
#9451 = FACETED_BREP_SHAPE_REPRESENTATION('', (#9450), #8);
#9452 = POLY_LOOP('', (#1220, #1226, #1224));
#9453 = FACE_OUTER_BOUND('', #9452, .T.);
#9454 = FACETED_BREP_SHAPE_REPRESENTATION('', (#9453), #8);
#9455 = POLY_LOOP('', (#1220, #1222, #1226));
#9456 = FACE_OUTER_BOUND('', #9455, .T.);
#9457 = FACETED_BREP_SHAPE_REPRESENTATION('', (#9456), #8);
#9458 = POLY_LOOP('', (#1221, #1225, #1227));
#9459 = FACE_OUTER_BOUND('', #9458, .T.);
#9460 = FACETED_BREP_SHAPE_REPRESENTATION('', (#9459), #8);
#9461 = POLY_LOOP('', (#1221, #1227, #1223));
#9462 = FACE_OUTER_BOUND('', #9461, .T.);
#9463 = FACETED_BREP_SHAPE_REPRESENTATION('', (#9462), #8);
#9464 = POLY_LOOP('', (#1224, #1228, #1229));
#9465 = FACE_OUTER_BOUND('', #9464, .T.);
#9466 = FACETED_BREP_SHAPE_REPRESENTATION('', (#9465), #8);
#9467 = POLY_LOOP('', (#1224, #1229, #1225));
#9468 = FACE_OUTER_BOUND('', #9467, .T.);
#9469 = FACETED_BREP_SHAPE_REPRESENTATION('', (#9468), #8);
#9470 = POLY_LOOP('', (#1226, #1231, #1230));
#9471 = FACE_OUTER_BOUND('', #9470, .T.);
#9472 = FACETED_BREP_SHAPE_REPRESENTATION('', (#9471), #8);
#9473 = POLY_LOOP('', (#1226, #1227, #1231));
#9474 = FACE_OUTER_BOUND('', #9473, .T.);
#9475 = FACETED_BREP_SHAPE_REPRESENTATION('', (#9474), #8);
#9476 = POLY_LOOP('', (#1224, #1230, #1228));
#9477 = FACE_OUTER_BOUND('', #9476, .T.);
#9478 = FACETED_BREP_SHAPE_REPRESENTATION('', (#9477), #8);
#9479 = POLY_LOOP('', (#1224, #1226, #1230));
#9480 = FACE_OUTER_BOUND('', #9479, .T.);
#9481 = FACETED_BREP_SHAPE_REPRESENTATION('', (#9480), #8);
#9482 = POLY_LOOP('', (#1225, #1229, #1231));
#9483 = FACE_OUTER_BOUND('', #9482, .T.);
#9484 = FACETED_BREP_SHAPE_REPRESENTATION('', (#9483), #8);
#9485 = POLY_LOOP('', (#1225, #1231, #1227));
#9486 = FACE_OUTER_BOUND('', #9485, .T.);
#9487 = FACETED_BREP_SHAPE_REPRESENTATION('', (#9486), #8);
#9488 = POLY_LOOP('', (#1228, #1232, #1233));
#9489 = FACE_OUTER_BOUND('', #9488, .T.);
#9490 = FACETED_BREP_SHAPE_REPRESENTATION('', (#9489), #8);
#9491 = POLY_LOOP('', (#1228, #1233, #1229));
#9492 = FACE_OUTER_BOUND('', #9491, .T.);
#9493 = FACETED_BREP_SHAPE_REPRESENTATION('', (#9492), #8);
#9494 = POLY_LOOP('', (#1230, #1235, #1234));
#9495 = FACE_OUTER_BOUND('', #9494, .T.);
#9496 = FACETED_BREP_SHAPE_REPRESENTATION('', (#9495), #8);
#9497 = POLY_LOOP('', (#1230, #1231, #1235));
#9498 = FACE_OUTER_BOUND('', #9497, .T.);
#9499 = FACETED_BREP_SHAPE_REPRESENTATION('', (#9498), #8);
#9500 = POLY_LOOP('', (#1228, #1234, #1232));
#9501 = FACE_OUTER_BOUND('', #9500, .T.);
#9502 = FACETED_BREP_SHAPE_REPRESENTATION('', (#9501), #8);
#9503 = POLY_LOOP('', (#1228, #1230, #1234));
#9504 = FACE_OUTER_BOUND('', #9503, .T.);
#9505 = FACETED_BREP_SHAPE_REPRESENTATION('', (#9504), #8);
#9506 = POLY_LOOP('', (#1229, #1233, #1235));
#9507 = FACE_OUTER_BOUND('', #9506, .T.);
#9508 = FACETED_BREP_SHAPE_REPRESENTATION('', (#9507), #8);
#9509 = POLY_LOOP('', (#1229, #1235, #1231));
#9510 = FACE_OUTER_BOUND('', #9509, .T.);
#9511 = FACETED_BREP_SHAPE_REPRESENTATION('', (#9510), #8);
#9512 = POLY_LOOP('', (#1236, #1240, #1241));
#9513 = FACE_OUTER_BOUND('', #9512, .T.);
#9514 = FACETED_BREP_SHAPE_REPRESENTATION('', (#9513), #8);
#9515 = POLY_LOOP('', (#1236, #1241, #1237));
#9516 = FACE_OUTER_BOUND('', #9515, .T.);
#9517 = FACETED_BREP_SHAPE_REPRESENTATION('', (#9516), #8);
#9518 = POLY_LOOP('', (#1238, #1243, #1242));
#9519 = FACE_OUTER_BOUND('', #9518, .T.);
#9520 = FACETED_BREP_SHAPE_REPRESENTATION('', (#9519), #8);
#9521 = POLY_LOOP('', (#1238, #1239, #1243));
#9522 = FACE_OUTER_BOUND('', #9521, .T.);
#9523 = FACETED_BREP_SHAPE_REPRESENTATION('', (#9522), #8);
#9524 = POLY_LOOP('', (#1236, #1242, #1240));
#9525 = FACE_OUTER_BOUND('', #9524, .T.);
#9526 = FACETED_BREP_SHAPE_REPRESENTATION('', (#9525), #8);
#9527 = POLY_LOOP('', (#1236, #1238, #1242));
#9528 = FACE_OUTER_BOUND('', #9527, .T.);
#9529 = FACETED_BREP_SHAPE_REPRESENTATION('', (#9528), #8);
#9530 = POLY_LOOP('', (#1237, #1241, #1243));
#9531 = FACE_OUTER_BOUND('', #9530, .T.);
#9532 = FACETED_BREP_SHAPE_REPRESENTATION('', (#9531), #8);
#9533 = POLY_LOOP('', (#1237, #1243, #1239));
#9534 = FACE_OUTER_BOUND('', #9533, .T.);
#9535 = FACETED_BREP_SHAPE_REPRESENTATION('', (#9534), #8);
#9536 = POLY_LOOP('', (#1240, #1244, #1245));
#9537 = FACE_OUTER_BOUND('', #9536, .T.);
#9538 = FACETED_BREP_SHAPE_REPRESENTATION('', (#9537), #8);
#9539 = POLY_LOOP('', (#1240, #1245, #1241));
#9540 = FACE_OUTER_BOUND('', #9539, .T.);
#9541 = FACETED_BREP_SHAPE_REPRESENTATION('', (#9540), #8);
#9542 = POLY_LOOP('', (#1242, #1247, #1246));
#9543 = FACE_OUTER_BOUND('', #9542, .T.);
#9544 = FACETED_BREP_SHAPE_REPRESENTATION('', (#9543), #8);
#9545 = POLY_LOOP('', (#1242, #1243, #1247));
#9546 = FACE_OUTER_BOUND('', #9545, .T.);
#9547 = FACETED_BREP_SHAPE_REPRESENTATION('', (#9546), #8);
#9548 = POLY_LOOP('', (#1240, #1246, #1244));
#9549 = FACE_OUTER_BOUND('', #9548, .T.);
#9550 = FACETED_BREP_SHAPE_REPRESENTATION('', (#9549), #8);
#9551 = POLY_LOOP('', (#1240, #1242, #1246));
#9552 = FACE_OUTER_BOUND('', #9551, .T.);
#9553 = FACETED_BREP_SHAPE_REPRESENTATION('', (#9552), #8);
#9554 = POLY_LOOP('', (#1241, #1245, #1247));
#9555 = FACE_OUTER_BOUND('', #9554, .T.);
#9556 = FACETED_BREP_SHAPE_REPRESENTATION('', (#9555), #8);
#9557 = POLY_LOOP('', (#1241, #1247, #1243));
#9558 = FACE_OUTER_BOUND('', #9557, .T.);
#9559 = FACETED_BREP_SHAPE_REPRESENTATION('', (#9558), #8);
#9560 = POLY_LOOP('', (#1244, #1248, #1249));
#9561 = FACE_OUTER_BOUND('', #9560, .T.);
#9562 = FACETED_BREP_SHAPE_REPRESENTATION('', (#9561), #8);
#9563 = POLY_LOOP('', (#1244, #1249, #1245));
#9564 = FACE_OUTER_BOUND('', #9563, .T.);
#9565 = FACETED_BREP_SHAPE_REPRESENTATION('', (#9564), #8);
#9566 = POLY_LOOP('', (#1246, #1251, #1250));
#9567 = FACE_OUTER_BOUND('', #9566, .T.);
#9568 = FACETED_BREP_SHAPE_REPRESENTATION('', (#9567), #8);
#9569 = POLY_LOOP('', (#1246, #1247, #1251));
#9570 = FACE_OUTER_BOUND('', #9569, .T.);
#9571 = FACETED_BREP_SHAPE_REPRESENTATION('', (#9570), #8);
#9572 = POLY_LOOP('', (#1244, #1250, #1248));
#9573 = FACE_OUTER_BOUND('', #9572, .T.);
#9574 = FACETED_BREP_SHAPE_REPRESENTATION('', (#9573), #8);
#9575 = POLY_LOOP('', (#1244, #1246, #1250));
#9576 = FACE_OUTER_BOUND('', #9575, .T.);
#9577 = FACETED_BREP_SHAPE_REPRESENTATION('', (#9576), #8);
#9578 = POLY_LOOP('', (#1245, #1249, #1251));
#9579 = FACE_OUTER_BOUND('', #9578, .T.);
#9580 = FACETED_BREP_SHAPE_REPRESENTATION('', (#9579), #8);
#9581 = POLY_LOOP('', (#1245, #1251, #1247));
#9582 = FACE_OUTER_BOUND('', #9581, .T.);
#9583 = FACETED_BREP_SHAPE_REPRESENTATION('', (#9582), #8);
#9584 = POLY_LOOP('', (#1248, #1252, #1253));
#9585 = FACE_OUTER_BOUND('', #9584, .T.);
#9586 = FACETED_BREP_SHAPE_REPRESENTATION('', (#9585), #8);
#9587 = POLY_LOOP('', (#1248, #1253, #1249));
#9588 = FACE_OUTER_BOUND('', #9587, .T.);
#9589 = FACETED_BREP_SHAPE_REPRESENTATION('', (#9588), #8);
#9590 = POLY_LOOP('', (#1250, #1255, #1254));
#9591 = FACE_OUTER_BOUND('', #9590, .T.);
#9592 = FACETED_BREP_SHAPE_REPRESENTATION('', (#9591), #8);
#9593 = POLY_LOOP('', (#1250, #1251, #1255));
#9594 = FACE_OUTER_BOUND('', #9593, .T.);
#9595 = FACETED_BREP_SHAPE_REPRESENTATION('', (#9594), #8);
#9596 = POLY_LOOP('', (#1248, #1254, #1252));
#9597 = FACE_OUTER_BOUND('', #9596, .T.);
#9598 = FACETED_BREP_SHAPE_REPRESENTATION('', (#9597), #8);
#9599 = POLY_LOOP('', (#1248, #1250, #1254));
#9600 = FACE_OUTER_BOUND('', #9599, .T.);
#9601 = FACETED_BREP_SHAPE_REPRESENTATION('', (#9600), #8);
#9602 = POLY_LOOP('', (#1249, #1253, #1255));
#9603 = FACE_OUTER_BOUND('', #9602, .T.);
#9604 = FACETED_BREP_SHAPE_REPRESENTATION('', (#9603), #8);
#9605 = POLY_LOOP('', (#1249, #1255, #1251));
#9606 = FACE_OUTER_BOUND('', #9605, .T.);
#9607 = FACETED_BREP_SHAPE_REPRESENTATION('', (#9606), #8);
#9608 = POLY_LOOP('', (#1252, #1256, #1257));
#9609 = FACE_OUTER_BOUND('', #9608, .T.);
#9610 = FACETED_BREP_SHAPE_REPRESENTATION('', (#9609), #8);
#9611 = POLY_LOOP('', (#1252, #1257, #1253));
#9612 = FACE_OUTER_BOUND('', #9611, .T.);
#9613 = FACETED_BREP_SHAPE_REPRESENTATION('', (#9612), #8);
#9614 = POLY_LOOP('', (#1254, #1259, #1258));
#9615 = FACE_OUTER_BOUND('', #9614, .T.);
#9616 = FACETED_BREP_SHAPE_REPRESENTATION('', (#9615), #8);
#9617 = POLY_LOOP('', (#1254, #1255, #1259));
#9618 = FACE_OUTER_BOUND('', #9617, .T.);
#9619 = FACETED_BREP_SHAPE_REPRESENTATION('', (#9618), #8);
#9620 = POLY_LOOP('', (#1252, #1258, #1256));
#9621 = FACE_OUTER_BOUND('', #9620, .T.);
#9622 = FACETED_BREP_SHAPE_REPRESENTATION('', (#9621), #8);
#9623 = POLY_LOOP('', (#1252, #1254, #1258));
#9624 = FACE_OUTER_BOUND('', #9623, .T.);
#9625 = FACETED_BREP_SHAPE_REPRESENTATION('', (#9624), #8);
#9626 = POLY_LOOP('', (#1253, #1257, #1259));
#9627 = FACE_OUTER_BOUND('', #9626, .T.);
#9628 = FACETED_BREP_SHAPE_REPRESENTATION('', (#9627), #8);
#9629 = POLY_LOOP('', (#1253, #1259, #1255));
#9630 = FACE_OUTER_BOUND('', #9629, .T.);
#9631 = FACETED_BREP_SHAPE_REPRESENTATION('', (#9630), #8);
#9632 = POLY_LOOP('', (#1256, #1260, #1261));
#9633 = FACE_OUTER_BOUND('', #9632, .T.);
#9634 = FACETED_BREP_SHAPE_REPRESENTATION('', (#9633), #8);
#9635 = POLY_LOOP('', (#1256, #1261, #1257));
#9636 = FACE_OUTER_BOUND('', #9635, .T.);
#9637 = FACETED_BREP_SHAPE_REPRESENTATION('', (#9636), #8);
#9638 = POLY_LOOP('', (#1258, #1263, #1262));
#9639 = FACE_OUTER_BOUND('', #9638, .T.);
#9640 = FACETED_BREP_SHAPE_REPRESENTATION('', (#9639), #8);
#9641 = POLY_LOOP('', (#1258, #1259, #1263));
#9642 = FACE_OUTER_BOUND('', #9641, .T.);
#9643 = FACETED_BREP_SHAPE_REPRESENTATION('', (#9642), #8);
#9644 = POLY_LOOP('', (#1256, #1262, #1260));
#9645 = FACE_OUTER_BOUND('', #9644, .T.);
#9646 = FACETED_BREP_SHAPE_REPRESENTATION('', (#9645), #8);
#9647 = POLY_LOOP('', (#1256, #1258, #1262));
#9648 = FACE_OUTER_BOUND('', #9647, .T.);
#9649 = FACETED_BREP_SHAPE_REPRESENTATION('', (#9648), #8);
#9650 = POLY_LOOP('', (#1257, #1261, #1263));
#9651 = FACE_OUTER_BOUND('', #9650, .T.);
#9652 = FACETED_BREP_SHAPE_REPRESENTATION('', (#9651), #8);
#9653 = POLY_LOOP('', (#1257, #1263, #1259));
#9654 = FACE_OUTER_BOUND('', #9653, .T.);
#9655 = FACETED_BREP_SHAPE_REPRESENTATION('', (#9654), #8);
#9656 = POLY_LOOP('', (#1260, #1264, #1265));
#9657 = FACE_OUTER_BOUND('', #9656, .T.);
#9658 = FACETED_BREP_SHAPE_REPRESENTATION('', (#9657), #8);
#9659 = POLY_LOOP('', (#1260, #1265, #1261));
#9660 = FACE_OUTER_BOUND('', #9659, .T.);
#9661 = FACETED_BREP_SHAPE_REPRESENTATION('', (#9660), #8);
#9662 = POLY_LOOP('', (#1262, #1267, #1266));
#9663 = FACE_OUTER_BOUND('', #9662, .T.);
#9664 = FACETED_BREP_SHAPE_REPRESENTATION('', (#9663), #8);
#9665 = POLY_LOOP('', (#1262, #1263, #1267));
#9666 = FACE_OUTER_BOUND('', #9665, .T.);
#9667 = FACETED_BREP_SHAPE_REPRESENTATION('', (#9666), #8);
#9668 = POLY_LOOP('', (#1260, #1266, #1264));
#9669 = FACE_OUTER_BOUND('', #9668, .T.);
#9670 = FACETED_BREP_SHAPE_REPRESENTATION('', (#9669), #8);
#9671 = POLY_LOOP('', (#1260, #1262, #1266));
#9672 = FACE_OUTER_BOUND('', #9671, .T.);
#9673 = FACETED_BREP_SHAPE_REPRESENTATION('', (#9672), #8);
#9674 = POLY_LOOP('', (#1261, #1265, #1267));
#9675 = FACE_OUTER_BOUND('', #9674, .T.);
#9676 = FACETED_BREP_SHAPE_REPRESENTATION('', (#9675), #8);
#9677 = POLY_LOOP('', (#1261, #1267, #1263));
#9678 = FACE_OUTER_BOUND('', #9677, .T.);
#9679 = FACETED_BREP_SHAPE_REPRESENTATION('', (#9678), #8);
#9680 = POLY_LOOP('', (#1264, #1268, #1269));
#9681 = FACE_OUTER_BOUND('', #9680, .T.);
#9682 = FACETED_BREP_SHAPE_REPRESENTATION('', (#9681), #8);
#9683 = POLY_LOOP('', (#1264, #1269, #1265));
#9684 = FACE_OUTER_BOUND('', #9683, .T.);
#9685 = FACETED_BREP_SHAPE_REPRESENTATION('', (#9684), #8);
#9686 = POLY_LOOP('', (#1266, #1271, #1270));
#9687 = FACE_OUTER_BOUND('', #9686, .T.);
#9688 = FACETED_BREP_SHAPE_REPRESENTATION('', (#9687), #8);
#9689 = POLY_LOOP('', (#1266, #1267, #1271));
#9690 = FACE_OUTER_BOUND('', #9689, .T.);
#9691 = FACETED_BREP_SHAPE_REPRESENTATION('', (#9690), #8);
#9692 = POLY_LOOP('', (#1264, #1270, #1268));
#9693 = FACE_OUTER_BOUND('', #9692, .T.);
#9694 = FACETED_BREP_SHAPE_REPRESENTATION('', (#9693), #8);
#9695 = POLY_LOOP('', (#1264, #1266, #1270));
#9696 = FACE_OUTER_BOUND('', #9695, .T.);
#9697 = FACETED_BREP_SHAPE_REPRESENTATION('', (#9696), #8);
#9698 = POLY_LOOP('', (#1265, #1269, #1271));
#9699 = FACE_OUTER_BOUND('', #9698, .T.);
#9700 = FACETED_BREP_SHAPE_REPRESENTATION('', (#9699), #8);
#9701 = POLY_LOOP('', (#1265, #1271, #1267));
#9702 = FACE_OUTER_BOUND('', #9701, .T.);
#9703 = FACETED_BREP_SHAPE_REPRESENTATION('', (#9702), #8);
#9704 = POLY_LOOP('', (#1268, #1272, #1273));
#9705 = FACE_OUTER_BOUND('', #9704, .T.);
#9706 = FACETED_BREP_SHAPE_REPRESENTATION('', (#9705), #8);
#9707 = POLY_LOOP('', (#1268, #1273, #1269));
#9708 = FACE_OUTER_BOUND('', #9707, .T.);
#9709 = FACETED_BREP_SHAPE_REPRESENTATION('', (#9708), #8);
#9710 = POLY_LOOP('', (#1270, #1275, #1274));
#9711 = FACE_OUTER_BOUND('', #9710, .T.);
#9712 = FACETED_BREP_SHAPE_REPRESENTATION('', (#9711), #8);
#9713 = POLY_LOOP('', (#1270, #1271, #1275));
#9714 = FACE_OUTER_BOUND('', #9713, .T.);
#9715 = FACETED_BREP_SHAPE_REPRESENTATION('', (#9714), #8);
#9716 = POLY_LOOP('', (#1268, #1274, #1272));
#9717 = FACE_OUTER_BOUND('', #9716, .T.);
#9718 = FACETED_BREP_SHAPE_REPRESENTATION('', (#9717), #8);
#9719 = POLY_LOOP('', (#1268, #1270, #1274));
#9720 = FACE_OUTER_BOUND('', #9719, .T.);
#9721 = FACETED_BREP_SHAPE_REPRESENTATION('', (#9720), #8);
#9722 = POLY_LOOP('', (#1269, #1273, #1275));
#9723 = FACE_OUTER_BOUND('', #9722, .T.);
#9724 = FACETED_BREP_SHAPE_REPRESENTATION('', (#9723), #8);
#9725 = POLY_LOOP('', (#1269, #1275, #1271));
#9726 = FACE_OUTER_BOUND('', #9725, .T.);
#9727 = FACETED_BREP_SHAPE_REPRESENTATION('', (#9726), #8);
#9728 = POLY_LOOP('', (#1272, #1276, #1277));
#9729 = FACE_OUTER_BOUND('', #9728, .T.);
#9730 = FACETED_BREP_SHAPE_REPRESENTATION('', (#9729), #8);
#9731 = POLY_LOOP('', (#1272, #1277, #1273));
#9732 = FACE_OUTER_BOUND('', #9731, .T.);
#9733 = FACETED_BREP_SHAPE_REPRESENTATION('', (#9732), #8);
#9734 = POLY_LOOP('', (#1274, #1279, #1278));
#9735 = FACE_OUTER_BOUND('', #9734, .T.);
#9736 = FACETED_BREP_SHAPE_REPRESENTATION('', (#9735), #8);
#9737 = POLY_LOOP('', (#1274, #1275, #1279));
#9738 = FACE_OUTER_BOUND('', #9737, .T.);
#9739 = FACETED_BREP_SHAPE_REPRESENTATION('', (#9738), #8);
#9740 = POLY_LOOP('', (#1272, #1278, #1276));
#9741 = FACE_OUTER_BOUND('', #9740, .T.);
#9742 = FACETED_BREP_SHAPE_REPRESENTATION('', (#9741), #8);
#9743 = POLY_LOOP('', (#1272, #1274, #1278));
#9744 = FACE_OUTER_BOUND('', #9743, .T.);
#9745 = FACETED_BREP_SHAPE_REPRESENTATION('', (#9744), #8);
#9746 = POLY_LOOP('', (#1273, #1277, #1279));
#9747 = FACE_OUTER_BOUND('', #9746, .T.);
#9748 = FACETED_BREP_SHAPE_REPRESENTATION('', (#9747), #8);
#9749 = POLY_LOOP('', (#1273, #1279, #1275));
#9750 = FACE_OUTER_BOUND('', #9749, .T.);
#9751 = FACETED_BREP_SHAPE_REPRESENTATION('', (#9750), #8);
#9752 = POLY_LOOP('', (#1280, #1284, #1285));
#9753 = FACE_OUTER_BOUND('', #9752, .T.);
#9754 = FACETED_BREP_SHAPE_REPRESENTATION('', (#9753), #8);
#9755 = POLY_LOOP('', (#1280, #1285, #1281));
#9756 = FACE_OUTER_BOUND('', #9755, .T.);
#9757 = FACETED_BREP_SHAPE_REPRESENTATION('', (#9756), #8);
#9758 = POLY_LOOP('', (#1282, #1287, #1286));
#9759 = FACE_OUTER_BOUND('', #9758, .T.);
#9760 = FACETED_BREP_SHAPE_REPRESENTATION('', (#9759), #8);
#9761 = POLY_LOOP('', (#1282, #1283, #1287));
#9762 = FACE_OUTER_BOUND('', #9761, .T.);
#9763 = FACETED_BREP_SHAPE_REPRESENTATION('', (#9762), #8);
#9764 = POLY_LOOP('', (#1280, #1286, #1284));
#9765 = FACE_OUTER_BOUND('', #9764, .T.);
#9766 = FACETED_BREP_SHAPE_REPRESENTATION('', (#9765), #8);
#9767 = POLY_LOOP('', (#1280, #1282, #1286));
#9768 = FACE_OUTER_BOUND('', #9767, .T.);
#9769 = FACETED_BREP_SHAPE_REPRESENTATION('', (#9768), #8);
#9770 = POLY_LOOP('', (#1281, #1285, #1287));
#9771 = FACE_OUTER_BOUND('', #9770, .T.);
#9772 = FACETED_BREP_SHAPE_REPRESENTATION('', (#9771), #8);
#9773 = POLY_LOOP('', (#1281, #1287, #1283));
#9774 = FACE_OUTER_BOUND('', #9773, .T.);
#9775 = FACETED_BREP_SHAPE_REPRESENTATION('', (#9774), #8);
#9776 = POLY_LOOP('', (#1284, #1288, #1289));
#9777 = FACE_OUTER_BOUND('', #9776, .T.);
#9778 = FACETED_BREP_SHAPE_REPRESENTATION('', (#9777), #8);
#9779 = POLY_LOOP('', (#1284, #1289, #1285));
#9780 = FACE_OUTER_BOUND('', #9779, .T.);
#9781 = FACETED_BREP_SHAPE_REPRESENTATION('', (#9780), #8);
#9782 = POLY_LOOP('', (#1286, #1291, #1290));
#9783 = FACE_OUTER_BOUND('', #9782, .T.);
#9784 = FACETED_BREP_SHAPE_REPRESENTATION('', (#9783), #8);
#9785 = POLY_LOOP('', (#1286, #1287, #1291));
#9786 = FACE_OUTER_BOUND('', #9785, .T.);
#9787 = FACETED_BREP_SHAPE_REPRESENTATION('', (#9786), #8);
#9788 = POLY_LOOP('', (#1284, #1290, #1288));
#9789 = FACE_OUTER_BOUND('', #9788, .T.);
#9790 = FACETED_BREP_SHAPE_REPRESENTATION('', (#9789), #8);
#9791 = POLY_LOOP('', (#1284, #1286, #1290));
#9792 = FACE_OUTER_BOUND('', #9791, .T.);
#9793 = FACETED_BREP_SHAPE_REPRESENTATION('', (#9792), #8);
#9794 = POLY_LOOP('', (#1285, #1289, #1291));
#9795 = FACE_OUTER_BOUND('', #9794, .T.);
#9796 = FACETED_BREP_SHAPE_REPRESENTATION('', (#9795), #8);
#9797 = POLY_LOOP('', (#1285, #1291, #1287));
#9798 = FACE_OUTER_BOUND('', #9797, .T.);
#9799 = FACETED_BREP_SHAPE_REPRESENTATION('', (#9798), #8);
#9800 = POLY_LOOP('', (#1288, #1292, #1293));
#9801 = FACE_OUTER_BOUND('', #9800, .T.);
#9802 = FACETED_BREP_SHAPE_REPRESENTATION('', (#9801), #8);
#9803 = POLY_LOOP('', (#1288, #1293, #1289));
#9804 = FACE_OUTER_BOUND('', #9803, .T.);
#9805 = FACETED_BREP_SHAPE_REPRESENTATION('', (#9804), #8);
#9806 = POLY_LOOP('', (#1290, #1295, #1294));
#9807 = FACE_OUTER_BOUND('', #9806, .T.);
#9808 = FACETED_BREP_SHAPE_REPRESENTATION('', (#9807), #8);
#9809 = POLY_LOOP('', (#1290, #1291, #1295));
#9810 = FACE_OUTER_BOUND('', #9809, .T.);
#9811 = FACETED_BREP_SHAPE_REPRESENTATION('', (#9810), #8);
#9812 = POLY_LOOP('', (#1288, #1294, #1292));
#9813 = FACE_OUTER_BOUND('', #9812, .T.);
#9814 = FACETED_BREP_SHAPE_REPRESENTATION('', (#9813), #8);
#9815 = POLY_LOOP('', (#1288, #1290, #1294));
#9816 = FACE_OUTER_BOUND('', #9815, .T.);
#9817 = FACETED_BREP_SHAPE_REPRESENTATION('', (#9816), #8);
#9818 = POLY_LOOP('', (#1289, #1293, #1295));
#9819 = FACE_OUTER_BOUND('', #9818, .T.);
#9820 = FACETED_BREP_SHAPE_REPRESENTATION('', (#9819), #8);
#9821 = POLY_LOOP('', (#1289, #1295, #1291));
#9822 = FACE_OUTER_BOUND('', #9821, .T.);
#9823 = FACETED_BREP_SHAPE_REPRESENTATION('', (#9822), #8);
#9824 = POLY_LOOP('', (#1292, #1296, #1297));
#9825 = FACE_OUTER_BOUND('', #9824, .T.);
#9826 = FACETED_BREP_SHAPE_REPRESENTATION('', (#9825), #8);
#9827 = POLY_LOOP('', (#1292, #1297, #1293));
#9828 = FACE_OUTER_BOUND('', #9827, .T.);
#9829 = FACETED_BREP_SHAPE_REPRESENTATION('', (#9828), #8);
#9830 = POLY_LOOP('', (#1294, #1299, #1298));
#9831 = FACE_OUTER_BOUND('', #9830, .T.);
#9832 = FACETED_BREP_SHAPE_REPRESENTATION('', (#9831), #8);
#9833 = POLY_LOOP('', (#1294, #1295, #1299));
#9834 = FACE_OUTER_BOUND('', #9833, .T.);
#9835 = FACETED_BREP_SHAPE_REPRESENTATION('', (#9834), #8);
#9836 = POLY_LOOP('', (#1292, #1298, #1296));
#9837 = FACE_OUTER_BOUND('', #9836, .T.);
#9838 = FACETED_BREP_SHAPE_REPRESENTATION('', (#9837), #8);
#9839 = POLY_LOOP('', (#1292, #1294, #1298));
#9840 = FACE_OUTER_BOUND('', #9839, .T.);
#9841 = FACETED_BREP_SHAPE_REPRESENTATION('', (#9840), #8);
#9842 = POLY_LOOP('', (#1293, #1297, #1299));
#9843 = FACE_OUTER_BOUND('', #9842, .T.);
#9844 = FACETED_BREP_SHAPE_REPRESENTATION('', (#9843), #8);
#9845 = POLY_LOOP('', (#1293, #1299, #1295));
#9846 = FACE_OUTER_BOUND('', #9845, .T.);
#9847 = FACETED_BREP_SHAPE_REPRESENTATION('', (#9846), #8);
#9848 = POLY_LOOP('', (#1296, #1300, #1301));
#9849 = FACE_OUTER_BOUND('', #9848, .T.);
#9850 = FACETED_BREP_SHAPE_REPRESENTATION('', (#9849), #8);
#9851 = POLY_LOOP('', (#1296, #1301, #1297));
#9852 = FACE_OUTER_BOUND('', #9851, .T.);
#9853 = FACETED_BREP_SHAPE_REPRESENTATION('', (#9852), #8);
#9854 = POLY_LOOP('', (#1298, #1303, #1302));
#9855 = FACE_OUTER_BOUND('', #9854, .T.);
#9856 = FACETED_BREP_SHAPE_REPRESENTATION('', (#9855), #8);
#9857 = POLY_LOOP('', (#1298, #1299, #1303));
#9858 = FACE_OUTER_BOUND('', #9857, .T.);
#9859 = FACETED_BREP_SHAPE_REPRESENTATION('', (#9858), #8);
#9860 = POLY_LOOP('', (#1296, #1302, #1300));
#9861 = FACE_OUTER_BOUND('', #9860, .T.);
#9862 = FACETED_BREP_SHAPE_REPRESENTATION('', (#9861), #8);
#9863 = POLY_LOOP('', (#1296, #1298, #1302));
#9864 = FACE_OUTER_BOUND('', #9863, .T.);
#9865 = FACETED_BREP_SHAPE_REPRESENTATION('', (#9864), #8);
#9866 = POLY_LOOP('', (#1297, #1301, #1303));
#9867 = FACE_OUTER_BOUND('', #9866, .T.);
#9868 = FACETED_BREP_SHAPE_REPRESENTATION('', (#9867), #8);
#9869 = POLY_LOOP('', (#1297, #1303, #1299));
#9870 = FACE_OUTER_BOUND('', #9869, .T.);
#9871 = FACETED_BREP_SHAPE_REPRESENTATION('', (#9870), #8);
#9872 = POLY_LOOP('', (#1300, #1304, #1305));
#9873 = FACE_OUTER_BOUND('', #9872, .T.);
#9874 = FACETED_BREP_SHAPE_REPRESENTATION('', (#9873), #8);
#9875 = POLY_LOOP('', (#1300, #1305, #1301));
#9876 = FACE_OUTER_BOUND('', #9875, .T.);
#9877 = FACETED_BREP_SHAPE_REPRESENTATION('', (#9876), #8);
#9878 = POLY_LOOP('', (#1302, #1307, #1306));
#9879 = FACE_OUTER_BOUND('', #9878, .T.);
#9880 = FACETED_BREP_SHAPE_REPRESENTATION('', (#9879), #8);
#9881 = POLY_LOOP('', (#1302, #1303, #1307));
#9882 = FACE_OUTER_BOUND('', #9881, .T.);
#9883 = FACETED_BREP_SHAPE_REPRESENTATION('', (#9882), #8);
#9884 = POLY_LOOP('', (#1300, #1306, #1304));
#9885 = FACE_OUTER_BOUND('', #9884, .T.);
#9886 = FACETED_BREP_SHAPE_REPRESENTATION('', (#9885), #8);
#9887 = POLY_LOOP('', (#1300, #1302, #1306));
#9888 = FACE_OUTER_BOUND('', #9887, .T.);
#9889 = FACETED_BREP_SHAPE_REPRESENTATION('', (#9888), #8);
#9890 = POLY_LOOP('', (#1301, #1305, #1307));
#9891 = FACE_OUTER_BOUND('', #9890, .T.);
#9892 = FACETED_BREP_SHAPE_REPRESENTATION('', (#9891), #8);
#9893 = POLY_LOOP('', (#1301, #1307, #1303));
#9894 = FACE_OUTER_BOUND('', #9893, .T.);
#9895 = FACETED_BREP_SHAPE_REPRESENTATION('', (#9894), #8);
#9896 = POLY_LOOP('', (#1304, #1308, #1309));
#9897 = FACE_OUTER_BOUND('', #9896, .T.);
#9898 = FACETED_BREP_SHAPE_REPRESENTATION('', (#9897), #8);
#9899 = POLY_LOOP('', (#1304, #1309, #1305));
#9900 = FACE_OUTER_BOUND('', #9899, .T.);
#9901 = FACETED_BREP_SHAPE_REPRESENTATION('', (#9900), #8);
#9902 = POLY_LOOP('', (#1306, #1311, #1310));
#9903 = FACE_OUTER_BOUND('', #9902, .T.);
#9904 = FACETED_BREP_SHAPE_REPRESENTATION('', (#9903), #8);
#9905 = POLY_LOOP('', (#1306, #1307, #1311));
#9906 = FACE_OUTER_BOUND('', #9905, .T.);
#9907 = FACETED_BREP_SHAPE_REPRESENTATION('', (#9906), #8);
#9908 = POLY_LOOP('', (#1304, #1310, #1308));
#9909 = FACE_OUTER_BOUND('', #9908, .T.);
#9910 = FACETED_BREP_SHAPE_REPRESENTATION('', (#9909), #8);
#9911 = POLY_LOOP('', (#1304, #1306, #1310));
#9912 = FACE_OUTER_BOUND('', #9911, .T.);
#9913 = FACETED_BREP_SHAPE_REPRESENTATION('', (#9912), #8);
#9914 = POLY_LOOP('', (#1305, #1309, #1311));
#9915 = FACE_OUTER_BOUND('', #9914, .T.);
#9916 = FACETED_BREP_SHAPE_REPRESENTATION('', (#9915), #8);
#9917 = POLY_LOOP('', (#1305, #1311, #1307));
#9918 = FACE_OUTER_BOUND('', #9917, .T.);
#9919 = FACETED_BREP_SHAPE_REPRESENTATION('', (#9918), #8);
#9920 = POLY_LOOP('', (#1308, #1312, #1313));
#9921 = FACE_OUTER_BOUND('', #9920, .T.);
#9922 = FACETED_BREP_SHAPE_REPRESENTATION('', (#9921), #8);
#9923 = POLY_LOOP('', (#1308, #1313, #1309));
#9924 = FACE_OUTER_BOUND('', #9923, .T.);
#9925 = FACETED_BREP_SHAPE_REPRESENTATION('', (#9924), #8);
#9926 = POLY_LOOP('', (#1310, #1315, #1314));
#9927 = FACE_OUTER_BOUND('', #9926, .T.);
#9928 = FACETED_BREP_SHAPE_REPRESENTATION('', (#9927), #8);
#9929 = POLY_LOOP('', (#1310, #1311, #1315));
#9930 = FACE_OUTER_BOUND('', #9929, .T.);
#9931 = FACETED_BREP_SHAPE_REPRESENTATION('', (#9930), #8);
#9932 = POLY_LOOP('', (#1308, #1314, #1312));
#9933 = FACE_OUTER_BOUND('', #9932, .T.);
#9934 = FACETED_BREP_SHAPE_REPRESENTATION('', (#9933), #8);
#9935 = POLY_LOOP('', (#1308, #1310, #1314));
#9936 = FACE_OUTER_BOUND('', #9935, .T.);
#9937 = FACETED_BREP_SHAPE_REPRESENTATION('', (#9936), #8);
#9938 = POLY_LOOP('', (#1309, #1313, #1315));
#9939 = FACE_OUTER_BOUND('', #9938, .T.);
#9940 = FACETED_BREP_SHAPE_REPRESENTATION('', (#9939), #8);
#9941 = POLY_LOOP('', (#1309, #1315, #1311));
#9942 = FACE_OUTER_BOUND('', #9941, .T.);
#9943 = FACETED_BREP_SHAPE_REPRESENTATION('', (#9942), #8);
#9944 = POLY_LOOP('', (#1312, #1316, #1317));
#9945 = FACE_OUTER_BOUND('', #9944, .T.);
#9946 = FACETED_BREP_SHAPE_REPRESENTATION('', (#9945), #8);
#9947 = POLY_LOOP('', (#1312, #1317, #1313));
#9948 = FACE_OUTER_BOUND('', #9947, .T.);
#9949 = FACETED_BREP_SHAPE_REPRESENTATION('', (#9948), #8);
#9950 = POLY_LOOP('', (#1314, #1319, #1318));
#9951 = FACE_OUTER_BOUND('', #9950, .T.);
#9952 = FACETED_BREP_SHAPE_REPRESENTATION('', (#9951), #8);
#9953 = POLY_LOOP('', (#1314, #1315, #1319));
#9954 = FACE_OUTER_BOUND('', #9953, .T.);
#9955 = FACETED_BREP_SHAPE_REPRESENTATION('', (#9954), #8);
#9956 = POLY_LOOP('', (#1312, #1318, #1316));
#9957 = FACE_OUTER_BOUND('', #9956, .T.);
#9958 = FACETED_BREP_SHAPE_REPRESENTATION('', (#9957), #8);
#9959 = POLY_LOOP('', (#1312, #1314, #1318));
#9960 = FACE_OUTER_BOUND('', #9959, .T.);
#9961 = FACETED_BREP_SHAPE_REPRESENTATION('', (#9960), #8);
#9962 = POLY_LOOP('', (#1313, #1317, #1319));
#9963 = FACE_OUTER_BOUND('', #9962, .T.);
#9964 = FACETED_BREP_SHAPE_REPRESENTATION('', (#9963), #8);
#9965 = POLY_LOOP('', (#1313, #1319, #1315));
#9966 = FACE_OUTER_BOUND('', #9965, .T.);
#9967 = FACETED_BREP_SHAPE_REPRESENTATION('', (#9966), #8);
#9968 = POLY_LOOP('', (#1316, #1320, #1321));
#9969 = FACE_OUTER_BOUND('', #9968, .T.);
#9970 = FACETED_BREP_SHAPE_REPRESENTATION('', (#9969), #8);
#9971 = POLY_LOOP('', (#1316, #1321, #1317));
#9972 = FACE_OUTER_BOUND('', #9971, .T.);
#9973 = FACETED_BREP_SHAPE_REPRESENTATION('', (#9972), #8);
#9974 = POLY_LOOP('', (#1318, #1323, #1322));
#9975 = FACE_OUTER_BOUND('', #9974, .T.);
#9976 = FACETED_BREP_SHAPE_REPRESENTATION('', (#9975), #8);
#9977 = POLY_LOOP('', (#1318, #1319, #1323));
#9978 = FACE_OUTER_BOUND('', #9977, .T.);
#9979 = FACETED_BREP_SHAPE_REPRESENTATION('', (#9978), #8);
#9980 = POLY_LOOP('', (#1316, #1322, #1320));
#9981 = FACE_OUTER_BOUND('', #9980, .T.);
#9982 = FACETED_BREP_SHAPE_REPRESENTATION('', (#9981), #8);
#9983 = POLY_LOOP('', (#1316, #1318, #1322));
#9984 = FACE_OUTER_BOUND('', #9983, .T.);
#9985 = FACETED_BREP_SHAPE_REPRESENTATION('', (#9984), #8);
#9986 = POLY_LOOP('', (#1317, #1321, #1323));
#9987 = FACE_OUTER_BOUND('', #9986, .T.);
#9988 = FACETED_BREP_SHAPE_REPRESENTATION('', (#9987), #8);
#9989 = POLY_LOOP('', (#1317, #1323, #1319));
#9990 = FACE_OUTER_BOUND('', #9989, .T.);
#9991 = FACETED_BREP_SHAPE_REPRESENTATION('', (#9990), #8);
#9992 = POLY_LOOP('', (#1324, #1328, #1329));
#9993 = FACE_OUTER_BOUND('', #9992, .T.);
#9994 = FACETED_BREP_SHAPE_REPRESENTATION('', (#9993), #8);
#9995 = POLY_LOOP('', (#1324, #1329, #1325));
#9996 = FACE_OUTER_BOUND('', #9995, .T.);
#9997 = FACETED_BREP_SHAPE_REPRESENTATION('', (#9996), #8);
#9998 = POLY_LOOP('', (#1326, #1331, #1330));
#9999 = FACE_OUTER_BOUND('', #9998, .T.);
#10000 = FACETED_BREP_SHAPE_REPRESENTATION('', (#9999), #8);
#10001 = POLY_LOOP('', (#1326, #1327, #1331));
#10002 = FACE_OUTER_BOUND('', #10001, .T.);
#10003 = FACETED_BREP_SHAPE_REPRESENTATION('', (#10002), #8);
#10004 = POLY_LOOP('', (#1324, #1330, #1328));
#10005 = FACE_OUTER_BOUND('', #10004, .T.);
#10006 = FACETED_BREP_SHAPE_REPRESENTATION('', (#10005), #8);
#10007 = POLY_LOOP('', (#1324, #1326, #1330));
#10008 = FACE_OUTER_BOUND('', #10007, .T.);
#10009 = FACETED_BREP_SHAPE_REPRESENTATION('', (#10008), #8);
#10010 = POLY_LOOP('', (#1325, #1329, #1331));
#10011 = FACE_OUTER_BOUND('', #10010, .T.);
#10012 = FACETED_BREP_SHAPE_REPRESENTATION('', (#10011), #8);
#10013 = POLY_LOOP('', (#1325, #1331, #1327));
#10014 = FACE_OUTER_BOUND('', #10013, .T.);
#10015 = FACETED_BREP_SHAPE_REPRESENTATION('', (#10014), #8);
#10016 = POLY_LOOP('', (#1328, #1332, #1333));
#10017 = FACE_OUTER_BOUND('', #10016, .T.);
#10018 = FACETED_BREP_SHAPE_REPRESENTATION('', (#10017), #8);
#10019 = POLY_LOOP('', (#1328, #1333, #1329));
#10020 = FACE_OUTER_BOUND('', #10019, .T.);
#10021 = FACETED_BREP_SHAPE_REPRESENTATION('', (#10020), #8);
#10022 = POLY_LOOP('', (#1330, #1335, #1334));
#10023 = FACE_OUTER_BOUND('', #10022, .T.);
#10024 = FACETED_BREP_SHAPE_REPRESENTATION('', (#10023), #8);
#10025 = POLY_LOOP('', (#1330, #1331, #1335));
#10026 = FACE_OUTER_BOUND('', #10025, .T.);
#10027 = FACETED_BREP_SHAPE_REPRESENTATION('', (#10026), #8);
#10028 = POLY_LOOP('', (#1328, #1334, #1332));
#10029 = FACE_OUTER_BOUND('', #10028, .T.);
#10030 = FACETED_BREP_SHAPE_REPRESENTATION('', (#10029), #8);
#10031 = POLY_LOOP('', (#1328, #1330, #1334));
#10032 = FACE_OUTER_BOUND('', #10031, .T.);
#10033 = FACETED_BREP_SHAPE_REPRESENTATION('', (#10032), #8);
#10034 = POLY_LOOP('', (#1329, #1333, #1335));
#10035 = FACE_OUTER_BOUND('', #10034, .T.);
#10036 = FACETED_BREP_SHAPE_REPRESENTATION('', (#10035), #8);
#10037 = POLY_LOOP('', (#1329, #1335, #1331));
#10038 = FACE_OUTER_BOUND('', #10037, .T.);
#10039 = FACETED_BREP_SHAPE_REPRESENTATION('', (#10038), #8);
#10040 = POLY_LOOP('', (#1332, #1336, #1337));
#10041 = FACE_OUTER_BOUND('', #10040, .T.);
#10042 = FACETED_BREP_SHAPE_REPRESENTATION('', (#10041), #8);
#10043 = POLY_LOOP('', (#1332, #1337, #1333));
#10044 = FACE_OUTER_BOUND('', #10043, .T.);
#10045 = FACETED_BREP_SHAPE_REPRESENTATION('', (#10044), #8);
#10046 = POLY_LOOP('', (#1334, #1339, #1338));
#10047 = FACE_OUTER_BOUND('', #10046, .T.);
#10048 = FACETED_BREP_SHAPE_REPRESENTATION('', (#10047), #8);
#10049 = POLY_LOOP('', (#1334, #1335, #1339));
#10050 = FACE_OUTER_BOUND('', #10049, .T.);
#10051 = FACETED_BREP_SHAPE_REPRESENTATION('', (#10050), #8);
#10052 = POLY_LOOP('', (#1332, #1338, #1336));
#10053 = FACE_OUTER_BOUND('', #10052, .T.);
#10054 = FACETED_BREP_SHAPE_REPRESENTATION('', (#10053), #8);
#10055 = POLY_LOOP('', (#1332, #1334, #1338));
#10056 = FACE_OUTER_BOUND('', #10055, .T.);
#10057 = FACETED_BREP_SHAPE_REPRESENTATION('', (#10056), #8);
#10058 = POLY_LOOP('', (#1333, #1337, #1339));
#10059 = FACE_OUTER_BOUND('', #10058, .T.);
#10060 = FACETED_BREP_SHAPE_REPRESENTATION('', (#10059), #8);
#10061 = POLY_LOOP('', (#1333, #1339, #1335));
#10062 = FACE_OUTER_BOUND('', #10061, .T.);
#10063 = FACETED_BREP_SHAPE_REPRESENTATION('', (#10062), #8);
#10064 = POLY_LOOP('', (#1336, #1340, #1341));
#10065 = FACE_OUTER_BOUND('', #10064, .T.);
#10066 = FACETED_BREP_SHAPE_REPRESENTATION('', (#10065), #8);
#10067 = POLY_LOOP('', (#1336, #1341, #1337));
#10068 = FACE_OUTER_BOUND('', #10067, .T.);
#10069 = FACETED_BREP_SHAPE_REPRESENTATION('', (#10068), #8);
#10070 = POLY_LOOP('', (#1338, #1343, #1342));
#10071 = FACE_OUTER_BOUND('', #10070, .T.);
#10072 = FACETED_BREP_SHAPE_REPRESENTATION('', (#10071), #8);
#10073 = POLY_LOOP('', (#1338, #1339, #1343));
#10074 = FACE_OUTER_BOUND('', #10073, .T.);
#10075 = FACETED_BREP_SHAPE_REPRESENTATION('', (#10074), #8);
#10076 = POLY_LOOP('', (#1336, #1342, #1340));
#10077 = FACE_OUTER_BOUND('', #10076, .T.);
#10078 = FACETED_BREP_SHAPE_REPRESENTATION('', (#10077), #8);
#10079 = POLY_LOOP('', (#1336, #1338, #1342));
#10080 = FACE_OUTER_BOUND('', #10079, .T.);
#10081 = FACETED_BREP_SHAPE_REPRESENTATION('', (#10080), #8);
#10082 = POLY_LOOP('', (#1337, #1341, #1343));
#10083 = FACE_OUTER_BOUND('', #10082, .T.);
#10084 = FACETED_BREP_SHAPE_REPRESENTATION('', (#10083), #8);
#10085 = POLY_LOOP('', (#1337, #1343, #1339));
#10086 = FACE_OUTER_BOUND('', #10085, .T.);
#10087 = FACETED_BREP_SHAPE_REPRESENTATION('', (#10086), #8);
#10088 = POLY_LOOP('', (#1340, #1344, #1345));
#10089 = FACE_OUTER_BOUND('', #10088, .T.);
#10090 = FACETED_BREP_SHAPE_REPRESENTATION('', (#10089), #8);
#10091 = POLY_LOOP('', (#1340, #1345, #1341));
#10092 = FACE_OUTER_BOUND('', #10091, .T.);
#10093 = FACETED_BREP_SHAPE_REPRESENTATION('', (#10092), #8);
#10094 = POLY_LOOP('', (#1342, #1347, #1346));
#10095 = FACE_OUTER_BOUND('', #10094, .T.);
#10096 = FACETED_BREP_SHAPE_REPRESENTATION('', (#10095), #8);
#10097 = POLY_LOOP('', (#1342, #1343, #1347));
#10098 = FACE_OUTER_BOUND('', #10097, .T.);
#10099 = FACETED_BREP_SHAPE_REPRESENTATION('', (#10098), #8);
#10100 = POLY_LOOP('', (#1340, #1346, #1344));
#10101 = FACE_OUTER_BOUND('', #10100, .T.);
#10102 = FACETED_BREP_SHAPE_REPRESENTATION('', (#10101), #8);
#10103 = POLY_LOOP('', (#1340, #1342, #1346));
#10104 = FACE_OUTER_BOUND('', #10103, .T.);
#10105 = FACETED_BREP_SHAPE_REPRESENTATION('', (#10104), #8);
#10106 = POLY_LOOP('', (#1341, #1345, #1347));
#10107 = FACE_OUTER_BOUND('', #10106, .T.);
#10108 = FACETED_BREP_SHAPE_REPRESENTATION('', (#10107), #8);
#10109 = POLY_LOOP('', (#1341, #1347, #1343));
#10110 = FACE_OUTER_BOUND('', #10109, .T.);
#10111 = FACETED_BREP_SHAPE_REPRESENTATION('', (#10110), #8);
#10112 = POLY_LOOP('', (#1344, #1348, #1349));
#10113 = FACE_OUTER_BOUND('', #10112, .T.);
#10114 = FACETED_BREP_SHAPE_REPRESENTATION('', (#10113), #8);
#10115 = POLY_LOOP('', (#1344, #1349, #1345));
#10116 = FACE_OUTER_BOUND('', #10115, .T.);
#10117 = FACETED_BREP_SHAPE_REPRESENTATION('', (#10116), #8);
#10118 = POLY_LOOP('', (#1346, #1351, #1350));
#10119 = FACE_OUTER_BOUND('', #10118, .T.);
#10120 = FACETED_BREP_SHAPE_REPRESENTATION('', (#10119), #8);
#10121 = POLY_LOOP('', (#1346, #1347, #1351));
#10122 = FACE_OUTER_BOUND('', #10121, .T.);
#10123 = FACETED_BREP_SHAPE_REPRESENTATION('', (#10122), #8);
#10124 = POLY_LOOP('', (#1344, #1350, #1348));
#10125 = FACE_OUTER_BOUND('', #10124, .T.);
#10126 = FACETED_BREP_SHAPE_REPRESENTATION('', (#10125), #8);
#10127 = POLY_LOOP('', (#1344, #1346, #1350));
#10128 = FACE_OUTER_BOUND('', #10127, .T.);
#10129 = FACETED_BREP_SHAPE_REPRESENTATION('', (#10128), #8);
#10130 = POLY_LOOP('', (#1345, #1349, #1351));
#10131 = FACE_OUTER_BOUND('', #10130, .T.);
#10132 = FACETED_BREP_SHAPE_REPRESENTATION('', (#10131), #8);
#10133 = POLY_LOOP('', (#1345, #1351, #1347));
#10134 = FACE_OUTER_BOUND('', #10133, .T.);
#10135 = FACETED_BREP_SHAPE_REPRESENTATION('', (#10134), #8);
#10136 = POLY_LOOP('', (#1348, #1352, #1353));
#10137 = FACE_OUTER_BOUND('', #10136, .T.);
#10138 = FACETED_BREP_SHAPE_REPRESENTATION('', (#10137), #8);
#10139 = POLY_LOOP('', (#1348, #1353, #1349));
#10140 = FACE_OUTER_BOUND('', #10139, .T.);
#10141 = FACETED_BREP_SHAPE_REPRESENTATION('', (#10140), #8);
#10142 = POLY_LOOP('', (#1350, #1355, #1354));
#10143 = FACE_OUTER_BOUND('', #10142, .T.);
#10144 = FACETED_BREP_SHAPE_REPRESENTATION('', (#10143), #8);
#10145 = POLY_LOOP('', (#1350, #1351, #1355));
#10146 = FACE_OUTER_BOUND('', #10145, .T.);
#10147 = FACETED_BREP_SHAPE_REPRESENTATION('', (#10146), #8);
#10148 = POLY_LOOP('', (#1348, #1354, #1352));
#10149 = FACE_OUTER_BOUND('', #10148, .T.);
#10150 = FACETED_BREP_SHAPE_REPRESENTATION('', (#10149), #8);
#10151 = POLY_LOOP('', (#1348, #1350, #1354));
#10152 = FACE_OUTER_BOUND('', #10151, .T.);
#10153 = FACETED_BREP_SHAPE_REPRESENTATION('', (#10152), #8);
#10154 = POLY_LOOP('', (#1349, #1353, #1355));
#10155 = FACE_OUTER_BOUND('', #10154, .T.);
#10156 = FACETED_BREP_SHAPE_REPRESENTATION('', (#10155), #8);
#10157 = POLY_LOOP('', (#1349, #1355, #1351));
#10158 = FACE_OUTER_BOUND('', #10157, .T.);
#10159 = FACETED_BREP_SHAPE_REPRESENTATION('', (#10158), #8);
#10160 = POLY_LOOP('', (#1352, #1356, #1357));
#10161 = FACE_OUTER_BOUND('', #10160, .T.);
#10162 = FACETED_BREP_SHAPE_REPRESENTATION('', (#10161), #8);
#10163 = POLY_LOOP('', (#1352, #1357, #1353));
#10164 = FACE_OUTER_BOUND('', #10163, .T.);
#10165 = FACETED_BREP_SHAPE_REPRESENTATION('', (#10164), #8);
#10166 = POLY_LOOP('', (#1354, #1359, #1358));
#10167 = FACE_OUTER_BOUND('', #10166, .T.);
#10168 = FACETED_BREP_SHAPE_REPRESENTATION('', (#10167), #8);
#10169 = POLY_LOOP('', (#1354, #1355, #1359));
#10170 = FACE_OUTER_BOUND('', #10169, .T.);
#10171 = FACETED_BREP_SHAPE_REPRESENTATION('', (#10170), #8);
#10172 = POLY_LOOP('', (#1352, #1358, #1356));
#10173 = FACE_OUTER_BOUND('', #10172, .T.);
#10174 = FACETED_BREP_SHAPE_REPRESENTATION('', (#10173), #8);
#10175 = POLY_LOOP('', (#1352, #1354, #1358));
#10176 = FACE_OUTER_BOUND('', #10175, .T.);
#10177 = FACETED_BREP_SHAPE_REPRESENTATION('', (#10176), #8);
#10178 = POLY_LOOP('', (#1353, #1357, #1359));
#10179 = FACE_OUTER_BOUND('', #10178, .T.);
#10180 = FACETED_BREP_SHAPE_REPRESENTATION('', (#10179), #8);
#10181 = POLY_LOOP('', (#1353, #1359, #1355));
#10182 = FACE_OUTER_BOUND('', #10181, .T.);
#10183 = FACETED_BREP_SHAPE_REPRESENTATION('', (#10182), #8);
#10184 = POLY_LOOP('', (#1356, #1360, #1361));
#10185 = FACE_OUTER_BOUND('', #10184, .T.);
#10186 = FACETED_BREP_SHAPE_REPRESENTATION('', (#10185), #8);
#10187 = POLY_LOOP('', (#1356, #1361, #1357));
#10188 = FACE_OUTER_BOUND('', #10187, .T.);
#10189 = FACETED_BREP_SHAPE_REPRESENTATION('', (#10188), #8);
#10190 = POLY_LOOP('', (#1358, #1363, #1362));
#10191 = FACE_OUTER_BOUND('', #10190, .T.);
#10192 = FACETED_BREP_SHAPE_REPRESENTATION('', (#10191), #8);
#10193 = POLY_LOOP('', (#1358, #1359, #1363));
#10194 = FACE_OUTER_BOUND('', #10193, .T.);
#10195 = FACETED_BREP_SHAPE_REPRESENTATION('', (#10194), #8);
#10196 = POLY_LOOP('', (#1356, #1362, #1360));
#10197 = FACE_OUTER_BOUND('', #10196, .T.);
#10198 = FACETED_BREP_SHAPE_REPRESENTATION('', (#10197), #8);
#10199 = POLY_LOOP('', (#1356, #1358, #1362));
#10200 = FACE_OUTER_BOUND('', #10199, .T.);
#10201 = FACETED_BREP_SHAPE_REPRESENTATION('', (#10200), #8);
#10202 = POLY_LOOP('', (#1357, #1361, #1363));
#10203 = FACE_OUTER_BOUND('', #10202, .T.);
#10204 = FACETED_BREP_SHAPE_REPRESENTATION('', (#10203), #8);
#10205 = POLY_LOOP('', (#1357, #1363, #1359));
#10206 = FACE_OUTER_BOUND('', #10205, .T.);
#10207 = FACETED_BREP_SHAPE_REPRESENTATION('', (#10206), #8);
#10208 = POLY_LOOP('', (#1360, #1364, #1365));
#10209 = FACE_OUTER_BOUND('', #10208, .T.);
#10210 = FACETED_BREP_SHAPE_REPRESENTATION('', (#10209), #8);
#10211 = POLY_LOOP('', (#1360, #1365, #1361));
#10212 = FACE_OUTER_BOUND('', #10211, .T.);
#10213 = FACETED_BREP_SHAPE_REPRESENTATION('', (#10212), #8);
#10214 = POLY_LOOP('', (#1362, #1367, #1366));
#10215 = FACE_OUTER_BOUND('', #10214, .T.);
#10216 = FACETED_BREP_SHAPE_REPRESENTATION('', (#10215), #8);
#10217 = POLY_LOOP('', (#1362, #1363, #1367));
#10218 = FACE_OUTER_BOUND('', #10217, .T.);
#10219 = FACETED_BREP_SHAPE_REPRESENTATION('', (#10218), #8);
#10220 = POLY_LOOP('', (#1360, #1366, #1364));
#10221 = FACE_OUTER_BOUND('', #10220, .T.);
#10222 = FACETED_BREP_SHAPE_REPRESENTATION('', (#10221), #8);
#10223 = POLY_LOOP('', (#1360, #1362, #1366));
#10224 = FACE_OUTER_BOUND('', #10223, .T.);
#10225 = FACETED_BREP_SHAPE_REPRESENTATION('', (#10224), #8);
#10226 = POLY_LOOP('', (#1361, #1365, #1367));
#10227 = FACE_OUTER_BOUND('', #10226, .T.);
#10228 = FACETED_BREP_SHAPE_REPRESENTATION('', (#10227), #8);
#10229 = POLY_LOOP('', (#1361, #1367, #1363));
#10230 = FACE_OUTER_BOUND('', #10229, .T.);
#10231 = FACETED_BREP_SHAPE_REPRESENTATION('', (#10230), #8);
#10232 = POLY_LOOP('', (#1368, #1372, #1373));
#10233 = FACE_OUTER_BOUND('', #10232, .T.);
#10234 = FACETED_BREP_SHAPE_REPRESENTATION('', (#10233), #8);
#10235 = POLY_LOOP('', (#1368, #1373, #1369));
#10236 = FACE_OUTER_BOUND('', #10235, .T.);
#10237 = FACETED_BREP_SHAPE_REPRESENTATION('', (#10236), #8);
#10238 = POLY_LOOP('', (#1370, #1375, #1374));
#10239 = FACE_OUTER_BOUND('', #10238, .T.);
#10240 = FACETED_BREP_SHAPE_REPRESENTATION('', (#10239), #8);
#10241 = POLY_LOOP('', (#1370, #1371, #1375));
#10242 = FACE_OUTER_BOUND('', #10241, .T.);
#10243 = FACETED_BREP_SHAPE_REPRESENTATION('', (#10242), #8);
#10244 = POLY_LOOP('', (#1368, #1374, #1372));
#10245 = FACE_OUTER_BOUND('', #10244, .T.);
#10246 = FACETED_BREP_SHAPE_REPRESENTATION('', (#10245), #8);
#10247 = POLY_LOOP('', (#1368, #1370, #1374));
#10248 = FACE_OUTER_BOUND('', #10247, .T.);
#10249 = FACETED_BREP_SHAPE_REPRESENTATION('', (#10248), #8);
#10250 = POLY_LOOP('', (#1369, #1373, #1375));
#10251 = FACE_OUTER_BOUND('', #10250, .T.);
#10252 = FACETED_BREP_SHAPE_REPRESENTATION('', (#10251), #8);
#10253 = POLY_LOOP('', (#1369, #1375, #1371));
#10254 = FACE_OUTER_BOUND('', #10253, .T.);
#10255 = FACETED_BREP_SHAPE_REPRESENTATION('', (#10254), #8);
#10256 = POLY_LOOP('', (#1372, #1376, #1377));
#10257 = FACE_OUTER_BOUND('', #10256, .T.);
#10258 = FACETED_BREP_SHAPE_REPRESENTATION('', (#10257), #8);
#10259 = POLY_LOOP('', (#1372, #1377, #1373));
#10260 = FACE_OUTER_BOUND('', #10259, .T.);
#10261 = FACETED_BREP_SHAPE_REPRESENTATION('', (#10260), #8);
#10262 = POLY_LOOP('', (#1374, #1379, #1378));
#10263 = FACE_OUTER_BOUND('', #10262, .T.);
#10264 = FACETED_BREP_SHAPE_REPRESENTATION('', (#10263), #8);
#10265 = POLY_LOOP('', (#1374, #1375, #1379));
#10266 = FACE_OUTER_BOUND('', #10265, .T.);
#10267 = FACETED_BREP_SHAPE_REPRESENTATION('', (#10266), #8);
#10268 = POLY_LOOP('', (#1372, #1378, #1376));
#10269 = FACE_OUTER_BOUND('', #10268, .T.);
#10270 = FACETED_BREP_SHAPE_REPRESENTATION('', (#10269), #8);
#10271 = POLY_LOOP('', (#1372, #1374, #1378));
#10272 = FACE_OUTER_BOUND('', #10271, .T.);
#10273 = FACETED_BREP_SHAPE_REPRESENTATION('', (#10272), #8);
#10274 = POLY_LOOP('', (#1373, #1377, #1379));
#10275 = FACE_OUTER_BOUND('', #10274, .T.);
#10276 = FACETED_BREP_SHAPE_REPRESENTATION('', (#10275), #8);
#10277 = POLY_LOOP('', (#1373, #1379, #1375));
#10278 = FACE_OUTER_BOUND('', #10277, .T.);
#10279 = FACETED_BREP_SHAPE_REPRESENTATION('', (#10278), #8);
#10280 = POLY_LOOP('', (#1376, #1380, #1381));
#10281 = FACE_OUTER_BOUND('', #10280, .T.);
#10282 = FACETED_BREP_SHAPE_REPRESENTATION('', (#10281), #8);
#10283 = POLY_LOOP('', (#1376, #1381, #1377));
#10284 = FACE_OUTER_BOUND('', #10283, .T.);
#10285 = FACETED_BREP_SHAPE_REPRESENTATION('', (#10284), #8);
#10286 = POLY_LOOP('', (#1378, #1383, #1382));
#10287 = FACE_OUTER_BOUND('', #10286, .T.);
#10288 = FACETED_BREP_SHAPE_REPRESENTATION('', (#10287), #8);
#10289 = POLY_LOOP('', (#1378, #1379, #1383));
#10290 = FACE_OUTER_BOUND('', #10289, .T.);
#10291 = FACETED_BREP_SHAPE_REPRESENTATION('', (#10290), #8);
#10292 = POLY_LOOP('', (#1376, #1382, #1380));
#10293 = FACE_OUTER_BOUND('', #10292, .T.);
#10294 = FACETED_BREP_SHAPE_REPRESENTATION('', (#10293), #8);
#10295 = POLY_LOOP('', (#1376, #1378, #1382));
#10296 = FACE_OUTER_BOUND('', #10295, .T.);
#10297 = FACETED_BREP_SHAPE_REPRESENTATION('', (#10296), #8);
#10298 = POLY_LOOP('', (#1377, #1381, #1383));
#10299 = FACE_OUTER_BOUND('', #10298, .T.);
#10300 = FACETED_BREP_SHAPE_REPRESENTATION('', (#10299), #8);
#10301 = POLY_LOOP('', (#1377, #1383, #1379));
#10302 = FACE_OUTER_BOUND('', #10301, .T.);
#10303 = FACETED_BREP_SHAPE_REPRESENTATION('', (#10302), #8);
#10304 = POLY_LOOP('', (#1380, #1384, #1385));
#10305 = FACE_OUTER_BOUND('', #10304, .T.);
#10306 = FACETED_BREP_SHAPE_REPRESENTATION('', (#10305), #8);
#10307 = POLY_LOOP('', (#1380, #1385, #1381));
#10308 = FACE_OUTER_BOUND('', #10307, .T.);
#10309 = FACETED_BREP_SHAPE_REPRESENTATION('', (#10308), #8);
#10310 = POLY_LOOP('', (#1382, #1387, #1386));
#10311 = FACE_OUTER_BOUND('', #10310, .T.);
#10312 = FACETED_BREP_SHAPE_REPRESENTATION('', (#10311), #8);
#10313 = POLY_LOOP('', (#1382, #1383, #1387));
#10314 = FACE_OUTER_BOUND('', #10313, .T.);
#10315 = FACETED_BREP_SHAPE_REPRESENTATION('', (#10314), #8);
#10316 = POLY_LOOP('', (#1380, #1386, #1384));
#10317 = FACE_OUTER_BOUND('', #10316, .T.);
#10318 = FACETED_BREP_SHAPE_REPRESENTATION('', (#10317), #8);
#10319 = POLY_LOOP('', (#1380, #1382, #1386));
#10320 = FACE_OUTER_BOUND('', #10319, .T.);
#10321 = FACETED_BREP_SHAPE_REPRESENTATION('', (#10320), #8);
#10322 = POLY_LOOP('', (#1381, #1385, #1387));
#10323 = FACE_OUTER_BOUND('', #10322, .T.);
#10324 = FACETED_BREP_SHAPE_REPRESENTATION('', (#10323), #8);
#10325 = POLY_LOOP('', (#1381, #1387, #1383));
#10326 = FACE_OUTER_BOUND('', #10325, .T.);
#10327 = FACETED_BREP_SHAPE_REPRESENTATION('', (#10326), #8);
#10328 = POLY_LOOP('', (#1384, #1388, #1389));
#10329 = FACE_OUTER_BOUND('', #10328, .T.);
#10330 = FACETED_BREP_SHAPE_REPRESENTATION('', (#10329), #8);
#10331 = POLY_LOOP('', (#1384, #1389, #1385));
#10332 = FACE_OUTER_BOUND('', #10331, .T.);
#10333 = FACETED_BREP_SHAPE_REPRESENTATION('', (#10332), #8);
#10334 = POLY_LOOP('', (#1386, #1391, #1390));
#10335 = FACE_OUTER_BOUND('', #10334, .T.);
#10336 = FACETED_BREP_SHAPE_REPRESENTATION('', (#10335), #8);
#10337 = POLY_LOOP('', (#1386, #1387, #1391));
#10338 = FACE_OUTER_BOUND('', #10337, .T.);
#10339 = FACETED_BREP_SHAPE_REPRESENTATION('', (#10338), #8);
#10340 = POLY_LOOP('', (#1384, #1390, #1388));
#10341 = FACE_OUTER_BOUND('', #10340, .T.);
#10342 = FACETED_BREP_SHAPE_REPRESENTATION('', (#10341), #8);
#10343 = POLY_LOOP('', (#1384, #1386, #1390));
#10344 = FACE_OUTER_BOUND('', #10343, .T.);
#10345 = FACETED_BREP_SHAPE_REPRESENTATION('', (#10344), #8);
#10346 = POLY_LOOP('', (#1385, #1389, #1391));
#10347 = FACE_OUTER_BOUND('', #10346, .T.);
#10348 = FACETED_BREP_SHAPE_REPRESENTATION('', (#10347), #8);
#10349 = POLY_LOOP('', (#1385, #1391, #1387));
#10350 = FACE_OUTER_BOUND('', #10349, .T.);
#10351 = FACETED_BREP_SHAPE_REPRESENTATION('', (#10350), #8);
#10352 = POLY_LOOP('', (#1388, #1392, #1393));
#10353 = FACE_OUTER_BOUND('', #10352, .T.);
#10354 = FACETED_BREP_SHAPE_REPRESENTATION('', (#10353), #8);
#10355 = POLY_LOOP('', (#1388, #1393, #1389));
#10356 = FACE_OUTER_BOUND('', #10355, .T.);
#10357 = FACETED_BREP_SHAPE_REPRESENTATION('', (#10356), #8);
#10358 = POLY_LOOP('', (#1390, #1395, #1394));
#10359 = FACE_OUTER_BOUND('', #10358, .T.);
#10360 = FACETED_BREP_SHAPE_REPRESENTATION('', (#10359), #8);
#10361 = POLY_LOOP('', (#1390, #1391, #1395));
#10362 = FACE_OUTER_BOUND('', #10361, .T.);
#10363 = FACETED_BREP_SHAPE_REPRESENTATION('', (#10362), #8);
#10364 = POLY_LOOP('', (#1388, #1394, #1392));
#10365 = FACE_OUTER_BOUND('', #10364, .T.);
#10366 = FACETED_BREP_SHAPE_REPRESENTATION('', (#10365), #8);
#10367 = POLY_LOOP('', (#1388, #1390, #1394));
#10368 = FACE_OUTER_BOUND('', #10367, .T.);
#10369 = FACETED_BREP_SHAPE_REPRESENTATION('', (#10368), #8);
#10370 = POLY_LOOP('', (#1389, #1393, #1395));
#10371 = FACE_OUTER_BOUND('', #10370, .T.);
#10372 = FACETED_BREP_SHAPE_REPRESENTATION('', (#10371), #8);
#10373 = POLY_LOOP('', (#1389, #1395, #1391));
#10374 = FACE_OUTER_BOUND('', #10373, .T.);
#10375 = FACETED_BREP_SHAPE_REPRESENTATION('', (#10374), #8);
#10376 = POLY_LOOP('', (#1396, #1400, #1401));
#10377 = FACE_OUTER_BOUND('', #10376, .T.);
#10378 = FACETED_BREP_SHAPE_REPRESENTATION('', (#10377), #8);
#10379 = POLY_LOOP('', (#1396, #1401, #1397));
#10380 = FACE_OUTER_BOUND('', #10379, .T.);
#10381 = FACETED_BREP_SHAPE_REPRESENTATION('', (#10380), #8);
#10382 = POLY_LOOP('', (#1398, #1403, #1402));
#10383 = FACE_OUTER_BOUND('', #10382, .T.);
#10384 = FACETED_BREP_SHAPE_REPRESENTATION('', (#10383), #8);
#10385 = POLY_LOOP('', (#1398, #1399, #1403));
#10386 = FACE_OUTER_BOUND('', #10385, .T.);
#10387 = FACETED_BREP_SHAPE_REPRESENTATION('', (#10386), #8);
#10388 = POLY_LOOP('', (#1396, #1402, #1400));
#10389 = FACE_OUTER_BOUND('', #10388, .T.);
#10390 = FACETED_BREP_SHAPE_REPRESENTATION('', (#10389), #8);
#10391 = POLY_LOOP('', (#1396, #1398, #1402));
#10392 = FACE_OUTER_BOUND('', #10391, .T.);
#10393 = FACETED_BREP_SHAPE_REPRESENTATION('', (#10392), #8);
#10394 = POLY_LOOP('', (#1397, #1401, #1403));
#10395 = FACE_OUTER_BOUND('', #10394, .T.);
#10396 = FACETED_BREP_SHAPE_REPRESENTATION('', (#10395), #8);
#10397 = POLY_LOOP('', (#1397, #1403, #1399));
#10398 = FACE_OUTER_BOUND('', #10397, .T.);
#10399 = FACETED_BREP_SHAPE_REPRESENTATION('', (#10398), #8);
#10400 = POLY_LOOP('', (#1400, #1404, #1405));
#10401 = FACE_OUTER_BOUND('', #10400, .T.);
#10402 = FACETED_BREP_SHAPE_REPRESENTATION('', (#10401), #8);
#10403 = POLY_LOOP('', (#1400, #1405, #1401));
#10404 = FACE_OUTER_BOUND('', #10403, .T.);
#10405 = FACETED_BREP_SHAPE_REPRESENTATION('', (#10404), #8);
#10406 = POLY_LOOP('', (#1402, #1407, #1406));
#10407 = FACE_OUTER_BOUND('', #10406, .T.);
#10408 = FACETED_BREP_SHAPE_REPRESENTATION('', (#10407), #8);
#10409 = POLY_LOOP('', (#1402, #1403, #1407));
#10410 = FACE_OUTER_BOUND('', #10409, .T.);
#10411 = FACETED_BREP_SHAPE_REPRESENTATION('', (#10410), #8);
#10412 = POLY_LOOP('', (#1400, #1406, #1404));
#10413 = FACE_OUTER_BOUND('', #10412, .T.);
#10414 = FACETED_BREP_SHAPE_REPRESENTATION('', (#10413), #8);
#10415 = POLY_LOOP('', (#1400, #1402, #1406));
#10416 = FACE_OUTER_BOUND('', #10415, .T.);
#10417 = FACETED_BREP_SHAPE_REPRESENTATION('', (#10416), #8);
#10418 = POLY_LOOP('', (#1401, #1405, #1407));
#10419 = FACE_OUTER_BOUND('', #10418, .T.);
#10420 = FACETED_BREP_SHAPE_REPRESENTATION('', (#10419), #8);
#10421 = POLY_LOOP('', (#1401, #1407, #1403));
#10422 = FACE_OUTER_BOUND('', #10421, .T.);
#10423 = FACETED_BREP_SHAPE_REPRESENTATION('', (#10422), #8);
#10424 = POLY_LOOP('', (#1404, #1408, #1409));
#10425 = FACE_OUTER_BOUND('', #10424, .T.);
#10426 = FACETED_BREP_SHAPE_REPRESENTATION('', (#10425), #8);
#10427 = POLY_LOOP('', (#1404, #1409, #1405));
#10428 = FACE_OUTER_BOUND('', #10427, .T.);
#10429 = FACETED_BREP_SHAPE_REPRESENTATION('', (#10428), #8);
#10430 = POLY_LOOP('', (#1406, #1411, #1410));
#10431 = FACE_OUTER_BOUND('', #10430, .T.);
#10432 = FACETED_BREP_SHAPE_REPRESENTATION('', (#10431), #8);
#10433 = POLY_LOOP('', (#1406, #1407, #1411));
#10434 = FACE_OUTER_BOUND('', #10433, .T.);
#10435 = FACETED_BREP_SHAPE_REPRESENTATION('', (#10434), #8);
#10436 = POLY_LOOP('', (#1404, #1410, #1408));
#10437 = FACE_OUTER_BOUND('', #10436, .T.);
#10438 = FACETED_BREP_SHAPE_REPRESENTATION('', (#10437), #8);
#10439 = POLY_LOOP('', (#1404, #1406, #1410));
#10440 = FACE_OUTER_BOUND('', #10439, .T.);
#10441 = FACETED_BREP_SHAPE_REPRESENTATION('', (#10440), #8);
#10442 = POLY_LOOP('', (#1405, #1409, #1411));
#10443 = FACE_OUTER_BOUND('', #10442, .T.);
#10444 = FACETED_BREP_SHAPE_REPRESENTATION('', (#10443), #8);
#10445 = POLY_LOOP('', (#1405, #1411, #1407));
#10446 = FACE_OUTER_BOUND('', #10445, .T.);
#10447 = FACETED_BREP_SHAPE_REPRESENTATION('', (#10446), #8);
#10448 = POLY_LOOP('', (#1408, #1412, #1413));
#10449 = FACE_OUTER_BOUND('', #10448, .T.);
#10450 = FACETED_BREP_SHAPE_REPRESENTATION('', (#10449), #8);
#10451 = POLY_LOOP('', (#1408, #1413, #1409));
#10452 = FACE_OUTER_BOUND('', #10451, .T.);
#10453 = FACETED_BREP_SHAPE_REPRESENTATION('', (#10452), #8);
#10454 = POLY_LOOP('', (#1410, #1415, #1414));
#10455 = FACE_OUTER_BOUND('', #10454, .T.);
#10456 = FACETED_BREP_SHAPE_REPRESENTATION('', (#10455), #8);
#10457 = POLY_LOOP('', (#1410, #1411, #1415));
#10458 = FACE_OUTER_BOUND('', #10457, .T.);
#10459 = FACETED_BREP_SHAPE_REPRESENTATION('', (#10458), #8);
#10460 = POLY_LOOP('', (#1408, #1414, #1412));
#10461 = FACE_OUTER_BOUND('', #10460, .T.);
#10462 = FACETED_BREP_SHAPE_REPRESENTATION('', (#10461), #8);
#10463 = POLY_LOOP('', (#1408, #1410, #1414));
#10464 = FACE_OUTER_BOUND('', #10463, .T.);
#10465 = FACETED_BREP_SHAPE_REPRESENTATION('', (#10464), #8);
#10466 = POLY_LOOP('', (#1409, #1413, #1415));
#10467 = FACE_OUTER_BOUND('', #10466, .T.);
#10468 = FACETED_BREP_SHAPE_REPRESENTATION('', (#10467), #8);
#10469 = POLY_LOOP('', (#1409, #1415, #1411));
#10470 = FACE_OUTER_BOUND('', #10469, .T.);
#10471 = FACETED_BREP_SHAPE_REPRESENTATION('', (#10470), #8);
#10472 = POLY_LOOP('', (#1412, #1416, #1417));
#10473 = FACE_OUTER_BOUND('', #10472, .T.);
#10474 = FACETED_BREP_SHAPE_REPRESENTATION('', (#10473), #8);
#10475 = POLY_LOOP('', (#1412, #1417, #1413));
#10476 = FACE_OUTER_BOUND('', #10475, .T.);
#10477 = FACETED_BREP_SHAPE_REPRESENTATION('', (#10476), #8);
#10478 = POLY_LOOP('', (#1414, #1419, #1418));
#10479 = FACE_OUTER_BOUND('', #10478, .T.);
#10480 = FACETED_BREP_SHAPE_REPRESENTATION('', (#10479), #8);
#10481 = POLY_LOOP('', (#1414, #1415, #1419));
#10482 = FACE_OUTER_BOUND('', #10481, .T.);
#10483 = FACETED_BREP_SHAPE_REPRESENTATION('', (#10482), #8);
#10484 = POLY_LOOP('', (#1412, #1418, #1416));
#10485 = FACE_OUTER_BOUND('', #10484, .T.);
#10486 = FACETED_BREP_SHAPE_REPRESENTATION('', (#10485), #8);
#10487 = POLY_LOOP('', (#1412, #1414, #1418));
#10488 = FACE_OUTER_BOUND('', #10487, .T.);
#10489 = FACETED_BREP_SHAPE_REPRESENTATION('', (#10488), #8);
#10490 = POLY_LOOP('', (#1413, #1417, #1419));
#10491 = FACE_OUTER_BOUND('', #10490, .T.);
#10492 = FACETED_BREP_SHAPE_REPRESENTATION('', (#10491), #8);
#10493 = POLY_LOOP('', (#1413, #1419, #1415));
#10494 = FACE_OUTER_BOUND('', #10493, .T.);
#10495 = FACETED_BREP_SHAPE_REPRESENTATION('', (#10494), #8);
#10496 = POLY_LOOP('', (#1416, #1420, #1421));
#10497 = FACE_OUTER_BOUND('', #10496, .T.);
#10498 = FACETED_BREP_SHAPE_REPRESENTATION('', (#10497), #8);
#10499 = POLY_LOOP('', (#1416, #1421, #1417));
#10500 = FACE_OUTER_BOUND('', #10499, .T.);
#10501 = FACETED_BREP_SHAPE_REPRESENTATION('', (#10500), #8);
#10502 = POLY_LOOP('', (#1418, #1423, #1422));
#10503 = FACE_OUTER_BOUND('', #10502, .T.);
#10504 = FACETED_BREP_SHAPE_REPRESENTATION('', (#10503), #8);
#10505 = POLY_LOOP('', (#1418, #1419, #1423));
#10506 = FACE_OUTER_BOUND('', #10505, .T.);
#10507 = FACETED_BREP_SHAPE_REPRESENTATION('', (#10506), #8);
#10508 = POLY_LOOP('', (#1416, #1422, #1420));
#10509 = FACE_OUTER_BOUND('', #10508, .T.);
#10510 = FACETED_BREP_SHAPE_REPRESENTATION('', (#10509), #8);
#10511 = POLY_LOOP('', (#1416, #1418, #1422));
#10512 = FACE_OUTER_BOUND('', #10511, .T.);
#10513 = FACETED_BREP_SHAPE_REPRESENTATION('', (#10512), #8);
#10514 = POLY_LOOP('', (#1417, #1421, #1423));
#10515 = FACE_OUTER_BOUND('', #10514, .T.);
#10516 = FACETED_BREP_SHAPE_REPRESENTATION('', (#10515), #8);
#10517 = POLY_LOOP('', (#1417, #1423, #1419));
#10518 = FACE_OUTER_BOUND('', #10517, .T.);
#10519 = FACETED_BREP_SHAPE_REPRESENTATION('', (#10518), #8);
#10520 = POLY_LOOP('', (#1424, #1428, #1429));
#10521 = FACE_OUTER_BOUND('', #10520, .T.);
#10522 = FACETED_BREP_SHAPE_REPRESENTATION('', (#10521), #8);
#10523 = POLY_LOOP('', (#1424, #1429, #1425));
#10524 = FACE_OUTER_BOUND('', #10523, .T.);
#10525 = FACETED_BREP_SHAPE_REPRESENTATION('', (#10524), #8);
#10526 = POLY_LOOP('', (#1426, #1431, #1430));
#10527 = FACE_OUTER_BOUND('', #10526, .T.);
#10528 = FACETED_BREP_SHAPE_REPRESENTATION('', (#10527), #8);
#10529 = POLY_LOOP('', (#1426, #1427, #1431));
#10530 = FACE_OUTER_BOUND('', #10529, .T.);
#10531 = FACETED_BREP_SHAPE_REPRESENTATION('', (#10530), #8);
#10532 = POLY_LOOP('', (#1424, #1430, #1428));
#10533 = FACE_OUTER_BOUND('', #10532, .T.);
#10534 = FACETED_BREP_SHAPE_REPRESENTATION('', (#10533), #8);
#10535 = POLY_LOOP('', (#1424, #1426, #1430));
#10536 = FACE_OUTER_BOUND('', #10535, .T.);
#10537 = FACETED_BREP_SHAPE_REPRESENTATION('', (#10536), #8);
#10538 = POLY_LOOP('', (#1425, #1429, #1431));
#10539 = FACE_OUTER_BOUND('', #10538, .T.);
#10540 = FACETED_BREP_SHAPE_REPRESENTATION('', (#10539), #8);
#10541 = POLY_LOOP('', (#1425, #1431, #1427));
#10542 = FACE_OUTER_BOUND('', #10541, .T.);
#10543 = FACETED_BREP_SHAPE_REPRESENTATION('', (#10542), #8);
#10544 = POLY_LOOP('', (#1428, #1432, #1433));
#10545 = FACE_OUTER_BOUND('', #10544, .T.);
#10546 = FACETED_BREP_SHAPE_REPRESENTATION('', (#10545), #8);
#10547 = POLY_LOOP('', (#1428, #1433, #1429));
#10548 = FACE_OUTER_BOUND('', #10547, .T.);
#10549 = FACETED_BREP_SHAPE_REPRESENTATION('', (#10548), #8);
#10550 = POLY_LOOP('', (#1430, #1435, #1434));
#10551 = FACE_OUTER_BOUND('', #10550, .T.);
#10552 = FACETED_BREP_SHAPE_REPRESENTATION('', (#10551), #8);
#10553 = POLY_LOOP('', (#1430, #1431, #1435));
#10554 = FACE_OUTER_BOUND('', #10553, .T.);
#10555 = FACETED_BREP_SHAPE_REPRESENTATION('', (#10554), #8);
#10556 = POLY_LOOP('', (#1428, #1434, #1432));
#10557 = FACE_OUTER_BOUND('', #10556, .T.);
#10558 = FACETED_BREP_SHAPE_REPRESENTATION('', (#10557), #8);
#10559 = POLY_LOOP('', (#1428, #1430, #1434));
#10560 = FACE_OUTER_BOUND('', #10559, .T.);
#10561 = FACETED_BREP_SHAPE_REPRESENTATION('', (#10560), #8);
#10562 = POLY_LOOP('', (#1429, #1433, #1435));
#10563 = FACE_OUTER_BOUND('', #10562, .T.);
#10564 = FACETED_BREP_SHAPE_REPRESENTATION('', (#10563), #8);
#10565 = POLY_LOOP('', (#1429, #1435, #1431));
#10566 = FACE_OUTER_BOUND('', #10565, .T.);
#10567 = FACETED_BREP_SHAPE_REPRESENTATION('', (#10566), #8);
#10568 = POLY_LOOP('', (#1432, #1436, #1437));
#10569 = FACE_OUTER_BOUND('', #10568, .T.);
#10570 = FACETED_BREP_SHAPE_REPRESENTATION('', (#10569), #8);
#10571 = POLY_LOOP('', (#1432, #1437, #1433));
#10572 = FACE_OUTER_BOUND('', #10571, .T.);
#10573 = FACETED_BREP_SHAPE_REPRESENTATION('', (#10572), #8);
#10574 = POLY_LOOP('', (#1434, #1439, #1438));
#10575 = FACE_OUTER_BOUND('', #10574, .T.);
#10576 = FACETED_BREP_SHAPE_REPRESENTATION('', (#10575), #8);
#10577 = POLY_LOOP('', (#1434, #1435, #1439));
#10578 = FACE_OUTER_BOUND('', #10577, .T.);
#10579 = FACETED_BREP_SHAPE_REPRESENTATION('', (#10578), #8);
#10580 = POLY_LOOP('', (#1432, #1438, #1436));
#10581 = FACE_OUTER_BOUND('', #10580, .T.);
#10582 = FACETED_BREP_SHAPE_REPRESENTATION('', (#10581), #8);
#10583 = POLY_LOOP('', (#1432, #1434, #1438));
#10584 = FACE_OUTER_BOUND('', #10583, .T.);
#10585 = FACETED_BREP_SHAPE_REPRESENTATION('', (#10584), #8);
#10586 = POLY_LOOP('', (#1433, #1437, #1439));
#10587 = FACE_OUTER_BOUND('', #10586, .T.);
#10588 = FACETED_BREP_SHAPE_REPRESENTATION('', (#10587), #8);
#10589 = POLY_LOOP('', (#1433, #1439, #1435));
#10590 = FACE_OUTER_BOUND('', #10589, .T.);
#10591 = FACETED_BREP_SHAPE_REPRESENTATION('', (#10590), #8);
#10592 = POLY_LOOP('', (#1436, #1440, #1441));
#10593 = FACE_OUTER_BOUND('', #10592, .T.);
#10594 = FACETED_BREP_SHAPE_REPRESENTATION('', (#10593), #8);
#10595 = POLY_LOOP('', (#1436, #1441, #1437));
#10596 = FACE_OUTER_BOUND('', #10595, .T.);
#10597 = FACETED_BREP_SHAPE_REPRESENTATION('', (#10596), #8);
#10598 = POLY_LOOP('', (#1438, #1443, #1442));
#10599 = FACE_OUTER_BOUND('', #10598, .T.);
#10600 = FACETED_BREP_SHAPE_REPRESENTATION('', (#10599), #8);
#10601 = POLY_LOOP('', (#1438, #1439, #1443));
#10602 = FACE_OUTER_BOUND('', #10601, .T.);
#10603 = FACETED_BREP_SHAPE_REPRESENTATION('', (#10602), #8);
#10604 = POLY_LOOP('', (#1436, #1442, #1440));
#10605 = FACE_OUTER_BOUND('', #10604, .T.);
#10606 = FACETED_BREP_SHAPE_REPRESENTATION('', (#10605), #8);
#10607 = POLY_LOOP('', (#1436, #1438, #1442));
#10608 = FACE_OUTER_BOUND('', #10607, .T.);
#10609 = FACETED_BREP_SHAPE_REPRESENTATION('', (#10608), #8);
#10610 = POLY_LOOP('', (#1437, #1441, #1443));
#10611 = FACE_OUTER_BOUND('', #10610, .T.);
#10612 = FACETED_BREP_SHAPE_REPRESENTATION('', (#10611), #8);
#10613 = POLY_LOOP('', (#1437, #1443, #1439));
#10614 = FACE_OUTER_BOUND('', #10613, .T.);
#10615 = FACETED_BREP_SHAPE_REPRESENTATION('', (#10614), #8);
#10616 = POLY_LOOP('', (#1440, #1444, #1445));
#10617 = FACE_OUTER_BOUND('', #10616, .T.);
#10618 = FACETED_BREP_SHAPE_REPRESENTATION('', (#10617), #8);
#10619 = POLY_LOOP('', (#1440, #1445, #1441));
#10620 = FACE_OUTER_BOUND('', #10619, .T.);
#10621 = FACETED_BREP_SHAPE_REPRESENTATION('', (#10620), #8);
#10622 = POLY_LOOP('', (#1442, #1447, #1446));
#10623 = FACE_OUTER_BOUND('', #10622, .T.);
#10624 = FACETED_BREP_SHAPE_REPRESENTATION('', (#10623), #8);
#10625 = POLY_LOOP('', (#1442, #1443, #1447));
#10626 = FACE_OUTER_BOUND('', #10625, .T.);
#10627 = FACETED_BREP_SHAPE_REPRESENTATION('', (#10626), #8);
#10628 = POLY_LOOP('', (#1440, #1446, #1444));
#10629 = FACE_OUTER_BOUND('', #10628, .T.);
#10630 = FACETED_BREP_SHAPE_REPRESENTATION('', (#10629), #8);
#10631 = POLY_LOOP('', (#1440, #1442, #1446));
#10632 = FACE_OUTER_BOUND('', #10631, .T.);
#10633 = FACETED_BREP_SHAPE_REPRESENTATION('', (#10632), #8);
#10634 = POLY_LOOP('', (#1441, #1445, #1447));
#10635 = FACE_OUTER_BOUND('', #10634, .T.);
#10636 = FACETED_BREP_SHAPE_REPRESENTATION('', (#10635), #8);
#10637 = POLY_LOOP('', (#1441, #1447, #1443));
#10638 = FACE_OUTER_BOUND('', #10637, .T.);
#10639 = FACETED_BREP_SHAPE_REPRESENTATION('', (#10638), #8);
#10640 = POLY_LOOP('', (#1444, #1448, #1449));
#10641 = FACE_OUTER_BOUND('', #10640, .T.);
#10642 = FACETED_BREP_SHAPE_REPRESENTATION('', (#10641), #8);
#10643 = POLY_LOOP('', (#1444, #1449, #1445));
#10644 = FACE_OUTER_BOUND('', #10643, .T.);
#10645 = FACETED_BREP_SHAPE_REPRESENTATION('', (#10644), #8);
#10646 = POLY_LOOP('', (#1446, #1451, #1450));
#10647 = FACE_OUTER_BOUND('', #10646, .T.);
#10648 = FACETED_BREP_SHAPE_REPRESENTATION('', (#10647), #8);
#10649 = POLY_LOOP('', (#1446, #1447, #1451));
#10650 = FACE_OUTER_BOUND('', #10649, .T.);
#10651 = FACETED_BREP_SHAPE_REPRESENTATION('', (#10650), #8);
#10652 = POLY_LOOP('', (#1444, #1450, #1448));
#10653 = FACE_OUTER_BOUND('', #10652, .T.);
#10654 = FACETED_BREP_SHAPE_REPRESENTATION('', (#10653), #8);
#10655 = POLY_LOOP('', (#1444, #1446, #1450));
#10656 = FACE_OUTER_BOUND('', #10655, .T.);
#10657 = FACETED_BREP_SHAPE_REPRESENTATION('', (#10656), #8);
#10658 = POLY_LOOP('', (#1445, #1449, #1451));
#10659 = FACE_OUTER_BOUND('', #10658, .T.);
#10660 = FACETED_BREP_SHAPE_REPRESENTATION('', (#10659), #8);
#10661 = POLY_LOOP('', (#1445, #1451, #1447));
#10662 = FACE_OUTER_BOUND('', #10661, .T.);
#10663 = FACETED_BREP_SHAPE_REPRESENTATION('', (#10662), #8);
#10664 = POLY_LOOP('', (#1452, #1456, #1457));
#10665 = FACE_OUTER_BOUND('', #10664, .T.);
#10666 = FACETED_BREP_SHAPE_REPRESENTATION('', (#10665), #8);
#10667 = POLY_LOOP('', (#1452, #1457, #1453));
#10668 = FACE_OUTER_BOUND('', #10667, .T.);
#10669 = FACETED_BREP_SHAPE_REPRESENTATION('', (#10668), #8);
#10670 = POLY_LOOP('', (#1454, #1459, #1458));
#10671 = FACE_OUTER_BOUND('', #10670, .T.);
#10672 = FACETED_BREP_SHAPE_REPRESENTATION('', (#10671), #8);
#10673 = POLY_LOOP('', (#1454, #1455, #1459));
#10674 = FACE_OUTER_BOUND('', #10673, .T.);
#10675 = FACETED_BREP_SHAPE_REPRESENTATION('', (#10674), #8);
#10676 = POLY_LOOP('', (#1452, #1458, #1456));
#10677 = FACE_OUTER_BOUND('', #10676, .T.);
#10678 = FACETED_BREP_SHAPE_REPRESENTATION('', (#10677), #8);
#10679 = POLY_LOOP('', (#1452, #1454, #1458));
#10680 = FACE_OUTER_BOUND('', #10679, .T.);
#10681 = FACETED_BREP_SHAPE_REPRESENTATION('', (#10680), #8);
#10682 = POLY_LOOP('', (#1453, #1457, #1459));
#10683 = FACE_OUTER_BOUND('', #10682, .T.);
#10684 = FACETED_BREP_SHAPE_REPRESENTATION('', (#10683), #8);
#10685 = POLY_LOOP('', (#1453, #1459, #1455));
#10686 = FACE_OUTER_BOUND('', #10685, .T.);
#10687 = FACETED_BREP_SHAPE_REPRESENTATION('', (#10686), #8);
#10688 = POLY_LOOP('', (#1456, #1460, #1461));
#10689 = FACE_OUTER_BOUND('', #10688, .T.);
#10690 = FACETED_BREP_SHAPE_REPRESENTATION('', (#10689), #8);
#10691 = POLY_LOOP('', (#1456, #1461, #1457));
#10692 = FACE_OUTER_BOUND('', #10691, .T.);
#10693 = FACETED_BREP_SHAPE_REPRESENTATION('', (#10692), #8);
#10694 = POLY_LOOP('', (#1458, #1463, #1462));
#10695 = FACE_OUTER_BOUND('', #10694, .T.);
#10696 = FACETED_BREP_SHAPE_REPRESENTATION('', (#10695), #8);
#10697 = POLY_LOOP('', (#1458, #1459, #1463));
#10698 = FACE_OUTER_BOUND('', #10697, .T.);
#10699 = FACETED_BREP_SHAPE_REPRESENTATION('', (#10698), #8);
#10700 = POLY_LOOP('', (#1456, #1462, #1460));
#10701 = FACE_OUTER_BOUND('', #10700, .T.);
#10702 = FACETED_BREP_SHAPE_REPRESENTATION('', (#10701), #8);
#10703 = POLY_LOOP('', (#1456, #1458, #1462));
#10704 = FACE_OUTER_BOUND('', #10703, .T.);
#10705 = FACETED_BREP_SHAPE_REPRESENTATION('', (#10704), #8);
#10706 = POLY_LOOP('', (#1457, #1461, #1463));
#10707 = FACE_OUTER_BOUND('', #10706, .T.);
#10708 = FACETED_BREP_SHAPE_REPRESENTATION('', (#10707), #8);
#10709 = POLY_LOOP('', (#1457, #1463, #1459));
#10710 = FACE_OUTER_BOUND('', #10709, .T.);
#10711 = FACETED_BREP_SHAPE_REPRESENTATION('', (#10710), #8);
#10712 = POLY_LOOP('', (#1460, #1464, #1465));
#10713 = FACE_OUTER_BOUND('', #10712, .T.);
#10714 = FACETED_BREP_SHAPE_REPRESENTATION('', (#10713), #8);
#10715 = POLY_LOOP('', (#1460, #1465, #1461));
#10716 = FACE_OUTER_BOUND('', #10715, .T.);
#10717 = FACETED_BREP_SHAPE_REPRESENTATION('', (#10716), #8);
#10718 = POLY_LOOP('', (#1462, #1467, #1466));
#10719 = FACE_OUTER_BOUND('', #10718, .T.);
#10720 = FACETED_BREP_SHAPE_REPRESENTATION('', (#10719), #8);
#10721 = POLY_LOOP('', (#1462, #1463, #1467));
#10722 = FACE_OUTER_BOUND('', #10721, .T.);
#10723 = FACETED_BREP_SHAPE_REPRESENTATION('', (#10722), #8);
#10724 = POLY_LOOP('', (#1460, #1466, #1464));
#10725 = FACE_OUTER_BOUND('', #10724, .T.);
#10726 = FACETED_BREP_SHAPE_REPRESENTATION('', (#10725), #8);
#10727 = POLY_LOOP('', (#1460, #1462, #1466));
#10728 = FACE_OUTER_BOUND('', #10727, .T.);
#10729 = FACETED_BREP_SHAPE_REPRESENTATION('', (#10728), #8);
#10730 = POLY_LOOP('', (#1461, #1465, #1467));
#10731 = FACE_OUTER_BOUND('', #10730, .T.);
#10732 = FACETED_BREP_SHAPE_REPRESENTATION('', (#10731), #8);
#10733 = POLY_LOOP('', (#1461, #1467, #1463));
#10734 = FACE_OUTER_BOUND('', #10733, .T.);
#10735 = FACETED_BREP_SHAPE_REPRESENTATION('', (#10734), #8);
#10736 = POLY_LOOP('', (#1464, #1468, #1469));
#10737 = FACE_OUTER_BOUND('', #10736, .T.);
#10738 = FACETED_BREP_SHAPE_REPRESENTATION('', (#10737), #8);
#10739 = POLY_LOOP('', (#1464, #1469, #1465));
#10740 = FACE_OUTER_BOUND('', #10739, .T.);
#10741 = FACETED_BREP_SHAPE_REPRESENTATION('', (#10740), #8);
#10742 = POLY_LOOP('', (#1466, #1471, #1470));
#10743 = FACE_OUTER_BOUND('', #10742, .T.);
#10744 = FACETED_BREP_SHAPE_REPRESENTATION('', (#10743), #8);
#10745 = POLY_LOOP('', (#1466, #1467, #1471));
#10746 = FACE_OUTER_BOUND('', #10745, .T.);
#10747 = FACETED_BREP_SHAPE_REPRESENTATION('', (#10746), #8);
#10748 = POLY_LOOP('', (#1464, #1470, #1468));
#10749 = FACE_OUTER_BOUND('', #10748, .T.);
#10750 = FACETED_BREP_SHAPE_REPRESENTATION('', (#10749), #8);
#10751 = POLY_LOOP('', (#1464, #1466, #1470));
#10752 = FACE_OUTER_BOUND('', #10751, .T.);
#10753 = FACETED_BREP_SHAPE_REPRESENTATION('', (#10752), #8);
#10754 = POLY_LOOP('', (#1465, #1469, #1471));
#10755 = FACE_OUTER_BOUND('', #10754, .T.);
#10756 = FACETED_BREP_SHAPE_REPRESENTATION('', (#10755), #8);
#10757 = POLY_LOOP('', (#1465, #1471, #1467));
#10758 = FACE_OUTER_BOUND('', #10757, .T.);
#10759 = FACETED_BREP_SHAPE_REPRESENTATION('', (#10758), #8);
#10760 = POLY_LOOP('', (#1468, #1472, #1473));
#10761 = FACE_OUTER_BOUND('', #10760, .T.);
#10762 = FACETED_BREP_SHAPE_REPRESENTATION('', (#10761), #8);
#10763 = POLY_LOOP('', (#1468, #1473, #1469));
#10764 = FACE_OUTER_BOUND('', #10763, .T.);
#10765 = FACETED_BREP_SHAPE_REPRESENTATION('', (#10764), #8);
#10766 = POLY_LOOP('', (#1470, #1475, #1474));
#10767 = FACE_OUTER_BOUND('', #10766, .T.);
#10768 = FACETED_BREP_SHAPE_REPRESENTATION('', (#10767), #8);
#10769 = POLY_LOOP('', (#1470, #1471, #1475));
#10770 = FACE_OUTER_BOUND('', #10769, .T.);
#10771 = FACETED_BREP_SHAPE_REPRESENTATION('', (#10770), #8);
#10772 = POLY_LOOP('', (#1468, #1474, #1472));
#10773 = FACE_OUTER_BOUND('', #10772, .T.);
#10774 = FACETED_BREP_SHAPE_REPRESENTATION('', (#10773), #8);
#10775 = POLY_LOOP('', (#1468, #1470, #1474));
#10776 = FACE_OUTER_BOUND('', #10775, .T.);
#10777 = FACETED_BREP_SHAPE_REPRESENTATION('', (#10776), #8);
#10778 = POLY_LOOP('', (#1469, #1473, #1475));
#10779 = FACE_OUTER_BOUND('', #10778, .T.);
#10780 = FACETED_BREP_SHAPE_REPRESENTATION('', (#10779), #8);
#10781 = POLY_LOOP('', (#1469, #1475, #1471));
#10782 = FACE_OUTER_BOUND('', #10781, .T.);
#10783 = FACETED_BREP_SHAPE_REPRESENTATION('', (#10782), #8);
#10784 = POLY_LOOP('', (#1472, #1476, #1477));
#10785 = FACE_OUTER_BOUND('', #10784, .T.);
#10786 = FACETED_BREP_SHAPE_REPRESENTATION('', (#10785), #8);
#10787 = POLY_LOOP('', (#1472, #1477, #1473));
#10788 = FACE_OUTER_BOUND('', #10787, .T.);
#10789 = FACETED_BREP_SHAPE_REPRESENTATION('', (#10788), #8);
#10790 = POLY_LOOP('', (#1474, #1479, #1478));
#10791 = FACE_OUTER_BOUND('', #10790, .T.);
#10792 = FACETED_BREP_SHAPE_REPRESENTATION('', (#10791), #8);
#10793 = POLY_LOOP('', (#1474, #1475, #1479));
#10794 = FACE_OUTER_BOUND('', #10793, .T.);
#10795 = FACETED_BREP_SHAPE_REPRESENTATION('', (#10794), #8);
#10796 = POLY_LOOP('', (#1472, #1478, #1476));
#10797 = FACE_OUTER_BOUND('', #10796, .T.);
#10798 = FACETED_BREP_SHAPE_REPRESENTATION('', (#10797), #8);
#10799 = POLY_LOOP('', (#1472, #1474, #1478));
#10800 = FACE_OUTER_BOUND('', #10799, .T.);
#10801 = FACETED_BREP_SHAPE_REPRESENTATION('', (#10800), #8);
#10802 = POLY_LOOP('', (#1473, #1477, #1479));
#10803 = FACE_OUTER_BOUND('', #10802, .T.);
#10804 = FACETED_BREP_SHAPE_REPRESENTATION('', (#10803), #8);
#10805 = POLY_LOOP('', (#1473, #1479, #1475));
#10806 = FACE_OUTER_BOUND('', #10805, .T.);
#10807 = FACETED_BREP_SHAPE_REPRESENTATION('', (#10806), #8);
#10808 = POLY_LOOP('', (#1480, #1484, #1485));
#10809 = FACE_OUTER_BOUND('', #10808, .T.);
#10810 = FACETED_BREP_SHAPE_REPRESENTATION('', (#10809), #8);
#10811 = POLY_LOOP('', (#1480, #1485, #1481));
#10812 = FACE_OUTER_BOUND('', #10811, .T.);
#10813 = FACETED_BREP_SHAPE_REPRESENTATION('', (#10812), #8);
#10814 = POLY_LOOP('', (#1482, #1487, #1486));
#10815 = FACE_OUTER_BOUND('', #10814, .T.);
#10816 = FACETED_BREP_SHAPE_REPRESENTATION('', (#10815), #8);
#10817 = POLY_LOOP('', (#1482, #1483, #1487));
#10818 = FACE_OUTER_BOUND('', #10817, .T.);
#10819 = FACETED_BREP_SHAPE_REPRESENTATION('', (#10818), #8);
#10820 = POLY_LOOP('', (#1480, #1486, #1484));
#10821 = FACE_OUTER_BOUND('', #10820, .T.);
#10822 = FACETED_BREP_SHAPE_REPRESENTATION('', (#10821), #8);
#10823 = POLY_LOOP('', (#1480, #1482, #1486));
#10824 = FACE_OUTER_BOUND('', #10823, .T.);
#10825 = FACETED_BREP_SHAPE_REPRESENTATION('', (#10824), #8);
#10826 = POLY_LOOP('', (#1481, #1485, #1487));
#10827 = FACE_OUTER_BOUND('', #10826, .T.);
#10828 = FACETED_BREP_SHAPE_REPRESENTATION('', (#10827), #8);
#10829 = POLY_LOOP('', (#1481, #1487, #1483));
#10830 = FACE_OUTER_BOUND('', #10829, .T.);
#10831 = FACETED_BREP_SHAPE_REPRESENTATION('', (#10830), #8);
#10832 = POLY_LOOP('', (#1484, #1488, #1489));
#10833 = FACE_OUTER_BOUND('', #10832, .T.);
#10834 = FACETED_BREP_SHAPE_REPRESENTATION('', (#10833), #8);
#10835 = POLY_LOOP('', (#1484, #1489, #1485));
#10836 = FACE_OUTER_BOUND('', #10835, .T.);
#10837 = FACETED_BREP_SHAPE_REPRESENTATION('', (#10836), #8);
#10838 = POLY_LOOP('', (#1486, #1491, #1490));
#10839 = FACE_OUTER_BOUND('', #10838, .T.);
#10840 = FACETED_BREP_SHAPE_REPRESENTATION('', (#10839), #8);
#10841 = POLY_LOOP('', (#1486, #1487, #1491));
#10842 = FACE_OUTER_BOUND('', #10841, .T.);
#10843 = FACETED_BREP_SHAPE_REPRESENTATION('', (#10842), #8);
#10844 = POLY_LOOP('', (#1484, #1490, #1488));
#10845 = FACE_OUTER_BOUND('', #10844, .T.);
#10846 = FACETED_BREP_SHAPE_REPRESENTATION('', (#10845), #8);
#10847 = POLY_LOOP('', (#1484, #1486, #1490));
#10848 = FACE_OUTER_BOUND('', #10847, .T.);
#10849 = FACETED_BREP_SHAPE_REPRESENTATION('', (#10848), #8);
#10850 = POLY_LOOP('', (#1485, #1489, #1491));
#10851 = FACE_OUTER_BOUND('', #10850, .T.);
#10852 = FACETED_BREP_SHAPE_REPRESENTATION('', (#10851), #8);
#10853 = POLY_LOOP('', (#1485, #1491, #1487));
#10854 = FACE_OUTER_BOUND('', #10853, .T.);
#10855 = FACETED_BREP_SHAPE_REPRESENTATION('', (#10854), #8);
#10856 = POLY_LOOP('', (#1488, #1492, #1493));
#10857 = FACE_OUTER_BOUND('', #10856, .T.);
#10858 = FACETED_BREP_SHAPE_REPRESENTATION('', (#10857), #8);
#10859 = POLY_LOOP('', (#1488, #1493, #1489));
#10860 = FACE_OUTER_BOUND('', #10859, .T.);
#10861 = FACETED_BREP_SHAPE_REPRESENTATION('', (#10860), #8);
#10862 = POLY_LOOP('', (#1490, #1495, #1494));
#10863 = FACE_OUTER_BOUND('', #10862, .T.);
#10864 = FACETED_BREP_SHAPE_REPRESENTATION('', (#10863), #8);
#10865 = POLY_LOOP('', (#1490, #1491, #1495));
#10866 = FACE_OUTER_BOUND('', #10865, .T.);
#10867 = FACETED_BREP_SHAPE_REPRESENTATION('', (#10866), #8);
#10868 = POLY_LOOP('', (#1488, #1494, #1492));
#10869 = FACE_OUTER_BOUND('', #10868, .T.);
#10870 = FACETED_BREP_SHAPE_REPRESENTATION('', (#10869), #8);
#10871 = POLY_LOOP('', (#1488, #1490, #1494));
#10872 = FACE_OUTER_BOUND('', #10871, .T.);
#10873 = FACETED_BREP_SHAPE_REPRESENTATION('', (#10872), #8);
#10874 = POLY_LOOP('', (#1489, #1493, #1495));
#10875 = FACE_OUTER_BOUND('', #10874, .T.);
#10876 = FACETED_BREP_SHAPE_REPRESENTATION('', (#10875), #8);
#10877 = POLY_LOOP('', (#1489, #1495, #1491));
#10878 = FACE_OUTER_BOUND('', #10877, .T.);
#10879 = FACETED_BREP_SHAPE_REPRESENTATION('', (#10878), #8);
#10880 = POLY_LOOP('', (#1492, #1496, #1497));
#10881 = FACE_OUTER_BOUND('', #10880, .T.);
#10882 = FACETED_BREP_SHAPE_REPRESENTATION('', (#10881), #8);
#10883 = POLY_LOOP('', (#1492, #1497, #1493));
#10884 = FACE_OUTER_BOUND('', #10883, .T.);
#10885 = FACETED_BREP_SHAPE_REPRESENTATION('', (#10884), #8);
#10886 = POLY_LOOP('', (#1494, #1499, #1498));
#10887 = FACE_OUTER_BOUND('', #10886, .T.);
#10888 = FACETED_BREP_SHAPE_REPRESENTATION('', (#10887), #8);
#10889 = POLY_LOOP('', (#1494, #1495, #1499));
#10890 = FACE_OUTER_BOUND('', #10889, .T.);
#10891 = FACETED_BREP_SHAPE_REPRESENTATION('', (#10890), #8);
#10892 = POLY_LOOP('', (#1492, #1498, #1496));
#10893 = FACE_OUTER_BOUND('', #10892, .T.);
#10894 = FACETED_BREP_SHAPE_REPRESENTATION('', (#10893), #8);
#10895 = POLY_LOOP('', (#1492, #1494, #1498));
#10896 = FACE_OUTER_BOUND('', #10895, .T.);
#10897 = FACETED_BREP_SHAPE_REPRESENTATION('', (#10896), #8);
#10898 = POLY_LOOP('', (#1493, #1497, #1499));
#10899 = FACE_OUTER_BOUND('', #10898, .T.);
#10900 = FACETED_BREP_SHAPE_REPRESENTATION('', (#10899), #8);
#10901 = POLY_LOOP('', (#1493, #1499, #1495));
#10902 = FACE_OUTER_BOUND('', #10901, .T.);
#10903 = FACETED_BREP_SHAPE_REPRESENTATION('', (#10902), #8);
#10904 = POLY_LOOP('', (#1496, #1500, #1501));
#10905 = FACE_OUTER_BOUND('', #10904, .T.);
#10906 = FACETED_BREP_SHAPE_REPRESENTATION('', (#10905), #8);
#10907 = POLY_LOOP('', (#1496, #1501, #1497));
#10908 = FACE_OUTER_BOUND('', #10907, .T.);
#10909 = FACETED_BREP_SHAPE_REPRESENTATION('', (#10908), #8);
#10910 = POLY_LOOP('', (#1498, #1503, #1502));
#10911 = FACE_OUTER_BOUND('', #10910, .T.);
#10912 = FACETED_BREP_SHAPE_REPRESENTATION('', (#10911), #8);
#10913 = POLY_LOOP('', (#1498, #1499, #1503));
#10914 = FACE_OUTER_BOUND('', #10913, .T.);
#10915 = FACETED_BREP_SHAPE_REPRESENTATION('', (#10914), #8);
#10916 = POLY_LOOP('', (#1496, #1502, #1500));
#10917 = FACE_OUTER_BOUND('', #10916, .T.);
#10918 = FACETED_BREP_SHAPE_REPRESENTATION('', (#10917), #8);
#10919 = POLY_LOOP('', (#1496, #1498, #1502));
#10920 = FACE_OUTER_BOUND('', #10919, .T.);
#10921 = FACETED_BREP_SHAPE_REPRESENTATION('', (#10920), #8);
#10922 = POLY_LOOP('', (#1497, #1501, #1503));
#10923 = FACE_OUTER_BOUND('', #10922, .T.);
#10924 = FACETED_BREP_SHAPE_REPRESENTATION('', (#10923), #8);
#10925 = POLY_LOOP('', (#1497, #1503, #1499));
#10926 = FACE_OUTER_BOUND('', #10925, .T.);
#10927 = FACETED_BREP_SHAPE_REPRESENTATION('', (#10926), #8);
#10928 = POLY_LOOP('', (#1500, #1504, #1505));
#10929 = FACE_OUTER_BOUND('', #10928, .T.);
#10930 = FACETED_BREP_SHAPE_REPRESENTATION('', (#10929), #8);
#10931 = POLY_LOOP('', (#1500, #1505, #1501));
#10932 = FACE_OUTER_BOUND('', #10931, .T.);
#10933 = FACETED_BREP_SHAPE_REPRESENTATION('', (#10932), #8);
#10934 = POLY_LOOP('', (#1502, #1507, #1506));
#10935 = FACE_OUTER_BOUND('', #10934, .T.);
#10936 = FACETED_BREP_SHAPE_REPRESENTATION('', (#10935), #8);
#10937 = POLY_LOOP('', (#1502, #1503, #1507));
#10938 = FACE_OUTER_BOUND('', #10937, .T.);
#10939 = FACETED_BREP_SHAPE_REPRESENTATION('', (#10938), #8);
#10940 = POLY_LOOP('', (#1500, #1506, #1504));
#10941 = FACE_OUTER_BOUND('', #10940, .T.);
#10942 = FACETED_BREP_SHAPE_REPRESENTATION('', (#10941), #8);
#10943 = POLY_LOOP('', (#1500, #1502, #1506));
#10944 = FACE_OUTER_BOUND('', #10943, .T.);
#10945 = FACETED_BREP_SHAPE_REPRESENTATION('', (#10944), #8);
#10946 = POLY_LOOP('', (#1501, #1505, #1507));
#10947 = FACE_OUTER_BOUND('', #10946, .T.);
#10948 = FACETED_BREP_SHAPE_REPRESENTATION('', (#10947), #8);
#10949 = POLY_LOOP('', (#1501, #1507, #1503));
#10950 = FACE_OUTER_BOUND('', #10949, .T.);
#10951 = FACETED_BREP_SHAPE_REPRESENTATION('', (#10950), #8);
#10952 = POLY_LOOP('', (#1508, #1512, #1513));
#10953 = FACE_OUTER_BOUND('', #10952, .T.);
#10954 = FACETED_BREP_SHAPE_REPRESENTATION('', (#10953), #8);
#10955 = POLY_LOOP('', (#1508, #1513, #1509));
#10956 = FACE_OUTER_BOUND('', #10955, .T.);
#10957 = FACETED_BREP_SHAPE_REPRESENTATION('', (#10956), #8);
#10958 = POLY_LOOP('', (#1510, #1515, #1514));
#10959 = FACE_OUTER_BOUND('', #10958, .T.);
#10960 = FACETED_BREP_SHAPE_REPRESENTATION('', (#10959), #8);
#10961 = POLY_LOOP('', (#1510, #1511, #1515));
#10962 = FACE_OUTER_BOUND('', #10961, .T.);
#10963 = FACETED_BREP_SHAPE_REPRESENTATION('', (#10962), #8);
#10964 = POLY_LOOP('', (#1508, #1514, #1512));
#10965 = FACE_OUTER_BOUND('', #10964, .T.);
#10966 = FACETED_BREP_SHAPE_REPRESENTATION('', (#10965), #8);
#10967 = POLY_LOOP('', (#1508, #1510, #1514));
#10968 = FACE_OUTER_BOUND('', #10967, .T.);
#10969 = FACETED_BREP_SHAPE_REPRESENTATION('', (#10968), #8);
#10970 = POLY_LOOP('', (#1509, #1513, #1515));
#10971 = FACE_OUTER_BOUND('', #10970, .T.);
#10972 = FACETED_BREP_SHAPE_REPRESENTATION('', (#10971), #8);
#10973 = POLY_LOOP('', (#1509, #1515, #1511));
#10974 = FACE_OUTER_BOUND('', #10973, .T.);
#10975 = FACETED_BREP_SHAPE_REPRESENTATION('', (#10974), #8);
#10976 = POLY_LOOP('', (#1512, #1516, #1517));
#10977 = FACE_OUTER_BOUND('', #10976, .T.);
#10978 = FACETED_BREP_SHAPE_REPRESENTATION('', (#10977), #8);
#10979 = POLY_LOOP('', (#1512, #1517, #1513));
#10980 = FACE_OUTER_BOUND('', #10979, .T.);
#10981 = FACETED_BREP_SHAPE_REPRESENTATION('', (#10980), #8);
#10982 = POLY_LOOP('', (#1514, #1519, #1518));
#10983 = FACE_OUTER_BOUND('', #10982, .T.);
#10984 = FACETED_BREP_SHAPE_REPRESENTATION('', (#10983), #8);
#10985 = POLY_LOOP('', (#1514, #1515, #1519));
#10986 = FACE_OUTER_BOUND('', #10985, .T.);
#10987 = FACETED_BREP_SHAPE_REPRESENTATION('', (#10986), #8);
#10988 = POLY_LOOP('', (#1512, #1518, #1516));
#10989 = FACE_OUTER_BOUND('', #10988, .T.);
#10990 = FACETED_BREP_SHAPE_REPRESENTATION('', (#10989), #8);
#10991 = POLY_LOOP('', (#1512, #1514, #1518));
#10992 = FACE_OUTER_BOUND('', #10991, .T.);
#10993 = FACETED_BREP_SHAPE_REPRESENTATION('', (#10992), #8);
#10994 = POLY_LOOP('', (#1513, #1517, #1519));
#10995 = FACE_OUTER_BOUND('', #10994, .T.);
#10996 = FACETED_BREP_SHAPE_REPRESENTATION('', (#10995), #8);
#10997 = POLY_LOOP('', (#1513, #1519, #1515));
#10998 = FACE_OUTER_BOUND('', #10997, .T.);
#10999 = FACETED_BREP_SHAPE_REPRESENTATION('', (#10998), #8);
#11000 = POLY_LOOP('', (#1516, #1520, #1521));
#11001 = FACE_OUTER_BOUND('', #11000, .T.);
#11002 = FACETED_BREP_SHAPE_REPRESENTATION('', (#11001), #8);
#11003 = POLY_LOOP('', (#1516, #1521, #1517));
#11004 = FACE_OUTER_BOUND('', #11003, .T.);
#11005 = FACETED_BREP_SHAPE_REPRESENTATION('', (#11004), #8);
#11006 = POLY_LOOP('', (#1518, #1523, #1522));
#11007 = FACE_OUTER_BOUND('', #11006, .T.);
#11008 = FACETED_BREP_SHAPE_REPRESENTATION('', (#11007), #8);
#11009 = POLY_LOOP('', (#1518, #1519, #1523));
#11010 = FACE_OUTER_BOUND('', #11009, .T.);
#11011 = FACETED_BREP_SHAPE_REPRESENTATION('', (#11010), #8);
#11012 = POLY_LOOP('', (#1516, #1522, #1520));
#11013 = FACE_OUTER_BOUND('', #11012, .T.);
#11014 = FACETED_BREP_SHAPE_REPRESENTATION('', (#11013), #8);
#11015 = POLY_LOOP('', (#1516, #1518, #1522));
#11016 = FACE_OUTER_BOUND('', #11015, .T.);
#11017 = FACETED_BREP_SHAPE_REPRESENTATION('', (#11016), #8);
#11018 = POLY_LOOP('', (#1517, #1521, #1523));
#11019 = FACE_OUTER_BOUND('', #11018, .T.);
#11020 = FACETED_BREP_SHAPE_REPRESENTATION('', (#11019), #8);
#11021 = POLY_LOOP('', (#1517, #1523, #1519));
#11022 = FACE_OUTER_BOUND('', #11021, .T.);
#11023 = FACETED_BREP_SHAPE_REPRESENTATION('', (#11022), #8);
#11024 = POLY_LOOP('', (#1520, #1524, #1525));
#11025 = FACE_OUTER_BOUND('', #11024, .T.);
#11026 = FACETED_BREP_SHAPE_REPRESENTATION('', (#11025), #8);
#11027 = POLY_LOOP('', (#1520, #1525, #1521));
#11028 = FACE_OUTER_BOUND('', #11027, .T.);
#11029 = FACETED_BREP_SHAPE_REPRESENTATION('', (#11028), #8);
#11030 = POLY_LOOP('', (#1522, #1527, #1526));
#11031 = FACE_OUTER_BOUND('', #11030, .T.);
#11032 = FACETED_BREP_SHAPE_REPRESENTATION('', (#11031), #8);
#11033 = POLY_LOOP('', (#1522, #1523, #1527));
#11034 = FACE_OUTER_BOUND('', #11033, .T.);
#11035 = FACETED_BREP_SHAPE_REPRESENTATION('', (#11034), #8);
#11036 = POLY_LOOP('', (#1520, #1526, #1524));
#11037 = FACE_OUTER_BOUND('', #11036, .T.);
#11038 = FACETED_BREP_SHAPE_REPRESENTATION('', (#11037), #8);
#11039 = POLY_LOOP('', (#1520, #1522, #1526));
#11040 = FACE_OUTER_BOUND('', #11039, .T.);
#11041 = FACETED_BREP_SHAPE_REPRESENTATION('', (#11040), #8);
#11042 = POLY_LOOP('', (#1521, #1525, #1527));
#11043 = FACE_OUTER_BOUND('', #11042, .T.);
#11044 = FACETED_BREP_SHAPE_REPRESENTATION('', (#11043), #8);
#11045 = POLY_LOOP('', (#1521, #1527, #1523));
#11046 = FACE_OUTER_BOUND('', #11045, .T.);
#11047 = FACETED_BREP_SHAPE_REPRESENTATION('', (#11046), #8);
#11048 = POLY_LOOP('', (#1524, #1528, #1529));
#11049 = FACE_OUTER_BOUND('', #11048, .T.);
#11050 = FACETED_BREP_SHAPE_REPRESENTATION('', (#11049), #8);
#11051 = POLY_LOOP('', (#1524, #1529, #1525));
#11052 = FACE_OUTER_BOUND('', #11051, .T.);
#11053 = FACETED_BREP_SHAPE_REPRESENTATION('', (#11052), #8);
#11054 = POLY_LOOP('', (#1526, #1531, #1530));
#11055 = FACE_OUTER_BOUND('', #11054, .T.);
#11056 = FACETED_BREP_SHAPE_REPRESENTATION('', (#11055), #8);
#11057 = POLY_LOOP('', (#1526, #1527, #1531));
#11058 = FACE_OUTER_BOUND('', #11057, .T.);
#11059 = FACETED_BREP_SHAPE_REPRESENTATION('', (#11058), #8);
#11060 = POLY_LOOP('', (#1524, #1530, #1528));
#11061 = FACE_OUTER_BOUND('', #11060, .T.);
#11062 = FACETED_BREP_SHAPE_REPRESENTATION('', (#11061), #8);
#11063 = POLY_LOOP('', (#1524, #1526, #1530));
#11064 = FACE_OUTER_BOUND('', #11063, .T.);
#11065 = FACETED_BREP_SHAPE_REPRESENTATION('', (#11064), #8);
#11066 = POLY_LOOP('', (#1525, #1529, #1531));
#11067 = FACE_OUTER_BOUND('', #11066, .T.);
#11068 = FACETED_BREP_SHAPE_REPRESENTATION('', (#11067), #8);
#11069 = POLY_LOOP('', (#1525, #1531, #1527));
#11070 = FACE_OUTER_BOUND('', #11069, .T.);
#11071 = FACETED_BREP_SHAPE_REPRESENTATION('', (#11070), #8);
#11072 = POLY_LOOP('', (#1528, #1532, #1533));
#11073 = FACE_OUTER_BOUND('', #11072, .T.);
#11074 = FACETED_BREP_SHAPE_REPRESENTATION('', (#11073), #8);
#11075 = POLY_LOOP('', (#1528, #1533, #1529));
#11076 = FACE_OUTER_BOUND('', #11075, .T.);
#11077 = FACETED_BREP_SHAPE_REPRESENTATION('', (#11076), #8);
#11078 = POLY_LOOP('', (#1530, #1535, #1534));
#11079 = FACE_OUTER_BOUND('', #11078, .T.);
#11080 = FACETED_BREP_SHAPE_REPRESENTATION('', (#11079), #8);
#11081 = POLY_LOOP('', (#1530, #1531, #1535));
#11082 = FACE_OUTER_BOUND('', #11081, .T.);
#11083 = FACETED_BREP_SHAPE_REPRESENTATION('', (#11082), #8);
#11084 = POLY_LOOP('', (#1528, #1534, #1532));
#11085 = FACE_OUTER_BOUND('', #11084, .T.);
#11086 = FACETED_BREP_SHAPE_REPRESENTATION('', (#11085), #8);
#11087 = POLY_LOOP('', (#1528, #1530, #1534));
#11088 = FACE_OUTER_BOUND('', #11087, .T.);
#11089 = FACETED_BREP_SHAPE_REPRESENTATION('', (#11088), #8);
#11090 = POLY_LOOP('', (#1529, #1533, #1535));
#11091 = FACE_OUTER_BOUND('', #11090, .T.);
#11092 = FACETED_BREP_SHAPE_REPRESENTATION('', (#11091), #8);
#11093 = POLY_LOOP('', (#1529, #1535, #1531));
#11094 = FACE_OUTER_BOUND('', #11093, .T.);
#11095 = FACETED_BREP_SHAPE_REPRESENTATION('', (#11094), #8);
#11096 = POLY_LOOP('', (#1536, #1540, #1541));
#11097 = FACE_OUTER_BOUND('', #11096, .T.);
#11098 = FACETED_BREP_SHAPE_REPRESENTATION('', (#11097), #8);
#11099 = POLY_LOOP('', (#1536, #1541, #1537));
#11100 = FACE_OUTER_BOUND('', #11099, .T.);
#11101 = FACETED_BREP_SHAPE_REPRESENTATION('', (#11100), #8);
#11102 = POLY_LOOP('', (#1538, #1543, #1542));
#11103 = FACE_OUTER_BOUND('', #11102, .T.);
#11104 = FACETED_BREP_SHAPE_REPRESENTATION('', (#11103), #8);
#11105 = POLY_LOOP('', (#1538, #1539, #1543));
#11106 = FACE_OUTER_BOUND('', #11105, .T.);
#11107 = FACETED_BREP_SHAPE_REPRESENTATION('', (#11106), #8);
#11108 = POLY_LOOP('', (#1536, #1542, #1540));
#11109 = FACE_OUTER_BOUND('', #11108, .T.);
#11110 = FACETED_BREP_SHAPE_REPRESENTATION('', (#11109), #8);
#11111 = POLY_LOOP('', (#1536, #1538, #1542));
#11112 = FACE_OUTER_BOUND('', #11111, .T.);
#11113 = FACETED_BREP_SHAPE_REPRESENTATION('', (#11112), #8);
#11114 = POLY_LOOP('', (#1537, #1541, #1543));
#11115 = FACE_OUTER_BOUND('', #11114, .T.);
#11116 = FACETED_BREP_SHAPE_REPRESENTATION('', (#11115), #8);
#11117 = POLY_LOOP('', (#1537, #1543, #1539));
#11118 = FACE_OUTER_BOUND('', #11117, .T.);
#11119 = FACETED_BREP_SHAPE_REPRESENTATION('', (#11118), #8);
#11120 = POLY_LOOP('', (#1540, #1544, #1545));
#11121 = FACE_OUTER_BOUND('', #11120, .T.);
#11122 = FACETED_BREP_SHAPE_REPRESENTATION('', (#11121), #8);
#11123 = POLY_LOOP('', (#1540, #1545, #1541));
#11124 = FACE_OUTER_BOUND('', #11123, .T.);
#11125 = FACETED_BREP_SHAPE_REPRESENTATION('', (#11124), #8);
#11126 = POLY_LOOP('', (#1542, #1547, #1546));
#11127 = FACE_OUTER_BOUND('', #11126, .T.);
#11128 = FACETED_BREP_SHAPE_REPRESENTATION('', (#11127), #8);
#11129 = POLY_LOOP('', (#1542, #1543, #1547));
#11130 = FACE_OUTER_BOUND('', #11129, .T.);
#11131 = FACETED_BREP_SHAPE_REPRESENTATION('', (#11130), #8);
#11132 = POLY_LOOP('', (#1540, #1546, #1544));
#11133 = FACE_OUTER_BOUND('', #11132, .T.);
#11134 = FACETED_BREP_SHAPE_REPRESENTATION('', (#11133), #8);
#11135 = POLY_LOOP('', (#1540, #1542, #1546));
#11136 = FACE_OUTER_BOUND('', #11135, .T.);
#11137 = FACETED_BREP_SHAPE_REPRESENTATION('', (#11136), #8);
#11138 = POLY_LOOP('', (#1541, #1545, #1547));
#11139 = FACE_OUTER_BOUND('', #11138, .T.);
#11140 = FACETED_BREP_SHAPE_REPRESENTATION('', (#11139), #8);
#11141 = POLY_LOOP('', (#1541, #1547, #1543));
#11142 = FACE_OUTER_BOUND('', #11141, .T.);
#11143 = FACETED_BREP_SHAPE_REPRESENTATION('', (#11142), #8);
#11144 = POLY_LOOP('', (#1544, #1548, #1549));
#11145 = FACE_OUTER_BOUND('', #11144, .T.);
#11146 = FACETED_BREP_SHAPE_REPRESENTATION('', (#11145), #8);
#11147 = POLY_LOOP('', (#1544, #1549, #1545));
#11148 = FACE_OUTER_BOUND('', #11147, .T.);
#11149 = FACETED_BREP_SHAPE_REPRESENTATION('', (#11148), #8);
#11150 = POLY_LOOP('', (#1546, #1551, #1550));
#11151 = FACE_OUTER_BOUND('', #11150, .T.);
#11152 = FACETED_BREP_SHAPE_REPRESENTATION('', (#11151), #8);
#11153 = POLY_LOOP('', (#1546, #1547, #1551));
#11154 = FACE_OUTER_BOUND('', #11153, .T.);
#11155 = FACETED_BREP_SHAPE_REPRESENTATION('', (#11154), #8);
#11156 = POLY_LOOP('', (#1544, #1550, #1548));
#11157 = FACE_OUTER_BOUND('', #11156, .T.);
#11158 = FACETED_BREP_SHAPE_REPRESENTATION('', (#11157), #8);
#11159 = POLY_LOOP('', (#1544, #1546, #1550));
#11160 = FACE_OUTER_BOUND('', #11159, .T.);
#11161 = FACETED_BREP_SHAPE_REPRESENTATION('', (#11160), #8);
#11162 = POLY_LOOP('', (#1545, #1549, #1551));
#11163 = FACE_OUTER_BOUND('', #11162, .T.);
#11164 = FACETED_BREP_SHAPE_REPRESENTATION('', (#11163), #8);
#11165 = POLY_LOOP('', (#1545, #1551, #1547));
#11166 = FACE_OUTER_BOUND('', #11165, .T.);
#11167 = FACETED_BREP_SHAPE_REPRESENTATION('', (#11166), #8);
#11168 = POLY_LOOP('', (#1548, #1552, #1553));
#11169 = FACE_OUTER_BOUND('', #11168, .T.);
#11170 = FACETED_BREP_SHAPE_REPRESENTATION('', (#11169), #8);
#11171 = POLY_LOOP('', (#1548, #1553, #1549));
#11172 = FACE_OUTER_BOUND('', #11171, .T.);
#11173 = FACETED_BREP_SHAPE_REPRESENTATION('', (#11172), #8);
#11174 = POLY_LOOP('', (#1550, #1555, #1554));
#11175 = FACE_OUTER_BOUND('', #11174, .T.);
#11176 = FACETED_BREP_SHAPE_REPRESENTATION('', (#11175), #8);
#11177 = POLY_LOOP('', (#1550, #1551, #1555));
#11178 = FACE_OUTER_BOUND('', #11177, .T.);
#11179 = FACETED_BREP_SHAPE_REPRESENTATION('', (#11178), #8);
#11180 = POLY_LOOP('', (#1548, #1554, #1552));
#11181 = FACE_OUTER_BOUND('', #11180, .T.);
#11182 = FACETED_BREP_SHAPE_REPRESENTATION('', (#11181), #8);
#11183 = POLY_LOOP('', (#1548, #1550, #1554));
#11184 = FACE_OUTER_BOUND('', #11183, .T.);
#11185 = FACETED_BREP_SHAPE_REPRESENTATION('', (#11184), #8);
#11186 = POLY_LOOP('', (#1549, #1553, #1555));
#11187 = FACE_OUTER_BOUND('', #11186, .T.);
#11188 = FACETED_BREP_SHAPE_REPRESENTATION('', (#11187), #8);
#11189 = POLY_LOOP('', (#1549, #1555, #1551));
#11190 = FACE_OUTER_BOUND('', #11189, .T.);
#11191 = FACETED_BREP_SHAPE_REPRESENTATION('', (#11190), #8);
#11192 = POLY_LOOP('', (#1552, #1556, #1557));
#11193 = FACE_OUTER_BOUND('', #11192, .T.);
#11194 = FACETED_BREP_SHAPE_REPRESENTATION('', (#11193), #8);
#11195 = POLY_LOOP('', (#1552, #1557, #1553));
#11196 = FACE_OUTER_BOUND('', #11195, .T.);
#11197 = FACETED_BREP_SHAPE_REPRESENTATION('', (#11196), #8);
#11198 = POLY_LOOP('', (#1554, #1559, #1558));
#11199 = FACE_OUTER_BOUND('', #11198, .T.);
#11200 = FACETED_BREP_SHAPE_REPRESENTATION('', (#11199), #8);
#11201 = POLY_LOOP('', (#1554, #1555, #1559));
#11202 = FACE_OUTER_BOUND('', #11201, .T.);
#11203 = FACETED_BREP_SHAPE_REPRESENTATION('', (#11202), #8);
#11204 = POLY_LOOP('', (#1552, #1558, #1556));
#11205 = FACE_OUTER_BOUND('', #11204, .T.);
#11206 = FACETED_BREP_SHAPE_REPRESENTATION('', (#11205), #8);
#11207 = POLY_LOOP('', (#1552, #1554, #1558));
#11208 = FACE_OUTER_BOUND('', #11207, .T.);
#11209 = FACETED_BREP_SHAPE_REPRESENTATION('', (#11208), #8);
#11210 = POLY_LOOP('', (#1553, #1557, #1559));
#11211 = FACE_OUTER_BOUND('', #11210, .T.);
#11212 = FACETED_BREP_SHAPE_REPRESENTATION('', (#11211), #8);
#11213 = POLY_LOOP('', (#1553, #1559, #1555));
#11214 = FACE_OUTER_BOUND('', #11213, .T.);
#11215 = FACETED_BREP_SHAPE_REPRESENTATION('', (#11214), #8);
#11216 = POLY_LOOP('', (#1556, #1560, #1561));
#11217 = FACE_OUTER_BOUND('', #11216, .T.);
#11218 = FACETED_BREP_SHAPE_REPRESENTATION('', (#11217), #8);
#11219 = POLY_LOOP('', (#1556, #1561, #1557));
#11220 = FACE_OUTER_BOUND('', #11219, .T.);
#11221 = FACETED_BREP_SHAPE_REPRESENTATION('', (#11220), #8);
#11222 = POLY_LOOP('', (#1558, #1563, #1562));
#11223 = FACE_OUTER_BOUND('', #11222, .T.);
#11224 = FACETED_BREP_SHAPE_REPRESENTATION('', (#11223), #8);
#11225 = POLY_LOOP('', (#1558, #1559, #1563));
#11226 = FACE_OUTER_BOUND('', #11225, .T.);
#11227 = FACETED_BREP_SHAPE_REPRESENTATION('', (#11226), #8);
#11228 = POLY_LOOP('', (#1556, #1562, #1560));
#11229 = FACE_OUTER_BOUND('', #11228, .T.);
#11230 = FACETED_BREP_SHAPE_REPRESENTATION('', (#11229), #8);
#11231 = POLY_LOOP('', (#1556, #1558, #1562));
#11232 = FACE_OUTER_BOUND('', #11231, .T.);
#11233 = FACETED_BREP_SHAPE_REPRESENTATION('', (#11232), #8);
#11234 = POLY_LOOP('', (#1557, #1561, #1563));
#11235 = FACE_OUTER_BOUND('', #11234, .T.);
#11236 = FACETED_BREP_SHAPE_REPRESENTATION('', (#11235), #8);
#11237 = POLY_LOOP('', (#1557, #1563, #1559));
#11238 = FACE_OUTER_BOUND('', #11237, .T.);
#11239 = FACETED_BREP_SHAPE_REPRESENTATION('', (#11238), #8);
#11240 = POLY_LOOP('', (#1564, #1568, #1569));
#11241 = FACE_OUTER_BOUND('', #11240, .T.);
#11242 = FACETED_BREP_SHAPE_REPRESENTATION('', (#11241), #8);
#11243 = POLY_LOOP('', (#1564, #1569, #1565));
#11244 = FACE_OUTER_BOUND('', #11243, .T.);
#11245 = FACETED_BREP_SHAPE_REPRESENTATION('', (#11244), #8);
#11246 = POLY_LOOP('', (#1566, #1571, #1570));
#11247 = FACE_OUTER_BOUND('', #11246, .T.);
#11248 = FACETED_BREP_SHAPE_REPRESENTATION('', (#11247), #8);
#11249 = POLY_LOOP('', (#1566, #1567, #1571));
#11250 = FACE_OUTER_BOUND('', #11249, .T.);
#11251 = FACETED_BREP_SHAPE_REPRESENTATION('', (#11250), #8);
#11252 = POLY_LOOP('', (#1564, #1570, #1568));
#11253 = FACE_OUTER_BOUND('', #11252, .T.);
#11254 = FACETED_BREP_SHAPE_REPRESENTATION('', (#11253), #8);
#11255 = POLY_LOOP('', (#1564, #1566, #1570));
#11256 = FACE_OUTER_BOUND('', #11255, .T.);
#11257 = FACETED_BREP_SHAPE_REPRESENTATION('', (#11256), #8);
#11258 = POLY_LOOP('', (#1565, #1569, #1571));
#11259 = FACE_OUTER_BOUND('', #11258, .T.);
#11260 = FACETED_BREP_SHAPE_REPRESENTATION('', (#11259), #8);
#11261 = POLY_LOOP('', (#1565, #1571, #1567));
#11262 = FACE_OUTER_BOUND('', #11261, .T.);
#11263 = FACETED_BREP_SHAPE_REPRESENTATION('', (#11262), #8);
#11264 = POLY_LOOP('', (#1568, #1572, #1573));
#11265 = FACE_OUTER_BOUND('', #11264, .T.);
#11266 = FACETED_BREP_SHAPE_REPRESENTATION('', (#11265), #8);
#11267 = POLY_LOOP('', (#1568, #1573, #1569));
#11268 = FACE_OUTER_BOUND('', #11267, .T.);
#11269 = FACETED_BREP_SHAPE_REPRESENTATION('', (#11268), #8);
#11270 = POLY_LOOP('', (#1570, #1575, #1574));
#11271 = FACE_OUTER_BOUND('', #11270, .T.);
#11272 = FACETED_BREP_SHAPE_REPRESENTATION('', (#11271), #8);
#11273 = POLY_LOOP('', (#1570, #1571, #1575));
#11274 = FACE_OUTER_BOUND('', #11273, .T.);
#11275 = FACETED_BREP_SHAPE_REPRESENTATION('', (#11274), #8);
#11276 = POLY_LOOP('', (#1568, #1574, #1572));
#11277 = FACE_OUTER_BOUND('', #11276, .T.);
#11278 = FACETED_BREP_SHAPE_REPRESENTATION('', (#11277), #8);
#11279 = POLY_LOOP('', (#1568, #1570, #1574));
#11280 = FACE_OUTER_BOUND('', #11279, .T.);
#11281 = FACETED_BREP_SHAPE_REPRESENTATION('', (#11280), #8);
#11282 = POLY_LOOP('', (#1569, #1573, #1575));
#11283 = FACE_OUTER_BOUND('', #11282, .T.);
#11284 = FACETED_BREP_SHAPE_REPRESENTATION('', (#11283), #8);
#11285 = POLY_LOOP('', (#1569, #1575, #1571));
#11286 = FACE_OUTER_BOUND('', #11285, .T.);
#11287 = FACETED_BREP_SHAPE_REPRESENTATION('', (#11286), #8);
#11288 = POLY_LOOP('', (#1572, #1576, #1577));
#11289 = FACE_OUTER_BOUND('', #11288, .T.);
#11290 = FACETED_BREP_SHAPE_REPRESENTATION('', (#11289), #8);
#11291 = POLY_LOOP('', (#1572, #1577, #1573));
#11292 = FACE_OUTER_BOUND('', #11291, .T.);
#11293 = FACETED_BREP_SHAPE_REPRESENTATION('', (#11292), #8);
#11294 = POLY_LOOP('', (#1574, #1579, #1578));
#11295 = FACE_OUTER_BOUND('', #11294, .T.);
#11296 = FACETED_BREP_SHAPE_REPRESENTATION('', (#11295), #8);
#11297 = POLY_LOOP('', (#1574, #1575, #1579));
#11298 = FACE_OUTER_BOUND('', #11297, .T.);
#11299 = FACETED_BREP_SHAPE_REPRESENTATION('', (#11298), #8);
#11300 = POLY_LOOP('', (#1572, #1578, #1576));
#11301 = FACE_OUTER_BOUND('', #11300, .T.);
#11302 = FACETED_BREP_SHAPE_REPRESENTATION('', (#11301), #8);
#11303 = POLY_LOOP('', (#1572, #1574, #1578));
#11304 = FACE_OUTER_BOUND('', #11303, .T.);
#11305 = FACETED_BREP_SHAPE_REPRESENTATION('', (#11304), #8);
#11306 = POLY_LOOP('', (#1573, #1577, #1579));
#11307 = FACE_OUTER_BOUND('', #11306, .T.);
#11308 = FACETED_BREP_SHAPE_REPRESENTATION('', (#11307), #8);
#11309 = POLY_LOOP('', (#1573, #1579, #1575));
#11310 = FACE_OUTER_BOUND('', #11309, .T.);
#11311 = FACETED_BREP_SHAPE_REPRESENTATION('', (#11310), #8);
#11312 = POLY_LOOP('', (#1576, #1580, #1581));
#11313 = FACE_OUTER_BOUND('', #11312, .T.);
#11314 = FACETED_BREP_SHAPE_REPRESENTATION('', (#11313), #8);
#11315 = POLY_LOOP('', (#1576, #1581, #1577));
#11316 = FACE_OUTER_BOUND('', #11315, .T.);
#11317 = FACETED_BREP_SHAPE_REPRESENTATION('', (#11316), #8);
#11318 = POLY_LOOP('', (#1578, #1583, #1582));
#11319 = FACE_OUTER_BOUND('', #11318, .T.);
#11320 = FACETED_BREP_SHAPE_REPRESENTATION('', (#11319), #8);
#11321 = POLY_LOOP('', (#1578, #1579, #1583));
#11322 = FACE_OUTER_BOUND('', #11321, .T.);
#11323 = FACETED_BREP_SHAPE_REPRESENTATION('', (#11322), #8);
#11324 = POLY_LOOP('', (#1576, #1582, #1580));
#11325 = FACE_OUTER_BOUND('', #11324, .T.);
#11326 = FACETED_BREP_SHAPE_REPRESENTATION('', (#11325), #8);
#11327 = POLY_LOOP('', (#1576, #1578, #1582));
#11328 = FACE_OUTER_BOUND('', #11327, .T.);
#11329 = FACETED_BREP_SHAPE_REPRESENTATION('', (#11328), #8);
#11330 = POLY_LOOP('', (#1577, #1581, #1583));
#11331 = FACE_OUTER_BOUND('', #11330, .T.);
#11332 = FACETED_BREP_SHAPE_REPRESENTATION('', (#11331), #8);
#11333 = POLY_LOOP('', (#1577, #1583, #1579));
#11334 = FACE_OUTER_BOUND('', #11333, .T.);
#11335 = FACETED_BREP_SHAPE_REPRESENTATION('', (#11334), #8);
#11336 = POLY_LOOP('', (#1580, #1584, #1585));
#11337 = FACE_OUTER_BOUND('', #11336, .T.);
#11338 = FACETED_BREP_SHAPE_REPRESENTATION('', (#11337), #8);
#11339 = POLY_LOOP('', (#1580, #1585, #1581));
#11340 = FACE_OUTER_BOUND('', #11339, .T.);
#11341 = FACETED_BREP_SHAPE_REPRESENTATION('', (#11340), #8);
#11342 = POLY_LOOP('', (#1582, #1587, #1586));
#11343 = FACE_OUTER_BOUND('', #11342, .T.);
#11344 = FACETED_BREP_SHAPE_REPRESENTATION('', (#11343), #8);
#11345 = POLY_LOOP('', (#1582, #1583, #1587));
#11346 = FACE_OUTER_BOUND('', #11345, .T.);
#11347 = FACETED_BREP_SHAPE_REPRESENTATION('', (#11346), #8);
#11348 = POLY_LOOP('', (#1580, #1586, #1584));
#11349 = FACE_OUTER_BOUND('', #11348, .T.);
#11350 = FACETED_BREP_SHAPE_REPRESENTATION('', (#11349), #8);
#11351 = POLY_LOOP('', (#1580, #1582, #1586));
#11352 = FACE_OUTER_BOUND('', #11351, .T.);
#11353 = FACETED_BREP_SHAPE_REPRESENTATION('', (#11352), #8);
#11354 = POLY_LOOP('', (#1581, #1585, #1587));
#11355 = FACE_OUTER_BOUND('', #11354, .T.);
#11356 = FACETED_BREP_SHAPE_REPRESENTATION('', (#11355), #8);
#11357 = POLY_LOOP('', (#1581, #1587, #1583));
#11358 = FACE_OUTER_BOUND('', #11357, .T.);
#11359 = FACETED_BREP_SHAPE_REPRESENTATION('', (#11358), #8);
#11360 = POLY_LOOP('', (#1584, #1588, #1589));
#11361 = FACE_OUTER_BOUND('', #11360, .T.);
#11362 = FACETED_BREP_SHAPE_REPRESENTATION('', (#11361), #8);
#11363 = POLY_LOOP('', (#1584, #1589, #1585));
#11364 = FACE_OUTER_BOUND('', #11363, .T.);
#11365 = FACETED_BREP_SHAPE_REPRESENTATION('', (#11364), #8);
#11366 = POLY_LOOP('', (#1586, #1591, #1590));
#11367 = FACE_OUTER_BOUND('', #11366, .T.);
#11368 = FACETED_BREP_SHAPE_REPRESENTATION('', (#11367), #8);
#11369 = POLY_LOOP('', (#1586, #1587, #1591));
#11370 = FACE_OUTER_BOUND('', #11369, .T.);
#11371 = FACETED_BREP_SHAPE_REPRESENTATION('', (#11370), #8);
#11372 = POLY_LOOP('', (#1584, #1590, #1588));
#11373 = FACE_OUTER_BOUND('', #11372, .T.);
#11374 = FACETED_BREP_SHAPE_REPRESENTATION('', (#11373), #8);
#11375 = POLY_LOOP('', (#1584, #1586, #1590));
#11376 = FACE_OUTER_BOUND('', #11375, .T.);
#11377 = FACETED_BREP_SHAPE_REPRESENTATION('', (#11376), #8);
#11378 = POLY_LOOP('', (#1585, #1589, #1591));
#11379 = FACE_OUTER_BOUND('', #11378, .T.);
#11380 = FACETED_BREP_SHAPE_REPRESENTATION('', (#11379), #8);
#11381 = POLY_LOOP('', (#1585, #1591, #1587));
#11382 = FACE_OUTER_BOUND('', #11381, .T.);
#11383 = FACETED_BREP_SHAPE_REPRESENTATION('', (#11382), #8);
#11384 = POLY_LOOP('', (#1592, #1596, #1597));
#11385 = FACE_OUTER_BOUND('', #11384, .T.);
#11386 = FACETED_BREP_SHAPE_REPRESENTATION('', (#11385), #8);
#11387 = POLY_LOOP('', (#1592, #1597, #1593));
#11388 = FACE_OUTER_BOUND('', #11387, .T.);
#11389 = FACETED_BREP_SHAPE_REPRESENTATION('', (#11388), #8);
#11390 = POLY_LOOP('', (#1594, #1599, #1598));
#11391 = FACE_OUTER_BOUND('', #11390, .T.);
#11392 = FACETED_BREP_SHAPE_REPRESENTATION('', (#11391), #8);
#11393 = POLY_LOOP('', (#1594, #1595, #1599));
#11394 = FACE_OUTER_BOUND('', #11393, .T.);
#11395 = FACETED_BREP_SHAPE_REPRESENTATION('', (#11394), #8);
#11396 = POLY_LOOP('', (#1592, #1598, #1596));
#11397 = FACE_OUTER_BOUND('', #11396, .T.);
#11398 = FACETED_BREP_SHAPE_REPRESENTATION('', (#11397), #8);
#11399 = POLY_LOOP('', (#1592, #1594, #1598));
#11400 = FACE_OUTER_BOUND('', #11399, .T.);
#11401 = FACETED_BREP_SHAPE_REPRESENTATION('', (#11400), #8);
#11402 = POLY_LOOP('', (#1593, #1597, #1599));
#11403 = FACE_OUTER_BOUND('', #11402, .T.);
#11404 = FACETED_BREP_SHAPE_REPRESENTATION('', (#11403), #8);
#11405 = POLY_LOOP('', (#1593, #1599, #1595));
#11406 = FACE_OUTER_BOUND('', #11405, .T.);
#11407 = FACETED_BREP_SHAPE_REPRESENTATION('', (#11406), #8);
#11408 = POLY_LOOP('', (#1596, #1600, #1601));
#11409 = FACE_OUTER_BOUND('', #11408, .T.);
#11410 = FACETED_BREP_SHAPE_REPRESENTATION('', (#11409), #8);
#11411 = POLY_LOOP('', (#1596, #1601, #1597));
#11412 = FACE_OUTER_BOUND('', #11411, .T.);
#11413 = FACETED_BREP_SHAPE_REPRESENTATION('', (#11412), #8);
#11414 = POLY_LOOP('', (#1598, #1603, #1602));
#11415 = FACE_OUTER_BOUND('', #11414, .T.);
#11416 = FACETED_BREP_SHAPE_REPRESENTATION('', (#11415), #8);
#11417 = POLY_LOOP('', (#1598, #1599, #1603));
#11418 = FACE_OUTER_BOUND('', #11417, .T.);
#11419 = FACETED_BREP_SHAPE_REPRESENTATION('', (#11418), #8);
#11420 = POLY_LOOP('', (#1596, #1602, #1600));
#11421 = FACE_OUTER_BOUND('', #11420, .T.);
#11422 = FACETED_BREP_SHAPE_REPRESENTATION('', (#11421), #8);
#11423 = POLY_LOOP('', (#1596, #1598, #1602));
#11424 = FACE_OUTER_BOUND('', #11423, .T.);
#11425 = FACETED_BREP_SHAPE_REPRESENTATION('', (#11424), #8);
#11426 = POLY_LOOP('', (#1597, #1601, #1603));
#11427 = FACE_OUTER_BOUND('', #11426, .T.);
#11428 = FACETED_BREP_SHAPE_REPRESENTATION('', (#11427), #8);
#11429 = POLY_LOOP('', (#1597, #1603, #1599));
#11430 = FACE_OUTER_BOUND('', #11429, .T.);
#11431 = FACETED_BREP_SHAPE_REPRESENTATION('', (#11430), #8);
#11432 = POLY_LOOP('', (#1600, #1604, #1605));
#11433 = FACE_OUTER_BOUND('', #11432, .T.);
#11434 = FACETED_BREP_SHAPE_REPRESENTATION('', (#11433), #8);
#11435 = POLY_LOOP('', (#1600, #1605, #1601));
#11436 = FACE_OUTER_BOUND('', #11435, .T.);
#11437 = FACETED_BREP_SHAPE_REPRESENTATION('', (#11436), #8);
#11438 = POLY_LOOP('', (#1602, #1607, #1606));
#11439 = FACE_OUTER_BOUND('', #11438, .T.);
#11440 = FACETED_BREP_SHAPE_REPRESENTATION('', (#11439), #8);
#11441 = POLY_LOOP('', (#1602, #1603, #1607));
#11442 = FACE_OUTER_BOUND('', #11441, .T.);
#11443 = FACETED_BREP_SHAPE_REPRESENTATION('', (#11442), #8);
#11444 = POLY_LOOP('', (#1600, #1606, #1604));
#11445 = FACE_OUTER_BOUND('', #11444, .T.);
#11446 = FACETED_BREP_SHAPE_REPRESENTATION('', (#11445), #8);
#11447 = POLY_LOOP('', (#1600, #1602, #1606));
#11448 = FACE_OUTER_BOUND('', #11447, .T.);
#11449 = FACETED_BREP_SHAPE_REPRESENTATION('', (#11448), #8);
#11450 = POLY_LOOP('', (#1601, #1605, #1607));
#11451 = FACE_OUTER_BOUND('', #11450, .T.);
#11452 = FACETED_BREP_SHAPE_REPRESENTATION('', (#11451), #8);
#11453 = POLY_LOOP('', (#1601, #1607, #1603));
#11454 = FACE_OUTER_BOUND('', #11453, .T.);
#11455 = FACETED_BREP_SHAPE_REPRESENTATION('', (#11454), #8);
#11456 = POLY_LOOP('', (#1604, #1608, #1609));
#11457 = FACE_OUTER_BOUND('', #11456, .T.);
#11458 = FACETED_BREP_SHAPE_REPRESENTATION('', (#11457), #8);
#11459 = POLY_LOOP('', (#1604, #1609, #1605));
#11460 = FACE_OUTER_BOUND('', #11459, .T.);
#11461 = FACETED_BREP_SHAPE_REPRESENTATION('', (#11460), #8);
#11462 = POLY_LOOP('', (#1606, #1611, #1610));
#11463 = FACE_OUTER_BOUND('', #11462, .T.);
#11464 = FACETED_BREP_SHAPE_REPRESENTATION('', (#11463), #8);
#11465 = POLY_LOOP('', (#1606, #1607, #1611));
#11466 = FACE_OUTER_BOUND('', #11465, .T.);
#11467 = FACETED_BREP_SHAPE_REPRESENTATION('', (#11466), #8);
#11468 = POLY_LOOP('', (#1604, #1610, #1608));
#11469 = FACE_OUTER_BOUND('', #11468, .T.);
#11470 = FACETED_BREP_SHAPE_REPRESENTATION('', (#11469), #8);
#11471 = POLY_LOOP('', (#1604, #1606, #1610));
#11472 = FACE_OUTER_BOUND('', #11471, .T.);
#11473 = FACETED_BREP_SHAPE_REPRESENTATION('', (#11472), #8);
#11474 = POLY_LOOP('', (#1605, #1609, #1611));
#11475 = FACE_OUTER_BOUND('', #11474, .T.);
#11476 = FACETED_BREP_SHAPE_REPRESENTATION('', (#11475), #8);
#11477 = POLY_LOOP('', (#1605, #1611, #1607));
#11478 = FACE_OUTER_BOUND('', #11477, .T.);
#11479 = FACETED_BREP_SHAPE_REPRESENTATION('', (#11478), #8);
#11480 = POLY_LOOP('', (#1608, #1612, #1613));
#11481 = FACE_OUTER_BOUND('', #11480, .T.);
#11482 = FACETED_BREP_SHAPE_REPRESENTATION('', (#11481), #8);
#11483 = POLY_LOOP('', (#1608, #1613, #1609));
#11484 = FACE_OUTER_BOUND('', #11483, .T.);
#11485 = FACETED_BREP_SHAPE_REPRESENTATION('', (#11484), #8);
#11486 = POLY_LOOP('', (#1610, #1615, #1614));
#11487 = FACE_OUTER_BOUND('', #11486, .T.);
#11488 = FACETED_BREP_SHAPE_REPRESENTATION('', (#11487), #8);
#11489 = POLY_LOOP('', (#1610, #1611, #1615));
#11490 = FACE_OUTER_BOUND('', #11489, .T.);
#11491 = FACETED_BREP_SHAPE_REPRESENTATION('', (#11490), #8);
#11492 = POLY_LOOP('', (#1608, #1614, #1612));
#11493 = FACE_OUTER_BOUND('', #11492, .T.);
#11494 = FACETED_BREP_SHAPE_REPRESENTATION('', (#11493), #8);
#11495 = POLY_LOOP('', (#1608, #1610, #1614));
#11496 = FACE_OUTER_BOUND('', #11495, .T.);
#11497 = FACETED_BREP_SHAPE_REPRESENTATION('', (#11496), #8);
#11498 = POLY_LOOP('', (#1609, #1613, #1615));
#11499 = FACE_OUTER_BOUND('', #11498, .T.);
#11500 = FACETED_BREP_SHAPE_REPRESENTATION('', (#11499), #8);
#11501 = POLY_LOOP('', (#1609, #1615, #1611));
#11502 = FACE_OUTER_BOUND('', #11501, .T.);
#11503 = FACETED_BREP_SHAPE_REPRESENTATION('', (#11502), #8);
#11504 = POLY_LOOP('', (#1612, #1616, #1617));
#11505 = FACE_OUTER_BOUND('', #11504, .T.);
#11506 = FACETED_BREP_SHAPE_REPRESENTATION('', (#11505), #8);
#11507 = POLY_LOOP('', (#1612, #1617, #1613));
#11508 = FACE_OUTER_BOUND('', #11507, .T.);
#11509 = FACETED_BREP_SHAPE_REPRESENTATION('', (#11508), #8);
#11510 = POLY_LOOP('', (#1614, #1619, #1618));
#11511 = FACE_OUTER_BOUND('', #11510, .T.);
#11512 = FACETED_BREP_SHAPE_REPRESENTATION('', (#11511), #8);
#11513 = POLY_LOOP('', (#1614, #1615, #1619));
#11514 = FACE_OUTER_BOUND('', #11513, .T.);
#11515 = FACETED_BREP_SHAPE_REPRESENTATION('', (#11514), #8);
#11516 = POLY_LOOP('', (#1612, #1618, #1616));
#11517 = FACE_OUTER_BOUND('', #11516, .T.);
#11518 = FACETED_BREP_SHAPE_REPRESENTATION('', (#11517), #8);
#11519 = POLY_LOOP('', (#1612, #1614, #1618));
#11520 = FACE_OUTER_BOUND('', #11519, .T.);
#11521 = FACETED_BREP_SHAPE_REPRESENTATION('', (#11520), #8);
#11522 = POLY_LOOP('', (#1613, #1617, #1619));
#11523 = FACE_OUTER_BOUND('', #11522, .T.);
#11524 = FACETED_BREP_SHAPE_REPRESENTATION('', (#11523), #8);
#11525 = POLY_LOOP('', (#1613, #1619, #1615));
#11526 = FACE_OUTER_BOUND('', #11525, .T.);
#11527 = FACETED_BREP_SHAPE_REPRESENTATION('', (#11526), #8);
#11528 = POLY_LOOP('', (#1616, #1620, #1621));
#11529 = FACE_OUTER_BOUND('', #11528, .T.);
#11530 = FACETED_BREP_SHAPE_REPRESENTATION('', (#11529), #8);
#11531 = POLY_LOOP('', (#1616, #1621, #1617));
#11532 = FACE_OUTER_BOUND('', #11531, .T.);
#11533 = FACETED_BREP_SHAPE_REPRESENTATION('', (#11532), #8);
#11534 = POLY_LOOP('', (#1618, #1623, #1622));
#11535 = FACE_OUTER_BOUND('', #11534, .T.);
#11536 = FACETED_BREP_SHAPE_REPRESENTATION('', (#11535), #8);
#11537 = POLY_LOOP('', (#1618, #1619, #1623));
#11538 = FACE_OUTER_BOUND('', #11537, .T.);
#11539 = FACETED_BREP_SHAPE_REPRESENTATION('', (#11538), #8);
#11540 = POLY_LOOP('', (#1616, #1622, #1620));
#11541 = FACE_OUTER_BOUND('', #11540, .T.);
#11542 = FACETED_BREP_SHAPE_REPRESENTATION('', (#11541), #8);
#11543 = POLY_LOOP('', (#1616, #1618, #1622));
#11544 = FACE_OUTER_BOUND('', #11543, .T.);
#11545 = FACETED_BREP_SHAPE_REPRESENTATION('', (#11544), #8);
#11546 = POLY_LOOP('', (#1617, #1621, #1623));
#11547 = FACE_OUTER_BOUND('', #11546, .T.);
#11548 = FACETED_BREP_SHAPE_REPRESENTATION('', (#11547), #8);
#11549 = POLY_LOOP('', (#1617, #1623, #1619));
#11550 = FACE_OUTER_BOUND('', #11549, .T.);
#11551 = FACETED_BREP_SHAPE_REPRESENTATION('', (#11550), #8);
#11552 = POLY_LOOP('', (#1620, #1624, #1625));
#11553 = FACE_OUTER_BOUND('', #11552, .T.);
#11554 = FACETED_BREP_SHAPE_REPRESENTATION('', (#11553), #8);
#11555 = POLY_LOOP('', (#1620, #1625, #1621));
#11556 = FACE_OUTER_BOUND('', #11555, .T.);
#11557 = FACETED_BREP_SHAPE_REPRESENTATION('', (#11556), #8);
#11558 = POLY_LOOP('', (#1622, #1627, #1626));
#11559 = FACE_OUTER_BOUND('', #11558, .T.);
#11560 = FACETED_BREP_SHAPE_REPRESENTATION('', (#11559), #8);
#11561 = POLY_LOOP('', (#1622, #1623, #1627));
#11562 = FACE_OUTER_BOUND('', #11561, .T.);
#11563 = FACETED_BREP_SHAPE_REPRESENTATION('', (#11562), #8);
#11564 = POLY_LOOP('', (#1620, #1626, #1624));
#11565 = FACE_OUTER_BOUND('', #11564, .T.);
#11566 = FACETED_BREP_SHAPE_REPRESENTATION('', (#11565), #8);
#11567 = POLY_LOOP('', (#1620, #1622, #1626));
#11568 = FACE_OUTER_BOUND('', #11567, .T.);
#11569 = FACETED_BREP_SHAPE_REPRESENTATION('', (#11568), #8);
#11570 = POLY_LOOP('', (#1621, #1625, #1627));
#11571 = FACE_OUTER_BOUND('', #11570, .T.);
#11572 = FACETED_BREP_SHAPE_REPRESENTATION('', (#11571), #8);
#11573 = POLY_LOOP('', (#1621, #1627, #1623));
#11574 = FACE_OUTER_BOUND('', #11573, .T.);
#11575 = FACETED_BREP_SHAPE_REPRESENTATION('', (#11574), #8);
#11576 = POLY_LOOP('', (#1624, #1628, #1629));
#11577 = FACE_OUTER_BOUND('', #11576, .T.);
#11578 = FACETED_BREP_SHAPE_REPRESENTATION('', (#11577), #8);
#11579 = POLY_LOOP('', (#1624, #1629, #1625));
#11580 = FACE_OUTER_BOUND('', #11579, .T.);
#11581 = FACETED_BREP_SHAPE_REPRESENTATION('', (#11580), #8);
#11582 = POLY_LOOP('', (#1626, #1631, #1630));
#11583 = FACE_OUTER_BOUND('', #11582, .T.);
#11584 = FACETED_BREP_SHAPE_REPRESENTATION('', (#11583), #8);
#11585 = POLY_LOOP('', (#1626, #1627, #1631));
#11586 = FACE_OUTER_BOUND('', #11585, .T.);
#11587 = FACETED_BREP_SHAPE_REPRESENTATION('', (#11586), #8);
#11588 = POLY_LOOP('', (#1624, #1630, #1628));
#11589 = FACE_OUTER_BOUND('', #11588, .T.);
#11590 = FACETED_BREP_SHAPE_REPRESENTATION('', (#11589), #8);
#11591 = POLY_LOOP('', (#1624, #1626, #1630));
#11592 = FACE_OUTER_BOUND('', #11591, .T.);
#11593 = FACETED_BREP_SHAPE_REPRESENTATION('', (#11592), #8);
#11594 = POLY_LOOP('', (#1625, #1629, #1631));
#11595 = FACE_OUTER_BOUND('', #11594, .T.);
#11596 = FACETED_BREP_SHAPE_REPRESENTATION('', (#11595), #8);
#11597 = POLY_LOOP('', (#1625, #1631, #1627));
#11598 = FACE_OUTER_BOUND('', #11597, .T.);
#11599 = FACETED_BREP_SHAPE_REPRESENTATION('', (#11598), #8);
#11600 = POLY_LOOP('', (#1628, #1632, #1633));
#11601 = FACE_OUTER_BOUND('', #11600, .T.);
#11602 = FACETED_BREP_SHAPE_REPRESENTATION('', (#11601), #8);
#11603 = POLY_LOOP('', (#1628, #1633, #1629));
#11604 = FACE_OUTER_BOUND('', #11603, .T.);
#11605 = FACETED_BREP_SHAPE_REPRESENTATION('', (#11604), #8);
#11606 = POLY_LOOP('', (#1630, #1635, #1634));
#11607 = FACE_OUTER_BOUND('', #11606, .T.);
#11608 = FACETED_BREP_SHAPE_REPRESENTATION('', (#11607), #8);
#11609 = POLY_LOOP('', (#1630, #1631, #1635));
#11610 = FACE_OUTER_BOUND('', #11609, .T.);
#11611 = FACETED_BREP_SHAPE_REPRESENTATION('', (#11610), #8);
#11612 = POLY_LOOP('', (#1628, #1634, #1632));
#11613 = FACE_OUTER_BOUND('', #11612, .T.);
#11614 = FACETED_BREP_SHAPE_REPRESENTATION('', (#11613), #8);
#11615 = POLY_LOOP('', (#1628, #1630, #1634));
#11616 = FACE_OUTER_BOUND('', #11615, .T.);
#11617 = FACETED_BREP_SHAPE_REPRESENTATION('', (#11616), #8);
#11618 = POLY_LOOP('', (#1629, #1633, #1635));
#11619 = FACE_OUTER_BOUND('', #11618, .T.);
#11620 = FACETED_BREP_SHAPE_REPRESENTATION('', (#11619), #8);
#11621 = POLY_LOOP('', (#1629, #1635, #1631));
#11622 = FACE_OUTER_BOUND('', #11621, .T.);
#11623 = FACETED_BREP_SHAPE_REPRESENTATION('', (#11622), #8);
#11624 = POLY_LOOP('', (#1636, #1640, #1641));
#11625 = FACE_OUTER_BOUND('', #11624, .T.);
#11626 = FACETED_BREP_SHAPE_REPRESENTATION('', (#11625), #8);
#11627 = POLY_LOOP('', (#1636, #1641, #1637));
#11628 = FACE_OUTER_BOUND('', #11627, .T.);
#11629 = FACETED_BREP_SHAPE_REPRESENTATION('', (#11628), #8);
#11630 = POLY_LOOP('', (#1638, #1643, #1642));
#11631 = FACE_OUTER_BOUND('', #11630, .T.);
#11632 = FACETED_BREP_SHAPE_REPRESENTATION('', (#11631), #8);
#11633 = POLY_LOOP('', (#1638, #1639, #1643));
#11634 = FACE_OUTER_BOUND('', #11633, .T.);
#11635 = FACETED_BREP_SHAPE_REPRESENTATION('', (#11634), #8);
#11636 = POLY_LOOP('', (#1636, #1642, #1640));
#11637 = FACE_OUTER_BOUND('', #11636, .T.);
#11638 = FACETED_BREP_SHAPE_REPRESENTATION('', (#11637), #8);
#11639 = POLY_LOOP('', (#1636, #1638, #1642));
#11640 = FACE_OUTER_BOUND('', #11639, .T.);
#11641 = FACETED_BREP_SHAPE_REPRESENTATION('', (#11640), #8);
#11642 = POLY_LOOP('', (#1637, #1641, #1643));
#11643 = FACE_OUTER_BOUND('', #11642, .T.);
#11644 = FACETED_BREP_SHAPE_REPRESENTATION('', (#11643), #8);
#11645 = POLY_LOOP('', (#1637, #1643, #1639));
#11646 = FACE_OUTER_BOUND('', #11645, .T.);
#11647 = FACETED_BREP_SHAPE_REPRESENTATION('', (#11646), #8);
#11648 = POLY_LOOP('', (#1640, #1644, #1645));
#11649 = FACE_OUTER_BOUND('', #11648, .T.);
#11650 = FACETED_BREP_SHAPE_REPRESENTATION('', (#11649), #8);
#11651 = POLY_LOOP('', (#1640, #1645, #1641));
#11652 = FACE_OUTER_BOUND('', #11651, .T.);
#11653 = FACETED_BREP_SHAPE_REPRESENTATION('', (#11652), #8);
#11654 = POLY_LOOP('', (#1642, #1647, #1646));
#11655 = FACE_OUTER_BOUND('', #11654, .T.);
#11656 = FACETED_BREP_SHAPE_REPRESENTATION('', (#11655), #8);
#11657 = POLY_LOOP('', (#1642, #1643, #1647));
#11658 = FACE_OUTER_BOUND('', #11657, .T.);
#11659 = FACETED_BREP_SHAPE_REPRESENTATION('', (#11658), #8);
#11660 = POLY_LOOP('', (#1640, #1646, #1644));
#11661 = FACE_OUTER_BOUND('', #11660, .T.);
#11662 = FACETED_BREP_SHAPE_REPRESENTATION('', (#11661), #8);
#11663 = POLY_LOOP('', (#1640, #1642, #1646));
#11664 = FACE_OUTER_BOUND('', #11663, .T.);
#11665 = FACETED_BREP_SHAPE_REPRESENTATION('', (#11664), #8);
#11666 = POLY_LOOP('', (#1641, #1645, #1647));
#11667 = FACE_OUTER_BOUND('', #11666, .T.);
#11668 = FACETED_BREP_SHAPE_REPRESENTATION('', (#11667), #8);
#11669 = POLY_LOOP('', (#1641, #1647, #1643));
#11670 = FACE_OUTER_BOUND('', #11669, .T.);
#11671 = FACETED_BREP_SHAPE_REPRESENTATION('', (#11670), #8);
#11672 = POLY_LOOP('', (#1644, #1648, #1649));
#11673 = FACE_OUTER_BOUND('', #11672, .T.);
#11674 = FACETED_BREP_SHAPE_REPRESENTATION('', (#11673), #8);
#11675 = POLY_LOOP('', (#1644, #1649, #1645));
#11676 = FACE_OUTER_BOUND('', #11675, .T.);
#11677 = FACETED_BREP_SHAPE_REPRESENTATION('', (#11676), #8);
#11678 = POLY_LOOP('', (#1646, #1651, #1650));
#11679 = FACE_OUTER_BOUND('', #11678, .T.);
#11680 = FACETED_BREP_SHAPE_REPRESENTATION('', (#11679), #8);
#11681 = POLY_LOOP('', (#1646, #1647, #1651));
#11682 = FACE_OUTER_BOUND('', #11681, .T.);
#11683 = FACETED_BREP_SHAPE_REPRESENTATION('', (#11682), #8);
#11684 = POLY_LOOP('', (#1644, #1650, #1648));
#11685 = FACE_OUTER_BOUND('', #11684, .T.);
#11686 = FACETED_BREP_SHAPE_REPRESENTATION('', (#11685), #8);
#11687 = POLY_LOOP('', (#1644, #1646, #1650));
#11688 = FACE_OUTER_BOUND('', #11687, .T.);
#11689 = FACETED_BREP_SHAPE_REPRESENTATION('', (#11688), #8);
#11690 = POLY_LOOP('', (#1645, #1649, #1651));
#11691 = FACE_OUTER_BOUND('', #11690, .T.);
#11692 = FACETED_BREP_SHAPE_REPRESENTATION('', (#11691), #8);
#11693 = POLY_LOOP('', (#1645, #1651, #1647));
#11694 = FACE_OUTER_BOUND('', #11693, .T.);
#11695 = FACETED_BREP_SHAPE_REPRESENTATION('', (#11694), #8);
#11696 = POLY_LOOP('', (#1648, #1652, #1653));
#11697 = FACE_OUTER_BOUND('', #11696, .T.);
#11698 = FACETED_BREP_SHAPE_REPRESENTATION('', (#11697), #8);
#11699 = POLY_LOOP('', (#1648, #1653, #1649));
#11700 = FACE_OUTER_BOUND('', #11699, .T.);
#11701 = FACETED_BREP_SHAPE_REPRESENTATION('', (#11700), #8);
#11702 = POLY_LOOP('', (#1650, #1655, #1654));
#11703 = FACE_OUTER_BOUND('', #11702, .T.);
#11704 = FACETED_BREP_SHAPE_REPRESENTATION('', (#11703), #8);
#11705 = POLY_LOOP('', (#1650, #1651, #1655));
#11706 = FACE_OUTER_BOUND('', #11705, .T.);
#11707 = FACETED_BREP_SHAPE_REPRESENTATION('', (#11706), #8);
#11708 = POLY_LOOP('', (#1648, #1654, #1652));
#11709 = FACE_OUTER_BOUND('', #11708, .T.);
#11710 = FACETED_BREP_SHAPE_REPRESENTATION('', (#11709), #8);
#11711 = POLY_LOOP('', (#1648, #1650, #1654));
#11712 = FACE_OUTER_BOUND('', #11711, .T.);
#11713 = FACETED_BREP_SHAPE_REPRESENTATION('', (#11712), #8);
#11714 = POLY_LOOP('', (#1649, #1653, #1655));
#11715 = FACE_OUTER_BOUND('', #11714, .T.);
#11716 = FACETED_BREP_SHAPE_REPRESENTATION('', (#11715), #8);
#11717 = POLY_LOOP('', (#1649, #1655, #1651));
#11718 = FACE_OUTER_BOUND('', #11717, .T.);
#11719 = FACETED_BREP_SHAPE_REPRESENTATION('', (#11718), #8);
#11720 = POLY_LOOP('', (#1652, #1656, #1657));
#11721 = FACE_OUTER_BOUND('', #11720, .T.);
#11722 = FACETED_BREP_SHAPE_REPRESENTATION('', (#11721), #8);
#11723 = POLY_LOOP('', (#1652, #1657, #1653));
#11724 = FACE_OUTER_BOUND('', #11723, .T.);
#11725 = FACETED_BREP_SHAPE_REPRESENTATION('', (#11724), #8);
#11726 = POLY_LOOP('', (#1654, #1659, #1658));
#11727 = FACE_OUTER_BOUND('', #11726, .T.);
#11728 = FACETED_BREP_SHAPE_REPRESENTATION('', (#11727), #8);
#11729 = POLY_LOOP('', (#1654, #1655, #1659));
#11730 = FACE_OUTER_BOUND('', #11729, .T.);
#11731 = FACETED_BREP_SHAPE_REPRESENTATION('', (#11730), #8);
#11732 = POLY_LOOP('', (#1652, #1658, #1656));
#11733 = FACE_OUTER_BOUND('', #11732, .T.);
#11734 = FACETED_BREP_SHAPE_REPRESENTATION('', (#11733), #8);
#11735 = POLY_LOOP('', (#1652, #1654, #1658));
#11736 = FACE_OUTER_BOUND('', #11735, .T.);
#11737 = FACETED_BREP_SHAPE_REPRESENTATION('', (#11736), #8);
#11738 = POLY_LOOP('', (#1653, #1657, #1659));
#11739 = FACE_OUTER_BOUND('', #11738, .T.);
#11740 = FACETED_BREP_SHAPE_REPRESENTATION('', (#11739), #8);
#11741 = POLY_LOOP('', (#1653, #1659, #1655));
#11742 = FACE_OUTER_BOUND('', #11741, .T.);
#11743 = FACETED_BREP_SHAPE_REPRESENTATION('', (#11742), #8);
#11744 = POLY_LOOP('', (#1656, #1660, #1661));
#11745 = FACE_OUTER_BOUND('', #11744, .T.);
#11746 = FACETED_BREP_SHAPE_REPRESENTATION('', (#11745), #8);
#11747 = POLY_LOOP('', (#1656, #1661, #1657));
#11748 = FACE_OUTER_BOUND('', #11747, .T.);
#11749 = FACETED_BREP_SHAPE_REPRESENTATION('', (#11748), #8);
#11750 = POLY_LOOP('', (#1658, #1663, #1662));
#11751 = FACE_OUTER_BOUND('', #11750, .T.);
#11752 = FACETED_BREP_SHAPE_REPRESENTATION('', (#11751), #8);
#11753 = POLY_LOOP('', (#1658, #1659, #1663));
#11754 = FACE_OUTER_BOUND('', #11753, .T.);
#11755 = FACETED_BREP_SHAPE_REPRESENTATION('', (#11754), #8);
#11756 = POLY_LOOP('', (#1656, #1662, #1660));
#11757 = FACE_OUTER_BOUND('', #11756, .T.);
#11758 = FACETED_BREP_SHAPE_REPRESENTATION('', (#11757), #8);
#11759 = POLY_LOOP('', (#1656, #1658, #1662));
#11760 = FACE_OUTER_BOUND('', #11759, .T.);
#11761 = FACETED_BREP_SHAPE_REPRESENTATION('', (#11760), #8);
#11762 = POLY_LOOP('', (#1657, #1661, #1663));
#11763 = FACE_OUTER_BOUND('', #11762, .T.);
#11764 = FACETED_BREP_SHAPE_REPRESENTATION('', (#11763), #8);
#11765 = POLY_LOOP('', (#1657, #1663, #1659));
#11766 = FACE_OUTER_BOUND('', #11765, .T.);
#11767 = FACETED_BREP_SHAPE_REPRESENTATION('', (#11766), #8);
#11768 = POLY_LOOP('', (#1660, #1664, #1665));
#11769 = FACE_OUTER_BOUND('', #11768, .T.);
#11770 = FACETED_BREP_SHAPE_REPRESENTATION('', (#11769), #8);
#11771 = POLY_LOOP('', (#1660, #1665, #1661));
#11772 = FACE_OUTER_BOUND('', #11771, .T.);
#11773 = FACETED_BREP_SHAPE_REPRESENTATION('', (#11772), #8);
#11774 = POLY_LOOP('', (#1662, #1667, #1666));
#11775 = FACE_OUTER_BOUND('', #11774, .T.);
#11776 = FACETED_BREP_SHAPE_REPRESENTATION('', (#11775), #8);
#11777 = POLY_LOOP('', (#1662, #1663, #1667));
#11778 = FACE_OUTER_BOUND('', #11777, .T.);
#11779 = FACETED_BREP_SHAPE_REPRESENTATION('', (#11778), #8);
#11780 = POLY_LOOP('', (#1660, #1666, #1664));
#11781 = FACE_OUTER_BOUND('', #11780, .T.);
#11782 = FACETED_BREP_SHAPE_REPRESENTATION('', (#11781), #8);
#11783 = POLY_LOOP('', (#1660, #1662, #1666));
#11784 = FACE_OUTER_BOUND('', #11783, .T.);
#11785 = FACETED_BREP_SHAPE_REPRESENTATION('', (#11784), #8);
#11786 = POLY_LOOP('', (#1661, #1665, #1667));
#11787 = FACE_OUTER_BOUND('', #11786, .T.);
#11788 = FACETED_BREP_SHAPE_REPRESENTATION('', (#11787), #8);
#11789 = POLY_LOOP('', (#1661, #1667, #1663));
#11790 = FACE_OUTER_BOUND('', #11789, .T.);
#11791 = FACETED_BREP_SHAPE_REPRESENTATION('', (#11790), #8);
#11792 = POLY_LOOP('', (#1664, #1668, #1669));
#11793 = FACE_OUTER_BOUND('', #11792, .T.);
#11794 = FACETED_BREP_SHAPE_REPRESENTATION('', (#11793), #8);
#11795 = POLY_LOOP('', (#1664, #1669, #1665));
#11796 = FACE_OUTER_BOUND('', #11795, .T.);
#11797 = FACETED_BREP_SHAPE_REPRESENTATION('', (#11796), #8);
#11798 = POLY_LOOP('', (#1666, #1671, #1670));
#11799 = FACE_OUTER_BOUND('', #11798, .T.);
#11800 = FACETED_BREP_SHAPE_REPRESENTATION('', (#11799), #8);
#11801 = POLY_LOOP('', (#1666, #1667, #1671));
#11802 = FACE_OUTER_BOUND('', #11801, .T.);
#11803 = FACETED_BREP_SHAPE_REPRESENTATION('', (#11802), #8);
#11804 = POLY_LOOP('', (#1664, #1670, #1668));
#11805 = FACE_OUTER_BOUND('', #11804, .T.);
#11806 = FACETED_BREP_SHAPE_REPRESENTATION('', (#11805), #8);
#11807 = POLY_LOOP('', (#1664, #1666, #1670));
#11808 = FACE_OUTER_BOUND('', #11807, .T.);
#11809 = FACETED_BREP_SHAPE_REPRESENTATION('', (#11808), #8);
#11810 = POLY_LOOP('', (#1665, #1669, #1671));
#11811 = FACE_OUTER_BOUND('', #11810, .T.);
#11812 = FACETED_BREP_SHAPE_REPRESENTATION('', (#11811), #8);
#11813 = POLY_LOOP('', (#1665, #1671, #1667));
#11814 = FACE_OUTER_BOUND('', #11813, .T.);
#11815 = FACETED_BREP_SHAPE_REPRESENTATION('', (#11814), #8);
#11816 = POLY_LOOP('', (#1668, #1672, #1673));
#11817 = FACE_OUTER_BOUND('', #11816, .T.);
#11818 = FACETED_BREP_SHAPE_REPRESENTATION('', (#11817), #8);
#11819 = POLY_LOOP('', (#1668, #1673, #1669));
#11820 = FACE_OUTER_BOUND('', #11819, .T.);
#11821 = FACETED_BREP_SHAPE_REPRESENTATION('', (#11820), #8);
#11822 = POLY_LOOP('', (#1670, #1675, #1674));
#11823 = FACE_OUTER_BOUND('', #11822, .T.);
#11824 = FACETED_BREP_SHAPE_REPRESENTATION('', (#11823), #8);
#11825 = POLY_LOOP('', (#1670, #1671, #1675));
#11826 = FACE_OUTER_BOUND('', #11825, .T.);
#11827 = FACETED_BREP_SHAPE_REPRESENTATION('', (#11826), #8);
#11828 = POLY_LOOP('', (#1668, #1674, #1672));
#11829 = FACE_OUTER_BOUND('', #11828, .T.);
#11830 = FACETED_BREP_SHAPE_REPRESENTATION('', (#11829), #8);
#11831 = POLY_LOOP('', (#1668, #1670, #1674));
#11832 = FACE_OUTER_BOUND('', #11831, .T.);
#11833 = FACETED_BREP_SHAPE_REPRESENTATION('', (#11832), #8);
#11834 = POLY_LOOP('', (#1669, #1673, #1675));
#11835 = FACE_OUTER_BOUND('', #11834, .T.);
#11836 = FACETED_BREP_SHAPE_REPRESENTATION('', (#11835), #8);
#11837 = POLY_LOOP('', (#1669, #1675, #1671));
#11838 = FACE_OUTER_BOUND('', #11837, .T.);
#11839 = FACETED_BREP_SHAPE_REPRESENTATION('', (#11838), #8);
#11840 = POLY_LOOP('', (#1672, #1676, #1677));
#11841 = FACE_OUTER_BOUND('', #11840, .T.);
#11842 = FACETED_BREP_SHAPE_REPRESENTATION('', (#11841), #8);
#11843 = POLY_LOOP('', (#1672, #1677, #1673));
#11844 = FACE_OUTER_BOUND('', #11843, .T.);
#11845 = FACETED_BREP_SHAPE_REPRESENTATION('', (#11844), #8);
#11846 = POLY_LOOP('', (#1674, #1679, #1678));
#11847 = FACE_OUTER_BOUND('', #11846, .T.);
#11848 = FACETED_BREP_SHAPE_REPRESENTATION('', (#11847), #8);
#11849 = POLY_LOOP('', (#1674, #1675, #1679));
#11850 = FACE_OUTER_BOUND('', #11849, .T.);
#11851 = FACETED_BREP_SHAPE_REPRESENTATION('', (#11850), #8);
#11852 = POLY_LOOP('', (#1672, #1678, #1676));
#11853 = FACE_OUTER_BOUND('', #11852, .T.);
#11854 = FACETED_BREP_SHAPE_REPRESENTATION('', (#11853), #8);
#11855 = POLY_LOOP('', (#1672, #1674, #1678));
#11856 = FACE_OUTER_BOUND('', #11855, .T.);
#11857 = FACETED_BREP_SHAPE_REPRESENTATION('', (#11856), #8);
#11858 = POLY_LOOP('', (#1673, #1677, #1679));
#11859 = FACE_OUTER_BOUND('', #11858, .T.);
#11860 = FACETED_BREP_SHAPE_REPRESENTATION('', (#11859), #8);
#11861 = POLY_LOOP('', (#1673, #1679, #1675));
#11862 = FACE_OUTER_BOUND('', #11861, .T.);
#11863 = FACETED_BREP_SHAPE_REPRESENTATION('', (#11862), #8);
#11864 = POLY_LOOP('', (#1680, #1684, #1685));
#11865 = FACE_OUTER_BOUND('', #11864, .T.);
#11866 = FACETED_BREP_SHAPE_REPRESENTATION('', (#11865), #8);
#11867 = POLY_LOOP('', (#1680, #1685, #1681));
#11868 = FACE_OUTER_BOUND('', #11867, .T.);
#11869 = FACETED_BREP_SHAPE_REPRESENTATION('', (#11868), #8);
#11870 = POLY_LOOP('', (#1682, #1687, #1686));
#11871 = FACE_OUTER_BOUND('', #11870, .T.);
#11872 = FACETED_BREP_SHAPE_REPRESENTATION('', (#11871), #8);
#11873 = POLY_LOOP('', (#1682, #1683, #1687));
#11874 = FACE_OUTER_BOUND('', #11873, .T.);
#11875 = FACETED_BREP_SHAPE_REPRESENTATION('', (#11874), #8);
#11876 = POLY_LOOP('', (#1680, #1686, #1684));
#11877 = FACE_OUTER_BOUND('', #11876, .T.);
#11878 = FACETED_BREP_SHAPE_REPRESENTATION('', (#11877), #8);
#11879 = POLY_LOOP('', (#1680, #1682, #1686));
#11880 = FACE_OUTER_BOUND('', #11879, .T.);
#11881 = FACETED_BREP_SHAPE_REPRESENTATION('', (#11880), #8);
#11882 = POLY_LOOP('', (#1681, #1685, #1687));
#11883 = FACE_OUTER_BOUND('', #11882, .T.);
#11884 = FACETED_BREP_SHAPE_REPRESENTATION('', (#11883), #8);
#11885 = POLY_LOOP('', (#1681, #1687, #1683));
#11886 = FACE_OUTER_BOUND('', #11885, .T.);
#11887 = FACETED_BREP_SHAPE_REPRESENTATION('', (#11886), #8);
#11888 = POLY_LOOP('', (#1684, #1688, #1689));
#11889 = FACE_OUTER_BOUND('', #11888, .T.);
#11890 = FACETED_BREP_SHAPE_REPRESENTATION('', (#11889), #8);
#11891 = POLY_LOOP('', (#1684, #1689, #1685));
#11892 = FACE_OUTER_BOUND('', #11891, .T.);
#11893 = FACETED_BREP_SHAPE_REPRESENTATION('', (#11892), #8);
#11894 = POLY_LOOP('', (#1686, #1691, #1690));
#11895 = FACE_OUTER_BOUND('', #11894, .T.);
#11896 = FACETED_BREP_SHAPE_REPRESENTATION('', (#11895), #8);
#11897 = POLY_LOOP('', (#1686, #1687, #1691));
#11898 = FACE_OUTER_BOUND('', #11897, .T.);
#11899 = FACETED_BREP_SHAPE_REPRESENTATION('', (#11898), #8);
#11900 = POLY_LOOP('', (#1684, #1690, #1688));
#11901 = FACE_OUTER_BOUND('', #11900, .T.);
#11902 = FACETED_BREP_SHAPE_REPRESENTATION('', (#11901), #8);
#11903 = POLY_LOOP('', (#1684, #1686, #1690));
#11904 = FACE_OUTER_BOUND('', #11903, .T.);
#11905 = FACETED_BREP_SHAPE_REPRESENTATION('', (#11904), #8);
#11906 = POLY_LOOP('', (#1685, #1689, #1691));
#11907 = FACE_OUTER_BOUND('', #11906, .T.);
#11908 = FACETED_BREP_SHAPE_REPRESENTATION('', (#11907), #8);
#11909 = POLY_LOOP('', (#1685, #1691, #1687));
#11910 = FACE_OUTER_BOUND('', #11909, .T.);
#11911 = FACETED_BREP_SHAPE_REPRESENTATION('', (#11910), #8);
#11912 = POLY_LOOP('', (#1688, #1692, #1693));
#11913 = FACE_OUTER_BOUND('', #11912, .T.);
#11914 = FACETED_BREP_SHAPE_REPRESENTATION('', (#11913), #8);
#11915 = POLY_LOOP('', (#1688, #1693, #1689));
#11916 = FACE_OUTER_BOUND('', #11915, .T.);
#11917 = FACETED_BREP_SHAPE_REPRESENTATION('', (#11916), #8);
#11918 = POLY_LOOP('', (#1690, #1695, #1694));
#11919 = FACE_OUTER_BOUND('', #11918, .T.);
#11920 = FACETED_BREP_SHAPE_REPRESENTATION('', (#11919), #8);
#11921 = POLY_LOOP('', (#1690, #1691, #1695));
#11922 = FACE_OUTER_BOUND('', #11921, .T.);
#11923 = FACETED_BREP_SHAPE_REPRESENTATION('', (#11922), #8);
#11924 = POLY_LOOP('', (#1688, #1694, #1692));
#11925 = FACE_OUTER_BOUND('', #11924, .T.);
#11926 = FACETED_BREP_SHAPE_REPRESENTATION('', (#11925), #8);
#11927 = POLY_LOOP('', (#1688, #1690, #1694));
#11928 = FACE_OUTER_BOUND('', #11927, .T.);
#11929 = FACETED_BREP_SHAPE_REPRESENTATION('', (#11928), #8);
#11930 = POLY_LOOP('', (#1689, #1693, #1695));
#11931 = FACE_OUTER_BOUND('', #11930, .T.);
#11932 = FACETED_BREP_SHAPE_REPRESENTATION('', (#11931), #8);
#11933 = POLY_LOOP('', (#1689, #1695, #1691));
#11934 = FACE_OUTER_BOUND('', #11933, .T.);
#11935 = FACETED_BREP_SHAPE_REPRESENTATION('', (#11934), #8);
#11936 = POLY_LOOP('', (#1692, #1696, #1697));
#11937 = FACE_OUTER_BOUND('', #11936, .T.);
#11938 = FACETED_BREP_SHAPE_REPRESENTATION('', (#11937), #8);
#11939 = POLY_LOOP('', (#1692, #1697, #1693));
#11940 = FACE_OUTER_BOUND('', #11939, .T.);
#11941 = FACETED_BREP_SHAPE_REPRESENTATION('', (#11940), #8);
#11942 = POLY_LOOP('', (#1694, #1699, #1698));
#11943 = FACE_OUTER_BOUND('', #11942, .T.);
#11944 = FACETED_BREP_SHAPE_REPRESENTATION('', (#11943), #8);
#11945 = POLY_LOOP('', (#1694, #1695, #1699));
#11946 = FACE_OUTER_BOUND('', #11945, .T.);
#11947 = FACETED_BREP_SHAPE_REPRESENTATION('', (#11946), #8);
#11948 = POLY_LOOP('', (#1692, #1698, #1696));
#11949 = FACE_OUTER_BOUND('', #11948, .T.);
#11950 = FACETED_BREP_SHAPE_REPRESENTATION('', (#11949), #8);
#11951 = POLY_LOOP('', (#1692, #1694, #1698));
#11952 = FACE_OUTER_BOUND('', #11951, .T.);
#11953 = FACETED_BREP_SHAPE_REPRESENTATION('', (#11952), #8);
#11954 = POLY_LOOP('', (#1693, #1697, #1699));
#11955 = FACE_OUTER_BOUND('', #11954, .T.);
#11956 = FACETED_BREP_SHAPE_REPRESENTATION('', (#11955), #8);
#11957 = POLY_LOOP('', (#1693, #1699, #1695));
#11958 = FACE_OUTER_BOUND('', #11957, .T.);
#11959 = FACETED_BREP_SHAPE_REPRESENTATION('', (#11958), #8);
#11960 = POLY_LOOP('', (#1696, #1700, #1701));
#11961 = FACE_OUTER_BOUND('', #11960, .T.);
#11962 = FACETED_BREP_SHAPE_REPRESENTATION('', (#11961), #8);
#11963 = POLY_LOOP('', (#1696, #1701, #1697));
#11964 = FACE_OUTER_BOUND('', #11963, .T.);
#11965 = FACETED_BREP_SHAPE_REPRESENTATION('', (#11964), #8);
#11966 = POLY_LOOP('', (#1698, #1703, #1702));
#11967 = FACE_OUTER_BOUND('', #11966, .T.);
#11968 = FACETED_BREP_SHAPE_REPRESENTATION('', (#11967), #8);
#11969 = POLY_LOOP('', (#1698, #1699, #1703));
#11970 = FACE_OUTER_BOUND('', #11969, .T.);
#11971 = FACETED_BREP_SHAPE_REPRESENTATION('', (#11970), #8);
#11972 = POLY_LOOP('', (#1696, #1702, #1700));
#11973 = FACE_OUTER_BOUND('', #11972, .T.);
#11974 = FACETED_BREP_SHAPE_REPRESENTATION('', (#11973), #8);
#11975 = POLY_LOOP('', (#1696, #1698, #1702));
#11976 = FACE_OUTER_BOUND('', #11975, .T.);
#11977 = FACETED_BREP_SHAPE_REPRESENTATION('', (#11976), #8);
#11978 = POLY_LOOP('', (#1697, #1701, #1703));
#11979 = FACE_OUTER_BOUND('', #11978, .T.);
#11980 = FACETED_BREP_SHAPE_REPRESENTATION('', (#11979), #8);
#11981 = POLY_LOOP('', (#1697, #1703, #1699));
#11982 = FACE_OUTER_BOUND('', #11981, .T.);
#11983 = FACETED_BREP_SHAPE_REPRESENTATION('', (#11982), #8);
#11984 = POLY_LOOP('', (#1700, #1704, #1705));
#11985 = FACE_OUTER_BOUND('', #11984, .T.);
#11986 = FACETED_BREP_SHAPE_REPRESENTATION('', (#11985), #8);
#11987 = POLY_LOOP('', (#1700, #1705, #1701));
#11988 = FACE_OUTER_BOUND('', #11987, .T.);
#11989 = FACETED_BREP_SHAPE_REPRESENTATION('', (#11988), #8);
#11990 = POLY_LOOP('', (#1702, #1707, #1706));
#11991 = FACE_OUTER_BOUND('', #11990, .T.);
#11992 = FACETED_BREP_SHAPE_REPRESENTATION('', (#11991), #8);
#11993 = POLY_LOOP('', (#1702, #1703, #1707));
#11994 = FACE_OUTER_BOUND('', #11993, .T.);
#11995 = FACETED_BREP_SHAPE_REPRESENTATION('', (#11994), #8);
#11996 = POLY_LOOP('', (#1700, #1706, #1704));
#11997 = FACE_OUTER_BOUND('', #11996, .T.);
#11998 = FACETED_BREP_SHAPE_REPRESENTATION('', (#11997), #8);
#11999 = POLY_LOOP('', (#1700, #1702, #1706));
#12000 = FACE_OUTER_BOUND('', #11999, .T.);
#12001 = FACETED_BREP_SHAPE_REPRESENTATION('', (#12000), #8);
#12002 = POLY_LOOP('', (#1701, #1705, #1707));
#12003 = FACE_OUTER_BOUND('', #12002, .T.);
#12004 = FACETED_BREP_SHAPE_REPRESENTATION('', (#12003), #8);
#12005 = POLY_LOOP('', (#1701, #1707, #1703));
#12006 = FACE_OUTER_BOUND('', #12005, .T.);
#12007 = FACETED_BREP_SHAPE_REPRESENTATION('', (#12006), #8);
#12008 = POLY_LOOP('', (#1704, #1708, #1709));
#12009 = FACE_OUTER_BOUND('', #12008, .T.);
#12010 = FACETED_BREP_SHAPE_REPRESENTATION('', (#12009), #8);
#12011 = POLY_LOOP('', (#1704, #1709, #1705));
#12012 = FACE_OUTER_BOUND('', #12011, .T.);
#12013 = FACETED_BREP_SHAPE_REPRESENTATION('', (#12012), #8);
#12014 = POLY_LOOP('', (#1706, #1711, #1710));
#12015 = FACE_OUTER_BOUND('', #12014, .T.);
#12016 = FACETED_BREP_SHAPE_REPRESENTATION('', (#12015), #8);
#12017 = POLY_LOOP('', (#1706, #1707, #1711));
#12018 = FACE_OUTER_BOUND('', #12017, .T.);
#12019 = FACETED_BREP_SHAPE_REPRESENTATION('', (#12018), #8);
#12020 = POLY_LOOP('', (#1704, #1710, #1708));
#12021 = FACE_OUTER_BOUND('', #12020, .T.);
#12022 = FACETED_BREP_SHAPE_REPRESENTATION('', (#12021), #8);
#12023 = POLY_LOOP('', (#1704, #1706, #1710));
#12024 = FACE_OUTER_BOUND('', #12023, .T.);
#12025 = FACETED_BREP_SHAPE_REPRESENTATION('', (#12024), #8);
#12026 = POLY_LOOP('', (#1705, #1709, #1711));
#12027 = FACE_OUTER_BOUND('', #12026, .T.);
#12028 = FACETED_BREP_SHAPE_REPRESENTATION('', (#12027), #8);
#12029 = POLY_LOOP('', (#1705, #1711, #1707));
#12030 = FACE_OUTER_BOUND('', #12029, .T.);
#12031 = FACETED_BREP_SHAPE_REPRESENTATION('', (#12030), #8);
#12032 = POLY_LOOP('', (#1708, #1712, #1713));
#12033 = FACE_OUTER_BOUND('', #12032, .T.);
#12034 = FACETED_BREP_SHAPE_REPRESENTATION('', (#12033), #8);
#12035 = POLY_LOOP('', (#1708, #1713, #1709));
#12036 = FACE_OUTER_BOUND('', #12035, .T.);
#12037 = FACETED_BREP_SHAPE_REPRESENTATION('', (#12036), #8);
#12038 = POLY_LOOP('', (#1710, #1715, #1714));
#12039 = FACE_OUTER_BOUND('', #12038, .T.);
#12040 = FACETED_BREP_SHAPE_REPRESENTATION('', (#12039), #8);
#12041 = POLY_LOOP('', (#1710, #1711, #1715));
#12042 = FACE_OUTER_BOUND('', #12041, .T.);
#12043 = FACETED_BREP_SHAPE_REPRESENTATION('', (#12042), #8);
#12044 = POLY_LOOP('', (#1708, #1714, #1712));
#12045 = FACE_OUTER_BOUND('', #12044, .T.);
#12046 = FACETED_BREP_SHAPE_REPRESENTATION('', (#12045), #8);
#12047 = POLY_LOOP('', (#1708, #1710, #1714));
#12048 = FACE_OUTER_BOUND('', #12047, .T.);
#12049 = FACETED_BREP_SHAPE_REPRESENTATION('', (#12048), #8);
#12050 = POLY_LOOP('', (#1709, #1713, #1715));
#12051 = FACE_OUTER_BOUND('', #12050, .T.);
#12052 = FACETED_BREP_SHAPE_REPRESENTATION('', (#12051), #8);
#12053 = POLY_LOOP('', (#1709, #1715, #1711));
#12054 = FACE_OUTER_BOUND('', #12053, .T.);
#12055 = FACETED_BREP_SHAPE_REPRESENTATION('', (#12054), #8);
#12056 = POLY_LOOP('', (#1712, #1716, #1717));
#12057 = FACE_OUTER_BOUND('', #12056, .T.);
#12058 = FACETED_BREP_SHAPE_REPRESENTATION('', (#12057), #8);
#12059 = POLY_LOOP('', (#1712, #1717, #1713));
#12060 = FACE_OUTER_BOUND('', #12059, .T.);
#12061 = FACETED_BREP_SHAPE_REPRESENTATION('', (#12060), #8);
#12062 = POLY_LOOP('', (#1714, #1719, #1718));
#12063 = FACE_OUTER_BOUND('', #12062, .T.);
#12064 = FACETED_BREP_SHAPE_REPRESENTATION('', (#12063), #8);
#12065 = POLY_LOOP('', (#1714, #1715, #1719));
#12066 = FACE_OUTER_BOUND('', #12065, .T.);
#12067 = FACETED_BREP_SHAPE_REPRESENTATION('', (#12066), #8);
#12068 = POLY_LOOP('', (#1712, #1718, #1716));
#12069 = FACE_OUTER_BOUND('', #12068, .T.);
#12070 = FACETED_BREP_SHAPE_REPRESENTATION('', (#12069), #8);
#12071 = POLY_LOOP('', (#1712, #1714, #1718));
#12072 = FACE_OUTER_BOUND('', #12071, .T.);
#12073 = FACETED_BREP_SHAPE_REPRESENTATION('', (#12072), #8);
#12074 = POLY_LOOP('', (#1713, #1717, #1719));
#12075 = FACE_OUTER_BOUND('', #12074, .T.);
#12076 = FACETED_BREP_SHAPE_REPRESENTATION('', (#12075), #8);
#12077 = POLY_LOOP('', (#1713, #1719, #1715));
#12078 = FACE_OUTER_BOUND('', #12077, .T.);
#12079 = FACETED_BREP_SHAPE_REPRESENTATION('', (#12078), #8);
#12080 = POLY_LOOP('', (#1716, #1720, #1721));
#12081 = FACE_OUTER_BOUND('', #12080, .T.);
#12082 = FACETED_BREP_SHAPE_REPRESENTATION('', (#12081), #8);
#12083 = POLY_LOOP('', (#1716, #1721, #1717));
#12084 = FACE_OUTER_BOUND('', #12083, .T.);
#12085 = FACETED_BREP_SHAPE_REPRESENTATION('', (#12084), #8);
#12086 = POLY_LOOP('', (#1718, #1723, #1722));
#12087 = FACE_OUTER_BOUND('', #12086, .T.);
#12088 = FACETED_BREP_SHAPE_REPRESENTATION('', (#12087), #8);
#12089 = POLY_LOOP('', (#1718, #1719, #1723));
#12090 = FACE_OUTER_BOUND('', #12089, .T.);
#12091 = FACETED_BREP_SHAPE_REPRESENTATION('', (#12090), #8);
#12092 = POLY_LOOP('', (#1716, #1722, #1720));
#12093 = FACE_OUTER_BOUND('', #12092, .T.);
#12094 = FACETED_BREP_SHAPE_REPRESENTATION('', (#12093), #8);
#12095 = POLY_LOOP('', (#1716, #1718, #1722));
#12096 = FACE_OUTER_BOUND('', #12095, .T.);
#12097 = FACETED_BREP_SHAPE_REPRESENTATION('', (#12096), #8);
#12098 = POLY_LOOP('', (#1717, #1721, #1723));
#12099 = FACE_OUTER_BOUND('', #12098, .T.);
#12100 = FACETED_BREP_SHAPE_REPRESENTATION('', (#12099), #8);
#12101 = POLY_LOOP('', (#1717, #1723, #1719));
#12102 = FACE_OUTER_BOUND('', #12101, .T.);
#12103 = FACETED_BREP_SHAPE_REPRESENTATION('', (#12102), #8);
#12104 = POLY_LOOP('', (#1724, #1728, #1729));
#12105 = FACE_OUTER_BOUND('', #12104, .T.);
#12106 = FACETED_BREP_SHAPE_REPRESENTATION('', (#12105), #8);
#12107 = POLY_LOOP('', (#1724, #1729, #1725));
#12108 = FACE_OUTER_BOUND('', #12107, .T.);
#12109 = FACETED_BREP_SHAPE_REPRESENTATION('', (#12108), #8);
#12110 = POLY_LOOP('', (#1726, #1731, #1730));
#12111 = FACE_OUTER_BOUND('', #12110, .T.);
#12112 = FACETED_BREP_SHAPE_REPRESENTATION('', (#12111), #8);
#12113 = POLY_LOOP('', (#1726, #1727, #1731));
#12114 = FACE_OUTER_BOUND('', #12113, .T.);
#12115 = FACETED_BREP_SHAPE_REPRESENTATION('', (#12114), #8);
#12116 = POLY_LOOP('', (#1724, #1730, #1728));
#12117 = FACE_OUTER_BOUND('', #12116, .T.);
#12118 = FACETED_BREP_SHAPE_REPRESENTATION('', (#12117), #8);
#12119 = POLY_LOOP('', (#1724, #1726, #1730));
#12120 = FACE_OUTER_BOUND('', #12119, .T.);
#12121 = FACETED_BREP_SHAPE_REPRESENTATION('', (#12120), #8);
#12122 = POLY_LOOP('', (#1725, #1729, #1731));
#12123 = FACE_OUTER_BOUND('', #12122, .T.);
#12124 = FACETED_BREP_SHAPE_REPRESENTATION('', (#12123), #8);
#12125 = POLY_LOOP('', (#1725, #1731, #1727));
#12126 = FACE_OUTER_BOUND('', #12125, .T.);
#12127 = FACETED_BREP_SHAPE_REPRESENTATION('', (#12126), #8);
#12128 = POLY_LOOP('', (#1728, #1732, #1733));
#12129 = FACE_OUTER_BOUND('', #12128, .T.);
#12130 = FACETED_BREP_SHAPE_REPRESENTATION('', (#12129), #8);
#12131 = POLY_LOOP('', (#1728, #1733, #1729));
#12132 = FACE_OUTER_BOUND('', #12131, .T.);
#12133 = FACETED_BREP_SHAPE_REPRESENTATION('', (#12132), #8);
#12134 = POLY_LOOP('', (#1730, #1735, #1734));
#12135 = FACE_OUTER_BOUND('', #12134, .T.);
#12136 = FACETED_BREP_SHAPE_REPRESENTATION('', (#12135), #8);
#12137 = POLY_LOOP('', (#1730, #1731, #1735));
#12138 = FACE_OUTER_BOUND('', #12137, .T.);
#12139 = FACETED_BREP_SHAPE_REPRESENTATION('', (#12138), #8);
#12140 = POLY_LOOP('', (#1728, #1734, #1732));
#12141 = FACE_OUTER_BOUND('', #12140, .T.);
#12142 = FACETED_BREP_SHAPE_REPRESENTATION('', (#12141), #8);
#12143 = POLY_LOOP('', (#1728, #1730, #1734));
#12144 = FACE_OUTER_BOUND('', #12143, .T.);
#12145 = FACETED_BREP_SHAPE_REPRESENTATION('', (#12144), #8);
#12146 = POLY_LOOP('', (#1729, #1733, #1735));
#12147 = FACE_OUTER_BOUND('', #12146, .T.);
#12148 = FACETED_BREP_SHAPE_REPRESENTATION('', (#12147), #8);
#12149 = POLY_LOOP('', (#1729, #1735, #1731));
#12150 = FACE_OUTER_BOUND('', #12149, .T.);
#12151 = FACETED_BREP_SHAPE_REPRESENTATION('', (#12150), #8);
#12152 = POLY_LOOP('', (#1732, #1736, #1737));
#12153 = FACE_OUTER_BOUND('', #12152, .T.);
#12154 = FACETED_BREP_SHAPE_REPRESENTATION('', (#12153), #8);
#12155 = POLY_LOOP('', (#1732, #1737, #1733));
#12156 = FACE_OUTER_BOUND('', #12155, .T.);
#12157 = FACETED_BREP_SHAPE_REPRESENTATION('', (#12156), #8);
#12158 = POLY_LOOP('', (#1734, #1739, #1738));
#12159 = FACE_OUTER_BOUND('', #12158, .T.);
#12160 = FACETED_BREP_SHAPE_REPRESENTATION('', (#12159), #8);
#12161 = POLY_LOOP('', (#1734, #1735, #1739));
#12162 = FACE_OUTER_BOUND('', #12161, .T.);
#12163 = FACETED_BREP_SHAPE_REPRESENTATION('', (#12162), #8);
#12164 = POLY_LOOP('', (#1732, #1738, #1736));
#12165 = FACE_OUTER_BOUND('', #12164, .T.);
#12166 = FACETED_BREP_SHAPE_REPRESENTATION('', (#12165), #8);
#12167 = POLY_LOOP('', (#1732, #1734, #1738));
#12168 = FACE_OUTER_BOUND('', #12167, .T.);
#12169 = FACETED_BREP_SHAPE_REPRESENTATION('', (#12168), #8);
#12170 = POLY_LOOP('', (#1733, #1737, #1739));
#12171 = FACE_OUTER_BOUND('', #12170, .T.);
#12172 = FACETED_BREP_SHAPE_REPRESENTATION('', (#12171), #8);
#12173 = POLY_LOOP('', (#1733, #1739, #1735));
#12174 = FACE_OUTER_BOUND('', #12173, .T.);
#12175 = FACETED_BREP_SHAPE_REPRESENTATION('', (#12174), #8);
#12176 = POLY_LOOP('', (#1736, #1740, #1741));
#12177 = FACE_OUTER_BOUND('', #12176, .T.);
#12178 = FACETED_BREP_SHAPE_REPRESENTATION('', (#12177), #8);
#12179 = POLY_LOOP('', (#1736, #1741, #1737));
#12180 = FACE_OUTER_BOUND('', #12179, .T.);
#12181 = FACETED_BREP_SHAPE_REPRESENTATION('', (#12180), #8);
#12182 = POLY_LOOP('', (#1738, #1743, #1742));
#12183 = FACE_OUTER_BOUND('', #12182, .T.);
#12184 = FACETED_BREP_SHAPE_REPRESENTATION('', (#12183), #8);
#12185 = POLY_LOOP('', (#1738, #1739, #1743));
#12186 = FACE_OUTER_BOUND('', #12185, .T.);
#12187 = FACETED_BREP_SHAPE_REPRESENTATION('', (#12186), #8);
#12188 = POLY_LOOP('', (#1736, #1742, #1740));
#12189 = FACE_OUTER_BOUND('', #12188, .T.);
#12190 = FACETED_BREP_SHAPE_REPRESENTATION('', (#12189), #8);
#12191 = POLY_LOOP('', (#1736, #1738, #1742));
#12192 = FACE_OUTER_BOUND('', #12191, .T.);
#12193 = FACETED_BREP_SHAPE_REPRESENTATION('', (#12192), #8);
#12194 = POLY_LOOP('', (#1737, #1741, #1743));
#12195 = FACE_OUTER_BOUND('', #12194, .T.);
#12196 = FACETED_BREP_SHAPE_REPRESENTATION('', (#12195), #8);
#12197 = POLY_LOOP('', (#1737, #1743, #1739));
#12198 = FACE_OUTER_BOUND('', #12197, .T.);
#12199 = FACETED_BREP_SHAPE_REPRESENTATION('', (#12198), #8);
#12200 = POLY_LOOP('', (#1740, #1744, #1745));
#12201 = FACE_OUTER_BOUND('', #12200, .T.);
#12202 = FACETED_BREP_SHAPE_REPRESENTATION('', (#12201), #8);
#12203 = POLY_LOOP('', (#1740, #1745, #1741));
#12204 = FACE_OUTER_BOUND('', #12203, .T.);
#12205 = FACETED_BREP_SHAPE_REPRESENTATION('', (#12204), #8);
#12206 = POLY_LOOP('', (#1742, #1747, #1746));
#12207 = FACE_OUTER_BOUND('', #12206, .T.);
#12208 = FACETED_BREP_SHAPE_REPRESENTATION('', (#12207), #8);
#12209 = POLY_LOOP('', (#1742, #1743, #1747));
#12210 = FACE_OUTER_BOUND('', #12209, .T.);
#12211 = FACETED_BREP_SHAPE_REPRESENTATION('', (#12210), #8);
#12212 = POLY_LOOP('', (#1740, #1746, #1744));
#12213 = FACE_OUTER_BOUND('', #12212, .T.);
#12214 = FACETED_BREP_SHAPE_REPRESENTATION('', (#12213), #8);
#12215 = POLY_LOOP('', (#1740, #1742, #1746));
#12216 = FACE_OUTER_BOUND('', #12215, .T.);
#12217 = FACETED_BREP_SHAPE_REPRESENTATION('', (#12216), #8);
#12218 = POLY_LOOP('', (#1741, #1745, #1747));
#12219 = FACE_OUTER_BOUND('', #12218, .T.);
#12220 = FACETED_BREP_SHAPE_REPRESENTATION('', (#12219), #8);
#12221 = POLY_LOOP('', (#1741, #1747, #1743));
#12222 = FACE_OUTER_BOUND('', #12221, .T.);
#12223 = FACETED_BREP_SHAPE_REPRESENTATION('', (#12222), #8);
#12224 = POLY_LOOP('', (#1744, #1748, #1749));
#12225 = FACE_OUTER_BOUND('', #12224, .T.);
#12226 = FACETED_BREP_SHAPE_REPRESENTATION('', (#12225), #8);
#12227 = POLY_LOOP('', (#1744, #1749, #1745));
#12228 = FACE_OUTER_BOUND('', #12227, .T.);
#12229 = FACETED_BREP_SHAPE_REPRESENTATION('', (#12228), #8);
#12230 = POLY_LOOP('', (#1746, #1751, #1750));
#12231 = FACE_OUTER_BOUND('', #12230, .T.);
#12232 = FACETED_BREP_SHAPE_REPRESENTATION('', (#12231), #8);
#12233 = POLY_LOOP('', (#1746, #1747, #1751));
#12234 = FACE_OUTER_BOUND('', #12233, .T.);
#12235 = FACETED_BREP_SHAPE_REPRESENTATION('', (#12234), #8);
#12236 = POLY_LOOP('', (#1744, #1750, #1748));
#12237 = FACE_OUTER_BOUND('', #12236, .T.);
#12238 = FACETED_BREP_SHAPE_REPRESENTATION('', (#12237), #8);
#12239 = POLY_LOOP('', (#1744, #1746, #1750));
#12240 = FACE_OUTER_BOUND('', #12239, .T.);
#12241 = FACETED_BREP_SHAPE_REPRESENTATION('', (#12240), #8);
#12242 = POLY_LOOP('', (#1745, #1749, #1751));
#12243 = FACE_OUTER_BOUND('', #12242, .T.);
#12244 = FACETED_BREP_SHAPE_REPRESENTATION('', (#12243), #8);
#12245 = POLY_LOOP('', (#1745, #1751, #1747));
#12246 = FACE_OUTER_BOUND('', #12245, .T.);
#12247 = FACETED_BREP_SHAPE_REPRESENTATION('', (#12246), #8);
#12248 = POLY_LOOP('', (#1748, #1752, #1753));
#12249 = FACE_OUTER_BOUND('', #12248, .T.);
#12250 = FACETED_BREP_SHAPE_REPRESENTATION('', (#12249), #8);
#12251 = POLY_LOOP('', (#1748, #1753, #1749));
#12252 = FACE_OUTER_BOUND('', #12251, .T.);
#12253 = FACETED_BREP_SHAPE_REPRESENTATION('', (#12252), #8);
#12254 = POLY_LOOP('', (#1750, #1755, #1754));
#12255 = FACE_OUTER_BOUND('', #12254, .T.);
#12256 = FACETED_BREP_SHAPE_REPRESENTATION('', (#12255), #8);
#12257 = POLY_LOOP('', (#1750, #1751, #1755));
#12258 = FACE_OUTER_BOUND('', #12257, .T.);
#12259 = FACETED_BREP_SHAPE_REPRESENTATION('', (#12258), #8);
#12260 = POLY_LOOP('', (#1748, #1754, #1752));
#12261 = FACE_OUTER_BOUND('', #12260, .T.);
#12262 = FACETED_BREP_SHAPE_REPRESENTATION('', (#12261), #8);
#12263 = POLY_LOOP('', (#1748, #1750, #1754));
#12264 = FACE_OUTER_BOUND('', #12263, .T.);
#12265 = FACETED_BREP_SHAPE_REPRESENTATION('', (#12264), #8);
#12266 = POLY_LOOP('', (#1749, #1753, #1755));
#12267 = FACE_OUTER_BOUND('', #12266, .T.);
#12268 = FACETED_BREP_SHAPE_REPRESENTATION('', (#12267), #8);
#12269 = POLY_LOOP('', (#1749, #1755, #1751));
#12270 = FACE_OUTER_BOUND('', #12269, .T.);
#12271 = FACETED_BREP_SHAPE_REPRESENTATION('', (#12270), #8);
#12272 = POLY_LOOP('', (#1752, #1756, #1757));
#12273 = FACE_OUTER_BOUND('', #12272, .T.);
#12274 = FACETED_BREP_SHAPE_REPRESENTATION('', (#12273), #8);
#12275 = POLY_LOOP('', (#1752, #1757, #1753));
#12276 = FACE_OUTER_BOUND('', #12275, .T.);
#12277 = FACETED_BREP_SHAPE_REPRESENTATION('', (#12276), #8);
#12278 = POLY_LOOP('', (#1754, #1759, #1758));
#12279 = FACE_OUTER_BOUND('', #12278, .T.);
#12280 = FACETED_BREP_SHAPE_REPRESENTATION('', (#12279), #8);
#12281 = POLY_LOOP('', (#1754, #1755, #1759));
#12282 = FACE_OUTER_BOUND('', #12281, .T.);
#12283 = FACETED_BREP_SHAPE_REPRESENTATION('', (#12282), #8);
#12284 = POLY_LOOP('', (#1752, #1758, #1756));
#12285 = FACE_OUTER_BOUND('', #12284, .T.);
#12286 = FACETED_BREP_SHAPE_REPRESENTATION('', (#12285), #8);
#12287 = POLY_LOOP('', (#1752, #1754, #1758));
#12288 = FACE_OUTER_BOUND('', #12287, .T.);
#12289 = FACETED_BREP_SHAPE_REPRESENTATION('', (#12288), #8);
#12290 = POLY_LOOP('', (#1753, #1757, #1759));
#12291 = FACE_OUTER_BOUND('', #12290, .T.);
#12292 = FACETED_BREP_SHAPE_REPRESENTATION('', (#12291), #8);
#12293 = POLY_LOOP('', (#1753, #1759, #1755));
#12294 = FACE_OUTER_BOUND('', #12293, .T.);
#12295 = FACETED_BREP_SHAPE_REPRESENTATION('', (#12294), #8);
#12296 = POLY_LOOP('', (#1756, #1760, #1761));
#12297 = FACE_OUTER_BOUND('', #12296, .T.);
#12298 = FACETED_BREP_SHAPE_REPRESENTATION('', (#12297), #8);
#12299 = POLY_LOOP('', (#1756, #1761, #1757));
#12300 = FACE_OUTER_BOUND('', #12299, .T.);
#12301 = FACETED_BREP_SHAPE_REPRESENTATION('', (#12300), #8);
#12302 = POLY_LOOP('', (#1758, #1763, #1762));
#12303 = FACE_OUTER_BOUND('', #12302, .T.);
#12304 = FACETED_BREP_SHAPE_REPRESENTATION('', (#12303), #8);
#12305 = POLY_LOOP('', (#1758, #1759, #1763));
#12306 = FACE_OUTER_BOUND('', #12305, .T.);
#12307 = FACETED_BREP_SHAPE_REPRESENTATION('', (#12306), #8);
#12308 = POLY_LOOP('', (#1756, #1762, #1760));
#12309 = FACE_OUTER_BOUND('', #12308, .T.);
#12310 = FACETED_BREP_SHAPE_REPRESENTATION('', (#12309), #8);
#12311 = POLY_LOOP('', (#1756, #1758, #1762));
#12312 = FACE_OUTER_BOUND('', #12311, .T.);
#12313 = FACETED_BREP_SHAPE_REPRESENTATION('', (#12312), #8);
#12314 = POLY_LOOP('', (#1757, #1761, #1763));
#12315 = FACE_OUTER_BOUND('', #12314, .T.);
#12316 = FACETED_BREP_SHAPE_REPRESENTATION('', (#12315), #8);
#12317 = POLY_LOOP('', (#1757, #1763, #1759));
#12318 = FACE_OUTER_BOUND('', #12317, .T.);
#12319 = FACETED_BREP_SHAPE_REPRESENTATION('', (#12318), #8);
#12320 = POLY_LOOP('', (#1760, #1764, #1765));
#12321 = FACE_OUTER_BOUND('', #12320, .T.);
#12322 = FACETED_BREP_SHAPE_REPRESENTATION('', (#12321), #8);
#12323 = POLY_LOOP('', (#1760, #1765, #1761));
#12324 = FACE_OUTER_BOUND('', #12323, .T.);
#12325 = FACETED_BREP_SHAPE_REPRESENTATION('', (#12324), #8);
#12326 = POLY_LOOP('', (#1762, #1767, #1766));
#12327 = FACE_OUTER_BOUND('', #12326, .T.);
#12328 = FACETED_BREP_SHAPE_REPRESENTATION('', (#12327), #8);
#12329 = POLY_LOOP('', (#1762, #1763, #1767));
#12330 = FACE_OUTER_BOUND('', #12329, .T.);
#12331 = FACETED_BREP_SHAPE_REPRESENTATION('', (#12330), #8);
#12332 = POLY_LOOP('', (#1760, #1766, #1764));
#12333 = FACE_OUTER_BOUND('', #12332, .T.);
#12334 = FACETED_BREP_SHAPE_REPRESENTATION('', (#12333), #8);
#12335 = POLY_LOOP('', (#1760, #1762, #1766));
#12336 = FACE_OUTER_BOUND('', #12335, .T.);
#12337 = FACETED_BREP_SHAPE_REPRESENTATION('', (#12336), #8);
#12338 = POLY_LOOP('', (#1761, #1765, #1767));
#12339 = FACE_OUTER_BOUND('', #12338, .T.);
#12340 = FACETED_BREP_SHAPE_REPRESENTATION('', (#12339), #8);
#12341 = POLY_LOOP('', (#1761, #1767, #1763));
#12342 = FACE_OUTER_BOUND('', #12341, .T.);
#12343 = FACETED_BREP_SHAPE_REPRESENTATION('', (#12342), #8);
#12344 = POLY_LOOP('', (#1768, #1772, #1773));
#12345 = FACE_OUTER_BOUND('', #12344, .T.);
#12346 = FACETED_BREP_SHAPE_REPRESENTATION('', (#12345), #8);
#12347 = POLY_LOOP('', (#1768, #1773, #1769));
#12348 = FACE_OUTER_BOUND('', #12347, .T.);
#12349 = FACETED_BREP_SHAPE_REPRESENTATION('', (#12348), #8);
#12350 = POLY_LOOP('', (#1770, #1775, #1774));
#12351 = FACE_OUTER_BOUND('', #12350, .T.);
#12352 = FACETED_BREP_SHAPE_REPRESENTATION('', (#12351), #8);
#12353 = POLY_LOOP('', (#1770, #1771, #1775));
#12354 = FACE_OUTER_BOUND('', #12353, .T.);
#12355 = FACETED_BREP_SHAPE_REPRESENTATION('', (#12354), #8);
#12356 = POLY_LOOP('', (#1768, #1774, #1772));
#12357 = FACE_OUTER_BOUND('', #12356, .T.);
#12358 = FACETED_BREP_SHAPE_REPRESENTATION('', (#12357), #8);
#12359 = POLY_LOOP('', (#1768, #1770, #1774));
#12360 = FACE_OUTER_BOUND('', #12359, .T.);
#12361 = FACETED_BREP_SHAPE_REPRESENTATION('', (#12360), #8);
#12362 = POLY_LOOP('', (#1769, #1773, #1775));
#12363 = FACE_OUTER_BOUND('', #12362, .T.);
#12364 = FACETED_BREP_SHAPE_REPRESENTATION('', (#12363), #8);
#12365 = POLY_LOOP('', (#1769, #1775, #1771));
#12366 = FACE_OUTER_BOUND('', #12365, .T.);
#12367 = FACETED_BREP_SHAPE_REPRESENTATION('', (#12366), #8);
#12368 = POLY_LOOP('', (#1772, #1776, #1777));
#12369 = FACE_OUTER_BOUND('', #12368, .T.);
#12370 = FACETED_BREP_SHAPE_REPRESENTATION('', (#12369), #8);
#12371 = POLY_LOOP('', (#1772, #1777, #1773));
#12372 = FACE_OUTER_BOUND('', #12371, .T.);
#12373 = FACETED_BREP_SHAPE_REPRESENTATION('', (#12372), #8);
#12374 = POLY_LOOP('', (#1774, #1779, #1778));
#12375 = FACE_OUTER_BOUND('', #12374, .T.);
#12376 = FACETED_BREP_SHAPE_REPRESENTATION('', (#12375), #8);
#12377 = POLY_LOOP('', (#1774, #1775, #1779));
#12378 = FACE_OUTER_BOUND('', #12377, .T.);
#12379 = FACETED_BREP_SHAPE_REPRESENTATION('', (#12378), #8);
#12380 = POLY_LOOP('', (#1772, #1778, #1776));
#12381 = FACE_OUTER_BOUND('', #12380, .T.);
#12382 = FACETED_BREP_SHAPE_REPRESENTATION('', (#12381), #8);
#12383 = POLY_LOOP('', (#1772, #1774, #1778));
#12384 = FACE_OUTER_BOUND('', #12383, .T.);
#12385 = FACETED_BREP_SHAPE_REPRESENTATION('', (#12384), #8);
#12386 = POLY_LOOP('', (#1773, #1777, #1779));
#12387 = FACE_OUTER_BOUND('', #12386, .T.);
#12388 = FACETED_BREP_SHAPE_REPRESENTATION('', (#12387), #8);
#12389 = POLY_LOOP('', (#1773, #1779, #1775));
#12390 = FACE_OUTER_BOUND('', #12389, .T.);
#12391 = FACETED_BREP_SHAPE_REPRESENTATION('', (#12390), #8);
#12392 = POLY_LOOP('', (#1776, #1780, #1781));
#12393 = FACE_OUTER_BOUND('', #12392, .T.);
#12394 = FACETED_BREP_SHAPE_REPRESENTATION('', (#12393), #8);
#12395 = POLY_LOOP('', (#1776, #1781, #1777));
#12396 = FACE_OUTER_BOUND('', #12395, .T.);
#12397 = FACETED_BREP_SHAPE_REPRESENTATION('', (#12396), #8);
#12398 = POLY_LOOP('', (#1778, #1783, #1782));
#12399 = FACE_OUTER_BOUND('', #12398, .T.);
#12400 = FACETED_BREP_SHAPE_REPRESENTATION('', (#12399), #8);
#12401 = POLY_LOOP('', (#1778, #1779, #1783));
#12402 = FACE_OUTER_BOUND('', #12401, .T.);
#12403 = FACETED_BREP_SHAPE_REPRESENTATION('', (#12402), #8);
#12404 = POLY_LOOP('', (#1776, #1782, #1780));
#12405 = FACE_OUTER_BOUND('', #12404, .T.);
#12406 = FACETED_BREP_SHAPE_REPRESENTATION('', (#12405), #8);
#12407 = POLY_LOOP('', (#1776, #1778, #1782));
#12408 = FACE_OUTER_BOUND('', #12407, .T.);
#12409 = FACETED_BREP_SHAPE_REPRESENTATION('', (#12408), #8);
#12410 = POLY_LOOP('', (#1777, #1781, #1783));
#12411 = FACE_OUTER_BOUND('', #12410, .T.);
#12412 = FACETED_BREP_SHAPE_REPRESENTATION('', (#12411), #8);
#12413 = POLY_LOOP('', (#1777, #1783, #1779));
#12414 = FACE_OUTER_BOUND('', #12413, .T.);
#12415 = FACETED_BREP_SHAPE_REPRESENTATION('', (#12414), #8);
#12416 = POLY_LOOP('', (#1780, #1784, #1785));
#12417 = FACE_OUTER_BOUND('', #12416, .T.);
#12418 = FACETED_BREP_SHAPE_REPRESENTATION('', (#12417), #8);
#12419 = POLY_LOOP('', (#1780, #1785, #1781));
#12420 = FACE_OUTER_BOUND('', #12419, .T.);
#12421 = FACETED_BREP_SHAPE_REPRESENTATION('', (#12420), #8);
#12422 = POLY_LOOP('', (#1782, #1787, #1786));
#12423 = FACE_OUTER_BOUND('', #12422, .T.);
#12424 = FACETED_BREP_SHAPE_REPRESENTATION('', (#12423), #8);
#12425 = POLY_LOOP('', (#1782, #1783, #1787));
#12426 = FACE_OUTER_BOUND('', #12425, .T.);
#12427 = FACETED_BREP_SHAPE_REPRESENTATION('', (#12426), #8);
#12428 = POLY_LOOP('', (#1780, #1786, #1784));
#12429 = FACE_OUTER_BOUND('', #12428, .T.);
#12430 = FACETED_BREP_SHAPE_REPRESENTATION('', (#12429), #8);
#12431 = POLY_LOOP('', (#1780, #1782, #1786));
#12432 = FACE_OUTER_BOUND('', #12431, .T.);
#12433 = FACETED_BREP_SHAPE_REPRESENTATION('', (#12432), #8);
#12434 = POLY_LOOP('', (#1781, #1785, #1787));
#12435 = FACE_OUTER_BOUND('', #12434, .T.);
#12436 = FACETED_BREP_SHAPE_REPRESENTATION('', (#12435), #8);
#12437 = POLY_LOOP('', (#1781, #1787, #1783));
#12438 = FACE_OUTER_BOUND('', #12437, .T.);
#12439 = FACETED_BREP_SHAPE_REPRESENTATION('', (#12438), #8);
#12440 = POLY_LOOP('', (#1784, #1788, #1789));
#12441 = FACE_OUTER_BOUND('', #12440, .T.);
#12442 = FACETED_BREP_SHAPE_REPRESENTATION('', (#12441), #8);
#12443 = POLY_LOOP('', (#1784, #1789, #1785));
#12444 = FACE_OUTER_BOUND('', #12443, .T.);
#12445 = FACETED_BREP_SHAPE_REPRESENTATION('', (#12444), #8);
#12446 = POLY_LOOP('', (#1786, #1791, #1790));
#12447 = FACE_OUTER_BOUND('', #12446, .T.);
#12448 = FACETED_BREP_SHAPE_REPRESENTATION('', (#12447), #8);
#12449 = POLY_LOOP('', (#1786, #1787, #1791));
#12450 = FACE_OUTER_BOUND('', #12449, .T.);
#12451 = FACETED_BREP_SHAPE_REPRESENTATION('', (#12450), #8);
#12452 = POLY_LOOP('', (#1784, #1790, #1788));
#12453 = FACE_OUTER_BOUND('', #12452, .T.);
#12454 = FACETED_BREP_SHAPE_REPRESENTATION('', (#12453), #8);
#12455 = POLY_LOOP('', (#1784, #1786, #1790));
#12456 = FACE_OUTER_BOUND('', #12455, .T.);
#12457 = FACETED_BREP_SHAPE_REPRESENTATION('', (#12456), #8);
#12458 = POLY_LOOP('', (#1785, #1789, #1791));
#12459 = FACE_OUTER_BOUND('', #12458, .T.);
#12460 = FACETED_BREP_SHAPE_REPRESENTATION('', (#12459), #8);
#12461 = POLY_LOOP('', (#1785, #1791, #1787));
#12462 = FACE_OUTER_BOUND('', #12461, .T.);
#12463 = FACETED_BREP_SHAPE_REPRESENTATION('', (#12462), #8);
#12464 = POLY_LOOP('', (#1788, #1792, #1793));
#12465 = FACE_OUTER_BOUND('', #12464, .T.);
#12466 = FACETED_BREP_SHAPE_REPRESENTATION('', (#12465), #8);
#12467 = POLY_LOOP('', (#1788, #1793, #1789));
#12468 = FACE_OUTER_BOUND('', #12467, .T.);
#12469 = FACETED_BREP_SHAPE_REPRESENTATION('', (#12468), #8);
#12470 = POLY_LOOP('', (#1790, #1795, #1794));
#12471 = FACE_OUTER_BOUND('', #12470, .T.);
#12472 = FACETED_BREP_SHAPE_REPRESENTATION('', (#12471), #8);
#12473 = POLY_LOOP('', (#1790, #1791, #1795));
#12474 = FACE_OUTER_BOUND('', #12473, .T.);
#12475 = FACETED_BREP_SHAPE_REPRESENTATION('', (#12474), #8);
#12476 = POLY_LOOP('', (#1788, #1794, #1792));
#12477 = FACE_OUTER_BOUND('', #12476, .T.);
#12478 = FACETED_BREP_SHAPE_REPRESENTATION('', (#12477), #8);
#12479 = POLY_LOOP('', (#1788, #1790, #1794));
#12480 = FACE_OUTER_BOUND('', #12479, .T.);
#12481 = FACETED_BREP_SHAPE_REPRESENTATION('', (#12480), #8);
#12482 = POLY_LOOP('', (#1789, #1793, #1795));
#12483 = FACE_OUTER_BOUND('', #12482, .T.);
#12484 = FACETED_BREP_SHAPE_REPRESENTATION('', (#12483), #8);
#12485 = POLY_LOOP('', (#1789, #1795, #1791));
#12486 = FACE_OUTER_BOUND('', #12485, .T.);
#12487 = FACETED_BREP_SHAPE_REPRESENTATION('', (#12486), #8);
#12488 = POLY_LOOP('', (#1792, #1796, #1797));
#12489 = FACE_OUTER_BOUND('', #12488, .T.);
#12490 = FACETED_BREP_SHAPE_REPRESENTATION('', (#12489), #8);
#12491 = POLY_LOOP('', (#1792, #1797, #1793));
#12492 = FACE_OUTER_BOUND('', #12491, .T.);
#12493 = FACETED_BREP_SHAPE_REPRESENTATION('', (#12492), #8);
#12494 = POLY_LOOP('', (#1794, #1799, #1798));
#12495 = FACE_OUTER_BOUND('', #12494, .T.);
#12496 = FACETED_BREP_SHAPE_REPRESENTATION('', (#12495), #8);
#12497 = POLY_LOOP('', (#1794, #1795, #1799));
#12498 = FACE_OUTER_BOUND('', #12497, .T.);
#12499 = FACETED_BREP_SHAPE_REPRESENTATION('', (#12498), #8);
#12500 = POLY_LOOP('', (#1792, #1798, #1796));
#12501 = FACE_OUTER_BOUND('', #12500, .T.);
#12502 = FACETED_BREP_SHAPE_REPRESENTATION('', (#12501), #8);
#12503 = POLY_LOOP('', (#1792, #1794, #1798));
#12504 = FACE_OUTER_BOUND('', #12503, .T.);
#12505 = FACETED_BREP_SHAPE_REPRESENTATION('', (#12504), #8);
#12506 = POLY_LOOP('', (#1793, #1797, #1799));
#12507 = FACE_OUTER_BOUND('', #12506, .T.);
#12508 = FACETED_BREP_SHAPE_REPRESENTATION('', (#12507), #8);
#12509 = POLY_LOOP('', (#1793, #1799, #1795));
#12510 = FACE_OUTER_BOUND('', #12509, .T.);
#12511 = FACETED_BREP_SHAPE_REPRESENTATION('', (#12510), #8);
#12512 = POLY_LOOP('', (#1796, #1800, #1801));
#12513 = FACE_OUTER_BOUND('', #12512, .T.);
#12514 = FACETED_BREP_SHAPE_REPRESENTATION('', (#12513), #8);
#12515 = POLY_LOOP('', (#1796, #1801, #1797));
#12516 = FACE_OUTER_BOUND('', #12515, .T.);
#12517 = FACETED_BREP_SHAPE_REPRESENTATION('', (#12516), #8);
#12518 = POLY_LOOP('', (#1798, #1803, #1802));
#12519 = FACE_OUTER_BOUND('', #12518, .T.);
#12520 = FACETED_BREP_SHAPE_REPRESENTATION('', (#12519), #8);
#12521 = POLY_LOOP('', (#1798, #1799, #1803));
#12522 = FACE_OUTER_BOUND('', #12521, .T.);
#12523 = FACETED_BREP_SHAPE_REPRESENTATION('', (#12522), #8);
#12524 = POLY_LOOP('', (#1796, #1802, #1800));
#12525 = FACE_OUTER_BOUND('', #12524, .T.);
#12526 = FACETED_BREP_SHAPE_REPRESENTATION('', (#12525), #8);
#12527 = POLY_LOOP('', (#1796, #1798, #1802));
#12528 = FACE_OUTER_BOUND('', #12527, .T.);
#12529 = FACETED_BREP_SHAPE_REPRESENTATION('', (#12528), #8);
#12530 = POLY_LOOP('', (#1797, #1801, #1803));
#12531 = FACE_OUTER_BOUND('', #12530, .T.);
#12532 = FACETED_BREP_SHAPE_REPRESENTATION('', (#12531), #8);
#12533 = POLY_LOOP('', (#1797, #1803, #1799));
#12534 = FACE_OUTER_BOUND('', #12533, .T.);
#12535 = FACETED_BREP_SHAPE_REPRESENTATION('', (#12534), #8);
#12536 = POLY_LOOP('', (#1800, #1804, #1805));
#12537 = FACE_OUTER_BOUND('', #12536, .T.);
#12538 = FACETED_BREP_SHAPE_REPRESENTATION('', (#12537), #8);
#12539 = POLY_LOOP('', (#1800, #1805, #1801));
#12540 = FACE_OUTER_BOUND('', #12539, .T.);
#12541 = FACETED_BREP_SHAPE_REPRESENTATION('', (#12540), #8);
#12542 = POLY_LOOP('', (#1802, #1807, #1806));
#12543 = FACE_OUTER_BOUND('', #12542, .T.);
#12544 = FACETED_BREP_SHAPE_REPRESENTATION('', (#12543), #8);
#12545 = POLY_LOOP('', (#1802, #1803, #1807));
#12546 = FACE_OUTER_BOUND('', #12545, .T.);
#12547 = FACETED_BREP_SHAPE_REPRESENTATION('', (#12546), #8);
#12548 = POLY_LOOP('', (#1800, #1806, #1804));
#12549 = FACE_OUTER_BOUND('', #12548, .T.);
#12550 = FACETED_BREP_SHAPE_REPRESENTATION('', (#12549), #8);
#12551 = POLY_LOOP('', (#1800, #1802, #1806));
#12552 = FACE_OUTER_BOUND('', #12551, .T.);
#12553 = FACETED_BREP_SHAPE_REPRESENTATION('', (#12552), #8);
#12554 = POLY_LOOP('', (#1801, #1805, #1807));
#12555 = FACE_OUTER_BOUND('', #12554, .T.);
#12556 = FACETED_BREP_SHAPE_REPRESENTATION('', (#12555), #8);
#12557 = POLY_LOOP('', (#1801, #1807, #1803));
#12558 = FACE_OUTER_BOUND('', #12557, .T.);
#12559 = FACETED_BREP_SHAPE_REPRESENTATION('', (#12558), #8);
#12560 = POLY_LOOP('', (#1804, #1808, #1809));
#12561 = FACE_OUTER_BOUND('', #12560, .T.);
#12562 = FACETED_BREP_SHAPE_REPRESENTATION('', (#12561), #8);
#12563 = POLY_LOOP('', (#1804, #1809, #1805));
#12564 = FACE_OUTER_BOUND('', #12563, .T.);
#12565 = FACETED_BREP_SHAPE_REPRESENTATION('', (#12564), #8);
#12566 = POLY_LOOP('', (#1806, #1811, #1810));
#12567 = FACE_OUTER_BOUND('', #12566, .T.);
#12568 = FACETED_BREP_SHAPE_REPRESENTATION('', (#12567), #8);
#12569 = POLY_LOOP('', (#1806, #1807, #1811));
#12570 = FACE_OUTER_BOUND('', #12569, .T.);
#12571 = FACETED_BREP_SHAPE_REPRESENTATION('', (#12570), #8);
#12572 = POLY_LOOP('', (#1804, #1810, #1808));
#12573 = FACE_OUTER_BOUND('', #12572, .T.);
#12574 = FACETED_BREP_SHAPE_REPRESENTATION('', (#12573), #8);
#12575 = POLY_LOOP('', (#1804, #1806, #1810));
#12576 = FACE_OUTER_BOUND('', #12575, .T.);
#12577 = FACETED_BREP_SHAPE_REPRESENTATION('', (#12576), #8);
#12578 = POLY_LOOP('', (#1805, #1809, #1811));
#12579 = FACE_OUTER_BOUND('', #12578, .T.);
#12580 = FACETED_BREP_SHAPE_REPRESENTATION('', (#12579), #8);
#12581 = POLY_LOOP('', (#1805, #1811, #1807));
#12582 = FACE_OUTER_BOUND('', #12581, .T.);
#12583 = FACETED_BREP_SHAPE_REPRESENTATION('', (#12582), #8);
#12584 = POLY_LOOP('', (#1812, #1816, #1817));
#12585 = FACE_OUTER_BOUND('', #12584, .T.);
#12586 = FACETED_BREP_SHAPE_REPRESENTATION('', (#12585), #8);
#12587 = POLY_LOOP('', (#1812, #1817, #1813));
#12588 = FACE_OUTER_BOUND('', #12587, .T.);
#12589 = FACETED_BREP_SHAPE_REPRESENTATION('', (#12588), #8);
#12590 = POLY_LOOP('', (#1814, #1819, #1818));
#12591 = FACE_OUTER_BOUND('', #12590, .T.);
#12592 = FACETED_BREP_SHAPE_REPRESENTATION('', (#12591), #8);
#12593 = POLY_LOOP('', (#1814, #1815, #1819));
#12594 = FACE_OUTER_BOUND('', #12593, .T.);
#12595 = FACETED_BREP_SHAPE_REPRESENTATION('', (#12594), #8);
#12596 = POLY_LOOP('', (#1812, #1818, #1816));
#12597 = FACE_OUTER_BOUND('', #12596, .T.);
#12598 = FACETED_BREP_SHAPE_REPRESENTATION('', (#12597), #8);
#12599 = POLY_LOOP('', (#1812, #1814, #1818));
#12600 = FACE_OUTER_BOUND('', #12599, .T.);
#12601 = FACETED_BREP_SHAPE_REPRESENTATION('', (#12600), #8);
#12602 = POLY_LOOP('', (#1813, #1817, #1819));
#12603 = FACE_OUTER_BOUND('', #12602, .T.);
#12604 = FACETED_BREP_SHAPE_REPRESENTATION('', (#12603), #8);
#12605 = POLY_LOOP('', (#1813, #1819, #1815));
#12606 = FACE_OUTER_BOUND('', #12605, .T.);
#12607 = FACETED_BREP_SHAPE_REPRESENTATION('', (#12606), #8);
#12608 = POLY_LOOP('', (#1816, #1820, #1821));
#12609 = FACE_OUTER_BOUND('', #12608, .T.);
#12610 = FACETED_BREP_SHAPE_REPRESENTATION('', (#12609), #8);
#12611 = POLY_LOOP('', (#1816, #1821, #1817));
#12612 = FACE_OUTER_BOUND('', #12611, .T.);
#12613 = FACETED_BREP_SHAPE_REPRESENTATION('', (#12612), #8);
#12614 = POLY_LOOP('', (#1818, #1823, #1822));
#12615 = FACE_OUTER_BOUND('', #12614, .T.);
#12616 = FACETED_BREP_SHAPE_REPRESENTATION('', (#12615), #8);
#12617 = POLY_LOOP('', (#1818, #1819, #1823));
#12618 = FACE_OUTER_BOUND('', #12617, .T.);
#12619 = FACETED_BREP_SHAPE_REPRESENTATION('', (#12618), #8);
#12620 = POLY_LOOP('', (#1816, #1822, #1820));
#12621 = FACE_OUTER_BOUND('', #12620, .T.);
#12622 = FACETED_BREP_SHAPE_REPRESENTATION('', (#12621), #8);
#12623 = POLY_LOOP('', (#1816, #1818, #1822));
#12624 = FACE_OUTER_BOUND('', #12623, .T.);
#12625 = FACETED_BREP_SHAPE_REPRESENTATION('', (#12624), #8);
#12626 = POLY_LOOP('', (#1817, #1821, #1823));
#12627 = FACE_OUTER_BOUND('', #12626, .T.);
#12628 = FACETED_BREP_SHAPE_REPRESENTATION('', (#12627), #8);
#12629 = POLY_LOOP('', (#1817, #1823, #1819));
#12630 = FACE_OUTER_BOUND('', #12629, .T.);
#12631 = FACETED_BREP_SHAPE_REPRESENTATION('', (#12630), #8);
#12632 = POLY_LOOP('', (#1820, #1824, #1825));
#12633 = FACE_OUTER_BOUND('', #12632, .T.);
#12634 = FACETED_BREP_SHAPE_REPRESENTATION('', (#12633), #8);
#12635 = POLY_LOOP('', (#1820, #1825, #1821));
#12636 = FACE_OUTER_BOUND('', #12635, .T.);
#12637 = FACETED_BREP_SHAPE_REPRESENTATION('', (#12636), #8);
#12638 = POLY_LOOP('', (#1822, #1827, #1826));
#12639 = FACE_OUTER_BOUND('', #12638, .T.);
#12640 = FACETED_BREP_SHAPE_REPRESENTATION('', (#12639), #8);
#12641 = POLY_LOOP('', (#1822, #1823, #1827));
#12642 = FACE_OUTER_BOUND('', #12641, .T.);
#12643 = FACETED_BREP_SHAPE_REPRESENTATION('', (#12642), #8);
#12644 = POLY_LOOP('', (#1820, #1826, #1824));
#12645 = FACE_OUTER_BOUND('', #12644, .T.);
#12646 = FACETED_BREP_SHAPE_REPRESENTATION('', (#12645), #8);
#12647 = POLY_LOOP('', (#1820, #1822, #1826));
#12648 = FACE_OUTER_BOUND('', #12647, .T.);
#12649 = FACETED_BREP_SHAPE_REPRESENTATION('', (#12648), #8);
#12650 = POLY_LOOP('', (#1821, #1825, #1827));
#12651 = FACE_OUTER_BOUND('', #12650, .T.);
#12652 = FACETED_BREP_SHAPE_REPRESENTATION('', (#12651), #8);
#12653 = POLY_LOOP('', (#1821, #1827, #1823));
#12654 = FACE_OUTER_BOUND('', #12653, .T.);
#12655 = FACETED_BREP_SHAPE_REPRESENTATION('', (#12654), #8);
#12656 = POLY_LOOP('', (#1824, #1828, #1829));
#12657 = FACE_OUTER_BOUND('', #12656, .T.);
#12658 = FACETED_BREP_SHAPE_REPRESENTATION('', (#12657), #8);
#12659 = POLY_LOOP('', (#1824, #1829, #1825));
#12660 = FACE_OUTER_BOUND('', #12659, .T.);
#12661 = FACETED_BREP_SHAPE_REPRESENTATION('', (#12660), #8);
#12662 = POLY_LOOP('', (#1826, #1831, #1830));
#12663 = FACE_OUTER_BOUND('', #12662, .T.);
#12664 = FACETED_BREP_SHAPE_REPRESENTATION('', (#12663), #8);
#12665 = POLY_LOOP('', (#1826, #1827, #1831));
#12666 = FACE_OUTER_BOUND('', #12665, .T.);
#12667 = FACETED_BREP_SHAPE_REPRESENTATION('', (#12666), #8);
#12668 = POLY_LOOP('', (#1824, #1830, #1828));
#12669 = FACE_OUTER_BOUND('', #12668, .T.);
#12670 = FACETED_BREP_SHAPE_REPRESENTATION('', (#12669), #8);
#12671 = POLY_LOOP('', (#1824, #1826, #1830));
#12672 = FACE_OUTER_BOUND('', #12671, .T.);
#12673 = FACETED_BREP_SHAPE_REPRESENTATION('', (#12672), #8);
#12674 = POLY_LOOP('', (#1825, #1829, #1831));
#12675 = FACE_OUTER_BOUND('', #12674, .T.);
#12676 = FACETED_BREP_SHAPE_REPRESENTATION('', (#12675), #8);
#12677 = POLY_LOOP('', (#1825, #1831, #1827));
#12678 = FACE_OUTER_BOUND('', #12677, .T.);
#12679 = FACETED_BREP_SHAPE_REPRESENTATION('', (#12678), #8);
#12680 = POLY_LOOP('', (#1828, #1832, #1833));
#12681 = FACE_OUTER_BOUND('', #12680, .T.);
#12682 = FACETED_BREP_SHAPE_REPRESENTATION('', (#12681), #8);
#12683 = POLY_LOOP('', (#1828, #1833, #1829));
#12684 = FACE_OUTER_BOUND('', #12683, .T.);
#12685 = FACETED_BREP_SHAPE_REPRESENTATION('', (#12684), #8);
#12686 = POLY_LOOP('', (#1830, #1835, #1834));
#12687 = FACE_OUTER_BOUND('', #12686, .T.);
#12688 = FACETED_BREP_SHAPE_REPRESENTATION('', (#12687), #8);
#12689 = POLY_LOOP('', (#1830, #1831, #1835));
#12690 = FACE_OUTER_BOUND('', #12689, .T.);
#12691 = FACETED_BREP_SHAPE_REPRESENTATION('', (#12690), #8);
#12692 = POLY_LOOP('', (#1828, #1834, #1832));
#12693 = FACE_OUTER_BOUND('', #12692, .T.);
#12694 = FACETED_BREP_SHAPE_REPRESENTATION('', (#12693), #8);
#12695 = POLY_LOOP('', (#1828, #1830, #1834));
#12696 = FACE_OUTER_BOUND('', #12695, .T.);
#12697 = FACETED_BREP_SHAPE_REPRESENTATION('', (#12696), #8);
#12698 = POLY_LOOP('', (#1829, #1833, #1835));
#12699 = FACE_OUTER_BOUND('', #12698, .T.);
#12700 = FACETED_BREP_SHAPE_REPRESENTATION('', (#12699), #8);
#12701 = POLY_LOOP('', (#1829, #1835, #1831));
#12702 = FACE_OUTER_BOUND('', #12701, .T.);
#12703 = FACETED_BREP_SHAPE_REPRESENTATION('', (#12702), #8);
#12704 = POLY_LOOP('', (#1832, #1836, #1837));
#12705 = FACE_OUTER_BOUND('', #12704, .T.);
#12706 = FACETED_BREP_SHAPE_REPRESENTATION('', (#12705), #8);
#12707 = POLY_LOOP('', (#1832, #1837, #1833));
#12708 = FACE_OUTER_BOUND('', #12707, .T.);
#12709 = FACETED_BREP_SHAPE_REPRESENTATION('', (#12708), #8);
#12710 = POLY_LOOP('', (#1834, #1839, #1838));
#12711 = FACE_OUTER_BOUND('', #12710, .T.);
#12712 = FACETED_BREP_SHAPE_REPRESENTATION('', (#12711), #8);
#12713 = POLY_LOOP('', (#1834, #1835, #1839));
#12714 = FACE_OUTER_BOUND('', #12713, .T.);
#12715 = FACETED_BREP_SHAPE_REPRESENTATION('', (#12714), #8);
#12716 = POLY_LOOP('', (#1832, #1838, #1836));
#12717 = FACE_OUTER_BOUND('', #12716, .T.);
#12718 = FACETED_BREP_SHAPE_REPRESENTATION('', (#12717), #8);
#12719 = POLY_LOOP('', (#1832, #1834, #1838));
#12720 = FACE_OUTER_BOUND('', #12719, .T.);
#12721 = FACETED_BREP_SHAPE_REPRESENTATION('', (#12720), #8);
#12722 = POLY_LOOP('', (#1833, #1837, #1839));
#12723 = FACE_OUTER_BOUND('', #12722, .T.);
#12724 = FACETED_BREP_SHAPE_REPRESENTATION('', (#12723), #8);
#12725 = POLY_LOOP('', (#1833, #1839, #1835));
#12726 = FACE_OUTER_BOUND('', #12725, .T.);
#12727 = FACETED_BREP_SHAPE_REPRESENTATION('', (#12726), #8);
#12728 = POLY_LOOP('', (#1836, #1840, #1841));
#12729 = FACE_OUTER_BOUND('', #12728, .T.);
#12730 = FACETED_BREP_SHAPE_REPRESENTATION('', (#12729), #8);
#12731 = POLY_LOOP('', (#1836, #1841, #1837));
#12732 = FACE_OUTER_BOUND('', #12731, .T.);
#12733 = FACETED_BREP_SHAPE_REPRESENTATION('', (#12732), #8);
#12734 = POLY_LOOP('', (#1838, #1843, #1842));
#12735 = FACE_OUTER_BOUND('', #12734, .T.);
#12736 = FACETED_BREP_SHAPE_REPRESENTATION('', (#12735), #8);
#12737 = POLY_LOOP('', (#1838, #1839, #1843));
#12738 = FACE_OUTER_BOUND('', #12737, .T.);
#12739 = FACETED_BREP_SHAPE_REPRESENTATION('', (#12738), #8);
#12740 = POLY_LOOP('', (#1836, #1842, #1840));
#12741 = FACE_OUTER_BOUND('', #12740, .T.);
#12742 = FACETED_BREP_SHAPE_REPRESENTATION('', (#12741), #8);
#12743 = POLY_LOOP('', (#1836, #1838, #1842));
#12744 = FACE_OUTER_BOUND('', #12743, .T.);
#12745 = FACETED_BREP_SHAPE_REPRESENTATION('', (#12744), #8);
#12746 = POLY_LOOP('', (#1837, #1841, #1843));
#12747 = FACE_OUTER_BOUND('', #12746, .T.);
#12748 = FACETED_BREP_SHAPE_REPRESENTATION('', (#12747), #8);
#12749 = POLY_LOOP('', (#1837, #1843, #1839));
#12750 = FACE_OUTER_BOUND('', #12749, .T.);
#12751 = FACETED_BREP_SHAPE_REPRESENTATION('', (#12750), #8);
#12752 = POLY_LOOP('', (#1840, #1844, #1845));
#12753 = FACE_OUTER_BOUND('', #12752, .T.);
#12754 = FACETED_BREP_SHAPE_REPRESENTATION('', (#12753), #8);
#12755 = POLY_LOOP('', (#1840, #1845, #1841));
#12756 = FACE_OUTER_BOUND('', #12755, .T.);
#12757 = FACETED_BREP_SHAPE_REPRESENTATION('', (#12756), #8);
#12758 = POLY_LOOP('', (#1842, #1847, #1846));
#12759 = FACE_OUTER_BOUND('', #12758, .T.);
#12760 = FACETED_BREP_SHAPE_REPRESENTATION('', (#12759), #8);
#12761 = POLY_LOOP('', (#1842, #1843, #1847));
#12762 = FACE_OUTER_BOUND('', #12761, .T.);
#12763 = FACETED_BREP_SHAPE_REPRESENTATION('', (#12762), #8);
#12764 = POLY_LOOP('', (#1840, #1846, #1844));
#12765 = FACE_OUTER_BOUND('', #12764, .T.);
#12766 = FACETED_BREP_SHAPE_REPRESENTATION('', (#12765), #8);
#12767 = POLY_LOOP('', (#1840, #1842, #1846));
#12768 = FACE_OUTER_BOUND('', #12767, .T.);
#12769 = FACETED_BREP_SHAPE_REPRESENTATION('', (#12768), #8);
#12770 = POLY_LOOP('', (#1841, #1845, #1847));
#12771 = FACE_OUTER_BOUND('', #12770, .T.);
#12772 = FACETED_BREP_SHAPE_REPRESENTATION('', (#12771), #8);
#12773 = POLY_LOOP('', (#1841, #1847, #1843));
#12774 = FACE_OUTER_BOUND('', #12773, .T.);
#12775 = FACETED_BREP_SHAPE_REPRESENTATION('', (#12774), #8);
#12776 = POLY_LOOP('', (#1844, #1848, #1849));
#12777 = FACE_OUTER_BOUND('', #12776, .T.);
#12778 = FACETED_BREP_SHAPE_REPRESENTATION('', (#12777), #8);
#12779 = POLY_LOOP('', (#1844, #1849, #1845));
#12780 = FACE_OUTER_BOUND('', #12779, .T.);
#12781 = FACETED_BREP_SHAPE_REPRESENTATION('', (#12780), #8);
#12782 = POLY_LOOP('', (#1846, #1851, #1850));
#12783 = FACE_OUTER_BOUND('', #12782, .T.);
#12784 = FACETED_BREP_SHAPE_REPRESENTATION('', (#12783), #8);
#12785 = POLY_LOOP('', (#1846, #1847, #1851));
#12786 = FACE_OUTER_BOUND('', #12785, .T.);
#12787 = FACETED_BREP_SHAPE_REPRESENTATION('', (#12786), #8);
#12788 = POLY_LOOP('', (#1844, #1850, #1848));
#12789 = FACE_OUTER_BOUND('', #12788, .T.);
#12790 = FACETED_BREP_SHAPE_REPRESENTATION('', (#12789), #8);
#12791 = POLY_LOOP('', (#1844, #1846, #1850));
#12792 = FACE_OUTER_BOUND('', #12791, .T.);
#12793 = FACETED_BREP_SHAPE_REPRESENTATION('', (#12792), #8);
#12794 = POLY_LOOP('', (#1845, #1849, #1851));
#12795 = FACE_OUTER_BOUND('', #12794, .T.);
#12796 = FACETED_BREP_SHAPE_REPRESENTATION('', (#12795), #8);
#12797 = POLY_LOOP('', (#1845, #1851, #1847));
#12798 = FACE_OUTER_BOUND('', #12797, .T.);
#12799 = FACETED_BREP_SHAPE_REPRESENTATION('', (#12798), #8);
#12800 = POLY_LOOP('', (#1848, #1852, #1853));
#12801 = FACE_OUTER_BOUND('', #12800, .T.);
#12802 = FACETED_BREP_SHAPE_REPRESENTATION('', (#12801), #8);
#12803 = POLY_LOOP('', (#1848, #1853, #1849));
#12804 = FACE_OUTER_BOUND('', #12803, .T.);
#12805 = FACETED_BREP_SHAPE_REPRESENTATION('', (#12804), #8);
#12806 = POLY_LOOP('', (#1850, #1855, #1854));
#12807 = FACE_OUTER_BOUND('', #12806, .T.);
#12808 = FACETED_BREP_SHAPE_REPRESENTATION('', (#12807), #8);
#12809 = POLY_LOOP('', (#1850, #1851, #1855));
#12810 = FACE_OUTER_BOUND('', #12809, .T.);
#12811 = FACETED_BREP_SHAPE_REPRESENTATION('', (#12810), #8);
#12812 = POLY_LOOP('', (#1848, #1854, #1852));
#12813 = FACE_OUTER_BOUND('', #12812, .T.);
#12814 = FACETED_BREP_SHAPE_REPRESENTATION('', (#12813), #8);
#12815 = POLY_LOOP('', (#1848, #1850, #1854));
#12816 = FACE_OUTER_BOUND('', #12815, .T.);
#12817 = FACETED_BREP_SHAPE_REPRESENTATION('', (#12816), #8);
#12818 = POLY_LOOP('', (#1849, #1853, #1855));
#12819 = FACE_OUTER_BOUND('', #12818, .T.);
#12820 = FACETED_BREP_SHAPE_REPRESENTATION('', (#12819), #8);
#12821 = POLY_LOOP('', (#1849, #1855, #1851));
#12822 = FACE_OUTER_BOUND('', #12821, .T.);
#12823 = FACETED_BREP_SHAPE_REPRESENTATION('', (#12822), #8);
#12824 = POLY_LOOP('', (#1856, #1860, #1861));
#12825 = FACE_OUTER_BOUND('', #12824, .T.);
#12826 = FACETED_BREP_SHAPE_REPRESENTATION('', (#12825), #8);
#12827 = POLY_LOOP('', (#1856, #1861, #1857));
#12828 = FACE_OUTER_BOUND('', #12827, .T.);
#12829 = FACETED_BREP_SHAPE_REPRESENTATION('', (#12828), #8);
#12830 = POLY_LOOP('', (#1858, #1863, #1862));
#12831 = FACE_OUTER_BOUND('', #12830, .T.);
#12832 = FACETED_BREP_SHAPE_REPRESENTATION('', (#12831), #8);
#12833 = POLY_LOOP('', (#1858, #1859, #1863));
#12834 = FACE_OUTER_BOUND('', #12833, .T.);
#12835 = FACETED_BREP_SHAPE_REPRESENTATION('', (#12834), #8);
#12836 = POLY_LOOP('', (#1856, #1862, #1860));
#12837 = FACE_OUTER_BOUND('', #12836, .T.);
#12838 = FACETED_BREP_SHAPE_REPRESENTATION('', (#12837), #8);
#12839 = POLY_LOOP('', (#1856, #1858, #1862));
#12840 = FACE_OUTER_BOUND('', #12839, .T.);
#12841 = FACETED_BREP_SHAPE_REPRESENTATION('', (#12840), #8);
#12842 = POLY_LOOP('', (#1857, #1861, #1863));
#12843 = FACE_OUTER_BOUND('', #12842, .T.);
#12844 = FACETED_BREP_SHAPE_REPRESENTATION('', (#12843), #8);
#12845 = POLY_LOOP('', (#1857, #1863, #1859));
#12846 = FACE_OUTER_BOUND('', #12845, .T.);
#12847 = FACETED_BREP_SHAPE_REPRESENTATION('', (#12846), #8);
#12848 = POLY_LOOP('', (#1860, #1864, #1865));
#12849 = FACE_OUTER_BOUND('', #12848, .T.);
#12850 = FACETED_BREP_SHAPE_REPRESENTATION('', (#12849), #8);
#12851 = POLY_LOOP('', (#1860, #1865, #1861));
#12852 = FACE_OUTER_BOUND('', #12851, .T.);
#12853 = FACETED_BREP_SHAPE_REPRESENTATION('', (#12852), #8);
#12854 = POLY_LOOP('', (#1862, #1867, #1866));
#12855 = FACE_OUTER_BOUND('', #12854, .T.);
#12856 = FACETED_BREP_SHAPE_REPRESENTATION('', (#12855), #8);
#12857 = POLY_LOOP('', (#1862, #1863, #1867));
#12858 = FACE_OUTER_BOUND('', #12857, .T.);
#12859 = FACETED_BREP_SHAPE_REPRESENTATION('', (#12858), #8);
#12860 = POLY_LOOP('', (#1860, #1866, #1864));
#12861 = FACE_OUTER_BOUND('', #12860, .T.);
#12862 = FACETED_BREP_SHAPE_REPRESENTATION('', (#12861), #8);
#12863 = POLY_LOOP('', (#1860, #1862, #1866));
#12864 = FACE_OUTER_BOUND('', #12863, .T.);
#12865 = FACETED_BREP_SHAPE_REPRESENTATION('', (#12864), #8);
#12866 = POLY_LOOP('', (#1861, #1865, #1867));
#12867 = FACE_OUTER_BOUND('', #12866, .T.);
#12868 = FACETED_BREP_SHAPE_REPRESENTATION('', (#12867), #8);
#12869 = POLY_LOOP('', (#1861, #1867, #1863));
#12870 = FACE_OUTER_BOUND('', #12869, .T.);
#12871 = FACETED_BREP_SHAPE_REPRESENTATION('', (#12870), #8);
#12872 = POLY_LOOP('', (#1864, #1868, #1869));
#12873 = FACE_OUTER_BOUND('', #12872, .T.);
#12874 = FACETED_BREP_SHAPE_REPRESENTATION('', (#12873), #8);
#12875 = POLY_LOOP('', (#1864, #1869, #1865));
#12876 = FACE_OUTER_BOUND('', #12875, .T.);
#12877 = FACETED_BREP_SHAPE_REPRESENTATION('', (#12876), #8);
#12878 = POLY_LOOP('', (#1866, #1871, #1870));
#12879 = FACE_OUTER_BOUND('', #12878, .T.);
#12880 = FACETED_BREP_SHAPE_REPRESENTATION('', (#12879), #8);
#12881 = POLY_LOOP('', (#1866, #1867, #1871));
#12882 = FACE_OUTER_BOUND('', #12881, .T.);
#12883 = FACETED_BREP_SHAPE_REPRESENTATION('', (#12882), #8);
#12884 = POLY_LOOP('', (#1864, #1870, #1868));
#12885 = FACE_OUTER_BOUND('', #12884, .T.);
#12886 = FACETED_BREP_SHAPE_REPRESENTATION('', (#12885), #8);
#12887 = POLY_LOOP('', (#1864, #1866, #1870));
#12888 = FACE_OUTER_BOUND('', #12887, .T.);
#12889 = FACETED_BREP_SHAPE_REPRESENTATION('', (#12888), #8);
#12890 = POLY_LOOP('', (#1865, #1869, #1871));
#12891 = FACE_OUTER_BOUND('', #12890, .T.);
#12892 = FACETED_BREP_SHAPE_REPRESENTATION('', (#12891), #8);
#12893 = POLY_LOOP('', (#1865, #1871, #1867));
#12894 = FACE_OUTER_BOUND('', #12893, .T.);
#12895 = FACETED_BREP_SHAPE_REPRESENTATION('', (#12894), #8);
#12896 = POLY_LOOP('', (#1868, #1872, #1873));
#12897 = FACE_OUTER_BOUND('', #12896, .T.);
#12898 = FACETED_BREP_SHAPE_REPRESENTATION('', (#12897), #8);
#12899 = POLY_LOOP('', (#1868, #1873, #1869));
#12900 = FACE_OUTER_BOUND('', #12899, .T.);
#12901 = FACETED_BREP_SHAPE_REPRESENTATION('', (#12900), #8);
#12902 = POLY_LOOP('', (#1870, #1875, #1874));
#12903 = FACE_OUTER_BOUND('', #12902, .T.);
#12904 = FACETED_BREP_SHAPE_REPRESENTATION('', (#12903), #8);
#12905 = POLY_LOOP('', (#1870, #1871, #1875));
#12906 = FACE_OUTER_BOUND('', #12905, .T.);
#12907 = FACETED_BREP_SHAPE_REPRESENTATION('', (#12906), #8);
#12908 = POLY_LOOP('', (#1868, #1874, #1872));
#12909 = FACE_OUTER_BOUND('', #12908, .T.);
#12910 = FACETED_BREP_SHAPE_REPRESENTATION('', (#12909), #8);
#12911 = POLY_LOOP('', (#1868, #1870, #1874));
#12912 = FACE_OUTER_BOUND('', #12911, .T.);
#12913 = FACETED_BREP_SHAPE_REPRESENTATION('', (#12912), #8);
#12914 = POLY_LOOP('', (#1869, #1873, #1875));
#12915 = FACE_OUTER_BOUND('', #12914, .T.);
#12916 = FACETED_BREP_SHAPE_REPRESENTATION('', (#12915), #8);
#12917 = POLY_LOOP('', (#1869, #1875, #1871));
#12918 = FACE_OUTER_BOUND('', #12917, .T.);
#12919 = FACETED_BREP_SHAPE_REPRESENTATION('', (#12918), #8);
#12920 = POLY_LOOP('', (#1872, #1876, #1877));
#12921 = FACE_OUTER_BOUND('', #12920, .T.);
#12922 = FACETED_BREP_SHAPE_REPRESENTATION('', (#12921), #8);
#12923 = POLY_LOOP('', (#1872, #1877, #1873));
#12924 = FACE_OUTER_BOUND('', #12923, .T.);
#12925 = FACETED_BREP_SHAPE_REPRESENTATION('', (#12924), #8);
#12926 = POLY_LOOP('', (#1874, #1879, #1878));
#12927 = FACE_OUTER_BOUND('', #12926, .T.);
#12928 = FACETED_BREP_SHAPE_REPRESENTATION('', (#12927), #8);
#12929 = POLY_LOOP('', (#1874, #1875, #1879));
#12930 = FACE_OUTER_BOUND('', #12929, .T.);
#12931 = FACETED_BREP_SHAPE_REPRESENTATION('', (#12930), #8);
#12932 = POLY_LOOP('', (#1872, #1878, #1876));
#12933 = FACE_OUTER_BOUND('', #12932, .T.);
#12934 = FACETED_BREP_SHAPE_REPRESENTATION('', (#12933), #8);
#12935 = POLY_LOOP('', (#1872, #1874, #1878));
#12936 = FACE_OUTER_BOUND('', #12935, .T.);
#12937 = FACETED_BREP_SHAPE_REPRESENTATION('', (#12936), #8);
#12938 = POLY_LOOP('', (#1873, #1877, #1879));
#12939 = FACE_OUTER_BOUND('', #12938, .T.);
#12940 = FACETED_BREP_SHAPE_REPRESENTATION('', (#12939), #8);
#12941 = POLY_LOOP('', (#1873, #1879, #1875));
#12942 = FACE_OUTER_BOUND('', #12941, .T.);
#12943 = FACETED_BREP_SHAPE_REPRESENTATION('', (#12942), #8);
#12944 = POLY_LOOP('', (#1876, #1880, #1881));
#12945 = FACE_OUTER_BOUND('', #12944, .T.);
#12946 = FACETED_BREP_SHAPE_REPRESENTATION('', (#12945), #8);
#12947 = POLY_LOOP('', (#1876, #1881, #1877));
#12948 = FACE_OUTER_BOUND('', #12947, .T.);
#12949 = FACETED_BREP_SHAPE_REPRESENTATION('', (#12948), #8);
#12950 = POLY_LOOP('', (#1878, #1883, #1882));
#12951 = FACE_OUTER_BOUND('', #12950, .T.);
#12952 = FACETED_BREP_SHAPE_REPRESENTATION('', (#12951), #8);
#12953 = POLY_LOOP('', (#1878, #1879, #1883));
#12954 = FACE_OUTER_BOUND('', #12953, .T.);
#12955 = FACETED_BREP_SHAPE_REPRESENTATION('', (#12954), #8);
#12956 = POLY_LOOP('', (#1876, #1882, #1880));
#12957 = FACE_OUTER_BOUND('', #12956, .T.);
#12958 = FACETED_BREP_SHAPE_REPRESENTATION('', (#12957), #8);
#12959 = POLY_LOOP('', (#1876, #1878, #1882));
#12960 = FACE_OUTER_BOUND('', #12959, .T.);
#12961 = FACETED_BREP_SHAPE_REPRESENTATION('', (#12960), #8);
#12962 = POLY_LOOP('', (#1877, #1881, #1883));
#12963 = FACE_OUTER_BOUND('', #12962, .T.);
#12964 = FACETED_BREP_SHAPE_REPRESENTATION('', (#12963), #8);
#12965 = POLY_LOOP('', (#1877, #1883, #1879));
#12966 = FACE_OUTER_BOUND('', #12965, .T.);
#12967 = FACETED_BREP_SHAPE_REPRESENTATION('', (#12966), #8);
#12968 = POLY_LOOP('', (#1880, #1884, #1885));
#12969 = FACE_OUTER_BOUND('', #12968, .T.);
#12970 = FACETED_BREP_SHAPE_REPRESENTATION('', (#12969), #8);
#12971 = POLY_LOOP('', (#1880, #1885, #1881));
#12972 = FACE_OUTER_BOUND('', #12971, .T.);
#12973 = FACETED_BREP_SHAPE_REPRESENTATION('', (#12972), #8);
#12974 = POLY_LOOP('', (#1882, #1887, #1886));
#12975 = FACE_OUTER_BOUND('', #12974, .T.);
#12976 = FACETED_BREP_SHAPE_REPRESENTATION('', (#12975), #8);
#12977 = POLY_LOOP('', (#1882, #1883, #1887));
#12978 = FACE_OUTER_BOUND('', #12977, .T.);
#12979 = FACETED_BREP_SHAPE_REPRESENTATION('', (#12978), #8);
#12980 = POLY_LOOP('', (#1880, #1886, #1884));
#12981 = FACE_OUTER_BOUND('', #12980, .T.);
#12982 = FACETED_BREP_SHAPE_REPRESENTATION('', (#12981), #8);
#12983 = POLY_LOOP('', (#1880, #1882, #1886));
#12984 = FACE_OUTER_BOUND('', #12983, .T.);
#12985 = FACETED_BREP_SHAPE_REPRESENTATION('', (#12984), #8);
#12986 = POLY_LOOP('', (#1881, #1885, #1887));
#12987 = FACE_OUTER_BOUND('', #12986, .T.);
#12988 = FACETED_BREP_SHAPE_REPRESENTATION('', (#12987), #8);
#12989 = POLY_LOOP('', (#1881, #1887, #1883));
#12990 = FACE_OUTER_BOUND('', #12989, .T.);
#12991 = FACETED_BREP_SHAPE_REPRESENTATION('', (#12990), #8);
#12992 = POLY_LOOP('', (#1884, #1888, #1889));
#12993 = FACE_OUTER_BOUND('', #12992, .T.);
#12994 = FACETED_BREP_SHAPE_REPRESENTATION('', (#12993), #8);
#12995 = POLY_LOOP('', (#1884, #1889, #1885));
#12996 = FACE_OUTER_BOUND('', #12995, .T.);
#12997 = FACETED_BREP_SHAPE_REPRESENTATION('', (#12996), #8);
#12998 = POLY_LOOP('', (#1886, #1891, #1890));
#12999 = FACE_OUTER_BOUND('', #12998, .T.);
#13000 = FACETED_BREP_SHAPE_REPRESENTATION('', (#12999), #8);
#13001 = POLY_LOOP('', (#1886, #1887, #1891));
#13002 = FACE_OUTER_BOUND('', #13001, .T.);
#13003 = FACETED_BREP_SHAPE_REPRESENTATION('', (#13002), #8);
#13004 = POLY_LOOP('', (#1884, #1890, #1888));
#13005 = FACE_OUTER_BOUND('', #13004, .T.);
#13006 = FACETED_BREP_SHAPE_REPRESENTATION('', (#13005), #8);
#13007 = POLY_LOOP('', (#1884, #1886, #1890));
#13008 = FACE_OUTER_BOUND('', #13007, .T.);
#13009 = FACETED_BREP_SHAPE_REPRESENTATION('', (#13008), #8);
#13010 = POLY_LOOP('', (#1885, #1889, #1891));
#13011 = FACE_OUTER_BOUND('', #13010, .T.);
#13012 = FACETED_BREP_SHAPE_REPRESENTATION('', (#13011), #8);
#13013 = POLY_LOOP('', (#1885, #1891, #1887));
#13014 = FACE_OUTER_BOUND('', #13013, .T.);
#13015 = FACETED_BREP_SHAPE_REPRESENTATION('', (#13014), #8);
#13016 = POLY_LOOP('', (#1888, #1892, #1893));
#13017 = FACE_OUTER_BOUND('', #13016, .T.);
#13018 = FACETED_BREP_SHAPE_REPRESENTATION('', (#13017), #8);
#13019 = POLY_LOOP('', (#1888, #1893, #1889));
#13020 = FACE_OUTER_BOUND('', #13019, .T.);
#13021 = FACETED_BREP_SHAPE_REPRESENTATION('', (#13020), #8);
#13022 = POLY_LOOP('', (#1890, #1895, #1894));
#13023 = FACE_OUTER_BOUND('', #13022, .T.);
#13024 = FACETED_BREP_SHAPE_REPRESENTATION('', (#13023), #8);
#13025 = POLY_LOOP('', (#1890, #1891, #1895));
#13026 = FACE_OUTER_BOUND('', #13025, .T.);
#13027 = FACETED_BREP_SHAPE_REPRESENTATION('', (#13026), #8);
#13028 = POLY_LOOP('', (#1888, #1894, #1892));
#13029 = FACE_OUTER_BOUND('', #13028, .T.);
#13030 = FACETED_BREP_SHAPE_REPRESENTATION('', (#13029), #8);
#13031 = POLY_LOOP('', (#1888, #1890, #1894));
#13032 = FACE_OUTER_BOUND('', #13031, .T.);
#13033 = FACETED_BREP_SHAPE_REPRESENTATION('', (#13032), #8);
#13034 = POLY_LOOP('', (#1889, #1893, #1895));
#13035 = FACE_OUTER_BOUND('', #13034, .T.);
#13036 = FACETED_BREP_SHAPE_REPRESENTATION('', (#13035), #8);
#13037 = POLY_LOOP('', (#1889, #1895, #1891));
#13038 = FACE_OUTER_BOUND('', #13037, .T.);
#13039 = FACETED_BREP_SHAPE_REPRESENTATION('', (#13038), #8);
#13040 = POLY_LOOP('', (#1892, #1896, #1897));
#13041 = FACE_OUTER_BOUND('', #13040, .T.);
#13042 = FACETED_BREP_SHAPE_REPRESENTATION('', (#13041), #8);
#13043 = POLY_LOOP('', (#1892, #1897, #1893));
#13044 = FACE_OUTER_BOUND('', #13043, .T.);
#13045 = FACETED_BREP_SHAPE_REPRESENTATION('', (#13044), #8);
#13046 = POLY_LOOP('', (#1894, #1899, #1898));
#13047 = FACE_OUTER_BOUND('', #13046, .T.);
#13048 = FACETED_BREP_SHAPE_REPRESENTATION('', (#13047), #8);
#13049 = POLY_LOOP('', (#1894, #1895, #1899));
#13050 = FACE_OUTER_BOUND('', #13049, .T.);
#13051 = FACETED_BREP_SHAPE_REPRESENTATION('', (#13050), #8);
#13052 = POLY_LOOP('', (#1892, #1898, #1896));
#13053 = FACE_OUTER_BOUND('', #13052, .T.);
#13054 = FACETED_BREP_SHAPE_REPRESENTATION('', (#13053), #8);
#13055 = POLY_LOOP('', (#1892, #1894, #1898));
#13056 = FACE_OUTER_BOUND('', #13055, .T.);
#13057 = FACETED_BREP_SHAPE_REPRESENTATION('', (#13056), #8);
#13058 = POLY_LOOP('', (#1893, #1897, #1899));
#13059 = FACE_OUTER_BOUND('', #13058, .T.);
#13060 = FACETED_BREP_SHAPE_REPRESENTATION('', (#13059), #8);
#13061 = POLY_LOOP('', (#1893, #1899, #1895));
#13062 = FACE_OUTER_BOUND('', #13061, .T.);
#13063 = FACETED_BREP_SHAPE_REPRESENTATION('', (#13062), #8);
#13064 = POLY_LOOP('', (#1900, #1904, #1905));
#13065 = FACE_OUTER_BOUND('', #13064, .T.);
#13066 = FACETED_BREP_SHAPE_REPRESENTATION('', (#13065), #8);
#13067 = POLY_LOOP('', (#1900, #1905, #1901));
#13068 = FACE_OUTER_BOUND('', #13067, .T.);
#13069 = FACETED_BREP_SHAPE_REPRESENTATION('', (#13068), #8);
#13070 = POLY_LOOP('', (#1902, #1907, #1906));
#13071 = FACE_OUTER_BOUND('', #13070, .T.);
#13072 = FACETED_BREP_SHAPE_REPRESENTATION('', (#13071), #8);
#13073 = POLY_LOOP('', (#1902, #1903, #1907));
#13074 = FACE_OUTER_BOUND('', #13073, .T.);
#13075 = FACETED_BREP_SHAPE_REPRESENTATION('', (#13074), #8);
#13076 = POLY_LOOP('', (#1900, #1906, #1904));
#13077 = FACE_OUTER_BOUND('', #13076, .T.);
#13078 = FACETED_BREP_SHAPE_REPRESENTATION('', (#13077), #8);
#13079 = POLY_LOOP('', (#1900, #1902, #1906));
#13080 = FACE_OUTER_BOUND('', #13079, .T.);
#13081 = FACETED_BREP_SHAPE_REPRESENTATION('', (#13080), #8);
#13082 = POLY_LOOP('', (#1901, #1905, #1907));
#13083 = FACE_OUTER_BOUND('', #13082, .T.);
#13084 = FACETED_BREP_SHAPE_REPRESENTATION('', (#13083), #8);
#13085 = POLY_LOOP('', (#1901, #1907, #1903));
#13086 = FACE_OUTER_BOUND('', #13085, .T.);
#13087 = FACETED_BREP_SHAPE_REPRESENTATION('', (#13086), #8);
#13088 = POLY_LOOP('', (#1904, #1908, #1909));
#13089 = FACE_OUTER_BOUND('', #13088, .T.);
#13090 = FACETED_BREP_SHAPE_REPRESENTATION('', (#13089), #8);
#13091 = POLY_LOOP('', (#1904, #1909, #1905));
#13092 = FACE_OUTER_BOUND('', #13091, .T.);
#13093 = FACETED_BREP_SHAPE_REPRESENTATION('', (#13092), #8);
#13094 = POLY_LOOP('', (#1906, #1911, #1910));
#13095 = FACE_OUTER_BOUND('', #13094, .T.);
#13096 = FACETED_BREP_SHAPE_REPRESENTATION('', (#13095), #8);
#13097 = POLY_LOOP('', (#1906, #1907, #1911));
#13098 = FACE_OUTER_BOUND('', #13097, .T.);
#13099 = FACETED_BREP_SHAPE_REPRESENTATION('', (#13098), #8);
#13100 = POLY_LOOP('', (#1904, #1910, #1908));
#13101 = FACE_OUTER_BOUND('', #13100, .T.);
#13102 = FACETED_BREP_SHAPE_REPRESENTATION('', (#13101), #8);
#13103 = POLY_LOOP('', (#1904, #1906, #1910));
#13104 = FACE_OUTER_BOUND('', #13103, .T.);
#13105 = FACETED_BREP_SHAPE_REPRESENTATION('', (#13104), #8);
#13106 = POLY_LOOP('', (#1905, #1909, #1911));
#13107 = FACE_OUTER_BOUND('', #13106, .T.);
#13108 = FACETED_BREP_SHAPE_REPRESENTATION('', (#13107), #8);
#13109 = POLY_LOOP('', (#1905, #1911, #1907));
#13110 = FACE_OUTER_BOUND('', #13109, .T.);
#13111 = FACETED_BREP_SHAPE_REPRESENTATION('', (#13110), #8);
#13112 = POLY_LOOP('', (#1908, #1912, #1913));
#13113 = FACE_OUTER_BOUND('', #13112, .T.);
#13114 = FACETED_BREP_SHAPE_REPRESENTATION('', (#13113), #8);
#13115 = POLY_LOOP('', (#1908, #1913, #1909));
#13116 = FACE_OUTER_BOUND('', #13115, .T.);
#13117 = FACETED_BREP_SHAPE_REPRESENTATION('', (#13116), #8);
#13118 = POLY_LOOP('', (#1910, #1915, #1914));
#13119 = FACE_OUTER_BOUND('', #13118, .T.);
#13120 = FACETED_BREP_SHAPE_REPRESENTATION('', (#13119), #8);
#13121 = POLY_LOOP('', (#1910, #1911, #1915));
#13122 = FACE_OUTER_BOUND('', #13121, .T.);
#13123 = FACETED_BREP_SHAPE_REPRESENTATION('', (#13122), #8);
#13124 = POLY_LOOP('', (#1908, #1914, #1912));
#13125 = FACE_OUTER_BOUND('', #13124, .T.);
#13126 = FACETED_BREP_SHAPE_REPRESENTATION('', (#13125), #8);
#13127 = POLY_LOOP('', (#1908, #1910, #1914));
#13128 = FACE_OUTER_BOUND('', #13127, .T.);
#13129 = FACETED_BREP_SHAPE_REPRESENTATION('', (#13128), #8);
#13130 = POLY_LOOP('', (#1909, #1913, #1915));
#13131 = FACE_OUTER_BOUND('', #13130, .T.);
#13132 = FACETED_BREP_SHAPE_REPRESENTATION('', (#13131), #8);
#13133 = POLY_LOOP('', (#1909, #1915, #1911));
#13134 = FACE_OUTER_BOUND('', #13133, .T.);
#13135 = FACETED_BREP_SHAPE_REPRESENTATION('', (#13134), #8);
#13136 = POLY_LOOP('', (#1912, #1916, #1917));
#13137 = FACE_OUTER_BOUND('', #13136, .T.);
#13138 = FACETED_BREP_SHAPE_REPRESENTATION('', (#13137), #8);
#13139 = POLY_LOOP('', (#1912, #1917, #1913));
#13140 = FACE_OUTER_BOUND('', #13139, .T.);
#13141 = FACETED_BREP_SHAPE_REPRESENTATION('', (#13140), #8);
#13142 = POLY_LOOP('', (#1914, #1919, #1918));
#13143 = FACE_OUTER_BOUND('', #13142, .T.);
#13144 = FACETED_BREP_SHAPE_REPRESENTATION('', (#13143), #8);
#13145 = POLY_LOOP('', (#1914, #1915, #1919));
#13146 = FACE_OUTER_BOUND('', #13145, .T.);
#13147 = FACETED_BREP_SHAPE_REPRESENTATION('', (#13146), #8);
#13148 = POLY_LOOP('', (#1912, #1918, #1916));
#13149 = FACE_OUTER_BOUND('', #13148, .T.);
#13150 = FACETED_BREP_SHAPE_REPRESENTATION('', (#13149), #8);
#13151 = POLY_LOOP('', (#1912, #1914, #1918));
#13152 = FACE_OUTER_BOUND('', #13151, .T.);
#13153 = FACETED_BREP_SHAPE_REPRESENTATION('', (#13152), #8);
#13154 = POLY_LOOP('', (#1913, #1917, #1919));
#13155 = FACE_OUTER_BOUND('', #13154, .T.);
#13156 = FACETED_BREP_SHAPE_REPRESENTATION('', (#13155), #8);
#13157 = POLY_LOOP('', (#1913, #1919, #1915));
#13158 = FACE_OUTER_BOUND('', #13157, .T.);
#13159 = FACETED_BREP_SHAPE_REPRESENTATION('', (#13158), #8);
#13160 = POLY_LOOP('', (#1916, #1920, #1921));
#13161 = FACE_OUTER_BOUND('', #13160, .T.);
#13162 = FACETED_BREP_SHAPE_REPRESENTATION('', (#13161), #8);
#13163 = POLY_LOOP('', (#1916, #1921, #1917));
#13164 = FACE_OUTER_BOUND('', #13163, .T.);
#13165 = FACETED_BREP_SHAPE_REPRESENTATION('', (#13164), #8);
#13166 = POLY_LOOP('', (#1918, #1923, #1922));
#13167 = FACE_OUTER_BOUND('', #13166, .T.);
#13168 = FACETED_BREP_SHAPE_REPRESENTATION('', (#13167), #8);
#13169 = POLY_LOOP('', (#1918, #1919, #1923));
#13170 = FACE_OUTER_BOUND('', #13169, .T.);
#13171 = FACETED_BREP_SHAPE_REPRESENTATION('', (#13170), #8);
#13172 = POLY_LOOP('', (#1916, #1922, #1920));
#13173 = FACE_OUTER_BOUND('', #13172, .T.);
#13174 = FACETED_BREP_SHAPE_REPRESENTATION('', (#13173), #8);
#13175 = POLY_LOOP('', (#1916, #1918, #1922));
#13176 = FACE_OUTER_BOUND('', #13175, .T.);
#13177 = FACETED_BREP_SHAPE_REPRESENTATION('', (#13176), #8);
#13178 = POLY_LOOP('', (#1917, #1921, #1923));
#13179 = FACE_OUTER_BOUND('', #13178, .T.);
#13180 = FACETED_BREP_SHAPE_REPRESENTATION('', (#13179), #8);
#13181 = POLY_LOOP('', (#1917, #1923, #1919));
#13182 = FACE_OUTER_BOUND('', #13181, .T.);
#13183 = FACETED_BREP_SHAPE_REPRESENTATION('', (#13182), #8);
#13184 = POLY_LOOP('', (#1920, #1924, #1925));
#13185 = FACE_OUTER_BOUND('', #13184, .T.);
#13186 = FACETED_BREP_SHAPE_REPRESENTATION('', (#13185), #8);
#13187 = POLY_LOOP('', (#1920, #1925, #1921));
#13188 = FACE_OUTER_BOUND('', #13187, .T.);
#13189 = FACETED_BREP_SHAPE_REPRESENTATION('', (#13188), #8);
#13190 = POLY_LOOP('', (#1922, #1927, #1926));
#13191 = FACE_OUTER_BOUND('', #13190, .T.);
#13192 = FACETED_BREP_SHAPE_REPRESENTATION('', (#13191), #8);
#13193 = POLY_LOOP('', (#1922, #1923, #1927));
#13194 = FACE_OUTER_BOUND('', #13193, .T.);
#13195 = FACETED_BREP_SHAPE_REPRESENTATION('', (#13194), #8);
#13196 = POLY_LOOP('', (#1920, #1926, #1924));
#13197 = FACE_OUTER_BOUND('', #13196, .T.);
#13198 = FACETED_BREP_SHAPE_REPRESENTATION('', (#13197), #8);
#13199 = POLY_LOOP('', (#1920, #1922, #1926));
#13200 = FACE_OUTER_BOUND('', #13199, .T.);
#13201 = FACETED_BREP_SHAPE_REPRESENTATION('', (#13200), #8);
#13202 = POLY_LOOP('', (#1921, #1925, #1927));
#13203 = FACE_OUTER_BOUND('', #13202, .T.);
#13204 = FACETED_BREP_SHAPE_REPRESENTATION('', (#13203), #8);
#13205 = POLY_LOOP('', (#1921, #1927, #1923));
#13206 = FACE_OUTER_BOUND('', #13205, .T.);
#13207 = FACETED_BREP_SHAPE_REPRESENTATION('', (#13206), #8);
#13208 = POLY_LOOP('', (#1924, #1928, #1929));
#13209 = FACE_OUTER_BOUND('', #13208, .T.);
#13210 = FACETED_BREP_SHAPE_REPRESENTATION('', (#13209), #8);
#13211 = POLY_LOOP('', (#1924, #1929, #1925));
#13212 = FACE_OUTER_BOUND('', #13211, .T.);
#13213 = FACETED_BREP_SHAPE_REPRESENTATION('', (#13212), #8);
#13214 = POLY_LOOP('', (#1926, #1931, #1930));
#13215 = FACE_OUTER_BOUND('', #13214, .T.);
#13216 = FACETED_BREP_SHAPE_REPRESENTATION('', (#13215), #8);
#13217 = POLY_LOOP('', (#1926, #1927, #1931));
#13218 = FACE_OUTER_BOUND('', #13217, .T.);
#13219 = FACETED_BREP_SHAPE_REPRESENTATION('', (#13218), #8);
#13220 = POLY_LOOP('', (#1924, #1930, #1928));
#13221 = FACE_OUTER_BOUND('', #13220, .T.);
#13222 = FACETED_BREP_SHAPE_REPRESENTATION('', (#13221), #8);
#13223 = POLY_LOOP('', (#1924, #1926, #1930));
#13224 = FACE_OUTER_BOUND('', #13223, .T.);
#13225 = FACETED_BREP_SHAPE_REPRESENTATION('', (#13224), #8);
#13226 = POLY_LOOP('', (#1925, #1929, #1931));
#13227 = FACE_OUTER_BOUND('', #13226, .T.);
#13228 = FACETED_BREP_SHAPE_REPRESENTATION('', (#13227), #8);
#13229 = POLY_LOOP('', (#1925, #1931, #1927));
#13230 = FACE_OUTER_BOUND('', #13229, .T.);
#13231 = FACETED_BREP_SHAPE_REPRESENTATION('', (#13230), #8);
#13232 = POLY_LOOP('', (#1928, #1932, #1933));
#13233 = FACE_OUTER_BOUND('', #13232, .T.);
#13234 = FACETED_BREP_SHAPE_REPRESENTATION('', (#13233), #8);
#13235 = POLY_LOOP('', (#1928, #1933, #1929));
#13236 = FACE_OUTER_BOUND('', #13235, .T.);
#13237 = FACETED_BREP_SHAPE_REPRESENTATION('', (#13236), #8);
#13238 = POLY_LOOP('', (#1930, #1935, #1934));
#13239 = FACE_OUTER_BOUND('', #13238, .T.);
#13240 = FACETED_BREP_SHAPE_REPRESENTATION('', (#13239), #8);
#13241 = POLY_LOOP('', (#1930, #1931, #1935));
#13242 = FACE_OUTER_BOUND('', #13241, .T.);
#13243 = FACETED_BREP_SHAPE_REPRESENTATION('', (#13242), #8);
#13244 = POLY_LOOP('', (#1928, #1934, #1932));
#13245 = FACE_OUTER_BOUND('', #13244, .T.);
#13246 = FACETED_BREP_SHAPE_REPRESENTATION('', (#13245), #8);
#13247 = POLY_LOOP('', (#1928, #1930, #1934));
#13248 = FACE_OUTER_BOUND('', #13247, .T.);
#13249 = FACETED_BREP_SHAPE_REPRESENTATION('', (#13248), #8);
#13250 = POLY_LOOP('', (#1929, #1933, #1935));
#13251 = FACE_OUTER_BOUND('', #13250, .T.);
#13252 = FACETED_BREP_SHAPE_REPRESENTATION('', (#13251), #8);
#13253 = POLY_LOOP('', (#1929, #1935, #1931));
#13254 = FACE_OUTER_BOUND('', #13253, .T.);
#13255 = FACETED_BREP_SHAPE_REPRESENTATION('', (#13254), #8);
#13256 = POLY_LOOP('', (#1932, #1936, #1937));
#13257 = FACE_OUTER_BOUND('', #13256, .T.);
#13258 = FACETED_BREP_SHAPE_REPRESENTATION('', (#13257), #8);
#13259 = POLY_LOOP('', (#1932, #1937, #1933));
#13260 = FACE_OUTER_BOUND('', #13259, .T.);
#13261 = FACETED_BREP_SHAPE_REPRESENTATION('', (#13260), #8);
#13262 = POLY_LOOP('', (#1934, #1939, #1938));
#13263 = FACE_OUTER_BOUND('', #13262, .T.);
#13264 = FACETED_BREP_SHAPE_REPRESENTATION('', (#13263), #8);
#13265 = POLY_LOOP('', (#1934, #1935, #1939));
#13266 = FACE_OUTER_BOUND('', #13265, .T.);
#13267 = FACETED_BREP_SHAPE_REPRESENTATION('', (#13266), #8);
#13268 = POLY_LOOP('', (#1932, #1938, #1936));
#13269 = FACE_OUTER_BOUND('', #13268, .T.);
#13270 = FACETED_BREP_SHAPE_REPRESENTATION('', (#13269), #8);
#13271 = POLY_LOOP('', (#1932, #1934, #1938));
#13272 = FACE_OUTER_BOUND('', #13271, .T.);
#13273 = FACETED_BREP_SHAPE_REPRESENTATION('', (#13272), #8);
#13274 = POLY_LOOP('', (#1933, #1937, #1939));
#13275 = FACE_OUTER_BOUND('', #13274, .T.);
#13276 = FACETED_BREP_SHAPE_REPRESENTATION('', (#13275), #8);
#13277 = POLY_LOOP('', (#1933, #1939, #1935));
#13278 = FACE_OUTER_BOUND('', #13277, .T.);
#13279 = FACETED_BREP_SHAPE_REPRESENTATION('', (#13278), #8);
#13280 = POLY_LOOP('', (#1936, #1940, #1941));
#13281 = FACE_OUTER_BOUND('', #13280, .T.);
#13282 = FACETED_BREP_SHAPE_REPRESENTATION('', (#13281), #8);
#13283 = POLY_LOOP('', (#1936, #1941, #1937));
#13284 = FACE_OUTER_BOUND('', #13283, .T.);
#13285 = FACETED_BREP_SHAPE_REPRESENTATION('', (#13284), #8);
#13286 = POLY_LOOP('', (#1938, #1943, #1942));
#13287 = FACE_OUTER_BOUND('', #13286, .T.);
#13288 = FACETED_BREP_SHAPE_REPRESENTATION('', (#13287), #8);
#13289 = POLY_LOOP('', (#1938, #1939, #1943));
#13290 = FACE_OUTER_BOUND('', #13289, .T.);
#13291 = FACETED_BREP_SHAPE_REPRESENTATION('', (#13290), #8);
#13292 = POLY_LOOP('', (#1936, #1942, #1940));
#13293 = FACE_OUTER_BOUND('', #13292, .T.);
#13294 = FACETED_BREP_SHAPE_REPRESENTATION('', (#13293), #8);
#13295 = POLY_LOOP('', (#1936, #1938, #1942));
#13296 = FACE_OUTER_BOUND('', #13295, .T.);
#13297 = FACETED_BREP_SHAPE_REPRESENTATION('', (#13296), #8);
#13298 = POLY_LOOP('', (#1937, #1941, #1943));
#13299 = FACE_OUTER_BOUND('', #13298, .T.);
#13300 = FACETED_BREP_SHAPE_REPRESENTATION('', (#13299), #8);
#13301 = POLY_LOOP('', (#1937, #1943, #1939));
#13302 = FACE_OUTER_BOUND('', #13301, .T.);
#13303 = FACETED_BREP_SHAPE_REPRESENTATION('', (#13302), #8);
#13304 = POLY_LOOP('', (#1944, #1948, #1949));
#13305 = FACE_OUTER_BOUND('', #13304, .T.);
#13306 = FACETED_BREP_SHAPE_REPRESENTATION('', (#13305), #8);
#13307 = POLY_LOOP('', (#1944, #1949, #1945));
#13308 = FACE_OUTER_BOUND('', #13307, .T.);
#13309 = FACETED_BREP_SHAPE_REPRESENTATION('', (#13308), #8);
#13310 = POLY_LOOP('', (#1946, #1951, #1950));
#13311 = FACE_OUTER_BOUND('', #13310, .T.);
#13312 = FACETED_BREP_SHAPE_REPRESENTATION('', (#13311), #8);
#13313 = POLY_LOOP('', (#1946, #1947, #1951));
#13314 = FACE_OUTER_BOUND('', #13313, .T.);
#13315 = FACETED_BREP_SHAPE_REPRESENTATION('', (#13314), #8);
#13316 = POLY_LOOP('', (#1944, #1950, #1948));
#13317 = FACE_OUTER_BOUND('', #13316, .T.);
#13318 = FACETED_BREP_SHAPE_REPRESENTATION('', (#13317), #8);
#13319 = POLY_LOOP('', (#1944, #1946, #1950));
#13320 = FACE_OUTER_BOUND('', #13319, .T.);
#13321 = FACETED_BREP_SHAPE_REPRESENTATION('', (#13320), #8);
#13322 = POLY_LOOP('', (#1945, #1949, #1951));
#13323 = FACE_OUTER_BOUND('', #13322, .T.);
#13324 = FACETED_BREP_SHAPE_REPRESENTATION('', (#13323), #8);
#13325 = POLY_LOOP('', (#1945, #1951, #1947));
#13326 = FACE_OUTER_BOUND('', #13325, .T.);
#13327 = FACETED_BREP_SHAPE_REPRESENTATION('', (#13326), #8);
#13328 = POLY_LOOP('', (#1948, #1952, #1953));
#13329 = FACE_OUTER_BOUND('', #13328, .T.);
#13330 = FACETED_BREP_SHAPE_REPRESENTATION('', (#13329), #8);
#13331 = POLY_LOOP('', (#1948, #1953, #1949));
#13332 = FACE_OUTER_BOUND('', #13331, .T.);
#13333 = FACETED_BREP_SHAPE_REPRESENTATION('', (#13332), #8);
#13334 = POLY_LOOP('', (#1950, #1955, #1954));
#13335 = FACE_OUTER_BOUND('', #13334, .T.);
#13336 = FACETED_BREP_SHAPE_REPRESENTATION('', (#13335), #8);
#13337 = POLY_LOOP('', (#1950, #1951, #1955));
#13338 = FACE_OUTER_BOUND('', #13337, .T.);
#13339 = FACETED_BREP_SHAPE_REPRESENTATION('', (#13338), #8);
#13340 = POLY_LOOP('', (#1948, #1954, #1952));
#13341 = FACE_OUTER_BOUND('', #13340, .T.);
#13342 = FACETED_BREP_SHAPE_REPRESENTATION('', (#13341), #8);
#13343 = POLY_LOOP('', (#1948, #1950, #1954));
#13344 = FACE_OUTER_BOUND('', #13343, .T.);
#13345 = FACETED_BREP_SHAPE_REPRESENTATION('', (#13344), #8);
#13346 = POLY_LOOP('', (#1949, #1953, #1955));
#13347 = FACE_OUTER_BOUND('', #13346, .T.);
#13348 = FACETED_BREP_SHAPE_REPRESENTATION('', (#13347), #8);
#13349 = POLY_LOOP('', (#1949, #1955, #1951));
#13350 = FACE_OUTER_BOUND('', #13349, .T.);
#13351 = FACETED_BREP_SHAPE_REPRESENTATION('', (#13350), #8);
#13352 = POLY_LOOP('', (#1952, #1956, #1957));
#13353 = FACE_OUTER_BOUND('', #13352, .T.);
#13354 = FACETED_BREP_SHAPE_REPRESENTATION('', (#13353), #8);
#13355 = POLY_LOOP('', (#1952, #1957, #1953));
#13356 = FACE_OUTER_BOUND('', #13355, .T.);
#13357 = FACETED_BREP_SHAPE_REPRESENTATION('', (#13356), #8);
#13358 = POLY_LOOP('', (#1954, #1959, #1958));
#13359 = FACE_OUTER_BOUND('', #13358, .T.);
#13360 = FACETED_BREP_SHAPE_REPRESENTATION('', (#13359), #8);
#13361 = POLY_LOOP('', (#1954, #1955, #1959));
#13362 = FACE_OUTER_BOUND('', #13361, .T.);
#13363 = FACETED_BREP_SHAPE_REPRESENTATION('', (#13362), #8);
#13364 = POLY_LOOP('', (#1952, #1958, #1956));
#13365 = FACE_OUTER_BOUND('', #13364, .T.);
#13366 = FACETED_BREP_SHAPE_REPRESENTATION('', (#13365), #8);
#13367 = POLY_LOOP('', (#1952, #1954, #1958));
#13368 = FACE_OUTER_BOUND('', #13367, .T.);
#13369 = FACETED_BREP_SHAPE_REPRESENTATION('', (#13368), #8);
#13370 = POLY_LOOP('', (#1953, #1957, #1959));
#13371 = FACE_OUTER_BOUND('', #13370, .T.);
#13372 = FACETED_BREP_SHAPE_REPRESENTATION('', (#13371), #8);
#13373 = POLY_LOOP('', (#1953, #1959, #1955));
#13374 = FACE_OUTER_BOUND('', #13373, .T.);
#13375 = FACETED_BREP_SHAPE_REPRESENTATION('', (#13374), #8);
#13376 = POLY_LOOP('', (#1956, #1960, #1961));
#13377 = FACE_OUTER_BOUND('', #13376, .T.);
#13378 = FACETED_BREP_SHAPE_REPRESENTATION('', (#13377), #8);
#13379 = POLY_LOOP('', (#1956, #1961, #1957));
#13380 = FACE_OUTER_BOUND('', #13379, .T.);
#13381 = FACETED_BREP_SHAPE_REPRESENTATION('', (#13380), #8);
#13382 = POLY_LOOP('', (#1958, #1963, #1962));
#13383 = FACE_OUTER_BOUND('', #13382, .T.);
#13384 = FACETED_BREP_SHAPE_REPRESENTATION('', (#13383), #8);
#13385 = POLY_LOOP('', (#1958, #1959, #1963));
#13386 = FACE_OUTER_BOUND('', #13385, .T.);
#13387 = FACETED_BREP_SHAPE_REPRESENTATION('', (#13386), #8);
#13388 = POLY_LOOP('', (#1956, #1962, #1960));
#13389 = FACE_OUTER_BOUND('', #13388, .T.);
#13390 = FACETED_BREP_SHAPE_REPRESENTATION('', (#13389), #8);
#13391 = POLY_LOOP('', (#1956, #1958, #1962));
#13392 = FACE_OUTER_BOUND('', #13391, .T.);
#13393 = FACETED_BREP_SHAPE_REPRESENTATION('', (#13392), #8);
#13394 = POLY_LOOP('', (#1957, #1961, #1963));
#13395 = FACE_OUTER_BOUND('', #13394, .T.);
#13396 = FACETED_BREP_SHAPE_REPRESENTATION('', (#13395), #8);
#13397 = POLY_LOOP('', (#1957, #1963, #1959));
#13398 = FACE_OUTER_BOUND('', #13397, .T.);
#13399 = FACETED_BREP_SHAPE_REPRESENTATION('', (#13398), #8);
#13400 = POLY_LOOP('', (#1960, #1964, #1965));
#13401 = FACE_OUTER_BOUND('', #13400, .T.);
#13402 = FACETED_BREP_SHAPE_REPRESENTATION('', (#13401), #8);
#13403 = POLY_LOOP('', (#1960, #1965, #1961));
#13404 = FACE_OUTER_BOUND('', #13403, .T.);
#13405 = FACETED_BREP_SHAPE_REPRESENTATION('', (#13404), #8);
#13406 = POLY_LOOP('', (#1962, #1967, #1966));
#13407 = FACE_OUTER_BOUND('', #13406, .T.);
#13408 = FACETED_BREP_SHAPE_REPRESENTATION('', (#13407), #8);
#13409 = POLY_LOOP('', (#1962, #1963, #1967));
#13410 = FACE_OUTER_BOUND('', #13409, .T.);
#13411 = FACETED_BREP_SHAPE_REPRESENTATION('', (#13410), #8);
#13412 = POLY_LOOP('', (#1960, #1966, #1964));
#13413 = FACE_OUTER_BOUND('', #13412, .T.);
#13414 = FACETED_BREP_SHAPE_REPRESENTATION('', (#13413), #8);
#13415 = POLY_LOOP('', (#1960, #1962, #1966));
#13416 = FACE_OUTER_BOUND('', #13415, .T.);
#13417 = FACETED_BREP_SHAPE_REPRESENTATION('', (#13416), #8);
#13418 = POLY_LOOP('', (#1961, #1965, #1967));
#13419 = FACE_OUTER_BOUND('', #13418, .T.);
#13420 = FACETED_BREP_SHAPE_REPRESENTATION('', (#13419), #8);
#13421 = POLY_LOOP('', (#1961, #1967, #1963));
#13422 = FACE_OUTER_BOUND('', #13421, .T.);
#13423 = FACETED_BREP_SHAPE_REPRESENTATION('', (#13422), #8);
#13424 = POLY_LOOP('', (#1964, #1968, #1969));
#13425 = FACE_OUTER_BOUND('', #13424, .T.);
#13426 = FACETED_BREP_SHAPE_REPRESENTATION('', (#13425), #8);
#13427 = POLY_LOOP('', (#1964, #1969, #1965));
#13428 = FACE_OUTER_BOUND('', #13427, .T.);
#13429 = FACETED_BREP_SHAPE_REPRESENTATION('', (#13428), #8);
#13430 = POLY_LOOP('', (#1966, #1971, #1970));
#13431 = FACE_OUTER_BOUND('', #13430, .T.);
#13432 = FACETED_BREP_SHAPE_REPRESENTATION('', (#13431), #8);
#13433 = POLY_LOOP('', (#1966, #1967, #1971));
#13434 = FACE_OUTER_BOUND('', #13433, .T.);
#13435 = FACETED_BREP_SHAPE_REPRESENTATION('', (#13434), #8);
#13436 = POLY_LOOP('', (#1964, #1970, #1968));
#13437 = FACE_OUTER_BOUND('', #13436, .T.);
#13438 = FACETED_BREP_SHAPE_REPRESENTATION('', (#13437), #8);
#13439 = POLY_LOOP('', (#1964, #1966, #1970));
#13440 = FACE_OUTER_BOUND('', #13439, .T.);
#13441 = FACETED_BREP_SHAPE_REPRESENTATION('', (#13440), #8);
#13442 = POLY_LOOP('', (#1965, #1969, #1971));
#13443 = FACE_OUTER_BOUND('', #13442, .T.);
#13444 = FACETED_BREP_SHAPE_REPRESENTATION('', (#13443), #8);
#13445 = POLY_LOOP('', (#1965, #1971, #1967));
#13446 = FACE_OUTER_BOUND('', #13445, .T.);
#13447 = FACETED_BREP_SHAPE_REPRESENTATION('', (#13446), #8);
#13448 = POLY_LOOP('', (#1968, #1972, #1973));
#13449 = FACE_OUTER_BOUND('', #13448, .T.);
#13450 = FACETED_BREP_SHAPE_REPRESENTATION('', (#13449), #8);
#13451 = POLY_LOOP('', (#1968, #1973, #1969));
#13452 = FACE_OUTER_BOUND('', #13451, .T.);
#13453 = FACETED_BREP_SHAPE_REPRESENTATION('', (#13452), #8);
#13454 = POLY_LOOP('', (#1970, #1975, #1974));
#13455 = FACE_OUTER_BOUND('', #13454, .T.);
#13456 = FACETED_BREP_SHAPE_REPRESENTATION('', (#13455), #8);
#13457 = POLY_LOOP('', (#1970, #1971, #1975));
#13458 = FACE_OUTER_BOUND('', #13457, .T.);
#13459 = FACETED_BREP_SHAPE_REPRESENTATION('', (#13458), #8);
#13460 = POLY_LOOP('', (#1968, #1974, #1972));
#13461 = FACE_OUTER_BOUND('', #13460, .T.);
#13462 = FACETED_BREP_SHAPE_REPRESENTATION('', (#13461), #8);
#13463 = POLY_LOOP('', (#1968, #1970, #1974));
#13464 = FACE_OUTER_BOUND('', #13463, .T.);
#13465 = FACETED_BREP_SHAPE_REPRESENTATION('', (#13464), #8);
#13466 = POLY_LOOP('', (#1969, #1973, #1975));
#13467 = FACE_OUTER_BOUND('', #13466, .T.);
#13468 = FACETED_BREP_SHAPE_REPRESENTATION('', (#13467), #8);
#13469 = POLY_LOOP('', (#1969, #1975, #1971));
#13470 = FACE_OUTER_BOUND('', #13469, .T.);
#13471 = FACETED_BREP_SHAPE_REPRESENTATION('', (#13470), #8);
#13472 = POLY_LOOP('', (#1972, #1976, #1977));
#13473 = FACE_OUTER_BOUND('', #13472, .T.);
#13474 = FACETED_BREP_SHAPE_REPRESENTATION('', (#13473), #8);
#13475 = POLY_LOOP('', (#1972, #1977, #1973));
#13476 = FACE_OUTER_BOUND('', #13475, .T.);
#13477 = FACETED_BREP_SHAPE_REPRESENTATION('', (#13476), #8);
#13478 = POLY_LOOP('', (#1974, #1979, #1978));
#13479 = FACE_OUTER_BOUND('', #13478, .T.);
#13480 = FACETED_BREP_SHAPE_REPRESENTATION('', (#13479), #8);
#13481 = POLY_LOOP('', (#1974, #1975, #1979));
#13482 = FACE_OUTER_BOUND('', #13481, .T.);
#13483 = FACETED_BREP_SHAPE_REPRESENTATION('', (#13482), #8);
#13484 = POLY_LOOP('', (#1972, #1978, #1976));
#13485 = FACE_OUTER_BOUND('', #13484, .T.);
#13486 = FACETED_BREP_SHAPE_REPRESENTATION('', (#13485), #8);
#13487 = POLY_LOOP('', (#1972, #1974, #1978));
#13488 = FACE_OUTER_BOUND('', #13487, .T.);
#13489 = FACETED_BREP_SHAPE_REPRESENTATION('', (#13488), #8);
#13490 = POLY_LOOP('', (#1973, #1977, #1979));
#13491 = FACE_OUTER_BOUND('', #13490, .T.);
#13492 = FACETED_BREP_SHAPE_REPRESENTATION('', (#13491), #8);
#13493 = POLY_LOOP('', (#1973, #1979, #1975));
#13494 = FACE_OUTER_BOUND('', #13493, .T.);
#13495 = FACETED_BREP_SHAPE_REPRESENTATION('', (#13494), #8);
#13496 = POLY_LOOP('', (#1976, #1980, #1981));
#13497 = FACE_OUTER_BOUND('', #13496, .T.);
#13498 = FACETED_BREP_SHAPE_REPRESENTATION('', (#13497), #8);
#13499 = POLY_LOOP('', (#1976, #1981, #1977));
#13500 = FACE_OUTER_BOUND('', #13499, .T.);
#13501 = FACETED_BREP_SHAPE_REPRESENTATION('', (#13500), #8);
#13502 = POLY_LOOP('', (#1978, #1983, #1982));
#13503 = FACE_OUTER_BOUND('', #13502, .T.);
#13504 = FACETED_BREP_SHAPE_REPRESENTATION('', (#13503), #8);
#13505 = POLY_LOOP('', (#1978, #1979, #1983));
#13506 = FACE_OUTER_BOUND('', #13505, .T.);
#13507 = FACETED_BREP_SHAPE_REPRESENTATION('', (#13506), #8);
#13508 = POLY_LOOP('', (#1976, #1982, #1980));
#13509 = FACE_OUTER_BOUND('', #13508, .T.);
#13510 = FACETED_BREP_SHAPE_REPRESENTATION('', (#13509), #8);
#13511 = POLY_LOOP('', (#1976, #1978, #1982));
#13512 = FACE_OUTER_BOUND('', #13511, .T.);
#13513 = FACETED_BREP_SHAPE_REPRESENTATION('', (#13512), #8);
#13514 = POLY_LOOP('', (#1977, #1981, #1983));
#13515 = FACE_OUTER_BOUND('', #13514, .T.);
#13516 = FACETED_BREP_SHAPE_REPRESENTATION('', (#13515), #8);
#13517 = POLY_LOOP('', (#1977, #1983, #1979));
#13518 = FACE_OUTER_BOUND('', #13517, .T.);
#13519 = FACETED_BREP_SHAPE_REPRESENTATION('', (#13518), #8);
#13520 = POLY_LOOP('', (#1980, #1984, #1985));
#13521 = FACE_OUTER_BOUND('', #13520, .T.);
#13522 = FACETED_BREP_SHAPE_REPRESENTATION('', (#13521), #8);
#13523 = POLY_LOOP('', (#1980, #1985, #1981));
#13524 = FACE_OUTER_BOUND('', #13523, .T.);
#13525 = FACETED_BREP_SHAPE_REPRESENTATION('', (#13524), #8);
#13526 = POLY_LOOP('', (#1982, #1987, #1986));
#13527 = FACE_OUTER_BOUND('', #13526, .T.);
#13528 = FACETED_BREP_SHAPE_REPRESENTATION('', (#13527), #8);
#13529 = POLY_LOOP('', (#1982, #1983, #1987));
#13530 = FACE_OUTER_BOUND('', #13529, .T.);
#13531 = FACETED_BREP_SHAPE_REPRESENTATION('', (#13530), #8);
#13532 = POLY_LOOP('', (#1980, #1986, #1984));
#13533 = FACE_OUTER_BOUND('', #13532, .T.);
#13534 = FACETED_BREP_SHAPE_REPRESENTATION('', (#13533), #8);
#13535 = POLY_LOOP('', (#1980, #1982, #1986));
#13536 = FACE_OUTER_BOUND('', #13535, .T.);
#13537 = FACETED_BREP_SHAPE_REPRESENTATION('', (#13536), #8);
#13538 = POLY_LOOP('', (#1981, #1985, #1987));
#13539 = FACE_OUTER_BOUND('', #13538, .T.);
#13540 = FACETED_BREP_SHAPE_REPRESENTATION('', (#13539), #8);
#13541 = POLY_LOOP('', (#1981, #1987, #1983));
#13542 = FACE_OUTER_BOUND('', #13541, .T.);
#13543 = FACETED_BREP_SHAPE_REPRESENTATION('', (#13542), #8);
#13544 = POLY_LOOP('', (#1988, #1992, #1993));
#13545 = FACE_OUTER_BOUND('', #13544, .T.);
#13546 = FACETED_BREP_SHAPE_REPRESENTATION('', (#13545), #8);
#13547 = POLY_LOOP('', (#1988, #1993, #1989));
#13548 = FACE_OUTER_BOUND('', #13547, .T.);
#13549 = FACETED_BREP_SHAPE_REPRESENTATION('', (#13548), #8);
#13550 = POLY_LOOP('', (#1990, #1995, #1994));
#13551 = FACE_OUTER_BOUND('', #13550, .T.);
#13552 = FACETED_BREP_SHAPE_REPRESENTATION('', (#13551), #8);
#13553 = POLY_LOOP('', (#1990, #1991, #1995));
#13554 = FACE_OUTER_BOUND('', #13553, .T.);
#13555 = FACETED_BREP_SHAPE_REPRESENTATION('', (#13554), #8);
#13556 = POLY_LOOP('', (#1988, #1994, #1992));
#13557 = FACE_OUTER_BOUND('', #13556, .T.);
#13558 = FACETED_BREP_SHAPE_REPRESENTATION('', (#13557), #8);
#13559 = POLY_LOOP('', (#1988, #1990, #1994));
#13560 = FACE_OUTER_BOUND('', #13559, .T.);
#13561 = FACETED_BREP_SHAPE_REPRESENTATION('', (#13560), #8);
#13562 = POLY_LOOP('', (#1989, #1993, #1995));
#13563 = FACE_OUTER_BOUND('', #13562, .T.);
#13564 = FACETED_BREP_SHAPE_REPRESENTATION('', (#13563), #8);
#13565 = POLY_LOOP('', (#1989, #1995, #1991));
#13566 = FACE_OUTER_BOUND('', #13565, .T.);
#13567 = FACETED_BREP_SHAPE_REPRESENTATION('', (#13566), #8);
#13568 = POLY_LOOP('', (#1992, #1996, #1997));
#13569 = FACE_OUTER_BOUND('', #13568, .T.);
#13570 = FACETED_BREP_SHAPE_REPRESENTATION('', (#13569), #8);
#13571 = POLY_LOOP('', (#1992, #1997, #1993));
#13572 = FACE_OUTER_BOUND('', #13571, .T.);
#13573 = FACETED_BREP_SHAPE_REPRESENTATION('', (#13572), #8);
#13574 = POLY_LOOP('', (#1994, #1999, #1998));
#13575 = FACE_OUTER_BOUND('', #13574, .T.);
#13576 = FACETED_BREP_SHAPE_REPRESENTATION('', (#13575), #8);
#13577 = POLY_LOOP('', (#1994, #1995, #1999));
#13578 = FACE_OUTER_BOUND('', #13577, .T.);
#13579 = FACETED_BREP_SHAPE_REPRESENTATION('', (#13578), #8);
#13580 = POLY_LOOP('', (#1992, #1998, #1996));
#13581 = FACE_OUTER_BOUND('', #13580, .T.);
#13582 = FACETED_BREP_SHAPE_REPRESENTATION('', (#13581), #8);
#13583 = POLY_LOOP('', (#1992, #1994, #1998));
#13584 = FACE_OUTER_BOUND('', #13583, .T.);
#13585 = FACETED_BREP_SHAPE_REPRESENTATION('', (#13584), #8);
#13586 = POLY_LOOP('', (#1993, #1997, #1999));
#13587 = FACE_OUTER_BOUND('', #13586, .T.);
#13588 = FACETED_BREP_SHAPE_REPRESENTATION('', (#13587), #8);
#13589 = POLY_LOOP('', (#1993, #1999, #1995));
#13590 = FACE_OUTER_BOUND('', #13589, .T.);
#13591 = FACETED_BREP_SHAPE_REPRESENTATION('', (#13590), #8);
#13592 = POLY_LOOP('', (#1996, #2000, #2001));
#13593 = FACE_OUTER_BOUND('', #13592, .T.);
#13594 = FACETED_BREP_SHAPE_REPRESENTATION('', (#13593), #8);
#13595 = POLY_LOOP('', (#1996, #2001, #1997));
#13596 = FACE_OUTER_BOUND('', #13595, .T.);
#13597 = FACETED_BREP_SHAPE_REPRESENTATION('', (#13596), #8);
#13598 = POLY_LOOP('', (#1998, #2003, #2002));
#13599 = FACE_OUTER_BOUND('', #13598, .T.);
#13600 = FACETED_BREP_SHAPE_REPRESENTATION('', (#13599), #8);
#13601 = POLY_LOOP('', (#1998, #1999, #2003));
#13602 = FACE_OUTER_BOUND('', #13601, .T.);
#13603 = FACETED_BREP_SHAPE_REPRESENTATION('', (#13602), #8);
#13604 = POLY_LOOP('', (#1996, #2002, #2000));
#13605 = FACE_OUTER_BOUND('', #13604, .T.);
#13606 = FACETED_BREP_SHAPE_REPRESENTATION('', (#13605), #8);
#13607 = POLY_LOOP('', (#1996, #1998, #2002));
#13608 = FACE_OUTER_BOUND('', #13607, .T.);
#13609 = FACETED_BREP_SHAPE_REPRESENTATION('', (#13608), #8);
#13610 = POLY_LOOP('', (#1997, #2001, #2003));
#13611 = FACE_OUTER_BOUND('', #13610, .T.);
#13612 = FACETED_BREP_SHAPE_REPRESENTATION('', (#13611), #8);
#13613 = POLY_LOOP('', (#1997, #2003, #1999));
#13614 = FACE_OUTER_BOUND('', #13613, .T.);
#13615 = FACETED_BREP_SHAPE_REPRESENTATION('', (#13614), #8);
#13616 = POLY_LOOP('', (#2000, #2004, #2005));
#13617 = FACE_OUTER_BOUND('', #13616, .T.);
#13618 = FACETED_BREP_SHAPE_REPRESENTATION('', (#13617), #8);
#13619 = POLY_LOOP('', (#2000, #2005, #2001));
#13620 = FACE_OUTER_BOUND('', #13619, .T.);
#13621 = FACETED_BREP_SHAPE_REPRESENTATION('', (#13620), #8);
#13622 = POLY_LOOP('', (#2002, #2007, #2006));
#13623 = FACE_OUTER_BOUND('', #13622, .T.);
#13624 = FACETED_BREP_SHAPE_REPRESENTATION('', (#13623), #8);
#13625 = POLY_LOOP('', (#2002, #2003, #2007));
#13626 = FACE_OUTER_BOUND('', #13625, .T.);
#13627 = FACETED_BREP_SHAPE_REPRESENTATION('', (#13626), #8);
#13628 = POLY_LOOP('', (#2000, #2006, #2004));
#13629 = FACE_OUTER_BOUND('', #13628, .T.);
#13630 = FACETED_BREP_SHAPE_REPRESENTATION('', (#13629), #8);
#13631 = POLY_LOOP('', (#2000, #2002, #2006));
#13632 = FACE_OUTER_BOUND('', #13631, .T.);
#13633 = FACETED_BREP_SHAPE_REPRESENTATION('', (#13632), #8);
#13634 = POLY_LOOP('', (#2001, #2005, #2007));
#13635 = FACE_OUTER_BOUND('', #13634, .T.);
#13636 = FACETED_BREP_SHAPE_REPRESENTATION('', (#13635), #8);
#13637 = POLY_LOOP('', (#2001, #2007, #2003));
#13638 = FACE_OUTER_BOUND('', #13637, .T.);
#13639 = FACETED_BREP_SHAPE_REPRESENTATION('', (#13638), #8);
#13640 = POLY_LOOP('', (#2004, #2008, #2009));
#13641 = FACE_OUTER_BOUND('', #13640, .T.);
#13642 = FACETED_BREP_SHAPE_REPRESENTATION('', (#13641), #8);
#13643 = POLY_LOOP('', (#2004, #2009, #2005));
#13644 = FACE_OUTER_BOUND('', #13643, .T.);
#13645 = FACETED_BREP_SHAPE_REPRESENTATION('', (#13644), #8);
#13646 = POLY_LOOP('', (#2006, #2011, #2010));
#13647 = FACE_OUTER_BOUND('', #13646, .T.);
#13648 = FACETED_BREP_SHAPE_REPRESENTATION('', (#13647), #8);
#13649 = POLY_LOOP('', (#2006, #2007, #2011));
#13650 = FACE_OUTER_BOUND('', #13649, .T.);
#13651 = FACETED_BREP_SHAPE_REPRESENTATION('', (#13650), #8);
#13652 = POLY_LOOP('', (#2004, #2010, #2008));
#13653 = FACE_OUTER_BOUND('', #13652, .T.);
#13654 = FACETED_BREP_SHAPE_REPRESENTATION('', (#13653), #8);
#13655 = POLY_LOOP('', (#2004, #2006, #2010));
#13656 = FACE_OUTER_BOUND('', #13655, .T.);
#13657 = FACETED_BREP_SHAPE_REPRESENTATION('', (#13656), #8);
#13658 = POLY_LOOP('', (#2005, #2009, #2011));
#13659 = FACE_OUTER_BOUND('', #13658, .T.);
#13660 = FACETED_BREP_SHAPE_REPRESENTATION('', (#13659), #8);
#13661 = POLY_LOOP('', (#2005, #2011, #2007));
#13662 = FACE_OUTER_BOUND('', #13661, .T.);
#13663 = FACETED_BREP_SHAPE_REPRESENTATION('', (#13662), #8);
#13664 = POLY_LOOP('', (#2008, #2012, #2013));
#13665 = FACE_OUTER_BOUND('', #13664, .T.);
#13666 = FACETED_BREP_SHAPE_REPRESENTATION('', (#13665), #8);
#13667 = POLY_LOOP('', (#2008, #2013, #2009));
#13668 = FACE_OUTER_BOUND('', #13667, .T.);
#13669 = FACETED_BREP_SHAPE_REPRESENTATION('', (#13668), #8);
#13670 = POLY_LOOP('', (#2010, #2015, #2014));
#13671 = FACE_OUTER_BOUND('', #13670, .T.);
#13672 = FACETED_BREP_SHAPE_REPRESENTATION('', (#13671), #8);
#13673 = POLY_LOOP('', (#2010, #2011, #2015));
#13674 = FACE_OUTER_BOUND('', #13673, .T.);
#13675 = FACETED_BREP_SHAPE_REPRESENTATION('', (#13674), #8);
#13676 = POLY_LOOP('', (#2008, #2014, #2012));
#13677 = FACE_OUTER_BOUND('', #13676, .T.);
#13678 = FACETED_BREP_SHAPE_REPRESENTATION('', (#13677), #8);
#13679 = POLY_LOOP('', (#2008, #2010, #2014));
#13680 = FACE_OUTER_BOUND('', #13679, .T.);
#13681 = FACETED_BREP_SHAPE_REPRESENTATION('', (#13680), #8);
#13682 = POLY_LOOP('', (#2009, #2013, #2015));
#13683 = FACE_OUTER_BOUND('', #13682, .T.);
#13684 = FACETED_BREP_SHAPE_REPRESENTATION('', (#13683), #8);
#13685 = POLY_LOOP('', (#2009, #2015, #2011));
#13686 = FACE_OUTER_BOUND('', #13685, .T.);
#13687 = FACETED_BREP_SHAPE_REPRESENTATION('', (#13686), #8);
#13688 = POLY_LOOP('', (#2012, #2016, #2017));
#13689 = FACE_OUTER_BOUND('', #13688, .T.);
#13690 = FACETED_BREP_SHAPE_REPRESENTATION('', (#13689), #8);
#13691 = POLY_LOOP('', (#2012, #2017, #2013));
#13692 = FACE_OUTER_BOUND('', #13691, .T.);
#13693 = FACETED_BREP_SHAPE_REPRESENTATION('', (#13692), #8);
#13694 = POLY_LOOP('', (#2014, #2019, #2018));
#13695 = FACE_OUTER_BOUND('', #13694, .T.);
#13696 = FACETED_BREP_SHAPE_REPRESENTATION('', (#13695), #8);
#13697 = POLY_LOOP('', (#2014, #2015, #2019));
#13698 = FACE_OUTER_BOUND('', #13697, .T.);
#13699 = FACETED_BREP_SHAPE_REPRESENTATION('', (#13698), #8);
#13700 = POLY_LOOP('', (#2012, #2018, #2016));
#13701 = FACE_OUTER_BOUND('', #13700, .T.);
#13702 = FACETED_BREP_SHAPE_REPRESENTATION('', (#13701), #8);
#13703 = POLY_LOOP('', (#2012, #2014, #2018));
#13704 = FACE_OUTER_BOUND('', #13703, .T.);
#13705 = FACETED_BREP_SHAPE_REPRESENTATION('', (#13704), #8);
#13706 = POLY_LOOP('', (#2013, #2017, #2019));
#13707 = FACE_OUTER_BOUND('', #13706, .T.);
#13708 = FACETED_BREP_SHAPE_REPRESENTATION('', (#13707), #8);
#13709 = POLY_LOOP('', (#2013, #2019, #2015));
#13710 = FACE_OUTER_BOUND('', #13709, .T.);
#13711 = FACETED_BREP_SHAPE_REPRESENTATION('', (#13710), #8);
#13712 = POLY_LOOP('', (#2016, #2020, #2021));
#13713 = FACE_OUTER_BOUND('', #13712, .T.);
#13714 = FACETED_BREP_SHAPE_REPRESENTATION('', (#13713), #8);
#13715 = POLY_LOOP('', (#2016, #2021, #2017));
#13716 = FACE_OUTER_BOUND('', #13715, .T.);
#13717 = FACETED_BREP_SHAPE_REPRESENTATION('', (#13716), #8);
#13718 = POLY_LOOP('', (#2018, #2023, #2022));
#13719 = FACE_OUTER_BOUND('', #13718, .T.);
#13720 = FACETED_BREP_SHAPE_REPRESENTATION('', (#13719), #8);
#13721 = POLY_LOOP('', (#2018, #2019, #2023));
#13722 = FACE_OUTER_BOUND('', #13721, .T.);
#13723 = FACETED_BREP_SHAPE_REPRESENTATION('', (#13722), #8);
#13724 = POLY_LOOP('', (#2016, #2022, #2020));
#13725 = FACE_OUTER_BOUND('', #13724, .T.);
#13726 = FACETED_BREP_SHAPE_REPRESENTATION('', (#13725), #8);
#13727 = POLY_LOOP('', (#2016, #2018, #2022));
#13728 = FACE_OUTER_BOUND('', #13727, .T.);
#13729 = FACETED_BREP_SHAPE_REPRESENTATION('', (#13728), #8);
#13730 = POLY_LOOP('', (#2017, #2021, #2023));
#13731 = FACE_OUTER_BOUND('', #13730, .T.);
#13732 = FACETED_BREP_SHAPE_REPRESENTATION('', (#13731), #8);
#13733 = POLY_LOOP('', (#2017, #2023, #2019));
#13734 = FACE_OUTER_BOUND('', #13733, .T.);
#13735 = FACETED_BREP_SHAPE_REPRESENTATION('', (#13734), #8);
#13736 = POLY_LOOP('', (#2020, #2024, #2025));
#13737 = FACE_OUTER_BOUND('', #13736, .T.);
#13738 = FACETED_BREP_SHAPE_REPRESENTATION('', (#13737), #8);
#13739 = POLY_LOOP('', (#2020, #2025, #2021));
#13740 = FACE_OUTER_BOUND('', #13739, .T.);
#13741 = FACETED_BREP_SHAPE_REPRESENTATION('', (#13740), #8);
#13742 = POLY_LOOP('', (#2022, #2027, #2026));
#13743 = FACE_OUTER_BOUND('', #13742, .T.);
#13744 = FACETED_BREP_SHAPE_REPRESENTATION('', (#13743), #8);
#13745 = POLY_LOOP('', (#2022, #2023, #2027));
#13746 = FACE_OUTER_BOUND('', #13745, .T.);
#13747 = FACETED_BREP_SHAPE_REPRESENTATION('', (#13746), #8);
#13748 = POLY_LOOP('', (#2020, #2026, #2024));
#13749 = FACE_OUTER_BOUND('', #13748, .T.);
#13750 = FACETED_BREP_SHAPE_REPRESENTATION('', (#13749), #8);
#13751 = POLY_LOOP('', (#2020, #2022, #2026));
#13752 = FACE_OUTER_BOUND('', #13751, .T.);
#13753 = FACETED_BREP_SHAPE_REPRESENTATION('', (#13752), #8);
#13754 = POLY_LOOP('', (#2021, #2025, #2027));
#13755 = FACE_OUTER_BOUND('', #13754, .T.);
#13756 = FACETED_BREP_SHAPE_REPRESENTATION('', (#13755), #8);
#13757 = POLY_LOOP('', (#2021, #2027, #2023));
#13758 = FACE_OUTER_BOUND('', #13757, .T.);
#13759 = FACETED_BREP_SHAPE_REPRESENTATION('', (#13758), #8);
#13760 = POLY_LOOP('', (#2024, #2028, #2029));
#13761 = FACE_OUTER_BOUND('', #13760, .T.);
#13762 = FACETED_BREP_SHAPE_REPRESENTATION('', (#13761), #8);
#13763 = POLY_LOOP('', (#2024, #2029, #2025));
#13764 = FACE_OUTER_BOUND('', #13763, .T.);
#13765 = FACETED_BREP_SHAPE_REPRESENTATION('', (#13764), #8);
#13766 = POLY_LOOP('', (#2026, #2031, #2030));
#13767 = FACE_OUTER_BOUND('', #13766, .T.);
#13768 = FACETED_BREP_SHAPE_REPRESENTATION('', (#13767), #8);
#13769 = POLY_LOOP('', (#2026, #2027, #2031));
#13770 = FACE_OUTER_BOUND('', #13769, .T.);
#13771 = FACETED_BREP_SHAPE_REPRESENTATION('', (#13770), #8);
#13772 = POLY_LOOP('', (#2024, #2030, #2028));
#13773 = FACE_OUTER_BOUND('', #13772, .T.);
#13774 = FACETED_BREP_SHAPE_REPRESENTATION('', (#13773), #8);
#13775 = POLY_LOOP('', (#2024, #2026, #2030));
#13776 = FACE_OUTER_BOUND('', #13775, .T.);
#13777 = FACETED_BREP_SHAPE_REPRESENTATION('', (#13776), #8);
#13778 = POLY_LOOP('', (#2025, #2029, #2031));
#13779 = FACE_OUTER_BOUND('', #13778, .T.);
#13780 = FACETED_BREP_SHAPE_REPRESENTATION('', (#13779), #8);
#13781 = POLY_LOOP('', (#2025, #2031, #2027));
#13782 = FACE_OUTER_BOUND('', #13781, .T.);
#13783 = FACETED_BREP_SHAPE_REPRESENTATION('', (#13782), #8);
#13784 = POLY_LOOP('', (#2032, #2036, #2037));
#13785 = FACE_OUTER_BOUND('', #13784, .T.);
#13786 = FACETED_BREP_SHAPE_REPRESENTATION('', (#13785), #8);
#13787 = POLY_LOOP('', (#2032, #2037, #2033));
#13788 = FACE_OUTER_BOUND('', #13787, .T.);
#13789 = FACETED_BREP_SHAPE_REPRESENTATION('', (#13788), #8);
#13790 = POLY_LOOP('', (#2034, #2039, #2038));
#13791 = FACE_OUTER_BOUND('', #13790, .T.);
#13792 = FACETED_BREP_SHAPE_REPRESENTATION('', (#13791), #8);
#13793 = POLY_LOOP('', (#2034, #2035, #2039));
#13794 = FACE_OUTER_BOUND('', #13793, .T.);
#13795 = FACETED_BREP_SHAPE_REPRESENTATION('', (#13794), #8);
#13796 = POLY_LOOP('', (#2032, #2038, #2036));
#13797 = FACE_OUTER_BOUND('', #13796, .T.);
#13798 = FACETED_BREP_SHAPE_REPRESENTATION('', (#13797), #8);
#13799 = POLY_LOOP('', (#2032, #2034, #2038));
#13800 = FACE_OUTER_BOUND('', #13799, .T.);
#13801 = FACETED_BREP_SHAPE_REPRESENTATION('', (#13800), #8);
#13802 = POLY_LOOP('', (#2033, #2037, #2039));
#13803 = FACE_OUTER_BOUND('', #13802, .T.);
#13804 = FACETED_BREP_SHAPE_REPRESENTATION('', (#13803), #8);
#13805 = POLY_LOOP('', (#2033, #2039, #2035));
#13806 = FACE_OUTER_BOUND('', #13805, .T.);
#13807 = FACETED_BREP_SHAPE_REPRESENTATION('', (#13806), #8);
#13808 = POLY_LOOP('', (#2036, #2040, #2041));
#13809 = FACE_OUTER_BOUND('', #13808, .T.);
#13810 = FACETED_BREP_SHAPE_REPRESENTATION('', (#13809), #8);
#13811 = POLY_LOOP('', (#2036, #2041, #2037));
#13812 = FACE_OUTER_BOUND('', #13811, .T.);
#13813 = FACETED_BREP_SHAPE_REPRESENTATION('', (#13812), #8);
#13814 = POLY_LOOP('', (#2038, #2043, #2042));
#13815 = FACE_OUTER_BOUND('', #13814, .T.);
#13816 = FACETED_BREP_SHAPE_REPRESENTATION('', (#13815), #8);
#13817 = POLY_LOOP('', (#2038, #2039, #2043));
#13818 = FACE_OUTER_BOUND('', #13817, .T.);
#13819 = FACETED_BREP_SHAPE_REPRESENTATION('', (#13818), #8);
#13820 = POLY_LOOP('', (#2036, #2042, #2040));
#13821 = FACE_OUTER_BOUND('', #13820, .T.);
#13822 = FACETED_BREP_SHAPE_REPRESENTATION('', (#13821), #8);
#13823 = POLY_LOOP('', (#2036, #2038, #2042));
#13824 = FACE_OUTER_BOUND('', #13823, .T.);
#13825 = FACETED_BREP_SHAPE_REPRESENTATION('', (#13824), #8);
#13826 = POLY_LOOP('', (#2037, #2041, #2043));
#13827 = FACE_OUTER_BOUND('', #13826, .T.);
#13828 = FACETED_BREP_SHAPE_REPRESENTATION('', (#13827), #8);
#13829 = POLY_LOOP('', (#2037, #2043, #2039));
#13830 = FACE_OUTER_BOUND('', #13829, .T.);
#13831 = FACETED_BREP_SHAPE_REPRESENTATION('', (#13830), #8);
#13832 = POLY_LOOP('', (#2040, #2044, #2045));
#13833 = FACE_OUTER_BOUND('', #13832, .T.);
#13834 = FACETED_BREP_SHAPE_REPRESENTATION('', (#13833), #8);
#13835 = POLY_LOOP('', (#2040, #2045, #2041));
#13836 = FACE_OUTER_BOUND('', #13835, .T.);
#13837 = FACETED_BREP_SHAPE_REPRESENTATION('', (#13836), #8);
#13838 = POLY_LOOP('', (#2042, #2047, #2046));
#13839 = FACE_OUTER_BOUND('', #13838, .T.);
#13840 = FACETED_BREP_SHAPE_REPRESENTATION('', (#13839), #8);
#13841 = POLY_LOOP('', (#2042, #2043, #2047));
#13842 = FACE_OUTER_BOUND('', #13841, .T.);
#13843 = FACETED_BREP_SHAPE_REPRESENTATION('', (#13842), #8);
#13844 = POLY_LOOP('', (#2040, #2046, #2044));
#13845 = FACE_OUTER_BOUND('', #13844, .T.);
#13846 = FACETED_BREP_SHAPE_REPRESENTATION('', (#13845), #8);
#13847 = POLY_LOOP('', (#2040, #2042, #2046));
#13848 = FACE_OUTER_BOUND('', #13847, .T.);
#13849 = FACETED_BREP_SHAPE_REPRESENTATION('', (#13848), #8);
#13850 = POLY_LOOP('', (#2041, #2045, #2047));
#13851 = FACE_OUTER_BOUND('', #13850, .T.);
#13852 = FACETED_BREP_SHAPE_REPRESENTATION('', (#13851), #8);
#13853 = POLY_LOOP('', (#2041, #2047, #2043));
#13854 = FACE_OUTER_BOUND('', #13853, .T.);
#13855 = FACETED_BREP_SHAPE_REPRESENTATION('', (#13854), #8);
#13856 = POLY_LOOP('', (#2044, #2048, #2049));
#13857 = FACE_OUTER_BOUND('', #13856, .T.);
#13858 = FACETED_BREP_SHAPE_REPRESENTATION('', (#13857), #8);
#13859 = POLY_LOOP('', (#2044, #2049, #2045));
#13860 = FACE_OUTER_BOUND('', #13859, .T.);
#13861 = FACETED_BREP_SHAPE_REPRESENTATION('', (#13860), #8);
#13862 = POLY_LOOP('', (#2046, #2051, #2050));
#13863 = FACE_OUTER_BOUND('', #13862, .T.);
#13864 = FACETED_BREP_SHAPE_REPRESENTATION('', (#13863), #8);
#13865 = POLY_LOOP('', (#2046, #2047, #2051));
#13866 = FACE_OUTER_BOUND('', #13865, .T.);
#13867 = FACETED_BREP_SHAPE_REPRESENTATION('', (#13866), #8);
#13868 = POLY_LOOP('', (#2044, #2050, #2048));
#13869 = FACE_OUTER_BOUND('', #13868, .T.);
#13870 = FACETED_BREP_SHAPE_REPRESENTATION('', (#13869), #8);
#13871 = POLY_LOOP('', (#2044, #2046, #2050));
#13872 = FACE_OUTER_BOUND('', #13871, .T.);
#13873 = FACETED_BREP_SHAPE_REPRESENTATION('', (#13872), #8);
#13874 = POLY_LOOP('', (#2045, #2049, #2051));
#13875 = FACE_OUTER_BOUND('', #13874, .T.);
#13876 = FACETED_BREP_SHAPE_REPRESENTATION('', (#13875), #8);
#13877 = POLY_LOOP('', (#2045, #2051, #2047));
#13878 = FACE_OUTER_BOUND('', #13877, .T.);
#13879 = FACETED_BREP_SHAPE_REPRESENTATION('', (#13878), #8);
#13880 = POLY_LOOP('', (#2048, #2052, #2053));
#13881 = FACE_OUTER_BOUND('', #13880, .T.);
#13882 = FACETED_BREP_SHAPE_REPRESENTATION('', (#13881), #8);
#13883 = POLY_LOOP('', (#2048, #2053, #2049));
#13884 = FACE_OUTER_BOUND('', #13883, .T.);
#13885 = FACETED_BREP_SHAPE_REPRESENTATION('', (#13884), #8);
#13886 = POLY_LOOP('', (#2050, #2055, #2054));
#13887 = FACE_OUTER_BOUND('', #13886, .T.);
#13888 = FACETED_BREP_SHAPE_REPRESENTATION('', (#13887), #8);
#13889 = POLY_LOOP('', (#2050, #2051, #2055));
#13890 = FACE_OUTER_BOUND('', #13889, .T.);
#13891 = FACETED_BREP_SHAPE_REPRESENTATION('', (#13890), #8);
#13892 = POLY_LOOP('', (#2048, #2054, #2052));
#13893 = FACE_OUTER_BOUND('', #13892, .T.);
#13894 = FACETED_BREP_SHAPE_REPRESENTATION('', (#13893), #8);
#13895 = POLY_LOOP('', (#2048, #2050, #2054));
#13896 = FACE_OUTER_BOUND('', #13895, .T.);
#13897 = FACETED_BREP_SHAPE_REPRESENTATION('', (#13896), #8);
#13898 = POLY_LOOP('', (#2049, #2053, #2055));
#13899 = FACE_OUTER_BOUND('', #13898, .T.);
#13900 = FACETED_BREP_SHAPE_REPRESENTATION('', (#13899), #8);
#13901 = POLY_LOOP('', (#2049, #2055, #2051));
#13902 = FACE_OUTER_BOUND('', #13901, .T.);
#13903 = FACETED_BREP_SHAPE_REPRESENTATION('', (#13902), #8);
#13904 = POLY_LOOP('', (#2052, #2056, #2057));
#13905 = FACE_OUTER_BOUND('', #13904, .T.);
#13906 = FACETED_BREP_SHAPE_REPRESENTATION('', (#13905), #8);
#13907 = POLY_LOOP('', (#2052, #2057, #2053));
#13908 = FACE_OUTER_BOUND('', #13907, .T.);
#13909 = FACETED_BREP_SHAPE_REPRESENTATION('', (#13908), #8);
#13910 = POLY_LOOP('', (#2054, #2059, #2058));
#13911 = FACE_OUTER_BOUND('', #13910, .T.);
#13912 = FACETED_BREP_SHAPE_REPRESENTATION('', (#13911), #8);
#13913 = POLY_LOOP('', (#2054, #2055, #2059));
#13914 = FACE_OUTER_BOUND('', #13913, .T.);
#13915 = FACETED_BREP_SHAPE_REPRESENTATION('', (#13914), #8);
#13916 = POLY_LOOP('', (#2052, #2058, #2056));
#13917 = FACE_OUTER_BOUND('', #13916, .T.);
#13918 = FACETED_BREP_SHAPE_REPRESENTATION('', (#13917), #8);
#13919 = POLY_LOOP('', (#2052, #2054, #2058));
#13920 = FACE_OUTER_BOUND('', #13919, .T.);
#13921 = FACETED_BREP_SHAPE_REPRESENTATION('', (#13920), #8);
#13922 = POLY_LOOP('', (#2053, #2057, #2059));
#13923 = FACE_OUTER_BOUND('', #13922, .T.);
#13924 = FACETED_BREP_SHAPE_REPRESENTATION('', (#13923), #8);
#13925 = POLY_LOOP('', (#2053, #2059, #2055));
#13926 = FACE_OUTER_BOUND('', #13925, .T.);
#13927 = FACETED_BREP_SHAPE_REPRESENTATION('', (#13926), #8);
#13928 = POLY_LOOP('', (#2056, #2060, #2061));
#13929 = FACE_OUTER_BOUND('', #13928, .T.);
#13930 = FACETED_BREP_SHAPE_REPRESENTATION('', (#13929), #8);
#13931 = POLY_LOOP('', (#2056, #2061, #2057));
#13932 = FACE_OUTER_BOUND('', #13931, .T.);
#13933 = FACETED_BREP_SHAPE_REPRESENTATION('', (#13932), #8);
#13934 = POLY_LOOP('', (#2058, #2063, #2062));
#13935 = FACE_OUTER_BOUND('', #13934, .T.);
#13936 = FACETED_BREP_SHAPE_REPRESENTATION('', (#13935), #8);
#13937 = POLY_LOOP('', (#2058, #2059, #2063));
#13938 = FACE_OUTER_BOUND('', #13937, .T.);
#13939 = FACETED_BREP_SHAPE_REPRESENTATION('', (#13938), #8);
#13940 = POLY_LOOP('', (#2056, #2062, #2060));
#13941 = FACE_OUTER_BOUND('', #13940, .T.);
#13942 = FACETED_BREP_SHAPE_REPRESENTATION('', (#13941), #8);
#13943 = POLY_LOOP('', (#2056, #2058, #2062));
#13944 = FACE_OUTER_BOUND('', #13943, .T.);
#13945 = FACETED_BREP_SHAPE_REPRESENTATION('', (#13944), #8);
#13946 = POLY_LOOP('', (#2057, #2061, #2063));
#13947 = FACE_OUTER_BOUND('', #13946, .T.);
#13948 = FACETED_BREP_SHAPE_REPRESENTATION('', (#13947), #8);
#13949 = POLY_LOOP('', (#2057, #2063, #2059));
#13950 = FACE_OUTER_BOUND('', #13949, .T.);
#13951 = FACETED_BREP_SHAPE_REPRESENTATION('', (#13950), #8);
#13952 = POLY_LOOP('', (#2060, #2064, #2065));
#13953 = FACE_OUTER_BOUND('', #13952, .T.);
#13954 = FACETED_BREP_SHAPE_REPRESENTATION('', (#13953), #8);
#13955 = POLY_LOOP('', (#2060, #2065, #2061));
#13956 = FACE_OUTER_BOUND('', #13955, .T.);
#13957 = FACETED_BREP_SHAPE_REPRESENTATION('', (#13956), #8);
#13958 = POLY_LOOP('', (#2062, #2067, #2066));
#13959 = FACE_OUTER_BOUND('', #13958, .T.);
#13960 = FACETED_BREP_SHAPE_REPRESENTATION('', (#13959), #8);
#13961 = POLY_LOOP('', (#2062, #2063, #2067));
#13962 = FACE_OUTER_BOUND('', #13961, .T.);
#13963 = FACETED_BREP_SHAPE_REPRESENTATION('', (#13962), #8);
#13964 = POLY_LOOP('', (#2060, #2066, #2064));
#13965 = FACE_OUTER_BOUND('', #13964, .T.);
#13966 = FACETED_BREP_SHAPE_REPRESENTATION('', (#13965), #8);
#13967 = POLY_LOOP('', (#2060, #2062, #2066));
#13968 = FACE_OUTER_BOUND('', #13967, .T.);
#13969 = FACETED_BREP_SHAPE_REPRESENTATION('', (#13968), #8);
#13970 = POLY_LOOP('', (#2061, #2065, #2067));
#13971 = FACE_OUTER_BOUND('', #13970, .T.);
#13972 = FACETED_BREP_SHAPE_REPRESENTATION('', (#13971), #8);
#13973 = POLY_LOOP('', (#2061, #2067, #2063));
#13974 = FACE_OUTER_BOUND('', #13973, .T.);
#13975 = FACETED_BREP_SHAPE_REPRESENTATION('', (#13974), #8);
#13976 = POLY_LOOP('', (#2064, #2068, #2069));
#13977 = FACE_OUTER_BOUND('', #13976, .T.);
#13978 = FACETED_BREP_SHAPE_REPRESENTATION('', (#13977), #8);
#13979 = POLY_LOOP('', (#2064, #2069, #2065));
#13980 = FACE_OUTER_BOUND('', #13979, .T.);
#13981 = FACETED_BREP_SHAPE_REPRESENTATION('', (#13980), #8);
#13982 = POLY_LOOP('', (#2066, #2071, #2070));
#13983 = FACE_OUTER_BOUND('', #13982, .T.);
#13984 = FACETED_BREP_SHAPE_REPRESENTATION('', (#13983), #8);
#13985 = POLY_LOOP('', (#2066, #2067, #2071));
#13986 = FACE_OUTER_BOUND('', #13985, .T.);
#13987 = FACETED_BREP_SHAPE_REPRESENTATION('', (#13986), #8);
#13988 = POLY_LOOP('', (#2064, #2070, #2068));
#13989 = FACE_OUTER_BOUND('', #13988, .T.);
#13990 = FACETED_BREP_SHAPE_REPRESENTATION('', (#13989), #8);
#13991 = POLY_LOOP('', (#2064, #2066, #2070));
#13992 = FACE_OUTER_BOUND('', #13991, .T.);
#13993 = FACETED_BREP_SHAPE_REPRESENTATION('', (#13992), #8);
#13994 = POLY_LOOP('', (#2065, #2069, #2071));
#13995 = FACE_OUTER_BOUND('', #13994, .T.);
#13996 = FACETED_BREP_SHAPE_REPRESENTATION('', (#13995), #8);
#13997 = POLY_LOOP('', (#2065, #2071, #2067));
#13998 = FACE_OUTER_BOUND('', #13997, .T.);
#13999 = FACETED_BREP_SHAPE_REPRESENTATION('', (#13998), #8);
#14000 = POLY_LOOP('', (#2068, #2072, #2073));
#14001 = FACE_OUTER_BOUND('', #14000, .T.);
#14002 = FACETED_BREP_SHAPE_REPRESENTATION('', (#14001), #8);
#14003 = POLY_LOOP('', (#2068, #2073, #2069));
#14004 = FACE_OUTER_BOUND('', #14003, .T.);
#14005 = FACETED_BREP_SHAPE_REPRESENTATION('', (#14004), #8);
#14006 = POLY_LOOP('', (#2070, #2075, #2074));
#14007 = FACE_OUTER_BOUND('', #14006, .T.);
#14008 = FACETED_BREP_SHAPE_REPRESENTATION('', (#14007), #8);
#14009 = POLY_LOOP('', (#2070, #2071, #2075));
#14010 = FACE_OUTER_BOUND('', #14009, .T.);
#14011 = FACETED_BREP_SHAPE_REPRESENTATION('', (#14010), #8);
#14012 = POLY_LOOP('', (#2068, #2074, #2072));
#14013 = FACE_OUTER_BOUND('', #14012, .T.);
#14014 = FACETED_BREP_SHAPE_REPRESENTATION('', (#14013), #8);
#14015 = POLY_LOOP('', (#2068, #2070, #2074));
#14016 = FACE_OUTER_BOUND('', #14015, .T.);
#14017 = FACETED_BREP_SHAPE_REPRESENTATION('', (#14016), #8);
#14018 = POLY_LOOP('', (#2069, #2073, #2075));
#14019 = FACE_OUTER_BOUND('', #14018, .T.);
#14020 = FACETED_BREP_SHAPE_REPRESENTATION('', (#14019), #8);
#14021 = POLY_LOOP('', (#2069, #2075, #2071));
#14022 = FACE_OUTER_BOUND('', #14021, .T.);
#14023 = FACETED_BREP_SHAPE_REPRESENTATION('', (#14022), #8);
#14024 = POLY_LOOP('', (#2076, #2080, #2081));
#14025 = FACE_OUTER_BOUND('', #14024, .T.);
#14026 = FACETED_BREP_SHAPE_REPRESENTATION('', (#14025), #8);
#14027 = POLY_LOOP('', (#2076, #2081, #2077));
#14028 = FACE_OUTER_BOUND('', #14027, .T.);
#14029 = FACETED_BREP_SHAPE_REPRESENTATION('', (#14028), #8);
#14030 = POLY_LOOP('', (#2078, #2083, #2082));
#14031 = FACE_OUTER_BOUND('', #14030, .T.);
#14032 = FACETED_BREP_SHAPE_REPRESENTATION('', (#14031), #8);
#14033 = POLY_LOOP('', (#2078, #2079, #2083));
#14034 = FACE_OUTER_BOUND('', #14033, .T.);
#14035 = FACETED_BREP_SHAPE_REPRESENTATION('', (#14034), #8);
#14036 = POLY_LOOP('', (#2076, #2082, #2080));
#14037 = FACE_OUTER_BOUND('', #14036, .T.);
#14038 = FACETED_BREP_SHAPE_REPRESENTATION('', (#14037), #8);
#14039 = POLY_LOOP('', (#2076, #2078, #2082));
#14040 = FACE_OUTER_BOUND('', #14039, .T.);
#14041 = FACETED_BREP_SHAPE_REPRESENTATION('', (#14040), #8);
#14042 = POLY_LOOP('', (#2077, #2081, #2083));
#14043 = FACE_OUTER_BOUND('', #14042, .T.);
#14044 = FACETED_BREP_SHAPE_REPRESENTATION('', (#14043), #8);
#14045 = POLY_LOOP('', (#2077, #2083, #2079));
#14046 = FACE_OUTER_BOUND('', #14045, .T.);
#14047 = FACETED_BREP_SHAPE_REPRESENTATION('', (#14046), #8);
#14048 = POLY_LOOP('', (#2080, #2084, #2085));
#14049 = FACE_OUTER_BOUND('', #14048, .T.);
#14050 = FACETED_BREP_SHAPE_REPRESENTATION('', (#14049), #8);
#14051 = POLY_LOOP('', (#2080, #2085, #2081));
#14052 = FACE_OUTER_BOUND('', #14051, .T.);
#14053 = FACETED_BREP_SHAPE_REPRESENTATION('', (#14052), #8);
#14054 = POLY_LOOP('', (#2082, #2087, #2086));
#14055 = FACE_OUTER_BOUND('', #14054, .T.);
#14056 = FACETED_BREP_SHAPE_REPRESENTATION('', (#14055), #8);
#14057 = POLY_LOOP('', (#2082, #2083, #2087));
#14058 = FACE_OUTER_BOUND('', #14057, .T.);
#14059 = FACETED_BREP_SHAPE_REPRESENTATION('', (#14058), #8);
#14060 = POLY_LOOP('', (#2080, #2086, #2084));
#14061 = FACE_OUTER_BOUND('', #14060, .T.);
#14062 = FACETED_BREP_SHAPE_REPRESENTATION('', (#14061), #8);
#14063 = POLY_LOOP('', (#2080, #2082, #2086));
#14064 = FACE_OUTER_BOUND('', #14063, .T.);
#14065 = FACETED_BREP_SHAPE_REPRESENTATION('', (#14064), #8);
#14066 = POLY_LOOP('', (#2081, #2085, #2087));
#14067 = FACE_OUTER_BOUND('', #14066, .T.);
#14068 = FACETED_BREP_SHAPE_REPRESENTATION('', (#14067), #8);
#14069 = POLY_LOOP('', (#2081, #2087, #2083));
#14070 = FACE_OUTER_BOUND('', #14069, .T.);
#14071 = FACETED_BREP_SHAPE_REPRESENTATION('', (#14070), #8);
#14072 = POLY_LOOP('', (#2084, #2088, #2089));
#14073 = FACE_OUTER_BOUND('', #14072, .T.);
#14074 = FACETED_BREP_SHAPE_REPRESENTATION('', (#14073), #8);
#14075 = POLY_LOOP('', (#2084, #2089, #2085));
#14076 = FACE_OUTER_BOUND('', #14075, .T.);
#14077 = FACETED_BREP_SHAPE_REPRESENTATION('', (#14076), #8);
#14078 = POLY_LOOP('', (#2086, #2091, #2090));
#14079 = FACE_OUTER_BOUND('', #14078, .T.);
#14080 = FACETED_BREP_SHAPE_REPRESENTATION('', (#14079), #8);
#14081 = POLY_LOOP('', (#2086, #2087, #2091));
#14082 = FACE_OUTER_BOUND('', #14081, .T.);
#14083 = FACETED_BREP_SHAPE_REPRESENTATION('', (#14082), #8);
#14084 = POLY_LOOP('', (#2084, #2090, #2088));
#14085 = FACE_OUTER_BOUND('', #14084, .T.);
#14086 = FACETED_BREP_SHAPE_REPRESENTATION('', (#14085), #8);
#14087 = POLY_LOOP('', (#2084, #2086, #2090));
#14088 = FACE_OUTER_BOUND('', #14087, .T.);
#14089 = FACETED_BREP_SHAPE_REPRESENTATION('', (#14088), #8);
#14090 = POLY_LOOP('', (#2085, #2089, #2091));
#14091 = FACE_OUTER_BOUND('', #14090, .T.);
#14092 = FACETED_BREP_SHAPE_REPRESENTATION('', (#14091), #8);
#14093 = POLY_LOOP('', (#2085, #2091, #2087));
#14094 = FACE_OUTER_BOUND('', #14093, .T.);
#14095 = FACETED_BREP_SHAPE_REPRESENTATION('', (#14094), #8);
#14096 = POLY_LOOP('', (#2088, #2092, #2093));
#14097 = FACE_OUTER_BOUND('', #14096, .T.);
#14098 = FACETED_BREP_SHAPE_REPRESENTATION('', (#14097), #8);
#14099 = POLY_LOOP('', (#2088, #2093, #2089));
#14100 = FACE_OUTER_BOUND('', #14099, .T.);
#14101 = FACETED_BREP_SHAPE_REPRESENTATION('', (#14100), #8);
#14102 = POLY_LOOP('', (#2090, #2095, #2094));
#14103 = FACE_OUTER_BOUND('', #14102, .T.);
#14104 = FACETED_BREP_SHAPE_REPRESENTATION('', (#14103), #8);
#14105 = POLY_LOOP('', (#2090, #2091, #2095));
#14106 = FACE_OUTER_BOUND('', #14105, .T.);
#14107 = FACETED_BREP_SHAPE_REPRESENTATION('', (#14106), #8);
#14108 = POLY_LOOP('', (#2088, #2094, #2092));
#14109 = FACE_OUTER_BOUND('', #14108, .T.);
#14110 = FACETED_BREP_SHAPE_REPRESENTATION('', (#14109), #8);
#14111 = POLY_LOOP('', (#2088, #2090, #2094));
#14112 = FACE_OUTER_BOUND('', #14111, .T.);
#14113 = FACETED_BREP_SHAPE_REPRESENTATION('', (#14112), #8);
#14114 = POLY_LOOP('', (#2089, #2093, #2095));
#14115 = FACE_OUTER_BOUND('', #14114, .T.);
#14116 = FACETED_BREP_SHAPE_REPRESENTATION('', (#14115), #8);
#14117 = POLY_LOOP('', (#2089, #2095, #2091));
#14118 = FACE_OUTER_BOUND('', #14117, .T.);
#14119 = FACETED_BREP_SHAPE_REPRESENTATION('', (#14118), #8);
#14120 = POLY_LOOP('', (#2092, #2096, #2097));
#14121 = FACE_OUTER_BOUND('', #14120, .T.);
#14122 = FACETED_BREP_SHAPE_REPRESENTATION('', (#14121), #8);
#14123 = POLY_LOOP('', (#2092, #2097, #2093));
#14124 = FACE_OUTER_BOUND('', #14123, .T.);
#14125 = FACETED_BREP_SHAPE_REPRESENTATION('', (#14124), #8);
#14126 = POLY_LOOP('', (#2094, #2099, #2098));
#14127 = FACE_OUTER_BOUND('', #14126, .T.);
#14128 = FACETED_BREP_SHAPE_REPRESENTATION('', (#14127), #8);
#14129 = POLY_LOOP('', (#2094, #2095, #2099));
#14130 = FACE_OUTER_BOUND('', #14129, .T.);
#14131 = FACETED_BREP_SHAPE_REPRESENTATION('', (#14130), #8);
#14132 = POLY_LOOP('', (#2092, #2098, #2096));
#14133 = FACE_OUTER_BOUND('', #14132, .T.);
#14134 = FACETED_BREP_SHAPE_REPRESENTATION('', (#14133), #8);
#14135 = POLY_LOOP('', (#2092, #2094, #2098));
#14136 = FACE_OUTER_BOUND('', #14135, .T.);
#14137 = FACETED_BREP_SHAPE_REPRESENTATION('', (#14136), #8);
#14138 = POLY_LOOP('', (#2093, #2097, #2099));
#14139 = FACE_OUTER_BOUND('', #14138, .T.);
#14140 = FACETED_BREP_SHAPE_REPRESENTATION('', (#14139), #8);
#14141 = POLY_LOOP('', (#2093, #2099, #2095));
#14142 = FACE_OUTER_BOUND('', #14141, .T.);
#14143 = FACETED_BREP_SHAPE_REPRESENTATION('', (#14142), #8);
#14144 = POLY_LOOP('', (#2096, #2100, #2101));
#14145 = FACE_OUTER_BOUND('', #14144, .T.);
#14146 = FACETED_BREP_SHAPE_REPRESENTATION('', (#14145), #8);
#14147 = POLY_LOOP('', (#2096, #2101, #2097));
#14148 = FACE_OUTER_BOUND('', #14147, .T.);
#14149 = FACETED_BREP_SHAPE_REPRESENTATION('', (#14148), #8);
#14150 = POLY_LOOP('', (#2098, #2103, #2102));
#14151 = FACE_OUTER_BOUND('', #14150, .T.);
#14152 = FACETED_BREP_SHAPE_REPRESENTATION('', (#14151), #8);
#14153 = POLY_LOOP('', (#2098, #2099, #2103));
#14154 = FACE_OUTER_BOUND('', #14153, .T.);
#14155 = FACETED_BREP_SHAPE_REPRESENTATION('', (#14154), #8);
#14156 = POLY_LOOP('', (#2096, #2102, #2100));
#14157 = FACE_OUTER_BOUND('', #14156, .T.);
#14158 = FACETED_BREP_SHAPE_REPRESENTATION('', (#14157), #8);
#14159 = POLY_LOOP('', (#2096, #2098, #2102));
#14160 = FACE_OUTER_BOUND('', #14159, .T.);
#14161 = FACETED_BREP_SHAPE_REPRESENTATION('', (#14160), #8);
#14162 = POLY_LOOP('', (#2097, #2101, #2103));
#14163 = FACE_OUTER_BOUND('', #14162, .T.);
#14164 = FACETED_BREP_SHAPE_REPRESENTATION('', (#14163), #8);
#14165 = POLY_LOOP('', (#2097, #2103, #2099));
#14166 = FACE_OUTER_BOUND('', #14165, .T.);
#14167 = FACETED_BREP_SHAPE_REPRESENTATION('', (#14166), #8);
#14168 = POLY_LOOP('', (#2100, #2104, #2105));
#14169 = FACE_OUTER_BOUND('', #14168, .T.);
#14170 = FACETED_BREP_SHAPE_REPRESENTATION('', (#14169), #8);
#14171 = POLY_LOOP('', (#2100, #2105, #2101));
#14172 = FACE_OUTER_BOUND('', #14171, .T.);
#14173 = FACETED_BREP_SHAPE_REPRESENTATION('', (#14172), #8);
#14174 = POLY_LOOP('', (#2102, #2107, #2106));
#14175 = FACE_OUTER_BOUND('', #14174, .T.);
#14176 = FACETED_BREP_SHAPE_REPRESENTATION('', (#14175), #8);
#14177 = POLY_LOOP('', (#2102, #2103, #2107));
#14178 = FACE_OUTER_BOUND('', #14177, .T.);
#14179 = FACETED_BREP_SHAPE_REPRESENTATION('', (#14178), #8);
#14180 = POLY_LOOP('', (#2100, #2106, #2104));
#14181 = FACE_OUTER_BOUND('', #14180, .T.);
#14182 = FACETED_BREP_SHAPE_REPRESENTATION('', (#14181), #8);
#14183 = POLY_LOOP('', (#2100, #2102, #2106));
#14184 = FACE_OUTER_BOUND('', #14183, .T.);
#14185 = FACETED_BREP_SHAPE_REPRESENTATION('', (#14184), #8);
#14186 = POLY_LOOP('', (#2101, #2105, #2107));
#14187 = FACE_OUTER_BOUND('', #14186, .T.);
#14188 = FACETED_BREP_SHAPE_REPRESENTATION('', (#14187), #8);
#14189 = POLY_LOOP('', (#2101, #2107, #2103));
#14190 = FACE_OUTER_BOUND('', #14189, .T.);
#14191 = FACETED_BREP_SHAPE_REPRESENTATION('', (#14190), #8);
#14192 = POLY_LOOP('', (#2104, #2108, #2109));
#14193 = FACE_OUTER_BOUND('', #14192, .T.);
#14194 = FACETED_BREP_SHAPE_REPRESENTATION('', (#14193), #8);
#14195 = POLY_LOOP('', (#2104, #2109, #2105));
#14196 = FACE_OUTER_BOUND('', #14195, .T.);
#14197 = FACETED_BREP_SHAPE_REPRESENTATION('', (#14196), #8);
#14198 = POLY_LOOP('', (#2106, #2111, #2110));
#14199 = FACE_OUTER_BOUND('', #14198, .T.);
#14200 = FACETED_BREP_SHAPE_REPRESENTATION('', (#14199), #8);
#14201 = POLY_LOOP('', (#2106, #2107, #2111));
#14202 = FACE_OUTER_BOUND('', #14201, .T.);
#14203 = FACETED_BREP_SHAPE_REPRESENTATION('', (#14202), #8);
#14204 = POLY_LOOP('', (#2104, #2110, #2108));
#14205 = FACE_OUTER_BOUND('', #14204, .T.);
#14206 = FACETED_BREP_SHAPE_REPRESENTATION('', (#14205), #8);
#14207 = POLY_LOOP('', (#2104, #2106, #2110));
#14208 = FACE_OUTER_BOUND('', #14207, .T.);
#14209 = FACETED_BREP_SHAPE_REPRESENTATION('', (#14208), #8);
#14210 = POLY_LOOP('', (#2105, #2109, #2111));
#14211 = FACE_OUTER_BOUND('', #14210, .T.);
#14212 = FACETED_BREP_SHAPE_REPRESENTATION('', (#14211), #8);
#14213 = POLY_LOOP('', (#2105, #2111, #2107));
#14214 = FACE_OUTER_BOUND('', #14213, .T.);
#14215 = FACETED_BREP_SHAPE_REPRESENTATION('', (#14214), #8);
#14216 = POLY_LOOP('', (#2108, #2112, #2113));
#14217 = FACE_OUTER_BOUND('', #14216, .T.);
#14218 = FACETED_BREP_SHAPE_REPRESENTATION('', (#14217), #8);
#14219 = POLY_LOOP('', (#2108, #2113, #2109));
#14220 = FACE_OUTER_BOUND('', #14219, .T.);
#14221 = FACETED_BREP_SHAPE_REPRESENTATION('', (#14220), #8);
#14222 = POLY_LOOP('', (#2110, #2115, #2114));
#14223 = FACE_OUTER_BOUND('', #14222, .T.);
#14224 = FACETED_BREP_SHAPE_REPRESENTATION('', (#14223), #8);
#14225 = POLY_LOOP('', (#2110, #2111, #2115));
#14226 = FACE_OUTER_BOUND('', #14225, .T.);
#14227 = FACETED_BREP_SHAPE_REPRESENTATION('', (#14226), #8);
#14228 = POLY_LOOP('', (#2108, #2114, #2112));
#14229 = FACE_OUTER_BOUND('', #14228, .T.);
#14230 = FACETED_BREP_SHAPE_REPRESENTATION('', (#14229), #8);
#14231 = POLY_LOOP('', (#2108, #2110, #2114));
#14232 = FACE_OUTER_BOUND('', #14231, .T.);
#14233 = FACETED_BREP_SHAPE_REPRESENTATION('', (#14232), #8);
#14234 = POLY_LOOP('', (#2109, #2113, #2115));
#14235 = FACE_OUTER_BOUND('', #14234, .T.);
#14236 = FACETED_BREP_SHAPE_REPRESENTATION('', (#14235), #8);
#14237 = POLY_LOOP('', (#2109, #2115, #2111));
#14238 = FACE_OUTER_BOUND('', #14237, .T.);
#14239 = FACETED_BREP_SHAPE_REPRESENTATION('', (#14238), #8);
#14240 = POLY_LOOP('', (#2112, #2116, #2117));
#14241 = FACE_OUTER_BOUND('', #14240, .T.);
#14242 = FACETED_BREP_SHAPE_REPRESENTATION('', (#14241), #8);
#14243 = POLY_LOOP('', (#2112, #2117, #2113));
#14244 = FACE_OUTER_BOUND('', #14243, .T.);
#14245 = FACETED_BREP_SHAPE_REPRESENTATION('', (#14244), #8);
#14246 = POLY_LOOP('', (#2114, #2119, #2118));
#14247 = FACE_OUTER_BOUND('', #14246, .T.);
#14248 = FACETED_BREP_SHAPE_REPRESENTATION('', (#14247), #8);
#14249 = POLY_LOOP('', (#2114, #2115, #2119));
#14250 = FACE_OUTER_BOUND('', #14249, .T.);
#14251 = FACETED_BREP_SHAPE_REPRESENTATION('', (#14250), #8);
#14252 = POLY_LOOP('', (#2112, #2118, #2116));
#14253 = FACE_OUTER_BOUND('', #14252, .T.);
#14254 = FACETED_BREP_SHAPE_REPRESENTATION('', (#14253), #8);
#14255 = POLY_LOOP('', (#2112, #2114, #2118));
#14256 = FACE_OUTER_BOUND('', #14255, .T.);
#14257 = FACETED_BREP_SHAPE_REPRESENTATION('', (#14256), #8);
#14258 = POLY_LOOP('', (#2113, #2117, #2119));
#14259 = FACE_OUTER_BOUND('', #14258, .T.);
#14260 = FACETED_BREP_SHAPE_REPRESENTATION('', (#14259), #8);
#14261 = POLY_LOOP('', (#2113, #2119, #2115));
#14262 = FACE_OUTER_BOUND('', #14261, .T.);
#14263 = FACETED_BREP_SHAPE_REPRESENTATION('', (#14262), #8);
#14264 = POLY_LOOP('', (#2120, #2124, #2125));
#14265 = FACE_OUTER_BOUND('', #14264, .T.);
#14266 = FACETED_BREP_SHAPE_REPRESENTATION('', (#14265), #8);
#14267 = POLY_LOOP('', (#2120, #2125, #2121));
#14268 = FACE_OUTER_BOUND('', #14267, .T.);
#14269 = FACETED_BREP_SHAPE_REPRESENTATION('', (#14268), #8);
#14270 = POLY_LOOP('', (#2122, #2127, #2126));
#14271 = FACE_OUTER_BOUND('', #14270, .T.);
#14272 = FACETED_BREP_SHAPE_REPRESENTATION('', (#14271), #8);
#14273 = POLY_LOOP('', (#2122, #2123, #2127));
#14274 = FACE_OUTER_BOUND('', #14273, .T.);
#14275 = FACETED_BREP_SHAPE_REPRESENTATION('', (#14274), #8);
#14276 = POLY_LOOP('', (#2120, #2126, #2124));
#14277 = FACE_OUTER_BOUND('', #14276, .T.);
#14278 = FACETED_BREP_SHAPE_REPRESENTATION('', (#14277), #8);
#14279 = POLY_LOOP('', (#2120, #2122, #2126));
#14280 = FACE_OUTER_BOUND('', #14279, .T.);
#14281 = FACETED_BREP_SHAPE_REPRESENTATION('', (#14280), #8);
#14282 = POLY_LOOP('', (#2121, #2125, #2127));
#14283 = FACE_OUTER_BOUND('', #14282, .T.);
#14284 = FACETED_BREP_SHAPE_REPRESENTATION('', (#14283), #8);
#14285 = POLY_LOOP('', (#2121, #2127, #2123));
#14286 = FACE_OUTER_BOUND('', #14285, .T.);
#14287 = FACETED_BREP_SHAPE_REPRESENTATION('', (#14286), #8);
#14288 = POLY_LOOP('', (#2124, #2128, #2129));
#14289 = FACE_OUTER_BOUND('', #14288, .T.);
#14290 = FACETED_BREP_SHAPE_REPRESENTATION('', (#14289), #8);
#14291 = POLY_LOOP('', (#2124, #2129, #2125));
#14292 = FACE_OUTER_BOUND('', #14291, .T.);
#14293 = FACETED_BREP_SHAPE_REPRESENTATION('', (#14292), #8);
#14294 = POLY_LOOP('', (#2126, #2131, #2130));
#14295 = FACE_OUTER_BOUND('', #14294, .T.);
#14296 = FACETED_BREP_SHAPE_REPRESENTATION('', (#14295), #8);
#14297 = POLY_LOOP('', (#2126, #2127, #2131));
#14298 = FACE_OUTER_BOUND('', #14297, .T.);
#14299 = FACETED_BREP_SHAPE_REPRESENTATION('', (#14298), #8);
#14300 = POLY_LOOP('', (#2124, #2130, #2128));
#14301 = FACE_OUTER_BOUND('', #14300, .T.);
#14302 = FACETED_BREP_SHAPE_REPRESENTATION('', (#14301), #8);
#14303 = POLY_LOOP('', (#2124, #2126, #2130));
#14304 = FACE_OUTER_BOUND('', #14303, .T.);
#14305 = FACETED_BREP_SHAPE_REPRESENTATION('', (#14304), #8);
#14306 = POLY_LOOP('', (#2125, #2129, #2131));
#14307 = FACE_OUTER_BOUND('', #14306, .T.);
#14308 = FACETED_BREP_SHAPE_REPRESENTATION('', (#14307), #8);
#14309 = POLY_LOOP('', (#2125, #2131, #2127));
#14310 = FACE_OUTER_BOUND('', #14309, .T.);
#14311 = FACETED_BREP_SHAPE_REPRESENTATION('', (#14310), #8);
#14312 = POLY_LOOP('', (#2128, #2132, #2133));
#14313 = FACE_OUTER_BOUND('', #14312, .T.);
#14314 = FACETED_BREP_SHAPE_REPRESENTATION('', (#14313), #8);
#14315 = POLY_LOOP('', (#2128, #2133, #2129));
#14316 = FACE_OUTER_BOUND('', #14315, .T.);
#14317 = FACETED_BREP_SHAPE_REPRESENTATION('', (#14316), #8);
#14318 = POLY_LOOP('', (#2130, #2135, #2134));
#14319 = FACE_OUTER_BOUND('', #14318, .T.);
#14320 = FACETED_BREP_SHAPE_REPRESENTATION('', (#14319), #8);
#14321 = POLY_LOOP('', (#2130, #2131, #2135));
#14322 = FACE_OUTER_BOUND('', #14321, .T.);
#14323 = FACETED_BREP_SHAPE_REPRESENTATION('', (#14322), #8);
#14324 = POLY_LOOP('', (#2128, #2134, #2132));
#14325 = FACE_OUTER_BOUND('', #14324, .T.);
#14326 = FACETED_BREP_SHAPE_REPRESENTATION('', (#14325), #8);
#14327 = POLY_LOOP('', (#2128, #2130, #2134));
#14328 = FACE_OUTER_BOUND('', #14327, .T.);
#14329 = FACETED_BREP_SHAPE_REPRESENTATION('', (#14328), #8);
#14330 = POLY_LOOP('', (#2129, #2133, #2135));
#14331 = FACE_OUTER_BOUND('', #14330, .T.);
#14332 = FACETED_BREP_SHAPE_REPRESENTATION('', (#14331), #8);
#14333 = POLY_LOOP('', (#2129, #2135, #2131));
#14334 = FACE_OUTER_BOUND('', #14333, .T.);
#14335 = FACETED_BREP_SHAPE_REPRESENTATION('', (#14334), #8);
#14336 = POLY_LOOP('', (#2132, #2136, #2137));
#14337 = FACE_OUTER_BOUND('', #14336, .T.);
#14338 = FACETED_BREP_SHAPE_REPRESENTATION('', (#14337), #8);
#14339 = POLY_LOOP('', (#2132, #2137, #2133));
#14340 = FACE_OUTER_BOUND('', #14339, .T.);
#14341 = FACETED_BREP_SHAPE_REPRESENTATION('', (#14340), #8);
#14342 = POLY_LOOP('', (#2134, #2139, #2138));
#14343 = FACE_OUTER_BOUND('', #14342, .T.);
#14344 = FACETED_BREP_SHAPE_REPRESENTATION('', (#14343), #8);
#14345 = POLY_LOOP('', (#2134, #2135, #2139));
#14346 = FACE_OUTER_BOUND('', #14345, .T.);
#14347 = FACETED_BREP_SHAPE_REPRESENTATION('', (#14346), #8);
#14348 = POLY_LOOP('', (#2132, #2138, #2136));
#14349 = FACE_OUTER_BOUND('', #14348, .T.);
#14350 = FACETED_BREP_SHAPE_REPRESENTATION('', (#14349), #8);
#14351 = POLY_LOOP('', (#2132, #2134, #2138));
#14352 = FACE_OUTER_BOUND('', #14351, .T.);
#14353 = FACETED_BREP_SHAPE_REPRESENTATION('', (#14352), #8);
#14354 = POLY_LOOP('', (#2133, #2137, #2139));
#14355 = FACE_OUTER_BOUND('', #14354, .T.);
#14356 = FACETED_BREP_SHAPE_REPRESENTATION('', (#14355), #8);
#14357 = POLY_LOOP('', (#2133, #2139, #2135));
#14358 = FACE_OUTER_BOUND('', #14357, .T.);
#14359 = FACETED_BREP_SHAPE_REPRESENTATION('', (#14358), #8);
#14360 = POLY_LOOP('', (#2136, #2140, #2141));
#14361 = FACE_OUTER_BOUND('', #14360, .T.);
#14362 = FACETED_BREP_SHAPE_REPRESENTATION('', (#14361), #8);
#14363 = POLY_LOOP('', (#2136, #2141, #2137));
#14364 = FACE_OUTER_BOUND('', #14363, .T.);
#14365 = FACETED_BREP_SHAPE_REPRESENTATION('', (#14364), #8);
#14366 = POLY_LOOP('', (#2138, #2143, #2142));
#14367 = FACE_OUTER_BOUND('', #14366, .T.);
#14368 = FACETED_BREP_SHAPE_REPRESENTATION('', (#14367), #8);
#14369 = POLY_LOOP('', (#2138, #2139, #2143));
#14370 = FACE_OUTER_BOUND('', #14369, .T.);
#14371 = FACETED_BREP_SHAPE_REPRESENTATION('', (#14370), #8);
#14372 = POLY_LOOP('', (#2136, #2142, #2140));
#14373 = FACE_OUTER_BOUND('', #14372, .T.);
#14374 = FACETED_BREP_SHAPE_REPRESENTATION('', (#14373), #8);
#14375 = POLY_LOOP('', (#2136, #2138, #2142));
#14376 = FACE_OUTER_BOUND('', #14375, .T.);
#14377 = FACETED_BREP_SHAPE_REPRESENTATION('', (#14376), #8);
#14378 = POLY_LOOP('', (#2137, #2141, #2143));
#14379 = FACE_OUTER_BOUND('', #14378, .T.);
#14380 = FACETED_BREP_SHAPE_REPRESENTATION('', (#14379), #8);
#14381 = POLY_LOOP('', (#2137, #2143, #2139));
#14382 = FACE_OUTER_BOUND('', #14381, .T.);
#14383 = FACETED_BREP_SHAPE_REPRESENTATION('', (#14382), #8);
#14384 = POLY_LOOP('', (#2140, #2144, #2145));
#14385 = FACE_OUTER_BOUND('', #14384, .T.);
#14386 = FACETED_BREP_SHAPE_REPRESENTATION('', (#14385), #8);
#14387 = POLY_LOOP('', (#2140, #2145, #2141));
#14388 = FACE_OUTER_BOUND('', #14387, .T.);
#14389 = FACETED_BREP_SHAPE_REPRESENTATION('', (#14388), #8);
#14390 = POLY_LOOP('', (#2142, #2147, #2146));
#14391 = FACE_OUTER_BOUND('', #14390, .T.);
#14392 = FACETED_BREP_SHAPE_REPRESENTATION('', (#14391), #8);
#14393 = POLY_LOOP('', (#2142, #2143, #2147));
#14394 = FACE_OUTER_BOUND('', #14393, .T.);
#14395 = FACETED_BREP_SHAPE_REPRESENTATION('', (#14394), #8);
#14396 = POLY_LOOP('', (#2140, #2146, #2144));
#14397 = FACE_OUTER_BOUND('', #14396, .T.);
#14398 = FACETED_BREP_SHAPE_REPRESENTATION('', (#14397), #8);
#14399 = POLY_LOOP('', (#2140, #2142, #2146));
#14400 = FACE_OUTER_BOUND('', #14399, .T.);
#14401 = FACETED_BREP_SHAPE_REPRESENTATION('', (#14400), #8);
#14402 = POLY_LOOP('', (#2141, #2145, #2147));
#14403 = FACE_OUTER_BOUND('', #14402, .T.);
#14404 = FACETED_BREP_SHAPE_REPRESENTATION('', (#14403), #8);
#14405 = POLY_LOOP('', (#2141, #2147, #2143));
#14406 = FACE_OUTER_BOUND('', #14405, .T.);
#14407 = FACETED_BREP_SHAPE_REPRESENTATION('', (#14406), #8);
#14408 = POLY_LOOP('', (#2144, #2148, #2149));
#14409 = FACE_OUTER_BOUND('', #14408, .T.);
#14410 = FACETED_BREP_SHAPE_REPRESENTATION('', (#14409), #8);
#14411 = POLY_LOOP('', (#2144, #2149, #2145));
#14412 = FACE_OUTER_BOUND('', #14411, .T.);
#14413 = FACETED_BREP_SHAPE_REPRESENTATION('', (#14412), #8);
#14414 = POLY_LOOP('', (#2146, #2151, #2150));
#14415 = FACE_OUTER_BOUND('', #14414, .T.);
#14416 = FACETED_BREP_SHAPE_REPRESENTATION('', (#14415), #8);
#14417 = POLY_LOOP('', (#2146, #2147, #2151));
#14418 = FACE_OUTER_BOUND('', #14417, .T.);
#14419 = FACETED_BREP_SHAPE_REPRESENTATION('', (#14418), #8);
#14420 = POLY_LOOP('', (#2144, #2150, #2148));
#14421 = FACE_OUTER_BOUND('', #14420, .T.);
#14422 = FACETED_BREP_SHAPE_REPRESENTATION('', (#14421), #8);
#14423 = POLY_LOOP('', (#2144, #2146, #2150));
#14424 = FACE_OUTER_BOUND('', #14423, .T.);
#14425 = FACETED_BREP_SHAPE_REPRESENTATION('', (#14424), #8);
#14426 = POLY_LOOP('', (#2145, #2149, #2151));
#14427 = FACE_OUTER_BOUND('', #14426, .T.);
#14428 = FACETED_BREP_SHAPE_REPRESENTATION('', (#14427), #8);
#14429 = POLY_LOOP('', (#2145, #2151, #2147));
#14430 = FACE_OUTER_BOUND('', #14429, .T.);
#14431 = FACETED_BREP_SHAPE_REPRESENTATION('', (#14430), #8);
#14432 = POLY_LOOP('', (#2148, #2152, #2153));
#14433 = FACE_OUTER_BOUND('', #14432, .T.);
#14434 = FACETED_BREP_SHAPE_REPRESENTATION('', (#14433), #8);
#14435 = POLY_LOOP('', (#2148, #2153, #2149));
#14436 = FACE_OUTER_BOUND('', #14435, .T.);
#14437 = FACETED_BREP_SHAPE_REPRESENTATION('', (#14436), #8);
#14438 = POLY_LOOP('', (#2150, #2155, #2154));
#14439 = FACE_OUTER_BOUND('', #14438, .T.);
#14440 = FACETED_BREP_SHAPE_REPRESENTATION('', (#14439), #8);
#14441 = POLY_LOOP('', (#2150, #2151, #2155));
#14442 = FACE_OUTER_BOUND('', #14441, .T.);
#14443 = FACETED_BREP_SHAPE_REPRESENTATION('', (#14442), #8);
#14444 = POLY_LOOP('', (#2148, #2154, #2152));
#14445 = FACE_OUTER_BOUND('', #14444, .T.);
#14446 = FACETED_BREP_SHAPE_REPRESENTATION('', (#14445), #8);
#14447 = POLY_LOOP('', (#2148, #2150, #2154));
#14448 = FACE_OUTER_BOUND('', #14447, .T.);
#14449 = FACETED_BREP_SHAPE_REPRESENTATION('', (#14448), #8);
#14450 = POLY_LOOP('', (#2149, #2153, #2155));
#14451 = FACE_OUTER_BOUND('', #14450, .T.);
#14452 = FACETED_BREP_SHAPE_REPRESENTATION('', (#14451), #8);
#14453 = POLY_LOOP('', (#2149, #2155, #2151));
#14454 = FACE_OUTER_BOUND('', #14453, .T.);
#14455 = FACETED_BREP_SHAPE_REPRESENTATION('', (#14454), #8);
#14456 = POLY_LOOP('', (#2152, #2156, #2157));
#14457 = FACE_OUTER_BOUND('', #14456, .T.);
#14458 = FACETED_BREP_SHAPE_REPRESENTATION('', (#14457), #8);
#14459 = POLY_LOOP('', (#2152, #2157, #2153));
#14460 = FACE_OUTER_BOUND('', #14459, .T.);
#14461 = FACETED_BREP_SHAPE_REPRESENTATION('', (#14460), #8);
#14462 = POLY_LOOP('', (#2154, #2159, #2158));
#14463 = FACE_OUTER_BOUND('', #14462, .T.);
#14464 = FACETED_BREP_SHAPE_REPRESENTATION('', (#14463), #8);
#14465 = POLY_LOOP('', (#2154, #2155, #2159));
#14466 = FACE_OUTER_BOUND('', #14465, .T.);
#14467 = FACETED_BREP_SHAPE_REPRESENTATION('', (#14466), #8);
#14468 = POLY_LOOP('', (#2152, #2158, #2156));
#14469 = FACE_OUTER_BOUND('', #14468, .T.);
#14470 = FACETED_BREP_SHAPE_REPRESENTATION('', (#14469), #8);
#14471 = POLY_LOOP('', (#2152, #2154, #2158));
#14472 = FACE_OUTER_BOUND('', #14471, .T.);
#14473 = FACETED_BREP_SHAPE_REPRESENTATION('', (#14472), #8);
#14474 = POLY_LOOP('', (#2153, #2157, #2159));
#14475 = FACE_OUTER_BOUND('', #14474, .T.);
#14476 = FACETED_BREP_SHAPE_REPRESENTATION('', (#14475), #8);
#14477 = POLY_LOOP('', (#2153, #2159, #2155));
#14478 = FACE_OUTER_BOUND('', #14477, .T.);
#14479 = FACETED_BREP_SHAPE_REPRESENTATION('', (#14478), #8);
#14480 = POLY_LOOP('', (#2156, #2160, #2161));
#14481 = FACE_OUTER_BOUND('', #14480, .T.);
#14482 = FACETED_BREP_SHAPE_REPRESENTATION('', (#14481), #8);
#14483 = POLY_LOOP('', (#2156, #2161, #2157));
#14484 = FACE_OUTER_BOUND('', #14483, .T.);
#14485 = FACETED_BREP_SHAPE_REPRESENTATION('', (#14484), #8);
#14486 = POLY_LOOP('', (#2158, #2163, #2162));
#14487 = FACE_OUTER_BOUND('', #14486, .T.);
#14488 = FACETED_BREP_SHAPE_REPRESENTATION('', (#14487), #8);
#14489 = POLY_LOOP('', (#2158, #2159, #2163));
#14490 = FACE_OUTER_BOUND('', #14489, .T.);
#14491 = FACETED_BREP_SHAPE_REPRESENTATION('', (#14490), #8);
#14492 = POLY_LOOP('', (#2156, #2162, #2160));
#14493 = FACE_OUTER_BOUND('', #14492, .T.);
#14494 = FACETED_BREP_SHAPE_REPRESENTATION('', (#14493), #8);
#14495 = POLY_LOOP('', (#2156, #2158, #2162));
#14496 = FACE_OUTER_BOUND('', #14495, .T.);
#14497 = FACETED_BREP_SHAPE_REPRESENTATION('', (#14496), #8);
#14498 = POLY_LOOP('', (#2157, #2161, #2163));
#14499 = FACE_OUTER_BOUND('', #14498, .T.);
#14500 = FACETED_BREP_SHAPE_REPRESENTATION('', (#14499), #8);
#14501 = POLY_LOOP('', (#2157, #2163, #2159));
#14502 = FACE_OUTER_BOUND('', #14501, .T.);
#14503 = FACETED_BREP_SHAPE_REPRESENTATION('', (#14502), #8);
#14504 = POLY_LOOP('', (#2164, #2168, #2169));
#14505 = FACE_OUTER_BOUND('', #14504, .T.);
#14506 = FACETED_BREP_SHAPE_REPRESENTATION('', (#14505), #8);
#14507 = POLY_LOOP('', (#2164, #2169, #2165));
#14508 = FACE_OUTER_BOUND('', #14507, .T.);
#14509 = FACETED_BREP_SHAPE_REPRESENTATION('', (#14508), #8);
#14510 = POLY_LOOP('', (#2166, #2171, #2170));
#14511 = FACE_OUTER_BOUND('', #14510, .T.);
#14512 = FACETED_BREP_SHAPE_REPRESENTATION('', (#14511), #8);
#14513 = POLY_LOOP('', (#2166, #2167, #2171));
#14514 = FACE_OUTER_BOUND('', #14513, .T.);
#14515 = FACETED_BREP_SHAPE_REPRESENTATION('', (#14514), #8);
#14516 = POLY_LOOP('', (#2164, #2170, #2168));
#14517 = FACE_OUTER_BOUND('', #14516, .T.);
#14518 = FACETED_BREP_SHAPE_REPRESENTATION('', (#14517), #8);
#14519 = POLY_LOOP('', (#2164, #2166, #2170));
#14520 = FACE_OUTER_BOUND('', #14519, .T.);
#14521 = FACETED_BREP_SHAPE_REPRESENTATION('', (#14520), #8);
#14522 = POLY_LOOP('', (#2165, #2169, #2171));
#14523 = FACE_OUTER_BOUND('', #14522, .T.);
#14524 = FACETED_BREP_SHAPE_REPRESENTATION('', (#14523), #8);
#14525 = POLY_LOOP('', (#2165, #2171, #2167));
#14526 = FACE_OUTER_BOUND('', #14525, .T.);
#14527 = FACETED_BREP_SHAPE_REPRESENTATION('', (#14526), #8);
#14528 = POLY_LOOP('', (#2168, #2172, #2173));
#14529 = FACE_OUTER_BOUND('', #14528, .T.);
#14530 = FACETED_BREP_SHAPE_REPRESENTATION('', (#14529), #8);
#14531 = POLY_LOOP('', (#2168, #2173, #2169));
#14532 = FACE_OUTER_BOUND('', #14531, .T.);
#14533 = FACETED_BREP_SHAPE_REPRESENTATION('', (#14532), #8);
#14534 = POLY_LOOP('', (#2170, #2175, #2174));
#14535 = FACE_OUTER_BOUND('', #14534, .T.);
#14536 = FACETED_BREP_SHAPE_REPRESENTATION('', (#14535), #8);
#14537 = POLY_LOOP('', (#2170, #2171, #2175));
#14538 = FACE_OUTER_BOUND('', #14537, .T.);
#14539 = FACETED_BREP_SHAPE_REPRESENTATION('', (#14538), #8);
#14540 = POLY_LOOP('', (#2168, #2174, #2172));
#14541 = FACE_OUTER_BOUND('', #14540, .T.);
#14542 = FACETED_BREP_SHAPE_REPRESENTATION('', (#14541), #8);
#14543 = POLY_LOOP('', (#2168, #2170, #2174));
#14544 = FACE_OUTER_BOUND('', #14543, .T.);
#14545 = FACETED_BREP_SHAPE_REPRESENTATION('', (#14544), #8);
#14546 = POLY_LOOP('', (#2169, #2173, #2175));
#14547 = FACE_OUTER_BOUND('', #14546, .T.);
#14548 = FACETED_BREP_SHAPE_REPRESENTATION('', (#14547), #8);
#14549 = POLY_LOOP('', (#2169, #2175, #2171));
#14550 = FACE_OUTER_BOUND('', #14549, .T.);
#14551 = FACETED_BREP_SHAPE_REPRESENTATION('', (#14550), #8);
#14552 = POLY_LOOP('', (#2172, #2176, #2177));
#14553 = FACE_OUTER_BOUND('', #14552, .T.);
#14554 = FACETED_BREP_SHAPE_REPRESENTATION('', (#14553), #8);
#14555 = POLY_LOOP('', (#2172, #2177, #2173));
#14556 = FACE_OUTER_BOUND('', #14555, .T.);
#14557 = FACETED_BREP_SHAPE_REPRESENTATION('', (#14556), #8);
#14558 = POLY_LOOP('', (#2174, #2179, #2178));
#14559 = FACE_OUTER_BOUND('', #14558, .T.);
#14560 = FACETED_BREP_SHAPE_REPRESENTATION('', (#14559), #8);
#14561 = POLY_LOOP('', (#2174, #2175, #2179));
#14562 = FACE_OUTER_BOUND('', #14561, .T.);
#14563 = FACETED_BREP_SHAPE_REPRESENTATION('', (#14562), #8);
#14564 = POLY_LOOP('', (#2172, #2178, #2176));
#14565 = FACE_OUTER_BOUND('', #14564, .T.);
#14566 = FACETED_BREP_SHAPE_REPRESENTATION('', (#14565), #8);
#14567 = POLY_LOOP('', (#2172, #2174, #2178));
#14568 = FACE_OUTER_BOUND('', #14567, .T.);
#14569 = FACETED_BREP_SHAPE_REPRESENTATION('', (#14568), #8);
#14570 = POLY_LOOP('', (#2173, #2177, #2179));
#14571 = FACE_OUTER_BOUND('', #14570, .T.);
#14572 = FACETED_BREP_SHAPE_REPRESENTATION('', (#14571), #8);
#14573 = POLY_LOOP('', (#2173, #2179, #2175));
#14574 = FACE_OUTER_BOUND('', #14573, .T.);
#14575 = FACETED_BREP_SHAPE_REPRESENTATION('', (#14574), #8);
#14576 = POLY_LOOP('', (#2176, #2180, #2181));
#14577 = FACE_OUTER_BOUND('', #14576, .T.);
#14578 = FACETED_BREP_SHAPE_REPRESENTATION('', (#14577), #8);
#14579 = POLY_LOOP('', (#2176, #2181, #2177));
#14580 = FACE_OUTER_BOUND('', #14579, .T.);
#14581 = FACETED_BREP_SHAPE_REPRESENTATION('', (#14580), #8);
#14582 = POLY_LOOP('', (#2178, #2183, #2182));
#14583 = FACE_OUTER_BOUND('', #14582, .T.);
#14584 = FACETED_BREP_SHAPE_REPRESENTATION('', (#14583), #8);
#14585 = POLY_LOOP('', (#2178, #2179, #2183));
#14586 = FACE_OUTER_BOUND('', #14585, .T.);
#14587 = FACETED_BREP_SHAPE_REPRESENTATION('', (#14586), #8);
#14588 = POLY_LOOP('', (#2176, #2182, #2180));
#14589 = FACE_OUTER_BOUND('', #14588, .T.);
#14590 = FACETED_BREP_SHAPE_REPRESENTATION('', (#14589), #8);
#14591 = POLY_LOOP('', (#2176, #2178, #2182));
#14592 = FACE_OUTER_BOUND('', #14591, .T.);
#14593 = FACETED_BREP_SHAPE_REPRESENTATION('', (#14592), #8);
#14594 = POLY_LOOP('', (#2177, #2181, #2183));
#14595 = FACE_OUTER_BOUND('', #14594, .T.);
#14596 = FACETED_BREP_SHAPE_REPRESENTATION('', (#14595), #8);
#14597 = POLY_LOOP('', (#2177, #2183, #2179));
#14598 = FACE_OUTER_BOUND('', #14597, .T.);
#14599 = FACETED_BREP_SHAPE_REPRESENTATION('', (#14598), #8);
#14600 = POLY_LOOP('', (#2180, #2184, #2185));
#14601 = FACE_OUTER_BOUND('', #14600, .T.);
#14602 = FACETED_BREP_SHAPE_REPRESENTATION('', (#14601), #8);
#14603 = POLY_LOOP('', (#2180, #2185, #2181));
#14604 = FACE_OUTER_BOUND('', #14603, .T.);
#14605 = FACETED_BREP_SHAPE_REPRESENTATION('', (#14604), #8);
#14606 = POLY_LOOP('', (#2182, #2187, #2186));
#14607 = FACE_OUTER_BOUND('', #14606, .T.);
#14608 = FACETED_BREP_SHAPE_REPRESENTATION('', (#14607), #8);
#14609 = POLY_LOOP('', (#2182, #2183, #2187));
#14610 = FACE_OUTER_BOUND('', #14609, .T.);
#14611 = FACETED_BREP_SHAPE_REPRESENTATION('', (#14610), #8);
#14612 = POLY_LOOP('', (#2180, #2186, #2184));
#14613 = FACE_OUTER_BOUND('', #14612, .T.);
#14614 = FACETED_BREP_SHAPE_REPRESENTATION('', (#14613), #8);
#14615 = POLY_LOOP('', (#2180, #2182, #2186));
#14616 = FACE_OUTER_BOUND('', #14615, .T.);
#14617 = FACETED_BREP_SHAPE_REPRESENTATION('', (#14616), #8);
#14618 = POLY_LOOP('', (#2181, #2185, #2187));
#14619 = FACE_OUTER_BOUND('', #14618, .T.);
#14620 = FACETED_BREP_SHAPE_REPRESENTATION('', (#14619), #8);
#14621 = POLY_LOOP('', (#2181, #2187, #2183));
#14622 = FACE_OUTER_BOUND('', #14621, .T.);
#14623 = FACETED_BREP_SHAPE_REPRESENTATION('', (#14622), #8);
#14624 = POLY_LOOP('', (#2184, #2188, #2189));
#14625 = FACE_OUTER_BOUND('', #14624, .T.);
#14626 = FACETED_BREP_SHAPE_REPRESENTATION('', (#14625), #8);
#14627 = POLY_LOOP('', (#2184, #2189, #2185));
#14628 = FACE_OUTER_BOUND('', #14627, .T.);
#14629 = FACETED_BREP_SHAPE_REPRESENTATION('', (#14628), #8);
#14630 = POLY_LOOP('', (#2186, #2191, #2190));
#14631 = FACE_OUTER_BOUND('', #14630, .T.);
#14632 = FACETED_BREP_SHAPE_REPRESENTATION('', (#14631), #8);
#14633 = POLY_LOOP('', (#2186, #2187, #2191));
#14634 = FACE_OUTER_BOUND('', #14633, .T.);
#14635 = FACETED_BREP_SHAPE_REPRESENTATION('', (#14634), #8);
#14636 = POLY_LOOP('', (#2184, #2190, #2188));
#14637 = FACE_OUTER_BOUND('', #14636, .T.);
#14638 = FACETED_BREP_SHAPE_REPRESENTATION('', (#14637), #8);
#14639 = POLY_LOOP('', (#2184, #2186, #2190));
#14640 = FACE_OUTER_BOUND('', #14639, .T.);
#14641 = FACETED_BREP_SHAPE_REPRESENTATION('', (#14640), #8);
#14642 = POLY_LOOP('', (#2185, #2189, #2191));
#14643 = FACE_OUTER_BOUND('', #14642, .T.);
#14644 = FACETED_BREP_SHAPE_REPRESENTATION('', (#14643), #8);
#14645 = POLY_LOOP('', (#2185, #2191, #2187));
#14646 = FACE_OUTER_BOUND('', #14645, .T.);
#14647 = FACETED_BREP_SHAPE_REPRESENTATION('', (#14646), #8);
#14648 = POLY_LOOP('', (#2188, #2192, #2193));
#14649 = FACE_OUTER_BOUND('', #14648, .T.);
#14650 = FACETED_BREP_SHAPE_REPRESENTATION('', (#14649), #8);
#14651 = POLY_LOOP('', (#2188, #2193, #2189));
#14652 = FACE_OUTER_BOUND('', #14651, .T.);
#14653 = FACETED_BREP_SHAPE_REPRESENTATION('', (#14652), #8);
#14654 = POLY_LOOP('', (#2190, #2195, #2194));
#14655 = FACE_OUTER_BOUND('', #14654, .T.);
#14656 = FACETED_BREP_SHAPE_REPRESENTATION('', (#14655), #8);
#14657 = POLY_LOOP('', (#2190, #2191, #2195));
#14658 = FACE_OUTER_BOUND('', #14657, .T.);
#14659 = FACETED_BREP_SHAPE_REPRESENTATION('', (#14658), #8);
#14660 = POLY_LOOP('', (#2188, #2194, #2192));
#14661 = FACE_OUTER_BOUND('', #14660, .T.);
#14662 = FACETED_BREP_SHAPE_REPRESENTATION('', (#14661), #8);
#14663 = POLY_LOOP('', (#2188, #2190, #2194));
#14664 = FACE_OUTER_BOUND('', #14663, .T.);
#14665 = FACETED_BREP_SHAPE_REPRESENTATION('', (#14664), #8);
#14666 = POLY_LOOP('', (#2189, #2193, #2195));
#14667 = FACE_OUTER_BOUND('', #14666, .T.);
#14668 = FACETED_BREP_SHAPE_REPRESENTATION('', (#14667), #8);
#14669 = POLY_LOOP('', (#2189, #2195, #2191));
#14670 = FACE_OUTER_BOUND('', #14669, .T.);
#14671 = FACETED_BREP_SHAPE_REPRESENTATION('', (#14670), #8);
#14672 = POLY_LOOP('', (#2192, #2196, #2197));
#14673 = FACE_OUTER_BOUND('', #14672, .T.);
#14674 = FACETED_BREP_SHAPE_REPRESENTATION('', (#14673), #8);
#14675 = POLY_LOOP('', (#2192, #2197, #2193));
#14676 = FACE_OUTER_BOUND('', #14675, .T.);
#14677 = FACETED_BREP_SHAPE_REPRESENTATION('', (#14676), #8);
#14678 = POLY_LOOP('', (#2194, #2199, #2198));
#14679 = FACE_OUTER_BOUND('', #14678, .T.);
#14680 = FACETED_BREP_SHAPE_REPRESENTATION('', (#14679), #8);
#14681 = POLY_LOOP('', (#2194, #2195, #2199));
#14682 = FACE_OUTER_BOUND('', #14681, .T.);
#14683 = FACETED_BREP_SHAPE_REPRESENTATION('', (#14682), #8);
#14684 = POLY_LOOP('', (#2192, #2198, #2196));
#14685 = FACE_OUTER_BOUND('', #14684, .T.);
#14686 = FACETED_BREP_SHAPE_REPRESENTATION('', (#14685), #8);
#14687 = POLY_LOOP('', (#2192, #2194, #2198));
#14688 = FACE_OUTER_BOUND('', #14687, .T.);
#14689 = FACETED_BREP_SHAPE_REPRESENTATION('', (#14688), #8);
#14690 = POLY_LOOP('', (#2193, #2197, #2199));
#14691 = FACE_OUTER_BOUND('', #14690, .T.);
#14692 = FACETED_BREP_SHAPE_REPRESENTATION('', (#14691), #8);
#14693 = POLY_LOOP('', (#2193, #2199, #2195));
#14694 = FACE_OUTER_BOUND('', #14693, .T.);
#14695 = FACETED_BREP_SHAPE_REPRESENTATION('', (#14694), #8);
#14696 = POLY_LOOP('', (#2196, #2200, #2201));
#14697 = FACE_OUTER_BOUND('', #14696, .T.);
#14698 = FACETED_BREP_SHAPE_REPRESENTATION('', (#14697), #8);
#14699 = POLY_LOOP('', (#2196, #2201, #2197));
#14700 = FACE_OUTER_BOUND('', #14699, .T.);
#14701 = FACETED_BREP_SHAPE_REPRESENTATION('', (#14700), #8);
#14702 = POLY_LOOP('', (#2198, #2203, #2202));
#14703 = FACE_OUTER_BOUND('', #14702, .T.);
#14704 = FACETED_BREP_SHAPE_REPRESENTATION('', (#14703), #8);
#14705 = POLY_LOOP('', (#2198, #2199, #2203));
#14706 = FACE_OUTER_BOUND('', #14705, .T.);
#14707 = FACETED_BREP_SHAPE_REPRESENTATION('', (#14706), #8);
#14708 = POLY_LOOP('', (#2196, #2202, #2200));
#14709 = FACE_OUTER_BOUND('', #14708, .T.);
#14710 = FACETED_BREP_SHAPE_REPRESENTATION('', (#14709), #8);
#14711 = POLY_LOOP('', (#2196, #2198, #2202));
#14712 = FACE_OUTER_BOUND('', #14711, .T.);
#14713 = FACETED_BREP_SHAPE_REPRESENTATION('', (#14712), #8);
#14714 = POLY_LOOP('', (#2197, #2201, #2203));
#14715 = FACE_OUTER_BOUND('', #14714, .T.);
#14716 = FACETED_BREP_SHAPE_REPRESENTATION('', (#14715), #8);
#14717 = POLY_LOOP('', (#2197, #2203, #2199));
#14718 = FACE_OUTER_BOUND('', #14717, .T.);
#14719 = FACETED_BREP_SHAPE_REPRESENTATION('', (#14718), #8);
#14720 = POLY_LOOP('', (#2200, #2204, #2205));
#14721 = FACE_OUTER_BOUND('', #14720, .T.);
#14722 = FACETED_BREP_SHAPE_REPRESENTATION('', (#14721), #8);
#14723 = POLY_LOOP('', (#2200, #2205, #2201));
#14724 = FACE_OUTER_BOUND('', #14723, .T.);
#14725 = FACETED_BREP_SHAPE_REPRESENTATION('', (#14724), #8);
#14726 = POLY_LOOP('', (#2202, #2207, #2206));
#14727 = FACE_OUTER_BOUND('', #14726, .T.);
#14728 = FACETED_BREP_SHAPE_REPRESENTATION('', (#14727), #8);
#14729 = POLY_LOOP('', (#2202, #2203, #2207));
#14730 = FACE_OUTER_BOUND('', #14729, .T.);
#14731 = FACETED_BREP_SHAPE_REPRESENTATION('', (#14730), #8);
#14732 = POLY_LOOP('', (#2200, #2206, #2204));
#14733 = FACE_OUTER_BOUND('', #14732, .T.);
#14734 = FACETED_BREP_SHAPE_REPRESENTATION('', (#14733), #8);
#14735 = POLY_LOOP('', (#2200, #2202, #2206));
#14736 = FACE_OUTER_BOUND('', #14735, .T.);
#14737 = FACETED_BREP_SHAPE_REPRESENTATION('', (#14736), #8);
#14738 = POLY_LOOP('', (#2201, #2205, #2207));
#14739 = FACE_OUTER_BOUND('', #14738, .T.);
#14740 = FACETED_BREP_SHAPE_REPRESENTATION('', (#14739), #8);
#14741 = POLY_LOOP('', (#2201, #2207, #2203));
#14742 = FACE_OUTER_BOUND('', #14741, .T.);
#14743 = FACETED_BREP_SHAPE_REPRESENTATION('', (#14742), #8);
#14744 = POLY_LOOP('', (#2208, #2212, #2213));
#14745 = FACE_OUTER_BOUND('', #14744, .T.);
#14746 = FACETED_BREP_SHAPE_REPRESENTATION('', (#14745), #8);
#14747 = POLY_LOOP('', (#2208, #2213, #2209));
#14748 = FACE_OUTER_BOUND('', #14747, .T.);
#14749 = FACETED_BREP_SHAPE_REPRESENTATION('', (#14748), #8);
#14750 = POLY_LOOP('', (#2210, #2215, #2214));
#14751 = FACE_OUTER_BOUND('', #14750, .T.);
#14752 = FACETED_BREP_SHAPE_REPRESENTATION('', (#14751), #8);
#14753 = POLY_LOOP('', (#2210, #2211, #2215));
#14754 = FACE_OUTER_BOUND('', #14753, .T.);
#14755 = FACETED_BREP_SHAPE_REPRESENTATION('', (#14754), #8);
#14756 = POLY_LOOP('', (#2208, #2214, #2212));
#14757 = FACE_OUTER_BOUND('', #14756, .T.);
#14758 = FACETED_BREP_SHAPE_REPRESENTATION('', (#14757), #8);
#14759 = POLY_LOOP('', (#2208, #2210, #2214));
#14760 = FACE_OUTER_BOUND('', #14759, .T.);
#14761 = FACETED_BREP_SHAPE_REPRESENTATION('', (#14760), #8);
#14762 = POLY_LOOP('', (#2209, #2213, #2215));
#14763 = FACE_OUTER_BOUND('', #14762, .T.);
#14764 = FACETED_BREP_SHAPE_REPRESENTATION('', (#14763), #8);
#14765 = POLY_LOOP('', (#2209, #2215, #2211));
#14766 = FACE_OUTER_BOUND('', #14765, .T.);
#14767 = FACETED_BREP_SHAPE_REPRESENTATION('', (#14766), #8);
#14768 = POLY_LOOP('', (#2212, #2216, #2217));
#14769 = FACE_OUTER_BOUND('', #14768, .T.);
#14770 = FACETED_BREP_SHAPE_REPRESENTATION('', (#14769), #8);
#14771 = POLY_LOOP('', (#2212, #2217, #2213));
#14772 = FACE_OUTER_BOUND('', #14771, .T.);
#14773 = FACETED_BREP_SHAPE_REPRESENTATION('', (#14772), #8);
#14774 = POLY_LOOP('', (#2214, #2219, #2218));
#14775 = FACE_OUTER_BOUND('', #14774, .T.);
#14776 = FACETED_BREP_SHAPE_REPRESENTATION('', (#14775), #8);
#14777 = POLY_LOOP('', (#2214, #2215, #2219));
#14778 = FACE_OUTER_BOUND('', #14777, .T.);
#14779 = FACETED_BREP_SHAPE_REPRESENTATION('', (#14778), #8);
#14780 = POLY_LOOP('', (#2212, #2218, #2216));
#14781 = FACE_OUTER_BOUND('', #14780, .T.);
#14782 = FACETED_BREP_SHAPE_REPRESENTATION('', (#14781), #8);
#14783 = POLY_LOOP('', (#2212, #2214, #2218));
#14784 = FACE_OUTER_BOUND('', #14783, .T.);
#14785 = FACETED_BREP_SHAPE_REPRESENTATION('', (#14784), #8);
#14786 = POLY_LOOP('', (#2213, #2217, #2219));
#14787 = FACE_OUTER_BOUND('', #14786, .T.);
#14788 = FACETED_BREP_SHAPE_REPRESENTATION('', (#14787), #8);
#14789 = POLY_LOOP('', (#2213, #2219, #2215));
#14790 = FACE_OUTER_BOUND('', #14789, .T.);
#14791 = FACETED_BREP_SHAPE_REPRESENTATION('', (#14790), #8);
#14792 = POLY_LOOP('', (#2216, #2220, #2221));
#14793 = FACE_OUTER_BOUND('', #14792, .T.);
#14794 = FACETED_BREP_SHAPE_REPRESENTATION('', (#14793), #8);
#14795 = POLY_LOOP('', (#2216, #2221, #2217));
#14796 = FACE_OUTER_BOUND('', #14795, .T.);
#14797 = FACETED_BREP_SHAPE_REPRESENTATION('', (#14796), #8);
#14798 = POLY_LOOP('', (#2218, #2223, #2222));
#14799 = FACE_OUTER_BOUND('', #14798, .T.);
#14800 = FACETED_BREP_SHAPE_REPRESENTATION('', (#14799), #8);
#14801 = POLY_LOOP('', (#2218, #2219, #2223));
#14802 = FACE_OUTER_BOUND('', #14801, .T.);
#14803 = FACETED_BREP_SHAPE_REPRESENTATION('', (#14802), #8);
#14804 = POLY_LOOP('', (#2216, #2222, #2220));
#14805 = FACE_OUTER_BOUND('', #14804, .T.);
#14806 = FACETED_BREP_SHAPE_REPRESENTATION('', (#14805), #8);
#14807 = POLY_LOOP('', (#2216, #2218, #2222));
#14808 = FACE_OUTER_BOUND('', #14807, .T.);
#14809 = FACETED_BREP_SHAPE_REPRESENTATION('', (#14808), #8);
#14810 = POLY_LOOP('', (#2217, #2221, #2223));
#14811 = FACE_OUTER_BOUND('', #14810, .T.);
#14812 = FACETED_BREP_SHAPE_REPRESENTATION('', (#14811), #8);
#14813 = POLY_LOOP('', (#2217, #2223, #2219));
#14814 = FACE_OUTER_BOUND('', #14813, .T.);
#14815 = FACETED_BREP_SHAPE_REPRESENTATION('', (#14814), #8);
#14816 = POLY_LOOP('', (#2220, #2224, #2225));
#14817 = FACE_OUTER_BOUND('', #14816, .T.);
#14818 = FACETED_BREP_SHAPE_REPRESENTATION('', (#14817), #8);
#14819 = POLY_LOOP('', (#2220, #2225, #2221));
#14820 = FACE_OUTER_BOUND('', #14819, .T.);
#14821 = FACETED_BREP_SHAPE_REPRESENTATION('', (#14820), #8);
#14822 = POLY_LOOP('', (#2222, #2227, #2226));
#14823 = FACE_OUTER_BOUND('', #14822, .T.);
#14824 = FACETED_BREP_SHAPE_REPRESENTATION('', (#14823), #8);
#14825 = POLY_LOOP('', (#2222, #2223, #2227));
#14826 = FACE_OUTER_BOUND('', #14825, .T.);
#14827 = FACETED_BREP_SHAPE_REPRESENTATION('', (#14826), #8);
#14828 = POLY_LOOP('', (#2220, #2226, #2224));
#14829 = FACE_OUTER_BOUND('', #14828, .T.);
#14830 = FACETED_BREP_SHAPE_REPRESENTATION('', (#14829), #8);
#14831 = POLY_LOOP('', (#2220, #2222, #2226));
#14832 = FACE_OUTER_BOUND('', #14831, .T.);
#14833 = FACETED_BREP_SHAPE_REPRESENTATION('', (#14832), #8);
#14834 = POLY_LOOP('', (#2221, #2225, #2227));
#14835 = FACE_OUTER_BOUND('', #14834, .T.);
#14836 = FACETED_BREP_SHAPE_REPRESENTATION('', (#14835), #8);
#14837 = POLY_LOOP('', (#2221, #2227, #2223));
#14838 = FACE_OUTER_BOUND('', #14837, .T.);
#14839 = FACETED_BREP_SHAPE_REPRESENTATION('', (#14838), #8);
#14840 = POLY_LOOP('', (#2224, #2228, #2229));
#14841 = FACE_OUTER_BOUND('', #14840, .T.);
#14842 = FACETED_BREP_SHAPE_REPRESENTATION('', (#14841), #8);
#14843 = POLY_LOOP('', (#2224, #2229, #2225));
#14844 = FACE_OUTER_BOUND('', #14843, .T.);
#14845 = FACETED_BREP_SHAPE_REPRESENTATION('', (#14844), #8);
#14846 = POLY_LOOP('', (#2226, #2231, #2230));
#14847 = FACE_OUTER_BOUND('', #14846, .T.);
#14848 = FACETED_BREP_SHAPE_REPRESENTATION('', (#14847), #8);
#14849 = POLY_LOOP('', (#2226, #2227, #2231));
#14850 = FACE_OUTER_BOUND('', #14849, .T.);
#14851 = FACETED_BREP_SHAPE_REPRESENTATION('', (#14850), #8);
#14852 = POLY_LOOP('', (#2224, #2230, #2228));
#14853 = FACE_OUTER_BOUND('', #14852, .T.);
#14854 = FACETED_BREP_SHAPE_REPRESENTATION('', (#14853), #8);
#14855 = POLY_LOOP('', (#2224, #2226, #2230));
#14856 = FACE_OUTER_BOUND('', #14855, .T.);
#14857 = FACETED_BREP_SHAPE_REPRESENTATION('', (#14856), #8);
#14858 = POLY_LOOP('', (#2225, #2229, #2231));
#14859 = FACE_OUTER_BOUND('', #14858, .T.);
#14860 = FACETED_BREP_SHAPE_REPRESENTATION('', (#14859), #8);
#14861 = POLY_LOOP('', (#2225, #2231, #2227));
#14862 = FACE_OUTER_BOUND('', #14861, .T.);
#14863 = FACETED_BREP_SHAPE_REPRESENTATION('', (#14862), #8);
#14864 = POLY_LOOP('', (#2228, #2232, #2233));
#14865 = FACE_OUTER_BOUND('', #14864, .T.);
#14866 = FACETED_BREP_SHAPE_REPRESENTATION('', (#14865), #8);
#14867 = POLY_LOOP('', (#2228, #2233, #2229));
#14868 = FACE_OUTER_BOUND('', #14867, .T.);
#14869 = FACETED_BREP_SHAPE_REPRESENTATION('', (#14868), #8);
#14870 = POLY_LOOP('', (#2230, #2235, #2234));
#14871 = FACE_OUTER_BOUND('', #14870, .T.);
#14872 = FACETED_BREP_SHAPE_REPRESENTATION('', (#14871), #8);
#14873 = POLY_LOOP('', (#2230, #2231, #2235));
#14874 = FACE_OUTER_BOUND('', #14873, .T.);
#14875 = FACETED_BREP_SHAPE_REPRESENTATION('', (#14874), #8);
#14876 = POLY_LOOP('', (#2228, #2234, #2232));
#14877 = FACE_OUTER_BOUND('', #14876, .T.);
#14878 = FACETED_BREP_SHAPE_REPRESENTATION('', (#14877), #8);
#14879 = POLY_LOOP('', (#2228, #2230, #2234));
#14880 = FACE_OUTER_BOUND('', #14879, .T.);
#14881 = FACETED_BREP_SHAPE_REPRESENTATION('', (#14880), #8);
#14882 = POLY_LOOP('', (#2229, #2233, #2235));
#14883 = FACE_OUTER_BOUND('', #14882, .T.);
#14884 = FACETED_BREP_SHAPE_REPRESENTATION('', (#14883), #8);
#14885 = POLY_LOOP('', (#2229, #2235, #2231));
#14886 = FACE_OUTER_BOUND('', #14885, .T.);
#14887 = FACETED_BREP_SHAPE_REPRESENTATION('', (#14886), #8);
#14888 = POLY_LOOP('', (#2232, #2236, #2237));
#14889 = FACE_OUTER_BOUND('', #14888, .T.);
#14890 = FACETED_BREP_SHAPE_REPRESENTATION('', (#14889), #8);
#14891 = POLY_LOOP('', (#2232, #2237, #2233));
#14892 = FACE_OUTER_BOUND('', #14891, .T.);
#14893 = FACETED_BREP_SHAPE_REPRESENTATION('', (#14892), #8);
#14894 = POLY_LOOP('', (#2234, #2239, #2238));
#14895 = FACE_OUTER_BOUND('', #14894, .T.);
#14896 = FACETED_BREP_SHAPE_REPRESENTATION('', (#14895), #8);
#14897 = POLY_LOOP('', (#2234, #2235, #2239));
#14898 = FACE_OUTER_BOUND('', #14897, .T.);
#14899 = FACETED_BREP_SHAPE_REPRESENTATION('', (#14898), #8);
#14900 = POLY_LOOP('', (#2232, #2238, #2236));
#14901 = FACE_OUTER_BOUND('', #14900, .T.);
#14902 = FACETED_BREP_SHAPE_REPRESENTATION('', (#14901), #8);
#14903 = POLY_LOOP('', (#2232, #2234, #2238));
#14904 = FACE_OUTER_BOUND('', #14903, .T.);
#14905 = FACETED_BREP_SHAPE_REPRESENTATION('', (#14904), #8);
#14906 = POLY_LOOP('', (#2233, #2237, #2239));
#14907 = FACE_OUTER_BOUND('', #14906, .T.);
#14908 = FACETED_BREP_SHAPE_REPRESENTATION('', (#14907), #8);
#14909 = POLY_LOOP('', (#2233, #2239, #2235));
#14910 = FACE_OUTER_BOUND('', #14909, .T.);
#14911 = FACETED_BREP_SHAPE_REPRESENTATION('', (#14910), #8);
#14912 = POLY_LOOP('', (#2236, #2240, #2241));
#14913 = FACE_OUTER_BOUND('', #14912, .T.);
#14914 = FACETED_BREP_SHAPE_REPRESENTATION('', (#14913), #8);
#14915 = POLY_LOOP('', (#2236, #2241, #2237));
#14916 = FACE_OUTER_BOUND('', #14915, .T.);
#14917 = FACETED_BREP_SHAPE_REPRESENTATION('', (#14916), #8);
#14918 = POLY_LOOP('', (#2238, #2243, #2242));
#14919 = FACE_OUTER_BOUND('', #14918, .T.);
#14920 = FACETED_BREP_SHAPE_REPRESENTATION('', (#14919), #8);
#14921 = POLY_LOOP('', (#2238, #2239, #2243));
#14922 = FACE_OUTER_BOUND('', #14921, .T.);
#14923 = FACETED_BREP_SHAPE_REPRESENTATION('', (#14922), #8);
#14924 = POLY_LOOP('', (#2236, #2242, #2240));
#14925 = FACE_OUTER_BOUND('', #14924, .T.);
#14926 = FACETED_BREP_SHAPE_REPRESENTATION('', (#14925), #8);
#14927 = POLY_LOOP('', (#2236, #2238, #2242));
#14928 = FACE_OUTER_BOUND('', #14927, .T.);
#14929 = FACETED_BREP_SHAPE_REPRESENTATION('', (#14928), #8);
#14930 = POLY_LOOP('', (#2237, #2241, #2243));
#14931 = FACE_OUTER_BOUND('', #14930, .T.);
#14932 = FACETED_BREP_SHAPE_REPRESENTATION('', (#14931), #8);
#14933 = POLY_LOOP('', (#2237, #2243, #2239));
#14934 = FACE_OUTER_BOUND('', #14933, .T.);
#14935 = FACETED_BREP_SHAPE_REPRESENTATION('', (#14934), #8);
#14936 = POLY_LOOP('', (#2240, #2244, #2245));
#14937 = FACE_OUTER_BOUND('', #14936, .T.);
#14938 = FACETED_BREP_SHAPE_REPRESENTATION('', (#14937), #8);
#14939 = POLY_LOOP('', (#2240, #2245, #2241));
#14940 = FACE_OUTER_BOUND('', #14939, .T.);
#14941 = FACETED_BREP_SHAPE_REPRESENTATION('', (#14940), #8);
#14942 = POLY_LOOP('', (#2242, #2247, #2246));
#14943 = FACE_OUTER_BOUND('', #14942, .T.);
#14944 = FACETED_BREP_SHAPE_REPRESENTATION('', (#14943), #8);
#14945 = POLY_LOOP('', (#2242, #2243, #2247));
#14946 = FACE_OUTER_BOUND('', #14945, .T.);
#14947 = FACETED_BREP_SHAPE_REPRESENTATION('', (#14946), #8);
#14948 = POLY_LOOP('', (#2240, #2246, #2244));
#14949 = FACE_OUTER_BOUND('', #14948, .T.);
#14950 = FACETED_BREP_SHAPE_REPRESENTATION('', (#14949), #8);
#14951 = POLY_LOOP('', (#2240, #2242, #2246));
#14952 = FACE_OUTER_BOUND('', #14951, .T.);
#14953 = FACETED_BREP_SHAPE_REPRESENTATION('', (#14952), #8);
#14954 = POLY_LOOP('', (#2241, #2245, #2247));
#14955 = FACE_OUTER_BOUND('', #14954, .T.);
#14956 = FACETED_BREP_SHAPE_REPRESENTATION('', (#14955), #8);
#14957 = POLY_LOOP('', (#2241, #2247, #2243));
#14958 = FACE_OUTER_BOUND('', #14957, .T.);
#14959 = FACETED_BREP_SHAPE_REPRESENTATION('', (#14958), #8);
#14960 = POLY_LOOP('', (#2244, #2248, #2249));
#14961 = FACE_OUTER_BOUND('', #14960, .T.);
#14962 = FACETED_BREP_SHAPE_REPRESENTATION('', (#14961), #8);
#14963 = POLY_LOOP('', (#2244, #2249, #2245));
#14964 = FACE_OUTER_BOUND('', #14963, .T.);
#14965 = FACETED_BREP_SHAPE_REPRESENTATION('', (#14964), #8);
#14966 = POLY_LOOP('', (#2246, #2251, #2250));
#14967 = FACE_OUTER_BOUND('', #14966, .T.);
#14968 = FACETED_BREP_SHAPE_REPRESENTATION('', (#14967), #8);
#14969 = POLY_LOOP('', (#2246, #2247, #2251));
#14970 = FACE_OUTER_BOUND('', #14969, .T.);
#14971 = FACETED_BREP_SHAPE_REPRESENTATION('', (#14970), #8);
#14972 = POLY_LOOP('', (#2244, #2250, #2248));
#14973 = FACE_OUTER_BOUND('', #14972, .T.);
#14974 = FACETED_BREP_SHAPE_REPRESENTATION('', (#14973), #8);
#14975 = POLY_LOOP('', (#2244, #2246, #2250));
#14976 = FACE_OUTER_BOUND('', #14975, .T.);
#14977 = FACETED_BREP_SHAPE_REPRESENTATION('', (#14976), #8);
#14978 = POLY_LOOP('', (#2245, #2249, #2251));
#14979 = FACE_OUTER_BOUND('', #14978, .T.);
#14980 = FACETED_BREP_SHAPE_REPRESENTATION('', (#14979), #8);
#14981 = POLY_LOOP('', (#2245, #2251, #2247));
#14982 = FACE_OUTER_BOUND('', #14981, .T.);
#14983 = FACETED_BREP_SHAPE_REPRESENTATION('', (#14982), #8);
#14984 = POLY_LOOP('', (#2252, #2256, #2257));
#14985 = FACE_OUTER_BOUND('', #14984, .T.);
#14986 = FACETED_BREP_SHAPE_REPRESENTATION('', (#14985), #8);
#14987 = POLY_LOOP('', (#2252, #2257, #2253));
#14988 = FACE_OUTER_BOUND('', #14987, .T.);
#14989 = FACETED_BREP_SHAPE_REPRESENTATION('', (#14988), #8);
#14990 = POLY_LOOP('', (#2254, #2259, #2258));
#14991 = FACE_OUTER_BOUND('', #14990, .T.);
#14992 = FACETED_BREP_SHAPE_REPRESENTATION('', (#14991), #8);
#14993 = POLY_LOOP('', (#2254, #2255, #2259));
#14994 = FACE_OUTER_BOUND('', #14993, .T.);
#14995 = FACETED_BREP_SHAPE_REPRESENTATION('', (#14994), #8);
#14996 = POLY_LOOP('', (#2252, #2258, #2256));
#14997 = FACE_OUTER_BOUND('', #14996, .T.);
#14998 = FACETED_BREP_SHAPE_REPRESENTATION('', (#14997), #8);
#14999 = POLY_LOOP('', (#2252, #2254, #2258));
#15000 = FACE_OUTER_BOUND('', #14999, .T.);
#15001 = FACETED_BREP_SHAPE_REPRESENTATION('', (#15000), #8);
#15002 = POLY_LOOP('', (#2253, #2257, #2259));
#15003 = FACE_OUTER_BOUND('', #15002, .T.);
#15004 = FACETED_BREP_SHAPE_REPRESENTATION('', (#15003), #8);
#15005 = POLY_LOOP('', (#2253, #2259, #2255));
#15006 = FACE_OUTER_BOUND('', #15005, .T.);
#15007 = FACETED_BREP_SHAPE_REPRESENTATION('', (#15006), #8);
#15008 = POLY_LOOP('', (#2256, #2260, #2261));
#15009 = FACE_OUTER_BOUND('', #15008, .T.);
#15010 = FACETED_BREP_SHAPE_REPRESENTATION('', (#15009), #8);
#15011 = POLY_LOOP('', (#2256, #2261, #2257));
#15012 = FACE_OUTER_BOUND('', #15011, .T.);
#15013 = FACETED_BREP_SHAPE_REPRESENTATION('', (#15012), #8);
#15014 = POLY_LOOP('', (#2258, #2263, #2262));
#15015 = FACE_OUTER_BOUND('', #15014, .T.);
#15016 = FACETED_BREP_SHAPE_REPRESENTATION('', (#15015), #8);
#15017 = POLY_LOOP('', (#2258, #2259, #2263));
#15018 = FACE_OUTER_BOUND('', #15017, .T.);
#15019 = FACETED_BREP_SHAPE_REPRESENTATION('', (#15018), #8);
#15020 = POLY_LOOP('', (#2256, #2262, #2260));
#15021 = FACE_OUTER_BOUND('', #15020, .T.);
#15022 = FACETED_BREP_SHAPE_REPRESENTATION('', (#15021), #8);
#15023 = POLY_LOOP('', (#2256, #2258, #2262));
#15024 = FACE_OUTER_BOUND('', #15023, .T.);
#15025 = FACETED_BREP_SHAPE_REPRESENTATION('', (#15024), #8);
#15026 = POLY_LOOP('', (#2257, #2261, #2263));
#15027 = FACE_OUTER_BOUND('', #15026, .T.);
#15028 = FACETED_BREP_SHAPE_REPRESENTATION('', (#15027), #8);
#15029 = POLY_LOOP('', (#2257, #2263, #2259));
#15030 = FACE_OUTER_BOUND('', #15029, .T.);
#15031 = FACETED_BREP_SHAPE_REPRESENTATION('', (#15030), #8);
#15032 = POLY_LOOP('', (#2260, #2264, #2265));
#15033 = FACE_OUTER_BOUND('', #15032, .T.);
#15034 = FACETED_BREP_SHAPE_REPRESENTATION('', (#15033), #8);
#15035 = POLY_LOOP('', (#2260, #2265, #2261));
#15036 = FACE_OUTER_BOUND('', #15035, .T.);
#15037 = FACETED_BREP_SHAPE_REPRESENTATION('', (#15036), #8);
#15038 = POLY_LOOP('', (#2262, #2267, #2266));
#15039 = FACE_OUTER_BOUND('', #15038, .T.);
#15040 = FACETED_BREP_SHAPE_REPRESENTATION('', (#15039), #8);
#15041 = POLY_LOOP('', (#2262, #2263, #2267));
#15042 = FACE_OUTER_BOUND('', #15041, .T.);
#15043 = FACETED_BREP_SHAPE_REPRESENTATION('', (#15042), #8);
#15044 = POLY_LOOP('', (#2260, #2266, #2264));
#15045 = FACE_OUTER_BOUND('', #15044, .T.);
#15046 = FACETED_BREP_SHAPE_REPRESENTATION('', (#15045), #8);
#15047 = POLY_LOOP('', (#2260, #2262, #2266));
#15048 = FACE_OUTER_BOUND('', #15047, .T.);
#15049 = FACETED_BREP_SHAPE_REPRESENTATION('', (#15048), #8);
#15050 = POLY_LOOP('', (#2261, #2265, #2267));
#15051 = FACE_OUTER_BOUND('', #15050, .T.);
#15052 = FACETED_BREP_SHAPE_REPRESENTATION('', (#15051), #8);
#15053 = POLY_LOOP('', (#2261, #2267, #2263));
#15054 = FACE_OUTER_BOUND('', #15053, .T.);
#15055 = FACETED_BREP_SHAPE_REPRESENTATION('', (#15054), #8);
#15056 = POLY_LOOP('', (#2264, #2268, #2269));
#15057 = FACE_OUTER_BOUND('', #15056, .T.);
#15058 = FACETED_BREP_SHAPE_REPRESENTATION('', (#15057), #8);
#15059 = POLY_LOOP('', (#2264, #2269, #2265));
#15060 = FACE_OUTER_BOUND('', #15059, .T.);
#15061 = FACETED_BREP_SHAPE_REPRESENTATION('', (#15060), #8);
#15062 = POLY_LOOP('', (#2266, #2271, #2270));
#15063 = FACE_OUTER_BOUND('', #15062, .T.);
#15064 = FACETED_BREP_SHAPE_REPRESENTATION('', (#15063), #8);
#15065 = POLY_LOOP('', (#2266, #2267, #2271));
#15066 = FACE_OUTER_BOUND('', #15065, .T.);
#15067 = FACETED_BREP_SHAPE_REPRESENTATION('', (#15066), #8);
#15068 = POLY_LOOP('', (#2264, #2270, #2268));
#15069 = FACE_OUTER_BOUND('', #15068, .T.);
#15070 = FACETED_BREP_SHAPE_REPRESENTATION('', (#15069), #8);
#15071 = POLY_LOOP('', (#2264, #2266, #2270));
#15072 = FACE_OUTER_BOUND('', #15071, .T.);
#15073 = FACETED_BREP_SHAPE_REPRESENTATION('', (#15072), #8);
#15074 = POLY_LOOP('', (#2265, #2269, #2271));
#15075 = FACE_OUTER_BOUND('', #15074, .T.);
#15076 = FACETED_BREP_SHAPE_REPRESENTATION('', (#15075), #8);
#15077 = POLY_LOOP('', (#2265, #2271, #2267));
#15078 = FACE_OUTER_BOUND('', #15077, .T.);
#15079 = FACETED_BREP_SHAPE_REPRESENTATION('', (#15078), #8);
#15080 = POLY_LOOP('', (#2268, #2272, #2273));
#15081 = FACE_OUTER_BOUND('', #15080, .T.);
#15082 = FACETED_BREP_SHAPE_REPRESENTATION('', (#15081), #8);
#15083 = POLY_LOOP('', (#2268, #2273, #2269));
#15084 = FACE_OUTER_BOUND('', #15083, .T.);
#15085 = FACETED_BREP_SHAPE_REPRESENTATION('', (#15084), #8);
#15086 = POLY_LOOP('', (#2270, #2275, #2274));
#15087 = FACE_OUTER_BOUND('', #15086, .T.);
#15088 = FACETED_BREP_SHAPE_REPRESENTATION('', (#15087), #8);
#15089 = POLY_LOOP('', (#2270, #2271, #2275));
#15090 = FACE_OUTER_BOUND('', #15089, .T.);
#15091 = FACETED_BREP_SHAPE_REPRESENTATION('', (#15090), #8);
#15092 = POLY_LOOP('', (#2268, #2274, #2272));
#15093 = FACE_OUTER_BOUND('', #15092, .T.);
#15094 = FACETED_BREP_SHAPE_REPRESENTATION('', (#15093), #8);
#15095 = POLY_LOOP('', (#2268, #2270, #2274));
#15096 = FACE_OUTER_BOUND('', #15095, .T.);
#15097 = FACETED_BREP_SHAPE_REPRESENTATION('', (#15096), #8);
#15098 = POLY_LOOP('', (#2269, #2273, #2275));
#15099 = FACE_OUTER_BOUND('', #15098, .T.);
#15100 = FACETED_BREP_SHAPE_REPRESENTATION('', (#15099), #8);
#15101 = POLY_LOOP('', (#2269, #2275, #2271));
#15102 = FACE_OUTER_BOUND('', #15101, .T.);
#15103 = FACETED_BREP_SHAPE_REPRESENTATION('', (#15102), #8);
#15104 = POLY_LOOP('', (#2272, #2276, #2277));
#15105 = FACE_OUTER_BOUND('', #15104, .T.);
#15106 = FACETED_BREP_SHAPE_REPRESENTATION('', (#15105), #8);
#15107 = POLY_LOOP('', (#2272, #2277, #2273));
#15108 = FACE_OUTER_BOUND('', #15107, .T.);
#15109 = FACETED_BREP_SHAPE_REPRESENTATION('', (#15108), #8);
#15110 = POLY_LOOP('', (#2274, #2279, #2278));
#15111 = FACE_OUTER_BOUND('', #15110, .T.);
#15112 = FACETED_BREP_SHAPE_REPRESENTATION('', (#15111), #8);
#15113 = POLY_LOOP('', (#2274, #2275, #2279));
#15114 = FACE_OUTER_BOUND('', #15113, .T.);
#15115 = FACETED_BREP_SHAPE_REPRESENTATION('', (#15114), #8);
#15116 = POLY_LOOP('', (#2272, #2278, #2276));
#15117 = FACE_OUTER_BOUND('', #15116, .T.);
#15118 = FACETED_BREP_SHAPE_REPRESENTATION('', (#15117), #8);
#15119 = POLY_LOOP('', (#2272, #2274, #2278));
#15120 = FACE_OUTER_BOUND('', #15119, .T.);
#15121 = FACETED_BREP_SHAPE_REPRESENTATION('', (#15120), #8);
#15122 = POLY_LOOP('', (#2273, #2277, #2279));
#15123 = FACE_OUTER_BOUND('', #15122, .T.);
#15124 = FACETED_BREP_SHAPE_REPRESENTATION('', (#15123), #8);
#15125 = POLY_LOOP('', (#2273, #2279, #2275));
#15126 = FACE_OUTER_BOUND('', #15125, .T.);
#15127 = FACETED_BREP_SHAPE_REPRESENTATION('', (#15126), #8);
#15128 = POLY_LOOP('', (#2276, #2280, #2281));
#15129 = FACE_OUTER_BOUND('', #15128, .T.);
#15130 = FACETED_BREP_SHAPE_REPRESENTATION('', (#15129), #8);
#15131 = POLY_LOOP('', (#2276, #2281, #2277));
#15132 = FACE_OUTER_BOUND('', #15131, .T.);
#15133 = FACETED_BREP_SHAPE_REPRESENTATION('', (#15132), #8);
#15134 = POLY_LOOP('', (#2278, #2283, #2282));
#15135 = FACE_OUTER_BOUND('', #15134, .T.);
#15136 = FACETED_BREP_SHAPE_REPRESENTATION('', (#15135), #8);
#15137 = POLY_LOOP('', (#2278, #2279, #2283));
#15138 = FACE_OUTER_BOUND('', #15137, .T.);
#15139 = FACETED_BREP_SHAPE_REPRESENTATION('', (#15138), #8);
#15140 = POLY_LOOP('', (#2276, #2282, #2280));
#15141 = FACE_OUTER_BOUND('', #15140, .T.);
#15142 = FACETED_BREP_SHAPE_REPRESENTATION('', (#15141), #8);
#15143 = POLY_LOOP('', (#2276, #2278, #2282));
#15144 = FACE_OUTER_BOUND('', #15143, .T.);
#15145 = FACETED_BREP_SHAPE_REPRESENTATION('', (#15144), #8);
#15146 = POLY_LOOP('', (#2277, #2281, #2283));
#15147 = FACE_OUTER_BOUND('', #15146, .T.);
#15148 = FACETED_BREP_SHAPE_REPRESENTATION('', (#15147), #8);
#15149 = POLY_LOOP('', (#2277, #2283, #2279));
#15150 = FACE_OUTER_BOUND('', #15149, .T.);
#15151 = FACETED_BREP_SHAPE_REPRESENTATION('', (#15150), #8);
#15152 = POLY_LOOP('', (#2280, #2284, #2285));
#15153 = FACE_OUTER_BOUND('', #15152, .T.);
#15154 = FACETED_BREP_SHAPE_REPRESENTATION('', (#15153), #8);
#15155 = POLY_LOOP('', (#2280, #2285, #2281));
#15156 = FACE_OUTER_BOUND('', #15155, .T.);
#15157 = FACETED_BREP_SHAPE_REPRESENTATION('', (#15156), #8);
#15158 = POLY_LOOP('', (#2282, #2287, #2286));
#15159 = FACE_OUTER_BOUND('', #15158, .T.);
#15160 = FACETED_BREP_SHAPE_REPRESENTATION('', (#15159), #8);
#15161 = POLY_LOOP('', (#2282, #2283, #2287));
#15162 = FACE_OUTER_BOUND('', #15161, .T.);
#15163 = FACETED_BREP_SHAPE_REPRESENTATION('', (#15162), #8);
#15164 = POLY_LOOP('', (#2280, #2286, #2284));
#15165 = FACE_OUTER_BOUND('', #15164, .T.);
#15166 = FACETED_BREP_SHAPE_REPRESENTATION('', (#15165), #8);
#15167 = POLY_LOOP('', (#2280, #2282, #2286));
#15168 = FACE_OUTER_BOUND('', #15167, .T.);
#15169 = FACETED_BREP_SHAPE_REPRESENTATION('', (#15168), #8);
#15170 = POLY_LOOP('', (#2281, #2285, #2287));
#15171 = FACE_OUTER_BOUND('', #15170, .T.);
#15172 = FACETED_BREP_SHAPE_REPRESENTATION('', (#15171), #8);
#15173 = POLY_LOOP('', (#2281, #2287, #2283));
#15174 = FACE_OUTER_BOUND('', #15173, .T.);
#15175 = FACETED_BREP_SHAPE_REPRESENTATION('', (#15174), #8);
#15176 = POLY_LOOP('', (#2284, #2288, #2289));
#15177 = FACE_OUTER_BOUND('', #15176, .T.);
#15178 = FACETED_BREP_SHAPE_REPRESENTATION('', (#15177), #8);
#15179 = POLY_LOOP('', (#2284, #2289, #2285));
#15180 = FACE_OUTER_BOUND('', #15179, .T.);
#15181 = FACETED_BREP_SHAPE_REPRESENTATION('', (#15180), #8);
#15182 = POLY_LOOP('', (#2286, #2291, #2290));
#15183 = FACE_OUTER_BOUND('', #15182, .T.);
#15184 = FACETED_BREP_SHAPE_REPRESENTATION('', (#15183), #8);
#15185 = POLY_LOOP('', (#2286, #2287, #2291));
#15186 = FACE_OUTER_BOUND('', #15185, .T.);
#15187 = FACETED_BREP_SHAPE_REPRESENTATION('', (#15186), #8);
#15188 = POLY_LOOP('', (#2284, #2290, #2288));
#15189 = FACE_OUTER_BOUND('', #15188, .T.);
#15190 = FACETED_BREP_SHAPE_REPRESENTATION('', (#15189), #8);
#15191 = POLY_LOOP('', (#2284, #2286, #2290));
#15192 = FACE_OUTER_BOUND('', #15191, .T.);
#15193 = FACETED_BREP_SHAPE_REPRESENTATION('', (#15192), #8);
#15194 = POLY_LOOP('', (#2285, #2289, #2291));
#15195 = FACE_OUTER_BOUND('', #15194, .T.);
#15196 = FACETED_BREP_SHAPE_REPRESENTATION('', (#15195), #8);
#15197 = POLY_LOOP('', (#2285, #2291, #2287));
#15198 = FACE_OUTER_BOUND('', #15197, .T.);
#15199 = FACETED_BREP_SHAPE_REPRESENTATION('', (#15198), #8);
#15200 = POLY_LOOP('', (#2288, #2292, #2293));
#15201 = FACE_OUTER_BOUND('', #15200, .T.);
#15202 = FACETED_BREP_SHAPE_REPRESENTATION('', (#15201), #8);
#15203 = POLY_LOOP('', (#2288, #2293, #2289));
#15204 = FACE_OUTER_BOUND('', #15203, .T.);
#15205 = FACETED_BREP_SHAPE_REPRESENTATION('', (#15204), #8);
#15206 = POLY_LOOP('', (#2290, #2295, #2294));
#15207 = FACE_OUTER_BOUND('', #15206, .T.);
#15208 = FACETED_BREP_SHAPE_REPRESENTATION('', (#15207), #8);
#15209 = POLY_LOOP('', (#2290, #2291, #2295));
#15210 = FACE_OUTER_BOUND('', #15209, .T.);
#15211 = FACETED_BREP_SHAPE_REPRESENTATION('', (#15210), #8);
#15212 = POLY_LOOP('', (#2288, #2294, #2292));
#15213 = FACE_OUTER_BOUND('', #15212, .T.);
#15214 = FACETED_BREP_SHAPE_REPRESENTATION('', (#15213), #8);
#15215 = POLY_LOOP('', (#2288, #2290, #2294));
#15216 = FACE_OUTER_BOUND('', #15215, .T.);
#15217 = FACETED_BREP_SHAPE_REPRESENTATION('', (#15216), #8);
#15218 = POLY_LOOP('', (#2289, #2293, #2295));
#15219 = FACE_OUTER_BOUND('', #15218, .T.);
#15220 = FACETED_BREP_SHAPE_REPRESENTATION('', (#15219), #8);
#15221 = POLY_LOOP('', (#2289, #2295, #2291));
#15222 = FACE_OUTER_BOUND('', #15221, .T.);
#15223 = FACETED_BREP_SHAPE_REPRESENTATION('', (#15222), #8);
#15224 = POLY_LOOP('', (#2296, #2300, #2301));
#15225 = FACE_OUTER_BOUND('', #15224, .T.);
#15226 = FACETED_BREP_SHAPE_REPRESENTATION('', (#15225), #8);
#15227 = POLY_LOOP('', (#2296, #2301, #2297));
#15228 = FACE_OUTER_BOUND('', #15227, .T.);
#15229 = FACETED_BREP_SHAPE_REPRESENTATION('', (#15228), #8);
#15230 = POLY_LOOP('', (#2298, #2303, #2302));
#15231 = FACE_OUTER_BOUND('', #15230, .T.);
#15232 = FACETED_BREP_SHAPE_REPRESENTATION('', (#15231), #8);
#15233 = POLY_LOOP('', (#2298, #2299, #2303));
#15234 = FACE_OUTER_BOUND('', #15233, .T.);
#15235 = FACETED_BREP_SHAPE_REPRESENTATION('', (#15234), #8);
#15236 = POLY_LOOP('', (#2296, #2302, #2300));
#15237 = FACE_OUTER_BOUND('', #15236, .T.);
#15238 = FACETED_BREP_SHAPE_REPRESENTATION('', (#15237), #8);
#15239 = POLY_LOOP('', (#2296, #2298, #2302));
#15240 = FACE_OUTER_BOUND('', #15239, .T.);
#15241 = FACETED_BREP_SHAPE_REPRESENTATION('', (#15240), #8);
#15242 = POLY_LOOP('', (#2297, #2301, #2303));
#15243 = FACE_OUTER_BOUND('', #15242, .T.);
#15244 = FACETED_BREP_SHAPE_REPRESENTATION('', (#15243), #8);
#15245 = POLY_LOOP('', (#2297, #2303, #2299));
#15246 = FACE_OUTER_BOUND('', #15245, .T.);
#15247 = FACETED_BREP_SHAPE_REPRESENTATION('', (#15246), #8);
#15248 = POLY_LOOP('', (#2300, #2304, #2305));
#15249 = FACE_OUTER_BOUND('', #15248, .T.);
#15250 = FACETED_BREP_SHAPE_REPRESENTATION('', (#15249), #8);
#15251 = POLY_LOOP('', (#2300, #2305, #2301));
#15252 = FACE_OUTER_BOUND('', #15251, .T.);
#15253 = FACETED_BREP_SHAPE_REPRESENTATION('', (#15252), #8);
#15254 = POLY_LOOP('', (#2302, #2307, #2306));
#15255 = FACE_OUTER_BOUND('', #15254, .T.);
#15256 = FACETED_BREP_SHAPE_REPRESENTATION('', (#15255), #8);
#15257 = POLY_LOOP('', (#2302, #2303, #2307));
#15258 = FACE_OUTER_BOUND('', #15257, .T.);
#15259 = FACETED_BREP_SHAPE_REPRESENTATION('', (#15258), #8);
#15260 = POLY_LOOP('', (#2300, #2306, #2304));
#15261 = FACE_OUTER_BOUND('', #15260, .T.);
#15262 = FACETED_BREP_SHAPE_REPRESENTATION('', (#15261), #8);
#15263 = POLY_LOOP('', (#2300, #2302, #2306));
#15264 = FACE_OUTER_BOUND('', #15263, .T.);
#15265 = FACETED_BREP_SHAPE_REPRESENTATION('', (#15264), #8);
#15266 = POLY_LOOP('', (#2301, #2305, #2307));
#15267 = FACE_OUTER_BOUND('', #15266, .T.);
#15268 = FACETED_BREP_SHAPE_REPRESENTATION('', (#15267), #8);
#15269 = POLY_LOOP('', (#2301, #2307, #2303));
#15270 = FACE_OUTER_BOUND('', #15269, .T.);
#15271 = FACETED_BREP_SHAPE_REPRESENTATION('', (#15270), #8);
#15272 = POLY_LOOP('', (#2304, #2308, #2309));
#15273 = FACE_OUTER_BOUND('', #15272, .T.);
#15274 = FACETED_BREP_SHAPE_REPRESENTATION('', (#15273), #8);
#15275 = POLY_LOOP('', (#2304, #2309, #2305));
#15276 = FACE_OUTER_BOUND('', #15275, .T.);
#15277 = FACETED_BREP_SHAPE_REPRESENTATION('', (#15276), #8);
#15278 = POLY_LOOP('', (#2306, #2311, #2310));
#15279 = FACE_OUTER_BOUND('', #15278, .T.);
#15280 = FACETED_BREP_SHAPE_REPRESENTATION('', (#15279), #8);
#15281 = POLY_LOOP('', (#2306, #2307, #2311));
#15282 = FACE_OUTER_BOUND('', #15281, .T.);
#15283 = FACETED_BREP_SHAPE_REPRESENTATION('', (#15282), #8);
#15284 = POLY_LOOP('', (#2304, #2310, #2308));
#15285 = FACE_OUTER_BOUND('', #15284, .T.);
#15286 = FACETED_BREP_SHAPE_REPRESENTATION('', (#15285), #8);
#15287 = POLY_LOOP('', (#2304, #2306, #2310));
#15288 = FACE_OUTER_BOUND('', #15287, .T.);
#15289 = FACETED_BREP_SHAPE_REPRESENTATION('', (#15288), #8);
#15290 = POLY_LOOP('', (#2305, #2309, #2311));
#15291 = FACE_OUTER_BOUND('', #15290, .T.);
#15292 = FACETED_BREP_SHAPE_REPRESENTATION('', (#15291), #8);
#15293 = POLY_LOOP('', (#2305, #2311, #2307));
#15294 = FACE_OUTER_BOUND('', #15293, .T.);
#15295 = FACETED_BREP_SHAPE_REPRESENTATION('', (#15294), #8);
#15296 = POLY_LOOP('', (#2308, #2312, #2313));
#15297 = FACE_OUTER_BOUND('', #15296, .T.);
#15298 = FACETED_BREP_SHAPE_REPRESENTATION('', (#15297), #8);
#15299 = POLY_LOOP('', (#2308, #2313, #2309));
#15300 = FACE_OUTER_BOUND('', #15299, .T.);
#15301 = FACETED_BREP_SHAPE_REPRESENTATION('', (#15300), #8);
#15302 = POLY_LOOP('', (#2310, #2315, #2314));
#15303 = FACE_OUTER_BOUND('', #15302, .T.);
#15304 = FACETED_BREP_SHAPE_REPRESENTATION('', (#15303), #8);
#15305 = POLY_LOOP('', (#2310, #2311, #2315));
#15306 = FACE_OUTER_BOUND('', #15305, .T.);
#15307 = FACETED_BREP_SHAPE_REPRESENTATION('', (#15306), #8);
#15308 = POLY_LOOP('', (#2308, #2314, #2312));
#15309 = FACE_OUTER_BOUND('', #15308, .T.);
#15310 = FACETED_BREP_SHAPE_REPRESENTATION('', (#15309), #8);
#15311 = POLY_LOOP('', (#2308, #2310, #2314));
#15312 = FACE_OUTER_BOUND('', #15311, .T.);
#15313 = FACETED_BREP_SHAPE_REPRESENTATION('', (#15312), #8);
#15314 = POLY_LOOP('', (#2309, #2313, #2315));
#15315 = FACE_OUTER_BOUND('', #15314, .T.);
#15316 = FACETED_BREP_SHAPE_REPRESENTATION('', (#15315), #8);
#15317 = POLY_LOOP('', (#2309, #2315, #2311));
#15318 = FACE_OUTER_BOUND('', #15317, .T.);
#15319 = FACETED_BREP_SHAPE_REPRESENTATION('', (#15318), #8);
#15320 = POLY_LOOP('', (#2312, #2316, #2317));
#15321 = FACE_OUTER_BOUND('', #15320, .T.);
#15322 = FACETED_BREP_SHAPE_REPRESENTATION('', (#15321), #8);
#15323 = POLY_LOOP('', (#2312, #2317, #2313));
#15324 = FACE_OUTER_BOUND('', #15323, .T.);
#15325 = FACETED_BREP_SHAPE_REPRESENTATION('', (#15324), #8);
#15326 = POLY_LOOP('', (#2314, #2319, #2318));
#15327 = FACE_OUTER_BOUND('', #15326, .T.);
#15328 = FACETED_BREP_SHAPE_REPRESENTATION('', (#15327), #8);
#15329 = POLY_LOOP('', (#2314, #2315, #2319));
#15330 = FACE_OUTER_BOUND('', #15329, .T.);
#15331 = FACETED_BREP_SHAPE_REPRESENTATION('', (#15330), #8);
#15332 = POLY_LOOP('', (#2312, #2318, #2316));
#15333 = FACE_OUTER_BOUND('', #15332, .T.);
#15334 = FACETED_BREP_SHAPE_REPRESENTATION('', (#15333), #8);
#15335 = POLY_LOOP('', (#2312, #2314, #2318));
#15336 = FACE_OUTER_BOUND('', #15335, .T.);
#15337 = FACETED_BREP_SHAPE_REPRESENTATION('', (#15336), #8);
#15338 = POLY_LOOP('', (#2313, #2317, #2319));
#15339 = FACE_OUTER_BOUND('', #15338, .T.);
#15340 = FACETED_BREP_SHAPE_REPRESENTATION('', (#15339), #8);
#15341 = POLY_LOOP('', (#2313, #2319, #2315));
#15342 = FACE_OUTER_BOUND('', #15341, .T.);
#15343 = FACETED_BREP_SHAPE_REPRESENTATION('', (#15342), #8);
#15344 = POLY_LOOP('', (#2316, #2320, #2321));
#15345 = FACE_OUTER_BOUND('', #15344, .T.);
#15346 = FACETED_BREP_SHAPE_REPRESENTATION('', (#15345), #8);
#15347 = POLY_LOOP('', (#2316, #2321, #2317));
#15348 = FACE_OUTER_BOUND('', #15347, .T.);
#15349 = FACETED_BREP_SHAPE_REPRESENTATION('', (#15348), #8);
#15350 = POLY_LOOP('', (#2318, #2323, #2322));
#15351 = FACE_OUTER_BOUND('', #15350, .T.);
#15352 = FACETED_BREP_SHAPE_REPRESENTATION('', (#15351), #8);
#15353 = POLY_LOOP('', (#2318, #2319, #2323));
#15354 = FACE_OUTER_BOUND('', #15353, .T.);
#15355 = FACETED_BREP_SHAPE_REPRESENTATION('', (#15354), #8);
#15356 = POLY_LOOP('', (#2316, #2322, #2320));
#15357 = FACE_OUTER_BOUND('', #15356, .T.);
#15358 = FACETED_BREP_SHAPE_REPRESENTATION('', (#15357), #8);
#15359 = POLY_LOOP('', (#2316, #2318, #2322));
#15360 = FACE_OUTER_BOUND('', #15359, .T.);
#15361 = FACETED_BREP_SHAPE_REPRESENTATION('', (#15360), #8);
#15362 = POLY_LOOP('', (#2317, #2321, #2323));
#15363 = FACE_OUTER_BOUND('', #15362, .T.);
#15364 = FACETED_BREP_SHAPE_REPRESENTATION('', (#15363), #8);
#15365 = POLY_LOOP('', (#2317, #2323, #2319));
#15366 = FACE_OUTER_BOUND('', #15365, .T.);
#15367 = FACETED_BREP_SHAPE_REPRESENTATION('', (#15366), #8);
#15368 = POLY_LOOP('', (#2324, #2328, #2329));
#15369 = FACE_OUTER_BOUND('', #15368, .T.);
#15370 = FACETED_BREP_SHAPE_REPRESENTATION('', (#15369), #8);
#15371 = POLY_LOOP('', (#2324, #2329, #2325));
#15372 = FACE_OUTER_BOUND('', #15371, .T.);
#15373 = FACETED_BREP_SHAPE_REPRESENTATION('', (#15372), #8);
#15374 = POLY_LOOP('', (#2326, #2331, #2330));
#15375 = FACE_OUTER_BOUND('', #15374, .T.);
#15376 = FACETED_BREP_SHAPE_REPRESENTATION('', (#15375), #8);
#15377 = POLY_LOOP('', (#2326, #2327, #2331));
#15378 = FACE_OUTER_BOUND('', #15377, .T.);
#15379 = FACETED_BREP_SHAPE_REPRESENTATION('', (#15378), #8);
#15380 = POLY_LOOP('', (#2324, #2330, #2328));
#15381 = FACE_OUTER_BOUND('', #15380, .T.);
#15382 = FACETED_BREP_SHAPE_REPRESENTATION('', (#15381), #8);
#15383 = POLY_LOOP('', (#2324, #2326, #2330));
#15384 = FACE_OUTER_BOUND('', #15383, .T.);
#15385 = FACETED_BREP_SHAPE_REPRESENTATION('', (#15384), #8);
#15386 = POLY_LOOP('', (#2325, #2329, #2331));
#15387 = FACE_OUTER_BOUND('', #15386, .T.);
#15388 = FACETED_BREP_SHAPE_REPRESENTATION('', (#15387), #8);
#15389 = POLY_LOOP('', (#2325, #2331, #2327));
#15390 = FACE_OUTER_BOUND('', #15389, .T.);
#15391 = FACETED_BREP_SHAPE_REPRESENTATION('', (#15390), #8);
#15392 = POLY_LOOP('', (#2328, #2332, #2333));
#15393 = FACE_OUTER_BOUND('', #15392, .T.);
#15394 = FACETED_BREP_SHAPE_REPRESENTATION('', (#15393), #8);
#15395 = POLY_LOOP('', (#2328, #2333, #2329));
#15396 = FACE_OUTER_BOUND('', #15395, .T.);
#15397 = FACETED_BREP_SHAPE_REPRESENTATION('', (#15396), #8);
#15398 = POLY_LOOP('', (#2330, #2335, #2334));
#15399 = FACE_OUTER_BOUND('', #15398, .T.);
#15400 = FACETED_BREP_SHAPE_REPRESENTATION('', (#15399), #8);
#15401 = POLY_LOOP('', (#2330, #2331, #2335));
#15402 = FACE_OUTER_BOUND('', #15401, .T.);
#15403 = FACETED_BREP_SHAPE_REPRESENTATION('', (#15402), #8);
#15404 = POLY_LOOP('', (#2328, #2334, #2332));
#15405 = FACE_OUTER_BOUND('', #15404, .T.);
#15406 = FACETED_BREP_SHAPE_REPRESENTATION('', (#15405), #8);
#15407 = POLY_LOOP('', (#2328, #2330, #2334));
#15408 = FACE_OUTER_BOUND('', #15407, .T.);
#15409 = FACETED_BREP_SHAPE_REPRESENTATION('', (#15408), #8);
#15410 = POLY_LOOP('', (#2329, #2333, #2335));
#15411 = FACE_OUTER_BOUND('', #15410, .T.);
#15412 = FACETED_BREP_SHAPE_REPRESENTATION('', (#15411), #8);
#15413 = POLY_LOOP('', (#2329, #2335, #2331));
#15414 = FACE_OUTER_BOUND('', #15413, .T.);
#15415 = FACETED_BREP_SHAPE_REPRESENTATION('', (#15414), #8);
#15416 = POLY_LOOP('', (#2332, #2336, #2337));
#15417 = FACE_OUTER_BOUND('', #15416, .T.);
#15418 = FACETED_BREP_SHAPE_REPRESENTATION('', (#15417), #8);
#15419 = POLY_LOOP('', (#2332, #2337, #2333));
#15420 = FACE_OUTER_BOUND('', #15419, .T.);
#15421 = FACETED_BREP_SHAPE_REPRESENTATION('', (#15420), #8);
#15422 = POLY_LOOP('', (#2334, #2339, #2338));
#15423 = FACE_OUTER_BOUND('', #15422, .T.);
#15424 = FACETED_BREP_SHAPE_REPRESENTATION('', (#15423), #8);
#15425 = POLY_LOOP('', (#2334, #2335, #2339));
#15426 = FACE_OUTER_BOUND('', #15425, .T.);
#15427 = FACETED_BREP_SHAPE_REPRESENTATION('', (#15426), #8);
#15428 = POLY_LOOP('', (#2332, #2338, #2336));
#15429 = FACE_OUTER_BOUND('', #15428, .T.);
#15430 = FACETED_BREP_SHAPE_REPRESENTATION('', (#15429), #8);
#15431 = POLY_LOOP('', (#2332, #2334, #2338));
#15432 = FACE_OUTER_BOUND('', #15431, .T.);
#15433 = FACETED_BREP_SHAPE_REPRESENTATION('', (#15432), #8);
#15434 = POLY_LOOP('', (#2333, #2337, #2339));
#15435 = FACE_OUTER_BOUND('', #15434, .T.);
#15436 = FACETED_BREP_SHAPE_REPRESENTATION('', (#15435), #8);
#15437 = POLY_LOOP('', (#2333, #2339, #2335));
#15438 = FACE_OUTER_BOUND('', #15437, .T.);
#15439 = FACETED_BREP_SHAPE_REPRESENTATION('', (#15438), #8);
#15440 = POLY_LOOP('', (#2336, #2340, #2341));
#15441 = FACE_OUTER_BOUND('', #15440, .T.);
#15442 = FACETED_BREP_SHAPE_REPRESENTATION('', (#15441), #8);
#15443 = POLY_LOOP('', (#2336, #2341, #2337));
#15444 = FACE_OUTER_BOUND('', #15443, .T.);
#15445 = FACETED_BREP_SHAPE_REPRESENTATION('', (#15444), #8);
#15446 = POLY_LOOP('', (#2338, #2343, #2342));
#15447 = FACE_OUTER_BOUND('', #15446, .T.);
#15448 = FACETED_BREP_SHAPE_REPRESENTATION('', (#15447), #8);
#15449 = POLY_LOOP('', (#2338, #2339, #2343));
#15450 = FACE_OUTER_BOUND('', #15449, .T.);
#15451 = FACETED_BREP_SHAPE_REPRESENTATION('', (#15450), #8);
#15452 = POLY_LOOP('', (#2336, #2342, #2340));
#15453 = FACE_OUTER_BOUND('', #15452, .T.);
#15454 = FACETED_BREP_SHAPE_REPRESENTATION('', (#15453), #8);
#15455 = POLY_LOOP('', (#2336, #2338, #2342));
#15456 = FACE_OUTER_BOUND('', #15455, .T.);
#15457 = FACETED_BREP_SHAPE_REPRESENTATION('', (#15456), #8);
#15458 = POLY_LOOP('', (#2337, #2341, #2343));
#15459 = FACE_OUTER_BOUND('', #15458, .T.);
#15460 = FACETED_BREP_SHAPE_REPRESENTATION('', (#15459), #8);
#15461 = POLY_LOOP('', (#2337, #2343, #2339));
#15462 = FACE_OUTER_BOUND('', #15461, .T.);
#15463 = FACETED_BREP_SHAPE_REPRESENTATION('', (#15462), #8);
#15464 = POLY_LOOP('', (#2340, #2344, #2345));
#15465 = FACE_OUTER_BOUND('', #15464, .T.);
#15466 = FACETED_BREP_SHAPE_REPRESENTATION('', (#15465), #8);
#15467 = POLY_LOOP('', (#2340, #2345, #2341));
#15468 = FACE_OUTER_BOUND('', #15467, .T.);
#15469 = FACETED_BREP_SHAPE_REPRESENTATION('', (#15468), #8);
#15470 = POLY_LOOP('', (#2342, #2347, #2346));
#15471 = FACE_OUTER_BOUND('', #15470, .T.);
#15472 = FACETED_BREP_SHAPE_REPRESENTATION('', (#15471), #8);
#15473 = POLY_LOOP('', (#2342, #2343, #2347));
#15474 = FACE_OUTER_BOUND('', #15473, .T.);
#15475 = FACETED_BREP_SHAPE_REPRESENTATION('', (#15474), #8);
#15476 = POLY_LOOP('', (#2340, #2346, #2344));
#15477 = FACE_OUTER_BOUND('', #15476, .T.);
#15478 = FACETED_BREP_SHAPE_REPRESENTATION('', (#15477), #8);
#15479 = POLY_LOOP('', (#2340, #2342, #2346));
#15480 = FACE_OUTER_BOUND('', #15479, .T.);
#15481 = FACETED_BREP_SHAPE_REPRESENTATION('', (#15480), #8);
#15482 = POLY_LOOP('', (#2341, #2345, #2347));
#15483 = FACE_OUTER_BOUND('', #15482, .T.);
#15484 = FACETED_BREP_SHAPE_REPRESENTATION('', (#15483), #8);
#15485 = POLY_LOOP('', (#2341, #2347, #2343));
#15486 = FACE_OUTER_BOUND('', #15485, .T.);
#15487 = FACETED_BREP_SHAPE_REPRESENTATION('', (#15486), #8);
#15488 = POLY_LOOP('', (#2344, #2348, #2349));
#15489 = FACE_OUTER_BOUND('', #15488, .T.);
#15490 = FACETED_BREP_SHAPE_REPRESENTATION('', (#15489), #8);
#15491 = POLY_LOOP('', (#2344, #2349, #2345));
#15492 = FACE_OUTER_BOUND('', #15491, .T.);
#15493 = FACETED_BREP_SHAPE_REPRESENTATION('', (#15492), #8);
#15494 = POLY_LOOP('', (#2346, #2351, #2350));
#15495 = FACE_OUTER_BOUND('', #15494, .T.);
#15496 = FACETED_BREP_SHAPE_REPRESENTATION('', (#15495), #8);
#15497 = POLY_LOOP('', (#2346, #2347, #2351));
#15498 = FACE_OUTER_BOUND('', #15497, .T.);
#15499 = FACETED_BREP_SHAPE_REPRESENTATION('', (#15498), #8);
#15500 = POLY_LOOP('', (#2344, #2350, #2348));
#15501 = FACE_OUTER_BOUND('', #15500, .T.);
#15502 = FACETED_BREP_SHAPE_REPRESENTATION('', (#15501), #8);
#15503 = POLY_LOOP('', (#2344, #2346, #2350));
#15504 = FACE_OUTER_BOUND('', #15503, .T.);
#15505 = FACETED_BREP_SHAPE_REPRESENTATION('', (#15504), #8);
#15506 = POLY_LOOP('', (#2345, #2349, #2351));
#15507 = FACE_OUTER_BOUND('', #15506, .T.);
#15508 = FACETED_BREP_SHAPE_REPRESENTATION('', (#15507), #8);
#15509 = POLY_LOOP('', (#2345, #2351, #2347));
#15510 = FACE_OUTER_BOUND('', #15509, .T.);
#15511 = FACETED_BREP_SHAPE_REPRESENTATION('', (#15510), #8);
#15512 = POLY_LOOP('', (#2352, #2356, #2357));
#15513 = FACE_OUTER_BOUND('', #15512, .T.);
#15514 = FACETED_BREP_SHAPE_REPRESENTATION('', (#15513), #8);
#15515 = POLY_LOOP('', (#2352, #2357, #2353));
#15516 = FACE_OUTER_BOUND('', #15515, .T.);
#15517 = FACETED_BREP_SHAPE_REPRESENTATION('', (#15516), #8);
#15518 = POLY_LOOP('', (#2354, #2359, #2358));
#15519 = FACE_OUTER_BOUND('', #15518, .T.);
#15520 = FACETED_BREP_SHAPE_REPRESENTATION('', (#15519), #8);
#15521 = POLY_LOOP('', (#2354, #2355, #2359));
#15522 = FACE_OUTER_BOUND('', #15521, .T.);
#15523 = FACETED_BREP_SHAPE_REPRESENTATION('', (#15522), #8);
#15524 = POLY_LOOP('', (#2352, #2358, #2356));
#15525 = FACE_OUTER_BOUND('', #15524, .T.);
#15526 = FACETED_BREP_SHAPE_REPRESENTATION('', (#15525), #8);
#15527 = POLY_LOOP('', (#2352, #2354, #2358));
#15528 = FACE_OUTER_BOUND('', #15527, .T.);
#15529 = FACETED_BREP_SHAPE_REPRESENTATION('', (#15528), #8);
#15530 = POLY_LOOP('', (#2353, #2357, #2359));
#15531 = FACE_OUTER_BOUND('', #15530, .T.);
#15532 = FACETED_BREP_SHAPE_REPRESENTATION('', (#15531), #8);
#15533 = POLY_LOOP('', (#2353, #2359, #2355));
#15534 = FACE_OUTER_BOUND('', #15533, .T.);
#15535 = FACETED_BREP_SHAPE_REPRESENTATION('', (#15534), #8);
#15536 = POLY_LOOP('', (#2356, #2360, #2361));
#15537 = FACE_OUTER_BOUND('', #15536, .T.);
#15538 = FACETED_BREP_SHAPE_REPRESENTATION('', (#15537), #8);
#15539 = POLY_LOOP('', (#2356, #2361, #2357));
#15540 = FACE_OUTER_BOUND('', #15539, .T.);
#15541 = FACETED_BREP_SHAPE_REPRESENTATION('', (#15540), #8);
#15542 = POLY_LOOP('', (#2358, #2363, #2362));
#15543 = FACE_OUTER_BOUND('', #15542, .T.);
#15544 = FACETED_BREP_SHAPE_REPRESENTATION('', (#15543), #8);
#15545 = POLY_LOOP('', (#2358, #2359, #2363));
#15546 = FACE_OUTER_BOUND('', #15545, .T.);
#15547 = FACETED_BREP_SHAPE_REPRESENTATION('', (#15546), #8);
#15548 = POLY_LOOP('', (#2356, #2362, #2360));
#15549 = FACE_OUTER_BOUND('', #15548, .T.);
#15550 = FACETED_BREP_SHAPE_REPRESENTATION('', (#15549), #8);
#15551 = POLY_LOOP('', (#2356, #2358, #2362));
#15552 = FACE_OUTER_BOUND('', #15551, .T.);
#15553 = FACETED_BREP_SHAPE_REPRESENTATION('', (#15552), #8);
#15554 = POLY_LOOP('', (#2357, #2361, #2363));
#15555 = FACE_OUTER_BOUND('', #15554, .T.);
#15556 = FACETED_BREP_SHAPE_REPRESENTATION('', (#15555), #8);
#15557 = POLY_LOOP('', (#2357, #2363, #2359));
#15558 = FACE_OUTER_BOUND('', #15557, .T.);
#15559 = FACETED_BREP_SHAPE_REPRESENTATION('', (#15558), #8);
#15560 = POLY_LOOP('', (#2360, #2364, #2365));
#15561 = FACE_OUTER_BOUND('', #15560, .T.);
#15562 = FACETED_BREP_SHAPE_REPRESENTATION('', (#15561), #8);
#15563 = POLY_LOOP('', (#2360, #2365, #2361));
#15564 = FACE_OUTER_BOUND('', #15563, .T.);
#15565 = FACETED_BREP_SHAPE_REPRESENTATION('', (#15564), #8);
#15566 = POLY_LOOP('', (#2362, #2367, #2366));
#15567 = FACE_OUTER_BOUND('', #15566, .T.);
#15568 = FACETED_BREP_SHAPE_REPRESENTATION('', (#15567), #8);
#15569 = POLY_LOOP('', (#2362, #2363, #2367));
#15570 = FACE_OUTER_BOUND('', #15569, .T.);
#15571 = FACETED_BREP_SHAPE_REPRESENTATION('', (#15570), #8);
#15572 = POLY_LOOP('', (#2360, #2366, #2364));
#15573 = FACE_OUTER_BOUND('', #15572, .T.);
#15574 = FACETED_BREP_SHAPE_REPRESENTATION('', (#15573), #8);
#15575 = POLY_LOOP('', (#2360, #2362, #2366));
#15576 = FACE_OUTER_BOUND('', #15575, .T.);
#15577 = FACETED_BREP_SHAPE_REPRESENTATION('', (#15576), #8);
#15578 = POLY_LOOP('', (#2361, #2365, #2367));
#15579 = FACE_OUTER_BOUND('', #15578, .T.);
#15580 = FACETED_BREP_SHAPE_REPRESENTATION('', (#15579), #8);
#15581 = POLY_LOOP('', (#2361, #2367, #2363));
#15582 = FACE_OUTER_BOUND('', #15581, .T.);
#15583 = FACETED_BREP_SHAPE_REPRESENTATION('', (#15582), #8);
#15584 = POLY_LOOP('', (#2364, #2368, #2369));
#15585 = FACE_OUTER_BOUND('', #15584, .T.);
#15586 = FACETED_BREP_SHAPE_REPRESENTATION('', (#15585), #8);
#15587 = POLY_LOOP('', (#2364, #2369, #2365));
#15588 = FACE_OUTER_BOUND('', #15587, .T.);
#15589 = FACETED_BREP_SHAPE_REPRESENTATION('', (#15588), #8);
#15590 = POLY_LOOP('', (#2366, #2371, #2370));
#15591 = FACE_OUTER_BOUND('', #15590, .T.);
#15592 = FACETED_BREP_SHAPE_REPRESENTATION('', (#15591), #8);
#15593 = POLY_LOOP('', (#2366, #2367, #2371));
#15594 = FACE_OUTER_BOUND('', #15593, .T.);
#15595 = FACETED_BREP_SHAPE_REPRESENTATION('', (#15594), #8);
#15596 = POLY_LOOP('', (#2364, #2370, #2368));
#15597 = FACE_OUTER_BOUND('', #15596, .T.);
#15598 = FACETED_BREP_SHAPE_REPRESENTATION('', (#15597), #8);
#15599 = POLY_LOOP('', (#2364, #2366, #2370));
#15600 = FACE_OUTER_BOUND('', #15599, .T.);
#15601 = FACETED_BREP_SHAPE_REPRESENTATION('', (#15600), #8);
#15602 = POLY_LOOP('', (#2365, #2369, #2371));
#15603 = FACE_OUTER_BOUND('', #15602, .T.);
#15604 = FACETED_BREP_SHAPE_REPRESENTATION('', (#15603), #8);
#15605 = POLY_LOOP('', (#2365, #2371, #2367));
#15606 = FACE_OUTER_BOUND('', #15605, .T.);
#15607 = FACETED_BREP_SHAPE_REPRESENTATION('', (#15606), #8);
#15608 = POLY_LOOP('', (#2368, #2372, #2373));
#15609 = FACE_OUTER_BOUND('', #15608, .T.);
#15610 = FACETED_BREP_SHAPE_REPRESENTATION('', (#15609), #8);
#15611 = POLY_LOOP('', (#2368, #2373, #2369));
#15612 = FACE_OUTER_BOUND('', #15611, .T.);
#15613 = FACETED_BREP_SHAPE_REPRESENTATION('', (#15612), #8);
#15614 = POLY_LOOP('', (#2370, #2375, #2374));
#15615 = FACE_OUTER_BOUND('', #15614, .T.);
#15616 = FACETED_BREP_SHAPE_REPRESENTATION('', (#15615), #8);
#15617 = POLY_LOOP('', (#2370, #2371, #2375));
#15618 = FACE_OUTER_BOUND('', #15617, .T.);
#15619 = FACETED_BREP_SHAPE_REPRESENTATION('', (#15618), #8);
#15620 = POLY_LOOP('', (#2368, #2374, #2372));
#15621 = FACE_OUTER_BOUND('', #15620, .T.);
#15622 = FACETED_BREP_SHAPE_REPRESENTATION('', (#15621), #8);
#15623 = POLY_LOOP('', (#2368, #2370, #2374));
#15624 = FACE_OUTER_BOUND('', #15623, .T.);
#15625 = FACETED_BREP_SHAPE_REPRESENTATION('', (#15624), #8);
#15626 = POLY_LOOP('', (#2369, #2373, #2375));
#15627 = FACE_OUTER_BOUND('', #15626, .T.);
#15628 = FACETED_BREP_SHAPE_REPRESENTATION('', (#15627), #8);
#15629 = POLY_LOOP('', (#2369, #2375, #2371));
#15630 = FACE_OUTER_BOUND('', #15629, .T.);
#15631 = FACETED_BREP_SHAPE_REPRESENTATION('', (#15630), #8);
#15632 = POLY_LOOP('', (#2372, #2376, #2377));
#15633 = FACE_OUTER_BOUND('', #15632, .T.);
#15634 = FACETED_BREP_SHAPE_REPRESENTATION('', (#15633), #8);
#15635 = POLY_LOOP('', (#2372, #2377, #2373));
#15636 = FACE_OUTER_BOUND('', #15635, .T.);
#15637 = FACETED_BREP_SHAPE_REPRESENTATION('', (#15636), #8);
#15638 = POLY_LOOP('', (#2374, #2379, #2378));
#15639 = FACE_OUTER_BOUND('', #15638, .T.);
#15640 = FACETED_BREP_SHAPE_REPRESENTATION('', (#15639), #8);
#15641 = POLY_LOOP('', (#2374, #2375, #2379));
#15642 = FACE_OUTER_BOUND('', #15641, .T.);
#15643 = FACETED_BREP_SHAPE_REPRESENTATION('', (#15642), #8);
#15644 = POLY_LOOP('', (#2372, #2378, #2376));
#15645 = FACE_OUTER_BOUND('', #15644, .T.);
#15646 = FACETED_BREP_SHAPE_REPRESENTATION('', (#15645), #8);
#15647 = POLY_LOOP('', (#2372, #2374, #2378));
#15648 = FACE_OUTER_BOUND('', #15647, .T.);
#15649 = FACETED_BREP_SHAPE_REPRESENTATION('', (#15648), #8);
#15650 = POLY_LOOP('', (#2373, #2377, #2379));
#15651 = FACE_OUTER_BOUND('', #15650, .T.);
#15652 = FACETED_BREP_SHAPE_REPRESENTATION('', (#15651), #8);
#15653 = POLY_LOOP('', (#2373, #2379, #2375));
#15654 = FACE_OUTER_BOUND('', #15653, .T.);
#15655 = FACETED_BREP_SHAPE_REPRESENTATION('', (#15654), #8);
#15656 = POLY_LOOP('', (#2380, #2384, #2385));
#15657 = FACE_OUTER_BOUND('', #15656, .T.);
#15658 = FACETED_BREP_SHAPE_REPRESENTATION('', (#15657), #8);
#15659 = POLY_LOOP('', (#2380, #2385, #2381));
#15660 = FACE_OUTER_BOUND('', #15659, .T.);
#15661 = FACETED_BREP_SHAPE_REPRESENTATION('', (#15660), #8);
#15662 = POLY_LOOP('', (#2382, #2387, #2386));
#15663 = FACE_OUTER_BOUND('', #15662, .T.);
#15664 = FACETED_BREP_SHAPE_REPRESENTATION('', (#15663), #8);
#15665 = POLY_LOOP('', (#2382, #2383, #2387));
#15666 = FACE_OUTER_BOUND('', #15665, .T.);
#15667 = FACETED_BREP_SHAPE_REPRESENTATION('', (#15666), #8);
#15668 = POLY_LOOP('', (#2380, #2386, #2384));
#15669 = FACE_OUTER_BOUND('', #15668, .T.);
#15670 = FACETED_BREP_SHAPE_REPRESENTATION('', (#15669), #8);
#15671 = POLY_LOOP('', (#2380, #2382, #2386));
#15672 = FACE_OUTER_BOUND('', #15671, .T.);
#15673 = FACETED_BREP_SHAPE_REPRESENTATION('', (#15672), #8);
#15674 = POLY_LOOP('', (#2381, #2385, #2387));
#15675 = FACE_OUTER_BOUND('', #15674, .T.);
#15676 = FACETED_BREP_SHAPE_REPRESENTATION('', (#15675), #8);
#15677 = POLY_LOOP('', (#2381, #2387, #2383));
#15678 = FACE_OUTER_BOUND('', #15677, .T.);
#15679 = FACETED_BREP_SHAPE_REPRESENTATION('', (#15678), #8);
#15680 = POLY_LOOP('', (#2384, #2388, #2389));
#15681 = FACE_OUTER_BOUND('', #15680, .T.);
#15682 = FACETED_BREP_SHAPE_REPRESENTATION('', (#15681), #8);
#15683 = POLY_LOOP('', (#2384, #2389, #2385));
#15684 = FACE_OUTER_BOUND('', #15683, .T.);
#15685 = FACETED_BREP_SHAPE_REPRESENTATION('', (#15684), #8);
#15686 = POLY_LOOP('', (#2386, #2391, #2390));
#15687 = FACE_OUTER_BOUND('', #15686, .T.);
#15688 = FACETED_BREP_SHAPE_REPRESENTATION('', (#15687), #8);
#15689 = POLY_LOOP('', (#2386, #2387, #2391));
#15690 = FACE_OUTER_BOUND('', #15689, .T.);
#15691 = FACETED_BREP_SHAPE_REPRESENTATION('', (#15690), #8);
#15692 = POLY_LOOP('', (#2384, #2390, #2388));
#15693 = FACE_OUTER_BOUND('', #15692, .T.);
#15694 = FACETED_BREP_SHAPE_REPRESENTATION('', (#15693), #8);
#15695 = POLY_LOOP('', (#2384, #2386, #2390));
#15696 = FACE_OUTER_BOUND('', #15695, .T.);
#15697 = FACETED_BREP_SHAPE_REPRESENTATION('', (#15696), #8);
#15698 = POLY_LOOP('', (#2385, #2389, #2391));
#15699 = FACE_OUTER_BOUND('', #15698, .T.);
#15700 = FACETED_BREP_SHAPE_REPRESENTATION('', (#15699), #8);
#15701 = POLY_LOOP('', (#2385, #2391, #2387));
#15702 = FACE_OUTER_BOUND('', #15701, .T.);
#15703 = FACETED_BREP_SHAPE_REPRESENTATION('', (#15702), #8);
#15704 = POLY_LOOP('', (#2388, #2392, #2393));
#15705 = FACE_OUTER_BOUND('', #15704, .T.);
#15706 = FACETED_BREP_SHAPE_REPRESENTATION('', (#15705), #8);
#15707 = POLY_LOOP('', (#2388, #2393, #2389));
#15708 = FACE_OUTER_BOUND('', #15707, .T.);
#15709 = FACETED_BREP_SHAPE_REPRESENTATION('', (#15708), #8);
#15710 = POLY_LOOP('', (#2390, #2395, #2394));
#15711 = FACE_OUTER_BOUND('', #15710, .T.);
#15712 = FACETED_BREP_SHAPE_REPRESENTATION('', (#15711), #8);
#15713 = POLY_LOOP('', (#2390, #2391, #2395));
#15714 = FACE_OUTER_BOUND('', #15713, .T.);
#15715 = FACETED_BREP_SHAPE_REPRESENTATION('', (#15714), #8);
#15716 = POLY_LOOP('', (#2388, #2394, #2392));
#15717 = FACE_OUTER_BOUND('', #15716, .T.);
#15718 = FACETED_BREP_SHAPE_REPRESENTATION('', (#15717), #8);
#15719 = POLY_LOOP('', (#2388, #2390, #2394));
#15720 = FACE_OUTER_BOUND('', #15719, .T.);
#15721 = FACETED_BREP_SHAPE_REPRESENTATION('', (#15720), #8);
#15722 = POLY_LOOP('', (#2389, #2393, #2395));
#15723 = FACE_OUTER_BOUND('', #15722, .T.);
#15724 = FACETED_BREP_SHAPE_REPRESENTATION('', (#15723), #8);
#15725 = POLY_LOOP('', (#2389, #2395, #2391));
#15726 = FACE_OUTER_BOUND('', #15725, .T.);
#15727 = FACETED_BREP_SHAPE_REPRESENTATION('', (#15726), #8);
#15728 = POLY_LOOP('', (#2392, #2396, #2397));
#15729 = FACE_OUTER_BOUND('', #15728, .T.);
#15730 = FACETED_BREP_SHAPE_REPRESENTATION('', (#15729), #8);
#15731 = POLY_LOOP('', (#2392, #2397, #2393));
#15732 = FACE_OUTER_BOUND('', #15731, .T.);
#15733 = FACETED_BREP_SHAPE_REPRESENTATION('', (#15732), #8);
#15734 = POLY_LOOP('', (#2394, #2399, #2398));
#15735 = FACE_OUTER_BOUND('', #15734, .T.);
#15736 = FACETED_BREP_SHAPE_REPRESENTATION('', (#15735), #8);
#15737 = POLY_LOOP('', (#2394, #2395, #2399));
#15738 = FACE_OUTER_BOUND('', #15737, .T.);
#15739 = FACETED_BREP_SHAPE_REPRESENTATION('', (#15738), #8);
#15740 = POLY_LOOP('', (#2392, #2398, #2396));
#15741 = FACE_OUTER_BOUND('', #15740, .T.);
#15742 = FACETED_BREP_SHAPE_REPRESENTATION('', (#15741), #8);
#15743 = POLY_LOOP('', (#2392, #2394, #2398));
#15744 = FACE_OUTER_BOUND('', #15743, .T.);
#15745 = FACETED_BREP_SHAPE_REPRESENTATION('', (#15744), #8);
#15746 = POLY_LOOP('', (#2393, #2397, #2399));
#15747 = FACE_OUTER_BOUND('', #15746, .T.);
#15748 = FACETED_BREP_SHAPE_REPRESENTATION('', (#15747), #8);
#15749 = POLY_LOOP('', (#2393, #2399, #2395));
#15750 = FACE_OUTER_BOUND('', #15749, .T.);
#15751 = FACETED_BREP_SHAPE_REPRESENTATION('', (#15750), #8);
#15752 = POLY_LOOP('', (#2396, #2400, #2401));
#15753 = FACE_OUTER_BOUND('', #15752, .T.);
#15754 = FACETED_BREP_SHAPE_REPRESENTATION('', (#15753), #8);
#15755 = POLY_LOOP('', (#2396, #2401, #2397));
#15756 = FACE_OUTER_BOUND('', #15755, .T.);
#15757 = FACETED_BREP_SHAPE_REPRESENTATION('', (#15756), #8);
#15758 = POLY_LOOP('', (#2398, #2403, #2402));
#15759 = FACE_OUTER_BOUND('', #15758, .T.);
#15760 = FACETED_BREP_SHAPE_REPRESENTATION('', (#15759), #8);
#15761 = POLY_LOOP('', (#2398, #2399, #2403));
#15762 = FACE_OUTER_BOUND('', #15761, .T.);
#15763 = FACETED_BREP_SHAPE_REPRESENTATION('', (#15762), #8);
#15764 = POLY_LOOP('', (#2396, #2402, #2400));
#15765 = FACE_OUTER_BOUND('', #15764, .T.);
#15766 = FACETED_BREP_SHAPE_REPRESENTATION('', (#15765), #8);
#15767 = POLY_LOOP('', (#2396, #2398, #2402));
#15768 = FACE_OUTER_BOUND('', #15767, .T.);
#15769 = FACETED_BREP_SHAPE_REPRESENTATION('', (#15768), #8);
#15770 = POLY_LOOP('', (#2397, #2401, #2403));
#15771 = FACE_OUTER_BOUND('', #15770, .T.);
#15772 = FACETED_BREP_SHAPE_REPRESENTATION('', (#15771), #8);
#15773 = POLY_LOOP('', (#2397, #2403, #2399));
#15774 = FACE_OUTER_BOUND('', #15773, .T.);
#15775 = FACETED_BREP_SHAPE_REPRESENTATION('', (#15774), #8);
#15776 = POLY_LOOP('', (#2400, #2404, #2405));
#15777 = FACE_OUTER_BOUND('', #15776, .T.);
#15778 = FACETED_BREP_SHAPE_REPRESENTATION('', (#15777), #8);
#15779 = POLY_LOOP('', (#2400, #2405, #2401));
#15780 = FACE_OUTER_BOUND('', #15779, .T.);
#15781 = FACETED_BREP_SHAPE_REPRESENTATION('', (#15780), #8);
#15782 = POLY_LOOP('', (#2402, #2407, #2406));
#15783 = FACE_OUTER_BOUND('', #15782, .T.);
#15784 = FACETED_BREP_SHAPE_REPRESENTATION('', (#15783), #8);
#15785 = POLY_LOOP('', (#2402, #2403, #2407));
#15786 = FACE_OUTER_BOUND('', #15785, .T.);
#15787 = FACETED_BREP_SHAPE_REPRESENTATION('', (#15786), #8);
#15788 = POLY_LOOP('', (#2400, #2406, #2404));
#15789 = FACE_OUTER_BOUND('', #15788, .T.);
#15790 = FACETED_BREP_SHAPE_REPRESENTATION('', (#15789), #8);
#15791 = POLY_LOOP('', (#2400, #2402, #2406));
#15792 = FACE_OUTER_BOUND('', #15791, .T.);
#15793 = FACETED_BREP_SHAPE_REPRESENTATION('', (#15792), #8);
#15794 = POLY_LOOP('', (#2401, #2405, #2407));
#15795 = FACE_OUTER_BOUND('', #15794, .T.);
#15796 = FACETED_BREP_SHAPE_REPRESENTATION('', (#15795), #8);
#15797 = POLY_LOOP('', (#2401, #2407, #2403));
#15798 = FACE_OUTER_BOUND('', #15797, .T.);
#15799 = FACETED_BREP_SHAPE_REPRESENTATION('', (#15798), #8);
#15800 = POLY_LOOP('', (#2408, #2412, #2413));
#15801 = FACE_OUTER_BOUND('', #15800, .T.);
#15802 = FACETED_BREP_SHAPE_REPRESENTATION('', (#15801), #8);
#15803 = POLY_LOOP('', (#2408, #2413, #2409));
#15804 = FACE_OUTER_BOUND('', #15803, .T.);
#15805 = FACETED_BREP_SHAPE_REPRESENTATION('', (#15804), #8);
#15806 = POLY_LOOP('', (#2410, #2415, #2414));
#15807 = FACE_OUTER_BOUND('', #15806, .T.);
#15808 = FACETED_BREP_SHAPE_REPRESENTATION('', (#15807), #8);
#15809 = POLY_LOOP('', (#2410, #2411, #2415));
#15810 = FACE_OUTER_BOUND('', #15809, .T.);
#15811 = FACETED_BREP_SHAPE_REPRESENTATION('', (#15810), #8);
#15812 = POLY_LOOP('', (#2408, #2414, #2412));
#15813 = FACE_OUTER_BOUND('', #15812, .T.);
#15814 = FACETED_BREP_SHAPE_REPRESENTATION('', (#15813), #8);
#15815 = POLY_LOOP('', (#2408, #2410, #2414));
#15816 = FACE_OUTER_BOUND('', #15815, .T.);
#15817 = FACETED_BREP_SHAPE_REPRESENTATION('', (#15816), #8);
#15818 = POLY_LOOP('', (#2409, #2413, #2415));
#15819 = FACE_OUTER_BOUND('', #15818, .T.);
#15820 = FACETED_BREP_SHAPE_REPRESENTATION('', (#15819), #8);
#15821 = POLY_LOOP('', (#2409, #2415, #2411));
#15822 = FACE_OUTER_BOUND('', #15821, .T.);
#15823 = FACETED_BREP_SHAPE_REPRESENTATION('', (#15822), #8);
#15824 = POLY_LOOP('', (#2412, #2416, #2417));
#15825 = FACE_OUTER_BOUND('', #15824, .T.);
#15826 = FACETED_BREP_SHAPE_REPRESENTATION('', (#15825), #8);
#15827 = POLY_LOOP('', (#2412, #2417, #2413));
#15828 = FACE_OUTER_BOUND('', #15827, .T.);
#15829 = FACETED_BREP_SHAPE_REPRESENTATION('', (#15828), #8);
#15830 = POLY_LOOP('', (#2414, #2419, #2418));
#15831 = FACE_OUTER_BOUND('', #15830, .T.);
#15832 = FACETED_BREP_SHAPE_REPRESENTATION('', (#15831), #8);
#15833 = POLY_LOOP('', (#2414, #2415, #2419));
#15834 = FACE_OUTER_BOUND('', #15833, .T.);
#15835 = FACETED_BREP_SHAPE_REPRESENTATION('', (#15834), #8);
#15836 = POLY_LOOP('', (#2412, #2418, #2416));
#15837 = FACE_OUTER_BOUND('', #15836, .T.);
#15838 = FACETED_BREP_SHAPE_REPRESENTATION('', (#15837), #8);
#15839 = POLY_LOOP('', (#2412, #2414, #2418));
#15840 = FACE_OUTER_BOUND('', #15839, .T.);
#15841 = FACETED_BREP_SHAPE_REPRESENTATION('', (#15840), #8);
#15842 = POLY_LOOP('', (#2413, #2417, #2419));
#15843 = FACE_OUTER_BOUND('', #15842, .T.);
#15844 = FACETED_BREP_SHAPE_REPRESENTATION('', (#15843), #8);
#15845 = POLY_LOOP('', (#2413, #2419, #2415));
#15846 = FACE_OUTER_BOUND('', #15845, .T.);
#15847 = FACETED_BREP_SHAPE_REPRESENTATION('', (#15846), #8);
#15848 = POLY_LOOP('', (#2416, #2420, #2421));
#15849 = FACE_OUTER_BOUND('', #15848, .T.);
#15850 = FACETED_BREP_SHAPE_REPRESENTATION('', (#15849), #8);
#15851 = POLY_LOOP('', (#2416, #2421, #2417));
#15852 = FACE_OUTER_BOUND('', #15851, .T.);
#15853 = FACETED_BREP_SHAPE_REPRESENTATION('', (#15852), #8);
#15854 = POLY_LOOP('', (#2418, #2423, #2422));
#15855 = FACE_OUTER_BOUND('', #15854, .T.);
#15856 = FACETED_BREP_SHAPE_REPRESENTATION('', (#15855), #8);
#15857 = POLY_LOOP('', (#2418, #2419, #2423));
#15858 = FACE_OUTER_BOUND('', #15857, .T.);
#15859 = FACETED_BREP_SHAPE_REPRESENTATION('', (#15858), #8);
#15860 = POLY_LOOP('', (#2416, #2422, #2420));
#15861 = FACE_OUTER_BOUND('', #15860, .T.);
#15862 = FACETED_BREP_SHAPE_REPRESENTATION('', (#15861), #8);
#15863 = POLY_LOOP('', (#2416, #2418, #2422));
#15864 = FACE_OUTER_BOUND('', #15863, .T.);
#15865 = FACETED_BREP_SHAPE_REPRESENTATION('', (#15864), #8);
#15866 = POLY_LOOP('', (#2417, #2421, #2423));
#15867 = FACE_OUTER_BOUND('', #15866, .T.);
#15868 = FACETED_BREP_SHAPE_REPRESENTATION('', (#15867), #8);
#15869 = POLY_LOOP('', (#2417, #2423, #2419));
#15870 = FACE_OUTER_BOUND('', #15869, .T.);
#15871 = FACETED_BREP_SHAPE_REPRESENTATION('', (#15870), #8);
#15872 = POLY_LOOP('', (#2420, #2424, #2425));
#15873 = FACE_OUTER_BOUND('', #15872, .T.);
#15874 = FACETED_BREP_SHAPE_REPRESENTATION('', (#15873), #8);
#15875 = POLY_LOOP('', (#2420, #2425, #2421));
#15876 = FACE_OUTER_BOUND('', #15875, .T.);
#15877 = FACETED_BREP_SHAPE_REPRESENTATION('', (#15876), #8);
#15878 = POLY_LOOP('', (#2422, #2427, #2426));
#15879 = FACE_OUTER_BOUND('', #15878, .T.);
#15880 = FACETED_BREP_SHAPE_REPRESENTATION('', (#15879), #8);
#15881 = POLY_LOOP('', (#2422, #2423, #2427));
#15882 = FACE_OUTER_BOUND('', #15881, .T.);
#15883 = FACETED_BREP_SHAPE_REPRESENTATION('', (#15882), #8);
#15884 = POLY_LOOP('', (#2420, #2426, #2424));
#15885 = FACE_OUTER_BOUND('', #15884, .T.);
#15886 = FACETED_BREP_SHAPE_REPRESENTATION('', (#15885), #8);
#15887 = POLY_LOOP('', (#2420, #2422, #2426));
#15888 = FACE_OUTER_BOUND('', #15887, .T.);
#15889 = FACETED_BREP_SHAPE_REPRESENTATION('', (#15888), #8);
#15890 = POLY_LOOP('', (#2421, #2425, #2427));
#15891 = FACE_OUTER_BOUND('', #15890, .T.);
#15892 = FACETED_BREP_SHAPE_REPRESENTATION('', (#15891), #8);
#15893 = POLY_LOOP('', (#2421, #2427, #2423));
#15894 = FACE_OUTER_BOUND('', #15893, .T.);
#15895 = FACETED_BREP_SHAPE_REPRESENTATION('', (#15894), #8);
#15896 = POLY_LOOP('', (#2424, #2428, #2429));
#15897 = FACE_OUTER_BOUND('', #15896, .T.);
#15898 = FACETED_BREP_SHAPE_REPRESENTATION('', (#15897), #8);
#15899 = POLY_LOOP('', (#2424, #2429, #2425));
#15900 = FACE_OUTER_BOUND('', #15899, .T.);
#15901 = FACETED_BREP_SHAPE_REPRESENTATION('', (#15900), #8);
#15902 = POLY_LOOP('', (#2426, #2431, #2430));
#15903 = FACE_OUTER_BOUND('', #15902, .T.);
#15904 = FACETED_BREP_SHAPE_REPRESENTATION('', (#15903), #8);
#15905 = POLY_LOOP('', (#2426, #2427, #2431));
#15906 = FACE_OUTER_BOUND('', #15905, .T.);
#15907 = FACETED_BREP_SHAPE_REPRESENTATION('', (#15906), #8);
#15908 = POLY_LOOP('', (#2424, #2430, #2428));
#15909 = FACE_OUTER_BOUND('', #15908, .T.);
#15910 = FACETED_BREP_SHAPE_REPRESENTATION('', (#15909), #8);
#15911 = POLY_LOOP('', (#2424, #2426, #2430));
#15912 = FACE_OUTER_BOUND('', #15911, .T.);
#15913 = FACETED_BREP_SHAPE_REPRESENTATION('', (#15912), #8);
#15914 = POLY_LOOP('', (#2425, #2429, #2431));
#15915 = FACE_OUTER_BOUND('', #15914, .T.);
#15916 = FACETED_BREP_SHAPE_REPRESENTATION('', (#15915), #8);
#15917 = POLY_LOOP('', (#2425, #2431, #2427));
#15918 = FACE_OUTER_BOUND('', #15917, .T.);
#15919 = FACETED_BREP_SHAPE_REPRESENTATION('', (#15918), #8);
#15920 = POLY_LOOP('', (#2428, #2432, #2433));
#15921 = FACE_OUTER_BOUND('', #15920, .T.);
#15922 = FACETED_BREP_SHAPE_REPRESENTATION('', (#15921), #8);
#15923 = POLY_LOOP('', (#2428, #2433, #2429));
#15924 = FACE_OUTER_BOUND('', #15923, .T.);
#15925 = FACETED_BREP_SHAPE_REPRESENTATION('', (#15924), #8);
#15926 = POLY_LOOP('', (#2430, #2435, #2434));
#15927 = FACE_OUTER_BOUND('', #15926, .T.);
#15928 = FACETED_BREP_SHAPE_REPRESENTATION('', (#15927), #8);
#15929 = POLY_LOOP('', (#2430, #2431, #2435));
#15930 = FACE_OUTER_BOUND('', #15929, .T.);
#15931 = FACETED_BREP_SHAPE_REPRESENTATION('', (#15930), #8);
#15932 = POLY_LOOP('', (#2428, #2434, #2432));
#15933 = FACE_OUTER_BOUND('', #15932, .T.);
#15934 = FACETED_BREP_SHAPE_REPRESENTATION('', (#15933), #8);
#15935 = POLY_LOOP('', (#2428, #2430, #2434));
#15936 = FACE_OUTER_BOUND('', #15935, .T.);
#15937 = FACETED_BREP_SHAPE_REPRESENTATION('', (#15936), #8);
#15938 = POLY_LOOP('', (#2429, #2433, #2435));
#15939 = FACE_OUTER_BOUND('', #15938, .T.);
#15940 = FACETED_BREP_SHAPE_REPRESENTATION('', (#15939), #8);
#15941 = POLY_LOOP('', (#2429, #2435, #2431));
#15942 = FACE_OUTER_BOUND('', #15941, .T.);
#15943 = FACETED_BREP_SHAPE_REPRESENTATION('', (#15942), #8);
#15944 = POLY_LOOP('', (#2436, #2440, #2441));
#15945 = FACE_OUTER_BOUND('', #15944, .T.);
#15946 = FACETED_BREP_SHAPE_REPRESENTATION('', (#15945), #8);
#15947 = POLY_LOOP('', (#2436, #2441, #2437));
#15948 = FACE_OUTER_BOUND('', #15947, .T.);
#15949 = FACETED_BREP_SHAPE_REPRESENTATION('', (#15948), #8);
#15950 = POLY_LOOP('', (#2438, #2443, #2442));
#15951 = FACE_OUTER_BOUND('', #15950, .T.);
#15952 = FACETED_BREP_SHAPE_REPRESENTATION('', (#15951), #8);
#15953 = POLY_LOOP('', (#2438, #2439, #2443));
#15954 = FACE_OUTER_BOUND('', #15953, .T.);
#15955 = FACETED_BREP_SHAPE_REPRESENTATION('', (#15954), #8);
#15956 = POLY_LOOP('', (#2436, #2442, #2440));
#15957 = FACE_OUTER_BOUND('', #15956, .T.);
#15958 = FACETED_BREP_SHAPE_REPRESENTATION('', (#15957), #8);
#15959 = POLY_LOOP('', (#2436, #2438, #2442));
#15960 = FACE_OUTER_BOUND('', #15959, .T.);
#15961 = FACETED_BREP_SHAPE_REPRESENTATION('', (#15960), #8);
#15962 = POLY_LOOP('', (#2437, #2441, #2443));
#15963 = FACE_OUTER_BOUND('', #15962, .T.);
#15964 = FACETED_BREP_SHAPE_REPRESENTATION('', (#15963), #8);
#15965 = POLY_LOOP('', (#2437, #2443, #2439));
#15966 = FACE_OUTER_BOUND('', #15965, .T.);
#15967 = FACETED_BREP_SHAPE_REPRESENTATION('', (#15966), #8);
#15968 = POLY_LOOP('', (#2440, #2444, #2445));
#15969 = FACE_OUTER_BOUND('', #15968, .T.);
#15970 = FACETED_BREP_SHAPE_REPRESENTATION('', (#15969), #8);
#15971 = POLY_LOOP('', (#2440, #2445, #2441));
#15972 = FACE_OUTER_BOUND('', #15971, .T.);
#15973 = FACETED_BREP_SHAPE_REPRESENTATION('', (#15972), #8);
#15974 = POLY_LOOP('', (#2442, #2447, #2446));
#15975 = FACE_OUTER_BOUND('', #15974, .T.);
#15976 = FACETED_BREP_SHAPE_REPRESENTATION('', (#15975), #8);
#15977 = POLY_LOOP('', (#2442, #2443, #2447));
#15978 = FACE_OUTER_BOUND('', #15977, .T.);
#15979 = FACETED_BREP_SHAPE_REPRESENTATION('', (#15978), #8);
#15980 = POLY_LOOP('', (#2440, #2446, #2444));
#15981 = FACE_OUTER_BOUND('', #15980, .T.);
#15982 = FACETED_BREP_SHAPE_REPRESENTATION('', (#15981), #8);
#15983 = POLY_LOOP('', (#2440, #2442, #2446));
#15984 = FACE_OUTER_BOUND('', #15983, .T.);
#15985 = FACETED_BREP_SHAPE_REPRESENTATION('', (#15984), #8);
#15986 = POLY_LOOP('', (#2441, #2445, #2447));
#15987 = FACE_OUTER_BOUND('', #15986, .T.);
#15988 = FACETED_BREP_SHAPE_REPRESENTATION('', (#15987), #8);
#15989 = POLY_LOOP('', (#2441, #2447, #2443));
#15990 = FACE_OUTER_BOUND('', #15989, .T.);
#15991 = FACETED_BREP_SHAPE_REPRESENTATION('', (#15990), #8);
#15992 = POLY_LOOP('', (#2444, #2448, #2449));
#15993 = FACE_OUTER_BOUND('', #15992, .T.);
#15994 = FACETED_BREP_SHAPE_REPRESENTATION('', (#15993), #8);
#15995 = POLY_LOOP('', (#2444, #2449, #2445));
#15996 = FACE_OUTER_BOUND('', #15995, .T.);
#15997 = FACETED_BREP_SHAPE_REPRESENTATION('', (#15996), #8);
#15998 = POLY_LOOP('', (#2446, #2451, #2450));
#15999 = FACE_OUTER_BOUND('', #15998, .T.);
#16000 = FACETED_BREP_SHAPE_REPRESENTATION('', (#15999), #8);
#16001 = POLY_LOOP('', (#2446, #2447, #2451));
#16002 = FACE_OUTER_BOUND('', #16001, .T.);
#16003 = FACETED_BREP_SHAPE_REPRESENTATION('', (#16002), #8);
#16004 = POLY_LOOP('', (#2444, #2450, #2448));
#16005 = FACE_OUTER_BOUND('', #16004, .T.);
#16006 = FACETED_BREP_SHAPE_REPRESENTATION('', (#16005), #8);
#16007 = POLY_LOOP('', (#2444, #2446, #2450));
#16008 = FACE_OUTER_BOUND('', #16007, .T.);
#16009 = FACETED_BREP_SHAPE_REPRESENTATION('', (#16008), #8);
#16010 = POLY_LOOP('', (#2445, #2449, #2451));
#16011 = FACE_OUTER_BOUND('', #16010, .T.);
#16012 = FACETED_BREP_SHAPE_REPRESENTATION('', (#16011), #8);
#16013 = POLY_LOOP('', (#2445, #2451, #2447));
#16014 = FACE_OUTER_BOUND('', #16013, .T.);
#16015 = FACETED_BREP_SHAPE_REPRESENTATION('', (#16014), #8);
#16016 = POLY_LOOP('', (#2448, #2452, #2453));
#16017 = FACE_OUTER_BOUND('', #16016, .T.);
#16018 = FACETED_BREP_SHAPE_REPRESENTATION('', (#16017), #8);
#16019 = POLY_LOOP('', (#2448, #2453, #2449));
#16020 = FACE_OUTER_BOUND('', #16019, .T.);
#16021 = FACETED_BREP_SHAPE_REPRESENTATION('', (#16020), #8);
#16022 = POLY_LOOP('', (#2450, #2455, #2454));
#16023 = FACE_OUTER_BOUND('', #16022, .T.);
#16024 = FACETED_BREP_SHAPE_REPRESENTATION('', (#16023), #8);
#16025 = POLY_LOOP('', (#2450, #2451, #2455));
#16026 = FACE_OUTER_BOUND('', #16025, .T.);
#16027 = FACETED_BREP_SHAPE_REPRESENTATION('', (#16026), #8);
#16028 = POLY_LOOP('', (#2448, #2454, #2452));
#16029 = FACE_OUTER_BOUND('', #16028, .T.);
#16030 = FACETED_BREP_SHAPE_REPRESENTATION('', (#16029), #8);
#16031 = POLY_LOOP('', (#2448, #2450, #2454));
#16032 = FACE_OUTER_BOUND('', #16031, .T.);
#16033 = FACETED_BREP_SHAPE_REPRESENTATION('', (#16032), #8);
#16034 = POLY_LOOP('', (#2449, #2453, #2455));
#16035 = FACE_OUTER_BOUND('', #16034, .T.);
#16036 = FACETED_BREP_SHAPE_REPRESENTATION('', (#16035), #8);
#16037 = POLY_LOOP('', (#2449, #2455, #2451));
#16038 = FACE_OUTER_BOUND('', #16037, .T.);
#16039 = FACETED_BREP_SHAPE_REPRESENTATION('', (#16038), #8);
#16040 = POLY_LOOP('', (#2452, #2456, #2457));
#16041 = FACE_OUTER_BOUND('', #16040, .T.);
#16042 = FACETED_BREP_SHAPE_REPRESENTATION('', (#16041), #8);
#16043 = POLY_LOOP('', (#2452, #2457, #2453));
#16044 = FACE_OUTER_BOUND('', #16043, .T.);
#16045 = FACETED_BREP_SHAPE_REPRESENTATION('', (#16044), #8);
#16046 = POLY_LOOP('', (#2454, #2459, #2458));
#16047 = FACE_OUTER_BOUND('', #16046, .T.);
#16048 = FACETED_BREP_SHAPE_REPRESENTATION('', (#16047), #8);
#16049 = POLY_LOOP('', (#2454, #2455, #2459));
#16050 = FACE_OUTER_BOUND('', #16049, .T.);
#16051 = FACETED_BREP_SHAPE_REPRESENTATION('', (#16050), #8);
#16052 = POLY_LOOP('', (#2452, #2458, #2456));
#16053 = FACE_OUTER_BOUND('', #16052, .T.);
#16054 = FACETED_BREP_SHAPE_REPRESENTATION('', (#16053), #8);
#16055 = POLY_LOOP('', (#2452, #2454, #2458));
#16056 = FACE_OUTER_BOUND('', #16055, .T.);
#16057 = FACETED_BREP_SHAPE_REPRESENTATION('', (#16056), #8);
#16058 = POLY_LOOP('', (#2453, #2457, #2459));
#16059 = FACE_OUTER_BOUND('', #16058, .T.);
#16060 = FACETED_BREP_SHAPE_REPRESENTATION('', (#16059), #8);
#16061 = POLY_LOOP('', (#2453, #2459, #2455));
#16062 = FACE_OUTER_BOUND('', #16061, .T.);
#16063 = FACETED_BREP_SHAPE_REPRESENTATION('', (#16062), #8);
#16064 = POLY_LOOP('', (#2456, #2460, #2461));
#16065 = FACE_OUTER_BOUND('', #16064, .T.);
#16066 = FACETED_BREP_SHAPE_REPRESENTATION('', (#16065), #8);
#16067 = POLY_LOOP('', (#2456, #2461, #2457));
#16068 = FACE_OUTER_BOUND('', #16067, .T.);
#16069 = FACETED_BREP_SHAPE_REPRESENTATION('', (#16068), #8);
#16070 = POLY_LOOP('', (#2458, #2463, #2462));
#16071 = FACE_OUTER_BOUND('', #16070, .T.);
#16072 = FACETED_BREP_SHAPE_REPRESENTATION('', (#16071), #8);
#16073 = POLY_LOOP('', (#2458, #2459, #2463));
#16074 = FACE_OUTER_BOUND('', #16073, .T.);
#16075 = FACETED_BREP_SHAPE_REPRESENTATION('', (#16074), #8);
#16076 = POLY_LOOP('', (#2456, #2462, #2460));
#16077 = FACE_OUTER_BOUND('', #16076, .T.);
#16078 = FACETED_BREP_SHAPE_REPRESENTATION('', (#16077), #8);
#16079 = POLY_LOOP('', (#2456, #2458, #2462));
#16080 = FACE_OUTER_BOUND('', #16079, .T.);
#16081 = FACETED_BREP_SHAPE_REPRESENTATION('', (#16080), #8);
#16082 = POLY_LOOP('', (#2457, #2461, #2463));
#16083 = FACE_OUTER_BOUND('', #16082, .T.);
#16084 = FACETED_BREP_SHAPE_REPRESENTATION('', (#16083), #8);
#16085 = POLY_LOOP('', (#2457, #2463, #2459));
#16086 = FACE_OUTER_BOUND('', #16085, .T.);
#16087 = FACETED_BREP_SHAPE_REPRESENTATION('', (#16086), #8);
#16088 = POLY_LOOP('', (#2464, #2468, #2469));
#16089 = FACE_OUTER_BOUND('', #16088, .T.);
#16090 = FACETED_BREP_SHAPE_REPRESENTATION('', (#16089), #8);
#16091 = POLY_LOOP('', (#2464, #2469, #2465));
#16092 = FACE_OUTER_BOUND('', #16091, .T.);
#16093 = FACETED_BREP_SHAPE_REPRESENTATION('', (#16092), #8);
#16094 = POLY_LOOP('', (#2466, #2471, #2470));
#16095 = FACE_OUTER_BOUND('', #16094, .T.);
#16096 = FACETED_BREP_SHAPE_REPRESENTATION('', (#16095), #8);
#16097 = POLY_LOOP('', (#2466, #2467, #2471));
#16098 = FACE_OUTER_BOUND('', #16097, .T.);
#16099 = FACETED_BREP_SHAPE_REPRESENTATION('', (#16098), #8);
#16100 = POLY_LOOP('', (#2464, #2470, #2468));
#16101 = FACE_OUTER_BOUND('', #16100, .T.);
#16102 = FACETED_BREP_SHAPE_REPRESENTATION('', (#16101), #8);
#16103 = POLY_LOOP('', (#2464, #2466, #2470));
#16104 = FACE_OUTER_BOUND('', #16103, .T.);
#16105 = FACETED_BREP_SHAPE_REPRESENTATION('', (#16104), #8);
#16106 = POLY_LOOP('', (#2465, #2469, #2471));
#16107 = FACE_OUTER_BOUND('', #16106, .T.);
#16108 = FACETED_BREP_SHAPE_REPRESENTATION('', (#16107), #8);
#16109 = POLY_LOOP('', (#2465, #2471, #2467));
#16110 = FACE_OUTER_BOUND('', #16109, .T.);
#16111 = FACETED_BREP_SHAPE_REPRESENTATION('', (#16110), #8);
#16112 = POLY_LOOP('', (#2468, #2472, #2473));
#16113 = FACE_OUTER_BOUND('', #16112, .T.);
#16114 = FACETED_BREP_SHAPE_REPRESENTATION('', (#16113), #8);
#16115 = POLY_LOOP('', (#2468, #2473, #2469));
#16116 = FACE_OUTER_BOUND('', #16115, .T.);
#16117 = FACETED_BREP_SHAPE_REPRESENTATION('', (#16116), #8);
#16118 = POLY_LOOP('', (#2470, #2475, #2474));
#16119 = FACE_OUTER_BOUND('', #16118, .T.);
#16120 = FACETED_BREP_SHAPE_REPRESENTATION('', (#16119), #8);
#16121 = POLY_LOOP('', (#2470, #2471, #2475));
#16122 = FACE_OUTER_BOUND('', #16121, .T.);
#16123 = FACETED_BREP_SHAPE_REPRESENTATION('', (#16122), #8);
#16124 = POLY_LOOP('', (#2468, #2474, #2472));
#16125 = FACE_OUTER_BOUND('', #16124, .T.);
#16126 = FACETED_BREP_SHAPE_REPRESENTATION('', (#16125), #8);
#16127 = POLY_LOOP('', (#2468, #2470, #2474));
#16128 = FACE_OUTER_BOUND('', #16127, .T.);
#16129 = FACETED_BREP_SHAPE_REPRESENTATION('', (#16128), #8);
#16130 = POLY_LOOP('', (#2469, #2473, #2475));
#16131 = FACE_OUTER_BOUND('', #16130, .T.);
#16132 = FACETED_BREP_SHAPE_REPRESENTATION('', (#16131), #8);
#16133 = POLY_LOOP('', (#2469, #2475, #2471));
#16134 = FACE_OUTER_BOUND('', #16133, .T.);
#16135 = FACETED_BREP_SHAPE_REPRESENTATION('', (#16134), #8);
#16136 = POLY_LOOP('', (#2472, #2476, #2477));
#16137 = FACE_OUTER_BOUND('', #16136, .T.);
#16138 = FACETED_BREP_SHAPE_REPRESENTATION('', (#16137), #8);
#16139 = POLY_LOOP('', (#2472, #2477, #2473));
#16140 = FACE_OUTER_BOUND('', #16139, .T.);
#16141 = FACETED_BREP_SHAPE_REPRESENTATION('', (#16140), #8);
#16142 = POLY_LOOP('', (#2474, #2479, #2478));
#16143 = FACE_OUTER_BOUND('', #16142, .T.);
#16144 = FACETED_BREP_SHAPE_REPRESENTATION('', (#16143), #8);
#16145 = POLY_LOOP('', (#2474, #2475, #2479));
#16146 = FACE_OUTER_BOUND('', #16145, .T.);
#16147 = FACETED_BREP_SHAPE_REPRESENTATION('', (#16146), #8);
#16148 = POLY_LOOP('', (#2472, #2478, #2476));
#16149 = FACE_OUTER_BOUND('', #16148, .T.);
#16150 = FACETED_BREP_SHAPE_REPRESENTATION('', (#16149), #8);
#16151 = POLY_LOOP('', (#2472, #2474, #2478));
#16152 = FACE_OUTER_BOUND('', #16151, .T.);
#16153 = FACETED_BREP_SHAPE_REPRESENTATION('', (#16152), #8);
#16154 = POLY_LOOP('', (#2473, #2477, #2479));
#16155 = FACE_OUTER_BOUND('', #16154, .T.);
#16156 = FACETED_BREP_SHAPE_REPRESENTATION('', (#16155), #8);
#16157 = POLY_LOOP('', (#2473, #2479, #2475));
#16158 = FACE_OUTER_BOUND('', #16157, .T.);
#16159 = FACETED_BREP_SHAPE_REPRESENTATION('', (#16158), #8);
#16160 = POLY_LOOP('', (#2476, #2480, #2481));
#16161 = FACE_OUTER_BOUND('', #16160, .T.);
#16162 = FACETED_BREP_SHAPE_REPRESENTATION('', (#16161), #8);
#16163 = POLY_LOOP('', (#2476, #2481, #2477));
#16164 = FACE_OUTER_BOUND('', #16163, .T.);
#16165 = FACETED_BREP_SHAPE_REPRESENTATION('', (#16164), #8);
#16166 = POLY_LOOP('', (#2478, #2483, #2482));
#16167 = FACE_OUTER_BOUND('', #16166, .T.);
#16168 = FACETED_BREP_SHAPE_REPRESENTATION('', (#16167), #8);
#16169 = POLY_LOOP('', (#2478, #2479, #2483));
#16170 = FACE_OUTER_BOUND('', #16169, .T.);
#16171 = FACETED_BREP_SHAPE_REPRESENTATION('', (#16170), #8);
#16172 = POLY_LOOP('', (#2476, #2482, #2480));
#16173 = FACE_OUTER_BOUND('', #16172, .T.);
#16174 = FACETED_BREP_SHAPE_REPRESENTATION('', (#16173), #8);
#16175 = POLY_LOOP('', (#2476, #2478, #2482));
#16176 = FACE_OUTER_BOUND('', #16175, .T.);
#16177 = FACETED_BREP_SHAPE_REPRESENTATION('', (#16176), #8);
#16178 = POLY_LOOP('', (#2477, #2481, #2483));
#16179 = FACE_OUTER_BOUND('', #16178, .T.);
#16180 = FACETED_BREP_SHAPE_REPRESENTATION('', (#16179), #8);
#16181 = POLY_LOOP('', (#2477, #2483, #2479));
#16182 = FACE_OUTER_BOUND('', #16181, .T.);
#16183 = FACETED_BREP_SHAPE_REPRESENTATION('', (#16182), #8);
#16184 = POLY_LOOP('', (#2480, #2484, #2485));
#16185 = FACE_OUTER_BOUND('', #16184, .T.);
#16186 = FACETED_BREP_SHAPE_REPRESENTATION('', (#16185), #8);
#16187 = POLY_LOOP('', (#2480, #2485, #2481));
#16188 = FACE_OUTER_BOUND('', #16187, .T.);
#16189 = FACETED_BREP_SHAPE_REPRESENTATION('', (#16188), #8);
#16190 = POLY_LOOP('', (#2482, #2487, #2486));
#16191 = FACE_OUTER_BOUND('', #16190, .T.);
#16192 = FACETED_BREP_SHAPE_REPRESENTATION('', (#16191), #8);
#16193 = POLY_LOOP('', (#2482, #2483, #2487));
#16194 = FACE_OUTER_BOUND('', #16193, .T.);
#16195 = FACETED_BREP_SHAPE_REPRESENTATION('', (#16194), #8);
#16196 = POLY_LOOP('', (#2480, #2486, #2484));
#16197 = FACE_OUTER_BOUND('', #16196, .T.);
#16198 = FACETED_BREP_SHAPE_REPRESENTATION('', (#16197), #8);
#16199 = POLY_LOOP('', (#2480, #2482, #2486));
#16200 = FACE_OUTER_BOUND('', #16199, .T.);
#16201 = FACETED_BREP_SHAPE_REPRESENTATION('', (#16200), #8);
#16202 = POLY_LOOP('', (#2481, #2485, #2487));
#16203 = FACE_OUTER_BOUND('', #16202, .T.);
#16204 = FACETED_BREP_SHAPE_REPRESENTATION('', (#16203), #8);
#16205 = POLY_LOOP('', (#2481, #2487, #2483));
#16206 = FACE_OUTER_BOUND('', #16205, .T.);
#16207 = FACETED_BREP_SHAPE_REPRESENTATION('', (#16206), #8);
#16208 = POLY_LOOP('', (#2484, #2488, #2489));
#16209 = FACE_OUTER_BOUND('', #16208, .T.);
#16210 = FACETED_BREP_SHAPE_REPRESENTATION('', (#16209), #8);
#16211 = POLY_LOOP('', (#2484, #2489, #2485));
#16212 = FACE_OUTER_BOUND('', #16211, .T.);
#16213 = FACETED_BREP_SHAPE_REPRESENTATION('', (#16212), #8);
#16214 = POLY_LOOP('', (#2486, #2491, #2490));
#16215 = FACE_OUTER_BOUND('', #16214, .T.);
#16216 = FACETED_BREP_SHAPE_REPRESENTATION('', (#16215), #8);
#16217 = POLY_LOOP('', (#2486, #2487, #2491));
#16218 = FACE_OUTER_BOUND('', #16217, .T.);
#16219 = FACETED_BREP_SHAPE_REPRESENTATION('', (#16218), #8);
#16220 = POLY_LOOP('', (#2484, #2490, #2488));
#16221 = FACE_OUTER_BOUND('', #16220, .T.);
#16222 = FACETED_BREP_SHAPE_REPRESENTATION('', (#16221), #8);
#16223 = POLY_LOOP('', (#2484, #2486, #2490));
#16224 = FACE_OUTER_BOUND('', #16223, .T.);
#16225 = FACETED_BREP_SHAPE_REPRESENTATION('', (#16224), #8);
#16226 = POLY_LOOP('', (#2485, #2489, #2491));
#16227 = FACE_OUTER_BOUND('', #16226, .T.);
#16228 = FACETED_BREP_SHAPE_REPRESENTATION('', (#16227), #8);
#16229 = POLY_LOOP('', (#2485, #2491, #2487));
#16230 = FACE_OUTER_BOUND('', #16229, .T.);
#16231 = FACETED_BREP_SHAPE_REPRESENTATION('', (#16230), #8);
#16232 = POLY_LOOP('', (#2492, #2496, #2497));
#16233 = FACE_OUTER_BOUND('', #16232, .T.);
#16234 = FACETED_BREP_SHAPE_REPRESENTATION('', (#16233), #8);
#16235 = POLY_LOOP('', (#2492, #2497, #2493));
#16236 = FACE_OUTER_BOUND('', #16235, .T.);
#16237 = FACETED_BREP_SHAPE_REPRESENTATION('', (#16236), #8);
#16238 = POLY_LOOP('', (#2494, #2499, #2498));
#16239 = FACE_OUTER_BOUND('', #16238, .T.);
#16240 = FACETED_BREP_SHAPE_REPRESENTATION('', (#16239), #8);
#16241 = POLY_LOOP('', (#2494, #2495, #2499));
#16242 = FACE_OUTER_BOUND('', #16241, .T.);
#16243 = FACETED_BREP_SHAPE_REPRESENTATION('', (#16242), #8);
#16244 = POLY_LOOP('', (#2492, #2498, #2496));
#16245 = FACE_OUTER_BOUND('', #16244, .T.);
#16246 = FACETED_BREP_SHAPE_REPRESENTATION('', (#16245), #8);
#16247 = POLY_LOOP('', (#2492, #2494, #2498));
#16248 = FACE_OUTER_BOUND('', #16247, .T.);
#16249 = FACETED_BREP_SHAPE_REPRESENTATION('', (#16248), #8);
#16250 = POLY_LOOP('', (#2493, #2497, #2499));
#16251 = FACE_OUTER_BOUND('', #16250, .T.);
#16252 = FACETED_BREP_SHAPE_REPRESENTATION('', (#16251), #8);
#16253 = POLY_LOOP('', (#2493, #2499, #2495));
#16254 = FACE_OUTER_BOUND('', #16253, .T.);
#16255 = FACETED_BREP_SHAPE_REPRESENTATION('', (#16254), #8);
#16256 = POLY_LOOP('', (#2496, #2500, #2501));
#16257 = FACE_OUTER_BOUND('', #16256, .T.);
#16258 = FACETED_BREP_SHAPE_REPRESENTATION('', (#16257), #8);
#16259 = POLY_LOOP('', (#2496, #2501, #2497));
#16260 = FACE_OUTER_BOUND('', #16259, .T.);
#16261 = FACETED_BREP_SHAPE_REPRESENTATION('', (#16260), #8);
#16262 = POLY_LOOP('', (#2498, #2503, #2502));
#16263 = FACE_OUTER_BOUND('', #16262, .T.);
#16264 = FACETED_BREP_SHAPE_REPRESENTATION('', (#16263), #8);
#16265 = POLY_LOOP('', (#2498, #2499, #2503));
#16266 = FACE_OUTER_BOUND('', #16265, .T.);
#16267 = FACETED_BREP_SHAPE_REPRESENTATION('', (#16266), #8);
#16268 = POLY_LOOP('', (#2496, #2502, #2500));
#16269 = FACE_OUTER_BOUND('', #16268, .T.);
#16270 = FACETED_BREP_SHAPE_REPRESENTATION('', (#16269), #8);
#16271 = POLY_LOOP('', (#2496, #2498, #2502));
#16272 = FACE_OUTER_BOUND('', #16271, .T.);
#16273 = FACETED_BREP_SHAPE_REPRESENTATION('', (#16272), #8);
#16274 = POLY_LOOP('', (#2497, #2501, #2503));
#16275 = FACE_OUTER_BOUND('', #16274, .T.);
#16276 = FACETED_BREP_SHAPE_REPRESENTATION('', (#16275), #8);
#16277 = POLY_LOOP('', (#2497, #2503, #2499));
#16278 = FACE_OUTER_BOUND('', #16277, .T.);
#16279 = FACETED_BREP_SHAPE_REPRESENTATION('', (#16278), #8);
#16280 = POLY_LOOP('', (#2500, #2504, #2505));
#16281 = FACE_OUTER_BOUND('', #16280, .T.);
#16282 = FACETED_BREP_SHAPE_REPRESENTATION('', (#16281), #8);
#16283 = POLY_LOOP('', (#2500, #2505, #2501));
#16284 = FACE_OUTER_BOUND('', #16283, .T.);
#16285 = FACETED_BREP_SHAPE_REPRESENTATION('', (#16284), #8);
#16286 = POLY_LOOP('', (#2502, #2507, #2506));
#16287 = FACE_OUTER_BOUND('', #16286, .T.);
#16288 = FACETED_BREP_SHAPE_REPRESENTATION('', (#16287), #8);
#16289 = POLY_LOOP('', (#2502, #2503, #2507));
#16290 = FACE_OUTER_BOUND('', #16289, .T.);
#16291 = FACETED_BREP_SHAPE_REPRESENTATION('', (#16290), #8);
#16292 = POLY_LOOP('', (#2500, #2506, #2504));
#16293 = FACE_OUTER_BOUND('', #16292, .T.);
#16294 = FACETED_BREP_SHAPE_REPRESENTATION('', (#16293), #8);
#16295 = POLY_LOOP('', (#2500, #2502, #2506));
#16296 = FACE_OUTER_BOUND('', #16295, .T.);
#16297 = FACETED_BREP_SHAPE_REPRESENTATION('', (#16296), #8);
#16298 = POLY_LOOP('', (#2501, #2505, #2507));
#16299 = FACE_OUTER_BOUND('', #16298, .T.);
#16300 = FACETED_BREP_SHAPE_REPRESENTATION('', (#16299), #8);
#16301 = POLY_LOOP('', (#2501, #2507, #2503));
#16302 = FACE_OUTER_BOUND('', #16301, .T.);
#16303 = FACETED_BREP_SHAPE_REPRESENTATION('', (#16302), #8);
#16304 = POLY_LOOP('', (#2504, #2508, #2509));
#16305 = FACE_OUTER_BOUND('', #16304, .T.);
#16306 = FACETED_BREP_SHAPE_REPRESENTATION('', (#16305), #8);
#16307 = POLY_LOOP('', (#2504, #2509, #2505));
#16308 = FACE_OUTER_BOUND('', #16307, .T.);
#16309 = FACETED_BREP_SHAPE_REPRESENTATION('', (#16308), #8);
#16310 = POLY_LOOP('', (#2506, #2511, #2510));
#16311 = FACE_OUTER_BOUND('', #16310, .T.);
#16312 = FACETED_BREP_SHAPE_REPRESENTATION('', (#16311), #8);
#16313 = POLY_LOOP('', (#2506, #2507, #2511));
#16314 = FACE_OUTER_BOUND('', #16313, .T.);
#16315 = FACETED_BREP_SHAPE_REPRESENTATION('', (#16314), #8);
#16316 = POLY_LOOP('', (#2504, #2510, #2508));
#16317 = FACE_OUTER_BOUND('', #16316, .T.);
#16318 = FACETED_BREP_SHAPE_REPRESENTATION('', (#16317), #8);
#16319 = POLY_LOOP('', (#2504, #2506, #2510));
#16320 = FACE_OUTER_BOUND('', #16319, .T.);
#16321 = FACETED_BREP_SHAPE_REPRESENTATION('', (#16320), #8);
#16322 = POLY_LOOP('', (#2505, #2509, #2511));
#16323 = FACE_OUTER_BOUND('', #16322, .T.);
#16324 = FACETED_BREP_SHAPE_REPRESENTATION('', (#16323), #8);
#16325 = POLY_LOOP('', (#2505, #2511, #2507));
#16326 = FACE_OUTER_BOUND('', #16325, .T.);
#16327 = FACETED_BREP_SHAPE_REPRESENTATION('', (#16326), #8);
#16328 = POLY_LOOP('', (#2508, #2512, #2513));
#16329 = FACE_OUTER_BOUND('', #16328, .T.);
#16330 = FACETED_BREP_SHAPE_REPRESENTATION('', (#16329), #8);
#16331 = POLY_LOOP('', (#2508, #2513, #2509));
#16332 = FACE_OUTER_BOUND('', #16331, .T.);
#16333 = FACETED_BREP_SHAPE_REPRESENTATION('', (#16332), #8);
#16334 = POLY_LOOP('', (#2510, #2515, #2514));
#16335 = FACE_OUTER_BOUND('', #16334, .T.);
#16336 = FACETED_BREP_SHAPE_REPRESENTATION('', (#16335), #8);
#16337 = POLY_LOOP('', (#2510, #2511, #2515));
#16338 = FACE_OUTER_BOUND('', #16337, .T.);
#16339 = FACETED_BREP_SHAPE_REPRESENTATION('', (#16338), #8);
#16340 = POLY_LOOP('', (#2508, #2514, #2512));
#16341 = FACE_OUTER_BOUND('', #16340, .T.);
#16342 = FACETED_BREP_SHAPE_REPRESENTATION('', (#16341), #8);
#16343 = POLY_LOOP('', (#2508, #2510, #2514));
#16344 = FACE_OUTER_BOUND('', #16343, .T.);
#16345 = FACETED_BREP_SHAPE_REPRESENTATION('', (#16344), #8);
#16346 = POLY_LOOP('', (#2509, #2513, #2515));
#16347 = FACE_OUTER_BOUND('', #16346, .T.);
#16348 = FACETED_BREP_SHAPE_REPRESENTATION('', (#16347), #8);
#16349 = POLY_LOOP('', (#2509, #2515, #2511));
#16350 = FACE_OUTER_BOUND('', #16349, .T.);
#16351 = FACETED_BREP_SHAPE_REPRESENTATION('', (#16350), #8);
#16352 = POLY_LOOP('', (#2512, #2516, #2517));
#16353 = FACE_OUTER_BOUND('', #16352, .T.);
#16354 = FACETED_BREP_SHAPE_REPRESENTATION('', (#16353), #8);
#16355 = POLY_LOOP('', (#2512, #2517, #2513));
#16356 = FACE_OUTER_BOUND('', #16355, .T.);
#16357 = FACETED_BREP_SHAPE_REPRESENTATION('', (#16356), #8);
#16358 = POLY_LOOP('', (#2514, #2519, #2518));
#16359 = FACE_OUTER_BOUND('', #16358, .T.);
#16360 = FACETED_BREP_SHAPE_REPRESENTATION('', (#16359), #8);
#16361 = POLY_LOOP('', (#2514, #2515, #2519));
#16362 = FACE_OUTER_BOUND('', #16361, .T.);
#16363 = FACETED_BREP_SHAPE_REPRESENTATION('', (#16362), #8);
#16364 = POLY_LOOP('', (#2512, #2518, #2516));
#16365 = FACE_OUTER_BOUND('', #16364, .T.);
#16366 = FACETED_BREP_SHAPE_REPRESENTATION('', (#16365), #8);
#16367 = POLY_LOOP('', (#2512, #2514, #2518));
#16368 = FACE_OUTER_BOUND('', #16367, .T.);
#16369 = FACETED_BREP_SHAPE_REPRESENTATION('', (#16368), #8);
#16370 = POLY_LOOP('', (#2513, #2517, #2519));
#16371 = FACE_OUTER_BOUND('', #16370, .T.);
#16372 = FACETED_BREP_SHAPE_REPRESENTATION('', (#16371), #8);
#16373 = POLY_LOOP('', (#2513, #2519, #2515));
#16374 = FACE_OUTER_BOUND('', #16373, .T.);
#16375 = FACETED_BREP_SHAPE_REPRESENTATION('', (#16374), #8);
#16376 = POLY_LOOP('', (#2520, #2524, #2525));
#16377 = FACE_OUTER_BOUND('', #16376, .T.);
#16378 = FACETED_BREP_SHAPE_REPRESENTATION('', (#16377), #8);
#16379 = POLY_LOOP('', (#2520, #2525, #2521));
#16380 = FACE_OUTER_BOUND('', #16379, .T.);
#16381 = FACETED_BREP_SHAPE_REPRESENTATION('', (#16380), #8);
#16382 = POLY_LOOP('', (#2522, #2527, #2526));
#16383 = FACE_OUTER_BOUND('', #16382, .T.);
#16384 = FACETED_BREP_SHAPE_REPRESENTATION('', (#16383), #8);
#16385 = POLY_LOOP('', (#2522, #2523, #2527));
#16386 = FACE_OUTER_BOUND('', #16385, .T.);
#16387 = FACETED_BREP_SHAPE_REPRESENTATION('', (#16386), #8);
#16388 = POLY_LOOP('', (#2520, #2526, #2524));
#16389 = FACE_OUTER_BOUND('', #16388, .T.);
#16390 = FACETED_BREP_SHAPE_REPRESENTATION('', (#16389), #8);
#16391 = POLY_LOOP('', (#2520, #2522, #2526));
#16392 = FACE_OUTER_BOUND('', #16391, .T.);
#16393 = FACETED_BREP_SHAPE_REPRESENTATION('', (#16392), #8);
#16394 = POLY_LOOP('', (#2521, #2525, #2527));
#16395 = FACE_OUTER_BOUND('', #16394, .T.);
#16396 = FACETED_BREP_SHAPE_REPRESENTATION('', (#16395), #8);
#16397 = POLY_LOOP('', (#2521, #2527, #2523));
#16398 = FACE_OUTER_BOUND('', #16397, .T.);
#16399 = FACETED_BREP_SHAPE_REPRESENTATION('', (#16398), #8);
#16400 = POLY_LOOP('', (#2524, #2528, #2529));
#16401 = FACE_OUTER_BOUND('', #16400, .T.);
#16402 = FACETED_BREP_SHAPE_REPRESENTATION('', (#16401), #8);
#16403 = POLY_LOOP('', (#2524, #2529, #2525));
#16404 = FACE_OUTER_BOUND('', #16403, .T.);
#16405 = FACETED_BREP_SHAPE_REPRESENTATION('', (#16404), #8);
#16406 = POLY_LOOP('', (#2526, #2531, #2530));
#16407 = FACE_OUTER_BOUND('', #16406, .T.);
#16408 = FACETED_BREP_SHAPE_REPRESENTATION('', (#16407), #8);
#16409 = POLY_LOOP('', (#2526, #2527, #2531));
#16410 = FACE_OUTER_BOUND('', #16409, .T.);
#16411 = FACETED_BREP_SHAPE_REPRESENTATION('', (#16410), #8);
#16412 = POLY_LOOP('', (#2524, #2530, #2528));
#16413 = FACE_OUTER_BOUND('', #16412, .T.);
#16414 = FACETED_BREP_SHAPE_REPRESENTATION('', (#16413), #8);
#16415 = POLY_LOOP('', (#2524, #2526, #2530));
#16416 = FACE_OUTER_BOUND('', #16415, .T.);
#16417 = FACETED_BREP_SHAPE_REPRESENTATION('', (#16416), #8);
#16418 = POLY_LOOP('', (#2525, #2529, #2531));
#16419 = FACE_OUTER_BOUND('', #16418, .T.);
#16420 = FACETED_BREP_SHAPE_REPRESENTATION('', (#16419), #8);
#16421 = POLY_LOOP('', (#2525, #2531, #2527));
#16422 = FACE_OUTER_BOUND('', #16421, .T.);
#16423 = FACETED_BREP_SHAPE_REPRESENTATION('', (#16422), #8);
#16424 = POLY_LOOP('', (#2528, #2532, #2533));
#16425 = FACE_OUTER_BOUND('', #16424, .T.);
#16426 = FACETED_BREP_SHAPE_REPRESENTATION('', (#16425), #8);
#16427 = POLY_LOOP('', (#2528, #2533, #2529));
#16428 = FACE_OUTER_BOUND('', #16427, .T.);
#16429 = FACETED_BREP_SHAPE_REPRESENTATION('', (#16428), #8);
#16430 = POLY_LOOP('', (#2530, #2535, #2534));
#16431 = FACE_OUTER_BOUND('', #16430, .T.);
#16432 = FACETED_BREP_SHAPE_REPRESENTATION('', (#16431), #8);
#16433 = POLY_LOOP('', (#2530, #2531, #2535));
#16434 = FACE_OUTER_BOUND('', #16433, .T.);
#16435 = FACETED_BREP_SHAPE_REPRESENTATION('', (#16434), #8);
#16436 = POLY_LOOP('', (#2528, #2534, #2532));
#16437 = FACE_OUTER_BOUND('', #16436, .T.);
#16438 = FACETED_BREP_SHAPE_REPRESENTATION('', (#16437), #8);
#16439 = POLY_LOOP('', (#2528, #2530, #2534));
#16440 = FACE_OUTER_BOUND('', #16439, .T.);
#16441 = FACETED_BREP_SHAPE_REPRESENTATION('', (#16440), #8);
#16442 = POLY_LOOP('', (#2529, #2533, #2535));
#16443 = FACE_OUTER_BOUND('', #16442, .T.);
#16444 = FACETED_BREP_SHAPE_REPRESENTATION('', (#16443), #8);
#16445 = POLY_LOOP('', (#2529, #2535, #2531));
#16446 = FACE_OUTER_BOUND('', #16445, .T.);
#16447 = FACETED_BREP_SHAPE_REPRESENTATION('', (#16446), #8);
#16448 = POLY_LOOP('', (#2532, #2536, #2537));
#16449 = FACE_OUTER_BOUND('', #16448, .T.);
#16450 = FACETED_BREP_SHAPE_REPRESENTATION('', (#16449), #8);
#16451 = POLY_LOOP('', (#2532, #2537, #2533));
#16452 = FACE_OUTER_BOUND('', #16451, .T.);
#16453 = FACETED_BREP_SHAPE_REPRESENTATION('', (#16452), #8);
#16454 = POLY_LOOP('', (#2534, #2539, #2538));
#16455 = FACE_OUTER_BOUND('', #16454, .T.);
#16456 = FACETED_BREP_SHAPE_REPRESENTATION('', (#16455), #8);
#16457 = POLY_LOOP('', (#2534, #2535, #2539));
#16458 = FACE_OUTER_BOUND('', #16457, .T.);
#16459 = FACETED_BREP_SHAPE_REPRESENTATION('', (#16458), #8);
#16460 = POLY_LOOP('', (#2532, #2538, #2536));
#16461 = FACE_OUTER_BOUND('', #16460, .T.);
#16462 = FACETED_BREP_SHAPE_REPRESENTATION('', (#16461), #8);
#16463 = POLY_LOOP('', (#2532, #2534, #2538));
#16464 = FACE_OUTER_BOUND('', #16463, .T.);
#16465 = FACETED_BREP_SHAPE_REPRESENTATION('', (#16464), #8);
#16466 = POLY_LOOP('', (#2533, #2537, #2539));
#16467 = FACE_OUTER_BOUND('', #16466, .T.);
#16468 = FACETED_BREP_SHAPE_REPRESENTATION('', (#16467), #8);
#16469 = POLY_LOOP('', (#2533, #2539, #2535));
#16470 = FACE_OUTER_BOUND('', #16469, .T.);
#16471 = FACETED_BREP_SHAPE_REPRESENTATION('', (#16470), #8);
#16472 = POLY_LOOP('', (#2536, #2540, #2541));
#16473 = FACE_OUTER_BOUND('', #16472, .T.);
#16474 = FACETED_BREP_SHAPE_REPRESENTATION('', (#16473), #8);
#16475 = POLY_LOOP('', (#2536, #2541, #2537));
#16476 = FACE_OUTER_BOUND('', #16475, .T.);
#16477 = FACETED_BREP_SHAPE_REPRESENTATION('', (#16476), #8);
#16478 = POLY_LOOP('', (#2538, #2543, #2542));
#16479 = FACE_OUTER_BOUND('', #16478, .T.);
#16480 = FACETED_BREP_SHAPE_REPRESENTATION('', (#16479), #8);
#16481 = POLY_LOOP('', (#2538, #2539, #2543));
#16482 = FACE_OUTER_BOUND('', #16481, .T.);
#16483 = FACETED_BREP_SHAPE_REPRESENTATION('', (#16482), #8);
#16484 = POLY_LOOP('', (#2536, #2542, #2540));
#16485 = FACE_OUTER_BOUND('', #16484, .T.);
#16486 = FACETED_BREP_SHAPE_REPRESENTATION('', (#16485), #8);
#16487 = POLY_LOOP('', (#2536, #2538, #2542));
#16488 = FACE_OUTER_BOUND('', #16487, .T.);
#16489 = FACETED_BREP_SHAPE_REPRESENTATION('', (#16488), #8);
#16490 = POLY_LOOP('', (#2537, #2541, #2543));
#16491 = FACE_OUTER_BOUND('', #16490, .T.);
#16492 = FACETED_BREP_SHAPE_REPRESENTATION('', (#16491), #8);
#16493 = POLY_LOOP('', (#2537, #2543, #2539));
#16494 = FACE_OUTER_BOUND('', #16493, .T.);
#16495 = FACETED_BREP_SHAPE_REPRESENTATION('', (#16494), #8);
#16496 = POLY_LOOP('', (#2540, #2544, #2545));
#16497 = FACE_OUTER_BOUND('', #16496, .T.);
#16498 = FACETED_BREP_SHAPE_REPRESENTATION('', (#16497), #8);
#16499 = POLY_LOOP('', (#2540, #2545, #2541));
#16500 = FACE_OUTER_BOUND('', #16499, .T.);
#16501 = FACETED_BREP_SHAPE_REPRESENTATION('', (#16500), #8);
#16502 = POLY_LOOP('', (#2542, #2547, #2546));
#16503 = FACE_OUTER_BOUND('', #16502, .T.);
#16504 = FACETED_BREP_SHAPE_REPRESENTATION('', (#16503), #8);
#16505 = POLY_LOOP('', (#2542, #2543, #2547));
#16506 = FACE_OUTER_BOUND('', #16505, .T.);
#16507 = FACETED_BREP_SHAPE_REPRESENTATION('', (#16506), #8);
#16508 = POLY_LOOP('', (#2540, #2546, #2544));
#16509 = FACE_OUTER_BOUND('', #16508, .T.);
#16510 = FACETED_BREP_SHAPE_REPRESENTATION('', (#16509), #8);
#16511 = POLY_LOOP('', (#2540, #2542, #2546));
#16512 = FACE_OUTER_BOUND('', #16511, .T.);
#16513 = FACETED_BREP_SHAPE_REPRESENTATION('', (#16512), #8);
#16514 = POLY_LOOP('', (#2541, #2545, #2547));
#16515 = FACE_OUTER_BOUND('', #16514, .T.);
#16516 = FACETED_BREP_SHAPE_REPRESENTATION('', (#16515), #8);
#16517 = POLY_LOOP('', (#2541, #2547, #2543));
#16518 = FACE_OUTER_BOUND('', #16517, .T.);
#16519 = FACETED_BREP_SHAPE_REPRESENTATION('', (#16518), #8);
#16520 = POLY_LOOP('', (#2544, #2548, #2549));
#16521 = FACE_OUTER_BOUND('', #16520, .T.);
#16522 = FACETED_BREP_SHAPE_REPRESENTATION('', (#16521), #8);
#16523 = POLY_LOOP('', (#2544, #2549, #2545));
#16524 = FACE_OUTER_BOUND('', #16523, .T.);
#16525 = FACETED_BREP_SHAPE_REPRESENTATION('', (#16524), #8);
#16526 = POLY_LOOP('', (#2546, #2551, #2550));
#16527 = FACE_OUTER_BOUND('', #16526, .T.);
#16528 = FACETED_BREP_SHAPE_REPRESENTATION('', (#16527), #8);
#16529 = POLY_LOOP('', (#2546, #2547, #2551));
#16530 = FACE_OUTER_BOUND('', #16529, .T.);
#16531 = FACETED_BREP_SHAPE_REPRESENTATION('', (#16530), #8);
#16532 = POLY_LOOP('', (#2544, #2550, #2548));
#16533 = FACE_OUTER_BOUND('', #16532, .T.);
#16534 = FACETED_BREP_SHAPE_REPRESENTATION('', (#16533), #8);
#16535 = POLY_LOOP('', (#2544, #2546, #2550));
#16536 = FACE_OUTER_BOUND('', #16535, .T.);
#16537 = FACETED_BREP_SHAPE_REPRESENTATION('', (#16536), #8);
#16538 = POLY_LOOP('', (#2545, #2549, #2551));
#16539 = FACE_OUTER_BOUND('', #16538, .T.);
#16540 = FACETED_BREP_SHAPE_REPRESENTATION('', (#16539), #8);
#16541 = POLY_LOOP('', (#2545, #2551, #2547));
#16542 = FACE_OUTER_BOUND('', #16541, .T.);
#16543 = FACETED_BREP_SHAPE_REPRESENTATION('', (#16542), #8);
#16544 = POLY_LOOP('', (#2548, #2552, #2553));
#16545 = FACE_OUTER_BOUND('', #16544, .T.);
#16546 = FACETED_BREP_SHAPE_REPRESENTATION('', (#16545), #8);
#16547 = POLY_LOOP('', (#2548, #2553, #2549));
#16548 = FACE_OUTER_BOUND('', #16547, .T.);
#16549 = FACETED_BREP_SHAPE_REPRESENTATION('', (#16548), #8);
#16550 = POLY_LOOP('', (#2550, #2555, #2554));
#16551 = FACE_OUTER_BOUND('', #16550, .T.);
#16552 = FACETED_BREP_SHAPE_REPRESENTATION('', (#16551), #8);
#16553 = POLY_LOOP('', (#2550, #2551, #2555));
#16554 = FACE_OUTER_BOUND('', #16553, .T.);
#16555 = FACETED_BREP_SHAPE_REPRESENTATION('', (#16554), #8);
#16556 = POLY_LOOP('', (#2548, #2554, #2552));
#16557 = FACE_OUTER_BOUND('', #16556, .T.);
#16558 = FACETED_BREP_SHAPE_REPRESENTATION('', (#16557), #8);
#16559 = POLY_LOOP('', (#2548, #2550, #2554));
#16560 = FACE_OUTER_BOUND('', #16559, .T.);
#16561 = FACETED_BREP_SHAPE_REPRESENTATION('', (#16560), #8);
#16562 = POLY_LOOP('', (#2549, #2553, #2555));
#16563 = FACE_OUTER_BOUND('', #16562, .T.);
#16564 = FACETED_BREP_SHAPE_REPRESENTATION('', (#16563), #8);
#16565 = POLY_LOOP('', (#2549, #2555, #2551));
#16566 = FACE_OUTER_BOUND('', #16565, .T.);
#16567 = FACETED_BREP_SHAPE_REPRESENTATION('', (#16566), #8);
#16568 = POLY_LOOP('', (#2552, #2556, #2557));
#16569 = FACE_OUTER_BOUND('', #16568, .T.);
#16570 = FACETED_BREP_SHAPE_REPRESENTATION('', (#16569), #8);
#16571 = POLY_LOOP('', (#2552, #2557, #2553));
#16572 = FACE_OUTER_BOUND('', #16571, .T.);
#16573 = FACETED_BREP_SHAPE_REPRESENTATION('', (#16572), #8);
#16574 = POLY_LOOP('', (#2554, #2559, #2558));
#16575 = FACE_OUTER_BOUND('', #16574, .T.);
#16576 = FACETED_BREP_SHAPE_REPRESENTATION('', (#16575), #8);
#16577 = POLY_LOOP('', (#2554, #2555, #2559));
#16578 = FACE_OUTER_BOUND('', #16577, .T.);
#16579 = FACETED_BREP_SHAPE_REPRESENTATION('', (#16578), #8);
#16580 = POLY_LOOP('', (#2552, #2558, #2556));
#16581 = FACE_OUTER_BOUND('', #16580, .T.);
#16582 = FACETED_BREP_SHAPE_REPRESENTATION('', (#16581), #8);
#16583 = POLY_LOOP('', (#2552, #2554, #2558));
#16584 = FACE_OUTER_BOUND('', #16583, .T.);
#16585 = FACETED_BREP_SHAPE_REPRESENTATION('', (#16584), #8);
#16586 = POLY_LOOP('', (#2553, #2557, #2559));
#16587 = FACE_OUTER_BOUND('', #16586, .T.);
#16588 = FACETED_BREP_SHAPE_REPRESENTATION('', (#16587), #8);
#16589 = POLY_LOOP('', (#2553, #2559, #2555));
#16590 = FACE_OUTER_BOUND('', #16589, .T.);
#16591 = FACETED_BREP_SHAPE_REPRESENTATION('', (#16590), #8);
#16592 = POLY_LOOP('', (#2556, #2560, #2561));
#16593 = FACE_OUTER_BOUND('', #16592, .T.);
#16594 = FACETED_BREP_SHAPE_REPRESENTATION('', (#16593), #8);
#16595 = POLY_LOOP('', (#2556, #2561, #2557));
#16596 = FACE_OUTER_BOUND('', #16595, .T.);
#16597 = FACETED_BREP_SHAPE_REPRESENTATION('', (#16596), #8);
#16598 = POLY_LOOP('', (#2558, #2563, #2562));
#16599 = FACE_OUTER_BOUND('', #16598, .T.);
#16600 = FACETED_BREP_SHAPE_REPRESENTATION('', (#16599), #8);
#16601 = POLY_LOOP('', (#2558, #2559, #2563));
#16602 = FACE_OUTER_BOUND('', #16601, .T.);
#16603 = FACETED_BREP_SHAPE_REPRESENTATION('', (#16602), #8);
#16604 = POLY_LOOP('', (#2556, #2562, #2560));
#16605 = FACE_OUTER_BOUND('', #16604, .T.);
#16606 = FACETED_BREP_SHAPE_REPRESENTATION('', (#16605), #8);
#16607 = POLY_LOOP('', (#2556, #2558, #2562));
#16608 = FACE_OUTER_BOUND('', #16607, .T.);
#16609 = FACETED_BREP_SHAPE_REPRESENTATION('', (#16608), #8);
#16610 = POLY_LOOP('', (#2557, #2561, #2563));
#16611 = FACE_OUTER_BOUND('', #16610, .T.);
#16612 = FACETED_BREP_SHAPE_REPRESENTATION('', (#16611), #8);
#16613 = POLY_LOOP('', (#2557, #2563, #2559));
#16614 = FACE_OUTER_BOUND('', #16613, .T.);
#16615 = FACETED_BREP_SHAPE_REPRESENTATION('', (#16614), #8);
#16616 = POLY_LOOP('', (#2564, #2568, #2569));
#16617 = FACE_OUTER_BOUND('', #16616, .T.);
#16618 = FACETED_BREP_SHAPE_REPRESENTATION('', (#16617), #8);
#16619 = POLY_LOOP('', (#2564, #2569, #2565));
#16620 = FACE_OUTER_BOUND('', #16619, .T.);
#16621 = FACETED_BREP_SHAPE_REPRESENTATION('', (#16620), #8);
#16622 = POLY_LOOP('', (#2566, #2571, #2570));
#16623 = FACE_OUTER_BOUND('', #16622, .T.);
#16624 = FACETED_BREP_SHAPE_REPRESENTATION('', (#16623), #8);
#16625 = POLY_LOOP('', (#2566, #2567, #2571));
#16626 = FACE_OUTER_BOUND('', #16625, .T.);
#16627 = FACETED_BREP_SHAPE_REPRESENTATION('', (#16626), #8);
#16628 = POLY_LOOP('', (#2564, #2570, #2568));
#16629 = FACE_OUTER_BOUND('', #16628, .T.);
#16630 = FACETED_BREP_SHAPE_REPRESENTATION('', (#16629), #8);
#16631 = POLY_LOOP('', (#2564, #2566, #2570));
#16632 = FACE_OUTER_BOUND('', #16631, .T.);
#16633 = FACETED_BREP_SHAPE_REPRESENTATION('', (#16632), #8);
#16634 = POLY_LOOP('', (#2565, #2569, #2571));
#16635 = FACE_OUTER_BOUND('', #16634, .T.);
#16636 = FACETED_BREP_SHAPE_REPRESENTATION('', (#16635), #8);
#16637 = POLY_LOOP('', (#2565, #2571, #2567));
#16638 = FACE_OUTER_BOUND('', #16637, .T.);
#16639 = FACETED_BREP_SHAPE_REPRESENTATION('', (#16638), #8);
#16640 = POLY_LOOP('', (#2568, #2572, #2573));
#16641 = FACE_OUTER_BOUND('', #16640, .T.);
#16642 = FACETED_BREP_SHAPE_REPRESENTATION('', (#16641), #8);
#16643 = POLY_LOOP('', (#2568, #2573, #2569));
#16644 = FACE_OUTER_BOUND('', #16643, .T.);
#16645 = FACETED_BREP_SHAPE_REPRESENTATION('', (#16644), #8);
#16646 = POLY_LOOP('', (#2570, #2575, #2574));
#16647 = FACE_OUTER_BOUND('', #16646, .T.);
#16648 = FACETED_BREP_SHAPE_REPRESENTATION('', (#16647), #8);
#16649 = POLY_LOOP('', (#2570, #2571, #2575));
#16650 = FACE_OUTER_BOUND('', #16649, .T.);
#16651 = FACETED_BREP_SHAPE_REPRESENTATION('', (#16650), #8);
#16652 = POLY_LOOP('', (#2568, #2574, #2572));
#16653 = FACE_OUTER_BOUND('', #16652, .T.);
#16654 = FACETED_BREP_SHAPE_REPRESENTATION('', (#16653), #8);
#16655 = POLY_LOOP('', (#2568, #2570, #2574));
#16656 = FACE_OUTER_BOUND('', #16655, .T.);
#16657 = FACETED_BREP_SHAPE_REPRESENTATION('', (#16656), #8);
#16658 = POLY_LOOP('', (#2569, #2573, #2575));
#16659 = FACE_OUTER_BOUND('', #16658, .T.);
#16660 = FACETED_BREP_SHAPE_REPRESENTATION('', (#16659), #8);
#16661 = POLY_LOOP('', (#2569, #2575, #2571));
#16662 = FACE_OUTER_BOUND('', #16661, .T.);
#16663 = FACETED_BREP_SHAPE_REPRESENTATION('', (#16662), #8);
#16664 = POLY_LOOP('', (#2572, #2576, #2577));
#16665 = FACE_OUTER_BOUND('', #16664, .T.);
#16666 = FACETED_BREP_SHAPE_REPRESENTATION('', (#16665), #8);
#16667 = POLY_LOOP('', (#2572, #2577, #2573));
#16668 = FACE_OUTER_BOUND('', #16667, .T.);
#16669 = FACETED_BREP_SHAPE_REPRESENTATION('', (#16668), #8);
#16670 = POLY_LOOP('', (#2574, #2579, #2578));
#16671 = FACE_OUTER_BOUND('', #16670, .T.);
#16672 = FACETED_BREP_SHAPE_REPRESENTATION('', (#16671), #8);
#16673 = POLY_LOOP('', (#2574, #2575, #2579));
#16674 = FACE_OUTER_BOUND('', #16673, .T.);
#16675 = FACETED_BREP_SHAPE_REPRESENTATION('', (#16674), #8);
#16676 = POLY_LOOP('', (#2572, #2578, #2576));
#16677 = FACE_OUTER_BOUND('', #16676, .T.);
#16678 = FACETED_BREP_SHAPE_REPRESENTATION('', (#16677), #8);
#16679 = POLY_LOOP('', (#2572, #2574, #2578));
#16680 = FACE_OUTER_BOUND('', #16679, .T.);
#16681 = FACETED_BREP_SHAPE_REPRESENTATION('', (#16680), #8);
#16682 = POLY_LOOP('', (#2573, #2577, #2579));
#16683 = FACE_OUTER_BOUND('', #16682, .T.);
#16684 = FACETED_BREP_SHAPE_REPRESENTATION('', (#16683), #8);
#16685 = POLY_LOOP('', (#2573, #2579, #2575));
#16686 = FACE_OUTER_BOUND('', #16685, .T.);
#16687 = FACETED_BREP_SHAPE_REPRESENTATION('', (#16686), #8);
#16688 = POLY_LOOP('', (#2576, #2580, #2581));
#16689 = FACE_OUTER_BOUND('', #16688, .T.);
#16690 = FACETED_BREP_SHAPE_REPRESENTATION('', (#16689), #8);
#16691 = POLY_LOOP('', (#2576, #2581, #2577));
#16692 = FACE_OUTER_BOUND('', #16691, .T.);
#16693 = FACETED_BREP_SHAPE_REPRESENTATION('', (#16692), #8);
#16694 = POLY_LOOP('', (#2578, #2583, #2582));
#16695 = FACE_OUTER_BOUND('', #16694, .T.);
#16696 = FACETED_BREP_SHAPE_REPRESENTATION('', (#16695), #8);
#16697 = POLY_LOOP('', (#2578, #2579, #2583));
#16698 = FACE_OUTER_BOUND('', #16697, .T.);
#16699 = FACETED_BREP_SHAPE_REPRESENTATION('', (#16698), #8);
#16700 = POLY_LOOP('', (#2576, #2582, #2580));
#16701 = FACE_OUTER_BOUND('', #16700, .T.);
#16702 = FACETED_BREP_SHAPE_REPRESENTATION('', (#16701), #8);
#16703 = POLY_LOOP('', (#2576, #2578, #2582));
#16704 = FACE_OUTER_BOUND('', #16703, .T.);
#16705 = FACETED_BREP_SHAPE_REPRESENTATION('', (#16704), #8);
#16706 = POLY_LOOP('', (#2577, #2581, #2583));
#16707 = FACE_OUTER_BOUND('', #16706, .T.);
#16708 = FACETED_BREP_SHAPE_REPRESENTATION('', (#16707), #8);
#16709 = POLY_LOOP('', (#2577, #2583, #2579));
#16710 = FACE_OUTER_BOUND('', #16709, .T.);
#16711 = FACETED_BREP_SHAPE_REPRESENTATION('', (#16710), #8);
#16712 = POLY_LOOP('', (#2580, #2584, #2585));
#16713 = FACE_OUTER_BOUND('', #16712, .T.);
#16714 = FACETED_BREP_SHAPE_REPRESENTATION('', (#16713), #8);
#16715 = POLY_LOOP('', (#2580, #2585, #2581));
#16716 = FACE_OUTER_BOUND('', #16715, .T.);
#16717 = FACETED_BREP_SHAPE_REPRESENTATION('', (#16716), #8);
#16718 = POLY_LOOP('', (#2582, #2587, #2586));
#16719 = FACE_OUTER_BOUND('', #16718, .T.);
#16720 = FACETED_BREP_SHAPE_REPRESENTATION('', (#16719), #8);
#16721 = POLY_LOOP('', (#2582, #2583, #2587));
#16722 = FACE_OUTER_BOUND('', #16721, .T.);
#16723 = FACETED_BREP_SHAPE_REPRESENTATION('', (#16722), #8);
#16724 = POLY_LOOP('', (#2580, #2586, #2584));
#16725 = FACE_OUTER_BOUND('', #16724, .T.);
#16726 = FACETED_BREP_SHAPE_REPRESENTATION('', (#16725), #8);
#16727 = POLY_LOOP('', (#2580, #2582, #2586));
#16728 = FACE_OUTER_BOUND('', #16727, .T.);
#16729 = FACETED_BREP_SHAPE_REPRESENTATION('', (#16728), #8);
#16730 = POLY_LOOP('', (#2581, #2585, #2587));
#16731 = FACE_OUTER_BOUND('', #16730, .T.);
#16732 = FACETED_BREP_SHAPE_REPRESENTATION('', (#16731), #8);
#16733 = POLY_LOOP('', (#2581, #2587, #2583));
#16734 = FACE_OUTER_BOUND('', #16733, .T.);
#16735 = FACETED_BREP_SHAPE_REPRESENTATION('', (#16734), #8);
#16736 = POLY_LOOP('', (#2584, #2588, #2589));
#16737 = FACE_OUTER_BOUND('', #16736, .T.);
#16738 = FACETED_BREP_SHAPE_REPRESENTATION('', (#16737), #8);
#16739 = POLY_LOOP('', (#2584, #2589, #2585));
#16740 = FACE_OUTER_BOUND('', #16739, .T.);
#16741 = FACETED_BREP_SHAPE_REPRESENTATION('', (#16740), #8);
#16742 = POLY_LOOP('', (#2586, #2591, #2590));
#16743 = FACE_OUTER_BOUND('', #16742, .T.);
#16744 = FACETED_BREP_SHAPE_REPRESENTATION('', (#16743), #8);
#16745 = POLY_LOOP('', (#2586, #2587, #2591));
#16746 = FACE_OUTER_BOUND('', #16745, .T.);
#16747 = FACETED_BREP_SHAPE_REPRESENTATION('', (#16746), #8);
#16748 = POLY_LOOP('', (#2584, #2590, #2588));
#16749 = FACE_OUTER_BOUND('', #16748, .T.);
#16750 = FACETED_BREP_SHAPE_REPRESENTATION('', (#16749), #8);
#16751 = POLY_LOOP('', (#2584, #2586, #2590));
#16752 = FACE_OUTER_BOUND('', #16751, .T.);
#16753 = FACETED_BREP_SHAPE_REPRESENTATION('', (#16752), #8);
#16754 = POLY_LOOP('', (#2585, #2589, #2591));
#16755 = FACE_OUTER_BOUND('', #16754, .T.);
#16756 = FACETED_BREP_SHAPE_REPRESENTATION('', (#16755), #8);
#16757 = POLY_LOOP('', (#2585, #2591, #2587));
#16758 = FACE_OUTER_BOUND('', #16757, .T.);
#16759 = FACETED_BREP_SHAPE_REPRESENTATION('', (#16758), #8);
#16760 = POLY_LOOP('', (#2588, #2592, #2593));
#16761 = FACE_OUTER_BOUND('', #16760, .T.);
#16762 = FACETED_BREP_SHAPE_REPRESENTATION('', (#16761), #8);
#16763 = POLY_LOOP('', (#2588, #2593, #2589));
#16764 = FACE_OUTER_BOUND('', #16763, .T.);
#16765 = FACETED_BREP_SHAPE_REPRESENTATION('', (#16764), #8);
#16766 = POLY_LOOP('', (#2590, #2595, #2594));
#16767 = FACE_OUTER_BOUND('', #16766, .T.);
#16768 = FACETED_BREP_SHAPE_REPRESENTATION('', (#16767), #8);
#16769 = POLY_LOOP('', (#2590, #2591, #2595));
#16770 = FACE_OUTER_BOUND('', #16769, .T.);
#16771 = FACETED_BREP_SHAPE_REPRESENTATION('', (#16770), #8);
#16772 = POLY_LOOP('', (#2588, #2594, #2592));
#16773 = FACE_OUTER_BOUND('', #16772, .T.);
#16774 = FACETED_BREP_SHAPE_REPRESENTATION('', (#16773), #8);
#16775 = POLY_LOOP('', (#2588, #2590, #2594));
#16776 = FACE_OUTER_BOUND('', #16775, .T.);
#16777 = FACETED_BREP_SHAPE_REPRESENTATION('', (#16776), #8);
#16778 = POLY_LOOP('', (#2589, #2593, #2595));
#16779 = FACE_OUTER_BOUND('', #16778, .T.);
#16780 = FACETED_BREP_SHAPE_REPRESENTATION('', (#16779), #8);
#16781 = POLY_LOOP('', (#2589, #2595, #2591));
#16782 = FACE_OUTER_BOUND('', #16781, .T.);
#16783 = FACETED_BREP_SHAPE_REPRESENTATION('', (#16782), #8);
#16784 = POLY_LOOP('', (#2592, #2596, #2597));
#16785 = FACE_OUTER_BOUND('', #16784, .T.);
#16786 = FACETED_BREP_SHAPE_REPRESENTATION('', (#16785), #8);
#16787 = POLY_LOOP('', (#2592, #2597, #2593));
#16788 = FACE_OUTER_BOUND('', #16787, .T.);
#16789 = FACETED_BREP_SHAPE_REPRESENTATION('', (#16788), #8);
#16790 = POLY_LOOP('', (#2594, #2599, #2598));
#16791 = FACE_OUTER_BOUND('', #16790, .T.);
#16792 = FACETED_BREP_SHAPE_REPRESENTATION('', (#16791), #8);
#16793 = POLY_LOOP('', (#2594, #2595, #2599));
#16794 = FACE_OUTER_BOUND('', #16793, .T.);
#16795 = FACETED_BREP_SHAPE_REPRESENTATION('', (#16794), #8);
#16796 = POLY_LOOP('', (#2592, #2598, #2596));
#16797 = FACE_OUTER_BOUND('', #16796, .T.);
#16798 = FACETED_BREP_SHAPE_REPRESENTATION('', (#16797), #8);
#16799 = POLY_LOOP('', (#2592, #2594, #2598));
#16800 = FACE_OUTER_BOUND('', #16799, .T.);
#16801 = FACETED_BREP_SHAPE_REPRESENTATION('', (#16800), #8);
#16802 = POLY_LOOP('', (#2593, #2597, #2599));
#16803 = FACE_OUTER_BOUND('', #16802, .T.);
#16804 = FACETED_BREP_SHAPE_REPRESENTATION('', (#16803), #8);
#16805 = POLY_LOOP('', (#2593, #2599, #2595));
#16806 = FACE_OUTER_BOUND('', #16805, .T.);
#16807 = FACETED_BREP_SHAPE_REPRESENTATION('', (#16806), #8);
#16808 = POLY_LOOP('', (#2596, #2600, #2601));
#16809 = FACE_OUTER_BOUND('', #16808, .T.);
#16810 = FACETED_BREP_SHAPE_REPRESENTATION('', (#16809), #8);
#16811 = POLY_LOOP('', (#2596, #2601, #2597));
#16812 = FACE_OUTER_BOUND('', #16811, .T.);
#16813 = FACETED_BREP_SHAPE_REPRESENTATION('', (#16812), #8);
#16814 = POLY_LOOP('', (#2598, #2603, #2602));
#16815 = FACE_OUTER_BOUND('', #16814, .T.);
#16816 = FACETED_BREP_SHAPE_REPRESENTATION('', (#16815), #8);
#16817 = POLY_LOOP('', (#2598, #2599, #2603));
#16818 = FACE_OUTER_BOUND('', #16817, .T.);
#16819 = FACETED_BREP_SHAPE_REPRESENTATION('', (#16818), #8);
#16820 = POLY_LOOP('', (#2596, #2602, #2600));
#16821 = FACE_OUTER_BOUND('', #16820, .T.);
#16822 = FACETED_BREP_SHAPE_REPRESENTATION('', (#16821), #8);
#16823 = POLY_LOOP('', (#2596, #2598, #2602));
#16824 = FACE_OUTER_BOUND('', #16823, .T.);
#16825 = FACETED_BREP_SHAPE_REPRESENTATION('', (#16824), #8);
#16826 = POLY_LOOP('', (#2597, #2601, #2603));
#16827 = FACE_OUTER_BOUND('', #16826, .T.);
#16828 = FACETED_BREP_SHAPE_REPRESENTATION('', (#16827), #8);
#16829 = POLY_LOOP('', (#2597, #2603, #2599));
#16830 = FACE_OUTER_BOUND('', #16829, .T.);
#16831 = FACETED_BREP_SHAPE_REPRESENTATION('', (#16830), #8);
#16832 = POLY_LOOP('', (#2600, #2604, #2605));
#16833 = FACE_OUTER_BOUND('', #16832, .T.);
#16834 = FACETED_BREP_SHAPE_REPRESENTATION('', (#16833), #8);
#16835 = POLY_LOOP('', (#2600, #2605, #2601));
#16836 = FACE_OUTER_BOUND('', #16835, .T.);
#16837 = FACETED_BREP_SHAPE_REPRESENTATION('', (#16836), #8);
#16838 = POLY_LOOP('', (#2602, #2607, #2606));
#16839 = FACE_OUTER_BOUND('', #16838, .T.);
#16840 = FACETED_BREP_SHAPE_REPRESENTATION('', (#16839), #8);
#16841 = POLY_LOOP('', (#2602, #2603, #2607));
#16842 = FACE_OUTER_BOUND('', #16841, .T.);
#16843 = FACETED_BREP_SHAPE_REPRESENTATION('', (#16842), #8);
#16844 = POLY_LOOP('', (#2600, #2606, #2604));
#16845 = FACE_OUTER_BOUND('', #16844, .T.);
#16846 = FACETED_BREP_SHAPE_REPRESENTATION('', (#16845), #8);
#16847 = POLY_LOOP('', (#2600, #2602, #2606));
#16848 = FACE_OUTER_BOUND('', #16847, .T.);
#16849 = FACETED_BREP_SHAPE_REPRESENTATION('', (#16848), #8);
#16850 = POLY_LOOP('', (#2601, #2605, #2607));
#16851 = FACE_OUTER_BOUND('', #16850, .T.);
#16852 = FACETED_BREP_SHAPE_REPRESENTATION('', (#16851), #8);
#16853 = POLY_LOOP('', (#2601, #2607, #2603));
#16854 = FACE_OUTER_BOUND('', #16853, .T.);
#16855 = FACETED_BREP_SHAPE_REPRESENTATION('', (#16854), #8);
#16856 = POLY_LOOP('', (#2608, #2612, #2613));
#16857 = FACE_OUTER_BOUND('', #16856, .T.);
#16858 = FACETED_BREP_SHAPE_REPRESENTATION('', (#16857), #8);
#16859 = POLY_LOOP('', (#2608, #2613, #2609));
#16860 = FACE_OUTER_BOUND('', #16859, .T.);
#16861 = FACETED_BREP_SHAPE_REPRESENTATION('', (#16860), #8);
#16862 = POLY_LOOP('', (#2610, #2615, #2614));
#16863 = FACE_OUTER_BOUND('', #16862, .T.);
#16864 = FACETED_BREP_SHAPE_REPRESENTATION('', (#16863), #8);
#16865 = POLY_LOOP('', (#2610, #2611, #2615));
#16866 = FACE_OUTER_BOUND('', #16865, .T.);
#16867 = FACETED_BREP_SHAPE_REPRESENTATION('', (#16866), #8);
#16868 = POLY_LOOP('', (#2608, #2614, #2612));
#16869 = FACE_OUTER_BOUND('', #16868, .T.);
#16870 = FACETED_BREP_SHAPE_REPRESENTATION('', (#16869), #8);
#16871 = POLY_LOOP('', (#2608, #2610, #2614));
#16872 = FACE_OUTER_BOUND('', #16871, .T.);
#16873 = FACETED_BREP_SHAPE_REPRESENTATION('', (#16872), #8);
#16874 = POLY_LOOP('', (#2609, #2613, #2615));
#16875 = FACE_OUTER_BOUND('', #16874, .T.);
#16876 = FACETED_BREP_SHAPE_REPRESENTATION('', (#16875), #8);
#16877 = POLY_LOOP('', (#2609, #2615, #2611));
#16878 = FACE_OUTER_BOUND('', #16877, .T.);
#16879 = FACETED_BREP_SHAPE_REPRESENTATION('', (#16878), #8);
#16880 = POLY_LOOP('', (#2612, #2616, #2617));
#16881 = FACE_OUTER_BOUND('', #16880, .T.);
#16882 = FACETED_BREP_SHAPE_REPRESENTATION('', (#16881), #8);
#16883 = POLY_LOOP('', (#2612, #2617, #2613));
#16884 = FACE_OUTER_BOUND('', #16883, .T.);
#16885 = FACETED_BREP_SHAPE_REPRESENTATION('', (#16884), #8);
#16886 = POLY_LOOP('', (#2614, #2619, #2618));
#16887 = FACE_OUTER_BOUND('', #16886, .T.);
#16888 = FACETED_BREP_SHAPE_REPRESENTATION('', (#16887), #8);
#16889 = POLY_LOOP('', (#2614, #2615, #2619));
#16890 = FACE_OUTER_BOUND('', #16889, .T.);
#16891 = FACETED_BREP_SHAPE_REPRESENTATION('', (#16890), #8);
#16892 = POLY_LOOP('', (#2612, #2618, #2616));
#16893 = FACE_OUTER_BOUND('', #16892, .T.);
#16894 = FACETED_BREP_SHAPE_REPRESENTATION('', (#16893), #8);
#16895 = POLY_LOOP('', (#2612, #2614, #2618));
#16896 = FACE_OUTER_BOUND('', #16895, .T.);
#16897 = FACETED_BREP_SHAPE_REPRESENTATION('', (#16896), #8);
#16898 = POLY_LOOP('', (#2613, #2617, #2619));
#16899 = FACE_OUTER_BOUND('', #16898, .T.);
#16900 = FACETED_BREP_SHAPE_REPRESENTATION('', (#16899), #8);
#16901 = POLY_LOOP('', (#2613, #2619, #2615));
#16902 = FACE_OUTER_BOUND('', #16901, .T.);
#16903 = FACETED_BREP_SHAPE_REPRESENTATION('', (#16902), #8);
#16904 = POLY_LOOP('', (#2616, #2620, #2621));
#16905 = FACE_OUTER_BOUND('', #16904, .T.);
#16906 = FACETED_BREP_SHAPE_REPRESENTATION('', (#16905), #8);
#16907 = POLY_LOOP('', (#2616, #2621, #2617));
#16908 = FACE_OUTER_BOUND('', #16907, .T.);
#16909 = FACETED_BREP_SHAPE_REPRESENTATION('', (#16908), #8);
#16910 = POLY_LOOP('', (#2618, #2623, #2622));
#16911 = FACE_OUTER_BOUND('', #16910, .T.);
#16912 = FACETED_BREP_SHAPE_REPRESENTATION('', (#16911), #8);
#16913 = POLY_LOOP('', (#2618, #2619, #2623));
#16914 = FACE_OUTER_BOUND('', #16913, .T.);
#16915 = FACETED_BREP_SHAPE_REPRESENTATION('', (#16914), #8);
#16916 = POLY_LOOP('', (#2616, #2622, #2620));
#16917 = FACE_OUTER_BOUND('', #16916, .T.);
#16918 = FACETED_BREP_SHAPE_REPRESENTATION('', (#16917), #8);
#16919 = POLY_LOOP('', (#2616, #2618, #2622));
#16920 = FACE_OUTER_BOUND('', #16919, .T.);
#16921 = FACETED_BREP_SHAPE_REPRESENTATION('', (#16920), #8);
#16922 = POLY_LOOP('', (#2617, #2621, #2623));
#16923 = FACE_OUTER_BOUND('', #16922, .T.);
#16924 = FACETED_BREP_SHAPE_REPRESENTATION('', (#16923), #8);
#16925 = POLY_LOOP('', (#2617, #2623, #2619));
#16926 = FACE_OUTER_BOUND('', #16925, .T.);
#16927 = FACETED_BREP_SHAPE_REPRESENTATION('', (#16926), #8);
#16928 = POLY_LOOP('', (#2620, #2624, #2625));
#16929 = FACE_OUTER_BOUND('', #16928, .T.);
#16930 = FACETED_BREP_SHAPE_REPRESENTATION('', (#16929), #8);
#16931 = POLY_LOOP('', (#2620, #2625, #2621));
#16932 = FACE_OUTER_BOUND('', #16931, .T.);
#16933 = FACETED_BREP_SHAPE_REPRESENTATION('', (#16932), #8);
#16934 = POLY_LOOP('', (#2622, #2627, #2626));
#16935 = FACE_OUTER_BOUND('', #16934, .T.);
#16936 = FACETED_BREP_SHAPE_REPRESENTATION('', (#16935), #8);
#16937 = POLY_LOOP('', (#2622, #2623, #2627));
#16938 = FACE_OUTER_BOUND('', #16937, .T.);
#16939 = FACETED_BREP_SHAPE_REPRESENTATION('', (#16938), #8);
#16940 = POLY_LOOP('', (#2620, #2626, #2624));
#16941 = FACE_OUTER_BOUND('', #16940, .T.);
#16942 = FACETED_BREP_SHAPE_REPRESENTATION('', (#16941), #8);
#16943 = POLY_LOOP('', (#2620, #2622, #2626));
#16944 = FACE_OUTER_BOUND('', #16943, .T.);
#16945 = FACETED_BREP_SHAPE_REPRESENTATION('', (#16944), #8);
#16946 = POLY_LOOP('', (#2621, #2625, #2627));
#16947 = FACE_OUTER_BOUND('', #16946, .T.);
#16948 = FACETED_BREP_SHAPE_REPRESENTATION('', (#16947), #8);
#16949 = POLY_LOOP('', (#2621, #2627, #2623));
#16950 = FACE_OUTER_BOUND('', #16949, .T.);
#16951 = FACETED_BREP_SHAPE_REPRESENTATION('', (#16950), #8);
#16952 = POLY_LOOP('', (#2624, #2628, #2629));
#16953 = FACE_OUTER_BOUND('', #16952, .T.);
#16954 = FACETED_BREP_SHAPE_REPRESENTATION('', (#16953), #8);
#16955 = POLY_LOOP('', (#2624, #2629, #2625));
#16956 = FACE_OUTER_BOUND('', #16955, .T.);
#16957 = FACETED_BREP_SHAPE_REPRESENTATION('', (#16956), #8);
#16958 = POLY_LOOP('', (#2626, #2631, #2630));
#16959 = FACE_OUTER_BOUND('', #16958, .T.);
#16960 = FACETED_BREP_SHAPE_REPRESENTATION('', (#16959), #8);
#16961 = POLY_LOOP('', (#2626, #2627, #2631));
#16962 = FACE_OUTER_BOUND('', #16961, .T.);
#16963 = FACETED_BREP_SHAPE_REPRESENTATION('', (#16962), #8);
#16964 = POLY_LOOP('', (#2624, #2630, #2628));
#16965 = FACE_OUTER_BOUND('', #16964, .T.);
#16966 = FACETED_BREP_SHAPE_REPRESENTATION('', (#16965), #8);
#16967 = POLY_LOOP('', (#2624, #2626, #2630));
#16968 = FACE_OUTER_BOUND('', #16967, .T.);
#16969 = FACETED_BREP_SHAPE_REPRESENTATION('', (#16968), #8);
#16970 = POLY_LOOP('', (#2625, #2629, #2631));
#16971 = FACE_OUTER_BOUND('', #16970, .T.);
#16972 = FACETED_BREP_SHAPE_REPRESENTATION('', (#16971), #8);
#16973 = POLY_LOOP('', (#2625, #2631, #2627));
#16974 = FACE_OUTER_BOUND('', #16973, .T.);
#16975 = FACETED_BREP_SHAPE_REPRESENTATION('', (#16974), #8);
#16976 = POLY_LOOP('', (#2628, #2632, #2633));
#16977 = FACE_OUTER_BOUND('', #16976, .T.);
#16978 = FACETED_BREP_SHAPE_REPRESENTATION('', (#16977), #8);
#16979 = POLY_LOOP('', (#2628, #2633, #2629));
#16980 = FACE_OUTER_BOUND('', #16979, .T.);
#16981 = FACETED_BREP_SHAPE_REPRESENTATION('', (#16980), #8);
#16982 = POLY_LOOP('', (#2630, #2635, #2634));
#16983 = FACE_OUTER_BOUND('', #16982, .T.);
#16984 = FACETED_BREP_SHAPE_REPRESENTATION('', (#16983), #8);
#16985 = POLY_LOOP('', (#2630, #2631, #2635));
#16986 = FACE_OUTER_BOUND('', #16985, .T.);
#16987 = FACETED_BREP_SHAPE_REPRESENTATION('', (#16986), #8);
#16988 = POLY_LOOP('', (#2628, #2634, #2632));
#16989 = FACE_OUTER_BOUND('', #16988, .T.);
#16990 = FACETED_BREP_SHAPE_REPRESENTATION('', (#16989), #8);
#16991 = POLY_LOOP('', (#2628, #2630, #2634));
#16992 = FACE_OUTER_BOUND('', #16991, .T.);
#16993 = FACETED_BREP_SHAPE_REPRESENTATION('', (#16992), #8);
#16994 = POLY_LOOP('', (#2629, #2633, #2635));
#16995 = FACE_OUTER_BOUND('', #16994, .T.);
#16996 = FACETED_BREP_SHAPE_REPRESENTATION('', (#16995), #8);
#16997 = POLY_LOOP('', (#2629, #2635, #2631));
#16998 = FACE_OUTER_BOUND('', #16997, .T.);
#16999 = FACETED_BREP_SHAPE_REPRESENTATION('', (#16998), #8);
#17000 = POLY_LOOP('', (#2632, #2636, #2637));
#17001 = FACE_OUTER_BOUND('', #17000, .T.);
#17002 = FACETED_BREP_SHAPE_REPRESENTATION('', (#17001), #8);
#17003 = POLY_LOOP('', (#2632, #2637, #2633));
#17004 = FACE_OUTER_BOUND('', #17003, .T.);
#17005 = FACETED_BREP_SHAPE_REPRESENTATION('', (#17004), #8);
#17006 = POLY_LOOP('', (#2634, #2639, #2638));
#17007 = FACE_OUTER_BOUND('', #17006, .T.);
#17008 = FACETED_BREP_SHAPE_REPRESENTATION('', (#17007), #8);
#17009 = POLY_LOOP('', (#2634, #2635, #2639));
#17010 = FACE_OUTER_BOUND('', #17009, .T.);
#17011 = FACETED_BREP_SHAPE_REPRESENTATION('', (#17010), #8);
#17012 = POLY_LOOP('', (#2632, #2638, #2636));
#17013 = FACE_OUTER_BOUND('', #17012, .T.);
#17014 = FACETED_BREP_SHAPE_REPRESENTATION('', (#17013), #8);
#17015 = POLY_LOOP('', (#2632, #2634, #2638));
#17016 = FACE_OUTER_BOUND('', #17015, .T.);
#17017 = FACETED_BREP_SHAPE_REPRESENTATION('', (#17016), #8);
#17018 = POLY_LOOP('', (#2633, #2637, #2639));
#17019 = FACE_OUTER_BOUND('', #17018, .T.);
#17020 = FACETED_BREP_SHAPE_REPRESENTATION('', (#17019), #8);
#17021 = POLY_LOOP('', (#2633, #2639, #2635));
#17022 = FACE_OUTER_BOUND('', #17021, .T.);
#17023 = FACETED_BREP_SHAPE_REPRESENTATION('', (#17022), #8);
#17024 = POLY_LOOP('', (#2636, #2640, #2641));
#17025 = FACE_OUTER_BOUND('', #17024, .T.);
#17026 = FACETED_BREP_SHAPE_REPRESENTATION('', (#17025), #8);
#17027 = POLY_LOOP('', (#2636, #2641, #2637));
#17028 = FACE_OUTER_BOUND('', #17027, .T.);
#17029 = FACETED_BREP_SHAPE_REPRESENTATION('', (#17028), #8);
#17030 = POLY_LOOP('', (#2638, #2643, #2642));
#17031 = FACE_OUTER_BOUND('', #17030, .T.);
#17032 = FACETED_BREP_SHAPE_REPRESENTATION('', (#17031), #8);
#17033 = POLY_LOOP('', (#2638, #2639, #2643));
#17034 = FACE_OUTER_BOUND('', #17033, .T.);
#17035 = FACETED_BREP_SHAPE_REPRESENTATION('', (#17034), #8);
#17036 = POLY_LOOP('', (#2636, #2642, #2640));
#17037 = FACE_OUTER_BOUND('', #17036, .T.);
#17038 = FACETED_BREP_SHAPE_REPRESENTATION('', (#17037), #8);
#17039 = POLY_LOOP('', (#2636, #2638, #2642));
#17040 = FACE_OUTER_BOUND('', #17039, .T.);
#17041 = FACETED_BREP_SHAPE_REPRESENTATION('', (#17040), #8);
#17042 = POLY_LOOP('', (#2637, #2641, #2643));
#17043 = FACE_OUTER_BOUND('', #17042, .T.);
#17044 = FACETED_BREP_SHAPE_REPRESENTATION('', (#17043), #8);
#17045 = POLY_LOOP('', (#2637, #2643, #2639));
#17046 = FACE_OUTER_BOUND('', #17045, .T.);
#17047 = FACETED_BREP_SHAPE_REPRESENTATION('', (#17046), #8);
#17048 = POLY_LOOP('', (#2640, #2644, #2645));
#17049 = FACE_OUTER_BOUND('', #17048, .T.);
#17050 = FACETED_BREP_SHAPE_REPRESENTATION('', (#17049), #8);
#17051 = POLY_LOOP('', (#2640, #2645, #2641));
#17052 = FACE_OUTER_BOUND('', #17051, .T.);
#17053 = FACETED_BREP_SHAPE_REPRESENTATION('', (#17052), #8);
#17054 = POLY_LOOP('', (#2642, #2647, #2646));
#17055 = FACE_OUTER_BOUND('', #17054, .T.);
#17056 = FACETED_BREP_SHAPE_REPRESENTATION('', (#17055), #8);
#17057 = POLY_LOOP('', (#2642, #2643, #2647));
#17058 = FACE_OUTER_BOUND('', #17057, .T.);
#17059 = FACETED_BREP_SHAPE_REPRESENTATION('', (#17058), #8);
#17060 = POLY_LOOP('', (#2640, #2646, #2644));
#17061 = FACE_OUTER_BOUND('', #17060, .T.);
#17062 = FACETED_BREP_SHAPE_REPRESENTATION('', (#17061), #8);
#17063 = POLY_LOOP('', (#2640, #2642, #2646));
#17064 = FACE_OUTER_BOUND('', #17063, .T.);
#17065 = FACETED_BREP_SHAPE_REPRESENTATION('', (#17064), #8);
#17066 = POLY_LOOP('', (#2641, #2645, #2647));
#17067 = FACE_OUTER_BOUND('', #17066, .T.);
#17068 = FACETED_BREP_SHAPE_REPRESENTATION('', (#17067), #8);
#17069 = POLY_LOOP('', (#2641, #2647, #2643));
#17070 = FACE_OUTER_BOUND('', #17069, .T.);
#17071 = FACETED_BREP_SHAPE_REPRESENTATION('', (#17070), #8);
#17072 = POLY_LOOP('', (#2644, #2648, #2649));
#17073 = FACE_OUTER_BOUND('', #17072, .T.);
#17074 = FACETED_BREP_SHAPE_REPRESENTATION('', (#17073), #8);
#17075 = POLY_LOOP('', (#2644, #2649, #2645));
#17076 = FACE_OUTER_BOUND('', #17075, .T.);
#17077 = FACETED_BREP_SHAPE_REPRESENTATION('', (#17076), #8);
#17078 = POLY_LOOP('', (#2646, #2651, #2650));
#17079 = FACE_OUTER_BOUND('', #17078, .T.);
#17080 = FACETED_BREP_SHAPE_REPRESENTATION('', (#17079), #8);
#17081 = POLY_LOOP('', (#2646, #2647, #2651));
#17082 = FACE_OUTER_BOUND('', #17081, .T.);
#17083 = FACETED_BREP_SHAPE_REPRESENTATION('', (#17082), #8);
#17084 = POLY_LOOP('', (#2644, #2650, #2648));
#17085 = FACE_OUTER_BOUND('', #17084, .T.);
#17086 = FACETED_BREP_SHAPE_REPRESENTATION('', (#17085), #8);
#17087 = POLY_LOOP('', (#2644, #2646, #2650));
#17088 = FACE_OUTER_BOUND('', #17087, .T.);
#17089 = FACETED_BREP_SHAPE_REPRESENTATION('', (#17088), #8);
#17090 = POLY_LOOP('', (#2645, #2649, #2651));
#17091 = FACE_OUTER_BOUND('', #17090, .T.);
#17092 = FACETED_BREP_SHAPE_REPRESENTATION('', (#17091), #8);
#17093 = POLY_LOOP('', (#2645, #2651, #2647));
#17094 = FACE_OUTER_BOUND('', #17093, .T.);
#17095 = FACETED_BREP_SHAPE_REPRESENTATION('', (#17094), #8);
#17096 = POLY_LOOP('', (#2652, #2656, #2657));
#17097 = FACE_OUTER_BOUND('', #17096, .T.);
#17098 = FACETED_BREP_SHAPE_REPRESENTATION('', (#17097), #8);
#17099 = POLY_LOOP('', (#2652, #2657, #2653));
#17100 = FACE_OUTER_BOUND('', #17099, .T.);
#17101 = FACETED_BREP_SHAPE_REPRESENTATION('', (#17100), #8);
#17102 = POLY_LOOP('', (#2654, #2659, #2658));
#17103 = FACE_OUTER_BOUND('', #17102, .T.);
#17104 = FACETED_BREP_SHAPE_REPRESENTATION('', (#17103), #8);
#17105 = POLY_LOOP('', (#2654, #2655, #2659));
#17106 = FACE_OUTER_BOUND('', #17105, .T.);
#17107 = FACETED_BREP_SHAPE_REPRESENTATION('', (#17106), #8);
#17108 = POLY_LOOP('', (#2652, #2658, #2656));
#17109 = FACE_OUTER_BOUND('', #17108, .T.);
#17110 = FACETED_BREP_SHAPE_REPRESENTATION('', (#17109), #8);
#17111 = POLY_LOOP('', (#2652, #2654, #2658));
#17112 = FACE_OUTER_BOUND('', #17111, .T.);
#17113 = FACETED_BREP_SHAPE_REPRESENTATION('', (#17112), #8);
#17114 = POLY_LOOP('', (#2653, #2657, #2659));
#17115 = FACE_OUTER_BOUND('', #17114, .T.);
#17116 = FACETED_BREP_SHAPE_REPRESENTATION('', (#17115), #8);
#17117 = POLY_LOOP('', (#2653, #2659, #2655));
#17118 = FACE_OUTER_BOUND('', #17117, .T.);
#17119 = FACETED_BREP_SHAPE_REPRESENTATION('', (#17118), #8);
#17120 = POLY_LOOP('', (#2656, #2660, #2661));
#17121 = FACE_OUTER_BOUND('', #17120, .T.);
#17122 = FACETED_BREP_SHAPE_REPRESENTATION('', (#17121), #8);
#17123 = POLY_LOOP('', (#2656, #2661, #2657));
#17124 = FACE_OUTER_BOUND('', #17123, .T.);
#17125 = FACETED_BREP_SHAPE_REPRESENTATION('', (#17124), #8);
#17126 = POLY_LOOP('', (#2658, #2663, #2662));
#17127 = FACE_OUTER_BOUND('', #17126, .T.);
#17128 = FACETED_BREP_SHAPE_REPRESENTATION('', (#17127), #8);
#17129 = POLY_LOOP('', (#2658, #2659, #2663));
#17130 = FACE_OUTER_BOUND('', #17129, .T.);
#17131 = FACETED_BREP_SHAPE_REPRESENTATION('', (#17130), #8);
#17132 = POLY_LOOP('', (#2656, #2662, #2660));
#17133 = FACE_OUTER_BOUND('', #17132, .T.);
#17134 = FACETED_BREP_SHAPE_REPRESENTATION('', (#17133), #8);
#17135 = POLY_LOOP('', (#2656, #2658, #2662));
#17136 = FACE_OUTER_BOUND('', #17135, .T.);
#17137 = FACETED_BREP_SHAPE_REPRESENTATION('', (#17136), #8);
#17138 = POLY_LOOP('', (#2657, #2661, #2663));
#17139 = FACE_OUTER_BOUND('', #17138, .T.);
#17140 = FACETED_BREP_SHAPE_REPRESENTATION('', (#17139), #8);
#17141 = POLY_LOOP('', (#2657, #2663, #2659));
#17142 = FACE_OUTER_BOUND('', #17141, .T.);
#17143 = FACETED_BREP_SHAPE_REPRESENTATION('', (#17142), #8);
#17144 = POLY_LOOP('', (#2660, #2664, #2665));
#17145 = FACE_OUTER_BOUND('', #17144, .T.);
#17146 = FACETED_BREP_SHAPE_REPRESENTATION('', (#17145), #8);
#17147 = POLY_LOOP('', (#2660, #2665, #2661));
#17148 = FACE_OUTER_BOUND('', #17147, .T.);
#17149 = FACETED_BREP_SHAPE_REPRESENTATION('', (#17148), #8);
#17150 = POLY_LOOP('', (#2662, #2667, #2666));
#17151 = FACE_OUTER_BOUND('', #17150, .T.);
#17152 = FACETED_BREP_SHAPE_REPRESENTATION('', (#17151), #8);
#17153 = POLY_LOOP('', (#2662, #2663, #2667));
#17154 = FACE_OUTER_BOUND('', #17153, .T.);
#17155 = FACETED_BREP_SHAPE_REPRESENTATION('', (#17154), #8);
#17156 = POLY_LOOP('', (#2660, #2666, #2664));
#17157 = FACE_OUTER_BOUND('', #17156, .T.);
#17158 = FACETED_BREP_SHAPE_REPRESENTATION('', (#17157), #8);
#17159 = POLY_LOOP('', (#2660, #2662, #2666));
#17160 = FACE_OUTER_BOUND('', #17159, .T.);
#17161 = FACETED_BREP_SHAPE_REPRESENTATION('', (#17160), #8);
#17162 = POLY_LOOP('', (#2661, #2665, #2667));
#17163 = FACE_OUTER_BOUND('', #17162, .T.);
#17164 = FACETED_BREP_SHAPE_REPRESENTATION('', (#17163), #8);
#17165 = POLY_LOOP('', (#2661, #2667, #2663));
#17166 = FACE_OUTER_BOUND('', #17165, .T.);
#17167 = FACETED_BREP_SHAPE_REPRESENTATION('', (#17166), #8);
#17168 = POLY_LOOP('', (#2664, #2668, #2669));
#17169 = FACE_OUTER_BOUND('', #17168, .T.);
#17170 = FACETED_BREP_SHAPE_REPRESENTATION('', (#17169), #8);
#17171 = POLY_LOOP('', (#2664, #2669, #2665));
#17172 = FACE_OUTER_BOUND('', #17171, .T.);
#17173 = FACETED_BREP_SHAPE_REPRESENTATION('', (#17172), #8);
#17174 = POLY_LOOP('', (#2666, #2671, #2670));
#17175 = FACE_OUTER_BOUND('', #17174, .T.);
#17176 = FACETED_BREP_SHAPE_REPRESENTATION('', (#17175), #8);
#17177 = POLY_LOOP('', (#2666, #2667, #2671));
#17178 = FACE_OUTER_BOUND('', #17177, .T.);
#17179 = FACETED_BREP_SHAPE_REPRESENTATION('', (#17178), #8);
#17180 = POLY_LOOP('', (#2664, #2670, #2668));
#17181 = FACE_OUTER_BOUND('', #17180, .T.);
#17182 = FACETED_BREP_SHAPE_REPRESENTATION('', (#17181), #8);
#17183 = POLY_LOOP('', (#2664, #2666, #2670));
#17184 = FACE_OUTER_BOUND('', #17183, .T.);
#17185 = FACETED_BREP_SHAPE_REPRESENTATION('', (#17184), #8);
#17186 = POLY_LOOP('', (#2665, #2669, #2671));
#17187 = FACE_OUTER_BOUND('', #17186, .T.);
#17188 = FACETED_BREP_SHAPE_REPRESENTATION('', (#17187), #8);
#17189 = POLY_LOOP('', (#2665, #2671, #2667));
#17190 = FACE_OUTER_BOUND('', #17189, .T.);
#17191 = FACETED_BREP_SHAPE_REPRESENTATION('', (#17190), #8);
#17192 = POLY_LOOP('', (#2668, #2672, #2673));
#17193 = FACE_OUTER_BOUND('', #17192, .T.);
#17194 = FACETED_BREP_SHAPE_REPRESENTATION('', (#17193), #8);
#17195 = POLY_LOOP('', (#2668, #2673, #2669));
#17196 = FACE_OUTER_BOUND('', #17195, .T.);
#17197 = FACETED_BREP_SHAPE_REPRESENTATION('', (#17196), #8);
#17198 = POLY_LOOP('', (#2670, #2675, #2674));
#17199 = FACE_OUTER_BOUND('', #17198, .T.);
#17200 = FACETED_BREP_SHAPE_REPRESENTATION('', (#17199), #8);
#17201 = POLY_LOOP('', (#2670, #2671, #2675));
#17202 = FACE_OUTER_BOUND('', #17201, .T.);
#17203 = FACETED_BREP_SHAPE_REPRESENTATION('', (#17202), #8);
#17204 = POLY_LOOP('', (#2668, #2674, #2672));
#17205 = FACE_OUTER_BOUND('', #17204, .T.);
#17206 = FACETED_BREP_SHAPE_REPRESENTATION('', (#17205), #8);
#17207 = POLY_LOOP('', (#2668, #2670, #2674));
#17208 = FACE_OUTER_BOUND('', #17207, .T.);
#17209 = FACETED_BREP_SHAPE_REPRESENTATION('', (#17208), #8);
#17210 = POLY_LOOP('', (#2669, #2673, #2675));
#17211 = FACE_OUTER_BOUND('', #17210, .T.);
#17212 = FACETED_BREP_SHAPE_REPRESENTATION('', (#17211), #8);
#17213 = POLY_LOOP('', (#2669, #2675, #2671));
#17214 = FACE_OUTER_BOUND('', #17213, .T.);
#17215 = FACETED_BREP_SHAPE_REPRESENTATION('', (#17214), #8);
#17216 = POLY_LOOP('', (#2672, #2676, #2677));
#17217 = FACE_OUTER_BOUND('', #17216, .T.);
#17218 = FACETED_BREP_SHAPE_REPRESENTATION('', (#17217), #8);
#17219 = POLY_LOOP('', (#2672, #2677, #2673));
#17220 = FACE_OUTER_BOUND('', #17219, .T.);
#17221 = FACETED_BREP_SHAPE_REPRESENTATION('', (#17220), #8);
#17222 = POLY_LOOP('', (#2674, #2679, #2678));
#17223 = FACE_OUTER_BOUND('', #17222, .T.);
#17224 = FACETED_BREP_SHAPE_REPRESENTATION('', (#17223), #8);
#17225 = POLY_LOOP('', (#2674, #2675, #2679));
#17226 = FACE_OUTER_BOUND('', #17225, .T.);
#17227 = FACETED_BREP_SHAPE_REPRESENTATION('', (#17226), #8);
#17228 = POLY_LOOP('', (#2672, #2678, #2676));
#17229 = FACE_OUTER_BOUND('', #17228, .T.);
#17230 = FACETED_BREP_SHAPE_REPRESENTATION('', (#17229), #8);
#17231 = POLY_LOOP('', (#2672, #2674, #2678));
#17232 = FACE_OUTER_BOUND('', #17231, .T.);
#17233 = FACETED_BREP_SHAPE_REPRESENTATION('', (#17232), #8);
#17234 = POLY_LOOP('', (#2673, #2677, #2679));
#17235 = FACE_OUTER_BOUND('', #17234, .T.);
#17236 = FACETED_BREP_SHAPE_REPRESENTATION('', (#17235), #8);
#17237 = POLY_LOOP('', (#2673, #2679, #2675));
#17238 = FACE_OUTER_BOUND('', #17237, .T.);
#17239 = FACETED_BREP_SHAPE_REPRESENTATION('', (#17238), #8);
#17240 = POLY_LOOP('', (#2676, #2680, #2681));
#17241 = FACE_OUTER_BOUND('', #17240, .T.);
#17242 = FACETED_BREP_SHAPE_REPRESENTATION('', (#17241), #8);
#17243 = POLY_LOOP('', (#2676, #2681, #2677));
#17244 = FACE_OUTER_BOUND('', #17243, .T.);
#17245 = FACETED_BREP_SHAPE_REPRESENTATION('', (#17244), #8);
#17246 = POLY_LOOP('', (#2678, #2683, #2682));
#17247 = FACE_OUTER_BOUND('', #17246, .T.);
#17248 = FACETED_BREP_SHAPE_REPRESENTATION('', (#17247), #8);
#17249 = POLY_LOOP('', (#2678, #2679, #2683));
#17250 = FACE_OUTER_BOUND('', #17249, .T.);
#17251 = FACETED_BREP_SHAPE_REPRESENTATION('', (#17250), #8);
#17252 = POLY_LOOP('', (#2676, #2682, #2680));
#17253 = FACE_OUTER_BOUND('', #17252, .T.);
#17254 = FACETED_BREP_SHAPE_REPRESENTATION('', (#17253), #8);
#17255 = POLY_LOOP('', (#2676, #2678, #2682));
#17256 = FACE_OUTER_BOUND('', #17255, .T.);
#17257 = FACETED_BREP_SHAPE_REPRESENTATION('', (#17256), #8);
#17258 = POLY_LOOP('', (#2677, #2681, #2683));
#17259 = FACE_OUTER_BOUND('', #17258, .T.);
#17260 = FACETED_BREP_SHAPE_REPRESENTATION('', (#17259), #8);
#17261 = POLY_LOOP('', (#2677, #2683, #2679));
#17262 = FACE_OUTER_BOUND('', #17261, .T.);
#17263 = FACETED_BREP_SHAPE_REPRESENTATION('', (#17262), #8);
#17264 = POLY_LOOP('', (#2680, #2684, #2685));
#17265 = FACE_OUTER_BOUND('', #17264, .T.);
#17266 = FACETED_BREP_SHAPE_REPRESENTATION('', (#17265), #8);
#17267 = POLY_LOOP('', (#2680, #2685, #2681));
#17268 = FACE_OUTER_BOUND('', #17267, .T.);
#17269 = FACETED_BREP_SHAPE_REPRESENTATION('', (#17268), #8);
#17270 = POLY_LOOP('', (#2682, #2687, #2686));
#17271 = FACE_OUTER_BOUND('', #17270, .T.);
#17272 = FACETED_BREP_SHAPE_REPRESENTATION('', (#17271), #8);
#17273 = POLY_LOOP('', (#2682, #2683, #2687));
#17274 = FACE_OUTER_BOUND('', #17273, .T.);
#17275 = FACETED_BREP_SHAPE_REPRESENTATION('', (#17274), #8);
#17276 = POLY_LOOP('', (#2680, #2686, #2684));
#17277 = FACE_OUTER_BOUND('', #17276, .T.);
#17278 = FACETED_BREP_SHAPE_REPRESENTATION('', (#17277), #8);
#17279 = POLY_LOOP('', (#2680, #2682, #2686));
#17280 = FACE_OUTER_BOUND('', #17279, .T.);
#17281 = FACETED_BREP_SHAPE_REPRESENTATION('', (#17280), #8);
#17282 = POLY_LOOP('', (#2681, #2685, #2687));
#17283 = FACE_OUTER_BOUND('', #17282, .T.);
#17284 = FACETED_BREP_SHAPE_REPRESENTATION('', (#17283), #8);
#17285 = POLY_LOOP('', (#2681, #2687, #2683));
#17286 = FACE_OUTER_BOUND('', #17285, .T.);
#17287 = FACETED_BREP_SHAPE_REPRESENTATION('', (#17286), #8);
#17288 = POLY_LOOP('', (#2684, #2688, #2689));
#17289 = FACE_OUTER_BOUND('', #17288, .T.);
#17290 = FACETED_BREP_SHAPE_REPRESENTATION('', (#17289), #8);
#17291 = POLY_LOOP('', (#2684, #2689, #2685));
#17292 = FACE_OUTER_BOUND('', #17291, .T.);
#17293 = FACETED_BREP_SHAPE_REPRESENTATION('', (#17292), #8);
#17294 = POLY_LOOP('', (#2686, #2691, #2690));
#17295 = FACE_OUTER_BOUND('', #17294, .T.);
#17296 = FACETED_BREP_SHAPE_REPRESENTATION('', (#17295), #8);
#17297 = POLY_LOOP('', (#2686, #2687, #2691));
#17298 = FACE_OUTER_BOUND('', #17297, .T.);
#17299 = FACETED_BREP_SHAPE_REPRESENTATION('', (#17298), #8);
#17300 = POLY_LOOP('', (#2684, #2690, #2688));
#17301 = FACE_OUTER_BOUND('', #17300, .T.);
#17302 = FACETED_BREP_SHAPE_REPRESENTATION('', (#17301), #8);
#17303 = POLY_LOOP('', (#2684, #2686, #2690));
#17304 = FACE_OUTER_BOUND('', #17303, .T.);
#17305 = FACETED_BREP_SHAPE_REPRESENTATION('', (#17304), #8);
#17306 = POLY_LOOP('', (#2685, #2689, #2691));
#17307 = FACE_OUTER_BOUND('', #17306, .T.);
#17308 = FACETED_BREP_SHAPE_REPRESENTATION('', (#17307), #8);
#17309 = POLY_LOOP('', (#2685, #2691, #2687));
#17310 = FACE_OUTER_BOUND('', #17309, .T.);
#17311 = FACETED_BREP_SHAPE_REPRESENTATION('', (#17310), #8);
#17312 = POLY_LOOP('', (#2688, #2692, #2693));
#17313 = FACE_OUTER_BOUND('', #17312, .T.);
#17314 = FACETED_BREP_SHAPE_REPRESENTATION('', (#17313), #8);
#17315 = POLY_LOOP('', (#2688, #2693, #2689));
#17316 = FACE_OUTER_BOUND('', #17315, .T.);
#17317 = FACETED_BREP_SHAPE_REPRESENTATION('', (#17316), #8);
#17318 = POLY_LOOP('', (#2690, #2695, #2694));
#17319 = FACE_OUTER_BOUND('', #17318, .T.);
#17320 = FACETED_BREP_SHAPE_REPRESENTATION('', (#17319), #8);
#17321 = POLY_LOOP('', (#2690, #2691, #2695));
#17322 = FACE_OUTER_BOUND('', #17321, .T.);
#17323 = FACETED_BREP_SHAPE_REPRESENTATION('', (#17322), #8);
#17324 = POLY_LOOP('', (#2688, #2694, #2692));
#17325 = FACE_OUTER_BOUND('', #17324, .T.);
#17326 = FACETED_BREP_SHAPE_REPRESENTATION('', (#17325), #8);
#17327 = POLY_LOOP('', (#2688, #2690, #2694));
#17328 = FACE_OUTER_BOUND('', #17327, .T.);
#17329 = FACETED_BREP_SHAPE_REPRESENTATION('', (#17328), #8);
#17330 = POLY_LOOP('', (#2689, #2693, #2695));
#17331 = FACE_OUTER_BOUND('', #17330, .T.);
#17332 = FACETED_BREP_SHAPE_REPRESENTATION('', (#17331), #8);
#17333 = POLY_LOOP('', (#2689, #2695, #2691));
#17334 = FACE_OUTER_BOUND('', #17333, .T.);
#17335 = FACETED_BREP_SHAPE_REPRESENTATION('', (#17334), #8);
#17336 = CLOSED_SHELL('', (#2697, #2700, #2703, #2706, #2709, #2712, #2715, #2718, #2721, #2724, #2727, #2730, #2733, #2736, #2739, #2742, #2745, #2748, #2751, #2754, #2757, #2760, #2763, #2766, #2769, #2772, #2775, #2778, #2781, #2784, #2787, #2790, #2793, #2796, #2799, #2802, #2805, #2808, #2811, #2814, #2817, #2820, #2823, #2826, #2829, #2832, #2835, #2838, #2841, #2844, #2847, #2850, #2853, #2856, #2859, #2862, #2865, #2868, #2871, #2874, #2877, #2880, #2883, #2886, #2889, #2892, #2895, #2898, #2901, #2904, #2907, #2910, #2913, #2916, #2919, #2922, #2925, #2928, #2931, #2934, #2937, #2940, #2943, #2946, #2949, #2952, #2955, #2958, #2961, #2964, #2967, #2970, #2973, #2976, #2979, #2982, #2985, #2988, #2991, #2994, #2997, #3000, #3003, #3006, #3009, #3012, #3015, #3018, #3021, #3024, #3027, #3030, #3033, #3036, #3039, #3042, #3045, #3048, #3051, #3054, #3057, #3060, #3063, #3066, #3069, #3072, #3075, #3078, #3081, #3084, #3087, #3090, #3093, #3096, #3099, #3102, #3105, #3108, #3111, #3114, #3117, #3120, #3123, #3126, #3129, #3132, #3135, #3138, #3141, #3144, #3147, #3150, #3153, #3156, #3159, #3162, #3165, #3168, #3171, #3174, #3177, #3180, #3183, #3186, #3189, #3192, #3195, #3198, #3201, #3204, #3207, #3210, #3213, #3216, #3219, #3222, #3225, #3228, #3231, #3234, #3237, #3240, #3243, #3246, #3249, #3252, #3255, #3258, #3261, #3264, #3267, #3270, #3273, #3276, #3279, #3282, #3285, #3288, #3291, #3294, #3297, #3300, #3303, #3306, #3309, #3312, #3315, #3318, #3321, #3324, #3327, #3330, #3333, #3336, #3339, #3342, #3345, #3348, #3351, #3354, #3357, #3360, #3363, #3366, #3369, #3372, #3375, #3378, #3381, #3384, #3387, #3390, #3393, #3396, #3399, #3402, #3405, #3408, #3411, #3414, #3417, #3420, #3423, #3426, #3429, #3432, #3435, #3438, #3441, #3444, #3447, #3450, #3453, #3456, #3459, #3462, #3465, #3468, #3471, #3474, #3477, #3480, #3483, #3486, #3489, #3492, #3495, #3498, #3501, #3504, #3507, #3510, #3513, #3516, #3519, #3522, #3525, #3528, #3531, #3534, #3537, #3540, #3543, #3546, #3549, #3552, #3555, #3558, #3561, #3564, #3567, #3570, #3573, #3576, #3579, #3582, #3585, #3588, #3591, #3594, #3597, #3600, #3603, #3606, #3609, #3612, #3615, #3618, #3621, #3624, #3627, #3630, #3633, #3636, #3639, #3642, #3645, #3648, #3651, #3654, #3657, #3660, #3663, #3666, #3669, #3672, #3675, #3678, #3681, #3684, #3687, #3690, #3693, #3696, #3699, #3702, #3705, #3708, #3711, #3714, #3717, #3720, #3723, #3726, #3729, #3732, #3735, #3738, #3741, #3744, #3747, #3750, #3753, #3756, #3759, #3762, #3765, #3768, #3771, #3774, #3777, #3780, #3783, #3786, #3789, #3792, #3795, #3798, #3801, #3804, #3807, #3810, #3813, #3816, #3819, #3822, #3825, #3828, #3831, #3834, #3837, #3840, #3843, #3846, #3849, #3852, #3855, #3858, #3861, #3864, #3867, #3870, #3873, #3876, #3879, #3882, #3885, #3888, #3891, #3894, #3897, #3900, #3903, #3906, #3909, #3912, #3915, #3918, #3921, #3924, #3927, #3930, #3933, #3936, #3939, #3942, #3945, #3948, #3951, #3954, #3957, #3960, #3963, #3966, #3969, #3972, #3975, #3978, #3981, #3984, #3987, #3990, #3993, #3996, #3999, #4002, #4005, #4008, #4011, #4014, #4017, #4020, #4023, #4026, #4029, #4032, #4035, #4038, #4041, #4044, #4047, #4050, #4053, #4056, #4059, #4062, #4065, #4068, #4071, #4074, #4077, #4080, #4083, #4086, #4089, #4092, #4095, #4098, #4101, #4104, #4107, #4110, #4113, #4116, #4119, #4122, #4125, #4128, #4131, #4134, #4137, #4140, #4143, #4146, #4149, #4152, #4155, #4158, #4161, #4164, #4167, #4170, #4173, #4176, #4179, #4182, #4185, #4188, #4191, #4194, #4197, #4200, #4203, #4206, #4209, #4212, #4215, #4218, #4221, #4224, #4227, #4230, #4233, #4236, #4239, #4242, #4245, #4248, #4251, #4254, #4257, #4260, #4263, #4266, #4269, #4272, #4275, #4278, #4281, #4284, #4287, #4290, #4293, #4296, #4299, #4302, #4305, #4308, #4311, #4314, #4317, #4320, #4323, #4326, #4329, #4332, #4335, #4338, #4341, #4344, #4347, #4350, #4353, #4356, #4359, #4362, #4365, #4368, #4371, #4374, #4377, #4380, #4383, #4386, #4389, #4392, #4395, #4398, #4401, #4404, #4407, #4410, #4413, #4416, #4419, #4422, #4425, #4428, #4431, #4434, #4437, #4440, #4443, #4446, #4449, #4452, #4455, #4458, #4461, #4464, #4467, #4470, #4473, #4476, #4479, #4482, #4485, #4488, #4491, #4494, #4497, #4500, #4503, #4506, #4509, #4512, #4515, #4518, #4521, #4524, #4527, #4530, #4533, #4536, #4539, #4542, #4545, #4548, #4551, #4554, #4557, #4560, #4563, #4566, #4569, #4572, #4575, #4578, #4581, #4584, #4587, #4590, #4593, #4596, #4599, #4602, #4605, #4608, #4611, #4614, #4617, #4620, #4623, #4626, #4629, #4632, #4635, #4638, #4641, #4644, #4647, #4650, #4653, #4656, #4659, #4662, #4665, #4668, #4671, #4674, #4677, #4680, #4683, #4686, #4689, #4692, #4695, #4698, #4701, #4704, #4707, #4710, #4713, #4716, #4719, #4722, #4725, #4728, #4731, #4734, #4737, #4740, #4743, #4746, #4749, #4752, #4755, #4758, #4761, #4764, #4767, #4770, #4773, #4776, #4779, #4782, #4785, #4788, #4791, #4794, #4797, #4800, #4803, #4806, #4809, #4812, #4815, #4818, #4821, #4824, #4827, #4830, #4833, #4836, #4839, #4842, #4845, #4848, #4851, #4854, #4857, #4860, #4863, #4866, #4869, #4872, #4875, #4878, #4881, #4884, #4887, #4890, #4893, #4896, #4899, #4902, #4905, #4908, #4911, #4914, #4917, #4920, #4923, #4926, #4929, #4932, #4935, #4938, #4941, #4944, #4947, #4950, #4953, #4956, #4959, #4962, #4965, #4968, #4971, #4974, #4977, #4980, #4983, #4986, #4989, #4992, #4995, #4998, #5001, #5004, #5007, #5010, #5013, #5016, #5019, #5022, #5025, #5028, #5031, #5034, #5037, #5040, #5043, #5046, #5049, #5052, #5055, #5058, #5061, #5064, #5067, #5070, #5073, #5076, #5079, #5082, #5085, #5088, #5091, #5094, #5097, #5100, #5103, #5106, #5109, #5112, #5115, #5118, #5121, #5124, #5127, #5130, #5133, #5136, #5139, #5142, #5145, #5148, #5151, #5154, #5157, #5160, #5163, #5166, #5169, #5172, #5175, #5178, #5181, #5184, #5187, #5190, #5193, #5196, #5199, #5202, #5205, #5208, #5211, #5214, #5217, #5220, #5223, #5226, #5229, #5232, #5235, #5238, #5241, #5244, #5247, #5250, #5253, #5256, #5259, #5262, #5265, #5268, #5271, #5274, #5277, #5280, #5283, #5286, #5289, #5292, #5295, #5298, #5301, #5304, #5307, #5310, #5313, #5316, #5319, #5322, #5325, #5328, #5331, #5334, #5337, #5340, #5343, #5346, #5349, #5352, #5355, #5358, #5361, #5364, #5367, #5370, #5373, #5376, #5379, #5382, #5385, #5388, #5391, #5394, #5397, #5400, #5403, #5406, #5409, #5412, #5415, #5418, #5421, #5424, #5427, #5430, #5433, #5436, #5439, #5442, #5445, #5448, #5451, #5454, #5457, #5460, #5463, #5466, #5469, #5472, #5475, #5478, #5481, #5484, #5487, #5490, #5493, #5496, #5499, #5502, #5505, #5508, #5511, #5514, #5517, #5520, #5523, #5526, #5529, #5532, #5535, #5538, #5541, #5544, #5547, #5550, #5553, #5556, #5559, #5562, #5565, #5568, #5571, #5574, #5577, #5580, #5583, #5586, #5589, #5592, #5595, #5598, #5601, #5604, #5607, #5610, #5613, #5616, #5619, #5622, #5625, #5628, #5631, #5634, #5637, #5640, #5643, #5646, #5649, #5652, #5655, #5658, #5661, #5664, #5667, #5670, #5673, #5676, #5679, #5682, #5685, #5688, #5691, #5694));
#17337 = MANIFOLD_SOLID_BREP('UNIT_CELL_TRUSS_D56_SOLID', #17336);
#17338 = ADVANCED_BREP_SHAPE_REPRESENTATION('UNIT_CELL_TRUSS_D56_SHAPE', (#17337, #17), #9);
#17339 = SHAPE_DEFINITION_REPRESENTATION(#7, #17338);
ENDSEC;
END-ISO-10303-21;
