ISO-10303-21;
HEADER;
FILE_DESCRIPTION(('TRUNC Metamaterial Joint CAD Model - UNIT_CELL_ARROWHEAD'), '2;1');
FILE_NAME('unit_cell_arrowhead_linkage.stp', '2026-10-09T05:00:00', ('TRUNC Lab'), ('Robotics'), 'Python STEP Exporter', 'HardSoftWebGPU', '');
FILE_SCHEMA(('AUTOMOTIVE_DESIGN { 1 0 10303 214 1 1 1 1 }'));
ENDSEC;
DATA;
#1 = APPLICATION_CONTEXT('core data for automotive mechanical design processes');
#2 = APPLICATION_PROTOCOL_DEFINITION('international standard', 'automotive_design', 2000, #1);
#3 = PRODUCT_CONTEXT('3D Mechanical Context', #1, 'mechanical');
#4 = PRODUCT('UNIT_CELL_ARROWHEAD', 'UNIT_CELL_ARROWHEAD', 'TRUNC Metamaterial Component', (#3));
#5 = PRODUCT_DEFINITION_FORMATION('1.0', 'First Release', #4);
#6 = PRODUCT_DEFINITION('design', 'TRUNC Component Definition', #5, #3);
#7 = PRODUCT_DEFINITION_SHAPE('Shape Definition', 'Shape for TRUNC Component', #6);
#8 = GEOMETRIC_REPRESENTATION_CONTEXT(3);
#9 = ( GEOMETRIC_REPRESENTATION_CONTEXT(3) GLOBAL_UNCERTAINTY_ASSIGNED_CONTEXT((#10)) GLOBAL_UNIT_ASSIGNED_CONTEXT((#11, #12, #13)) REPRESENTATION_CONTEXT('Context #1', '3D Context with UNIT and UNCERTAINTY') );
#10 = UNCERTAINTY_MEASURE_WITH_UNIT(LENGTH_MEASURE(1.E-05), #11, 'distance_accuracy_value', 'Maximum Model Space Distance');
#11 = ( LENGTH_UNIT() NAMED_UNIT(*) SI_UNIT(.MILLI., .METRE.) );
#12 = ( NAMED_UNIT(*) PLANE_ANGLE_UNIT() SI_UNIT($, .RADIAN.) );
#13 = ( NAMED_UNIT(*) SI_UNIT($, .STERADIAN.) SOLID_ANGLE_UNIT() );
#14 = CARTESIAN_POINT('Origin', (0., 0., 0.));
#15 = DIRECTION('Axis', (0., 0., 1.));
#16 = DIRECTION('RefDir', (1., 0., 0.));
#17 = AXIS2_PLACEMENT_3D('Placement', #14, #15, #16);
#18 = CARTESIAN_POINT('', (-1.2148, 0.0000, -23.9587));
#19 = CARTESIAN_POINT('', (-0.8590, -1.1314, -24.2637));
#20 = CARTESIAN_POINT('', (-0.0000, -1.6000, -25.0000));
#21 = CARTESIAN_POINT('', (0.8590, -1.1314, -25.7363));
#22 = CARTESIAN_POINT('', (1.2148, -0.0000, -26.0413));
#23 = CARTESIAN_POINT('', (0.8590, 1.1314, -25.7363));
#24 = CARTESIAN_POINT('', (0.0000, 1.6000, -25.0000));
#25 = CARTESIAN_POINT('', (-0.8590, 1.1314, -24.2637));
#26 = CARTESIAN_POINT('', (13.7852, 0.0000, -6.4587));
#27 = CARTESIAN_POINT('', (14.1410, -1.1314, -6.7637));
#28 = CARTESIAN_POINT('', (15.0000, -1.6000, -7.5000));
#29 = CARTESIAN_POINT('', (15.8590, -1.1314, -8.2363));
#30 = CARTESIAN_POINT('', (16.2148, -0.0000, -8.5413));
#31 = CARTESIAN_POINT('', (15.8590, 1.1314, -8.2363));
#32 = CARTESIAN_POINT('', (15.0000, 1.6000, -7.5000));
#33 = CARTESIAN_POINT('', (14.1410, 1.1314, -6.7637));
#34 = CARTESIAN_POINT('', (0.0000, 0.0000, -25.0000));
#35 = CARTESIAN_POINT('', (15.0000, 0.0000, -7.5000));
#36 = CARTESIAN_POINT('', (13.6280, 0.0000, -8.3232));
#37 = CARTESIAN_POINT('', (14.0299, -1.1314, -8.0821));
#38 = CARTESIAN_POINT('', (15.0000, -1.6000, -7.5000));
#39 = CARTESIAN_POINT('', (15.9701, -1.1314, -6.9179));
#40 = CARTESIAN_POINT('', (16.3720, -0.0000, -6.6768));
#41 = CARTESIAN_POINT('', (15.9701, 1.1314, -6.9179));
#42 = CARTESIAN_POINT('', (15.0000, 1.6000, -7.5000));
#43 = CARTESIAN_POINT('', (14.0299, 1.1314, -8.0821));
#44 = CARTESIAN_POINT('', (9.1280, 0.0000, -0.8232));
#45 = CARTESIAN_POINT('', (9.5299, -1.1314, -0.5821));
#46 = CARTESIAN_POINT('', (10.5000, -1.6000, -0.0000));
#47 = CARTESIAN_POINT('', (11.4701, -1.1314, 0.5821));
#48 = CARTESIAN_POINT('', (11.8720, -0.0000, 0.8232));
#49 = CARTESIAN_POINT('', (11.4701, 1.1314, 0.5821));
#50 = CARTESIAN_POINT('', (10.5000, 1.6000, 0.0000));
#51 = CARTESIAN_POINT('', (9.5299, 1.1314, -0.5821));
#52 = CARTESIAN_POINT('', (15.0000, 0.0000, -7.5000));
#53 = CARTESIAN_POINT('', (10.5000, 0.0000, 0.0000));
#54 = CARTESIAN_POINT('', (9.1280, 0.0000, 0.8232));
#55 = CARTESIAN_POINT('', (9.5299, -1.1314, 0.5821));
#56 = CARTESIAN_POINT('', (10.5000, -1.6000, 0.0000));
#57 = CARTESIAN_POINT('', (11.4701, -1.1314, -0.5821));
#58 = CARTESIAN_POINT('', (11.8720, -0.0000, -0.8232));
#59 = CARTESIAN_POINT('', (11.4701, 1.1314, -0.5821));
#60 = CARTESIAN_POINT('', (10.5000, 1.6000, -0.0000));
#61 = CARTESIAN_POINT('', (9.5299, 1.1314, 0.5821));
#62 = CARTESIAN_POINT('', (13.6280, 0.0000, 8.3232));
#63 = CARTESIAN_POINT('', (14.0299, -1.1314, 8.0821));
#64 = CARTESIAN_POINT('', (15.0000, -1.6000, 7.5000));
#65 = CARTESIAN_POINT('', (15.9701, -1.1314, 6.9179));
#66 = CARTESIAN_POINT('', (16.3720, -0.0000, 6.6768));
#67 = CARTESIAN_POINT('', (15.9701, 1.1314, 6.9179));
#68 = CARTESIAN_POINT('', (15.0000, 1.6000, 7.5000));
#69 = CARTESIAN_POINT('', (14.0299, 1.1314, 8.0821));
#70 = CARTESIAN_POINT('', (10.5000, 0.0000, 0.0000));
#71 = CARTESIAN_POINT('', (15.0000, 0.0000, 7.5000));
#72 = CARTESIAN_POINT('', (13.7852, 0.0000, 6.4587));
#73 = CARTESIAN_POINT('', (14.1410, -1.1314, 6.7637));
#74 = CARTESIAN_POINT('', (15.0000, -1.6000, 7.5000));
#75 = CARTESIAN_POINT('', (15.8590, -1.1314, 8.2363));
#76 = CARTESIAN_POINT('', (16.2148, -0.0000, 8.5413));
#77 = CARTESIAN_POINT('', (15.8590, 1.1314, 8.2363));
#78 = CARTESIAN_POINT('', (15.0000, 1.6000, 7.5000));
#79 = CARTESIAN_POINT('', (14.1410, 1.1314, 6.7637));
#80 = CARTESIAN_POINT('', (-1.2148, 0.0000, 23.9587));
#81 = CARTESIAN_POINT('', (-0.8590, -1.1314, 24.2637));
#82 = CARTESIAN_POINT('', (-0.0000, -1.6000, 25.0000));
#83 = CARTESIAN_POINT('', (0.8590, -1.1314, 25.7363));
#84 = CARTESIAN_POINT('', (1.2148, -0.0000, 26.0413));
#85 = CARTESIAN_POINT('', (0.8590, 1.1314, 25.7363));
#86 = CARTESIAN_POINT('', (0.0000, 1.6000, 25.0000));
#87 = CARTESIAN_POINT('', (-0.8590, 1.1314, 24.2637));
#88 = CARTESIAN_POINT('', (15.0000, 0.0000, 7.5000));
#89 = CARTESIAN_POINT('', (0.0000, 0.0000, 25.0000));
#90 = CARTESIAN_POINT('', (1.2148, 0.0000, 23.9587));
#91 = CARTESIAN_POINT('', (0.8590, -1.1314, 24.2637));
#92 = CARTESIAN_POINT('', (0.0000, -1.6000, 25.0000));
#93 = CARTESIAN_POINT('', (-0.8590, -1.1314, 25.7363));
#94 = CARTESIAN_POINT('', (-1.2148, -0.0000, 26.0413));
#95 = CARTESIAN_POINT('', (-0.8590, 1.1314, 25.7363));
#96 = CARTESIAN_POINT('', (-0.0000, 1.6000, 25.0000));
#97 = CARTESIAN_POINT('', (0.8590, 1.1314, 24.2637));
#98 = CARTESIAN_POINT('', (-13.7852, 0.0000, 6.4587));
#99 = CARTESIAN_POINT('', (-14.1410, -1.1314, 6.7637));
#100 = CARTESIAN_POINT('', (-15.0000, -1.6000, 7.5000));
#101 = CARTESIAN_POINT('', (-15.8590, -1.1314, 8.2363));
#102 = CARTESIAN_POINT('', (-16.2148, -0.0000, 8.5413));
#103 = CARTESIAN_POINT('', (-15.8590, 1.1314, 8.2363));
#104 = CARTESIAN_POINT('', (-15.0000, 1.6000, 7.5000));
#105 = CARTESIAN_POINT('', (-14.1410, 1.1314, 6.7637));
#106 = CARTESIAN_POINT('', (0.0000, 0.0000, 25.0000));
#107 = CARTESIAN_POINT('', (-15.0000, 0.0000, 7.5000));
#108 = CARTESIAN_POINT('', (-13.6280, 0.0000, 8.3232));
#109 = CARTESIAN_POINT('', (-14.0299, -1.1314, 8.0821));
#110 = CARTESIAN_POINT('', (-15.0000, -1.6000, 7.5000));
#111 = CARTESIAN_POINT('', (-15.9701, -1.1314, 6.9179));
#112 = CARTESIAN_POINT('', (-16.3720, -0.0000, 6.6768));
#113 = CARTESIAN_POINT('', (-15.9701, 1.1314, 6.9179));
#114 = CARTESIAN_POINT('', (-15.0000, 1.6000, 7.5000));
#115 = CARTESIAN_POINT('', (-14.0299, 1.1314, 8.0821));
#116 = CARTESIAN_POINT('', (-9.1280, 0.0000, 0.8232));
#117 = CARTESIAN_POINT('', (-9.5299, -1.1314, 0.5821));
#118 = CARTESIAN_POINT('', (-10.5000, -1.6000, 0.0000));
#119 = CARTESIAN_POINT('', (-11.4701, -1.1314, -0.5821));
#120 = CARTESIAN_POINT('', (-11.8720, -0.0000, -0.8232));
#121 = CARTESIAN_POINT('', (-11.4701, 1.1314, -0.5821));
#122 = CARTESIAN_POINT('', (-10.5000, 1.6000, -0.0000));
#123 = CARTESIAN_POINT('', (-9.5299, 1.1314, 0.5821));
#124 = CARTESIAN_POINT('', (-15.0000, 0.0000, 7.5000));
#125 = CARTESIAN_POINT('', (-10.5000, 0.0000, 0.0000));
#126 = CARTESIAN_POINT('', (-9.1280, 0.0000, -0.8232));
#127 = CARTESIAN_POINT('', (-9.5299, -1.1314, -0.5821));
#128 = CARTESIAN_POINT('', (-10.5000, -1.6000, -0.0000));
#129 = CARTESIAN_POINT('', (-11.4701, -1.1314, 0.5821));
#130 = CARTESIAN_POINT('', (-11.8720, -0.0000, 0.8232));
#131 = CARTESIAN_POINT('', (-11.4701, 1.1314, 0.5821));
#132 = CARTESIAN_POINT('', (-10.5000, 1.6000, 0.0000));
#133 = CARTESIAN_POINT('', (-9.5299, 1.1314, -0.5821));
#134 = CARTESIAN_POINT('', (-13.6280, 0.0000, -8.3232));
#135 = CARTESIAN_POINT('', (-14.0299, -1.1314, -8.0821));
#136 = CARTESIAN_POINT('', (-15.0000, -1.6000, -7.5000));
#137 = CARTESIAN_POINT('', (-15.9701, -1.1314, -6.9179));
#138 = CARTESIAN_POINT('', (-16.3720, -0.0000, -6.6768));
#139 = CARTESIAN_POINT('', (-15.9701, 1.1314, -6.9179));
#140 = CARTESIAN_POINT('', (-15.0000, 1.6000, -7.5000));
#141 = CARTESIAN_POINT('', (-14.0299, 1.1314, -8.0821));
#142 = CARTESIAN_POINT('', (-10.5000, 0.0000, 0.0000));
#143 = CARTESIAN_POINT('', (-15.0000, 0.0000, -7.5000));
#144 = CARTESIAN_POINT('', (-13.7852, 0.0000, -6.4587));
#145 = CARTESIAN_POINT('', (-14.1410, -1.1314, -6.7637));
#146 = CARTESIAN_POINT('', (-15.0000, -1.6000, -7.5000));
#147 = CARTESIAN_POINT('', (-15.8590, -1.1314, -8.2363));
#148 = CARTESIAN_POINT('', (-16.2148, -0.0000, -8.5413));
#149 = CARTESIAN_POINT('', (-15.8590, 1.1314, -8.2363));
#150 = CARTESIAN_POINT('', (-15.0000, 1.6000, -7.5000));
#151 = CARTESIAN_POINT('', (-14.1410, 1.1314, -6.7637));
#152 = CARTESIAN_POINT('', (1.2148, 0.0000, -23.9587));
#153 = CARTESIAN_POINT('', (0.8590, -1.1314, -24.2637));
#154 = CARTESIAN_POINT('', (0.0000, -1.6000, -25.0000));
#155 = CARTESIAN_POINT('', (-0.8590, -1.1314, -25.7363));
#156 = CARTESIAN_POINT('', (-1.2148, -0.0000, -26.0413));
#157 = CARTESIAN_POINT('', (-0.8590, 1.1314, -25.7363));
#158 = CARTESIAN_POINT('', (-0.0000, 1.6000, -25.0000));
#159 = CARTESIAN_POINT('', (0.8590, 1.1314, -24.2637));
#160 = CARTESIAN_POINT('', (-15.0000, 0.0000, -7.5000));
#161 = CARTESIAN_POINT('', (0.0000, 0.0000, -25.0000));
#162 = CARTESIAN_POINT('', (0.0000, 2.5000, -25.0000));
#163 = CARTESIAN_POINT('', (0.0000, 2.5000, -25.0000));
#164 = CARTESIAN_POINT('', (0.0000, 2.5000, -25.0000));
#165 = CARTESIAN_POINT('', (0.0000, 2.5000, -25.0000));
#166 = CARTESIAN_POINT('', (0.0000, 2.5000, -25.0000));
#167 = CARTESIAN_POINT('', (0.0000, 2.5000, -25.0000));
#168 = CARTESIAN_POINT('', (0.0000, 2.5000, -25.0000));
#169 = CARTESIAN_POINT('', (0.0000, 2.5000, -25.0000));
#170 = CARTESIAN_POINT('', (0.0000, 2.5000, -25.0000));
#171 = CARTESIAN_POINT('', (0.0000, 2.5000, -25.0000));
#172 = CARTESIAN_POINT('', (1.4695, 2.0225, -25.0000));
#173 = CARTESIAN_POINT('', (1.1888, 2.0225, -24.1363));
#174 = CARTESIAN_POINT('', (0.4541, 2.0225, -23.6025));
#175 = CARTESIAN_POINT('', (-0.4541, 2.0225, -23.6025));
#176 = CARTESIAN_POINT('', (-1.1888, 2.0225, -24.1363));
#177 = CARTESIAN_POINT('', (-1.4695, 2.0225, -25.0000));
#178 = CARTESIAN_POINT('', (-1.1888, 2.0225, -25.8637));
#179 = CARTESIAN_POINT('', (-0.4541, 2.0225, -26.3975));
#180 = CARTESIAN_POINT('', (0.4541, 2.0225, -26.3975));
#181 = CARTESIAN_POINT('', (1.1888, 2.0225, -25.8637));
#182 = CARTESIAN_POINT('', (2.3776, 0.7725, -25.0000));
#183 = CARTESIAN_POINT('', (1.9236, 0.7725, -23.6025));
#184 = CARTESIAN_POINT('', (0.7347, 0.7725, -22.7387));
#185 = CARTESIAN_POINT('', (-0.7347, 0.7725, -22.7387));
#186 = CARTESIAN_POINT('', (-1.9236, 0.7725, -23.6025));
#187 = CARTESIAN_POINT('', (-2.3776, 0.7725, -25.0000));
#188 = CARTESIAN_POINT('', (-1.9236, 0.7725, -26.3975));
#189 = CARTESIAN_POINT('', (-0.7347, 0.7725, -27.2613));
#190 = CARTESIAN_POINT('', (0.7347, 0.7725, -27.2613));
#191 = CARTESIAN_POINT('', (1.9236, 0.7725, -26.3975));
#192 = CARTESIAN_POINT('', (2.3776, -0.7725, -25.0000));
#193 = CARTESIAN_POINT('', (1.9236, -0.7725, -23.6025));
#194 = CARTESIAN_POINT('', (0.7347, -0.7725, -22.7387));
#195 = CARTESIAN_POINT('', (-0.7347, -0.7725, -22.7387));
#196 = CARTESIAN_POINT('', (-1.9236, -0.7725, -23.6025));
#197 = CARTESIAN_POINT('', (-2.3776, -0.7725, -25.0000));
#198 = CARTESIAN_POINT('', (-1.9236, -0.7725, -26.3975));
#199 = CARTESIAN_POINT('', (-0.7347, -0.7725, -27.2613));
#200 = CARTESIAN_POINT('', (0.7347, -0.7725, -27.2613));
#201 = CARTESIAN_POINT('', (1.9236, -0.7725, -26.3975));
#202 = CARTESIAN_POINT('', (1.4695, -2.0225, -25.0000));
#203 = CARTESIAN_POINT('', (1.1888, -2.0225, -24.1363));
#204 = CARTESIAN_POINT('', (0.4541, -2.0225, -23.6025));
#205 = CARTESIAN_POINT('', (-0.4541, -2.0225, -23.6025));
#206 = CARTESIAN_POINT('', (-1.1888, -2.0225, -24.1363));
#207 = CARTESIAN_POINT('', (-1.4695, -2.0225, -25.0000));
#208 = CARTESIAN_POINT('', (-1.1888, -2.0225, -25.8637));
#209 = CARTESIAN_POINT('', (-0.4541, -2.0225, -26.3975));
#210 = CARTESIAN_POINT('', (0.4541, -2.0225, -26.3975));
#211 = CARTESIAN_POINT('', (1.1888, -2.0225, -25.8637));
#212 = CARTESIAN_POINT('', (0.0000, -2.5000, -25.0000));
#213 = CARTESIAN_POINT('', (0.0000, -2.5000, -25.0000));
#214 = CARTESIAN_POINT('', (0.0000, -2.5000, -25.0000));
#215 = CARTESIAN_POINT('', (-0.0000, -2.5000, -25.0000));
#216 = CARTESIAN_POINT('', (-0.0000, -2.5000, -25.0000));
#217 = CARTESIAN_POINT('', (-0.0000, -2.5000, -25.0000));
#218 = CARTESIAN_POINT('', (-0.0000, -2.5000, -25.0000));
#219 = CARTESIAN_POINT('', (-0.0000, -2.5000, -25.0000));
#220 = CARTESIAN_POINT('', (0.0000, -2.5000, -25.0000));
#221 = CARTESIAN_POINT('', (0.0000, -2.5000, -25.0000));
#222 = CARTESIAN_POINT('', (15.0000, 2.5000, -7.5000));
#223 = CARTESIAN_POINT('', (15.0000, 2.5000, -7.5000));
#224 = CARTESIAN_POINT('', (15.0000, 2.5000, -7.5000));
#225 = CARTESIAN_POINT('', (15.0000, 2.5000, -7.5000));
#226 = CARTESIAN_POINT('', (15.0000, 2.5000, -7.5000));
#227 = CARTESIAN_POINT('', (15.0000, 2.5000, -7.5000));
#228 = CARTESIAN_POINT('', (15.0000, 2.5000, -7.5000));
#229 = CARTESIAN_POINT('', (15.0000, 2.5000, -7.5000));
#230 = CARTESIAN_POINT('', (15.0000, 2.5000, -7.5000));
#231 = CARTESIAN_POINT('', (15.0000, 2.5000, -7.5000));
#232 = CARTESIAN_POINT('', (16.4695, 2.0225, -7.5000));
#233 = CARTESIAN_POINT('', (16.1888, 2.0225, -6.6363));
#234 = CARTESIAN_POINT('', (15.4541, 2.0225, -6.1025));
#235 = CARTESIAN_POINT('', (14.5459, 2.0225, -6.1025));
#236 = CARTESIAN_POINT('', (13.8112, 2.0225, -6.6363));
#237 = CARTESIAN_POINT('', (13.5305, 2.0225, -7.5000));
#238 = CARTESIAN_POINT('', (13.8112, 2.0225, -8.3637));
#239 = CARTESIAN_POINT('', (14.5459, 2.0225, -8.8975));
#240 = CARTESIAN_POINT('', (15.4541, 2.0225, -8.8975));
#241 = CARTESIAN_POINT('', (16.1888, 2.0225, -8.3637));
#242 = CARTESIAN_POINT('', (17.3776, 0.7725, -7.5000));
#243 = CARTESIAN_POINT('', (16.9236, 0.7725, -6.1025));
#244 = CARTESIAN_POINT('', (15.7347, 0.7725, -5.2387));
#245 = CARTESIAN_POINT('', (14.2653, 0.7725, -5.2387));
#246 = CARTESIAN_POINT('', (13.0764, 0.7725, -6.1025));
#247 = CARTESIAN_POINT('', (12.6224, 0.7725, -7.5000));
#248 = CARTESIAN_POINT('', (13.0764, 0.7725, -8.8975));
#249 = CARTESIAN_POINT('', (14.2653, 0.7725, -9.7613));
#250 = CARTESIAN_POINT('', (15.7347, 0.7725, -9.7613));
#251 = CARTESIAN_POINT('', (16.9236, 0.7725, -8.8975));
#252 = CARTESIAN_POINT('', (17.3776, -0.7725, -7.5000));
#253 = CARTESIAN_POINT('', (16.9236, -0.7725, -6.1025));
#254 = CARTESIAN_POINT('', (15.7347, -0.7725, -5.2387));
#255 = CARTESIAN_POINT('', (14.2653, -0.7725, -5.2387));
#256 = CARTESIAN_POINT('', (13.0764, -0.7725, -6.1025));
#257 = CARTESIAN_POINT('', (12.6224, -0.7725, -7.5000));
#258 = CARTESIAN_POINT('', (13.0764, -0.7725, -8.8975));
#259 = CARTESIAN_POINT('', (14.2653, -0.7725, -9.7613));
#260 = CARTESIAN_POINT('', (15.7347, -0.7725, -9.7613));
#261 = CARTESIAN_POINT('', (16.9236, -0.7725, -8.8975));
#262 = CARTESIAN_POINT('', (16.4695, -2.0225, -7.5000));
#263 = CARTESIAN_POINT('', (16.1888, -2.0225, -6.6363));
#264 = CARTESIAN_POINT('', (15.4541, -2.0225, -6.1025));
#265 = CARTESIAN_POINT('', (14.5459, -2.0225, -6.1025));
#266 = CARTESIAN_POINT('', (13.8112, -2.0225, -6.6363));
#267 = CARTESIAN_POINT('', (13.5305, -2.0225, -7.5000));
#268 = CARTESIAN_POINT('', (13.8112, -2.0225, -8.3637));
#269 = CARTESIAN_POINT('', (14.5459, -2.0225, -8.8975));
#270 = CARTESIAN_POINT('', (15.4541, -2.0225, -8.8975));
#271 = CARTESIAN_POINT('', (16.1888, -2.0225, -8.3637));
#272 = CARTESIAN_POINT('', (15.0000, -2.5000, -7.5000));
#273 = CARTESIAN_POINT('', (15.0000, -2.5000, -7.5000));
#274 = CARTESIAN_POINT('', (15.0000, -2.5000, -7.5000));
#275 = CARTESIAN_POINT('', (15.0000, -2.5000, -7.5000));
#276 = CARTESIAN_POINT('', (15.0000, -2.5000, -7.5000));
#277 = CARTESIAN_POINT('', (15.0000, -2.5000, -7.5000));
#278 = CARTESIAN_POINT('', (15.0000, -2.5000, -7.5000));
#279 = CARTESIAN_POINT('', (15.0000, -2.5000, -7.5000));
#280 = CARTESIAN_POINT('', (15.0000, -2.5000, -7.5000));
#281 = CARTESIAN_POINT('', (15.0000, -2.5000, -7.5000));
#282 = CARTESIAN_POINT('', (10.5000, 2.5000, 0.0000));
#283 = CARTESIAN_POINT('', (10.5000, 2.5000, 0.0000));
#284 = CARTESIAN_POINT('', (10.5000, 2.5000, 0.0000));
#285 = CARTESIAN_POINT('', (10.5000, 2.5000, 0.0000));
#286 = CARTESIAN_POINT('', (10.5000, 2.5000, 0.0000));
#287 = CARTESIAN_POINT('', (10.5000, 2.5000, 0.0000));
#288 = CARTESIAN_POINT('', (10.5000, 2.5000, 0.0000));
#289 = CARTESIAN_POINT('', (10.5000, 2.5000, 0.0000));
#290 = CARTESIAN_POINT('', (10.5000, 2.5000, 0.0000));
#291 = CARTESIAN_POINT('', (10.5000, 2.5000, 0.0000));
#292 = CARTESIAN_POINT('', (11.9695, 2.0225, 0.0000));
#293 = CARTESIAN_POINT('', (11.6888, 2.0225, 0.8637));
#294 = CARTESIAN_POINT('', (10.9541, 2.0225, 1.3975));
#295 = CARTESIAN_POINT('', (10.0459, 2.0225, 1.3975));
#296 = CARTESIAN_POINT('', (9.3112, 2.0225, 0.8637));
#297 = CARTESIAN_POINT('', (9.0305, 2.0225, 0.0000));
#298 = CARTESIAN_POINT('', (9.3112, 2.0225, -0.8637));
#299 = CARTESIAN_POINT('', (10.0459, 2.0225, -1.3975));
#300 = CARTESIAN_POINT('', (10.9541, 2.0225, -1.3975));
#301 = CARTESIAN_POINT('', (11.6888, 2.0225, -0.8637));
#302 = CARTESIAN_POINT('', (12.8776, 0.7725, 0.0000));
#303 = CARTESIAN_POINT('', (12.4236, 0.7725, 1.3975));
#304 = CARTESIAN_POINT('', (11.2347, 0.7725, 2.2613));
#305 = CARTESIAN_POINT('', (9.7653, 0.7725, 2.2613));
#306 = CARTESIAN_POINT('', (8.5764, 0.7725, 1.3975));
#307 = CARTESIAN_POINT('', (8.1224, 0.7725, 0.0000));
#308 = CARTESIAN_POINT('', (8.5764, 0.7725, -1.3975));
#309 = CARTESIAN_POINT('', (9.7653, 0.7725, -2.2613));
#310 = CARTESIAN_POINT('', (11.2347, 0.7725, -2.2613));
#311 = CARTESIAN_POINT('', (12.4236, 0.7725, -1.3975));
#312 = CARTESIAN_POINT('', (12.8776, -0.7725, 0.0000));
#313 = CARTESIAN_POINT('', (12.4236, -0.7725, 1.3975));
#314 = CARTESIAN_POINT('', (11.2347, -0.7725, 2.2613));
#315 = CARTESIAN_POINT('', (9.7653, -0.7725, 2.2613));
#316 = CARTESIAN_POINT('', (8.5764, -0.7725, 1.3975));
#317 = CARTESIAN_POINT('', (8.1224, -0.7725, 0.0000));
#318 = CARTESIAN_POINT('', (8.5764, -0.7725, -1.3975));
#319 = CARTESIAN_POINT('', (9.7653, -0.7725, -2.2613));
#320 = CARTESIAN_POINT('', (11.2347, -0.7725, -2.2613));
#321 = CARTESIAN_POINT('', (12.4236, -0.7725, -1.3975));
#322 = CARTESIAN_POINT('', (11.9695, -2.0225, 0.0000));
#323 = CARTESIAN_POINT('', (11.6888, -2.0225, 0.8637));
#324 = CARTESIAN_POINT('', (10.9541, -2.0225, 1.3975));
#325 = CARTESIAN_POINT('', (10.0459, -2.0225, 1.3975));
#326 = CARTESIAN_POINT('', (9.3112, -2.0225, 0.8637));
#327 = CARTESIAN_POINT('', (9.0305, -2.0225, 0.0000));
#328 = CARTESIAN_POINT('', (9.3112, -2.0225, -0.8637));
#329 = CARTESIAN_POINT('', (10.0459, -2.0225, -1.3975));
#330 = CARTESIAN_POINT('', (10.9541, -2.0225, -1.3975));
#331 = CARTESIAN_POINT('', (11.6888, -2.0225, -0.8637));
#332 = CARTESIAN_POINT('', (10.5000, -2.5000, 0.0000));
#333 = CARTESIAN_POINT('', (10.5000, -2.5000, 0.0000));
#334 = CARTESIAN_POINT('', (10.5000, -2.5000, 0.0000));
#335 = CARTESIAN_POINT('', (10.5000, -2.5000, 0.0000));
#336 = CARTESIAN_POINT('', (10.5000, -2.5000, 0.0000));
#337 = CARTESIAN_POINT('', (10.5000, -2.5000, 0.0000));
#338 = CARTESIAN_POINT('', (10.5000, -2.5000, -0.0000));
#339 = CARTESIAN_POINT('', (10.5000, -2.5000, -0.0000));
#340 = CARTESIAN_POINT('', (10.5000, -2.5000, -0.0000));
#341 = CARTESIAN_POINT('', (10.5000, -2.5000, -0.0000));
#342 = CARTESIAN_POINT('', (15.0000, 2.5000, 7.5000));
#343 = CARTESIAN_POINT('', (15.0000, 2.5000, 7.5000));
#344 = CARTESIAN_POINT('', (15.0000, 2.5000, 7.5000));
#345 = CARTESIAN_POINT('', (15.0000, 2.5000, 7.5000));
#346 = CARTESIAN_POINT('', (15.0000, 2.5000, 7.5000));
#347 = CARTESIAN_POINT('', (15.0000, 2.5000, 7.5000));
#348 = CARTESIAN_POINT('', (15.0000, 2.5000, 7.5000));
#349 = CARTESIAN_POINT('', (15.0000, 2.5000, 7.5000));
#350 = CARTESIAN_POINT('', (15.0000, 2.5000, 7.5000));
#351 = CARTESIAN_POINT('', (15.0000, 2.5000, 7.5000));
#352 = CARTESIAN_POINT('', (16.4695, 2.0225, 7.5000));
#353 = CARTESIAN_POINT('', (16.1888, 2.0225, 8.3637));
#354 = CARTESIAN_POINT('', (15.4541, 2.0225, 8.8975));
#355 = CARTESIAN_POINT('', (14.5459, 2.0225, 8.8975));
#356 = CARTESIAN_POINT('', (13.8112, 2.0225, 8.3637));
#357 = CARTESIAN_POINT('', (13.5305, 2.0225, 7.5000));
#358 = CARTESIAN_POINT('', (13.8112, 2.0225, 6.6363));
#359 = CARTESIAN_POINT('', (14.5459, 2.0225, 6.1025));
#360 = CARTESIAN_POINT('', (15.4541, 2.0225, 6.1025));
#361 = CARTESIAN_POINT('', (16.1888, 2.0225, 6.6363));
#362 = CARTESIAN_POINT('', (17.3776, 0.7725, 7.5000));
#363 = CARTESIAN_POINT('', (16.9236, 0.7725, 8.8975));
#364 = CARTESIAN_POINT('', (15.7347, 0.7725, 9.7613));
#365 = CARTESIAN_POINT('', (14.2653, 0.7725, 9.7613));
#366 = CARTESIAN_POINT('', (13.0764, 0.7725, 8.8975));
#367 = CARTESIAN_POINT('', (12.6224, 0.7725, 7.5000));
#368 = CARTESIAN_POINT('', (13.0764, 0.7725, 6.1025));
#369 = CARTESIAN_POINT('', (14.2653, 0.7725, 5.2387));
#370 = CARTESIAN_POINT('', (15.7347, 0.7725, 5.2387));
#371 = CARTESIAN_POINT('', (16.9236, 0.7725, 6.1025));
#372 = CARTESIAN_POINT('', (17.3776, -0.7725, 7.5000));
#373 = CARTESIAN_POINT('', (16.9236, -0.7725, 8.8975));
#374 = CARTESIAN_POINT('', (15.7347, -0.7725, 9.7613));
#375 = CARTESIAN_POINT('', (14.2653, -0.7725, 9.7613));
#376 = CARTESIAN_POINT('', (13.0764, -0.7725, 8.8975));
#377 = CARTESIAN_POINT('', (12.6224, -0.7725, 7.5000));
#378 = CARTESIAN_POINT('', (13.0764, -0.7725, 6.1025));
#379 = CARTESIAN_POINT('', (14.2653, -0.7725, 5.2387));
#380 = CARTESIAN_POINT('', (15.7347, -0.7725, 5.2387));
#381 = CARTESIAN_POINT('', (16.9236, -0.7725, 6.1025));
#382 = CARTESIAN_POINT('', (16.4695, -2.0225, 7.5000));
#383 = CARTESIAN_POINT('', (16.1888, -2.0225, 8.3637));
#384 = CARTESIAN_POINT('', (15.4541, -2.0225, 8.8975));
#385 = CARTESIAN_POINT('', (14.5459, -2.0225, 8.8975));
#386 = CARTESIAN_POINT('', (13.8112, -2.0225, 8.3637));
#387 = CARTESIAN_POINT('', (13.5305, -2.0225, 7.5000));
#388 = CARTESIAN_POINT('', (13.8112, -2.0225, 6.6363));
#389 = CARTESIAN_POINT('', (14.5459, -2.0225, 6.1025));
#390 = CARTESIAN_POINT('', (15.4541, -2.0225, 6.1025));
#391 = CARTESIAN_POINT('', (16.1888, -2.0225, 6.6363));
#392 = CARTESIAN_POINT('', (15.0000, -2.5000, 7.5000));
#393 = CARTESIAN_POINT('', (15.0000, -2.5000, 7.5000));
#394 = CARTESIAN_POINT('', (15.0000, -2.5000, 7.5000));
#395 = CARTESIAN_POINT('', (15.0000, -2.5000, 7.5000));
#396 = CARTESIAN_POINT('', (15.0000, -2.5000, 7.5000));
#397 = CARTESIAN_POINT('', (15.0000, -2.5000, 7.5000));
#398 = CARTESIAN_POINT('', (15.0000, -2.5000, 7.5000));
#399 = CARTESIAN_POINT('', (15.0000, -2.5000, 7.5000));
#400 = CARTESIAN_POINT('', (15.0000, -2.5000, 7.5000));
#401 = CARTESIAN_POINT('', (15.0000, -2.5000, 7.5000));
#402 = CARTESIAN_POINT('', (0.0000, 2.5000, 25.0000));
#403 = CARTESIAN_POINT('', (0.0000, 2.5000, 25.0000));
#404 = CARTESIAN_POINT('', (0.0000, 2.5000, 25.0000));
#405 = CARTESIAN_POINT('', (0.0000, 2.5000, 25.0000));
#406 = CARTESIAN_POINT('', (0.0000, 2.5000, 25.0000));
#407 = CARTESIAN_POINT('', (0.0000, 2.5000, 25.0000));
#408 = CARTESIAN_POINT('', (0.0000, 2.5000, 25.0000));
#409 = CARTESIAN_POINT('', (0.0000, 2.5000, 25.0000));
#410 = CARTESIAN_POINT('', (0.0000, 2.5000, 25.0000));
#411 = CARTESIAN_POINT('', (0.0000, 2.5000, 25.0000));
#412 = CARTESIAN_POINT('', (1.4695, 2.0225, 25.0000));
#413 = CARTESIAN_POINT('', (1.1888, 2.0225, 25.8637));
#414 = CARTESIAN_POINT('', (0.4541, 2.0225, 26.3975));
#415 = CARTESIAN_POINT('', (-0.4541, 2.0225, 26.3975));
#416 = CARTESIAN_POINT('', (-1.1888, 2.0225, 25.8637));
#417 = CARTESIAN_POINT('', (-1.4695, 2.0225, 25.0000));
#418 = CARTESIAN_POINT('', (-1.1888, 2.0225, 24.1363));
#419 = CARTESIAN_POINT('', (-0.4541, 2.0225, 23.6025));
#420 = CARTESIAN_POINT('', (0.4541, 2.0225, 23.6025));
#421 = CARTESIAN_POINT('', (1.1888, 2.0225, 24.1363));
#422 = CARTESIAN_POINT('', (2.3776, 0.7725, 25.0000));
#423 = CARTESIAN_POINT('', (1.9236, 0.7725, 26.3975));
#424 = CARTESIAN_POINT('', (0.7347, 0.7725, 27.2613));
#425 = CARTESIAN_POINT('', (-0.7347, 0.7725, 27.2613));
#426 = CARTESIAN_POINT('', (-1.9236, 0.7725, 26.3975));
#427 = CARTESIAN_POINT('', (-2.3776, 0.7725, 25.0000));
#428 = CARTESIAN_POINT('', (-1.9236, 0.7725, 23.6025));
#429 = CARTESIAN_POINT('', (-0.7347, 0.7725, 22.7387));
#430 = CARTESIAN_POINT('', (0.7347, 0.7725, 22.7387));
#431 = CARTESIAN_POINT('', (1.9236, 0.7725, 23.6025));
#432 = CARTESIAN_POINT('', (2.3776, -0.7725, 25.0000));
#433 = CARTESIAN_POINT('', (1.9236, -0.7725, 26.3975));
#434 = CARTESIAN_POINT('', (0.7347, -0.7725, 27.2613));
#435 = CARTESIAN_POINT('', (-0.7347, -0.7725, 27.2613));
#436 = CARTESIAN_POINT('', (-1.9236, -0.7725, 26.3975));
#437 = CARTESIAN_POINT('', (-2.3776, -0.7725, 25.0000));
#438 = CARTESIAN_POINT('', (-1.9236, -0.7725, 23.6025));
#439 = CARTESIAN_POINT('', (-0.7347, -0.7725, 22.7387));
#440 = CARTESIAN_POINT('', (0.7347, -0.7725, 22.7387));
#441 = CARTESIAN_POINT('', (1.9236, -0.7725, 23.6025));
#442 = CARTESIAN_POINT('', (1.4695, -2.0225, 25.0000));
#443 = CARTESIAN_POINT('', (1.1888, -2.0225, 25.8637));
#444 = CARTESIAN_POINT('', (0.4541, -2.0225, 26.3975));
#445 = CARTESIAN_POINT('', (-0.4541, -2.0225, 26.3975));
#446 = CARTESIAN_POINT('', (-1.1888, -2.0225, 25.8637));
#447 = CARTESIAN_POINT('', (-1.4695, -2.0225, 25.0000));
#448 = CARTESIAN_POINT('', (-1.1888, -2.0225, 24.1363));
#449 = CARTESIAN_POINT('', (-0.4541, -2.0225, 23.6025));
#450 = CARTESIAN_POINT('', (0.4541, -2.0225, 23.6025));
#451 = CARTESIAN_POINT('', (1.1888, -2.0225, 24.1363));
#452 = CARTESIAN_POINT('', (0.0000, -2.5000, 25.0000));
#453 = CARTESIAN_POINT('', (0.0000, -2.5000, 25.0000));
#454 = CARTESIAN_POINT('', (0.0000, -2.5000, 25.0000));
#455 = CARTESIAN_POINT('', (-0.0000, -2.5000, 25.0000));
#456 = CARTESIAN_POINT('', (-0.0000, -2.5000, 25.0000));
#457 = CARTESIAN_POINT('', (-0.0000, -2.5000, 25.0000));
#458 = CARTESIAN_POINT('', (-0.0000, -2.5000, 25.0000));
#459 = CARTESIAN_POINT('', (-0.0000, -2.5000, 25.0000));
#460 = CARTESIAN_POINT('', (0.0000, -2.5000, 25.0000));
#461 = CARTESIAN_POINT('', (0.0000, -2.5000, 25.0000));
#462 = CARTESIAN_POINT('', (-15.0000, 2.5000, 7.5000));
#463 = CARTESIAN_POINT('', (-15.0000, 2.5000, 7.5000));
#464 = CARTESIAN_POINT('', (-15.0000, 2.5000, 7.5000));
#465 = CARTESIAN_POINT('', (-15.0000, 2.5000, 7.5000));
#466 = CARTESIAN_POINT('', (-15.0000, 2.5000, 7.5000));
#467 = CARTESIAN_POINT('', (-15.0000, 2.5000, 7.5000));
#468 = CARTESIAN_POINT('', (-15.0000, 2.5000, 7.5000));
#469 = CARTESIAN_POINT('', (-15.0000, 2.5000, 7.5000));
#470 = CARTESIAN_POINT('', (-15.0000, 2.5000, 7.5000));
#471 = CARTESIAN_POINT('', (-15.0000, 2.5000, 7.5000));
#472 = CARTESIAN_POINT('', (-13.5305, 2.0225, 7.5000));
#473 = CARTESIAN_POINT('', (-13.8112, 2.0225, 8.3637));
#474 = CARTESIAN_POINT('', (-14.5459, 2.0225, 8.8975));
#475 = CARTESIAN_POINT('', (-15.4541, 2.0225, 8.8975));
#476 = CARTESIAN_POINT('', (-16.1888, 2.0225, 8.3637));
#477 = CARTESIAN_POINT('', (-16.4695, 2.0225, 7.5000));
#478 = CARTESIAN_POINT('', (-16.1888, 2.0225, 6.6363));
#479 = CARTESIAN_POINT('', (-15.4541, 2.0225, 6.1025));
#480 = CARTESIAN_POINT('', (-14.5459, 2.0225, 6.1025));
#481 = CARTESIAN_POINT('', (-13.8112, 2.0225, 6.6363));
#482 = CARTESIAN_POINT('', (-12.6224, 0.7725, 7.5000));
#483 = CARTESIAN_POINT('', (-13.0764, 0.7725, 8.8975));
#484 = CARTESIAN_POINT('', (-14.2653, 0.7725, 9.7613));
#485 = CARTESIAN_POINT('', (-15.7347, 0.7725, 9.7613));
#486 = CARTESIAN_POINT('', (-16.9236, 0.7725, 8.8975));
#487 = CARTESIAN_POINT('', (-17.3776, 0.7725, 7.5000));
#488 = CARTESIAN_POINT('', (-16.9236, 0.7725, 6.1025));
#489 = CARTESIAN_POINT('', (-15.7347, 0.7725, 5.2387));
#490 = CARTESIAN_POINT('', (-14.2653, 0.7725, 5.2387));
#491 = CARTESIAN_POINT('', (-13.0764, 0.7725, 6.1025));
#492 = CARTESIAN_POINT('', (-12.6224, -0.7725, 7.5000));
#493 = CARTESIAN_POINT('', (-13.0764, -0.7725, 8.8975));
#494 = CARTESIAN_POINT('', (-14.2653, -0.7725, 9.7613));
#495 = CARTESIAN_POINT('', (-15.7347, -0.7725, 9.7613));
#496 = CARTESIAN_POINT('', (-16.9236, -0.7725, 8.8975));
#497 = CARTESIAN_POINT('', (-17.3776, -0.7725, 7.5000));
#498 = CARTESIAN_POINT('', (-16.9236, -0.7725, 6.1025));
#499 = CARTESIAN_POINT('', (-15.7347, -0.7725, 5.2387));
#500 = CARTESIAN_POINT('', (-14.2653, -0.7725, 5.2387));
#501 = CARTESIAN_POINT('', (-13.0764, -0.7725, 6.1025));
#502 = CARTESIAN_POINT('', (-13.5305, -2.0225, 7.5000));
#503 = CARTESIAN_POINT('', (-13.8112, -2.0225, 8.3637));
#504 = CARTESIAN_POINT('', (-14.5459, -2.0225, 8.8975));
#505 = CARTESIAN_POINT('', (-15.4541, -2.0225, 8.8975));
#506 = CARTESIAN_POINT('', (-16.1888, -2.0225, 8.3637));
#507 = CARTESIAN_POINT('', (-16.4695, -2.0225, 7.5000));
#508 = CARTESIAN_POINT('', (-16.1888, -2.0225, 6.6363));
#509 = CARTESIAN_POINT('', (-15.4541, -2.0225, 6.1025));
#510 = CARTESIAN_POINT('', (-14.5459, -2.0225, 6.1025));
#511 = CARTESIAN_POINT('', (-13.8112, -2.0225, 6.6363));
#512 = CARTESIAN_POINT('', (-15.0000, -2.5000, 7.5000));
#513 = CARTESIAN_POINT('', (-15.0000, -2.5000, 7.5000));
#514 = CARTESIAN_POINT('', (-15.0000, -2.5000, 7.5000));
#515 = CARTESIAN_POINT('', (-15.0000, -2.5000, 7.5000));
#516 = CARTESIAN_POINT('', (-15.0000, -2.5000, 7.5000));
#517 = CARTESIAN_POINT('', (-15.0000, -2.5000, 7.5000));
#518 = CARTESIAN_POINT('', (-15.0000, -2.5000, 7.5000));
#519 = CARTESIAN_POINT('', (-15.0000, -2.5000, 7.5000));
#520 = CARTESIAN_POINT('', (-15.0000, -2.5000, 7.5000));
#521 = CARTESIAN_POINT('', (-15.0000, -2.5000, 7.5000));
#522 = CARTESIAN_POINT('', (-10.5000, 2.5000, 0.0000));
#523 = CARTESIAN_POINT('', (-10.5000, 2.5000, 0.0000));
#524 = CARTESIAN_POINT('', (-10.5000, 2.5000, 0.0000));
#525 = CARTESIAN_POINT('', (-10.5000, 2.5000, 0.0000));
#526 = CARTESIAN_POINT('', (-10.5000, 2.5000, 0.0000));
#527 = CARTESIAN_POINT('', (-10.5000, 2.5000, 0.0000));
#528 = CARTESIAN_POINT('', (-10.5000, 2.5000, 0.0000));
#529 = CARTESIAN_POINT('', (-10.5000, 2.5000, 0.0000));
#530 = CARTESIAN_POINT('', (-10.5000, 2.5000, 0.0000));
#531 = CARTESIAN_POINT('', (-10.5000, 2.5000, 0.0000));
#532 = CARTESIAN_POINT('', (-9.0305, 2.0225, 0.0000));
#533 = CARTESIAN_POINT('', (-9.3112, 2.0225, 0.8637));
#534 = CARTESIAN_POINT('', (-10.0459, 2.0225, 1.3975));
#535 = CARTESIAN_POINT('', (-10.9541, 2.0225, 1.3975));
#536 = CARTESIAN_POINT('', (-11.6888, 2.0225, 0.8637));
#537 = CARTESIAN_POINT('', (-11.9695, 2.0225, 0.0000));
#538 = CARTESIAN_POINT('', (-11.6888, 2.0225, -0.8637));
#539 = CARTESIAN_POINT('', (-10.9541, 2.0225, -1.3975));
#540 = CARTESIAN_POINT('', (-10.0459, 2.0225, -1.3975));
#541 = CARTESIAN_POINT('', (-9.3112, 2.0225, -0.8637));
#542 = CARTESIAN_POINT('', (-8.1224, 0.7725, 0.0000));
#543 = CARTESIAN_POINT('', (-8.5764, 0.7725, 1.3975));
#544 = CARTESIAN_POINT('', (-9.7653, 0.7725, 2.2613));
#545 = CARTESIAN_POINT('', (-11.2347, 0.7725, 2.2613));
#546 = CARTESIAN_POINT('', (-12.4236, 0.7725, 1.3975));
#547 = CARTESIAN_POINT('', (-12.8776, 0.7725, 0.0000));
#548 = CARTESIAN_POINT('', (-12.4236, 0.7725, -1.3975));
#549 = CARTESIAN_POINT('', (-11.2347, 0.7725, -2.2613));
#550 = CARTESIAN_POINT('', (-9.7653, 0.7725, -2.2613));
#551 = CARTESIAN_POINT('', (-8.5764, 0.7725, -1.3975));
#552 = CARTESIAN_POINT('', (-8.1224, -0.7725, 0.0000));
#553 = CARTESIAN_POINT('', (-8.5764, -0.7725, 1.3975));
#554 = CARTESIAN_POINT('', (-9.7653, -0.7725, 2.2613));
#555 = CARTESIAN_POINT('', (-11.2347, -0.7725, 2.2613));
#556 = CARTESIAN_POINT('', (-12.4236, -0.7725, 1.3975));
#557 = CARTESIAN_POINT('', (-12.8776, -0.7725, 0.0000));
#558 = CARTESIAN_POINT('', (-12.4236, -0.7725, -1.3975));
#559 = CARTESIAN_POINT('', (-11.2347, -0.7725, -2.2613));
#560 = CARTESIAN_POINT('', (-9.7653, -0.7725, -2.2613));
#561 = CARTESIAN_POINT('', (-8.5764, -0.7725, -1.3975));
#562 = CARTESIAN_POINT('', (-9.0305, -2.0225, 0.0000));
#563 = CARTESIAN_POINT('', (-9.3112, -2.0225, 0.8637));
#564 = CARTESIAN_POINT('', (-10.0459, -2.0225, 1.3975));
#565 = CARTESIAN_POINT('', (-10.9541, -2.0225, 1.3975));
#566 = CARTESIAN_POINT('', (-11.6888, -2.0225, 0.8637));
#567 = CARTESIAN_POINT('', (-11.9695, -2.0225, 0.0000));
#568 = CARTESIAN_POINT('', (-11.6888, -2.0225, -0.8637));
#569 = CARTESIAN_POINT('', (-10.9541, -2.0225, -1.3975));
#570 = CARTESIAN_POINT('', (-10.0459, -2.0225, -1.3975));
#571 = CARTESIAN_POINT('', (-9.3112, -2.0225, -0.8637));
#572 = CARTESIAN_POINT('', (-10.5000, -2.5000, 0.0000));
#573 = CARTESIAN_POINT('', (-10.5000, -2.5000, 0.0000));
#574 = CARTESIAN_POINT('', (-10.5000, -2.5000, 0.0000));
#575 = CARTESIAN_POINT('', (-10.5000, -2.5000, 0.0000));
#576 = CARTESIAN_POINT('', (-10.5000, -2.5000, 0.0000));
#577 = CARTESIAN_POINT('', (-10.5000, -2.5000, 0.0000));
#578 = CARTESIAN_POINT('', (-10.5000, -2.5000, -0.0000));
#579 = CARTESIAN_POINT('', (-10.5000, -2.5000, -0.0000));
#580 = CARTESIAN_POINT('', (-10.5000, -2.5000, -0.0000));
#581 = CARTESIAN_POINT('', (-10.5000, -2.5000, -0.0000));
#582 = CARTESIAN_POINT('', (-15.0000, 2.5000, -7.5000));
#583 = CARTESIAN_POINT('', (-15.0000, 2.5000, -7.5000));
#584 = CARTESIAN_POINT('', (-15.0000, 2.5000, -7.5000));
#585 = CARTESIAN_POINT('', (-15.0000, 2.5000, -7.5000));
#586 = CARTESIAN_POINT('', (-15.0000, 2.5000, -7.5000));
#587 = CARTESIAN_POINT('', (-15.0000, 2.5000, -7.5000));
#588 = CARTESIAN_POINT('', (-15.0000, 2.5000, -7.5000));
#589 = CARTESIAN_POINT('', (-15.0000, 2.5000, -7.5000));
#590 = CARTESIAN_POINT('', (-15.0000, 2.5000, -7.5000));
#591 = CARTESIAN_POINT('', (-15.0000, 2.5000, -7.5000));
#592 = CARTESIAN_POINT('', (-13.5305, 2.0225, -7.5000));
#593 = CARTESIAN_POINT('', (-13.8112, 2.0225, -6.6363));
#594 = CARTESIAN_POINT('', (-14.5459, 2.0225, -6.1025));
#595 = CARTESIAN_POINT('', (-15.4541, 2.0225, -6.1025));
#596 = CARTESIAN_POINT('', (-16.1888, 2.0225, -6.6363));
#597 = CARTESIAN_POINT('', (-16.4695, 2.0225, -7.5000));
#598 = CARTESIAN_POINT('', (-16.1888, 2.0225, -8.3637));
#599 = CARTESIAN_POINT('', (-15.4541, 2.0225, -8.8975));
#600 = CARTESIAN_POINT('', (-14.5459, 2.0225, -8.8975));
#601 = CARTESIAN_POINT('', (-13.8112, 2.0225, -8.3637));
#602 = CARTESIAN_POINT('', (-12.6224, 0.7725, -7.5000));
#603 = CARTESIAN_POINT('', (-13.0764, 0.7725, -6.1025));
#604 = CARTESIAN_POINT('', (-14.2653, 0.7725, -5.2387));
#605 = CARTESIAN_POINT('', (-15.7347, 0.7725, -5.2387));
#606 = CARTESIAN_POINT('', (-16.9236, 0.7725, -6.1025));
#607 = CARTESIAN_POINT('', (-17.3776, 0.7725, -7.5000));
#608 = CARTESIAN_POINT('', (-16.9236, 0.7725, -8.8975));
#609 = CARTESIAN_POINT('', (-15.7347, 0.7725, -9.7613));
#610 = CARTESIAN_POINT('', (-14.2653, 0.7725, -9.7613));
#611 = CARTESIAN_POINT('', (-13.0764, 0.7725, -8.8975));
#612 = CARTESIAN_POINT('', (-12.6224, -0.7725, -7.5000));
#613 = CARTESIAN_POINT('', (-13.0764, -0.7725, -6.1025));
#614 = CARTESIAN_POINT('', (-14.2653, -0.7725, -5.2387));
#615 = CARTESIAN_POINT('', (-15.7347, -0.7725, -5.2387));
#616 = CARTESIAN_POINT('', (-16.9236, -0.7725, -6.1025));
#617 = CARTESIAN_POINT('', (-17.3776, -0.7725, -7.5000));
#618 = CARTESIAN_POINT('', (-16.9236, -0.7725, -8.8975));
#619 = CARTESIAN_POINT('', (-15.7347, -0.7725, -9.7613));
#620 = CARTESIAN_POINT('', (-14.2653, -0.7725, -9.7613));
#621 = CARTESIAN_POINT('', (-13.0764, -0.7725, -8.8975));
#622 = CARTESIAN_POINT('', (-13.5305, -2.0225, -7.5000));
#623 = CARTESIAN_POINT('', (-13.8112, -2.0225, -6.6363));
#624 = CARTESIAN_POINT('', (-14.5459, -2.0225, -6.1025));
#625 = CARTESIAN_POINT('', (-15.4541, -2.0225, -6.1025));
#626 = CARTESIAN_POINT('', (-16.1888, -2.0225, -6.6363));
#627 = CARTESIAN_POINT('', (-16.4695, -2.0225, -7.5000));
#628 = CARTESIAN_POINT('', (-16.1888, -2.0225, -8.3637));
#629 = CARTESIAN_POINT('', (-15.4541, -2.0225, -8.8975));
#630 = CARTESIAN_POINT('', (-14.5459, -2.0225, -8.8975));
#631 = CARTESIAN_POINT('', (-13.8112, -2.0225, -8.3637));
#632 = CARTESIAN_POINT('', (-15.0000, -2.5000, -7.5000));
#633 = CARTESIAN_POINT('', (-15.0000, -2.5000, -7.5000));
#634 = CARTESIAN_POINT('', (-15.0000, -2.5000, -7.5000));
#635 = CARTESIAN_POINT('', (-15.0000, -2.5000, -7.5000));
#636 = CARTESIAN_POINT('', (-15.0000, -2.5000, -7.5000));
#637 = CARTESIAN_POINT('', (-15.0000, -2.5000, -7.5000));
#638 = CARTESIAN_POINT('', (-15.0000, -2.5000, -7.5000));
#639 = CARTESIAN_POINT('', (-15.0000, -2.5000, -7.5000));
#640 = CARTESIAN_POINT('', (-15.0000, -2.5000, -7.5000));
#641 = CARTESIAN_POINT('', (-15.0000, -2.5000, -7.5000));
#642 = POLY_LOOP('', (#18, #19, #27));
#643 = FACE_OUTER_BOUND('', #642, .T.);
#644 = FACETED_BREP_SHAPE_REPRESENTATION('', (#643), #8);
#645 = POLY_LOOP('', (#18, #27, #26));
#646 = FACE_OUTER_BOUND('', #645, .T.);
#647 = FACETED_BREP_SHAPE_REPRESENTATION('', (#646), #8);
#648 = POLY_LOOP('', (#19, #20, #28));
#649 = FACE_OUTER_BOUND('', #648, .T.);
#650 = FACETED_BREP_SHAPE_REPRESENTATION('', (#649), #8);
#651 = POLY_LOOP('', (#19, #28, #27));
#652 = FACE_OUTER_BOUND('', #651, .T.);
#653 = FACETED_BREP_SHAPE_REPRESENTATION('', (#652), #8);
#654 = POLY_LOOP('', (#20, #21, #29));
#655 = FACE_OUTER_BOUND('', #654, .T.);
#656 = FACETED_BREP_SHAPE_REPRESENTATION('', (#655), #8);
#657 = POLY_LOOP('', (#20, #29, #28));
#658 = FACE_OUTER_BOUND('', #657, .T.);
#659 = FACETED_BREP_SHAPE_REPRESENTATION('', (#658), #8);
#660 = POLY_LOOP('', (#21, #22, #30));
#661 = FACE_OUTER_BOUND('', #660, .T.);
#662 = FACETED_BREP_SHAPE_REPRESENTATION('', (#661), #8);
#663 = POLY_LOOP('', (#21, #30, #29));
#664 = FACE_OUTER_BOUND('', #663, .T.);
#665 = FACETED_BREP_SHAPE_REPRESENTATION('', (#664), #8);
#666 = POLY_LOOP('', (#22, #23, #31));
#667 = FACE_OUTER_BOUND('', #666, .T.);
#668 = FACETED_BREP_SHAPE_REPRESENTATION('', (#667), #8);
#669 = POLY_LOOP('', (#22, #31, #30));
#670 = FACE_OUTER_BOUND('', #669, .T.);
#671 = FACETED_BREP_SHAPE_REPRESENTATION('', (#670), #8);
#672 = POLY_LOOP('', (#23, #24, #32));
#673 = FACE_OUTER_BOUND('', #672, .T.);
#674 = FACETED_BREP_SHAPE_REPRESENTATION('', (#673), #8);
#675 = POLY_LOOP('', (#23, #32, #31));
#676 = FACE_OUTER_BOUND('', #675, .T.);
#677 = FACETED_BREP_SHAPE_REPRESENTATION('', (#676), #8);
#678 = POLY_LOOP('', (#24, #25, #33));
#679 = FACE_OUTER_BOUND('', #678, .T.);
#680 = FACETED_BREP_SHAPE_REPRESENTATION('', (#679), #8);
#681 = POLY_LOOP('', (#24, #33, #32));
#682 = FACE_OUTER_BOUND('', #681, .T.);
#683 = FACETED_BREP_SHAPE_REPRESENTATION('', (#682), #8);
#684 = POLY_LOOP('', (#25, #18, #26));
#685 = FACE_OUTER_BOUND('', #684, .T.);
#686 = FACETED_BREP_SHAPE_REPRESENTATION('', (#685), #8);
#687 = POLY_LOOP('', (#25, #26, #33));
#688 = FACE_OUTER_BOUND('', #687, .T.);
#689 = FACETED_BREP_SHAPE_REPRESENTATION('', (#688), #8);
#690 = POLY_LOOP('', (#34, #19, #18));
#691 = FACE_OUTER_BOUND('', #690, .T.);
#692 = FACETED_BREP_SHAPE_REPRESENTATION('', (#691), #8);
#693 = POLY_LOOP('', (#35, #26, #27));
#694 = FACE_OUTER_BOUND('', #693, .T.);
#695 = FACETED_BREP_SHAPE_REPRESENTATION('', (#694), #8);
#696 = POLY_LOOP('', (#34, #20, #19));
#697 = FACE_OUTER_BOUND('', #696, .T.);
#698 = FACETED_BREP_SHAPE_REPRESENTATION('', (#697), #8);
#699 = POLY_LOOP('', (#35, #27, #28));
#700 = FACE_OUTER_BOUND('', #699, .T.);
#701 = FACETED_BREP_SHAPE_REPRESENTATION('', (#700), #8);
#702 = POLY_LOOP('', (#34, #21, #20));
#703 = FACE_OUTER_BOUND('', #702, .T.);
#704 = FACETED_BREP_SHAPE_REPRESENTATION('', (#703), #8);
#705 = POLY_LOOP('', (#35, #28, #29));
#706 = FACE_OUTER_BOUND('', #705, .T.);
#707 = FACETED_BREP_SHAPE_REPRESENTATION('', (#706), #8);
#708 = POLY_LOOP('', (#34, #22, #21));
#709 = FACE_OUTER_BOUND('', #708, .T.);
#710 = FACETED_BREP_SHAPE_REPRESENTATION('', (#709), #8);
#711 = POLY_LOOP('', (#35, #29, #30));
#712 = FACE_OUTER_BOUND('', #711, .T.);
#713 = FACETED_BREP_SHAPE_REPRESENTATION('', (#712), #8);
#714 = POLY_LOOP('', (#34, #23, #22));
#715 = FACE_OUTER_BOUND('', #714, .T.);
#716 = FACETED_BREP_SHAPE_REPRESENTATION('', (#715), #8);
#717 = POLY_LOOP('', (#35, #30, #31));
#718 = FACE_OUTER_BOUND('', #717, .T.);
#719 = FACETED_BREP_SHAPE_REPRESENTATION('', (#718), #8);
#720 = POLY_LOOP('', (#34, #24, #23));
#721 = FACE_OUTER_BOUND('', #720, .T.);
#722 = FACETED_BREP_SHAPE_REPRESENTATION('', (#721), #8);
#723 = POLY_LOOP('', (#35, #31, #32));
#724 = FACE_OUTER_BOUND('', #723, .T.);
#725 = FACETED_BREP_SHAPE_REPRESENTATION('', (#724), #8);
#726 = POLY_LOOP('', (#34, #25, #24));
#727 = FACE_OUTER_BOUND('', #726, .T.);
#728 = FACETED_BREP_SHAPE_REPRESENTATION('', (#727), #8);
#729 = POLY_LOOP('', (#35, #32, #33));
#730 = FACE_OUTER_BOUND('', #729, .T.);
#731 = FACETED_BREP_SHAPE_REPRESENTATION('', (#730), #8);
#732 = POLY_LOOP('', (#34, #18, #25));
#733 = FACE_OUTER_BOUND('', #732, .T.);
#734 = FACETED_BREP_SHAPE_REPRESENTATION('', (#733), #8);
#735 = POLY_LOOP('', (#35, #33, #26));
#736 = FACE_OUTER_BOUND('', #735, .T.);
#737 = FACETED_BREP_SHAPE_REPRESENTATION('', (#736), #8);
#738 = POLY_LOOP('', (#36, #37, #45));
#739 = FACE_OUTER_BOUND('', #738, .T.);
#740 = FACETED_BREP_SHAPE_REPRESENTATION('', (#739), #8);
#741 = POLY_LOOP('', (#36, #45, #44));
#742 = FACE_OUTER_BOUND('', #741, .T.);
#743 = FACETED_BREP_SHAPE_REPRESENTATION('', (#742), #8);
#744 = POLY_LOOP('', (#37, #38, #46));
#745 = FACE_OUTER_BOUND('', #744, .T.);
#746 = FACETED_BREP_SHAPE_REPRESENTATION('', (#745), #8);
#747 = POLY_LOOP('', (#37, #46, #45));
#748 = FACE_OUTER_BOUND('', #747, .T.);
#749 = FACETED_BREP_SHAPE_REPRESENTATION('', (#748), #8);
#750 = POLY_LOOP('', (#38, #39, #47));
#751 = FACE_OUTER_BOUND('', #750, .T.);
#752 = FACETED_BREP_SHAPE_REPRESENTATION('', (#751), #8);
#753 = POLY_LOOP('', (#38, #47, #46));
#754 = FACE_OUTER_BOUND('', #753, .T.);
#755 = FACETED_BREP_SHAPE_REPRESENTATION('', (#754), #8);
#756 = POLY_LOOP('', (#39, #40, #48));
#757 = FACE_OUTER_BOUND('', #756, .T.);
#758 = FACETED_BREP_SHAPE_REPRESENTATION('', (#757), #8);
#759 = POLY_LOOP('', (#39, #48, #47));
#760 = FACE_OUTER_BOUND('', #759, .T.);
#761 = FACETED_BREP_SHAPE_REPRESENTATION('', (#760), #8);
#762 = POLY_LOOP('', (#40, #41, #49));
#763 = FACE_OUTER_BOUND('', #762, .T.);
#764 = FACETED_BREP_SHAPE_REPRESENTATION('', (#763), #8);
#765 = POLY_LOOP('', (#40, #49, #48));
#766 = FACE_OUTER_BOUND('', #765, .T.);
#767 = FACETED_BREP_SHAPE_REPRESENTATION('', (#766), #8);
#768 = POLY_LOOP('', (#41, #42, #50));
#769 = FACE_OUTER_BOUND('', #768, .T.);
#770 = FACETED_BREP_SHAPE_REPRESENTATION('', (#769), #8);
#771 = POLY_LOOP('', (#41, #50, #49));
#772 = FACE_OUTER_BOUND('', #771, .T.);
#773 = FACETED_BREP_SHAPE_REPRESENTATION('', (#772), #8);
#774 = POLY_LOOP('', (#42, #43, #51));
#775 = FACE_OUTER_BOUND('', #774, .T.);
#776 = FACETED_BREP_SHAPE_REPRESENTATION('', (#775), #8);
#777 = POLY_LOOP('', (#42, #51, #50));
#778 = FACE_OUTER_BOUND('', #777, .T.);
#779 = FACETED_BREP_SHAPE_REPRESENTATION('', (#778), #8);
#780 = POLY_LOOP('', (#43, #36, #44));
#781 = FACE_OUTER_BOUND('', #780, .T.);
#782 = FACETED_BREP_SHAPE_REPRESENTATION('', (#781), #8);
#783 = POLY_LOOP('', (#43, #44, #51));
#784 = FACE_OUTER_BOUND('', #783, .T.);
#785 = FACETED_BREP_SHAPE_REPRESENTATION('', (#784), #8);
#786 = POLY_LOOP('', (#52, #37, #36));
#787 = FACE_OUTER_BOUND('', #786, .T.);
#788 = FACETED_BREP_SHAPE_REPRESENTATION('', (#787), #8);
#789 = POLY_LOOP('', (#53, #44, #45));
#790 = FACE_OUTER_BOUND('', #789, .T.);
#791 = FACETED_BREP_SHAPE_REPRESENTATION('', (#790), #8);
#792 = POLY_LOOP('', (#52, #38, #37));
#793 = FACE_OUTER_BOUND('', #792, .T.);
#794 = FACETED_BREP_SHAPE_REPRESENTATION('', (#793), #8);
#795 = POLY_LOOP('', (#53, #45, #46));
#796 = FACE_OUTER_BOUND('', #795, .T.);
#797 = FACETED_BREP_SHAPE_REPRESENTATION('', (#796), #8);
#798 = POLY_LOOP('', (#52, #39, #38));
#799 = FACE_OUTER_BOUND('', #798, .T.);
#800 = FACETED_BREP_SHAPE_REPRESENTATION('', (#799), #8);
#801 = POLY_LOOP('', (#53, #46, #47));
#802 = FACE_OUTER_BOUND('', #801, .T.);
#803 = FACETED_BREP_SHAPE_REPRESENTATION('', (#802), #8);
#804 = POLY_LOOP('', (#52, #40, #39));
#805 = FACE_OUTER_BOUND('', #804, .T.);
#806 = FACETED_BREP_SHAPE_REPRESENTATION('', (#805), #8);
#807 = POLY_LOOP('', (#53, #47, #48));
#808 = FACE_OUTER_BOUND('', #807, .T.);
#809 = FACETED_BREP_SHAPE_REPRESENTATION('', (#808), #8);
#810 = POLY_LOOP('', (#52, #41, #40));
#811 = FACE_OUTER_BOUND('', #810, .T.);
#812 = FACETED_BREP_SHAPE_REPRESENTATION('', (#811), #8);
#813 = POLY_LOOP('', (#53, #48, #49));
#814 = FACE_OUTER_BOUND('', #813, .T.);
#815 = FACETED_BREP_SHAPE_REPRESENTATION('', (#814), #8);
#816 = POLY_LOOP('', (#52, #42, #41));
#817 = FACE_OUTER_BOUND('', #816, .T.);
#818 = FACETED_BREP_SHAPE_REPRESENTATION('', (#817), #8);
#819 = POLY_LOOP('', (#53, #49, #50));
#820 = FACE_OUTER_BOUND('', #819, .T.);
#821 = FACETED_BREP_SHAPE_REPRESENTATION('', (#820), #8);
#822 = POLY_LOOP('', (#52, #43, #42));
#823 = FACE_OUTER_BOUND('', #822, .T.);
#824 = FACETED_BREP_SHAPE_REPRESENTATION('', (#823), #8);
#825 = POLY_LOOP('', (#53, #50, #51));
#826 = FACE_OUTER_BOUND('', #825, .T.);
#827 = FACETED_BREP_SHAPE_REPRESENTATION('', (#826), #8);
#828 = POLY_LOOP('', (#52, #36, #43));
#829 = FACE_OUTER_BOUND('', #828, .T.);
#830 = FACETED_BREP_SHAPE_REPRESENTATION('', (#829), #8);
#831 = POLY_LOOP('', (#53, #51, #44));
#832 = FACE_OUTER_BOUND('', #831, .T.);
#833 = FACETED_BREP_SHAPE_REPRESENTATION('', (#832), #8);
#834 = POLY_LOOP('', (#54, #55, #63));
#835 = FACE_OUTER_BOUND('', #834, .T.);
#836 = FACETED_BREP_SHAPE_REPRESENTATION('', (#835), #8);
#837 = POLY_LOOP('', (#54, #63, #62));
#838 = FACE_OUTER_BOUND('', #837, .T.);
#839 = FACETED_BREP_SHAPE_REPRESENTATION('', (#838), #8);
#840 = POLY_LOOP('', (#55, #56, #64));
#841 = FACE_OUTER_BOUND('', #840, .T.);
#842 = FACETED_BREP_SHAPE_REPRESENTATION('', (#841), #8);
#843 = POLY_LOOP('', (#55, #64, #63));
#844 = FACE_OUTER_BOUND('', #843, .T.);
#845 = FACETED_BREP_SHAPE_REPRESENTATION('', (#844), #8);
#846 = POLY_LOOP('', (#56, #57, #65));
#847 = FACE_OUTER_BOUND('', #846, .T.);
#848 = FACETED_BREP_SHAPE_REPRESENTATION('', (#847), #8);
#849 = POLY_LOOP('', (#56, #65, #64));
#850 = FACE_OUTER_BOUND('', #849, .T.);
#851 = FACETED_BREP_SHAPE_REPRESENTATION('', (#850), #8);
#852 = POLY_LOOP('', (#57, #58, #66));
#853 = FACE_OUTER_BOUND('', #852, .T.);
#854 = FACETED_BREP_SHAPE_REPRESENTATION('', (#853), #8);
#855 = POLY_LOOP('', (#57, #66, #65));
#856 = FACE_OUTER_BOUND('', #855, .T.);
#857 = FACETED_BREP_SHAPE_REPRESENTATION('', (#856), #8);
#858 = POLY_LOOP('', (#58, #59, #67));
#859 = FACE_OUTER_BOUND('', #858, .T.);
#860 = FACETED_BREP_SHAPE_REPRESENTATION('', (#859), #8);
#861 = POLY_LOOP('', (#58, #67, #66));
#862 = FACE_OUTER_BOUND('', #861, .T.);
#863 = FACETED_BREP_SHAPE_REPRESENTATION('', (#862), #8);
#864 = POLY_LOOP('', (#59, #60, #68));
#865 = FACE_OUTER_BOUND('', #864, .T.);
#866 = FACETED_BREP_SHAPE_REPRESENTATION('', (#865), #8);
#867 = POLY_LOOP('', (#59, #68, #67));
#868 = FACE_OUTER_BOUND('', #867, .T.);
#869 = FACETED_BREP_SHAPE_REPRESENTATION('', (#868), #8);
#870 = POLY_LOOP('', (#60, #61, #69));
#871 = FACE_OUTER_BOUND('', #870, .T.);
#872 = FACETED_BREP_SHAPE_REPRESENTATION('', (#871), #8);
#873 = POLY_LOOP('', (#60, #69, #68));
#874 = FACE_OUTER_BOUND('', #873, .T.);
#875 = FACETED_BREP_SHAPE_REPRESENTATION('', (#874), #8);
#876 = POLY_LOOP('', (#61, #54, #62));
#877 = FACE_OUTER_BOUND('', #876, .T.);
#878 = FACETED_BREP_SHAPE_REPRESENTATION('', (#877), #8);
#879 = POLY_LOOP('', (#61, #62, #69));
#880 = FACE_OUTER_BOUND('', #879, .T.);
#881 = FACETED_BREP_SHAPE_REPRESENTATION('', (#880), #8);
#882 = POLY_LOOP('', (#70, #55, #54));
#883 = FACE_OUTER_BOUND('', #882, .T.);
#884 = FACETED_BREP_SHAPE_REPRESENTATION('', (#883), #8);
#885 = POLY_LOOP('', (#71, #62, #63));
#886 = FACE_OUTER_BOUND('', #885, .T.);
#887 = FACETED_BREP_SHAPE_REPRESENTATION('', (#886), #8);
#888 = POLY_LOOP('', (#70, #56, #55));
#889 = FACE_OUTER_BOUND('', #888, .T.);
#890 = FACETED_BREP_SHAPE_REPRESENTATION('', (#889), #8);
#891 = POLY_LOOP('', (#71, #63, #64));
#892 = FACE_OUTER_BOUND('', #891, .T.);
#893 = FACETED_BREP_SHAPE_REPRESENTATION('', (#892), #8);
#894 = POLY_LOOP('', (#70, #57, #56));
#895 = FACE_OUTER_BOUND('', #894, .T.);
#896 = FACETED_BREP_SHAPE_REPRESENTATION('', (#895), #8);
#897 = POLY_LOOP('', (#71, #64, #65));
#898 = FACE_OUTER_BOUND('', #897, .T.);
#899 = FACETED_BREP_SHAPE_REPRESENTATION('', (#898), #8);
#900 = POLY_LOOP('', (#70, #58, #57));
#901 = FACE_OUTER_BOUND('', #900, .T.);
#902 = FACETED_BREP_SHAPE_REPRESENTATION('', (#901), #8);
#903 = POLY_LOOP('', (#71, #65, #66));
#904 = FACE_OUTER_BOUND('', #903, .T.);
#905 = FACETED_BREP_SHAPE_REPRESENTATION('', (#904), #8);
#906 = POLY_LOOP('', (#70, #59, #58));
#907 = FACE_OUTER_BOUND('', #906, .T.);
#908 = FACETED_BREP_SHAPE_REPRESENTATION('', (#907), #8);
#909 = POLY_LOOP('', (#71, #66, #67));
#910 = FACE_OUTER_BOUND('', #909, .T.);
#911 = FACETED_BREP_SHAPE_REPRESENTATION('', (#910), #8);
#912 = POLY_LOOP('', (#70, #60, #59));
#913 = FACE_OUTER_BOUND('', #912, .T.);
#914 = FACETED_BREP_SHAPE_REPRESENTATION('', (#913), #8);
#915 = POLY_LOOP('', (#71, #67, #68));
#916 = FACE_OUTER_BOUND('', #915, .T.);
#917 = FACETED_BREP_SHAPE_REPRESENTATION('', (#916), #8);
#918 = POLY_LOOP('', (#70, #61, #60));
#919 = FACE_OUTER_BOUND('', #918, .T.);
#920 = FACETED_BREP_SHAPE_REPRESENTATION('', (#919), #8);
#921 = POLY_LOOP('', (#71, #68, #69));
#922 = FACE_OUTER_BOUND('', #921, .T.);
#923 = FACETED_BREP_SHAPE_REPRESENTATION('', (#922), #8);
#924 = POLY_LOOP('', (#70, #54, #61));
#925 = FACE_OUTER_BOUND('', #924, .T.);
#926 = FACETED_BREP_SHAPE_REPRESENTATION('', (#925), #8);
#927 = POLY_LOOP('', (#71, #69, #62));
#928 = FACE_OUTER_BOUND('', #927, .T.);
#929 = FACETED_BREP_SHAPE_REPRESENTATION('', (#928), #8);
#930 = POLY_LOOP('', (#72, #73, #81));
#931 = FACE_OUTER_BOUND('', #930, .T.);
#932 = FACETED_BREP_SHAPE_REPRESENTATION('', (#931), #8);
#933 = POLY_LOOP('', (#72, #81, #80));
#934 = FACE_OUTER_BOUND('', #933, .T.);
#935 = FACETED_BREP_SHAPE_REPRESENTATION('', (#934), #8);
#936 = POLY_LOOP('', (#73, #74, #82));
#937 = FACE_OUTER_BOUND('', #936, .T.);
#938 = FACETED_BREP_SHAPE_REPRESENTATION('', (#937), #8);
#939 = POLY_LOOP('', (#73, #82, #81));
#940 = FACE_OUTER_BOUND('', #939, .T.);
#941 = FACETED_BREP_SHAPE_REPRESENTATION('', (#940), #8);
#942 = POLY_LOOP('', (#74, #75, #83));
#943 = FACE_OUTER_BOUND('', #942, .T.);
#944 = FACETED_BREP_SHAPE_REPRESENTATION('', (#943), #8);
#945 = POLY_LOOP('', (#74, #83, #82));
#946 = FACE_OUTER_BOUND('', #945, .T.);
#947 = FACETED_BREP_SHAPE_REPRESENTATION('', (#946), #8);
#948 = POLY_LOOP('', (#75, #76, #84));
#949 = FACE_OUTER_BOUND('', #948, .T.);
#950 = FACETED_BREP_SHAPE_REPRESENTATION('', (#949), #8);
#951 = POLY_LOOP('', (#75, #84, #83));
#952 = FACE_OUTER_BOUND('', #951, .T.);
#953 = FACETED_BREP_SHAPE_REPRESENTATION('', (#952), #8);
#954 = POLY_LOOP('', (#76, #77, #85));
#955 = FACE_OUTER_BOUND('', #954, .T.);
#956 = FACETED_BREP_SHAPE_REPRESENTATION('', (#955), #8);
#957 = POLY_LOOP('', (#76, #85, #84));
#958 = FACE_OUTER_BOUND('', #957, .T.);
#959 = FACETED_BREP_SHAPE_REPRESENTATION('', (#958), #8);
#960 = POLY_LOOP('', (#77, #78, #86));
#961 = FACE_OUTER_BOUND('', #960, .T.);
#962 = FACETED_BREP_SHAPE_REPRESENTATION('', (#961), #8);
#963 = POLY_LOOP('', (#77, #86, #85));
#964 = FACE_OUTER_BOUND('', #963, .T.);
#965 = FACETED_BREP_SHAPE_REPRESENTATION('', (#964), #8);
#966 = POLY_LOOP('', (#78, #79, #87));
#967 = FACE_OUTER_BOUND('', #966, .T.);
#968 = FACETED_BREP_SHAPE_REPRESENTATION('', (#967), #8);
#969 = POLY_LOOP('', (#78, #87, #86));
#970 = FACE_OUTER_BOUND('', #969, .T.);
#971 = FACETED_BREP_SHAPE_REPRESENTATION('', (#970), #8);
#972 = POLY_LOOP('', (#79, #72, #80));
#973 = FACE_OUTER_BOUND('', #972, .T.);
#974 = FACETED_BREP_SHAPE_REPRESENTATION('', (#973), #8);
#975 = POLY_LOOP('', (#79, #80, #87));
#976 = FACE_OUTER_BOUND('', #975, .T.);
#977 = FACETED_BREP_SHAPE_REPRESENTATION('', (#976), #8);
#978 = POLY_LOOP('', (#88, #73, #72));
#979 = FACE_OUTER_BOUND('', #978, .T.);
#980 = FACETED_BREP_SHAPE_REPRESENTATION('', (#979), #8);
#981 = POLY_LOOP('', (#89, #80, #81));
#982 = FACE_OUTER_BOUND('', #981, .T.);
#983 = FACETED_BREP_SHAPE_REPRESENTATION('', (#982), #8);
#984 = POLY_LOOP('', (#88, #74, #73));
#985 = FACE_OUTER_BOUND('', #984, .T.);
#986 = FACETED_BREP_SHAPE_REPRESENTATION('', (#985), #8);
#987 = POLY_LOOP('', (#89, #81, #82));
#988 = FACE_OUTER_BOUND('', #987, .T.);
#989 = FACETED_BREP_SHAPE_REPRESENTATION('', (#988), #8);
#990 = POLY_LOOP('', (#88, #75, #74));
#991 = FACE_OUTER_BOUND('', #990, .T.);
#992 = FACETED_BREP_SHAPE_REPRESENTATION('', (#991), #8);
#993 = POLY_LOOP('', (#89, #82, #83));
#994 = FACE_OUTER_BOUND('', #993, .T.);
#995 = FACETED_BREP_SHAPE_REPRESENTATION('', (#994), #8);
#996 = POLY_LOOP('', (#88, #76, #75));
#997 = FACE_OUTER_BOUND('', #996, .T.);
#998 = FACETED_BREP_SHAPE_REPRESENTATION('', (#997), #8);
#999 = POLY_LOOP('', (#89, #83, #84));
#1000 = FACE_OUTER_BOUND('', #999, .T.);
#1001 = FACETED_BREP_SHAPE_REPRESENTATION('', (#1000), #8);
#1002 = POLY_LOOP('', (#88, #77, #76));
#1003 = FACE_OUTER_BOUND('', #1002, .T.);
#1004 = FACETED_BREP_SHAPE_REPRESENTATION('', (#1003), #8);
#1005 = POLY_LOOP('', (#89, #84, #85));
#1006 = FACE_OUTER_BOUND('', #1005, .T.);
#1007 = FACETED_BREP_SHAPE_REPRESENTATION('', (#1006), #8);
#1008 = POLY_LOOP('', (#88, #78, #77));
#1009 = FACE_OUTER_BOUND('', #1008, .T.);
#1010 = FACETED_BREP_SHAPE_REPRESENTATION('', (#1009), #8);
#1011 = POLY_LOOP('', (#89, #85, #86));
#1012 = FACE_OUTER_BOUND('', #1011, .T.);
#1013 = FACETED_BREP_SHAPE_REPRESENTATION('', (#1012), #8);
#1014 = POLY_LOOP('', (#88, #79, #78));
#1015 = FACE_OUTER_BOUND('', #1014, .T.);
#1016 = FACETED_BREP_SHAPE_REPRESENTATION('', (#1015), #8);
#1017 = POLY_LOOP('', (#89, #86, #87));
#1018 = FACE_OUTER_BOUND('', #1017, .T.);
#1019 = FACETED_BREP_SHAPE_REPRESENTATION('', (#1018), #8);
#1020 = POLY_LOOP('', (#88, #72, #79));
#1021 = FACE_OUTER_BOUND('', #1020, .T.);
#1022 = FACETED_BREP_SHAPE_REPRESENTATION('', (#1021), #8);
#1023 = POLY_LOOP('', (#89, #87, #80));
#1024 = FACE_OUTER_BOUND('', #1023, .T.);
#1025 = FACETED_BREP_SHAPE_REPRESENTATION('', (#1024), #8);
#1026 = POLY_LOOP('', (#90, #91, #99));
#1027 = FACE_OUTER_BOUND('', #1026, .T.);
#1028 = FACETED_BREP_SHAPE_REPRESENTATION('', (#1027), #8);
#1029 = POLY_LOOP('', (#90, #99, #98));
#1030 = FACE_OUTER_BOUND('', #1029, .T.);
#1031 = FACETED_BREP_SHAPE_REPRESENTATION('', (#1030), #8);
#1032 = POLY_LOOP('', (#91, #92, #100));
#1033 = FACE_OUTER_BOUND('', #1032, .T.);
#1034 = FACETED_BREP_SHAPE_REPRESENTATION('', (#1033), #8);
#1035 = POLY_LOOP('', (#91, #100, #99));
#1036 = FACE_OUTER_BOUND('', #1035, .T.);
#1037 = FACETED_BREP_SHAPE_REPRESENTATION('', (#1036), #8);
#1038 = POLY_LOOP('', (#92, #93, #101));
#1039 = FACE_OUTER_BOUND('', #1038, .T.);
#1040 = FACETED_BREP_SHAPE_REPRESENTATION('', (#1039), #8);
#1041 = POLY_LOOP('', (#92, #101, #100));
#1042 = FACE_OUTER_BOUND('', #1041, .T.);
#1043 = FACETED_BREP_SHAPE_REPRESENTATION('', (#1042), #8);
#1044 = POLY_LOOP('', (#93, #94, #102));
#1045 = FACE_OUTER_BOUND('', #1044, .T.);
#1046 = FACETED_BREP_SHAPE_REPRESENTATION('', (#1045), #8);
#1047 = POLY_LOOP('', (#93, #102, #101));
#1048 = FACE_OUTER_BOUND('', #1047, .T.);
#1049 = FACETED_BREP_SHAPE_REPRESENTATION('', (#1048), #8);
#1050 = POLY_LOOP('', (#94, #95, #103));
#1051 = FACE_OUTER_BOUND('', #1050, .T.);
#1052 = FACETED_BREP_SHAPE_REPRESENTATION('', (#1051), #8);
#1053 = POLY_LOOP('', (#94, #103, #102));
#1054 = FACE_OUTER_BOUND('', #1053, .T.);
#1055 = FACETED_BREP_SHAPE_REPRESENTATION('', (#1054), #8);
#1056 = POLY_LOOP('', (#95, #96, #104));
#1057 = FACE_OUTER_BOUND('', #1056, .T.);
#1058 = FACETED_BREP_SHAPE_REPRESENTATION('', (#1057), #8);
#1059 = POLY_LOOP('', (#95, #104, #103));
#1060 = FACE_OUTER_BOUND('', #1059, .T.);
#1061 = FACETED_BREP_SHAPE_REPRESENTATION('', (#1060), #8);
#1062 = POLY_LOOP('', (#96, #97, #105));
#1063 = FACE_OUTER_BOUND('', #1062, .T.);
#1064 = FACETED_BREP_SHAPE_REPRESENTATION('', (#1063), #8);
#1065 = POLY_LOOP('', (#96, #105, #104));
#1066 = FACE_OUTER_BOUND('', #1065, .T.);
#1067 = FACETED_BREP_SHAPE_REPRESENTATION('', (#1066), #8);
#1068 = POLY_LOOP('', (#97, #90, #98));
#1069 = FACE_OUTER_BOUND('', #1068, .T.);
#1070 = FACETED_BREP_SHAPE_REPRESENTATION('', (#1069), #8);
#1071 = POLY_LOOP('', (#97, #98, #105));
#1072 = FACE_OUTER_BOUND('', #1071, .T.);
#1073 = FACETED_BREP_SHAPE_REPRESENTATION('', (#1072), #8);
#1074 = POLY_LOOP('', (#106, #91, #90));
#1075 = FACE_OUTER_BOUND('', #1074, .T.);
#1076 = FACETED_BREP_SHAPE_REPRESENTATION('', (#1075), #8);
#1077 = POLY_LOOP('', (#107, #98, #99));
#1078 = FACE_OUTER_BOUND('', #1077, .T.);
#1079 = FACETED_BREP_SHAPE_REPRESENTATION('', (#1078), #8);
#1080 = POLY_LOOP('', (#106, #92, #91));
#1081 = FACE_OUTER_BOUND('', #1080, .T.);
#1082 = FACETED_BREP_SHAPE_REPRESENTATION('', (#1081), #8);
#1083 = POLY_LOOP('', (#107, #99, #100));
#1084 = FACE_OUTER_BOUND('', #1083, .T.);
#1085 = FACETED_BREP_SHAPE_REPRESENTATION('', (#1084), #8);
#1086 = POLY_LOOP('', (#106, #93, #92));
#1087 = FACE_OUTER_BOUND('', #1086, .T.);
#1088 = FACETED_BREP_SHAPE_REPRESENTATION('', (#1087), #8);
#1089 = POLY_LOOP('', (#107, #100, #101));
#1090 = FACE_OUTER_BOUND('', #1089, .T.);
#1091 = FACETED_BREP_SHAPE_REPRESENTATION('', (#1090), #8);
#1092 = POLY_LOOP('', (#106, #94, #93));
#1093 = FACE_OUTER_BOUND('', #1092, .T.);
#1094 = FACETED_BREP_SHAPE_REPRESENTATION('', (#1093), #8);
#1095 = POLY_LOOP('', (#107, #101, #102));
#1096 = FACE_OUTER_BOUND('', #1095, .T.);
#1097 = FACETED_BREP_SHAPE_REPRESENTATION('', (#1096), #8);
#1098 = POLY_LOOP('', (#106, #95, #94));
#1099 = FACE_OUTER_BOUND('', #1098, .T.);
#1100 = FACETED_BREP_SHAPE_REPRESENTATION('', (#1099), #8);
#1101 = POLY_LOOP('', (#107, #102, #103));
#1102 = FACE_OUTER_BOUND('', #1101, .T.);
#1103 = FACETED_BREP_SHAPE_REPRESENTATION('', (#1102), #8);
#1104 = POLY_LOOP('', (#106, #96, #95));
#1105 = FACE_OUTER_BOUND('', #1104, .T.);
#1106 = FACETED_BREP_SHAPE_REPRESENTATION('', (#1105), #8);
#1107 = POLY_LOOP('', (#107, #103, #104));
#1108 = FACE_OUTER_BOUND('', #1107, .T.);
#1109 = FACETED_BREP_SHAPE_REPRESENTATION('', (#1108), #8);
#1110 = POLY_LOOP('', (#106, #97, #96));
#1111 = FACE_OUTER_BOUND('', #1110, .T.);
#1112 = FACETED_BREP_SHAPE_REPRESENTATION('', (#1111), #8);
#1113 = POLY_LOOP('', (#107, #104, #105));
#1114 = FACE_OUTER_BOUND('', #1113, .T.);
#1115 = FACETED_BREP_SHAPE_REPRESENTATION('', (#1114), #8);
#1116 = POLY_LOOP('', (#106, #90, #97));
#1117 = FACE_OUTER_BOUND('', #1116, .T.);
#1118 = FACETED_BREP_SHAPE_REPRESENTATION('', (#1117), #8);
#1119 = POLY_LOOP('', (#107, #105, #98));
#1120 = FACE_OUTER_BOUND('', #1119, .T.);
#1121 = FACETED_BREP_SHAPE_REPRESENTATION('', (#1120), #8);
#1122 = POLY_LOOP('', (#108, #109, #117));
#1123 = FACE_OUTER_BOUND('', #1122, .T.);
#1124 = FACETED_BREP_SHAPE_REPRESENTATION('', (#1123), #8);
#1125 = POLY_LOOP('', (#108, #117, #116));
#1126 = FACE_OUTER_BOUND('', #1125, .T.);
#1127 = FACETED_BREP_SHAPE_REPRESENTATION('', (#1126), #8);
#1128 = POLY_LOOP('', (#109, #110, #118));
#1129 = FACE_OUTER_BOUND('', #1128, .T.);
#1130 = FACETED_BREP_SHAPE_REPRESENTATION('', (#1129), #8);
#1131 = POLY_LOOP('', (#109, #118, #117));
#1132 = FACE_OUTER_BOUND('', #1131, .T.);
#1133 = FACETED_BREP_SHAPE_REPRESENTATION('', (#1132), #8);
#1134 = POLY_LOOP('', (#110, #111, #119));
#1135 = FACE_OUTER_BOUND('', #1134, .T.);
#1136 = FACETED_BREP_SHAPE_REPRESENTATION('', (#1135), #8);
#1137 = POLY_LOOP('', (#110, #119, #118));
#1138 = FACE_OUTER_BOUND('', #1137, .T.);
#1139 = FACETED_BREP_SHAPE_REPRESENTATION('', (#1138), #8);
#1140 = POLY_LOOP('', (#111, #112, #120));
#1141 = FACE_OUTER_BOUND('', #1140, .T.);
#1142 = FACETED_BREP_SHAPE_REPRESENTATION('', (#1141), #8);
#1143 = POLY_LOOP('', (#111, #120, #119));
#1144 = FACE_OUTER_BOUND('', #1143, .T.);
#1145 = FACETED_BREP_SHAPE_REPRESENTATION('', (#1144), #8);
#1146 = POLY_LOOP('', (#112, #113, #121));
#1147 = FACE_OUTER_BOUND('', #1146, .T.);
#1148 = FACETED_BREP_SHAPE_REPRESENTATION('', (#1147), #8);
#1149 = POLY_LOOP('', (#112, #121, #120));
#1150 = FACE_OUTER_BOUND('', #1149, .T.);
#1151 = FACETED_BREP_SHAPE_REPRESENTATION('', (#1150), #8);
#1152 = POLY_LOOP('', (#113, #114, #122));
#1153 = FACE_OUTER_BOUND('', #1152, .T.);
#1154 = FACETED_BREP_SHAPE_REPRESENTATION('', (#1153), #8);
#1155 = POLY_LOOP('', (#113, #122, #121));
#1156 = FACE_OUTER_BOUND('', #1155, .T.);
#1157 = FACETED_BREP_SHAPE_REPRESENTATION('', (#1156), #8);
#1158 = POLY_LOOP('', (#114, #115, #123));
#1159 = FACE_OUTER_BOUND('', #1158, .T.);
#1160 = FACETED_BREP_SHAPE_REPRESENTATION('', (#1159), #8);
#1161 = POLY_LOOP('', (#114, #123, #122));
#1162 = FACE_OUTER_BOUND('', #1161, .T.);
#1163 = FACETED_BREP_SHAPE_REPRESENTATION('', (#1162), #8);
#1164 = POLY_LOOP('', (#115, #108, #116));
#1165 = FACE_OUTER_BOUND('', #1164, .T.);
#1166 = FACETED_BREP_SHAPE_REPRESENTATION('', (#1165), #8);
#1167 = POLY_LOOP('', (#115, #116, #123));
#1168 = FACE_OUTER_BOUND('', #1167, .T.);
#1169 = FACETED_BREP_SHAPE_REPRESENTATION('', (#1168), #8);
#1170 = POLY_LOOP('', (#124, #109, #108));
#1171 = FACE_OUTER_BOUND('', #1170, .T.);
#1172 = FACETED_BREP_SHAPE_REPRESENTATION('', (#1171), #8);
#1173 = POLY_LOOP('', (#125, #116, #117));
#1174 = FACE_OUTER_BOUND('', #1173, .T.);
#1175 = FACETED_BREP_SHAPE_REPRESENTATION('', (#1174), #8);
#1176 = POLY_LOOP('', (#124, #110, #109));
#1177 = FACE_OUTER_BOUND('', #1176, .T.);
#1178 = FACETED_BREP_SHAPE_REPRESENTATION('', (#1177), #8);
#1179 = POLY_LOOP('', (#125, #117, #118));
#1180 = FACE_OUTER_BOUND('', #1179, .T.);
#1181 = FACETED_BREP_SHAPE_REPRESENTATION('', (#1180), #8);
#1182 = POLY_LOOP('', (#124, #111, #110));
#1183 = FACE_OUTER_BOUND('', #1182, .T.);
#1184 = FACETED_BREP_SHAPE_REPRESENTATION('', (#1183), #8);
#1185 = POLY_LOOP('', (#125, #118, #119));
#1186 = FACE_OUTER_BOUND('', #1185, .T.);
#1187 = FACETED_BREP_SHAPE_REPRESENTATION('', (#1186), #8);
#1188 = POLY_LOOP('', (#124, #112, #111));
#1189 = FACE_OUTER_BOUND('', #1188, .T.);
#1190 = FACETED_BREP_SHAPE_REPRESENTATION('', (#1189), #8);
#1191 = POLY_LOOP('', (#125, #119, #120));
#1192 = FACE_OUTER_BOUND('', #1191, .T.);
#1193 = FACETED_BREP_SHAPE_REPRESENTATION('', (#1192), #8);
#1194 = POLY_LOOP('', (#124, #113, #112));
#1195 = FACE_OUTER_BOUND('', #1194, .T.);
#1196 = FACETED_BREP_SHAPE_REPRESENTATION('', (#1195), #8);
#1197 = POLY_LOOP('', (#125, #120, #121));
#1198 = FACE_OUTER_BOUND('', #1197, .T.);
#1199 = FACETED_BREP_SHAPE_REPRESENTATION('', (#1198), #8);
#1200 = POLY_LOOP('', (#124, #114, #113));
#1201 = FACE_OUTER_BOUND('', #1200, .T.);
#1202 = FACETED_BREP_SHAPE_REPRESENTATION('', (#1201), #8);
#1203 = POLY_LOOP('', (#125, #121, #122));
#1204 = FACE_OUTER_BOUND('', #1203, .T.);
#1205 = FACETED_BREP_SHAPE_REPRESENTATION('', (#1204), #8);
#1206 = POLY_LOOP('', (#124, #115, #114));
#1207 = FACE_OUTER_BOUND('', #1206, .T.);
#1208 = FACETED_BREP_SHAPE_REPRESENTATION('', (#1207), #8);
#1209 = POLY_LOOP('', (#125, #122, #123));
#1210 = FACE_OUTER_BOUND('', #1209, .T.);
#1211 = FACETED_BREP_SHAPE_REPRESENTATION('', (#1210), #8);
#1212 = POLY_LOOP('', (#124, #108, #115));
#1213 = FACE_OUTER_BOUND('', #1212, .T.);
#1214 = FACETED_BREP_SHAPE_REPRESENTATION('', (#1213), #8);
#1215 = POLY_LOOP('', (#125, #123, #116));
#1216 = FACE_OUTER_BOUND('', #1215, .T.);
#1217 = FACETED_BREP_SHAPE_REPRESENTATION('', (#1216), #8);
#1218 = POLY_LOOP('', (#126, #127, #135));
#1219 = FACE_OUTER_BOUND('', #1218, .T.);
#1220 = FACETED_BREP_SHAPE_REPRESENTATION('', (#1219), #8);
#1221 = POLY_LOOP('', (#126, #135, #134));
#1222 = FACE_OUTER_BOUND('', #1221, .T.);
#1223 = FACETED_BREP_SHAPE_REPRESENTATION('', (#1222), #8);
#1224 = POLY_LOOP('', (#127, #128, #136));
#1225 = FACE_OUTER_BOUND('', #1224, .T.);
#1226 = FACETED_BREP_SHAPE_REPRESENTATION('', (#1225), #8);
#1227 = POLY_LOOP('', (#127, #136, #135));
#1228 = FACE_OUTER_BOUND('', #1227, .T.);
#1229 = FACETED_BREP_SHAPE_REPRESENTATION('', (#1228), #8);
#1230 = POLY_LOOP('', (#128, #129, #137));
#1231 = FACE_OUTER_BOUND('', #1230, .T.);
#1232 = FACETED_BREP_SHAPE_REPRESENTATION('', (#1231), #8);
#1233 = POLY_LOOP('', (#128, #137, #136));
#1234 = FACE_OUTER_BOUND('', #1233, .T.);
#1235 = FACETED_BREP_SHAPE_REPRESENTATION('', (#1234), #8);
#1236 = POLY_LOOP('', (#129, #130, #138));
#1237 = FACE_OUTER_BOUND('', #1236, .T.);
#1238 = FACETED_BREP_SHAPE_REPRESENTATION('', (#1237), #8);
#1239 = POLY_LOOP('', (#129, #138, #137));
#1240 = FACE_OUTER_BOUND('', #1239, .T.);
#1241 = FACETED_BREP_SHAPE_REPRESENTATION('', (#1240), #8);
#1242 = POLY_LOOP('', (#130, #131, #139));
#1243 = FACE_OUTER_BOUND('', #1242, .T.);
#1244 = FACETED_BREP_SHAPE_REPRESENTATION('', (#1243), #8);
#1245 = POLY_LOOP('', (#130, #139, #138));
#1246 = FACE_OUTER_BOUND('', #1245, .T.);
#1247 = FACETED_BREP_SHAPE_REPRESENTATION('', (#1246), #8);
#1248 = POLY_LOOP('', (#131, #132, #140));
#1249 = FACE_OUTER_BOUND('', #1248, .T.);
#1250 = FACETED_BREP_SHAPE_REPRESENTATION('', (#1249), #8);
#1251 = POLY_LOOP('', (#131, #140, #139));
#1252 = FACE_OUTER_BOUND('', #1251, .T.);
#1253 = FACETED_BREP_SHAPE_REPRESENTATION('', (#1252), #8);
#1254 = POLY_LOOP('', (#132, #133, #141));
#1255 = FACE_OUTER_BOUND('', #1254, .T.);
#1256 = FACETED_BREP_SHAPE_REPRESENTATION('', (#1255), #8);
#1257 = POLY_LOOP('', (#132, #141, #140));
#1258 = FACE_OUTER_BOUND('', #1257, .T.);
#1259 = FACETED_BREP_SHAPE_REPRESENTATION('', (#1258), #8);
#1260 = POLY_LOOP('', (#133, #126, #134));
#1261 = FACE_OUTER_BOUND('', #1260, .T.);
#1262 = FACETED_BREP_SHAPE_REPRESENTATION('', (#1261), #8);
#1263 = POLY_LOOP('', (#133, #134, #141));
#1264 = FACE_OUTER_BOUND('', #1263, .T.);
#1265 = FACETED_BREP_SHAPE_REPRESENTATION('', (#1264), #8);
#1266 = POLY_LOOP('', (#142, #127, #126));
#1267 = FACE_OUTER_BOUND('', #1266, .T.);
#1268 = FACETED_BREP_SHAPE_REPRESENTATION('', (#1267), #8);
#1269 = POLY_LOOP('', (#143, #134, #135));
#1270 = FACE_OUTER_BOUND('', #1269, .T.);
#1271 = FACETED_BREP_SHAPE_REPRESENTATION('', (#1270), #8);
#1272 = POLY_LOOP('', (#142, #128, #127));
#1273 = FACE_OUTER_BOUND('', #1272, .T.);
#1274 = FACETED_BREP_SHAPE_REPRESENTATION('', (#1273), #8);
#1275 = POLY_LOOP('', (#143, #135, #136));
#1276 = FACE_OUTER_BOUND('', #1275, .T.);
#1277 = FACETED_BREP_SHAPE_REPRESENTATION('', (#1276), #8);
#1278 = POLY_LOOP('', (#142, #129, #128));
#1279 = FACE_OUTER_BOUND('', #1278, .T.);
#1280 = FACETED_BREP_SHAPE_REPRESENTATION('', (#1279), #8);
#1281 = POLY_LOOP('', (#143, #136, #137));
#1282 = FACE_OUTER_BOUND('', #1281, .T.);
#1283 = FACETED_BREP_SHAPE_REPRESENTATION('', (#1282), #8);
#1284 = POLY_LOOP('', (#142, #130, #129));
#1285 = FACE_OUTER_BOUND('', #1284, .T.);
#1286 = FACETED_BREP_SHAPE_REPRESENTATION('', (#1285), #8);
#1287 = POLY_LOOP('', (#143, #137, #138));
#1288 = FACE_OUTER_BOUND('', #1287, .T.);
#1289 = FACETED_BREP_SHAPE_REPRESENTATION('', (#1288), #8);
#1290 = POLY_LOOP('', (#142, #131, #130));
#1291 = FACE_OUTER_BOUND('', #1290, .T.);
#1292 = FACETED_BREP_SHAPE_REPRESENTATION('', (#1291), #8);
#1293 = POLY_LOOP('', (#143, #138, #139));
#1294 = FACE_OUTER_BOUND('', #1293, .T.);
#1295 = FACETED_BREP_SHAPE_REPRESENTATION('', (#1294), #8);
#1296 = POLY_LOOP('', (#142, #132, #131));
#1297 = FACE_OUTER_BOUND('', #1296, .T.);
#1298 = FACETED_BREP_SHAPE_REPRESENTATION('', (#1297), #8);
#1299 = POLY_LOOP('', (#143, #139, #140));
#1300 = FACE_OUTER_BOUND('', #1299, .T.);
#1301 = FACETED_BREP_SHAPE_REPRESENTATION('', (#1300), #8);
#1302 = POLY_LOOP('', (#142, #133, #132));
#1303 = FACE_OUTER_BOUND('', #1302, .T.);
#1304 = FACETED_BREP_SHAPE_REPRESENTATION('', (#1303), #8);
#1305 = POLY_LOOP('', (#143, #140, #141));
#1306 = FACE_OUTER_BOUND('', #1305, .T.);
#1307 = FACETED_BREP_SHAPE_REPRESENTATION('', (#1306), #8);
#1308 = POLY_LOOP('', (#142, #126, #133));
#1309 = FACE_OUTER_BOUND('', #1308, .T.);
#1310 = FACETED_BREP_SHAPE_REPRESENTATION('', (#1309), #8);
#1311 = POLY_LOOP('', (#143, #141, #134));
#1312 = FACE_OUTER_BOUND('', #1311, .T.);
#1313 = FACETED_BREP_SHAPE_REPRESENTATION('', (#1312), #8);
#1314 = POLY_LOOP('', (#144, #145, #153));
#1315 = FACE_OUTER_BOUND('', #1314, .T.);
#1316 = FACETED_BREP_SHAPE_REPRESENTATION('', (#1315), #8);
#1317 = POLY_LOOP('', (#144, #153, #152));
#1318 = FACE_OUTER_BOUND('', #1317, .T.);
#1319 = FACETED_BREP_SHAPE_REPRESENTATION('', (#1318), #8);
#1320 = POLY_LOOP('', (#145, #146, #154));
#1321 = FACE_OUTER_BOUND('', #1320, .T.);
#1322 = FACETED_BREP_SHAPE_REPRESENTATION('', (#1321), #8);
#1323 = POLY_LOOP('', (#145, #154, #153));
#1324 = FACE_OUTER_BOUND('', #1323, .T.);
#1325 = FACETED_BREP_SHAPE_REPRESENTATION('', (#1324), #8);
#1326 = POLY_LOOP('', (#146, #147, #155));
#1327 = FACE_OUTER_BOUND('', #1326, .T.);
#1328 = FACETED_BREP_SHAPE_REPRESENTATION('', (#1327), #8);
#1329 = POLY_LOOP('', (#146, #155, #154));
#1330 = FACE_OUTER_BOUND('', #1329, .T.);
#1331 = FACETED_BREP_SHAPE_REPRESENTATION('', (#1330), #8);
#1332 = POLY_LOOP('', (#147, #148, #156));
#1333 = FACE_OUTER_BOUND('', #1332, .T.);
#1334 = FACETED_BREP_SHAPE_REPRESENTATION('', (#1333), #8);
#1335 = POLY_LOOP('', (#147, #156, #155));
#1336 = FACE_OUTER_BOUND('', #1335, .T.);
#1337 = FACETED_BREP_SHAPE_REPRESENTATION('', (#1336), #8);
#1338 = POLY_LOOP('', (#148, #149, #157));
#1339 = FACE_OUTER_BOUND('', #1338, .T.);
#1340 = FACETED_BREP_SHAPE_REPRESENTATION('', (#1339), #8);
#1341 = POLY_LOOP('', (#148, #157, #156));
#1342 = FACE_OUTER_BOUND('', #1341, .T.);
#1343 = FACETED_BREP_SHAPE_REPRESENTATION('', (#1342), #8);
#1344 = POLY_LOOP('', (#149, #150, #158));
#1345 = FACE_OUTER_BOUND('', #1344, .T.);
#1346 = FACETED_BREP_SHAPE_REPRESENTATION('', (#1345), #8);
#1347 = POLY_LOOP('', (#149, #158, #157));
#1348 = FACE_OUTER_BOUND('', #1347, .T.);
#1349 = FACETED_BREP_SHAPE_REPRESENTATION('', (#1348), #8);
#1350 = POLY_LOOP('', (#150, #151, #159));
#1351 = FACE_OUTER_BOUND('', #1350, .T.);
#1352 = FACETED_BREP_SHAPE_REPRESENTATION('', (#1351), #8);
#1353 = POLY_LOOP('', (#150, #159, #158));
#1354 = FACE_OUTER_BOUND('', #1353, .T.);
#1355 = FACETED_BREP_SHAPE_REPRESENTATION('', (#1354), #8);
#1356 = POLY_LOOP('', (#151, #144, #152));
#1357 = FACE_OUTER_BOUND('', #1356, .T.);
#1358 = FACETED_BREP_SHAPE_REPRESENTATION('', (#1357), #8);
#1359 = POLY_LOOP('', (#151, #152, #159));
#1360 = FACE_OUTER_BOUND('', #1359, .T.);
#1361 = FACETED_BREP_SHAPE_REPRESENTATION('', (#1360), #8);
#1362 = POLY_LOOP('', (#160, #145, #144));
#1363 = FACE_OUTER_BOUND('', #1362, .T.);
#1364 = FACETED_BREP_SHAPE_REPRESENTATION('', (#1363), #8);
#1365 = POLY_LOOP('', (#161, #152, #153));
#1366 = FACE_OUTER_BOUND('', #1365, .T.);
#1367 = FACETED_BREP_SHAPE_REPRESENTATION('', (#1366), #8);
#1368 = POLY_LOOP('', (#160, #146, #145));
#1369 = FACE_OUTER_BOUND('', #1368, .T.);
#1370 = FACETED_BREP_SHAPE_REPRESENTATION('', (#1369), #8);
#1371 = POLY_LOOP('', (#161, #153, #154));
#1372 = FACE_OUTER_BOUND('', #1371, .T.);
#1373 = FACETED_BREP_SHAPE_REPRESENTATION('', (#1372), #8);
#1374 = POLY_LOOP('', (#160, #147, #146));
#1375 = FACE_OUTER_BOUND('', #1374, .T.);
#1376 = FACETED_BREP_SHAPE_REPRESENTATION('', (#1375), #8);
#1377 = POLY_LOOP('', (#161, #154, #155));
#1378 = FACE_OUTER_BOUND('', #1377, .T.);
#1379 = FACETED_BREP_SHAPE_REPRESENTATION('', (#1378), #8);
#1380 = POLY_LOOP('', (#160, #148, #147));
#1381 = FACE_OUTER_BOUND('', #1380, .T.);
#1382 = FACETED_BREP_SHAPE_REPRESENTATION('', (#1381), #8);
#1383 = POLY_LOOP('', (#161, #155, #156));
#1384 = FACE_OUTER_BOUND('', #1383, .T.);
#1385 = FACETED_BREP_SHAPE_REPRESENTATION('', (#1384), #8);
#1386 = POLY_LOOP('', (#160, #149, #148));
#1387 = FACE_OUTER_BOUND('', #1386, .T.);
#1388 = FACETED_BREP_SHAPE_REPRESENTATION('', (#1387), #8);
#1389 = POLY_LOOP('', (#161, #156, #157));
#1390 = FACE_OUTER_BOUND('', #1389, .T.);
#1391 = FACETED_BREP_SHAPE_REPRESENTATION('', (#1390), #8);
#1392 = POLY_LOOP('', (#160, #150, #149));
#1393 = FACE_OUTER_BOUND('', #1392, .T.);
#1394 = FACETED_BREP_SHAPE_REPRESENTATION('', (#1393), #8);
#1395 = POLY_LOOP('', (#161, #157, #158));
#1396 = FACE_OUTER_BOUND('', #1395, .T.);
#1397 = FACETED_BREP_SHAPE_REPRESENTATION('', (#1396), #8);
#1398 = POLY_LOOP('', (#160, #151, #150));
#1399 = FACE_OUTER_BOUND('', #1398, .T.);
#1400 = FACETED_BREP_SHAPE_REPRESENTATION('', (#1399), #8);
#1401 = POLY_LOOP('', (#161, #158, #159));
#1402 = FACE_OUTER_BOUND('', #1401, .T.);
#1403 = FACETED_BREP_SHAPE_REPRESENTATION('', (#1402), #8);
#1404 = POLY_LOOP('', (#160, #144, #151));
#1405 = FACE_OUTER_BOUND('', #1404, .T.);
#1406 = FACETED_BREP_SHAPE_REPRESENTATION('', (#1405), #8);
#1407 = POLY_LOOP('', (#161, #159, #152));
#1408 = FACE_OUTER_BOUND('', #1407, .T.);
#1409 = FACETED_BREP_SHAPE_REPRESENTATION('', (#1408), #8);
#1410 = POLY_LOOP('', (#162, #163, #173));
#1411 = FACE_OUTER_BOUND('', #1410, .T.);
#1412 = FACETED_BREP_SHAPE_REPRESENTATION('', (#1411), #8);
#1413 = POLY_LOOP('', (#162, #173, #172));
#1414 = FACE_OUTER_BOUND('', #1413, .T.);
#1415 = FACETED_BREP_SHAPE_REPRESENTATION('', (#1414), #8);
#1416 = POLY_LOOP('', (#163, #164, #174));
#1417 = FACE_OUTER_BOUND('', #1416, .T.);
#1418 = FACETED_BREP_SHAPE_REPRESENTATION('', (#1417), #8);
#1419 = POLY_LOOP('', (#163, #174, #173));
#1420 = FACE_OUTER_BOUND('', #1419, .T.);
#1421 = FACETED_BREP_SHAPE_REPRESENTATION('', (#1420), #8);
#1422 = POLY_LOOP('', (#164, #165, #175));
#1423 = FACE_OUTER_BOUND('', #1422, .T.);
#1424 = FACETED_BREP_SHAPE_REPRESENTATION('', (#1423), #8);
#1425 = POLY_LOOP('', (#164, #175, #174));
#1426 = FACE_OUTER_BOUND('', #1425, .T.);
#1427 = FACETED_BREP_SHAPE_REPRESENTATION('', (#1426), #8);
#1428 = POLY_LOOP('', (#165, #166, #176));
#1429 = FACE_OUTER_BOUND('', #1428, .T.);
#1430 = FACETED_BREP_SHAPE_REPRESENTATION('', (#1429), #8);
#1431 = POLY_LOOP('', (#165, #176, #175));
#1432 = FACE_OUTER_BOUND('', #1431, .T.);
#1433 = FACETED_BREP_SHAPE_REPRESENTATION('', (#1432), #8);
#1434 = POLY_LOOP('', (#166, #167, #177));
#1435 = FACE_OUTER_BOUND('', #1434, .T.);
#1436 = FACETED_BREP_SHAPE_REPRESENTATION('', (#1435), #8);
#1437 = POLY_LOOP('', (#166, #177, #176));
#1438 = FACE_OUTER_BOUND('', #1437, .T.);
#1439 = FACETED_BREP_SHAPE_REPRESENTATION('', (#1438), #8);
#1440 = POLY_LOOP('', (#167, #168, #178));
#1441 = FACE_OUTER_BOUND('', #1440, .T.);
#1442 = FACETED_BREP_SHAPE_REPRESENTATION('', (#1441), #8);
#1443 = POLY_LOOP('', (#167, #178, #177));
#1444 = FACE_OUTER_BOUND('', #1443, .T.);
#1445 = FACETED_BREP_SHAPE_REPRESENTATION('', (#1444), #8);
#1446 = POLY_LOOP('', (#168, #169, #179));
#1447 = FACE_OUTER_BOUND('', #1446, .T.);
#1448 = FACETED_BREP_SHAPE_REPRESENTATION('', (#1447), #8);
#1449 = POLY_LOOP('', (#168, #179, #178));
#1450 = FACE_OUTER_BOUND('', #1449, .T.);
#1451 = FACETED_BREP_SHAPE_REPRESENTATION('', (#1450), #8);
#1452 = POLY_LOOP('', (#169, #170, #180));
#1453 = FACE_OUTER_BOUND('', #1452, .T.);
#1454 = FACETED_BREP_SHAPE_REPRESENTATION('', (#1453), #8);
#1455 = POLY_LOOP('', (#169, #180, #179));
#1456 = FACE_OUTER_BOUND('', #1455, .T.);
#1457 = FACETED_BREP_SHAPE_REPRESENTATION('', (#1456), #8);
#1458 = POLY_LOOP('', (#170, #171, #181));
#1459 = FACE_OUTER_BOUND('', #1458, .T.);
#1460 = FACETED_BREP_SHAPE_REPRESENTATION('', (#1459), #8);
#1461 = POLY_LOOP('', (#170, #181, #180));
#1462 = FACE_OUTER_BOUND('', #1461, .T.);
#1463 = FACETED_BREP_SHAPE_REPRESENTATION('', (#1462), #8);
#1464 = POLY_LOOP('', (#171, #162, #172));
#1465 = FACE_OUTER_BOUND('', #1464, .T.);
#1466 = FACETED_BREP_SHAPE_REPRESENTATION('', (#1465), #8);
#1467 = POLY_LOOP('', (#171, #172, #181));
#1468 = FACE_OUTER_BOUND('', #1467, .T.);
#1469 = FACETED_BREP_SHAPE_REPRESENTATION('', (#1468), #8);
#1470 = POLY_LOOP('', (#172, #173, #183));
#1471 = FACE_OUTER_BOUND('', #1470, .T.);
#1472 = FACETED_BREP_SHAPE_REPRESENTATION('', (#1471), #8);
#1473 = POLY_LOOP('', (#172, #183, #182));
#1474 = FACE_OUTER_BOUND('', #1473, .T.);
#1475 = FACETED_BREP_SHAPE_REPRESENTATION('', (#1474), #8);
#1476 = POLY_LOOP('', (#173, #174, #184));
#1477 = FACE_OUTER_BOUND('', #1476, .T.);
#1478 = FACETED_BREP_SHAPE_REPRESENTATION('', (#1477), #8);
#1479 = POLY_LOOP('', (#173, #184, #183));
#1480 = FACE_OUTER_BOUND('', #1479, .T.);
#1481 = FACETED_BREP_SHAPE_REPRESENTATION('', (#1480), #8);
#1482 = POLY_LOOP('', (#174, #175, #185));
#1483 = FACE_OUTER_BOUND('', #1482, .T.);
#1484 = FACETED_BREP_SHAPE_REPRESENTATION('', (#1483), #8);
#1485 = POLY_LOOP('', (#174, #185, #184));
#1486 = FACE_OUTER_BOUND('', #1485, .T.);
#1487 = FACETED_BREP_SHAPE_REPRESENTATION('', (#1486), #8);
#1488 = POLY_LOOP('', (#175, #176, #186));
#1489 = FACE_OUTER_BOUND('', #1488, .T.);
#1490 = FACETED_BREP_SHAPE_REPRESENTATION('', (#1489), #8);
#1491 = POLY_LOOP('', (#175, #186, #185));
#1492 = FACE_OUTER_BOUND('', #1491, .T.);
#1493 = FACETED_BREP_SHAPE_REPRESENTATION('', (#1492), #8);
#1494 = POLY_LOOP('', (#176, #177, #187));
#1495 = FACE_OUTER_BOUND('', #1494, .T.);
#1496 = FACETED_BREP_SHAPE_REPRESENTATION('', (#1495), #8);
#1497 = POLY_LOOP('', (#176, #187, #186));
#1498 = FACE_OUTER_BOUND('', #1497, .T.);
#1499 = FACETED_BREP_SHAPE_REPRESENTATION('', (#1498), #8);
#1500 = POLY_LOOP('', (#177, #178, #188));
#1501 = FACE_OUTER_BOUND('', #1500, .T.);
#1502 = FACETED_BREP_SHAPE_REPRESENTATION('', (#1501), #8);
#1503 = POLY_LOOP('', (#177, #188, #187));
#1504 = FACE_OUTER_BOUND('', #1503, .T.);
#1505 = FACETED_BREP_SHAPE_REPRESENTATION('', (#1504), #8);
#1506 = POLY_LOOP('', (#178, #179, #189));
#1507 = FACE_OUTER_BOUND('', #1506, .T.);
#1508 = FACETED_BREP_SHAPE_REPRESENTATION('', (#1507), #8);
#1509 = POLY_LOOP('', (#178, #189, #188));
#1510 = FACE_OUTER_BOUND('', #1509, .T.);
#1511 = FACETED_BREP_SHAPE_REPRESENTATION('', (#1510), #8);
#1512 = POLY_LOOP('', (#179, #180, #190));
#1513 = FACE_OUTER_BOUND('', #1512, .T.);
#1514 = FACETED_BREP_SHAPE_REPRESENTATION('', (#1513), #8);
#1515 = POLY_LOOP('', (#179, #190, #189));
#1516 = FACE_OUTER_BOUND('', #1515, .T.);
#1517 = FACETED_BREP_SHAPE_REPRESENTATION('', (#1516), #8);
#1518 = POLY_LOOP('', (#180, #181, #191));
#1519 = FACE_OUTER_BOUND('', #1518, .T.);
#1520 = FACETED_BREP_SHAPE_REPRESENTATION('', (#1519), #8);
#1521 = POLY_LOOP('', (#180, #191, #190));
#1522 = FACE_OUTER_BOUND('', #1521, .T.);
#1523 = FACETED_BREP_SHAPE_REPRESENTATION('', (#1522), #8);
#1524 = POLY_LOOP('', (#181, #172, #182));
#1525 = FACE_OUTER_BOUND('', #1524, .T.);
#1526 = FACETED_BREP_SHAPE_REPRESENTATION('', (#1525), #8);
#1527 = POLY_LOOP('', (#181, #182, #191));
#1528 = FACE_OUTER_BOUND('', #1527, .T.);
#1529 = FACETED_BREP_SHAPE_REPRESENTATION('', (#1528), #8);
#1530 = POLY_LOOP('', (#182, #183, #193));
#1531 = FACE_OUTER_BOUND('', #1530, .T.);
#1532 = FACETED_BREP_SHAPE_REPRESENTATION('', (#1531), #8);
#1533 = POLY_LOOP('', (#182, #193, #192));
#1534 = FACE_OUTER_BOUND('', #1533, .T.);
#1535 = FACETED_BREP_SHAPE_REPRESENTATION('', (#1534), #8);
#1536 = POLY_LOOP('', (#183, #184, #194));
#1537 = FACE_OUTER_BOUND('', #1536, .T.);
#1538 = FACETED_BREP_SHAPE_REPRESENTATION('', (#1537), #8);
#1539 = POLY_LOOP('', (#183, #194, #193));
#1540 = FACE_OUTER_BOUND('', #1539, .T.);
#1541 = FACETED_BREP_SHAPE_REPRESENTATION('', (#1540), #8);
#1542 = POLY_LOOP('', (#184, #185, #195));
#1543 = FACE_OUTER_BOUND('', #1542, .T.);
#1544 = FACETED_BREP_SHAPE_REPRESENTATION('', (#1543), #8);
#1545 = POLY_LOOP('', (#184, #195, #194));
#1546 = FACE_OUTER_BOUND('', #1545, .T.);
#1547 = FACETED_BREP_SHAPE_REPRESENTATION('', (#1546), #8);
#1548 = POLY_LOOP('', (#185, #186, #196));
#1549 = FACE_OUTER_BOUND('', #1548, .T.);
#1550 = FACETED_BREP_SHAPE_REPRESENTATION('', (#1549), #8);
#1551 = POLY_LOOP('', (#185, #196, #195));
#1552 = FACE_OUTER_BOUND('', #1551, .T.);
#1553 = FACETED_BREP_SHAPE_REPRESENTATION('', (#1552), #8);
#1554 = POLY_LOOP('', (#186, #187, #197));
#1555 = FACE_OUTER_BOUND('', #1554, .T.);
#1556 = FACETED_BREP_SHAPE_REPRESENTATION('', (#1555), #8);
#1557 = POLY_LOOP('', (#186, #197, #196));
#1558 = FACE_OUTER_BOUND('', #1557, .T.);
#1559 = FACETED_BREP_SHAPE_REPRESENTATION('', (#1558), #8);
#1560 = POLY_LOOP('', (#187, #188, #198));
#1561 = FACE_OUTER_BOUND('', #1560, .T.);
#1562 = FACETED_BREP_SHAPE_REPRESENTATION('', (#1561), #8);
#1563 = POLY_LOOP('', (#187, #198, #197));
#1564 = FACE_OUTER_BOUND('', #1563, .T.);
#1565 = FACETED_BREP_SHAPE_REPRESENTATION('', (#1564), #8);
#1566 = POLY_LOOP('', (#188, #189, #199));
#1567 = FACE_OUTER_BOUND('', #1566, .T.);
#1568 = FACETED_BREP_SHAPE_REPRESENTATION('', (#1567), #8);
#1569 = POLY_LOOP('', (#188, #199, #198));
#1570 = FACE_OUTER_BOUND('', #1569, .T.);
#1571 = FACETED_BREP_SHAPE_REPRESENTATION('', (#1570), #8);
#1572 = POLY_LOOP('', (#189, #190, #200));
#1573 = FACE_OUTER_BOUND('', #1572, .T.);
#1574 = FACETED_BREP_SHAPE_REPRESENTATION('', (#1573), #8);
#1575 = POLY_LOOP('', (#189, #200, #199));
#1576 = FACE_OUTER_BOUND('', #1575, .T.);
#1577 = FACETED_BREP_SHAPE_REPRESENTATION('', (#1576), #8);
#1578 = POLY_LOOP('', (#190, #191, #201));
#1579 = FACE_OUTER_BOUND('', #1578, .T.);
#1580 = FACETED_BREP_SHAPE_REPRESENTATION('', (#1579), #8);
#1581 = POLY_LOOP('', (#190, #201, #200));
#1582 = FACE_OUTER_BOUND('', #1581, .T.);
#1583 = FACETED_BREP_SHAPE_REPRESENTATION('', (#1582), #8);
#1584 = POLY_LOOP('', (#191, #182, #192));
#1585 = FACE_OUTER_BOUND('', #1584, .T.);
#1586 = FACETED_BREP_SHAPE_REPRESENTATION('', (#1585), #8);
#1587 = POLY_LOOP('', (#191, #192, #201));
#1588 = FACE_OUTER_BOUND('', #1587, .T.);
#1589 = FACETED_BREP_SHAPE_REPRESENTATION('', (#1588), #8);
#1590 = POLY_LOOP('', (#192, #193, #203));
#1591 = FACE_OUTER_BOUND('', #1590, .T.);
#1592 = FACETED_BREP_SHAPE_REPRESENTATION('', (#1591), #8);
#1593 = POLY_LOOP('', (#192, #203, #202));
#1594 = FACE_OUTER_BOUND('', #1593, .T.);
#1595 = FACETED_BREP_SHAPE_REPRESENTATION('', (#1594), #8);
#1596 = POLY_LOOP('', (#193, #194, #204));
#1597 = FACE_OUTER_BOUND('', #1596, .T.);
#1598 = FACETED_BREP_SHAPE_REPRESENTATION('', (#1597), #8);
#1599 = POLY_LOOP('', (#193, #204, #203));
#1600 = FACE_OUTER_BOUND('', #1599, .T.);
#1601 = FACETED_BREP_SHAPE_REPRESENTATION('', (#1600), #8);
#1602 = POLY_LOOP('', (#194, #195, #205));
#1603 = FACE_OUTER_BOUND('', #1602, .T.);
#1604 = FACETED_BREP_SHAPE_REPRESENTATION('', (#1603), #8);
#1605 = POLY_LOOP('', (#194, #205, #204));
#1606 = FACE_OUTER_BOUND('', #1605, .T.);
#1607 = FACETED_BREP_SHAPE_REPRESENTATION('', (#1606), #8);
#1608 = POLY_LOOP('', (#195, #196, #206));
#1609 = FACE_OUTER_BOUND('', #1608, .T.);
#1610 = FACETED_BREP_SHAPE_REPRESENTATION('', (#1609), #8);
#1611 = POLY_LOOP('', (#195, #206, #205));
#1612 = FACE_OUTER_BOUND('', #1611, .T.);
#1613 = FACETED_BREP_SHAPE_REPRESENTATION('', (#1612), #8);
#1614 = POLY_LOOP('', (#196, #197, #207));
#1615 = FACE_OUTER_BOUND('', #1614, .T.);
#1616 = FACETED_BREP_SHAPE_REPRESENTATION('', (#1615), #8);
#1617 = POLY_LOOP('', (#196, #207, #206));
#1618 = FACE_OUTER_BOUND('', #1617, .T.);
#1619 = FACETED_BREP_SHAPE_REPRESENTATION('', (#1618), #8);
#1620 = POLY_LOOP('', (#197, #198, #208));
#1621 = FACE_OUTER_BOUND('', #1620, .T.);
#1622 = FACETED_BREP_SHAPE_REPRESENTATION('', (#1621), #8);
#1623 = POLY_LOOP('', (#197, #208, #207));
#1624 = FACE_OUTER_BOUND('', #1623, .T.);
#1625 = FACETED_BREP_SHAPE_REPRESENTATION('', (#1624), #8);
#1626 = POLY_LOOP('', (#198, #199, #209));
#1627 = FACE_OUTER_BOUND('', #1626, .T.);
#1628 = FACETED_BREP_SHAPE_REPRESENTATION('', (#1627), #8);
#1629 = POLY_LOOP('', (#198, #209, #208));
#1630 = FACE_OUTER_BOUND('', #1629, .T.);
#1631 = FACETED_BREP_SHAPE_REPRESENTATION('', (#1630), #8);
#1632 = POLY_LOOP('', (#199, #200, #210));
#1633 = FACE_OUTER_BOUND('', #1632, .T.);
#1634 = FACETED_BREP_SHAPE_REPRESENTATION('', (#1633), #8);
#1635 = POLY_LOOP('', (#199, #210, #209));
#1636 = FACE_OUTER_BOUND('', #1635, .T.);
#1637 = FACETED_BREP_SHAPE_REPRESENTATION('', (#1636), #8);
#1638 = POLY_LOOP('', (#200, #201, #211));
#1639 = FACE_OUTER_BOUND('', #1638, .T.);
#1640 = FACETED_BREP_SHAPE_REPRESENTATION('', (#1639), #8);
#1641 = POLY_LOOP('', (#200, #211, #210));
#1642 = FACE_OUTER_BOUND('', #1641, .T.);
#1643 = FACETED_BREP_SHAPE_REPRESENTATION('', (#1642), #8);
#1644 = POLY_LOOP('', (#201, #192, #202));
#1645 = FACE_OUTER_BOUND('', #1644, .T.);
#1646 = FACETED_BREP_SHAPE_REPRESENTATION('', (#1645), #8);
#1647 = POLY_LOOP('', (#201, #202, #211));
#1648 = FACE_OUTER_BOUND('', #1647, .T.);
#1649 = FACETED_BREP_SHAPE_REPRESENTATION('', (#1648), #8);
#1650 = POLY_LOOP('', (#202, #203, #213));
#1651 = FACE_OUTER_BOUND('', #1650, .T.);
#1652 = FACETED_BREP_SHAPE_REPRESENTATION('', (#1651), #8);
#1653 = POLY_LOOP('', (#202, #213, #212));
#1654 = FACE_OUTER_BOUND('', #1653, .T.);
#1655 = FACETED_BREP_SHAPE_REPRESENTATION('', (#1654), #8);
#1656 = POLY_LOOP('', (#203, #204, #214));
#1657 = FACE_OUTER_BOUND('', #1656, .T.);
#1658 = FACETED_BREP_SHAPE_REPRESENTATION('', (#1657), #8);
#1659 = POLY_LOOP('', (#203, #214, #213));
#1660 = FACE_OUTER_BOUND('', #1659, .T.);
#1661 = FACETED_BREP_SHAPE_REPRESENTATION('', (#1660), #8);
#1662 = POLY_LOOP('', (#204, #205, #215));
#1663 = FACE_OUTER_BOUND('', #1662, .T.);
#1664 = FACETED_BREP_SHAPE_REPRESENTATION('', (#1663), #8);
#1665 = POLY_LOOP('', (#204, #215, #214));
#1666 = FACE_OUTER_BOUND('', #1665, .T.);
#1667 = FACETED_BREP_SHAPE_REPRESENTATION('', (#1666), #8);
#1668 = POLY_LOOP('', (#205, #206, #216));
#1669 = FACE_OUTER_BOUND('', #1668, .T.);
#1670 = FACETED_BREP_SHAPE_REPRESENTATION('', (#1669), #8);
#1671 = POLY_LOOP('', (#205, #216, #215));
#1672 = FACE_OUTER_BOUND('', #1671, .T.);
#1673 = FACETED_BREP_SHAPE_REPRESENTATION('', (#1672), #8);
#1674 = POLY_LOOP('', (#206, #207, #217));
#1675 = FACE_OUTER_BOUND('', #1674, .T.);
#1676 = FACETED_BREP_SHAPE_REPRESENTATION('', (#1675), #8);
#1677 = POLY_LOOP('', (#206, #217, #216));
#1678 = FACE_OUTER_BOUND('', #1677, .T.);
#1679 = FACETED_BREP_SHAPE_REPRESENTATION('', (#1678), #8);
#1680 = POLY_LOOP('', (#207, #208, #218));
#1681 = FACE_OUTER_BOUND('', #1680, .T.);
#1682 = FACETED_BREP_SHAPE_REPRESENTATION('', (#1681), #8);
#1683 = POLY_LOOP('', (#207, #218, #217));
#1684 = FACE_OUTER_BOUND('', #1683, .T.);
#1685 = FACETED_BREP_SHAPE_REPRESENTATION('', (#1684), #8);
#1686 = POLY_LOOP('', (#208, #209, #219));
#1687 = FACE_OUTER_BOUND('', #1686, .T.);
#1688 = FACETED_BREP_SHAPE_REPRESENTATION('', (#1687), #8);
#1689 = POLY_LOOP('', (#208, #219, #218));
#1690 = FACE_OUTER_BOUND('', #1689, .T.);
#1691 = FACETED_BREP_SHAPE_REPRESENTATION('', (#1690), #8);
#1692 = POLY_LOOP('', (#209, #210, #220));
#1693 = FACE_OUTER_BOUND('', #1692, .T.);
#1694 = FACETED_BREP_SHAPE_REPRESENTATION('', (#1693), #8);
#1695 = POLY_LOOP('', (#209, #220, #219));
#1696 = FACE_OUTER_BOUND('', #1695, .T.);
#1697 = FACETED_BREP_SHAPE_REPRESENTATION('', (#1696), #8);
#1698 = POLY_LOOP('', (#210, #211, #221));
#1699 = FACE_OUTER_BOUND('', #1698, .T.);
#1700 = FACETED_BREP_SHAPE_REPRESENTATION('', (#1699), #8);
#1701 = POLY_LOOP('', (#210, #221, #220));
#1702 = FACE_OUTER_BOUND('', #1701, .T.);
#1703 = FACETED_BREP_SHAPE_REPRESENTATION('', (#1702), #8);
#1704 = POLY_LOOP('', (#211, #202, #212));
#1705 = FACE_OUTER_BOUND('', #1704, .T.);
#1706 = FACETED_BREP_SHAPE_REPRESENTATION('', (#1705), #8);
#1707 = POLY_LOOP('', (#211, #212, #221));
#1708 = FACE_OUTER_BOUND('', #1707, .T.);
#1709 = FACETED_BREP_SHAPE_REPRESENTATION('', (#1708), #8);
#1710 = POLY_LOOP('', (#222, #223, #233));
#1711 = FACE_OUTER_BOUND('', #1710, .T.);
#1712 = FACETED_BREP_SHAPE_REPRESENTATION('', (#1711), #8);
#1713 = POLY_LOOP('', (#222, #233, #232));
#1714 = FACE_OUTER_BOUND('', #1713, .T.);
#1715 = FACETED_BREP_SHAPE_REPRESENTATION('', (#1714), #8);
#1716 = POLY_LOOP('', (#223, #224, #234));
#1717 = FACE_OUTER_BOUND('', #1716, .T.);
#1718 = FACETED_BREP_SHAPE_REPRESENTATION('', (#1717), #8);
#1719 = POLY_LOOP('', (#223, #234, #233));
#1720 = FACE_OUTER_BOUND('', #1719, .T.);
#1721 = FACETED_BREP_SHAPE_REPRESENTATION('', (#1720), #8);
#1722 = POLY_LOOP('', (#224, #225, #235));
#1723 = FACE_OUTER_BOUND('', #1722, .T.);
#1724 = FACETED_BREP_SHAPE_REPRESENTATION('', (#1723), #8);
#1725 = POLY_LOOP('', (#224, #235, #234));
#1726 = FACE_OUTER_BOUND('', #1725, .T.);
#1727 = FACETED_BREP_SHAPE_REPRESENTATION('', (#1726), #8);
#1728 = POLY_LOOP('', (#225, #226, #236));
#1729 = FACE_OUTER_BOUND('', #1728, .T.);
#1730 = FACETED_BREP_SHAPE_REPRESENTATION('', (#1729), #8);
#1731 = POLY_LOOP('', (#225, #236, #235));
#1732 = FACE_OUTER_BOUND('', #1731, .T.);
#1733 = FACETED_BREP_SHAPE_REPRESENTATION('', (#1732), #8);
#1734 = POLY_LOOP('', (#226, #227, #237));
#1735 = FACE_OUTER_BOUND('', #1734, .T.);
#1736 = FACETED_BREP_SHAPE_REPRESENTATION('', (#1735), #8);
#1737 = POLY_LOOP('', (#226, #237, #236));
#1738 = FACE_OUTER_BOUND('', #1737, .T.);
#1739 = FACETED_BREP_SHAPE_REPRESENTATION('', (#1738), #8);
#1740 = POLY_LOOP('', (#227, #228, #238));
#1741 = FACE_OUTER_BOUND('', #1740, .T.);
#1742 = FACETED_BREP_SHAPE_REPRESENTATION('', (#1741), #8);
#1743 = POLY_LOOP('', (#227, #238, #237));
#1744 = FACE_OUTER_BOUND('', #1743, .T.);
#1745 = FACETED_BREP_SHAPE_REPRESENTATION('', (#1744), #8);
#1746 = POLY_LOOP('', (#228, #229, #239));
#1747 = FACE_OUTER_BOUND('', #1746, .T.);
#1748 = FACETED_BREP_SHAPE_REPRESENTATION('', (#1747), #8);
#1749 = POLY_LOOP('', (#228, #239, #238));
#1750 = FACE_OUTER_BOUND('', #1749, .T.);
#1751 = FACETED_BREP_SHAPE_REPRESENTATION('', (#1750), #8);
#1752 = POLY_LOOP('', (#229, #230, #240));
#1753 = FACE_OUTER_BOUND('', #1752, .T.);
#1754 = FACETED_BREP_SHAPE_REPRESENTATION('', (#1753), #8);
#1755 = POLY_LOOP('', (#229, #240, #239));
#1756 = FACE_OUTER_BOUND('', #1755, .T.);
#1757 = FACETED_BREP_SHAPE_REPRESENTATION('', (#1756), #8);
#1758 = POLY_LOOP('', (#230, #231, #241));
#1759 = FACE_OUTER_BOUND('', #1758, .T.);
#1760 = FACETED_BREP_SHAPE_REPRESENTATION('', (#1759), #8);
#1761 = POLY_LOOP('', (#230, #241, #240));
#1762 = FACE_OUTER_BOUND('', #1761, .T.);
#1763 = FACETED_BREP_SHAPE_REPRESENTATION('', (#1762), #8);
#1764 = POLY_LOOP('', (#231, #222, #232));
#1765 = FACE_OUTER_BOUND('', #1764, .T.);
#1766 = FACETED_BREP_SHAPE_REPRESENTATION('', (#1765), #8);
#1767 = POLY_LOOP('', (#231, #232, #241));
#1768 = FACE_OUTER_BOUND('', #1767, .T.);
#1769 = FACETED_BREP_SHAPE_REPRESENTATION('', (#1768), #8);
#1770 = POLY_LOOP('', (#232, #233, #243));
#1771 = FACE_OUTER_BOUND('', #1770, .T.);
#1772 = FACETED_BREP_SHAPE_REPRESENTATION('', (#1771), #8);
#1773 = POLY_LOOP('', (#232, #243, #242));
#1774 = FACE_OUTER_BOUND('', #1773, .T.);
#1775 = FACETED_BREP_SHAPE_REPRESENTATION('', (#1774), #8);
#1776 = POLY_LOOP('', (#233, #234, #244));
#1777 = FACE_OUTER_BOUND('', #1776, .T.);
#1778 = FACETED_BREP_SHAPE_REPRESENTATION('', (#1777), #8);
#1779 = POLY_LOOP('', (#233, #244, #243));
#1780 = FACE_OUTER_BOUND('', #1779, .T.);
#1781 = FACETED_BREP_SHAPE_REPRESENTATION('', (#1780), #8);
#1782 = POLY_LOOP('', (#234, #235, #245));
#1783 = FACE_OUTER_BOUND('', #1782, .T.);
#1784 = FACETED_BREP_SHAPE_REPRESENTATION('', (#1783), #8);
#1785 = POLY_LOOP('', (#234, #245, #244));
#1786 = FACE_OUTER_BOUND('', #1785, .T.);
#1787 = FACETED_BREP_SHAPE_REPRESENTATION('', (#1786), #8);
#1788 = POLY_LOOP('', (#235, #236, #246));
#1789 = FACE_OUTER_BOUND('', #1788, .T.);
#1790 = FACETED_BREP_SHAPE_REPRESENTATION('', (#1789), #8);
#1791 = POLY_LOOP('', (#235, #246, #245));
#1792 = FACE_OUTER_BOUND('', #1791, .T.);
#1793 = FACETED_BREP_SHAPE_REPRESENTATION('', (#1792), #8);
#1794 = POLY_LOOP('', (#236, #237, #247));
#1795 = FACE_OUTER_BOUND('', #1794, .T.);
#1796 = FACETED_BREP_SHAPE_REPRESENTATION('', (#1795), #8);
#1797 = POLY_LOOP('', (#236, #247, #246));
#1798 = FACE_OUTER_BOUND('', #1797, .T.);
#1799 = FACETED_BREP_SHAPE_REPRESENTATION('', (#1798), #8);
#1800 = POLY_LOOP('', (#237, #238, #248));
#1801 = FACE_OUTER_BOUND('', #1800, .T.);
#1802 = FACETED_BREP_SHAPE_REPRESENTATION('', (#1801), #8);
#1803 = POLY_LOOP('', (#237, #248, #247));
#1804 = FACE_OUTER_BOUND('', #1803, .T.);
#1805 = FACETED_BREP_SHAPE_REPRESENTATION('', (#1804), #8);
#1806 = POLY_LOOP('', (#238, #239, #249));
#1807 = FACE_OUTER_BOUND('', #1806, .T.);
#1808 = FACETED_BREP_SHAPE_REPRESENTATION('', (#1807), #8);
#1809 = POLY_LOOP('', (#238, #249, #248));
#1810 = FACE_OUTER_BOUND('', #1809, .T.);
#1811 = FACETED_BREP_SHAPE_REPRESENTATION('', (#1810), #8);
#1812 = POLY_LOOP('', (#239, #240, #250));
#1813 = FACE_OUTER_BOUND('', #1812, .T.);
#1814 = FACETED_BREP_SHAPE_REPRESENTATION('', (#1813), #8);
#1815 = POLY_LOOP('', (#239, #250, #249));
#1816 = FACE_OUTER_BOUND('', #1815, .T.);
#1817 = FACETED_BREP_SHAPE_REPRESENTATION('', (#1816), #8);
#1818 = POLY_LOOP('', (#240, #241, #251));
#1819 = FACE_OUTER_BOUND('', #1818, .T.);
#1820 = FACETED_BREP_SHAPE_REPRESENTATION('', (#1819), #8);
#1821 = POLY_LOOP('', (#240, #251, #250));
#1822 = FACE_OUTER_BOUND('', #1821, .T.);
#1823 = FACETED_BREP_SHAPE_REPRESENTATION('', (#1822), #8);
#1824 = POLY_LOOP('', (#241, #232, #242));
#1825 = FACE_OUTER_BOUND('', #1824, .T.);
#1826 = FACETED_BREP_SHAPE_REPRESENTATION('', (#1825), #8);
#1827 = POLY_LOOP('', (#241, #242, #251));
#1828 = FACE_OUTER_BOUND('', #1827, .T.);
#1829 = FACETED_BREP_SHAPE_REPRESENTATION('', (#1828), #8);
#1830 = POLY_LOOP('', (#242, #243, #253));
#1831 = FACE_OUTER_BOUND('', #1830, .T.);
#1832 = FACETED_BREP_SHAPE_REPRESENTATION('', (#1831), #8);
#1833 = POLY_LOOP('', (#242, #253, #252));
#1834 = FACE_OUTER_BOUND('', #1833, .T.);
#1835 = FACETED_BREP_SHAPE_REPRESENTATION('', (#1834), #8);
#1836 = POLY_LOOP('', (#243, #244, #254));
#1837 = FACE_OUTER_BOUND('', #1836, .T.);
#1838 = FACETED_BREP_SHAPE_REPRESENTATION('', (#1837), #8);
#1839 = POLY_LOOP('', (#243, #254, #253));
#1840 = FACE_OUTER_BOUND('', #1839, .T.);
#1841 = FACETED_BREP_SHAPE_REPRESENTATION('', (#1840), #8);
#1842 = POLY_LOOP('', (#244, #245, #255));
#1843 = FACE_OUTER_BOUND('', #1842, .T.);
#1844 = FACETED_BREP_SHAPE_REPRESENTATION('', (#1843), #8);
#1845 = POLY_LOOP('', (#244, #255, #254));
#1846 = FACE_OUTER_BOUND('', #1845, .T.);
#1847 = FACETED_BREP_SHAPE_REPRESENTATION('', (#1846), #8);
#1848 = POLY_LOOP('', (#245, #246, #256));
#1849 = FACE_OUTER_BOUND('', #1848, .T.);
#1850 = FACETED_BREP_SHAPE_REPRESENTATION('', (#1849), #8);
#1851 = POLY_LOOP('', (#245, #256, #255));
#1852 = FACE_OUTER_BOUND('', #1851, .T.);
#1853 = FACETED_BREP_SHAPE_REPRESENTATION('', (#1852), #8);
#1854 = POLY_LOOP('', (#246, #247, #257));
#1855 = FACE_OUTER_BOUND('', #1854, .T.);
#1856 = FACETED_BREP_SHAPE_REPRESENTATION('', (#1855), #8);
#1857 = POLY_LOOP('', (#246, #257, #256));
#1858 = FACE_OUTER_BOUND('', #1857, .T.);
#1859 = FACETED_BREP_SHAPE_REPRESENTATION('', (#1858), #8);
#1860 = POLY_LOOP('', (#247, #248, #258));
#1861 = FACE_OUTER_BOUND('', #1860, .T.);
#1862 = FACETED_BREP_SHAPE_REPRESENTATION('', (#1861), #8);
#1863 = POLY_LOOP('', (#247, #258, #257));
#1864 = FACE_OUTER_BOUND('', #1863, .T.);
#1865 = FACETED_BREP_SHAPE_REPRESENTATION('', (#1864), #8);
#1866 = POLY_LOOP('', (#248, #249, #259));
#1867 = FACE_OUTER_BOUND('', #1866, .T.);
#1868 = FACETED_BREP_SHAPE_REPRESENTATION('', (#1867), #8);
#1869 = POLY_LOOP('', (#248, #259, #258));
#1870 = FACE_OUTER_BOUND('', #1869, .T.);
#1871 = FACETED_BREP_SHAPE_REPRESENTATION('', (#1870), #8);
#1872 = POLY_LOOP('', (#249, #250, #260));
#1873 = FACE_OUTER_BOUND('', #1872, .T.);
#1874 = FACETED_BREP_SHAPE_REPRESENTATION('', (#1873), #8);
#1875 = POLY_LOOP('', (#249, #260, #259));
#1876 = FACE_OUTER_BOUND('', #1875, .T.);
#1877 = FACETED_BREP_SHAPE_REPRESENTATION('', (#1876), #8);
#1878 = POLY_LOOP('', (#250, #251, #261));
#1879 = FACE_OUTER_BOUND('', #1878, .T.);
#1880 = FACETED_BREP_SHAPE_REPRESENTATION('', (#1879), #8);
#1881 = POLY_LOOP('', (#250, #261, #260));
#1882 = FACE_OUTER_BOUND('', #1881, .T.);
#1883 = FACETED_BREP_SHAPE_REPRESENTATION('', (#1882), #8);
#1884 = POLY_LOOP('', (#251, #242, #252));
#1885 = FACE_OUTER_BOUND('', #1884, .T.);
#1886 = FACETED_BREP_SHAPE_REPRESENTATION('', (#1885), #8);
#1887 = POLY_LOOP('', (#251, #252, #261));
#1888 = FACE_OUTER_BOUND('', #1887, .T.);
#1889 = FACETED_BREP_SHAPE_REPRESENTATION('', (#1888), #8);
#1890 = POLY_LOOP('', (#252, #253, #263));
#1891 = FACE_OUTER_BOUND('', #1890, .T.);
#1892 = FACETED_BREP_SHAPE_REPRESENTATION('', (#1891), #8);
#1893 = POLY_LOOP('', (#252, #263, #262));
#1894 = FACE_OUTER_BOUND('', #1893, .T.);
#1895 = FACETED_BREP_SHAPE_REPRESENTATION('', (#1894), #8);
#1896 = POLY_LOOP('', (#253, #254, #264));
#1897 = FACE_OUTER_BOUND('', #1896, .T.);
#1898 = FACETED_BREP_SHAPE_REPRESENTATION('', (#1897), #8);
#1899 = POLY_LOOP('', (#253, #264, #263));
#1900 = FACE_OUTER_BOUND('', #1899, .T.);
#1901 = FACETED_BREP_SHAPE_REPRESENTATION('', (#1900), #8);
#1902 = POLY_LOOP('', (#254, #255, #265));
#1903 = FACE_OUTER_BOUND('', #1902, .T.);
#1904 = FACETED_BREP_SHAPE_REPRESENTATION('', (#1903), #8);
#1905 = POLY_LOOP('', (#254, #265, #264));
#1906 = FACE_OUTER_BOUND('', #1905, .T.);
#1907 = FACETED_BREP_SHAPE_REPRESENTATION('', (#1906), #8);
#1908 = POLY_LOOP('', (#255, #256, #266));
#1909 = FACE_OUTER_BOUND('', #1908, .T.);
#1910 = FACETED_BREP_SHAPE_REPRESENTATION('', (#1909), #8);
#1911 = POLY_LOOP('', (#255, #266, #265));
#1912 = FACE_OUTER_BOUND('', #1911, .T.);
#1913 = FACETED_BREP_SHAPE_REPRESENTATION('', (#1912), #8);
#1914 = POLY_LOOP('', (#256, #257, #267));
#1915 = FACE_OUTER_BOUND('', #1914, .T.);
#1916 = FACETED_BREP_SHAPE_REPRESENTATION('', (#1915), #8);
#1917 = POLY_LOOP('', (#256, #267, #266));
#1918 = FACE_OUTER_BOUND('', #1917, .T.);
#1919 = FACETED_BREP_SHAPE_REPRESENTATION('', (#1918), #8);
#1920 = POLY_LOOP('', (#257, #258, #268));
#1921 = FACE_OUTER_BOUND('', #1920, .T.);
#1922 = FACETED_BREP_SHAPE_REPRESENTATION('', (#1921), #8);
#1923 = POLY_LOOP('', (#257, #268, #267));
#1924 = FACE_OUTER_BOUND('', #1923, .T.);
#1925 = FACETED_BREP_SHAPE_REPRESENTATION('', (#1924), #8);
#1926 = POLY_LOOP('', (#258, #259, #269));
#1927 = FACE_OUTER_BOUND('', #1926, .T.);
#1928 = FACETED_BREP_SHAPE_REPRESENTATION('', (#1927), #8);
#1929 = POLY_LOOP('', (#258, #269, #268));
#1930 = FACE_OUTER_BOUND('', #1929, .T.);
#1931 = FACETED_BREP_SHAPE_REPRESENTATION('', (#1930), #8);
#1932 = POLY_LOOP('', (#259, #260, #270));
#1933 = FACE_OUTER_BOUND('', #1932, .T.);
#1934 = FACETED_BREP_SHAPE_REPRESENTATION('', (#1933), #8);
#1935 = POLY_LOOP('', (#259, #270, #269));
#1936 = FACE_OUTER_BOUND('', #1935, .T.);
#1937 = FACETED_BREP_SHAPE_REPRESENTATION('', (#1936), #8);
#1938 = POLY_LOOP('', (#260, #261, #271));
#1939 = FACE_OUTER_BOUND('', #1938, .T.);
#1940 = FACETED_BREP_SHAPE_REPRESENTATION('', (#1939), #8);
#1941 = POLY_LOOP('', (#260, #271, #270));
#1942 = FACE_OUTER_BOUND('', #1941, .T.);
#1943 = FACETED_BREP_SHAPE_REPRESENTATION('', (#1942), #8);
#1944 = POLY_LOOP('', (#261, #252, #262));
#1945 = FACE_OUTER_BOUND('', #1944, .T.);
#1946 = FACETED_BREP_SHAPE_REPRESENTATION('', (#1945), #8);
#1947 = POLY_LOOP('', (#261, #262, #271));
#1948 = FACE_OUTER_BOUND('', #1947, .T.);
#1949 = FACETED_BREP_SHAPE_REPRESENTATION('', (#1948), #8);
#1950 = POLY_LOOP('', (#262, #263, #273));
#1951 = FACE_OUTER_BOUND('', #1950, .T.);
#1952 = FACETED_BREP_SHAPE_REPRESENTATION('', (#1951), #8);
#1953 = POLY_LOOP('', (#262, #273, #272));
#1954 = FACE_OUTER_BOUND('', #1953, .T.);
#1955 = FACETED_BREP_SHAPE_REPRESENTATION('', (#1954), #8);
#1956 = POLY_LOOP('', (#263, #264, #274));
#1957 = FACE_OUTER_BOUND('', #1956, .T.);
#1958 = FACETED_BREP_SHAPE_REPRESENTATION('', (#1957), #8);
#1959 = POLY_LOOP('', (#263, #274, #273));
#1960 = FACE_OUTER_BOUND('', #1959, .T.);
#1961 = FACETED_BREP_SHAPE_REPRESENTATION('', (#1960), #8);
#1962 = POLY_LOOP('', (#264, #265, #275));
#1963 = FACE_OUTER_BOUND('', #1962, .T.);
#1964 = FACETED_BREP_SHAPE_REPRESENTATION('', (#1963), #8);
#1965 = POLY_LOOP('', (#264, #275, #274));
#1966 = FACE_OUTER_BOUND('', #1965, .T.);
#1967 = FACETED_BREP_SHAPE_REPRESENTATION('', (#1966), #8);
#1968 = POLY_LOOP('', (#265, #266, #276));
#1969 = FACE_OUTER_BOUND('', #1968, .T.);
#1970 = FACETED_BREP_SHAPE_REPRESENTATION('', (#1969), #8);
#1971 = POLY_LOOP('', (#265, #276, #275));
#1972 = FACE_OUTER_BOUND('', #1971, .T.);
#1973 = FACETED_BREP_SHAPE_REPRESENTATION('', (#1972), #8);
#1974 = POLY_LOOP('', (#266, #267, #277));
#1975 = FACE_OUTER_BOUND('', #1974, .T.);
#1976 = FACETED_BREP_SHAPE_REPRESENTATION('', (#1975), #8);
#1977 = POLY_LOOP('', (#266, #277, #276));
#1978 = FACE_OUTER_BOUND('', #1977, .T.);
#1979 = FACETED_BREP_SHAPE_REPRESENTATION('', (#1978), #8);
#1980 = POLY_LOOP('', (#267, #268, #278));
#1981 = FACE_OUTER_BOUND('', #1980, .T.);
#1982 = FACETED_BREP_SHAPE_REPRESENTATION('', (#1981), #8);
#1983 = POLY_LOOP('', (#267, #278, #277));
#1984 = FACE_OUTER_BOUND('', #1983, .T.);
#1985 = FACETED_BREP_SHAPE_REPRESENTATION('', (#1984), #8);
#1986 = POLY_LOOP('', (#268, #269, #279));
#1987 = FACE_OUTER_BOUND('', #1986, .T.);
#1988 = FACETED_BREP_SHAPE_REPRESENTATION('', (#1987), #8);
#1989 = POLY_LOOP('', (#268, #279, #278));
#1990 = FACE_OUTER_BOUND('', #1989, .T.);
#1991 = FACETED_BREP_SHAPE_REPRESENTATION('', (#1990), #8);
#1992 = POLY_LOOP('', (#269, #270, #280));
#1993 = FACE_OUTER_BOUND('', #1992, .T.);
#1994 = FACETED_BREP_SHAPE_REPRESENTATION('', (#1993), #8);
#1995 = POLY_LOOP('', (#269, #280, #279));
#1996 = FACE_OUTER_BOUND('', #1995, .T.);
#1997 = FACETED_BREP_SHAPE_REPRESENTATION('', (#1996), #8);
#1998 = POLY_LOOP('', (#270, #271, #281));
#1999 = FACE_OUTER_BOUND('', #1998, .T.);
#2000 = FACETED_BREP_SHAPE_REPRESENTATION('', (#1999), #8);
#2001 = POLY_LOOP('', (#270, #281, #280));
#2002 = FACE_OUTER_BOUND('', #2001, .T.);
#2003 = FACETED_BREP_SHAPE_REPRESENTATION('', (#2002), #8);
#2004 = POLY_LOOP('', (#271, #262, #272));
#2005 = FACE_OUTER_BOUND('', #2004, .T.);
#2006 = FACETED_BREP_SHAPE_REPRESENTATION('', (#2005), #8);
#2007 = POLY_LOOP('', (#271, #272, #281));
#2008 = FACE_OUTER_BOUND('', #2007, .T.);
#2009 = FACETED_BREP_SHAPE_REPRESENTATION('', (#2008), #8);
#2010 = POLY_LOOP('', (#282, #283, #293));
#2011 = FACE_OUTER_BOUND('', #2010, .T.);
#2012 = FACETED_BREP_SHAPE_REPRESENTATION('', (#2011), #8);
#2013 = POLY_LOOP('', (#282, #293, #292));
#2014 = FACE_OUTER_BOUND('', #2013, .T.);
#2015 = FACETED_BREP_SHAPE_REPRESENTATION('', (#2014), #8);
#2016 = POLY_LOOP('', (#283, #284, #294));
#2017 = FACE_OUTER_BOUND('', #2016, .T.);
#2018 = FACETED_BREP_SHAPE_REPRESENTATION('', (#2017), #8);
#2019 = POLY_LOOP('', (#283, #294, #293));
#2020 = FACE_OUTER_BOUND('', #2019, .T.);
#2021 = FACETED_BREP_SHAPE_REPRESENTATION('', (#2020), #8);
#2022 = POLY_LOOP('', (#284, #285, #295));
#2023 = FACE_OUTER_BOUND('', #2022, .T.);
#2024 = FACETED_BREP_SHAPE_REPRESENTATION('', (#2023), #8);
#2025 = POLY_LOOP('', (#284, #295, #294));
#2026 = FACE_OUTER_BOUND('', #2025, .T.);
#2027 = FACETED_BREP_SHAPE_REPRESENTATION('', (#2026), #8);
#2028 = POLY_LOOP('', (#285, #286, #296));
#2029 = FACE_OUTER_BOUND('', #2028, .T.);
#2030 = FACETED_BREP_SHAPE_REPRESENTATION('', (#2029), #8);
#2031 = POLY_LOOP('', (#285, #296, #295));
#2032 = FACE_OUTER_BOUND('', #2031, .T.);
#2033 = FACETED_BREP_SHAPE_REPRESENTATION('', (#2032), #8);
#2034 = POLY_LOOP('', (#286, #287, #297));
#2035 = FACE_OUTER_BOUND('', #2034, .T.);
#2036 = FACETED_BREP_SHAPE_REPRESENTATION('', (#2035), #8);
#2037 = POLY_LOOP('', (#286, #297, #296));
#2038 = FACE_OUTER_BOUND('', #2037, .T.);
#2039 = FACETED_BREP_SHAPE_REPRESENTATION('', (#2038), #8);
#2040 = POLY_LOOP('', (#287, #288, #298));
#2041 = FACE_OUTER_BOUND('', #2040, .T.);
#2042 = FACETED_BREP_SHAPE_REPRESENTATION('', (#2041), #8);
#2043 = POLY_LOOP('', (#287, #298, #297));
#2044 = FACE_OUTER_BOUND('', #2043, .T.);
#2045 = FACETED_BREP_SHAPE_REPRESENTATION('', (#2044), #8);
#2046 = POLY_LOOP('', (#288, #289, #299));
#2047 = FACE_OUTER_BOUND('', #2046, .T.);
#2048 = FACETED_BREP_SHAPE_REPRESENTATION('', (#2047), #8);
#2049 = POLY_LOOP('', (#288, #299, #298));
#2050 = FACE_OUTER_BOUND('', #2049, .T.);
#2051 = FACETED_BREP_SHAPE_REPRESENTATION('', (#2050), #8);
#2052 = POLY_LOOP('', (#289, #290, #300));
#2053 = FACE_OUTER_BOUND('', #2052, .T.);
#2054 = FACETED_BREP_SHAPE_REPRESENTATION('', (#2053), #8);
#2055 = POLY_LOOP('', (#289, #300, #299));
#2056 = FACE_OUTER_BOUND('', #2055, .T.);
#2057 = FACETED_BREP_SHAPE_REPRESENTATION('', (#2056), #8);
#2058 = POLY_LOOP('', (#290, #291, #301));
#2059 = FACE_OUTER_BOUND('', #2058, .T.);
#2060 = FACETED_BREP_SHAPE_REPRESENTATION('', (#2059), #8);
#2061 = POLY_LOOP('', (#290, #301, #300));
#2062 = FACE_OUTER_BOUND('', #2061, .T.);
#2063 = FACETED_BREP_SHAPE_REPRESENTATION('', (#2062), #8);
#2064 = POLY_LOOP('', (#291, #282, #292));
#2065 = FACE_OUTER_BOUND('', #2064, .T.);
#2066 = FACETED_BREP_SHAPE_REPRESENTATION('', (#2065), #8);
#2067 = POLY_LOOP('', (#291, #292, #301));
#2068 = FACE_OUTER_BOUND('', #2067, .T.);
#2069 = FACETED_BREP_SHAPE_REPRESENTATION('', (#2068), #8);
#2070 = POLY_LOOP('', (#292, #293, #303));
#2071 = FACE_OUTER_BOUND('', #2070, .T.);
#2072 = FACETED_BREP_SHAPE_REPRESENTATION('', (#2071), #8);
#2073 = POLY_LOOP('', (#292, #303, #302));
#2074 = FACE_OUTER_BOUND('', #2073, .T.);
#2075 = FACETED_BREP_SHAPE_REPRESENTATION('', (#2074), #8);
#2076 = POLY_LOOP('', (#293, #294, #304));
#2077 = FACE_OUTER_BOUND('', #2076, .T.);
#2078 = FACETED_BREP_SHAPE_REPRESENTATION('', (#2077), #8);
#2079 = POLY_LOOP('', (#293, #304, #303));
#2080 = FACE_OUTER_BOUND('', #2079, .T.);
#2081 = FACETED_BREP_SHAPE_REPRESENTATION('', (#2080), #8);
#2082 = POLY_LOOP('', (#294, #295, #305));
#2083 = FACE_OUTER_BOUND('', #2082, .T.);
#2084 = FACETED_BREP_SHAPE_REPRESENTATION('', (#2083), #8);
#2085 = POLY_LOOP('', (#294, #305, #304));
#2086 = FACE_OUTER_BOUND('', #2085, .T.);
#2087 = FACETED_BREP_SHAPE_REPRESENTATION('', (#2086), #8);
#2088 = POLY_LOOP('', (#295, #296, #306));
#2089 = FACE_OUTER_BOUND('', #2088, .T.);
#2090 = FACETED_BREP_SHAPE_REPRESENTATION('', (#2089), #8);
#2091 = POLY_LOOP('', (#295, #306, #305));
#2092 = FACE_OUTER_BOUND('', #2091, .T.);
#2093 = FACETED_BREP_SHAPE_REPRESENTATION('', (#2092), #8);
#2094 = POLY_LOOP('', (#296, #297, #307));
#2095 = FACE_OUTER_BOUND('', #2094, .T.);
#2096 = FACETED_BREP_SHAPE_REPRESENTATION('', (#2095), #8);
#2097 = POLY_LOOP('', (#296, #307, #306));
#2098 = FACE_OUTER_BOUND('', #2097, .T.);
#2099 = FACETED_BREP_SHAPE_REPRESENTATION('', (#2098), #8);
#2100 = POLY_LOOP('', (#297, #298, #308));
#2101 = FACE_OUTER_BOUND('', #2100, .T.);
#2102 = FACETED_BREP_SHAPE_REPRESENTATION('', (#2101), #8);
#2103 = POLY_LOOP('', (#297, #308, #307));
#2104 = FACE_OUTER_BOUND('', #2103, .T.);
#2105 = FACETED_BREP_SHAPE_REPRESENTATION('', (#2104), #8);
#2106 = POLY_LOOP('', (#298, #299, #309));
#2107 = FACE_OUTER_BOUND('', #2106, .T.);
#2108 = FACETED_BREP_SHAPE_REPRESENTATION('', (#2107), #8);
#2109 = POLY_LOOP('', (#298, #309, #308));
#2110 = FACE_OUTER_BOUND('', #2109, .T.);
#2111 = FACETED_BREP_SHAPE_REPRESENTATION('', (#2110), #8);
#2112 = POLY_LOOP('', (#299, #300, #310));
#2113 = FACE_OUTER_BOUND('', #2112, .T.);
#2114 = FACETED_BREP_SHAPE_REPRESENTATION('', (#2113), #8);
#2115 = POLY_LOOP('', (#299, #310, #309));
#2116 = FACE_OUTER_BOUND('', #2115, .T.);
#2117 = FACETED_BREP_SHAPE_REPRESENTATION('', (#2116), #8);
#2118 = POLY_LOOP('', (#300, #301, #311));
#2119 = FACE_OUTER_BOUND('', #2118, .T.);
#2120 = FACETED_BREP_SHAPE_REPRESENTATION('', (#2119), #8);
#2121 = POLY_LOOP('', (#300, #311, #310));
#2122 = FACE_OUTER_BOUND('', #2121, .T.);
#2123 = FACETED_BREP_SHAPE_REPRESENTATION('', (#2122), #8);
#2124 = POLY_LOOP('', (#301, #292, #302));
#2125 = FACE_OUTER_BOUND('', #2124, .T.);
#2126 = FACETED_BREP_SHAPE_REPRESENTATION('', (#2125), #8);
#2127 = POLY_LOOP('', (#301, #302, #311));
#2128 = FACE_OUTER_BOUND('', #2127, .T.);
#2129 = FACETED_BREP_SHAPE_REPRESENTATION('', (#2128), #8);
#2130 = POLY_LOOP('', (#302, #303, #313));
#2131 = FACE_OUTER_BOUND('', #2130, .T.);
#2132 = FACETED_BREP_SHAPE_REPRESENTATION('', (#2131), #8);
#2133 = POLY_LOOP('', (#302, #313, #312));
#2134 = FACE_OUTER_BOUND('', #2133, .T.);
#2135 = FACETED_BREP_SHAPE_REPRESENTATION('', (#2134), #8);
#2136 = POLY_LOOP('', (#303, #304, #314));
#2137 = FACE_OUTER_BOUND('', #2136, .T.);
#2138 = FACETED_BREP_SHAPE_REPRESENTATION('', (#2137), #8);
#2139 = POLY_LOOP('', (#303, #314, #313));
#2140 = FACE_OUTER_BOUND('', #2139, .T.);
#2141 = FACETED_BREP_SHAPE_REPRESENTATION('', (#2140), #8);
#2142 = POLY_LOOP('', (#304, #305, #315));
#2143 = FACE_OUTER_BOUND('', #2142, .T.);
#2144 = FACETED_BREP_SHAPE_REPRESENTATION('', (#2143), #8);
#2145 = POLY_LOOP('', (#304, #315, #314));
#2146 = FACE_OUTER_BOUND('', #2145, .T.);
#2147 = FACETED_BREP_SHAPE_REPRESENTATION('', (#2146), #8);
#2148 = POLY_LOOP('', (#305, #306, #316));
#2149 = FACE_OUTER_BOUND('', #2148, .T.);
#2150 = FACETED_BREP_SHAPE_REPRESENTATION('', (#2149), #8);
#2151 = POLY_LOOP('', (#305, #316, #315));
#2152 = FACE_OUTER_BOUND('', #2151, .T.);
#2153 = FACETED_BREP_SHAPE_REPRESENTATION('', (#2152), #8);
#2154 = POLY_LOOP('', (#306, #307, #317));
#2155 = FACE_OUTER_BOUND('', #2154, .T.);
#2156 = FACETED_BREP_SHAPE_REPRESENTATION('', (#2155), #8);
#2157 = POLY_LOOP('', (#306, #317, #316));
#2158 = FACE_OUTER_BOUND('', #2157, .T.);
#2159 = FACETED_BREP_SHAPE_REPRESENTATION('', (#2158), #8);
#2160 = POLY_LOOP('', (#307, #308, #318));
#2161 = FACE_OUTER_BOUND('', #2160, .T.);
#2162 = FACETED_BREP_SHAPE_REPRESENTATION('', (#2161), #8);
#2163 = POLY_LOOP('', (#307, #318, #317));
#2164 = FACE_OUTER_BOUND('', #2163, .T.);
#2165 = FACETED_BREP_SHAPE_REPRESENTATION('', (#2164), #8);
#2166 = POLY_LOOP('', (#308, #309, #319));
#2167 = FACE_OUTER_BOUND('', #2166, .T.);
#2168 = FACETED_BREP_SHAPE_REPRESENTATION('', (#2167), #8);
#2169 = POLY_LOOP('', (#308, #319, #318));
#2170 = FACE_OUTER_BOUND('', #2169, .T.);
#2171 = FACETED_BREP_SHAPE_REPRESENTATION('', (#2170), #8);
#2172 = POLY_LOOP('', (#309, #310, #320));
#2173 = FACE_OUTER_BOUND('', #2172, .T.);
#2174 = FACETED_BREP_SHAPE_REPRESENTATION('', (#2173), #8);
#2175 = POLY_LOOP('', (#309, #320, #319));
#2176 = FACE_OUTER_BOUND('', #2175, .T.);
#2177 = FACETED_BREP_SHAPE_REPRESENTATION('', (#2176), #8);
#2178 = POLY_LOOP('', (#310, #311, #321));
#2179 = FACE_OUTER_BOUND('', #2178, .T.);
#2180 = FACETED_BREP_SHAPE_REPRESENTATION('', (#2179), #8);
#2181 = POLY_LOOP('', (#310, #321, #320));
#2182 = FACE_OUTER_BOUND('', #2181, .T.);
#2183 = FACETED_BREP_SHAPE_REPRESENTATION('', (#2182), #8);
#2184 = POLY_LOOP('', (#311, #302, #312));
#2185 = FACE_OUTER_BOUND('', #2184, .T.);
#2186 = FACETED_BREP_SHAPE_REPRESENTATION('', (#2185), #8);
#2187 = POLY_LOOP('', (#311, #312, #321));
#2188 = FACE_OUTER_BOUND('', #2187, .T.);
#2189 = FACETED_BREP_SHAPE_REPRESENTATION('', (#2188), #8);
#2190 = POLY_LOOP('', (#312, #313, #323));
#2191 = FACE_OUTER_BOUND('', #2190, .T.);
#2192 = FACETED_BREP_SHAPE_REPRESENTATION('', (#2191), #8);
#2193 = POLY_LOOP('', (#312, #323, #322));
#2194 = FACE_OUTER_BOUND('', #2193, .T.);
#2195 = FACETED_BREP_SHAPE_REPRESENTATION('', (#2194), #8);
#2196 = POLY_LOOP('', (#313, #314, #324));
#2197 = FACE_OUTER_BOUND('', #2196, .T.);
#2198 = FACETED_BREP_SHAPE_REPRESENTATION('', (#2197), #8);
#2199 = POLY_LOOP('', (#313, #324, #323));
#2200 = FACE_OUTER_BOUND('', #2199, .T.);
#2201 = FACETED_BREP_SHAPE_REPRESENTATION('', (#2200), #8);
#2202 = POLY_LOOP('', (#314, #315, #325));
#2203 = FACE_OUTER_BOUND('', #2202, .T.);
#2204 = FACETED_BREP_SHAPE_REPRESENTATION('', (#2203), #8);
#2205 = POLY_LOOP('', (#314, #325, #324));
#2206 = FACE_OUTER_BOUND('', #2205, .T.);
#2207 = FACETED_BREP_SHAPE_REPRESENTATION('', (#2206), #8);
#2208 = POLY_LOOP('', (#315, #316, #326));
#2209 = FACE_OUTER_BOUND('', #2208, .T.);
#2210 = FACETED_BREP_SHAPE_REPRESENTATION('', (#2209), #8);
#2211 = POLY_LOOP('', (#315, #326, #325));
#2212 = FACE_OUTER_BOUND('', #2211, .T.);
#2213 = FACETED_BREP_SHAPE_REPRESENTATION('', (#2212), #8);
#2214 = POLY_LOOP('', (#316, #317, #327));
#2215 = FACE_OUTER_BOUND('', #2214, .T.);
#2216 = FACETED_BREP_SHAPE_REPRESENTATION('', (#2215), #8);
#2217 = POLY_LOOP('', (#316, #327, #326));
#2218 = FACE_OUTER_BOUND('', #2217, .T.);
#2219 = FACETED_BREP_SHAPE_REPRESENTATION('', (#2218), #8);
#2220 = POLY_LOOP('', (#317, #318, #328));
#2221 = FACE_OUTER_BOUND('', #2220, .T.);
#2222 = FACETED_BREP_SHAPE_REPRESENTATION('', (#2221), #8);
#2223 = POLY_LOOP('', (#317, #328, #327));
#2224 = FACE_OUTER_BOUND('', #2223, .T.);
#2225 = FACETED_BREP_SHAPE_REPRESENTATION('', (#2224), #8);
#2226 = POLY_LOOP('', (#318, #319, #329));
#2227 = FACE_OUTER_BOUND('', #2226, .T.);
#2228 = FACETED_BREP_SHAPE_REPRESENTATION('', (#2227), #8);
#2229 = POLY_LOOP('', (#318, #329, #328));
#2230 = FACE_OUTER_BOUND('', #2229, .T.);
#2231 = FACETED_BREP_SHAPE_REPRESENTATION('', (#2230), #8);
#2232 = POLY_LOOP('', (#319, #320, #330));
#2233 = FACE_OUTER_BOUND('', #2232, .T.);
#2234 = FACETED_BREP_SHAPE_REPRESENTATION('', (#2233), #8);
#2235 = POLY_LOOP('', (#319, #330, #329));
#2236 = FACE_OUTER_BOUND('', #2235, .T.);
#2237 = FACETED_BREP_SHAPE_REPRESENTATION('', (#2236), #8);
#2238 = POLY_LOOP('', (#320, #321, #331));
#2239 = FACE_OUTER_BOUND('', #2238, .T.);
#2240 = FACETED_BREP_SHAPE_REPRESENTATION('', (#2239), #8);
#2241 = POLY_LOOP('', (#320, #331, #330));
#2242 = FACE_OUTER_BOUND('', #2241, .T.);
#2243 = FACETED_BREP_SHAPE_REPRESENTATION('', (#2242), #8);
#2244 = POLY_LOOP('', (#321, #312, #322));
#2245 = FACE_OUTER_BOUND('', #2244, .T.);
#2246 = FACETED_BREP_SHAPE_REPRESENTATION('', (#2245), #8);
#2247 = POLY_LOOP('', (#321, #322, #331));
#2248 = FACE_OUTER_BOUND('', #2247, .T.);
#2249 = FACETED_BREP_SHAPE_REPRESENTATION('', (#2248), #8);
#2250 = POLY_LOOP('', (#322, #323, #333));
#2251 = FACE_OUTER_BOUND('', #2250, .T.);
#2252 = FACETED_BREP_SHAPE_REPRESENTATION('', (#2251), #8);
#2253 = POLY_LOOP('', (#322, #333, #332));
#2254 = FACE_OUTER_BOUND('', #2253, .T.);
#2255 = FACETED_BREP_SHAPE_REPRESENTATION('', (#2254), #8);
#2256 = POLY_LOOP('', (#323, #324, #334));
#2257 = FACE_OUTER_BOUND('', #2256, .T.);
#2258 = FACETED_BREP_SHAPE_REPRESENTATION('', (#2257), #8);
#2259 = POLY_LOOP('', (#323, #334, #333));
#2260 = FACE_OUTER_BOUND('', #2259, .T.);
#2261 = FACETED_BREP_SHAPE_REPRESENTATION('', (#2260), #8);
#2262 = POLY_LOOP('', (#324, #325, #335));
#2263 = FACE_OUTER_BOUND('', #2262, .T.);
#2264 = FACETED_BREP_SHAPE_REPRESENTATION('', (#2263), #8);
#2265 = POLY_LOOP('', (#324, #335, #334));
#2266 = FACE_OUTER_BOUND('', #2265, .T.);
#2267 = FACETED_BREP_SHAPE_REPRESENTATION('', (#2266), #8);
#2268 = POLY_LOOP('', (#325, #326, #336));
#2269 = FACE_OUTER_BOUND('', #2268, .T.);
#2270 = FACETED_BREP_SHAPE_REPRESENTATION('', (#2269), #8);
#2271 = POLY_LOOP('', (#325, #336, #335));
#2272 = FACE_OUTER_BOUND('', #2271, .T.);
#2273 = FACETED_BREP_SHAPE_REPRESENTATION('', (#2272), #8);
#2274 = POLY_LOOP('', (#326, #327, #337));
#2275 = FACE_OUTER_BOUND('', #2274, .T.);
#2276 = FACETED_BREP_SHAPE_REPRESENTATION('', (#2275), #8);
#2277 = POLY_LOOP('', (#326, #337, #336));
#2278 = FACE_OUTER_BOUND('', #2277, .T.);
#2279 = FACETED_BREP_SHAPE_REPRESENTATION('', (#2278), #8);
#2280 = POLY_LOOP('', (#327, #328, #338));
#2281 = FACE_OUTER_BOUND('', #2280, .T.);
#2282 = FACETED_BREP_SHAPE_REPRESENTATION('', (#2281), #8);
#2283 = POLY_LOOP('', (#327, #338, #337));
#2284 = FACE_OUTER_BOUND('', #2283, .T.);
#2285 = FACETED_BREP_SHAPE_REPRESENTATION('', (#2284), #8);
#2286 = POLY_LOOP('', (#328, #329, #339));
#2287 = FACE_OUTER_BOUND('', #2286, .T.);
#2288 = FACETED_BREP_SHAPE_REPRESENTATION('', (#2287), #8);
#2289 = POLY_LOOP('', (#328, #339, #338));
#2290 = FACE_OUTER_BOUND('', #2289, .T.);
#2291 = FACETED_BREP_SHAPE_REPRESENTATION('', (#2290), #8);
#2292 = POLY_LOOP('', (#329, #330, #340));
#2293 = FACE_OUTER_BOUND('', #2292, .T.);
#2294 = FACETED_BREP_SHAPE_REPRESENTATION('', (#2293), #8);
#2295 = POLY_LOOP('', (#329, #340, #339));
#2296 = FACE_OUTER_BOUND('', #2295, .T.);
#2297 = FACETED_BREP_SHAPE_REPRESENTATION('', (#2296), #8);
#2298 = POLY_LOOP('', (#330, #331, #341));
#2299 = FACE_OUTER_BOUND('', #2298, .T.);
#2300 = FACETED_BREP_SHAPE_REPRESENTATION('', (#2299), #8);
#2301 = POLY_LOOP('', (#330, #341, #340));
#2302 = FACE_OUTER_BOUND('', #2301, .T.);
#2303 = FACETED_BREP_SHAPE_REPRESENTATION('', (#2302), #8);
#2304 = POLY_LOOP('', (#331, #322, #332));
#2305 = FACE_OUTER_BOUND('', #2304, .T.);
#2306 = FACETED_BREP_SHAPE_REPRESENTATION('', (#2305), #8);
#2307 = POLY_LOOP('', (#331, #332, #341));
#2308 = FACE_OUTER_BOUND('', #2307, .T.);
#2309 = FACETED_BREP_SHAPE_REPRESENTATION('', (#2308), #8);
#2310 = POLY_LOOP('', (#342, #343, #353));
#2311 = FACE_OUTER_BOUND('', #2310, .T.);
#2312 = FACETED_BREP_SHAPE_REPRESENTATION('', (#2311), #8);
#2313 = POLY_LOOP('', (#342, #353, #352));
#2314 = FACE_OUTER_BOUND('', #2313, .T.);
#2315 = FACETED_BREP_SHAPE_REPRESENTATION('', (#2314), #8);
#2316 = POLY_LOOP('', (#343, #344, #354));
#2317 = FACE_OUTER_BOUND('', #2316, .T.);
#2318 = FACETED_BREP_SHAPE_REPRESENTATION('', (#2317), #8);
#2319 = POLY_LOOP('', (#343, #354, #353));
#2320 = FACE_OUTER_BOUND('', #2319, .T.);
#2321 = FACETED_BREP_SHAPE_REPRESENTATION('', (#2320), #8);
#2322 = POLY_LOOP('', (#344, #345, #355));
#2323 = FACE_OUTER_BOUND('', #2322, .T.);
#2324 = FACETED_BREP_SHAPE_REPRESENTATION('', (#2323), #8);
#2325 = POLY_LOOP('', (#344, #355, #354));
#2326 = FACE_OUTER_BOUND('', #2325, .T.);
#2327 = FACETED_BREP_SHAPE_REPRESENTATION('', (#2326), #8);
#2328 = POLY_LOOP('', (#345, #346, #356));
#2329 = FACE_OUTER_BOUND('', #2328, .T.);
#2330 = FACETED_BREP_SHAPE_REPRESENTATION('', (#2329), #8);
#2331 = POLY_LOOP('', (#345, #356, #355));
#2332 = FACE_OUTER_BOUND('', #2331, .T.);
#2333 = FACETED_BREP_SHAPE_REPRESENTATION('', (#2332), #8);
#2334 = POLY_LOOP('', (#346, #347, #357));
#2335 = FACE_OUTER_BOUND('', #2334, .T.);
#2336 = FACETED_BREP_SHAPE_REPRESENTATION('', (#2335), #8);
#2337 = POLY_LOOP('', (#346, #357, #356));
#2338 = FACE_OUTER_BOUND('', #2337, .T.);
#2339 = FACETED_BREP_SHAPE_REPRESENTATION('', (#2338), #8);
#2340 = POLY_LOOP('', (#347, #348, #358));
#2341 = FACE_OUTER_BOUND('', #2340, .T.);
#2342 = FACETED_BREP_SHAPE_REPRESENTATION('', (#2341), #8);
#2343 = POLY_LOOP('', (#347, #358, #357));
#2344 = FACE_OUTER_BOUND('', #2343, .T.);
#2345 = FACETED_BREP_SHAPE_REPRESENTATION('', (#2344), #8);
#2346 = POLY_LOOP('', (#348, #349, #359));
#2347 = FACE_OUTER_BOUND('', #2346, .T.);
#2348 = FACETED_BREP_SHAPE_REPRESENTATION('', (#2347), #8);
#2349 = POLY_LOOP('', (#348, #359, #358));
#2350 = FACE_OUTER_BOUND('', #2349, .T.);
#2351 = FACETED_BREP_SHAPE_REPRESENTATION('', (#2350), #8);
#2352 = POLY_LOOP('', (#349, #350, #360));
#2353 = FACE_OUTER_BOUND('', #2352, .T.);
#2354 = FACETED_BREP_SHAPE_REPRESENTATION('', (#2353), #8);
#2355 = POLY_LOOP('', (#349, #360, #359));
#2356 = FACE_OUTER_BOUND('', #2355, .T.);
#2357 = FACETED_BREP_SHAPE_REPRESENTATION('', (#2356), #8);
#2358 = POLY_LOOP('', (#350, #351, #361));
#2359 = FACE_OUTER_BOUND('', #2358, .T.);
#2360 = FACETED_BREP_SHAPE_REPRESENTATION('', (#2359), #8);
#2361 = POLY_LOOP('', (#350, #361, #360));
#2362 = FACE_OUTER_BOUND('', #2361, .T.);
#2363 = FACETED_BREP_SHAPE_REPRESENTATION('', (#2362), #8);
#2364 = POLY_LOOP('', (#351, #342, #352));
#2365 = FACE_OUTER_BOUND('', #2364, .T.);
#2366 = FACETED_BREP_SHAPE_REPRESENTATION('', (#2365), #8);
#2367 = POLY_LOOP('', (#351, #352, #361));
#2368 = FACE_OUTER_BOUND('', #2367, .T.);
#2369 = FACETED_BREP_SHAPE_REPRESENTATION('', (#2368), #8);
#2370 = POLY_LOOP('', (#352, #353, #363));
#2371 = FACE_OUTER_BOUND('', #2370, .T.);
#2372 = FACETED_BREP_SHAPE_REPRESENTATION('', (#2371), #8);
#2373 = POLY_LOOP('', (#352, #363, #362));
#2374 = FACE_OUTER_BOUND('', #2373, .T.);
#2375 = FACETED_BREP_SHAPE_REPRESENTATION('', (#2374), #8);
#2376 = POLY_LOOP('', (#353, #354, #364));
#2377 = FACE_OUTER_BOUND('', #2376, .T.);
#2378 = FACETED_BREP_SHAPE_REPRESENTATION('', (#2377), #8);
#2379 = POLY_LOOP('', (#353, #364, #363));
#2380 = FACE_OUTER_BOUND('', #2379, .T.);
#2381 = FACETED_BREP_SHAPE_REPRESENTATION('', (#2380), #8);
#2382 = POLY_LOOP('', (#354, #355, #365));
#2383 = FACE_OUTER_BOUND('', #2382, .T.);
#2384 = FACETED_BREP_SHAPE_REPRESENTATION('', (#2383), #8);
#2385 = POLY_LOOP('', (#354, #365, #364));
#2386 = FACE_OUTER_BOUND('', #2385, .T.);
#2387 = FACETED_BREP_SHAPE_REPRESENTATION('', (#2386), #8);
#2388 = POLY_LOOP('', (#355, #356, #366));
#2389 = FACE_OUTER_BOUND('', #2388, .T.);
#2390 = FACETED_BREP_SHAPE_REPRESENTATION('', (#2389), #8);
#2391 = POLY_LOOP('', (#355, #366, #365));
#2392 = FACE_OUTER_BOUND('', #2391, .T.);
#2393 = FACETED_BREP_SHAPE_REPRESENTATION('', (#2392), #8);
#2394 = POLY_LOOP('', (#356, #357, #367));
#2395 = FACE_OUTER_BOUND('', #2394, .T.);
#2396 = FACETED_BREP_SHAPE_REPRESENTATION('', (#2395), #8);
#2397 = POLY_LOOP('', (#356, #367, #366));
#2398 = FACE_OUTER_BOUND('', #2397, .T.);
#2399 = FACETED_BREP_SHAPE_REPRESENTATION('', (#2398), #8);
#2400 = POLY_LOOP('', (#357, #358, #368));
#2401 = FACE_OUTER_BOUND('', #2400, .T.);
#2402 = FACETED_BREP_SHAPE_REPRESENTATION('', (#2401), #8);
#2403 = POLY_LOOP('', (#357, #368, #367));
#2404 = FACE_OUTER_BOUND('', #2403, .T.);
#2405 = FACETED_BREP_SHAPE_REPRESENTATION('', (#2404), #8);
#2406 = POLY_LOOP('', (#358, #359, #369));
#2407 = FACE_OUTER_BOUND('', #2406, .T.);
#2408 = FACETED_BREP_SHAPE_REPRESENTATION('', (#2407), #8);
#2409 = POLY_LOOP('', (#358, #369, #368));
#2410 = FACE_OUTER_BOUND('', #2409, .T.);
#2411 = FACETED_BREP_SHAPE_REPRESENTATION('', (#2410), #8);
#2412 = POLY_LOOP('', (#359, #360, #370));
#2413 = FACE_OUTER_BOUND('', #2412, .T.);
#2414 = FACETED_BREP_SHAPE_REPRESENTATION('', (#2413), #8);
#2415 = POLY_LOOP('', (#359, #370, #369));
#2416 = FACE_OUTER_BOUND('', #2415, .T.);
#2417 = FACETED_BREP_SHAPE_REPRESENTATION('', (#2416), #8);
#2418 = POLY_LOOP('', (#360, #361, #371));
#2419 = FACE_OUTER_BOUND('', #2418, .T.);
#2420 = FACETED_BREP_SHAPE_REPRESENTATION('', (#2419), #8);
#2421 = POLY_LOOP('', (#360, #371, #370));
#2422 = FACE_OUTER_BOUND('', #2421, .T.);
#2423 = FACETED_BREP_SHAPE_REPRESENTATION('', (#2422), #8);
#2424 = POLY_LOOP('', (#361, #352, #362));
#2425 = FACE_OUTER_BOUND('', #2424, .T.);
#2426 = FACETED_BREP_SHAPE_REPRESENTATION('', (#2425), #8);
#2427 = POLY_LOOP('', (#361, #362, #371));
#2428 = FACE_OUTER_BOUND('', #2427, .T.);
#2429 = FACETED_BREP_SHAPE_REPRESENTATION('', (#2428), #8);
#2430 = POLY_LOOP('', (#362, #363, #373));
#2431 = FACE_OUTER_BOUND('', #2430, .T.);
#2432 = FACETED_BREP_SHAPE_REPRESENTATION('', (#2431), #8);
#2433 = POLY_LOOP('', (#362, #373, #372));
#2434 = FACE_OUTER_BOUND('', #2433, .T.);
#2435 = FACETED_BREP_SHAPE_REPRESENTATION('', (#2434), #8);
#2436 = POLY_LOOP('', (#363, #364, #374));
#2437 = FACE_OUTER_BOUND('', #2436, .T.);
#2438 = FACETED_BREP_SHAPE_REPRESENTATION('', (#2437), #8);
#2439 = POLY_LOOP('', (#363, #374, #373));
#2440 = FACE_OUTER_BOUND('', #2439, .T.);
#2441 = FACETED_BREP_SHAPE_REPRESENTATION('', (#2440), #8);
#2442 = POLY_LOOP('', (#364, #365, #375));
#2443 = FACE_OUTER_BOUND('', #2442, .T.);
#2444 = FACETED_BREP_SHAPE_REPRESENTATION('', (#2443), #8);
#2445 = POLY_LOOP('', (#364, #375, #374));
#2446 = FACE_OUTER_BOUND('', #2445, .T.);
#2447 = FACETED_BREP_SHAPE_REPRESENTATION('', (#2446), #8);
#2448 = POLY_LOOP('', (#365, #366, #376));
#2449 = FACE_OUTER_BOUND('', #2448, .T.);
#2450 = FACETED_BREP_SHAPE_REPRESENTATION('', (#2449), #8);
#2451 = POLY_LOOP('', (#365, #376, #375));
#2452 = FACE_OUTER_BOUND('', #2451, .T.);
#2453 = FACETED_BREP_SHAPE_REPRESENTATION('', (#2452), #8);
#2454 = POLY_LOOP('', (#366, #367, #377));
#2455 = FACE_OUTER_BOUND('', #2454, .T.);
#2456 = FACETED_BREP_SHAPE_REPRESENTATION('', (#2455), #8);
#2457 = POLY_LOOP('', (#366, #377, #376));
#2458 = FACE_OUTER_BOUND('', #2457, .T.);
#2459 = FACETED_BREP_SHAPE_REPRESENTATION('', (#2458), #8);
#2460 = POLY_LOOP('', (#367, #368, #378));
#2461 = FACE_OUTER_BOUND('', #2460, .T.);
#2462 = FACETED_BREP_SHAPE_REPRESENTATION('', (#2461), #8);
#2463 = POLY_LOOP('', (#367, #378, #377));
#2464 = FACE_OUTER_BOUND('', #2463, .T.);
#2465 = FACETED_BREP_SHAPE_REPRESENTATION('', (#2464), #8);
#2466 = POLY_LOOP('', (#368, #369, #379));
#2467 = FACE_OUTER_BOUND('', #2466, .T.);
#2468 = FACETED_BREP_SHAPE_REPRESENTATION('', (#2467), #8);
#2469 = POLY_LOOP('', (#368, #379, #378));
#2470 = FACE_OUTER_BOUND('', #2469, .T.);
#2471 = FACETED_BREP_SHAPE_REPRESENTATION('', (#2470), #8);
#2472 = POLY_LOOP('', (#369, #370, #380));
#2473 = FACE_OUTER_BOUND('', #2472, .T.);
#2474 = FACETED_BREP_SHAPE_REPRESENTATION('', (#2473), #8);
#2475 = POLY_LOOP('', (#369, #380, #379));
#2476 = FACE_OUTER_BOUND('', #2475, .T.);
#2477 = FACETED_BREP_SHAPE_REPRESENTATION('', (#2476), #8);
#2478 = POLY_LOOP('', (#370, #371, #381));
#2479 = FACE_OUTER_BOUND('', #2478, .T.);
#2480 = FACETED_BREP_SHAPE_REPRESENTATION('', (#2479), #8);
#2481 = POLY_LOOP('', (#370, #381, #380));
#2482 = FACE_OUTER_BOUND('', #2481, .T.);
#2483 = FACETED_BREP_SHAPE_REPRESENTATION('', (#2482), #8);
#2484 = POLY_LOOP('', (#371, #362, #372));
#2485 = FACE_OUTER_BOUND('', #2484, .T.);
#2486 = FACETED_BREP_SHAPE_REPRESENTATION('', (#2485), #8);
#2487 = POLY_LOOP('', (#371, #372, #381));
#2488 = FACE_OUTER_BOUND('', #2487, .T.);
#2489 = FACETED_BREP_SHAPE_REPRESENTATION('', (#2488), #8);
#2490 = POLY_LOOP('', (#372, #373, #383));
#2491 = FACE_OUTER_BOUND('', #2490, .T.);
#2492 = FACETED_BREP_SHAPE_REPRESENTATION('', (#2491), #8);
#2493 = POLY_LOOP('', (#372, #383, #382));
#2494 = FACE_OUTER_BOUND('', #2493, .T.);
#2495 = FACETED_BREP_SHAPE_REPRESENTATION('', (#2494), #8);
#2496 = POLY_LOOP('', (#373, #374, #384));
#2497 = FACE_OUTER_BOUND('', #2496, .T.);
#2498 = FACETED_BREP_SHAPE_REPRESENTATION('', (#2497), #8);
#2499 = POLY_LOOP('', (#373, #384, #383));
#2500 = FACE_OUTER_BOUND('', #2499, .T.);
#2501 = FACETED_BREP_SHAPE_REPRESENTATION('', (#2500), #8);
#2502 = POLY_LOOP('', (#374, #375, #385));
#2503 = FACE_OUTER_BOUND('', #2502, .T.);
#2504 = FACETED_BREP_SHAPE_REPRESENTATION('', (#2503), #8);
#2505 = POLY_LOOP('', (#374, #385, #384));
#2506 = FACE_OUTER_BOUND('', #2505, .T.);
#2507 = FACETED_BREP_SHAPE_REPRESENTATION('', (#2506), #8);
#2508 = POLY_LOOP('', (#375, #376, #386));
#2509 = FACE_OUTER_BOUND('', #2508, .T.);
#2510 = FACETED_BREP_SHAPE_REPRESENTATION('', (#2509), #8);
#2511 = POLY_LOOP('', (#375, #386, #385));
#2512 = FACE_OUTER_BOUND('', #2511, .T.);
#2513 = FACETED_BREP_SHAPE_REPRESENTATION('', (#2512), #8);
#2514 = POLY_LOOP('', (#376, #377, #387));
#2515 = FACE_OUTER_BOUND('', #2514, .T.);
#2516 = FACETED_BREP_SHAPE_REPRESENTATION('', (#2515), #8);
#2517 = POLY_LOOP('', (#376, #387, #386));
#2518 = FACE_OUTER_BOUND('', #2517, .T.);
#2519 = FACETED_BREP_SHAPE_REPRESENTATION('', (#2518), #8);
#2520 = POLY_LOOP('', (#377, #378, #388));
#2521 = FACE_OUTER_BOUND('', #2520, .T.);
#2522 = FACETED_BREP_SHAPE_REPRESENTATION('', (#2521), #8);
#2523 = POLY_LOOP('', (#377, #388, #387));
#2524 = FACE_OUTER_BOUND('', #2523, .T.);
#2525 = FACETED_BREP_SHAPE_REPRESENTATION('', (#2524), #8);
#2526 = POLY_LOOP('', (#378, #379, #389));
#2527 = FACE_OUTER_BOUND('', #2526, .T.);
#2528 = FACETED_BREP_SHAPE_REPRESENTATION('', (#2527), #8);
#2529 = POLY_LOOP('', (#378, #389, #388));
#2530 = FACE_OUTER_BOUND('', #2529, .T.);
#2531 = FACETED_BREP_SHAPE_REPRESENTATION('', (#2530), #8);
#2532 = POLY_LOOP('', (#379, #380, #390));
#2533 = FACE_OUTER_BOUND('', #2532, .T.);
#2534 = FACETED_BREP_SHAPE_REPRESENTATION('', (#2533), #8);
#2535 = POLY_LOOP('', (#379, #390, #389));
#2536 = FACE_OUTER_BOUND('', #2535, .T.);
#2537 = FACETED_BREP_SHAPE_REPRESENTATION('', (#2536), #8);
#2538 = POLY_LOOP('', (#380, #381, #391));
#2539 = FACE_OUTER_BOUND('', #2538, .T.);
#2540 = FACETED_BREP_SHAPE_REPRESENTATION('', (#2539), #8);
#2541 = POLY_LOOP('', (#380, #391, #390));
#2542 = FACE_OUTER_BOUND('', #2541, .T.);
#2543 = FACETED_BREP_SHAPE_REPRESENTATION('', (#2542), #8);
#2544 = POLY_LOOP('', (#381, #372, #382));
#2545 = FACE_OUTER_BOUND('', #2544, .T.);
#2546 = FACETED_BREP_SHAPE_REPRESENTATION('', (#2545), #8);
#2547 = POLY_LOOP('', (#381, #382, #391));
#2548 = FACE_OUTER_BOUND('', #2547, .T.);
#2549 = FACETED_BREP_SHAPE_REPRESENTATION('', (#2548), #8);
#2550 = POLY_LOOP('', (#382, #383, #393));
#2551 = FACE_OUTER_BOUND('', #2550, .T.);
#2552 = FACETED_BREP_SHAPE_REPRESENTATION('', (#2551), #8);
#2553 = POLY_LOOP('', (#382, #393, #392));
#2554 = FACE_OUTER_BOUND('', #2553, .T.);
#2555 = FACETED_BREP_SHAPE_REPRESENTATION('', (#2554), #8);
#2556 = POLY_LOOP('', (#383, #384, #394));
#2557 = FACE_OUTER_BOUND('', #2556, .T.);
#2558 = FACETED_BREP_SHAPE_REPRESENTATION('', (#2557), #8);
#2559 = POLY_LOOP('', (#383, #394, #393));
#2560 = FACE_OUTER_BOUND('', #2559, .T.);
#2561 = FACETED_BREP_SHAPE_REPRESENTATION('', (#2560), #8);
#2562 = POLY_LOOP('', (#384, #385, #395));
#2563 = FACE_OUTER_BOUND('', #2562, .T.);
#2564 = FACETED_BREP_SHAPE_REPRESENTATION('', (#2563), #8);
#2565 = POLY_LOOP('', (#384, #395, #394));
#2566 = FACE_OUTER_BOUND('', #2565, .T.);
#2567 = FACETED_BREP_SHAPE_REPRESENTATION('', (#2566), #8);
#2568 = POLY_LOOP('', (#385, #386, #396));
#2569 = FACE_OUTER_BOUND('', #2568, .T.);
#2570 = FACETED_BREP_SHAPE_REPRESENTATION('', (#2569), #8);
#2571 = POLY_LOOP('', (#385, #396, #395));
#2572 = FACE_OUTER_BOUND('', #2571, .T.);
#2573 = FACETED_BREP_SHAPE_REPRESENTATION('', (#2572), #8);
#2574 = POLY_LOOP('', (#386, #387, #397));
#2575 = FACE_OUTER_BOUND('', #2574, .T.);
#2576 = FACETED_BREP_SHAPE_REPRESENTATION('', (#2575), #8);
#2577 = POLY_LOOP('', (#386, #397, #396));
#2578 = FACE_OUTER_BOUND('', #2577, .T.);
#2579 = FACETED_BREP_SHAPE_REPRESENTATION('', (#2578), #8);
#2580 = POLY_LOOP('', (#387, #388, #398));
#2581 = FACE_OUTER_BOUND('', #2580, .T.);
#2582 = FACETED_BREP_SHAPE_REPRESENTATION('', (#2581), #8);
#2583 = POLY_LOOP('', (#387, #398, #397));
#2584 = FACE_OUTER_BOUND('', #2583, .T.);
#2585 = FACETED_BREP_SHAPE_REPRESENTATION('', (#2584), #8);
#2586 = POLY_LOOP('', (#388, #389, #399));
#2587 = FACE_OUTER_BOUND('', #2586, .T.);
#2588 = FACETED_BREP_SHAPE_REPRESENTATION('', (#2587), #8);
#2589 = POLY_LOOP('', (#388, #399, #398));
#2590 = FACE_OUTER_BOUND('', #2589, .T.);
#2591 = FACETED_BREP_SHAPE_REPRESENTATION('', (#2590), #8);
#2592 = POLY_LOOP('', (#389, #390, #400));
#2593 = FACE_OUTER_BOUND('', #2592, .T.);
#2594 = FACETED_BREP_SHAPE_REPRESENTATION('', (#2593), #8);
#2595 = POLY_LOOP('', (#389, #400, #399));
#2596 = FACE_OUTER_BOUND('', #2595, .T.);
#2597 = FACETED_BREP_SHAPE_REPRESENTATION('', (#2596), #8);
#2598 = POLY_LOOP('', (#390, #391, #401));
#2599 = FACE_OUTER_BOUND('', #2598, .T.);
#2600 = FACETED_BREP_SHAPE_REPRESENTATION('', (#2599), #8);
#2601 = POLY_LOOP('', (#390, #401, #400));
#2602 = FACE_OUTER_BOUND('', #2601, .T.);
#2603 = FACETED_BREP_SHAPE_REPRESENTATION('', (#2602), #8);
#2604 = POLY_LOOP('', (#391, #382, #392));
#2605 = FACE_OUTER_BOUND('', #2604, .T.);
#2606 = FACETED_BREP_SHAPE_REPRESENTATION('', (#2605), #8);
#2607 = POLY_LOOP('', (#391, #392, #401));
#2608 = FACE_OUTER_BOUND('', #2607, .T.);
#2609 = FACETED_BREP_SHAPE_REPRESENTATION('', (#2608), #8);
#2610 = POLY_LOOP('', (#402, #403, #413));
#2611 = FACE_OUTER_BOUND('', #2610, .T.);
#2612 = FACETED_BREP_SHAPE_REPRESENTATION('', (#2611), #8);
#2613 = POLY_LOOP('', (#402, #413, #412));
#2614 = FACE_OUTER_BOUND('', #2613, .T.);
#2615 = FACETED_BREP_SHAPE_REPRESENTATION('', (#2614), #8);
#2616 = POLY_LOOP('', (#403, #404, #414));
#2617 = FACE_OUTER_BOUND('', #2616, .T.);
#2618 = FACETED_BREP_SHAPE_REPRESENTATION('', (#2617), #8);
#2619 = POLY_LOOP('', (#403, #414, #413));
#2620 = FACE_OUTER_BOUND('', #2619, .T.);
#2621 = FACETED_BREP_SHAPE_REPRESENTATION('', (#2620), #8);
#2622 = POLY_LOOP('', (#404, #405, #415));
#2623 = FACE_OUTER_BOUND('', #2622, .T.);
#2624 = FACETED_BREP_SHAPE_REPRESENTATION('', (#2623), #8);
#2625 = POLY_LOOP('', (#404, #415, #414));
#2626 = FACE_OUTER_BOUND('', #2625, .T.);
#2627 = FACETED_BREP_SHAPE_REPRESENTATION('', (#2626), #8);
#2628 = POLY_LOOP('', (#405, #406, #416));
#2629 = FACE_OUTER_BOUND('', #2628, .T.);
#2630 = FACETED_BREP_SHAPE_REPRESENTATION('', (#2629), #8);
#2631 = POLY_LOOP('', (#405, #416, #415));
#2632 = FACE_OUTER_BOUND('', #2631, .T.);
#2633 = FACETED_BREP_SHAPE_REPRESENTATION('', (#2632), #8);
#2634 = POLY_LOOP('', (#406, #407, #417));
#2635 = FACE_OUTER_BOUND('', #2634, .T.);
#2636 = FACETED_BREP_SHAPE_REPRESENTATION('', (#2635), #8);
#2637 = POLY_LOOP('', (#406, #417, #416));
#2638 = FACE_OUTER_BOUND('', #2637, .T.);
#2639 = FACETED_BREP_SHAPE_REPRESENTATION('', (#2638), #8);
#2640 = POLY_LOOP('', (#407, #408, #418));
#2641 = FACE_OUTER_BOUND('', #2640, .T.);
#2642 = FACETED_BREP_SHAPE_REPRESENTATION('', (#2641), #8);
#2643 = POLY_LOOP('', (#407, #418, #417));
#2644 = FACE_OUTER_BOUND('', #2643, .T.);
#2645 = FACETED_BREP_SHAPE_REPRESENTATION('', (#2644), #8);
#2646 = POLY_LOOP('', (#408, #409, #419));
#2647 = FACE_OUTER_BOUND('', #2646, .T.);
#2648 = FACETED_BREP_SHAPE_REPRESENTATION('', (#2647), #8);
#2649 = POLY_LOOP('', (#408, #419, #418));
#2650 = FACE_OUTER_BOUND('', #2649, .T.);
#2651 = FACETED_BREP_SHAPE_REPRESENTATION('', (#2650), #8);
#2652 = POLY_LOOP('', (#409, #410, #420));
#2653 = FACE_OUTER_BOUND('', #2652, .T.);
#2654 = FACETED_BREP_SHAPE_REPRESENTATION('', (#2653), #8);
#2655 = POLY_LOOP('', (#409, #420, #419));
#2656 = FACE_OUTER_BOUND('', #2655, .T.);
#2657 = FACETED_BREP_SHAPE_REPRESENTATION('', (#2656), #8);
#2658 = POLY_LOOP('', (#410, #411, #421));
#2659 = FACE_OUTER_BOUND('', #2658, .T.);
#2660 = FACETED_BREP_SHAPE_REPRESENTATION('', (#2659), #8);
#2661 = POLY_LOOP('', (#410, #421, #420));
#2662 = FACE_OUTER_BOUND('', #2661, .T.);
#2663 = FACETED_BREP_SHAPE_REPRESENTATION('', (#2662), #8);
#2664 = POLY_LOOP('', (#411, #402, #412));
#2665 = FACE_OUTER_BOUND('', #2664, .T.);
#2666 = FACETED_BREP_SHAPE_REPRESENTATION('', (#2665), #8);
#2667 = POLY_LOOP('', (#411, #412, #421));
#2668 = FACE_OUTER_BOUND('', #2667, .T.);
#2669 = FACETED_BREP_SHAPE_REPRESENTATION('', (#2668), #8);
#2670 = POLY_LOOP('', (#412, #413, #423));
#2671 = FACE_OUTER_BOUND('', #2670, .T.);
#2672 = FACETED_BREP_SHAPE_REPRESENTATION('', (#2671), #8);
#2673 = POLY_LOOP('', (#412, #423, #422));
#2674 = FACE_OUTER_BOUND('', #2673, .T.);
#2675 = FACETED_BREP_SHAPE_REPRESENTATION('', (#2674), #8);
#2676 = POLY_LOOP('', (#413, #414, #424));
#2677 = FACE_OUTER_BOUND('', #2676, .T.);
#2678 = FACETED_BREP_SHAPE_REPRESENTATION('', (#2677), #8);
#2679 = POLY_LOOP('', (#413, #424, #423));
#2680 = FACE_OUTER_BOUND('', #2679, .T.);
#2681 = FACETED_BREP_SHAPE_REPRESENTATION('', (#2680), #8);
#2682 = POLY_LOOP('', (#414, #415, #425));
#2683 = FACE_OUTER_BOUND('', #2682, .T.);
#2684 = FACETED_BREP_SHAPE_REPRESENTATION('', (#2683), #8);
#2685 = POLY_LOOP('', (#414, #425, #424));
#2686 = FACE_OUTER_BOUND('', #2685, .T.);
#2687 = FACETED_BREP_SHAPE_REPRESENTATION('', (#2686), #8);
#2688 = POLY_LOOP('', (#415, #416, #426));
#2689 = FACE_OUTER_BOUND('', #2688, .T.);
#2690 = FACETED_BREP_SHAPE_REPRESENTATION('', (#2689), #8);
#2691 = POLY_LOOP('', (#415, #426, #425));
#2692 = FACE_OUTER_BOUND('', #2691, .T.);
#2693 = FACETED_BREP_SHAPE_REPRESENTATION('', (#2692), #8);
#2694 = POLY_LOOP('', (#416, #417, #427));
#2695 = FACE_OUTER_BOUND('', #2694, .T.);
#2696 = FACETED_BREP_SHAPE_REPRESENTATION('', (#2695), #8);
#2697 = POLY_LOOP('', (#416, #427, #426));
#2698 = FACE_OUTER_BOUND('', #2697, .T.);
#2699 = FACETED_BREP_SHAPE_REPRESENTATION('', (#2698), #8);
#2700 = POLY_LOOP('', (#417, #418, #428));
#2701 = FACE_OUTER_BOUND('', #2700, .T.);
#2702 = FACETED_BREP_SHAPE_REPRESENTATION('', (#2701), #8);
#2703 = POLY_LOOP('', (#417, #428, #427));
#2704 = FACE_OUTER_BOUND('', #2703, .T.);
#2705 = FACETED_BREP_SHAPE_REPRESENTATION('', (#2704), #8);
#2706 = POLY_LOOP('', (#418, #419, #429));
#2707 = FACE_OUTER_BOUND('', #2706, .T.);
#2708 = FACETED_BREP_SHAPE_REPRESENTATION('', (#2707), #8);
#2709 = POLY_LOOP('', (#418, #429, #428));
#2710 = FACE_OUTER_BOUND('', #2709, .T.);
#2711 = FACETED_BREP_SHAPE_REPRESENTATION('', (#2710), #8);
#2712 = POLY_LOOP('', (#419, #420, #430));
#2713 = FACE_OUTER_BOUND('', #2712, .T.);
#2714 = FACETED_BREP_SHAPE_REPRESENTATION('', (#2713), #8);
#2715 = POLY_LOOP('', (#419, #430, #429));
#2716 = FACE_OUTER_BOUND('', #2715, .T.);
#2717 = FACETED_BREP_SHAPE_REPRESENTATION('', (#2716), #8);
#2718 = POLY_LOOP('', (#420, #421, #431));
#2719 = FACE_OUTER_BOUND('', #2718, .T.);
#2720 = FACETED_BREP_SHAPE_REPRESENTATION('', (#2719), #8);
#2721 = POLY_LOOP('', (#420, #431, #430));
#2722 = FACE_OUTER_BOUND('', #2721, .T.);
#2723 = FACETED_BREP_SHAPE_REPRESENTATION('', (#2722), #8);
#2724 = POLY_LOOP('', (#421, #412, #422));
#2725 = FACE_OUTER_BOUND('', #2724, .T.);
#2726 = FACETED_BREP_SHAPE_REPRESENTATION('', (#2725), #8);
#2727 = POLY_LOOP('', (#421, #422, #431));
#2728 = FACE_OUTER_BOUND('', #2727, .T.);
#2729 = FACETED_BREP_SHAPE_REPRESENTATION('', (#2728), #8);
#2730 = POLY_LOOP('', (#422, #423, #433));
#2731 = FACE_OUTER_BOUND('', #2730, .T.);
#2732 = FACETED_BREP_SHAPE_REPRESENTATION('', (#2731), #8);
#2733 = POLY_LOOP('', (#422, #433, #432));
#2734 = FACE_OUTER_BOUND('', #2733, .T.);
#2735 = FACETED_BREP_SHAPE_REPRESENTATION('', (#2734), #8);
#2736 = POLY_LOOP('', (#423, #424, #434));
#2737 = FACE_OUTER_BOUND('', #2736, .T.);
#2738 = FACETED_BREP_SHAPE_REPRESENTATION('', (#2737), #8);
#2739 = POLY_LOOP('', (#423, #434, #433));
#2740 = FACE_OUTER_BOUND('', #2739, .T.);
#2741 = FACETED_BREP_SHAPE_REPRESENTATION('', (#2740), #8);
#2742 = POLY_LOOP('', (#424, #425, #435));
#2743 = FACE_OUTER_BOUND('', #2742, .T.);
#2744 = FACETED_BREP_SHAPE_REPRESENTATION('', (#2743), #8);
#2745 = POLY_LOOP('', (#424, #435, #434));
#2746 = FACE_OUTER_BOUND('', #2745, .T.);
#2747 = FACETED_BREP_SHAPE_REPRESENTATION('', (#2746), #8);
#2748 = POLY_LOOP('', (#425, #426, #436));
#2749 = FACE_OUTER_BOUND('', #2748, .T.);
#2750 = FACETED_BREP_SHAPE_REPRESENTATION('', (#2749), #8);
#2751 = POLY_LOOP('', (#425, #436, #435));
#2752 = FACE_OUTER_BOUND('', #2751, .T.);
#2753 = FACETED_BREP_SHAPE_REPRESENTATION('', (#2752), #8);
#2754 = POLY_LOOP('', (#426, #427, #437));
#2755 = FACE_OUTER_BOUND('', #2754, .T.);
#2756 = FACETED_BREP_SHAPE_REPRESENTATION('', (#2755), #8);
#2757 = POLY_LOOP('', (#426, #437, #436));
#2758 = FACE_OUTER_BOUND('', #2757, .T.);
#2759 = FACETED_BREP_SHAPE_REPRESENTATION('', (#2758), #8);
#2760 = POLY_LOOP('', (#427, #428, #438));
#2761 = FACE_OUTER_BOUND('', #2760, .T.);
#2762 = FACETED_BREP_SHAPE_REPRESENTATION('', (#2761), #8);
#2763 = POLY_LOOP('', (#427, #438, #437));
#2764 = FACE_OUTER_BOUND('', #2763, .T.);
#2765 = FACETED_BREP_SHAPE_REPRESENTATION('', (#2764), #8);
#2766 = POLY_LOOP('', (#428, #429, #439));
#2767 = FACE_OUTER_BOUND('', #2766, .T.);
#2768 = FACETED_BREP_SHAPE_REPRESENTATION('', (#2767), #8);
#2769 = POLY_LOOP('', (#428, #439, #438));
#2770 = FACE_OUTER_BOUND('', #2769, .T.);
#2771 = FACETED_BREP_SHAPE_REPRESENTATION('', (#2770), #8);
#2772 = POLY_LOOP('', (#429, #430, #440));
#2773 = FACE_OUTER_BOUND('', #2772, .T.);
#2774 = FACETED_BREP_SHAPE_REPRESENTATION('', (#2773), #8);
#2775 = POLY_LOOP('', (#429, #440, #439));
#2776 = FACE_OUTER_BOUND('', #2775, .T.);
#2777 = FACETED_BREP_SHAPE_REPRESENTATION('', (#2776), #8);
#2778 = POLY_LOOP('', (#430, #431, #441));
#2779 = FACE_OUTER_BOUND('', #2778, .T.);
#2780 = FACETED_BREP_SHAPE_REPRESENTATION('', (#2779), #8);
#2781 = POLY_LOOP('', (#430, #441, #440));
#2782 = FACE_OUTER_BOUND('', #2781, .T.);
#2783 = FACETED_BREP_SHAPE_REPRESENTATION('', (#2782), #8);
#2784 = POLY_LOOP('', (#431, #422, #432));
#2785 = FACE_OUTER_BOUND('', #2784, .T.);
#2786 = FACETED_BREP_SHAPE_REPRESENTATION('', (#2785), #8);
#2787 = POLY_LOOP('', (#431, #432, #441));
#2788 = FACE_OUTER_BOUND('', #2787, .T.);
#2789 = FACETED_BREP_SHAPE_REPRESENTATION('', (#2788), #8);
#2790 = POLY_LOOP('', (#432, #433, #443));
#2791 = FACE_OUTER_BOUND('', #2790, .T.);
#2792 = FACETED_BREP_SHAPE_REPRESENTATION('', (#2791), #8);
#2793 = POLY_LOOP('', (#432, #443, #442));
#2794 = FACE_OUTER_BOUND('', #2793, .T.);
#2795 = FACETED_BREP_SHAPE_REPRESENTATION('', (#2794), #8);
#2796 = POLY_LOOP('', (#433, #434, #444));
#2797 = FACE_OUTER_BOUND('', #2796, .T.);
#2798 = FACETED_BREP_SHAPE_REPRESENTATION('', (#2797), #8);
#2799 = POLY_LOOP('', (#433, #444, #443));
#2800 = FACE_OUTER_BOUND('', #2799, .T.);
#2801 = FACETED_BREP_SHAPE_REPRESENTATION('', (#2800), #8);
#2802 = POLY_LOOP('', (#434, #435, #445));
#2803 = FACE_OUTER_BOUND('', #2802, .T.);
#2804 = FACETED_BREP_SHAPE_REPRESENTATION('', (#2803), #8);
#2805 = POLY_LOOP('', (#434, #445, #444));
#2806 = FACE_OUTER_BOUND('', #2805, .T.);
#2807 = FACETED_BREP_SHAPE_REPRESENTATION('', (#2806), #8);
#2808 = POLY_LOOP('', (#435, #436, #446));
#2809 = FACE_OUTER_BOUND('', #2808, .T.);
#2810 = FACETED_BREP_SHAPE_REPRESENTATION('', (#2809), #8);
#2811 = POLY_LOOP('', (#435, #446, #445));
#2812 = FACE_OUTER_BOUND('', #2811, .T.);
#2813 = FACETED_BREP_SHAPE_REPRESENTATION('', (#2812), #8);
#2814 = POLY_LOOP('', (#436, #437, #447));
#2815 = FACE_OUTER_BOUND('', #2814, .T.);
#2816 = FACETED_BREP_SHAPE_REPRESENTATION('', (#2815), #8);
#2817 = POLY_LOOP('', (#436, #447, #446));
#2818 = FACE_OUTER_BOUND('', #2817, .T.);
#2819 = FACETED_BREP_SHAPE_REPRESENTATION('', (#2818), #8);
#2820 = POLY_LOOP('', (#437, #438, #448));
#2821 = FACE_OUTER_BOUND('', #2820, .T.);
#2822 = FACETED_BREP_SHAPE_REPRESENTATION('', (#2821), #8);
#2823 = POLY_LOOP('', (#437, #448, #447));
#2824 = FACE_OUTER_BOUND('', #2823, .T.);
#2825 = FACETED_BREP_SHAPE_REPRESENTATION('', (#2824), #8);
#2826 = POLY_LOOP('', (#438, #439, #449));
#2827 = FACE_OUTER_BOUND('', #2826, .T.);
#2828 = FACETED_BREP_SHAPE_REPRESENTATION('', (#2827), #8);
#2829 = POLY_LOOP('', (#438, #449, #448));
#2830 = FACE_OUTER_BOUND('', #2829, .T.);
#2831 = FACETED_BREP_SHAPE_REPRESENTATION('', (#2830), #8);
#2832 = POLY_LOOP('', (#439, #440, #450));
#2833 = FACE_OUTER_BOUND('', #2832, .T.);
#2834 = FACETED_BREP_SHAPE_REPRESENTATION('', (#2833), #8);
#2835 = POLY_LOOP('', (#439, #450, #449));
#2836 = FACE_OUTER_BOUND('', #2835, .T.);
#2837 = FACETED_BREP_SHAPE_REPRESENTATION('', (#2836), #8);
#2838 = POLY_LOOP('', (#440, #441, #451));
#2839 = FACE_OUTER_BOUND('', #2838, .T.);
#2840 = FACETED_BREP_SHAPE_REPRESENTATION('', (#2839), #8);
#2841 = POLY_LOOP('', (#440, #451, #450));
#2842 = FACE_OUTER_BOUND('', #2841, .T.);
#2843 = FACETED_BREP_SHAPE_REPRESENTATION('', (#2842), #8);
#2844 = POLY_LOOP('', (#441, #432, #442));
#2845 = FACE_OUTER_BOUND('', #2844, .T.);
#2846 = FACETED_BREP_SHAPE_REPRESENTATION('', (#2845), #8);
#2847 = POLY_LOOP('', (#441, #442, #451));
#2848 = FACE_OUTER_BOUND('', #2847, .T.);
#2849 = FACETED_BREP_SHAPE_REPRESENTATION('', (#2848), #8);
#2850 = POLY_LOOP('', (#442, #443, #453));
#2851 = FACE_OUTER_BOUND('', #2850, .T.);
#2852 = FACETED_BREP_SHAPE_REPRESENTATION('', (#2851), #8);
#2853 = POLY_LOOP('', (#442, #453, #452));
#2854 = FACE_OUTER_BOUND('', #2853, .T.);
#2855 = FACETED_BREP_SHAPE_REPRESENTATION('', (#2854), #8);
#2856 = POLY_LOOP('', (#443, #444, #454));
#2857 = FACE_OUTER_BOUND('', #2856, .T.);
#2858 = FACETED_BREP_SHAPE_REPRESENTATION('', (#2857), #8);
#2859 = POLY_LOOP('', (#443, #454, #453));
#2860 = FACE_OUTER_BOUND('', #2859, .T.);
#2861 = FACETED_BREP_SHAPE_REPRESENTATION('', (#2860), #8);
#2862 = POLY_LOOP('', (#444, #445, #455));
#2863 = FACE_OUTER_BOUND('', #2862, .T.);
#2864 = FACETED_BREP_SHAPE_REPRESENTATION('', (#2863), #8);
#2865 = POLY_LOOP('', (#444, #455, #454));
#2866 = FACE_OUTER_BOUND('', #2865, .T.);
#2867 = FACETED_BREP_SHAPE_REPRESENTATION('', (#2866), #8);
#2868 = POLY_LOOP('', (#445, #446, #456));
#2869 = FACE_OUTER_BOUND('', #2868, .T.);
#2870 = FACETED_BREP_SHAPE_REPRESENTATION('', (#2869), #8);
#2871 = POLY_LOOP('', (#445, #456, #455));
#2872 = FACE_OUTER_BOUND('', #2871, .T.);
#2873 = FACETED_BREP_SHAPE_REPRESENTATION('', (#2872), #8);
#2874 = POLY_LOOP('', (#446, #447, #457));
#2875 = FACE_OUTER_BOUND('', #2874, .T.);
#2876 = FACETED_BREP_SHAPE_REPRESENTATION('', (#2875), #8);
#2877 = POLY_LOOP('', (#446, #457, #456));
#2878 = FACE_OUTER_BOUND('', #2877, .T.);
#2879 = FACETED_BREP_SHAPE_REPRESENTATION('', (#2878), #8);
#2880 = POLY_LOOP('', (#447, #448, #458));
#2881 = FACE_OUTER_BOUND('', #2880, .T.);
#2882 = FACETED_BREP_SHAPE_REPRESENTATION('', (#2881), #8);
#2883 = POLY_LOOP('', (#447, #458, #457));
#2884 = FACE_OUTER_BOUND('', #2883, .T.);
#2885 = FACETED_BREP_SHAPE_REPRESENTATION('', (#2884), #8);
#2886 = POLY_LOOP('', (#448, #449, #459));
#2887 = FACE_OUTER_BOUND('', #2886, .T.);
#2888 = FACETED_BREP_SHAPE_REPRESENTATION('', (#2887), #8);
#2889 = POLY_LOOP('', (#448, #459, #458));
#2890 = FACE_OUTER_BOUND('', #2889, .T.);
#2891 = FACETED_BREP_SHAPE_REPRESENTATION('', (#2890), #8);
#2892 = POLY_LOOP('', (#449, #450, #460));
#2893 = FACE_OUTER_BOUND('', #2892, .T.);
#2894 = FACETED_BREP_SHAPE_REPRESENTATION('', (#2893), #8);
#2895 = POLY_LOOP('', (#449, #460, #459));
#2896 = FACE_OUTER_BOUND('', #2895, .T.);
#2897 = FACETED_BREP_SHAPE_REPRESENTATION('', (#2896), #8);
#2898 = POLY_LOOP('', (#450, #451, #461));
#2899 = FACE_OUTER_BOUND('', #2898, .T.);
#2900 = FACETED_BREP_SHAPE_REPRESENTATION('', (#2899), #8);
#2901 = POLY_LOOP('', (#450, #461, #460));
#2902 = FACE_OUTER_BOUND('', #2901, .T.);
#2903 = FACETED_BREP_SHAPE_REPRESENTATION('', (#2902), #8);
#2904 = POLY_LOOP('', (#451, #442, #452));
#2905 = FACE_OUTER_BOUND('', #2904, .T.);
#2906 = FACETED_BREP_SHAPE_REPRESENTATION('', (#2905), #8);
#2907 = POLY_LOOP('', (#451, #452, #461));
#2908 = FACE_OUTER_BOUND('', #2907, .T.);
#2909 = FACETED_BREP_SHAPE_REPRESENTATION('', (#2908), #8);
#2910 = POLY_LOOP('', (#462, #463, #473));
#2911 = FACE_OUTER_BOUND('', #2910, .T.);
#2912 = FACETED_BREP_SHAPE_REPRESENTATION('', (#2911), #8);
#2913 = POLY_LOOP('', (#462, #473, #472));
#2914 = FACE_OUTER_BOUND('', #2913, .T.);
#2915 = FACETED_BREP_SHAPE_REPRESENTATION('', (#2914), #8);
#2916 = POLY_LOOP('', (#463, #464, #474));
#2917 = FACE_OUTER_BOUND('', #2916, .T.);
#2918 = FACETED_BREP_SHAPE_REPRESENTATION('', (#2917), #8);
#2919 = POLY_LOOP('', (#463, #474, #473));
#2920 = FACE_OUTER_BOUND('', #2919, .T.);
#2921 = FACETED_BREP_SHAPE_REPRESENTATION('', (#2920), #8);
#2922 = POLY_LOOP('', (#464, #465, #475));
#2923 = FACE_OUTER_BOUND('', #2922, .T.);
#2924 = FACETED_BREP_SHAPE_REPRESENTATION('', (#2923), #8);
#2925 = POLY_LOOP('', (#464, #475, #474));
#2926 = FACE_OUTER_BOUND('', #2925, .T.);
#2927 = FACETED_BREP_SHAPE_REPRESENTATION('', (#2926), #8);
#2928 = POLY_LOOP('', (#465, #466, #476));
#2929 = FACE_OUTER_BOUND('', #2928, .T.);
#2930 = FACETED_BREP_SHAPE_REPRESENTATION('', (#2929), #8);
#2931 = POLY_LOOP('', (#465, #476, #475));
#2932 = FACE_OUTER_BOUND('', #2931, .T.);
#2933 = FACETED_BREP_SHAPE_REPRESENTATION('', (#2932), #8);
#2934 = POLY_LOOP('', (#466, #467, #477));
#2935 = FACE_OUTER_BOUND('', #2934, .T.);
#2936 = FACETED_BREP_SHAPE_REPRESENTATION('', (#2935), #8);
#2937 = POLY_LOOP('', (#466, #477, #476));
#2938 = FACE_OUTER_BOUND('', #2937, .T.);
#2939 = FACETED_BREP_SHAPE_REPRESENTATION('', (#2938), #8);
#2940 = POLY_LOOP('', (#467, #468, #478));
#2941 = FACE_OUTER_BOUND('', #2940, .T.);
#2942 = FACETED_BREP_SHAPE_REPRESENTATION('', (#2941), #8);
#2943 = POLY_LOOP('', (#467, #478, #477));
#2944 = FACE_OUTER_BOUND('', #2943, .T.);
#2945 = FACETED_BREP_SHAPE_REPRESENTATION('', (#2944), #8);
#2946 = POLY_LOOP('', (#468, #469, #479));
#2947 = FACE_OUTER_BOUND('', #2946, .T.);
#2948 = FACETED_BREP_SHAPE_REPRESENTATION('', (#2947), #8);
#2949 = POLY_LOOP('', (#468, #479, #478));
#2950 = FACE_OUTER_BOUND('', #2949, .T.);
#2951 = FACETED_BREP_SHAPE_REPRESENTATION('', (#2950), #8);
#2952 = POLY_LOOP('', (#469, #470, #480));
#2953 = FACE_OUTER_BOUND('', #2952, .T.);
#2954 = FACETED_BREP_SHAPE_REPRESENTATION('', (#2953), #8);
#2955 = POLY_LOOP('', (#469, #480, #479));
#2956 = FACE_OUTER_BOUND('', #2955, .T.);
#2957 = FACETED_BREP_SHAPE_REPRESENTATION('', (#2956), #8);
#2958 = POLY_LOOP('', (#470, #471, #481));
#2959 = FACE_OUTER_BOUND('', #2958, .T.);
#2960 = FACETED_BREP_SHAPE_REPRESENTATION('', (#2959), #8);
#2961 = POLY_LOOP('', (#470, #481, #480));
#2962 = FACE_OUTER_BOUND('', #2961, .T.);
#2963 = FACETED_BREP_SHAPE_REPRESENTATION('', (#2962), #8);
#2964 = POLY_LOOP('', (#471, #462, #472));
#2965 = FACE_OUTER_BOUND('', #2964, .T.);
#2966 = FACETED_BREP_SHAPE_REPRESENTATION('', (#2965), #8);
#2967 = POLY_LOOP('', (#471, #472, #481));
#2968 = FACE_OUTER_BOUND('', #2967, .T.);
#2969 = FACETED_BREP_SHAPE_REPRESENTATION('', (#2968), #8);
#2970 = POLY_LOOP('', (#472, #473, #483));
#2971 = FACE_OUTER_BOUND('', #2970, .T.);
#2972 = FACETED_BREP_SHAPE_REPRESENTATION('', (#2971), #8);
#2973 = POLY_LOOP('', (#472, #483, #482));
#2974 = FACE_OUTER_BOUND('', #2973, .T.);
#2975 = FACETED_BREP_SHAPE_REPRESENTATION('', (#2974), #8);
#2976 = POLY_LOOP('', (#473, #474, #484));
#2977 = FACE_OUTER_BOUND('', #2976, .T.);
#2978 = FACETED_BREP_SHAPE_REPRESENTATION('', (#2977), #8);
#2979 = POLY_LOOP('', (#473, #484, #483));
#2980 = FACE_OUTER_BOUND('', #2979, .T.);
#2981 = FACETED_BREP_SHAPE_REPRESENTATION('', (#2980), #8);
#2982 = POLY_LOOP('', (#474, #475, #485));
#2983 = FACE_OUTER_BOUND('', #2982, .T.);
#2984 = FACETED_BREP_SHAPE_REPRESENTATION('', (#2983), #8);
#2985 = POLY_LOOP('', (#474, #485, #484));
#2986 = FACE_OUTER_BOUND('', #2985, .T.);
#2987 = FACETED_BREP_SHAPE_REPRESENTATION('', (#2986), #8);
#2988 = POLY_LOOP('', (#475, #476, #486));
#2989 = FACE_OUTER_BOUND('', #2988, .T.);
#2990 = FACETED_BREP_SHAPE_REPRESENTATION('', (#2989), #8);
#2991 = POLY_LOOP('', (#475, #486, #485));
#2992 = FACE_OUTER_BOUND('', #2991, .T.);
#2993 = FACETED_BREP_SHAPE_REPRESENTATION('', (#2992), #8);
#2994 = POLY_LOOP('', (#476, #477, #487));
#2995 = FACE_OUTER_BOUND('', #2994, .T.);
#2996 = FACETED_BREP_SHAPE_REPRESENTATION('', (#2995), #8);
#2997 = POLY_LOOP('', (#476, #487, #486));
#2998 = FACE_OUTER_BOUND('', #2997, .T.);
#2999 = FACETED_BREP_SHAPE_REPRESENTATION('', (#2998), #8);
#3000 = POLY_LOOP('', (#477, #478, #488));
#3001 = FACE_OUTER_BOUND('', #3000, .T.);
#3002 = FACETED_BREP_SHAPE_REPRESENTATION('', (#3001), #8);
#3003 = POLY_LOOP('', (#477, #488, #487));
#3004 = FACE_OUTER_BOUND('', #3003, .T.);
#3005 = FACETED_BREP_SHAPE_REPRESENTATION('', (#3004), #8);
#3006 = POLY_LOOP('', (#478, #479, #489));
#3007 = FACE_OUTER_BOUND('', #3006, .T.);
#3008 = FACETED_BREP_SHAPE_REPRESENTATION('', (#3007), #8);
#3009 = POLY_LOOP('', (#478, #489, #488));
#3010 = FACE_OUTER_BOUND('', #3009, .T.);
#3011 = FACETED_BREP_SHAPE_REPRESENTATION('', (#3010), #8);
#3012 = POLY_LOOP('', (#479, #480, #490));
#3013 = FACE_OUTER_BOUND('', #3012, .T.);
#3014 = FACETED_BREP_SHAPE_REPRESENTATION('', (#3013), #8);
#3015 = POLY_LOOP('', (#479, #490, #489));
#3016 = FACE_OUTER_BOUND('', #3015, .T.);
#3017 = FACETED_BREP_SHAPE_REPRESENTATION('', (#3016), #8);
#3018 = POLY_LOOP('', (#480, #481, #491));
#3019 = FACE_OUTER_BOUND('', #3018, .T.);
#3020 = FACETED_BREP_SHAPE_REPRESENTATION('', (#3019), #8);
#3021 = POLY_LOOP('', (#480, #491, #490));
#3022 = FACE_OUTER_BOUND('', #3021, .T.);
#3023 = FACETED_BREP_SHAPE_REPRESENTATION('', (#3022), #8);
#3024 = POLY_LOOP('', (#481, #472, #482));
#3025 = FACE_OUTER_BOUND('', #3024, .T.);
#3026 = FACETED_BREP_SHAPE_REPRESENTATION('', (#3025), #8);
#3027 = POLY_LOOP('', (#481, #482, #491));
#3028 = FACE_OUTER_BOUND('', #3027, .T.);
#3029 = FACETED_BREP_SHAPE_REPRESENTATION('', (#3028), #8);
#3030 = POLY_LOOP('', (#482, #483, #493));
#3031 = FACE_OUTER_BOUND('', #3030, .T.);
#3032 = FACETED_BREP_SHAPE_REPRESENTATION('', (#3031), #8);
#3033 = POLY_LOOP('', (#482, #493, #492));
#3034 = FACE_OUTER_BOUND('', #3033, .T.);
#3035 = FACETED_BREP_SHAPE_REPRESENTATION('', (#3034), #8);
#3036 = POLY_LOOP('', (#483, #484, #494));
#3037 = FACE_OUTER_BOUND('', #3036, .T.);
#3038 = FACETED_BREP_SHAPE_REPRESENTATION('', (#3037), #8);
#3039 = POLY_LOOP('', (#483, #494, #493));
#3040 = FACE_OUTER_BOUND('', #3039, .T.);
#3041 = FACETED_BREP_SHAPE_REPRESENTATION('', (#3040), #8);
#3042 = POLY_LOOP('', (#484, #485, #495));
#3043 = FACE_OUTER_BOUND('', #3042, .T.);
#3044 = FACETED_BREP_SHAPE_REPRESENTATION('', (#3043), #8);
#3045 = POLY_LOOP('', (#484, #495, #494));
#3046 = FACE_OUTER_BOUND('', #3045, .T.);
#3047 = FACETED_BREP_SHAPE_REPRESENTATION('', (#3046), #8);
#3048 = POLY_LOOP('', (#485, #486, #496));
#3049 = FACE_OUTER_BOUND('', #3048, .T.);
#3050 = FACETED_BREP_SHAPE_REPRESENTATION('', (#3049), #8);
#3051 = POLY_LOOP('', (#485, #496, #495));
#3052 = FACE_OUTER_BOUND('', #3051, .T.);
#3053 = FACETED_BREP_SHAPE_REPRESENTATION('', (#3052), #8);
#3054 = POLY_LOOP('', (#486, #487, #497));
#3055 = FACE_OUTER_BOUND('', #3054, .T.);
#3056 = FACETED_BREP_SHAPE_REPRESENTATION('', (#3055), #8);
#3057 = POLY_LOOP('', (#486, #497, #496));
#3058 = FACE_OUTER_BOUND('', #3057, .T.);
#3059 = FACETED_BREP_SHAPE_REPRESENTATION('', (#3058), #8);
#3060 = POLY_LOOP('', (#487, #488, #498));
#3061 = FACE_OUTER_BOUND('', #3060, .T.);
#3062 = FACETED_BREP_SHAPE_REPRESENTATION('', (#3061), #8);
#3063 = POLY_LOOP('', (#487, #498, #497));
#3064 = FACE_OUTER_BOUND('', #3063, .T.);
#3065 = FACETED_BREP_SHAPE_REPRESENTATION('', (#3064), #8);
#3066 = POLY_LOOP('', (#488, #489, #499));
#3067 = FACE_OUTER_BOUND('', #3066, .T.);
#3068 = FACETED_BREP_SHAPE_REPRESENTATION('', (#3067), #8);
#3069 = POLY_LOOP('', (#488, #499, #498));
#3070 = FACE_OUTER_BOUND('', #3069, .T.);
#3071 = FACETED_BREP_SHAPE_REPRESENTATION('', (#3070), #8);
#3072 = POLY_LOOP('', (#489, #490, #500));
#3073 = FACE_OUTER_BOUND('', #3072, .T.);
#3074 = FACETED_BREP_SHAPE_REPRESENTATION('', (#3073), #8);
#3075 = POLY_LOOP('', (#489, #500, #499));
#3076 = FACE_OUTER_BOUND('', #3075, .T.);
#3077 = FACETED_BREP_SHAPE_REPRESENTATION('', (#3076), #8);
#3078 = POLY_LOOP('', (#490, #491, #501));
#3079 = FACE_OUTER_BOUND('', #3078, .T.);
#3080 = FACETED_BREP_SHAPE_REPRESENTATION('', (#3079), #8);
#3081 = POLY_LOOP('', (#490, #501, #500));
#3082 = FACE_OUTER_BOUND('', #3081, .T.);
#3083 = FACETED_BREP_SHAPE_REPRESENTATION('', (#3082), #8);
#3084 = POLY_LOOP('', (#491, #482, #492));
#3085 = FACE_OUTER_BOUND('', #3084, .T.);
#3086 = FACETED_BREP_SHAPE_REPRESENTATION('', (#3085), #8);
#3087 = POLY_LOOP('', (#491, #492, #501));
#3088 = FACE_OUTER_BOUND('', #3087, .T.);
#3089 = FACETED_BREP_SHAPE_REPRESENTATION('', (#3088), #8);
#3090 = POLY_LOOP('', (#492, #493, #503));
#3091 = FACE_OUTER_BOUND('', #3090, .T.);
#3092 = FACETED_BREP_SHAPE_REPRESENTATION('', (#3091), #8);
#3093 = POLY_LOOP('', (#492, #503, #502));
#3094 = FACE_OUTER_BOUND('', #3093, .T.);
#3095 = FACETED_BREP_SHAPE_REPRESENTATION('', (#3094), #8);
#3096 = POLY_LOOP('', (#493, #494, #504));
#3097 = FACE_OUTER_BOUND('', #3096, .T.);
#3098 = FACETED_BREP_SHAPE_REPRESENTATION('', (#3097), #8);
#3099 = POLY_LOOP('', (#493, #504, #503));
#3100 = FACE_OUTER_BOUND('', #3099, .T.);
#3101 = FACETED_BREP_SHAPE_REPRESENTATION('', (#3100), #8);
#3102 = POLY_LOOP('', (#494, #495, #505));
#3103 = FACE_OUTER_BOUND('', #3102, .T.);
#3104 = FACETED_BREP_SHAPE_REPRESENTATION('', (#3103), #8);
#3105 = POLY_LOOP('', (#494, #505, #504));
#3106 = FACE_OUTER_BOUND('', #3105, .T.);
#3107 = FACETED_BREP_SHAPE_REPRESENTATION('', (#3106), #8);
#3108 = POLY_LOOP('', (#495, #496, #506));
#3109 = FACE_OUTER_BOUND('', #3108, .T.);
#3110 = FACETED_BREP_SHAPE_REPRESENTATION('', (#3109), #8);
#3111 = POLY_LOOP('', (#495, #506, #505));
#3112 = FACE_OUTER_BOUND('', #3111, .T.);
#3113 = FACETED_BREP_SHAPE_REPRESENTATION('', (#3112), #8);
#3114 = POLY_LOOP('', (#496, #497, #507));
#3115 = FACE_OUTER_BOUND('', #3114, .T.);
#3116 = FACETED_BREP_SHAPE_REPRESENTATION('', (#3115), #8);
#3117 = POLY_LOOP('', (#496, #507, #506));
#3118 = FACE_OUTER_BOUND('', #3117, .T.);
#3119 = FACETED_BREP_SHAPE_REPRESENTATION('', (#3118), #8);
#3120 = POLY_LOOP('', (#497, #498, #508));
#3121 = FACE_OUTER_BOUND('', #3120, .T.);
#3122 = FACETED_BREP_SHAPE_REPRESENTATION('', (#3121), #8);
#3123 = POLY_LOOP('', (#497, #508, #507));
#3124 = FACE_OUTER_BOUND('', #3123, .T.);
#3125 = FACETED_BREP_SHAPE_REPRESENTATION('', (#3124), #8);
#3126 = POLY_LOOP('', (#498, #499, #509));
#3127 = FACE_OUTER_BOUND('', #3126, .T.);
#3128 = FACETED_BREP_SHAPE_REPRESENTATION('', (#3127), #8);
#3129 = POLY_LOOP('', (#498, #509, #508));
#3130 = FACE_OUTER_BOUND('', #3129, .T.);
#3131 = FACETED_BREP_SHAPE_REPRESENTATION('', (#3130), #8);
#3132 = POLY_LOOP('', (#499, #500, #510));
#3133 = FACE_OUTER_BOUND('', #3132, .T.);
#3134 = FACETED_BREP_SHAPE_REPRESENTATION('', (#3133), #8);
#3135 = POLY_LOOP('', (#499, #510, #509));
#3136 = FACE_OUTER_BOUND('', #3135, .T.);
#3137 = FACETED_BREP_SHAPE_REPRESENTATION('', (#3136), #8);
#3138 = POLY_LOOP('', (#500, #501, #511));
#3139 = FACE_OUTER_BOUND('', #3138, .T.);
#3140 = FACETED_BREP_SHAPE_REPRESENTATION('', (#3139), #8);
#3141 = POLY_LOOP('', (#500, #511, #510));
#3142 = FACE_OUTER_BOUND('', #3141, .T.);
#3143 = FACETED_BREP_SHAPE_REPRESENTATION('', (#3142), #8);
#3144 = POLY_LOOP('', (#501, #492, #502));
#3145 = FACE_OUTER_BOUND('', #3144, .T.);
#3146 = FACETED_BREP_SHAPE_REPRESENTATION('', (#3145), #8);
#3147 = POLY_LOOP('', (#501, #502, #511));
#3148 = FACE_OUTER_BOUND('', #3147, .T.);
#3149 = FACETED_BREP_SHAPE_REPRESENTATION('', (#3148), #8);
#3150 = POLY_LOOP('', (#502, #503, #513));
#3151 = FACE_OUTER_BOUND('', #3150, .T.);
#3152 = FACETED_BREP_SHAPE_REPRESENTATION('', (#3151), #8);
#3153 = POLY_LOOP('', (#502, #513, #512));
#3154 = FACE_OUTER_BOUND('', #3153, .T.);
#3155 = FACETED_BREP_SHAPE_REPRESENTATION('', (#3154), #8);
#3156 = POLY_LOOP('', (#503, #504, #514));
#3157 = FACE_OUTER_BOUND('', #3156, .T.);
#3158 = FACETED_BREP_SHAPE_REPRESENTATION('', (#3157), #8);
#3159 = POLY_LOOP('', (#503, #514, #513));
#3160 = FACE_OUTER_BOUND('', #3159, .T.);
#3161 = FACETED_BREP_SHAPE_REPRESENTATION('', (#3160), #8);
#3162 = POLY_LOOP('', (#504, #505, #515));
#3163 = FACE_OUTER_BOUND('', #3162, .T.);
#3164 = FACETED_BREP_SHAPE_REPRESENTATION('', (#3163), #8);
#3165 = POLY_LOOP('', (#504, #515, #514));
#3166 = FACE_OUTER_BOUND('', #3165, .T.);
#3167 = FACETED_BREP_SHAPE_REPRESENTATION('', (#3166), #8);
#3168 = POLY_LOOP('', (#505, #506, #516));
#3169 = FACE_OUTER_BOUND('', #3168, .T.);
#3170 = FACETED_BREP_SHAPE_REPRESENTATION('', (#3169), #8);
#3171 = POLY_LOOP('', (#505, #516, #515));
#3172 = FACE_OUTER_BOUND('', #3171, .T.);
#3173 = FACETED_BREP_SHAPE_REPRESENTATION('', (#3172), #8);
#3174 = POLY_LOOP('', (#506, #507, #517));
#3175 = FACE_OUTER_BOUND('', #3174, .T.);
#3176 = FACETED_BREP_SHAPE_REPRESENTATION('', (#3175), #8);
#3177 = POLY_LOOP('', (#506, #517, #516));
#3178 = FACE_OUTER_BOUND('', #3177, .T.);
#3179 = FACETED_BREP_SHAPE_REPRESENTATION('', (#3178), #8);
#3180 = POLY_LOOP('', (#507, #508, #518));
#3181 = FACE_OUTER_BOUND('', #3180, .T.);
#3182 = FACETED_BREP_SHAPE_REPRESENTATION('', (#3181), #8);
#3183 = POLY_LOOP('', (#507, #518, #517));
#3184 = FACE_OUTER_BOUND('', #3183, .T.);
#3185 = FACETED_BREP_SHAPE_REPRESENTATION('', (#3184), #8);
#3186 = POLY_LOOP('', (#508, #509, #519));
#3187 = FACE_OUTER_BOUND('', #3186, .T.);
#3188 = FACETED_BREP_SHAPE_REPRESENTATION('', (#3187), #8);
#3189 = POLY_LOOP('', (#508, #519, #518));
#3190 = FACE_OUTER_BOUND('', #3189, .T.);
#3191 = FACETED_BREP_SHAPE_REPRESENTATION('', (#3190), #8);
#3192 = POLY_LOOP('', (#509, #510, #520));
#3193 = FACE_OUTER_BOUND('', #3192, .T.);
#3194 = FACETED_BREP_SHAPE_REPRESENTATION('', (#3193), #8);
#3195 = POLY_LOOP('', (#509, #520, #519));
#3196 = FACE_OUTER_BOUND('', #3195, .T.);
#3197 = FACETED_BREP_SHAPE_REPRESENTATION('', (#3196), #8);
#3198 = POLY_LOOP('', (#510, #511, #521));
#3199 = FACE_OUTER_BOUND('', #3198, .T.);
#3200 = FACETED_BREP_SHAPE_REPRESENTATION('', (#3199), #8);
#3201 = POLY_LOOP('', (#510, #521, #520));
#3202 = FACE_OUTER_BOUND('', #3201, .T.);
#3203 = FACETED_BREP_SHAPE_REPRESENTATION('', (#3202), #8);
#3204 = POLY_LOOP('', (#511, #502, #512));
#3205 = FACE_OUTER_BOUND('', #3204, .T.);
#3206 = FACETED_BREP_SHAPE_REPRESENTATION('', (#3205), #8);
#3207 = POLY_LOOP('', (#511, #512, #521));
#3208 = FACE_OUTER_BOUND('', #3207, .T.);
#3209 = FACETED_BREP_SHAPE_REPRESENTATION('', (#3208), #8);
#3210 = POLY_LOOP('', (#522, #523, #533));
#3211 = FACE_OUTER_BOUND('', #3210, .T.);
#3212 = FACETED_BREP_SHAPE_REPRESENTATION('', (#3211), #8);
#3213 = POLY_LOOP('', (#522, #533, #532));
#3214 = FACE_OUTER_BOUND('', #3213, .T.);
#3215 = FACETED_BREP_SHAPE_REPRESENTATION('', (#3214), #8);
#3216 = POLY_LOOP('', (#523, #524, #534));
#3217 = FACE_OUTER_BOUND('', #3216, .T.);
#3218 = FACETED_BREP_SHAPE_REPRESENTATION('', (#3217), #8);
#3219 = POLY_LOOP('', (#523, #534, #533));
#3220 = FACE_OUTER_BOUND('', #3219, .T.);
#3221 = FACETED_BREP_SHAPE_REPRESENTATION('', (#3220), #8);
#3222 = POLY_LOOP('', (#524, #525, #535));
#3223 = FACE_OUTER_BOUND('', #3222, .T.);
#3224 = FACETED_BREP_SHAPE_REPRESENTATION('', (#3223), #8);
#3225 = POLY_LOOP('', (#524, #535, #534));
#3226 = FACE_OUTER_BOUND('', #3225, .T.);
#3227 = FACETED_BREP_SHAPE_REPRESENTATION('', (#3226), #8);
#3228 = POLY_LOOP('', (#525, #526, #536));
#3229 = FACE_OUTER_BOUND('', #3228, .T.);
#3230 = FACETED_BREP_SHAPE_REPRESENTATION('', (#3229), #8);
#3231 = POLY_LOOP('', (#525, #536, #535));
#3232 = FACE_OUTER_BOUND('', #3231, .T.);
#3233 = FACETED_BREP_SHAPE_REPRESENTATION('', (#3232), #8);
#3234 = POLY_LOOP('', (#526, #527, #537));
#3235 = FACE_OUTER_BOUND('', #3234, .T.);
#3236 = FACETED_BREP_SHAPE_REPRESENTATION('', (#3235), #8);
#3237 = POLY_LOOP('', (#526, #537, #536));
#3238 = FACE_OUTER_BOUND('', #3237, .T.);
#3239 = FACETED_BREP_SHAPE_REPRESENTATION('', (#3238), #8);
#3240 = POLY_LOOP('', (#527, #528, #538));
#3241 = FACE_OUTER_BOUND('', #3240, .T.);
#3242 = FACETED_BREP_SHAPE_REPRESENTATION('', (#3241), #8);
#3243 = POLY_LOOP('', (#527, #538, #537));
#3244 = FACE_OUTER_BOUND('', #3243, .T.);
#3245 = FACETED_BREP_SHAPE_REPRESENTATION('', (#3244), #8);
#3246 = POLY_LOOP('', (#528, #529, #539));
#3247 = FACE_OUTER_BOUND('', #3246, .T.);
#3248 = FACETED_BREP_SHAPE_REPRESENTATION('', (#3247), #8);
#3249 = POLY_LOOP('', (#528, #539, #538));
#3250 = FACE_OUTER_BOUND('', #3249, .T.);
#3251 = FACETED_BREP_SHAPE_REPRESENTATION('', (#3250), #8);
#3252 = POLY_LOOP('', (#529, #530, #540));
#3253 = FACE_OUTER_BOUND('', #3252, .T.);
#3254 = FACETED_BREP_SHAPE_REPRESENTATION('', (#3253), #8);
#3255 = POLY_LOOP('', (#529, #540, #539));
#3256 = FACE_OUTER_BOUND('', #3255, .T.);
#3257 = FACETED_BREP_SHAPE_REPRESENTATION('', (#3256), #8);
#3258 = POLY_LOOP('', (#530, #531, #541));
#3259 = FACE_OUTER_BOUND('', #3258, .T.);
#3260 = FACETED_BREP_SHAPE_REPRESENTATION('', (#3259), #8);
#3261 = POLY_LOOP('', (#530, #541, #540));
#3262 = FACE_OUTER_BOUND('', #3261, .T.);
#3263 = FACETED_BREP_SHAPE_REPRESENTATION('', (#3262), #8);
#3264 = POLY_LOOP('', (#531, #522, #532));
#3265 = FACE_OUTER_BOUND('', #3264, .T.);
#3266 = FACETED_BREP_SHAPE_REPRESENTATION('', (#3265), #8);
#3267 = POLY_LOOP('', (#531, #532, #541));
#3268 = FACE_OUTER_BOUND('', #3267, .T.);
#3269 = FACETED_BREP_SHAPE_REPRESENTATION('', (#3268), #8);
#3270 = POLY_LOOP('', (#532, #533, #543));
#3271 = FACE_OUTER_BOUND('', #3270, .T.);
#3272 = FACETED_BREP_SHAPE_REPRESENTATION('', (#3271), #8);
#3273 = POLY_LOOP('', (#532, #543, #542));
#3274 = FACE_OUTER_BOUND('', #3273, .T.);
#3275 = FACETED_BREP_SHAPE_REPRESENTATION('', (#3274), #8);
#3276 = POLY_LOOP('', (#533, #534, #544));
#3277 = FACE_OUTER_BOUND('', #3276, .T.);
#3278 = FACETED_BREP_SHAPE_REPRESENTATION('', (#3277), #8);
#3279 = POLY_LOOP('', (#533, #544, #543));
#3280 = FACE_OUTER_BOUND('', #3279, .T.);
#3281 = FACETED_BREP_SHAPE_REPRESENTATION('', (#3280), #8);
#3282 = POLY_LOOP('', (#534, #535, #545));
#3283 = FACE_OUTER_BOUND('', #3282, .T.);
#3284 = FACETED_BREP_SHAPE_REPRESENTATION('', (#3283), #8);
#3285 = POLY_LOOP('', (#534, #545, #544));
#3286 = FACE_OUTER_BOUND('', #3285, .T.);
#3287 = FACETED_BREP_SHAPE_REPRESENTATION('', (#3286), #8);
#3288 = POLY_LOOP('', (#535, #536, #546));
#3289 = FACE_OUTER_BOUND('', #3288, .T.);
#3290 = FACETED_BREP_SHAPE_REPRESENTATION('', (#3289), #8);
#3291 = POLY_LOOP('', (#535, #546, #545));
#3292 = FACE_OUTER_BOUND('', #3291, .T.);
#3293 = FACETED_BREP_SHAPE_REPRESENTATION('', (#3292), #8);
#3294 = POLY_LOOP('', (#536, #537, #547));
#3295 = FACE_OUTER_BOUND('', #3294, .T.);
#3296 = FACETED_BREP_SHAPE_REPRESENTATION('', (#3295), #8);
#3297 = POLY_LOOP('', (#536, #547, #546));
#3298 = FACE_OUTER_BOUND('', #3297, .T.);
#3299 = FACETED_BREP_SHAPE_REPRESENTATION('', (#3298), #8);
#3300 = POLY_LOOP('', (#537, #538, #548));
#3301 = FACE_OUTER_BOUND('', #3300, .T.);
#3302 = FACETED_BREP_SHAPE_REPRESENTATION('', (#3301), #8);
#3303 = POLY_LOOP('', (#537, #548, #547));
#3304 = FACE_OUTER_BOUND('', #3303, .T.);
#3305 = FACETED_BREP_SHAPE_REPRESENTATION('', (#3304), #8);
#3306 = POLY_LOOP('', (#538, #539, #549));
#3307 = FACE_OUTER_BOUND('', #3306, .T.);
#3308 = FACETED_BREP_SHAPE_REPRESENTATION('', (#3307), #8);
#3309 = POLY_LOOP('', (#538, #549, #548));
#3310 = FACE_OUTER_BOUND('', #3309, .T.);
#3311 = FACETED_BREP_SHAPE_REPRESENTATION('', (#3310), #8);
#3312 = POLY_LOOP('', (#539, #540, #550));
#3313 = FACE_OUTER_BOUND('', #3312, .T.);
#3314 = FACETED_BREP_SHAPE_REPRESENTATION('', (#3313), #8);
#3315 = POLY_LOOP('', (#539, #550, #549));
#3316 = FACE_OUTER_BOUND('', #3315, .T.);
#3317 = FACETED_BREP_SHAPE_REPRESENTATION('', (#3316), #8);
#3318 = POLY_LOOP('', (#540, #541, #551));
#3319 = FACE_OUTER_BOUND('', #3318, .T.);
#3320 = FACETED_BREP_SHAPE_REPRESENTATION('', (#3319), #8);
#3321 = POLY_LOOP('', (#540, #551, #550));
#3322 = FACE_OUTER_BOUND('', #3321, .T.);
#3323 = FACETED_BREP_SHAPE_REPRESENTATION('', (#3322), #8);
#3324 = POLY_LOOP('', (#541, #532, #542));
#3325 = FACE_OUTER_BOUND('', #3324, .T.);
#3326 = FACETED_BREP_SHAPE_REPRESENTATION('', (#3325), #8);
#3327 = POLY_LOOP('', (#541, #542, #551));
#3328 = FACE_OUTER_BOUND('', #3327, .T.);
#3329 = FACETED_BREP_SHAPE_REPRESENTATION('', (#3328), #8);
#3330 = POLY_LOOP('', (#542, #543, #553));
#3331 = FACE_OUTER_BOUND('', #3330, .T.);
#3332 = FACETED_BREP_SHAPE_REPRESENTATION('', (#3331), #8);
#3333 = POLY_LOOP('', (#542, #553, #552));
#3334 = FACE_OUTER_BOUND('', #3333, .T.);
#3335 = FACETED_BREP_SHAPE_REPRESENTATION('', (#3334), #8);
#3336 = POLY_LOOP('', (#543, #544, #554));
#3337 = FACE_OUTER_BOUND('', #3336, .T.);
#3338 = FACETED_BREP_SHAPE_REPRESENTATION('', (#3337), #8);
#3339 = POLY_LOOP('', (#543, #554, #553));
#3340 = FACE_OUTER_BOUND('', #3339, .T.);
#3341 = FACETED_BREP_SHAPE_REPRESENTATION('', (#3340), #8);
#3342 = POLY_LOOP('', (#544, #545, #555));
#3343 = FACE_OUTER_BOUND('', #3342, .T.);
#3344 = FACETED_BREP_SHAPE_REPRESENTATION('', (#3343), #8);
#3345 = POLY_LOOP('', (#544, #555, #554));
#3346 = FACE_OUTER_BOUND('', #3345, .T.);
#3347 = FACETED_BREP_SHAPE_REPRESENTATION('', (#3346), #8);
#3348 = POLY_LOOP('', (#545, #546, #556));
#3349 = FACE_OUTER_BOUND('', #3348, .T.);
#3350 = FACETED_BREP_SHAPE_REPRESENTATION('', (#3349), #8);
#3351 = POLY_LOOP('', (#545, #556, #555));
#3352 = FACE_OUTER_BOUND('', #3351, .T.);
#3353 = FACETED_BREP_SHAPE_REPRESENTATION('', (#3352), #8);
#3354 = POLY_LOOP('', (#546, #547, #557));
#3355 = FACE_OUTER_BOUND('', #3354, .T.);
#3356 = FACETED_BREP_SHAPE_REPRESENTATION('', (#3355), #8);
#3357 = POLY_LOOP('', (#546, #557, #556));
#3358 = FACE_OUTER_BOUND('', #3357, .T.);
#3359 = FACETED_BREP_SHAPE_REPRESENTATION('', (#3358), #8);
#3360 = POLY_LOOP('', (#547, #548, #558));
#3361 = FACE_OUTER_BOUND('', #3360, .T.);
#3362 = FACETED_BREP_SHAPE_REPRESENTATION('', (#3361), #8);
#3363 = POLY_LOOP('', (#547, #558, #557));
#3364 = FACE_OUTER_BOUND('', #3363, .T.);
#3365 = FACETED_BREP_SHAPE_REPRESENTATION('', (#3364), #8);
#3366 = POLY_LOOP('', (#548, #549, #559));
#3367 = FACE_OUTER_BOUND('', #3366, .T.);
#3368 = FACETED_BREP_SHAPE_REPRESENTATION('', (#3367), #8);
#3369 = POLY_LOOP('', (#548, #559, #558));
#3370 = FACE_OUTER_BOUND('', #3369, .T.);
#3371 = FACETED_BREP_SHAPE_REPRESENTATION('', (#3370), #8);
#3372 = POLY_LOOP('', (#549, #550, #560));
#3373 = FACE_OUTER_BOUND('', #3372, .T.);
#3374 = FACETED_BREP_SHAPE_REPRESENTATION('', (#3373), #8);
#3375 = POLY_LOOP('', (#549, #560, #559));
#3376 = FACE_OUTER_BOUND('', #3375, .T.);
#3377 = FACETED_BREP_SHAPE_REPRESENTATION('', (#3376), #8);
#3378 = POLY_LOOP('', (#550, #551, #561));
#3379 = FACE_OUTER_BOUND('', #3378, .T.);
#3380 = FACETED_BREP_SHAPE_REPRESENTATION('', (#3379), #8);
#3381 = POLY_LOOP('', (#550, #561, #560));
#3382 = FACE_OUTER_BOUND('', #3381, .T.);
#3383 = FACETED_BREP_SHAPE_REPRESENTATION('', (#3382), #8);
#3384 = POLY_LOOP('', (#551, #542, #552));
#3385 = FACE_OUTER_BOUND('', #3384, .T.);
#3386 = FACETED_BREP_SHAPE_REPRESENTATION('', (#3385), #8);
#3387 = POLY_LOOP('', (#551, #552, #561));
#3388 = FACE_OUTER_BOUND('', #3387, .T.);
#3389 = FACETED_BREP_SHAPE_REPRESENTATION('', (#3388), #8);
#3390 = POLY_LOOP('', (#552, #553, #563));
#3391 = FACE_OUTER_BOUND('', #3390, .T.);
#3392 = FACETED_BREP_SHAPE_REPRESENTATION('', (#3391), #8);
#3393 = POLY_LOOP('', (#552, #563, #562));
#3394 = FACE_OUTER_BOUND('', #3393, .T.);
#3395 = FACETED_BREP_SHAPE_REPRESENTATION('', (#3394), #8);
#3396 = POLY_LOOP('', (#553, #554, #564));
#3397 = FACE_OUTER_BOUND('', #3396, .T.);
#3398 = FACETED_BREP_SHAPE_REPRESENTATION('', (#3397), #8);
#3399 = POLY_LOOP('', (#553, #564, #563));
#3400 = FACE_OUTER_BOUND('', #3399, .T.);
#3401 = FACETED_BREP_SHAPE_REPRESENTATION('', (#3400), #8);
#3402 = POLY_LOOP('', (#554, #555, #565));
#3403 = FACE_OUTER_BOUND('', #3402, .T.);
#3404 = FACETED_BREP_SHAPE_REPRESENTATION('', (#3403), #8);
#3405 = POLY_LOOP('', (#554, #565, #564));
#3406 = FACE_OUTER_BOUND('', #3405, .T.);
#3407 = FACETED_BREP_SHAPE_REPRESENTATION('', (#3406), #8);
#3408 = POLY_LOOP('', (#555, #556, #566));
#3409 = FACE_OUTER_BOUND('', #3408, .T.);
#3410 = FACETED_BREP_SHAPE_REPRESENTATION('', (#3409), #8);
#3411 = POLY_LOOP('', (#555, #566, #565));
#3412 = FACE_OUTER_BOUND('', #3411, .T.);
#3413 = FACETED_BREP_SHAPE_REPRESENTATION('', (#3412), #8);
#3414 = POLY_LOOP('', (#556, #557, #567));
#3415 = FACE_OUTER_BOUND('', #3414, .T.);
#3416 = FACETED_BREP_SHAPE_REPRESENTATION('', (#3415), #8);
#3417 = POLY_LOOP('', (#556, #567, #566));
#3418 = FACE_OUTER_BOUND('', #3417, .T.);
#3419 = FACETED_BREP_SHAPE_REPRESENTATION('', (#3418), #8);
#3420 = POLY_LOOP('', (#557, #558, #568));
#3421 = FACE_OUTER_BOUND('', #3420, .T.);
#3422 = FACETED_BREP_SHAPE_REPRESENTATION('', (#3421), #8);
#3423 = POLY_LOOP('', (#557, #568, #567));
#3424 = FACE_OUTER_BOUND('', #3423, .T.);
#3425 = FACETED_BREP_SHAPE_REPRESENTATION('', (#3424), #8);
#3426 = POLY_LOOP('', (#558, #559, #569));
#3427 = FACE_OUTER_BOUND('', #3426, .T.);
#3428 = FACETED_BREP_SHAPE_REPRESENTATION('', (#3427), #8);
#3429 = POLY_LOOP('', (#558, #569, #568));
#3430 = FACE_OUTER_BOUND('', #3429, .T.);
#3431 = FACETED_BREP_SHAPE_REPRESENTATION('', (#3430), #8);
#3432 = POLY_LOOP('', (#559, #560, #570));
#3433 = FACE_OUTER_BOUND('', #3432, .T.);
#3434 = FACETED_BREP_SHAPE_REPRESENTATION('', (#3433), #8);
#3435 = POLY_LOOP('', (#559, #570, #569));
#3436 = FACE_OUTER_BOUND('', #3435, .T.);
#3437 = FACETED_BREP_SHAPE_REPRESENTATION('', (#3436), #8);
#3438 = POLY_LOOP('', (#560, #561, #571));
#3439 = FACE_OUTER_BOUND('', #3438, .T.);
#3440 = FACETED_BREP_SHAPE_REPRESENTATION('', (#3439), #8);
#3441 = POLY_LOOP('', (#560, #571, #570));
#3442 = FACE_OUTER_BOUND('', #3441, .T.);
#3443 = FACETED_BREP_SHAPE_REPRESENTATION('', (#3442), #8);
#3444 = POLY_LOOP('', (#561, #552, #562));
#3445 = FACE_OUTER_BOUND('', #3444, .T.);
#3446 = FACETED_BREP_SHAPE_REPRESENTATION('', (#3445), #8);
#3447 = POLY_LOOP('', (#561, #562, #571));
#3448 = FACE_OUTER_BOUND('', #3447, .T.);
#3449 = FACETED_BREP_SHAPE_REPRESENTATION('', (#3448), #8);
#3450 = POLY_LOOP('', (#562, #563, #573));
#3451 = FACE_OUTER_BOUND('', #3450, .T.);
#3452 = FACETED_BREP_SHAPE_REPRESENTATION('', (#3451), #8);
#3453 = POLY_LOOP('', (#562, #573, #572));
#3454 = FACE_OUTER_BOUND('', #3453, .T.);
#3455 = FACETED_BREP_SHAPE_REPRESENTATION('', (#3454), #8);
#3456 = POLY_LOOP('', (#563, #564, #574));
#3457 = FACE_OUTER_BOUND('', #3456, .T.);
#3458 = FACETED_BREP_SHAPE_REPRESENTATION('', (#3457), #8);
#3459 = POLY_LOOP('', (#563, #574, #573));
#3460 = FACE_OUTER_BOUND('', #3459, .T.);
#3461 = FACETED_BREP_SHAPE_REPRESENTATION('', (#3460), #8);
#3462 = POLY_LOOP('', (#564, #565, #575));
#3463 = FACE_OUTER_BOUND('', #3462, .T.);
#3464 = FACETED_BREP_SHAPE_REPRESENTATION('', (#3463), #8);
#3465 = POLY_LOOP('', (#564, #575, #574));
#3466 = FACE_OUTER_BOUND('', #3465, .T.);
#3467 = FACETED_BREP_SHAPE_REPRESENTATION('', (#3466), #8);
#3468 = POLY_LOOP('', (#565, #566, #576));
#3469 = FACE_OUTER_BOUND('', #3468, .T.);
#3470 = FACETED_BREP_SHAPE_REPRESENTATION('', (#3469), #8);
#3471 = POLY_LOOP('', (#565, #576, #575));
#3472 = FACE_OUTER_BOUND('', #3471, .T.);
#3473 = FACETED_BREP_SHAPE_REPRESENTATION('', (#3472), #8);
#3474 = POLY_LOOP('', (#566, #567, #577));
#3475 = FACE_OUTER_BOUND('', #3474, .T.);
#3476 = FACETED_BREP_SHAPE_REPRESENTATION('', (#3475), #8);
#3477 = POLY_LOOP('', (#566, #577, #576));
#3478 = FACE_OUTER_BOUND('', #3477, .T.);
#3479 = FACETED_BREP_SHAPE_REPRESENTATION('', (#3478), #8);
#3480 = POLY_LOOP('', (#567, #568, #578));
#3481 = FACE_OUTER_BOUND('', #3480, .T.);
#3482 = FACETED_BREP_SHAPE_REPRESENTATION('', (#3481), #8);
#3483 = POLY_LOOP('', (#567, #578, #577));
#3484 = FACE_OUTER_BOUND('', #3483, .T.);
#3485 = FACETED_BREP_SHAPE_REPRESENTATION('', (#3484), #8);
#3486 = POLY_LOOP('', (#568, #569, #579));
#3487 = FACE_OUTER_BOUND('', #3486, .T.);
#3488 = FACETED_BREP_SHAPE_REPRESENTATION('', (#3487), #8);
#3489 = POLY_LOOP('', (#568, #579, #578));
#3490 = FACE_OUTER_BOUND('', #3489, .T.);
#3491 = FACETED_BREP_SHAPE_REPRESENTATION('', (#3490), #8);
#3492 = POLY_LOOP('', (#569, #570, #580));
#3493 = FACE_OUTER_BOUND('', #3492, .T.);
#3494 = FACETED_BREP_SHAPE_REPRESENTATION('', (#3493), #8);
#3495 = POLY_LOOP('', (#569, #580, #579));
#3496 = FACE_OUTER_BOUND('', #3495, .T.);
#3497 = FACETED_BREP_SHAPE_REPRESENTATION('', (#3496), #8);
#3498 = POLY_LOOP('', (#570, #571, #581));
#3499 = FACE_OUTER_BOUND('', #3498, .T.);
#3500 = FACETED_BREP_SHAPE_REPRESENTATION('', (#3499), #8);
#3501 = POLY_LOOP('', (#570, #581, #580));
#3502 = FACE_OUTER_BOUND('', #3501, .T.);
#3503 = FACETED_BREP_SHAPE_REPRESENTATION('', (#3502), #8);
#3504 = POLY_LOOP('', (#571, #562, #572));
#3505 = FACE_OUTER_BOUND('', #3504, .T.);
#3506 = FACETED_BREP_SHAPE_REPRESENTATION('', (#3505), #8);
#3507 = POLY_LOOP('', (#571, #572, #581));
#3508 = FACE_OUTER_BOUND('', #3507, .T.);
#3509 = FACETED_BREP_SHAPE_REPRESENTATION('', (#3508), #8);
#3510 = POLY_LOOP('', (#582, #583, #593));
#3511 = FACE_OUTER_BOUND('', #3510, .T.);
#3512 = FACETED_BREP_SHAPE_REPRESENTATION('', (#3511), #8);
#3513 = POLY_LOOP('', (#582, #593, #592));
#3514 = FACE_OUTER_BOUND('', #3513, .T.);
#3515 = FACETED_BREP_SHAPE_REPRESENTATION('', (#3514), #8);
#3516 = POLY_LOOP('', (#583, #584, #594));
#3517 = FACE_OUTER_BOUND('', #3516, .T.);
#3518 = FACETED_BREP_SHAPE_REPRESENTATION('', (#3517), #8);
#3519 = POLY_LOOP('', (#583, #594, #593));
#3520 = FACE_OUTER_BOUND('', #3519, .T.);
#3521 = FACETED_BREP_SHAPE_REPRESENTATION('', (#3520), #8);
#3522 = POLY_LOOP('', (#584, #585, #595));
#3523 = FACE_OUTER_BOUND('', #3522, .T.);
#3524 = FACETED_BREP_SHAPE_REPRESENTATION('', (#3523), #8);
#3525 = POLY_LOOP('', (#584, #595, #594));
#3526 = FACE_OUTER_BOUND('', #3525, .T.);
#3527 = FACETED_BREP_SHAPE_REPRESENTATION('', (#3526), #8);
#3528 = POLY_LOOP('', (#585, #586, #596));
#3529 = FACE_OUTER_BOUND('', #3528, .T.);
#3530 = FACETED_BREP_SHAPE_REPRESENTATION('', (#3529), #8);
#3531 = POLY_LOOP('', (#585, #596, #595));
#3532 = FACE_OUTER_BOUND('', #3531, .T.);
#3533 = FACETED_BREP_SHAPE_REPRESENTATION('', (#3532), #8);
#3534 = POLY_LOOP('', (#586, #587, #597));
#3535 = FACE_OUTER_BOUND('', #3534, .T.);
#3536 = FACETED_BREP_SHAPE_REPRESENTATION('', (#3535), #8);
#3537 = POLY_LOOP('', (#586, #597, #596));
#3538 = FACE_OUTER_BOUND('', #3537, .T.);
#3539 = FACETED_BREP_SHAPE_REPRESENTATION('', (#3538), #8);
#3540 = POLY_LOOP('', (#587, #588, #598));
#3541 = FACE_OUTER_BOUND('', #3540, .T.);
#3542 = FACETED_BREP_SHAPE_REPRESENTATION('', (#3541), #8);
#3543 = POLY_LOOP('', (#587, #598, #597));
#3544 = FACE_OUTER_BOUND('', #3543, .T.);
#3545 = FACETED_BREP_SHAPE_REPRESENTATION('', (#3544), #8);
#3546 = POLY_LOOP('', (#588, #589, #599));
#3547 = FACE_OUTER_BOUND('', #3546, .T.);
#3548 = FACETED_BREP_SHAPE_REPRESENTATION('', (#3547), #8);
#3549 = POLY_LOOP('', (#588, #599, #598));
#3550 = FACE_OUTER_BOUND('', #3549, .T.);
#3551 = FACETED_BREP_SHAPE_REPRESENTATION('', (#3550), #8);
#3552 = POLY_LOOP('', (#589, #590, #600));
#3553 = FACE_OUTER_BOUND('', #3552, .T.);
#3554 = FACETED_BREP_SHAPE_REPRESENTATION('', (#3553), #8);
#3555 = POLY_LOOP('', (#589, #600, #599));
#3556 = FACE_OUTER_BOUND('', #3555, .T.);
#3557 = FACETED_BREP_SHAPE_REPRESENTATION('', (#3556), #8);
#3558 = POLY_LOOP('', (#590, #591, #601));
#3559 = FACE_OUTER_BOUND('', #3558, .T.);
#3560 = FACETED_BREP_SHAPE_REPRESENTATION('', (#3559), #8);
#3561 = POLY_LOOP('', (#590, #601, #600));
#3562 = FACE_OUTER_BOUND('', #3561, .T.);
#3563 = FACETED_BREP_SHAPE_REPRESENTATION('', (#3562), #8);
#3564 = POLY_LOOP('', (#591, #582, #592));
#3565 = FACE_OUTER_BOUND('', #3564, .T.);
#3566 = FACETED_BREP_SHAPE_REPRESENTATION('', (#3565), #8);
#3567 = POLY_LOOP('', (#591, #592, #601));
#3568 = FACE_OUTER_BOUND('', #3567, .T.);
#3569 = FACETED_BREP_SHAPE_REPRESENTATION('', (#3568), #8);
#3570 = POLY_LOOP('', (#592, #593, #603));
#3571 = FACE_OUTER_BOUND('', #3570, .T.);
#3572 = FACETED_BREP_SHAPE_REPRESENTATION('', (#3571), #8);
#3573 = POLY_LOOP('', (#592, #603, #602));
#3574 = FACE_OUTER_BOUND('', #3573, .T.);
#3575 = FACETED_BREP_SHAPE_REPRESENTATION('', (#3574), #8);
#3576 = POLY_LOOP('', (#593, #594, #604));
#3577 = FACE_OUTER_BOUND('', #3576, .T.);
#3578 = FACETED_BREP_SHAPE_REPRESENTATION('', (#3577), #8);
#3579 = POLY_LOOP('', (#593, #604, #603));
#3580 = FACE_OUTER_BOUND('', #3579, .T.);
#3581 = FACETED_BREP_SHAPE_REPRESENTATION('', (#3580), #8);
#3582 = POLY_LOOP('', (#594, #595, #605));
#3583 = FACE_OUTER_BOUND('', #3582, .T.);
#3584 = FACETED_BREP_SHAPE_REPRESENTATION('', (#3583), #8);
#3585 = POLY_LOOP('', (#594, #605, #604));
#3586 = FACE_OUTER_BOUND('', #3585, .T.);
#3587 = FACETED_BREP_SHAPE_REPRESENTATION('', (#3586), #8);
#3588 = POLY_LOOP('', (#595, #596, #606));
#3589 = FACE_OUTER_BOUND('', #3588, .T.);
#3590 = FACETED_BREP_SHAPE_REPRESENTATION('', (#3589), #8);
#3591 = POLY_LOOP('', (#595, #606, #605));
#3592 = FACE_OUTER_BOUND('', #3591, .T.);
#3593 = FACETED_BREP_SHAPE_REPRESENTATION('', (#3592), #8);
#3594 = POLY_LOOP('', (#596, #597, #607));
#3595 = FACE_OUTER_BOUND('', #3594, .T.);
#3596 = FACETED_BREP_SHAPE_REPRESENTATION('', (#3595), #8);
#3597 = POLY_LOOP('', (#596, #607, #606));
#3598 = FACE_OUTER_BOUND('', #3597, .T.);
#3599 = FACETED_BREP_SHAPE_REPRESENTATION('', (#3598), #8);
#3600 = POLY_LOOP('', (#597, #598, #608));
#3601 = FACE_OUTER_BOUND('', #3600, .T.);
#3602 = FACETED_BREP_SHAPE_REPRESENTATION('', (#3601), #8);
#3603 = POLY_LOOP('', (#597, #608, #607));
#3604 = FACE_OUTER_BOUND('', #3603, .T.);
#3605 = FACETED_BREP_SHAPE_REPRESENTATION('', (#3604), #8);
#3606 = POLY_LOOP('', (#598, #599, #609));
#3607 = FACE_OUTER_BOUND('', #3606, .T.);
#3608 = FACETED_BREP_SHAPE_REPRESENTATION('', (#3607), #8);
#3609 = POLY_LOOP('', (#598, #609, #608));
#3610 = FACE_OUTER_BOUND('', #3609, .T.);
#3611 = FACETED_BREP_SHAPE_REPRESENTATION('', (#3610), #8);
#3612 = POLY_LOOP('', (#599, #600, #610));
#3613 = FACE_OUTER_BOUND('', #3612, .T.);
#3614 = FACETED_BREP_SHAPE_REPRESENTATION('', (#3613), #8);
#3615 = POLY_LOOP('', (#599, #610, #609));
#3616 = FACE_OUTER_BOUND('', #3615, .T.);
#3617 = FACETED_BREP_SHAPE_REPRESENTATION('', (#3616), #8);
#3618 = POLY_LOOP('', (#600, #601, #611));
#3619 = FACE_OUTER_BOUND('', #3618, .T.);
#3620 = FACETED_BREP_SHAPE_REPRESENTATION('', (#3619), #8);
#3621 = POLY_LOOP('', (#600, #611, #610));
#3622 = FACE_OUTER_BOUND('', #3621, .T.);
#3623 = FACETED_BREP_SHAPE_REPRESENTATION('', (#3622), #8);
#3624 = POLY_LOOP('', (#601, #592, #602));
#3625 = FACE_OUTER_BOUND('', #3624, .T.);
#3626 = FACETED_BREP_SHAPE_REPRESENTATION('', (#3625), #8);
#3627 = POLY_LOOP('', (#601, #602, #611));
#3628 = FACE_OUTER_BOUND('', #3627, .T.);
#3629 = FACETED_BREP_SHAPE_REPRESENTATION('', (#3628), #8);
#3630 = POLY_LOOP('', (#602, #603, #613));
#3631 = FACE_OUTER_BOUND('', #3630, .T.);
#3632 = FACETED_BREP_SHAPE_REPRESENTATION('', (#3631), #8);
#3633 = POLY_LOOP('', (#602, #613, #612));
#3634 = FACE_OUTER_BOUND('', #3633, .T.);
#3635 = FACETED_BREP_SHAPE_REPRESENTATION('', (#3634), #8);
#3636 = POLY_LOOP('', (#603, #604, #614));
#3637 = FACE_OUTER_BOUND('', #3636, .T.);
#3638 = FACETED_BREP_SHAPE_REPRESENTATION('', (#3637), #8);
#3639 = POLY_LOOP('', (#603, #614, #613));
#3640 = FACE_OUTER_BOUND('', #3639, .T.);
#3641 = FACETED_BREP_SHAPE_REPRESENTATION('', (#3640), #8);
#3642 = POLY_LOOP('', (#604, #605, #615));
#3643 = FACE_OUTER_BOUND('', #3642, .T.);
#3644 = FACETED_BREP_SHAPE_REPRESENTATION('', (#3643), #8);
#3645 = POLY_LOOP('', (#604, #615, #614));
#3646 = FACE_OUTER_BOUND('', #3645, .T.);
#3647 = FACETED_BREP_SHAPE_REPRESENTATION('', (#3646), #8);
#3648 = POLY_LOOP('', (#605, #606, #616));
#3649 = FACE_OUTER_BOUND('', #3648, .T.);
#3650 = FACETED_BREP_SHAPE_REPRESENTATION('', (#3649), #8);
#3651 = POLY_LOOP('', (#605, #616, #615));
#3652 = FACE_OUTER_BOUND('', #3651, .T.);
#3653 = FACETED_BREP_SHAPE_REPRESENTATION('', (#3652), #8);
#3654 = POLY_LOOP('', (#606, #607, #617));
#3655 = FACE_OUTER_BOUND('', #3654, .T.);
#3656 = FACETED_BREP_SHAPE_REPRESENTATION('', (#3655), #8);
#3657 = POLY_LOOP('', (#606, #617, #616));
#3658 = FACE_OUTER_BOUND('', #3657, .T.);
#3659 = FACETED_BREP_SHAPE_REPRESENTATION('', (#3658), #8);
#3660 = POLY_LOOP('', (#607, #608, #618));
#3661 = FACE_OUTER_BOUND('', #3660, .T.);
#3662 = FACETED_BREP_SHAPE_REPRESENTATION('', (#3661), #8);
#3663 = POLY_LOOP('', (#607, #618, #617));
#3664 = FACE_OUTER_BOUND('', #3663, .T.);
#3665 = FACETED_BREP_SHAPE_REPRESENTATION('', (#3664), #8);
#3666 = POLY_LOOP('', (#608, #609, #619));
#3667 = FACE_OUTER_BOUND('', #3666, .T.);
#3668 = FACETED_BREP_SHAPE_REPRESENTATION('', (#3667), #8);
#3669 = POLY_LOOP('', (#608, #619, #618));
#3670 = FACE_OUTER_BOUND('', #3669, .T.);
#3671 = FACETED_BREP_SHAPE_REPRESENTATION('', (#3670), #8);
#3672 = POLY_LOOP('', (#609, #610, #620));
#3673 = FACE_OUTER_BOUND('', #3672, .T.);
#3674 = FACETED_BREP_SHAPE_REPRESENTATION('', (#3673), #8);
#3675 = POLY_LOOP('', (#609, #620, #619));
#3676 = FACE_OUTER_BOUND('', #3675, .T.);
#3677 = FACETED_BREP_SHAPE_REPRESENTATION('', (#3676), #8);
#3678 = POLY_LOOP('', (#610, #611, #621));
#3679 = FACE_OUTER_BOUND('', #3678, .T.);
#3680 = FACETED_BREP_SHAPE_REPRESENTATION('', (#3679), #8);
#3681 = POLY_LOOP('', (#610, #621, #620));
#3682 = FACE_OUTER_BOUND('', #3681, .T.);
#3683 = FACETED_BREP_SHAPE_REPRESENTATION('', (#3682), #8);
#3684 = POLY_LOOP('', (#611, #602, #612));
#3685 = FACE_OUTER_BOUND('', #3684, .T.);
#3686 = FACETED_BREP_SHAPE_REPRESENTATION('', (#3685), #8);
#3687 = POLY_LOOP('', (#611, #612, #621));
#3688 = FACE_OUTER_BOUND('', #3687, .T.);
#3689 = FACETED_BREP_SHAPE_REPRESENTATION('', (#3688), #8);
#3690 = POLY_LOOP('', (#612, #613, #623));
#3691 = FACE_OUTER_BOUND('', #3690, .T.);
#3692 = FACETED_BREP_SHAPE_REPRESENTATION('', (#3691), #8);
#3693 = POLY_LOOP('', (#612, #623, #622));
#3694 = FACE_OUTER_BOUND('', #3693, .T.);
#3695 = FACETED_BREP_SHAPE_REPRESENTATION('', (#3694), #8);
#3696 = POLY_LOOP('', (#613, #614, #624));
#3697 = FACE_OUTER_BOUND('', #3696, .T.);
#3698 = FACETED_BREP_SHAPE_REPRESENTATION('', (#3697), #8);
#3699 = POLY_LOOP('', (#613, #624, #623));
#3700 = FACE_OUTER_BOUND('', #3699, .T.);
#3701 = FACETED_BREP_SHAPE_REPRESENTATION('', (#3700), #8);
#3702 = POLY_LOOP('', (#614, #615, #625));
#3703 = FACE_OUTER_BOUND('', #3702, .T.);
#3704 = FACETED_BREP_SHAPE_REPRESENTATION('', (#3703), #8);
#3705 = POLY_LOOP('', (#614, #625, #624));
#3706 = FACE_OUTER_BOUND('', #3705, .T.);
#3707 = FACETED_BREP_SHAPE_REPRESENTATION('', (#3706), #8);
#3708 = POLY_LOOP('', (#615, #616, #626));
#3709 = FACE_OUTER_BOUND('', #3708, .T.);
#3710 = FACETED_BREP_SHAPE_REPRESENTATION('', (#3709), #8);
#3711 = POLY_LOOP('', (#615, #626, #625));
#3712 = FACE_OUTER_BOUND('', #3711, .T.);
#3713 = FACETED_BREP_SHAPE_REPRESENTATION('', (#3712), #8);
#3714 = POLY_LOOP('', (#616, #617, #627));
#3715 = FACE_OUTER_BOUND('', #3714, .T.);
#3716 = FACETED_BREP_SHAPE_REPRESENTATION('', (#3715), #8);
#3717 = POLY_LOOP('', (#616, #627, #626));
#3718 = FACE_OUTER_BOUND('', #3717, .T.);
#3719 = FACETED_BREP_SHAPE_REPRESENTATION('', (#3718), #8);
#3720 = POLY_LOOP('', (#617, #618, #628));
#3721 = FACE_OUTER_BOUND('', #3720, .T.);
#3722 = FACETED_BREP_SHAPE_REPRESENTATION('', (#3721), #8);
#3723 = POLY_LOOP('', (#617, #628, #627));
#3724 = FACE_OUTER_BOUND('', #3723, .T.);
#3725 = FACETED_BREP_SHAPE_REPRESENTATION('', (#3724), #8);
#3726 = POLY_LOOP('', (#618, #619, #629));
#3727 = FACE_OUTER_BOUND('', #3726, .T.);
#3728 = FACETED_BREP_SHAPE_REPRESENTATION('', (#3727), #8);
#3729 = POLY_LOOP('', (#618, #629, #628));
#3730 = FACE_OUTER_BOUND('', #3729, .T.);
#3731 = FACETED_BREP_SHAPE_REPRESENTATION('', (#3730), #8);
#3732 = POLY_LOOP('', (#619, #620, #630));
#3733 = FACE_OUTER_BOUND('', #3732, .T.);
#3734 = FACETED_BREP_SHAPE_REPRESENTATION('', (#3733), #8);
#3735 = POLY_LOOP('', (#619, #630, #629));
#3736 = FACE_OUTER_BOUND('', #3735, .T.);
#3737 = FACETED_BREP_SHAPE_REPRESENTATION('', (#3736), #8);
#3738 = POLY_LOOP('', (#620, #621, #631));
#3739 = FACE_OUTER_BOUND('', #3738, .T.);
#3740 = FACETED_BREP_SHAPE_REPRESENTATION('', (#3739), #8);
#3741 = POLY_LOOP('', (#620, #631, #630));
#3742 = FACE_OUTER_BOUND('', #3741, .T.);
#3743 = FACETED_BREP_SHAPE_REPRESENTATION('', (#3742), #8);
#3744 = POLY_LOOP('', (#621, #612, #622));
#3745 = FACE_OUTER_BOUND('', #3744, .T.);
#3746 = FACETED_BREP_SHAPE_REPRESENTATION('', (#3745), #8);
#3747 = POLY_LOOP('', (#621, #622, #631));
#3748 = FACE_OUTER_BOUND('', #3747, .T.);
#3749 = FACETED_BREP_SHAPE_REPRESENTATION('', (#3748), #8);
#3750 = POLY_LOOP('', (#622, #623, #633));
#3751 = FACE_OUTER_BOUND('', #3750, .T.);
#3752 = FACETED_BREP_SHAPE_REPRESENTATION('', (#3751), #8);
#3753 = POLY_LOOP('', (#622, #633, #632));
#3754 = FACE_OUTER_BOUND('', #3753, .T.);
#3755 = FACETED_BREP_SHAPE_REPRESENTATION('', (#3754), #8);
#3756 = POLY_LOOP('', (#623, #624, #634));
#3757 = FACE_OUTER_BOUND('', #3756, .T.);
#3758 = FACETED_BREP_SHAPE_REPRESENTATION('', (#3757), #8);
#3759 = POLY_LOOP('', (#623, #634, #633));
#3760 = FACE_OUTER_BOUND('', #3759, .T.);
#3761 = FACETED_BREP_SHAPE_REPRESENTATION('', (#3760), #8);
#3762 = POLY_LOOP('', (#624, #625, #635));
#3763 = FACE_OUTER_BOUND('', #3762, .T.);
#3764 = FACETED_BREP_SHAPE_REPRESENTATION('', (#3763), #8);
#3765 = POLY_LOOP('', (#624, #635, #634));
#3766 = FACE_OUTER_BOUND('', #3765, .T.);
#3767 = FACETED_BREP_SHAPE_REPRESENTATION('', (#3766), #8);
#3768 = POLY_LOOP('', (#625, #626, #636));
#3769 = FACE_OUTER_BOUND('', #3768, .T.);
#3770 = FACETED_BREP_SHAPE_REPRESENTATION('', (#3769), #8);
#3771 = POLY_LOOP('', (#625, #636, #635));
#3772 = FACE_OUTER_BOUND('', #3771, .T.);
#3773 = FACETED_BREP_SHAPE_REPRESENTATION('', (#3772), #8);
#3774 = POLY_LOOP('', (#626, #627, #637));
#3775 = FACE_OUTER_BOUND('', #3774, .T.);
#3776 = FACETED_BREP_SHAPE_REPRESENTATION('', (#3775), #8);
#3777 = POLY_LOOP('', (#626, #637, #636));
#3778 = FACE_OUTER_BOUND('', #3777, .T.);
#3779 = FACETED_BREP_SHAPE_REPRESENTATION('', (#3778), #8);
#3780 = POLY_LOOP('', (#627, #628, #638));
#3781 = FACE_OUTER_BOUND('', #3780, .T.);
#3782 = FACETED_BREP_SHAPE_REPRESENTATION('', (#3781), #8);
#3783 = POLY_LOOP('', (#627, #638, #637));
#3784 = FACE_OUTER_BOUND('', #3783, .T.);
#3785 = FACETED_BREP_SHAPE_REPRESENTATION('', (#3784), #8);
#3786 = POLY_LOOP('', (#628, #629, #639));
#3787 = FACE_OUTER_BOUND('', #3786, .T.);
#3788 = FACETED_BREP_SHAPE_REPRESENTATION('', (#3787), #8);
#3789 = POLY_LOOP('', (#628, #639, #638));
#3790 = FACE_OUTER_BOUND('', #3789, .T.);
#3791 = FACETED_BREP_SHAPE_REPRESENTATION('', (#3790), #8);
#3792 = POLY_LOOP('', (#629, #630, #640));
#3793 = FACE_OUTER_BOUND('', #3792, .T.);
#3794 = FACETED_BREP_SHAPE_REPRESENTATION('', (#3793), #8);
#3795 = POLY_LOOP('', (#629, #640, #639));
#3796 = FACE_OUTER_BOUND('', #3795, .T.);
#3797 = FACETED_BREP_SHAPE_REPRESENTATION('', (#3796), #8);
#3798 = POLY_LOOP('', (#630, #631, #641));
#3799 = FACE_OUTER_BOUND('', #3798, .T.);
#3800 = FACETED_BREP_SHAPE_REPRESENTATION('', (#3799), #8);
#3801 = POLY_LOOP('', (#630, #641, #640));
#3802 = FACE_OUTER_BOUND('', #3801, .T.);
#3803 = FACETED_BREP_SHAPE_REPRESENTATION('', (#3802), #8);
#3804 = POLY_LOOP('', (#631, #622, #632));
#3805 = FACE_OUTER_BOUND('', #3804, .T.);
#3806 = FACETED_BREP_SHAPE_REPRESENTATION('', (#3805), #8);
#3807 = POLY_LOOP('', (#631, #632, #641));
#3808 = FACE_OUTER_BOUND('', #3807, .T.);
#3809 = FACETED_BREP_SHAPE_REPRESENTATION('', (#3808), #8);
#3810 = CLOSED_SHELL('', (#643, #646, #649, #652, #655, #658, #661, #664, #667, #670, #673, #676, #679, #682, #685, #688, #691, #694, #697, #700, #703, #706, #709, #712, #715, #718, #721, #724, #727, #730, #733, #736, #739, #742, #745, #748, #751, #754, #757, #760, #763, #766, #769, #772, #775, #778, #781, #784, #787, #790, #793, #796, #799, #802, #805, #808, #811, #814, #817, #820, #823, #826, #829, #832, #835, #838, #841, #844, #847, #850, #853, #856, #859, #862, #865, #868, #871, #874, #877, #880, #883, #886, #889, #892, #895, #898, #901, #904, #907, #910, #913, #916, #919, #922, #925, #928, #931, #934, #937, #940, #943, #946, #949, #952, #955, #958, #961, #964, #967, #970, #973, #976, #979, #982, #985, #988, #991, #994, #997, #1000, #1003, #1006, #1009, #1012, #1015, #1018, #1021, #1024, #1027, #1030, #1033, #1036, #1039, #1042, #1045, #1048, #1051, #1054, #1057, #1060, #1063, #1066, #1069, #1072, #1075, #1078, #1081, #1084, #1087, #1090, #1093, #1096, #1099, #1102, #1105, #1108, #1111, #1114, #1117, #1120, #1123, #1126, #1129, #1132, #1135, #1138, #1141, #1144, #1147, #1150, #1153, #1156, #1159, #1162, #1165, #1168, #1171, #1174, #1177, #1180, #1183, #1186, #1189, #1192, #1195, #1198, #1201, #1204, #1207, #1210, #1213, #1216, #1219, #1222, #1225, #1228, #1231, #1234, #1237, #1240, #1243, #1246, #1249, #1252, #1255, #1258, #1261, #1264, #1267, #1270, #1273, #1276, #1279, #1282, #1285, #1288, #1291, #1294, #1297, #1300, #1303, #1306, #1309, #1312, #1315, #1318, #1321, #1324, #1327, #1330, #1333, #1336, #1339, #1342, #1345, #1348, #1351, #1354, #1357, #1360, #1363, #1366, #1369, #1372, #1375, #1378, #1381, #1384, #1387, #1390, #1393, #1396, #1399, #1402, #1405, #1408, #1411, #1414, #1417, #1420, #1423, #1426, #1429, #1432, #1435, #1438, #1441, #1444, #1447, #1450, #1453, #1456, #1459, #1462, #1465, #1468, #1471, #1474, #1477, #1480, #1483, #1486, #1489, #1492, #1495, #1498, #1501, #1504, #1507, #1510, #1513, #1516, #1519, #1522, #1525, #1528, #1531, #1534, #1537, #1540, #1543, #1546, #1549, #1552, #1555, #1558, #1561, #1564, #1567, #1570, #1573, #1576, #1579, #1582, #1585, #1588, #1591, #1594, #1597, #1600, #1603, #1606, #1609, #1612, #1615, #1618, #1621, #1624, #1627, #1630, #1633, #1636, #1639, #1642, #1645, #1648, #1651, #1654, #1657, #1660, #1663, #1666, #1669, #1672, #1675, #1678, #1681, #1684, #1687, #1690, #1693, #1696, #1699, #1702, #1705, #1708, #1711, #1714, #1717, #1720, #1723, #1726, #1729, #1732, #1735, #1738, #1741, #1744, #1747, #1750, #1753, #1756, #1759, #1762, #1765, #1768, #1771, #1774, #1777, #1780, #1783, #1786, #1789, #1792, #1795, #1798, #1801, #1804, #1807, #1810, #1813, #1816, #1819, #1822, #1825, #1828, #1831, #1834, #1837, #1840, #1843, #1846, #1849, #1852, #1855, #1858, #1861, #1864, #1867, #1870, #1873, #1876, #1879, #1882, #1885, #1888, #1891, #1894, #1897, #1900, #1903, #1906, #1909, #1912, #1915, #1918, #1921, #1924, #1927, #1930, #1933, #1936, #1939, #1942, #1945, #1948, #1951, #1954, #1957, #1960, #1963, #1966, #1969, #1972, #1975, #1978, #1981, #1984, #1987, #1990, #1993, #1996, #1999, #2002, #2005, #2008, #2011, #2014, #2017, #2020, #2023, #2026, #2029, #2032, #2035, #2038, #2041, #2044, #2047, #2050, #2053, #2056, #2059, #2062, #2065, #2068, #2071, #2074, #2077, #2080, #2083, #2086, #2089, #2092, #2095, #2098, #2101, #2104, #2107, #2110, #2113, #2116, #2119, #2122, #2125, #2128, #2131, #2134, #2137, #2140, #2143, #2146, #2149, #2152, #2155, #2158, #2161, #2164, #2167, #2170, #2173, #2176, #2179, #2182, #2185, #2188, #2191, #2194, #2197, #2200, #2203, #2206, #2209, #2212, #2215, #2218, #2221, #2224, #2227, #2230, #2233, #2236, #2239, #2242, #2245, #2248, #2251, #2254, #2257, #2260, #2263, #2266, #2269, #2272, #2275, #2278, #2281, #2284, #2287, #2290, #2293, #2296, #2299, #2302, #2305, #2308, #2311, #2314, #2317, #2320, #2323, #2326, #2329, #2332, #2335, #2338, #2341, #2344, #2347, #2350, #2353, #2356, #2359, #2362, #2365, #2368, #2371, #2374, #2377, #2380, #2383, #2386, #2389, #2392, #2395, #2398, #2401, #2404, #2407, #2410, #2413, #2416, #2419, #2422, #2425, #2428, #2431, #2434, #2437, #2440, #2443, #2446, #2449, #2452, #2455, #2458, #2461, #2464, #2467, #2470, #2473, #2476, #2479, #2482, #2485, #2488, #2491, #2494, #2497, #2500, #2503, #2506, #2509, #2512, #2515, #2518, #2521, #2524, #2527, #2530, #2533, #2536, #2539, #2542, #2545, #2548, #2551, #2554, #2557, #2560, #2563, #2566, #2569, #2572, #2575, #2578, #2581, #2584, #2587, #2590, #2593, #2596, #2599, #2602, #2605, #2608, #2611, #2614, #2617, #2620, #2623, #2626, #2629, #2632, #2635, #2638, #2641, #2644, #2647, #2650, #2653, #2656, #2659, #2662, #2665, #2668, #2671, #2674, #2677, #2680, #2683, #2686, #2689, #2692, #2695, #2698, #2701, #2704, #2707, #2710, #2713, #2716, #2719, #2722, #2725, #2728, #2731, #2734, #2737, #2740, #2743, #2746, #2749, #2752, #2755, #2758, #2761, #2764, #2767, #2770, #2773, #2776, #2779, #2782, #2785, #2788, #2791, #2794, #2797, #2800, #2803, #2806, #2809, #2812, #2815, #2818, #2821, #2824, #2827, #2830, #2833, #2836, #2839, #2842, #2845, #2848, #2851, #2854, #2857, #2860, #2863, #2866, #2869, #2872, #2875, #2878, #2881, #2884, #2887, #2890, #2893, #2896, #2899, #2902, #2905, #2908, #2911, #2914, #2917, #2920, #2923, #2926, #2929, #2932, #2935, #2938, #2941, #2944, #2947, #2950, #2953, #2956, #2959, #2962, #2965, #2968, #2971, #2974, #2977, #2980, #2983, #2986, #2989, #2992, #2995, #2998, #3001, #3004, #3007, #3010, #3013, #3016, #3019, #3022, #3025, #3028, #3031, #3034, #3037, #3040, #3043, #3046, #3049, #3052, #3055, #3058, #3061, #3064, #3067, #3070, #3073, #3076, #3079, #3082, #3085, #3088, #3091, #3094, #3097, #3100, #3103, #3106, #3109, #3112, #3115, #3118, #3121, #3124, #3127, #3130, #3133, #3136, #3139, #3142, #3145, #3148, #3151, #3154, #3157, #3160, #3163, #3166, #3169, #3172, #3175, #3178, #3181, #3184, #3187, #3190, #3193, #3196, #3199, #3202, #3205, #3208, #3211, #3214, #3217, #3220, #3223, #3226, #3229, #3232, #3235, #3238, #3241, #3244, #3247, #3250, #3253, #3256, #3259, #3262, #3265, #3268, #3271, #3274, #3277, #3280, #3283, #3286, #3289, #3292, #3295, #3298, #3301, #3304, #3307, #3310, #3313, #3316, #3319, #3322, #3325, #3328, #3331, #3334, #3337, #3340, #3343, #3346, #3349, #3352, #3355, #3358, #3361, #3364, #3367, #3370, #3373, #3376, #3379, #3382, #3385, #3388, #3391, #3394, #3397, #3400, #3403, #3406, #3409, #3412, #3415, #3418, #3421, #3424, #3427, #3430, #3433, #3436, #3439, #3442, #3445, #3448, #3451, #3454, #3457, #3460, #3463, #3466, #3469, #3472, #3475, #3478, #3481, #3484, #3487, #3490, #3493, #3496, #3499, #3502, #3505, #3508, #3511, #3514, #3517, #3520, #3523, #3526, #3529, #3532, #3535, #3538, #3541, #3544, #3547, #3550, #3553, #3556, #3559, #3562, #3565, #3568, #3571, #3574, #3577, #3580, #3583, #3586, #3589, #3592, #3595, #3598, #3601, #3604, #3607, #3610, #3613, #3616, #3619, #3622, #3625, #3628, #3631, #3634, #3637, #3640));
#3811 = MANIFOLD_SOLID_BREP('UNIT_CELL_ARROWHEAD_SOLID', #3810);
#3812 = ADVANCED_BREP_SHAPE_REPRESENTATION('UNIT_CELL_ARROWHEAD_SHAPE', (#3811, #17), #9);
#3813 = SHAPE_DEFINITION_REPRESENTATION(#7, #3812);
ENDSEC;
END-ISO-10303-21;
