# TRUNC arm pose 4 — fitted from CSV row 12160 (err 0.02 mm)
# vertices=3308 faces=5804
o trunc_arm
v 0.0000 28.0000 -101.4443
v 0.0000 28.0000 -101.4443
v 0.0000 28.0000 -101.4443
v 0.0000 28.0000 -101.4443
v 0.0000 28.0000 -101.4443
v 0.0000 28.0000 -101.4443
v 0.0000 28.0000 -101.4443
v 0.0000 28.0000 -101.4443
v 0.0000 28.0000 -101.4443
v 0.0000 28.0000 -101.4443
v 0.0000 28.0000 -101.4443
v 0.0000 28.0000 -101.4443
v 14.0000 24.2487 -101.4443
v 12.1244 24.2487 -94.4443
v 7.0000 24.2487 -89.3199
v 0.0000 24.2487 -87.4443
v -7.0000 24.2487 -89.3199
v -12.1244 24.2487 -94.4443
v -14.0000 24.2487 -101.4443
v -12.1244 24.2487 -108.4443
v -7.0000 24.2487 -113.5686
v -0.0000 24.2487 -115.4443
v 7.0000 24.2487 -113.5686
v 12.1244 24.2487 -108.4443
v 24.2487 14.0000 -101.4443
v 21.0000 14.0000 -89.3199
v 12.1244 14.0000 -80.4443
v 0.0000 14.0000 -77.1955
v -12.1244 14.0000 -80.4443
v -21.0000 14.0000 -89.3199
v -24.2487 14.0000 -101.4443
v -21.0000 14.0000 -113.5686
v -12.1244 14.0000 -122.4443
v -0.0000 14.0000 -125.6930
v 12.1244 14.0000 -122.4443
v 21.0000 14.0000 -113.5686
v 28.0000 0.0000 -101.4443
v 24.2487 0.0000 -87.4443
v 14.0000 0.0000 -77.1955
v 0.0000 0.0000 -73.4443
v -14.0000 0.0000 -77.1955
v -24.2487 0.0000 -87.4443
v -28.0000 0.0000 -101.4443
v -24.2487 0.0000 -115.4443
v -14.0000 0.0000 -125.6930
v -0.0000 0.0000 -129.4443
v 14.0000 0.0000 -125.6930
v 24.2487 0.0000 -115.4443
v 24.2487 -14.0000 -101.4443
v 21.0000 -14.0000 -89.3199
v 12.1244 -14.0000 -80.4443
v 0.0000 -14.0000 -77.1955
v -12.1244 -14.0000 -80.4443
v -21.0000 -14.0000 -89.3199
v -24.2487 -14.0000 -101.4443
v -21.0000 -14.0000 -113.5686
v -12.1244 -14.0000 -122.4443
v -0.0000 -14.0000 -125.6930
v 12.1244 -14.0000 -122.4443
v 21.0000 -14.0000 -113.5686
v 14.0000 -24.2487 -101.4443
v 12.1244 -24.2487 -94.4443
v 7.0000 -24.2487 -89.3199
v 0.0000 -24.2487 -87.4443
v -7.0000 -24.2487 -89.3199
v -12.1244 -24.2487 -94.4443
v -14.0000 -24.2487 -101.4443
v -12.1244 -24.2487 -108.4443
v -7.0000 -24.2487 -113.5686
v -0.0000 -24.2487 -115.4443
v 7.0000 -24.2487 -113.5686
v 12.1244 -24.2487 -108.4443
v 0.0000 -28.0000 -101.4443
v 0.0000 -28.0000 -101.4443
v 0.0000 -28.0000 -101.4443
v 0.0000 -28.0000 -101.4443
v -0.0000 -28.0000 -101.4443
v -0.0000 -28.0000 -101.4443
v -0.0000 -28.0000 -101.4443
v -0.0000 -28.0000 -101.4443
v -0.0000 -28.0000 -101.4443
v -0.0000 -28.0000 -101.4443
v 0.0000 -28.0000 -101.4443
v 0.0000 -28.0000 -101.4443
v 0.0000 44.0000 -101.4443
v 0.0000 44.0000 -101.4443
v 0.0000 44.0000 -101.4443
v 0.0000 44.0000 -101.4443
v 0.0000 44.0000 -101.4443
v 0.0000 44.0000 -101.4443
v 0.0000 44.0000 -101.4443
v 0.0000 44.0000 -101.4443
v 0.0000 44.0000 -101.4443
v 0.0000 44.0000 -101.4443
v 0.0000 44.0000 -101.4443
v 0.0000 44.0000 -101.4443
v 0.0000 44.0000 -101.4443
v 0.0000 44.0000 -101.4443
v 0.0000 44.0000 -101.4443
v 0.0000 44.0000 -101.4443
v 16.8381 40.6507 -101.4443
v 15.5563 40.6507 -95.0006
v 11.9063 40.6507 -89.5379
v 6.4437 40.6507 -85.8879
v 0.0000 40.6507 -84.6062
v -6.4437 40.6507 -85.8879
v -11.9063 40.6507 -89.5379
v -15.5563 40.6507 -95.0006
v -16.8381 40.6507 -101.4443
v -15.5563 40.6507 -107.8879
v -11.9063 40.6507 -113.3506
v -6.4437 40.6507 -117.0006
v -0.0000 40.6507 -118.2823
v 6.4437 40.6507 -117.0006
v 11.9063 40.6507 -113.3506
v 15.5563 40.6507 -107.8879
v 31.1127 31.1127 -101.4443
v 28.7444 31.1127 -89.5379
v 22.0000 31.1127 -79.4443
v 11.9063 31.1127 -72.6999
v 0.0000 31.1127 -70.3316
v -11.9063 31.1127 -72.6999
v -22.0000 31.1127 -79.4443
v -28.7444 31.1127 -89.5379
v -31.1127 31.1127 -101.4443
v -28.7444 31.1127 -113.3506
v -22.0000 31.1127 -123.4443
v -11.9063 31.1127 -130.1886
v -0.0000 31.1127 -132.5570
v 11.9063 31.1127 -130.1886
v 22.0000 31.1127 -123.4443
v 28.7444 31.1127 -113.3506
v 40.6507 16.8381 -101.4443
v 37.5563 16.8381 -85.8879
v 28.7444 16.8381 -72.6999
v 15.5563 16.8381 -63.8879
v 0.0000 16.8381 -60.7936
v -15.5563 16.8381 -63.8879
v -28.7444 16.8381 -72.6999
v -37.5563 16.8381 -85.8879
v -40.6507 16.8381 -101.4443
v -37.5563 16.8381 -117.0006
v -28.7444 16.8381 -130.1886
v -15.5563 16.8381 -139.0006
v -0.0000 16.8381 -142.0950
v 15.5563 16.8381 -139.0006
v 28.7444 16.8381 -130.1886
v 37.5563 16.8381 -117.0006
v 44.0000 0.0000 -101.4443
v 40.6507 0.0000 -84.6062
v 31.1127 0.0000 -70.3316
v 16.8381 0.0000 -60.7936
v 0.0000 0.0000 -57.4443
v -16.8381 0.0000 -60.7936
v -31.1127 0.0000 -70.3316
v -40.6507 0.0000 -84.6062
v -44.0000 0.0000 -101.4443
v -40.6507 0.0000 -118.2823
v -31.1127 0.0000 -132.5570
v -16.8381 0.0000 -142.0950
v -0.0000 0.0000 -145.4443
v 16.8381 0.0000 -142.0950
v 31.1127 0.0000 -132.5570
v 40.6507 0.0000 -118.2823
v 40.6507 -16.8381 -101.4443
v 37.5563 -16.8381 -85.8879
v 28.7444 -16.8381 -72.6999
v 15.5563 -16.8381 -63.8879
v 0.0000 -16.8381 -60.7936
v -15.5563 -16.8381 -63.8879
v -28.7444 -16.8381 -72.6999
v -37.5563 -16.8381 -85.8879
v -40.6507 -16.8381 -101.4443
v -37.5563 -16.8381 -117.0006
v -28.7444 -16.8381 -130.1886
v -15.5563 -16.8381 -139.0006
v -0.0000 -16.8381 -142.0950
v 15.5563 -16.8381 -139.0006
v 28.7444 -16.8381 -130.1886
v 37.5563 -16.8381 -117.0006
v 31.1127 -31.1127 -101.4443
v 28.7444 -31.1127 -89.5379
v 22.0000 -31.1127 -79.4443
v 11.9063 -31.1127 -72.6999
v 0.0000 -31.1127 -70.3316
v -11.9063 -31.1127 -72.6999
v -22.0000 -31.1127 -79.4443
v -28.7444 -31.1127 -89.5379
v -31.1127 -31.1127 -101.4443
v -28.7444 -31.1127 -113.3506
v -22.0000 -31.1127 -123.4443
v -11.9063 -31.1127 -130.1886
v -0.0000 -31.1127 -132.5570
v 11.9063 -31.1127 -130.1886
v 22.0000 -31.1127 -123.4443
v 28.7444 -31.1127 -113.3506
v 16.8381 -40.6507 -101.4443
v 15.5563 -40.6507 -95.0006
v 11.9063 -40.6507 -89.5379
v 6.4437 -40.6507 -85.8879
v 0.0000 -40.6507 -84.6062
v -6.4437 -40.6507 -85.8879
v -11.9063 -40.6507 -89.5379
v -15.5563 -40.6507 -95.0006
v -16.8381 -40.6507 -101.4443
v -15.5563 -40.6507 -107.8879
v -11.9063 -40.6507 -113.3506
v -6.4437 -40.6507 -117.0006
v -0.0000 -40.6507 -118.2823
v 6.4437 -40.6507 -117.0006
v 11.9063 -40.6507 -113.3506
v 15.5563 -40.6507 -107.8879
v 0.0000 -44.0000 -101.4443
v 0.0000 -44.0000 -101.4443
v 0.0000 -44.0000 -101.4443
v 0.0000 -44.0000 -101.4443
v 0.0000 -44.0000 -101.4443
v -0.0000 -44.0000 -101.4443
v -0.0000 -44.0000 -101.4443
v -0.0000 -44.0000 -101.4443
v -0.0000 -44.0000 -101.4443
v -0.0000 -44.0000 -101.4443
v -0.0000 -44.0000 -101.4443
v -0.0000 -44.0000 -101.4443
v -0.0000 -44.0000 -101.4443
v 0.0000 -44.0000 -101.4443
v 0.0000 -44.0000 -101.4443
v 0.0000 -44.0000 -101.4443
v 0.0000 28.0000 -202.8885
v 0.0000 28.0000 -202.8885
v 0.0000 28.0000 -202.8885
v 0.0000 28.0000 -202.8885
v 0.0000 28.0000 -202.8885
v 0.0000 28.0000 -202.8885
v 0.0000 28.0000 -202.8885
v 0.0000 28.0000 -202.8885
v 0.0000 28.0000 -202.8885
v 0.0000 28.0000 -202.8885
v 0.0000 28.0000 -202.8885
v 0.0000 28.0000 -202.8885
v 14.0000 24.2487 -202.8885
v 12.1244 24.2487 -195.8885
v 7.0000 24.2487 -190.7642
v 0.0000 24.2487 -188.8885
v -7.0000 24.2487 -190.7642
v -12.1244 24.2487 -195.8885
v -14.0000 24.2487 -202.8885
v -12.1244 24.2487 -209.8885
v -7.0000 24.2487 -215.0129
v -0.0000 24.2487 -216.8885
v 7.0000 24.2487 -215.0129
v 12.1244 24.2487 -209.8885
v 24.2487 14.0000 -202.8885
v 21.0000 14.0000 -190.7642
v 12.1244 14.0000 -181.8885
v 0.0000 14.0000 -178.6398
v -12.1244 14.0000 -181.8885
v -21.0000 14.0000 -190.7642
v -24.2487 14.0000 -202.8885
v -21.0000 14.0000 -215.0129
v -12.1244 14.0000 -223.8885
v -0.0000 14.0000 -227.1372
v 12.1244 14.0000 -223.8885
v 21.0000 14.0000 -215.0129
v 28.0000 0.0000 -202.8885
v 24.2487 0.0000 -188.8885
v 14.0000 0.0000 -178.6398
v 0.0000 0.0000 -174.8885
v -14.0000 0.0000 -178.6398
v -24.2487 0.0000 -188.8885
v -28.0000 0.0000 -202.8885
v -24.2487 0.0000 -216.8885
v -14.0000 0.0000 -227.1372
v -0.0000 0.0000 -230.8885
v 14.0000 0.0000 -227.1372
v 24.2487 0.0000 -216.8885
v 24.2487 -14.0000 -202.8885
v 21.0000 -14.0000 -190.7642
v 12.1244 -14.0000 -181.8885
v 0.0000 -14.0000 -178.6398
v -12.1244 -14.0000 -181.8885
v -21.0000 -14.0000 -190.7642
v -24.2487 -14.0000 -202.8885
v -21.0000 -14.0000 -215.0129
v -12.1244 -14.0000 -223.8885
v -0.0000 -14.0000 -227.1372
v 12.1244 -14.0000 -223.8885
v 21.0000 -14.0000 -215.0129
v 14.0000 -24.2487 -202.8885
v 12.1244 -24.2487 -195.8885
v 7.0000 -24.2487 -190.7642
v 0.0000 -24.2487 -188.8885
v -7.0000 -24.2487 -190.7642
v -12.1244 -24.2487 -195.8885
v -14.0000 -24.2487 -202.8885
v -12.1244 -24.2487 -209.8885
v -7.0000 -24.2487 -215.0129
v -0.0000 -24.2487 -216.8885
v 7.0000 -24.2487 -215.0129
v 12.1244 -24.2487 -209.8885
v 0.0000 -28.0000 -202.8885
v 0.0000 -28.0000 -202.8885
v 0.0000 -28.0000 -202.8885
v 0.0000 -28.0000 -202.8885
v -0.0000 -28.0000 -202.8885
v -0.0000 -28.0000 -202.8885
v -0.0000 -28.0000 -202.8885
v -0.0000 -28.0000 -202.8885
v -0.0000 -28.0000 -202.8885
v -0.0000 -28.0000 -202.8885
v 0.0000 -28.0000 -202.8885
v 0.0000 -28.0000 -202.8885
v 0.0000 44.0000 -202.8885
v 0.0000 44.0000 -202.8885
v 0.0000 44.0000 -202.8885
v 0.0000 44.0000 -202.8885
v 0.0000 44.0000 -202.8885
v 0.0000 44.0000 -202.8885
v 0.0000 44.0000 -202.8885
v 0.0000 44.0000 -202.8885
v 0.0000 44.0000 -202.8885
v 0.0000 44.0000 -202.8885
v 0.0000 44.0000 -202.8885
v 0.0000 44.0000 -202.8885
v 0.0000 44.0000 -202.8885
v 0.0000 44.0000 -202.8885
v 0.0000 44.0000 -202.8885
v 0.0000 44.0000 -202.8885
v 16.8381 40.6507 -202.8885
v 15.5563 40.6507 -196.4449
v 11.9063 40.6507 -190.9822
v 6.4437 40.6507 -187.3322
v 0.0000 40.6507 -186.0504
v -6.4437 40.6507 -187.3322
v -11.9063 40.6507 -190.9822
v -15.5563 40.6507 -196.4449
v -16.8381 40.6507 -202.8885
v -15.5563 40.6507 -209.3322
v -11.9063 40.6507 -214.7948
v -6.4437 40.6507 -218.4449
v -0.0000 40.6507 -219.7266
v 6.4437 40.6507 -218.4449
v 11.9063 40.6507 -214.7948
v 15.5563 40.6507 -209.3322
v 31.1127 31.1127 -202.8885
v 28.7444 31.1127 -190.9822
v 22.0000 31.1127 -180.8885
v 11.9063 31.1127 -174.1441
v 0.0000 31.1127 -171.7758
v -11.9063 31.1127 -174.1441
v -22.0000 31.1127 -180.8885
v -28.7444 31.1127 -190.9822
v -31.1127 31.1127 -202.8885
v -28.7444 31.1127 -214.7948
v -22.0000 31.1127 -224.8885
v -11.9063 31.1127 -231.6329
v -0.0000 31.1127 -234.0012
v 11.9063 31.1127 -231.6329
v 22.0000 31.1127 -224.8885
v 28.7444 31.1127 -214.7948
v 40.6507 16.8381 -202.8885
v 37.5563 16.8381 -187.3322
v 28.7444 16.8381 -174.1441
v 15.5563 16.8381 -165.3322
v 0.0000 16.8381 -162.2378
v -15.5563 16.8381 -165.3322
v -28.7444 16.8381 -174.1441
v -37.5563 16.8381 -187.3322
v -40.6507 16.8381 -202.8885
v -37.5563 16.8381 -218.4449
v -28.7444 16.8381 -231.6329
v -15.5563 16.8381 -240.4449
v -0.0000 16.8381 -243.5392
v 15.5563 16.8381 -240.4449
v 28.7444 16.8381 -231.6329
v 37.5563 16.8381 -218.4449
v 44.0000 0.0000 -202.8885
v 40.6507 0.0000 -186.0504
v 31.1127 0.0000 -171.7758
v 16.8381 0.0000 -162.2378
v 0.0000 0.0000 -158.8885
v -16.8381 0.0000 -162.2378
v -31.1127 0.0000 -171.7758
v -40.6507 0.0000 -186.0504
v -44.0000 0.0000 -202.8885
v -40.6507 0.0000 -219.7266
v -31.1127 0.0000 -234.0012
v -16.8381 0.0000 -243.5392
v -0.0000 0.0000 -246.8885
v 16.8381 0.0000 -243.5392
v 31.1127 0.0000 -234.0012
v 40.6507 0.0000 -219.7266
v 40.6507 -16.8381 -202.8885
v 37.5563 -16.8381 -187.3322
v 28.7444 -16.8381 -174.1441
v 15.5563 -16.8381 -165.3322
v 0.0000 -16.8381 -162.2378
v -15.5563 -16.8381 -165.3322
v -28.7444 -16.8381 -174.1441
v -37.5563 -16.8381 -187.3322
v -40.6507 -16.8381 -202.8885
v -37.5563 -16.8381 -218.4449
v -28.7444 -16.8381 -231.6329
v -15.5563 -16.8381 -240.4449
v -0.0000 -16.8381 -243.5392
v 15.5563 -16.8381 -240.4449
v 28.7444 -16.8381 -231.6329
v 37.5563 -16.8381 -218.4449
v 31.1127 -31.1127 -202.8885
v 28.7444 -31.1127 -190.9822
v 22.0000 -31.1127 -180.8885
v 11.9063 -31.1127 -174.1441
v 0.0000 -31.1127 -171.7758
v -11.9063 -31.1127 -174.1441
v -22.0000 -31.1127 -180.8885
v -28.7444 -31.1127 -190.9822
v -31.1127 -31.1127 -202.8885
v -28.7444 -31.1127 -214.7948
v -22.0000 -31.1127 -224.8885
v -11.9063 -31.1127 -231.6329
v -0.0000 -31.1127 -234.0012
v 11.9063 -31.1127 -231.6329
v 22.0000 -31.1127 -224.8885
v 28.7444 -31.1127 -214.7948
v 16.8381 -40.6507 -202.8885
v 15.5563 -40.6507 -196.4449
v 11.9063 -40.6507 -190.9822
v 6.4437 -40.6507 -187.3322
v 0.0000 -40.6507 -186.0504
v -6.4437 -40.6507 -187.3322
v -11.9063 -40.6507 -190.9822
v -15.5563 -40.6507 -196.4449
v -16.8381 -40.6507 -202.8885
v -15.5563 -40.6507 -209.3322
v -11.9063 -40.6507 -214.7948
v -6.4437 -40.6507 -218.4449
v -0.0000 -40.6507 -219.7266
v 6.4437 -40.6507 -218.4449
v 11.9063 -40.6507 -214.7948
v 15.5563 -40.6507 -209.3322
v 0.0000 -44.0000 -202.8885
v 0.0000 -44.0000 -202.8885
v 0.0000 -44.0000 -202.8885
v 0.0000 -44.0000 -202.8885
v 0.0000 -44.0000 -202.8885
v -0.0000 -44.0000 -202.8885
v -0.0000 -44.0000 -202.8885
v -0.0000 -44.0000 -202.8885
v -0.0000 -44.0000 -202.8885
v -0.0000 -44.0000 -202.8885
v -0.0000 -44.0000 -202.8885
v -0.0000 -44.0000 -202.8885
v -0.0000 -44.0000 -202.8885
v 0.0000 -44.0000 -202.8885
v 0.0000 -44.0000 -202.8885
v 0.0000 -44.0000 -202.8885
v 0.0000 28.0000 -304.3328
v 0.0000 28.0000 -304.3328
v 0.0000 28.0000 -304.3328
v 0.0000 28.0000 -304.3328
v 0.0000 28.0000 -304.3328
v 0.0000 28.0000 -304.3328
v 0.0000 28.0000 -304.3328
v 0.0000 28.0000 -304.3328
v 0.0000 28.0000 -304.3328
v 0.0000 28.0000 -304.3328
v 0.0000 28.0000 -304.3328
v 0.0000 28.0000 -304.3328
v 14.0000 24.2487 -304.3328
v 12.1244 24.2487 -297.3328
v 7.0000 24.2487 -292.2084
v 0.0000 24.2487 -290.3328
v -7.0000 24.2487 -292.2084
v -12.1244 24.2487 -297.3328
v -14.0000 24.2487 -304.3328
v -12.1244 24.2487 -311.3328
v -7.0000 24.2487 -316.4571
v -0.0000 24.2487 -318.3328
v 7.0000 24.2487 -316.4571
v 12.1244 24.2487 -311.3328
v 24.2487 14.0000 -304.3328
v 21.0000 14.0000 -292.2084
v 12.1244 14.0000 -283.3328
v 0.0000 14.0000 -280.0841
v -12.1244 14.0000 -283.3328
v -21.0000 14.0000 -292.2084
v -24.2487 14.0000 -304.3328
v -21.0000 14.0000 -316.4571
v -12.1244 14.0000 -325.3328
v -0.0000 14.0000 -328.5815
v 12.1244 14.0000 -325.3328
v 21.0000 14.0000 -316.4571
v 28.0000 0.0000 -304.3328
v 24.2487 0.0000 -290.3328
v 14.0000 0.0000 -280.0841
v 0.0000 0.0000 -276.3328
v -14.0000 0.0000 -280.0841
v -24.2487 0.0000 -290.3328
v -28.0000 0.0000 -304.3328
v -24.2487 0.0000 -318.3328
v -14.0000 0.0000 -328.5815
v -0.0000 0.0000 -332.3328
v 14.0000 0.0000 -328.5815
v 24.2487 0.0000 -318.3328
v 24.2487 -14.0000 -304.3328
v 21.0000 -14.0000 -292.2084
v 12.1244 -14.0000 -283.3328
v 0.0000 -14.0000 -280.0841
v -12.1244 -14.0000 -283.3328
v -21.0000 -14.0000 -292.2084
v -24.2487 -14.0000 -304.3328
v -21.0000 -14.0000 -316.4571
v -12.1244 -14.0000 -325.3328
v -0.0000 -14.0000 -328.5815
v 12.1244 -14.0000 -325.3328
v 21.0000 -14.0000 -316.4571
v 14.0000 -24.2487 -304.3328
v 12.1244 -24.2487 -297.3328
v 7.0000 -24.2487 -292.2084
v 0.0000 -24.2487 -290.3328
v -7.0000 -24.2487 -292.2084
v -12.1244 -24.2487 -297.3328
v -14.0000 -24.2487 -304.3328
v -12.1244 -24.2487 -311.3328
v -7.0000 -24.2487 -316.4571
v -0.0000 -24.2487 -318.3328
v 7.0000 -24.2487 -316.4571
v 12.1244 -24.2487 -311.3328
v 0.0000 -28.0000 -304.3328
v 0.0000 -28.0000 -304.3328
v 0.0000 -28.0000 -304.3328
v 0.0000 -28.0000 -304.3328
v -0.0000 -28.0000 -304.3328
v -0.0000 -28.0000 -304.3328
v -0.0000 -28.0000 -304.3328
v -0.0000 -28.0000 -304.3328
v -0.0000 -28.0000 -304.3328
v -0.0000 -28.0000 -304.3328
v 0.0000 -28.0000 -304.3328
v 0.0000 -28.0000 -304.3328
v 0.0000 44.0000 -304.3328
v 0.0000 44.0000 -304.3328
v 0.0000 44.0000 -304.3328
v 0.0000 44.0000 -304.3328
v 0.0000 44.0000 -304.3328
v 0.0000 44.0000 -304.3328
v 0.0000 44.0000 -304.3328
v 0.0000 44.0000 -304.3328
v 0.0000 44.0000 -304.3328
v 0.0000 44.0000 -304.3328
v 0.0000 44.0000 -304.3328
v 0.0000 44.0000 -304.3328
v 0.0000 44.0000 -304.3328
v 0.0000 44.0000 -304.3328
v 0.0000 44.0000 -304.3328
v 0.0000 44.0000 -304.3328
v 16.8381 40.6507 -304.3328
v 15.5563 40.6507 -297.8891
v 11.9063 40.6507 -292.4265
v 6.4437 40.6507 -288.7764
v 0.0000 40.6507 -287.4947
v -6.4437 40.6507 -288.7764
v -11.9063 40.6507 -292.4265
v -15.5563 40.6507 -297.8891
v -16.8381 40.6507 -304.3328
v -15.5563 40.6507 -310.7764
v -11.9063 40.6507 -316.2391
v -6.4437 40.6507 -319.8891
v -0.0000 40.6507 -321.1708
v 6.4437 40.6507 -319.8891
v 11.9063 40.6507 -316.2391
v 15.5563 40.6507 -310.7764
v 31.1127 31.1127 -304.3328
v 28.7444 31.1127 -292.4265
v 22.0000 31.1127 -282.3328
v 11.9063 31.1127 -275.5884
v 0.0000 31.1127 -273.2201
v -11.9063 31.1127 -275.5884
v -22.0000 31.1127 -282.3328
v -28.7444 31.1127 -292.4265
v -31.1127 31.1127 -304.3328
v -28.7444 31.1127 -316.2391
v -22.0000 31.1127 -326.3328
v -11.9063 31.1127 -333.0772
v -0.0000 31.1127 -335.4455
v 11.9063 31.1127 -333.0772
v 22.0000 31.1127 -326.3328
v 28.7444 31.1127 -316.2391
v 40.6507 16.8381 -304.3328
v 37.5563 16.8381 -288.7764
v 28.7444 16.8381 -275.5884
v 15.5563 16.8381 -266.7764
v 0.0000 16.8381 -263.6821
v -15.5563 16.8381 -266.7764
v -28.7444 16.8381 -275.5884
v -37.5563 16.8381 -288.7764
v -40.6507 16.8381 -304.3328
v -37.5563 16.8381 -319.8891
v -28.7444 16.8381 -333.0772
v -15.5563 16.8381 -341.8891
v -0.0000 16.8381 -344.9835
v 15.5563 16.8381 -341.8891
v 28.7444 16.8381 -333.0772
v 37.5563 16.8381 -319.8891
v 44.0000 0.0000 -304.3328
v 40.6507 0.0000 -287.4947
v 31.1127 0.0000 -273.2201
v 16.8381 0.0000 -263.6821
v 0.0000 0.0000 -260.3328
v -16.8381 0.0000 -263.6821
v -31.1127 0.0000 -273.2201
v -40.6507 0.0000 -287.4947
v -44.0000 0.0000 -304.3328
v -40.6507 0.0000 -321.1708
v -31.1127 0.0000 -335.4455
v -16.8381 0.0000 -344.9835
v -0.0000 0.0000 -348.3328
v 16.8381 0.0000 -344.9835
v 31.1127 0.0000 -335.4455
v 40.6507 0.0000 -321.1708
v 40.6507 -16.8381 -304.3328
v 37.5563 -16.8381 -288.7764
v 28.7444 -16.8381 -275.5884
v 15.5563 -16.8381 -266.7764
v 0.0000 -16.8381 -263.6821
v -15.5563 -16.8381 -266.7764
v -28.7444 -16.8381 -275.5884
v -37.5563 -16.8381 -288.7764
v -40.6507 -16.8381 -304.3328
v -37.5563 -16.8381 -319.8891
v -28.7444 -16.8381 -333.0772
v -15.5563 -16.8381 -341.8891
v -0.0000 -16.8381 -344.9835
v 15.5563 -16.8381 -341.8891
v 28.7444 -16.8381 -333.0772
v 37.5563 -16.8381 -319.8891
v 31.1127 -31.1127 -304.3328
v 28.7444 -31.1127 -292.4265
v 22.0000 -31.1127 -282.3328
v 11.9063 -31.1127 -275.5884
v 0.0000 -31.1127 -273.2201
v -11.9063 -31.1127 -275.5884
v -22.0000 -31.1127 -282.3328
v -28.7444 -31.1127 -292.4265
v -31.1127 -31.1127 -304.3328
v -28.7444 -31.1127 -316.2391
v -22.0000 -31.1127 -326.3328
v -11.9063 -31.1127 -333.0772
v -0.0000 -31.1127 -335.4455
v 11.9063 -31.1127 -333.0772
v 22.0000 -31.1127 -326.3328
v 28.7444 -31.1127 -316.2391
v 16.8381 -40.6507 -304.3328
v 15.5563 -40.6507 -297.8891
v 11.9063 -40.6507 -292.4265
v 6.4437 -40.6507 -288.7764
v 0.0000 -40.6507 -287.4947
v -6.4437 -40.6507 -288.7764
v -11.9063 -40.6507 -292.4265
v -15.5563 -40.6507 -297.8891
v -16.8381 -40.6507 -304.3328
v -15.5563 -40.6507 -310.7764
v -11.9063 -40.6507 -316.2391
v -6.4437 -40.6507 -319.8891
v -0.0000 -40.6507 -321.1708
v 6.4437 -40.6507 -319.8891
v 11.9063 -40.6507 -316.2391
v 15.5563 -40.6507 -310.7764
v 0.0000 -44.0000 -304.3328
v 0.0000 -44.0000 -304.3328
v 0.0000 -44.0000 -304.3328
v 0.0000 -44.0000 -304.3328
v 0.0000 -44.0000 -304.3328
v -0.0000 -44.0000 -304.3328
v -0.0000 -44.0000 -304.3328
v -0.0000 -44.0000 -304.3328
v -0.0000 -44.0000 -304.3328
v -0.0000 -44.0000 -304.3328
v -0.0000 -44.0000 -304.3328
v -0.0000 -44.0000 -304.3328
v -0.0000 -44.0000 -304.3328
v 0.0000 -44.0000 -304.3328
v 0.0000 -44.0000 -304.3328
v 0.0000 -44.0000 -304.3328
v 0.0000 28.0000 -101.4443
v 0.0000 28.0000 -101.4443
v 0.0000 28.0000 -101.4443
v 0.0000 28.0000 -101.4443
v 0.0000 28.0000 -101.4443
v 0.0000 28.0000 -101.4443
v 0.0000 28.0000 -101.4443
v 0.0000 28.0000 -101.4443
v 0.0000 28.0000 -101.4443
v 0.0000 28.0000 -101.4443
v 0.0000 28.0000 -101.4443
v 0.0000 28.0000 -101.4443
v 14.0000 24.2487 -101.4443
v 12.1244 24.2487 -94.4443
v 7.0000 24.2487 -89.3199
v 0.0000 24.2487 -87.4443
v -7.0000 24.2487 -89.3199
v -12.1244 24.2487 -94.4443
v -14.0000 24.2487 -101.4443
v -12.1244 24.2487 -108.4443
v -7.0000 24.2487 -113.5686
v -0.0000 24.2487 -115.4443
v 7.0000 24.2487 -113.5686
v 12.1244 24.2487 -108.4443
v 24.2487 14.0000 -101.4443
v 21.0000 14.0000 -89.3199
v 12.1244 14.0000 -80.4443
v 0.0000 14.0000 -77.1955
v -12.1244 14.0000 -80.4443
v -21.0000 14.0000 -89.3199
v -24.2487 14.0000 -101.4443
v -21.0000 14.0000 -113.5686
v -12.1244 14.0000 -122.4443
v -0.0000 14.0000 -125.6930
v 12.1244 14.0000 -122.4443
v 21.0000 14.0000 -113.5686
v 28.0000 0.0000 -101.4443
v 24.2487 0.0000 -87.4443
v 14.0000 0.0000 -77.1955
v 0.0000 0.0000 -73.4443
v -14.0000 0.0000 -77.1955
v -24.2487 0.0000 -87.4443
v -28.0000 0.0000 -101.4443
v -24.2487 0.0000 -115.4443
v -14.0000 0.0000 -125.6930
v -0.0000 0.0000 -129.4443
v 14.0000 0.0000 -125.6930
v 24.2487 0.0000 -115.4443
v 24.2487 -14.0000 -101.4443
v 21.0000 -14.0000 -89.3199
v 12.1244 -14.0000 -80.4443
v 0.0000 -14.0000 -77.1955
v -12.1244 -14.0000 -80.4443
v -21.0000 -14.0000 -89.3199
v -24.2487 -14.0000 -101.4443
v -21.0000 -14.0000 -113.5686
v -12.1244 -14.0000 -122.4443
v -0.0000 -14.0000 -125.6930
v 12.1244 -14.0000 -122.4443
v 21.0000 -14.0000 -113.5686
v 14.0000 -24.2487 -101.4443
v 12.1244 -24.2487 -94.4443
v 7.0000 -24.2487 -89.3199
v 0.0000 -24.2487 -87.4443
v -7.0000 -24.2487 -89.3199
v -12.1244 -24.2487 -94.4443
v -14.0000 -24.2487 -101.4443
v -12.1244 -24.2487 -108.4443
v -7.0000 -24.2487 -113.5686
v -0.0000 -24.2487 -115.4443
v 7.0000 -24.2487 -113.5686
v 12.1244 -24.2487 -108.4443
v 0.0000 -28.0000 -101.4443
v 0.0000 -28.0000 -101.4443
v 0.0000 -28.0000 -101.4443
v 0.0000 -28.0000 -101.4443
v -0.0000 -28.0000 -101.4443
v -0.0000 -28.0000 -101.4443
v -0.0000 -28.0000 -101.4443
v -0.0000 -28.0000 -101.4443
v -0.0000 -28.0000 -101.4443
v -0.0000 -28.0000 -101.4443
v 0.0000 -28.0000 -101.4443
v 0.0000 -28.0000 -101.4443
v 0.0000 44.0000 -101.4443
v 0.0000 44.0000 -101.4443
v 0.0000 44.0000 -101.4443
v 0.0000 44.0000 -101.4443
v 0.0000 44.0000 -101.4443
v 0.0000 44.0000 -101.4443
v 0.0000 44.0000 -101.4443
v 0.0000 44.0000 -101.4443
v 0.0000 44.0000 -101.4443
v 0.0000 44.0000 -101.4443
v 0.0000 44.0000 -101.4443
v 0.0000 44.0000 -101.4443
v 0.0000 44.0000 -101.4443
v 0.0000 44.0000 -101.4443
v 0.0000 44.0000 -101.4443
v 0.0000 44.0000 -101.4443
v 16.8381 40.6507 -101.4443
v 15.5563 40.6507 -95.0006
v 11.9063 40.6507 -89.5379
v 6.4437 40.6507 -85.8879
v 0.0000 40.6507 -84.6062
v -6.4437 40.6507 -85.8879
v -11.9063 40.6507 -89.5379
v -15.5563 40.6507 -95.0006
v -16.8381 40.6507 -101.4443
v -15.5563 40.6507 -107.8879
v -11.9063 40.6507 -113.3506
v -6.4437 40.6507 -117.0006
v -0.0000 40.6507 -118.2823
v 6.4437 40.6507 -117.0006
v 11.9063 40.6507 -113.3506
v 15.5563 40.6507 -107.8879
v 31.1127 31.1127 -101.4443
v 28.7444 31.1127 -89.5379
v 22.0000 31.1127 -79.4443
v 11.9063 31.1127 -72.6999
v 0.0000 31.1127 -70.3316
v -11.9063 31.1127 -72.6999
v -22.0000 31.1127 -79.4443
v -28.7444 31.1127 -89.5379
v -31.1127 31.1127 -101.4443
v -28.7444 31.1127 -113.3506
v -22.0000 31.1127 -123.4443
v -11.9063 31.1127 -130.1886
v -0.0000 31.1127 -132.5570
v 11.9063 31.1127 -130.1886
v 22.0000 31.1127 -123.4443
v 28.7444 31.1127 -113.3506
v 40.6507 16.8381 -101.4443
v 37.5563 16.8381 -85.8879
v 28.7444 16.8381 -72.6999
v 15.5563 16.8381 -63.8879
v 0.0000 16.8381 -60.7936
v -15.5563 16.8381 -63.8879
v -28.7444 16.8381 -72.6999
v -37.5563 16.8381 -85.8879
v -40.6507 16.8381 -101.4443
v -37.5563 16.8381 -117.0006
v -28.7444 16.8381 -130.1886
v -15.5563 16.8381 -139.0006
v -0.0000 16.8381 -142.0950
v 15.5563 16.8381 -139.0006
v 28.7444 16.8381 -130.1886
v 37.5563 16.8381 -117.0006
v 44.0000 0.0000 -101.4443
v 40.6507 0.0000 -84.6062
v 31.1127 0.0000 -70.3316
v 16.8381 0.0000 -60.7936
v 0.0000 0.0000 -57.4443
v -16.8381 0.0000 -60.7936
v -31.1127 0.0000 -70.3316
v -40.6507 0.0000 -84.6062
v -44.0000 0.0000 -101.4443
v -40.6507 0.0000 -118.2823
v -31.1127 0.0000 -132.5570
v -16.8381 0.0000 -142.0950
v -0.0000 0.0000 -145.4443
v 16.8381 0.0000 -142.0950
v 31.1127 0.0000 -132.5570
v 40.6507 0.0000 -118.2823
v 40.6507 -16.8381 -101.4443
v 37.5563 -16.8381 -85.8879
v 28.7444 -16.8381 -72.6999
v 15.5563 -16.8381 -63.8879
v 0.0000 -16.8381 -60.7936
v -15.5563 -16.8381 -63.8879
v -28.7444 -16.8381 -72.6999
v -37.5563 -16.8381 -85.8879
v -40.6507 -16.8381 -101.4443
v -37.5563 -16.8381 -117.0006
v -28.7444 -16.8381 -130.1886
v -15.5563 -16.8381 -139.0006
v -0.0000 -16.8381 -142.0950
v 15.5563 -16.8381 -139.0006
v 28.7444 -16.8381 -130.1886
v 37.5563 -16.8381 -117.0006
v 31.1127 -31.1127 -101.4443
v 28.7444 -31.1127 -89.5379
v 22.0000 -31.1127 -79.4443
v 11.9063 -31.1127 -72.6999
v 0.0000 -31.1127 -70.3316
v -11.9063 -31.1127 -72.6999
v -22.0000 -31.1127 -79.4443
v -28.7444 -31.1127 -89.5379
v -31.1127 -31.1127 -101.4443
v -28.7444 -31.1127 -113.3506
v -22.0000 -31.1127 -123.4443
v -11.9063 -31.1127 -130.1886
v -0.0000 -31.1127 -132.5570
v 11.9063 -31.1127 -130.1886
v 22.0000 -31.1127 -123.4443
v 28.7444 -31.1127 -113.3506
v 16.8381 -40.6507 -101.4443
v 15.5563 -40.6507 -95.0006
v 11.9063 -40.6507 -89.5379
v 6.4437 -40.6507 -85.8879
v 0.0000 -40.6507 -84.6062
v -6.4437 -40.6507 -85.8879
v -11.9063 -40.6507 -89.5379
v -15.5563 -40.6507 -95.0006
v -16.8381 -40.6507 -101.4443
v -15.5563 -40.6507 -107.8879
v -11.9063 -40.6507 -113.3506
v -6.4437 -40.6507 -117.0006
v -0.0000 -40.6507 -118.2823
v 6.4437 -40.6507 -117.0006
v 11.9063 -40.6507 -113.3506
v 15.5563 -40.6507 -107.8879
v 0.0000 -44.0000 -101.4443
v 0.0000 -44.0000 -101.4443
v 0.0000 -44.0000 -101.4443
v 0.0000 -44.0000 -101.4443
v 0.0000 -44.0000 -101.4443
v -0.0000 -44.0000 -101.4443
v -0.0000 -44.0000 -101.4443
v -0.0000 -44.0000 -101.4443
v -0.0000 -44.0000 -101.4443
v -0.0000 -44.0000 -101.4443
v -0.0000 -44.0000 -101.4443
v -0.0000 -44.0000 -101.4443
v -0.0000 -44.0000 -101.4443
v 0.0000 -44.0000 -101.4443
v 0.0000 -44.0000 -101.4443
v 0.0000 -44.0000 -101.4443
v 0.0000 28.0000 -202.8885
v 0.0000 28.0000 -202.8885
v 0.0000 28.0000 -202.8885
v 0.0000 28.0000 -202.8885
v 0.0000 28.0000 -202.8885
v 0.0000 28.0000 -202.8885
v 0.0000 28.0000 -202.8885
v 0.0000 28.0000 -202.8885
v 0.0000 28.0000 -202.8885
v 0.0000 28.0000 -202.8885
v 0.0000 28.0000 -202.8885
v 0.0000 28.0000 -202.8885
v 14.0000 24.2487 -202.8885
v 12.1244 24.2487 -195.8885
v 7.0000 24.2487 -190.7642
v 0.0000 24.2487 -188.8885
v -7.0000 24.2487 -190.7642
v -12.1244 24.2487 -195.8885
v -14.0000 24.2487 -202.8885
v -12.1244 24.2487 -209.8885
v -7.0000 24.2487 -215.0129
v -0.0000 24.2487 -216.8885
v 7.0000 24.2487 -215.0129
v 12.1244 24.2487 -209.8885
v 24.2487 14.0000 -202.8885
v 21.0000 14.0000 -190.7642
v 12.1244 14.0000 -181.8885
v 0.0000 14.0000 -178.6398
v -12.1244 14.0000 -181.8885
v -21.0000 14.0000 -190.7642
v -24.2487 14.0000 -202.8885
v -21.0000 14.0000 -215.0129
v -12.1244 14.0000 -223.8885
v -0.0000 14.0000 -227.1372
v 12.1244 14.0000 -223.8885
v 21.0000 14.0000 -215.0129
v 28.0000 0.0000 -202.8885
v 24.2487 0.0000 -188.8885
v 14.0000 0.0000 -178.6398
v 0.0000 0.0000 -174.8885
v -14.0000 0.0000 -178.6398
v -24.2487 0.0000 -188.8885
v -28.0000 0.0000 -202.8885
v -24.2487 0.0000 -216.8885
v -14.0000 0.0000 -227.1372
v -0.0000 0.0000 -230.8885
v 14.0000 0.0000 -227.1372
v 24.2487 0.0000 -216.8885
v 24.2487 -14.0000 -202.8885
v 21.0000 -14.0000 -190.7642
v 12.1244 -14.0000 -181.8885
v 0.0000 -14.0000 -178.6398
v -12.1244 -14.0000 -181.8885
v -21.0000 -14.0000 -190.7642
v -24.2487 -14.0000 -202.8885
v -21.0000 -14.0000 -215.0129
v -12.1244 -14.0000 -223.8885
v -0.0000 -14.0000 -227.1372
v 12.1244 -14.0000 -223.8885
v 21.0000 -14.0000 -215.0129
v 14.0000 -24.2487 -202.8885
v 12.1244 -24.2487 -195.8885
v 7.0000 -24.2487 -190.7642
v 0.0000 -24.2487 -188.8885
v -7.0000 -24.2487 -190.7642
v -12.1244 -24.2487 -195.8885
v -14.0000 -24.2487 -202.8885
v -12.1244 -24.2487 -209.8885
v -7.0000 -24.2487 -215.0129
v -0.0000 -24.2487 -216.8885
v 7.0000 -24.2487 -215.0129
v 12.1244 -24.2487 -209.8885
v 0.0000 -28.0000 -202.8885
v 0.0000 -28.0000 -202.8885
v 0.0000 -28.0000 -202.8885
v 0.0000 -28.0000 -202.8885
v -0.0000 -28.0000 -202.8885
v -0.0000 -28.0000 -202.8885
v -0.0000 -28.0000 -202.8885
v -0.0000 -28.0000 -202.8885
v -0.0000 -28.0000 -202.8885
v -0.0000 -28.0000 -202.8885
v 0.0000 -28.0000 -202.8885
v 0.0000 -28.0000 -202.8885
v 0.0000 44.0000 -202.8885
v 0.0000 44.0000 -202.8885
v 0.0000 44.0000 -202.8885
v 0.0000 44.0000 -202.8885
v 0.0000 44.0000 -202.8885
v 0.0000 44.0000 -202.8885
v 0.0000 44.0000 -202.8885
v 0.0000 44.0000 -202.8885
v 0.0000 44.0000 -202.8885
v 0.0000 44.0000 -202.8885
v 0.0000 44.0000 -202.8885
v 0.0000 44.0000 -202.8885
v 0.0000 44.0000 -202.8885
v 0.0000 44.0000 -202.8885
v 0.0000 44.0000 -202.8885
v 0.0000 44.0000 -202.8885
v 16.8381 40.6507 -202.8885
v 15.5563 40.6507 -196.4449
v 11.9063 40.6507 -190.9822
v 6.4437 40.6507 -187.3322
v 0.0000 40.6507 -186.0504
v -6.4437 40.6507 -187.3322
v -11.9063 40.6507 -190.9822
v -15.5563 40.6507 -196.4449
v -16.8381 40.6507 -202.8885
v -15.5563 40.6507 -209.3322
v -11.9063 40.6507 -214.7948
v -6.4437 40.6507 -218.4449
v -0.0000 40.6507 -219.7266
v 6.4437 40.6507 -218.4449
v 11.9063 40.6507 -214.7948
v 15.5563 40.6507 -209.3322
v 31.1127 31.1127 -202.8885
v 28.7444 31.1127 -190.9822
v 22.0000 31.1127 -180.8885
v 11.9063 31.1127 -174.1441
v 0.0000 31.1127 -171.7758
v -11.9063 31.1127 -174.1441
v -22.0000 31.1127 -180.8885
v -28.7444 31.1127 -190.9822
v -31.1127 31.1127 -202.8885
v -28.7444 31.1127 -214.7948
v -22.0000 31.1127 -224.8885
v -11.9063 31.1127 -231.6329
v -0.0000 31.1127 -234.0012
v 11.9063 31.1127 -231.6329
v 22.0000 31.1127 -224.8885
v 28.7444 31.1127 -214.7948
v 40.6507 16.8381 -202.8885
v 37.5563 16.8381 -187.3322
v 28.7444 16.8381 -174.1441
v 15.5563 16.8381 -165.3322
v 0.0000 16.8381 -162.2378
v -15.5563 16.8381 -165.3322
v -28.7444 16.8381 -174.1441
v -37.5563 16.8381 -187.3322
v -40.6507 16.8381 -202.8885
v -37.5563 16.8381 -218.4449
v -28.7444 16.8381 -231.6329
v -15.5563 16.8381 -240.4449
v -0.0000 16.8381 -243.5392
v 15.5563 16.8381 -240.4449
v 28.7444 16.8381 -231.6329
v 37.5563 16.8381 -218.4449
v 44.0000 0.0000 -202.8885
v 40.6507 0.0000 -186.0504
v 31.1127 0.0000 -171.7758
v 16.8381 0.0000 -162.2378
v 0.0000 0.0000 -158.8885
v -16.8381 0.0000 -162.2378
v -31.1127 0.0000 -171.7758
v -40.6507 0.0000 -186.0504
v -44.0000 0.0000 -202.8885
v -40.6507 0.0000 -219.7266
v -31.1127 0.0000 -234.0012
v -16.8381 0.0000 -243.5392
v -0.0000 0.0000 -246.8885
v 16.8381 0.0000 -243.5392
v 31.1127 0.0000 -234.0012
v 40.6507 0.0000 -219.7266
v 40.6507 -16.8381 -202.8885
v 37.5563 -16.8381 -187.3322
v 28.7444 -16.8381 -174.1441
v 15.5563 -16.8381 -165.3322
v 0.0000 -16.8381 -162.2378
v -15.5563 -16.8381 -165.3322
v -28.7444 -16.8381 -174.1441
v -37.5563 -16.8381 -187.3322
v -40.6507 -16.8381 -202.8885
v -37.5563 -16.8381 -218.4449
v -28.7444 -16.8381 -231.6329
v -15.5563 -16.8381 -240.4449
v -0.0000 -16.8381 -243.5392
v 15.5563 -16.8381 -240.4449
v 28.7444 -16.8381 -231.6329
v 37.5563 -16.8381 -218.4449
v 31.1127 -31.1127 -202.8885
v 28.7444 -31.1127 -190.9822
v 22.0000 -31.1127 -180.8885
v 11.9063 -31.1127 -174.1441
v 0.0000 -31.1127 -171.7758
v -11.9063 -31.1127 -174.1441
v -22.0000 -31.1127 -180.8885
v -28.7444 -31.1127 -190.9822
v -31.1127 -31.1127 -202.8885
v -28.7444 -31.1127 -214.7948
v -22.0000 -31.1127 -224.8885
v -11.9063 -31.1127 -231.6329
v -0.0000 -31.1127 -234.0012
v 11.9063 -31.1127 -231.6329
v 22.0000 -31.1127 -224.8885
v 28.7444 -31.1127 -214.7948
v 16.8381 -40.6507 -202.8885
v 15.5563 -40.6507 -196.4449
v 11.9063 -40.6507 -190.9822
v 6.4437 -40.6507 -187.3322
v 0.0000 -40.6507 -186.0504
v -6.4437 -40.6507 -187.3322
v -11.9063 -40.6507 -190.9822
v -15.5563 -40.6507 -196.4449
v -16.8381 -40.6507 -202.8885
v -15.5563 -40.6507 -209.3322
v -11.9063 -40.6507 -214.7948
v -6.4437 -40.6507 -218.4449
v -0.0000 -40.6507 -219.7266
v 6.4437 -40.6507 -218.4449
v 11.9063 -40.6507 -214.7948
v 15.5563 -40.6507 -209.3322
v 0.0000 -44.0000 -202.8885
v 0.0000 -44.0000 -202.8885
v 0.0000 -44.0000 -202.8885
v 0.0000 -44.0000 -202.8885
v 0.0000 -44.0000 -202.8885
v -0.0000 -44.0000 -202.8885
v -0.0000 -44.0000 -202.8885
v -0.0000 -44.0000 -202.8885
v -0.0000 -44.0000 -202.8885
v -0.0000 -44.0000 -202.8885
v -0.0000 -44.0000 -202.8885
v -0.0000 -44.0000 -202.8885
v -0.0000 -44.0000 -202.8885
v 0.0000 -44.0000 -202.8885
v 0.0000 -44.0000 -202.8885
v 0.0000 -44.0000 -202.8885
v 0.0000 28.0000 -101.4443
v 0.0000 28.0000 -101.4443
v 0.0000 28.0000 -101.4443
v 0.0000 28.0000 -101.4443
v 0.0000 28.0000 -101.4443
v 0.0000 28.0000 -101.4443
v 0.0000 28.0000 -101.4443
v 0.0000 28.0000 -101.4443
v 0.0000 28.0000 -101.4443
v 0.0000 28.0000 -101.4443
v 0.0000 28.0000 -101.4443
v 0.0000 28.0000 -101.4443
v 14.0000 24.2487 -101.4443
v 12.1244 24.2487 -94.4443
v 7.0000 24.2487 -89.3199
v 0.0000 24.2487 -87.4443
v -7.0000 24.2487 -89.3199
v -12.1244 24.2487 -94.4443
v -14.0000 24.2487 -101.4443
v -12.1244 24.2487 -108.4443
v -7.0000 24.2487 -113.5686
v -0.0000 24.2487 -115.4443
v 7.0000 24.2487 -113.5686
v 12.1244 24.2487 -108.4443
v 24.2487 14.0000 -101.4443
v 21.0000 14.0000 -89.3199
v 12.1244 14.0000 -80.4443
v 0.0000 14.0000 -77.1955
v -12.1244 14.0000 -80.4443
v -21.0000 14.0000 -89.3199
v -24.2487 14.0000 -101.4443
v -21.0000 14.0000 -113.5686
v -12.1244 14.0000 -122.4443
v -0.0000 14.0000 -125.6930
v 12.1244 14.0000 -122.4443
v 21.0000 14.0000 -113.5686
v 28.0000 0.0000 -101.4443
v 24.2487 0.0000 -87.4443
v 14.0000 0.0000 -77.1955
v 0.0000 0.0000 -73.4443
v -14.0000 0.0000 -77.1955
v -24.2487 0.0000 -87.4443
v -28.0000 0.0000 -101.4443
v -24.2487 0.0000 -115.4443
v -14.0000 0.0000 -125.6930
v -0.0000 0.0000 -129.4443
v 14.0000 0.0000 -125.6930
v 24.2487 0.0000 -115.4443
v 24.2487 -14.0000 -101.4443
v 21.0000 -14.0000 -89.3199
v 12.1244 -14.0000 -80.4443
v 0.0000 -14.0000 -77.1955
v -12.1244 -14.0000 -80.4443
v -21.0000 -14.0000 -89.3199
v -24.2487 -14.0000 -101.4443
v -21.0000 -14.0000 -113.5686
v -12.1244 -14.0000 -122.4443
v -0.0000 -14.0000 -125.6930
v 12.1244 -14.0000 -122.4443
v 21.0000 -14.0000 -113.5686
v 14.0000 -24.2487 -101.4443
v 12.1244 -24.2487 -94.4443
v 7.0000 -24.2487 -89.3199
v 0.0000 -24.2487 -87.4443
v -7.0000 -24.2487 -89.3199
v -12.1244 -24.2487 -94.4443
v -14.0000 -24.2487 -101.4443
v -12.1244 -24.2487 -108.4443
v -7.0000 -24.2487 -113.5686
v -0.0000 -24.2487 -115.4443
v 7.0000 -24.2487 -113.5686
v 12.1244 -24.2487 -108.4443
v 0.0000 -28.0000 -101.4443
v 0.0000 -28.0000 -101.4443
v 0.0000 -28.0000 -101.4443
v 0.0000 -28.0000 -101.4443
v -0.0000 -28.0000 -101.4443
v -0.0000 -28.0000 -101.4443
v -0.0000 -28.0000 -101.4443
v -0.0000 -28.0000 -101.4443
v -0.0000 -28.0000 -101.4443
v -0.0000 -28.0000 -101.4443
v 0.0000 -28.0000 -101.4443
v 0.0000 -28.0000 -101.4443
v 0.0000 44.0000 -101.4443
v 0.0000 44.0000 -101.4443
v 0.0000 44.0000 -101.4443
v 0.0000 44.0000 -101.4443
v 0.0000 44.0000 -101.4443
v 0.0000 44.0000 -101.4443
v 0.0000 44.0000 -101.4443
v 0.0000 44.0000 -101.4443
v 0.0000 44.0000 -101.4443
v 0.0000 44.0000 -101.4443
v 0.0000 44.0000 -101.4443
v 0.0000 44.0000 -101.4443
v 0.0000 44.0000 -101.4443
v 0.0000 44.0000 -101.4443
v 0.0000 44.0000 -101.4443
v 0.0000 44.0000 -101.4443
v 16.8381 40.6507 -101.4443
v 15.5563 40.6507 -95.0006
v 11.9063 40.6507 -89.5379
v 6.4437 40.6507 -85.8879
v 0.0000 40.6507 -84.6062
v -6.4437 40.6507 -85.8879
v -11.9063 40.6507 -89.5379
v -15.5563 40.6507 -95.0006
v -16.8381 40.6507 -101.4443
v -15.5563 40.6507 -107.8879
v -11.9063 40.6507 -113.3506
v -6.4437 40.6507 -117.0006
v -0.0000 40.6507 -118.2823
v 6.4437 40.6507 -117.0006
v 11.9063 40.6507 -113.3506
v 15.5563 40.6507 -107.8879
v 31.1127 31.1127 -101.4443
v 28.7444 31.1127 -89.5379
v 22.0000 31.1127 -79.4443
v 11.9063 31.1127 -72.6999
v 0.0000 31.1127 -70.3316
v -11.9063 31.1127 -72.6999
v -22.0000 31.1127 -79.4443
v -28.7444 31.1127 -89.5379
v -31.1127 31.1127 -101.4443
v -28.7444 31.1127 -113.3506
v -22.0000 31.1127 -123.4443
v -11.9063 31.1127 -130.1886
v -0.0000 31.1127 -132.5570
v 11.9063 31.1127 -130.1886
v 22.0000 31.1127 -123.4443
v 28.7444 31.1127 -113.3506
v 40.6507 16.8381 -101.4443
v 37.5563 16.8381 -85.8879
v 28.7444 16.8381 -72.6999
v 15.5563 16.8381 -63.8879
v 0.0000 16.8381 -60.7936
v -15.5563 16.8381 -63.8879
v -28.7444 16.8381 -72.6999
v -37.5563 16.8381 -85.8879
v -40.6507 16.8381 -101.4443
v -37.5563 16.8381 -117.0006
v -28.7444 16.8381 -130.1886
v -15.5563 16.8381 -139.0006
v -0.0000 16.8381 -142.0950
v 15.5563 16.8381 -139.0006
v 28.7444 16.8381 -130.1886
v 37.5563 16.8381 -117.0006
v 44.0000 0.0000 -101.4443
v 40.6507 0.0000 -84.6062
v 31.1127 0.0000 -70.3316
v 16.8381 0.0000 -60.7936
v 0.0000 0.0000 -57.4443
v -16.8381 0.0000 -60.7936
v -31.1127 0.0000 -70.3316
v -40.6507 0.0000 -84.6062
v -44.0000 0.0000 -101.4443
v -40.6507 0.0000 -118.2823
v -31.1127 0.0000 -132.5570
v -16.8381 0.0000 -142.0950
v -0.0000 0.0000 -145.4443
v 16.8381 0.0000 -142.0950
v 31.1127 0.0000 -132.5570
v 40.6507 0.0000 -118.2823
v 40.6507 -16.8381 -101.4443
v 37.5563 -16.8381 -85.8879
v 28.7444 -16.8381 -72.6999
v 15.5563 -16.8381 -63.8879
v 0.0000 -16.8381 -60.7936
v -15.5563 -16.8381 -63.8879
v -28.7444 -16.8381 -72.6999
v -37.5563 -16.8381 -85.8879
v -40.6507 -16.8381 -101.4443
v -37.5563 -16.8381 -117.0006
v -28.7444 -16.8381 -130.1886
v -15.5563 -16.8381 -139.0006
v -0.0000 -16.8381 -142.0950
v 15.5563 -16.8381 -139.0006
v 28.7444 -16.8381 -130.1886
v 37.5563 -16.8381 -117.0006
v 31.1127 -31.1127 -101.4443
v 28.7444 -31.1127 -89.5379
v 22.0000 -31.1127 -79.4443
v 11.9063 -31.1127 -72.6999
v 0.0000 -31.1127 -70.3316
v -11.9063 -31.1127 -72.6999
v -22.0000 -31.1127 -79.4443
v -28.7444 -31.1127 -89.5379
v -31.1127 -31.1127 -101.4443
v -28.7444 -31.1127 -113.3506
v -22.0000 -31.1127 -123.4443
v -11.9063 -31.1127 -130.1886
v -0.0000 -31.1127 -132.5570
v 11.9063 -31.1127 -130.1886
v 22.0000 -31.1127 -123.4443
v 28.7444 -31.1127 -113.3506
v 16.8381 -40.6507 -101.4443
v 15.5563 -40.6507 -95.0006
v 11.9063 -40.6507 -89.5379
v 6.4437 -40.6507 -85.8879
v 0.0000 -40.6507 -84.6062
v -6.4437 -40.6507 -85.8879
v -11.9063 -40.6507 -89.5379
v -15.5563 -40.6507 -95.0006
v -16.8381 -40.6507 -101.4443
v -15.5563 -40.6507 -107.8879
v -11.9063 -40.6507 -113.3506
v -6.4437 -40.6507 -117.0006
v -0.0000 -40.6507 -118.2823
v 6.4437 -40.6507 -117.0006
v 11.9063 -40.6507 -113.3506
v 15.5563 -40.6507 -107.8879
v 0.0000 -44.0000 -101.4443
v 0.0000 -44.0000 -101.4443
v 0.0000 -44.0000 -101.4443
v 0.0000 -44.0000 -101.4443
v 0.0000 -44.0000 -101.4443
v -0.0000 -44.0000 -101.4443
v -0.0000 -44.0000 -101.4443
v -0.0000 -44.0000 -101.4443
v -0.0000 -44.0000 -101.4443
v -0.0000 -44.0000 -101.4443
v -0.0000 -44.0000 -101.4443
v -0.0000 -44.0000 -101.4443
v -0.0000 -44.0000 -101.4443
v 0.0000 -44.0000 -101.4443
v 0.0000 -44.0000 -101.4443
v 0.0000 -44.0000 -101.4443
v 0.0000 28.0000 -202.8885
v 0.0000 28.0000 -202.8885
v 0.0000 28.0000 -202.8885
v 0.0000 28.0000 -202.8885
v 0.0000 28.0000 -202.8885
v 0.0000 28.0000 -202.8885
v 0.0000 28.0000 -202.8885
v 0.0000 28.0000 -202.8885
v 0.0000 28.0000 -202.8885
v 0.0000 28.0000 -202.8885
v 0.0000 28.0000 -202.8885
v 0.0000 28.0000 -202.8885
v 14.0000 24.2487 -202.8885
v 12.1244 24.2487 -195.8885
v 7.0000 24.2487 -190.7642
v 0.0000 24.2487 -188.8885
v -7.0000 24.2487 -190.7642
v -12.1244 24.2487 -195.8885
v -14.0000 24.2487 -202.8885
v -12.1244 24.2487 -209.8885
v -7.0000 24.2487 -215.0129
v -0.0000 24.2487 -216.8885
v 7.0000 24.2487 -215.0129
v 12.1244 24.2487 -209.8885
v 24.2487 14.0000 -202.8885
v 21.0000 14.0000 -190.7642
v 12.1244 14.0000 -181.8885
v 0.0000 14.0000 -178.6398
v -12.1244 14.0000 -181.8885
v -21.0000 14.0000 -190.7642
v -24.2487 14.0000 -202.8885
v -21.0000 14.0000 -215.0129
v -12.1244 14.0000 -223.8885
v -0.0000 14.0000 -227.1372
v 12.1244 14.0000 -223.8885
v 21.0000 14.0000 -215.0129
v 28.0000 0.0000 -202.8885
v 24.2487 0.0000 -188.8885
v 14.0000 0.0000 -178.6398
v 0.0000 0.0000 -174.8885
v -14.0000 0.0000 -178.6398
v -24.2487 0.0000 -188.8885
v -28.0000 0.0000 -202.8885
v -24.2487 0.0000 -216.8885
v -14.0000 0.0000 -227.1372
v -0.0000 0.0000 -230.8885
v 14.0000 0.0000 -227.1372
v 24.2487 0.0000 -216.8885
v 24.2487 -14.0000 -202.8885
v 21.0000 -14.0000 -190.7642
v 12.1244 -14.0000 -181.8885
v 0.0000 -14.0000 -178.6398
v -12.1244 -14.0000 -181.8885
v -21.0000 -14.0000 -190.7642
v -24.2487 -14.0000 -202.8885
v -21.0000 -14.0000 -215.0129
v -12.1244 -14.0000 -223.8885
v -0.0000 -14.0000 -227.1372
v 12.1244 -14.0000 -223.8885
v 21.0000 -14.0000 -215.0129
v 14.0000 -24.2487 -202.8885
v 12.1244 -24.2487 -195.8885
v 7.0000 -24.2487 -190.7642
v 0.0000 -24.2487 -188.8885
v -7.0000 -24.2487 -190.7642
v -12.1244 -24.2487 -195.8885
v -14.0000 -24.2487 -202.8885
v -12.1244 -24.2487 -209.8885
v -7.0000 -24.2487 -215.0129
v -0.0000 -24.2487 -216.8885
v 7.0000 -24.2487 -215.0129
v 12.1244 -24.2487 -209.8885
v 0.0000 -28.0000 -202.8885
v 0.0000 -28.0000 -202.8885
v 0.0000 -28.0000 -202.8885
v 0.0000 -28.0000 -202.8885
v -0.0000 -28.0000 -202.8885
v -0.0000 -28.0000 -202.8885
v -0.0000 -28.0000 -202.8885
v -0.0000 -28.0000 -202.8885
v -0.0000 -28.0000 -202.8885
v -0.0000 -28.0000 -202.8885
v 0.0000 -28.0000 -202.8885
v 0.0000 -28.0000 -202.8885
v 0.0000 44.0000 -202.8885
v 0.0000 44.0000 -202.8885
v 0.0000 44.0000 -202.8885
v 0.0000 44.0000 -202.8885
v 0.0000 44.0000 -202.8885
v 0.0000 44.0000 -202.8885
v 0.0000 44.0000 -202.8885
v 0.0000 44.0000 -202.8885
v 0.0000 44.0000 -202.8885
v 0.0000 44.0000 -202.8885
v 0.0000 44.0000 -202.8885
v 0.0000 44.0000 -202.8885
v 0.0000 44.0000 -202.8885
v 0.0000 44.0000 -202.8885
v 0.0000 44.0000 -202.8885
v 0.0000 44.0000 -202.8885
v 16.8381 40.6507 -202.8885
v 15.5563 40.6507 -196.4449
v 11.9063 40.6507 -190.9822
v 6.4437 40.6507 -187.3322
v 0.0000 40.6507 -186.0504
v -6.4437 40.6507 -187.3322
v -11.9063 40.6507 -190.9822
v -15.5563 40.6507 -196.4449
v -16.8381 40.6507 -202.8885
v -15.5563 40.6507 -209.3322
v -11.9063 40.6507 -214.7948
v -6.4437 40.6507 -218.4449
v -0.0000 40.6507 -219.7266
v 6.4437 40.6507 -218.4449
v 11.9063 40.6507 -214.7948
v 15.5563 40.6507 -209.3322
v 31.1127 31.1127 -202.8885
v 28.7444 31.1127 -190.9822
v 22.0000 31.1127 -180.8885
v 11.9063 31.1127 -174.1441
v 0.0000 31.1127 -171.7758
v -11.9063 31.1127 -174.1441
v -22.0000 31.1127 -180.8885
v -28.7444 31.1127 -190.9822
v -31.1127 31.1127 -202.8885
v -28.7444 31.1127 -214.7948
v -22.0000 31.1127 -224.8885
v -11.9063 31.1127 -231.6329
v -0.0000 31.1127 -234.0012
v 11.9063 31.1127 -231.6329
v 22.0000 31.1127 -224.8885
v 28.7444 31.1127 -214.7948
v 40.6507 16.8381 -202.8885
v 37.5563 16.8381 -187.3322
v 28.7444 16.8381 -174.1441
v 15.5563 16.8381 -165.3322
v 0.0000 16.8381 -162.2378
v -15.5563 16.8381 -165.3322
v -28.7444 16.8381 -174.1441
v -37.5563 16.8381 -187.3322
v -40.6507 16.8381 -202.8885
v -37.5563 16.8381 -218.4449
v -28.7444 16.8381 -231.6329
v -15.5563 16.8381 -240.4449
v -0.0000 16.8381 -243.5392
v 15.5563 16.8381 -240.4449
v 28.7444 16.8381 -231.6329
v 37.5563 16.8381 -218.4449
v 44.0000 0.0000 -202.8885
v 40.6507 0.0000 -186.0504
v 31.1127 0.0000 -171.7758
v 16.8381 0.0000 -162.2378
v 0.0000 0.0000 -158.8885
v -16.8381 0.0000 -162.2378
v -31.1127 0.0000 -171.7758
v -40.6507 0.0000 -186.0504
v -44.0000 0.0000 -202.8885
v -40.6507 0.0000 -219.7266
v -31.1127 0.0000 -234.0012
v -16.8381 0.0000 -243.5392
v -0.0000 0.0000 -246.8885
v 16.8381 0.0000 -243.5392
v 31.1127 0.0000 -234.0012
v 40.6507 0.0000 -219.7266
v 40.6507 -16.8381 -202.8885
v 37.5563 -16.8381 -187.3322
v 28.7444 -16.8381 -174.1441
v 15.5563 -16.8381 -165.3322
v 0.0000 -16.8381 -162.2378
v -15.5563 -16.8381 -165.3322
v -28.7444 -16.8381 -174.1441
v -37.5563 -16.8381 -187.3322
v -40.6507 -16.8381 -202.8885
v -37.5563 -16.8381 -218.4449
v -28.7444 -16.8381 -231.6329
v -15.5563 -16.8381 -240.4449
v -0.0000 -16.8381 -243.5392
v 15.5563 -16.8381 -240.4449
v 28.7444 -16.8381 -231.6329
v 37.5563 -16.8381 -218.4449
v 31.1127 -31.1127 -202.8885
v 28.7444 -31.1127 -190.9822
v 22.0000 -31.1127 -180.8885
v 11.9063 -31.1127 -174.1441
v 0.0000 -31.1127 -171.7758
v -11.9063 -31.1127 -174.1441
v -22.0000 -31.1127 -180.8885
v -28.7444 -31.1127 -190.9822
v -31.1127 -31.1127 -202.8885
v -28.7444 -31.1127 -214.7948
v -22.0000 -31.1127 -224.8885
v -11.9063 -31.1127 -231.6329
v -0.0000 -31.1127 -234.0012
v 11.9063 -31.1127 -231.6329
v 22.0000 -31.1127 -224.8885
v 28.7444 -31.1127 -214.7948
v 16.8381 -40.6507 -202.8885
v 15.5563 -40.6507 -196.4449
v 11.9063 -40.6507 -190.9822
v 6.4437 -40.6507 -187.3322
v 0.0000 -40.6507 -186.0504
v -6.4437 -40.6507 -187.3322
v -11.9063 -40.6507 -190.9822
v -15.5563 -40.6507 -196.4449
v -16.8381 -40.6507 -202.8885
v -15.5563 -40.6507 -209.3322
v -11.9063 -40.6507 -214.7948
v -6.4437 -40.6507 -218.4449
v -0.0000 -40.6507 -219.7266
v 6.4437 -40.6507 -218.4449
v 11.9063 -40.6507 -214.7948
v 15.5563 -40.6507 -209.3322
v 0.0000 -44.0000 -202.8885
v 0.0000 -44.0000 -202.8885
v 0.0000 -44.0000 -202.8885
v 0.0000 -44.0000 -202.8885
v 0.0000 -44.0000 -202.8885
v -0.0000 -44.0000 -202.8885
v -0.0000 -44.0000 -202.8885
v -0.0000 -44.0000 -202.8885
v -0.0000 -44.0000 -202.8885
v -0.0000 -44.0000 -202.8885
v -0.0000 -44.0000 -202.8885
v -0.0000 -44.0000 -202.8885
v -0.0000 -44.0000 -202.8885
v 0.0000 -44.0000 -202.8885
v 0.0000 -44.0000 -202.8885
v 0.0000 -44.0000 -202.8885
v 2.0000 0.0000 0.0000
v 1.4142 -1.4142 0.0000
v 0.0000 -2.0000 0.0000
v -1.4142 -1.4142 0.0000
v -2.0000 -0.0000 0.0000
v -1.4142 1.4142 0.0000
v -0.0000 2.0000 0.0000
v 1.4142 1.4142 0.0000
v 2.0000 0.0000 -101.4443
v 1.4142 -1.4142 -101.4443
v 0.0000 -2.0000 -101.4443
v -1.4142 -1.4142 -101.4443
v -2.0000 -0.0000 -101.4443
v -1.4142 1.4142 -101.4443
v -0.0000 2.0000 -101.4443
v 1.4142 1.4142 -101.4443
v 0.0000 0.0000 0.0000
v 0.0000 0.0000 -101.4443
v 0.0000 6.5000 -50.7221
v 0.0000 6.5000 -50.7221
v 0.0000 6.5000 -50.7221
v 0.0000 6.5000 -50.7221
v 0.0000 6.5000 -50.7221
v 0.0000 6.5000 -50.7221
v 0.0000 6.5000 -50.7221
v 0.0000 6.5000 -50.7221
v 0.0000 6.5000 -50.7221
v 0.0000 6.5000 -50.7221
v 3.8206 5.2586 -50.7221
v 3.0909 5.2586 -48.4764
v 1.1806 5.2586 -47.0885
v -1.1806 5.2586 -47.0885
v -3.0909 5.2586 -48.4764
v -3.8206 5.2586 -50.7221
v -3.0909 5.2586 -52.9678
v -1.1806 5.2586 -54.3557
v 1.1806 5.2586 -54.3557
v 3.0909 5.2586 -52.9678
v 6.1819 2.0086 -50.7221
v 5.0012 2.0086 -47.0885
v 1.9103 2.0086 -44.8428
v -1.9103 2.0086 -44.8428
v -5.0012 2.0086 -47.0885
v -6.1819 2.0086 -50.7221
v -5.0012 2.0086 -54.3557
v -1.9103 2.0086 -56.6014
v 1.9103 2.0086 -56.6014
v 5.0012 2.0086 -54.3557
v 6.1819 -2.0086 -50.7221
v 5.0012 -2.0086 -47.0885
v 1.9103 -2.0086 -44.8428
v -1.9103 -2.0086 -44.8428
v -5.0012 -2.0086 -47.0885
v -6.1819 -2.0086 -50.7221
v -5.0012 -2.0086 -54.3557
v -1.9103 -2.0086 -56.6014
v 1.9103 -2.0086 -56.6014
v 5.0012 -2.0086 -54.3557
v 3.8206 -5.2586 -50.7221
v 3.0909 -5.2586 -48.4764
v 1.1806 -5.2586 -47.0885
v -1.1806 -5.2586 -47.0885
v -3.0909 -5.2586 -48.4764
v -3.8206 -5.2586 -50.7221
v -3.0909 -5.2586 -52.9678
v -1.1806 -5.2586 -54.3557
v 1.1806 -5.2586 -54.3557
v 3.0909 -5.2586 -52.9678
v 0.0000 -6.5000 -50.7221
v 0.0000 -6.5000 -50.7221
v 0.0000 -6.5000 -50.7221
v -0.0000 -6.5000 -50.7221
v -0.0000 -6.5000 -50.7221
v -0.0000 -6.5000 -50.7221
v -0.0000 -6.5000 -50.7221
v -0.0000 -6.5000 -50.7221
v 0.0000 -6.5000 -50.7221
v 0.0000 -6.5000 -50.7221
v 2.0000 0.0000 -101.4443
v 1.4142 -1.4142 -101.4443
v 0.0000 -2.0000 -101.4443
v -1.4142 -1.4142 -101.4443
v -2.0000 -0.0000 -101.4443
v -1.4142 1.4142 -101.4443
v -0.0000 2.0000 -101.4443
v 1.4142 1.4142 -101.4443
v 2.0000 0.0000 -202.8885
v 1.4142 -1.4142 -202.8885
v 0.0000 -2.0000 -202.8885
v -1.4142 -1.4142 -202.8885
v -2.0000 -0.0000 -202.8885
v -1.4142 1.4142 -202.8885
v -0.0000 2.0000 -202.8885
v 1.4142 1.4142 -202.8885
v 0.0000 0.0000 -101.4443
v 0.0000 0.0000 -202.8885
v 0.0000 6.5000 -152.1664
v 0.0000 6.5000 -152.1664
v 0.0000 6.5000 -152.1664
v 0.0000 6.5000 -152.1664
v 0.0000 6.5000 -152.1664
v 0.0000 6.5000 -152.1664
v 0.0000 6.5000 -152.1664
v 0.0000 6.5000 -152.1664
v 0.0000 6.5000 -152.1664
v 0.0000 6.5000 -152.1664
v 3.8206 5.2586 -152.1664
v 3.0909 5.2586 -149.9207
v 1.1806 5.2586 -148.5328
v -1.1806 5.2586 -148.5328
v -3.0909 5.2586 -149.9207
v -3.8206 5.2586 -152.1664
v -3.0909 5.2586 -154.4121
v -1.1806 5.2586 -155.8000
v 1.1806 5.2586 -155.8000
v 3.0909 5.2586 -154.4121
v 6.1819 2.0086 -152.1664
v 5.0012 2.0086 -148.5328
v 1.9103 2.0086 -146.2871
v -1.9103 2.0086 -146.2871
v -5.0012 2.0086 -148.5328
v -6.1819 2.0086 -152.1664
v -5.0012 2.0086 -155.8000
v -1.9103 2.0086 -158.0457
v 1.9103 2.0086 -158.0457
v 5.0012 2.0086 -155.8000
v 6.1819 -2.0086 -152.1664
v 5.0012 -2.0086 -148.5328
v 1.9103 -2.0086 -146.2871
v -1.9103 -2.0086 -146.2871
v -5.0012 -2.0086 -148.5328
v -6.1819 -2.0086 -152.1664
v -5.0012 -2.0086 -155.8000
v -1.9103 -2.0086 -158.0457
v 1.9103 -2.0086 -158.0457
v 5.0012 -2.0086 -155.8000
v 3.8206 -5.2586 -152.1664
v 3.0909 -5.2586 -149.9207
v 1.1806 -5.2586 -148.5328
v -1.1806 -5.2586 -148.5328
v -3.0909 -5.2586 -149.9207
v -3.8206 -5.2586 -152.1664
v -3.0909 -5.2586 -154.4121
v -1.1806 -5.2586 -155.8000
v 1.1806 -5.2586 -155.8000
v 3.0909 -5.2586 -154.4121
v 0.0000 -6.5000 -152.1664
v 0.0000 -6.5000 -152.1664
v 0.0000 -6.5000 -152.1664
v -0.0000 -6.5000 -152.1664
v -0.0000 -6.5000 -152.1664
v -0.0000 -6.5000 -152.1664
v -0.0000 -6.5000 -152.1664
v -0.0000 -6.5000 -152.1664
v 0.0000 -6.5000 -152.1664
v 0.0000 -6.5000 -152.1664
v 2.0000 0.0000 -202.8885
v 1.4142 -1.4142 -202.8885
v 0.0000 -2.0000 -202.8885
v -1.4142 -1.4142 -202.8885
v -2.0000 -0.0000 -202.8885
v -1.4142 1.4142 -202.8885
v -0.0000 2.0000 -202.8885
v 1.4142 1.4142 -202.8885
v 2.0000 0.0000 -304.3328
v 1.4142 -1.4142 -304.3328
v 0.0000 -2.0000 -304.3328
v -1.4142 -1.4142 -304.3328
v -2.0000 -0.0000 -304.3328
v -1.4142 1.4142 -304.3328
v -0.0000 2.0000 -304.3328
v 1.4142 1.4142 -304.3328
v 0.0000 0.0000 -202.8885
v 0.0000 0.0000 -304.3328
v 0.0000 6.5000 -253.6106
v 0.0000 6.5000 -253.6106
v 0.0000 6.5000 -253.6106
v 0.0000 6.5000 -253.6106
v 0.0000 6.5000 -253.6106
v 0.0000 6.5000 -253.6106
v 0.0000 6.5000 -253.6106
v 0.0000 6.5000 -253.6106
v 0.0000 6.5000 -253.6106
v 0.0000 6.5000 -253.6106
v 3.8206 5.2586 -253.6106
v 3.0909 5.2586 -251.3649
v 1.1806 5.2586 -249.9770
v -1.1806 5.2586 -249.9770
v -3.0909 5.2586 -251.3649
v -3.8206 5.2586 -253.6106
v -3.0909 5.2586 -255.8563
v -1.1806 5.2586 -257.2442
v 1.1806 5.2586 -257.2442
v 3.0909 5.2586 -255.8563
v 6.1819 2.0086 -253.6106
v 5.0012 2.0086 -249.9770
v 1.9103 2.0086 -247.7313
v -1.9103 2.0086 -247.7313
v -5.0012 2.0086 -249.9770
v -6.1819 2.0086 -253.6106
v -5.0012 2.0086 -257.2442
v -1.9103 2.0086 -259.4899
v 1.9103 2.0086 -259.4899
v 5.0012 2.0086 -257.2442
v 6.1819 -2.0086 -253.6106
v 5.0012 -2.0086 -249.9770
v 1.9103 -2.0086 -247.7313
v -1.9103 -2.0086 -247.7313
v -5.0012 -2.0086 -249.9770
v -6.1819 -2.0086 -253.6106
v -5.0012 -2.0086 -257.2442
v -1.9103 -2.0086 -259.4899
v 1.9103 -2.0086 -259.4899
v 5.0012 -2.0086 -257.2442
v 3.8206 -5.2586 -253.6106
v 3.0909 -5.2586 -251.3649
v 1.1806 -5.2586 -249.9770
v -1.1806 -5.2586 -249.9770
v -3.0909 -5.2586 -251.3649
v -3.8206 -5.2586 -253.6106
v -3.0909 -5.2586 -255.8563
v -1.1806 -5.2586 -257.2442
v 1.1806 -5.2586 -257.2442
v 3.0909 -5.2586 -255.8563
v 0.0000 -6.5000 -253.6106
v 0.0000 -6.5000 -253.6106
v 0.0000 -6.5000 -253.6106
v -0.0000 -6.5000 -253.6106
v -0.0000 -6.5000 -253.6106
v -0.0000 -6.5000 -253.6106
v -0.0000 -6.5000 -253.6106
v -0.0000 -6.5000 -253.6106
v 0.0000 -6.5000 -253.6106
v 0.0000 -6.5000 -253.6106
v -2.0000 0.0000 -304.3328
v -1.4142 -1.4142 -304.3328
v -0.0000 -2.0000 -304.3328
v 1.4142 -1.4142 -304.3328
v 2.0000 -0.0000 -304.3328
v 1.4142 1.4142 -304.3328
v 0.0000 2.0000 -304.3328
v -1.4142 1.4142 -304.3328
v -2.0000 0.0000 -101.4443
v -1.4142 -1.4142 -101.4443
v -0.0000 -2.0000 -101.4443
v 1.4142 -1.4142 -101.4443
v 2.0000 -0.0000 -101.4443
v 1.4142 1.4142 -101.4443
v 0.0000 2.0000 -101.4443
v -1.4142 1.4142 -101.4443
v 0.0000 0.0000 -304.3328
v 0.0000 0.0000 -101.4443
v 0.0000 6.5000 -202.8885
v 0.0000 6.5000 -202.8885
v 0.0000 6.5000 -202.8885
v 0.0000 6.5000 -202.8885
v 0.0000 6.5000 -202.8885
v 0.0000 6.5000 -202.8885
v 0.0000 6.5000 -202.8885
v 0.0000 6.5000 -202.8885
v 0.0000 6.5000 -202.8885
v 0.0000 6.5000 -202.8885
v 3.8206 5.2586 -202.8885
v 3.0909 5.2586 -200.6428
v 1.1806 5.2586 -199.2549
v -1.1806 5.2586 -199.2549
v -3.0909 5.2586 -200.6428
v -3.8206 5.2586 -202.8885
v -3.0909 5.2586 -205.1342
v -1.1806 5.2586 -206.5221
v 1.1806 5.2586 -206.5221
v 3.0909 5.2586 -205.1342
v 6.1819 2.0086 -202.8885
v 5.0012 2.0086 -199.2549
v 1.9103 2.0086 -197.0092
v -1.9103 2.0086 -197.0092
v -5.0012 2.0086 -199.2549
v -6.1819 2.0086 -202.8885
v -5.0012 2.0086 -206.5221
v -1.9103 2.0086 -208.7678
v 1.9103 2.0086 -208.7678
v 5.0012 2.0086 -206.5221
v 6.1819 -2.0086 -202.8885
v 5.0012 -2.0086 -199.2549
v 1.9103 -2.0086 -197.0092
v -1.9103 -2.0086 -197.0092
v -5.0012 -2.0086 -199.2549
v -6.1819 -2.0086 -202.8885
v -5.0012 -2.0086 -206.5221
v -1.9103 -2.0086 -208.7678
v 1.9103 -2.0086 -208.7678
v 5.0012 -2.0086 -206.5221
v 3.8206 -5.2586 -202.8885
v 3.0909 -5.2586 -200.6428
v 1.1806 -5.2586 -199.2549
v -1.1806 -5.2586 -199.2549
v -3.0909 -5.2586 -200.6428
v -3.8206 -5.2586 -202.8885
v -3.0909 -5.2586 -205.1342
v -1.1806 -5.2586 -206.5221
v 1.1806 -5.2586 -206.5221
v 3.0909 -5.2586 -205.1342
v 0.0000 -6.5000 -202.8885
v 0.0000 -6.5000 -202.8885
v 0.0000 -6.5000 -202.8885
v -0.0000 -6.5000 -202.8885
v -0.0000 -6.5000 -202.8885
v -0.0000 -6.5000 -202.8885
v -0.0000 -6.5000 -202.8885
v -0.0000 -6.5000 -202.8885
v 0.0000 -6.5000 -202.8885
v 0.0000 -6.5000 -202.8885
v 2.0000 0.0000 -101.4443
v 1.4142 -1.4142 -101.4443
v 0.0000 -2.0000 -101.4443
v -1.4142 -1.4142 -101.4443
v -2.0000 -0.0000 -101.4443
v -1.4142 1.4142 -101.4443
v -0.0000 2.0000 -101.4443
v 1.4142 1.4142 -101.4443
v 2.0000 0.0000 -202.8885
v 1.4142 -1.4142 -202.8885
v 0.0000 -2.0000 -202.8885
v -1.4142 -1.4142 -202.8885
v -2.0000 -0.0000 -202.8885
v -1.4142 1.4142 -202.8885
v -0.0000 2.0000 -202.8885
v 1.4142 1.4142 -202.8885
v 0.0000 0.0000 -101.4443
v 0.0000 0.0000 -202.8885
v 0.0000 6.5000 -152.1664
v 0.0000 6.5000 -152.1664
v 0.0000 6.5000 -152.1664
v 0.0000 6.5000 -152.1664
v 0.0000 6.5000 -152.1664
v 0.0000 6.5000 -152.1664
v 0.0000 6.5000 -152.1664
v 0.0000 6.5000 -152.1664
v 0.0000 6.5000 -152.1664
v 0.0000 6.5000 -152.1664
v 3.8206 5.2586 -152.1664
v 3.0909 5.2586 -149.9207
v 1.1806 5.2586 -148.5328
v -1.1806 5.2586 -148.5328
v -3.0909 5.2586 -149.9207
v -3.8206 5.2586 -152.1664
v -3.0909 5.2586 -154.4121
v -1.1806 5.2586 -155.8000
v 1.1806 5.2586 -155.8000
v 3.0909 5.2586 -154.4121
v 6.1819 2.0086 -152.1664
v 5.0012 2.0086 -148.5328
v 1.9103 2.0086 -146.2871
v -1.9103 2.0086 -146.2871
v -5.0012 2.0086 -148.5328
v -6.1819 2.0086 -152.1664
v -5.0012 2.0086 -155.8000
v -1.9103 2.0086 -158.0457
v 1.9103 2.0086 -158.0457
v 5.0012 2.0086 -155.8000
v 6.1819 -2.0086 -152.1664
v 5.0012 -2.0086 -148.5328
v 1.9103 -2.0086 -146.2871
v -1.9103 -2.0086 -146.2871
v -5.0012 -2.0086 -148.5328
v -6.1819 -2.0086 -152.1664
v -5.0012 -2.0086 -155.8000
v -1.9103 -2.0086 -158.0457
v 1.9103 -2.0086 -158.0457
v 5.0012 -2.0086 -155.8000
v 3.8206 -5.2586 -152.1664
v 3.0909 -5.2586 -149.9207
v 1.1806 -5.2586 -148.5328
v -1.1806 -5.2586 -148.5328
v -3.0909 -5.2586 -149.9207
v -3.8206 -5.2586 -152.1664
v -3.0909 -5.2586 -154.4121
v -1.1806 -5.2586 -155.8000
v 1.1806 -5.2586 -155.8000
v 3.0909 -5.2586 -154.4121
v 0.0000 -6.5000 -152.1664
v 0.0000 -6.5000 -152.1664
v 0.0000 -6.5000 -152.1664
v -0.0000 -6.5000 -152.1664
v -0.0000 -6.5000 -152.1664
v -0.0000 -6.5000 -152.1664
v -0.0000 -6.5000 -152.1664
v -0.0000 -6.5000 -152.1664
v 0.0000 -6.5000 -152.1664
v 0.0000 -6.5000 -152.1664
v -2.0000 0.0000 -202.8885
v -1.4142 -1.4142 -202.8885
v -0.0000 -2.0000 -202.8885
v 1.4142 -1.4142 -202.8885
v 2.0000 -0.0000 -202.8885
v 1.4142 1.4142 -202.8885
v 0.0000 2.0000 -202.8885
v -1.4142 1.4142 -202.8885
v -2.0000 0.0000 -101.4443
v -1.4142 -1.4142 -101.4443
v -0.0000 -2.0000 -101.4443
v 1.4142 -1.4142 -101.4443
v 2.0000 -0.0000 -101.4443
v 1.4142 1.4142 -101.4443
v 0.0000 2.0000 -101.4443
v -1.4142 1.4142 -101.4443
v 0.0000 0.0000 -202.8885
v 0.0000 0.0000 -101.4443
v 0.0000 6.5000 -152.1664
v 0.0000 6.5000 -152.1664
v 0.0000 6.5000 -152.1664
v 0.0000 6.5000 -152.1664
v 0.0000 6.5000 -152.1664
v 0.0000 6.5000 -152.1664
v 0.0000 6.5000 -152.1664
v 0.0000 6.5000 -152.1664
v 0.0000 6.5000 -152.1664
v 0.0000 6.5000 -152.1664
v 3.8206 5.2586 -152.1664
v 3.0909 5.2586 -149.9207
v 1.1806 5.2586 -148.5328
v -1.1806 5.2586 -148.5328
v -3.0909 5.2586 -149.9207
v -3.8206 5.2586 -152.1664
v -3.0909 5.2586 -154.4121
v -1.1806 5.2586 -155.8000
v 1.1806 5.2586 -155.8000
v 3.0909 5.2586 -154.4121
v 6.1819 2.0086 -152.1664
v 5.0012 2.0086 -148.5328
v 1.9103 2.0086 -146.2871
v -1.9103 2.0086 -146.2871
v -5.0012 2.0086 -148.5328
v -6.1819 2.0086 -152.1664
v -5.0012 2.0086 -155.8000
v -1.9103 2.0086 -158.0457
v 1.9103 2.0086 -158.0457
v 5.0012 2.0086 -155.8000
v 6.1819 -2.0086 -152.1664
v 5.0012 -2.0086 -148.5328
v 1.9103 -2.0086 -146.2871
v -1.9103 -2.0086 -146.2871
v -5.0012 -2.0086 -148.5328
v -6.1819 -2.0086 -152.1664
v -5.0012 -2.0086 -155.8000
v -1.9103 -2.0086 -158.0457
v 1.9103 -2.0086 -158.0457
v 5.0012 -2.0086 -155.8000
v 3.8206 -5.2586 -152.1664
v 3.0909 -5.2586 -149.9207
v 1.1806 -5.2586 -148.5328
v -1.1806 -5.2586 -148.5328
v -3.0909 -5.2586 -149.9207
v -3.8206 -5.2586 -152.1664
v -3.0909 -5.2586 -154.4121
v -1.1806 -5.2586 -155.8000
v 1.1806 -5.2586 -155.8000
v 3.0909 -5.2586 -154.4121
v 0.0000 -6.5000 -152.1664
v 0.0000 -6.5000 -152.1664
v 0.0000 -6.5000 -152.1664
v -0.0000 -6.5000 -152.1664
v -0.0000 -6.5000 -152.1664
v -0.0000 -6.5000 -152.1664
v -0.0000 -6.5000 -152.1664
v -0.0000 -6.5000 -152.1664
v 0.0000 -6.5000 -152.1664
v 0.0000 -6.5000 -152.1664
v 2.0000 0.0000 -101.4443
v 1.4142 -1.4142 -101.4443
v 0.0000 -2.0000 -101.4443
v -1.4142 -1.4142 -101.4443
v -2.0000 -0.0000 -101.4443
v -1.4142 1.4142 -101.4443
v -0.0000 2.0000 -101.4443
v 1.4142 1.4142 -101.4443
v 2.0000 0.0000 -202.8885
v 1.4142 -1.4142 -202.8885
v 0.0000 -2.0000 -202.8885
v -1.4142 -1.4142 -202.8885
v -2.0000 -0.0000 -202.8885
v -1.4142 1.4142 -202.8885
v -0.0000 2.0000 -202.8885
v 1.4142 1.4142 -202.8885
v 0.0000 0.0000 -101.4443
v 0.0000 0.0000 -202.8885
v 0.0000 6.5000 -152.1664
v 0.0000 6.5000 -152.1664
v 0.0000 6.5000 -152.1664
v 0.0000 6.5000 -152.1664
v 0.0000 6.5000 -152.1664
v 0.0000 6.5000 -152.1664
v 0.0000 6.5000 -152.1664
v 0.0000 6.5000 -152.1664
v 0.0000 6.5000 -152.1664
v 0.0000 6.5000 -152.1664
v 3.8206 5.2586 -152.1664
v 3.0909 5.2586 -149.9207
v 1.1806 5.2586 -148.5328
v -1.1806 5.2586 -148.5328
v -3.0909 5.2586 -149.9207
v -3.8206 5.2586 -152.1664
v -3.0909 5.2586 -154.4121
v -1.1806 5.2586 -155.8000
v 1.1806 5.2586 -155.8000
v 3.0909 5.2586 -154.4121
v 6.1819 2.0086 -152.1664
v 5.0012 2.0086 -148.5328
v 1.9103 2.0086 -146.2871
v -1.9103 2.0086 -146.2871
v -5.0012 2.0086 -148.5328
v -6.1819 2.0086 -152.1664
v -5.0012 2.0086 -155.8000
v -1.9103 2.0086 -158.0457
v 1.9103 2.0086 -158.0457
v 5.0012 2.0086 -155.8000
v 6.1819 -2.0086 -152.1664
v 5.0012 -2.0086 -148.5328
v 1.9103 -2.0086 -146.2871
v -1.9103 -2.0086 -146.2871
v -5.0012 -2.0086 -148.5328
v -6.1819 -2.0086 -152.1664
v -5.0012 -2.0086 -155.8000
v -1.9103 -2.0086 -158.0457
v 1.9103 -2.0086 -158.0457
v 5.0012 -2.0086 -155.8000
v 3.8206 -5.2586 -152.1664
v 3.0909 -5.2586 -149.9207
v 1.1806 -5.2586 -148.5328
v -1.1806 -5.2586 -148.5328
v -3.0909 -5.2586 -149.9207
v -3.8206 -5.2586 -152.1664
v -3.0909 -5.2586 -154.4121
v -1.1806 -5.2586 -155.8000
v 1.1806 -5.2586 -155.8000
v 3.0909 -5.2586 -154.4121
v 0.0000 -6.5000 -152.1664
v 0.0000 -6.5000 -152.1664
v 0.0000 -6.5000 -152.1664
v -0.0000 -6.5000 -152.1664
v -0.0000 -6.5000 -152.1664
v -0.0000 -6.5000 -152.1664
v -0.0000 -6.5000 -152.1664
v -0.0000 -6.5000 -152.1664
v 0.0000 -6.5000 -152.1664
v 0.0000 -6.5000 -152.1664
v 1.9481 0.0000 -202.4360
v 1.6035 -1.0012 -203.5414
v 0.3196 -1.4159 -204.2644
v -1.1515 -1.0012 -204.1814
v -1.9481 -0.0000 -203.3410
v -1.6035 1.0012 -202.2356
v -0.3196 1.4159 -201.5126
v 1.1515 1.0012 -201.5956
v 34.9975 145.7121 -344.7140
v 34.6529 144.7109 -345.8194
v 33.3690 144.2962 -346.5424
v 31.8978 144.7109 -346.4594
v 31.1013 145.7121 -345.6190
v 31.4459 146.7133 -344.5136
v 32.7298 147.1280 -343.7906
v 34.2009 146.7133 -343.8736
v 0.0000 0.0000 -202.8885
v 33.0494 145.7121 -345.1665
v 66.4000 0.0000 0.0000
v 65.0000 1.4000 0.0000
v 63.6000 0.0000 0.0000
v 65.0000 -1.4000 0.0000
v 64.7352 0.0000 14.7754
v 63.3703 1.4000 14.4639
v 62.0054 0.0000 14.1523
v 63.3703 -1.4000 14.4639
v 59.8243 0.0000 28.8099
v 58.5630 1.4000 28.2024
v 57.3016 0.0000 27.5950
v 58.5630 -1.4000 28.2024
v 51.9136 0.0000 41.3997
v 50.8190 1.4000 40.5268
v 49.7245 0.0000 39.6540
v 50.8190 -1.4000 40.5268
v 41.3997 0.0000 51.9136
v 40.5268 1.4000 50.8190
v 39.6540 0.0000 49.7245
v 40.5268 -1.4000 50.8190
v 28.8099 0.0000 59.8243
v 28.2024 1.4000 58.5630
v 27.5950 0.0000 57.3016
v 28.2024 -1.4000 58.5630
v 14.7754 0.0000 64.7352
v 14.4639 1.4000 63.3703
v 14.1523 0.0000 62.0054
v 14.4639 -1.4000 63.3703
v 0.0000 0.0000 66.4000
v 0.0000 1.4000 65.0000
v 0.0000 0.0000 63.6000
v 0.0000 -1.4000 65.0000
v -14.7754 0.0000 64.7352
v -14.4639 1.4000 63.3703
v -14.1523 0.0000 62.0054
v -14.4639 -1.4000 63.3703
v -28.8099 0.0000 59.8243
v -28.2024 1.4000 58.5630
v -27.5950 0.0000 57.3016
v -28.2024 -1.4000 58.5630
v -41.3997 0.0000 51.9136
v -40.5268 1.4000 50.8190
v -39.6540 0.0000 49.7245
v -40.5268 -1.4000 50.8190
v -51.9136 0.0000 41.3997
v -50.8190 1.4000 40.5268
v -49.7245 0.0000 39.6540
v -50.8190 -1.4000 40.5268
v -59.8243 0.0000 28.8099
v -58.5630 1.4000 28.2024
v -57.3016 0.0000 27.5950
v -58.5630 -1.4000 28.2024
v -64.7352 0.0000 14.7754
v -63.3703 1.4000 14.4639
v -62.0054 0.0000 14.1523
v -63.3703 -1.4000 14.4639
v -66.4000 0.0000 0.0000
v -65.0000 1.4000 0.0000
v -63.6000 0.0000 0.0000
v -65.0000 -1.4000 0.0000
v -64.7352 0.0000 -14.7754
v -63.3703 1.4000 -14.4639
v -62.0054 0.0000 -14.1523
v -63.3703 -1.4000 -14.4639
v -59.8243 0.0000 -28.8099
v -58.5630 1.4000 -28.2024
v -57.3016 0.0000 -27.5950
v -58.5630 -1.4000 -28.2024
v -51.9136 0.0000 -41.3997
v -50.8190 1.4000 -40.5268
v -49.7245 0.0000 -39.6540
v -50.8190 -1.4000 -40.5268
v -41.3997 0.0000 -51.9136
v -40.5268 1.4000 -50.8190
v -39.6540 0.0000 -49.7245
v -40.5268 -1.4000 -50.8190
v -28.8099 0.0000 -59.8243
v -28.2024 1.4000 -58.5630
v -27.5950 0.0000 -57.3016
v -28.2024 -1.4000 -58.5630
v -14.7754 0.0000 -64.7352
v -14.4639 1.4000 -63.3703
v -14.1523 0.0000 -62.0054
v -14.4639 -1.4000 -63.3703
v -0.0000 0.0000 -66.4000
v -0.0000 1.4000 -65.0000
v -0.0000 0.0000 -63.6000
v -0.0000 -1.4000 -65.0000
v 14.7754 0.0000 -64.7352
v 14.4639 1.4000 -63.3703
v 14.1523 0.0000 -62.0054
v 14.4639 -1.4000 -63.3703
v 28.8099 0.0000 -59.8243
v 28.2024 1.4000 -58.5630
v 27.5950 0.0000 -57.3016
v 28.2024 -1.4000 -58.5630
v 41.3997 0.0000 -51.9136
v 40.5268 1.4000 -50.8190
v 39.6540 0.0000 -49.7245
v 40.5268 -1.4000 -50.8190
v 51.9136 0.0000 -41.3997
v 50.8190 1.4000 -40.5268
v 49.7245 0.0000 -39.6540
v 50.8190 -1.4000 -40.5268
v 59.8243 0.0000 -28.8099
v 58.5630 1.4000 -28.2024
v 57.3016 0.0000 -27.5950
v 58.5630 -1.4000 -28.2024
v 64.7352 0.0000 -14.7754
v 63.3703 1.4000 -14.4639
v 62.0054 0.0000 -14.1523
v 63.3703 -1.4000 -14.4639
v 0.0000 0.0000 -2.4000
v -2.0785 0.0000 -1.2000
v -2.0785 0.0000 1.2000
v -0.0000 0.0000 2.4000
v 2.0785 0.0000 1.2000
v 2.0785 0.0000 -1.2000
v 0.0000 65.0000 -1.6000
v -1.3856 65.0000 -0.8000
v -1.3856 65.0000 0.8000
v -0.0000 65.0000 1.6000
v 1.3856 65.0000 0.8000
v 1.3856 65.0000 -0.8000
v 0.0000 0.0000 0.0000
v 0.0000 65.0000 0.0000
v 0.0000 67.2000 0.0000
v 0.0000 67.2000 0.0000
v 0.0000 67.2000 0.0000
v 0.0000 67.2000 0.0000
v 0.0000 67.2000 0.0000
v 0.0000 67.2000 0.0000
v 0.0000 67.2000 0.0000
v 0.0000 67.2000 0.0000
v 1.5556 66.5556 0.0000
v 1.1000 66.5556 1.1000
v 0.0000 66.5556 1.5556
v -1.1000 66.5556 1.1000
v -1.5556 66.5556 0.0000
v -1.1000 66.5556 -1.1000
v -0.0000 66.5556 -1.5556
v 1.1000 66.5556 -1.1000
v 2.2000 65.0000 0.0000
v 1.5556 65.0000 1.5556
v 0.0000 65.0000 2.2000
v -1.5556 65.0000 1.5556
v -2.2000 65.0000 0.0000
v -1.5556 65.0000 -1.5556
v -0.0000 65.0000 -2.2000
v 1.5556 65.0000 -1.5556
v 1.5556 63.4444 0.0000
v 1.1000 63.4444 1.1000
v 0.0000 63.4444 1.5556
v -1.1000 63.4444 1.1000
v -1.5556 63.4444 0.0000
v -1.1000 63.4444 -1.1000
v -0.0000 63.4444 -1.5556
v 1.1000 63.4444 -1.1000
v 0.0000 62.8000 0.0000
v 0.0000 62.8000 0.0000
v 0.0000 62.8000 0.0000
v -0.0000 62.8000 0.0000
v -0.0000 62.8000 0.0000
v -0.0000 62.8000 -0.0000
v -0.0000 62.8000 -0.0000
v 0.0000 62.8000 -0.0000
v 0.0000 0.0000 2.4000
v -1.0392 -1.8000 1.2000
v -1.0392 -1.8000 -1.2000
v -0.0000 -0.0000 -2.4000
v 1.0392 1.8000 -1.2000
v 1.0392 1.8000 1.2000
v 56.2917 -32.5000 1.6000
v 55.5988 -33.7000 0.8000
v 55.5988 -33.7000 -0.8000
v 56.2917 -32.5000 -1.6000
v 56.9845 -31.3000 -0.8000
v 56.9845 -31.3000 0.8000
v 0.0000 0.0000 0.0000
v 56.2917 -32.5000 0.0000
v 56.2917 -30.3000 0.0000
v 56.2917 -30.3000 0.0000
v 56.2917 -30.3000 0.0000
v 56.2917 -30.3000 0.0000
v 56.2917 -30.3000 0.0000
v 56.2917 -30.3000 0.0000
v 56.2917 -30.3000 0.0000
v 56.2917 -30.3000 0.0000
v 57.8473 -30.9444 0.0000
v 57.3917 -30.9444 1.1000
v 56.2917 -30.9444 1.5556
v 55.1917 -30.9444 1.1000
v 54.7360 -30.9444 0.0000
v 55.1917 -30.9444 -1.1000
v 56.2917 -30.9444 -1.5556
v 57.3917 -30.9444 -1.1000
v 58.4917 -32.5000 0.0000
v 57.8473 -32.5000 1.5556
v 56.2917 -32.5000 2.2000
v 54.7360 -32.5000 1.5556
v 54.0917 -32.5000 0.0000
v 54.7360 -32.5000 -1.5556
v 56.2917 -32.5000 -2.2000
v 57.8473 -32.5000 -1.5556
v 57.8473 -34.0556 0.0000
v 57.3917 -34.0556 1.1000
v 56.2917 -34.0556 1.5556
v 55.1917 -34.0556 1.1000
v 54.7360 -34.0556 0.0000
v 55.1917 -34.0556 -1.1000
v 56.2917 -34.0556 -1.5556
v 57.3917 -34.0556 -1.1000
v 56.2917 -34.7000 0.0000
v 56.2917 -34.7000 0.0000
v 56.2917 -34.7000 0.0000
v 56.2917 -34.7000 0.0000
v 56.2917 -34.7000 0.0000
v 56.2917 -34.7000 -0.0000
v 56.2917 -34.7000 -0.0000
v 56.2917 -34.7000 -0.0000
v 0.0000 0.0000 -2.4000
v 1.0392 -1.8000 -1.2000
v 1.0392 -1.8000 1.2000
v 0.0000 -0.0000 2.4000
v -1.0392 1.8000 1.2000
v -1.0392 1.8000 -1.2000
v -56.2917 -32.5000 -1.6000
v -55.5988 -33.7000 -0.8000
v -55.5988 -33.7000 0.8000
v -56.2917 -32.5000 1.6000
v -56.9845 -31.3000 0.8000
v -56.9845 -31.3000 -0.8000
v 0.0000 0.0000 0.0000
v -56.2917 -32.5000 0.0000
v -56.2917 -30.3000 0.0000
v -56.2917 -30.3000 0.0000
v -56.2917 -30.3000 0.0000
v -56.2917 -30.3000 0.0000
v -56.2917 -30.3000 0.0000
v -56.2917 -30.3000 0.0000
v -56.2917 -30.3000 0.0000
v -56.2917 -30.3000 0.0000
v -54.7360 -30.9444 0.0000
v -55.1917 -30.9444 1.1000
v -56.2917 -30.9444 1.5556
v -57.3917 -30.9444 1.1000
v -57.8473 -30.9444 0.0000
v -57.3917 -30.9444 -1.1000
v -56.2917 -30.9444 -1.5556
v -55.1917 -30.9444 -1.1000
v -54.0917 -32.5000 0.0000
v -54.7360 -32.5000 1.5556
v -56.2917 -32.5000 2.2000
v -57.8473 -32.5000 1.5556
v -58.4917 -32.5000 0.0000
v -57.8473 -32.5000 -1.5556
v -56.2917 -32.5000 -2.2000
v -54.7360 -32.5000 -1.5556
v -54.7360 -34.0556 0.0000
v -55.1917 -34.0556 1.1000
v -56.2917 -34.0556 1.5556
v -57.3917 -34.0556 1.1000
v -57.8473 -34.0556 0.0000
v -57.3917 -34.0556 -1.1000
v -56.2917 -34.0556 -1.5556
v -55.1917 -34.0556 -1.1000
v -56.2917 -34.7000 0.0000
v -56.2917 -34.7000 0.0000
v -56.2917 -34.7000 0.0000
v -56.2917 -34.7000 0.0000
v -56.2917 -34.7000 0.0000
v -56.2917 -34.7000 -0.0000
v -56.2917 -34.7000 -0.0000
v -56.2917 -34.7000 -0.0000
v 66.4000 0.0000 -304.3328
v 65.0000 1.4000 -304.3328
v 63.6000 0.0000 -304.3328
v 65.0000 -1.4000 -304.3328
v 64.7352 0.0000 -289.5574
v 63.3703 1.4000 -289.8689
v 62.0054 0.0000 -290.1804
v 63.3703 -1.4000 -289.8689
v 59.8243 0.0000 -275.5229
v 58.5630 1.4000 -276.1303
v 57.3016 0.0000 -276.7378
v 58.5630 -1.4000 -276.1303
v 51.9136 0.0000 -262.9330
v 50.8190 1.4000 -263.8059
v 49.7245 0.0000 -264.6788
v 50.8190 -1.4000 -263.8059
v 41.3997 0.0000 -252.4192
v 40.5268 1.4000 -253.5137
v 39.6540 0.0000 -254.6083
v 40.5268 -1.4000 -253.5137
v 28.8099 0.0000 -244.5084
v 28.2024 1.4000 -245.7698
v 27.5950 0.0000 -247.0311
v 28.2024 -1.4000 -245.7698
v 14.7754 0.0000 -239.5976
v 14.4639 1.4000 -240.9625
v 14.1523 0.0000 -242.3274
v 14.4639 -1.4000 -240.9625
v 0.0000 0.0000 -237.9328
v 0.0000 1.4000 -239.3328
v 0.0000 0.0000 -240.7328
v 0.0000 -1.4000 -239.3328
v -14.7754 0.0000 -239.5976
v -14.4639 1.4000 -240.9625
v -14.1523 0.0000 -242.3274
v -14.4639 -1.4000 -240.9625
v -28.8099 0.0000 -244.5084
v -28.2024 1.4000 -245.7698
v -27.5950 0.0000 -247.0311
v -28.2024 -1.4000 -245.7698
v -41.3997 0.0000 -252.4192
v -40.5268 1.4000 -253.5137
v -39.6540 0.0000 -254.6083
v -40.5268 -1.4000 -253.5137
v -51.9136 0.0000 -262.9330
v -50.8190 1.4000 -263.8059
v -49.7245 0.0000 -264.6788
v -50.8190 -1.4000 -263.8059
v -59.8243 0.0000 -275.5229
v -58.5630 1.4000 -276.1303
v -57.3016 0.0000 -276.7378
v -58.5630 -1.4000 -276.1303
v -64.7352 0.0000 -289.5574
v -63.3703 1.4000 -289.8689
v -62.0054 0.0000 -290.1804
v -63.3703 -1.4000 -289.8689
v -66.4000 0.0000 -304.3328
v -65.0000 1.4000 -304.3328
v -63.6000 0.0000 -304.3328
v -65.0000 -1.4000 -304.3328
v -64.7352 0.0000 -319.1082
v -63.3703 1.4000 -318.7966
v -62.0054 0.0000 -318.4851
v -63.3703 -1.4000 -318.7966
v -59.8243 0.0000 -333.1426
v -58.5630 1.4000 -332.5352
v -57.3016 0.0000 -331.9278
v -58.5630 -1.4000 -332.5352
v -51.9136 0.0000 -345.7325
v -50.8190 1.4000 -344.8596
v -49.7245 0.0000 -343.9867
v -50.8190 -1.4000 -344.8596
v -41.3997 0.0000 -356.2464
v -40.5268 1.4000 -355.1518
v -39.6540 0.0000 -354.0572
v -40.5268 -1.4000 -355.1518
v -28.8099 0.0000 -364.1571
v -28.2024 1.4000 -362.8957
v -27.5950 0.0000 -361.6344
v -28.2024 -1.4000 -362.8957
v -14.7754 0.0000 -369.0680
v -14.4639 1.4000 -367.7031
v -14.1523 0.0000 -366.3382
v -14.4639 -1.4000 -367.7031
v -0.0000 0.0000 -370.7328
v -0.0000 1.4000 -369.3328
v -0.0000 0.0000 -367.9328
v -0.0000 -1.4000 -369.3328
v 14.7754 0.0000 -369.0680
v 14.4639 1.4000 -367.7031
v 14.1523 0.0000 -366.3382
v 14.4639 -1.4000 -367.7031
v 28.8099 0.0000 -364.1571
v 28.2024 1.4000 -362.8957
v 27.5950 0.0000 -361.6344
v 28.2024 -1.4000 -362.8957
v 41.3997 0.0000 -356.2464
v 40.5268 1.4000 -355.1518
v 39.6540 0.0000 -354.0572
v 40.5268 -1.4000 -355.1518
v 51.9136 0.0000 -345.7325
v 50.8190 1.4000 -344.8596
v 49.7245 0.0000 -343.9867
v 50.8190 -1.4000 -344.8596
v 59.8243 0.0000 -333.1426
v 58.5630 1.4000 -332.5352
v 57.3016 0.0000 -331.9278
v 58.5630 -1.4000 -332.5352
v 64.7352 0.0000 -319.1082
v 63.3703 1.4000 -318.7966
v 62.0054 0.0000 -318.4851
v 63.3703 -1.4000 -318.7966
v 0.0000 0.0346 -301.9330
v -1.9758 0.6625 -303.1422
v -1.9758 0.6279 -305.5420
v -0.0000 -0.0346 -306.7325
v 1.9758 -0.6625 -305.5233
v 1.9758 -0.6279 -303.1236
v -20.1796 -61.7587 -301.8410
v -21.4968 -61.3401 -302.6471
v -21.4968 -61.3632 -304.2469
v -20.1796 -61.8049 -305.0406
v -18.8625 -62.2235 -304.2345
v -18.8625 -62.2004 -302.6347
v 0.0000 0.0000 -304.3328
v -20.1796 -61.7818 -303.4408
v -20.1796 -59.5818 -303.4408
v -20.1796 -59.5818 -303.4408
v -20.1796 -59.5818 -303.4408
v -20.1796 -59.5818 -303.4408
v -20.1796 -59.5818 -303.4408
v -20.1796 -59.5818 -303.4408
v -20.1796 -59.5818 -303.4408
v -20.1796 -59.5818 -303.4408
v -18.6240 -60.2261 -303.4408
v -19.0796 -60.2261 -302.3408
v -20.1796 -60.2261 -301.8852
v -21.2796 -60.2261 -302.3408
v -21.7353 -60.2261 -303.4408
v -21.2796 -60.2261 -304.5408
v -20.1796 -60.2261 -304.9964
v -19.0796 -60.2261 -304.5408
v -17.9796 -61.7818 -303.4408
v -18.6240 -61.7818 -301.8852
v -20.1796 -61.7818 -301.2408
v -21.7353 -61.7818 -301.8852
v -22.3796 -61.7818 -303.4408
v -21.7353 -61.7818 -304.9964
v -20.1796 -61.7818 -305.6408
v -18.6240 -61.7818 -304.9964
v -18.6240 -63.3374 -303.4408
v -19.0796 -63.3374 -302.3408
v -20.1796 -63.3374 -301.8852
v -21.2796 -63.3374 -302.3408
v -21.7353 -63.3374 -303.4408
v -21.2796 -63.3374 -304.5408
v -20.1796 -63.3374 -304.9964
v -19.0796 -63.3374 -304.5408
v -20.1796 -63.9818 -303.4408
v -20.1796 -63.9818 -303.4408
v -20.1796 -63.9818 -303.4408
v -20.1796 -63.9818 -303.4408
v -20.1796 -63.9818 -303.4408
v -20.1796 -63.9818 -303.4408
v -20.1796 -63.9818 -303.4408
v -20.1796 -63.9818 -303.4408
v 0.0122 0.0000 -301.9328
v 0.4350 -2.0337 -303.1350
v 0.4229 -2.0337 -305.5349
v -0.0122 -0.0000 -306.7327
v -0.4350 2.0337 -305.5306
v -0.4229 2.0337 -303.1306
v 63.6080 13.4148 -303.0558
v 63.8899 12.0590 -303.8573
v 63.8817 12.0590 -305.4572
v 63.5917 13.4148 -306.2558
v 63.3098 14.7706 -305.4543
v 63.3179 14.7706 -303.8544
v 0.0000 0.0000 -304.3328
v 63.5998 13.4148 -304.6558
v 63.5998 15.6148 -304.6558
v 63.5998 15.6148 -304.6558
v 63.5998 15.6148 -304.6558
v 63.5998 15.6148 -304.6558
v 63.5998 15.6148 -304.6558
v 63.5998 15.6148 -304.6558
v 63.5998 15.6148 -304.6558
v 63.5998 15.6148 -304.6558
v 65.1555 14.9704 -304.6558
v 64.6998 14.9704 -303.5558
v 63.5998 14.9704 -303.1002
v 62.4998 14.9704 -303.5558
v 62.0442 14.9704 -304.6558
v 62.4998 14.9704 -305.7558
v 63.5998 14.9704 -306.2114
v 64.6998 14.9704 -305.7558
v 65.7998 13.4148 -304.6558
v 65.1555 13.4148 -303.1002
v 63.5998 13.4148 -302.4558
v 62.0442 13.4148 -303.1002
v 61.3998 13.4148 -304.6558
v 62.0442 13.4148 -306.2114
v 63.5998 13.4148 -306.8558
v 65.1555 13.4148 -306.2114
v 65.1555 11.8592 -304.6558
v 64.6998 11.8592 -303.5558
v 63.5998 11.8592 -303.1002
v 62.4998 11.8592 -303.5558
v 62.0442 11.8592 -304.6558
v 62.4998 11.8592 -305.7558
v 63.5998 11.8592 -306.2114
v 64.6998 11.8592 -305.7558
v 63.5998 11.2148 -304.6558
v 63.5998 11.2148 -304.6558
v 63.5998 11.2148 -304.6558
v 63.5998 11.2148 -304.6558
v 63.5998 11.2148 -304.6558
v 63.5998 11.2148 -304.6558
v 63.5998 11.2148 -304.6558
v 63.5998 11.2148 -304.6558
v 0.0314 0.0000 -306.7326
v -1.5307 -1.3885 -305.5529
v -1.5622 -1.3885 -303.1531
v -0.0314 -0.0000 -301.9330
v 1.5307 1.3885 -303.1126
v 1.5622 1.3885 -305.5124
v -43.3992 48.3670 -306.5016
v -44.4407 47.4413 -305.7151
v -44.4617 47.4413 -304.1153
v -43.4412 48.3670 -303.3018
v -42.3997 49.2927 -304.0883
v -42.3787 49.2927 -305.6881
v 0.0000 0.0000 -304.3328
v -43.4202 48.3670 -304.9017
v -43.4202 50.5670 -304.9017
v -43.4202 50.5670 -304.9017
v -43.4202 50.5670 -304.9017
v -43.4202 50.5670 -304.9017
v -43.4202 50.5670 -304.9017
v -43.4202 50.5670 -304.9017
v -43.4202 50.5670 -304.9017
v -43.4202 50.5670 -304.9017
v -41.8646 49.9226 -304.9017
v -42.3202 49.9226 -303.8017
v -43.4202 49.9226 -303.3461
v -44.5202 49.9226 -303.8017
v -44.9758 49.9226 -304.9017
v -44.5202 49.9226 -306.0017
v -43.4202 49.9226 -306.4573
v -42.3202 49.9226 -306.0017
v -41.2202 48.3670 -304.9017
v -41.8646 48.3670 -303.3461
v -43.4202 48.3670 -302.7017
v -44.9758 48.3670 -303.3461
v -45.6202 48.3670 -304.9017
v -44.9758 48.3670 -306.4573
v -43.4202 48.3670 -307.1017
v -41.8646 48.3670 -306.4573
v -41.8646 46.8113 -304.9017
v -42.3202 46.8113 -303.8017
v -43.4202 46.8113 -303.3461
v -44.5202 46.8113 -303.8017
v -44.9758 46.8113 -304.9017
v -44.5202 46.8113 -306.0017
v -43.4202 46.8113 -306.4573
v -42.3202 46.8113 -306.0017
v -43.4202 46.1670 -304.9017
v -43.4202 46.1670 -304.9017
v -43.4202 46.1670 -304.9017
v -43.4202 46.1670 -304.9017
v -43.4202 46.1670 -304.9017
v -43.4202 46.1670 -304.9017
v -43.4202 46.1670 -304.9017
v -43.4202 46.1670 -304.9017
v 66.8431 2.7841 -101.4638
v 65.4431 4.1841 -101.4638
v 64.0431 2.7841 -101.4638
v 65.4431 1.3841 -101.4638
v 65.1784 2.7841 -86.6885
v 63.8135 4.1841 -87.0000
v 62.4486 2.7841 -87.3115
v 63.8135 1.3841 -87.0000
v 60.2675 2.7841 -72.6540
v 59.0061 4.1841 -73.2614
v 57.7448 2.7841 -73.8688
v 59.0061 1.3841 -73.2614
v 52.3568 2.7841 -60.0641
v 51.2622 4.1841 -60.9370
v 50.1676 2.7841 -61.8099
v 51.2622 1.3841 -60.9370
v 41.8429 2.7841 -49.5502
v 40.9700 4.1841 -50.6448
v 40.0971 2.7841 -51.7394
v 40.9700 1.3841 -50.6448
v 29.2530 2.7841 -41.6395
v 28.6456 4.1841 -42.9009
v 28.0382 2.7841 -44.1622
v 28.6456 1.3841 -42.9009
v 15.2185 2.7841 -36.7286
v 14.9070 4.1841 -38.0935
v 14.5955 2.7841 -39.4584
v 14.9070 1.3841 -38.0935
v 0.4431 2.7841 -35.0638
v 0.4431 4.1841 -36.4638
v 0.4431 2.7841 -37.8638
v 0.4431 1.3841 -36.4638
v -14.3322 2.7841 -36.7286
v -14.0207 4.1841 -38.0935
v -13.7092 2.7841 -39.4584
v -14.0207 1.3841 -38.0935
v -28.3667 2.7841 -41.6395
v -27.7593 4.1841 -42.9009
v -27.1519 2.7841 -44.1622
v -27.7593 1.3841 -42.9009
v -40.9566 2.7841 -49.5502
v -40.0837 4.1841 -50.6448
v -39.2108 2.7841 -51.7394
v -40.0837 1.3841 -50.6448
v -51.4705 2.7841 -60.0641
v -50.3759 4.1841 -60.9370
v -49.2813 2.7841 -61.8099
v -50.3759 1.3841 -60.9370
v -59.3812 2.7841 -72.6540
v -58.1198 4.1841 -73.2614
v -56.8585 2.7841 -73.8688
v -58.1198 1.3841 -73.2614
v -64.2921 2.7841 -86.6885
v -62.9272 4.1841 -87.0000
v -61.5623 2.7841 -87.3115
v -62.9272 1.3841 -87.0000
v -65.9569 2.7841 -101.4638
v -64.5569 4.1841 -101.4638
v -63.1569 2.7841 -101.4638
v -64.5569 1.3841 -101.4638
v -64.2921 2.7841 -116.2392
v -62.9272 4.1841 -115.9277
v -61.5623 2.7841 -115.6162
v -62.9272 1.3841 -115.9277
v -59.3812 2.7841 -130.2737
v -58.1198 4.1841 -129.6663
v -56.8585 2.7841 -129.0588
v -58.1198 1.3841 -129.6663
v -51.4705 2.7841 -142.8636
v -50.3759 4.1841 -141.9907
v -49.2813 2.7841 -141.1178
v -50.3759 1.3841 -141.9907
v -40.9566 2.7841 -153.3775
v -40.0837 4.1841 -152.2829
v -39.2108 2.7841 -151.1883
v -40.0837 1.3841 -152.2829
v -28.3667 2.7841 -161.2882
v -27.7593 4.1841 -160.0268
v -27.1519 2.7841 -158.7655
v -27.7593 1.3841 -160.0268
v -14.3322 2.7841 -166.1991
v -14.0207 4.1841 -164.8342
v -13.7092 2.7841 -163.4693
v -14.0207 1.3841 -164.8342
v 0.4431 2.7841 -167.8638
v 0.4431 4.1841 -166.4638
v 0.4431 2.7841 -165.0638
v 0.4431 1.3841 -166.4638
v 15.2185 2.7841 -166.1991
v 14.9070 4.1841 -164.8342
v 14.5955 2.7841 -163.4693
v 14.9070 1.3841 -164.8342
v 29.2530 2.7841 -161.2882
v 28.6456 4.1841 -160.0268
v 28.0382 2.7841 -158.7655
v 28.6456 1.3841 -160.0268
v 41.8429 2.7841 -153.3775
v 40.9700 4.1841 -152.2829
v 40.0971 2.7841 -151.1883
v 40.9700 1.3841 -152.2829
v 52.3568 2.7841 -142.8636
v 51.2622 4.1841 -141.9907
v 50.1676 2.7841 -141.1178
v 51.2622 1.3841 -141.9907
v 60.2675 2.7841 -130.2737
v 59.0061 4.1841 -129.6663
v 57.7448 2.7841 -129.0588
v 59.0061 1.3841 -129.6663
v 65.1784 2.7841 -116.2392
v 63.8135 4.1841 -115.9277
v 62.4486 2.7841 -115.6162
v 63.8135 1.3841 -115.9277
v -1.9071 2.7841 -101.9502
v -1.0871 1.6666 -99.9909
v 1.2631 1.6666 -99.5046
v 2.7934 2.7841 -100.9775
v 1.9734 3.9017 -102.9367
v -0.3768 3.9017 -103.4231
v -8.2060 57.5879 -67.5625
v -7.6594 56.8428 -66.2564
v -6.0926 56.8428 -65.9321
v -5.0724 57.5879 -66.9141
v -5.6191 58.3330 -68.2202
v -7.1859 58.3330 -68.5445
v 0.4431 2.7841 -101.4638
v -6.6392 57.5879 -67.2383
v -6.6392 59.7879 -67.2383
v -6.6392 59.7879 -67.2383
v -6.6392 59.7879 -67.2383
v -6.6392 59.7879 -67.2383
v -6.6392 59.7879 -67.2383
v -6.6392 59.7879 -67.2383
v -6.6392 59.7879 -67.2383
v -6.6392 59.7879 -67.2383
v -5.0836 59.1435 -67.2383
v -5.5392 59.1435 -66.1383
v -6.6392 59.1435 -65.6827
v -7.7392 59.1435 -66.1383
v -8.1949 59.1435 -67.2383
v -7.7392 59.1435 -68.3383
v -6.6392 59.1435 -68.7939
v -5.5392 59.1435 -68.3383
v -4.4392 57.5879 -67.2383
v -5.0836 57.5879 -65.6827
v -6.6392 57.5879 -65.0383
v -8.1949 57.5879 -65.6827
v -8.8392 57.5879 -67.2383
v -8.1949 57.5879 -68.7939
v -6.6392 57.5879 -69.4383
v -5.0836 57.5879 -68.7939
v -5.0836 56.0323 -67.2383
v -5.5392 56.0323 -66.1383
v -6.6392 56.0323 -65.6827
v -7.7392 56.0323 -66.1383
v -8.1949 56.0323 -67.2383
v -7.7392 56.0323 -68.3383
v -6.6392 56.0323 -68.7939
v -5.5392 56.0323 -68.3383
v -6.6392 55.3879 -67.2383
v -6.6392 55.3879 -67.2383
v -6.6392 55.3879 -67.2383
v -6.6392 55.3879 -67.2383
v -6.6392 55.3879 -67.2383
v -6.6392 55.3879 -67.2383
v -6.6392 55.3879 -67.2383
v -6.6392 55.3879 -67.2383
v 0.8809 2.7841 -99.1041
v -0.0922 0.8524 -100.1441
v -0.5299 0.8524 -102.5038
v 0.0054 2.7841 -103.8236
v 0.9785 4.7159 -102.7836
v 1.4162 4.7159 -100.4239
v 60.1327 -21.2058 -110.9083
v 59.4840 -22.4936 -111.6016
v 59.1922 -22.4936 -113.1748
v 59.5491 -21.2058 -114.0546
v 60.1978 -19.9180 -113.3613
v 60.4897 -19.9180 -111.7881
v 0.4431 2.7841 -101.4638
v 59.8409 -21.2058 -112.4815
v 59.8409 -19.0058 -112.4815
v 59.8409 -19.0058 -112.4815
v 59.8409 -19.0058 -112.4815
v 59.8409 -19.0058 -112.4815
v 59.8409 -19.0058 -112.4815
v 59.8409 -19.0058 -112.4815
v 59.8409 -19.0058 -112.4815
v 59.8409 -19.0058 -112.4815
v 61.3966 -19.6502 -112.4815
v 60.9409 -19.6502 -111.3815
v 59.8409 -19.6502 -110.9258
v 58.7409 -19.6502 -111.3815
v 58.2853 -19.6502 -112.4815
v 58.7409 -19.6502 -113.5815
v 59.8409 -19.6502 -114.0371
v 60.9409 -19.6502 -113.5815
v 62.0409 -21.2058 -112.4815
v 61.3966 -21.2058 -110.9258
v 59.8409 -21.2058 -110.2815
v 58.2853 -21.2058 -110.9258
v 57.6409 -21.2058 -112.4815
v 58.2853 -21.2058 -114.0371
v 59.8409 -21.2058 -114.6815
v 61.3966 -21.2058 -114.0371
v 61.3966 -22.7614 -112.4815
v 60.9409 -22.7614 -111.3815
v 59.8409 -22.7614 -110.9258
v 58.7409 -22.7614 -111.3815
v 58.2853 -22.7614 -112.4815
v 58.7409 -22.7614 -113.5815
v 59.8409 -22.7614 -114.0371
v 60.9409 -22.7614 -113.5815
v 59.8409 -23.4058 -112.4815
v 59.8409 -23.4058 -112.4815
v 59.8409 -23.4058 -112.4815
v 59.8409 -23.4058 -112.4815
v 59.8409 -23.4058 -112.4815
v 59.8409 -23.4058 -112.4815
v 59.8409 -23.4058 -112.4815
v 59.8409 -23.4058 -112.4815
v 1.4164 2.7841 -103.6577
v 1.8304 0.9541 -102.1612
v 0.8572 0.9541 -99.9674
v -0.5301 2.7841 -99.2700
v -0.9441 4.6142 -100.7665
v 0.0291 4.6142 -102.9603
v -51.2234 -28.0297 -126.1343
v -50.9474 -29.2497 -125.1367
v -51.5962 -29.2497 -123.6741
v -52.5211 -28.0297 -123.2092
v -52.7971 -26.8096 -124.2069
v -52.1483 -26.8096 -125.6694
v 0.4431 2.7841 -101.4638
v -51.8722 -28.0297 -124.6718
v -51.8722 -25.8297 -124.6718
v -51.8722 -25.8297 -124.6718
v -51.8722 -25.8297 -124.6718
v -51.8722 -25.8297 -124.6718
v -51.8722 -25.8297 -124.6718
v -51.8722 -25.8297 -124.6718
v -51.8722 -25.8297 -124.6718
v -51.8722 -25.8297 -124.6718
v -50.3166 -26.4740 -124.6718
v -50.7722 -26.4740 -123.5718
v -51.8722 -26.4740 -123.1161
v -52.9722 -26.4740 -123.5718
v -53.4279 -26.4740 -124.6718
v -52.9722 -26.4740 -125.7718
v -51.8722 -26.4740 -126.2274
v -50.7722 -26.4740 -125.7718
v -49.6722 -28.0297 -124.6718
v -50.3166 -28.0297 -123.1161
v -51.8722 -28.0297 -122.4718
v -53.4279 -28.0297 -123.1161
v -54.0722 -28.0297 -124.6718
v -53.4279 -28.0297 -126.2274
v -51.8722 -28.0297 -126.8718
v -50.3166 -28.0297 -126.2274
v -50.3166 -29.5853 -124.6718
v -50.7722 -29.5853 -123.5718
v -51.8722 -29.5853 -123.1161
v -52.9722 -29.5853 -123.5718
v -53.4279 -29.5853 -124.6718
v -52.9722 -29.5853 -125.7718
v -51.8722 -29.5853 -126.2274
v -50.7722 -29.5853 -125.7718
v -51.8722 -30.2297 -124.6718
v -51.8722 -30.2297 -124.6718
v -51.8722 -30.2297 -124.6718
v -51.8722 -30.2297 -124.6718
v -51.8722 -30.2297 -124.6718
v -51.8722 -30.2297 -124.6718
v -51.8722 -30.2297 -124.6718
v -51.8722 -30.2297 -124.6718
v 78.8903 111.1824 -272.5440
v 77.4903 112.5824 -272.5440
v 76.0903 111.1824 -272.5440
v 77.4903 109.7824 -272.5440
v 77.2255 111.1824 -257.7686
v 75.8606 112.5824 -258.0802
v 74.4957 111.1824 -258.3917
v 75.8606 109.7824 -258.0802
v 72.3146 111.1824 -243.7341
v 71.0532 112.5824 -244.3416
v 69.7919 111.1824 -244.9490
v 71.0532 109.7824 -244.3416
v 64.4039 111.1824 -231.1443
v 63.3093 112.5824 -232.0172
v 62.2148 111.1824 -232.8901
v 63.3093 109.7824 -232.0172
v 53.8900 111.1824 -220.6304
v 53.0171 112.5824 -221.7250
v 52.1442 111.1824 -222.8195
v 53.0171 109.7824 -221.7250
v 41.3002 111.1824 -212.7197
v 40.6927 112.5824 -213.9810
v 40.0853 111.1824 -215.2424
v 40.6927 109.7824 -213.9810
v 27.2657 111.1824 -207.8088
v 26.9541 112.5824 -209.1737
v 26.6426 111.1824 -210.5386
v 26.9541 109.7824 -209.1737
v 12.4903 111.1824 -206.1440
v 12.4903 112.5824 -207.5440
v 12.4903 111.1824 -208.9440
v 12.4903 109.7824 -207.5440
v -2.2851 111.1824 -207.8088
v -1.9736 112.5824 -209.1737
v -1.6621 111.1824 -210.5386
v -1.9736 109.7824 -209.1737
v -16.3196 111.1824 -212.7197
v -15.7122 112.5824 -213.9810
v -15.1047 111.1824 -215.2424
v -15.7122 109.7824 -213.9810
v -28.9095 111.1824 -220.6304
v -28.0366 112.5824 -221.7250
v -27.1637 111.1824 -222.8195
v -28.0366 109.7824 -221.7250
v -39.4233 111.1824 -231.1443
v -38.3288 112.5824 -232.0172
v -37.2342 111.1824 -232.8901
v -38.3288 109.7824 -232.0172
v -47.3341 111.1824 -243.7341
v -46.0727 112.5824 -244.3416
v -44.8113 111.1824 -244.9490
v -46.0727 109.7824 -244.3416
v -52.2449 111.1824 -257.7686
v -50.8800 112.5824 -258.0802
v -49.5151 111.1824 -258.3917
v -50.8800 109.7824 -258.0802
v -53.9097 111.1824 -272.5440
v -52.5097 112.5824 -272.5440
v -51.1097 111.1824 -272.5440
v -52.5097 109.7824 -272.5440
v -52.2449 111.1824 -287.3194
v -50.8800 112.5824 -287.0079
v -49.5151 111.1824 -286.6963
v -50.8800 109.7824 -287.0079
v -47.3341 111.1824 -301.3539
v -46.0727 112.5824 -300.7465
v -44.8113 111.1824 -300.1390
v -46.0727 109.7824 -300.7465
v -39.4233 111.1824 -313.9437
v -38.3288 112.5824 -313.0708
v -37.2342 111.1824 -312.1980
v -38.3288 109.7824 -313.0708
v -28.9095 111.1824 -324.4576
v -28.0366 112.5824 -323.3631
v -27.1637 111.1824 -322.2685
v -28.0366 109.7824 -323.3631
v -16.3196 111.1824 -332.3683
v -15.7122 112.5824 -331.1070
v -15.1047 111.1824 -329.8456
v -15.7122 109.7824 -331.1070
v -2.2851 111.1824 -337.2792
v -1.9736 112.5824 -335.9143
v -1.6621 111.1824 -334.5494
v -1.9736 109.7824 -335.9143
v 12.4903 111.1824 -338.9440
v 12.4903 112.5824 -337.5440
v 12.4903 111.1824 -336.1440
v 12.4903 109.7824 -337.5440
v 27.2657 111.1824 -337.2792
v 26.9541 112.5824 -335.9143
v 26.6426 111.1824 -334.5494
v 26.9541 109.7824 -335.9143
v 41.3002 111.1824 -332.3683
v 40.6927 112.5824 -331.1070
v 40.0853 111.1824 -329.8456
v 40.6927 109.7824 -331.1070
v 53.8900 111.1824 -324.4576
v 53.0171 112.5824 -323.3631
v 52.1442 111.1824 -322.2685
v 53.0171 109.7824 -323.3631
v 64.4039 111.1824 -313.9437
v 63.3093 112.5824 -313.0708
v 62.2148 111.1824 -312.1980
v 63.3093 109.7824 -313.0708
v 72.3146 111.1824 -301.3539
v 71.0532 112.5824 -300.7465
v 69.7919 111.1824 -300.1390
v 71.0532 109.7824 -300.7465
v 77.2255 111.1824 -287.3194
v 75.8606 112.5824 -287.0079
v 74.4957 111.1824 -286.6963
v 75.8606 109.7824 -287.0079
v 12.4903 112.1640 -274.7341
v 10.4198 111.5069 -273.7136
v 10.4198 110.5254 -271.5235
v 12.4903 110.2009 -270.3539
v 14.5607 110.8579 -271.3744
v 14.5607 111.8395 -273.5645
v 6.7920 170.9239 -247.5232
v 5.4117 170.4859 -246.8428
v 5.4117 169.8316 -245.3827
v 6.7920 169.6152 -244.6030
v 8.1723 170.0533 -245.2834
v 8.1723 170.7076 -246.7435
v 12.4903 111.1824 -272.5440
v 6.7920 170.2696 -246.0631
v 6.7920 172.4696 -246.0631
v 6.7920 172.4696 -246.0631
v 6.7920 172.4696 -246.0631
v 6.7920 172.4696 -246.0631
v 6.7920 172.4696 -246.0631
v 6.7920 172.4696 -246.0631
v 6.7920 172.4696 -246.0631
v 6.7920 172.4696 -246.0631
v 8.3477 171.8252 -246.0631
v 7.8920 171.8252 -244.9631
v 6.7920 171.8252 -244.5075
v 5.6920 171.8252 -244.9631
v 5.2364 171.8252 -246.0631
v 5.6920 171.8252 -247.1631
v 6.7920 171.8252 -247.6187
v 7.8920 171.8252 -247.1631
v 8.9920 170.2696 -246.0631
v 8.3477 170.2696 -244.5075
v 6.7920 170.2696 -243.8631
v 5.2364 170.2696 -244.5075
v 4.5920 170.2696 -246.0631
v 5.2364 170.2696 -247.6187
v 6.7920 170.2696 -248.2631
v 8.3477 170.2696 -247.6187
v 8.3477 168.7140 -246.0631
v 7.8920 168.7140 -244.9631
v 6.7920 168.7140 -244.5075
v 5.6920 168.7140 -244.9631
v 5.2364 168.7140 -246.0631
v 5.6920 168.7140 -247.1631
v 6.7920 168.7140 -247.6187
v 7.8920 168.7140 -247.1631
v 6.7920 168.0696 -246.0631
v 6.7920 168.0696 -246.0631
v 6.7920 168.0696 -246.0631
v 6.7920 168.0696 -246.0631
v 6.7920 168.0696 -246.0631
v 6.7920 168.0696 -246.0631
v 6.7920 168.0696 -246.0631
v 6.7920 168.0696 -246.0631
v 12.4278 111.1824 -270.1448
v 11.4711 109.3540 -271.3701
v 11.5336 109.3540 -273.7693
v 12.5527 111.1824 -274.9432
v 13.5094 113.0109 -273.7179
v 13.4470 113.0109 -271.3187
v 69.6115 80.2761 -269.4570
v 68.9737 79.0572 -270.2738
v 69.0153 79.0572 -271.8733
v 69.6947 80.2761 -272.6559
v 70.3325 81.4951 -271.8390
v 70.2909 81.4951 -270.2396
v 12.4903 111.1824 -272.5440
v 69.6531 80.2761 -271.0564
v 69.6531 82.4761 -271.0564
v 69.6531 82.4761 -271.0564
v 69.6531 82.4761 -271.0564
v 69.6531 82.4761 -271.0564
v 69.6531 82.4761 -271.0564
v 69.6531 82.4761 -271.0564
v 69.6531 82.4761 -271.0564
v 69.6531 82.4761 -271.0564
v 71.2087 81.8318 -271.0564
v 70.7531 81.8318 -269.9564
v 69.6531 81.8318 -269.5008
v 68.5531 81.8318 -269.9564
v 68.0975 81.8318 -271.0564
v 68.5531 81.8318 -272.1564
v 69.6531 81.8318 -272.6121
v 70.7531 81.8318 -272.1564
v 71.8531 80.2761 -271.0564
v 71.2087 80.2761 -269.5008
v 69.6531 80.2761 -268.8564
v 68.0975 80.2761 -269.5008
v 67.4531 80.2761 -271.0564
v 68.0975 80.2761 -272.6121
v 69.6531 80.2761 -273.2564
v 71.2087 80.2761 -272.6121
v 71.2087 78.7205 -271.0564
v 70.7531 78.7205 -269.9564
v 69.6531 78.7205 -269.5008
v 68.5531 78.7205 -269.9564
v 68.0975 78.7205 -271.0564
v 68.5531 78.7205 -272.1564
v 69.6531 78.7205 -272.6121
v 70.7531 78.7205 -272.1564
v 69.6531 78.0761 -271.0564
v 69.6531 78.0761 -271.0564
v 69.6531 78.0761 -271.0564
v 69.6531 78.0761 -271.0564
v 69.6531 78.0761 -271.0564
v 69.6531 78.0761 -271.0564
v 69.6531 78.0761 -271.0564
v 69.6531 78.0761 -271.0564
v 13.6363 111.1824 -274.6527
v 13.8550 109.3095 -273.1681
v 12.7090 109.3095 -271.0594
v 11.3443 111.1824 -270.4353
v 11.1255 113.0554 -271.9199
v 12.2715 113.0554 -274.0287
v -38.2103 83.0016 -301.9183
v -38.0645 81.7529 -300.9286
v -38.8285 81.7529 -299.5228
v -39.7383 83.0016 -299.1067
v -39.8841 84.2502 -300.0965
v -39.1201 84.2502 -301.5023
v 12.4903 111.1824 -272.5440
v -38.9743 83.0016 -300.5125
v -38.9743 85.2016 -300.5125
v -38.9743 85.2016 -300.5125
v -38.9743 85.2016 -300.5125
v -38.9743 85.2016 -300.5125
v -38.9743 85.2016 -300.5125
v -38.9743 85.2016 -300.5125
v -38.9743 85.2016 -300.5125
v -38.9743 85.2016 -300.5125
v -37.4187 84.5572 -300.5125
v -37.8743 84.5572 -299.4125
v -38.9743 84.5572 -298.9569
v -40.0743 84.5572 -299.4125
v -40.5299 84.5572 -300.5125
v -40.0743 84.5572 -301.6125
v -38.9743 84.5572 -302.0682
v -37.8743 84.5572 -301.6125
v -36.7743 83.0016 -300.5125
v -37.4187 83.0016 -298.9569
v -38.9743 83.0016 -298.3125
v -40.5299 83.0016 -298.9569
v -41.1743 83.0016 -300.5125
v -40.5299 83.0016 -302.0682
v -38.9743 83.0016 -302.7125
v -37.4187 83.0016 -302.0682
v -37.4187 81.4460 -300.5125
v -37.8743 81.4460 -299.4125
v -38.9743 81.4460 -298.9569
v -40.0743 81.4460 -299.4125
v -40.5299 81.4460 -300.5125
v -40.0743 81.4460 -301.6125
v -38.9743 81.4460 -302.0682
v -37.8743 81.4460 -301.6125
v -38.9743 80.8016 -300.5125
v -38.9743 80.8016 -300.5125
v -38.9743 80.8016 -300.5125
v -38.9743 80.8016 -300.5125
v -38.9743 80.8016 -300.5125
v -38.9743 80.8016 -300.5125
v -38.9743 80.8016 -300.5125
v -38.9743 80.8016 -300.5125
v 22.4653 145.7121 -348.1628
v 24.5066 140.7107 -349.9630
v 28.8369 137.0493 -350.4779
v 34.2959 135.7092 -349.5697
v 39.4209 137.0493 -347.4816
v 42.8387 140.7107 -344.7732
v 43.6334 145.7121 -342.1702
v 41.5922 150.7136 -340.3700
v 37.2619 154.3749 -339.8551
v 31.8029 155.7150 -340.7633
v 26.6778 154.3749 -342.8514
v 23.2601 150.7136 -345.5598
v 3.8306 111.1824 -274.9955
v 5.5007 107.0903 -276.4684
v 9.0437 104.0947 -276.8897
v 13.5102 102.9982 -276.1466
v 17.7034 104.0947 -274.4382
v 20.4997 107.0903 -272.2222
v 21.1500 111.1824 -270.0925
v 19.4798 115.2745 -268.6196
v 15.9369 118.2702 -268.1983
v 11.4704 119.3666 -268.9414
v 7.2772 118.2702 -270.6498
v 4.4808 115.2745 -272.8658
v 33.0494 145.7121 -345.1665
v 12.4903 111.1824 -272.5440
v 3.8306 111.1824 -274.9955
v 5.5007 107.0903 -276.4684
v 9.0437 104.0947 -276.8897
v 13.5102 102.9982 -276.1466
v 17.7034 104.0947 -274.4382
v 20.4997 107.0903 -272.2222
v 21.1500 111.1824 -270.0925
v 19.4798 115.2745 -268.6196
v 15.9369 118.2702 -268.1983
v 11.4704 119.3666 -268.9414
v 7.2772 118.2702 -270.6498
v 4.4808 115.2745 -272.8658
v 2.3444 108.6863 -269.7457
v 4.0145 104.5942 -271.2186
v 7.5575 101.5986 -271.6399
v 12.0240 100.5021 -270.8968
v 16.2172 101.5986 -269.1884
v 19.0135 104.5942 -266.9724
v 19.6638 108.6863 -264.8427
v 17.9936 112.7784 -263.3698
v 14.4507 115.7740 -262.9485
v 9.9842 116.8705 -263.6916
v 5.7910 115.7740 -265.4000
v 2.9946 112.7784 -267.6160
v 12.4903 111.1824 -272.5440
v 11.0041 108.6863 -267.2942
g truss_cells
f 1 2 14
f 1 14 13
f 2 3 15
f 2 15 14
f 3 4 16
f 3 16 15
f 4 5 17
f 4 17 16
f 5 6 18
f 5 18 17
f 6 7 19
f 6 19 18
f 7 8 20
f 7 20 19
f 8 9 21
f 8 21 20
f 9 10 22
f 9 22 21
f 10 11 23
f 10 23 22
f 11 12 24
f 11 24 23
f 12 1 13
f 12 13 24
f 13 14 26
f 13 26 25
f 14 15 27
f 14 27 26
f 15 16 28
f 15 28 27
f 16 17 29
f 16 29 28
f 17 18 30
f 17 30 29
f 18 19 31
f 18 31 30
f 19 20 32
f 19 32 31
f 20 21 33
f 20 33 32
f 21 22 34
f 21 34 33
f 22 23 35
f 22 35 34
f 23 24 36
f 23 36 35
f 24 13 25
f 24 25 36
f 25 26 38
f 25 38 37
f 26 27 39
f 26 39 38
f 27 28 40
f 27 40 39
f 28 29 41
f 28 41 40
f 29 30 42
f 29 42 41
f 30 31 43
f 30 43 42
f 31 32 44
f 31 44 43
f 32 33 45
f 32 45 44
f 33 34 46
f 33 46 45
f 34 35 47
f 34 47 46
f 35 36 48
f 35 48 47
f 36 25 37
f 36 37 48
f 37 38 50
f 37 50 49
f 38 39 51
f 38 51 50
f 39 40 52
f 39 52 51
f 40 41 53
f 40 53 52
f 41 42 54
f 41 54 53
f 42 43 55
f 42 55 54
f 43 44 56
f 43 56 55
f 44 45 57
f 44 57 56
f 45 46 58
f 45 58 57
f 46 47 59
f 46 59 58
f 47 48 60
f 47 60 59
f 48 37 49
f 48 49 60
f 49 50 62
f 49 62 61
f 50 51 63
f 50 63 62
f 51 52 64
f 51 64 63
f 52 53 65
f 52 65 64
f 53 54 66
f 53 66 65
f 54 55 67
f 54 67 66
f 55 56 68
f 55 68 67
f 56 57 69
f 56 69 68
f 57 58 70
f 57 70 69
f 58 59 71
f 58 71 70
f 59 60 72
f 59 72 71
f 60 49 61
f 60 61 72
f 61 62 74
f 61 74 73
f 62 63 75
f 62 75 74
f 63 64 76
f 63 76 75
f 64 65 77
f 64 77 76
f 65 66 78
f 65 78 77
f 66 67 79
f 66 79 78
f 67 68 80
f 67 80 79
f 68 69 81
f 68 81 80
f 69 70 82
f 69 82 81
f 70 71 83
f 70 83 82
f 71 72 84
f 71 84 83
f 72 61 73
f 72 73 84
f 229 230 242
f 229 242 241
f 230 231 243
f 230 243 242
f 231 232 244
f 231 244 243
f 232 233 245
f 232 245 244
f 233 234 246
f 233 246 245
f 234 235 247
f 234 247 246
f 235 236 248
f 235 248 247
f 236 237 249
f 236 249 248
f 237 238 250
f 237 250 249
f 238 239 251
f 238 251 250
f 239 240 252
f 239 252 251
f 240 229 241
f 240 241 252
f 241 242 254
f 241 254 253
f 242 243 255
f 242 255 254
f 243 244 256
f 243 256 255
f 244 245 257
f 244 257 256
f 245 246 258
f 245 258 257
f 246 247 259
f 246 259 258
f 247 248 260
f 247 260 259
f 248 249 261
f 248 261 260
f 249 250 262
f 249 262 261
f 250 251 263
f 250 263 262
f 251 252 264
f 251 264 263
f 252 241 253
f 252 253 264
f 253 254 266
f 253 266 265
f 254 255 267
f 254 267 266
f 255 256 268
f 255 268 267
f 256 257 269
f 256 269 268
f 257 258 270
f 257 270 269
f 258 259 271
f 258 271 270
f 259 260 272
f 259 272 271
f 260 261 273
f 260 273 272
f 261 262 274
f 261 274 273
f 262 263 275
f 262 275 274
f 263 264 276
f 263 276 275
f 264 253 265
f 264 265 276
f 265 266 278
f 265 278 277
f 266 267 279
f 266 279 278
f 267 268 280
f 267 280 279
f 268 269 281
f 268 281 280
f 269 270 282
f 269 282 281
f 270 271 283
f 270 283 282
f 271 272 284
f 271 284 283
f 272 273 285
f 272 285 284
f 273 274 286
f 273 286 285
f 274 275 287
f 274 287 286
f 275 276 288
f 275 288 287
f 276 265 277
f 276 277 288
f 277 278 290
f 277 290 289
f 278 279 291
f 278 291 290
f 279 280 292
f 279 292 291
f 280 281 293
f 280 293 292
f 281 282 294
f 281 294 293
f 282 283 295
f 282 295 294
f 283 284 296
f 283 296 295
f 284 285 297
f 284 297 296
f 285 286 298
f 285 298 297
f 286 287 299
f 286 299 298
f 287 288 300
f 287 300 299
f 288 277 289
f 288 289 300
f 289 290 302
f 289 302 301
f 290 291 303
f 290 303 302
f 291 292 304
f 291 304 303
f 292 293 305
f 292 305 304
f 293 294 306
f 293 306 305
f 294 295 307
f 294 307 306
f 295 296 308
f 295 308 307
f 296 297 309
f 296 309 308
f 297 298 310
f 297 310 309
f 298 299 311
f 298 311 310
f 299 300 312
f 299 312 311
f 300 289 301
f 300 301 312
f 457 458 470
f 457 470 469
f 458 459 471
f 458 471 470
f 459 460 472
f 459 472 471
f 460 461 473
f 460 473 472
f 461 462 474
f 461 474 473
f 462 463 475
f 462 475 474
f 463 464 476
f 463 476 475
f 464 465 477
f 464 477 476
f 465 466 478
f 465 478 477
f 466 467 479
f 466 479 478
f 467 468 480
f 467 480 479
f 468 457 469
f 468 469 480
f 469 470 482
f 469 482 481
f 470 471 483
f 470 483 482
f 471 472 484
f 471 484 483
f 472 473 485
f 472 485 484
f 473 474 486
f 473 486 485
f 474 475 487
f 474 487 486
f 475 476 488
f 475 488 487
f 476 477 489
f 476 489 488
f 477 478 490
f 477 490 489
f 478 479 491
f 478 491 490
f 479 480 492
f 479 492 491
f 480 469 481
f 480 481 492
f 481 482 494
f 481 494 493
f 482 483 495
f 482 495 494
f 483 484 496
f 483 496 495
f 484 485 497
f 484 497 496
f 485 486 498
f 485 498 497
f 486 487 499
f 486 499 498
f 487 488 500
f 487 500 499
f 488 489 501
f 488 501 500
f 489 490 502
f 489 502 501
f 490 491 503
f 490 503 502
f 491 492 504
f 491 504 503
f 492 481 493
f 492 493 504
f 493 494 506
f 493 506 505
f 494 495 507
f 494 507 506
f 495 496 508
f 495 508 507
f 496 497 509
f 496 509 508
f 497 498 510
f 497 510 509
f 498 499 511
f 498 511 510
f 499 500 512
f 499 512 511
f 500 501 513
f 500 513 512
f 501 502 514
f 501 514 513
f 502 503 515
f 502 515 514
f 503 504 516
f 503 516 515
f 504 493 505
f 504 505 516
f 505 506 518
f 505 518 517
f 506 507 519
f 506 519 518
f 507 508 520
f 507 520 519
f 508 509 521
f 508 521 520
f 509 510 522
f 509 522 521
f 510 511 523
f 510 523 522
f 511 512 524
f 511 524 523
f 512 513 525
f 512 525 524
f 513 514 526
f 513 526 525
f 514 515 527
f 514 527 526
f 515 516 528
f 515 528 527
f 516 505 517
f 516 517 528
f 517 518 530
f 517 530 529
f 518 519 531
f 518 531 530
f 519 520 532
f 519 532 531
f 520 521 533
f 520 533 532
f 521 522 534
f 521 534 533
f 522 523 535
f 522 535 534
f 523 524 536
f 523 536 535
f 524 525 537
f 524 537 536
f 525 526 538
f 525 538 537
f 526 527 539
f 526 539 538
f 527 528 540
f 527 540 539
f 528 517 529
f 528 529 540
f 685 686 698
f 685 698 697
f 686 687 699
f 686 699 698
f 687 688 700
f 687 700 699
f 688 689 701
f 688 701 700
f 689 690 702
f 689 702 701
f 690 691 703
f 690 703 702
f 691 692 704
f 691 704 703
f 692 693 705
f 692 705 704
f 693 694 706
f 693 706 705
f 694 695 707
f 694 707 706
f 695 696 708
f 695 708 707
f 696 685 697
f 696 697 708
f 697 698 710
f 697 710 709
f 698 699 711
f 698 711 710
f 699 700 712
f 699 712 711
f 700 701 713
f 700 713 712
f 701 702 714
f 701 714 713
f 702 703 715
f 702 715 714
f 703 704 716
f 703 716 715
f 704 705 717
f 704 717 716
f 705 706 718
f 705 718 717
f 706 707 719
f 706 719 718
f 707 708 720
f 707 720 719
f 708 697 709
f 708 709 720
f 709 710 722
f 709 722 721
f 710 711 723
f 710 723 722
f 711 712 724
f 711 724 723
f 712 713 725
f 712 725 724
f 713 714 726
f 713 726 725
f 714 715 727
f 714 727 726
f 715 716 728
f 715 728 727
f 716 717 729
f 716 729 728
f 717 718 730
f 717 730 729
f 718 719 731
f 718 731 730
f 719 720 732
f 719 732 731
f 720 709 721
f 720 721 732
f 721 722 734
f 721 734 733
f 722 723 735
f 722 735 734
f 723 724 736
f 723 736 735
f 724 725 737
f 724 737 736
f 725 726 738
f 725 738 737
f 726 727 739
f 726 739 738
f 727 728 740
f 727 740 739
f 728 729 741
f 728 741 740
f 729 730 742
f 729 742 741
f 730 731 743
f 730 743 742
f 731 732 744
f 731 744 743
f 732 721 733
f 732 733 744
f 733 734 746
f 733 746 745
f 734 735 747
f 734 747 746
f 735 736 748
f 735 748 747
f 736 737 749
f 736 749 748
f 737 738 750
f 737 750 749
f 738 739 751
f 738 751 750
f 739 740 752
f 739 752 751
f 740 741 753
f 740 753 752
f 741 742 754
f 741 754 753
f 742 743 755
f 742 755 754
f 743 744 756
f 743 756 755
f 744 733 745
f 744 745 756
f 745 746 758
f 745 758 757
f 746 747 759
f 746 759 758
f 747 748 760
f 747 760 759
f 748 749 761
f 748 761 760
f 749 750 762
f 749 762 761
f 750 751 763
f 750 763 762
f 751 752 764
f 751 764 763
f 752 753 765
f 752 765 764
f 753 754 766
f 753 766 765
f 754 755 767
f 754 767 766
f 755 756 768
f 755 768 767
f 756 745 757
f 756 757 768
f 913 914 926
f 913 926 925
f 914 915 927
f 914 927 926
f 915 916 928
f 915 928 927
f 916 917 929
f 916 929 928
f 917 918 930
f 917 930 929
f 918 919 931
f 918 931 930
f 919 920 932
f 919 932 931
f 920 921 933
f 920 933 932
f 921 922 934
f 921 934 933
f 922 923 935
f 922 935 934
f 923 924 936
f 923 936 935
f 924 913 925
f 924 925 936
f 925 926 938
f 925 938 937
f 926 927 939
f 926 939 938
f 927 928 940
f 927 940 939
f 928 929 941
f 928 941 940
f 929 930 942
f 929 942 941
f 930 931 943
f 930 943 942
f 931 932 944
f 931 944 943
f 932 933 945
f 932 945 944
f 933 934 946
f 933 946 945
f 934 935 947
f 934 947 946
f 935 936 948
f 935 948 947
f 936 925 937
f 936 937 948
f 937 938 950
f 937 950 949
f 938 939 951
f 938 951 950
f 939 940 952
f 939 952 951
f 940 941 953
f 940 953 952
f 941 942 954
f 941 954 953
f 942 943 955
f 942 955 954
f 943 944 956
f 943 956 955
f 944 945 957
f 944 957 956
f 945 946 958
f 945 958 957
f 946 947 959
f 946 959 958
f 947 948 960
f 947 960 959
f 948 937 949
f 948 949 960
f 949 950 962
f 949 962 961
f 950 951 963
f 950 963 962
f 951 952 964
f 951 964 963
f 952 953 965
f 952 965 964
f 953 954 966
f 953 966 965
f 954 955 967
f 954 967 966
f 955 956 968
f 955 968 967
f 956 957 969
f 956 969 968
f 957 958 970
f 957 970 969
f 958 959 971
f 958 971 970
f 959 960 972
f 959 972 971
f 960 949 961
f 960 961 972
f 961 962 974
f 961 974 973
f 962 963 975
f 962 975 974
f 963 964 976
f 963 976 975
f 964 965 977
f 964 977 976
f 965 966 978
f 965 978 977
f 966 967 979
f 966 979 978
f 967 968 980
f 967 980 979
f 968 969 981
f 968 981 980
f 969 970 982
f 969 982 981
f 970 971 983
f 970 983 982
f 971 972 984
f 971 984 983
f 972 961 973
f 972 973 984
f 973 974 986
f 973 986 985
f 974 975 987
f 974 987 986
f 975 976 988
f 975 988 987
f 976 977 989
f 976 989 988
f 977 978 990
f 977 990 989
f 978 979 991
f 978 991 990
f 979 980 992
f 979 992 991
f 980 981 993
f 980 993 992
f 981 982 994
f 981 994 993
f 982 983 995
f 982 995 994
f 983 984 996
f 983 996 995
f 984 973 985
f 984 985 996
f 1141 1142 1154
f 1141 1154 1153
f 1142 1143 1155
f 1142 1155 1154
f 1143 1144 1156
f 1143 1156 1155
f 1144 1145 1157
f 1144 1157 1156
f 1145 1146 1158
f 1145 1158 1157
f 1146 1147 1159
f 1146 1159 1158
f 1147 1148 1160
f 1147 1160 1159
f 1148 1149 1161
f 1148 1161 1160
f 1149 1150 1162
f 1149 1162 1161
f 1150 1151 1163
f 1150 1163 1162
f 1151 1152 1164
f 1151 1164 1163
f 1152 1141 1153
f 1152 1153 1164
f 1153 1154 1166
f 1153 1166 1165
f 1154 1155 1167
f 1154 1167 1166
f 1155 1156 1168
f 1155 1168 1167
f 1156 1157 1169
f 1156 1169 1168
f 1157 1158 1170
f 1157 1170 1169
f 1158 1159 1171
f 1158 1171 1170
f 1159 1160 1172
f 1159 1172 1171
f 1160 1161 1173
f 1160 1173 1172
f 1161 1162 1174
f 1161 1174 1173
f 1162 1163 1175
f 1162 1175 1174
f 1163 1164 1176
f 1163 1176 1175
f 1164 1153 1165
f 1164 1165 1176
f 1165 1166 1178
f 1165 1178 1177
f 1166 1167 1179
f 1166 1179 1178
f 1167 1168 1180
f 1167 1180 1179
f 1168 1169 1181
f 1168 1181 1180
f 1169 1170 1182
f 1169 1182 1181
f 1170 1171 1183
f 1170 1183 1182
f 1171 1172 1184
f 1171 1184 1183
f 1172 1173 1185
f 1172 1185 1184
f 1173 1174 1186
f 1173 1186 1185
f 1174 1175 1187
f 1174 1187 1186
f 1175 1176 1188
f 1175 1188 1187
f 1176 1165 1177
f 1176 1177 1188
f 1177 1178 1190
f 1177 1190 1189
f 1178 1179 1191
f 1178 1191 1190
f 1179 1180 1192
f 1179 1192 1191
f 1180 1181 1193
f 1180 1193 1192
f 1181 1182 1194
f 1181 1194 1193
f 1182 1183 1195
f 1182 1195 1194
f 1183 1184 1196
f 1183 1196 1195
f 1184 1185 1197
f 1184 1197 1196
f 1185 1186 1198
f 1185 1198 1197
f 1186 1187 1199
f 1186 1199 1198
f 1187 1188 1200
f 1187 1200 1199
f 1188 1177 1189
f 1188 1189 1200
f 1189 1190 1202
f 1189 1202 1201
f 1190 1191 1203
f 1190 1203 1202
f 1191 1192 1204
f 1191 1204 1203
f 1192 1193 1205
f 1192 1205 1204
f 1193 1194 1206
f 1193 1206 1205
f 1194 1195 1207
f 1194 1207 1206
f 1195 1196 1208
f 1195 1208 1207
f 1196 1197 1209
f 1196 1209 1208
f 1197 1198 1210
f 1197 1210 1209
f 1198 1199 1211
f 1198 1211 1210
f 1199 1200 1212
f 1199 1212 1211
f 1200 1189 1201
f 1200 1201 1212
f 1201 1202 1214
f 1201 1214 1213
f 1202 1203 1215
f 1202 1215 1214
f 1203 1204 1216
f 1203 1216 1215
f 1204 1205 1217
f 1204 1217 1216
f 1205 1206 1218
f 1205 1218 1217
f 1206 1207 1219
f 1206 1219 1218
f 1207 1208 1220
f 1207 1220 1219
f 1208 1209 1221
f 1208 1221 1220
f 1209 1210 1222
f 1209 1222 1221
f 1210 1211 1223
f 1210 1223 1222
f 1211 1212 1224
f 1211 1224 1223
f 1212 1201 1213
f 1212 1213 1224
f 1369 1370 1382
f 1369 1382 1381
f 1370 1371 1383
f 1370 1383 1382
f 1371 1372 1384
f 1371 1384 1383
f 1372 1373 1385
f 1372 1385 1384
f 1373 1374 1386
f 1373 1386 1385
f 1374 1375 1387
f 1374 1387 1386
f 1375 1376 1388
f 1375 1388 1387
f 1376 1377 1389
f 1376 1389 1388
f 1377 1378 1390
f 1377 1390 1389
f 1378 1379 1391
f 1378 1391 1390
f 1379 1380 1392
f 1379 1392 1391
f 1380 1369 1381
f 1380 1381 1392
f 1381 1382 1394
f 1381 1394 1393
f 1382 1383 1395
f 1382 1395 1394
f 1383 1384 1396
f 1383 1396 1395
f 1384 1385 1397
f 1384 1397 1396
f 1385 1386 1398
f 1385 1398 1397
f 1386 1387 1399
f 1386 1399 1398
f 1387 1388 1400
f 1387 1400 1399
f 1388 1389 1401
f 1388 1401 1400
f 1389 1390 1402
f 1389 1402 1401
f 1390 1391 1403
f 1390 1403 1402
f 1391 1392 1404
f 1391 1404 1403
f 1392 1381 1393
f 1392 1393 1404
f 1393 1394 1406
f 1393 1406 1405
f 1394 1395 1407
f 1394 1407 1406
f 1395 1396 1408
f 1395 1408 1407
f 1396 1397 1409
f 1396 1409 1408
f 1397 1398 1410
f 1397 1410 1409
f 1398 1399 1411
f 1398 1411 1410
f 1399 1400 1412
f 1399 1412 1411
f 1400 1401 1413
f 1400 1413 1412
f 1401 1402 1414
f 1401 1414 1413
f 1402 1403 1415
f 1402 1415 1414
f 1403 1404 1416
f 1403 1416 1415
f 1404 1393 1405
f 1404 1405 1416
f 1405 1406 1418
f 1405 1418 1417
f 1406 1407 1419
f 1406 1419 1418
f 1407 1408 1420
f 1407 1420 1419
f 1408 1409 1421
f 1408 1421 1420
f 1409 1410 1422
f 1409 1422 1421
f 1410 1411 1423
f 1410 1423 1422
f 1411 1412 1424
f 1411 1424 1423
f 1412 1413 1425
f 1412 1425 1424
f 1413 1414 1426
f 1413 1426 1425
f 1414 1415 1427
f 1414 1427 1426
f 1415 1416 1428
f 1415 1428 1427
f 1416 1405 1417
f 1416 1417 1428
f 1417 1418 1430
f 1417 1430 1429
f 1418 1419 1431
f 1418 1431 1430
f 1419 1420 1432
f 1419 1432 1431
f 1420 1421 1433
f 1420 1433 1432
f 1421 1422 1434
f 1421 1434 1433
f 1422 1423 1435
f 1422 1435 1434
f 1423 1424 1436
f 1423 1436 1435
f 1424 1425 1437
f 1424 1437 1436
f 1425 1426 1438
f 1425 1438 1437
f 1426 1427 1439
f 1426 1439 1438
f 1427 1428 1440
f 1427 1440 1439
f 1428 1417 1429
f 1428 1429 1440
f 1429 1430 1442
f 1429 1442 1441
f 1430 1431 1443
f 1430 1443 1442
f 1431 1432 1444
f 1431 1444 1443
f 1432 1433 1445
f 1432 1445 1444
f 1433 1434 1446
f 1433 1446 1445
f 1434 1435 1447
f 1434 1447 1446
f 1435 1436 1448
f 1435 1448 1447
f 1436 1437 1449
f 1436 1449 1448
f 1437 1438 1450
f 1437 1450 1449
f 1438 1439 1451
f 1438 1451 1450
f 1439 1440 1452
f 1439 1452 1451
f 1440 1429 1441
f 1440 1441 1452
g equatorial_cells
f 85 86 102
f 85 102 101
f 86 87 103
f 86 103 102
f 87 88 104
f 87 104 103
f 88 89 105
f 88 105 104
f 89 90 106
f 89 106 105
f 90 91 107
f 90 107 106
f 91 92 108
f 91 108 107
f 92 93 109
f 92 109 108
f 93 94 110
f 93 110 109
f 94 95 111
f 94 111 110
f 95 96 112
f 95 112 111
f 96 97 113
f 96 113 112
f 97 98 114
f 97 114 113
f 98 99 115
f 98 115 114
f 99 100 116
f 99 116 115
f 100 85 101
f 100 101 116
f 101 102 118
f 101 118 117
f 102 103 119
f 102 119 118
f 103 104 120
f 103 120 119
f 104 105 121
f 104 121 120
f 105 106 122
f 105 122 121
f 106 107 123
f 106 123 122
f 107 108 124
f 107 124 123
f 108 109 125
f 108 125 124
f 109 110 126
f 109 126 125
f 110 111 127
f 110 127 126
f 111 112 128
f 111 128 127
f 112 113 129
f 112 129 128
f 113 114 130
f 113 130 129
f 114 115 131
f 114 131 130
f 115 116 132
f 115 132 131
f 116 101 117
f 116 117 132
f 117 118 134
f 117 134 133
f 118 119 135
f 118 135 134
f 119 120 136
f 119 136 135
f 120 121 137
f 120 137 136
f 121 122 138
f 121 138 137
f 122 123 139
f 122 139 138
f 123 124 140
f 123 140 139
f 124 125 141
f 124 141 140
f 125 126 142
f 125 142 141
f 126 127 143
f 126 143 142
f 127 128 144
f 127 144 143
f 128 129 145
f 128 145 144
f 129 130 146
f 129 146 145
f 130 131 147
f 130 147 146
f 131 132 148
f 131 148 147
f 132 117 133
f 132 133 148
f 133 134 150
f 133 150 149
f 134 135 151
f 134 151 150
f 135 136 152
f 135 152 151
f 136 137 153
f 136 153 152
f 137 138 154
f 137 154 153
f 138 139 155
f 138 155 154
f 139 140 156
f 139 156 155
f 140 141 157
f 140 157 156
f 141 142 158
f 141 158 157
f 142 143 159
f 142 159 158
f 143 144 160
f 143 160 159
f 144 145 161
f 144 161 160
f 145 146 162
f 145 162 161
f 146 147 163
f 146 163 162
f 147 148 164
f 147 164 163
f 148 133 149
f 148 149 164
f 149 150 166
f 149 166 165
f 150 151 167
f 150 167 166
f 151 152 168
f 151 168 167
f 152 153 169
f 152 169 168
f 153 154 170
f 153 170 169
f 154 155 171
f 154 171 170
f 155 156 172
f 155 172 171
f 156 157 173
f 156 173 172
f 157 158 174
f 157 174 173
f 158 159 175
f 158 175 174
f 159 160 176
f 159 176 175
f 160 161 177
f 160 177 176
f 161 162 178
f 161 178 177
f 162 163 179
f 162 179 178
f 163 164 180
f 163 180 179
f 164 149 165
f 164 165 180
f 165 166 182
f 165 182 181
f 166 167 183
f 166 183 182
f 167 168 184
f 167 184 183
f 168 169 185
f 168 185 184
f 169 170 186
f 169 186 185
f 170 171 187
f 170 187 186
f 171 172 188
f 171 188 187
f 172 173 189
f 172 189 188
f 173 174 190
f 173 190 189
f 174 175 191
f 174 191 190
f 175 176 192
f 175 192 191
f 176 177 193
f 176 193 192
f 177 178 194
f 177 194 193
f 178 179 195
f 178 195 194
f 179 180 196
f 179 196 195
f 180 165 181
f 180 181 196
f 181 182 198
f 181 198 197
f 182 183 199
f 182 199 198
f 183 184 200
f 183 200 199
f 184 185 201
f 184 201 200
f 185 186 202
f 185 202 201
f 186 187 203
f 186 203 202
f 187 188 204
f 187 204 203
f 188 189 205
f 188 205 204
f 189 190 206
f 189 206 205
f 190 191 207
f 190 207 206
f 191 192 208
f 191 208 207
f 192 193 209
f 192 209 208
f 193 194 210
f 193 210 209
f 194 195 211
f 194 211 210
f 195 196 212
f 195 212 211
f 196 181 197
f 196 197 212
f 197 198 214
f 197 214 213
f 198 199 215
f 198 215 214
f 199 200 216
f 199 216 215
f 200 201 217
f 200 217 216
f 201 202 218
f 201 218 217
f 202 203 219
f 202 219 218
f 203 204 220
f 203 220 219
f 204 205 221
f 204 221 220
f 205 206 222
f 205 222 221
f 206 207 223
f 206 223 222
f 207 208 224
f 207 224 223
f 208 209 225
f 208 225 224
f 209 210 226
f 209 226 225
f 210 211 227
f 210 227 226
f 211 212 228
f 211 228 227
f 212 197 213
f 212 213 228
f 313 314 330
f 313 330 329
f 314 315 331
f 314 331 330
f 315 316 332
f 315 332 331
f 316 317 333
f 316 333 332
f 317 318 334
f 317 334 333
f 318 319 335
f 318 335 334
f 319 320 336
f 319 336 335
f 320 321 337
f 320 337 336
f 321 322 338
f 321 338 337
f 322 323 339
f 322 339 338
f 323 324 340
f 323 340 339
f 324 325 341
f 324 341 340
f 325 326 342
f 325 342 341
f 326 327 343
f 326 343 342
f 327 328 344
f 327 344 343
f 328 313 329
f 328 329 344
f 329 330 346
f 329 346 345
f 330 331 347
f 330 347 346
f 331 332 348
f 331 348 347
f 332 333 349
f 332 349 348
f 333 334 350
f 333 350 349
f 334 335 351
f 334 351 350
f 335 336 352
f 335 352 351
f 336 337 353
f 336 353 352
f 337 338 354
f 337 354 353
f 338 339 355
f 338 355 354
f 339 340 356
f 339 356 355
f 340 341 357
f 340 357 356
f 341 342 358
f 341 358 357
f 342 343 359
f 342 359 358
f 343 344 360
f 343 360 359
f 344 329 345
f 344 345 360
f 345 346 362
f 345 362 361
f 346 347 363
f 346 363 362
f 347 348 364
f 347 364 363
f 348 349 365
f 348 365 364
f 349 350 366
f 349 366 365
f 350 351 367
f 350 367 366
f 351 352 368
f 351 368 367
f 352 353 369
f 352 369 368
f 353 354 370
f 353 370 369
f 354 355 371
f 354 371 370
f 355 356 372
f 355 372 371
f 356 357 373
f 356 373 372
f 357 358 374
f 357 374 373
f 358 359 375
f 358 375 374
f 359 360 376
f 359 376 375
f 360 345 361
f 360 361 376
f 361 362 378
f 361 378 377
f 362 363 379
f 362 379 378
f 363 364 380
f 363 380 379
f 364 365 381
f 364 381 380
f 365 366 382
f 365 382 381
f 366 367 383
f 366 383 382
f 367 368 384
f 367 384 383
f 368 369 385
f 368 385 384
f 369 370 386
f 369 386 385
f 370 371 387
f 370 387 386
f 371 372 388
f 371 388 387
f 372 373 389
f 372 389 388
f 373 374 390
f 373 390 389
f 374 375 391
f 374 391 390
f 375 376 392
f 375 392 391
f 376 361 377
f 376 377 392
f 377 378 394
f 377 394 393
f 378 379 395
f 378 395 394
f 379 380 396
f 379 396 395
f 380 381 397
f 380 397 396
f 381 382 398
f 381 398 397
f 382 383 399
f 382 399 398
f 383 384 400
f 383 400 399
f 384 385 401
f 384 401 400
f 385 386 402
f 385 402 401
f 386 387 403
f 386 403 402
f 387 388 404
f 387 404 403
f 388 389 405
f 388 405 404
f 389 390 406
f 389 406 405
f 390 391 407
f 390 407 406
f 391 392 408
f 391 408 407
f 392 377 393
f 392 393 408
f 393 394 410
f 393 410 409
f 394 395 411
f 394 411 410
f 395 396 412
f 395 412 411
f 396 397 413
f 396 413 412
f 397 398 414
f 397 414 413
f 398 399 415
f 398 415 414
f 399 400 416
f 399 416 415
f 400 401 417
f 400 417 416
f 401 402 418
f 401 418 417
f 402 403 419
f 402 419 418
f 403 404 420
f 403 420 419
f 404 405 421
f 404 421 420
f 405 406 422
f 405 422 421
f 406 407 423
f 406 423 422
f 407 408 424
f 407 424 423
f 408 393 409
f 408 409 424
f 409 410 426
f 409 426 425
f 410 411 427
f 410 427 426
f 411 412 428
f 411 428 427
f 412 413 429
f 412 429 428
f 413 414 430
f 413 430 429
f 414 415 431
f 414 431 430
f 415 416 432
f 415 432 431
f 416 417 433
f 416 433 432
f 417 418 434
f 417 434 433
f 418 419 435
f 418 435 434
f 419 420 436
f 419 436 435
f 420 421 437
f 420 437 436
f 421 422 438
f 421 438 437
f 422 423 439
f 422 439 438
f 423 424 440
f 423 440 439
f 424 409 425
f 424 425 440
f 425 426 442
f 425 442 441
f 426 427 443
f 426 443 442
f 427 428 444
f 427 444 443
f 428 429 445
f 428 445 444
f 429 430 446
f 429 446 445
f 430 431 447
f 430 447 446
f 431 432 448
f 431 448 447
f 432 433 449
f 432 449 448
f 433 434 450
f 433 450 449
f 434 435 451
f 434 451 450
f 435 436 452
f 435 452 451
f 436 437 453
f 436 453 452
f 437 438 454
f 437 454 453
f 438 439 455
f 438 455 454
f 439 440 456
f 439 456 455
f 440 425 441
f 440 441 456
f 541 542 558
f 541 558 557
f 542 543 559
f 542 559 558
f 543 544 560
f 543 560 559
f 544 545 561
f 544 561 560
f 545 546 562
f 545 562 561
f 546 547 563
f 546 563 562
f 547 548 564
f 547 564 563
f 548 549 565
f 548 565 564
f 549 550 566
f 549 566 565
f 550 551 567
f 550 567 566
f 551 552 568
f 551 568 567
f 552 553 569
f 552 569 568
f 553 554 570
f 553 570 569
f 554 555 571
f 554 571 570
f 555 556 572
f 555 572 571
f 556 541 557
f 556 557 572
f 557 558 574
f 557 574 573
f 558 559 575
f 558 575 574
f 559 560 576
f 559 576 575
f 560 561 577
f 560 577 576
f 561 562 578
f 561 578 577
f 562 563 579
f 562 579 578
f 563 564 580
f 563 580 579
f 564 565 581
f 564 581 580
f 565 566 582
f 565 582 581
f 566 567 583
f 566 583 582
f 567 568 584
f 567 584 583
f 568 569 585
f 568 585 584
f 569 570 586
f 569 586 585
f 570 571 587
f 570 587 586
f 571 572 588
f 571 588 587
f 572 557 573
f 572 573 588
f 573 574 590
f 573 590 589
f 574 575 591
f 574 591 590
f 575 576 592
f 575 592 591
f 576 577 593
f 576 593 592
f 577 578 594
f 577 594 593
f 578 579 595
f 578 595 594
f 579 580 596
f 579 596 595
f 580 581 597
f 580 597 596
f 581 582 598
f 581 598 597
f 582 583 599
f 582 599 598
f 583 584 600
f 583 600 599
f 584 585 601
f 584 601 600
f 585 586 602
f 585 602 601
f 586 587 603
f 586 603 602
f 587 588 604
f 587 604 603
f 588 573 589
f 588 589 604
f 589 590 606
f 589 606 605
f 590 591 607
f 590 607 606
f 591 592 608
f 591 608 607
f 592 593 609
f 592 609 608
f 593 594 610
f 593 610 609
f 594 595 611
f 594 611 610
f 595 596 612
f 595 612 611
f 596 597 613
f 596 613 612
f 597 598 614
f 597 614 613
f 598 599 615
f 598 615 614
f 599 600 616
f 599 616 615
f 600 601 617
f 600 617 616
f 601 602 618
f 601 618 617
f 602 603 619
f 602 619 618
f 603 604 620
f 603 620 619
f 604 589 605
f 604 605 620
f 605 606 622
f 605 622 621
f 606 607 623
f 606 623 622
f 607 608 624
f 607 624 623
f 608 609 625
f 608 625 624
f 609 610 626
f 609 626 625
f 610 611 627
f 610 627 626
f 611 612 628
f 611 628 627
f 612 613 629
f 612 629 628
f 613 614 630
f 613 630 629
f 614 615 631
f 614 631 630
f 615 616 632
f 615 632 631
f 616 617 633
f 616 633 632
f 617 618 634
f 617 634 633
f 618 619 635
f 618 635 634
f 619 620 636
f 619 636 635
f 620 605 621
f 620 621 636
f 621 622 638
f 621 638 637
f 622 623 639
f 622 639 638
f 623 624 640
f 623 640 639
f 624 625 641
f 624 641 640
f 625 626 642
f 625 642 641
f 626 627 643
f 626 643 642
f 627 628 644
f 627 644 643
f 628 629 645
f 628 645 644
f 629 630 646
f 629 646 645
f 630 631 647
f 630 647 646
f 631 632 648
f 631 648 647
f 632 633 649
f 632 649 648
f 633 634 650
f 633 650 649
f 634 635 651
f 634 651 650
f 635 636 652
f 635 652 651
f 636 621 637
f 636 637 652
f 637 638 654
f 637 654 653
f 638 639 655
f 638 655 654
f 639 640 656
f 639 656 655
f 640 641 657
f 640 657 656
f 641 642 658
f 641 658 657
f 642 643 659
f 642 659 658
f 643 644 660
f 643 660 659
f 644 645 661
f 644 661 660
f 645 646 662
f 645 662 661
f 646 647 663
f 646 663 662
f 647 648 664
f 647 664 663
f 648 649 665
f 648 665 664
f 649 650 666
f 649 666 665
f 650 651 667
f 650 667 666
f 651 652 668
f 651 668 667
f 652 637 653
f 652 653 668
f 653 654 670
f 653 670 669
f 654 655 671
f 654 671 670
f 655 656 672
f 655 672 671
f 656 657 673
f 656 673 672
f 657 658 674
f 657 674 673
f 658 659 675
f 658 675 674
f 659 660 676
f 659 676 675
f 660 661 677
f 660 677 676
f 661 662 678
f 661 678 677
f 662 663 679
f 662 679 678
f 663 664 680
f 663 680 679
f 664 665 681
f 664 681 680
f 665 666 682
f 665 682 681
f 666 667 683
f 666 683 682
f 667 668 684
f 667 684 683
f 668 653 669
f 668 669 684
f 769 770 786
f 769 786 785
f 770 771 787
f 770 787 786
f 771 772 788
f 771 788 787
f 772 773 789
f 772 789 788
f 773 774 790
f 773 790 789
f 774 775 791
f 774 791 790
f 775 776 792
f 775 792 791
f 776 777 793
f 776 793 792
f 777 778 794
f 777 794 793
f 778 779 795
f 778 795 794
f 779 780 796
f 779 796 795
f 780 781 797
f 780 797 796
f 781 782 798
f 781 798 797
f 782 783 799
f 782 799 798
f 783 784 800
f 783 800 799
f 784 769 785
f 784 785 800
f 785 786 802
f 785 802 801
f 786 787 803
f 786 803 802
f 787 788 804
f 787 804 803
f 788 789 805
f 788 805 804
f 789 790 806
f 789 806 805
f 790 791 807
f 790 807 806
f 791 792 808
f 791 808 807
f 792 793 809
f 792 809 808
f 793 794 810
f 793 810 809
f 794 795 811
f 794 811 810
f 795 796 812
f 795 812 811
f 796 797 813
f 796 813 812
f 797 798 814
f 797 814 813
f 798 799 815
f 798 815 814
f 799 800 816
f 799 816 815
f 800 785 801
f 800 801 816
f 801 802 818
f 801 818 817
f 802 803 819
f 802 819 818
f 803 804 820
f 803 820 819
f 804 805 821
f 804 821 820
f 805 806 822
f 805 822 821
f 806 807 823
f 806 823 822
f 807 808 824
f 807 824 823
f 808 809 825
f 808 825 824
f 809 810 826
f 809 826 825
f 810 811 827
f 810 827 826
f 811 812 828
f 811 828 827
f 812 813 829
f 812 829 828
f 813 814 830
f 813 830 829
f 814 815 831
f 814 831 830
f 815 816 832
f 815 832 831
f 816 801 817
f 816 817 832
f 817 818 834
f 817 834 833
f 818 819 835
f 818 835 834
f 819 820 836
f 819 836 835
f 820 821 837
f 820 837 836
f 821 822 838
f 821 838 837
f 822 823 839
f 822 839 838
f 823 824 840
f 823 840 839
f 824 825 841
f 824 841 840
f 825 826 842
f 825 842 841
f 826 827 843
f 826 843 842
f 827 828 844
f 827 844 843
f 828 829 845
f 828 845 844
f 829 830 846
f 829 846 845
f 830 831 847
f 830 847 846
f 831 832 848
f 831 848 847
f 832 817 833
f 832 833 848
f 833 834 850
f 833 850 849
f 834 835 851
f 834 851 850
f 835 836 852
f 835 852 851
f 836 837 853
f 836 853 852
f 837 838 854
f 837 854 853
f 838 839 855
f 838 855 854
f 839 840 856
f 839 856 855
f 840 841 857
f 840 857 856
f 841 842 858
f 841 858 857
f 842 843 859
f 842 859 858
f 843 844 860
f 843 860 859
f 844 845 861
f 844 861 860
f 845 846 862
f 845 862 861
f 846 847 863
f 846 863 862
f 847 848 864
f 847 864 863
f 848 833 849
f 848 849 864
f 849 850 866
f 849 866 865
f 850 851 867
f 850 867 866
f 851 852 868
f 851 868 867
f 852 853 869
f 852 869 868
f 853 854 870
f 853 870 869
f 854 855 871
f 854 871 870
f 855 856 872
f 855 872 871
f 856 857 873
f 856 873 872
f 857 858 874
f 857 874 873
f 858 859 875
f 858 875 874
f 859 860 876
f 859 876 875
f 860 861 877
f 860 877 876
f 861 862 878
f 861 878 877
f 862 863 879
f 862 879 878
f 863 864 880
f 863 880 879
f 864 849 865
f 864 865 880
f 865 866 882
f 865 882 881
f 866 867 883
f 866 883 882
f 867 868 884
f 867 884 883
f 868 869 885
f 868 885 884
f 869 870 886
f 869 886 885
f 870 871 887
f 870 887 886
f 871 872 888
f 871 888 887
f 872 873 889
f 872 889 888
f 873 874 890
f 873 890 889
f 874 875 891
f 874 891 890
f 875 876 892
f 875 892 891
f 876 877 893
f 876 893 892
f 877 878 894
f 877 894 893
f 878 879 895
f 878 895 894
f 879 880 896
f 879 896 895
f 880 865 881
f 880 881 896
f 881 882 898
f 881 898 897
f 882 883 899
f 882 899 898
f 883 884 900
f 883 900 899
f 884 885 901
f 884 901 900
f 885 886 902
f 885 902 901
f 886 887 903
f 886 903 902
f 887 888 904
f 887 904 903
f 888 889 905
f 888 905 904
f 889 890 906
f 889 906 905
f 890 891 907
f 890 907 906
f 891 892 908
f 891 908 907
f 892 893 909
f 892 909 908
f 893 894 910
f 893 910 909
f 894 895 911
f 894 911 910
f 895 896 912
f 895 912 911
f 896 881 897
f 896 897 912
f 997 998 1014
f 997 1014 1013
f 998 999 1015
f 998 1015 1014
f 999 1000 1016
f 999 1016 1015
f 1000 1001 1017
f 1000 1017 1016
f 1001 1002 1018
f 1001 1018 1017
f 1002 1003 1019
f 1002 1019 1018
f 1003 1004 1020
f 1003 1020 1019
f 1004 1005 1021
f 1004 1021 1020
f 1005 1006 1022
f 1005 1022 1021
f 1006 1007 1023
f 1006 1023 1022
f 1007 1008 1024
f 1007 1024 1023
f 1008 1009 1025
f 1008 1025 1024
f 1009 1010 1026
f 1009 1026 1025
f 1010 1011 1027
f 1010 1027 1026
f 1011 1012 1028
f 1011 1028 1027
f 1012 997 1013
f 1012 1013 1028
f 1013 1014 1030
f 1013 1030 1029
f 1014 1015 1031
f 1014 1031 1030
f 1015 1016 1032
f 1015 1032 1031
f 1016 1017 1033
f 1016 1033 1032
f 1017 1018 1034
f 1017 1034 1033
f 1018 1019 1035
f 1018 1035 1034
f 1019 1020 1036
f 1019 1036 1035
f 1020 1021 1037
f 1020 1037 1036
f 1021 1022 1038
f 1021 1038 1037
f 1022 1023 1039
f 1022 1039 1038
f 1023 1024 1040
f 1023 1040 1039
f 1024 1025 1041
f 1024 1041 1040
f 1025 1026 1042
f 1025 1042 1041
f 1026 1027 1043
f 1026 1043 1042
f 1027 1028 1044
f 1027 1044 1043
f 1028 1013 1029
f 1028 1029 1044
f 1029 1030 1046
f 1029 1046 1045
f 1030 1031 1047
f 1030 1047 1046
f 1031 1032 1048
f 1031 1048 1047
f 1032 1033 1049
f 1032 1049 1048
f 1033 1034 1050
f 1033 1050 1049
f 1034 1035 1051
f 1034 1051 1050
f 1035 1036 1052
f 1035 1052 1051
f 1036 1037 1053
f 1036 1053 1052
f 1037 1038 1054
f 1037 1054 1053
f 1038 1039 1055
f 1038 1055 1054
f 1039 1040 1056
f 1039 1056 1055
f 1040 1041 1057
f 1040 1057 1056
f 1041 1042 1058
f 1041 1058 1057
f 1042 1043 1059
f 1042 1059 1058
f 1043 1044 1060
f 1043 1060 1059
f 1044 1029 1045
f 1044 1045 1060
f 1045 1046 1062
f 1045 1062 1061
f 1046 1047 1063
f 1046 1063 1062
f 1047 1048 1064
f 1047 1064 1063
f 1048 1049 1065
f 1048 1065 1064
f 1049 1050 1066
f 1049 1066 1065
f 1050 1051 1067
f 1050 1067 1066
f 1051 1052 1068
f 1051 1068 1067
f 1052 1053 1069
f 1052 1069 1068
f 1053 1054 1070
f 1053 1070 1069
f 1054 1055 1071
f 1054 1071 1070
f 1055 1056 1072
f 1055 1072 1071
f 1056 1057 1073
f 1056 1073 1072
f 1057 1058 1074
f 1057 1074 1073
f 1058 1059 1075
f 1058 1075 1074
f 1059 1060 1076
f 1059 1076 1075
f 1060 1045 1061
f 1060 1061 1076
f 1061 1062 1078
f 1061 1078 1077
f 1062 1063 1079
f 1062 1079 1078
f 1063 1064 1080
f 1063 1080 1079
f 1064 1065 1081
f 1064 1081 1080
f 1065 1066 1082
f 1065 1082 1081
f 1066 1067 1083
f 1066 1083 1082
f 1067 1068 1084
f 1067 1084 1083
f 1068 1069 1085
f 1068 1085 1084
f 1069 1070 1086
f 1069 1086 1085
f 1070 1071 1087
f 1070 1087 1086
f 1071 1072 1088
f 1071 1088 1087
f 1072 1073 1089
f 1072 1089 1088
f 1073 1074 1090
f 1073 1090 1089
f 1074 1075 1091
f 1074 1091 1090
f 1075 1076 1092
f 1075 1092 1091
f 1076 1061 1077
f 1076 1077 1092
f 1077 1078 1094
f 1077 1094 1093
f 1078 1079 1095
f 1078 1095 1094
f 1079 1080 1096
f 1079 1096 1095
f 1080 1081 1097
f 1080 1097 1096
f 1081 1082 1098
f 1081 1098 1097
f 1082 1083 1099
f 1082 1099 1098
f 1083 1084 1100
f 1083 1100 1099
f 1084 1085 1101
f 1084 1101 1100
f 1085 1086 1102
f 1085 1102 1101
f 1086 1087 1103
f 1086 1103 1102
f 1087 1088 1104
f 1087 1104 1103
f 1088 1089 1105
f 1088 1105 1104
f 1089 1090 1106
f 1089 1106 1105
f 1090 1091 1107
f 1090 1107 1106
f 1091 1092 1108
f 1091 1108 1107
f 1092 1077 1093
f 1092 1093 1108
f 1093 1094 1110
f 1093 1110 1109
f 1094 1095 1111
f 1094 1111 1110
f 1095 1096 1112
f 1095 1112 1111
f 1096 1097 1113
f 1096 1113 1112
f 1097 1098 1114
f 1097 1114 1113
f 1098 1099 1115
f 1098 1115 1114
f 1099 1100 1116
f 1099 1116 1115
f 1100 1101 1117
f 1100 1117 1116
f 1101 1102 1118
f 1101 1118 1117
f 1102 1103 1119
f 1102 1119 1118
f 1103 1104 1120
f 1103 1120 1119
f 1104 1105 1121
f 1104 1121 1120
f 1105 1106 1122
f 1105 1122 1121
f 1106 1107 1123
f 1106 1123 1122
f 1107 1108 1124
f 1107 1124 1123
f 1108 1093 1109
f 1108 1109 1124
f 1109 1110 1126
f 1109 1126 1125
f 1110 1111 1127
f 1110 1127 1126
f 1111 1112 1128
f 1111 1128 1127
f 1112 1113 1129
f 1112 1129 1128
f 1113 1114 1130
f 1113 1130 1129
f 1114 1115 1131
f 1114 1131 1130
f 1115 1116 1132
f 1115 1132 1131
f 1116 1117 1133
f 1116 1133 1132
f 1117 1118 1134
f 1117 1134 1133
f 1118 1119 1135
f 1118 1135 1134
f 1119 1120 1136
f 1119 1136 1135
f 1120 1121 1137
f 1120 1137 1136
f 1121 1122 1138
f 1121 1138 1137
f 1122 1123 1139
f 1122 1139 1138
f 1123 1124 1140
f 1123 1140 1139
f 1124 1109 1125
f 1124 1125 1140
f 1225 1226 1242
f 1225 1242 1241
f 1226 1227 1243
f 1226 1243 1242
f 1227 1228 1244
f 1227 1244 1243
f 1228 1229 1245
f 1228 1245 1244
f 1229 1230 1246
f 1229 1246 1245
f 1230 1231 1247
f 1230 1247 1246
f 1231 1232 1248
f 1231 1248 1247
f 1232 1233 1249
f 1232 1249 1248
f 1233 1234 1250
f 1233 1250 1249
f 1234 1235 1251
f 1234 1251 1250
f 1235 1236 1252
f 1235 1252 1251
f 1236 1237 1253
f 1236 1253 1252
f 1237 1238 1254
f 1237 1254 1253
f 1238 1239 1255
f 1238 1255 1254
f 1239 1240 1256
f 1239 1256 1255
f 1240 1225 1241
f 1240 1241 1256
f 1241 1242 1258
f 1241 1258 1257
f 1242 1243 1259
f 1242 1259 1258
f 1243 1244 1260
f 1243 1260 1259
f 1244 1245 1261
f 1244 1261 1260
f 1245 1246 1262
f 1245 1262 1261
f 1246 1247 1263
f 1246 1263 1262
f 1247 1248 1264
f 1247 1264 1263
f 1248 1249 1265
f 1248 1265 1264
f 1249 1250 1266
f 1249 1266 1265
f 1250 1251 1267
f 1250 1267 1266
f 1251 1252 1268
f 1251 1268 1267
f 1252 1253 1269
f 1252 1269 1268
f 1253 1254 1270
f 1253 1270 1269
f 1254 1255 1271
f 1254 1271 1270
f 1255 1256 1272
f 1255 1272 1271
f 1256 1241 1257
f 1256 1257 1272
f 1257 1258 1274
f 1257 1274 1273
f 1258 1259 1275
f 1258 1275 1274
f 1259 1260 1276
f 1259 1276 1275
f 1260 1261 1277
f 1260 1277 1276
f 1261 1262 1278
f 1261 1278 1277
f 1262 1263 1279
f 1262 1279 1278
f 1263 1264 1280
f 1263 1280 1279
f 1264 1265 1281
f 1264 1281 1280
f 1265 1266 1282
f 1265 1282 1281
f 1266 1267 1283
f 1266 1283 1282
f 1267 1268 1284
f 1267 1284 1283
f 1268 1269 1285
f 1268 1285 1284
f 1269 1270 1286
f 1269 1286 1285
f 1270 1271 1287
f 1270 1287 1286
f 1271 1272 1288
f 1271 1288 1287
f 1272 1257 1273
f 1272 1273 1288
f 1273 1274 1290
f 1273 1290 1289
f 1274 1275 1291
f 1274 1291 1290
f 1275 1276 1292
f 1275 1292 1291
f 1276 1277 1293
f 1276 1293 1292
f 1277 1278 1294
f 1277 1294 1293
f 1278 1279 1295
f 1278 1295 1294
f 1279 1280 1296
f 1279 1296 1295
f 1280 1281 1297
f 1280 1297 1296
f 1281 1282 1298
f 1281 1298 1297
f 1282 1283 1299
f 1282 1299 1298
f 1283 1284 1300
f 1283 1300 1299
f 1284 1285 1301
f 1284 1301 1300
f 1285 1286 1302
f 1285 1302 1301
f 1286 1287 1303
f 1286 1303 1302
f 1287 1288 1304
f 1287 1304 1303
f 1288 1273 1289
f 1288 1289 1304
f 1289 1290 1306
f 1289 1306 1305
f 1290 1291 1307
f 1290 1307 1306
f 1291 1292 1308
f 1291 1308 1307
f 1292 1293 1309
f 1292 1309 1308
f 1293 1294 1310
f 1293 1310 1309
f 1294 1295 1311
f 1294 1311 1310
f 1295 1296 1312
f 1295 1312 1311
f 1296 1297 1313
f 1296 1313 1312
f 1297 1298 1314
f 1297 1314 1313
f 1298 1299 1315
f 1298 1315 1314
f 1299 1300 1316
f 1299 1316 1315
f 1300 1301 1317
f 1300 1317 1316
f 1301 1302 1318
f 1301 1318 1317
f 1302 1303 1319
f 1302 1319 1318
f 1303 1304 1320
f 1303 1320 1319
f 1304 1289 1305
f 1304 1305 1320
f 1305 1306 1322
f 1305 1322 1321
f 1306 1307 1323
f 1306 1323 1322
f 1307 1308 1324
f 1307 1324 1323
f 1308 1309 1325
f 1308 1325 1324
f 1309 1310 1326
f 1309 1326 1325
f 1310 1311 1327
f 1310 1327 1326
f 1311 1312 1328
f 1311 1328 1327
f 1312 1313 1329
f 1312 1329 1328
f 1313 1314 1330
f 1313 1330 1329
f 1314 1315 1331
f 1314 1331 1330
f 1315 1316 1332
f 1315 1332 1331
f 1316 1317 1333
f 1316 1333 1332
f 1317 1318 1334
f 1317 1334 1333
f 1318 1319 1335
f 1318 1335 1334
f 1319 1320 1336
f 1319 1336 1335
f 1320 1305 1321
f 1320 1321 1336
f 1321 1322 1338
f 1321 1338 1337
f 1322 1323 1339
f 1322 1339 1338
f 1323 1324 1340
f 1323 1340 1339
f 1324 1325 1341
f 1324 1341 1340
f 1325 1326 1342
f 1325 1342 1341
f 1326 1327 1343
f 1326 1343 1342
f 1327 1328 1344
f 1327 1344 1343
f 1328 1329 1345
f 1328 1345 1344
f 1329 1330 1346
f 1329 1346 1345
f 1330 1331 1347
f 1330 1347 1346
f 1331 1332 1348
f 1331 1348 1347
f 1332 1333 1349
f 1332 1349 1348
f 1333 1334 1350
f 1333 1350 1349
f 1334 1335 1351
f 1334 1351 1350
f 1335 1336 1352
f 1335 1352 1351
f 1336 1321 1337
f 1336 1337 1352
f 1337 1338 1354
f 1337 1354 1353
f 1338 1339 1355
f 1338 1355 1354
f 1339 1340 1356
f 1339 1356 1355
f 1340 1341 1357
f 1340 1357 1356
f 1341 1342 1358
f 1341 1358 1357
f 1342 1343 1359
f 1342 1359 1358
f 1343 1344 1360
f 1343 1360 1359
f 1344 1345 1361
f 1344 1361 1360
f 1345 1346 1362
f 1345 1362 1361
f 1346 1347 1363
f 1346 1363 1362
f 1347 1348 1364
f 1347 1364 1363
f 1348 1349 1365
f 1348 1365 1364
f 1349 1350 1366
f 1349 1366 1365
f 1350 1351 1367
f 1350 1367 1366
f 1351 1352 1368
f 1351 1368 1367
f 1352 1337 1353
f 1352 1353 1368
f 1453 1454 1470
f 1453 1470 1469
f 1454 1455 1471
f 1454 1471 1470
f 1455 1456 1472
f 1455 1472 1471
f 1456 1457 1473
f 1456 1473 1472
f 1457 1458 1474
f 1457 1474 1473
f 1458 1459 1475
f 1458 1475 1474
f 1459 1460 1476
f 1459 1476 1475
f 1460 1461 1477
f 1460 1477 1476
f 1461 1462 1478
f 1461 1478 1477
f 1462 1463 1479
f 1462 1479 1478
f 1463 1464 1480
f 1463 1480 1479
f 1464 1465 1481
f 1464 1481 1480
f 1465 1466 1482
f 1465 1482 1481
f 1466 1467 1483
f 1466 1483 1482
f 1467 1468 1484
f 1467 1484 1483
f 1468 1453 1469
f 1468 1469 1484
f 1469 1470 1486
f 1469 1486 1485
f 1470 1471 1487
f 1470 1487 1486
f 1471 1472 1488
f 1471 1488 1487
f 1472 1473 1489
f 1472 1489 1488
f 1473 1474 1490
f 1473 1490 1489
f 1474 1475 1491
f 1474 1491 1490
f 1475 1476 1492
f 1475 1492 1491
f 1476 1477 1493
f 1476 1493 1492
f 1477 1478 1494
f 1477 1494 1493
f 1478 1479 1495
f 1478 1495 1494
f 1479 1480 1496
f 1479 1496 1495
f 1480 1481 1497
f 1480 1497 1496
f 1481 1482 1498
f 1481 1498 1497
f 1482 1483 1499
f 1482 1499 1498
f 1483 1484 1500
f 1483 1500 1499
f 1484 1469 1485
f 1484 1485 1500
f 1485 1486 1502
f 1485 1502 1501
f 1486 1487 1503
f 1486 1503 1502
f 1487 1488 1504
f 1487 1504 1503
f 1488 1489 1505
f 1488 1505 1504
f 1489 1490 1506
f 1489 1506 1505
f 1490 1491 1507
f 1490 1507 1506
f 1491 1492 1508
f 1491 1508 1507
f 1492 1493 1509
f 1492 1509 1508
f 1493 1494 1510
f 1493 1510 1509
f 1494 1495 1511
f 1494 1511 1510
f 1495 1496 1512
f 1495 1512 1511
f 1496 1497 1513
f 1496 1513 1512
f 1497 1498 1514
f 1497 1514 1513
f 1498 1499 1515
f 1498 1515 1514
f 1499 1500 1516
f 1499 1516 1515
f 1500 1485 1501
f 1500 1501 1516
f 1501 1502 1518
f 1501 1518 1517
f 1502 1503 1519
f 1502 1519 1518
f 1503 1504 1520
f 1503 1520 1519
f 1504 1505 1521
f 1504 1521 1520
f 1505 1506 1522
f 1505 1522 1521
f 1506 1507 1523
f 1506 1523 1522
f 1507 1508 1524
f 1507 1524 1523
f 1508 1509 1525
f 1508 1525 1524
f 1509 1510 1526
f 1509 1526 1525
f 1510 1511 1527
f 1510 1527 1526
f 1511 1512 1528
f 1511 1528 1527
f 1512 1513 1529
f 1512 1529 1528
f 1513 1514 1530
f 1513 1530 1529
f 1514 1515 1531
f 1514 1531 1530
f 1515 1516 1532
f 1515 1532 1531
f 1516 1501 1517
f 1516 1517 1532
f 1517 1518 1534
f 1517 1534 1533
f 1518 1519 1535
f 1518 1535 1534
f 1519 1520 1536
f 1519 1536 1535
f 1520 1521 1537
f 1520 1537 1536
f 1521 1522 1538
f 1521 1538 1537
f 1522 1523 1539
f 1522 1539 1538
f 1523 1524 1540
f 1523 1540 1539
f 1524 1525 1541
f 1524 1541 1540
f 1525 1526 1542
f 1525 1542 1541
f 1526 1527 1543
f 1526 1543 1542
f 1527 1528 1544
f 1527 1544 1543
f 1528 1529 1545
f 1528 1545 1544
f 1529 1530 1546
f 1529 1546 1545
f 1530 1531 1547
f 1530 1547 1546
f 1531 1532 1548
f 1531 1548 1547
f 1532 1517 1533
f 1532 1533 1548
f 1533 1534 1550
f 1533 1550 1549
f 1534 1535 1551
f 1534 1551 1550
f 1535 1536 1552
f 1535 1552 1551
f 1536 1537 1553
f 1536 1553 1552
f 1537 1538 1554
f 1537 1554 1553
f 1538 1539 1555
f 1538 1555 1554
f 1539 1540 1556
f 1539 1556 1555
f 1540 1541 1557
f 1540 1557 1556
f 1541 1542 1558
f 1541 1558 1557
f 1542 1543 1559
f 1542 1559 1558
f 1543 1544 1560
f 1543 1560 1559
f 1544 1545 1561
f 1544 1561 1560
f 1545 1546 1562
f 1545 1562 1561
f 1546 1547 1563
f 1546 1563 1562
f 1547 1548 1564
f 1547 1564 1563
f 1548 1533 1549
f 1548 1549 1564
f 1549 1550 1566
f 1549 1566 1565
f 1550 1551 1567
f 1550 1567 1566
f 1551 1552 1568
f 1551 1568 1567
f 1552 1553 1569
f 1552 1569 1568
f 1553 1554 1570
f 1553 1570 1569
f 1554 1555 1571
f 1554 1571 1570
f 1555 1556 1572
f 1555 1572 1571
f 1556 1557 1573
f 1556 1573 1572
f 1557 1558 1574
f 1557 1574 1573
f 1558 1559 1575
f 1558 1575 1574
f 1559 1560 1576
f 1559 1576 1575
f 1560 1561 1577
f 1560 1577 1576
f 1561 1562 1578
f 1561 1578 1577
f 1562 1563 1579
f 1562 1579 1578
f 1563 1564 1580
f 1563 1580 1579
f 1564 1549 1565
f 1564 1565 1580
f 1565 1566 1582
f 1565 1582 1581
f 1566 1567 1583
f 1566 1583 1582
f 1567 1568 1584
f 1567 1584 1583
f 1568 1569 1585
f 1568 1585 1584
f 1569 1570 1586
f 1569 1586 1585
f 1570 1571 1587
f 1570 1587 1586
f 1571 1572 1588
f 1571 1588 1587
f 1572 1573 1589
f 1572 1589 1588
f 1573 1574 1590
f 1573 1590 1589
f 1574 1575 1591
f 1574 1591 1590
f 1575 1576 1592
f 1575 1592 1591
f 1576 1577 1593
f 1576 1593 1592
f 1577 1578 1594
f 1577 1594 1593
f 1578 1579 1595
f 1578 1595 1594
f 1579 1580 1596
f 1579 1596 1595
f 1580 1565 1581
f 1580 1581 1596
g connectors
f 1597 1598 1606
f 1597 1606 1605
f 1598 1599 1607
f 1598 1607 1606
f 1599 1600 1608
f 1599 1608 1607
f 1600 1601 1609
f 1600 1609 1608
f 1601 1602 1610
f 1601 1610 1609
f 1602 1603 1611
f 1602 1611 1610
f 1603 1604 1612
f 1603 1612 1611
f 1604 1597 1605
f 1604 1605 1612
f 1613 1598 1597
f 1614 1605 1606
f 1613 1599 1598
f 1614 1606 1607
f 1613 1600 1599
f 1614 1607 1608
f 1613 1601 1600
f 1614 1608 1609
f 1613 1602 1601
f 1614 1609 1610
f 1613 1603 1602
f 1614 1610 1611
f 1613 1604 1603
f 1614 1611 1612
f 1613 1597 1604
f 1614 1612 1605
f 1615 1616 1626
f 1615 1626 1625
f 1616 1617 1627
f 1616 1627 1626
f 1617 1618 1628
f 1617 1628 1627
f 1618 1619 1629
f 1618 1629 1628
f 1619 1620 1630
f 1619 1630 1629
f 1620 1621 1631
f 1620 1631 1630
f 1621 1622 1632
f 1621 1632 1631
f 1622 1623 1633
f 1622 1633 1632
f 1623 1624 1634
f 1623 1634 1633
f 1624 1615 1625
f 1624 1625 1634
f 1625 1626 1636
f 1625 1636 1635
f 1626 1627 1637
f 1626 1637 1636
f 1627 1628 1638
f 1627 1638 1637
f 1628 1629 1639
f 1628 1639 1638
f 1629 1630 1640
f 1629 1640 1639
f 1630 1631 1641
f 1630 1641 1640
f 1631 1632 1642
f 1631 1642 1641
f 1632 1633 1643
f 1632 1643 1642
f 1633 1634 1644
f 1633 1644 1643
f 1634 1625 1635
f 1634 1635 1644
f 1635 1636 1646
f 1635 1646 1645
f 1636 1637 1647
f 1636 1647 1646
f 1637 1638 1648
f 1637 1648 1647
f 1638 1639 1649
f 1638 1649 1648
f 1639 1640 1650
f 1639 1650 1649
f 1640 1641 1651
f 1640 1651 1650
f 1641 1642 1652
f 1641 1652 1651
f 1642 1643 1653
f 1642 1653 1652
f 1643 1644 1654
f 1643 1654 1653
f 1644 1635 1645
f 1644 1645 1654
f 1645 1646 1656
f 1645 1656 1655
f 1646 1647 1657
f 1646 1657 1656
f 1647 1648 1658
f 1647 1658 1657
f 1648 1649 1659
f 1648 1659 1658
f 1649 1650 1660
f 1649 1660 1659
f 1650 1651 1661
f 1650 1661 1660
f 1651 1652 1662
f 1651 1662 1661
f 1652 1653 1663
f 1652 1663 1662
f 1653 1654 1664
f 1653 1664 1663
f 1654 1645 1655
f 1654 1655 1664
f 1655 1656 1666
f 1655 1666 1665
f 1656 1657 1667
f 1656 1667 1666
f 1657 1658 1668
f 1657 1668 1667
f 1658 1659 1669
f 1658 1669 1668
f 1659 1660 1670
f 1659 1670 1669
f 1660 1661 1671
f 1660 1671 1670
f 1661 1662 1672
f 1661 1672 1671
f 1662 1663 1673
f 1662 1673 1672
f 1663 1664 1674
f 1663 1674 1673
f 1664 1655 1665
f 1664 1665 1674
f 1675 1676 1684
f 1675 1684 1683
f 1676 1677 1685
f 1676 1685 1684
f 1677 1678 1686
f 1677 1686 1685
f 1678 1679 1687
f 1678 1687 1686
f 1679 1680 1688
f 1679 1688 1687
f 1680 1681 1689
f 1680 1689 1688
f 1681 1682 1690
f 1681 1690 1689
f 1682 1675 1683
f 1682 1683 1690
f 1691 1676 1675
f 1692 1683 1684
f 1691 1677 1676
f 1692 1684 1685
f 1691 1678 1677
f 1692 1685 1686
f 1691 1679 1678
f 1692 1686 1687
f 1691 1680 1679
f 1692 1687 1688
f 1691 1681 1680
f 1692 1688 1689
f 1691 1682 1681
f 1692 1689 1690
f 1691 1675 1682
f 1692 1690 1683
f 1693 1694 1704
f 1693 1704 1703
f 1694 1695 1705
f 1694 1705 1704
f 1695 1696 1706
f 1695 1706 1705
f 1696 1697 1707
f 1696 1707 1706
f 1697 1698 1708
f 1697 1708 1707
f 1698 1699 1709
f 1698 1709 1708
f 1699 1700 1710
f 1699 1710 1709
f 1700 1701 1711
f 1700 1711 1710
f 1701 1702 1712
f 1701 1712 1711
f 1702 1693 1703
f 1702 1703 1712
f 1703 1704 1714
f 1703 1714 1713
f 1704 1705 1715
f 1704 1715 1714
f 1705 1706 1716
f 1705 1716 1715
f 1706 1707 1717
f 1706 1717 1716
f 1707 1708 1718
f 1707 1718 1717
f 1708 1709 1719
f 1708 1719 1718
f 1709 1710 1720
f 1709 1720 1719
f 1710 1711 1721
f 1710 1721 1720
f 1711 1712 1722
f 1711 1722 1721
f 1712 1703 1713
f 1712 1713 1722
f 1713 1714 1724
f 1713 1724 1723
f 1714 1715 1725
f 1714 1725 1724
f 1715 1716 1726
f 1715 1726 1725
f 1716 1717 1727
f 1716 1727 1726
f 1717 1718 1728
f 1717 1728 1727
f 1718 1719 1729
f 1718 1729 1728
f 1719 1720 1730
f 1719 1730 1729
f 1720 1721 1731
f 1720 1731 1730
f 1721 1722 1732
f 1721 1732 1731
f 1722 1713 1723
f 1722 1723 1732
f 1723 1724 1734
f 1723 1734 1733
f 1724 1725 1735
f 1724 1735 1734
f 1725 1726 1736
f 1725 1736 1735
f 1726 1727 1737
f 1726 1737 1736
f 1727 1728 1738
f 1727 1738 1737
f 1728 1729 1739
f 1728 1739 1738
f 1729 1730 1740
f 1729 1740 1739
f 1730 1731 1741
f 1730 1741 1740
f 1731 1732 1742
f 1731 1742 1741
f 1732 1723 1733
f 1732 1733 1742
f 1733 1734 1744
f 1733 1744 1743
f 1734 1735 1745
f 1734 1745 1744
f 1735 1736 1746
f 1735 1746 1745
f 1736 1737 1747
f 1736 1747 1746
f 1737 1738 1748
f 1737 1748 1747
f 1738 1739 1749
f 1738 1749 1748
f 1739 1740 1750
f 1739 1750 1749
f 1740 1741 1751
f 1740 1751 1750
f 1741 1742 1752
f 1741 1752 1751
f 1742 1733 1743
f 1742 1743 1752
f 1753 1754 1762
f 1753 1762 1761
f 1754 1755 1763
f 1754 1763 1762
f 1755 1756 1764
f 1755 1764 1763
f 1756 1757 1765
f 1756 1765 1764
f 1757 1758 1766
f 1757 1766 1765
f 1758 1759 1767
f 1758 1767 1766
f 1759 1760 1768
f 1759 1768 1767
f 1760 1753 1761
f 1760 1761 1768
f 1769 1754 1753
f 1770 1761 1762
f 1769 1755 1754
f 1770 1762 1763
f 1769 1756 1755
f 1770 1763 1764
f 1769 1757 1756
f 1770 1764 1765
f 1769 1758 1757
f 1770 1765 1766
f 1769 1759 1758
f 1770 1766 1767
f 1769 1760 1759
f 1770 1767 1768
f 1769 1753 1760
f 1770 1768 1761
f 1771 1772 1782
f 1771 1782 1781
f 1772 1773 1783
f 1772 1783 1782
f 1773 1774 1784
f 1773 1784 1783
f 1774 1775 1785
f 1774 1785 1784
f 1775 1776 1786
f 1775 1786 1785
f 1776 1777 1787
f 1776 1787 1786
f 1777 1778 1788
f 1777 1788 1787
f 1778 1779 1789
f 1778 1789 1788
f 1779 1780 1790
f 1779 1790 1789
f 1780 1771 1781
f 1780 1781 1790
f 1781 1782 1792
f 1781 1792 1791
f 1782 1783 1793
f 1782 1793 1792
f 1783 1784 1794
f 1783 1794 1793
f 1784 1785 1795
f 1784 1795 1794
f 1785 1786 1796
f 1785 1796 1795
f 1786 1787 1797
f 1786 1797 1796
f 1787 1788 1798
f 1787 1798 1797
f 1788 1789 1799
f 1788 1799 1798
f 1789 1790 1800
f 1789 1800 1799
f 1790 1781 1791
f 1790 1791 1800
f 1791 1792 1802
f 1791 1802 1801
f 1792 1793 1803
f 1792 1803 1802
f 1793 1794 1804
f 1793 1804 1803
f 1794 1795 1805
f 1794 1805 1804
f 1795 1796 1806
f 1795 1806 1805
f 1796 1797 1807
f 1796 1807 1806
f 1797 1798 1808
f 1797 1808 1807
f 1798 1799 1809
f 1798 1809 1808
f 1799 1800 1810
f 1799 1810 1809
f 1800 1791 1801
f 1800 1801 1810
f 1801 1802 1812
f 1801 1812 1811
f 1802 1803 1813
f 1802 1813 1812
f 1803 1804 1814
f 1803 1814 1813
f 1804 1805 1815
f 1804 1815 1814
f 1805 1806 1816
f 1805 1816 1815
f 1806 1807 1817
f 1806 1817 1816
f 1807 1808 1818
f 1807 1818 1817
f 1808 1809 1819
f 1808 1819 1818
f 1809 1810 1820
f 1809 1820 1819
f 1810 1801 1811
f 1810 1811 1820
f 1811 1812 1822
f 1811 1822 1821
f 1812 1813 1823
f 1812 1823 1822
f 1813 1814 1824
f 1813 1824 1823
f 1814 1815 1825
f 1814 1825 1824
f 1815 1816 1826
f 1815 1826 1825
f 1816 1817 1827
f 1816 1827 1826
f 1817 1818 1828
f 1817 1828 1827
f 1818 1819 1829
f 1818 1829 1828
f 1819 1820 1830
f 1819 1830 1829
f 1820 1811 1821
f 1820 1821 1830
f 1831 1832 1840
f 1831 1840 1839
f 1832 1833 1841
f 1832 1841 1840
f 1833 1834 1842
f 1833 1842 1841
f 1834 1835 1843
f 1834 1843 1842
f 1835 1836 1844
f 1835 1844 1843
f 1836 1837 1845
f 1836 1845 1844
f 1837 1838 1846
f 1837 1846 1845
f 1838 1831 1839
f 1838 1839 1846
f 1847 1832 1831
f 1848 1839 1840
f 1847 1833 1832
f 1848 1840 1841
f 1847 1834 1833
f 1848 1841 1842
f 1847 1835 1834
f 1848 1842 1843
f 1847 1836 1835
f 1848 1843 1844
f 1847 1837 1836
f 1848 1844 1845
f 1847 1838 1837
f 1848 1845 1846
f 1847 1831 1838
f 1848 1846 1839
f 1849 1850 1860
f 1849 1860 1859
f 1850 1851 1861
f 1850 1861 1860
f 1851 1852 1862
f 1851 1862 1861
f 1852 1853 1863
f 1852 1863 1862
f 1853 1854 1864
f 1853 1864 1863
f 1854 1855 1865
f 1854 1865 1864
f 1855 1856 1866
f 1855 1866 1865
f 1856 1857 1867
f 1856 1867 1866
f 1857 1858 1868
f 1857 1868 1867
f 1858 1849 1859
f 1858 1859 1868
f 1859 1860 1870
f 1859 1870 1869
f 1860 1861 1871
f 1860 1871 1870
f 1861 1862 1872
f 1861 1872 1871
f 1862 1863 1873
f 1862 1873 1872
f 1863 1864 1874
f 1863 1874 1873
f 1864 1865 1875
f 1864 1875 1874
f 1865 1866 1876
f 1865 1876 1875
f 1866 1867 1877
f 1866 1877 1876
f 1867 1868 1878
f 1867 1878 1877
f 1868 1859 1869
f 1868 1869 1878
f 1869 1870 1880
f 1869 1880 1879
f 1870 1871 1881
f 1870 1881 1880
f 1871 1872 1882
f 1871 1882 1881
f 1872 1873 1883
f 1872 1883 1882
f 1873 1874 1884
f 1873 1884 1883
f 1874 1875 1885
f 1874 1885 1884
f 1875 1876 1886
f 1875 1886 1885
f 1876 1877 1887
f 1876 1887 1886
f 1877 1878 1888
f 1877 1888 1887
f 1878 1869 1879
f 1878 1879 1888
f 1879 1880 1890
f 1879 1890 1889
f 1880 1881 1891
f 1880 1891 1890
f 1881 1882 1892
f 1881 1892 1891
f 1882 1883 1893
f 1882 1893 1892
f 1883 1884 1894
f 1883 1894 1893
f 1884 1885 1895
f 1884 1895 1894
f 1885 1886 1896
f 1885 1896 1895
f 1886 1887 1897
f 1886 1897 1896
f 1887 1888 1898
f 1887 1898 1897
f 1888 1879 1889
f 1888 1889 1898
f 1889 1890 1900
f 1889 1900 1899
f 1890 1891 1901
f 1890 1901 1900
f 1891 1892 1902
f 1891 1902 1901
f 1892 1893 1903
f 1892 1903 1902
f 1893 1894 1904
f 1893 1904 1903
f 1894 1895 1905
f 1894 1905 1904
f 1895 1896 1906
f 1895 1906 1905
f 1896 1897 1907
f 1896 1907 1906
f 1897 1898 1908
f 1897 1908 1907
f 1898 1889 1899
f 1898 1899 1908
f 1909 1910 1918
f 1909 1918 1917
f 1910 1911 1919
f 1910 1919 1918
f 1911 1912 1920
f 1911 1920 1919
f 1912 1913 1921
f 1912 1921 1920
f 1913 1914 1922
f 1913 1922 1921
f 1914 1915 1923
f 1914 1923 1922
f 1915 1916 1924
f 1915 1924 1923
f 1916 1909 1917
f 1916 1917 1924
f 1925 1910 1909
f 1926 1917 1918
f 1925 1911 1910
f 1926 1918 1919
f 1925 1912 1911
f 1926 1919 1920
f 1925 1913 1912
f 1926 1920 1921
f 1925 1914 1913
f 1926 1921 1922
f 1925 1915 1914
f 1926 1922 1923
f 1925 1916 1915
f 1926 1923 1924
f 1925 1909 1916
f 1926 1924 1917
f 1927 1928 1938
f 1927 1938 1937
f 1928 1929 1939
f 1928 1939 1938
f 1929 1930 1940
f 1929 1940 1939
f 1930 1931 1941
f 1930 1941 1940
f 1931 1932 1942
f 1931 1942 1941
f 1932 1933 1943
f 1932 1943 1942
f 1933 1934 1944
f 1933 1944 1943
f 1934 1935 1945
f 1934 1945 1944
f 1935 1936 1946
f 1935 1946 1945
f 1936 1927 1937
f 1936 1937 1946
f 1937 1938 1948
f 1937 1948 1947
f 1938 1939 1949
f 1938 1949 1948
f 1939 1940 1950
f 1939 1950 1949
f 1940 1941 1951
f 1940 1951 1950
f 1941 1942 1952
f 1941 1952 1951
f 1942 1943 1953
f 1942 1953 1952
f 1943 1944 1954
f 1943 1954 1953
f 1944 1945 1955
f 1944 1955 1954
f 1945 1946 1956
f 1945 1956 1955
f 1946 1937 1947
f 1946 1947 1956
f 1947 1948 1958
f 1947 1958 1957
f 1948 1949 1959
f 1948 1959 1958
f 1949 1950 1960
f 1949 1960 1959
f 1950 1951 1961
f 1950 1961 1960
f 1951 1952 1962
f 1951 1962 1961
f 1952 1953 1963
f 1952 1963 1962
f 1953 1954 1964
f 1953 1964 1963
f 1954 1955 1965
f 1954 1965 1964
f 1955 1956 1966
f 1955 1966 1965
f 1956 1947 1957
f 1956 1957 1966
f 1957 1958 1968
f 1957 1968 1967
f 1958 1959 1969
f 1958 1969 1968
f 1959 1960 1970
f 1959 1970 1969
f 1960 1961 1971
f 1960 1971 1970
f 1961 1962 1972
f 1961 1972 1971
f 1962 1963 1973
f 1962 1973 1972
f 1963 1964 1974
f 1963 1974 1973
f 1964 1965 1975
f 1964 1975 1974
f 1965 1966 1976
f 1965 1976 1975
f 1966 1957 1967
f 1966 1967 1976
f 1967 1968 1978
f 1967 1978 1977
f 1968 1969 1979
f 1968 1979 1978
f 1969 1970 1980
f 1969 1980 1979
f 1970 1971 1981
f 1970 1981 1980
f 1971 1972 1982
f 1971 1982 1981
f 1972 1973 1983
f 1972 1983 1982
f 1973 1974 1984
f 1973 1984 1983
f 1974 1975 1985
f 1974 1985 1984
f 1975 1976 1986
f 1975 1986 1985
f 1976 1967 1977
f 1976 1977 1986
f 1987 1988 1996
f 1987 1996 1995
f 1988 1989 1997
f 1988 1997 1996
f 1989 1990 1998
f 1989 1998 1997
f 1990 1991 1999
f 1990 1999 1998
f 1991 1992 2000
f 1991 2000 1999
f 1992 1993 2001
f 1992 2001 2000
f 1993 1994 2002
f 1993 2002 2001
f 1994 1987 1995
f 1994 1995 2002
f 2003 1988 1987
f 2004 1995 1996
f 2003 1989 1988
f 2004 1996 1997
f 2003 1990 1989
f 2004 1997 1998
f 2003 1991 1990
f 2004 1998 1999
f 2003 1992 1991
f 2004 1999 2000
f 2003 1993 1992
f 2004 2000 2001
f 2003 1994 1993
f 2004 2001 2002
f 2003 1987 1994
f 2004 2002 1995
f 2005 2006 2016
f 2005 2016 2015
f 2006 2007 2017
f 2006 2017 2016
f 2007 2008 2018
f 2007 2018 2017
f 2008 2009 2019
f 2008 2019 2018
f 2009 2010 2020
f 2009 2020 2019
f 2010 2011 2021
f 2010 2021 2020
f 2011 2012 2022
f 2011 2022 2021
f 2012 2013 2023
f 2012 2023 2022
f 2013 2014 2024
f 2013 2024 2023
f 2014 2005 2015
f 2014 2015 2024
f 2015 2016 2026
f 2015 2026 2025
f 2016 2017 2027
f 2016 2027 2026
f 2017 2018 2028
f 2017 2028 2027
f 2018 2019 2029
f 2018 2029 2028
f 2019 2020 2030
f 2019 2030 2029
f 2020 2021 2031
f 2020 2031 2030
f 2021 2022 2032
f 2021 2032 2031
f 2022 2023 2033
f 2022 2033 2032
f 2023 2024 2034
f 2023 2034 2033
f 2024 2015 2025
f 2024 2025 2034
f 2025 2026 2036
f 2025 2036 2035
f 2026 2027 2037
f 2026 2037 2036
f 2027 2028 2038
f 2027 2038 2037
f 2028 2029 2039
f 2028 2039 2038
f 2029 2030 2040
f 2029 2040 2039
f 2030 2031 2041
f 2030 2041 2040
f 2031 2032 2042
f 2031 2042 2041
f 2032 2033 2043
f 2032 2043 2042
f 2033 2034 2044
f 2033 2044 2043
f 2034 2025 2035
f 2034 2035 2044
f 2035 2036 2046
f 2035 2046 2045
f 2036 2037 2047
f 2036 2047 2046
f 2037 2038 2048
f 2037 2048 2047
f 2038 2039 2049
f 2038 2049 2048
f 2039 2040 2050
f 2039 2050 2049
f 2040 2041 2051
f 2040 2051 2050
f 2041 2042 2052
f 2041 2052 2051
f 2042 2043 2053
f 2042 2053 2052
f 2043 2044 2054
f 2043 2054 2053
f 2044 2035 2045
f 2044 2045 2054
f 2045 2046 2056
f 2045 2056 2055
f 2046 2047 2057
f 2046 2057 2056
f 2047 2048 2058
f 2047 2058 2057
f 2048 2049 2059
f 2048 2059 2058
f 2049 2050 2060
f 2049 2060 2059
f 2050 2051 2061
f 2050 2061 2060
f 2051 2052 2062
f 2051 2062 2061
f 2052 2053 2063
f 2052 2063 2062
f 2053 2054 2064
f 2053 2064 2063
f 2054 2045 2055
f 2054 2055 2064
f 2065 2066 2074
f 2065 2074 2073
f 2066 2067 2075
f 2066 2075 2074
f 2067 2068 2076
f 2067 2076 2075
f 2068 2069 2077
f 2068 2077 2076
f 2069 2070 2078
f 2069 2078 2077
f 2070 2071 2079
f 2070 2079 2078
f 2071 2072 2080
f 2071 2080 2079
f 2072 2065 2073
f 2072 2073 2080
f 2081 2066 2065
f 2082 2073 2074
f 2081 2067 2066
f 2082 2074 2075
f 2081 2068 2067
f 2082 2075 2076
f 2081 2069 2068
f 2082 2076 2077
f 2081 2070 2069
f 2082 2077 2078
f 2081 2071 2070
f 2082 2078 2079
f 2081 2072 2071
f 2082 2079 2080
f 2081 2065 2072
f 2082 2080 2073
f 2083 2084 2094
f 2083 2094 2093
f 2084 2085 2095
f 2084 2095 2094
f 2085 2086 2096
f 2085 2096 2095
f 2086 2087 2097
f 2086 2097 2096
f 2087 2088 2098
f 2087 2098 2097
f 2088 2089 2099
f 2088 2099 2098
f 2089 2090 2100
f 2089 2100 2099
f 2090 2091 2101
f 2090 2101 2100
f 2091 2092 2102
f 2091 2102 2101
f 2092 2083 2093
f 2092 2093 2102
f 2093 2094 2104
f 2093 2104 2103
f 2094 2095 2105
f 2094 2105 2104
f 2095 2096 2106
f 2095 2106 2105
f 2096 2097 2107
f 2096 2107 2106
f 2097 2098 2108
f 2097 2108 2107
f 2098 2099 2109
f 2098 2109 2108
f 2099 2100 2110
f 2099 2110 2109
f 2100 2101 2111
f 2100 2111 2110
f 2101 2102 2112
f 2101 2112 2111
f 2102 2093 2103
f 2102 2103 2112
f 2103 2104 2114
f 2103 2114 2113
f 2104 2105 2115
f 2104 2115 2114
f 2105 2106 2116
f 2105 2116 2115
f 2106 2107 2117
f 2106 2117 2116
f 2107 2108 2118
f 2107 2118 2117
f 2108 2109 2119
f 2108 2119 2118
f 2109 2110 2120
f 2109 2120 2119
f 2110 2111 2121
f 2110 2121 2120
f 2111 2112 2122
f 2111 2122 2121
f 2112 2103 2113
f 2112 2113 2122
f 2113 2114 2124
f 2113 2124 2123
f 2114 2115 2125
f 2114 2125 2124
f 2115 2116 2126
f 2115 2126 2125
f 2116 2117 2127
f 2116 2127 2126
f 2117 2118 2128
f 2117 2128 2127
f 2118 2119 2129
f 2118 2129 2128
f 2119 2120 2130
f 2119 2130 2129
f 2120 2121 2131
f 2120 2131 2130
f 2121 2122 2132
f 2121 2132 2131
f 2122 2113 2123
f 2122 2123 2132
f 2123 2124 2134
f 2123 2134 2133
f 2124 2125 2135
f 2124 2135 2134
f 2125 2126 2136
f 2125 2136 2135
f 2126 2127 2137
f 2126 2137 2136
f 2127 2128 2138
f 2127 2138 2137
f 2128 2129 2139
f 2128 2139 2138
f 2129 2130 2140
f 2129 2140 2139
f 2130 2131 2141
f 2130 2141 2140
f 2131 2132 2142
f 2131 2142 2141
f 2132 2123 2133
f 2132 2133 2142
f 2143 2144 2152
f 2143 2152 2151
f 2144 2145 2153
f 2144 2153 2152
f 2145 2146 2154
f 2145 2154 2153
f 2146 2147 2155
f 2146 2155 2154
f 2147 2148 2156
f 2147 2156 2155
f 2148 2149 2157
f 2148 2157 2156
f 2149 2150 2158
f 2149 2158 2157
f 2150 2143 2151
f 2150 2151 2158
f 2159 2144 2143
f 2160 2151 2152
f 2159 2145 2144
f 2160 2152 2153
f 2159 2146 2145
f 2160 2153 2154
f 2159 2147 2146
f 2160 2154 2155
f 2159 2148 2147
f 2160 2155 2156
f 2159 2149 2148
f 2160 2156 2157
f 2159 2150 2149
f 2160 2157 2158
f 2159 2143 2150
f 2160 2158 2151
g guides
f 2161 2162 2166
f 2161 2166 2165
f 2162 2163 2167
f 2162 2167 2166
f 2163 2164 2168
f 2163 2168 2167
f 2164 2161 2165
f 2164 2165 2168
f 2165 2166 2170
f 2165 2170 2169
f 2166 2167 2171
f 2166 2171 2170
f 2167 2168 2172
f 2167 2172 2171
f 2168 2165 2169
f 2168 2169 2172
f 2169 2170 2174
f 2169 2174 2173
f 2170 2171 2175
f 2170 2175 2174
f 2171 2172 2176
f 2171 2176 2175
f 2172 2169 2173
f 2172 2173 2176
f 2173 2174 2178
f 2173 2178 2177
f 2174 2175 2179
f 2174 2179 2178
f 2175 2176 2180
f 2175 2180 2179
f 2176 2173 2177
f 2176 2177 2180
f 2177 2178 2182
f 2177 2182 2181
f 2178 2179 2183
f 2178 2183 2182
f 2179 2180 2184
f 2179 2184 2183
f 2180 2177 2181
f 2180 2181 2184
f 2181 2182 2186
f 2181 2186 2185
f 2182 2183 2187
f 2182 2187 2186
f 2183 2184 2188
f 2183 2188 2187
f 2184 2181 2185
f 2184 2185 2188
f 2185 2186 2190
f 2185 2190 2189
f 2186 2187 2191
f 2186 2191 2190
f 2187 2188 2192
f 2187 2192 2191
f 2188 2185 2189
f 2188 2189 2192
f 2189 2190 2194
f 2189 2194 2193
f 2190 2191 2195
f 2190 2195 2194
f 2191 2192 2196
f 2191 2196 2195
f 2192 2189 2193
f 2192 2193 2196
f 2193 2194 2198
f 2193 2198 2197
f 2194 2195 2199
f 2194 2199 2198
f 2195 2196 2200
f 2195 2200 2199
f 2196 2193 2197
f 2196 2197 2200
f 2197 2198 2202
f 2197 2202 2201
f 2198 2199 2203
f 2198 2203 2202
f 2199 2200 2204
f 2199 2204 2203
f 2200 2197 2201
f 2200 2201 2204
f 2201 2202 2206
f 2201 2206 2205
f 2202 2203 2207
f 2202 2207 2206
f 2203 2204 2208
f 2203 2208 2207
f 2204 2201 2205
f 2204 2205 2208
f 2205 2206 2210
f 2205 2210 2209
f 2206 2207 2211
f 2206 2211 2210
f 2207 2208 2212
f 2207 2212 2211
f 2208 2205 2209
f 2208 2209 2212
f 2209 2210 2214
f 2209 2214 2213
f 2210 2211 2215
f 2210 2215 2214
f 2211 2212 2216
f 2211 2216 2215
f 2212 2209 2213
f 2212 2213 2216
f 2213 2214 2218
f 2213 2218 2217
f 2214 2215 2219
f 2214 2219 2218
f 2215 2216 2220
f 2215 2220 2219
f 2216 2213 2217
f 2216 2217 2220
f 2217 2218 2222
f 2217 2222 2221
f 2218 2219 2223
f 2218 2223 2222
f 2219 2220 2224
f 2219 2224 2223
f 2220 2217 2221
f 2220 2221 2224
f 2221 2222 2226
f 2221 2226 2225
f 2222 2223 2227
f 2222 2227 2226
f 2223 2224 2228
f 2223 2228 2227
f 2224 2221 2225
f 2224 2225 2228
f 2225 2226 2230
f 2225 2230 2229
f 2226 2227 2231
f 2226 2231 2230
f 2227 2228 2232
f 2227 2232 2231
f 2228 2225 2229
f 2228 2229 2232
f 2229 2230 2234
f 2229 2234 2233
f 2230 2231 2235
f 2230 2235 2234
f 2231 2232 2236
f 2231 2236 2235
f 2232 2229 2233
f 2232 2233 2236
f 2233 2234 2238
f 2233 2238 2237
f 2234 2235 2239
f 2234 2239 2238
f 2235 2236 2240
f 2235 2240 2239
f 2236 2233 2237
f 2236 2237 2240
f 2237 2238 2242
f 2237 2242 2241
f 2238 2239 2243
f 2238 2243 2242
f 2239 2240 2244
f 2239 2244 2243
f 2240 2237 2241
f 2240 2241 2244
f 2241 2242 2246
f 2241 2246 2245
f 2242 2243 2247
f 2242 2247 2246
f 2243 2244 2248
f 2243 2248 2247
f 2244 2241 2245
f 2244 2245 2248
f 2245 2246 2250
f 2245 2250 2249
f 2246 2247 2251
f 2246 2251 2250
f 2247 2248 2252
f 2247 2252 2251
f 2248 2245 2249
f 2248 2249 2252
f 2249 2250 2254
f 2249 2254 2253
f 2250 2251 2255
f 2250 2255 2254
f 2251 2252 2256
f 2251 2256 2255
f 2252 2249 2253
f 2252 2253 2256
f 2253 2254 2258
f 2253 2258 2257
f 2254 2255 2259
f 2254 2259 2258
f 2255 2256 2260
f 2255 2260 2259
f 2256 2253 2257
f 2256 2257 2260
f 2257 2258 2262
f 2257 2262 2261
f 2258 2259 2263
f 2258 2263 2262
f 2259 2260 2264
f 2259 2264 2263
f 2260 2257 2261
f 2260 2261 2264
f 2261 2262 2266
f 2261 2266 2265
f 2262 2263 2267
f 2262 2267 2266
f 2263 2264 2268
f 2263 2268 2267
f 2264 2261 2265
f 2264 2265 2268
f 2265 2266 2270
f 2265 2270 2269
f 2266 2267 2271
f 2266 2271 2270
f 2267 2268 2272
f 2267 2272 2271
f 2268 2265 2269
f 2268 2269 2272
f 2269 2270 2162
f 2269 2162 2161
f 2270 2271 2163
f 2270 2163 2162
f 2271 2272 2164
f 2271 2164 2163
f 2272 2269 2161
f 2272 2161 2164
f 2273 2274 2280
f 2273 2280 2279
f 2274 2275 2281
f 2274 2281 2280
f 2275 2276 2282
f 2275 2282 2281
f 2276 2277 2283
f 2276 2283 2282
f 2277 2278 2284
f 2277 2284 2283
f 2278 2273 2279
f 2278 2279 2284
f 2285 2274 2273
f 2286 2279 2280
f 2285 2275 2274
f 2286 2280 2281
f 2285 2276 2275
f 2286 2281 2282
f 2285 2277 2276
f 2286 2282 2283
f 2285 2278 2277
f 2286 2283 2284
f 2285 2273 2278
f 2286 2284 2279
f 2287 2288 2296
f 2287 2296 2295
f 2288 2289 2297
f 2288 2297 2296
f 2289 2290 2298
f 2289 2298 2297
f 2290 2291 2299
f 2290 2299 2298
f 2291 2292 2300
f 2291 2300 2299
f 2292 2293 2301
f 2292 2301 2300
f 2293 2294 2302
f 2293 2302 2301
f 2294 2287 2295
f 2294 2295 2302
f 2295 2296 2304
f 2295 2304 2303
f 2296 2297 2305
f 2296 2305 2304
f 2297 2298 2306
f 2297 2306 2305
f 2298 2299 2307
f 2298 2307 2306
f 2299 2300 2308
f 2299 2308 2307
f 2300 2301 2309
f 2300 2309 2308
f 2301 2302 2310
f 2301 2310 2309
f 2302 2295 2303
f 2302 2303 2310
f 2303 2304 2312
f 2303 2312 2311
f 2304 2305 2313
f 2304 2313 2312
f 2305 2306 2314
f 2305 2314 2313
f 2306 2307 2315
f 2306 2315 2314
f 2307 2308 2316
f 2307 2316 2315
f 2308 2309 2317
f 2308 2317 2316
f 2309 2310 2318
f 2309 2318 2317
f 2310 2303 2311
f 2310 2311 2318
f 2311 2312 2320
f 2311 2320 2319
f 2312 2313 2321
f 2312 2321 2320
f 2313 2314 2322
f 2313 2322 2321
f 2314 2315 2323
f 2314 2323 2322
f 2315 2316 2324
f 2315 2324 2323
f 2316 2317 2325
f 2316 2325 2324
f 2317 2318 2326
f 2317 2326 2325
f 2318 2311 2319
f 2318 2319 2326
f 2327 2328 2334
f 2327 2334 2333
f 2328 2329 2335
f 2328 2335 2334
f 2329 2330 2336
f 2329 2336 2335
f 2330 2331 2337
f 2330 2337 2336
f 2331 2332 2338
f 2331 2338 2337
f 2332 2327 2333
f 2332 2333 2338
f 2339 2328 2327
f 2340 2333 2334
f 2339 2329 2328
f 2340 2334 2335
f 2339 2330 2329
f 2340 2335 2336
f 2339 2331 2330
f 2340 2336 2337
f 2339 2332 2331
f 2340 2337 2338
f 2339 2327 2332
f 2340 2338 2333
f 2341 2342 2350
f 2341 2350 2349
f 2342 2343 2351
f 2342 2351 2350
f 2343 2344 2352
f 2343 2352 2351
f 2344 2345 2353
f 2344 2353 2352
f 2345 2346 2354
f 2345 2354 2353
f 2346 2347 2355
f 2346 2355 2354
f 2347 2348 2356
f 2347 2356 2355
f 2348 2341 2349
f 2348 2349 2356
f 2349 2350 2358
f 2349 2358 2357
f 2350 2351 2359
f 2350 2359 2358
f 2351 2352 2360
f 2351 2360 2359
f 2352 2353 2361
f 2352 2361 2360
f 2353 2354 2362
f 2353 2362 2361
f 2354 2355 2363
f 2354 2363 2362
f 2355 2356 2364
f 2355 2364 2363
f 2356 2349 2357
f 2356 2357 2364
f 2357 2358 2366
f 2357 2366 2365
f 2358 2359 2367
f 2358 2367 2366
f 2359 2360 2368
f 2359 2368 2367
f 2360 2361 2369
f 2360 2369 2368
f 2361 2362 2370
f 2361 2370 2369
f 2362 2363 2371
f 2362 2371 2370
f 2363 2364 2372
f 2363 2372 2371
f 2364 2357 2365
f 2364 2365 2372
f 2365 2366 2374
f 2365 2374 2373
f 2366 2367 2375
f 2366 2375 2374
f 2367 2368 2376
f 2367 2376 2375
f 2368 2369 2377
f 2368 2377 2376
f 2369 2370 2378
f 2369 2378 2377
f 2370 2371 2379
f 2370 2379 2378
f 2371 2372 2380
f 2371 2380 2379
f 2372 2365 2373
f 2372 2373 2380
f 2381 2382 2388
f 2381 2388 2387
f 2382 2383 2389
f 2382 2389 2388
f 2383 2384 2390
f 2383 2390 2389
f 2384 2385 2391
f 2384 2391 2390
f 2385 2386 2392
f 2385 2392 2391
f 2386 2381 2387
f 2386 2387 2392
f 2393 2382 2381
f 2394 2387 2388
f 2393 2383 2382
f 2394 2388 2389
f 2393 2384 2383
f 2394 2389 2390
f 2393 2385 2384
f 2394 2390 2391
f 2393 2386 2385
f 2394 2391 2392
f 2393 2381 2386
f 2394 2392 2387
f 2395 2396 2404
f 2395 2404 2403
f 2396 2397 2405
f 2396 2405 2404
f 2397 2398 2406
f 2397 2406 2405
f 2398 2399 2407
f 2398 2407 2406
f 2399 2400 2408
f 2399 2408 2407
f 2400 2401 2409
f 2400 2409 2408
f 2401 2402 2410
f 2401 2410 2409
f 2402 2395 2403
f 2402 2403 2410
f 2403 2404 2412
f 2403 2412 2411
f 2404 2405 2413
f 2404 2413 2412
f 2405 2406 2414
f 2405 2414 2413
f 2406 2407 2415
f 2406 2415 2414
f 2407 2408 2416
f 2407 2416 2415
f 2408 2409 2417
f 2408 2417 2416
f 2409 2410 2418
f 2409 2418 2417
f 2410 2403 2411
f 2410 2411 2418
f 2411 2412 2420
f 2411 2420 2419
f 2412 2413 2421
f 2412 2421 2420
f 2413 2414 2422
f 2413 2422 2421
f 2414 2415 2423
f 2414 2423 2422
f 2415 2416 2424
f 2415 2424 2423
f 2416 2417 2425
f 2416 2425 2424
f 2417 2418 2426
f 2417 2426 2425
f 2418 2411 2419
f 2418 2419 2426
f 2419 2420 2428
f 2419 2428 2427
f 2420 2421 2429
f 2420 2429 2428
f 2421 2422 2430
f 2421 2430 2429
f 2422 2423 2431
f 2422 2431 2430
f 2423 2424 2432
f 2423 2432 2431
f 2424 2425 2433
f 2424 2433 2432
f 2425 2426 2434
f 2425 2434 2433
f 2426 2419 2427
f 2426 2427 2434
f 2435 2436 2440
f 2435 2440 2439
f 2436 2437 2441
f 2436 2441 2440
f 2437 2438 2442
f 2437 2442 2441
f 2438 2435 2439
f 2438 2439 2442
f 2439 2440 2444
f 2439 2444 2443
f 2440 2441 2445
f 2440 2445 2444
f 2441 2442 2446
f 2441 2446 2445
f 2442 2439 2443
f 2442 2443 2446
f 2443 2444 2448
f 2443 2448 2447
f 2444 2445 2449
f 2444 2449 2448
f 2445 2446 2450
f 2445 2450 2449
f 2446 2443 2447
f 2446 2447 2450
f 2447 2448 2452
f 2447 2452 2451
f 2448 2449 2453
f 2448 2453 2452
f 2449 2450 2454
f 2449 2454 2453
f 2450 2447 2451
f 2450 2451 2454
f 2451 2452 2456
f 2451 2456 2455
f 2452 2453 2457
f 2452 2457 2456
f 2453 2454 2458
f 2453 2458 2457
f 2454 2451 2455
f 2454 2455 2458
f 2455 2456 2460
f 2455 2460 2459
f 2456 2457 2461
f 2456 2461 2460
f 2457 2458 2462
f 2457 2462 2461
f 2458 2455 2459
f 2458 2459 2462
f 2459 2460 2464
f 2459 2464 2463
f 2460 2461 2465
f 2460 2465 2464
f 2461 2462 2466
f 2461 2466 2465
f 2462 2459 2463
f 2462 2463 2466
f 2463 2464 2468
f 2463 2468 2467
f 2464 2465 2469
f 2464 2469 2468
f 2465 2466 2470
f 2465 2470 2469
f 2466 2463 2467
f 2466 2467 2470
f 2467 2468 2472
f 2467 2472 2471
f 2468 2469 2473
f 2468 2473 2472
f 2469 2470 2474
f 2469 2474 2473
f 2470 2467 2471
f 2470 2471 2474
f 2471 2472 2476
f 2471 2476 2475
f 2472 2473 2477
f 2472 2477 2476
f 2473 2474 2478
f 2473 2478 2477
f 2474 2471 2475
f 2474 2475 2478
f 2475 2476 2480
f 2475 2480 2479
f 2476 2477 2481
f 2476 2481 2480
f 2477 2478 2482
f 2477 2482 2481
f 2478 2475 2479
f 2478 2479 2482
f 2479 2480 2484
f 2479 2484 2483
f 2480 2481 2485
f 2480 2485 2484
f 2481 2482 2486
f 2481 2486 2485
f 2482 2479 2483
f 2482 2483 2486
f 2483 2484 2488
f 2483 2488 2487
f 2484 2485 2489
f 2484 2489 2488
f 2485 2486 2490
f 2485 2490 2489
f 2486 2483 2487
f 2486 2487 2490
f 2487 2488 2492
f 2487 2492 2491
f 2488 2489 2493
f 2488 2493 2492
f 2489 2490 2494
f 2489 2494 2493
f 2490 2487 2491
f 2490 2491 2494
f 2491 2492 2496
f 2491 2496 2495
f 2492 2493 2497
f 2492 2497 2496
f 2493 2494 2498
f 2493 2498 2497
f 2494 2491 2495
f 2494 2495 2498
f 2495 2496 2500
f 2495 2500 2499
f 2496 2497 2501
f 2496 2501 2500
f 2497 2498 2502
f 2497 2502 2501
f 2498 2495 2499
f 2498 2499 2502
f 2499 2500 2504
f 2499 2504 2503
f 2500 2501 2505
f 2500 2505 2504
f 2501 2502 2506
f 2501 2506 2505
f 2502 2499 2503
f 2502 2503 2506
f 2503 2504 2508
f 2503 2508 2507
f 2504 2505 2509
f 2504 2509 2508
f 2505 2506 2510
f 2505 2510 2509
f 2506 2503 2507
f 2506 2507 2510
f 2507 2508 2512
f 2507 2512 2511
f 2508 2509 2513
f 2508 2513 2512
f 2509 2510 2514
f 2509 2514 2513
f 2510 2507 2511
f 2510 2511 2514
f 2511 2512 2516
f 2511 2516 2515
f 2512 2513 2517
f 2512 2517 2516
f 2513 2514 2518
f 2513 2518 2517
f 2514 2511 2515
f 2514 2515 2518
f 2515 2516 2520
f 2515 2520 2519
f 2516 2517 2521
f 2516 2521 2520
f 2517 2518 2522
f 2517 2522 2521
f 2518 2515 2519
f 2518 2519 2522
f 2519 2520 2524
f 2519 2524 2523
f 2520 2521 2525
f 2520 2525 2524
f 2521 2522 2526
f 2521 2526 2525
f 2522 2519 2523
f 2522 2523 2526
f 2523 2524 2528
f 2523 2528 2527
f 2524 2525 2529
f 2524 2529 2528
f 2525 2526 2530
f 2525 2530 2529
f 2526 2523 2527
f 2526 2527 2530
f 2527 2528 2532
f 2527 2532 2531
f 2528 2529 2533
f 2528 2533 2532
f 2529 2530 2534
f 2529 2534 2533
f 2530 2527 2531
f 2530 2531 2534
f 2531 2532 2536
f 2531 2536 2535
f 2532 2533 2537
f 2532 2537 2536
f 2533 2534 2538
f 2533 2538 2537
f 2534 2531 2535
f 2534 2535 2538
f 2535 2536 2540
f 2535 2540 2539
f 2536 2537 2541
f 2536 2541 2540
f 2537 2538 2542
f 2537 2542 2541
f 2538 2535 2539
f 2538 2539 2542
f 2539 2540 2544
f 2539 2544 2543
f 2540 2541 2545
f 2540 2545 2544
f 2541 2542 2546
f 2541 2546 2545
f 2542 2539 2543
f 2542 2543 2546
f 2543 2544 2436
f 2543 2436 2435
f 2544 2545 2437
f 2544 2437 2436
f 2545 2546 2438
f 2545 2438 2437
f 2546 2543 2435
f 2546 2435 2438
f 2547 2548 2554
f 2547 2554 2553
f 2548 2549 2555
f 2548 2555 2554
f 2549 2550 2556
f 2549 2556 2555
f 2550 2551 2557
f 2550 2557 2556
f 2551 2552 2558
f 2551 2558 2557
f 2552 2547 2553
f 2552 2553 2558
f 2559 2548 2547
f 2560 2553 2554
f 2559 2549 2548
f 2560 2554 2555
f 2559 2550 2549
f 2560 2555 2556
f 2559 2551 2550
f 2560 2556 2557
f 2559 2552 2551
f 2560 2557 2558
f 2559 2547 2552
f 2560 2558 2553
f 2561 2562 2570
f 2561 2570 2569
f 2562 2563 2571
f 2562 2571 2570
f 2563 2564 2572
f 2563 2572 2571
f 2564 2565 2573
f 2564 2573 2572
f 2565 2566 2574
f 2565 2574 2573
f 2566 2567 2575
f 2566 2575 2574
f 2567 2568 2576
f 2567 2576 2575
f 2568 2561 2569
f 2568 2569 2576
f 2569 2570 2578
f 2569 2578 2577
f 2570 2571 2579
f 2570 2579 2578
f 2571 2572 2580
f 2571 2580 2579
f 2572 2573 2581
f 2572 2581 2580
f 2573 2574 2582
f 2573 2582 2581
f 2574 2575 2583
f 2574 2583 2582
f 2575 2576 2584
f 2575 2584 2583
f 2576 2569 2577
f 2576 2577 2584
f 2577 2578 2586
f 2577 2586 2585
f 2578 2579 2587
f 2578 2587 2586
f 2579 2580 2588
f 2579 2588 2587
f 2580 2581 2589
f 2580 2589 2588
f 2581 2582 2590
f 2581 2590 2589
f 2582 2583 2591
f 2582 2591 2590
f 2583 2584 2592
f 2583 2592 2591
f 2584 2577 2585
f 2584 2585 2592
f 2585 2586 2594
f 2585 2594 2593
f 2586 2587 2595
f 2586 2595 2594
f 2587 2588 2596
f 2587 2596 2595
f 2588 2589 2597
f 2588 2597 2596
f 2589 2590 2598
f 2589 2598 2597
f 2590 2591 2599
f 2590 2599 2598
f 2591 2592 2600
f 2591 2600 2599
f 2592 2585 2593
f 2592 2593 2600
f 2601 2602 2608
f 2601 2608 2607
f 2602 2603 2609
f 2602 2609 2608
f 2603 2604 2610
f 2603 2610 2609
f 2604 2605 2611
f 2604 2611 2610
f 2605 2606 2612
f 2605 2612 2611
f 2606 2601 2607
f 2606 2607 2612
f 2613 2602 2601
f 2614 2607 2608
f 2613 2603 2602
f 2614 2608 2609
f 2613 2604 2603
f 2614 2609 2610
f 2613 2605 2604
f 2614 2610 2611
f 2613 2606 2605
f 2614 2611 2612
f 2613 2601 2606
f 2614 2612 2607
f 2615 2616 2624
f 2615 2624 2623
f 2616 2617 2625
f 2616 2625 2624
f 2617 2618 2626
f 2617 2626 2625
f 2618 2619 2627
f 2618 2627 2626
f 2619 2620 2628
f 2619 2628 2627
f 2620 2621 2629
f 2620 2629 2628
f 2621 2622 2630
f 2621 2630 2629
f 2622 2615 2623
f 2622 2623 2630
f 2623 2624 2632
f 2623 2632 2631
f 2624 2625 2633
f 2624 2633 2632
f 2625 2626 2634
f 2625 2634 2633
f 2626 2627 2635
f 2626 2635 2634
f 2627 2628 2636
f 2627 2636 2635
f 2628 2629 2637
f 2628 2637 2636
f 2629 2630 2638
f 2629 2638 2637
f 2630 2623 2631
f 2630 2631 2638
f 2631 2632 2640
f 2631 2640 2639
f 2632 2633 2641
f 2632 2641 2640
f 2633 2634 2642
f 2633 2642 2641
f 2634 2635 2643
f 2634 2643 2642
f 2635 2636 2644
f 2635 2644 2643
f 2636 2637 2645
f 2636 2645 2644
f 2637 2638 2646
f 2637 2646 2645
f 2638 2631 2639
f 2638 2639 2646
f 2639 2640 2648
f 2639 2648 2647
f 2640 2641 2649
f 2640 2649 2648
f 2641 2642 2650
f 2641 2650 2649
f 2642 2643 2651
f 2642 2651 2650
f 2643 2644 2652
f 2643 2652 2651
f 2644 2645 2653
f 2644 2653 2652
f 2645 2646 2654
f 2645 2654 2653
f 2646 2639 2647
f 2646 2647 2654
f 2655 2656 2662
f 2655 2662 2661
f 2656 2657 2663
f 2656 2663 2662
f 2657 2658 2664
f 2657 2664 2663
f 2658 2659 2665
f 2658 2665 2664
f 2659 2660 2666
f 2659 2666 2665
f 2660 2655 2661
f 2660 2661 2666
f 2667 2656 2655
f 2668 2661 2662
f 2667 2657 2656
f 2668 2662 2663
f 2667 2658 2657
f 2668 2663 2664
f 2667 2659 2658
f 2668 2664 2665
f 2667 2660 2659
f 2668 2665 2666
f 2667 2655 2660
f 2668 2666 2661
f 2669 2670 2678
f 2669 2678 2677
f 2670 2671 2679
f 2670 2679 2678
f 2671 2672 2680
f 2671 2680 2679
f 2672 2673 2681
f 2672 2681 2680
f 2673 2674 2682
f 2673 2682 2681
f 2674 2675 2683
f 2674 2683 2682
f 2675 2676 2684
f 2675 2684 2683
f 2676 2669 2677
f 2676 2677 2684
f 2677 2678 2686
f 2677 2686 2685
f 2678 2679 2687
f 2678 2687 2686
f 2679 2680 2688
f 2679 2688 2687
f 2680 2681 2689
f 2680 2689 2688
f 2681 2682 2690
f 2681 2690 2689
f 2682 2683 2691
f 2682 2691 2690
f 2683 2684 2692
f 2683 2692 2691
f 2684 2677 2685
f 2684 2685 2692
f 2685 2686 2694
f 2685 2694 2693
f 2686 2687 2695
f 2686 2695 2694
f 2687 2688 2696
f 2687 2696 2695
f 2688 2689 2697
f 2688 2697 2696
f 2689 2690 2698
f 2689 2698 2697
f 2690 2691 2699
f 2690 2699 2698
f 2691 2692 2700
f 2691 2700 2699
f 2692 2685 2693
f 2692 2693 2700
f 2693 2694 2702
f 2693 2702 2701
f 2694 2695 2703
f 2694 2703 2702
f 2695 2696 2704
f 2695 2704 2703
f 2696 2697 2705
f 2696 2705 2704
f 2697 2698 2706
f 2697 2706 2705
f 2698 2699 2707
f 2698 2707 2706
f 2699 2700 2708
f 2699 2708 2707
f 2700 2693 2701
f 2700 2701 2708
f 2709 2710 2714
f 2709 2714 2713
f 2710 2711 2715
f 2710 2715 2714
f 2711 2712 2716
f 2711 2716 2715
f 2712 2709 2713
f 2712 2713 2716
f 2713 2714 2718
f 2713 2718 2717
f 2714 2715 2719
f 2714 2719 2718
f 2715 2716 2720
f 2715 2720 2719
f 2716 2713 2717
f 2716 2717 2720
f 2717 2718 2722
f 2717 2722 2721
f 2718 2719 2723
f 2718 2723 2722
f 2719 2720 2724
f 2719 2724 2723
f 2720 2717 2721
f 2720 2721 2724
f 2721 2722 2726
f 2721 2726 2725
f 2722 2723 2727
f 2722 2727 2726
f 2723 2724 2728
f 2723 2728 2727
f 2724 2721 2725
f 2724 2725 2728
f 2725 2726 2730
f 2725 2730 2729
f 2726 2727 2731
f 2726 2731 2730
f 2727 2728 2732
f 2727 2732 2731
f 2728 2725 2729
f 2728 2729 2732
f 2729 2730 2734
f 2729 2734 2733
f 2730 2731 2735
f 2730 2735 2734
f 2731 2732 2736
f 2731 2736 2735
f 2732 2729 2733
f 2732 2733 2736
f 2733 2734 2738
f 2733 2738 2737
f 2734 2735 2739
f 2734 2739 2738
f 2735 2736 2740
f 2735 2740 2739
f 2736 2733 2737
f 2736 2737 2740
f 2737 2738 2742
f 2737 2742 2741
f 2738 2739 2743
f 2738 2743 2742
f 2739 2740 2744
f 2739 2744 2743
f 2740 2737 2741
f 2740 2741 2744
f 2741 2742 2746
f 2741 2746 2745
f 2742 2743 2747
f 2742 2747 2746
f 2743 2744 2748
f 2743 2748 2747
f 2744 2741 2745
f 2744 2745 2748
f 2745 2746 2750
f 2745 2750 2749
f 2746 2747 2751
f 2746 2751 2750
f 2747 2748 2752
f 2747 2752 2751
f 2748 2745 2749
f 2748 2749 2752
f 2749 2750 2754
f 2749 2754 2753
f 2750 2751 2755
f 2750 2755 2754
f 2751 2752 2756
f 2751 2756 2755
f 2752 2749 2753
f 2752 2753 2756
f 2753 2754 2758
f 2753 2758 2757
f 2754 2755 2759
f 2754 2759 2758
f 2755 2756 2760
f 2755 2760 2759
f 2756 2753 2757
f 2756 2757 2760
f 2757 2758 2762
f 2757 2762 2761
f 2758 2759 2763
f 2758 2763 2762
f 2759 2760 2764
f 2759 2764 2763
f 2760 2757 2761
f 2760 2761 2764
f 2761 2762 2766
f 2761 2766 2765
f 2762 2763 2767
f 2762 2767 2766
f 2763 2764 2768
f 2763 2768 2767
f 2764 2761 2765
f 2764 2765 2768
f 2765 2766 2770
f 2765 2770 2769
f 2766 2767 2771
f 2766 2771 2770
f 2767 2768 2772
f 2767 2772 2771
f 2768 2765 2769
f 2768 2769 2772
f 2769 2770 2774
f 2769 2774 2773
f 2770 2771 2775
f 2770 2775 2774
f 2771 2772 2776
f 2771 2776 2775
f 2772 2769 2773
f 2772 2773 2776
f 2773 2774 2778
f 2773 2778 2777
f 2774 2775 2779
f 2774 2779 2778
f 2775 2776 2780
f 2775 2780 2779
f 2776 2773 2777
f 2776 2777 2780
f 2777 2778 2782
f 2777 2782 2781
f 2778 2779 2783
f 2778 2783 2782
f 2779 2780 2784
f 2779 2784 2783
f 2780 2777 2781
f 2780 2781 2784
f 2781 2782 2786
f 2781 2786 2785
f 2782 2783 2787
f 2782 2787 2786
f 2783 2784 2788
f 2783 2788 2787
f 2784 2781 2785
f 2784 2785 2788
f 2785 2786 2790
f 2785 2790 2789
f 2786 2787 2791
f 2786 2791 2790
f 2787 2788 2792
f 2787 2792 2791
f 2788 2785 2789
f 2788 2789 2792
f 2789 2790 2794
f 2789 2794 2793
f 2790 2791 2795
f 2790 2795 2794
f 2791 2792 2796
f 2791 2796 2795
f 2792 2789 2793
f 2792 2793 2796
f 2793 2794 2798
f 2793 2798 2797
f 2794 2795 2799
f 2794 2799 2798
f 2795 2796 2800
f 2795 2800 2799
f 2796 2793 2797
f 2796 2797 2800
f 2797 2798 2802
f 2797 2802 2801
f 2798 2799 2803
f 2798 2803 2802
f 2799 2800 2804
f 2799 2804 2803
f 2800 2797 2801
f 2800 2801 2804
f 2801 2802 2806
f 2801 2806 2805
f 2802 2803 2807
f 2802 2807 2806
f 2803 2804 2808
f 2803 2808 2807
f 2804 2801 2805
f 2804 2805 2808
f 2805 2806 2810
f 2805 2810 2809
f 2806 2807 2811
f 2806 2811 2810
f 2807 2808 2812
f 2807 2812 2811
f 2808 2805 2809
f 2808 2809 2812
f 2809 2810 2814
f 2809 2814 2813
f 2810 2811 2815
f 2810 2815 2814
f 2811 2812 2816
f 2811 2816 2815
f 2812 2809 2813
f 2812 2813 2816
f 2813 2814 2818
f 2813 2818 2817
f 2814 2815 2819
f 2814 2819 2818
f 2815 2816 2820
f 2815 2820 2819
f 2816 2813 2817
f 2816 2817 2820
f 2817 2818 2710
f 2817 2710 2709
f 2818 2819 2711
f 2818 2711 2710
f 2819 2820 2712
f 2819 2712 2711
f 2820 2817 2709
f 2820 2709 2712
f 2821 2822 2828
f 2821 2828 2827
f 2822 2823 2829
f 2822 2829 2828
f 2823 2824 2830
f 2823 2830 2829
f 2824 2825 2831
f 2824 2831 2830
f 2825 2826 2832
f 2825 2832 2831
f 2826 2821 2827
f 2826 2827 2832
f 2833 2822 2821
f 2834 2827 2828
f 2833 2823 2822
f 2834 2828 2829
f 2833 2824 2823
f 2834 2829 2830
f 2833 2825 2824
f 2834 2830 2831
f 2833 2826 2825
f 2834 2831 2832
f 2833 2821 2826
f 2834 2832 2827
f 2835 2836 2844
f 2835 2844 2843
f 2836 2837 2845
f 2836 2845 2844
f 2837 2838 2846
f 2837 2846 2845
f 2838 2839 2847
f 2838 2847 2846
f 2839 2840 2848
f 2839 2848 2847
f 2840 2841 2849
f 2840 2849 2848
f 2841 2842 2850
f 2841 2850 2849
f 2842 2835 2843
f 2842 2843 2850
f 2843 2844 2852
f 2843 2852 2851
f 2844 2845 2853
f 2844 2853 2852
f 2845 2846 2854
f 2845 2854 2853
f 2846 2847 2855
f 2846 2855 2854
f 2847 2848 2856
f 2847 2856 2855
f 2848 2849 2857
f 2848 2857 2856
f 2849 2850 2858
f 2849 2858 2857
f 2850 2843 2851
f 2850 2851 2858
f 2851 2852 2860
f 2851 2860 2859
f 2852 2853 2861
f 2852 2861 2860
f 2853 2854 2862
f 2853 2862 2861
f 2854 2855 2863
f 2854 2863 2862
f 2855 2856 2864
f 2855 2864 2863
f 2856 2857 2865
f 2856 2865 2864
f 2857 2858 2866
f 2857 2866 2865
f 2858 2851 2859
f 2858 2859 2866
f 2859 2860 2868
f 2859 2868 2867
f 2860 2861 2869
f 2860 2869 2868
f 2861 2862 2870
f 2861 2870 2869
f 2862 2863 2871
f 2862 2871 2870
f 2863 2864 2872
f 2863 2872 2871
f 2864 2865 2873
f 2864 2873 2872
f 2865 2866 2874
f 2865 2874 2873
f 2866 2859 2867
f 2866 2867 2874
f 2875 2876 2882
f 2875 2882 2881
f 2876 2877 2883
f 2876 2883 2882
f 2877 2878 2884
f 2877 2884 2883
f 2878 2879 2885
f 2878 2885 2884
f 2879 2880 2886
f 2879 2886 2885
f 2880 2875 2881
f 2880 2881 2886
f 2887 2876 2875
f 2888 2881 2882
f 2887 2877 2876
f 2888 2882 2883
f 2887 2878 2877
f 2888 2883 2884
f 2887 2879 2878
f 2888 2884 2885
f 2887 2880 2879
f 2888 2885 2886
f 2887 2875 2880
f 2888 2886 2881
f 2889 2890 2898
f 2889 2898 2897
f 2890 2891 2899
f 2890 2899 2898
f 2891 2892 2900
f 2891 2900 2899
f 2892 2893 2901
f 2892 2901 2900
f 2893 2894 2902
f 2893 2902 2901
f 2894 2895 2903
f 2894 2903 2902
f 2895 2896 2904
f 2895 2904 2903
f 2896 2889 2897
f 2896 2897 2904
f 2897 2898 2906
f 2897 2906 2905
f 2898 2899 2907
f 2898 2907 2906
f 2899 2900 2908
f 2899 2908 2907
f 2900 2901 2909
f 2900 2909 2908
f 2901 2902 2910
f 2901 2910 2909
f 2902 2903 2911
f 2902 2911 2910
f 2903 2904 2912
f 2903 2912 2911
f 2904 2897 2905
f 2904 2905 2912
f 2905 2906 2914
f 2905 2914 2913
f 2906 2907 2915
f 2906 2915 2914
f 2907 2908 2916
f 2907 2916 2915
f 2908 2909 2917
f 2908 2917 2916
f 2909 2910 2918
f 2909 2918 2917
f 2910 2911 2919
f 2910 2919 2918
f 2911 2912 2920
f 2911 2920 2919
f 2912 2905 2913
f 2912 2913 2920
f 2913 2914 2922
f 2913 2922 2921
f 2914 2915 2923
f 2914 2923 2922
f 2915 2916 2924
f 2915 2924 2923
f 2916 2917 2925
f 2916 2925 2924
f 2917 2918 2926
f 2917 2926 2925
f 2918 2919 2927
f 2918 2927 2926
f 2919 2920 2928
f 2919 2928 2927
f 2920 2913 2921
f 2920 2921 2928
f 2929 2930 2936
f 2929 2936 2935
f 2930 2931 2937
f 2930 2937 2936
f 2931 2932 2938
f 2931 2938 2937
f 2932 2933 2939
f 2932 2939 2938
f 2933 2934 2940
f 2933 2940 2939
f 2934 2929 2935
f 2934 2935 2940
f 2941 2930 2929
f 2942 2935 2936
f 2941 2931 2930
f 2942 2936 2937
f 2941 2932 2931
f 2942 2937 2938
f 2941 2933 2932
f 2942 2938 2939
f 2941 2934 2933
f 2942 2939 2940
f 2941 2929 2934
f 2942 2940 2935
f 2943 2944 2952
f 2943 2952 2951
f 2944 2945 2953
f 2944 2953 2952
f 2945 2946 2954
f 2945 2954 2953
f 2946 2947 2955
f 2946 2955 2954
f 2947 2948 2956
f 2947 2956 2955
f 2948 2949 2957
f 2948 2957 2956
f 2949 2950 2958
f 2949 2958 2957
f 2950 2943 2951
f 2950 2951 2958
f 2951 2952 2960
f 2951 2960 2959
f 2952 2953 2961
f 2952 2961 2960
f 2953 2954 2962
f 2953 2962 2961
f 2954 2955 2963
f 2954 2963 2962
f 2955 2956 2964
f 2955 2964 2963
f 2956 2957 2965
f 2956 2965 2964
f 2957 2958 2966
f 2957 2966 2965
f 2958 2951 2959
f 2958 2959 2966
f 2959 2960 2968
f 2959 2968 2967
f 2960 2961 2969
f 2960 2969 2968
f 2961 2962 2970
f 2961 2970 2969
f 2962 2963 2971
f 2962 2971 2970
f 2963 2964 2972
f 2963 2972 2971
f 2964 2965 2973
f 2964 2973 2972
f 2965 2966 2974
f 2965 2974 2973
f 2966 2959 2967
f 2966 2967 2974
f 2967 2968 2976
f 2967 2976 2975
f 2968 2969 2977
f 2968 2977 2976
f 2969 2970 2978
f 2969 2978 2977
f 2970 2971 2979
f 2970 2979 2978
f 2971 2972 2980
f 2971 2980 2979
f 2972 2973 2981
f 2972 2981 2980
f 2973 2974 2982
f 2973 2982 2981
f 2974 2967 2975
f 2974 2975 2982
f 2983 2984 2988
f 2983 2988 2987
f 2984 2985 2989
f 2984 2989 2988
f 2985 2986 2990
f 2985 2990 2989
f 2986 2983 2987
f 2986 2987 2990
f 2987 2988 2992
f 2987 2992 2991
f 2988 2989 2993
f 2988 2993 2992
f 2989 2990 2994
f 2989 2994 2993
f 2990 2987 2991
f 2990 2991 2994
f 2991 2992 2996
f 2991 2996 2995
f 2992 2993 2997
f 2992 2997 2996
f 2993 2994 2998
f 2993 2998 2997
f 2994 2991 2995
f 2994 2995 2998
f 2995 2996 3000
f 2995 3000 2999
f 2996 2997 3001
f 2996 3001 3000
f 2997 2998 3002
f 2997 3002 3001
f 2998 2995 2999
f 2998 2999 3002
f 2999 3000 3004
f 2999 3004 3003
f 3000 3001 3005
f 3000 3005 3004
f 3001 3002 3006
f 3001 3006 3005
f 3002 2999 3003
f 3002 3003 3006
f 3003 3004 3008
f 3003 3008 3007
f 3004 3005 3009
f 3004 3009 3008
f 3005 3006 3010
f 3005 3010 3009
f 3006 3003 3007
f 3006 3007 3010
f 3007 3008 3012
f 3007 3012 3011
f 3008 3009 3013
f 3008 3013 3012
f 3009 3010 3014
f 3009 3014 3013
f 3010 3007 3011
f 3010 3011 3014
f 3011 3012 3016
f 3011 3016 3015
f 3012 3013 3017
f 3012 3017 3016
f 3013 3014 3018
f 3013 3018 3017
f 3014 3011 3015
f 3014 3015 3018
f 3015 3016 3020
f 3015 3020 3019
f 3016 3017 3021
f 3016 3021 3020
f 3017 3018 3022
f 3017 3022 3021
f 3018 3015 3019
f 3018 3019 3022
f 3019 3020 3024
f 3019 3024 3023
f 3020 3021 3025
f 3020 3025 3024
f 3021 3022 3026
f 3021 3026 3025
f 3022 3019 3023
f 3022 3023 3026
f 3023 3024 3028
f 3023 3028 3027
f 3024 3025 3029
f 3024 3029 3028
f 3025 3026 3030
f 3025 3030 3029
f 3026 3023 3027
f 3026 3027 3030
f 3027 3028 3032
f 3027 3032 3031
f 3028 3029 3033
f 3028 3033 3032
f 3029 3030 3034
f 3029 3034 3033
f 3030 3027 3031
f 3030 3031 3034
f 3031 3032 3036
f 3031 3036 3035
f 3032 3033 3037
f 3032 3037 3036
f 3033 3034 3038
f 3033 3038 3037
f 3034 3031 3035
f 3034 3035 3038
f 3035 3036 3040
f 3035 3040 3039
f 3036 3037 3041
f 3036 3041 3040
f 3037 3038 3042
f 3037 3042 3041
f 3038 3035 3039
f 3038 3039 3042
f 3039 3040 3044
f 3039 3044 3043
f 3040 3041 3045
f 3040 3045 3044
f 3041 3042 3046
f 3041 3046 3045
f 3042 3039 3043
f 3042 3043 3046
f 3043 3044 3048
f 3043 3048 3047
f 3044 3045 3049
f 3044 3049 3048
f 3045 3046 3050
f 3045 3050 3049
f 3046 3043 3047
f 3046 3047 3050
f 3047 3048 3052
f 3047 3052 3051
f 3048 3049 3053
f 3048 3053 3052
f 3049 3050 3054
f 3049 3054 3053
f 3050 3047 3051
f 3050 3051 3054
f 3051 3052 3056
f 3051 3056 3055
f 3052 3053 3057
f 3052 3057 3056
f 3053 3054 3058
f 3053 3058 3057
f 3054 3051 3055
f 3054 3055 3058
f 3055 3056 3060
f 3055 3060 3059
f 3056 3057 3061
f 3056 3061 3060
f 3057 3058 3062
f 3057 3062 3061
f 3058 3055 3059
f 3058 3059 3062
f 3059 3060 3064
f 3059 3064 3063
f 3060 3061 3065
f 3060 3065 3064
f 3061 3062 3066
f 3061 3066 3065
f 3062 3059 3063
f 3062 3063 3066
f 3063 3064 3068
f 3063 3068 3067
f 3064 3065 3069
f 3064 3069 3068
f 3065 3066 3070
f 3065 3070 3069
f 3066 3063 3067
f 3066 3067 3070
f 3067 3068 3072
f 3067 3072 3071
f 3068 3069 3073
f 3068 3073 3072
f 3069 3070 3074
f 3069 3074 3073
f 3070 3067 3071
f 3070 3071 3074
f 3071 3072 3076
f 3071 3076 3075
f 3072 3073 3077
f 3072 3077 3076
f 3073 3074 3078
f 3073 3078 3077
f 3074 3071 3075
f 3074 3075 3078
f 3075 3076 3080
f 3075 3080 3079
f 3076 3077 3081
f 3076 3081 3080
f 3077 3078 3082
f 3077 3082 3081
f 3078 3075 3079
f 3078 3079 3082
f 3079 3080 3084
f 3079 3084 3083
f 3080 3081 3085
f 3080 3085 3084
f 3081 3082 3086
f 3081 3086 3085
f 3082 3079 3083
f 3082 3083 3086
f 3083 3084 3088
f 3083 3088 3087
f 3084 3085 3089
f 3084 3089 3088
f 3085 3086 3090
f 3085 3090 3089
f 3086 3083 3087
f 3086 3087 3090
f 3087 3088 3092
f 3087 3092 3091
f 3088 3089 3093
f 3088 3093 3092
f 3089 3090 3094
f 3089 3094 3093
f 3090 3087 3091
f 3090 3091 3094
f 3091 3092 2984
f 3091 2984 2983
f 3092 3093 2985
f 3092 2985 2984
f 3093 3094 2986
f 3093 2986 2985
f 3094 3091 2983
f 3094 2983 2986
f 3095 3096 3102
f 3095 3102 3101
f 3096 3097 3103
f 3096 3103 3102
f 3097 3098 3104
f 3097 3104 3103
f 3098 3099 3105
f 3098 3105 3104
f 3099 3100 3106
f 3099 3106 3105
f 3100 3095 3101
f 3100 3101 3106
f 3107 3096 3095
f 3108 3101 3102
f 3107 3097 3096
f 3108 3102 3103
f 3107 3098 3097
f 3108 3103 3104
f 3107 3099 3098
f 3108 3104 3105
f 3107 3100 3099
f 3108 3105 3106
f 3107 3095 3100
f 3108 3106 3101
f 3109 3110 3118
f 3109 3118 3117
f 3110 3111 3119
f 3110 3119 3118
f 3111 3112 3120
f 3111 3120 3119
f 3112 3113 3121
f 3112 3121 3120
f 3113 3114 3122
f 3113 3122 3121
f 3114 3115 3123
f 3114 3123 3122
f 3115 3116 3124
f 3115 3124 3123
f 3116 3109 3117
f 3116 3117 3124
f 3117 3118 3126
f 3117 3126 3125
f 3118 3119 3127
f 3118 3127 3126
f 3119 3120 3128
f 3119 3128 3127
f 3120 3121 3129
f 3120 3129 3128
f 3121 3122 3130
f 3121 3130 3129
f 3122 3123 3131
f 3122 3131 3130
f 3123 3124 3132
f 3123 3132 3131
f 3124 3117 3125
f 3124 3125 3132
f 3125 3126 3134
f 3125 3134 3133
f 3126 3127 3135
f 3126 3135 3134
f 3127 3128 3136
f 3127 3136 3135
f 3128 3129 3137
f 3128 3137 3136
f 3129 3130 3138
f 3129 3138 3137
f 3130 3131 3139
f 3130 3139 3138
f 3131 3132 3140
f 3131 3140 3139
f 3132 3125 3133
f 3132 3133 3140
f 3133 3134 3142
f 3133 3142 3141
f 3134 3135 3143
f 3134 3143 3142
f 3135 3136 3144
f 3135 3144 3143
f 3136 3137 3145
f 3136 3145 3144
f 3137 3138 3146
f 3137 3146 3145
f 3138 3139 3147
f 3138 3147 3146
f 3139 3140 3148
f 3139 3148 3147
f 3140 3133 3141
f 3140 3141 3148
f 3149 3150 3156
f 3149 3156 3155
f 3150 3151 3157
f 3150 3157 3156
f 3151 3152 3158
f 3151 3158 3157
f 3152 3153 3159
f 3152 3159 3158
f 3153 3154 3160
f 3153 3160 3159
f 3154 3149 3155
f 3154 3155 3160
f 3161 3150 3149
f 3162 3155 3156
f 3161 3151 3150
f 3162 3156 3157
f 3161 3152 3151
f 3162 3157 3158
f 3161 3153 3152
f 3162 3158 3159
f 3161 3154 3153
f 3162 3159 3160
f 3161 3149 3154
f 3162 3160 3155
f 3163 3164 3172
f 3163 3172 3171
f 3164 3165 3173
f 3164 3173 3172
f 3165 3166 3174
f 3165 3174 3173
f 3166 3167 3175
f 3166 3175 3174
f 3167 3168 3176
f 3167 3176 3175
f 3168 3169 3177
f 3168 3177 3176
f 3169 3170 3178
f 3169 3178 3177
f 3170 3163 3171
f 3170 3171 3178
f 3171 3172 3180
f 3171 3180 3179
f 3172 3173 3181
f 3172 3181 3180
f 3173 3174 3182
f 3173 3182 3181
f 3174 3175 3183
f 3174 3183 3182
f 3175 3176 3184
f 3175 3184 3183
f 3176 3177 3185
f 3176 3185 3184
f 3177 3178 3186
f 3177 3186 3185
f 3178 3171 3179
f 3178 3179 3186
f 3179 3180 3188
f 3179 3188 3187
f 3180 3181 3189
f 3180 3189 3188
f 3181 3182 3190
f 3181 3190 3189
f 3182 3183 3191
f 3182 3191 3190
f 3183 3184 3192
f 3183 3192 3191
f 3184 3185 3193
f 3184 3193 3192
f 3185 3186 3194
f 3185 3194 3193
f 3186 3179 3187
f 3186 3187 3194
f 3187 3188 3196
f 3187 3196 3195
f 3188 3189 3197
f 3188 3197 3196
f 3189 3190 3198
f 3189 3198 3197
f 3190 3191 3199
f 3190 3199 3198
f 3191 3192 3200
f 3191 3200 3199
f 3192 3193 3201
f 3192 3201 3200
f 3193 3194 3202
f 3193 3202 3201
f 3194 3187 3195
f 3194 3195 3202
f 3203 3204 3210
f 3203 3210 3209
f 3204 3205 3211
f 3204 3211 3210
f 3205 3206 3212
f 3205 3212 3211
f 3206 3207 3213
f 3206 3213 3212
f 3207 3208 3214
f 3207 3214 3213
f 3208 3203 3209
f 3208 3209 3214
f 3215 3204 3203
f 3216 3209 3210
f 3215 3205 3204
f 3216 3210 3211
f 3215 3206 3205
f 3216 3211 3212
f 3215 3207 3206
f 3216 3212 3213
f 3215 3208 3207
f 3216 3213 3214
f 3215 3203 3208
f 3216 3214 3209
f 3217 3218 3226
f 3217 3226 3225
f 3218 3219 3227
f 3218 3227 3226
f 3219 3220 3228
f 3219 3228 3227
f 3220 3221 3229
f 3220 3229 3228
f 3221 3222 3230
f 3221 3230 3229
f 3222 3223 3231
f 3222 3231 3230
f 3223 3224 3232
f 3223 3232 3231
f 3224 3217 3225
f 3224 3225 3232
f 3225 3226 3234
f 3225 3234 3233
f 3226 3227 3235
f 3226 3235 3234
f 3227 3228 3236
f 3227 3236 3235
f 3228 3229 3237
f 3228 3237 3236
f 3229 3230 3238
f 3229 3238 3237
f 3230 3231 3239
f 3230 3239 3238
f 3231 3232 3240
f 3231 3240 3239
f 3232 3225 3233
f 3232 3233 3240
f 3233 3234 3242
f 3233 3242 3241
f 3234 3235 3243
f 3234 3243 3242
f 3235 3236 3244
f 3235 3244 3243
f 3236 3237 3245
f 3236 3245 3244
f 3237 3238 3246
f 3237 3246 3245
f 3238 3239 3247
f 3238 3247 3246
f 3239 3240 3248
f 3239 3248 3247
f 3240 3233 3241
f 3240 3241 3248
f 3241 3242 3250
f 3241 3250 3249
f 3242 3243 3251
f 3242 3251 3250
f 3243 3244 3252
f 3243 3252 3251
f 3244 3245 3253
f 3244 3253 3252
f 3245 3246 3254
f 3245 3254 3253
f 3246 3247 3255
f 3246 3255 3254
f 3247 3248 3256
f 3247 3256 3255
f 3248 3241 3249
f 3248 3249 3256
g tool
f 3257 3258 3270
f 3257 3270 3269
f 3258 3259 3271
f 3258 3271 3270
f 3259 3260 3272
f 3259 3272 3271
f 3260 3261 3273
f 3260 3273 3272
f 3261 3262 3274
f 3261 3274 3273
f 3262 3263 3275
f 3262 3275 3274
f 3263 3264 3276
f 3263 3276 3275
f 3264 3265 3277
f 3264 3277 3276
f 3265 3266 3278
f 3265 3278 3277
f 3266 3267 3279
f 3266 3279 3278
f 3267 3268 3280
f 3267 3280 3279
f 3268 3257 3269
f 3268 3269 3280
f 3281 3258 3257
f 3282 3269 3270
f 3281 3259 3258
f 3282 3270 3271
f 3281 3260 3259
f 3282 3271 3272
f 3281 3261 3260
f 3282 3272 3273
f 3281 3262 3261
f 3282 3273 3274
f 3281 3263 3262
f 3282 3274 3275
f 3281 3264 3263
f 3282 3275 3276
f 3281 3265 3264
f 3282 3276 3277
f 3281 3266 3265
f 3282 3277 3278
f 3281 3267 3266
f 3282 3278 3279
f 3281 3268 3267
f 3282 3279 3280
f 3281 3257 3268
f 3282 3280 3269
f 3283 3284 3296
f 3283 3296 3295
f 3284 3285 3297
f 3284 3297 3296
f 3285 3286 3298
f 3285 3298 3297
f 3286 3287 3299
f 3286 3299 3298
f 3287 3288 3300
f 3287 3300 3299
f 3288 3289 3301
f 3288 3301 3300
f 3289 3290 3302
f 3289 3302 3301
f 3290 3291 3303
f 3290 3303 3302
f 3291 3292 3304
f 3291 3304 3303
f 3292 3293 3305
f 3292 3305 3304
f 3293 3294 3306
f 3293 3306 3305
f 3294 3283 3295
f 3294 3295 3306
f 3307 3284 3283
f 3308 3295 3296
f 3307 3285 3284
f 3308 3296 3297
f 3307 3286 3285
f 3308 3297 3298
f 3307 3287 3286
f 3308 3298 3299
f 3307 3288 3287
f 3308 3299 3300
f 3307 3289 3288
f 3308 3300 3301
f 3307 3290 3289
f 3308 3301 3302
f 3307 3291 3290
f 3308 3302 3303
f 3307 3292 3291
f 3308 3303 3304
f 3307 3293 3292
f 3308 3304 3305
f 3307 3294 3293
f 3308 3305 3306
f 3307 3283 3294
f 3308 3306 3295
g tendons
v 0.0000 65.0000 0.0000
v -20.1796 -61.7818 -303.4408
l 3309 3310
g tendons
v 56.2917 -32.5000 0.0000
v 63.5998 13.4148 -304.6558
l 3311 3312
g tendons
v -56.2917 -32.5000 0.0000
v -43.4202 48.3670 -304.9017
l 3313 3314
g tendons
v -20.1796 -61.7818 -303.4408
v -6.6392 57.5879 -67.2383
l 3315 3316
g tendons
v 63.5998 13.4148 -304.6558
v 59.8409 -21.2058 -112.4815
l 3317 3318
g tendons
v -43.4202 48.3670 -304.9017
v -51.8722 -28.0297 -124.6718
l 3319 3320
g tendons
v -6.6392 57.5879 -67.2383
v 6.7920 170.2696 -246.0631
l 3321 3322
g tendons
v 59.8409 -21.2058 -112.4815
v 69.6531 80.2761 -271.0564
l 3323 3324
g tendons
v -51.8722 -28.0297 -124.6718
v -38.9743 83.0016 -300.5125
l 3325 3326
g axis
v 0.0000 0.0000 0.0000
v 33.0494 145.7121 -345.1665
l 3327 3328
