# TRUNC Equatorial Unit Cell D=88mm
# vertices=3110 faces=5200
mtllib trunc_materials.mtl
o trunc_model
v -2.0000 0.0000 -50.7150
v -1.7321 -1.0000 -50.7150
v -1.0000 -1.7321 -50.7150
v -0.0000 -2.0000 -50.7150
v 1.0000 -1.7321 -50.7150
v 1.7321 -1.0000 -50.7150
v 2.0000 -0.0000 -50.7150
v 1.7321 1.0000 -50.7150
v 1.0000 1.7321 -50.7150
v 0.0000 2.0000 -50.7150
v -1.0000 1.7321 -50.7150
v -1.7321 1.0000 -50.7150
v -2.0000 0.0000 50.7150
v -1.7321 -1.0000 50.7150
v -1.0000 -1.7321 50.7150
v -0.0000 -2.0000 50.7150
v 1.0000 -1.7321 50.7150
v 1.7321 -1.0000 50.7150
v 2.0000 -0.0000 50.7150
v 1.7321 1.0000 50.7150
v 1.0000 1.7321 50.7150
v 0.0000 2.0000 50.7150
v -1.0000 1.7321 50.7150
v -1.7321 1.0000 50.7150
v 0.0000 0.0000 -50.7150
v 0.0000 0.0000 50.7150
v -19.0000 0.0000 -50.7150
v -17.5537 -7.2710 -50.7150
v -13.4350 -13.4350 -50.7150
v -7.2710 -17.5537 -50.7150
v -0.0000 -19.0000 -50.7150
v 7.2710 -17.5537 -50.7150
v 13.4350 -13.4350 -50.7150
v 17.5537 -7.2710 -50.7150
v 19.0000 -0.0000 -50.7150
v 17.5537 7.2710 -50.7150
v 13.4350 13.4350 -50.7150
v 7.2710 17.5537 -50.7150
v 0.0000 19.0000 -50.7150
v -7.2710 17.5537 -50.7150
v -13.4350 13.4350 -50.7150
v -17.5537 7.2710 -50.7150
v -19.0000 0.0000 -38.7150
v -17.5537 -7.2710 -38.7150
v -13.4350 -13.4350 -38.7150
v -7.2710 -17.5537 -38.7150
v -0.0000 -19.0000 -38.7150
v 7.2710 -17.5537 -38.7150
v 13.4350 -13.4350 -38.7150
v 17.5537 -7.2710 -38.7150
v 19.0000 -0.0000 -38.7150
v 17.5537 7.2710 -38.7150
v 13.4350 13.4350 -38.7150
v 7.2710 17.5537 -38.7150
v 0.0000 19.0000 -38.7150
v -7.2710 17.5537 -38.7150
v -13.4350 13.4350 -38.7150
v -17.5537 7.2710 -38.7150
v 0.0000 0.0000 -50.7150
v 0.0000 0.0000 -38.7150
v -19.0000 0.0000 38.7150
v -17.5537 -7.2710 38.7150
v -13.4350 -13.4350 38.7150
v -7.2710 -17.5537 38.7150
v -0.0000 -19.0000 38.7150
v 7.2710 -17.5537 38.7150
v 13.4350 -13.4350 38.7150
v 17.5537 -7.2710 38.7150
v 19.0000 -0.0000 38.7150
v 17.5537 7.2710 38.7150
v 13.4350 13.4350 38.7150
v 7.2710 17.5537 38.7150
v 0.0000 19.0000 38.7150
v -7.2710 17.5537 38.7150
v -13.4350 13.4350 38.7150
v -17.5537 7.2710 38.7150
v -19.0000 0.0000 50.7150
v -17.5537 -7.2710 50.7150
v -13.4350 -13.4350 50.7150
v -7.2710 -17.5537 50.7150
v -0.0000 -19.0000 50.7150
v 7.2710 -17.5537 50.7150
v 13.4350 -13.4350 50.7150
v 17.5537 -7.2710 50.7150
v 19.0000 -0.0000 50.7150
v 17.5537 7.2710 50.7150
v 13.4350 13.4350 50.7150
v 7.2710 17.5537 50.7150
v 0.0000 19.0000 50.7150
v -7.2710 17.5537 50.7150
v -13.4350 13.4350 50.7150
v -17.5537 7.2710 50.7150
v 0.0000 0.0000 38.7150
v 0.0000 0.0000 50.7150
v 7.0000 0.3918 -39.8492
v 5.9700 0.0654 -39.3272
v 5.9700 -0.3265 -38.1930
v 7.0000 -0.3918 -37.5808
v 8.0300 -0.0654 -38.1028
v 8.0300 0.3265 -39.2370
v 6.4701 4.1273 -38.5587
v 5.4401 3.8009 -38.0367
v 5.4401 3.4091 -36.9025
v 6.4701 3.3437 -36.2903
v 7.5001 3.6701 -36.8123
v 7.5001 4.0620 -37.9465
v 7.0000 0.0000 -38.7150
v 6.4701 3.7355 -37.4245
v 5.9196 3.7355 -38.4908
v 5.5069 3.0422 -37.6025
v 6.0574 3.0422 -36.5362
v 7.0206 3.7355 -36.3582
v 7.4332 4.4288 -37.2465
v 6.8828 4.4288 -38.3128
v 3.4199 6.8769 -37.2003
v 3.0072 6.1836 -36.3120
v 3.5577 6.1836 -35.2457
v 4.5209 6.8769 -35.0677
v 4.9335 7.5702 -35.9560
v 4.3830 7.5702 -37.0223
v 6.4701 3.7355 -37.4245
v 3.9704 6.8769 -36.1340
v 3.5994 6.8769 -37.2752
v 3.4446 5.9012 -36.5940
v 3.8156 5.9012 -35.4528
v 4.3413 6.8769 -34.9928
v 4.4961 7.8526 -35.6740
v 4.1252 7.8526 -36.8152
v -0.3709 8.4079 -35.9847
v -0.5258 7.4322 -35.3035
v -0.1548 7.4322 -34.1623
v 0.3709 8.4079 -33.7023
v 0.5258 9.3836 -34.3835
v 0.1548 9.3836 -35.5247
v 3.9704 6.8769 -36.1340
v 0.0000 8.4079 -34.8435
v -0.3352 8.4079 -35.9957
v -0.0129 7.3813 -35.4646
v 0.3224 7.3813 -34.3124
v 0.3352 8.4079 -33.6913
v 0.0129 9.4346 -34.2224
v -0.3224 9.4346 -35.3746
v -4.7708 7.6827 -34.7052
v -4.4485 6.6560 -34.1741
v -4.1132 6.6560 -33.0219
v -4.1004 7.6827 -32.4008
v -4.4227 8.7093 -32.9319
v -4.7580 8.7093 -34.0841
v 0.0000 8.4079 -34.8435
v -4.4356 7.6827 -33.5530
v -4.8362 7.6827 -34.6842
v -4.0331 6.8635 -34.3321
v -3.6325 6.8635 -33.2009
v -4.0350 7.6827 -32.4218
v -4.8381 8.5018 -32.7739
v -5.2387 8.5018 -33.9051
v -8.4801 4.6647 -33.3937
v -7.6769 3.8455 -33.0416
v -7.2763 3.8455 -31.9104
v -7.6789 4.6647 -31.1313
v -8.4820 5.4838 -31.4834
v -8.8826 5.4838 -32.6146
v -4.4356 7.6827 -33.5530
v -8.0795 4.6647 -32.2625
v -8.0795 4.9847 -31.1059
v -9.0599 5.1569 -31.7761
v -9.0599 4.8369 -32.9327
v -8.0795 4.3447 -33.4191
v -7.0991 4.1725 -32.7489
v -7.0991 4.4924 -31.5923
v -9.7812 0.3200 -29.8154
v -10.7616 0.4922 -30.4856
v -10.7616 0.1722 -31.6422
v -9.7812 -0.3200 -32.1286
v -8.8008 -0.4922 -31.4584
v -8.8008 -0.1722 -30.3018
v -8.0795 4.6647 -32.2625
v -9.7812 0.0000 -30.9720
v -9.7812 0.2937 -29.8085
v -10.8047 -0.0274 -30.3463
v -10.8047 -0.3211 -31.5098
v -9.7812 -0.2937 -32.1355
v -8.7576 0.0274 -31.5977
v -8.7576 0.3211 -30.4342
v -8.8554 -4.8190 -28.5180
v -9.8790 -5.1401 -29.0558
v -9.8790 -5.4337 -30.2193
v -8.8554 -5.4063 -30.8450
v -7.8318 -5.0853 -30.3072
v -7.8318 -4.7916 -29.1437
v -9.7812 0.0000 -30.9720
v -8.8554 -5.1127 -29.6815
v -9.2679 -5.1127 -28.5546
v -9.7830 -5.8126 -29.3821
v -9.3705 -5.8126 -30.5090
v -8.4428 -5.1127 -30.8084
v -7.9278 -4.4127 -29.9809
v -8.3403 -4.4127 -28.8540
v -5.7429 -9.2324 -27.2641
v -6.2579 -9.9323 -28.0916
v -5.8454 -9.9323 -29.2185
v -4.9178 -9.2324 -29.5179
v -4.4027 -8.5324 -28.6904
v -4.8152 -8.5324 -27.5635
v -8.8554 -5.1127 -29.6815
v -5.3303 -9.2324 -28.3910
v -5.6127 -9.2324 -27.2247
v -5.7949 -10.2169 -27.8861
v -5.5125 -10.2169 -29.0524
v -5.0479 -9.2324 -29.5573
v -4.8657 -8.2479 -28.8959
v -5.1481 -8.2479 -27.7296
v -0.2824 -11.0859 -25.9342
v -0.4646 -12.0704 -26.5956
v -0.1822 -12.0704 -27.7619
v 0.2824 -11.0859 -28.2668
v 0.4646 -10.1014 -27.6054
v 0.1822 -10.1014 -26.4391
v -5.3303 -9.2324 -28.3910
v -0.0000 -11.0859 -27.1005
v -0.2628 -11.0859 -25.9296
v 0.0590 -12.1067 -26.4723
v 0.3218 -12.1067 -27.6432
v 0.2628 -11.0859 -28.2714
v -0.0590 -10.0652 -27.7287
v -0.3218 -10.0652 -26.5578
v 5.4872 -9.9593 -24.6391
v 5.8090 -10.9800 -25.1818
v 6.0718 -10.9800 -26.3527
v 6.0128 -9.9593 -26.9809
v 5.6910 -8.9385 -26.4382
v 5.4282 -8.9385 -25.2673
v -0.0000 -11.0859 -27.1005
v 5.7500 -9.9593 -25.8100
v 5.4230 -9.9593 -24.6554
v 6.2325 -10.7526 -25.0498
v 6.5594 -10.7526 -26.2044
v 6.0770 -9.9593 -26.9646
v 5.2675 -9.1660 -26.5702
v 4.9406 -9.1660 -25.4156
v 9.9803 -5.9509 -23.3649
v 10.7897 -6.7442 -23.7593
v 11.1166 -6.7442 -24.9139
v 10.6342 -5.9509 -25.6741
v 9.8247 -5.1576 -25.2797
v 9.4978 -5.1576 -24.1251
v 5.7500 -9.9593 -25.8100
v 10.3072 -5.9509 -24.5195
v 10.3072 -5.6966 -25.6922
v 9.3191 -5.5092 -25.0377
v 9.3191 -5.7636 -23.8649
v 10.3072 -6.2052 -23.3468
v 11.2954 -6.3925 -24.0013
v 11.2954 -6.1382 -25.1741
v 12.2901 0.2543 -24.4017
v 11.3019 0.4416 -23.7472
v 11.3019 0.1873 -22.5744
v 12.2901 -0.2543 -22.0563
v 13.2782 -0.4416 -22.7108
v 13.2782 -0.1873 -23.8836
v 10.3072 -5.9509 -24.5195
v 12.2901 -0.0000 -23.2290
v 12.2901 0.2396 -24.4048
v 11.2719 -0.0844 -23.8585
v 11.2719 -0.3240 -22.6827
v 12.2901 -0.2396 -22.0532
v 13.3082 0.0844 -22.5995
v 13.3082 0.3240 -23.7753
v 10.9672 6.5716 -23.1143
v 9.9491 6.2475 -22.5680
v 9.9491 6.0079 -21.3922
v 10.9672 6.0923 -20.7627
v 11.9854 6.4163 -21.3090
v 11.9854 6.6560 -22.4848
v 12.2901 -0.0000 -23.2290
v 10.9672 6.3319 -21.9385
v 10.6334 6.3319 -23.0911
v 10.0723 5.6209 -22.3040
v 10.4061 5.6209 -21.1513
v 11.3010 6.3319 -20.7859
v 11.8622 7.0429 -21.5730
v 11.5284 7.0429 -22.7257
v 6.1773 11.2775 -21.8006
v 5.6162 10.5665 -21.0135
v 5.9500 10.5665 -19.8608
v 6.8449 11.2775 -19.4954
v 7.4060 11.9885 -20.2825
v 7.0722 11.9885 -21.4352
v 10.9672 6.3319 -21.9385
v 6.5111 11.2775 -20.6480
v 6.2778 11.2775 -21.8251
v 6.0888 10.2861 -21.1760
v 6.3221 10.2861 -19.9989
v 6.7444 11.2775 -19.4709
v 6.9334 12.2689 -20.1200
v 6.7001 12.2689 -21.2971
v -0.2333 13.3640 -20.5346
v -0.4223 12.3726 -19.8855
v -0.1890 12.3726 -18.7084
v 0.2333 13.3640 -18.1804
v 0.4223 14.3554 -18.8295
v 0.1890 14.3554 -20.0066
v 6.5111 11.2775 -20.6480
v 0.0000 13.3640 -19.3575
v -0.2223 13.3640 -20.5367
v 0.1051 12.3483 -19.9879
v 0.3275 12.3483 -18.8087
v 0.2223 13.3640 -18.1783
v -0.1051 14.3796 -18.7271
v -0.3275 14.3796 -19.9063
v -7.0665 11.8544 -19.2462
v -6.7390 10.8388 -18.6974
v -6.5167 10.8388 -17.5182
v -6.6218 11.8544 -16.8878
v -6.9493 12.8701 -17.4366
v -7.1716 12.8701 -18.6158
v 0.0000 13.3640 -19.3575
v -6.8442 11.8544 -18.0670
v -7.1293 11.8544 -19.2326
v -6.3138 11.0798 -18.8144
v -6.0286 11.0798 -17.6488
v -6.5590 11.8544 -16.9014
v -7.3745 12.6290 -17.3196
v -7.6597 12.6290 -18.4852
v -12.4046 6.9972 -17.9421
v -11.5890 6.2225 -17.5239
v -11.3039 6.2225 -16.3583
v -11.8343 6.9972 -15.6109
v -12.6498 7.7718 -16.0291
v -12.9350 7.7718 -17.1947
v -6.8442 11.8544 -18.0670
v -12.1194 6.9972 -16.7765
v -12.1194 7.2148 -15.5964
v -13.1138 7.4031 -16.2412
v -13.1138 7.1854 -17.4213
v -12.1194 6.7795 -17.9566
v -11.1251 6.5912 -17.3118
v -11.1251 6.8089 -16.1317
v -14.2812 0.2176 -14.3059
v -15.2755 0.4059 -14.9507
v -15.2755 0.1883 -16.1308
v -14.2812 -0.2176 -16.6661
v -13.2868 -0.4059 -16.0213
v -13.2868 -0.1883 -14.8412
v -12.1194 6.9972 -16.7765
v -14.2812 0.0000 -15.4860
v -14.2812 0.2096 -14.3045
v -15.2944 -0.1224 -14.8549
v -15.2944 -0.3320 -16.0365
v -14.2812 -0.2096 -16.6675
v -13.2679 0.1224 -16.1171
v -13.2679 0.3320 -14.9355
v -12.5990 -7.0644 -13.0140
v -13.6123 -7.3964 -13.5644
v -13.6123 -7.6060 -14.7460
v -12.5990 -7.4836 -15.3770
v -11.5857 -7.1516 -14.8266
v -11.5857 -6.9420 -13.6450
v -14.2812 0.0000 -15.4860
v -12.5990 -7.2740 -14.1955
v -12.8879 -7.2740 -13.0308
v -13.4683 -7.9967 -13.7930
v -13.1793 -7.9967 -14.9577
v -12.3100 -7.2740 -15.3602
v -11.7297 -6.5513 -14.5980
v -12.0186 -6.5513 -13.4333
v -7.6861 -12.8122 -11.7403
v -8.2664 -13.5349 -12.5025
v -7.9775 -13.5349 -13.6672
v -7.1082 -12.8122 -14.0697
v -6.5278 -12.0895 -13.3075
v -6.8168 -12.0895 -12.1428
v -12.5990 -7.2740 -14.1955
v -7.3971 -12.8122 -12.9050
v -7.6034 -12.8122 -11.7229
v -7.7889 -13.8092 -12.3643
v -7.5827 -13.8092 -13.5464
v -7.1909 -12.8122 -14.0871
v -7.0053 -11.8151 -13.4457
v -7.2116 -11.8151 -12.2636
v -0.2062 -15.0191 -10.4324
v -0.3918 -16.0161 -11.0738
v -0.1856 -16.0161 -12.2559
v 0.2062 -15.0191 -12.7966
v 0.3918 -14.0220 -12.1552
v 0.1856 -14.0220 -10.9731
v -7.3971 -12.8122 -12.9050
v -0.0000 -15.0191 -11.6145
v -0.2006 -15.0191 -10.4314
v 0.1368 -16.0301 -10.9827
v 0.3374 -16.0301 -12.1658
v 0.2006 -15.0191 -12.7976
v -0.1368 -14.0080 -12.2463
v -0.3374 -14.0080 -11.0632
v 7.4103 -13.1826 -9.1409
v 7.7478 -14.1936 -9.6922
v 7.9484 -14.1936 -10.8753
v 7.8116 -13.1826 -11.5071
v 7.4741 -12.1715 -10.9558
v 7.2735 -12.1715 -9.7727
v -0.0000 -15.0191 -11.6145
v 7.6110 -13.1826 -10.3240
v 7.3472 -13.1826 -9.1533
v 8.1709 -13.9422 -9.5828
v 8.4347 -13.9422 -10.7534
v 7.8747 -13.1826 -11.4947
v 7.0510 -12.4229 -11.0652
v 6.7872 -12.4229 -9.8946
v 13.0750 -7.7011 -7.8628
v 13.8987 -8.4607 -8.2923
v 14.1624 -8.4607 -9.4629
v 13.6025 -7.7011 -10.2042
v 12.7787 -6.9415 -9.7747
v 12.5150 -6.9415 -8.6041
v 7.6110 -13.1826 -10.3240
v 13.3387 -7.7011 -9.0335
v 13.3387 -7.5028 -10.2170
v 12.3391 -7.3216 -9.5783
v 12.3391 -7.5199 -8.3948
v 13.3387 -7.8994 -7.8500
v 14.3383 -8.0807 -8.4887
v 14.3383 -7.8823 -9.6722
v 15.5595 0.1983 -8.9265
v 14.5599 0.3795 -8.2878
v 14.5599 0.1812 -7.1043
v 15.5595 -0.1983 -6.5595
v 16.5591 -0.3795 -7.1982
v 16.5591 -0.1812 -8.3817
v 13.3387 -7.7011 -9.0335
v 15.5595 -0.0000 -7.7430
v 15.5595 0.1947 -8.9271
v 14.5507 -0.1491 -8.3756
v 14.5507 -0.3438 -7.1915
v 15.5595 -0.1947 -6.5589
v 16.5683 0.1491 -7.1104
v 16.5683 0.3438 -8.2945
v 13.5908 8.0414 -7.6366
v 12.5820 7.6976 -7.0851
v 12.5820 7.5029 -5.9010
v 13.5908 7.6519 -5.2684
v 14.5996 7.9957 -5.8199
v 14.5996 8.1905 -7.0040
v 15.5595 -0.0000 -7.7430
v 13.5908 7.8467 -6.4525
v 13.3254 7.8467 -7.6228
v 12.7411 7.1122 -6.8750
v 13.0066 7.1122 -5.7047
v 13.8563 7.8467 -5.2822
v 14.4405 8.5812 -6.0300
v 14.1751 8.5812 -7.2003
v 7.6362 13.6861 -6.3323
v 7.0519 12.9516 -5.5845
v 7.3174 12.9516 -4.4142
v 8.1671 13.6861 -3.9917
v 8.7514 14.4206 -4.7395
v 8.4859 14.4206 -5.9098
v 13.5908 7.8467 -6.4525
v 7.9017 13.6861 -5.1620
v 7.7082 13.6861 -6.3463
v 7.5328 12.6841 -5.7097
v 7.7263 12.6841 -4.5254
v 8.0951 13.6861 -3.9777
v 8.2705 14.6881 -4.6143
v 8.0771 14.6881 -5.7986
v -0.1934 15.8892 -5.0558
v -0.3688 14.8872 -4.4192
v -0.1754 14.8872 -3.2349
v 0.1934 15.8892 -2.6872
v 0.3688 16.8912 -3.3238
v 0.1754 16.8912 -4.5081
v 7.9017 13.6861 -5.1620
v 0.0000 15.8892 -3.8715
v -0.1917 15.8892 -5.0561
v 0.1594 14.8826 -4.5051
v 0.3511 14.8826 -3.3205
v 0.1917 15.8892 -2.6869
v -0.1594 16.8957 -3.2379
v -0.3511 16.8957 -4.4225
v -8.1670 13.8137 -3.7656
v -7.8159 12.8072 -3.2146
v -7.6243 12.8072 -2.0300
v -7.7837 13.8137 -1.3964
v -8.1348 14.8203 -1.9474
v -8.3264 14.8203 -3.1320
v 0.0000 15.8892 -3.8715
v -7.9753 13.8137 -2.5810
v -8.2330 13.8137 -3.7530
v -7.3981 13.0671 -3.3222
v -7.1405 13.0671 -2.1502
v -7.7177 13.8137 -1.4090
v -8.5526 14.5603 -1.8398
v -8.8102 14.5603 -3.0118
v -14.1034 7.9938 -2.4625
v -13.2685 7.2472 -2.0317
v -13.0109 7.2472 -0.8597
v -13.5881 7.9938 -0.1185
v -14.4230 8.7404 -0.5493
v -14.6806 8.7404 -1.7213
v -7.9753 13.8137 -2.5810
v -13.8457 7.9938 -1.2905
v -13.8457 8.1851 -0.1058
v -14.8500 8.3532 -0.7408
v -14.8500 8.1620 -1.9254
v -13.8457 7.8026 -2.4752
v -12.8414 7.6344 -1.8402
v -12.8414 7.8257 -0.6556
v -16.0000 0.1912 1.1847
v -17.0043 0.3594 0.5497
v -17.0043 0.1682 -0.6349
v -16.0000 -0.1912 -1.1847
v -14.9957 -0.3594 -0.5497
v -14.9957 -0.1682 0.6349
v -13.8457 7.9938 -1.2905
v -16.0000 0.0000 0.0000
v -16.0000 0.1912 1.1847
v -17.0043 -0.1682 0.6349
v -17.0043 -0.3594 -0.5497
v -16.0000 -0.1912 -1.1847
v -14.9957 0.1682 -0.6349
v -14.9957 0.3594 0.5497
v -13.8457 -7.8026 2.4752
v -14.8500 -8.1620 1.9254
v -14.8500 -8.3532 0.7408
v -13.8457 -8.1851 0.1058
v -12.8414 -7.8257 0.6556
v -12.8414 -7.6344 1.8402
v -16.0000 0.0000 0.0000
v -13.8457 -7.9938 1.2905
v -14.1034 -7.9938 2.4625
v -14.6806 -8.7404 1.7213
v -14.4230 -8.7404 0.5493
v -13.5881 -7.9938 0.1185
v -13.0109 -7.2472 0.8597
v -13.2685 -7.2472 2.0317
v -8.2330 -13.8137 3.7530
v -8.8102 -14.5603 3.0118
v -8.5526 -14.5603 1.8398
v -7.7177 -13.8137 1.4090
v -7.1405 -13.0671 2.1502
v -7.3981 -13.0671 3.3222
v -13.8457 -7.9938 1.2905
v -7.9753 -13.8137 2.5810
v -8.1670 -13.8137 3.7656
v -8.3264 -14.8203 3.1320
v -8.1348 -14.8203 1.9474
v -7.7837 -13.8137 1.3964
v -7.6243 -12.8072 2.0300
v -7.8159 -12.8072 3.2146
v -0.1917 -15.8892 5.0561
v -0.3511 -16.8957 4.4225
v -0.1594 -16.8957 3.2379
v 0.1917 -15.8892 2.6869
v 0.3511 -14.8826 3.3205
v 0.1594 -14.8826 4.5051
v -7.9753 -13.8137 2.5810
v -0.0000 -15.8892 3.8715
v -0.1934 -15.8892 5.0558
v 0.1754 -16.8912 4.5081
v 0.3688 -16.8912 3.3238
v 0.1934 -15.8892 2.6872
v -0.1754 -14.8872 3.2349
v -0.3688 -14.8872 4.4192
v 7.7082 -13.6861 6.3463
v 8.0771 -14.6881 5.7986
v 8.2705 -14.6881 4.6143
v 8.0951 -13.6861 3.9777
v 7.7263 -12.6841 4.5254
v 7.5328 -12.6841 5.7097
v -0.0000 -15.8892 3.8715
v 7.9017 -13.6861 5.1620
v 7.6362 -13.6861 6.3323
v 8.4859 -14.4206 5.9098
v 8.7514 -14.4206 4.7395
v 8.1671 -13.6861 3.9917
v 7.3174 -12.9516 4.4142
v 7.0519 -12.9516 5.5845
v 13.3254 -7.8467 7.6228
v 14.1751 -8.5812 7.2003
v 14.4405 -8.5812 6.0300
v 13.8563 -7.8467 5.2822
v 13.0066 -7.1122 5.7047
v 12.7411 -7.1122 6.8750
v 7.9017 -13.6861 5.1620
v 13.5908 -7.8467 6.4525
v 13.5908 -7.6519 5.2684
v 12.5820 -7.5029 5.9010
v 12.5820 -7.6976 7.0851
v 13.5908 -8.0414 7.6366
v 14.5996 -8.1905 7.0040
v 14.5996 -7.9957 5.8199
v 15.5595 0.1947 6.5589
v 14.5507 0.3438 7.1915
v 14.5507 0.1491 8.3756
v 15.5595 -0.1947 8.9271
v 16.5683 -0.3438 8.2945
v 16.5683 -0.1491 7.1104
v 13.5908 -7.8467 6.4525
v 15.5595 -0.0000 7.7430
v 15.5595 0.1983 6.5595
v 14.5599 -0.1812 7.1043
v 14.5599 -0.3795 8.2878
v 15.5595 -0.1983 8.9265
v 16.5591 0.1812 8.3817
v 16.5591 0.3795 7.1982
v 13.3387 7.8994 7.8500
v 12.3391 7.5199 8.3948
v 12.3391 7.3216 9.5783
v 13.3387 7.5028 10.2170
v 14.3383 7.8823 9.6722
v 14.3383 8.0807 8.4887
v 15.5595 -0.0000 7.7430
v 13.3387 7.7011 9.0335
v 13.0750 7.7011 7.8628
v 12.5150 6.9415 8.6041
v 12.7787 6.9415 9.7747
v 13.6025 7.7011 10.2042
v 14.1624 8.4607 9.4629
v 13.8987 8.4607 8.2923
v 7.3472 13.1826 9.1533
v 6.7872 12.4229 9.8946
v 7.0510 12.4229 11.0652
v 7.8747 13.1826 11.4947
v 8.4347 13.9422 10.7534
v 8.1709 13.9422 9.5828
v 13.3387 7.7011 9.0335
v 7.6110 13.1826 10.3240
v 7.4103 13.1826 9.1409
v 7.2735 12.1715 9.7727
v 7.4741 12.1715 10.9558
v 7.8116 13.1826 11.5071
v 7.9484 14.1936 10.8753
v 7.7478 14.1936 9.6922
v -0.2006 15.0191 10.4314
v -0.3374 14.0080 11.0632
v -0.1368 14.0080 12.2463
v 0.2006 15.0191 12.7976
v 0.3374 16.0301 12.1658
v 0.1368 16.0301 10.9827
v 7.6110 13.1826 10.3240
v -0.0000 15.0191 11.6145
v -0.2062 15.0191 10.4324
v 0.1856 14.0220 10.9731
v 0.3918 14.0220 12.1552
v 0.2062 15.0191 12.7966
v -0.1856 16.0161 12.2559
v -0.3918 16.0161 11.0738
v -7.6034 12.8122 11.7229
v -7.2116 11.8151 12.2636
v -7.0053 11.8151 13.4457
v -7.1909 12.8122 14.0871
v -7.5827 13.8092 13.5464
v -7.7889 13.8092 12.3643
v -0.0000 15.0191 11.6145
v -7.3971 12.8122 12.9050
v -7.6861 12.8122 11.7403
v -6.8168 12.0895 12.1428
v -6.5278 12.0895 13.3075
v -7.1082 12.8122 14.0697
v -7.9775 13.5349 13.6672
v -8.2664 13.5349 12.5025
v -12.8879 7.2740 13.0308
v -12.0186 6.5513 13.4333
v -11.7297 6.5513 14.5980
v -12.3100 7.2740 15.3602
v -13.1793 7.9967 14.9577
v -13.4683 7.9967 13.7930
v -7.3971 12.8122 12.9050
v -12.5990 7.2740 14.1955
v -12.5990 7.4836 15.3770
v -13.6123 7.6060 14.7460
v -13.6123 7.3964 13.5644
v -12.5990 7.0644 13.0140
v -11.5857 6.9420 13.6450
v -11.5857 7.1516 14.8266
v -14.2812 0.2096 16.6675
v -15.2944 0.3320 16.0365
v -15.2944 0.1224 14.8549
v -14.2812 -0.2096 14.3045
v -13.2679 -0.3320 14.9355
v -13.2679 -0.1224 16.1171
v -12.5990 7.2740 14.1955
v -14.2812 0.0000 15.4860
v -14.2812 0.2176 16.6661
v -15.2755 -0.1883 16.1308
v -15.2755 -0.4059 14.9507
v -14.2812 -0.2176 14.3059
v -13.2868 0.1883 14.8412
v -13.2868 0.4059 16.0213
v -12.1194 -6.7795 17.9566
v -13.1138 -7.1854 17.4213
v -13.1138 -7.4031 16.2412
v -12.1194 -7.2148 15.5964
v -11.1251 -6.8089 16.1317
v -11.1251 -6.5912 17.3118
v -14.2812 0.0000 15.4860
v -12.1194 -6.9972 16.7765
v -12.4046 -6.9972 17.9421
v -12.9350 -7.7718 17.1947
v -12.6498 -7.7718 16.0291
v -11.8343 -6.9972 15.6109
v -11.3039 -6.2225 16.3583
v -11.5890 -6.2225 17.5239
v -7.1293 -11.8544 19.2326
v -7.6597 -12.6290 18.4852
v -7.3745 -12.6290 17.3196
v -6.5590 -11.8544 16.9014
v -6.0286 -11.0798 17.6488
v -6.3138 -11.0798 18.8144
v -12.1194 -6.9972 16.7765
v -6.8442 -11.8544 18.0670
v -7.0665 -11.8544 19.2462
v -7.1716 -12.8701 18.6158
v -6.9493 -12.8701 17.4366
v -6.6218 -11.8544 16.8878
v -6.5167 -10.8388 17.5182
v -6.7390 -10.8388 18.6974
v -0.2223 -13.3640 20.5367
v -0.3275 -14.3796 19.9063
v -0.1051 -14.3796 18.7271
v 0.2223 -13.3640 18.1783
v 0.3275 -12.3483 18.8087
v 0.1051 -12.3483 19.9879
v -6.8442 -11.8544 18.0670
v -0.0000 -13.3640 19.3575
v -0.2333 -13.3640 20.5346
v 0.1890 -14.3554 20.0066
v 0.4223 -14.3554 18.8295
v 0.2333 -13.3640 18.1804
v -0.1890 -12.3726 18.7084
v -0.4223 -12.3726 19.8855
v 6.2778 -11.2775 21.8251
v 6.7001 -12.2689 21.2971
v 6.9334 -12.2689 20.1200
v 6.7444 -11.2775 19.4709
v 6.3221 -10.2861 19.9989
v 6.0888 -10.2861 21.1760
v -0.0000 -13.3640 19.3575
v 6.5111 -11.2775 20.6480
v 6.1773 -11.2775 21.8006
v 7.0722 -11.9885 21.4352
v 7.4060 -11.9885 20.2825
v 6.8449 -11.2775 19.4954
v 5.9500 -10.5665 19.8608
v 5.6162 -10.5665 21.0135
v 10.6334 -6.3319 23.0911
v 11.5284 -7.0429 22.7257
v 11.8622 -7.0429 21.5730
v 11.3010 -6.3319 20.7859
v 10.4061 -5.6209 21.1513
v 10.0723 -5.6209 22.3040
v 6.5111 -11.2775 20.6480
v 10.9672 -6.3319 21.9385
v 10.9672 -6.0923 20.7627
v 9.9491 -6.0079 21.3922
v 9.9491 -6.2475 22.5680
v 10.9672 -6.5716 23.1143
v 11.9854 -6.6560 22.4848
v 11.9854 -6.4163 21.3090
v 12.2901 0.2396 22.0532
v 11.2719 0.3240 22.6827
v 11.2719 0.0844 23.8585
v 12.2901 -0.2396 24.4048
v 13.3082 -0.3240 23.7753
v 13.3082 -0.0844 22.5995
v 10.9672 -6.3319 21.9385
v 12.2901 -0.0000 23.2290
v 12.2901 0.2543 22.0563
v 11.3019 -0.1873 22.5744
v 11.3019 -0.4416 23.7472
v 12.2901 -0.2543 24.4017
v 13.2782 0.1873 23.8836
v 13.2782 0.4416 22.7108
v 10.3072 6.2052 23.3468
v 9.3191 5.7636 23.8649
v 9.3191 5.5092 25.0377
v 10.3072 5.6966 25.6922
v 11.2954 6.1382 25.1741
v 11.2954 6.3925 24.0013
v 12.2901 -0.0000 23.2290
v 10.3072 5.9509 24.5195
v 9.9803 5.9509 23.3649
v 9.4978 5.1576 24.1251
v 9.8247 5.1576 25.2797
v 10.6342 5.9509 25.6741
v 11.1166 6.7442 24.9139
v 10.7897 6.7442 23.7593
v 5.4230 9.9593 24.6554
v 4.9406 9.1660 25.4156
v 5.2675 9.1660 26.5702
v 6.0770 9.9593 26.9646
v 6.5594 10.7526 26.2044
v 6.2325 10.7526 25.0498
v 10.3072 5.9509 24.5195
v 5.7500 9.9593 25.8100
v 5.4872 9.9593 24.6391
v 5.4282 8.9385 25.2673
v 5.6910 8.9385 26.4382
v 6.0128 9.9593 26.9809
v 6.0718 10.9800 26.3527
v 5.8090 10.9800 25.1818
v -0.2628 11.0859 25.9296
v -0.3218 10.0652 26.5578
v -0.0590 10.0652 27.7287
v 0.2628 11.0859 28.2714
v 0.3218 12.1067 27.6432
v 0.0590 12.1067 26.4723
v 5.7500 9.9593 25.8100
v -0.0000 11.0859 27.1005
v -0.2824 11.0859 25.9342
v 0.1822 10.1014 26.4391
v 0.4646 10.1014 27.6054
v 0.2824 11.0859 28.2668
v -0.1822 12.0704 27.7619
v -0.4646 12.0704 26.5956
v -5.6127 9.2324 27.2247
v -5.1481 8.2479 27.7296
v -4.8657 8.2479 28.8959
v -5.0479 9.2324 29.5573
v -5.5125 10.2169 29.0524
v -5.7949 10.2169 27.8861
v -0.0000 11.0859 27.1005
v -5.3303 9.2324 28.3910
v -5.7429 9.2324 27.2641
v -4.8152 8.5324 27.5635
v -4.4027 8.5324 28.6904
v -4.9178 9.2324 29.5179
v -5.8454 9.9323 29.2185
v -6.2579 9.9323 28.0916
v -9.2679 5.1127 28.5546
v -8.3403 4.4127 28.8540
v -7.9278 4.4127 29.9809
v -8.4428 5.1127 30.8084
v -9.3705 5.8126 30.5090
v -9.7830 5.8126 29.3821
v -5.3303 9.2324 28.3910
v -8.8554 5.1127 29.6815
v -8.8554 5.4063 30.8450
v -9.8790 5.4337 30.2193
v -9.8790 5.1401 29.0558
v -8.8554 4.8190 28.5180
v -7.8318 4.7916 29.1437
v -7.8318 5.0853 30.3072
v -9.7812 0.2937 32.1355
v -10.8047 0.3211 31.5098
v -10.8047 0.0274 30.3463
v -9.7812 -0.2937 29.8085
v -8.7576 -0.3211 30.4342
v -8.7576 -0.0274 31.5977
v -8.8554 5.1127 29.6815
v -9.7812 0.0000 30.9720
v -9.7812 0.3200 32.1286
v -10.7616 -0.1722 31.6422
v -10.7616 -0.4922 30.4856
v -9.7812 -0.3200 29.8154
v -8.8008 0.1722 30.3018
v -8.8008 0.4922 31.4584
v -8.0795 -4.3447 33.4191
v -9.0599 -4.8369 32.9327
v -9.0599 -5.1569 31.7761
v -8.0795 -4.9847 31.1059
v -7.0991 -4.4924 31.5923
v -7.0991 -4.1725 32.7489
v -9.7812 0.0000 30.9720
v -8.0795 -4.6647 32.2625
v -8.4801 -4.6647 33.3937
v -8.8826 -5.4838 32.6146
v -8.4820 -5.4838 31.4834
v -7.6789 -4.6647 31.1313
v -7.2763 -3.8455 31.9104
v -7.6769 -3.8455 33.0416
v -4.8362 -7.6827 34.6842
v -5.2387 -8.5018 33.9051
v -4.8381 -8.5018 32.7739
v -4.0350 -7.6827 32.4218
v -3.6325 -6.8635 33.2009
v -4.0331 -6.8635 34.3321
v -8.0795 -4.6647 32.2625
v -4.4356 -7.6827 33.5530
v -4.7708 -7.6827 34.7052
v -4.7580 -8.7093 34.0841
v -4.4227 -8.7093 32.9319
v -4.1004 -7.6827 32.4008
v -4.1132 -6.6560 33.0219
v -4.4485 -6.6560 34.1741
v -0.3352 -8.4079 35.9957
v -0.3224 -9.4346 35.3746
v 0.0129 -9.4346 34.2224
v 0.3352 -8.4079 33.6913
v 0.3224 -7.3813 34.3124
v -0.0129 -7.3813 35.4646
v -4.4356 -7.6827 33.5530
v -0.0000 -8.4079 34.8435
v -0.3709 -8.4079 35.9847
v 0.1548 -9.3836 35.5247
v 0.5258 -9.3836 34.3835
v 0.3709 -8.4079 33.7023
v -0.1548 -7.4322 34.1623
v -0.5258 -7.4322 35.3035
v 3.5994 -6.8769 37.2752
v 4.1252 -7.8526 36.8152
v 4.4961 -7.8526 35.6740
v 4.3413 -6.8769 34.9928
v 3.8156 -5.9012 35.4528
v 3.4446 -5.9012 36.5940
v -0.0000 -8.4079 34.8435
v 3.9704 -6.8769 36.1340
v 3.4199 -6.8769 37.2003
v 4.3830 -7.5702 37.0223
v 4.9335 -7.5702 35.9560
v 4.5209 -6.8769 35.0677
v 3.5577 -6.1836 35.2457
v 3.0072 -6.1836 36.3120
v 5.9196 -3.7355 38.4908
v 6.8828 -4.4288 38.3128
v 7.4332 -4.4288 37.2465
v 7.0206 -3.7355 36.3582
v 6.0574 -3.0422 36.5362
v 5.5069 -3.0422 37.6025
v 3.9704 -6.8769 36.1340
v 6.4701 -3.7355 37.4245
v 6.4701 -3.3437 36.2903
v 5.4401 -3.4091 36.9025
v 5.4401 -3.8009 38.0367
v 6.4701 -4.1273 38.5587
v 7.5001 -4.0620 37.9465
v 7.5001 -3.6701 36.8123
v 7.0000 0.3918 37.5808
v 5.9700 0.3265 38.1930
v 5.9700 -0.0654 39.3272
v 7.0000 -0.3918 39.8492
v 8.0300 -0.3265 39.2370
v 8.0300 0.0654 38.1028
v 6.4701 -3.7355 37.4245
v 7.0000 -0.0000 38.7150
v 20.2602 0.0000 40.5235
v 19.3267 -1.2989 40.5620
v 17.9237 -1.2989 39.7928
v 17.4541 -0.0000 38.9852
v 18.3876 1.2989 38.9467
v 19.7906 1.2989 39.7159
v 42.0537 -16.8381 0.7691
v 41.1203 -18.1370 0.8076
v 39.7173 -18.1370 0.0385
v 39.2477 -16.8381 -0.7691
v 40.1811 -15.5391 -0.8076
v 41.5841 -15.5391 -0.0385
v 18.8571 0.0000 39.7543
v 40.6507 -16.8381 0.0000
v 42.0537 -16.8381 -0.7691
v 41.1203 -18.1370 -0.8076
v 39.7173 -18.1370 -0.0385
v 39.2477 -16.8381 0.7691
v 40.1811 -15.5391 0.8076
v 41.5841 -15.5391 0.0385
v 20.2602 0.0000 -40.5235
v 19.3267 -1.2989 -40.5620
v 17.9237 -1.2989 -39.7928
v 17.4541 -0.0000 -38.9852
v 18.3876 1.2989 -38.9467
v 19.7906 1.2989 -39.7159
v 40.6507 -16.8381 0.0000
v 18.8571 0.0000 -39.7543
v 40.6507 -14.6381 0.0000
v 40.6507 -14.6381 0.0000
v 40.6507 -14.6381 0.0000
v 40.6507 -14.6381 0.0000
v 40.6507 -14.6381 0.0000
v 40.6507 -14.6381 0.0000
v 40.6507 -14.6381 0.0000
v 40.6507 -14.6381 0.0000
v 42.2063 -15.2824 0.0000
v 41.7507 -15.2824 1.1000
v 40.6507 -15.2824 1.5556
v 39.5507 -15.2824 1.1000
v 39.0951 -15.2824 0.0000
v 39.5507 -15.2824 -1.1000
v 40.6507 -15.2824 -1.5556
v 41.7507 -15.2824 -1.1000
v 42.8507 -16.8381 0.0000
v 42.2063 -16.8381 1.5556
v 40.6507 -16.8381 2.2000
v 39.0951 -16.8381 1.5556
v 38.4507 -16.8381 0.0000
v 39.0951 -16.8381 -1.5556
v 40.6507 -16.8381 -2.2000
v 42.2063 -16.8381 -1.5556
v 42.2063 -18.3937 0.0000
v 41.7507 -18.3937 1.1000
v 40.6507 -18.3937 1.5556
v 39.5507 -18.3937 1.1000
v 39.0951 -18.3937 0.0000
v 39.5507 -18.3937 -1.1000
v 40.6507 -18.3937 -1.5556
v 41.7507 -18.3937 -1.1000
v 40.6507 -19.0381 0.0000
v 40.6507 -19.0381 0.0000
v 40.6507 -19.0381 0.0000
v 40.6507 -19.0381 0.0000
v 40.6507 -19.0381 0.0000
v 40.6507 -19.0381 0.0000
v 40.6507 -19.0381 0.0000
v 40.6507 -19.0381 0.0000
v 14.6527 -13.3340 40.6605
v 13.9365 -14.7160 40.2902
v 12.6178 -14.7160 39.3840
v 12.0153 -13.3340 38.8482
v 12.7315 -11.9520 39.2185
v 14.0502 -11.9520 40.1247
v 41.9694 -16.8381 0.9061
v 41.2532 -18.2201 0.5358
v 39.9345 -18.2201 -0.3703
v 39.3320 -16.8381 -0.9061
v 40.0482 -15.4561 -0.5358
v 41.3669 -15.4561 0.3703
v 13.3340 -13.3340 39.7543
v 40.6507 -16.8381 0.0000
v 41.9694 -16.8381 -0.9061
v 41.2532 -18.2201 -0.5358
v 39.9345 -18.2201 0.3703
v 39.3320 -16.8381 0.9061
v 40.0482 -15.4561 0.5358
v 41.3669 -15.4561 -0.3703
v 14.6527 -13.3340 -40.6605
v 13.9365 -14.7160 -40.2902
v 12.6178 -14.7160 -39.3840
v 12.0153 -13.3340 -38.8482
v 12.7315 -11.9520 -39.2185
v 14.0502 -11.9520 -40.1247
v 40.6507 -16.8381 0.0000
v 13.3340 -13.3340 -39.7543
v 40.6507 -14.6381 0.0000
v 40.6507 -14.6381 0.0000
v 40.6507 -14.6381 0.0000
v 40.6507 -14.6381 0.0000
v 40.6507 -14.6381 0.0000
v 40.6507 -14.6381 0.0000
v 40.6507 -14.6381 0.0000
v 40.6507 -14.6381 0.0000
v 42.2063 -15.2824 0.0000
v 41.7507 -15.2824 1.1000
v 40.6507 -15.2824 1.5556
v 39.5507 -15.2824 1.1000
v 39.0951 -15.2824 0.0000
v 39.5507 -15.2824 -1.1000
v 40.6507 -15.2824 -1.5556
v 41.7507 -15.2824 -1.1000
v 42.8507 -16.8381 0.0000
v 42.2063 -16.8381 1.5556
v 40.6507 -16.8381 2.2000
v 39.0951 -16.8381 1.5556
v 38.4507 -16.8381 0.0000
v 39.0951 -16.8381 -1.5556
v 40.6507 -16.8381 -2.2000
v 42.2063 -16.8381 -1.5556
v 42.2063 -18.3937 0.0000
v 41.7507 -18.3937 1.1000
v 40.6507 -18.3937 1.5556
v 39.5507 -18.3937 1.1000
v 39.0951 -18.3937 0.0000
v 39.5507 -18.3937 -1.1000
v 40.6507 -18.3937 -1.5556
v 41.7507 -18.3937 -1.1000
v 40.6507 -19.0381 0.0000
v 40.6507 -19.0381 0.0000
v 40.6507 -19.0381 0.0000
v 40.6507 -19.0381 0.0000
v 40.6507 -19.0381 0.0000
v 40.6507 -19.0381 0.0000
v 40.6507 -19.0381 0.0000
v 40.6507 -19.0381 0.0000
v 14.9278 -13.3340 39.8948
v 14.0622 -14.4774 40.6042
v 12.4684 -14.4774 40.4637
v 11.7402 -13.3340 39.6139
v 12.6058 -12.1906 38.9045
v 14.1996 -12.1906 39.0450
v 18.4319 -40.6507 0.1405
v 17.5663 -41.7941 0.8499
v 15.9724 -41.7941 0.7094
v 15.2443 -40.6507 -0.1405
v 16.1099 -39.5073 -0.8499
v 17.7037 -39.5073 -0.7094
v 13.3340 -13.3340 39.7543
v 16.8381 -40.6507 0.0000
v 18.4319 -40.6507 -0.1405
v 17.5663 -41.7941 -0.8499
v 15.9724 -41.7941 -0.7094
v 15.2443 -40.6507 0.1405
v 16.1099 -39.5073 0.8499
v 17.7037 -39.5073 0.7094
v 14.9278 -13.3340 -39.8948
v 14.0622 -14.4774 -40.6042
v 12.4684 -14.4774 -40.4637
v 11.7402 -13.3340 -39.6139
v 12.6058 -12.1906 -38.9045
v 14.1996 -12.1906 -39.0450
v 16.8381 -40.6507 0.0000
v 13.3340 -13.3340 -39.7543
v 16.8381 -38.4507 0.0000
v 16.8381 -38.4507 0.0000
v 16.8381 -38.4507 0.0000
v 16.8381 -38.4507 0.0000
v 16.8381 -38.4507 0.0000
v 16.8381 -38.4507 0.0000
v 16.8381 -38.4507 0.0000
v 16.8381 -38.4507 0.0000
v 18.3937 -39.0951 0.0000
v 17.9381 -39.0951 1.1000
v 16.8381 -39.0951 1.5556
v 15.7381 -39.0951 1.1000
v 15.2824 -39.0951 0.0000
v 15.7381 -39.0951 -1.1000
v 16.8381 -39.0951 -1.5556
v 17.9381 -39.0951 -1.1000
v 19.0381 -40.6507 0.0000
v 18.3937 -40.6507 1.5556
v 16.8381 -40.6507 2.2000
v 15.2824 -40.6507 1.5556
v 14.6381 -40.6507 0.0000
v 15.2824 -40.6507 -1.5556
v 16.8381 -40.6507 -2.2000
v 18.3937 -40.6507 -1.5556
v 18.3937 -42.2063 0.0000
v 17.9381 -42.2063 1.1000
v 16.8381 -42.2063 1.5556
v 15.7381 -42.2063 1.1000
v 15.2824 -42.2063 0.0000
v 15.7381 -42.2063 -1.1000
v 16.8381 -42.2063 -1.5556
v 17.9381 -42.2063 -1.1000
v 16.8381 -42.8507 0.0000
v 16.8381 -42.8507 0.0000
v 16.8381 -42.8507 0.0000
v 16.8381 -42.8507 0.0000
v 16.8381 -42.8507 0.0000
v 16.8381 -42.8507 0.0000
v 16.8381 -42.8507 0.0000
v 16.8381 -42.8507 0.0000
v 1.4733 -18.8571 40.3784
v 0.4931 -20.0941 40.6413
v -0.9802 -20.0941 40.0173
v -1.4733 -18.8571 39.1303
v -0.4931 -17.6202 38.8674
v 0.9802 -17.6202 39.4914
v 18.3114 -40.6507 0.6240
v 17.3312 -41.8877 0.8870
v 15.8579 -41.8877 0.2630
v 15.3648 -40.6507 -0.6240
v 16.3450 -39.4137 -0.8870
v 17.8182 -39.4137 -0.2630
v 0.0000 -18.8571 39.7543
v 16.8381 -40.6507 0.0000
v 18.3114 -40.6507 -0.6240
v 17.3312 -41.8877 -0.8870
v 15.8579 -41.8877 -0.2630
v 15.3648 -40.6507 0.6240
v 16.3450 -39.4137 0.8870
v 17.8182 -39.4137 0.2630
v 1.4733 -18.8571 -40.3784
v 0.4931 -20.0941 -40.6413
v -0.9802 -20.0941 -40.0173
v -1.4733 -18.8571 -39.1303
v -0.4931 -17.6202 -38.8674
v 0.9802 -17.6202 -39.4914
v 16.8381 -40.6507 0.0000
v 0.0000 -18.8571 -39.7543
v 16.8381 -38.4507 0.0000
v 16.8381 -38.4507 0.0000
v 16.8381 -38.4507 0.0000
v 16.8381 -38.4507 0.0000
v 16.8381 -38.4507 0.0000
v 16.8381 -38.4507 0.0000
v 16.8381 -38.4507 0.0000
v 16.8381 -38.4507 0.0000
v 18.3937 -39.0951 0.0000
v 17.9381 -39.0951 1.1000
v 16.8381 -39.0951 1.5556
v 15.7381 -39.0951 1.1000
v 15.2824 -39.0951 0.0000
v 15.7381 -39.0951 -1.1000
v 16.8381 -39.0951 -1.5556
v 17.9381 -39.0951 -1.1000
v 19.0381 -40.6507 0.0000
v 18.3937 -40.6507 1.5556
v 16.8381 -40.6507 2.2000
v 15.2824 -40.6507 1.5556
v 14.6381 -40.6507 0.0000
v 15.2824 -40.6507 -1.5556
v 16.8381 -40.6507 -2.2000
v 18.3937 -40.6507 -1.5556
v 18.3937 -42.2063 0.0000
v 17.9381 -42.2063 1.1000
v 16.8381 -42.2063 1.5556
v 15.7381 -42.2063 1.1000
v 15.2824 -42.2063 0.0000
v 15.7381 -42.2063 -1.1000
v 16.8381 -42.2063 -1.5556
v 17.9381 -42.2063 -1.1000
v 16.8381 -42.8507 0.0000
v 16.8381 -42.8507 0.0000
v 16.8381 -42.8507 0.0000
v 16.8381 -42.8507 0.0000
v 16.8381 -42.8507 0.0000
v 16.8381 -42.8507 0.0000
v 16.8381 -42.8507 0.0000
v 16.8381 -42.8507 0.0000
v 1.4733 -18.8571 39.1303
v 0.9802 -20.0941 40.0173
v -0.4931 -20.0941 40.6413
v -1.4733 -18.8571 40.3784
v -0.9802 -17.6202 39.4914
v 0.4931 -17.6202 38.8674
v -15.3648 -40.6507 -0.6240
v -15.8579 -41.8877 0.2630
v -17.3312 -41.8877 0.8870
v -18.3114 -40.6507 0.6240
v -17.8182 -39.4137 -0.2630
v -16.3450 -39.4137 -0.8870
v 0.0000 -18.8571 39.7543
v -16.8381 -40.6507 0.0000
v -15.3648 -40.6507 0.6240
v -15.8579 -41.8877 -0.2630
v -17.3312 -41.8877 -0.8870
v -18.3114 -40.6507 -0.6240
v -17.8182 -39.4137 0.2630
v -16.3450 -39.4137 0.8870
v 1.4733 -18.8571 -39.1303
v 0.9802 -20.0941 -40.0173
v -0.4931 -20.0941 -40.6413
v -1.4733 -18.8571 -40.3784
v -0.9802 -17.6202 -39.4914
v 0.4931 -17.6202 -38.8674
v -16.8381 -40.6507 0.0000
v 0.0000 -18.8571 -39.7543
v -16.8381 -38.4507 0.0000
v -16.8381 -38.4507 0.0000
v -16.8381 -38.4507 0.0000
v -16.8381 -38.4507 0.0000
v -16.8381 -38.4507 0.0000
v -16.8381 -38.4507 0.0000
v -16.8381 -38.4507 0.0000
v -16.8381 -38.4507 0.0000
v -15.2824 -39.0951 0.0000
v -15.7381 -39.0951 1.1000
v -16.8381 -39.0951 1.5556
v -17.9381 -39.0951 1.1000
v -18.3937 -39.0951 0.0000
v -17.9381 -39.0951 -1.1000
v -16.8381 -39.0951 -1.5556
v -15.7381 -39.0951 -1.1000
v -14.6381 -40.6507 0.0000
v -15.2824 -40.6507 1.5556
v -16.8381 -40.6507 2.2000
v -18.3937 -40.6507 1.5556
v -19.0381 -40.6507 0.0000
v -18.3937 -40.6507 -1.5556
v -16.8381 -40.6507 -2.2000
v -15.2824 -40.6507 -1.5556
v -15.2824 -42.2063 0.0000
v -15.7381 -42.2063 1.1000
v -16.8381 -42.2063 1.5556
v -17.9381 -42.2063 1.1000
v -18.3937 -42.2063 0.0000
v -17.9381 -42.2063 -1.1000
v -16.8381 -42.2063 -1.5556
v -15.7381 -42.2063 -1.1000
v -16.8381 -42.8507 0.0000
v -16.8381 -42.8507 0.0000
v -16.8381 -42.8507 0.0000
v -16.8381 -42.8507 0.0000
v -16.8381 -42.8507 0.0000
v -16.8381 -42.8507 0.0000
v -16.8381 -42.8507 0.0000
v -16.8381 -42.8507 0.0000
v -11.7402 -13.3340 39.6139
v -12.4684 -14.4774 40.4637
v -14.0622 -14.4774 40.6042
v -14.9278 -13.3340 39.8948
v -14.1996 -12.1906 39.0450
v -12.6058 -12.1906 38.9045
v -15.2443 -40.6507 -0.1405
v -15.9724 -41.7941 0.7094
v -17.5663 -41.7941 0.8499
v -18.4319 -40.6507 0.1405
v -17.7037 -39.5073 -0.7094
v -16.1099 -39.5073 -0.8499
v -13.3340 -13.3340 39.7543
v -16.8381 -40.6507 0.0000
v -15.2443 -40.6507 0.1405
v -15.9724 -41.7941 -0.7094
v -17.5663 -41.7941 -0.8499
v -18.4319 -40.6507 -0.1405
v -17.7037 -39.5073 0.7094
v -16.1099 -39.5073 0.8499
v -11.7402 -13.3340 -39.6139
v -12.4684 -14.4774 -40.4637
v -14.0622 -14.4774 -40.6042
v -14.9278 -13.3340 -39.8948
v -14.1996 -12.1906 -39.0450
v -12.6058 -12.1906 -38.9045
v -16.8381 -40.6507 0.0000
v -13.3340 -13.3340 -39.7543
v -16.8381 -38.4507 0.0000
v -16.8381 -38.4507 0.0000
v -16.8381 -38.4507 0.0000
v -16.8381 -38.4507 0.0000
v -16.8381 -38.4507 0.0000
v -16.8381 -38.4507 0.0000
v -16.8381 -38.4507 0.0000
v -16.8381 -38.4507 0.0000
v -15.2824 -39.0951 0.0000
v -15.7381 -39.0951 1.1000
v -16.8381 -39.0951 1.5556
v -17.9381 -39.0951 1.1000
v -18.3937 -39.0951 0.0000
v -17.9381 -39.0951 -1.1000
v -16.8381 -39.0951 -1.5556
v -15.7381 -39.0951 -1.1000
v -14.6381 -40.6507 0.0000
v -15.2824 -40.6507 1.5556
v -16.8381 -40.6507 2.2000
v -18.3937 -40.6507 1.5556
v -19.0381 -40.6507 0.0000
v -18.3937 -40.6507 -1.5556
v -16.8381 -40.6507 -2.2000
v -15.2824 -40.6507 -1.5556
v -15.2824 -42.2063 0.0000
v -15.7381 -42.2063 1.1000
v -16.8381 -42.2063 1.5556
v -17.9381 -42.2063 1.1000
v -18.3937 -42.2063 0.0000
v -17.9381 -42.2063 -1.1000
v -16.8381 -42.2063 -1.5556
v -15.7381 -42.2063 -1.1000
v -16.8381 -42.8507 0.0000
v -16.8381 -42.8507 0.0000
v -16.8381 -42.8507 0.0000
v -16.8381 -42.8507 0.0000
v -16.8381 -42.8507 0.0000
v -16.8381 -42.8507 0.0000
v -16.8381 -42.8507 0.0000
v -16.8381 -42.8507 0.0000
v -12.0153 -13.3340 38.8482
v -12.6178 -14.7160 39.3840
v -13.9365 -14.7160 40.2902
v -14.6527 -13.3340 40.6605
v -14.0502 -11.9520 40.1247
v -12.7315 -11.9520 39.2185
v -39.3320 -16.8381 -0.9061
v -39.9345 -18.2201 -0.3703
v -41.2532 -18.2201 0.5358
v -41.9694 -16.8381 0.9061
v -41.3669 -15.4561 0.3703
v -40.0482 -15.4561 -0.5358
v -13.3340 -13.3340 39.7543
v -40.6507 -16.8381 0.0000
v -39.3320 -16.8381 0.9061
v -39.9345 -18.2201 0.3703
v -41.2532 -18.2201 -0.5358
v -41.9694 -16.8381 -0.9061
v -41.3669 -15.4561 -0.3703
v -40.0482 -15.4561 0.5358
v -12.0153 -13.3340 -38.8482
v -12.6178 -14.7160 -39.3840
v -13.9365 -14.7160 -40.2902
v -14.6527 -13.3340 -40.6605
v -14.0502 -11.9520 -40.1247
v -12.7315 -11.9520 -39.2185
v -40.6507 -16.8381 0.0000
v -13.3340 -13.3340 -39.7543
v -40.6507 -14.6381 0.0000
v -40.6507 -14.6381 0.0000
v -40.6507 -14.6381 0.0000
v -40.6507 -14.6381 0.0000
v -40.6507 -14.6381 0.0000
v -40.6507 -14.6381 0.0000
v -40.6507 -14.6381 0.0000
v -40.6507 -14.6381 0.0000
v -39.0951 -15.2824 0.0000
v -39.5507 -15.2824 1.1000
v -40.6507 -15.2824 1.5556
v -41.7507 -15.2824 1.1000
v -42.2063 -15.2824 0.0000
v -41.7507 -15.2824 -1.1000
v -40.6507 -15.2824 -1.5556
v -39.5507 -15.2824 -1.1000
v -38.4507 -16.8381 0.0000
v -39.0951 -16.8381 1.5556
v -40.6507 -16.8381 2.2000
v -42.2063 -16.8381 1.5556
v -42.8507 -16.8381 0.0000
v -42.2063 -16.8381 -1.5556
v -40.6507 -16.8381 -2.2000
v -39.0951 -16.8381 -1.5556
v -39.0951 -18.3937 0.0000
v -39.5507 -18.3937 1.1000
v -40.6507 -18.3937 1.5556
v -41.7507 -18.3937 1.1000
v -42.2063 -18.3937 0.0000
v -41.7507 -18.3937 -1.1000
v -40.6507 -18.3937 -1.5556
v -39.5507 -18.3937 -1.1000
v -40.6507 -19.0381 0.0000
v -40.6507 -19.0381 0.0000
v -40.6507 -19.0381 0.0000
v -40.6507 -19.0381 0.0000
v -40.6507 -19.0381 0.0000
v -40.6507 -19.0381 0.0000
v -40.6507 -19.0381 0.0000
v -40.6507 -19.0381 0.0000
v -17.4541 -0.0000 38.9852
v -17.9237 -1.2989 39.7928
v -19.3267 -1.2989 40.5620
v -20.2602 -0.0000 40.5235
v -19.7906 1.2989 39.7159
v -18.3876 1.2989 38.9467
v -39.2477 -16.8381 -0.7691
v -39.7173 -18.1370 0.0385
v -41.1203 -18.1370 0.8076
v -42.0537 -16.8381 0.7691
v -41.5841 -15.5391 -0.0385
v -40.1811 -15.5391 -0.8076
v -18.8571 -0.0000 39.7543
v -40.6507 -16.8381 0.0000
v -39.2477 -16.8381 0.7691
v -39.7173 -18.1370 -0.0385
v -41.1203 -18.1370 -0.8076
v -42.0537 -16.8381 -0.7691
v -41.5841 -15.5391 0.0385
v -40.1811 -15.5391 0.8076
v -17.4541 -0.0000 -38.9852
v -17.9237 -1.2989 -39.7928
v -19.3267 -1.2989 -40.5620
v -20.2602 -0.0000 -40.5235
v -19.7906 1.2989 -39.7159
v -18.3876 1.2989 -38.9467
v -40.6507 -16.8381 0.0000
v -18.8571 -0.0000 -39.7543
v -40.6507 -14.6381 0.0000
v -40.6507 -14.6381 0.0000
v -40.6507 -14.6381 0.0000
v -40.6507 -14.6381 0.0000
v -40.6507 -14.6381 0.0000
v -40.6507 -14.6381 0.0000
v -40.6507 -14.6381 0.0000
v -40.6507 -14.6381 0.0000
v -39.0951 -15.2824 0.0000
v -39.5507 -15.2824 1.1000
v -40.6507 -15.2824 1.5556
v -41.7507 -15.2824 1.1000
v -42.2063 -15.2824 0.0000
v -41.7507 -15.2824 -1.1000
v -40.6507 -15.2824 -1.5556
v -39.5507 -15.2824 -1.1000
v -38.4507 -16.8381 0.0000
v -39.0951 -16.8381 1.5556
v -40.6507 -16.8381 2.2000
v -42.2063 -16.8381 1.5556
v -42.8507 -16.8381 0.0000
v -42.2063 -16.8381 -1.5556
v -40.6507 -16.8381 -2.2000
v -39.0951 -16.8381 -1.5556
v -39.0951 -18.3937 0.0000
v -39.5507 -18.3937 1.1000
v -40.6507 -18.3937 1.5556
v -41.7507 -18.3937 1.1000
v -42.2063 -18.3937 0.0000
v -41.7507 -18.3937 -1.1000
v -40.6507 -18.3937 -1.5556
v -39.5507 -18.3937 -1.1000
v -40.6507 -19.0381 0.0000
v -40.6507 -19.0381 0.0000
v -40.6507 -19.0381 0.0000
v -40.6507 -19.0381 0.0000
v -40.6507 -19.0381 0.0000
v -40.6507 -19.0381 0.0000
v -40.6507 -19.0381 0.0000
v -40.6507 -19.0381 0.0000
v -17.4541 -0.0000 38.9852
v -18.3876 -1.2989 38.9467
v -19.7906 -1.2989 39.7159
v -20.2602 -0.0000 40.5235
v -19.3267 1.2989 40.5620
v -17.9237 1.2989 39.7928
v -39.2477 16.8381 -0.7691
v -40.1811 15.5391 -0.8076
v -41.5841 15.5391 -0.0385
v -42.0537 16.8381 0.7691
v -41.1203 18.1370 0.8076
v -39.7173 18.1370 0.0385
v -18.8571 -0.0000 39.7543
v -40.6507 16.8381 0.0000
v -39.2477 16.8381 0.7691
v -40.1811 15.5391 0.8076
v -41.5841 15.5391 0.0385
v -42.0537 16.8381 -0.7691
v -41.1203 18.1370 -0.8076
v -39.7173 18.1370 -0.0385
v -17.4541 -0.0000 -38.9852
v -18.3876 -1.2989 -38.9467
v -19.7906 -1.2989 -39.7159
v -20.2602 -0.0000 -40.5235
v -19.3267 1.2989 -40.5620
v -17.9237 1.2989 -39.7928
v -40.6507 16.8381 0.0000
v -18.8571 -0.0000 -39.7543
v -40.6507 19.0381 0.0000
v -40.6507 19.0381 0.0000
v -40.6507 19.0381 0.0000
v -40.6507 19.0381 0.0000
v -40.6507 19.0381 0.0000
v -40.6507 19.0381 0.0000
v -40.6507 19.0381 0.0000
v -40.6507 19.0381 0.0000
v -39.0951 18.3937 0.0000
v -39.5507 18.3937 1.1000
v -40.6507 18.3937 1.5556
v -41.7507 18.3937 1.1000
v -42.2063 18.3937 0.0000
v -41.7507 18.3937 -1.1000
v -40.6507 18.3937 -1.5556
v -39.5507 18.3937 -1.1000
v -38.4507 16.8381 0.0000
v -39.0951 16.8381 1.5556
v -40.6507 16.8381 2.2000
v -42.2063 16.8381 1.5556
v -42.8507 16.8381 0.0000
v -42.2063 16.8381 -1.5556
v -40.6507 16.8381 -2.2000
v -39.0951 16.8381 -1.5556
v -39.0951 15.2824 0.0000
v -39.5507 15.2824 1.1000
v -40.6507 15.2824 1.5556
v -41.7507 15.2824 1.1000
v -42.2063 15.2824 0.0000
v -41.7507 15.2824 -1.1000
v -40.6507 15.2824 -1.5556
v -39.5507 15.2824 -1.1000
v -40.6507 14.6381 0.0000
v -40.6507 14.6381 0.0000
v -40.6507 14.6381 0.0000
v -40.6507 14.6381 0.0000
v -40.6507 14.6381 0.0000
v -40.6507 14.6381 0.0000
v -40.6507 14.6381 0.0000
v -40.6507 14.6381 0.0000
v -12.0153 13.3340 38.8482
v -12.7315 11.9520 39.2185
v -14.0502 11.9520 40.1247
v -14.6527 13.3340 40.6605
v -13.9365 14.7160 40.2902
v -12.6178 14.7160 39.3840
v -39.3320 16.8381 -0.9061
v -40.0482 15.4561 -0.5358
v -41.3669 15.4561 0.3703
v -41.9694 16.8381 0.9061
v -41.2532 18.2201 0.5358
v -39.9345 18.2201 -0.3703
v -13.3340 13.3340 39.7543
v -40.6507 16.8381 0.0000
v -39.3320 16.8381 0.9061
v -40.0482 15.4561 0.5358
v -41.3669 15.4561 -0.3703
v -41.9694 16.8381 -0.9061
v -41.2532 18.2201 -0.5358
v -39.9345 18.2201 0.3703
v -12.0153 13.3340 -38.8482
v -12.7315 11.9520 -39.2185
v -14.0502 11.9520 -40.1247
v -14.6527 13.3340 -40.6605
v -13.9365 14.7160 -40.2902
v -12.6178 14.7160 -39.3840
v -40.6507 16.8381 0.0000
v -13.3340 13.3340 -39.7543
v -40.6507 19.0381 0.0000
v -40.6507 19.0381 0.0000
v -40.6507 19.0381 0.0000
v -40.6507 19.0381 0.0000
v -40.6507 19.0381 0.0000
v -40.6507 19.0381 0.0000
v -40.6507 19.0381 0.0000
v -40.6507 19.0381 0.0000
v -39.0951 18.3937 0.0000
v -39.5507 18.3937 1.1000
v -40.6507 18.3937 1.5556
v -41.7507 18.3937 1.1000
v -42.2063 18.3937 0.0000
v -41.7507 18.3937 -1.1000
v -40.6507 18.3937 -1.5556
v -39.5507 18.3937 -1.1000
v -38.4507 16.8381 0.0000
v -39.0951 16.8381 1.5556
v -40.6507 16.8381 2.2000
v -42.2063 16.8381 1.5556
v -42.8507 16.8381 0.0000
v -42.2063 16.8381 -1.5556
v -40.6507 16.8381 -2.2000
v -39.0951 16.8381 -1.5556
v -39.0951 15.2824 0.0000
v -39.5507 15.2824 1.1000
v -40.6507 15.2824 1.5556
v -41.7507 15.2824 1.1000
v -42.2063 15.2824 0.0000
v -41.7507 15.2824 -1.1000
v -40.6507 15.2824 -1.5556
v -39.5507 15.2824 -1.1000
v -40.6507 14.6381 0.0000
v -40.6507 14.6381 0.0000
v -40.6507 14.6381 0.0000
v -40.6507 14.6381 0.0000
v -40.6507 14.6381 0.0000
v -40.6507 14.6381 0.0000
v -40.6507 14.6381 0.0000
v -40.6507 14.6381 0.0000
v -11.7402 13.3340 39.6139
v -12.6058 12.1906 38.9045
v -14.1996 12.1906 39.0450
v -14.9278 13.3340 39.8948
v -14.0622 14.4774 40.6042
v -12.4684 14.4774 40.4637
v -15.2443 40.6507 -0.1405
v -16.1099 39.5073 -0.8499
v -17.7037 39.5073 -0.7094
v -18.4319 40.6507 0.1405
v -17.5663 41.7941 0.8499
v -15.9724 41.7941 0.7094
v -13.3340 13.3340 39.7543
v -16.8381 40.6507 0.0000
v -15.2443 40.6507 0.1405
v -16.1099 39.5073 0.8499
v -17.7037 39.5073 0.7094
v -18.4319 40.6507 -0.1405
v -17.5663 41.7941 -0.8499
v -15.9724 41.7941 -0.7094
v -11.7402 13.3340 -39.6139
v -12.6058 12.1906 -38.9045
v -14.1996 12.1906 -39.0450
v -14.9278 13.3340 -39.8948
v -14.0622 14.4774 -40.6042
v -12.4684 14.4774 -40.4637
v -16.8381 40.6507 0.0000
v -13.3340 13.3340 -39.7543
v -16.8381 42.8507 0.0000
v -16.8381 42.8507 0.0000
v -16.8381 42.8507 0.0000
v -16.8381 42.8507 0.0000
v -16.8381 42.8507 0.0000
v -16.8381 42.8507 0.0000
v -16.8381 42.8507 0.0000
v -16.8381 42.8507 0.0000
v -15.2824 42.2063 0.0000
v -15.7381 42.2063 1.1000
v -16.8381 42.2063 1.5556
v -17.9381 42.2063 1.1000
v -18.3937 42.2063 0.0000
v -17.9381 42.2063 -1.1000
v -16.8381 42.2063 -1.5556
v -15.7381 42.2063 -1.1000
v -14.6381 40.6507 0.0000
v -15.2824 40.6507 1.5556
v -16.8381 40.6507 2.2000
v -18.3937 40.6507 1.5556
v -19.0381 40.6507 0.0000
v -18.3937 40.6507 -1.5556
v -16.8381 40.6507 -2.2000
v -15.2824 40.6507 -1.5556
v -15.2824 39.0951 0.0000
v -15.7381 39.0951 1.1000
v -16.8381 39.0951 1.5556
v -17.9381 39.0951 1.1000
v -18.3937 39.0951 0.0000
v -17.9381 39.0951 -1.1000
v -16.8381 39.0951 -1.5556
v -15.7381 39.0951 -1.1000
v -16.8381 38.4507 0.0000
v -16.8381 38.4507 0.0000
v -16.8381 38.4507 0.0000
v -16.8381 38.4507 0.0000
v -16.8381 38.4507 0.0000
v -16.8381 38.4507 0.0000
v -16.8381 38.4507 0.0000
v -16.8381 38.4507 0.0000
v 1.4733 18.8571 39.1303
v 0.4931 17.6202 38.8674
v -0.9802 17.6202 39.4914
v -1.4733 18.8571 40.3784
v -0.4931 20.0941 40.6413
v 0.9802 20.0941 40.0173
v -15.3648 40.6507 -0.6240
v -16.3450 39.4137 -0.8870
v -17.8182 39.4137 -0.2630
v -18.3114 40.6507 0.6240
v -17.3312 41.8877 0.8870
v -15.8579 41.8877 0.2630
v -0.0000 18.8571 39.7543
v -16.8381 40.6507 0.0000
v -15.3648 40.6507 0.6240
v -16.3450 39.4137 0.8870
v -17.8182 39.4137 0.2630
v -18.3114 40.6507 -0.6240
v -17.3312 41.8877 -0.8870
v -15.8579 41.8877 -0.2630
v 1.4733 18.8571 -39.1303
v 0.4931 17.6202 -38.8674
v -0.9802 17.6202 -39.4914
v -1.4733 18.8571 -40.3784
v -0.4931 20.0941 -40.6413
v 0.9802 20.0941 -40.0173
v -16.8381 40.6507 0.0000
v -0.0000 18.8571 -39.7543
v -16.8381 42.8507 0.0000
v -16.8381 42.8507 0.0000
v -16.8381 42.8507 0.0000
v -16.8381 42.8507 0.0000
v -16.8381 42.8507 0.0000
v -16.8381 42.8507 0.0000
v -16.8381 42.8507 0.0000
v -16.8381 42.8507 0.0000
v -15.2824 42.2063 0.0000
v -15.7381 42.2063 1.1000
v -16.8381 42.2063 1.5556
v -17.9381 42.2063 1.1000
v -18.3937 42.2063 0.0000
v -17.9381 42.2063 -1.1000
v -16.8381 42.2063 -1.5556
v -15.7381 42.2063 -1.1000
v -14.6381 40.6507 0.0000
v -15.2824 40.6507 1.5556
v -16.8381 40.6507 2.2000
v -18.3937 40.6507 1.5556
v -19.0381 40.6507 0.0000
v -18.3937 40.6507 -1.5556
v -16.8381 40.6507 -2.2000
v -15.2824 40.6507 -1.5556
v -15.2824 39.0951 0.0000
v -15.7381 39.0951 1.1000
v -16.8381 39.0951 1.5556
v -17.9381 39.0951 1.1000
v -18.3937 39.0951 0.0000
v -17.9381 39.0951 -1.1000
v -16.8381 39.0951 -1.5556
v -15.7381 39.0951 -1.1000
v -16.8381 38.4507 0.0000
v -16.8381 38.4507 0.0000
v -16.8381 38.4507 0.0000
v -16.8381 38.4507 0.0000
v -16.8381 38.4507 0.0000
v -16.8381 38.4507 0.0000
v -16.8381 38.4507 0.0000
v -16.8381 38.4507 0.0000
v 1.4733 18.8571 40.3784
v 0.9802 17.6202 39.4914
v -0.4931 17.6202 38.8674
v -1.4733 18.8571 39.1303
v -0.9802 20.0941 40.0173
v 0.4931 20.0941 40.6413
v 18.3114 40.6507 0.6240
v 17.8182 39.4137 -0.2630
v 16.3450 39.4137 -0.8870
v 15.3648 40.6507 -0.6240
v 15.8579 41.8877 0.2630
v 17.3312 41.8877 0.8870
v -0.0000 18.8571 39.7543
v 16.8381 40.6507 0.0000
v 18.3114 40.6507 -0.6240
v 17.8182 39.4137 0.2630
v 16.3450 39.4137 0.8870
v 15.3648 40.6507 0.6240
v 15.8579 41.8877 -0.2630
v 17.3312 41.8877 -0.8870
v 1.4733 18.8571 -40.3784
v 0.9802 17.6202 -39.4914
v -0.4931 17.6202 -38.8674
v -1.4733 18.8571 -39.1303
v -0.9802 20.0941 -40.0173
v 0.4931 20.0941 -40.6413
v 16.8381 40.6507 0.0000
v -0.0000 18.8571 -39.7543
v 16.8381 42.8507 0.0000
v 16.8381 42.8507 0.0000
v 16.8381 42.8507 0.0000
v 16.8381 42.8507 0.0000
v 16.8381 42.8507 0.0000
v 16.8381 42.8507 0.0000
v 16.8381 42.8507 0.0000
v 16.8381 42.8507 0.0000
v 18.3937 42.2063 0.0000
v 17.9381 42.2063 1.1000
v 16.8381 42.2063 1.5556
v 15.7381 42.2063 1.1000
v 15.2824 42.2063 0.0000
v 15.7381 42.2063 -1.1000
v 16.8381 42.2063 -1.5556
v 17.9381 42.2063 -1.1000
v 19.0381 40.6507 0.0000
v 18.3937 40.6507 1.5556
v 16.8381 40.6507 2.2000
v 15.2824 40.6507 1.5556
v 14.6381 40.6507 0.0000
v 15.2824 40.6507 -1.5556
v 16.8381 40.6507 -2.2000
v 18.3937 40.6507 -1.5556
v 18.3937 39.0951 0.0000
v 17.9381 39.0951 1.1000
v 16.8381 39.0951 1.5556
v 15.7381 39.0951 1.1000
v 15.2824 39.0951 0.0000
v 15.7381 39.0951 -1.1000
v 16.8381 39.0951 -1.5556
v 17.9381 39.0951 -1.1000
v 16.8381 38.4507 0.0000
v 16.8381 38.4507 0.0000
v 16.8381 38.4507 0.0000
v 16.8381 38.4507 0.0000
v 16.8381 38.4507 0.0000
v 16.8381 38.4507 0.0000
v 16.8381 38.4507 0.0000
v 16.8381 38.4507 0.0000
v 14.9278 13.3340 39.8948
v 14.1996 12.1906 39.0450
v 12.6058 12.1906 38.9045
v 11.7402 13.3340 39.6139
v 12.4684 14.4774 40.4637
v 14.0622 14.4774 40.6042
v 18.4319 40.6507 0.1405
v 17.7037 39.5073 -0.7094
v 16.1099 39.5073 -0.8499
v 15.2443 40.6507 -0.1405
v 15.9724 41.7941 0.7094
v 17.5663 41.7941 0.8499
v 13.3340 13.3340 39.7543
v 16.8381 40.6507 0.0000
v 18.4319 40.6507 -0.1405
v 17.7037 39.5073 0.7094
v 16.1099 39.5073 0.8499
v 15.2443 40.6507 0.1405
v 15.9724 41.7941 -0.7094
v 17.5663 41.7941 -0.8499
v 14.9278 13.3340 -39.8948
v 14.1996 12.1906 -39.0450
v 12.6058 12.1906 -38.9045
v 11.7402 13.3340 -39.6139
v 12.4684 14.4774 -40.4637
v 14.0622 14.4774 -40.6042
v 16.8381 40.6507 0.0000
v 13.3340 13.3340 -39.7543
v 16.8381 42.8507 0.0000
v 16.8381 42.8507 0.0000
v 16.8381 42.8507 0.0000
v 16.8381 42.8507 0.0000
v 16.8381 42.8507 0.0000
v 16.8381 42.8507 0.0000
v 16.8381 42.8507 0.0000
v 16.8381 42.8507 0.0000
v 18.3937 42.2063 0.0000
v 17.9381 42.2063 1.1000
v 16.8381 42.2063 1.5556
v 15.7381 42.2063 1.1000
v 15.2824 42.2063 0.0000
v 15.7381 42.2063 -1.1000
v 16.8381 42.2063 -1.5556
v 17.9381 42.2063 -1.1000
v 19.0381 40.6507 0.0000
v 18.3937 40.6507 1.5556
v 16.8381 40.6507 2.2000
v 15.2824 40.6507 1.5556
v 14.6381 40.6507 0.0000
v 15.2824 40.6507 -1.5556
v 16.8381 40.6507 -2.2000
v 18.3937 40.6507 -1.5556
v 18.3937 39.0951 0.0000
v 17.9381 39.0951 1.1000
v 16.8381 39.0951 1.5556
v 15.7381 39.0951 1.1000
v 15.2824 39.0951 0.0000
v 15.7381 39.0951 -1.1000
v 16.8381 39.0951 -1.5556
v 17.9381 39.0951 -1.1000
v 16.8381 38.4507 0.0000
v 16.8381 38.4507 0.0000
v 16.8381 38.4507 0.0000
v 16.8381 38.4507 0.0000
v 16.8381 38.4507 0.0000
v 16.8381 38.4507 0.0000
v 16.8381 38.4507 0.0000
v 16.8381 38.4507 0.0000
v 14.6527 13.3340 40.6605
v 14.0502 11.9520 40.1247
v 12.7315 11.9520 39.2185
v 12.0153 13.3340 38.8482
v 12.6178 14.7160 39.3840
v 13.9365 14.7160 40.2902
v 41.9694 16.8381 0.9061
v 41.3669 15.4561 0.3703
v 40.0482 15.4561 -0.5358
v 39.3320 16.8381 -0.9061
v 39.9345 18.2201 -0.3703
v 41.2532 18.2201 0.5358
v 13.3340 13.3340 39.7543
v 40.6507 16.8381 0.0000
v 41.9694 16.8381 -0.9061
v 41.3669 15.4561 -0.3703
v 40.0482 15.4561 0.5358
v 39.3320 16.8381 0.9061
v 39.9345 18.2201 0.3703
v 41.2532 18.2201 -0.5358
v 14.6527 13.3340 -40.6605
v 14.0502 11.9520 -40.1247
v 12.7315 11.9520 -39.2185
v 12.0153 13.3340 -38.8482
v 12.6178 14.7160 -39.3840
v 13.9365 14.7160 -40.2902
v 40.6507 16.8381 0.0000
v 13.3340 13.3340 -39.7543
v 40.6507 19.0381 0.0000
v 40.6507 19.0381 0.0000
v 40.6507 19.0381 0.0000
v 40.6507 19.0381 0.0000
v 40.6507 19.0381 0.0000
v 40.6507 19.0381 0.0000
v 40.6507 19.0381 0.0000
v 40.6507 19.0381 0.0000
v 42.2063 18.3937 0.0000
v 41.7507 18.3937 1.1000
v 40.6507 18.3937 1.5556
v 39.5507 18.3937 1.1000
v 39.0951 18.3937 0.0000
v 39.5507 18.3937 -1.1000
v 40.6507 18.3937 -1.5556
v 41.7507 18.3937 -1.1000
v 42.8507 16.8381 0.0000
v 42.2063 16.8381 1.5556
v 40.6507 16.8381 2.2000
v 39.0951 16.8381 1.5556
v 38.4507 16.8381 0.0000
v 39.0951 16.8381 -1.5556
v 40.6507 16.8381 -2.2000
v 42.2063 16.8381 -1.5556
v 42.2063 15.2824 0.0000
v 41.7507 15.2824 1.1000
v 40.6507 15.2824 1.5556
v 39.5507 15.2824 1.1000
v 39.0951 15.2824 0.0000
v 39.5507 15.2824 -1.1000
v 40.6507 15.2824 -1.5556
v 41.7507 15.2824 -1.1000
v 40.6507 14.6381 0.0000
v 40.6507 14.6381 0.0000
v 40.6507 14.6381 0.0000
v 40.6507 14.6381 0.0000
v 40.6507 14.6381 0.0000
v 40.6507 14.6381 0.0000
v 40.6507 14.6381 0.0000
v 40.6507 14.6381 0.0000
v 20.2602 0.0000 40.5235
v 19.7906 -1.2989 39.7159
v 18.3876 -1.2989 38.9467
v 17.4541 -0.0000 38.9852
v 17.9237 1.2989 39.7928
v 19.3267 1.2989 40.5620
v 42.0537 16.8381 0.7691
v 41.5841 15.5391 -0.0385
v 40.1811 15.5391 -0.8076
v 39.2477 16.8381 -0.7691
v 39.7173 18.1370 0.0385
v 41.1203 18.1370 0.8076
v 18.8571 0.0000 39.7543
v 40.6507 16.8381 0.0000
v 42.0537 16.8381 -0.7691
v 41.5841 15.5391 0.0385
v 40.1811 15.5391 0.8076
v 39.2477 16.8381 0.7691
v 39.7173 18.1370 -0.0385
v 41.1203 18.1370 -0.8076
v 20.2602 0.0000 -40.5235
v 19.7906 -1.2989 -39.7159
v 18.3876 -1.2989 -38.9467
v 17.4541 -0.0000 -38.9852
v 17.9237 1.2989 -39.7928
v 19.3267 1.2989 -40.5620
v 40.6507 16.8381 0.0000
v 18.8571 0.0000 -39.7543
v 40.6507 19.0381 0.0000
v 40.6507 19.0381 0.0000
v 40.6507 19.0381 0.0000
v 40.6507 19.0381 0.0000
v 40.6507 19.0381 0.0000
v 40.6507 19.0381 0.0000
v 40.6507 19.0381 0.0000
v 40.6507 19.0381 0.0000
v 42.2063 18.3937 0.0000
v 41.7507 18.3937 1.1000
v 40.6507 18.3937 1.5556
v 39.5507 18.3937 1.1000
v 39.0951 18.3937 0.0000
v 39.5507 18.3937 -1.1000
v 40.6507 18.3937 -1.5556
v 41.7507 18.3937 -1.1000
v 42.8507 16.8381 0.0000
v 42.2063 16.8381 1.5556
v 40.6507 16.8381 2.2000
v 39.0951 16.8381 1.5556
v 38.4507 16.8381 0.0000
v 39.0951 16.8381 -1.5556
v 40.6507 16.8381 -2.2000
v 42.2063 16.8381 -1.5556
v 42.2063 15.2824 0.0000
v 41.7507 15.2824 1.1000
v 40.6507 15.2824 1.5556
v 39.5507 15.2824 1.1000
v 39.0951 15.2824 0.0000
v 39.5507 15.2824 -1.1000
v 40.6507 15.2824 -1.5556
v 41.7507 15.2824 -1.1000
v 40.6507 14.6381 0.0000
v 40.6507 14.6381 0.0000
v 40.6507 14.6381 0.0000
v 40.6507 14.6381 0.0000
v 40.6507 14.6381 0.0000
v 40.6507 14.6381 0.0000
v 40.6507 14.6381 0.0000
v 40.6507 14.6381 0.0000
v 18.8571 2.0000 39.7543
v 18.8571 2.0000 39.7543
v 18.8571 2.0000 39.7543
v 18.8571 2.0000 39.7543
v 18.8571 2.0000 39.7543
v 18.8571 2.0000 39.7543
v 18.8571 2.0000 39.7543
v 18.8571 2.0000 39.7543
v 20.2714 1.4142 39.7543
v 19.8571 1.4142 40.7543
v 18.8571 1.4142 41.1686
v 17.8571 1.4142 40.7543
v 17.4429 1.4142 39.7543
v 17.8571 1.4142 38.7543
v 18.8571 1.4142 38.3401
v 19.8571 1.4142 38.7543
v 20.8571 0.0000 39.7543
v 20.2714 0.0000 41.1686
v 18.8571 0.0000 41.7543
v 17.4429 0.0000 41.1686
v 16.8571 0.0000 39.7543
v 17.4429 0.0000 38.3401
v 18.8571 0.0000 37.7543
v 20.2714 0.0000 38.3401
v 20.2714 -1.4142 39.7543
v 19.8571 -1.4142 40.7543
v 18.8571 -1.4142 41.1686
v 17.8571 -1.4142 40.7543
v 17.4429 -1.4142 39.7543
v 17.8571 -1.4142 38.7543
v 18.8571 -1.4142 38.3401
v 19.8571 -1.4142 38.7543
v 18.8571 -2.0000 39.7543
v 18.8571 -2.0000 39.7543
v 18.8571 -2.0000 39.7543
v 18.8571 -2.0000 39.7543
v 18.8571 -2.0000 39.7543
v 18.8571 -2.0000 39.7543
v 18.8571 -2.0000 39.7543
v 18.8571 -2.0000 39.7543
v 13.3340 -11.3340 39.7543
v 13.3340 -11.3340 39.7543
v 13.3340 -11.3340 39.7543
v 13.3340 -11.3340 39.7543
v 13.3340 -11.3340 39.7543
v 13.3340 -11.3340 39.7543
v 13.3340 -11.3340 39.7543
v 13.3340 -11.3340 39.7543
v 14.7482 -11.9198 39.7543
v 14.3340 -11.9198 40.7543
v 13.3340 -11.9198 41.1686
v 12.3340 -11.9198 40.7543
v 11.9198 -11.9198 39.7543
v 12.3340 -11.9198 38.7543
v 13.3340 -11.9198 38.3401
v 14.3340 -11.9198 38.7543
v 15.3340 -13.3340 39.7543
v 14.7482 -13.3340 41.1686
v 13.3340 -13.3340 41.7543
v 11.9198 -13.3340 41.1686
v 11.3340 -13.3340 39.7543
v 11.9198 -13.3340 38.3401
v 13.3340 -13.3340 37.7543
v 14.7482 -13.3340 38.3401
v 14.7482 -14.7482 39.7543
v 14.3340 -14.7482 40.7543
v 13.3340 -14.7482 41.1686
v 12.3340 -14.7482 40.7543
v 11.9198 -14.7482 39.7543
v 12.3340 -14.7482 38.7543
v 13.3340 -14.7482 38.3401
v 14.3340 -14.7482 38.7543
v 13.3340 -15.3340 39.7543
v 13.3340 -15.3340 39.7543
v 13.3340 -15.3340 39.7543
v 13.3340 -15.3340 39.7543
v 13.3340 -15.3340 39.7543
v 13.3340 -15.3340 39.7543
v 13.3340 -15.3340 39.7543
v 13.3340 -15.3340 39.7543
v 0.0000 -16.8571 39.7543
v 0.0000 -16.8571 39.7543
v 0.0000 -16.8571 39.7543
v 0.0000 -16.8571 39.7543
v 0.0000 -16.8571 39.7543
v 0.0000 -16.8571 39.7543
v 0.0000 -16.8571 39.7543
v 0.0000 -16.8571 39.7543
v 1.4142 -17.4429 39.7543
v 1.0000 -17.4429 40.7543
v 0.0000 -17.4429 41.1686
v -1.0000 -17.4429 40.7543
v -1.4142 -17.4429 39.7543
v -1.0000 -17.4429 38.7543
v 0.0000 -17.4429 38.3401
v 1.0000 -17.4429 38.7543
v 2.0000 -18.8571 39.7543
v 1.4142 -18.8571 41.1686
v 0.0000 -18.8571 41.7543
v -1.4142 -18.8571 41.1686
v -2.0000 -18.8571 39.7543
v -1.4142 -18.8571 38.3401
v 0.0000 -18.8571 37.7543
v 1.4142 -18.8571 38.3401
v 1.4142 -20.2714 39.7543
v 1.0000 -20.2714 40.7543
v 0.0000 -20.2714 41.1686
v -1.0000 -20.2714 40.7543
v -1.4142 -20.2714 39.7543
v -1.0000 -20.2714 38.7543
v 0.0000 -20.2714 38.3401
v 1.0000 -20.2714 38.7543
v 0.0000 -20.8571 39.7543
v 0.0000 -20.8571 39.7543
v 0.0000 -20.8571 39.7543
v 0.0000 -20.8571 39.7543
v 0.0000 -20.8571 39.7543
v 0.0000 -20.8571 39.7543
v 0.0000 -20.8571 39.7543
v 0.0000 -20.8571 39.7543
v -13.3340 -11.3340 39.7543
v -13.3340 -11.3340 39.7543
v -13.3340 -11.3340 39.7543
v -13.3340 -11.3340 39.7543
v -13.3340 -11.3340 39.7543
v -13.3340 -11.3340 39.7543
v -13.3340 -11.3340 39.7543
v -13.3340 -11.3340 39.7543
v -11.9198 -11.9198 39.7543
v -12.3340 -11.9198 40.7543
v -13.3340 -11.9198 41.1686
v -14.3340 -11.9198 40.7543
v -14.7482 -11.9198 39.7543
v -14.3340 -11.9198 38.7543
v -13.3340 -11.9198 38.3401
v -12.3340 -11.9198 38.7543
v -11.3340 -13.3340 39.7543
v -11.9198 -13.3340 41.1686
v -13.3340 -13.3340 41.7543
v -14.7482 -13.3340 41.1686
v -15.3340 -13.3340 39.7543
v -14.7482 -13.3340 38.3401
v -13.3340 -13.3340 37.7543
v -11.9198 -13.3340 38.3401
v -11.9198 -14.7482 39.7543
v -12.3340 -14.7482 40.7543
v -13.3340 -14.7482 41.1686
v -14.3340 -14.7482 40.7543
v -14.7482 -14.7482 39.7543
v -14.3340 -14.7482 38.7543
v -13.3340 -14.7482 38.3401
v -12.3340 -14.7482 38.7543
v -13.3340 -15.3340 39.7543
v -13.3340 -15.3340 39.7543
v -13.3340 -15.3340 39.7543
v -13.3340 -15.3340 39.7543
v -13.3340 -15.3340 39.7543
v -13.3340 -15.3340 39.7543
v -13.3340 -15.3340 39.7543
v -13.3340 -15.3340 39.7543
v -18.8571 2.0000 39.7543
v -18.8571 2.0000 39.7543
v -18.8571 2.0000 39.7543
v -18.8571 2.0000 39.7543
v -18.8571 2.0000 39.7543
v -18.8571 2.0000 39.7543
v -18.8571 2.0000 39.7543
v -18.8571 2.0000 39.7543
v -17.4429 1.4142 39.7543
v -17.8571 1.4142 40.7543
v -18.8571 1.4142 41.1686
v -19.8571 1.4142 40.7543
v -20.2714 1.4142 39.7543
v -19.8571 1.4142 38.7543
v -18.8571 1.4142 38.3401
v -17.8571 1.4142 38.7543
v -16.8571 -0.0000 39.7543
v -17.4429 -0.0000 41.1686
v -18.8571 -0.0000 41.7543
v -20.2714 -0.0000 41.1686
v -20.8571 -0.0000 39.7543
v -20.2714 -0.0000 38.3401
v -18.8571 -0.0000 37.7543
v -17.4429 -0.0000 38.3401
v -17.4429 -1.4142 39.7543
v -17.8571 -1.4142 40.7543
v -18.8571 -1.4142 41.1686
v -19.8571 -1.4142 40.7543
v -20.2714 -1.4142 39.7543
v -19.8571 -1.4142 38.7543
v -18.8571 -1.4142 38.3401
v -17.8571 -1.4142 38.7543
v -18.8571 -2.0000 39.7543
v -18.8571 -2.0000 39.7543
v -18.8571 -2.0000 39.7543
v -18.8571 -2.0000 39.7543
v -18.8571 -2.0000 39.7543
v -18.8571 -2.0000 39.7543
v -18.8571 -2.0000 39.7543
v -18.8571 -2.0000 39.7543
v -13.3340 15.3340 39.7543
v -13.3340 15.3340 39.7543
v -13.3340 15.3340 39.7543
v -13.3340 15.3340 39.7543
v -13.3340 15.3340 39.7543
v -13.3340 15.3340 39.7543
v -13.3340 15.3340 39.7543
v -13.3340 15.3340 39.7543
v -11.9198 14.7482 39.7543
v -12.3340 14.7482 40.7543
v -13.3340 14.7482 41.1686
v -14.3340 14.7482 40.7543
v -14.7482 14.7482 39.7543
v -14.3340 14.7482 38.7543
v -13.3340 14.7482 38.3401
v -12.3340 14.7482 38.7543
v -11.3340 13.3340 39.7543
v -11.9198 13.3340 41.1686
v -13.3340 13.3340 41.7543
v -14.7482 13.3340 41.1686
v -15.3340 13.3340 39.7543
v -14.7482 13.3340 38.3401
v -13.3340 13.3340 37.7543
v -11.9198 13.3340 38.3401
v -11.9198 11.9198 39.7543
v -12.3340 11.9198 40.7543
v -13.3340 11.9198 41.1686
v -14.3340 11.9198 40.7543
v -14.7482 11.9198 39.7543
v -14.3340 11.9198 38.7543
v -13.3340 11.9198 38.3401
v -12.3340 11.9198 38.7543
v -13.3340 11.3340 39.7543
v -13.3340 11.3340 39.7543
v -13.3340 11.3340 39.7543
v -13.3340 11.3340 39.7543
v -13.3340 11.3340 39.7543
v -13.3340 11.3340 39.7543
v -13.3340 11.3340 39.7543
v -13.3340 11.3340 39.7543
v -0.0000 20.8571 39.7543
v -0.0000 20.8571 39.7543
v -0.0000 20.8571 39.7543
v -0.0000 20.8571 39.7543
v -0.0000 20.8571 39.7543
v -0.0000 20.8571 39.7543
v -0.0000 20.8571 39.7543
v -0.0000 20.8571 39.7543
v 1.4142 20.2714 39.7543
v 1.0000 20.2714 40.7543
v -0.0000 20.2714 41.1686
v -1.0000 20.2714 40.7543
v -1.4142 20.2714 39.7543
v -1.0000 20.2714 38.7543
v -0.0000 20.2714 38.3401
v 1.0000 20.2714 38.7543
v 2.0000 18.8571 39.7543
v 1.4142 18.8571 41.1686
v -0.0000 18.8571 41.7543
v -1.4142 18.8571 41.1686
v -2.0000 18.8571 39.7543
v -1.4142 18.8571 38.3401
v -0.0000 18.8571 37.7543
v 1.4142 18.8571 38.3401
v 1.4142 17.4429 39.7543
v 1.0000 17.4429 40.7543
v -0.0000 17.4429 41.1686
v -1.0000 17.4429 40.7543
v -1.4142 17.4429 39.7543
v -1.0000 17.4429 38.7543
v -0.0000 17.4429 38.3401
v 1.0000 17.4429 38.7543
v -0.0000 16.8571 39.7543
v -0.0000 16.8571 39.7543
v -0.0000 16.8571 39.7543
v -0.0000 16.8571 39.7543
v -0.0000 16.8571 39.7543
v -0.0000 16.8571 39.7543
v -0.0000 16.8571 39.7543
v -0.0000 16.8571 39.7543
v 13.3340 15.3340 39.7543
v 13.3340 15.3340 39.7543
v 13.3340 15.3340 39.7543
v 13.3340 15.3340 39.7543
v 13.3340 15.3340 39.7543
v 13.3340 15.3340 39.7543
v 13.3340 15.3340 39.7543
v 13.3340 15.3340 39.7543
v 14.7482 14.7482 39.7543
v 14.3340 14.7482 40.7543
v 13.3340 14.7482 41.1686
v 12.3340 14.7482 40.7543
v 11.9198 14.7482 39.7543
v 12.3340 14.7482 38.7543
v 13.3340 14.7482 38.3401
v 14.3340 14.7482 38.7543
v 15.3340 13.3340 39.7543
v 14.7482 13.3340 41.1686
v 13.3340 13.3340 41.7543
v 11.9198 13.3340 41.1686
v 11.3340 13.3340 39.7543
v 11.9198 13.3340 38.3401
v 13.3340 13.3340 37.7543
v 14.7482 13.3340 38.3401
v 14.7482 11.9198 39.7543
v 14.3340 11.9198 40.7543
v 13.3340 11.9198 41.1686
v 12.3340 11.9198 40.7543
v 11.9198 11.9198 39.7543
v 12.3340 11.9198 38.7543
v 13.3340 11.9198 38.3401
v 14.3340 11.9198 38.7543
v 13.3340 11.3340 39.7543
v 13.3340 11.3340 39.7543
v 13.3340 11.3340 39.7543
v 13.3340 11.3340 39.7543
v 13.3340 11.3340 39.7543
v 13.3340 11.3340 39.7543
v 13.3340 11.3340 39.7543
v 13.3340 11.3340 39.7543
v 18.8571 2.0000 -39.7543
v 18.8571 2.0000 -39.7543
v 18.8571 2.0000 -39.7543
v 18.8571 2.0000 -39.7543
v 18.8571 2.0000 -39.7543
v 18.8571 2.0000 -39.7543
v 18.8571 2.0000 -39.7543
v 18.8571 2.0000 -39.7543
v 20.2714 1.4142 -39.7543
v 19.8571 1.4142 -38.7543
v 18.8571 1.4142 -38.3401
v 17.8571 1.4142 -38.7543
v 17.4429 1.4142 -39.7543
v 17.8571 1.4142 -40.7543
v 18.8571 1.4142 -41.1686
v 19.8571 1.4142 -40.7543
v 20.8571 0.0000 -39.7543
v 20.2714 0.0000 -38.3401
v 18.8571 0.0000 -37.7543
v 17.4429 0.0000 -38.3401
v 16.8571 0.0000 -39.7543
v 17.4429 0.0000 -41.1686
v 18.8571 0.0000 -41.7543
v 20.2714 0.0000 -41.1686
v 20.2714 -1.4142 -39.7543
v 19.8571 -1.4142 -38.7543
v 18.8571 -1.4142 -38.3401
v 17.8571 -1.4142 -38.7543
v 17.4429 -1.4142 -39.7543
v 17.8571 -1.4142 -40.7543
v 18.8571 -1.4142 -41.1686
v 19.8571 -1.4142 -40.7543
v 18.8571 -2.0000 -39.7543
v 18.8571 -2.0000 -39.7543
v 18.8571 -2.0000 -39.7543
v 18.8571 -2.0000 -39.7543
v 18.8571 -2.0000 -39.7543
v 18.8571 -2.0000 -39.7543
v 18.8571 -2.0000 -39.7543
v 18.8571 -2.0000 -39.7543
v 13.3340 -11.3340 -39.7543
v 13.3340 -11.3340 -39.7543
v 13.3340 -11.3340 -39.7543
v 13.3340 -11.3340 -39.7543
v 13.3340 -11.3340 -39.7543
v 13.3340 -11.3340 -39.7543
v 13.3340 -11.3340 -39.7543
v 13.3340 -11.3340 -39.7543
v 14.7482 -11.9198 -39.7543
v 14.3340 -11.9198 -38.7543
v 13.3340 -11.9198 -38.3401
v 12.3340 -11.9198 -38.7543
v 11.9198 -11.9198 -39.7543
v 12.3340 -11.9198 -40.7543
v 13.3340 -11.9198 -41.1686
v 14.3340 -11.9198 -40.7543
v 15.3340 -13.3340 -39.7543
v 14.7482 -13.3340 -38.3401
v 13.3340 -13.3340 -37.7543
v 11.9198 -13.3340 -38.3401
v 11.3340 -13.3340 -39.7543
v 11.9198 -13.3340 -41.1686
v 13.3340 -13.3340 -41.7543
v 14.7482 -13.3340 -41.1686
v 14.7482 -14.7482 -39.7543
v 14.3340 -14.7482 -38.7543
v 13.3340 -14.7482 -38.3401
v 12.3340 -14.7482 -38.7543
v 11.9198 -14.7482 -39.7543
v 12.3340 -14.7482 -40.7543
v 13.3340 -14.7482 -41.1686
v 14.3340 -14.7482 -40.7543
v 13.3340 -15.3340 -39.7543
v 13.3340 -15.3340 -39.7543
v 13.3340 -15.3340 -39.7543
v 13.3340 -15.3340 -39.7543
v 13.3340 -15.3340 -39.7543
v 13.3340 -15.3340 -39.7543
v 13.3340 -15.3340 -39.7543
v 13.3340 -15.3340 -39.7543
v 0.0000 -16.8571 -39.7543
v 0.0000 -16.8571 -39.7543
v 0.0000 -16.8571 -39.7543
v 0.0000 -16.8571 -39.7543
v 0.0000 -16.8571 -39.7543
v 0.0000 -16.8571 -39.7543
v 0.0000 -16.8571 -39.7543
v 0.0000 -16.8571 -39.7543
v 1.4142 -17.4429 -39.7543
v 1.0000 -17.4429 -38.7543
v 0.0000 -17.4429 -38.3401
v -1.0000 -17.4429 -38.7543
v -1.4142 -17.4429 -39.7543
v -1.0000 -17.4429 -40.7543
v 0.0000 -17.4429 -41.1686
v 1.0000 -17.4429 -40.7543
v 2.0000 -18.8571 -39.7543
v 1.4142 -18.8571 -38.3401
v 0.0000 -18.8571 -37.7543
v -1.4142 -18.8571 -38.3401
v -2.0000 -18.8571 -39.7543
v -1.4142 -18.8571 -41.1686
v 0.0000 -18.8571 -41.7543
v 1.4142 -18.8571 -41.1686
v 1.4142 -20.2714 -39.7543
v 1.0000 -20.2714 -38.7543
v 0.0000 -20.2714 -38.3401
v -1.0000 -20.2714 -38.7543
v -1.4142 -20.2714 -39.7543
v -1.0000 -20.2714 -40.7543
v 0.0000 -20.2714 -41.1686
v 1.0000 -20.2714 -40.7543
v 0.0000 -20.8571 -39.7543
v 0.0000 -20.8571 -39.7543
v 0.0000 -20.8571 -39.7543
v 0.0000 -20.8571 -39.7543
v 0.0000 -20.8571 -39.7543
v 0.0000 -20.8571 -39.7543
v 0.0000 -20.8571 -39.7543
v 0.0000 -20.8571 -39.7543
v -13.3340 -11.3340 -39.7543
v -13.3340 -11.3340 -39.7543
v -13.3340 -11.3340 -39.7543
v -13.3340 -11.3340 -39.7543
v -13.3340 -11.3340 -39.7543
v -13.3340 -11.3340 -39.7543
v -13.3340 -11.3340 -39.7543
v -13.3340 -11.3340 -39.7543
v -11.9198 -11.9198 -39.7543
v -12.3340 -11.9198 -38.7543
v -13.3340 -11.9198 -38.3401
v -14.3340 -11.9198 -38.7543
v -14.7482 -11.9198 -39.7543
v -14.3340 -11.9198 -40.7543
v -13.3340 -11.9198 -41.1686
v -12.3340 -11.9198 -40.7543
v -11.3340 -13.3340 -39.7543
v -11.9198 -13.3340 -38.3401
v -13.3340 -13.3340 -37.7543
v -14.7482 -13.3340 -38.3401
v -15.3340 -13.3340 -39.7543
v -14.7482 -13.3340 -41.1686
v -13.3340 -13.3340 -41.7543
v -11.9198 -13.3340 -41.1686
v -11.9198 -14.7482 -39.7543
v -12.3340 -14.7482 -38.7543
v -13.3340 -14.7482 -38.3401
v -14.3340 -14.7482 -38.7543
v -14.7482 -14.7482 -39.7543
v -14.3340 -14.7482 -40.7543
v -13.3340 -14.7482 -41.1686
v -12.3340 -14.7482 -40.7543
v -13.3340 -15.3340 -39.7543
v -13.3340 -15.3340 -39.7543
v -13.3340 -15.3340 -39.7543
v -13.3340 -15.3340 -39.7543
v -13.3340 -15.3340 -39.7543
v -13.3340 -15.3340 -39.7543
v -13.3340 -15.3340 -39.7543
v -13.3340 -15.3340 -39.7543
v -18.8571 2.0000 -39.7543
v -18.8571 2.0000 -39.7543
v -18.8571 2.0000 -39.7543
v -18.8571 2.0000 -39.7543
v -18.8571 2.0000 -39.7543
v -18.8571 2.0000 -39.7543
v -18.8571 2.0000 -39.7543
v -18.8571 2.0000 -39.7543
v -17.4429 1.4142 -39.7543
v -17.8571 1.4142 -38.7543
v -18.8571 1.4142 -38.3401
v -19.8571 1.4142 -38.7543
v -20.2714 1.4142 -39.7543
v -19.8571 1.4142 -40.7543
v -18.8571 1.4142 -41.1686
v -17.8571 1.4142 -40.7543
v -16.8571 -0.0000 -39.7543
v -17.4429 -0.0000 -38.3401
v -18.8571 -0.0000 -37.7543
v -20.2714 -0.0000 -38.3401
v -20.8571 -0.0000 -39.7543
v -20.2714 -0.0000 -41.1686
v -18.8571 -0.0000 -41.7543
v -17.4429 -0.0000 -41.1686
v -17.4429 -1.4142 -39.7543
v -17.8571 -1.4142 -38.7543
v -18.8571 -1.4142 -38.3401
v -19.8571 -1.4142 -38.7543
v -20.2714 -1.4142 -39.7543
v -19.8571 -1.4142 -40.7543
v -18.8571 -1.4142 -41.1686
v -17.8571 -1.4142 -40.7543
v -18.8571 -2.0000 -39.7543
v -18.8571 -2.0000 -39.7543
v -18.8571 -2.0000 -39.7543
v -18.8571 -2.0000 -39.7543
v -18.8571 -2.0000 -39.7543
v -18.8571 -2.0000 -39.7543
v -18.8571 -2.0000 -39.7543
v -18.8571 -2.0000 -39.7543
v -13.3340 15.3340 -39.7543
v -13.3340 15.3340 -39.7543
v -13.3340 15.3340 -39.7543
v -13.3340 15.3340 -39.7543
v -13.3340 15.3340 -39.7543
v -13.3340 15.3340 -39.7543
v -13.3340 15.3340 -39.7543
v -13.3340 15.3340 -39.7543
v -11.9198 14.7482 -39.7543
v -12.3340 14.7482 -38.7543
v -13.3340 14.7482 -38.3401
v -14.3340 14.7482 -38.7543
v -14.7482 14.7482 -39.7543
v -14.3340 14.7482 -40.7543
v -13.3340 14.7482 -41.1686
v -12.3340 14.7482 -40.7543
v -11.3340 13.3340 -39.7543
v -11.9198 13.3340 -38.3401
v -13.3340 13.3340 -37.7543
v -14.7482 13.3340 -38.3401
v -15.3340 13.3340 -39.7543
v -14.7482 13.3340 -41.1686
v -13.3340 13.3340 -41.7543
v -11.9198 13.3340 -41.1686
v -11.9198 11.9198 -39.7543
v -12.3340 11.9198 -38.7543
v -13.3340 11.9198 -38.3401
v -14.3340 11.9198 -38.7543
v -14.7482 11.9198 -39.7543
v -14.3340 11.9198 -40.7543
v -13.3340 11.9198 -41.1686
v -12.3340 11.9198 -40.7543
v -13.3340 11.3340 -39.7543
v -13.3340 11.3340 -39.7543
v -13.3340 11.3340 -39.7543
v -13.3340 11.3340 -39.7543
v -13.3340 11.3340 -39.7543
v -13.3340 11.3340 -39.7543
v -13.3340 11.3340 -39.7543
v -13.3340 11.3340 -39.7543
v -0.0000 20.8571 -39.7543
v -0.0000 20.8571 -39.7543
v -0.0000 20.8571 -39.7543
v -0.0000 20.8571 -39.7543
v -0.0000 20.8571 -39.7543
v -0.0000 20.8571 -39.7543
v -0.0000 20.8571 -39.7543
v -0.0000 20.8571 -39.7543
v 1.4142 20.2714 -39.7543
v 1.0000 20.2714 -38.7543
v -0.0000 20.2714 -38.3401
v -1.0000 20.2714 -38.7543
v -1.4142 20.2714 -39.7543
v -1.0000 20.2714 -40.7543
v -0.0000 20.2714 -41.1686
v 1.0000 20.2714 -40.7543
v 2.0000 18.8571 -39.7543
v 1.4142 18.8571 -38.3401
v -0.0000 18.8571 -37.7543
v -1.4142 18.8571 -38.3401
v -2.0000 18.8571 -39.7543
v -1.4142 18.8571 -41.1686
v -0.0000 18.8571 -41.7543
v 1.4142 18.8571 -41.1686
v 1.4142 17.4429 -39.7543
v 1.0000 17.4429 -38.7543
v -0.0000 17.4429 -38.3401
v -1.0000 17.4429 -38.7543
v -1.4142 17.4429 -39.7543
v -1.0000 17.4429 -40.7543
v -0.0000 17.4429 -41.1686
v 1.0000 17.4429 -40.7543
v -0.0000 16.8571 -39.7543
v -0.0000 16.8571 -39.7543
v -0.0000 16.8571 -39.7543
v -0.0000 16.8571 -39.7543
v -0.0000 16.8571 -39.7543
v -0.0000 16.8571 -39.7543
v -0.0000 16.8571 -39.7543
v -0.0000 16.8571 -39.7543
v 13.3340 15.3340 -39.7543
v 13.3340 15.3340 -39.7543
v 13.3340 15.3340 -39.7543
v 13.3340 15.3340 -39.7543
v 13.3340 15.3340 -39.7543
v 13.3340 15.3340 -39.7543
v 13.3340 15.3340 -39.7543
v 13.3340 15.3340 -39.7543
v 14.7482 14.7482 -39.7543
v 14.3340 14.7482 -38.7543
v 13.3340 14.7482 -38.3401
v 12.3340 14.7482 -38.7543
v 11.9198 14.7482 -39.7543
v 12.3340 14.7482 -40.7543
v 13.3340 14.7482 -41.1686
v 14.3340 14.7482 -40.7543
v 15.3340 13.3340 -39.7543
v 14.7482 13.3340 -38.3401
v 13.3340 13.3340 -37.7543
v 11.9198 13.3340 -38.3401
v 11.3340 13.3340 -39.7543
v 11.9198 13.3340 -41.1686
v 13.3340 13.3340 -41.7543
v 14.7482 13.3340 -41.1686
v 14.7482 11.9198 -39.7543
v 14.3340 11.9198 -38.7543
v 13.3340 11.9198 -38.3401
v 12.3340 11.9198 -38.7543
v 11.9198 11.9198 -39.7543
v 12.3340 11.9198 -40.7543
v 13.3340 11.9198 -41.1686
v 14.3340 11.9198 -40.7543
v 13.3340 11.3340 -39.7543
v 13.3340 11.3340 -39.7543
v 13.3340 11.3340 -39.7543
v 13.3340 11.3340 -39.7543
v 13.3340 11.3340 -39.7543
v 13.3340 11.3340 -39.7543
v 13.3340 11.3340 -39.7543
v 13.3340 11.3340 -39.7543
v 44.0000 0.0000 -2.0000
v 42.2763 -0.1698 -1.0000
v 42.2763 -0.1698 1.0000
v 44.0000 -0.0000 2.0000
v 45.7237 0.1698 1.0000
v 45.7237 0.1698 -1.0000
v 43.1546 8.5840 -2.0000
v 41.4308 8.4142 -1.0000
v 41.4308 8.4142 1.0000
v 43.1546 8.5840 2.0000
v 44.8783 8.7537 1.0000
v 44.8783 8.7537 -1.0000
v 44.0000 0.0000 0.0000
v 43.1546 8.5840 0.0000
v 43.1546 8.5840 -2.0000
v 41.4971 8.0812 -1.0000
v 41.4971 8.0812 1.0000
v 43.1546 8.5840 2.0000
v 44.8120 9.0868 1.0000
v 44.8120 9.0868 -1.0000
v 40.6507 16.8381 -2.0000
v 38.9932 16.3353 -1.0000
v 38.9932 16.3353 1.0000
v 40.6507 16.8381 2.0000
v 42.3082 17.3409 1.0000
v 42.3082 17.3409 -1.0000
v 43.1546 8.5840 0.0000
v 40.6507 16.8381 0.0000
v 40.6507 16.8381 -2.0000
v 39.1232 16.0216 -1.0000
v 39.1232 16.0216 1.0000
v 40.6507 16.8381 2.0000
v 42.1782 17.6546 1.0000
v 42.1782 17.6546 -1.0000
v 36.5847 24.4451 -2.0000
v 35.0571 23.6286 -1.0000
v 35.0571 23.6286 1.0000
v 36.5847 24.4451 2.0000
v 38.1122 25.2616 1.0000
v 38.1122 25.2616 -1.0000
v 40.6507 16.8381 0.0000
v 36.5847 24.4451 0.0000
v 36.5847 24.4451 -2.0000
v 35.2458 23.3463 -1.0000
v 35.2458 23.3463 1.0000
v 36.5847 24.4451 2.0000
v 37.9236 25.5439 1.0000
v 37.9236 25.5439 -1.0000
v 31.1127 31.1127 -2.0000
v 29.7738 30.0139 -1.0000
v 29.7738 30.0139 1.0000
v 31.1127 31.1127 2.0000
v 32.4516 32.2115 1.0000
v 32.4516 32.2115 -1.0000
v 36.5847 24.4451 0.0000
v 31.1127 31.1127 0.0000
v 31.1127 31.1127 -2.0000
v 30.0139 29.7738 -1.0000
v 30.0139 29.7738 1.0000
v 31.1127 31.1127 2.0000
v 32.2115 32.4516 1.0000
v 32.2115 32.4516 -1.0000
v 24.4451 36.5847 -2.0000
v 23.3463 35.2458 -1.0000
v 23.3463 35.2458 1.0000
v 24.4451 36.5847 2.0000
v 25.5439 37.9236 1.0000
v 25.5439 37.9236 -1.0000
v 31.1127 31.1127 0.0000
v 24.4451 36.5847 0.0000
v 24.4451 36.5847 -2.0000
v 23.6286 35.0571 -1.0000
v 23.6286 35.0571 1.0000
v 24.4451 36.5847 2.0000
v 25.2616 38.1122 1.0000
v 25.2616 38.1122 -1.0000
v 16.8381 40.6507 -2.0000
v 16.0216 39.1232 -1.0000
v 16.0216 39.1232 1.0000
v 16.8381 40.6507 2.0000
v 17.6546 42.1782 1.0000
v 17.6546 42.1782 -1.0000
v 24.4451 36.5847 0.0000
v 16.8381 40.6507 0.0000
v 16.8381 40.6507 -2.0000
v 16.3353 38.9932 -1.0000
v 16.3353 38.9932 1.0000
v 16.8381 40.6507 2.0000
v 17.3409 42.3082 1.0000
v 17.3409 42.3082 -1.0000
v 8.5840 43.1546 -2.0000
v 8.0812 41.4971 -1.0000
v 8.0812 41.4971 1.0000
v 8.5840 43.1546 2.0000
v 9.0868 44.8120 1.0000
v 9.0868 44.8120 -1.0000
v 16.8381 40.6507 0.0000
v 8.5840 43.1546 0.0000
v 8.5840 43.1546 -2.0000
v 8.4142 41.4308 -1.0000
v 8.4142 41.4308 1.0000
v 8.5840 43.1546 2.0000
v 8.7537 44.8783 1.0000
v 8.7537 44.8783 -1.0000
v 0.0000 44.0000 -2.0000
v -0.1698 42.2763 -1.0000
v -0.1698 42.2763 1.0000
v 0.0000 44.0000 2.0000
v 0.1698 45.7237 1.0000
v 0.1698 45.7237 -1.0000
v 8.5840 43.1546 0.0000
v 0.0000 44.0000 0.0000
v 0.0000 44.0000 -2.0000
v 0.1698 42.2763 -1.0000
v 0.1698 42.2763 1.0000
v 0.0000 44.0000 2.0000
v -0.1698 45.7237 1.0000
v -0.1698 45.7237 -1.0000
v -8.5840 43.1546 -2.0000
v -8.4142 41.4308 -1.0000
v -8.4142 41.4308 1.0000
v -8.5840 43.1546 2.0000
v -8.7537 44.8783 1.0000
v -8.7537 44.8783 -1.0000
v 0.0000 44.0000 0.0000
v -8.5840 43.1546 0.0000
v -8.5840 43.1546 -2.0000
v -8.0812 41.4971 -1.0000
v -8.0812 41.4971 1.0000
v -8.5840 43.1546 2.0000
v -9.0868 44.8120 1.0000
v -9.0868 44.8120 -1.0000
v -16.8381 40.6507 -2.0000
v -16.3353 38.9932 -1.0000
v -16.3353 38.9932 1.0000
v -16.8381 40.6507 2.0000
v -17.3409 42.3082 1.0000
v -17.3409 42.3082 -1.0000
v -8.5840 43.1546 0.0000
v -16.8381 40.6507 0.0000
v -16.8381 40.6507 -2.0000
v -16.0216 39.1232 -1.0000
v -16.0216 39.1232 1.0000
v -16.8381 40.6507 2.0000
v -17.6546 42.1782 1.0000
v -17.6546 42.1782 -1.0000
v -24.4451 36.5847 -2.0000
v -23.6286 35.0571 -1.0000
v -23.6286 35.0571 1.0000
v -24.4451 36.5847 2.0000
v -25.2616 38.1122 1.0000
v -25.2616 38.1122 -1.0000
v -16.8381 40.6507 0.0000
v -24.4451 36.5847 0.0000
v -24.4451 36.5847 -2.0000
v -23.3463 35.2458 -1.0000
v -23.3463 35.2458 1.0000
v -24.4451 36.5847 2.0000
v -25.5439 37.9236 1.0000
v -25.5439 37.9236 -1.0000
v -31.1127 31.1127 -2.0000
v -30.0139 29.7738 -1.0000
v -30.0139 29.7738 1.0000
v -31.1127 31.1127 2.0000
v -32.2115 32.4516 1.0000
v -32.2115 32.4516 -1.0000
v -24.4451 36.5847 0.0000
v -31.1127 31.1127 0.0000
v -31.1127 31.1127 -2.0000
v -29.7738 30.0139 -1.0000
v -29.7738 30.0139 1.0000
v -31.1127 31.1127 2.0000
v -32.4516 32.2115 1.0000
v -32.4516 32.2115 -1.0000
v -36.5847 24.4451 -2.0000
v -35.2458 23.3463 -1.0000
v -35.2458 23.3463 1.0000
v -36.5847 24.4451 2.0000
v -37.9236 25.5439 1.0000
v -37.9236 25.5439 -1.0000
v -31.1127 31.1127 0.0000
v -36.5847 24.4451 0.0000
v -36.5847 24.4451 -2.0000
v -35.0571 23.6286 -1.0000
v -35.0571 23.6286 1.0000
v -36.5847 24.4451 2.0000
v -38.1122 25.2616 1.0000
v -38.1122 25.2616 -1.0000
v -40.6507 16.8381 -2.0000
v -39.1232 16.0216 -1.0000
v -39.1232 16.0216 1.0000
v -40.6507 16.8381 2.0000
v -42.1782 17.6546 1.0000
v -42.1782 17.6546 -1.0000
v -36.5847 24.4451 0.0000
v -40.6507 16.8381 0.0000
v -40.6507 16.8381 2.0000
v -42.3082 17.3409 1.0000
v -42.3082 17.3409 -1.0000
v -40.6507 16.8381 -2.0000
v -38.9932 16.3353 -1.0000
v -38.9932 16.3353 1.0000
v -43.1546 8.5840 2.0000
v -44.8120 9.0868 1.0000
v -44.8120 9.0868 -1.0000
v -43.1546 8.5840 -2.0000
v -41.4971 8.0812 -1.0000
v -41.4971 8.0812 1.0000
v -40.6507 16.8381 0.0000
v -43.1546 8.5840 0.0000
v -43.1546 8.5840 2.0000
v -44.8783 8.7537 1.0000
v -44.8783 8.7537 -1.0000
v -43.1546 8.5840 -2.0000
v -41.4308 8.4142 -1.0000
v -41.4308 8.4142 1.0000
v -44.0000 0.0000 2.0000
v -45.7237 0.1698 1.0000
v -45.7237 0.1698 -1.0000
v -44.0000 0.0000 -2.0000
v -42.2763 -0.1698 -1.0000
v -42.2763 -0.1698 1.0000
v -43.1546 8.5840 0.0000
v -44.0000 0.0000 0.0000
v -44.0000 0.0000 2.0000
v -45.7237 -0.1698 1.0000
v -45.7237 -0.1698 -1.0000
v -44.0000 0.0000 -2.0000
v -42.2763 0.1698 -1.0000
v -42.2763 0.1698 1.0000
v -43.1546 -8.5840 2.0000
v -44.8783 -8.7537 1.0000
v -44.8783 -8.7537 -1.0000
v -43.1546 -8.5840 -2.0000
v -41.4308 -8.4142 -1.0000
v -41.4308 -8.4142 1.0000
v -44.0000 0.0000 0.0000
v -43.1546 -8.5840 0.0000
v -43.1546 -8.5840 2.0000
v -44.8120 -9.0868 1.0000
v -44.8120 -9.0868 -1.0000
v -43.1546 -8.5840 -2.0000
v -41.4971 -8.0812 -1.0000
v -41.4971 -8.0812 1.0000
v -40.6507 -16.8381 2.0000
v -42.3082 -17.3409 1.0000
v -42.3082 -17.3409 -1.0000
v -40.6507 -16.8381 -2.0000
v -38.9932 -16.3353 -1.0000
v -38.9932 -16.3353 1.0000
v -43.1546 -8.5840 0.0000
v -40.6507 -16.8381 0.0000
v -40.6507 -16.8381 2.0000
v -42.1782 -17.6546 1.0000
v -42.1782 -17.6546 -1.0000
v -40.6507 -16.8381 -2.0000
v -39.1232 -16.0216 -1.0000
v -39.1232 -16.0216 1.0000
v -36.5847 -24.4451 2.0000
v -38.1122 -25.2616 1.0000
v -38.1122 -25.2616 -1.0000
v -36.5847 -24.4451 -2.0000
v -35.0571 -23.6286 -1.0000
v -35.0571 -23.6286 1.0000
v -40.6507 -16.8381 0.0000
v -36.5847 -24.4451 0.0000
v -36.5847 -24.4451 2.0000
v -37.9236 -25.5439 1.0000
v -37.9236 -25.5439 -1.0000
v -36.5847 -24.4451 -2.0000
v -35.2458 -23.3463 -1.0000
v -35.2458 -23.3463 1.0000
v -31.1127 -31.1127 2.0000
v -32.4516 -32.2115 1.0000
v -32.4516 -32.2115 -1.0000
v -31.1127 -31.1127 -2.0000
v -29.7738 -30.0139 -1.0000
v -29.7738 -30.0139 1.0000
v -36.5847 -24.4451 0.0000
v -31.1127 -31.1127 0.0000
v -31.1127 -31.1127 2.0000
v -32.2115 -32.4516 1.0000
v -32.2115 -32.4516 -1.0000
v -31.1127 -31.1127 -2.0000
v -30.0139 -29.7738 -1.0000
v -30.0139 -29.7738 1.0000
v -24.4451 -36.5847 2.0000
v -25.5439 -37.9236 1.0000
v -25.5439 -37.9236 -1.0000
v -24.4451 -36.5847 -2.0000
v -23.3463 -35.2458 -1.0000
v -23.3463 -35.2458 1.0000
v -31.1127 -31.1127 0.0000
v -24.4451 -36.5847 0.0000
v -24.4451 -36.5847 2.0000
v -25.2616 -38.1122 1.0000
v -25.2616 -38.1122 -1.0000
v -24.4451 -36.5847 -2.0000
v -23.6286 -35.0571 -1.0000
v -23.6286 -35.0571 1.0000
v -16.8381 -40.6507 2.0000
v -17.6546 -42.1782 1.0000
v -17.6546 -42.1782 -1.0000
v -16.8381 -40.6507 -2.0000
v -16.0216 -39.1232 -1.0000
v -16.0216 -39.1232 1.0000
v -24.4451 -36.5847 0.0000
v -16.8381 -40.6507 0.0000
v -16.8381 -40.6507 2.0000
v -17.3409 -42.3082 1.0000
v -17.3409 -42.3082 -1.0000
v -16.8381 -40.6507 -2.0000
v -16.3353 -38.9932 -1.0000
v -16.3353 -38.9932 1.0000
v -8.5840 -43.1546 2.0000
v -9.0868 -44.8120 1.0000
v -9.0868 -44.8120 -1.0000
v -8.5840 -43.1546 -2.0000
v -8.0812 -41.4971 -1.0000
v -8.0812 -41.4971 1.0000
v -16.8381 -40.6507 0.0000
v -8.5840 -43.1546 0.0000
v -8.5840 -43.1546 2.0000
v -8.7537 -44.8783 1.0000
v -8.7537 -44.8783 -1.0000
v -8.5840 -43.1546 -2.0000
v -8.4142 -41.4308 -1.0000
v -8.4142 -41.4308 1.0000
v -0.0000 -44.0000 2.0000
v -0.1698 -45.7237 1.0000
v -0.1698 -45.7237 -1.0000
v -0.0000 -44.0000 -2.0000
v 0.1698 -42.2763 -1.0000
v 0.1698 -42.2763 1.0000
v -8.5840 -43.1546 0.0000
v -0.0000 -44.0000 0.0000
v -0.0000 -44.0000 2.0000
v 0.1698 -45.7237 1.0000
v 0.1698 -45.7237 -1.0000
v -0.0000 -44.0000 -2.0000
v -0.1698 -42.2763 -1.0000
v -0.1698 -42.2763 1.0000
v 8.5840 -43.1546 2.0000
v 8.7537 -44.8783 1.0000
v 8.7537 -44.8783 -1.0000
v 8.5840 -43.1546 -2.0000
v 8.4142 -41.4308 -1.0000
v 8.4142 -41.4308 1.0000
v -0.0000 -44.0000 0.0000
v 8.5840 -43.1546 0.0000
v 8.5840 -43.1546 2.0000
v 9.0868 -44.8120 1.0000
v 9.0868 -44.8120 -1.0000
v 8.5840 -43.1546 -2.0000
v 8.0812 -41.4971 -1.0000
v 8.0812 -41.4971 1.0000
v 16.8381 -40.6507 2.0000
v 17.3409 -42.3082 1.0000
v 17.3409 -42.3082 -1.0000
v 16.8381 -40.6507 -2.0000
v 16.3353 -38.9932 -1.0000
v 16.3353 -38.9932 1.0000
v 8.5840 -43.1546 0.0000
v 16.8381 -40.6507 0.0000
v 16.8381 -40.6507 2.0000
v 17.6546 -42.1782 1.0000
v 17.6546 -42.1782 -1.0000
v 16.8381 -40.6507 -2.0000
v 16.0216 -39.1232 -1.0000
v 16.0216 -39.1232 1.0000
v 24.4451 -36.5847 2.0000
v 25.2616 -38.1122 1.0000
v 25.2616 -38.1122 -1.0000
v 24.4451 -36.5847 -2.0000
v 23.6286 -35.0571 -1.0000
v 23.6286 -35.0571 1.0000
v 16.8381 -40.6507 0.0000
v 24.4451 -36.5847 0.0000
v 24.4451 -36.5847 2.0000
v 25.5439 -37.9236 1.0000
v 25.5439 -37.9236 -1.0000
v 24.4451 -36.5847 -2.0000
v 23.3463 -35.2458 -1.0000
v 23.3463 -35.2458 1.0000
v 31.1127 -31.1127 2.0000
v 32.2115 -32.4516 1.0000
v 32.2115 -32.4516 -1.0000
v 31.1127 -31.1127 -2.0000
v 30.0139 -29.7738 -1.0000
v 30.0139 -29.7738 1.0000
v 24.4451 -36.5847 0.0000
v 31.1127 -31.1127 0.0000
v 31.1127 -31.1127 2.0000
v 32.4516 -32.2115 1.0000
v 32.4516 -32.2115 -1.0000
v 31.1127 -31.1127 -2.0000
v 29.7738 -30.0139 -1.0000
v 29.7738 -30.0139 1.0000
v 36.5847 -24.4451 2.0000
v 37.9236 -25.5439 1.0000
v 37.9236 -25.5439 -1.0000
v 36.5847 -24.4451 -2.0000
v 35.2458 -23.3463 -1.0000
v 35.2458 -23.3463 1.0000
v 31.1127 -31.1127 0.0000
v 36.5847 -24.4451 0.0000
v 36.5847 -24.4451 2.0000
v 38.1122 -25.2616 1.0000
v 38.1122 -25.2616 -1.0000
v 36.5847 -24.4451 -2.0000
v 35.0571 -23.6286 -1.0000
v 35.0571 -23.6286 1.0000
v 40.6507 -16.8381 2.0000
v 42.1782 -17.6546 1.0000
v 42.1782 -17.6546 -1.0000
v 40.6507 -16.8381 -2.0000
v 39.1232 -16.0216 -1.0000
v 39.1232 -16.0216 1.0000
v 36.5847 -24.4451 0.0000
v 40.6507 -16.8381 0.0000
v 40.6507 -16.8381 -2.0000
v 38.9932 -16.3353 -1.0000
v 38.9932 -16.3353 1.0000
v 40.6507 -16.8381 2.0000
v 42.3082 -17.3409 1.0000
v 42.3082 -17.3409 -1.0000
v 43.1546 -8.5840 -2.0000
v 41.4971 -8.0812 -1.0000
v 41.4971 -8.0812 1.0000
v 43.1546 -8.5840 2.0000
v 44.8120 -9.0868 1.0000
v 44.8120 -9.0868 -1.0000
v 40.6507 -16.8381 0.0000
v 43.1546 -8.5840 0.0000
v 43.1546 -8.5840 -2.0000
v 41.4308 -8.4142 -1.0000
v 41.4308 -8.4142 1.0000
v 43.1546 -8.5840 2.0000
v 44.8783 -8.7537 1.0000
v 44.8783 -8.7537 -1.0000
v 44.0000 0.0000 -2.0000
v 42.2763 0.1698 -1.0000
v 42.2763 0.1698 1.0000
v 44.0000 0.0000 2.0000
v 45.7237 -0.1698 1.0000
v 45.7237 -0.1698 -1.0000
v 43.1546 -8.5840 0.0000
v 44.0000 0.0000 0.0000
g shaft
usemtl shaft
f 1 2 14
f 1 14 13
f 2 3 15
f 2 15 14
f 3 4 16
f 3 16 15
f 4 5 17
f 4 17 16
f 5 6 18
f 5 18 17
f 6 7 19
f 6 19 18
f 7 8 20
f 7 20 19
f 8 9 21
f 8 21 20
f 9 10 22
f 9 22 21
f 10 11 23
f 10 23 22
f 11 12 24
f 11 24 23
f 12 1 13
f 12 13 24
f 25 2 1
f 26 13 14
f 25 3 2
f 26 14 15
f 25 4 3
f 26 15 16
f 25 5 4
f 26 16 17
f 25 6 5
f 26 17 18
f 25 7 6
f 26 18 19
f 25 8 7
f 26 19 20
f 25 9 8
f 26 20 21
f 25 10 9
f 26 21 22
f 25 11 10
f 26 22 23
f 25 12 11
f 26 23 24
f 25 1 12
f 26 24 13
g collars
usemtl collars
f 27 28 44
f 27 44 43
f 28 29 45
f 28 45 44
f 29 30 46
f 29 46 45
f 30 31 47
f 30 47 46
f 31 32 48
f 31 48 47
f 32 33 49
f 32 49 48
f 33 34 50
f 33 50 49
f 34 35 51
f 34 51 50
f 35 36 52
f 35 52 51
f 36 37 53
f 36 53 52
f 37 38 54
f 37 54 53
f 38 39 55
f 38 55 54
f 39 40 56
f 39 56 55
f 40 41 57
f 40 57 56
f 41 42 58
f 41 58 57
f 42 27 43
f 42 43 58
f 59 28 27
f 60 43 44
f 59 29 28
f 60 44 45
f 59 30 29
f 60 45 46
f 59 31 30
f 60 46 47
f 59 32 31
f 60 47 48
f 59 33 32
f 60 48 49
f 59 34 33
f 60 49 50
f 59 35 34
f 60 50 51
f 59 36 35
f 60 51 52
f 59 37 36
f 60 52 53
f 59 38 37
f 60 53 54
f 59 39 38
f 60 54 55
f 59 40 39
f 60 55 56
f 59 41 40
f 60 56 57
f 59 42 41
f 60 57 58
f 59 27 42
f 60 58 43
f 61 62 78
f 61 78 77
f 62 63 79
f 62 79 78
f 63 64 80
f 63 80 79
f 64 65 81
f 64 81 80
f 65 66 82
f 65 82 81
f 66 67 83
f 66 83 82
f 67 68 84
f 67 84 83
f 68 69 85
f 68 85 84
f 69 70 86
f 69 86 85
f 70 71 87
f 70 87 86
f 71 72 88
f 71 88 87
f 72 73 89
f 72 89 88
f 73 74 90
f 73 90 89
f 74 75 91
f 74 91 90
f 75 76 92
f 75 92 91
f 76 61 77
f 76 77 92
f 93 62 61
f 94 77 78
f 93 63 62
f 94 78 79
f 93 64 63
f 94 79 80
f 93 65 64
f 94 80 81
f 93 66 65
f 94 81 82
f 93 67 66
f 94 82 83
f 93 68 67
f 94 83 84
f 93 69 68
f 94 84 85
f 93 70 69
f 94 85 86
f 93 71 70
f 94 86 87
f 93 72 71
f 94 87 88
f 93 73 72
f 94 88 89
f 93 74 73
f 94 89 90
f 93 75 74
f 94 90 91
f 93 76 75
f 94 91 92
f 93 61 76
f 94 92 77
g spring
usemtl spring
f 95 96 102
f 95 102 101
f 96 97 103
f 96 103 102
f 97 98 104
f 97 104 103
f 98 99 105
f 98 105 104
f 99 100 106
f 99 106 105
f 100 95 101
f 100 101 106
f 107 96 95
f 108 101 102
f 107 97 96
f 108 102 103
f 107 98 97
f 108 103 104
f 107 99 98
f 108 104 105
f 107 100 99
f 108 105 106
f 107 95 100
f 108 106 101
f 109 110 116
f 109 116 115
f 110 111 117
f 110 117 116
f 111 112 118
f 111 118 117
f 112 113 119
f 112 119 118
f 113 114 120
f 113 120 119
f 114 109 115
f 114 115 120
f 121 110 109
f 122 115 116
f 121 111 110
f 122 116 117
f 121 112 111
f 122 117 118
f 121 113 112
f 122 118 119
f 121 114 113
f 122 119 120
f 121 109 114
f 122 120 115
f 123 124 130
f 123 130 129
f 124 125 131
f 124 131 130
f 125 126 132
f 125 132 131
f 126 127 133
f 126 133 132
f 127 128 134
f 127 134 133
f 128 123 129
f 128 129 134
f 135 124 123
f 136 129 130
f 135 125 124
f 136 130 131
f 135 126 125
f 136 131 132
f 135 127 126
f 136 132 133
f 135 128 127
f 136 133 134
f 135 123 128
f 136 134 129
f 137 138 144
f 137 144 143
f 138 139 145
f 138 145 144
f 139 140 146
f 139 146 145
f 140 141 147
f 140 147 146
f 141 142 148
f 141 148 147
f 142 137 143
f 142 143 148
f 149 138 137
f 150 143 144
f 149 139 138
f 150 144 145
f 149 140 139
f 150 145 146
f 149 141 140
f 150 146 147
f 149 142 141
f 150 147 148
f 149 137 142
f 150 148 143
f 151 152 158
f 151 158 157
f 152 153 159
f 152 159 158
f 153 154 160
f 153 160 159
f 154 155 161
f 154 161 160
f 155 156 162
f 155 162 161
f 156 151 157
f 156 157 162
f 163 152 151
f 164 157 158
f 163 153 152
f 164 158 159
f 163 154 153
f 164 159 160
f 163 155 154
f 164 160 161
f 163 156 155
f 164 161 162
f 163 151 156
f 164 162 157
f 165 166 172
f 165 172 171
f 166 167 173
f 166 173 172
f 167 168 174
f 167 174 173
f 168 169 175
f 168 175 174
f 169 170 176
f 169 176 175
f 170 165 171
f 170 171 176
f 177 166 165
f 178 171 172
f 177 167 166
f 178 172 173
f 177 168 167
f 178 173 174
f 177 169 168
f 178 174 175
f 177 170 169
f 178 175 176
f 177 165 170
f 178 176 171
f 179 180 186
f 179 186 185
f 180 181 187
f 180 187 186
f 181 182 188
f 181 188 187
f 182 183 189
f 182 189 188
f 183 184 190
f 183 190 189
f 184 179 185
f 184 185 190
f 191 180 179
f 192 185 186
f 191 181 180
f 192 186 187
f 191 182 181
f 192 187 188
f 191 183 182
f 192 188 189
f 191 184 183
f 192 189 190
f 191 179 184
f 192 190 185
f 193 194 200
f 193 200 199
f 194 195 201
f 194 201 200
f 195 196 202
f 195 202 201
f 196 197 203
f 196 203 202
f 197 198 204
f 197 204 203
f 198 193 199
f 198 199 204
f 205 194 193
f 206 199 200
f 205 195 194
f 206 200 201
f 205 196 195
f 206 201 202
f 205 197 196
f 206 202 203
f 205 198 197
f 206 203 204
f 205 193 198
f 206 204 199
f 207 208 214
f 207 214 213
f 208 209 215
f 208 215 214
f 209 210 216
f 209 216 215
f 210 211 217
f 210 217 216
f 211 212 218
f 211 218 217
f 212 207 213
f 212 213 218
f 219 208 207
f 220 213 214
f 219 209 208
f 220 214 215
f 219 210 209
f 220 215 216
f 219 211 210
f 220 216 217
f 219 212 211
f 220 217 218
f 219 207 212
f 220 218 213
f 221 222 228
f 221 228 227
f 222 223 229
f 222 229 228
f 223 224 230
f 223 230 229
f 224 225 231
f 224 231 230
f 225 226 232
f 225 232 231
f 226 221 227
f 226 227 232
f 233 222 221
f 234 227 228
f 233 223 222
f 234 228 229
f 233 224 223
f 234 229 230
f 233 225 224
f 234 230 231
f 233 226 225
f 234 231 232
f 233 221 226
f 234 232 227
f 235 236 242
f 235 242 241
f 236 237 243
f 236 243 242
f 237 238 244
f 237 244 243
f 238 239 245
f 238 245 244
f 239 240 246
f 239 246 245
f 240 235 241
f 240 241 246
f 247 236 235
f 248 241 242
f 247 237 236
f 248 242 243
f 247 238 237
f 248 243 244
f 247 239 238
f 248 244 245
f 247 240 239
f 248 245 246
f 247 235 240
f 248 246 241
f 249 250 256
f 249 256 255
f 250 251 257
f 250 257 256
f 251 252 258
f 251 258 257
f 252 253 259
f 252 259 258
f 253 254 260
f 253 260 259
f 254 249 255
f 254 255 260
f 261 250 249
f 262 255 256
f 261 251 250
f 262 256 257
f 261 252 251
f 262 257 258
f 261 253 252
f 262 258 259
f 261 254 253
f 262 259 260
f 261 249 254
f 262 260 255
f 263 264 270
f 263 270 269
f 264 265 271
f 264 271 270
f 265 266 272
f 265 272 271
f 266 267 273
f 266 273 272
f 267 268 274
f 267 274 273
f 268 263 269
f 268 269 274
f 275 264 263
f 276 269 270
f 275 265 264
f 276 270 271
f 275 266 265
f 276 271 272
f 275 267 266
f 276 272 273
f 275 268 267
f 276 273 274
f 275 263 268
f 276 274 269
f 277 278 284
f 277 284 283
f 278 279 285
f 278 285 284
f 279 280 286
f 279 286 285
f 280 281 287
f 280 287 286
f 281 282 288
f 281 288 287
f 282 277 283
f 282 283 288
f 289 278 277
f 290 283 284
f 289 279 278
f 290 284 285
f 289 280 279
f 290 285 286
f 289 281 280
f 290 286 287
f 289 282 281
f 290 287 288
f 289 277 282
f 290 288 283
f 291 292 298
f 291 298 297
f 292 293 299
f 292 299 298
f 293 294 300
f 293 300 299
f 294 295 301
f 294 301 300
f 295 296 302
f 295 302 301
f 296 291 297
f 296 297 302
f 303 292 291
f 304 297 298
f 303 293 292
f 304 298 299
f 303 294 293
f 304 299 300
f 303 295 294
f 304 300 301
f 303 296 295
f 304 301 302
f 303 291 296
f 304 302 297
f 305 306 312
f 305 312 311
f 306 307 313
f 306 313 312
f 307 308 314
f 307 314 313
f 308 309 315
f 308 315 314
f 309 310 316
f 309 316 315
f 310 305 311
f 310 311 316
f 317 306 305
f 318 311 312
f 317 307 306
f 318 312 313
f 317 308 307
f 318 313 314
f 317 309 308
f 318 314 315
f 317 310 309
f 318 315 316
f 317 305 310
f 318 316 311
f 319 320 326
f 319 326 325
f 320 321 327
f 320 327 326
f 321 322 328
f 321 328 327
f 322 323 329
f 322 329 328
f 323 324 330
f 323 330 329
f 324 319 325
f 324 325 330
f 331 320 319
f 332 325 326
f 331 321 320
f 332 326 327
f 331 322 321
f 332 327 328
f 331 323 322
f 332 328 329
f 331 324 323
f 332 329 330
f 331 319 324
f 332 330 325
f 333 334 340
f 333 340 339
f 334 335 341
f 334 341 340
f 335 336 342
f 335 342 341
f 336 337 343
f 336 343 342
f 337 338 344
f 337 344 343
f 338 333 339
f 338 339 344
f 345 334 333
f 346 339 340
f 345 335 334
f 346 340 341
f 345 336 335
f 346 341 342
f 345 337 336
f 346 342 343
f 345 338 337
f 346 343 344
f 345 333 338
f 346 344 339
f 347 348 354
f 347 354 353
f 348 349 355
f 348 355 354
f 349 350 356
f 349 356 355
f 350 351 357
f 350 357 356
f 351 352 358
f 351 358 357
f 352 347 353
f 352 353 358
f 359 348 347
f 360 353 354
f 359 349 348
f 360 354 355
f 359 350 349
f 360 355 356
f 359 351 350
f 360 356 357
f 359 352 351
f 360 357 358
f 359 347 352
f 360 358 353
f 361 362 368
f 361 368 367
f 362 363 369
f 362 369 368
f 363 364 370
f 363 370 369
f 364 365 371
f 364 371 370
f 365 366 372
f 365 372 371
f 366 361 367
f 366 367 372
f 373 362 361
f 374 367 368
f 373 363 362
f 374 368 369
f 373 364 363
f 374 369 370
f 373 365 364
f 374 370 371
f 373 366 365
f 374 371 372
f 373 361 366
f 374 372 367
f 375 376 382
f 375 382 381
f 376 377 383
f 376 383 382
f 377 378 384
f 377 384 383
f 378 379 385
f 378 385 384
f 379 380 386
f 379 386 385
f 380 375 381
f 380 381 386
f 387 376 375
f 388 381 382
f 387 377 376
f 388 382 383
f 387 378 377
f 388 383 384
f 387 379 378
f 388 384 385
f 387 380 379
f 388 385 386
f 387 375 380
f 388 386 381
f 389 390 396
f 389 396 395
f 390 391 397
f 390 397 396
f 391 392 398
f 391 398 397
f 392 393 399
f 392 399 398
f 393 394 400
f 393 400 399
f 394 389 395
f 394 395 400
f 401 390 389
f 402 395 396
f 401 391 390
f 402 396 397
f 401 392 391
f 402 397 398
f 401 393 392
f 402 398 399
f 401 394 393
f 402 399 400
f 401 389 394
f 402 400 395
f 403 404 410
f 403 410 409
f 404 405 411
f 404 411 410
f 405 406 412
f 405 412 411
f 406 407 413
f 406 413 412
f 407 408 414
f 407 414 413
f 408 403 409
f 408 409 414
f 415 404 403
f 416 409 410
f 415 405 404
f 416 410 411
f 415 406 405
f 416 411 412
f 415 407 406
f 416 412 413
f 415 408 407
f 416 413 414
f 415 403 408
f 416 414 409
f 417 418 424
f 417 424 423
f 418 419 425
f 418 425 424
f 419 420 426
f 419 426 425
f 420 421 427
f 420 427 426
f 421 422 428
f 421 428 427
f 422 417 423
f 422 423 428
f 429 418 417
f 430 423 424
f 429 419 418
f 430 424 425
f 429 420 419
f 430 425 426
f 429 421 420
f 430 426 427
f 429 422 421
f 430 427 428
f 429 417 422
f 430 428 423
f 431 432 438
f 431 438 437
f 432 433 439
f 432 439 438
f 433 434 440
f 433 440 439
f 434 435 441
f 434 441 440
f 435 436 442
f 435 442 441
f 436 431 437
f 436 437 442
f 443 432 431
f 444 437 438
f 443 433 432
f 444 438 439
f 443 434 433
f 444 439 440
f 443 435 434
f 444 440 441
f 443 436 435
f 444 441 442
f 443 431 436
f 444 442 437
f 445 446 452
f 445 452 451
f 446 447 453
f 446 453 452
f 447 448 454
f 447 454 453
f 448 449 455
f 448 455 454
f 449 450 456
f 449 456 455
f 450 445 451
f 450 451 456
f 457 446 445
f 458 451 452
f 457 447 446
f 458 452 453
f 457 448 447
f 458 453 454
f 457 449 448
f 458 454 455
f 457 450 449
f 458 455 456
f 457 445 450
f 458 456 451
f 459 460 466
f 459 466 465
f 460 461 467
f 460 467 466
f 461 462 468
f 461 468 467
f 462 463 469
f 462 469 468
f 463 464 470
f 463 470 469
f 464 459 465
f 464 465 470
f 471 460 459
f 472 465 466
f 471 461 460
f 472 466 467
f 471 462 461
f 472 467 468
f 471 463 462
f 472 468 469
f 471 464 463
f 472 469 470
f 471 459 464
f 472 470 465
f 473 474 480
f 473 480 479
f 474 475 481
f 474 481 480
f 475 476 482
f 475 482 481
f 476 477 483
f 476 483 482
f 477 478 484
f 477 484 483
f 478 473 479
f 478 479 484
f 485 474 473
f 486 479 480
f 485 475 474
f 486 480 481
f 485 476 475
f 486 481 482
f 485 477 476
f 486 482 483
f 485 478 477
f 486 483 484
f 485 473 478
f 486 484 479
f 487 488 494
f 487 494 493
f 488 489 495
f 488 495 494
f 489 490 496
f 489 496 495
f 490 491 497
f 490 497 496
f 491 492 498
f 491 498 497
f 492 487 493
f 492 493 498
f 499 488 487
f 500 493 494
f 499 489 488
f 500 494 495
f 499 490 489
f 500 495 496
f 499 491 490
f 500 496 497
f 499 492 491
f 500 497 498
f 499 487 492
f 500 498 493
f 501 502 508
f 501 508 507
f 502 503 509
f 502 509 508
f 503 504 510
f 503 510 509
f 504 505 511
f 504 511 510
f 505 506 512
f 505 512 511
f 506 501 507
f 506 507 512
f 513 502 501
f 514 507 508
f 513 503 502
f 514 508 509
f 513 504 503
f 514 509 510
f 513 505 504
f 514 510 511
f 513 506 505
f 514 511 512
f 513 501 506
f 514 512 507
f 515 516 522
f 515 522 521
f 516 517 523
f 516 523 522
f 517 518 524
f 517 524 523
f 518 519 525
f 518 525 524
f 519 520 526
f 519 526 525
f 520 515 521
f 520 521 526
f 527 516 515
f 528 521 522
f 527 517 516
f 528 522 523
f 527 518 517
f 528 523 524
f 527 519 518
f 528 524 525
f 527 520 519
f 528 525 526
f 527 515 520
f 528 526 521
f 529 530 536
f 529 536 535
f 530 531 537
f 530 537 536
f 531 532 538
f 531 538 537
f 532 533 539
f 532 539 538
f 533 534 540
f 533 540 539
f 534 529 535
f 534 535 540
f 541 530 529
f 542 535 536
f 541 531 530
f 542 536 537
f 541 532 531
f 542 537 538
f 541 533 532
f 542 538 539
f 541 534 533
f 542 539 540
f 541 529 534
f 542 540 535
f 543 544 550
f 543 550 549
f 544 545 551
f 544 551 550
f 545 546 552
f 545 552 551
f 546 547 553
f 546 553 552
f 547 548 554
f 547 554 553
f 548 543 549
f 548 549 554
f 555 544 543
f 556 549 550
f 555 545 544
f 556 550 551
f 555 546 545
f 556 551 552
f 555 547 546
f 556 552 553
f 555 548 547
f 556 553 554
f 555 543 548
f 556 554 549
f 557 558 564
f 557 564 563
f 558 559 565
f 558 565 564
f 559 560 566
f 559 566 565
f 560 561 567
f 560 567 566
f 561 562 568
f 561 568 567
f 562 557 563
f 562 563 568
f 569 558 557
f 570 563 564
f 569 559 558
f 570 564 565
f 569 560 559
f 570 565 566
f 569 561 560
f 570 566 567
f 569 562 561
f 570 567 568
f 569 557 562
f 570 568 563
f 571 572 578
f 571 578 577
f 572 573 579
f 572 579 578
f 573 574 580
f 573 580 579
f 574 575 581
f 574 581 580
f 575 576 582
f 575 582 581
f 576 571 577
f 576 577 582
f 583 572 571
f 584 577 578
f 583 573 572
f 584 578 579
f 583 574 573
f 584 579 580
f 583 575 574
f 584 580 581
f 583 576 575
f 584 581 582
f 583 571 576
f 584 582 577
f 585 586 592
f 585 592 591
f 586 587 593
f 586 593 592
f 587 588 594
f 587 594 593
f 588 589 595
f 588 595 594
f 589 590 596
f 589 596 595
f 590 585 591
f 590 591 596
f 597 586 585
f 598 591 592
f 597 587 586
f 598 592 593
f 597 588 587
f 598 593 594
f 597 589 588
f 598 594 595
f 597 590 589
f 598 595 596
f 597 585 590
f 598 596 591
f 599 600 606
f 599 606 605
f 600 601 607
f 600 607 606
f 601 602 608
f 601 608 607
f 602 603 609
f 602 609 608
f 603 604 610
f 603 610 609
f 604 599 605
f 604 605 610
f 611 600 599
f 612 605 606
f 611 601 600
f 612 606 607
f 611 602 601
f 612 607 608
f 611 603 602
f 612 608 609
f 611 604 603
f 612 609 610
f 611 599 604
f 612 610 605
f 613 614 620
f 613 620 619
f 614 615 621
f 614 621 620
f 615 616 622
f 615 622 621
f 616 617 623
f 616 623 622
f 617 618 624
f 617 624 623
f 618 613 619
f 618 619 624
f 625 614 613
f 626 619 620
f 625 615 614
f 626 620 621
f 625 616 615
f 626 621 622
f 625 617 616
f 626 622 623
f 625 618 617
f 626 623 624
f 625 613 618
f 626 624 619
f 627 628 634
f 627 634 633
f 628 629 635
f 628 635 634
f 629 630 636
f 629 636 635
f 630 631 637
f 630 637 636
f 631 632 638
f 631 638 637
f 632 627 633
f 632 633 638
f 639 628 627
f 640 633 634
f 639 629 628
f 640 634 635
f 639 630 629
f 640 635 636
f 639 631 630
f 640 636 637
f 639 632 631
f 640 637 638
f 639 627 632
f 640 638 633
f 641 642 648
f 641 648 647
f 642 643 649
f 642 649 648
f 643 644 650
f 643 650 649
f 644 645 651
f 644 651 650
f 645 646 652
f 645 652 651
f 646 641 647
f 646 647 652
f 653 642 641
f 654 647 648
f 653 643 642
f 654 648 649
f 653 644 643
f 654 649 650
f 653 645 644
f 654 650 651
f 653 646 645
f 654 651 652
f 653 641 646
f 654 652 647
f 655 656 662
f 655 662 661
f 656 657 663
f 656 663 662
f 657 658 664
f 657 664 663
f 658 659 665
f 658 665 664
f 659 660 666
f 659 666 665
f 660 655 661
f 660 661 666
f 667 656 655
f 668 661 662
f 667 657 656
f 668 662 663
f 667 658 657
f 668 663 664
f 667 659 658
f 668 664 665
f 667 660 659
f 668 665 666
f 667 655 660
f 668 666 661
f 669 670 676
f 669 676 675
f 670 671 677
f 670 677 676
f 671 672 678
f 671 678 677
f 672 673 679
f 672 679 678
f 673 674 680
f 673 680 679
f 674 669 675
f 674 675 680
f 681 670 669
f 682 675 676
f 681 671 670
f 682 676 677
f 681 672 671
f 682 677 678
f 681 673 672
f 682 678 679
f 681 674 673
f 682 679 680
f 681 669 674
f 682 680 675
f 683 684 690
f 683 690 689
f 684 685 691
f 684 691 690
f 685 686 692
f 685 692 691
f 686 687 693
f 686 693 692
f 687 688 694
f 687 694 693
f 688 683 689
f 688 689 694
f 695 684 683
f 696 689 690
f 695 685 684
f 696 690 691
f 695 686 685
f 696 691 692
f 695 687 686
f 696 692 693
f 695 688 687
f 696 693 694
f 695 683 688
f 696 694 689
f 697 698 704
f 697 704 703
f 698 699 705
f 698 705 704
f 699 700 706
f 699 706 705
f 700 701 707
f 700 707 706
f 701 702 708
f 701 708 707
f 702 697 703
f 702 703 708
f 709 698 697
f 710 703 704
f 709 699 698
f 710 704 705
f 709 700 699
f 710 705 706
f 709 701 700
f 710 706 707
f 709 702 701
f 710 707 708
f 709 697 702
f 710 708 703
f 711 712 718
f 711 718 717
f 712 713 719
f 712 719 718
f 713 714 720
f 713 720 719
f 714 715 721
f 714 721 720
f 715 716 722
f 715 722 721
f 716 711 717
f 716 717 722
f 723 712 711
f 724 717 718
f 723 713 712
f 724 718 719
f 723 714 713
f 724 719 720
f 723 715 714
f 724 720 721
f 723 716 715
f 724 721 722
f 723 711 716
f 724 722 717
f 725 726 732
f 725 732 731
f 726 727 733
f 726 733 732
f 727 728 734
f 727 734 733
f 728 729 735
f 728 735 734
f 729 730 736
f 729 736 735
f 730 725 731
f 730 731 736
f 737 726 725
f 738 731 732
f 737 727 726
f 738 732 733
f 737 728 727
f 738 733 734
f 737 729 728
f 738 734 735
f 737 730 729
f 738 735 736
f 737 725 730
f 738 736 731
f 739 740 746
f 739 746 745
f 740 741 747
f 740 747 746
f 741 742 748
f 741 748 747
f 742 743 749
f 742 749 748
f 743 744 750
f 743 750 749
f 744 739 745
f 744 745 750
f 751 740 739
f 752 745 746
f 751 741 740
f 752 746 747
f 751 742 741
f 752 747 748
f 751 743 742
f 752 748 749
f 751 744 743
f 752 749 750
f 751 739 744
f 752 750 745
f 753 754 760
f 753 760 759
f 754 755 761
f 754 761 760
f 755 756 762
f 755 762 761
f 756 757 763
f 756 763 762
f 757 758 764
f 757 764 763
f 758 753 759
f 758 759 764
f 765 754 753
f 766 759 760
f 765 755 754
f 766 760 761
f 765 756 755
f 766 761 762
f 765 757 756
f 766 762 763
f 765 758 757
f 766 763 764
f 765 753 758
f 766 764 759
f 767 768 774
f 767 774 773
f 768 769 775
f 768 775 774
f 769 770 776
f 769 776 775
f 770 771 777
f 770 777 776
f 771 772 778
f 771 778 777
f 772 767 773
f 772 773 778
f 779 768 767
f 780 773 774
f 779 769 768
f 780 774 775
f 779 770 769
f 780 775 776
f 779 771 770
f 780 776 777
f 779 772 771
f 780 777 778
f 779 767 772
f 780 778 773
f 781 782 788
f 781 788 787
f 782 783 789
f 782 789 788
f 783 784 790
f 783 790 789
f 784 785 791
f 784 791 790
f 785 786 792
f 785 792 791
f 786 781 787
f 786 787 792
f 793 782 781
f 794 787 788
f 793 783 782
f 794 788 789
f 793 784 783
f 794 789 790
f 793 785 784
f 794 790 791
f 793 786 785
f 794 791 792
f 793 781 786
f 794 792 787
f 795 796 802
f 795 802 801
f 796 797 803
f 796 803 802
f 797 798 804
f 797 804 803
f 798 799 805
f 798 805 804
f 799 800 806
f 799 806 805
f 800 795 801
f 800 801 806
f 807 796 795
f 808 801 802
f 807 797 796
f 808 802 803
f 807 798 797
f 808 803 804
f 807 799 798
f 808 804 805
f 807 800 799
f 808 805 806
f 807 795 800
f 808 806 801
f 809 810 816
f 809 816 815
f 810 811 817
f 810 817 816
f 811 812 818
f 811 818 817
f 812 813 819
f 812 819 818
f 813 814 820
f 813 820 819
f 814 809 815
f 814 815 820
f 821 810 809
f 822 815 816
f 821 811 810
f 822 816 817
f 821 812 811
f 822 817 818
f 821 813 812
f 822 818 819
f 821 814 813
f 822 819 820
f 821 809 814
f 822 820 815
f 823 824 830
f 823 830 829
f 824 825 831
f 824 831 830
f 825 826 832
f 825 832 831
f 826 827 833
f 826 833 832
f 827 828 834
f 827 834 833
f 828 823 829
f 828 829 834
f 835 824 823
f 836 829 830
f 835 825 824
f 836 830 831
f 835 826 825
f 836 831 832
f 835 827 826
f 836 832 833
f 835 828 827
f 836 833 834
f 835 823 828
f 836 834 829
f 837 838 844
f 837 844 843
f 838 839 845
f 838 845 844
f 839 840 846
f 839 846 845
f 840 841 847
f 840 847 846
f 841 842 848
f 841 848 847
f 842 837 843
f 842 843 848
f 849 838 837
f 850 843 844
f 849 839 838
f 850 844 845
f 849 840 839
f 850 845 846
f 849 841 840
f 850 846 847
f 849 842 841
f 850 847 848
f 849 837 842
f 850 848 843
f 851 852 858
f 851 858 857
f 852 853 859
f 852 859 858
f 853 854 860
f 853 860 859
f 854 855 861
f 854 861 860
f 855 856 862
f 855 862 861
f 856 851 857
f 856 857 862
f 863 852 851
f 864 857 858
f 863 853 852
f 864 858 859
f 863 854 853
f 864 859 860
f 863 855 854
f 864 860 861
f 863 856 855
f 864 861 862
f 863 851 856
f 864 862 857
f 865 866 872
f 865 872 871
f 866 867 873
f 866 873 872
f 867 868 874
f 867 874 873
f 868 869 875
f 868 875 874
f 869 870 876
f 869 876 875
f 870 865 871
f 870 871 876
f 877 866 865
f 878 871 872
f 877 867 866
f 878 872 873
f 877 868 867
f 878 873 874
f 877 869 868
f 878 874 875
f 877 870 869
f 878 875 876
f 877 865 870
f 878 876 871
f 879 880 886
f 879 886 885
f 880 881 887
f 880 887 886
f 881 882 888
f 881 888 887
f 882 883 889
f 882 889 888
f 883 884 890
f 883 890 889
f 884 879 885
f 884 885 890
f 891 880 879
f 892 885 886
f 891 881 880
f 892 886 887
f 891 882 881
f 892 887 888
f 891 883 882
f 892 888 889
f 891 884 883
f 892 889 890
f 891 879 884
f 892 890 885
f 893 894 900
f 893 900 899
f 894 895 901
f 894 901 900
f 895 896 902
f 895 902 901
f 896 897 903
f 896 903 902
f 897 898 904
f 897 904 903
f 898 893 899
f 898 899 904
f 905 894 893
f 906 899 900
f 905 895 894
f 906 900 901
f 905 896 895
f 906 901 902
f 905 897 896
f 906 902 903
f 905 898 897
f 906 903 904
f 905 893 898
f 906 904 899
f 907 908 914
f 907 914 913
f 908 909 915
f 908 915 914
f 909 910 916
f 909 916 915
f 910 911 917
f 910 917 916
f 911 912 918
f 911 918 917
f 912 907 913
f 912 913 918
f 919 908 907
f 920 913 914
f 919 909 908
f 920 914 915
f 919 910 909
f 920 915 916
f 919 911 910
f 920 916 917
f 919 912 911
f 920 917 918
f 919 907 912
f 920 918 913
f 921 922 928
f 921 928 927
f 922 923 929
f 922 929 928
f 923 924 930
f 923 930 929
f 924 925 931
f 924 931 930
f 925 926 932
f 925 932 931
f 926 921 927
f 926 927 932
f 933 922 921
f 934 927 928
f 933 923 922
f 934 928 929
f 933 924 923
f 934 929 930
f 933 925 924
f 934 930 931
f 933 926 925
f 934 931 932
f 933 921 926
f 934 932 927
g links_equatorial
usemtl links_equatorial
f 935 936 942
f 935 942 941
f 936 937 943
f 936 943 942
f 937 938 944
f 937 944 943
f 938 939 945
f 938 945 944
f 939 940 946
f 939 946 945
f 940 935 941
f 940 941 946
f 947 936 935
f 948 941 942
f 947 937 936
f 948 942 943
f 947 938 937
f 948 943 944
f 947 939 938
f 948 944 945
f 947 940 939
f 948 945 946
f 947 935 940
f 948 946 941
f 949 950 956
f 949 956 955
f 950 951 957
f 950 957 956
f 951 952 958
f 951 958 957
f 952 953 959
f 952 959 958
f 953 954 960
f 953 960 959
f 954 949 955
f 954 955 960
f 961 950 949
f 962 955 956
f 961 951 950
f 962 956 957
f 961 952 951
f 962 957 958
f 961 953 952
f 962 958 959
f 961 954 953
f 962 959 960
f 961 949 954
f 962 960 955
f 1003 1004 1010
f 1003 1010 1009
f 1004 1005 1011
f 1004 1011 1010
f 1005 1006 1012
f 1005 1012 1011
f 1006 1007 1013
f 1006 1013 1012
f 1007 1008 1014
f 1007 1014 1013
f 1008 1003 1009
f 1008 1009 1014
f 1015 1004 1003
f 1016 1009 1010
f 1015 1005 1004
f 1016 1010 1011
f 1015 1006 1005
f 1016 1011 1012
f 1015 1007 1006
f 1016 1012 1013
f 1015 1008 1007
f 1016 1013 1014
f 1015 1003 1008
f 1016 1014 1009
f 1017 1018 1024
f 1017 1024 1023
f 1018 1019 1025
f 1018 1025 1024
f 1019 1020 1026
f 1019 1026 1025
f 1020 1021 1027
f 1020 1027 1026
f 1021 1022 1028
f 1021 1028 1027
f 1022 1017 1023
f 1022 1023 1028
f 1029 1018 1017
f 1030 1023 1024
f 1029 1019 1018
f 1030 1024 1025
f 1029 1020 1019
f 1030 1025 1026
f 1029 1021 1020
f 1030 1026 1027
f 1029 1022 1021
f 1030 1027 1028
f 1029 1017 1022
f 1030 1028 1023
f 1071 1072 1078
f 1071 1078 1077
f 1072 1073 1079
f 1072 1079 1078
f 1073 1074 1080
f 1073 1080 1079
f 1074 1075 1081
f 1074 1081 1080
f 1075 1076 1082
f 1075 1082 1081
f 1076 1071 1077
f 1076 1077 1082
f 1083 1072 1071
f 1084 1077 1078
f 1083 1073 1072
f 1084 1078 1079
f 1083 1074 1073
f 1084 1079 1080
f 1083 1075 1074
f 1084 1080 1081
f 1083 1076 1075
f 1084 1081 1082
f 1083 1071 1076
f 1084 1082 1077
f 1085 1086 1092
f 1085 1092 1091
f 1086 1087 1093
f 1086 1093 1092
f 1087 1088 1094
f 1087 1094 1093
f 1088 1089 1095
f 1088 1095 1094
f 1089 1090 1096
f 1089 1096 1095
f 1090 1085 1091
f 1090 1091 1096
f 1097 1086 1085
f 1098 1091 1092
f 1097 1087 1086
f 1098 1092 1093
f 1097 1088 1087
f 1098 1093 1094
f 1097 1089 1088
f 1098 1094 1095
f 1097 1090 1089
f 1098 1095 1096
f 1097 1085 1090
f 1098 1096 1091
f 1139 1140 1146
f 1139 1146 1145
f 1140 1141 1147
f 1140 1147 1146
f 1141 1142 1148
f 1141 1148 1147
f 1142 1143 1149
f 1142 1149 1148
f 1143 1144 1150
f 1143 1150 1149
f 1144 1139 1145
f 1144 1145 1150
f 1151 1140 1139
f 1152 1145 1146
f 1151 1141 1140
f 1152 1146 1147
f 1151 1142 1141
f 1152 1147 1148
f 1151 1143 1142
f 1152 1148 1149
f 1151 1144 1143
f 1152 1149 1150
f 1151 1139 1144
f 1152 1150 1145
f 1153 1154 1160
f 1153 1160 1159
f 1154 1155 1161
f 1154 1161 1160
f 1155 1156 1162
f 1155 1162 1161
f 1156 1157 1163
f 1156 1163 1162
f 1157 1158 1164
f 1157 1164 1163
f 1158 1153 1159
f 1158 1159 1164
f 1165 1154 1153
f 1166 1159 1160
f 1165 1155 1154
f 1166 1160 1161
f 1165 1156 1155
f 1166 1161 1162
f 1165 1157 1156
f 1166 1162 1163
f 1165 1158 1157
f 1166 1163 1164
f 1165 1153 1158
f 1166 1164 1159
f 1207 1208 1214
f 1207 1214 1213
f 1208 1209 1215
f 1208 1215 1214
f 1209 1210 1216
f 1209 1216 1215
f 1210 1211 1217
f 1210 1217 1216
f 1211 1212 1218
f 1211 1218 1217
f 1212 1207 1213
f 1212 1213 1218
f 1219 1208 1207
f 1220 1213 1214
f 1219 1209 1208
f 1220 1214 1215
f 1219 1210 1209
f 1220 1215 1216
f 1219 1211 1210
f 1220 1216 1217
f 1219 1212 1211
f 1220 1217 1218
f 1219 1207 1212
f 1220 1218 1213
f 1221 1222 1228
f 1221 1228 1227
f 1222 1223 1229
f 1222 1229 1228
f 1223 1224 1230
f 1223 1230 1229
f 1224 1225 1231
f 1224 1231 1230
f 1225 1226 1232
f 1225 1232 1231
f 1226 1221 1227
f 1226 1227 1232
f 1233 1222 1221
f 1234 1227 1228
f 1233 1223 1222
f 1234 1228 1229
f 1233 1224 1223
f 1234 1229 1230
f 1233 1225 1224
f 1234 1230 1231
f 1233 1226 1225
f 1234 1231 1232
f 1233 1221 1226
f 1234 1232 1227
f 1275 1276 1282
f 1275 1282 1281
f 1276 1277 1283
f 1276 1283 1282
f 1277 1278 1284
f 1277 1284 1283
f 1278 1279 1285
f 1278 1285 1284
f 1279 1280 1286
f 1279 1286 1285
f 1280 1275 1281
f 1280 1281 1286
f 1287 1276 1275
f 1288 1281 1282
f 1287 1277 1276
f 1288 1282 1283
f 1287 1278 1277
f 1288 1283 1284
f 1287 1279 1278
f 1288 1284 1285
f 1287 1280 1279
f 1288 1285 1286
f 1287 1275 1280
f 1288 1286 1281
f 1289 1290 1296
f 1289 1296 1295
f 1290 1291 1297
f 1290 1297 1296
f 1291 1292 1298
f 1291 1298 1297
f 1292 1293 1299
f 1292 1299 1298
f 1293 1294 1300
f 1293 1300 1299
f 1294 1289 1295
f 1294 1295 1300
f 1301 1290 1289
f 1302 1295 1296
f 1301 1291 1290
f 1302 1296 1297
f 1301 1292 1291
f 1302 1297 1298
f 1301 1293 1292
f 1302 1298 1299
f 1301 1294 1293
f 1302 1299 1300
f 1301 1289 1294
f 1302 1300 1295
f 1343 1344 1350
f 1343 1350 1349
f 1344 1345 1351
f 1344 1351 1350
f 1345 1346 1352
f 1345 1352 1351
f 1346 1347 1353
f 1346 1353 1352
f 1347 1348 1354
f 1347 1354 1353
f 1348 1343 1349
f 1348 1349 1354
f 1355 1344 1343
f 1356 1349 1350
f 1355 1345 1344
f 1356 1350 1351
f 1355 1346 1345
f 1356 1351 1352
f 1355 1347 1346
f 1356 1352 1353
f 1355 1348 1347
f 1356 1353 1354
f 1355 1343 1348
f 1356 1354 1349
f 1357 1358 1364
f 1357 1364 1363
f 1358 1359 1365
f 1358 1365 1364
f 1359 1360 1366
f 1359 1366 1365
f 1360 1361 1367
f 1360 1367 1366
f 1361 1362 1368
f 1361 1368 1367
f 1362 1357 1363
f 1362 1363 1368
f 1369 1358 1357
f 1370 1363 1364
f 1369 1359 1358
f 1370 1364 1365
f 1369 1360 1359
f 1370 1365 1366
f 1369 1361 1360
f 1370 1366 1367
f 1369 1362 1361
f 1370 1367 1368
f 1369 1357 1362
f 1370 1368 1363
f 1411 1412 1418
f 1411 1418 1417
f 1412 1413 1419
f 1412 1419 1418
f 1413 1414 1420
f 1413 1420 1419
f 1414 1415 1421
f 1414 1421 1420
f 1415 1416 1422
f 1415 1422 1421
f 1416 1411 1417
f 1416 1417 1422
f 1423 1412 1411
f 1424 1417 1418
f 1423 1413 1412
f 1424 1418 1419
f 1423 1414 1413
f 1424 1419 1420
f 1423 1415 1414
f 1424 1420 1421
f 1423 1416 1415
f 1424 1421 1422
f 1423 1411 1416
f 1424 1422 1417
f 1425 1426 1432
f 1425 1432 1431
f 1426 1427 1433
f 1426 1433 1432
f 1427 1428 1434
f 1427 1434 1433
f 1428 1429 1435
f 1428 1435 1434
f 1429 1430 1436
f 1429 1436 1435
f 1430 1425 1431
f 1430 1431 1436
f 1437 1426 1425
f 1438 1431 1432
f 1437 1427 1426
f 1438 1432 1433
f 1437 1428 1427
f 1438 1433 1434
f 1437 1429 1428
f 1438 1434 1435
f 1437 1430 1429
f 1438 1435 1436
f 1437 1425 1430
f 1438 1436 1431
f 1479 1480 1486
f 1479 1486 1485
f 1480 1481 1487
f 1480 1487 1486
f 1481 1482 1488
f 1481 1488 1487
f 1482 1483 1489
f 1482 1489 1488
f 1483 1484 1490
f 1483 1490 1489
f 1484 1479 1485
f 1484 1485 1490
f 1491 1480 1479
f 1492 1485 1486
f 1491 1481 1480
f 1492 1486 1487
f 1491 1482 1481
f 1492 1487 1488
f 1491 1483 1482
f 1492 1488 1489
f 1491 1484 1483
f 1492 1489 1490
f 1491 1479 1484
f 1492 1490 1485
f 1493 1494 1500
f 1493 1500 1499
f 1494 1495 1501
f 1494 1501 1500
f 1495 1496 1502
f 1495 1502 1501
f 1496 1497 1503
f 1496 1503 1502
f 1497 1498 1504
f 1497 1504 1503
f 1498 1493 1499
f 1498 1499 1504
f 1505 1494 1493
f 1506 1499 1500
f 1505 1495 1494
f 1506 1500 1501
f 1505 1496 1495
f 1506 1501 1502
f 1505 1497 1496
f 1506 1502 1503
f 1505 1498 1497
f 1506 1503 1504
f 1505 1493 1498
f 1506 1504 1499
f 1547 1548 1554
f 1547 1554 1553
f 1548 1549 1555
f 1548 1555 1554
f 1549 1550 1556
f 1549 1556 1555
f 1550 1551 1557
f 1550 1557 1556
f 1551 1552 1558
f 1551 1558 1557
f 1552 1547 1553
f 1552 1553 1558
f 1559 1548 1547
f 1560 1553 1554
f 1559 1549 1548
f 1560 1554 1555
f 1559 1550 1549
f 1560 1555 1556
f 1559 1551 1550
f 1560 1556 1557
f 1559 1552 1551
f 1560 1557 1558
f 1559 1547 1552
f 1560 1558 1553
f 1561 1562 1568
f 1561 1568 1567
f 1562 1563 1569
f 1562 1569 1568
f 1563 1564 1570
f 1563 1570 1569
f 1564 1565 1571
f 1564 1571 1570
f 1565 1566 1572
f 1565 1572 1571
f 1566 1561 1567
f 1566 1567 1572
f 1573 1562 1561
f 1574 1567 1568
f 1573 1563 1562
f 1574 1568 1569
f 1573 1564 1563
f 1574 1569 1570
f 1573 1565 1564
f 1574 1570 1571
f 1573 1566 1565
f 1574 1571 1572
f 1573 1561 1566
f 1574 1572 1567
f 1615 1616 1622
f 1615 1622 1621
f 1616 1617 1623
f 1616 1623 1622
f 1617 1618 1624
f 1617 1624 1623
f 1618 1619 1625
f 1618 1625 1624
f 1619 1620 1626
f 1619 1626 1625
f 1620 1615 1621
f 1620 1621 1626
f 1627 1616 1615
f 1628 1621 1622
f 1627 1617 1616
f 1628 1622 1623
f 1627 1618 1617
f 1628 1623 1624
f 1627 1619 1618
f 1628 1624 1625
f 1627 1620 1619
f 1628 1625 1626
f 1627 1615 1620
f 1628 1626 1621
f 1629 1630 1636
f 1629 1636 1635
f 1630 1631 1637
f 1630 1637 1636
f 1631 1632 1638
f 1631 1638 1637
f 1632 1633 1639
f 1632 1639 1638
f 1633 1634 1640
f 1633 1640 1639
f 1634 1629 1635
f 1634 1635 1640
f 1641 1630 1629
f 1642 1635 1636
f 1641 1631 1630
f 1642 1636 1637
f 1641 1632 1631
f 1642 1637 1638
f 1641 1633 1632
f 1642 1638 1639
f 1641 1634 1633
f 1642 1639 1640
f 1641 1629 1634
f 1642 1640 1635
f 1683 1684 1690
f 1683 1690 1689
f 1684 1685 1691
f 1684 1691 1690
f 1685 1686 1692
f 1685 1692 1691
f 1686 1687 1693
f 1686 1693 1692
f 1687 1688 1694
f 1687 1694 1693
f 1688 1683 1689
f 1688 1689 1694
f 1695 1684 1683
f 1696 1689 1690
f 1695 1685 1684
f 1696 1690 1691
f 1695 1686 1685
f 1696 1691 1692
f 1695 1687 1686
f 1696 1692 1693
f 1695 1688 1687
f 1696 1693 1694
f 1695 1683 1688
f 1696 1694 1689
f 1697 1698 1704
f 1697 1704 1703
f 1698 1699 1705
f 1698 1705 1704
f 1699 1700 1706
f 1699 1706 1705
f 1700 1701 1707
f 1700 1707 1706
f 1701 1702 1708
f 1701 1708 1707
f 1702 1697 1703
f 1702 1703 1708
f 1709 1698 1697
f 1710 1703 1704
f 1709 1699 1698
f 1710 1704 1705
f 1709 1700 1699
f 1710 1705 1706
f 1709 1701 1700
f 1710 1706 1707
f 1709 1702 1701
f 1710 1707 1708
f 1709 1697 1702
f 1710 1708 1703
f 1751 1752 1758
f 1751 1758 1757
f 1752 1753 1759
f 1752 1759 1758
f 1753 1754 1760
f 1753 1760 1759
f 1754 1755 1761
f 1754 1761 1760
f 1755 1756 1762
f 1755 1762 1761
f 1756 1751 1757
f 1756 1757 1762
f 1763 1752 1751
f 1764 1757 1758
f 1763 1753 1752
f 1764 1758 1759
f 1763 1754 1753
f 1764 1759 1760
f 1763 1755 1754
f 1764 1760 1761
f 1763 1756 1755
f 1764 1761 1762
f 1763 1751 1756
f 1764 1762 1757
f 1765 1766 1772
f 1765 1772 1771
f 1766 1767 1773
f 1766 1773 1772
f 1767 1768 1774
f 1767 1774 1773
f 1768 1769 1775
f 1768 1775 1774
f 1769 1770 1776
f 1769 1776 1775
f 1770 1765 1771
f 1770 1771 1776
f 1777 1766 1765
f 1778 1771 1772
f 1777 1767 1766
f 1778 1772 1773
f 1777 1768 1767
f 1778 1773 1774
f 1777 1769 1768
f 1778 1774 1775
f 1777 1770 1769
f 1778 1775 1776
f 1777 1765 1770
f 1778 1776 1771
f 1819 1820 1826
f 1819 1826 1825
f 1820 1821 1827
f 1820 1827 1826
f 1821 1822 1828
f 1821 1828 1827
f 1822 1823 1829
f 1822 1829 1828
f 1823 1824 1830
f 1823 1830 1829
f 1824 1819 1825
f 1824 1825 1830
f 1831 1820 1819
f 1832 1825 1826
f 1831 1821 1820
f 1832 1826 1827
f 1831 1822 1821
f 1832 1827 1828
f 1831 1823 1822
f 1832 1828 1829
f 1831 1824 1823
f 1832 1829 1830
f 1831 1819 1824
f 1832 1830 1825
f 1833 1834 1840
f 1833 1840 1839
f 1834 1835 1841
f 1834 1841 1840
f 1835 1836 1842
f 1835 1842 1841
f 1836 1837 1843
f 1836 1843 1842
f 1837 1838 1844
f 1837 1844 1843
f 1838 1833 1839
f 1838 1839 1844
f 1845 1834 1833
f 1846 1839 1840
f 1845 1835 1834
f 1846 1840 1841
f 1845 1836 1835
f 1846 1841 1842
f 1845 1837 1836
f 1846 1842 1843
f 1845 1838 1837
f 1846 1843 1844
f 1845 1833 1838
f 1846 1844 1839
f 1887 1888 1894
f 1887 1894 1893
f 1888 1889 1895
f 1888 1895 1894
f 1889 1890 1896
f 1889 1896 1895
f 1890 1891 1897
f 1890 1897 1896
f 1891 1892 1898
f 1891 1898 1897
f 1892 1887 1893
f 1892 1893 1898
f 1899 1888 1887
f 1900 1893 1894
f 1899 1889 1888
f 1900 1894 1895
f 1899 1890 1889
f 1900 1895 1896
f 1899 1891 1890
f 1900 1896 1897
f 1899 1892 1891
f 1900 1897 1898
f 1899 1887 1892
f 1900 1898 1893
f 1901 1902 1908
f 1901 1908 1907
f 1902 1903 1909
f 1902 1909 1908
f 1903 1904 1910
f 1903 1910 1909
f 1904 1905 1911
f 1904 1911 1910
f 1905 1906 1912
f 1905 1912 1911
f 1906 1901 1907
f 1906 1907 1912
f 1913 1902 1901
f 1914 1907 1908
f 1913 1903 1902
f 1914 1908 1909
f 1913 1904 1903
f 1914 1909 1910
f 1913 1905 1904
f 1914 1910 1911
f 1913 1906 1905
f 1914 1911 1912
f 1913 1901 1906
f 1914 1912 1907
f 1955 1956 1962
f 1955 1962 1961
f 1956 1957 1963
f 1956 1963 1962
f 1957 1958 1964
f 1957 1964 1963
f 1958 1959 1965
f 1958 1965 1964
f 1959 1960 1966
f 1959 1966 1965
f 1960 1955 1961
f 1960 1961 1966
f 1967 1956 1955
f 1968 1961 1962
f 1967 1957 1956
f 1968 1962 1963
f 1967 1958 1957
f 1968 1963 1964
f 1967 1959 1958
f 1968 1964 1965
f 1967 1960 1959
f 1968 1965 1966
f 1967 1955 1960
f 1968 1966 1961
f 1969 1970 1976
f 1969 1976 1975
f 1970 1971 1977
f 1970 1977 1976
f 1971 1972 1978
f 1971 1978 1977
f 1972 1973 1979
f 1972 1979 1978
f 1973 1974 1980
f 1973 1980 1979
f 1974 1969 1975
f 1974 1975 1980
f 1981 1970 1969
f 1982 1975 1976
f 1981 1971 1970
f 1982 1976 1977
f 1981 1972 1971
f 1982 1977 1978
f 1981 1973 1972
f 1982 1978 1979
f 1981 1974 1973
f 1982 1979 1980
f 1981 1969 1974
f 1982 1980 1975
f 2663 2664 2670
f 2663 2670 2669
f 2664 2665 2671
f 2664 2671 2670
f 2665 2666 2672
f 2665 2672 2671
f 2666 2667 2673
f 2666 2673 2672
f 2667 2668 2674
f 2667 2674 2673
f 2668 2663 2669
f 2668 2669 2674
f 2675 2664 2663
f 2676 2669 2670
f 2675 2665 2664
f 2676 2670 2671
f 2675 2666 2665
f 2676 2671 2672
f 2675 2667 2666
f 2676 2672 2673
f 2675 2668 2667
f 2676 2673 2674
f 2675 2663 2668
f 2676 2674 2669
f 2677 2678 2684
f 2677 2684 2683
f 2678 2679 2685
f 2678 2685 2684
f 2679 2680 2686
f 2679 2686 2685
f 2680 2681 2687
f 2680 2687 2686
f 2681 2682 2688
f 2681 2688 2687
f 2682 2677 2683
f 2682 2683 2688
f 2689 2678 2677
f 2690 2683 2684
f 2689 2679 2678
f 2690 2684 2685
f 2689 2680 2679
f 2690 2685 2686
f 2689 2681 2680
f 2690 2686 2687
f 2689 2682 2681
f 2690 2687 2688
f 2689 2677 2682
f 2690 2688 2683
f 2691 2692 2698
f 2691 2698 2697
f 2692 2693 2699
f 2692 2699 2698
f 2693 2694 2700
f 2693 2700 2699
f 2694 2695 2701
f 2694 2701 2700
f 2695 2696 2702
f 2695 2702 2701
f 2696 2691 2697
f 2696 2697 2702
f 2703 2692 2691
f 2704 2697 2698
f 2703 2693 2692
f 2704 2698 2699
f 2703 2694 2693
f 2704 2699 2700
f 2703 2695 2694
f 2704 2700 2701
f 2703 2696 2695
f 2704 2701 2702
f 2703 2691 2696
f 2704 2702 2697
f 2705 2706 2712
f 2705 2712 2711
f 2706 2707 2713
f 2706 2713 2712
f 2707 2708 2714
f 2707 2714 2713
f 2708 2709 2715
f 2708 2715 2714
f 2709 2710 2716
f 2709 2716 2715
f 2710 2705 2711
f 2710 2711 2716
f 2717 2706 2705
f 2718 2711 2712
f 2717 2707 2706
f 2718 2712 2713
f 2717 2708 2707
f 2718 2713 2714
f 2717 2709 2708
f 2718 2714 2715
f 2717 2710 2709
f 2718 2715 2716
f 2717 2705 2710
f 2718 2716 2711
f 2719 2720 2726
f 2719 2726 2725
f 2720 2721 2727
f 2720 2727 2726
f 2721 2722 2728
f 2721 2728 2727
f 2722 2723 2729
f 2722 2729 2728
f 2723 2724 2730
f 2723 2730 2729
f 2724 2719 2725
f 2724 2725 2730
f 2731 2720 2719
f 2732 2725 2726
f 2731 2721 2720
f 2732 2726 2727
f 2731 2722 2721
f 2732 2727 2728
f 2731 2723 2722
f 2732 2728 2729
f 2731 2724 2723
f 2732 2729 2730
f 2731 2719 2724
f 2732 2730 2725
f 2733 2734 2740
f 2733 2740 2739
f 2734 2735 2741
f 2734 2741 2740
f 2735 2736 2742
f 2735 2742 2741
f 2736 2737 2743
f 2736 2743 2742
f 2737 2738 2744
f 2737 2744 2743
f 2738 2733 2739
f 2738 2739 2744
f 2745 2734 2733
f 2746 2739 2740
f 2745 2735 2734
f 2746 2740 2741
f 2745 2736 2735
f 2746 2741 2742
f 2745 2737 2736
f 2746 2742 2743
f 2745 2738 2737
f 2746 2743 2744
f 2745 2733 2738
f 2746 2744 2739
f 2747 2748 2754
f 2747 2754 2753
f 2748 2749 2755
f 2748 2755 2754
f 2749 2750 2756
f 2749 2756 2755
f 2750 2751 2757
f 2750 2757 2756
f 2751 2752 2758
f 2751 2758 2757
f 2752 2747 2753
f 2752 2753 2758
f 2759 2748 2747
f 2760 2753 2754
f 2759 2749 2748
f 2760 2754 2755
f 2759 2750 2749
f 2760 2755 2756
f 2759 2751 2750
f 2760 2756 2757
f 2759 2752 2751
f 2760 2757 2758
f 2759 2747 2752
f 2760 2758 2753
f 2761 2762 2768
f 2761 2768 2767
f 2762 2763 2769
f 2762 2769 2768
f 2763 2764 2770
f 2763 2770 2769
f 2764 2765 2771
f 2764 2771 2770
f 2765 2766 2772
f 2765 2772 2771
f 2766 2761 2767
f 2766 2767 2772
f 2773 2762 2761
f 2774 2767 2768
f 2773 2763 2762
f 2774 2768 2769
f 2773 2764 2763
f 2774 2769 2770
f 2773 2765 2764
f 2774 2770 2771
f 2773 2766 2765
f 2774 2771 2772
f 2773 2761 2766
f 2774 2772 2767
f 2775 2776 2782
f 2775 2782 2781
f 2776 2777 2783
f 2776 2783 2782
f 2777 2778 2784
f 2777 2784 2783
f 2778 2779 2785
f 2778 2785 2784
f 2779 2780 2786
f 2779 2786 2785
f 2780 2775 2781
f 2780 2781 2786
f 2787 2776 2775
f 2788 2781 2782
f 2787 2777 2776
f 2788 2782 2783
f 2787 2778 2777
f 2788 2783 2784
f 2787 2779 2778
f 2788 2784 2785
f 2787 2780 2779
f 2788 2785 2786
f 2787 2775 2780
f 2788 2786 2781
f 2789 2790 2796
f 2789 2796 2795
f 2790 2791 2797
f 2790 2797 2796
f 2791 2792 2798
f 2791 2798 2797
f 2792 2793 2799
f 2792 2799 2798
f 2793 2794 2800
f 2793 2800 2799
f 2794 2789 2795
f 2794 2795 2800
f 2801 2790 2789
f 2802 2795 2796
f 2801 2791 2790
f 2802 2796 2797
f 2801 2792 2791
f 2802 2797 2798
f 2801 2793 2792
f 2802 2798 2799
f 2801 2794 2793
f 2802 2799 2800
f 2801 2789 2794
f 2802 2800 2795
f 2803 2804 2810
f 2803 2810 2809
f 2804 2805 2811
f 2804 2811 2810
f 2805 2806 2812
f 2805 2812 2811
f 2806 2807 2813
f 2806 2813 2812
f 2807 2808 2814
f 2807 2814 2813
f 2808 2803 2809
f 2808 2809 2814
f 2815 2804 2803
f 2816 2809 2810
f 2815 2805 2804
f 2816 2810 2811
f 2815 2806 2805
f 2816 2811 2812
f 2815 2807 2806
f 2816 2812 2813
f 2815 2808 2807
f 2816 2813 2814
f 2815 2803 2808
f 2816 2814 2809
f 2817 2818 2824
f 2817 2824 2823
f 2818 2819 2825
f 2818 2825 2824
f 2819 2820 2826
f 2819 2826 2825
f 2820 2821 2827
f 2820 2827 2826
f 2821 2822 2828
f 2821 2828 2827
f 2822 2817 2823
f 2822 2823 2828
f 2829 2818 2817
f 2830 2823 2824
f 2829 2819 2818
f 2830 2824 2825
f 2829 2820 2819
f 2830 2825 2826
f 2829 2821 2820
f 2830 2826 2827
f 2829 2822 2821
f 2830 2827 2828
f 2829 2817 2822
f 2830 2828 2823
f 2831 2832 2838
f 2831 2838 2837
f 2832 2833 2839
f 2832 2839 2838
f 2833 2834 2840
f 2833 2840 2839
f 2834 2835 2841
f 2834 2841 2840
f 2835 2836 2842
f 2835 2842 2841
f 2836 2831 2837
f 2836 2837 2842
f 2843 2832 2831
f 2844 2837 2838
f 2843 2833 2832
f 2844 2838 2839
f 2843 2834 2833
f 2844 2839 2840
f 2843 2835 2834
f 2844 2840 2841
f 2843 2836 2835
f 2844 2841 2842
f 2843 2831 2836
f 2844 2842 2837
f 2845 2846 2852
f 2845 2852 2851
f 2846 2847 2853
f 2846 2853 2852
f 2847 2848 2854
f 2847 2854 2853
f 2848 2849 2855
f 2848 2855 2854
f 2849 2850 2856
f 2849 2856 2855
f 2850 2845 2851
f 2850 2851 2856
f 2857 2846 2845
f 2858 2851 2852
f 2857 2847 2846
f 2858 2852 2853
f 2857 2848 2847
f 2858 2853 2854
f 2857 2849 2848
f 2858 2854 2855
f 2857 2850 2849
f 2858 2855 2856
f 2857 2845 2850
f 2858 2856 2851
f 2859 2860 2866
f 2859 2866 2865
f 2860 2861 2867
f 2860 2867 2866
f 2861 2862 2868
f 2861 2868 2867
f 2862 2863 2869
f 2862 2869 2868
f 2863 2864 2870
f 2863 2870 2869
f 2864 2859 2865
f 2864 2865 2870
f 2871 2860 2859
f 2872 2865 2866
f 2871 2861 2860
f 2872 2866 2867
f 2871 2862 2861
f 2872 2867 2868
f 2871 2863 2862
f 2872 2868 2869
f 2871 2864 2863
f 2872 2869 2870
f 2871 2859 2864
f 2872 2870 2865
f 2873 2874 2880
f 2873 2880 2879
f 2874 2875 2881
f 2874 2881 2880
f 2875 2876 2882
f 2875 2882 2881
f 2876 2877 2883
f 2876 2883 2882
f 2877 2878 2884
f 2877 2884 2883
f 2878 2873 2879
f 2878 2879 2884
f 2885 2874 2873
f 2886 2879 2880
f 2885 2875 2874
f 2886 2880 2881
f 2885 2876 2875
f 2886 2881 2882
f 2885 2877 2876
f 2886 2882 2883
f 2885 2878 2877
f 2886 2883 2884
f 2885 2873 2878
f 2886 2884 2879
f 2887 2888 2894
f 2887 2894 2893
f 2888 2889 2895
f 2888 2895 2894
f 2889 2890 2896
f 2889 2896 2895
f 2890 2891 2897
f 2890 2897 2896
f 2891 2892 2898
f 2891 2898 2897
f 2892 2887 2893
f 2892 2893 2898
f 2899 2888 2887
f 2900 2893 2894
f 2899 2889 2888
f 2900 2894 2895
f 2899 2890 2889
f 2900 2895 2896
f 2899 2891 2890
f 2900 2896 2897
f 2899 2892 2891
f 2900 2897 2898
f 2899 2887 2892
f 2900 2898 2893
f 2901 2902 2908
f 2901 2908 2907
f 2902 2903 2909
f 2902 2909 2908
f 2903 2904 2910
f 2903 2910 2909
f 2904 2905 2911
f 2904 2911 2910
f 2905 2906 2912
f 2905 2912 2911
f 2906 2901 2907
f 2906 2907 2912
f 2913 2902 2901
f 2914 2907 2908
f 2913 2903 2902
f 2914 2908 2909
f 2913 2904 2903
f 2914 2909 2910
f 2913 2905 2904
f 2914 2910 2911
f 2913 2906 2905
f 2914 2911 2912
f 2913 2901 2906
f 2914 2912 2907
f 2915 2916 2922
f 2915 2922 2921
f 2916 2917 2923
f 2916 2923 2922
f 2917 2918 2924
f 2917 2924 2923
f 2918 2919 2925
f 2918 2925 2924
f 2919 2920 2926
f 2919 2926 2925
f 2920 2915 2921
f 2920 2921 2926
f 2927 2916 2915
f 2928 2921 2922
f 2927 2917 2916
f 2928 2922 2923
f 2927 2918 2917
f 2928 2923 2924
f 2927 2919 2918
f 2928 2924 2925
f 2927 2920 2919
f 2928 2925 2926
f 2927 2915 2920
f 2928 2926 2921
f 2929 2930 2936
f 2929 2936 2935
f 2930 2931 2937
f 2930 2937 2936
f 2931 2932 2938
f 2931 2938 2937
f 2932 2933 2939
f 2932 2939 2938
f 2933 2934 2940
f 2933 2940 2939
f 2934 2929 2935
f 2934 2935 2940
f 2941 2930 2929
f 2942 2935 2936
f 2941 2931 2930
f 2942 2936 2937
f 2941 2932 2931
f 2942 2937 2938
f 2941 2933 2932
f 2942 2938 2939
f 2941 2934 2933
f 2942 2939 2940
f 2941 2929 2934
f 2942 2940 2935
f 2943 2944 2950
f 2943 2950 2949
f 2944 2945 2951
f 2944 2951 2950
f 2945 2946 2952
f 2945 2952 2951
f 2946 2947 2953
f 2946 2953 2952
f 2947 2948 2954
f 2947 2954 2953
f 2948 2943 2949
f 2948 2949 2954
f 2955 2944 2943
f 2956 2949 2950
f 2955 2945 2944
f 2956 2950 2951
f 2955 2946 2945
f 2956 2951 2952
f 2955 2947 2946
f 2956 2952 2953
f 2955 2948 2947
f 2956 2953 2954
f 2955 2943 2948
f 2956 2954 2949
f 2957 2958 2964
f 2957 2964 2963
f 2958 2959 2965
f 2958 2965 2964
f 2959 2960 2966
f 2959 2966 2965
f 2960 2961 2967
f 2960 2967 2966
f 2961 2962 2968
f 2961 2968 2967
f 2962 2957 2963
f 2962 2963 2968
f 2969 2958 2957
f 2970 2963 2964
f 2969 2959 2958
f 2970 2964 2965
f 2969 2960 2959
f 2970 2965 2966
f 2969 2961 2960
f 2970 2966 2967
f 2969 2962 2961
f 2970 2967 2968
f 2969 2957 2962
f 2970 2968 2963
f 2971 2972 2978
f 2971 2978 2977
f 2972 2973 2979
f 2972 2979 2978
f 2973 2974 2980
f 2973 2980 2979
f 2974 2975 2981
f 2974 2981 2980
f 2975 2976 2982
f 2975 2982 2981
f 2976 2971 2977
f 2976 2977 2982
f 2983 2972 2971
f 2984 2977 2978
f 2983 2973 2972
f 2984 2978 2979
f 2983 2974 2973
f 2984 2979 2980
f 2983 2975 2974
f 2984 2980 2981
f 2983 2976 2975
f 2984 2981 2982
f 2983 2971 2976
f 2984 2982 2977
f 2985 2986 2992
f 2985 2992 2991
f 2986 2987 2993
f 2986 2993 2992
f 2987 2988 2994
f 2987 2994 2993
f 2988 2989 2995
f 2988 2995 2994
f 2989 2990 2996
f 2989 2996 2995
f 2990 2985 2991
f 2990 2991 2996
f 2997 2986 2985
f 2998 2991 2992
f 2997 2987 2986
f 2998 2992 2993
f 2997 2988 2987
f 2998 2993 2994
f 2997 2989 2988
f 2998 2994 2995
f 2997 2990 2989
f 2998 2995 2996
f 2997 2985 2990
f 2998 2996 2991
f 2999 3000 3006
f 2999 3006 3005
f 3000 3001 3007
f 3000 3007 3006
f 3001 3002 3008
f 3001 3008 3007
f 3002 3003 3009
f 3002 3009 3008
f 3003 3004 3010
f 3003 3010 3009
f 3004 2999 3005
f 3004 3005 3010
f 3011 3000 2999
f 3012 3005 3006
f 3011 3001 3000
f 3012 3006 3007
f 3011 3002 3001
f 3012 3007 3008
f 3011 3003 3002
f 3012 3008 3009
f 3011 3004 3003
f 3012 3009 3010
f 3011 2999 3004
f 3012 3010 3005
f 3013 3014 3020
f 3013 3020 3019
f 3014 3015 3021
f 3014 3021 3020
f 3015 3016 3022
f 3015 3022 3021
f 3016 3017 3023
f 3016 3023 3022
f 3017 3018 3024
f 3017 3024 3023
f 3018 3013 3019
f 3018 3019 3024
f 3025 3014 3013
f 3026 3019 3020
f 3025 3015 3014
f 3026 3020 3021
f 3025 3016 3015
f 3026 3021 3022
f 3025 3017 3016
f 3026 3022 3023
f 3025 3018 3017
f 3026 3023 3024
f 3025 3013 3018
f 3026 3024 3019
f 3027 3028 3034
f 3027 3034 3033
f 3028 3029 3035
f 3028 3035 3034
f 3029 3030 3036
f 3029 3036 3035
f 3030 3031 3037
f 3030 3037 3036
f 3031 3032 3038
f 3031 3038 3037
f 3032 3027 3033
f 3032 3033 3038
f 3039 3028 3027
f 3040 3033 3034
f 3039 3029 3028
f 3040 3034 3035
f 3039 3030 3029
f 3040 3035 3036
f 3039 3031 3030
f 3040 3036 3037
f 3039 3032 3031
f 3040 3037 3038
f 3039 3027 3032
f 3040 3038 3033
f 3041 3042 3048
f 3041 3048 3047
f 3042 3043 3049
f 3042 3049 3048
f 3043 3044 3050
f 3043 3050 3049
f 3044 3045 3051
f 3044 3051 3050
f 3045 3046 3052
f 3045 3052 3051
f 3046 3041 3047
f 3046 3047 3052
f 3053 3042 3041
f 3054 3047 3048
f 3053 3043 3042
f 3054 3048 3049
f 3053 3044 3043
f 3054 3049 3050
f 3053 3045 3044
f 3054 3050 3051
f 3053 3046 3045
f 3054 3051 3052
f 3053 3041 3046
f 3054 3052 3047
f 3055 3056 3062
f 3055 3062 3061
f 3056 3057 3063
f 3056 3063 3062
f 3057 3058 3064
f 3057 3064 3063
f 3058 3059 3065
f 3058 3065 3064
f 3059 3060 3066
f 3059 3066 3065
f 3060 3055 3061
f 3060 3061 3066
f 3067 3056 3055
f 3068 3061 3062
f 3067 3057 3056
f 3068 3062 3063
f 3067 3058 3057
f 3068 3063 3064
f 3067 3059 3058
f 3068 3064 3065
f 3067 3060 3059
f 3068 3065 3066
f 3067 3055 3060
f 3068 3066 3061
f 3069 3070 3076
f 3069 3076 3075
f 3070 3071 3077
f 3070 3077 3076
f 3071 3072 3078
f 3071 3078 3077
f 3072 3073 3079
f 3072 3079 3078
f 3073 3074 3080
f 3073 3080 3079
f 3074 3069 3075
f 3074 3075 3080
f 3081 3070 3069
f 3082 3075 3076
f 3081 3071 3070
f 3082 3076 3077
f 3081 3072 3071
f 3082 3077 3078
f 3081 3073 3072
f 3082 3078 3079
f 3081 3074 3073
f 3082 3079 3080
f 3081 3069 3074
f 3082 3080 3075
f 3083 3084 3090
f 3083 3090 3089
f 3084 3085 3091
f 3084 3091 3090
f 3085 3086 3092
f 3085 3092 3091
f 3086 3087 3093
f 3086 3093 3092
f 3087 3088 3094
f 3087 3094 3093
f 3088 3083 3089
f 3088 3089 3094
f 3095 3084 3083
f 3096 3089 3090
f 3095 3085 3084
f 3096 3090 3091
f 3095 3086 3085
f 3096 3091 3092
f 3095 3087 3086
f 3096 3092 3093
f 3095 3088 3087
f 3096 3093 3094
f 3095 3083 3088
f 3096 3094 3089
f 3097 3098 3104
f 3097 3104 3103
f 3098 3099 3105
f 3098 3105 3104
f 3099 3100 3106
f 3099 3106 3105
f 3100 3101 3107
f 3100 3107 3106
f 3101 3102 3108
f 3101 3108 3107
f 3102 3097 3103
f 3102 3103 3108
f 3109 3098 3097
f 3110 3103 3104
f 3109 3099 3098
f 3110 3104 3105
f 3109 3100 3099
f 3110 3105 3106
f 3109 3101 3100
f 3110 3106 3107
f 3109 3102 3101
f 3110 3107 3108
f 3109 3097 3102
f 3110 3108 3103
g pins
usemtl pins
f 963 964 972
f 963 972 971
f 964 965 973
f 964 973 972
f 965 966 974
f 965 974 973
f 966 967 975
f 966 975 974
f 967 968 976
f 967 976 975
f 968 969 977
f 968 977 976
f 969 970 978
f 969 978 977
f 970 963 971
f 970 971 978
f 971 972 980
f 971 980 979
f 972 973 981
f 972 981 980
f 973 974 982
f 973 982 981
f 974 975 983
f 974 983 982
f 975 976 984
f 975 984 983
f 976 977 985
f 976 985 984
f 977 978 986
f 977 986 985
f 978 971 979
f 978 979 986
f 979 980 988
f 979 988 987
f 980 981 989
f 980 989 988
f 981 982 990
f 981 990 989
f 982 983 991
f 982 991 990
f 983 984 992
f 983 992 991
f 984 985 993
f 984 993 992
f 985 986 994
f 985 994 993
f 986 979 987
f 986 987 994
f 987 988 996
f 987 996 995
f 988 989 997
f 988 997 996
f 989 990 998
f 989 998 997
f 990 991 999
f 990 999 998
f 991 992 1000
f 991 1000 999
f 992 993 1001
f 992 1001 1000
f 993 994 1002
f 993 1002 1001
f 994 987 995
f 994 995 1002
f 1031 1032 1040
f 1031 1040 1039
f 1032 1033 1041
f 1032 1041 1040
f 1033 1034 1042
f 1033 1042 1041
f 1034 1035 1043
f 1034 1043 1042
f 1035 1036 1044
f 1035 1044 1043
f 1036 1037 1045
f 1036 1045 1044
f 1037 1038 1046
f 1037 1046 1045
f 1038 1031 1039
f 1038 1039 1046
f 1039 1040 1048
f 1039 1048 1047
f 1040 1041 1049
f 1040 1049 1048
f 1041 1042 1050
f 1041 1050 1049
f 1042 1043 1051
f 1042 1051 1050
f 1043 1044 1052
f 1043 1052 1051
f 1044 1045 1053
f 1044 1053 1052
f 1045 1046 1054
f 1045 1054 1053
f 1046 1039 1047
f 1046 1047 1054
f 1047 1048 1056
f 1047 1056 1055
f 1048 1049 1057
f 1048 1057 1056
f 1049 1050 1058
f 1049 1058 1057
f 1050 1051 1059
f 1050 1059 1058
f 1051 1052 1060
f 1051 1060 1059
f 1052 1053 1061
f 1052 1061 1060
f 1053 1054 1062
f 1053 1062 1061
f 1054 1047 1055
f 1054 1055 1062
f 1055 1056 1064
f 1055 1064 1063
f 1056 1057 1065
f 1056 1065 1064
f 1057 1058 1066
f 1057 1066 1065
f 1058 1059 1067
f 1058 1067 1066
f 1059 1060 1068
f 1059 1068 1067
f 1060 1061 1069
f 1060 1069 1068
f 1061 1062 1070
f 1061 1070 1069
f 1062 1055 1063
f 1062 1063 1070
f 1099 1100 1108
f 1099 1108 1107
f 1100 1101 1109
f 1100 1109 1108
f 1101 1102 1110
f 1101 1110 1109
f 1102 1103 1111
f 1102 1111 1110
f 1103 1104 1112
f 1103 1112 1111
f 1104 1105 1113
f 1104 1113 1112
f 1105 1106 1114
f 1105 1114 1113
f 1106 1099 1107
f 1106 1107 1114
f 1107 1108 1116
f 1107 1116 1115
f 1108 1109 1117
f 1108 1117 1116
f 1109 1110 1118
f 1109 1118 1117
f 1110 1111 1119
f 1110 1119 1118
f 1111 1112 1120
f 1111 1120 1119
f 1112 1113 1121
f 1112 1121 1120
f 1113 1114 1122
f 1113 1122 1121
f 1114 1107 1115
f 1114 1115 1122
f 1115 1116 1124
f 1115 1124 1123
f 1116 1117 1125
f 1116 1125 1124
f 1117 1118 1126
f 1117 1126 1125
f 1118 1119 1127
f 1118 1127 1126
f 1119 1120 1128
f 1119 1128 1127
f 1120 1121 1129
f 1120 1129 1128
f 1121 1122 1130
f 1121 1130 1129
f 1122 1115 1123
f 1122 1123 1130
f 1123 1124 1132
f 1123 1132 1131
f 1124 1125 1133
f 1124 1133 1132
f 1125 1126 1134
f 1125 1134 1133
f 1126 1127 1135
f 1126 1135 1134
f 1127 1128 1136
f 1127 1136 1135
f 1128 1129 1137
f 1128 1137 1136
f 1129 1130 1138
f 1129 1138 1137
f 1130 1123 1131
f 1130 1131 1138
f 1167 1168 1176
f 1167 1176 1175
f 1168 1169 1177
f 1168 1177 1176
f 1169 1170 1178
f 1169 1178 1177
f 1170 1171 1179
f 1170 1179 1178
f 1171 1172 1180
f 1171 1180 1179
f 1172 1173 1181
f 1172 1181 1180
f 1173 1174 1182
f 1173 1182 1181
f 1174 1167 1175
f 1174 1175 1182
f 1175 1176 1184
f 1175 1184 1183
f 1176 1177 1185
f 1176 1185 1184
f 1177 1178 1186
f 1177 1186 1185
f 1178 1179 1187
f 1178 1187 1186
f 1179 1180 1188
f 1179 1188 1187
f 1180 1181 1189
f 1180 1189 1188
f 1181 1182 1190
f 1181 1190 1189
f 1182 1175 1183
f 1182 1183 1190
f 1183 1184 1192
f 1183 1192 1191
f 1184 1185 1193
f 1184 1193 1192
f 1185 1186 1194
f 1185 1194 1193
f 1186 1187 1195
f 1186 1195 1194
f 1187 1188 1196
f 1187 1196 1195
f 1188 1189 1197
f 1188 1197 1196
f 1189 1190 1198
f 1189 1198 1197
f 1190 1183 1191
f 1190 1191 1198
f 1191 1192 1200
f 1191 1200 1199
f 1192 1193 1201
f 1192 1201 1200
f 1193 1194 1202
f 1193 1202 1201
f 1194 1195 1203
f 1194 1203 1202
f 1195 1196 1204
f 1195 1204 1203
f 1196 1197 1205
f 1196 1205 1204
f 1197 1198 1206
f 1197 1206 1205
f 1198 1191 1199
f 1198 1199 1206
f 1235 1236 1244
f 1235 1244 1243
f 1236 1237 1245
f 1236 1245 1244
f 1237 1238 1246
f 1237 1246 1245
f 1238 1239 1247
f 1238 1247 1246
f 1239 1240 1248
f 1239 1248 1247
f 1240 1241 1249
f 1240 1249 1248
f 1241 1242 1250
f 1241 1250 1249
f 1242 1235 1243
f 1242 1243 1250
f 1243 1244 1252
f 1243 1252 1251
f 1244 1245 1253
f 1244 1253 1252
f 1245 1246 1254
f 1245 1254 1253
f 1246 1247 1255
f 1246 1255 1254
f 1247 1248 1256
f 1247 1256 1255
f 1248 1249 1257
f 1248 1257 1256
f 1249 1250 1258
f 1249 1258 1257
f 1250 1243 1251
f 1250 1251 1258
f 1251 1252 1260
f 1251 1260 1259
f 1252 1253 1261
f 1252 1261 1260
f 1253 1254 1262
f 1253 1262 1261
f 1254 1255 1263
f 1254 1263 1262
f 1255 1256 1264
f 1255 1264 1263
f 1256 1257 1265
f 1256 1265 1264
f 1257 1258 1266
f 1257 1266 1265
f 1258 1251 1259
f 1258 1259 1266
f 1259 1260 1268
f 1259 1268 1267
f 1260 1261 1269
f 1260 1269 1268
f 1261 1262 1270
f 1261 1270 1269
f 1262 1263 1271
f 1262 1271 1270
f 1263 1264 1272
f 1263 1272 1271
f 1264 1265 1273
f 1264 1273 1272
f 1265 1266 1274
f 1265 1274 1273
f 1266 1259 1267
f 1266 1267 1274
f 1303 1304 1312
f 1303 1312 1311
f 1304 1305 1313
f 1304 1313 1312
f 1305 1306 1314
f 1305 1314 1313
f 1306 1307 1315
f 1306 1315 1314
f 1307 1308 1316
f 1307 1316 1315
f 1308 1309 1317
f 1308 1317 1316
f 1309 1310 1318
f 1309 1318 1317
f 1310 1303 1311
f 1310 1311 1318
f 1311 1312 1320
f 1311 1320 1319
f 1312 1313 1321
f 1312 1321 1320
f 1313 1314 1322
f 1313 1322 1321
f 1314 1315 1323
f 1314 1323 1322
f 1315 1316 1324
f 1315 1324 1323
f 1316 1317 1325
f 1316 1325 1324
f 1317 1318 1326
f 1317 1326 1325
f 1318 1311 1319
f 1318 1319 1326
f 1319 1320 1328
f 1319 1328 1327
f 1320 1321 1329
f 1320 1329 1328
f 1321 1322 1330
f 1321 1330 1329
f 1322 1323 1331
f 1322 1331 1330
f 1323 1324 1332
f 1323 1332 1331
f 1324 1325 1333
f 1324 1333 1332
f 1325 1326 1334
f 1325 1334 1333
f 1326 1319 1327
f 1326 1327 1334
f 1327 1328 1336
f 1327 1336 1335
f 1328 1329 1337
f 1328 1337 1336
f 1329 1330 1338
f 1329 1338 1337
f 1330 1331 1339
f 1330 1339 1338
f 1331 1332 1340
f 1331 1340 1339
f 1332 1333 1341
f 1332 1341 1340
f 1333 1334 1342
f 1333 1342 1341
f 1334 1327 1335
f 1334 1335 1342
f 1371 1372 1380
f 1371 1380 1379
f 1372 1373 1381
f 1372 1381 1380
f 1373 1374 1382
f 1373 1382 1381
f 1374 1375 1383
f 1374 1383 1382
f 1375 1376 1384
f 1375 1384 1383
f 1376 1377 1385
f 1376 1385 1384
f 1377 1378 1386
f 1377 1386 1385
f 1378 1371 1379
f 1378 1379 1386
f 1379 1380 1388
f 1379 1388 1387
f 1380 1381 1389
f 1380 1389 1388
f 1381 1382 1390
f 1381 1390 1389
f 1382 1383 1391
f 1382 1391 1390
f 1383 1384 1392
f 1383 1392 1391
f 1384 1385 1393
f 1384 1393 1392
f 1385 1386 1394
f 1385 1394 1393
f 1386 1379 1387
f 1386 1387 1394
f 1387 1388 1396
f 1387 1396 1395
f 1388 1389 1397
f 1388 1397 1396
f 1389 1390 1398
f 1389 1398 1397
f 1390 1391 1399
f 1390 1399 1398
f 1391 1392 1400
f 1391 1400 1399
f 1392 1393 1401
f 1392 1401 1400
f 1393 1394 1402
f 1393 1402 1401
f 1394 1387 1395
f 1394 1395 1402
f 1395 1396 1404
f 1395 1404 1403
f 1396 1397 1405
f 1396 1405 1404
f 1397 1398 1406
f 1397 1406 1405
f 1398 1399 1407
f 1398 1407 1406
f 1399 1400 1408
f 1399 1408 1407
f 1400 1401 1409
f 1400 1409 1408
f 1401 1402 1410
f 1401 1410 1409
f 1402 1395 1403
f 1402 1403 1410
f 1439 1440 1448
f 1439 1448 1447
f 1440 1441 1449
f 1440 1449 1448
f 1441 1442 1450
f 1441 1450 1449
f 1442 1443 1451
f 1442 1451 1450
f 1443 1444 1452
f 1443 1452 1451
f 1444 1445 1453
f 1444 1453 1452
f 1445 1446 1454
f 1445 1454 1453
f 1446 1439 1447
f 1446 1447 1454
f 1447 1448 1456
f 1447 1456 1455
f 1448 1449 1457
f 1448 1457 1456
f 1449 1450 1458
f 1449 1458 1457
f 1450 1451 1459
f 1450 1459 1458
f 1451 1452 1460
f 1451 1460 1459
f 1452 1453 1461
f 1452 1461 1460
f 1453 1454 1462
f 1453 1462 1461
f 1454 1447 1455
f 1454 1455 1462
f 1455 1456 1464
f 1455 1464 1463
f 1456 1457 1465
f 1456 1465 1464
f 1457 1458 1466
f 1457 1466 1465
f 1458 1459 1467
f 1458 1467 1466
f 1459 1460 1468
f 1459 1468 1467
f 1460 1461 1469
f 1460 1469 1468
f 1461 1462 1470
f 1461 1470 1469
f 1462 1455 1463
f 1462 1463 1470
f 1463 1464 1472
f 1463 1472 1471
f 1464 1465 1473
f 1464 1473 1472
f 1465 1466 1474
f 1465 1474 1473
f 1466 1467 1475
f 1466 1475 1474
f 1467 1468 1476
f 1467 1476 1475
f 1468 1469 1477
f 1468 1477 1476
f 1469 1470 1478
f 1469 1478 1477
f 1470 1463 1471
f 1470 1471 1478
f 1507 1508 1516
f 1507 1516 1515
f 1508 1509 1517
f 1508 1517 1516
f 1509 1510 1518
f 1509 1518 1517
f 1510 1511 1519
f 1510 1519 1518
f 1511 1512 1520
f 1511 1520 1519
f 1512 1513 1521
f 1512 1521 1520
f 1513 1514 1522
f 1513 1522 1521
f 1514 1507 1515
f 1514 1515 1522
f 1515 1516 1524
f 1515 1524 1523
f 1516 1517 1525
f 1516 1525 1524
f 1517 1518 1526
f 1517 1526 1525
f 1518 1519 1527
f 1518 1527 1526
f 1519 1520 1528
f 1519 1528 1527
f 1520 1521 1529
f 1520 1529 1528
f 1521 1522 1530
f 1521 1530 1529
f 1522 1515 1523
f 1522 1523 1530
f 1523 1524 1532
f 1523 1532 1531
f 1524 1525 1533
f 1524 1533 1532
f 1525 1526 1534
f 1525 1534 1533
f 1526 1527 1535
f 1526 1535 1534
f 1527 1528 1536
f 1527 1536 1535
f 1528 1529 1537
f 1528 1537 1536
f 1529 1530 1538
f 1529 1538 1537
f 1530 1523 1531
f 1530 1531 1538
f 1531 1532 1540
f 1531 1540 1539
f 1532 1533 1541
f 1532 1541 1540
f 1533 1534 1542
f 1533 1542 1541
f 1534 1535 1543
f 1534 1543 1542
f 1535 1536 1544
f 1535 1544 1543
f 1536 1537 1545
f 1536 1545 1544
f 1537 1538 1546
f 1537 1546 1545
f 1538 1531 1539
f 1538 1539 1546
f 1575 1576 1584
f 1575 1584 1583
f 1576 1577 1585
f 1576 1585 1584
f 1577 1578 1586
f 1577 1586 1585
f 1578 1579 1587
f 1578 1587 1586
f 1579 1580 1588
f 1579 1588 1587
f 1580 1581 1589
f 1580 1589 1588
f 1581 1582 1590
f 1581 1590 1589
f 1582 1575 1583
f 1582 1583 1590
f 1583 1584 1592
f 1583 1592 1591
f 1584 1585 1593
f 1584 1593 1592
f 1585 1586 1594
f 1585 1594 1593
f 1586 1587 1595
f 1586 1595 1594
f 1587 1588 1596
f 1587 1596 1595
f 1588 1589 1597
f 1588 1597 1596
f 1589 1590 1598
f 1589 1598 1597
f 1590 1583 1591
f 1590 1591 1598
f 1591 1592 1600
f 1591 1600 1599
f 1592 1593 1601
f 1592 1601 1600
f 1593 1594 1602
f 1593 1602 1601
f 1594 1595 1603
f 1594 1603 1602
f 1595 1596 1604
f 1595 1604 1603
f 1596 1597 1605
f 1596 1605 1604
f 1597 1598 1606
f 1597 1606 1605
f 1598 1591 1599
f 1598 1599 1606
f 1599 1600 1608
f 1599 1608 1607
f 1600 1601 1609
f 1600 1609 1608
f 1601 1602 1610
f 1601 1610 1609
f 1602 1603 1611
f 1602 1611 1610
f 1603 1604 1612
f 1603 1612 1611
f 1604 1605 1613
f 1604 1613 1612
f 1605 1606 1614
f 1605 1614 1613
f 1606 1599 1607
f 1606 1607 1614
f 1643 1644 1652
f 1643 1652 1651
f 1644 1645 1653
f 1644 1653 1652
f 1645 1646 1654
f 1645 1654 1653
f 1646 1647 1655
f 1646 1655 1654
f 1647 1648 1656
f 1647 1656 1655
f 1648 1649 1657
f 1648 1657 1656
f 1649 1650 1658
f 1649 1658 1657
f 1650 1643 1651
f 1650 1651 1658
f 1651 1652 1660
f 1651 1660 1659
f 1652 1653 1661
f 1652 1661 1660
f 1653 1654 1662
f 1653 1662 1661
f 1654 1655 1663
f 1654 1663 1662
f 1655 1656 1664
f 1655 1664 1663
f 1656 1657 1665
f 1656 1665 1664
f 1657 1658 1666
f 1657 1666 1665
f 1658 1651 1659
f 1658 1659 1666
f 1659 1660 1668
f 1659 1668 1667
f 1660 1661 1669
f 1660 1669 1668
f 1661 1662 1670
f 1661 1670 1669
f 1662 1663 1671
f 1662 1671 1670
f 1663 1664 1672
f 1663 1672 1671
f 1664 1665 1673
f 1664 1673 1672
f 1665 1666 1674
f 1665 1674 1673
f 1666 1659 1667
f 1666 1667 1674
f 1667 1668 1676
f 1667 1676 1675
f 1668 1669 1677
f 1668 1677 1676
f 1669 1670 1678
f 1669 1678 1677
f 1670 1671 1679
f 1670 1679 1678
f 1671 1672 1680
f 1671 1680 1679
f 1672 1673 1681
f 1672 1681 1680
f 1673 1674 1682
f 1673 1682 1681
f 1674 1667 1675
f 1674 1675 1682
f 1711 1712 1720
f 1711 1720 1719
f 1712 1713 1721
f 1712 1721 1720
f 1713 1714 1722
f 1713 1722 1721
f 1714 1715 1723
f 1714 1723 1722
f 1715 1716 1724
f 1715 1724 1723
f 1716 1717 1725
f 1716 1725 1724
f 1717 1718 1726
f 1717 1726 1725
f 1718 1711 1719
f 1718 1719 1726
f 1719 1720 1728
f 1719 1728 1727
f 1720 1721 1729
f 1720 1729 1728
f 1721 1722 1730
f 1721 1730 1729
f 1722 1723 1731
f 1722 1731 1730
f 1723 1724 1732
f 1723 1732 1731
f 1724 1725 1733
f 1724 1733 1732
f 1725 1726 1734
f 1725 1734 1733
f 1726 1719 1727
f 1726 1727 1734
f 1727 1728 1736
f 1727 1736 1735
f 1728 1729 1737
f 1728 1737 1736
f 1729 1730 1738
f 1729 1738 1737
f 1730 1731 1739
f 1730 1739 1738
f 1731 1732 1740
f 1731 1740 1739
f 1732 1733 1741
f 1732 1741 1740
f 1733 1734 1742
f 1733 1742 1741
f 1734 1727 1735
f 1734 1735 1742
f 1735 1736 1744
f 1735 1744 1743
f 1736 1737 1745
f 1736 1745 1744
f 1737 1738 1746
f 1737 1746 1745
f 1738 1739 1747
f 1738 1747 1746
f 1739 1740 1748
f 1739 1748 1747
f 1740 1741 1749
f 1740 1749 1748
f 1741 1742 1750
f 1741 1750 1749
f 1742 1735 1743
f 1742 1743 1750
f 1779 1780 1788
f 1779 1788 1787
f 1780 1781 1789
f 1780 1789 1788
f 1781 1782 1790
f 1781 1790 1789
f 1782 1783 1791
f 1782 1791 1790
f 1783 1784 1792
f 1783 1792 1791
f 1784 1785 1793
f 1784 1793 1792
f 1785 1786 1794
f 1785 1794 1793
f 1786 1779 1787
f 1786 1787 1794
f 1787 1788 1796
f 1787 1796 1795
f 1788 1789 1797
f 1788 1797 1796
f 1789 1790 1798
f 1789 1798 1797
f 1790 1791 1799
f 1790 1799 1798
f 1791 1792 1800
f 1791 1800 1799
f 1792 1793 1801
f 1792 1801 1800
f 1793 1794 1802
f 1793 1802 1801
f 1794 1787 1795
f 1794 1795 1802
f 1795 1796 1804
f 1795 1804 1803
f 1796 1797 1805
f 1796 1805 1804
f 1797 1798 1806
f 1797 1806 1805
f 1798 1799 1807
f 1798 1807 1806
f 1799 1800 1808
f 1799 1808 1807
f 1800 1801 1809
f 1800 1809 1808
f 1801 1802 1810
f 1801 1810 1809
f 1802 1795 1803
f 1802 1803 1810
f 1803 1804 1812
f 1803 1812 1811
f 1804 1805 1813
f 1804 1813 1812
f 1805 1806 1814
f 1805 1814 1813
f 1806 1807 1815
f 1806 1815 1814
f 1807 1808 1816
f 1807 1816 1815
f 1808 1809 1817
f 1808 1817 1816
f 1809 1810 1818
f 1809 1818 1817
f 1810 1803 1811
f 1810 1811 1818
f 1847 1848 1856
f 1847 1856 1855
f 1848 1849 1857
f 1848 1857 1856
f 1849 1850 1858
f 1849 1858 1857
f 1850 1851 1859
f 1850 1859 1858
f 1851 1852 1860
f 1851 1860 1859
f 1852 1853 1861
f 1852 1861 1860
f 1853 1854 1862
f 1853 1862 1861
f 1854 1847 1855
f 1854 1855 1862
f 1855 1856 1864
f 1855 1864 1863
f 1856 1857 1865
f 1856 1865 1864
f 1857 1858 1866
f 1857 1866 1865
f 1858 1859 1867
f 1858 1867 1866
f 1859 1860 1868
f 1859 1868 1867
f 1860 1861 1869
f 1860 1869 1868
f 1861 1862 1870
f 1861 1870 1869
f 1862 1855 1863
f 1862 1863 1870
f 1863 1864 1872
f 1863 1872 1871
f 1864 1865 1873
f 1864 1873 1872
f 1865 1866 1874
f 1865 1874 1873
f 1866 1867 1875
f 1866 1875 1874
f 1867 1868 1876
f 1867 1876 1875
f 1868 1869 1877
f 1868 1877 1876
f 1869 1870 1878
f 1869 1878 1877
f 1870 1863 1871
f 1870 1871 1878
f 1871 1872 1880
f 1871 1880 1879
f 1872 1873 1881
f 1872 1881 1880
f 1873 1874 1882
f 1873 1882 1881
f 1874 1875 1883
f 1874 1883 1882
f 1875 1876 1884
f 1875 1884 1883
f 1876 1877 1885
f 1876 1885 1884
f 1877 1878 1886
f 1877 1886 1885
f 1878 1871 1879
f 1878 1879 1886
f 1915 1916 1924
f 1915 1924 1923
f 1916 1917 1925
f 1916 1925 1924
f 1917 1918 1926
f 1917 1926 1925
f 1918 1919 1927
f 1918 1927 1926
f 1919 1920 1928
f 1919 1928 1927
f 1920 1921 1929
f 1920 1929 1928
f 1921 1922 1930
f 1921 1930 1929
f 1922 1915 1923
f 1922 1923 1930
f 1923 1924 1932
f 1923 1932 1931
f 1924 1925 1933
f 1924 1933 1932
f 1925 1926 1934
f 1925 1934 1933
f 1926 1927 1935
f 1926 1935 1934
f 1927 1928 1936
f 1927 1936 1935
f 1928 1929 1937
f 1928 1937 1936
f 1929 1930 1938
f 1929 1938 1937
f 1930 1923 1931
f 1930 1931 1938
f 1931 1932 1940
f 1931 1940 1939
f 1932 1933 1941
f 1932 1941 1940
f 1933 1934 1942
f 1933 1942 1941
f 1934 1935 1943
f 1934 1943 1942
f 1935 1936 1944
f 1935 1944 1943
f 1936 1937 1945
f 1936 1945 1944
f 1937 1938 1946
f 1937 1946 1945
f 1938 1931 1939
f 1938 1939 1946
f 1939 1940 1948
f 1939 1948 1947
f 1940 1941 1949
f 1940 1949 1948
f 1941 1942 1950
f 1941 1950 1949
f 1942 1943 1951
f 1942 1951 1950
f 1943 1944 1952
f 1943 1952 1951
f 1944 1945 1953
f 1944 1953 1952
f 1945 1946 1954
f 1945 1954 1953
f 1946 1939 1947
f 1946 1947 1954
f 1983 1984 1992
f 1983 1992 1991
f 1984 1985 1993
f 1984 1993 1992
f 1985 1986 1994
f 1985 1994 1993
f 1986 1987 1995
f 1986 1995 1994
f 1987 1988 1996
f 1987 1996 1995
f 1988 1989 1997
f 1988 1997 1996
f 1989 1990 1998
f 1989 1998 1997
f 1990 1983 1991
f 1990 1991 1998
f 1991 1992 2000
f 1991 2000 1999
f 1992 1993 2001
f 1992 2001 2000
f 1993 1994 2002
f 1993 2002 2001
f 1994 1995 2003
f 1994 2003 2002
f 1995 1996 2004
f 1995 2004 2003
f 1996 1997 2005
f 1996 2005 2004
f 1997 1998 2006
f 1997 2006 2005
f 1998 1991 1999
f 1998 1999 2006
f 1999 2000 2008
f 1999 2008 2007
f 2000 2001 2009
f 2000 2009 2008
f 2001 2002 2010
f 2001 2010 2009
f 2002 2003 2011
f 2002 2011 2010
f 2003 2004 2012
f 2003 2012 2011
f 2004 2005 2013
f 2004 2013 2012
f 2005 2006 2014
f 2005 2014 2013
f 2006 1999 2007
f 2006 2007 2014
f 2007 2008 2016
f 2007 2016 2015
f 2008 2009 2017
f 2008 2017 2016
f 2009 2010 2018
f 2009 2018 2017
f 2010 2011 2019
f 2010 2019 2018
f 2011 2012 2020
f 2011 2020 2019
f 2012 2013 2021
f 2012 2021 2020
f 2013 2014 2022
f 2013 2022 2021
f 2014 2007 2015
f 2014 2015 2022
f 2023 2024 2032
f 2023 2032 2031
f 2024 2025 2033
f 2024 2033 2032
f 2025 2026 2034
f 2025 2034 2033
f 2026 2027 2035
f 2026 2035 2034
f 2027 2028 2036
f 2027 2036 2035
f 2028 2029 2037
f 2028 2037 2036
f 2029 2030 2038
f 2029 2038 2037
f 2030 2023 2031
f 2030 2031 2038
f 2031 2032 2040
f 2031 2040 2039
f 2032 2033 2041
f 2032 2041 2040
f 2033 2034 2042
f 2033 2042 2041
f 2034 2035 2043
f 2034 2043 2042
f 2035 2036 2044
f 2035 2044 2043
f 2036 2037 2045
f 2036 2045 2044
f 2037 2038 2046
f 2037 2046 2045
f 2038 2031 2039
f 2038 2039 2046
f 2039 2040 2048
f 2039 2048 2047
f 2040 2041 2049
f 2040 2049 2048
f 2041 2042 2050
f 2041 2050 2049
f 2042 2043 2051
f 2042 2051 2050
f 2043 2044 2052
f 2043 2052 2051
f 2044 2045 2053
f 2044 2053 2052
f 2045 2046 2054
f 2045 2054 2053
f 2046 2039 2047
f 2046 2047 2054
f 2047 2048 2056
f 2047 2056 2055
f 2048 2049 2057
f 2048 2057 2056
f 2049 2050 2058
f 2049 2058 2057
f 2050 2051 2059
f 2050 2059 2058
f 2051 2052 2060
f 2051 2060 2059
f 2052 2053 2061
f 2052 2061 2060
f 2053 2054 2062
f 2053 2062 2061
f 2054 2047 2055
f 2054 2055 2062
f 2063 2064 2072
f 2063 2072 2071
f 2064 2065 2073
f 2064 2073 2072
f 2065 2066 2074
f 2065 2074 2073
f 2066 2067 2075
f 2066 2075 2074
f 2067 2068 2076
f 2067 2076 2075
f 2068 2069 2077
f 2068 2077 2076
f 2069 2070 2078
f 2069 2078 2077
f 2070 2063 2071
f 2070 2071 2078
f 2071 2072 2080
f 2071 2080 2079
f 2072 2073 2081
f 2072 2081 2080
f 2073 2074 2082
f 2073 2082 2081
f 2074 2075 2083
f 2074 2083 2082
f 2075 2076 2084
f 2075 2084 2083
f 2076 2077 2085
f 2076 2085 2084
f 2077 2078 2086
f 2077 2086 2085
f 2078 2071 2079
f 2078 2079 2086
f 2079 2080 2088
f 2079 2088 2087
f 2080 2081 2089
f 2080 2089 2088
f 2081 2082 2090
f 2081 2090 2089
f 2082 2083 2091
f 2082 2091 2090
f 2083 2084 2092
f 2083 2092 2091
f 2084 2085 2093
f 2084 2093 2092
f 2085 2086 2094
f 2085 2094 2093
f 2086 2079 2087
f 2086 2087 2094
f 2087 2088 2096
f 2087 2096 2095
f 2088 2089 2097
f 2088 2097 2096
f 2089 2090 2098
f 2089 2098 2097
f 2090 2091 2099
f 2090 2099 2098
f 2091 2092 2100
f 2091 2100 2099
f 2092 2093 2101
f 2092 2101 2100
f 2093 2094 2102
f 2093 2102 2101
f 2094 2087 2095
f 2094 2095 2102
f 2103 2104 2112
f 2103 2112 2111
f 2104 2105 2113
f 2104 2113 2112
f 2105 2106 2114
f 2105 2114 2113
f 2106 2107 2115
f 2106 2115 2114
f 2107 2108 2116
f 2107 2116 2115
f 2108 2109 2117
f 2108 2117 2116
f 2109 2110 2118
f 2109 2118 2117
f 2110 2103 2111
f 2110 2111 2118
f 2111 2112 2120
f 2111 2120 2119
f 2112 2113 2121
f 2112 2121 2120
f 2113 2114 2122
f 2113 2122 2121
f 2114 2115 2123
f 2114 2123 2122
f 2115 2116 2124
f 2115 2124 2123
f 2116 2117 2125
f 2116 2125 2124
f 2117 2118 2126
f 2117 2126 2125
f 2118 2111 2119
f 2118 2119 2126
f 2119 2120 2128
f 2119 2128 2127
f 2120 2121 2129
f 2120 2129 2128
f 2121 2122 2130
f 2121 2130 2129
f 2122 2123 2131
f 2122 2131 2130
f 2123 2124 2132
f 2123 2132 2131
f 2124 2125 2133
f 2124 2133 2132
f 2125 2126 2134
f 2125 2134 2133
f 2126 2119 2127
f 2126 2127 2134
f 2127 2128 2136
f 2127 2136 2135
f 2128 2129 2137
f 2128 2137 2136
f 2129 2130 2138
f 2129 2138 2137
f 2130 2131 2139
f 2130 2139 2138
f 2131 2132 2140
f 2131 2140 2139
f 2132 2133 2141
f 2132 2141 2140
f 2133 2134 2142
f 2133 2142 2141
f 2134 2127 2135
f 2134 2135 2142
f 2143 2144 2152
f 2143 2152 2151
f 2144 2145 2153
f 2144 2153 2152
f 2145 2146 2154
f 2145 2154 2153
f 2146 2147 2155
f 2146 2155 2154
f 2147 2148 2156
f 2147 2156 2155
f 2148 2149 2157
f 2148 2157 2156
f 2149 2150 2158
f 2149 2158 2157
f 2150 2143 2151
f 2150 2151 2158
f 2151 2152 2160
f 2151 2160 2159
f 2152 2153 2161
f 2152 2161 2160
f 2153 2154 2162
f 2153 2162 2161
f 2154 2155 2163
f 2154 2163 2162
f 2155 2156 2164
f 2155 2164 2163
f 2156 2157 2165
f 2156 2165 2164
f 2157 2158 2166
f 2157 2166 2165
f 2158 2151 2159
f 2158 2159 2166
f 2159 2160 2168
f 2159 2168 2167
f 2160 2161 2169
f 2160 2169 2168
f 2161 2162 2170
f 2161 2170 2169
f 2162 2163 2171
f 2162 2171 2170
f 2163 2164 2172
f 2163 2172 2171
f 2164 2165 2173
f 2164 2173 2172
f 2165 2166 2174
f 2165 2174 2173
f 2166 2159 2167
f 2166 2167 2174
f 2167 2168 2176
f 2167 2176 2175
f 2168 2169 2177
f 2168 2177 2176
f 2169 2170 2178
f 2169 2178 2177
f 2170 2171 2179
f 2170 2179 2178
f 2171 2172 2180
f 2171 2180 2179
f 2172 2173 2181
f 2172 2181 2180
f 2173 2174 2182
f 2173 2182 2181
f 2174 2167 2175
f 2174 2175 2182
f 2183 2184 2192
f 2183 2192 2191
f 2184 2185 2193
f 2184 2193 2192
f 2185 2186 2194
f 2185 2194 2193
f 2186 2187 2195
f 2186 2195 2194
f 2187 2188 2196
f 2187 2196 2195
f 2188 2189 2197
f 2188 2197 2196
f 2189 2190 2198
f 2189 2198 2197
f 2190 2183 2191
f 2190 2191 2198
f 2191 2192 2200
f 2191 2200 2199
f 2192 2193 2201
f 2192 2201 2200
f 2193 2194 2202
f 2193 2202 2201
f 2194 2195 2203
f 2194 2203 2202
f 2195 2196 2204
f 2195 2204 2203
f 2196 2197 2205
f 2196 2205 2204
f 2197 2198 2206
f 2197 2206 2205
f 2198 2191 2199
f 2198 2199 2206
f 2199 2200 2208
f 2199 2208 2207
f 2200 2201 2209
f 2200 2209 2208
f 2201 2202 2210
f 2201 2210 2209
f 2202 2203 2211
f 2202 2211 2210
f 2203 2204 2212
f 2203 2212 2211
f 2204 2205 2213
f 2204 2213 2212
f 2205 2206 2214
f 2205 2214 2213
f 2206 2199 2207
f 2206 2207 2214
f 2207 2208 2216
f 2207 2216 2215
f 2208 2209 2217
f 2208 2217 2216
f 2209 2210 2218
f 2209 2218 2217
f 2210 2211 2219
f 2210 2219 2218
f 2211 2212 2220
f 2211 2220 2219
f 2212 2213 2221
f 2212 2221 2220
f 2213 2214 2222
f 2213 2222 2221
f 2214 2207 2215
f 2214 2215 2222
f 2223 2224 2232
f 2223 2232 2231
f 2224 2225 2233
f 2224 2233 2232
f 2225 2226 2234
f 2225 2234 2233
f 2226 2227 2235
f 2226 2235 2234
f 2227 2228 2236
f 2227 2236 2235
f 2228 2229 2237
f 2228 2237 2236
f 2229 2230 2238
f 2229 2238 2237
f 2230 2223 2231
f 2230 2231 2238
f 2231 2232 2240
f 2231 2240 2239
f 2232 2233 2241
f 2232 2241 2240
f 2233 2234 2242
f 2233 2242 2241
f 2234 2235 2243
f 2234 2243 2242
f 2235 2236 2244
f 2235 2244 2243
f 2236 2237 2245
f 2236 2245 2244
f 2237 2238 2246
f 2237 2246 2245
f 2238 2231 2239
f 2238 2239 2246
f 2239 2240 2248
f 2239 2248 2247
f 2240 2241 2249
f 2240 2249 2248
f 2241 2242 2250
f 2241 2250 2249
f 2242 2243 2251
f 2242 2251 2250
f 2243 2244 2252
f 2243 2252 2251
f 2244 2245 2253
f 2244 2253 2252
f 2245 2246 2254
f 2245 2254 2253
f 2246 2239 2247
f 2246 2247 2254
f 2247 2248 2256
f 2247 2256 2255
f 2248 2249 2257
f 2248 2257 2256
f 2249 2250 2258
f 2249 2258 2257
f 2250 2251 2259
f 2250 2259 2258
f 2251 2252 2260
f 2251 2260 2259
f 2252 2253 2261
f 2252 2261 2260
f 2253 2254 2262
f 2253 2262 2261
f 2254 2247 2255
f 2254 2255 2262
f 2263 2264 2272
f 2263 2272 2271
f 2264 2265 2273
f 2264 2273 2272
f 2265 2266 2274
f 2265 2274 2273
f 2266 2267 2275
f 2266 2275 2274
f 2267 2268 2276
f 2267 2276 2275
f 2268 2269 2277
f 2268 2277 2276
f 2269 2270 2278
f 2269 2278 2277
f 2270 2263 2271
f 2270 2271 2278
f 2271 2272 2280
f 2271 2280 2279
f 2272 2273 2281
f 2272 2281 2280
f 2273 2274 2282
f 2273 2282 2281
f 2274 2275 2283
f 2274 2283 2282
f 2275 2276 2284
f 2275 2284 2283
f 2276 2277 2285
f 2276 2285 2284
f 2277 2278 2286
f 2277 2286 2285
f 2278 2271 2279
f 2278 2279 2286
f 2279 2280 2288
f 2279 2288 2287
f 2280 2281 2289
f 2280 2289 2288
f 2281 2282 2290
f 2281 2290 2289
f 2282 2283 2291
f 2282 2291 2290
f 2283 2284 2292
f 2283 2292 2291
f 2284 2285 2293
f 2284 2293 2292
f 2285 2286 2294
f 2285 2294 2293
f 2286 2279 2287
f 2286 2287 2294
f 2287 2288 2296
f 2287 2296 2295
f 2288 2289 2297
f 2288 2297 2296
f 2289 2290 2298
f 2289 2298 2297
f 2290 2291 2299
f 2290 2299 2298
f 2291 2292 2300
f 2291 2300 2299
f 2292 2293 2301
f 2292 2301 2300
f 2293 2294 2302
f 2293 2302 2301
f 2294 2287 2295
f 2294 2295 2302
f 2303 2304 2312
f 2303 2312 2311
f 2304 2305 2313
f 2304 2313 2312
f 2305 2306 2314
f 2305 2314 2313
f 2306 2307 2315
f 2306 2315 2314
f 2307 2308 2316
f 2307 2316 2315
f 2308 2309 2317
f 2308 2317 2316
f 2309 2310 2318
f 2309 2318 2317
f 2310 2303 2311
f 2310 2311 2318
f 2311 2312 2320
f 2311 2320 2319
f 2312 2313 2321
f 2312 2321 2320
f 2313 2314 2322
f 2313 2322 2321
f 2314 2315 2323
f 2314 2323 2322
f 2315 2316 2324
f 2315 2324 2323
f 2316 2317 2325
f 2316 2325 2324
f 2317 2318 2326
f 2317 2326 2325
f 2318 2311 2319
f 2318 2319 2326
f 2319 2320 2328
f 2319 2328 2327
f 2320 2321 2329
f 2320 2329 2328
f 2321 2322 2330
f 2321 2330 2329
f 2322 2323 2331
f 2322 2331 2330
f 2323 2324 2332
f 2323 2332 2331
f 2324 2325 2333
f 2324 2333 2332
f 2325 2326 2334
f 2325 2334 2333
f 2326 2319 2327
f 2326 2327 2334
f 2327 2328 2336
f 2327 2336 2335
f 2328 2329 2337
f 2328 2337 2336
f 2329 2330 2338
f 2329 2338 2337
f 2330 2331 2339
f 2330 2339 2338
f 2331 2332 2340
f 2331 2340 2339
f 2332 2333 2341
f 2332 2341 2340
f 2333 2334 2342
f 2333 2342 2341
f 2334 2327 2335
f 2334 2335 2342
f 2343 2344 2352
f 2343 2352 2351
f 2344 2345 2353
f 2344 2353 2352
f 2345 2346 2354
f 2345 2354 2353
f 2346 2347 2355
f 2346 2355 2354
f 2347 2348 2356
f 2347 2356 2355
f 2348 2349 2357
f 2348 2357 2356
f 2349 2350 2358
f 2349 2358 2357
f 2350 2343 2351
f 2350 2351 2358
f 2351 2352 2360
f 2351 2360 2359
f 2352 2353 2361
f 2352 2361 2360
f 2353 2354 2362
f 2353 2362 2361
f 2354 2355 2363
f 2354 2363 2362
f 2355 2356 2364
f 2355 2364 2363
f 2356 2357 2365
f 2356 2365 2364
f 2357 2358 2366
f 2357 2366 2365
f 2358 2351 2359
f 2358 2359 2366
f 2359 2360 2368
f 2359 2368 2367
f 2360 2361 2369
f 2360 2369 2368
f 2361 2362 2370
f 2361 2370 2369
f 2362 2363 2371
f 2362 2371 2370
f 2363 2364 2372
f 2363 2372 2371
f 2364 2365 2373
f 2364 2373 2372
f 2365 2366 2374
f 2365 2374 2373
f 2366 2359 2367
f 2366 2367 2374
f 2367 2368 2376
f 2367 2376 2375
f 2368 2369 2377
f 2368 2377 2376
f 2369 2370 2378
f 2369 2378 2377
f 2370 2371 2379
f 2370 2379 2378
f 2371 2372 2380
f 2371 2380 2379
f 2372 2373 2381
f 2372 2381 2380
f 2373 2374 2382
f 2373 2382 2381
f 2374 2367 2375
f 2374 2375 2382
f 2383 2384 2392
f 2383 2392 2391
f 2384 2385 2393
f 2384 2393 2392
f 2385 2386 2394
f 2385 2394 2393
f 2386 2387 2395
f 2386 2395 2394
f 2387 2388 2396
f 2387 2396 2395
f 2388 2389 2397
f 2388 2397 2396
f 2389 2390 2398
f 2389 2398 2397
f 2390 2383 2391
f 2390 2391 2398
f 2391 2392 2400
f 2391 2400 2399
f 2392 2393 2401
f 2392 2401 2400
f 2393 2394 2402
f 2393 2402 2401
f 2394 2395 2403
f 2394 2403 2402
f 2395 2396 2404
f 2395 2404 2403
f 2396 2397 2405
f 2396 2405 2404
f 2397 2398 2406
f 2397 2406 2405
f 2398 2391 2399
f 2398 2399 2406
f 2399 2400 2408
f 2399 2408 2407
f 2400 2401 2409
f 2400 2409 2408
f 2401 2402 2410
f 2401 2410 2409
f 2402 2403 2411
f 2402 2411 2410
f 2403 2404 2412
f 2403 2412 2411
f 2404 2405 2413
f 2404 2413 2412
f 2405 2406 2414
f 2405 2414 2413
f 2406 2399 2407
f 2406 2407 2414
f 2407 2408 2416
f 2407 2416 2415
f 2408 2409 2417
f 2408 2417 2416
f 2409 2410 2418
f 2409 2418 2417
f 2410 2411 2419
f 2410 2419 2418
f 2411 2412 2420
f 2411 2420 2419
f 2412 2413 2421
f 2412 2421 2420
f 2413 2414 2422
f 2413 2422 2421
f 2414 2407 2415
f 2414 2415 2422
f 2423 2424 2432
f 2423 2432 2431
f 2424 2425 2433
f 2424 2433 2432
f 2425 2426 2434
f 2425 2434 2433
f 2426 2427 2435
f 2426 2435 2434
f 2427 2428 2436
f 2427 2436 2435
f 2428 2429 2437
f 2428 2437 2436
f 2429 2430 2438
f 2429 2438 2437
f 2430 2423 2431
f 2430 2431 2438
f 2431 2432 2440
f 2431 2440 2439
f 2432 2433 2441
f 2432 2441 2440
f 2433 2434 2442
f 2433 2442 2441
f 2434 2435 2443
f 2434 2443 2442
f 2435 2436 2444
f 2435 2444 2443
f 2436 2437 2445
f 2436 2445 2444
f 2437 2438 2446
f 2437 2446 2445
f 2438 2431 2439
f 2438 2439 2446
f 2439 2440 2448
f 2439 2448 2447
f 2440 2441 2449
f 2440 2449 2448
f 2441 2442 2450
f 2441 2450 2449
f 2442 2443 2451
f 2442 2451 2450
f 2443 2444 2452
f 2443 2452 2451
f 2444 2445 2453
f 2444 2453 2452
f 2445 2446 2454
f 2445 2454 2453
f 2446 2439 2447
f 2446 2447 2454
f 2447 2448 2456
f 2447 2456 2455
f 2448 2449 2457
f 2448 2457 2456
f 2449 2450 2458
f 2449 2458 2457
f 2450 2451 2459
f 2450 2459 2458
f 2451 2452 2460
f 2451 2460 2459
f 2452 2453 2461
f 2452 2461 2460
f 2453 2454 2462
f 2453 2462 2461
f 2454 2447 2455
f 2454 2455 2462
f 2463 2464 2472
f 2463 2472 2471
f 2464 2465 2473
f 2464 2473 2472
f 2465 2466 2474
f 2465 2474 2473
f 2466 2467 2475
f 2466 2475 2474
f 2467 2468 2476
f 2467 2476 2475
f 2468 2469 2477
f 2468 2477 2476
f 2469 2470 2478
f 2469 2478 2477
f 2470 2463 2471
f 2470 2471 2478
f 2471 2472 2480
f 2471 2480 2479
f 2472 2473 2481
f 2472 2481 2480
f 2473 2474 2482
f 2473 2482 2481
f 2474 2475 2483
f 2474 2483 2482
f 2475 2476 2484
f 2475 2484 2483
f 2476 2477 2485
f 2476 2485 2484
f 2477 2478 2486
f 2477 2486 2485
f 2478 2471 2479
f 2478 2479 2486
f 2479 2480 2488
f 2479 2488 2487
f 2480 2481 2489
f 2480 2489 2488
f 2481 2482 2490
f 2481 2490 2489
f 2482 2483 2491
f 2482 2491 2490
f 2483 2484 2492
f 2483 2492 2491
f 2484 2485 2493
f 2484 2493 2492
f 2485 2486 2494
f 2485 2494 2493
f 2486 2479 2487
f 2486 2487 2494
f 2487 2488 2496
f 2487 2496 2495
f 2488 2489 2497
f 2488 2497 2496
f 2489 2490 2498
f 2489 2498 2497
f 2490 2491 2499
f 2490 2499 2498
f 2491 2492 2500
f 2491 2500 2499
f 2492 2493 2501
f 2492 2501 2500
f 2493 2494 2502
f 2493 2502 2501
f 2494 2487 2495
f 2494 2495 2502
f 2503 2504 2512
f 2503 2512 2511
f 2504 2505 2513
f 2504 2513 2512
f 2505 2506 2514
f 2505 2514 2513
f 2506 2507 2515
f 2506 2515 2514
f 2507 2508 2516
f 2507 2516 2515
f 2508 2509 2517
f 2508 2517 2516
f 2509 2510 2518
f 2509 2518 2517
f 2510 2503 2511
f 2510 2511 2518
f 2511 2512 2520
f 2511 2520 2519
f 2512 2513 2521
f 2512 2521 2520
f 2513 2514 2522
f 2513 2522 2521
f 2514 2515 2523
f 2514 2523 2522
f 2515 2516 2524
f 2515 2524 2523
f 2516 2517 2525
f 2516 2525 2524
f 2517 2518 2526
f 2517 2526 2525
f 2518 2511 2519
f 2518 2519 2526
f 2519 2520 2528
f 2519 2528 2527
f 2520 2521 2529
f 2520 2529 2528
f 2521 2522 2530
f 2521 2530 2529
f 2522 2523 2531
f 2522 2531 2530
f 2523 2524 2532
f 2523 2532 2531
f 2524 2525 2533
f 2524 2533 2532
f 2525 2526 2534
f 2525 2534 2533
f 2526 2519 2527
f 2526 2527 2534
f 2527 2528 2536
f 2527 2536 2535
f 2528 2529 2537
f 2528 2537 2536
f 2529 2530 2538
f 2529 2538 2537
f 2530 2531 2539
f 2530 2539 2538
f 2531 2532 2540
f 2531 2540 2539
f 2532 2533 2541
f 2532 2541 2540
f 2533 2534 2542
f 2533 2542 2541
f 2534 2527 2535
f 2534 2535 2542
f 2543 2544 2552
f 2543 2552 2551
f 2544 2545 2553
f 2544 2553 2552
f 2545 2546 2554
f 2545 2554 2553
f 2546 2547 2555
f 2546 2555 2554
f 2547 2548 2556
f 2547 2556 2555
f 2548 2549 2557
f 2548 2557 2556
f 2549 2550 2558
f 2549 2558 2557
f 2550 2543 2551
f 2550 2551 2558
f 2551 2552 2560
f 2551 2560 2559
f 2552 2553 2561
f 2552 2561 2560
f 2553 2554 2562
f 2553 2562 2561
f 2554 2555 2563
f 2554 2563 2562
f 2555 2556 2564
f 2555 2564 2563
f 2556 2557 2565
f 2556 2565 2564
f 2557 2558 2566
f 2557 2566 2565
f 2558 2551 2559
f 2558 2559 2566
f 2559 2560 2568
f 2559 2568 2567
f 2560 2561 2569
f 2560 2569 2568
f 2561 2562 2570
f 2561 2570 2569
f 2562 2563 2571
f 2562 2571 2570
f 2563 2564 2572
f 2563 2572 2571
f 2564 2565 2573
f 2564 2573 2572
f 2565 2566 2574
f 2565 2574 2573
f 2566 2559 2567
f 2566 2567 2574
f 2567 2568 2576
f 2567 2576 2575
f 2568 2569 2577
f 2568 2577 2576
f 2569 2570 2578
f 2569 2578 2577
f 2570 2571 2579
f 2570 2579 2578
f 2571 2572 2580
f 2571 2580 2579
f 2572 2573 2581
f 2572 2581 2580
f 2573 2574 2582
f 2573 2582 2581
f 2574 2567 2575
f 2574 2575 2582
f 2583 2584 2592
f 2583 2592 2591
f 2584 2585 2593
f 2584 2593 2592
f 2585 2586 2594
f 2585 2594 2593
f 2586 2587 2595
f 2586 2595 2594
f 2587 2588 2596
f 2587 2596 2595
f 2588 2589 2597
f 2588 2597 2596
f 2589 2590 2598
f 2589 2598 2597
f 2590 2583 2591
f 2590 2591 2598
f 2591 2592 2600
f 2591 2600 2599
f 2592 2593 2601
f 2592 2601 2600
f 2593 2594 2602
f 2593 2602 2601
f 2594 2595 2603
f 2594 2603 2602
f 2595 2596 2604
f 2595 2604 2603
f 2596 2597 2605
f 2596 2605 2604
f 2597 2598 2606
f 2597 2606 2605
f 2598 2591 2599
f 2598 2599 2606
f 2599 2600 2608
f 2599 2608 2607
f 2600 2601 2609
f 2600 2609 2608
f 2601 2602 2610
f 2601 2610 2609
f 2602 2603 2611
f 2602 2611 2610
f 2603 2604 2612
f 2603 2612 2611
f 2604 2605 2613
f 2604 2613 2612
f 2605 2606 2614
f 2605 2614 2613
f 2606 2599 2607
f 2606 2607 2614
f 2607 2608 2616
f 2607 2616 2615
f 2608 2609 2617
f 2608 2617 2616
f 2609 2610 2618
f 2609 2618 2617
f 2610 2611 2619
f 2610 2619 2618
f 2611 2612 2620
f 2611 2620 2619
f 2612 2613 2621
f 2612 2621 2620
f 2613 2614 2622
f 2613 2622 2621
f 2614 2607 2615
f 2614 2615 2622
f 2623 2624 2632
f 2623 2632 2631
f 2624 2625 2633
f 2624 2633 2632
f 2625 2626 2634
f 2625 2634 2633
f 2626 2627 2635
f 2626 2635 2634
f 2627 2628 2636
f 2627 2636 2635
f 2628 2629 2637
f 2628 2637 2636
f 2629 2630 2638
f 2629 2638 2637
f 2630 2623 2631
f 2630 2631 2638
f 2631 2632 2640
f 2631 2640 2639
f 2632 2633 2641
f 2632 2641 2640
f 2633 2634 2642
f 2633 2642 2641
f 2634 2635 2643
f 2634 2643 2642
f 2635 2636 2644
f 2635 2644 2643
f 2636 2637 2645
f 2636 2645 2644
f 2637 2638 2646
f 2637 2646 2645
f 2638 2631 2639
f 2638 2639 2646
f 2639 2640 2648
f 2639 2648 2647
f 2640 2641 2649
f 2640 2649 2648
f 2641 2642 2650
f 2641 2650 2649
f 2642 2643 2651
f 2642 2651 2650
f 2643 2644 2652
f 2643 2652 2651
f 2644 2645 2653
f 2644 2653 2652
f 2645 2646 2654
f 2645 2654 2653
f 2646 2639 2647
f 2646 2647 2654
f 2647 2648 2656
f 2647 2656 2655
f 2648 2649 2657
f 2648 2657 2656
f 2649 2650 2658
f 2649 2658 2657
f 2650 2651 2659
f 2650 2659 2658
f 2651 2652 2660
f 2651 2660 2659
f 2652 2653 2661
f 2652 2661 2660
f 2653 2654 2662
f 2653 2662 2661
f 2654 2647 2655
f 2654 2655 2662
