# TRUNC Dual Nested Assembly
# vertices=7886 faces=13160
mtllib trunc_materials.mtl
o trunc_model
v -2.0000 0.0000 -50.7150
v -1.7321 -1.0000 -50.7150
v -1.0000 -1.7321 -50.7150
v -0.0000 -2.0000 -50.7150
v 1.0000 -1.7321 -50.7150
v 1.7321 -1.0000 -50.7150
v 2.0000 -0.0000 -50.7150
v 1.7321 1.0000 -50.7150
v 1.0000 1.7321 -50.7150
v 0.0000 2.0000 -50.7150
v -1.0000 1.7321 -50.7150
v -1.7321 1.0000 -50.7150
v -2.0000 0.0000 50.7150
v -1.7321 -1.0000 50.7150
v -1.0000 -1.7321 50.7150
v -0.0000 -2.0000 50.7150
v 1.0000 -1.7321 50.7150
v 1.7321 -1.0000 50.7150
v 2.0000 -0.0000 50.7150
v 1.7321 1.0000 50.7150
v 1.0000 1.7321 50.7150
v 0.0000 2.0000 50.7150
v -1.0000 1.7321 50.7150
v -1.7321 1.0000 50.7150
v 0.0000 0.0000 -50.7150
v 0.0000 0.0000 50.7150
v -18.0000 0.0000 -50.7150
v -16.6298 -6.8883 -50.7150
v -12.7279 -12.7279 -50.7150
v -6.8883 -16.6298 -50.7150
v -0.0000 -18.0000 -50.7150
v 6.8883 -16.6298 -50.7150
v 12.7279 -12.7279 -50.7150
v 16.6298 -6.8883 -50.7150
v 18.0000 -0.0000 -50.7150
v 16.6298 6.8883 -50.7150
v 12.7279 12.7279 -50.7150
v 6.8883 16.6298 -50.7150
v 0.0000 18.0000 -50.7150
v -6.8883 16.6298 -50.7150
v -12.7279 12.7279 -50.7150
v -16.6298 6.8883 -50.7150
v -18.0000 0.0000 -38.7150
v -16.6298 -6.8883 -38.7150
v -12.7279 -12.7279 -38.7150
v -6.8883 -16.6298 -38.7150
v -0.0000 -18.0000 -38.7150
v 6.8883 -16.6298 -38.7150
v 12.7279 -12.7279 -38.7150
v 16.6298 -6.8883 -38.7150
v 18.0000 -0.0000 -38.7150
v 16.6298 6.8883 -38.7150
v 12.7279 12.7279 -38.7150
v 6.8883 16.6298 -38.7150
v 0.0000 18.0000 -38.7150
v -6.8883 16.6298 -38.7150
v -12.7279 12.7279 -38.7150
v -16.6298 6.8883 -38.7150
v 0.0000 0.0000 -50.7150
v 0.0000 0.0000 -38.7150
v -18.0000 0.0000 38.7150
v -16.6298 -6.8883 38.7150
v -12.7279 -12.7279 38.7150
v -6.8883 -16.6298 38.7150
v -0.0000 -18.0000 38.7150
v 6.8883 -16.6298 38.7150
v 12.7279 -12.7279 38.7150
v 16.6298 -6.8883 38.7150
v 18.0000 -0.0000 38.7150
v 16.6298 6.8883 38.7150
v 12.7279 12.7279 38.7150
v 6.8883 16.6298 38.7150
v 0.0000 18.0000 38.7150
v -6.8883 16.6298 38.7150
v -12.7279 12.7279 38.7150
v -16.6298 6.8883 38.7150
v -18.0000 0.0000 50.7150
v -16.6298 -6.8883 50.7150
v -12.7279 -12.7279 50.7150
v -6.8883 -16.6298 50.7150
v -0.0000 -18.0000 50.7150
v 6.8883 -16.6298 50.7150
v 12.7279 -12.7279 50.7150
v 16.6298 -6.8883 50.7150
v 18.0000 -0.0000 50.7150
v 16.6298 6.8883 50.7150
v 12.7279 12.7279 50.7150
v 6.8883 16.6298 50.7150
v 0.0000 18.0000 50.7150
v -6.8883 16.6298 50.7150
v -12.7279 12.7279 50.7150
v -16.6298 6.8883 50.7150
v 0.0000 0.0000 38.7150
v 0.0000 0.0000 50.7150
v -5.0000 0.0000 -48.7150
v -4.3301 -2.5000 -48.7150
v -2.5000 -4.3301 -48.7150
v -0.0000 -5.0000 -48.7150
v 2.5000 -4.3301 -48.7150
v 4.3301 -2.5000 -48.7150
v 5.0000 -0.0000 -48.7150
v 4.3301 2.5000 -48.7150
v 2.5000 4.3301 -48.7150
v 0.0000 5.0000 -48.7150
v -2.5000 4.3301 -48.7150
v -4.3301 2.5000 -48.7150
v -5.0000 0.0000 -42.7150
v -4.3301 -2.5000 -42.7150
v -2.5000 -4.3301 -42.7150
v -0.0000 -5.0000 -42.7150
v 2.5000 -4.3301 -42.7150
v 4.3301 -2.5000 -42.7150
v 5.0000 -0.0000 -42.7150
v 4.3301 2.5000 -42.7150
v 2.5000 4.3301 -42.7150
v 0.0000 5.0000 -42.7150
v -2.5000 4.3301 -42.7150
v -4.3301 2.5000 -42.7150
v 0.0000 0.0000 -48.7150
v 0.0000 0.0000 -42.7150
v -5.0000 0.0000 42.7150
v -4.3301 -2.5000 42.7150
v -2.5000 -4.3301 42.7150
v -0.0000 -5.0000 42.7150
v 2.5000 -4.3301 42.7150
v 4.3301 -2.5000 42.7150
v 5.0000 -0.0000 42.7150
v 4.3301 2.5000 42.7150
v 2.5000 4.3301 42.7150
v 0.0000 5.0000 42.7150
v -2.5000 4.3301 42.7150
v -4.3301 2.5000 42.7150
v -5.0000 0.0000 48.7150
v -4.3301 -2.5000 48.7150
v -2.5000 -4.3301 48.7150
v -0.0000 -5.0000 48.7150
v 2.5000 -4.3301 48.7150
v 4.3301 -2.5000 48.7150
v 5.0000 -0.0000 48.7150
v 4.3301 2.5000 48.7150
v 2.5000 4.3301 48.7150
v 0.0000 5.0000 48.7150
v -2.5000 4.3301 48.7150
v -4.3301 2.5000 48.7150
v 0.0000 0.0000 42.7150
v 0.0000 0.0000 48.7150
v 6.0000 0.4477 -39.8284
v 4.9691 0.1018 -39.3207
v 4.9691 -0.3459 -38.2074
v 6.0000 -0.4477 -37.6016
v 7.0309 -0.1018 -38.1093
v 7.0309 0.3459 -39.2226
v 5.5587 3.6570 -38.5379
v 4.5279 3.3112 -38.0302
v 4.5279 2.8635 -36.9169
v 5.5587 2.7617 -36.3111
v 6.5896 3.1075 -36.8188
v 6.5896 3.5552 -37.9321
v 6.0000 0.0000 -38.7150
v 5.5587 3.2093 -37.4245
v 4.9392 3.2093 -38.4522
v 4.5946 2.5049 -37.5439
v 5.2142 2.5049 -36.5162
v 6.1783 3.2093 -36.3968
v 6.5229 3.9138 -37.3051
v 5.9033 3.9138 -38.3328
v 2.7986 5.9203 -37.1617
v 2.4540 5.2159 -36.2534
v 3.0736 5.2159 -35.2257
v 4.0377 5.9203 -35.1063
v 4.3822 6.6248 -36.0146
v 3.7627 6.6248 -37.0423
v 5.5587 3.2093 -37.4245
v 3.4181 5.9203 -36.1340
v 2.9943 5.9203 -37.2567
v 2.8734 4.9439 -36.5697
v 3.2972 4.9439 -35.4470
v 3.8420 5.9203 -35.0113
v 3.9629 6.8968 -35.6983
v 3.5390 6.8968 -36.8210
v -0.4239 7.2515 -35.9662
v -0.5447 6.2750 -35.2792
v -0.1209 6.2750 -34.1565
v 0.4239 7.2515 -33.7208
v 0.5447 8.2279 -34.4078
v 0.1209 8.2279 -35.5305
v 3.4181 5.9203 -36.1340
v 0.0000 7.2515 -34.8435
v -0.3830 7.2515 -35.9807
v -0.0434 6.2241 -35.4620
v 0.3396 6.2241 -34.3248
v 0.3830 7.2515 -33.7063
v 0.0434 8.2789 -34.2250
v -0.3396 8.2789 -35.3622
v -4.2147 6.6366 -34.6902
v -3.8751 5.6092 -34.1715
v -3.4921 5.6092 -33.0343
v -3.4486 6.6366 -32.4158
v -3.7882 7.6640 -32.9345
v -4.1712 7.6640 -34.0717
v 0.0000 7.2515 -34.8435
v -3.8316 6.6366 -33.5530
v -4.2856 6.6366 -34.6638
v -3.4753 5.8102 -34.3468
v -3.0213 5.8102 -33.2360
v -3.3777 6.6366 -32.4422
v -4.1880 7.4630 -32.7592
v -4.6420 7.4630 -33.8700
v -7.4433 4.0353 -33.3733
v -6.6330 3.2089 -33.0563
v -6.1790 3.2089 -31.9455
v -6.5353 4.0353 -31.1517
v -7.3457 4.8616 -31.4687
v -7.7996 4.8616 -32.5795
v -3.8316 6.6366 -33.5530
v -6.9893 4.0353 -32.2625
v -7.7771 4.0353 -33.1677
v -6.6784 3.5802 -33.3284
v -5.8907 3.5802 -32.4232
v -6.2015 4.0353 -31.3573
v -7.3002 4.4904 -31.1966
v -8.0880 4.4904 -32.1018
v -9.2599 0.0000 -31.8772
v -8.1613 -0.4551 -32.0379
v -7.3735 -0.4551 -31.1327
v -7.6843 0.0000 -30.0668
v -8.7830 0.4551 -29.9061
v -9.5708 0.4551 -30.8113
v -6.9893 4.0353 -32.2625
v -8.4721 0.0000 -30.9720
v -8.4721 0.3354 -29.8198
v -9.4964 -0.0012 -30.3467
v -9.4964 -0.3366 -31.4989
v -8.4721 -0.3354 -32.1242
v -7.4479 0.0012 -31.5973
v -7.4479 0.3366 -30.4451
v -7.6790 -4.0981 -28.5293
v -8.7032 -4.4347 -29.0562
v -8.7032 -4.7701 -30.2084
v -7.6790 -4.7689 -30.8337
v -6.6548 -4.4322 -30.3068
v -6.6548 -4.0969 -29.1546
v -8.4721 0.0000 -30.9720
v -7.6790 -4.4335 -29.6815
v -8.1463 -4.4335 -28.5762
v -8.6152 -5.1393 -29.4259
v -8.1478 -5.1393 -30.5312
v -7.2117 -4.4335 -30.7868
v -6.7428 -3.7276 -29.9371
v -7.2102 -3.7276 -28.8318
v -5.0943 -8.0141 -27.2857
v -5.5631 -8.7200 -28.1354
v -5.0958 -8.7200 -29.2407
v -4.1596 -8.0141 -29.4963
v -3.6908 -7.3082 -28.6466
v -4.1581 -7.3082 -27.5413
v -7.6790 -4.4335 -29.6815
v -4.6269 -8.0141 -28.3910
v -4.9493 -8.0141 -27.2351
v -5.1076 -8.9990 -27.9022
v -4.7853 -8.9990 -29.0581
v -4.3046 -8.0141 -29.5469
v -4.1462 -7.0292 -28.8798
v -4.4686 -7.0292 -27.7239
v -0.3224 -9.6319 -25.9446
v -0.4807 -10.6168 -26.6117
v -0.1583 -10.6168 -27.7676
v 0.3224 -9.6319 -28.2564
v 0.4807 -8.6471 -27.5893
v 0.1583 -8.6471 -26.4334
v -4.6269 -8.0141 -28.3910
v -0.0000 -9.6319 -27.1005
v -0.2999 -9.6319 -25.9386
v 0.0361 -10.6532 -26.4715
v 0.3360 -10.6532 -27.6334
v 0.2999 -9.6319 -28.2624
v -0.0361 -8.6106 -27.7295
v -0.3360 -8.6106 -26.5676
v 4.7001 -8.6603 -24.6481
v 5.0361 -9.6816 -25.1810
v 5.3360 -9.6816 -26.3429
v 5.2999 -8.6603 -26.9719
v 4.9639 -7.6389 -26.4390
v 4.6640 -7.6389 -25.2771
v -0.0000 -9.6319 -27.1005
v 5.0000 -8.6603 -25.8100
v 4.6290 -8.6603 -24.6688
v 5.4476 -9.4583 -25.0336
v 5.8186 -9.4583 -26.1748
v 5.3710 -8.6603 -26.9512
v 4.5524 -7.8622 -26.5864
v 4.1814 -7.8622 -25.4452
v 8.5985 -5.1786 -23.3783
v 9.4171 -5.9766 -23.7431
v 9.7881 -5.9766 -24.8843
v 9.3405 -5.1786 -25.6607
v 8.5220 -4.3805 -25.2959
v 8.1510 -4.3805 -24.1547
v 5.0000 -8.6603 -25.8100
v 8.9695 -5.1786 -24.5195
v 8.9695 -4.8884 -25.6839
v 7.9811 -4.7221 -25.0241
v 7.9811 -5.0122 -23.8597
v 8.9695 -5.4687 -23.3551
v 9.9580 -5.6350 -24.0149
v 9.9580 -5.3449 -25.1793
v 10.7023 0.2902 -24.3934
v 9.7138 0.4565 -23.7336
v 9.7138 0.1663 -22.5692
v 10.7023 -0.2902 -22.0646
v 11.6907 -0.4565 -22.7244
v 11.6907 -0.1663 -23.8888
v 8.9695 -5.1786 -24.5195
v 10.7023 -0.0000 -23.2290
v 10.7023 0.2733 -24.3975
v 9.6837 -0.0640 -23.8602
v 9.6837 -0.3373 -22.6917
v 10.7023 -0.2733 -22.0605
v 11.7209 0.0640 -22.5978
v 11.7209 0.3373 -23.7663
v 9.5562 5.7906 -23.1070
v 8.5376 5.4533 -22.5697
v 8.5376 5.1800 -21.4012
v 9.5562 5.2440 -20.7700
v 10.5748 5.5812 -21.3073
v 10.5748 5.8545 -22.4758
v 10.7023 -0.0000 -23.2290
v 9.5562 5.5173 -21.9385
v 9.1775 5.5173 -23.0772
v 8.6511 4.8025 -22.2697
v 9.0298 4.8025 -21.1311
v 9.9350 5.5173 -20.7998
v 10.4614 6.2321 -21.6073
v 10.0826 6.2321 -22.7459
v 5.2978 9.8320 -21.7867
v 4.7714 9.1172 -20.9792
v 5.1501 9.1172 -19.8406
v 6.0553 9.8320 -19.5093
v 6.5817 10.5468 -20.3168
v 6.2029 10.5468 -21.4554
v 9.5562 5.5173 -21.9385
v 5.6765 9.8320 -20.6480
v 5.4105 9.8320 -21.8181
v 5.2404 8.8404 -21.1642
v 5.5064 8.8404 -19.9940
v 5.9425 9.8320 -19.4779
v 6.1127 10.8237 -20.1318
v 5.8466 10.8237 -21.3020
v -0.2660 11.6569 -20.5276
v -0.4361 10.6652 -19.8737
v -0.1701 10.6652 -18.7035
v 0.2660 11.6569 -18.1874
v 0.4361 12.6485 -18.8413
v 0.1701 12.6485 -20.0115
v 5.6765 9.8320 -20.6480
v 0.0000 11.6569 -19.3575
v -0.2534 11.6569 -20.5304
v 0.0865 10.6408 -19.9900
v 0.3400 10.6408 -18.8171
v 0.2534 11.6569 -18.1846
v -0.0865 12.6729 -18.7250
v -0.3400 12.6729 -19.8979
v -6.2260 10.3448 -19.2399
v -5.8860 9.3287 -18.6995
v -5.6326 9.3287 -17.5266
v -5.7191 10.3448 -16.8941
v -6.0591 11.3609 -17.4345
v -6.3125 11.3609 -18.6074
v 0.0000 11.6569 -19.3575
v -5.9726 10.3448 -18.0670
v -6.2962 10.3448 -19.2225
v -5.4711 9.5667 -18.8305
v -5.1474 9.5667 -17.6750
v -5.6489 10.3448 -16.9115
v -6.4741 11.1229 -17.3035
v -6.7977 11.1229 -18.4590
v -10.9040 6.1086 -17.9320
v -10.0789 5.3305 -17.5400
v -9.7552 5.3305 -16.3845
v -10.2567 6.1086 -15.6210
v -11.0819 6.8867 -16.0130
v -11.4055 6.8867 -17.1685
v -5.9726 10.3448 -18.0670
v -10.5804 6.1086 -16.7765
v -10.5804 6.3566 -15.6024
v -11.5750 6.5275 -16.2517
v -11.5750 6.2794 -17.4258
v -10.5804 5.8605 -17.9506
v -9.5858 5.6897 -17.3013
v -9.5858 5.9378 -16.1272
v -12.4721 0.2480 -14.3119
v -13.4667 0.4189 -14.9612
v -13.4667 0.1708 -16.1353
v -12.4721 -0.2480 -16.6601
v -11.4776 -0.4189 -16.0108
v -11.4776 -0.1708 -14.8367
v -10.5804 6.1086 -16.7765
v -12.4721 0.0000 -15.4860
v -12.4721 0.2388 -14.3100
v -13.4858 -0.1051 -14.8524
v -13.4858 -0.3439 -16.0284
v -12.4721 -0.2388 -16.6620
v -11.4585 0.1051 -16.1196
v -11.4585 0.3439 -14.9436
v -11.0066 -6.1159 -13.0195
v -12.0203 -6.4598 -13.5619
v -12.0203 -6.6986 -14.7379
v -11.0066 -6.5935 -15.3715
v -9.9930 -6.2496 -14.8291
v -9.9930 -6.0108 -13.6531
v -12.4721 0.0000 -15.4860
v -11.0066 -6.3547 -14.1955
v -11.3346 -6.3547 -13.0412
v -11.8862 -7.0803 -13.8216
v -11.5583 -7.0803 -14.9760
v -10.6787 -6.3547 -15.3498
v -10.1270 -5.6290 -14.5694
v -10.4550 -5.6290 -13.4150
v -6.7920 -11.1962 -11.7507
v -7.3437 -11.9218 -12.5311
v -7.0158 -11.9218 -13.6855
v -6.1362 -11.1962 -14.0593
v -5.5845 -10.4705 -13.2789
v -5.9124 -10.4705 -12.1245
v -11.0066 -6.3547 -14.1955
v -6.4641 -11.1962 -12.9050
v -6.6990 -11.1962 -11.7282
v -6.8682 -12.1934 -12.3738
v -6.6333 -12.1934 -13.5506
v -6.2292 -11.1962 -14.0818
v -6.0600 -10.1989 -13.4362
v -6.2949 -10.1989 -12.2594
v -0.2349 -13.1281 -10.4377
v -0.4041 -14.1253 -11.0833
v -0.1692 -14.1253 -12.2601
v 0.2349 -13.1281 -12.7913
v 0.4041 -12.1308 -12.1457
v 0.1692 -12.1308 -10.9689
v -6.4641 -11.1962 -12.9050
v -0.0000 -13.1281 -11.6145
v -0.2285 -13.1281 -10.4364
v 0.1205 -14.1394 -10.9799
v 0.3490 -14.1394 -12.1580
v 0.2285 -13.1281 -12.7926
v -0.1205 -12.1167 -12.2491
v -0.3490 -12.1167 -11.0710
v 6.4257 -11.5254 -9.1459
v 6.7747 -12.5367 -9.6894
v 7.0032 -12.5367 -10.8675
v 6.8827 -11.5254 -11.5021
v 6.5337 -10.5140 -10.9586
v 6.3052 -10.5140 -9.7805
v -0.0000 -13.1281 -11.6145
v 6.6542 -11.5254 -10.3240
v 6.3549 -11.5254 -9.1619
v 7.1883 -12.2879 -9.5668
v 7.4876 -12.2879 -10.7289
v 6.9535 -11.5254 -11.4861
v 6.1200 -10.7629 -11.0812
v 5.8207 -10.7629 -9.9191
v 11.3649 -6.7343 -7.8714
v 12.1983 -7.4968 -8.2763
v 12.4977 -7.4968 -9.4384
v 11.9635 -6.7343 -10.1956
v 11.1301 -5.9718 -9.7907
v 10.8307 -5.9718 -8.6286
v 6.6542 -11.5254 -10.3240
v 11.6642 -6.7343 -9.0335
v 11.6642 -6.5085 -10.2121
v 10.6644 -6.3430 -9.5694
v 10.6644 -6.5688 -8.3909
v 11.6642 -6.9602 -7.8549
v 12.6640 -7.1257 -8.4976
v 12.6640 -6.8998 -9.6761
v 13.6085 0.2258 -8.9216
v 12.6086 0.3914 -8.2789
v 12.6086 0.1655 -7.1004
v 13.6085 -0.2258 -6.5644
v 14.6083 -0.3914 -7.2071
v 14.6083 -0.1655 -8.3856
v 11.6642 -6.7343 -9.0335
v 13.6085 -0.0000 -7.7430
v 13.6085 0.2217 -8.9223
v 12.5994 -0.1334 -8.3786
v 12.5994 -0.3551 -7.1993
v 13.6085 -0.2217 -6.5637
v 14.6175 0.1334 -7.1074
v 14.6175 0.3551 -8.2867
v 11.8883 7.0854 -7.6318
v 10.8792 6.7303 -7.0881
v 10.8792 6.5086 -5.9088
v 11.8883 6.6420 -5.2732
v 12.8974 6.9971 -5.8169
v 12.8974 7.2188 -6.9962
v 13.6085 -0.0000 -7.7430
v 11.8883 6.8637 -6.4525
v 11.5870 6.8637 -7.6141
v 11.0285 6.1266 -6.8494
v 11.3298 6.1266 -5.6878
v 12.1895 6.8637 -5.2909
v 12.7481 7.6008 -6.0556
v 12.4468 7.6008 -7.2172
v 6.6113 11.9730 -6.3236
v 6.0528 11.2359 -5.5589
v 6.3541 11.2359 -4.3973
v 7.2139 11.9730 -4.0004
v 7.7724 12.7100 -4.7651
v 7.4711 12.7100 -5.9267
v 11.8883 6.8637 -6.4525
v 6.9126 11.9730 -5.1620
v 6.6924 11.9730 -6.3416
v 6.5323 10.9707 -5.7014
v 6.7525 10.9707 -4.5217
v 7.1328 11.9730 -3.9824
v 7.2929 12.9752 -4.6226
v 7.0727 12.9752 -5.8023
v -0.2202 13.9015 -5.0511
v -0.3803 12.8993 -4.4109
v -0.1601 12.8993 -3.2312
v 0.2202 13.9015 -2.6919
v 0.3803 14.9037 -3.3321
v 0.1601 14.9037 -4.5118
v 6.9126 11.9730 -5.1620
v 0.0000 13.9015 -3.8715
v -0.2182 13.9015 -5.0515
v 0.1441 12.8947 -4.5083
v 0.3623 12.8947 -3.3283
v 0.2182 13.9015 -2.6915
v -0.1441 14.9083 -3.2347
v -0.3623 14.9083 -4.4147
v -7.1963 12.0864 -3.7610
v -6.8340 11.0796 -3.2178
v -6.6157 11.0796 -2.0378
v -6.7599 12.0864 -1.4010
v -7.1222 13.0932 -1.9442
v -7.3404 13.0932 -3.1242
v 0.0000 13.9015 -3.8715
v -6.9781 12.0864 -2.5810
v -7.2705 12.0864 -3.7448
v -6.4257 11.3372 -3.3384
v -6.1334 11.3372 -2.1746
v -6.6857 12.0864 -1.4172
v -7.5304 12.8356 -1.8236
v -7.8228 12.8356 -2.9874
v -12.4072 6.9945 -2.4543
v -11.5625 6.2453 -2.0479
v -11.2701 6.2453 -0.8841
v -11.8225 6.9945 -0.1267
v -12.6672 7.7437 -0.5331
v -12.9596 7.7437 -1.6969
v -6.9781 12.0864 -2.5810
v -12.1149 6.9945 -1.2905
v -12.1149 7.2122 -0.1104
v -13.1194 7.3652 -0.7488
v -13.1194 7.1475 -1.9288
v -12.1149 6.7768 -2.4706
v -11.1103 6.6238 -1.8322
v -11.1103 6.8416 -0.6522
v -14.0000 0.2177 1.1801
v -15.0045 0.3707 0.5417
v -15.0045 0.1530 -0.6383
v -14.0000 -0.2177 -1.1801
v -12.9955 -0.3707 -0.5417
v -12.9955 -0.1530 0.6383
v -12.1149 6.9945 -1.2905
v -14.0000 0.0000 0.0000
v -14.0000 0.2177 1.1801
v -15.0045 -0.1530 0.6383
v -15.0045 -0.3707 -0.5417
v -14.0000 -0.2177 -1.1801
v -12.9955 0.1530 -0.6383
v -12.9955 0.3707 0.5417
v -12.1149 -6.7768 2.4706
v -13.1194 -7.1475 1.9288
v -13.1194 -7.3652 0.7488
v -12.1149 -7.2122 0.1104
v -11.1103 -6.8416 0.6522
v -11.1103 -6.6238 1.8322
v -14.0000 0.0000 0.0000
v -12.1149 -6.9945 1.2905
v -12.4072 -6.9945 2.4543
v -12.9596 -7.7437 1.6969
v -12.6672 -7.7437 0.5331
v -11.8225 -6.9945 0.1267
v -11.2701 -6.2453 0.8841
v -11.5625 -6.2453 2.0479
v -7.2705 -12.0864 3.7448
v -7.8228 -12.8356 2.9874
v -7.5304 -12.8356 1.8236
v -6.6857 -12.0864 1.4172
v -6.1334 -11.3372 2.1746
v -6.4257 -11.3372 3.3384
v -12.1149 -6.9945 1.2905
v -6.9781 -12.0864 2.5810
v -7.1963 -12.0864 3.7610
v -7.3404 -13.0932 3.1242
v -7.1222 -13.0932 1.9442
v -6.7599 -12.0864 1.4010
v -6.6157 -11.0796 2.0378
v -6.8340 -11.0796 3.2178
v -0.2182 -13.9015 5.0515
v -0.3623 -14.9083 4.4147
v -0.1441 -14.9083 3.2347
v 0.2182 -13.9015 2.6915
v 0.3623 -12.8947 3.3283
v 0.1441 -12.8947 4.5083
v -6.9781 -12.0864 2.5810
v -0.0000 -13.9015 3.8715
v -0.2202 -13.9015 5.0511
v 0.1601 -14.9037 4.5118
v 0.3803 -14.9037 3.3321
v 0.2202 -13.9015 2.6919
v -0.1601 -12.8993 3.2312
v -0.3803 -12.8993 4.4109
v 6.6924 -11.9730 6.3416
v 7.0727 -12.9752 5.8023
v 7.2929 -12.9752 4.6226
v 7.1328 -11.9730 3.9824
v 6.7525 -10.9707 4.5217
v 6.5323 -10.9707 5.7014
v -0.0000 -13.9015 3.8715
v 6.9126 -11.9730 5.1620
v 6.6113 -11.9730 6.3236
v 7.4711 -12.7100 5.9267
v 7.7724 -12.7100 4.7651
v 7.2139 -11.9730 4.0004
v 6.3541 -11.2359 4.3973
v 6.0528 -11.2359 5.5589
v 11.5870 -6.8637 7.6141
v 12.4468 -7.6008 7.2172
v 12.7481 -7.6008 6.0556
v 12.1895 -6.8637 5.2909
v 11.3298 -6.1266 5.6878
v 11.0285 -6.1266 6.8494
v 6.9126 -11.9730 5.1620
v 11.8883 -6.8637 6.4525
v 11.8883 -6.6420 5.2732
v 10.8792 -6.5086 5.9088
v 10.8792 -6.7303 7.0881
v 11.8883 -7.0854 7.6318
v 12.8974 -7.2188 6.9962
v 12.8974 -6.9971 5.8169
v 13.6085 0.2217 6.5637
v 12.5994 0.3551 7.1993
v 12.5994 0.1334 8.3786
v 13.6085 -0.2217 8.9223
v 14.6175 -0.3551 8.2867
v 14.6175 -0.1334 7.1074
v 11.8883 -6.8637 6.4525
v 13.6085 -0.0000 7.7430
v 13.6085 0.2258 6.5644
v 12.6086 -0.1655 7.1004
v 12.6086 -0.3914 8.2789
v 13.6085 -0.2258 8.9216
v 14.6083 0.1655 8.3856
v 14.6083 0.3914 7.2071
v 11.6642 6.9602 7.8549
v 10.6644 6.5688 8.3909
v 10.6644 6.3430 9.5694
v 11.6642 6.5085 10.2121
v 12.6640 6.8998 9.6761
v 12.6640 7.1257 8.4976
v 13.6085 -0.0000 7.7430
v 11.6642 6.7343 9.0335
v 11.3649 6.7343 7.8714
v 10.8307 5.9718 8.6286
v 11.1301 5.9718 9.7907
v 11.9635 6.7343 10.1956
v 12.4977 7.4968 9.4384
v 12.1983 7.4968 8.2763
v 6.3549 11.5254 9.1619
v 5.8207 10.7629 9.9191
v 6.1200 10.7629 11.0812
v 6.9535 11.5254 11.4861
v 7.4876 12.2879 10.7289
v 7.1883 12.2879 9.5668
v 11.6642 6.7343 9.0335
v 6.6542 11.5254 10.3240
v 6.4257 11.5254 9.1459
v 6.3052 10.5140 9.7805
v 6.5337 10.5140 10.9586
v 6.8827 11.5254 11.5021
v 7.0032 12.5367 10.8675
v 6.7747 12.5367 9.6894
v -0.2285 13.1281 10.4364
v -0.3490 12.1167 11.0710
v -0.1205 12.1167 12.2491
v 0.2285 13.1281 12.7926
v 0.3490 14.1394 12.1580
v 0.1205 14.1394 10.9799
v 6.6542 11.5254 10.3240
v -0.0000 13.1281 11.6145
v -0.2349 13.1281 10.4377
v 0.1692 12.1308 10.9689
v 0.4041 12.1308 12.1457
v 0.2349 13.1281 12.7913
v -0.1692 14.1253 12.2601
v -0.4041 14.1253 11.0833
v -6.6990 11.1962 11.7282
v -6.2949 10.1989 12.2594
v -6.0600 10.1989 13.4362
v -6.2292 11.1962 14.0818
v -6.6333 12.1934 13.5506
v -6.8682 12.1934 12.3738
v -0.0000 13.1281 11.6145
v -6.4641 11.1962 12.9050
v -6.7920 11.1962 11.7507
v -5.9124 10.4705 12.1245
v -5.5845 10.4705 13.2789
v -6.1362 11.1962 14.0593
v -7.0158 11.9218 13.6855
v -7.3437 11.9218 12.5311
v -11.3346 6.3547 13.0412
v -10.4550 5.6290 13.4150
v -10.1270 5.6290 14.5694
v -10.6787 6.3547 15.3498
v -11.5583 7.0803 14.9760
v -11.8862 7.0803 13.8216
v -6.4641 11.1962 12.9050
v -11.0066 6.3547 14.1955
v -11.0066 6.5935 15.3715
v -12.0203 6.6986 14.7379
v -12.0203 6.4598 13.5619
v -11.0066 6.1159 13.0195
v -9.9930 6.0108 13.6531
v -9.9930 6.2496 14.8291
v -12.4721 0.2388 16.6620
v -13.4858 0.3439 16.0284
v -13.4858 0.1051 14.8524
v -12.4721 -0.2388 14.3100
v -11.4585 -0.3439 14.9436
v -11.4585 -0.1051 16.1196
v -11.0066 6.3547 14.1955
v -12.4721 0.0000 15.4860
v -12.4721 0.2480 16.6601
v -13.4667 -0.1708 16.1353
v -13.4667 -0.4189 14.9612
v -12.4721 -0.2480 14.3119
v -11.4776 0.1708 14.8367
v -11.4776 0.4189 16.0108
v -10.5804 -5.8605 17.9506
v -11.5750 -6.2794 17.4258
v -11.5750 -6.5275 16.2517
v -10.5804 -6.3566 15.6024
v -9.5858 -5.9378 16.1272
v -9.5858 -5.6897 17.3013
v -12.4721 0.0000 15.4860
v -10.5804 -6.1086 16.7765
v -10.9040 -6.1086 17.9320
v -11.4055 -6.8867 17.1685
v -11.0819 -6.8867 16.0130
v -10.2567 -6.1086 15.6210
v -9.7552 -5.3305 16.3845
v -10.0789 -5.3305 17.5400
v -6.2962 -10.3448 19.2225
v -6.7977 -11.1229 18.4590
v -6.4741 -11.1229 17.3035
v -5.6489 -10.3448 16.9115
v -5.1474 -9.5667 17.6750
v -5.4711 -9.5667 18.8305
v -10.5804 -6.1086 16.7765
v -5.9726 -10.3448 18.0670
v -6.2260 -10.3448 19.2399
v -6.3125 -11.3609 18.6074
v -6.0591 -11.3609 17.4345
v -5.7191 -10.3448 16.8941
v -5.6326 -9.3287 17.5266
v -5.8860 -9.3287 18.6995
v -0.2534 -11.6569 20.5304
v -0.3400 -12.6729 19.8979
v -0.0865 -12.6729 18.7250
v 0.2534 -11.6569 18.1846
v 0.3400 -10.6408 18.8171
v 0.0865 -10.6408 19.9900
v -5.9726 -10.3448 18.0670
v -0.0000 -11.6569 19.3575
v -0.2660 -11.6569 20.5276
v 0.1701 -12.6485 20.0115
v 0.4361 -12.6485 18.8413
v 0.2660 -11.6569 18.1874
v -0.1701 -10.6652 18.7035
v -0.4361 -10.6652 19.8737
v 5.4105 -9.8320 21.8181
v 5.8466 -10.8237 21.3020
v 6.1127 -10.8237 20.1318
v 5.9425 -9.8320 19.4779
v 5.5064 -8.8404 19.9940
v 5.2404 -8.8404 21.1642
v -0.0000 -11.6569 19.3575
v 5.6765 -9.8320 20.6480
v 5.2978 -9.8320 21.7867
v 6.2029 -10.5468 21.4554
v 6.5817 -10.5468 20.3168
v 6.0553 -9.8320 19.5093
v 5.1501 -9.1172 19.8406
v 4.7714 -9.1172 20.9792
v 9.1775 -5.5173 23.0772
v 10.0826 -6.2321 22.7459
v 10.4614 -6.2321 21.6073
v 9.9350 -5.5173 20.7998
v 9.0298 -4.8025 21.1311
v 8.6511 -4.8025 22.2697
v 5.6765 -9.8320 20.6480
v 9.5562 -5.5173 21.9385
v 9.5562 -5.2440 20.7700
v 8.5376 -5.1800 21.4012
v 8.5376 -5.4533 22.5697
v 9.5562 -5.7906 23.1070
v 10.5748 -5.8545 22.4758
v 10.5748 -5.5812 21.3073
v 10.7023 0.2733 22.0605
v 9.6837 0.3373 22.6917
v 9.6837 0.0640 23.8602
v 10.7023 -0.2733 24.3975
v 11.7209 -0.3373 23.7663
v 11.7209 -0.0640 22.5978
v 9.5562 -5.5173 21.9385
v 10.7023 -0.0000 23.2290
v 10.7023 0.2902 22.0646
v 9.7138 -0.1663 22.5692
v 9.7138 -0.4565 23.7336
v 10.7023 -0.2902 24.3934
v 11.6907 0.1663 23.8888
v 11.6907 0.4565 22.7244
v 8.9695 5.4687 23.3551
v 7.9811 5.0122 23.8597
v 7.9811 4.7221 25.0241
v 8.9695 4.8884 25.6839
v 9.9580 5.3449 25.1793
v 9.9580 5.6350 24.0149
v 10.7023 -0.0000 23.2290
v 8.9695 5.1786 24.5195
v 8.5985 5.1786 23.3783
v 8.1510 4.3805 24.1547
v 8.5220 4.3805 25.2959
v 9.3405 5.1786 25.6607
v 9.7881 5.9766 24.8843
v 9.4171 5.9766 23.7431
v 4.6290 8.6603 24.6688
v 4.1814 7.8622 25.4452
v 4.5524 7.8622 26.5864
v 5.3710 8.6603 26.9512
v 5.8186 9.4583 26.1748
v 5.4476 9.4583 25.0336
v 8.9695 5.1786 24.5195
v 5.0000 8.6603 25.8100
v 4.7001 8.6603 24.6481
v 4.6640 7.6389 25.2771
v 4.9639 7.6389 26.4390
v 5.2999 8.6603 26.9719
v 5.3360 9.6816 26.3429
v 5.0361 9.6816 25.1810
v -0.2999 9.6319 25.9386
v -0.3360 8.6106 26.5676
v -0.0361 8.6106 27.7295
v 0.2999 9.6319 28.2624
v 0.3360 10.6532 27.6334
v 0.0361 10.6532 26.4715
v 5.0000 8.6603 25.8100
v -0.0000 9.6319 27.1005
v -0.3224 9.6319 25.9446
v 0.1583 8.6471 26.4334
v 0.4807 8.6471 27.5893
v 0.3224 9.6319 28.2564
v -0.1583 10.6168 27.7676
v -0.4807 10.6168 26.6117
v -4.9493 8.0141 27.2351
v -4.4686 7.0292 27.7239
v -4.1462 7.0292 28.8798
v -4.3046 8.0141 29.5469
v -4.7853 8.9990 29.0581
v -5.1076 8.9990 27.9022
v -0.0000 9.6319 27.1005
v -4.6269 8.0141 28.3910
v -5.0943 8.0141 27.2857
v -4.1581 7.3082 27.5413
v -3.6908 7.3082 28.6466
v -4.1596 8.0141 29.4963
v -5.0958 8.7200 29.2407
v -5.5631 8.7200 28.1354
v -8.1463 4.4335 28.5762
v -7.2102 3.7276 28.8318
v -6.7428 3.7276 29.9371
v -7.2117 4.4335 30.7868
v -8.1478 5.1393 30.5312
v -8.6152 5.1393 29.4259
v -4.6269 8.0141 28.3910
v -7.6790 4.4335 29.6815
v -7.6790 4.7689 30.8337
v -8.7032 4.7701 30.2084
v -8.7032 4.4347 29.0562
v -7.6790 4.0981 28.5293
v -6.6548 4.0969 29.1546
v -6.6548 4.4322 30.3068
v -8.4721 0.3354 32.1242
v -9.4964 0.3366 31.4989
v -9.4964 0.0012 30.3467
v -8.4721 -0.3354 29.8198
v -7.4479 -0.3366 30.4451
v -7.4479 -0.0012 31.5973
v -7.6790 4.4335 29.6815
v -8.4721 0.0000 30.9720
v -9.2599 0.0000 31.8772
v -9.5708 -0.4551 30.8113
v -8.7830 -0.4551 29.9061
v -7.6843 0.0000 30.0668
v -7.3735 0.4551 31.1327
v -8.1613 0.4551 32.0379
v -7.7771 -4.0353 33.1677
v -8.0880 -4.4904 32.1018
v -7.3002 -4.4904 31.1966
v -6.2015 -4.0353 31.3573
v -5.8907 -3.5802 32.4232
v -6.6784 -3.5802 33.3284
v -8.4721 0.0000 30.9720
v -6.9893 -4.0353 32.2625
v -7.4433 -4.0353 33.3733
v -7.7996 -4.8616 32.5795
v -7.3457 -4.8616 31.4687
v -6.5353 -4.0353 31.1517
v -6.1790 -3.2089 31.9455
v -6.6330 -3.2089 33.0563
v -4.2856 -6.6366 34.6638
v -4.6420 -7.4630 33.8700
v -4.1880 -7.4630 32.7592
v -3.3777 -6.6366 32.4422
v -3.0213 -5.8102 33.2360
v -3.4753 -5.8102 34.3468
v -6.9893 -4.0353 32.2625
v -3.8316 -6.6366 33.5530
v -4.2147 -6.6366 34.6902
v -4.1712 -7.6640 34.0717
v -3.7882 -7.6640 32.9345
v -3.4486 -6.6366 32.4158
v -3.4921 -5.6092 33.0343
v -3.8751 -5.6092 34.1715
v -0.3830 -7.2515 35.9807
v -0.3396 -8.2789 35.3622
v 0.0434 -8.2789 34.2250
v 0.3830 -7.2515 33.7063
v 0.3396 -6.2241 34.3248
v -0.0434 -6.2241 35.4620
v -3.8316 -6.6366 33.5530
v -0.0000 -7.2515 34.8435
v -0.4239 -7.2515 35.9662
v 0.1209 -8.2279 35.5305
v 0.5447 -8.2279 34.4078
v 0.4239 -7.2515 33.7208
v -0.1209 -6.2750 34.1565
v -0.5447 -6.2750 35.2792
v 2.9943 -5.9203 37.2567
v 3.5390 -6.8968 36.8210
v 3.9629 -6.8968 35.6983
v 3.8420 -5.9203 35.0113
v 3.2972 -4.9439 35.4470
v 2.8734 -4.9439 36.5697
v -0.0000 -7.2515 34.8435
v 3.4181 -5.9203 36.1340
v 2.7986 -5.9203 37.1617
v 3.7627 -6.6248 37.0423
v 4.3822 -6.6248 36.0146
v 4.0377 -5.9203 35.1063
v 3.0736 -5.2159 35.2257
v 2.4540 -5.2159 36.2534
v 4.9392 -3.2093 38.4522
v 5.9033 -3.9138 38.3328
v 6.5229 -3.9138 37.3051
v 6.1783 -3.2093 36.3968
v 5.2142 -2.5049 36.5162
v 4.5946 -2.5049 37.5439
v 3.4181 -5.9203 36.1340
v 5.5587 -3.2093 37.4245
v 5.5587 -2.7617 36.3111
v 4.5279 -2.8635 36.9169
v 4.5279 -3.3112 38.0302
v 5.5587 -3.6570 38.5379
v 6.5896 -3.5552 37.9321
v 6.5896 -3.1075 36.8188
v 6.0000 0.4477 37.6016
v 4.9691 0.3459 38.2074
v 4.9691 -0.1018 39.3207
v 6.0000 -0.4477 39.8284
v 7.0309 -0.3459 39.2226
v 7.0309 0.1018 38.1093
v 5.5587 -3.2093 37.4245
v 6.0000 -0.0000 38.7150
v 13.1573 0.0000 26.4030
v 12.0663 -1.1703 26.3873
v 10.9090 -1.1703 25.2825
v 10.8427 -0.0000 24.1934
v 11.9337 1.1703 24.2091
v 13.0910 1.1703 25.3140
v 23.0203 -9.0559 16.0714
v 21.9293 -10.2262 16.0557
v 20.7720 -10.2262 14.9509
v 20.7057 -9.0559 13.8618
v 21.7967 -7.8857 13.8775
v 22.9540 -7.8857 14.9824
v 12.0000 0.0000 25.2982
v 21.8630 -9.0559 14.9666
v 20.8850 -9.0559 13.7003
v 21.3370 -10.4408 14.3620
v 22.3150 -10.4408 15.6284
v 22.8410 -9.0559 16.2329
v 22.3890 -7.6711 15.5712
v 21.4110 -7.6711 14.3049
v 7.5073 -8.4853 24.0319
v 7.9593 -9.8701 24.6936
v 8.9373 -9.8701 25.9600
v 9.4633 -8.4853 26.5645
v 9.0113 -7.1004 25.9028
v 8.0333 -7.1004 24.6365
v 21.8630 -9.0559 14.9666
v 8.4853 -8.4853 25.2982
v 21.8630 -7.0559 14.9666
v 21.8630 -7.0559 14.9666
v 21.8630 -7.0559 14.9666
v 21.8630 -7.0559 14.9666
v 21.8630 -7.0559 14.9666
v 21.8630 -7.0559 14.9666
v 21.8630 -7.0559 14.9666
v 21.8630 -7.0559 14.9666
v 23.2772 -7.6417 14.9666
v 22.8630 -7.6417 15.9666
v 21.8630 -7.6417 16.3808
v 20.8630 -7.6417 15.9666
v 20.4488 -7.6417 14.9666
v 20.8630 -7.6417 13.9666
v 21.8630 -7.6417 13.5524
v 22.8630 -7.6417 13.9666
v 23.8630 -9.0559 14.9666
v 23.2772 -9.0559 16.3808
v 21.8630 -9.0559 16.9666
v 20.4488 -9.0559 16.3808
v 19.8630 -9.0559 14.9666
v 20.4488 -9.0559 13.5524
v 21.8630 -9.0559 12.9666
v 23.2772 -9.0559 13.5524
v 23.2772 -10.4702 14.9666
v 22.8630 -10.4702 15.9666
v 21.8630 -10.4702 16.3808
v 20.8630 -10.4702 15.9666
v 20.4488 -10.4702 14.9666
v 20.8630 -10.4702 13.9666
v 21.8630 -10.4702 13.5524
v 22.8630 -10.4702 13.9666
v 21.8630 -11.0559 14.9666
v 21.8630 -11.0559 14.9666
v 21.8630 -11.0559 14.9666
v 21.8630 -11.0559 14.9666
v 21.8630 -11.0559 14.9666
v 21.8630 -11.0559 14.9666
v 21.8630 -11.0559 14.9666
v 21.8630 -11.0559 14.9666
v 23.3434 -9.0559 15.5737
v 22.8600 -10.2650 14.6439
v 21.3796 -10.2650 14.0368
v 20.3826 -9.0559 14.3596
v 20.8660 -7.8469 15.2894
v 22.3464 -7.8469 15.8964
v 29.4804 0.0000 0.6070
v 28.9970 -1.2091 -0.3228
v 27.5166 -1.2091 -0.9298
v 26.5196 -0.0000 -0.6070
v 27.0030 1.2091 0.3228
v 28.4834 1.2091 0.9298
v 21.8630 -9.0559 14.9666
v 28.0000 0.0000 0.0000
v 27.0081 0.0000 -1.2555
v 28.2339 -1.0271 -1.2043
v 29.2258 -1.0271 0.0511
v 28.9919 -0.0000 1.2555
v 27.7661 1.0271 1.2043
v 26.7742 1.0271 -0.0511
v 8.0641 -21.8630 13.7112
v 9.2898 -22.8901 13.7623
v 10.2817 -22.8901 15.0178
v 10.0478 -21.8630 16.2221
v 8.8221 -20.8359 16.1709
v 7.8302 -20.8359 14.9155
v 28.0000 0.0000 0.0000
v 9.0559 -21.8630 14.9666
v 28.0000 2.0000 0.0000
v 28.0000 2.0000 0.0000
v 28.0000 2.0000 0.0000
v 28.0000 2.0000 0.0000
v 28.0000 2.0000 0.0000
v 28.0000 2.0000 0.0000
v 28.0000 2.0000 0.0000
v 28.0000 2.0000 0.0000
v 29.4142 1.4142 0.0000
v 29.0000 1.4142 1.0000
v 28.0000 1.4142 1.4142
v 27.0000 1.4142 1.0000
v 26.5858 1.4142 0.0000
v 27.0000 1.4142 -1.0000
v 28.0000 1.4142 -1.4142
v 29.0000 1.4142 -1.0000
v 30.0000 0.0000 0.0000
v 29.4142 0.0000 1.4142
v 28.0000 0.0000 2.0000
v 26.5858 0.0000 1.4142
v 26.0000 0.0000 0.0000
v 26.5858 0.0000 -1.4142
v 28.0000 0.0000 -2.0000
v 29.4142 0.0000 -1.4142
v 29.4142 -1.4142 0.0000
v 29.0000 -1.4142 1.0000
v 28.0000 -1.4142 1.4142
v 27.0000 -1.4142 1.0000
v 26.5858 -1.4142 0.0000
v 27.0000 -1.4142 -1.0000
v 28.0000 -1.4142 -1.4142
v 29.0000 -1.4142 -1.0000
v 28.0000 -2.0000 0.0000
v 28.0000 -2.0000 0.0000
v 28.0000 -2.0000 0.0000
v 28.0000 -2.0000 0.0000
v 28.0000 -2.0000 0.0000
v 28.0000 -2.0000 0.0000
v 28.0000 -2.0000 0.0000
v 28.0000 -2.0000 0.0000
v 20.3826 -9.0559 -14.3596
v 21.3796 -10.2650 -14.0368
v 22.8600 -10.2650 -14.6439
v 23.3434 -9.0559 -15.5737
v 22.3464 -7.8469 -15.8964
v 20.8660 -7.8469 -15.2894
v 26.5196 0.0000 0.6070
v 27.5166 -1.2091 0.9298
v 28.9970 -1.2091 0.3228
v 29.4804 -0.0000 -0.6070
v 28.4834 1.2091 -0.9298
v 27.0030 1.2091 -0.3228
v 21.8630 -9.0559 -14.9666
v 28.0000 0.0000 0.0000
v 28.9919 0.0000 -1.2555
v 29.2258 -1.0271 -0.0511
v 28.2339 -1.0271 1.2043
v 27.0081 -0.0000 1.2555
v 26.7742 1.0271 0.0511
v 27.7661 1.0271 -1.2043
v 10.0478 -21.8630 -16.2221
v 10.2817 -22.8901 -15.0178
v 9.2898 -22.8901 -13.7623
v 8.0641 -21.8630 -13.7112
v 7.8302 -20.8359 -14.9155
v 8.8221 -20.8359 -16.1709
v 28.0000 0.0000 0.0000
v 9.0559 -21.8630 -14.9666
v 28.0000 2.0000 0.0000
v 28.0000 2.0000 0.0000
v 28.0000 2.0000 0.0000
v 28.0000 2.0000 0.0000
v 28.0000 2.0000 0.0000
v 28.0000 2.0000 0.0000
v 28.0000 2.0000 0.0000
v 28.0000 2.0000 0.0000
v 29.4142 1.4142 0.0000
v 29.0000 1.4142 1.0000
v 28.0000 1.4142 1.4142
v 27.0000 1.4142 1.0000
v 26.5858 1.4142 0.0000
v 27.0000 1.4142 -1.0000
v 28.0000 1.4142 -1.4142
v 29.0000 1.4142 -1.0000
v 30.0000 0.0000 0.0000
v 29.4142 0.0000 1.4142
v 28.0000 0.0000 2.0000
v 26.5858 0.0000 1.4142
v 26.0000 0.0000 0.0000
v 26.5858 0.0000 -1.4142
v 28.0000 0.0000 -2.0000
v 29.4142 0.0000 -1.4142
v 29.4142 -1.4142 0.0000
v 29.0000 -1.4142 1.0000
v 28.0000 -1.4142 1.4142
v 27.0000 -1.4142 1.0000
v 26.5858 -1.4142 0.0000
v 27.0000 -1.4142 -1.0000
v 28.0000 -1.4142 -1.4142
v 29.0000 -1.4142 -1.0000
v 28.0000 -2.0000 0.0000
v 28.0000 -2.0000 0.0000
v 28.0000 -2.0000 0.0000
v 28.0000 -2.0000 0.0000
v 28.0000 -2.0000 0.0000
v 28.0000 -2.0000 0.0000
v 28.0000 -2.0000 0.0000
v 28.0000 -2.0000 0.0000
v 10.8427 0.0000 -24.1934
v 10.9090 -1.1703 -25.2825
v 12.0663 -1.1703 -26.3873
v 13.1573 -0.0000 -26.4030
v 13.0910 1.1703 -25.3140
v 11.9337 1.1703 -24.2091
v 20.7057 -9.0559 -13.8618
v 20.7720 -10.2262 -14.9509
v 21.9293 -10.2262 -16.0557
v 23.0203 -9.0559 -16.0714
v 22.9540 -7.8857 -14.9824
v 21.7967 -7.8857 -13.8775
v 12.0000 0.0000 -25.2982
v 21.8630 -9.0559 -14.9666
v 22.8410 -9.0559 -16.2329
v 22.3150 -10.4408 -15.6284
v 21.3370 -10.4408 -14.3620
v 20.8850 -9.0559 -13.7003
v 21.4110 -7.6711 -14.3049
v 22.3890 -7.6711 -15.5712
v 9.4633 -8.4853 -26.5645
v 8.9373 -9.8701 -25.9600
v 7.9593 -9.8701 -24.6936
v 7.5073 -8.4853 -24.0319
v 8.0333 -7.1004 -24.6365
v 9.0113 -7.1004 -25.9028
v 21.8630 -9.0559 -14.9666
v 8.4853 -8.4853 -25.2982
v 21.8630 -7.0559 -14.9666
v 21.8630 -7.0559 -14.9666
v 21.8630 -7.0559 -14.9666
v 21.8630 -7.0559 -14.9666
v 21.8630 -7.0559 -14.9666
v 21.8630 -7.0559 -14.9666
v 21.8630 -7.0559 -14.9666
v 21.8630 -7.0559 -14.9666
v 23.2772 -7.6417 -14.9666
v 22.8630 -7.6417 -13.9666
v 21.8630 -7.6417 -13.5524
v 20.8630 -7.6417 -13.9666
v 20.4488 -7.6417 -14.9666
v 20.8630 -7.6417 -15.9666
v 21.8630 -7.6417 -16.3808
v 22.8630 -7.6417 -15.9666
v 23.8630 -9.0559 -14.9666
v 23.2772 -9.0559 -13.5524
v 21.8630 -9.0559 -12.9666
v 20.4488 -9.0559 -13.5524
v 19.8630 -9.0559 -14.9666
v 20.4488 -9.0559 -16.3808
v 21.8630 -9.0559 -16.9666
v 23.2772 -9.0559 -16.3808
v 23.2772 -10.4702 -14.9666
v 22.8630 -10.4702 -13.9666
v 21.8630 -10.4702 -13.5524
v 20.8630 -10.4702 -13.9666
v 20.4488 -10.4702 -14.9666
v 20.8630 -10.4702 -15.9666
v 21.8630 -10.4702 -16.3808
v 22.8630 -10.4702 -15.9666
v 21.8630 -11.0559 -14.9666
v 21.8630 -11.0559 -14.9666
v 21.8630 -11.0559 -14.9666
v 21.8630 -11.0559 -14.9666
v 21.8630 -11.0559 -14.9666
v 21.8630 -11.0559 -14.9666
v 21.8630 -11.0559 -14.9666
v 21.8630 -11.0559 -14.9666
v 10.0828 -8.4853 25.3865
v 9.2236 -9.3330 26.4367
v 7.6261 -9.3330 26.3485
v 6.8877 -8.4853 25.2100
v 7.7469 -7.6375 24.1597
v 9.3445 -7.6375 24.2480
v 10.6535 -21.8630 15.0549
v 9.7943 -22.7107 16.1051
v 8.1967 -22.7107 16.0169
v 7.4584 -21.8630 14.8784
v 8.3176 -21.0152 13.8281
v 9.9152 -21.0152 13.9164
v 8.4853 -8.4853 25.2982
v 9.0559 -21.8630 14.9666
v 7.8527 -21.8630 13.9120
v 7.9217 -22.9886 15.0470
v 9.1249 -22.9886 16.1016
v 10.2592 -21.8630 16.0213
v 10.1902 -20.7374 14.8863
v 8.9870 -20.7374 13.8316
v -1.2032 -12.0000 24.2436
v -1.1343 -13.1256 25.3786
v 0.0690 -13.1256 26.4332
v 1.2032 -12.0000 26.3529
v 1.1343 -10.8744 25.2179
v -0.0690 -10.8744 24.1632
v 9.0559 -21.8630 14.9666
v 0.0000 -12.0000 25.2982
v 9.0559 -19.8630 14.9666
v 9.0559 -19.8630 14.9666
v 9.0559 -19.8630 14.9666
v 9.0559 -19.8630 14.9666
v 9.0559 -19.8630 14.9666
v 9.0559 -19.8630 14.9666
v 9.0559 -19.8630 14.9666
v 9.0559 -19.8630 14.9666
v 10.4702 -20.4488 14.9666
v 10.0559 -20.4488 15.9666
v 9.0559 -20.4488 16.3808
v 8.0559 -20.4488 15.9666
v 7.6417 -20.4488 14.9666
v 8.0559 -20.4488 13.9666
v 9.0559 -20.4488 13.5524
v 10.0559 -20.4488 13.9666
v 11.0559 -21.8630 14.9666
v 10.4702 -21.8630 16.3808
v 9.0559 -21.8630 16.9666
v 7.6417 -21.8630 16.3808
v 7.0559 -21.8630 14.9666
v 7.6417 -21.8630 13.5524
v 9.0559 -21.8630 12.9666
v 10.4702 -21.8630 13.5524
v 10.4702 -23.2772 14.9666
v 10.0559 -23.2772 15.9666
v 9.0559 -23.2772 16.3808
v 8.0559 -23.2772 15.9666
v 7.6417 -23.2772 14.9666
v 8.0559 -23.2772 13.9666
v 9.0559 -23.2772 13.5524
v 10.0559 -23.2772 13.9666
v 9.0559 -23.8630 14.9666
v 9.0559 -23.8630 14.9666
v 9.0559 -23.8630 14.9666
v 9.0559 -23.8630 14.9666
v 9.0559 -23.8630 14.9666
v 9.0559 -23.8630 14.9666
v 9.0559 -23.8630 14.9666
v 9.0559 -23.8630 14.9666
v 10.3558 -21.8630 15.8996
v 9.7958 -23.2400 15.3078
v 8.4960 -23.2400 14.3748
v 7.7561 -21.8630 14.0336
v 8.3161 -20.4860 14.6255
v 9.6159 -20.4860 15.5585
v 21.0988 -19.7990 0.9330
v 20.5389 -21.1760 0.3412
v 19.2390 -21.1760 -0.5918
v 18.4992 -19.7990 -0.9330
v 19.0591 -18.4220 -0.3412
v 20.3589 -18.4220 0.5918
v 9.0559 -21.8630 14.9666
v 19.7990 -19.7990 0.0000
v 19.0623 -19.7990 -1.4203
v 19.5086 -21.1818 -0.7506
v 20.2453 -21.1818 0.6697
v 20.5357 -19.7990 1.4203
v 20.0894 -18.4161 0.7506
v 19.3527 -18.4161 -0.6697
v -9.7926 -21.8630 13.5463
v -9.3463 -23.2458 14.2160
v -8.6097 -23.2458 15.6364
v -8.3192 -21.8630 16.3869
v -8.7655 -20.4801 15.7172
v -9.5022 -20.4801 14.2969
v 19.7990 -19.7990 0.0000
v -9.0559 -21.8630 14.9666
v 19.7990 -17.7990 0.0000
v 19.7990 -17.7990 0.0000
v 19.7990 -17.7990 0.0000
v 19.7990 -17.7990 0.0000
v 19.7990 -17.7990 0.0000
v 19.7990 -17.7990 0.0000
v 19.7990 -17.7990 0.0000
v 19.7990 -17.7990 0.0000
v 21.2132 -18.3848 0.0000
v 20.7990 -18.3848 1.0000
v 19.7990 -18.3848 1.4142
v 18.7990 -18.3848 1.0000
v 18.3848 -18.3848 0.0000
v 18.7990 -18.3848 -1.0000
v 19.7990 -18.3848 -1.4142
v 20.7990 -18.3848 -1.0000
v 21.7990 -19.7990 0.0000
v 21.2132 -19.7990 1.4142
v 19.7990 -19.7990 2.0000
v 18.3848 -19.7990 1.4142
v 17.7990 -19.7990 0.0000
v 18.3848 -19.7990 -1.4142
v 19.7990 -19.7990 -2.0000
v 21.2132 -19.7990 -1.4142
v 21.2132 -21.2132 0.0000
v 20.7990 -21.2132 1.0000
v 19.7990 -21.2132 1.4142
v 18.7990 -21.2132 1.0000
v 18.3848 -21.2132 0.0000
v 18.7990 -21.2132 -1.0000
v 19.7990 -21.2132 -1.4142
v 20.7990 -21.2132 -1.0000
v 19.7990 -21.7990 0.0000
v 19.7990 -21.7990 0.0000
v 19.7990 -21.7990 0.0000
v 19.7990 -21.7990 0.0000
v 19.7990 -21.7990 0.0000
v 19.7990 -21.7990 0.0000
v 19.7990 -21.7990 0.0000
v 19.7990 -21.7990 0.0000
v 7.7561 -21.8630 -14.0336
v 8.4960 -23.2400 -14.3748
v 9.7958 -23.2400 -15.3078
v 10.3558 -21.8630 -15.8996
v 9.6159 -20.4860 -15.5585
v 8.3161 -20.4860 -14.6255
v 18.4992 -19.7990 0.9330
v 19.2390 -21.1760 0.5918
v 20.5389 -21.1760 -0.3412
v 21.0988 -19.7990 -0.9330
v 20.3589 -18.4220 -0.5918
v 19.0591 -18.4220 0.3412
v 9.0559 -21.8630 -14.9666
v 19.7990 -19.7990 0.0000
v 20.5357 -19.7990 -1.4203
v 20.2453 -21.1818 -0.6697
v 19.5086 -21.1818 0.7506
v 19.0623 -19.7990 1.4203
v 19.3527 -18.4161 0.6697
v 20.0894 -18.4161 -0.7506
v -8.3192 -21.8630 -16.3869
v -8.6097 -23.2458 -15.6364
v -9.3463 -23.2458 -14.2160
v -9.7926 -21.8630 -13.5463
v -9.5022 -20.4801 -14.2969
v -8.7655 -20.4801 -15.7172
v 19.7990 -19.7990 0.0000
v -9.0559 -21.8630 -14.9666
v 19.7990 -17.7990 0.0000
v 19.7990 -17.7990 0.0000
v 19.7990 -17.7990 0.0000
v 19.7990 -17.7990 0.0000
v 19.7990 -17.7990 0.0000
v 19.7990 -17.7990 0.0000
v 19.7990 -17.7990 0.0000
v 19.7990 -17.7990 0.0000
v 21.2132 -18.3848 0.0000
v 20.7990 -18.3848 1.0000
v 19.7990 -18.3848 1.4142
v 18.7990 -18.3848 1.0000
v 18.3848 -18.3848 0.0000
v 18.7990 -18.3848 -1.0000
v 19.7990 -18.3848 -1.4142
v 20.7990 -18.3848 -1.0000
v 21.7990 -19.7990 0.0000
v 21.2132 -19.7990 1.4142
v 19.7990 -19.7990 2.0000
v 18.3848 -19.7990 1.4142
v 17.7990 -19.7990 0.0000
v 18.3848 -19.7990 -1.4142
v 19.7990 -19.7990 -2.0000
v 21.2132 -19.7990 -1.4142
v 21.2132 -21.2132 0.0000
v 20.7990 -21.2132 1.0000
v 19.7990 -21.2132 1.4142
v 18.7990 -21.2132 1.0000
v 18.3848 -21.2132 0.0000
v 18.7990 -21.2132 -1.0000
v 19.7990 -21.2132 -1.4142
v 20.7990 -21.2132 -1.0000
v 19.7990 -21.7990 0.0000
v 19.7990 -21.7990 0.0000
v 19.7990 -21.7990 0.0000
v 19.7990 -21.7990 0.0000
v 19.7990 -21.7990 0.0000
v 19.7990 -21.7990 0.0000
v 19.7990 -21.7990 0.0000
v 19.7990 -21.7990 0.0000
v 6.8877 -8.4853 -25.2100
v 7.6261 -9.3330 -26.3485
v 9.2236 -9.3330 -26.4367
v 10.0828 -8.4853 -25.3865
v 9.3445 -7.6375 -24.2480
v 7.7469 -7.6375 -24.1597
v 7.4584 -21.8630 -14.8784
v 8.1967 -22.7107 -16.0169
v 9.7943 -22.7107 -16.1051
v 10.6535 -21.8630 -15.0549
v 9.9152 -21.0152 -13.9164
v 8.3176 -21.0152 -13.8281
v 8.4853 -8.4853 -25.2982
v 9.0559 -21.8630 -14.9666
v 10.2592 -21.8630 -16.0213
v 9.1249 -22.9886 -16.1016
v 7.9217 -22.9886 -15.0470
v 7.8527 -21.8630 -13.9120
v 8.9870 -20.7374 -13.8316
v 10.1902 -20.7374 -14.8863
v 1.2032 -12.0000 -26.3529
v 0.0690 -13.1256 -26.4332
v -1.1343 -13.1256 -25.3786
v -1.2032 -12.0000 -24.2436
v -0.0690 -10.8744 -24.1632
v 1.1343 -10.8744 -25.2179
v 9.0559 -21.8630 -14.9666
v 0.0000 -12.0000 -25.2982
v 9.0559 -19.8630 -14.9666
v 9.0559 -19.8630 -14.9666
v 9.0559 -19.8630 -14.9666
v 9.0559 -19.8630 -14.9666
v 9.0559 -19.8630 -14.9666
v 9.0559 -19.8630 -14.9666
v 9.0559 -19.8630 -14.9666
v 9.0559 -19.8630 -14.9666
v 10.4702 -20.4488 -14.9666
v 10.0559 -20.4488 -13.9666
v 9.0559 -20.4488 -13.5524
v 8.0559 -20.4488 -13.9666
v 7.6417 -20.4488 -14.9666
v 8.0559 -20.4488 -15.9666
v 9.0559 -20.4488 -16.3808
v 10.0559 -20.4488 -15.9666
v 11.0559 -21.8630 -14.9666
v 10.4702 -21.8630 -13.5524
v 9.0559 -21.8630 -12.9666
v 7.6417 -21.8630 -13.5524
v 7.0559 -21.8630 -14.9666
v 7.6417 -21.8630 -16.3808
v 9.0559 -21.8630 -16.9666
v 10.4702 -21.8630 -16.3808
v 10.4702 -23.2772 -14.9666
v 10.0559 -23.2772 -13.9666
v 9.0559 -23.2772 -13.5524
v 8.0559 -23.2772 -13.9666
v 7.6417 -23.2772 -14.9666
v 8.0559 -23.2772 -15.9666
v 9.0559 -23.2772 -16.3808
v 10.0559 -23.2772 -15.9666
v 9.0559 -23.8630 -14.9666
v 9.0559 -23.8630 -14.9666
v 9.0559 -23.8630 -14.9666
v 9.0559 -23.8630 -14.9666
v 9.0559 -23.8630 -14.9666
v 9.0559 -23.8630 -14.9666
v 9.0559 -23.8630 -14.9666
v 9.0559 -23.8630 -14.9666
v 1.2032 -12.0000 24.2436
v 1.1343 -13.1256 25.3786
v -0.0690 -13.1256 26.4332
v -1.2032 -12.0000 26.3529
v -1.1343 -10.8744 25.2179
v 0.0690 -10.8744 24.1632
v -7.8527 -21.8630 13.9120
v -7.9217 -22.9886 15.0470
v -9.1249 -22.9886 16.1016
v -10.2592 -21.8630 16.0213
v -10.1902 -20.7374 14.8863
v -8.9870 -20.7374 13.8316
v 0.0000 -12.0000 25.2982
v -9.0559 -21.8630 14.9666
v -10.6535 -21.8630 15.0549
v -9.7943 -22.7107 16.1051
v -8.1967 -22.7107 16.0169
v -7.4584 -21.8630 14.8784
v -8.3176 -21.0152 13.8281
v -9.9152 -21.0152 13.9164
v -10.0828 -8.4853 25.3865
v -9.2236 -9.3330 26.4367
v -7.6261 -9.3330 26.3485
v -6.8877 -8.4853 25.2100
v -7.7469 -7.6375 24.1597
v -9.3445 -7.6375 24.2480
v -9.0559 -21.8630 14.9666
v -8.4853 -8.4853 25.2982
v -9.0559 -19.8630 14.9666
v -9.0559 -19.8630 14.9666
v -9.0559 -19.8630 14.9666
v -9.0559 -19.8630 14.9666
v -9.0559 -19.8630 14.9666
v -9.0559 -19.8630 14.9666
v -9.0559 -19.8630 14.9666
v -9.0559 -19.8630 14.9666
v -7.6417 -20.4488 14.9666
v -8.0559 -20.4488 15.9666
v -9.0559 -20.4488 16.3808
v -10.0559 -20.4488 15.9666
v -10.4702 -20.4488 14.9666
v -10.0559 -20.4488 13.9666
v -9.0559 -20.4488 13.5524
v -8.0559 -20.4488 13.9666
v -7.0559 -21.8630 14.9666
v -7.6417 -21.8630 16.3808
v -9.0559 -21.8630 16.9666
v -10.4702 -21.8630 16.3808
v -11.0559 -21.8630 14.9666
v -10.4702 -21.8630 13.5524
v -9.0559 -21.8630 12.9666
v -7.6417 -21.8630 13.5524
v -7.6417 -23.2772 14.9666
v -8.0559 -23.2772 15.9666
v -9.0559 -23.2772 16.3808
v -10.0559 -23.2772 15.9666
v -10.4702 -23.2772 14.9666
v -10.0559 -23.2772 13.9666
v -9.0559 -23.2772 13.5524
v -8.0559 -23.2772 13.9666
v -9.0559 -23.8630 14.9666
v -9.0559 -23.8630 14.9666
v -9.0559 -23.8630 14.9666
v -9.0559 -23.8630 14.9666
v -9.0559 -23.8630 14.9666
v -9.0559 -23.8630 14.9666
v -9.0559 -23.8630 14.9666
v -9.0559 -23.8630 14.9666
v -7.6870 -21.8630 15.7949
v -8.6090 -23.1705 15.7732
v -9.9779 -23.1705 14.9449
v -10.4249 -21.8630 14.1383
v -9.5029 -20.5555 14.1600
v -8.1340 -20.5555 14.9883
v 1.3689 -28.0000 0.8283
v 0.4470 -29.3075 0.8066
v -0.9219 -29.3075 -0.0217
v -1.3689 -28.0000 -0.8283
v -0.4470 -26.6925 -0.8066
v 0.9219 -26.6925 0.0217
v -9.0559 -21.8630 14.9666
v 0.0000 -28.0000 0.0000
v -0.9038 -28.0000 -1.3203
v -1.1169 -29.1272 -0.2049
v -0.2131 -29.1272 1.1154
v 0.9038 -28.0000 1.3203
v 1.1169 -26.8728 0.2049
v 0.2131 -26.8728 -1.1154
v -22.7668 -9.0559 13.6464
v -22.9799 -10.1831 14.7617
v -22.0761 -10.1831 16.0820
v -20.9592 -9.0559 16.2869
v -20.7461 -7.9288 15.1715
v -21.6499 -7.9288 13.8512
v 0.0000 -28.0000 0.0000
v -21.8630 -9.0559 14.9666
v 0.0000 -26.0000 0.0000
v 0.0000 -26.0000 0.0000
v 0.0000 -26.0000 0.0000
v 0.0000 -26.0000 0.0000
v 0.0000 -26.0000 0.0000
v 0.0000 -26.0000 0.0000
v 0.0000 -26.0000 0.0000
v 0.0000 -26.0000 0.0000
v 1.4142 -26.5858 0.0000
v 1.0000 -26.5858 1.0000
v 0.0000 -26.5858 1.4142
v -1.0000 -26.5858 1.0000
v -1.4142 -26.5858 0.0000
v -1.0000 -26.5858 -1.0000
v 0.0000 -26.5858 -1.4142
v 1.0000 -26.5858 -1.0000
v 2.0000 -28.0000 0.0000
v 1.4142 -28.0000 1.4142
v 0.0000 -28.0000 2.0000
v -1.4142 -28.0000 1.4142
v -2.0000 -28.0000 0.0000
v -1.4142 -28.0000 -1.4142
v 0.0000 -28.0000 -2.0000
v 1.4142 -28.0000 -1.4142
v 1.4142 -29.4142 0.0000
v 1.0000 -29.4142 1.0000
v 0.0000 -29.4142 1.4142
v -1.0000 -29.4142 1.0000
v -1.4142 -29.4142 0.0000
v -1.0000 -29.4142 -1.0000
v 0.0000 -29.4142 -1.4142
v 1.0000 -29.4142 -1.0000
v 0.0000 -30.0000 0.0000
v 0.0000 -30.0000 0.0000
v 0.0000 -30.0000 0.0000
v 0.0000 -30.0000 0.0000
v 0.0000 -30.0000 0.0000
v 0.0000 -30.0000 0.0000
v 0.0000 -30.0000 0.0000
v 0.0000 -30.0000 0.0000
v -10.4249 -21.8630 -14.1383
v -9.9779 -23.1705 -14.9449
v -8.6090 -23.1705 -15.7732
v -7.6870 -21.8630 -15.7949
v -8.1340 -20.5555 -14.9883
v -9.5029 -20.5555 -14.1600
v -1.3689 -28.0000 0.8283
v -0.9219 -29.3075 0.0217
v 0.4470 -29.3075 -0.8066
v 1.3689 -28.0000 -0.8283
v 0.9219 -26.6925 -0.0217
v -0.4470 -26.6925 0.8066
v -9.0559 -21.8630 -14.9666
v 0.0000 -28.0000 0.0000
v 0.9038 -28.0000 -1.3203
v -0.2131 -29.1272 -1.1154
v -1.1169 -29.1272 0.2049
v -0.9038 -28.0000 1.3203
v 0.2131 -26.8728 1.1154
v 1.1169 -26.8728 -0.2049
v -20.9592 -9.0559 -16.2869
v -22.0761 -10.1831 -16.0820
v -22.9799 -10.1831 -14.7617
v -22.7668 -9.0559 -13.6464
v -21.6499 -7.9288 -13.8512
v -20.7461 -7.9288 -15.1715
v 0.0000 -28.0000 0.0000
v -21.8630 -9.0559 -14.9666
v 0.0000 -26.0000 0.0000
v 0.0000 -26.0000 0.0000
v 0.0000 -26.0000 0.0000
v 0.0000 -26.0000 0.0000
v 0.0000 -26.0000 0.0000
v 0.0000 -26.0000 0.0000
v 0.0000 -26.0000 0.0000
v 0.0000 -26.0000 0.0000
v 1.4142 -26.5858 0.0000
v 1.0000 -26.5858 1.0000
v 0.0000 -26.5858 1.4142
v -1.0000 -26.5858 1.0000
v -1.4142 -26.5858 0.0000
v -1.0000 -26.5858 -1.0000
v 0.0000 -26.5858 -1.4142
v 1.0000 -26.5858 -1.0000
v 2.0000 -28.0000 0.0000
v 1.4142 -28.0000 1.4142
v 0.0000 -28.0000 2.0000
v -1.4142 -28.0000 1.4142
v -2.0000 -28.0000 0.0000
v -1.4142 -28.0000 -1.4142
v 0.0000 -28.0000 -2.0000
v 1.4142 -28.0000 -1.4142
v 1.4142 -29.4142 0.0000
v 1.0000 -29.4142 1.0000
v 0.0000 -29.4142 1.4142
v -1.0000 -29.4142 1.0000
v -1.4142 -29.4142 0.0000
v -1.0000 -29.4142 -1.0000
v 0.0000 -29.4142 -1.4142
v 1.0000 -29.4142 -1.0000
v 0.0000 -30.0000 0.0000
v 0.0000 -30.0000 0.0000
v 0.0000 -30.0000 0.0000
v 0.0000 -30.0000 0.0000
v 0.0000 -30.0000 0.0000
v 0.0000 -30.0000 0.0000
v 0.0000 -30.0000 0.0000
v 0.0000 -30.0000 0.0000
v -1.2032 -12.0000 -26.3529
v -0.0690 -13.1256 -26.4332
v 1.1343 -13.1256 -25.3786
v 1.2032 -12.0000 -24.2436
v 0.0690 -10.8744 -24.1632
v -1.1343 -10.8744 -25.2179
v -10.2592 -21.8630 -16.0213
v -9.1249 -22.9886 -16.1016
v -7.9217 -22.9886 -15.0470
v -7.8527 -21.8630 -13.9120
v -8.9870 -20.7374 -13.8316
v -10.1902 -20.7374 -14.8863
v 0.0000 -12.0000 -25.2982
v -9.0559 -21.8630 -14.9666
v -7.4584 -21.8630 -14.8784
v -8.1967 -22.7107 -16.0169
v -9.7943 -22.7107 -16.1051
v -10.6535 -21.8630 -15.0549
v -9.9152 -21.0152 -13.9164
v -8.3176 -21.0152 -13.8281
v -6.8877 -8.4853 -25.2100
v -7.6261 -9.3330 -26.3485
v -9.2236 -9.3330 -26.4367
v -10.0828 -8.4853 -25.3865
v -9.3445 -7.6375 -24.2480
v -7.7469 -7.6375 -24.1597
v -9.0559 -21.8630 -14.9666
v -8.4853 -8.4853 -25.2982
v -9.0559 -19.8630 -14.9666
v -9.0559 -19.8630 -14.9666
v -9.0559 -19.8630 -14.9666
v -9.0559 -19.8630 -14.9666
v -9.0559 -19.8630 -14.9666
v -9.0559 -19.8630 -14.9666
v -9.0559 -19.8630 -14.9666
v -9.0559 -19.8630 -14.9666
v -7.6417 -20.4488 -14.9666
v -8.0559 -20.4488 -13.9666
v -9.0559 -20.4488 -13.5524
v -10.0559 -20.4488 -13.9666
v -10.4702 -20.4488 -14.9666
v -10.0559 -20.4488 -15.9666
v -9.0559 -20.4488 -16.3808
v -8.0559 -20.4488 -15.9666
v -7.0559 -21.8630 -14.9666
v -7.6417 -21.8630 -13.5524
v -9.0559 -21.8630 -12.9666
v -10.4702 -21.8630 -13.5524
v -11.0559 -21.8630 -14.9666
v -10.4702 -21.8630 -16.3808
v -9.0559 -21.8630 -16.9666
v -7.6417 -21.8630 -16.3808
v -7.6417 -23.2772 -14.9666
v -8.0559 -23.2772 -13.9666
v -9.0559 -23.2772 -13.5524
v -10.0559 -23.2772 -13.9666
v -10.4702 -23.2772 -14.9666
v -10.0559 -23.2772 -15.9666
v -9.0559 -23.2772 -16.3808
v -8.0559 -23.2772 -15.9666
v -9.0559 -23.8630 -14.9666
v -9.0559 -23.8630 -14.9666
v -9.0559 -23.8630 -14.9666
v -9.0559 -23.8630 -14.9666
v -9.0559 -23.8630 -14.9666
v -9.0559 -23.8630 -14.9666
v -9.0559 -23.8630 -14.9666
v -9.0559 -23.8630 -14.9666
v -7.5073 -8.4853 24.0319
v -7.9593 -9.8701 24.6936
v -8.9373 -9.8701 25.9600
v -9.4633 -8.4853 26.5645
v -9.0113 -7.1004 25.9028
v -8.0333 -7.1004 24.6365
v -20.8850 -9.0559 13.7003
v -21.3370 -10.4408 14.3620
v -22.3150 -10.4408 15.6284
v -22.8410 -9.0559 16.2329
v -22.3890 -7.6711 15.5712
v -21.4110 -7.6711 14.3049
v -8.4853 -8.4853 25.2982
v -21.8630 -9.0559 14.9666
v -23.0203 -9.0559 16.0714
v -21.9293 -10.2262 16.0557
v -20.7720 -10.2262 14.9509
v -20.7057 -9.0559 13.8618
v -21.7967 -7.8857 13.8775
v -22.9540 -7.8857 14.9824
v -13.1573 -0.0000 26.4030
v -12.0663 -1.1703 26.3873
v -10.9090 -1.1703 25.2825
v -10.8427 -0.0000 24.1934
v -11.9337 1.1703 24.2091
v -13.0910 1.1703 25.3140
v -21.8630 -9.0559 14.9666
v -12.0000 -0.0000 25.2982
v -21.8630 -7.0559 14.9666
v -21.8630 -7.0559 14.9666
v -21.8630 -7.0559 14.9666
v -21.8630 -7.0559 14.9666
v -21.8630 -7.0559 14.9666
v -21.8630 -7.0559 14.9666
v -21.8630 -7.0559 14.9666
v -21.8630 -7.0559 14.9666
v -20.4488 -7.6417 14.9666
v -20.8630 -7.6417 15.9666
v -21.8630 -7.6417 16.3808
v -22.8630 -7.6417 15.9666
v -23.2772 -7.6417 14.9666
v -22.8630 -7.6417 13.9666
v -21.8630 -7.6417 13.5524
v -20.8630 -7.6417 13.9666
v -19.8630 -9.0559 14.9666
v -20.4488 -9.0559 16.3808
v -21.8630 -9.0559 16.9666
v -23.2772 -9.0559 16.3808
v -23.8630 -9.0559 14.9666
v -23.2772 -9.0559 13.5524
v -21.8630 -9.0559 12.9666
v -20.4488 -9.0559 13.5524
v -20.4488 -10.4702 14.9666
v -20.8630 -10.4702 15.9666
v -21.8630 -10.4702 16.3808
v -22.8630 -10.4702 15.9666
v -23.2772 -10.4702 14.9666
v -22.8630 -10.4702 13.9666
v -21.8630 -10.4702 13.5524
v -20.8630 -10.4702 13.9666
v -21.8630 -11.0559 14.9666
v -21.8630 -11.0559 14.9666
v -21.8630 -11.0559 14.9666
v -21.8630 -11.0559 14.9666
v -21.8630 -11.0559 14.9666
v -21.8630 -11.0559 14.9666
v -21.8630 -11.0559 14.9666
v -21.8630 -11.0559 14.9666
v -20.2780 -9.0559 15.1852
v -21.1802 -10.1852 15.8714
v -22.7652 -10.1852 15.6528
v -23.4480 -9.0559 14.7480
v -22.5458 -7.9267 14.0619
v -20.9608 -7.9267 14.2805
v -18.2140 -19.7990 0.2186
v -19.1162 -20.9282 0.9047
v -20.7012 -20.9282 0.6862
v -21.3840 -19.7990 -0.2186
v -20.4818 -18.6697 -0.9047
v -18.8968 -18.6697 -0.6862
v -21.8630 -9.0559 14.9666
v -19.7990 -19.7990 0.0000
v -21.3840 -19.7990 -0.2186
v -20.7592 -20.4417 1.1068
v -19.1742 -20.4417 1.3253
v -18.2140 -19.7990 0.2186
v -18.8388 -19.1563 -1.1068
v -20.4238 -19.1563 -1.3253
v -23.4480 9.0559 14.7480
v -22.8232 8.4132 16.0734
v -21.2382 8.4132 16.2920
v -20.2780 9.0559 15.1852
v -20.9028 9.6987 13.8599
v -22.4878 9.6987 13.6413
v -19.7990 -19.7990 0.0000
v -21.8630 9.0559 14.9666
v -19.7990 -17.7990 0.0000
v -19.7990 -17.7990 0.0000
v -19.7990 -17.7990 0.0000
v -19.7990 -17.7990 0.0000
v -19.7990 -17.7990 0.0000
v -19.7990 -17.7990 0.0000
v -19.7990 -17.7990 0.0000
v -19.7990 -17.7990 0.0000
v -18.3848 -18.3848 0.0000
v -18.7990 -18.3848 1.0000
v -19.7990 -18.3848 1.4142
v -20.7990 -18.3848 1.0000
v -21.2132 -18.3848 0.0000
v -20.7990 -18.3848 -1.0000
v -19.7990 -18.3848 -1.4142
v -18.7990 -18.3848 -1.0000
v -17.7990 -19.7990 0.0000
v -18.3848 -19.7990 1.4142
v -19.7990 -19.7990 2.0000
v -21.2132 -19.7990 1.4142
v -21.7990 -19.7990 0.0000
v -21.2132 -19.7990 -1.4142
v -19.7990 -19.7990 -2.0000
v -18.3848 -19.7990 -1.4142
v -18.3848 -21.2132 0.0000
v -18.7990 -21.2132 1.0000
v -19.7990 -21.2132 1.4142
v -20.7990 -21.2132 1.0000
v -21.2132 -21.2132 0.0000
v -20.7990 -21.2132 -1.0000
v -19.7990 -21.2132 -1.4142
v -18.7990 -21.2132 -1.0000
v -19.7990 -21.7990 0.0000
v -19.7990 -21.7990 0.0000
v -19.7990 -21.7990 0.0000
v -19.7990 -21.7990 0.0000
v -19.7990 -21.7990 0.0000
v -19.7990 -21.7990 0.0000
v -19.7990 -21.7990 0.0000
v -19.7990 -21.7990 0.0000
v -23.4480 -9.0559 -14.7480
v -22.7652 -10.1852 -15.6528
v -21.1802 -10.1852 -15.8714
v -20.2780 -9.0559 -15.1852
v -20.9608 -7.9267 -14.2805
v -22.5458 -7.9267 -14.0619
v -21.3840 -19.7990 0.2186
v -20.7012 -20.9282 -0.6862
v -19.1162 -20.9282 -0.9047
v -18.2140 -19.7990 -0.2186
v -18.8968 -18.6697 0.6862
v -20.4818 -18.6697 0.9047
v -21.8630 -9.0559 -14.9666
v -19.7990 -19.7990 0.0000
v -18.2140 -19.7990 -0.2186
v -19.1742 -20.4417 -1.3253
v -20.7592 -20.4417 -1.1068
v -21.3840 -19.7990 0.2186
v -20.4238 -19.1563 1.3253
v -18.8388 -19.1563 1.1068
v -20.2780 9.0559 -15.1852
v -21.2382 8.4132 -16.2920
v -22.8232 8.4132 -16.0734
v -23.4480 9.0559 -14.7480
v -22.4878 9.6987 -13.6413
v -20.9028 9.6987 -13.8599
v -19.7990 -19.7990 0.0000
v -21.8630 9.0559 -14.9666
v -19.7990 -17.7990 0.0000
v -19.7990 -17.7990 0.0000
v -19.7990 -17.7990 0.0000
v -19.7990 -17.7990 0.0000
v -19.7990 -17.7990 0.0000
v -19.7990 -17.7990 0.0000
v -19.7990 -17.7990 0.0000
v -19.7990 -17.7990 0.0000
v -18.3848 -18.3848 0.0000
v -18.7990 -18.3848 1.0000
v -19.7990 -18.3848 1.4142
v -20.7990 -18.3848 1.0000
v -21.2132 -18.3848 0.0000
v -20.7990 -18.3848 -1.0000
v -19.7990 -18.3848 -1.4142
v -18.7990 -18.3848 -1.0000
v -17.7990 -19.7990 0.0000
v -18.3848 -19.7990 1.4142
v -19.7990 -19.7990 2.0000
v -21.2132 -19.7990 1.4142
v -21.7990 -19.7990 0.0000
v -21.2132 -19.7990 -1.4142
v -19.7990 -19.7990 -2.0000
v -18.3848 -19.7990 -1.4142
v -18.3848 -21.2132 0.0000
v -18.7990 -21.2132 1.0000
v -19.7990 -21.2132 1.4142
v -20.7990 -21.2132 1.0000
v -21.2132 -21.2132 0.0000
v -20.7990 -21.2132 -1.0000
v -19.7990 -21.2132 -1.4142
v -18.7990 -21.2132 -1.0000
v -19.7990 -21.7990 0.0000
v -19.7990 -21.7990 0.0000
v -19.7990 -21.7990 0.0000
v -19.7990 -21.7990 0.0000
v -19.7990 -21.7990 0.0000
v -19.7990 -21.7990 0.0000
v -19.7990 -21.7990 0.0000
v -19.7990 -21.7990 0.0000
v -9.4633 -8.4853 -26.5645
v -8.9373 -9.8701 -25.9600
v -7.9593 -9.8701 -24.6936
v -7.5073 -8.4853 -24.0319
v -8.0333 -7.1004 -24.6365
v -9.0113 -7.1004 -25.9028
v -22.8410 -9.0559 -16.2329
v -22.3150 -10.4408 -15.6284
v -21.3370 -10.4408 -14.3620
v -20.8850 -9.0559 -13.7003
v -21.4110 -7.6711 -14.3049
v -22.3890 -7.6711 -15.5712
v -8.4853 -8.4853 -25.2982
v -21.8630 -9.0559 -14.9666
v -20.7057 -9.0559 -13.8618
v -20.7720 -10.2262 -14.9509
v -21.9293 -10.2262 -16.0557
v -23.0203 -9.0559 -16.0714
v -22.9540 -7.8857 -14.9824
v -21.7967 -7.8857 -13.8775
v -10.8427 -0.0000 -24.1934
v -10.9090 -1.1703 -25.2825
v -12.0663 -1.1703 -26.3873
v -13.1573 -0.0000 -26.4030
v -13.0910 1.1703 -25.3140
v -11.9337 1.1703 -24.2091
v -21.8630 -9.0559 -14.9666
v -12.0000 -0.0000 -25.2982
v -21.8630 -7.0559 -14.9666
v -21.8630 -7.0559 -14.9666
v -21.8630 -7.0559 -14.9666
v -21.8630 -7.0559 -14.9666
v -21.8630 -7.0559 -14.9666
v -21.8630 -7.0559 -14.9666
v -21.8630 -7.0559 -14.9666
v -21.8630 -7.0559 -14.9666
v -20.4488 -7.6417 -14.9666
v -20.8630 -7.6417 -13.9666
v -21.8630 -7.6417 -13.5524
v -22.8630 -7.6417 -13.9666
v -23.2772 -7.6417 -14.9666
v -22.8630 -7.6417 -15.9666
v -21.8630 -7.6417 -16.3808
v -20.8630 -7.6417 -15.9666
v -19.8630 -9.0559 -14.9666
v -20.4488 -9.0559 -13.5524
v -21.8630 -9.0559 -12.9666
v -23.2772 -9.0559 -13.5524
v -23.8630 -9.0559 -14.9666
v -23.2772 -9.0559 -16.3808
v -21.8630 -9.0559 -16.9666
v -20.4488 -9.0559 -16.3808
v -20.4488 -10.4702 -14.9666
v -20.8630 -10.4702 -13.9666
v -21.8630 -10.4702 -13.5524
v -22.8630 -10.4702 -13.9666
v -23.2772 -10.4702 -14.9666
v -22.8630 -10.4702 -15.9666
v -21.8630 -10.4702 -16.3808
v -20.8630 -10.4702 -15.9666
v -21.8630 -11.0559 -14.9666
v -21.8630 -11.0559 -14.9666
v -21.8630 -11.0559 -14.9666
v -21.8630 -11.0559 -14.9666
v -21.8630 -11.0559 -14.9666
v -21.8630 -11.0559 -14.9666
v -21.8630 -11.0559 -14.9666
v -21.8630 -11.0559 -14.9666
v -10.8427 -0.0000 24.1934
v -11.9337 -1.1703 24.2091
v -13.0910 -1.1703 25.3140
v -13.1573 -0.0000 26.4030
v -12.0663 1.1703 26.3873
v -10.9090 1.1703 25.2825
v -20.7057 9.0559 13.8618
v -21.7967 7.8857 13.8775
v -22.9540 7.8857 14.9824
v -23.0203 9.0559 16.0714
v -21.9293 10.2262 16.0557
v -20.7720 10.2262 14.9509
v -12.0000 -0.0000 25.2982
v -21.8630 9.0559 14.9666
v -22.8410 9.0559 16.2329
v -22.3890 7.6711 15.5712
v -21.4110 7.6711 14.3049
v -20.8850 9.0559 13.7003
v -21.3370 10.4408 14.3620
v -22.3150 10.4408 15.6284
v -9.4633 8.4853 26.5645
v -9.0113 7.1004 25.9028
v -8.0333 7.1004 24.6365
v -7.5073 8.4853 24.0319
v -7.9593 9.8701 24.6936
v -8.9373 9.8701 25.9600
v -21.8630 9.0559 14.9666
v -8.4853 8.4853 25.2982
v -21.8630 11.0559 14.9666
v -21.8630 11.0559 14.9666
v -21.8630 11.0559 14.9666
v -21.8630 11.0559 14.9666
v -21.8630 11.0559 14.9666
v -21.8630 11.0559 14.9666
v -21.8630 11.0559 14.9666
v -21.8630 11.0559 14.9666
v -20.4488 10.4702 14.9666
v -20.8630 10.4702 15.9666
v -21.8630 10.4702 16.3808
v -22.8630 10.4702 15.9666
v -23.2772 10.4702 14.9666
v -22.8630 10.4702 13.9666
v -21.8630 10.4702 13.5524
v -20.8630 10.4702 13.9666
v -19.8630 9.0559 14.9666
v -20.4488 9.0559 16.3808
v -21.8630 9.0559 16.9666
v -23.2772 9.0559 16.3808
v -23.8630 9.0559 14.9666
v -23.2772 9.0559 13.5524
v -21.8630 9.0559 12.9666
v -20.4488 9.0559 13.5524
v -20.4488 7.6417 14.9666
v -20.8630 7.6417 15.9666
v -21.8630 7.6417 16.3808
v -22.8630 7.6417 15.9666
v -23.2772 7.6417 14.9666
v -22.8630 7.6417 13.9666
v -21.8630 7.6417 13.5524
v -20.8630 7.6417 13.9666
v -21.8630 7.0559 14.9666
v -21.8630 7.0559 14.9666
v -21.8630 7.0559 14.9666
v -21.8630 7.0559 14.9666
v -21.8630 7.0559 14.9666
v -21.8630 7.0559 14.9666
v -21.8630 7.0559 14.9666
v -21.8630 7.0559 14.9666
v -20.3826 9.0559 14.3596
v -20.8660 7.8469 15.2894
v -22.3464 7.8469 15.8964
v -23.3434 9.0559 15.5737
v -22.8600 10.2650 14.6439
v -21.3796 10.2650 14.0368
v -26.5196 -0.0000 -0.6070
v -27.0030 -1.2091 0.3228
v -28.4834 -1.2091 0.9298
v -29.4804 -0.0000 0.6070
v -28.9970 1.2091 -0.3228
v -27.5166 1.2091 -0.9298
v -21.8630 9.0559 14.9666
v -28.0000 -0.0000 0.0000
v -28.9919 -0.0000 1.2555
v -27.7661 -1.0271 1.2043
v -26.7742 -1.0271 -0.0511
v -27.0081 -0.0000 -1.2555
v -28.2339 1.0271 -1.2043
v -29.2258 1.0271 0.0511
v -10.0478 21.8630 16.2221
v -8.8221 20.8359 16.1709
v -7.8302 20.8359 14.9155
v -8.0641 21.8630 13.7112
v -9.2898 22.8901 13.7623
v -10.2817 22.8901 15.0178
v -28.0000 -0.0000 0.0000
v -9.0559 21.8630 14.9666
v -28.0000 2.0000 0.0000
v -28.0000 2.0000 0.0000
v -28.0000 2.0000 0.0000
v -28.0000 2.0000 0.0000
v -28.0000 2.0000 0.0000
v -28.0000 2.0000 0.0000
v -28.0000 2.0000 0.0000
v -28.0000 2.0000 0.0000
v -26.5858 1.4142 0.0000
v -27.0000 1.4142 1.0000
v -28.0000 1.4142 1.4142
v -29.0000 1.4142 1.0000
v -29.4142 1.4142 0.0000
v -29.0000 1.4142 -1.0000
v -28.0000 1.4142 -1.4142
v -27.0000 1.4142 -1.0000
v -26.0000 -0.0000 0.0000
v -26.5858 -0.0000 1.4142
v -28.0000 -0.0000 2.0000
v -29.4142 -0.0000 1.4142
v -30.0000 -0.0000 0.0000
v -29.4142 -0.0000 -1.4142
v -28.0000 -0.0000 -2.0000
v -26.5858 -0.0000 -1.4142
v -26.5858 -1.4142 0.0000
v -27.0000 -1.4142 1.0000
v -28.0000 -1.4142 1.4142
v -29.0000 -1.4142 1.0000
v -29.4142 -1.4142 0.0000
v -29.0000 -1.4142 -1.0000
v -28.0000 -1.4142 -1.4142
v -27.0000 -1.4142 -1.0000
v -28.0000 -2.0000 0.0000
v -28.0000 -2.0000 0.0000
v -28.0000 -2.0000 0.0000
v -28.0000 -2.0000 0.0000
v -28.0000 -2.0000 0.0000
v -28.0000 -2.0000 0.0000
v -28.0000 -2.0000 0.0000
v -28.0000 -2.0000 0.0000
v -23.3434 9.0559 -15.5737
v -22.3464 7.8469 -15.8964
v -20.8660 7.8469 -15.2894
v -20.3826 9.0559 -14.3596
v -21.3796 10.2650 -14.0368
v -22.8600 10.2650 -14.6439
v -29.4804 -0.0000 -0.6070
v -28.4834 -1.2091 -0.9298
v -27.0030 -1.2091 -0.3228
v -26.5196 -0.0000 0.6070
v -27.5166 1.2091 0.9298
v -28.9970 1.2091 0.3228
v -21.8630 9.0559 -14.9666
v -28.0000 -0.0000 0.0000
v -27.0081 -0.0000 1.2555
v -26.7742 -1.0271 0.0511
v -27.7661 -1.0271 -1.2043
v -28.9919 -0.0000 -1.2555
v -29.2258 1.0271 -0.0511
v -28.2339 1.0271 1.2043
v -8.0641 21.8630 -13.7112
v -7.8302 20.8359 -14.9155
v -8.8221 20.8359 -16.1709
v -10.0478 21.8630 -16.2221
v -10.2817 22.8901 -15.0178
v -9.2898 22.8901 -13.7623
v -28.0000 -0.0000 0.0000
v -9.0559 21.8630 -14.9666
v -28.0000 2.0000 0.0000
v -28.0000 2.0000 0.0000
v -28.0000 2.0000 0.0000
v -28.0000 2.0000 0.0000
v -28.0000 2.0000 0.0000
v -28.0000 2.0000 0.0000
v -28.0000 2.0000 0.0000
v -28.0000 2.0000 0.0000
v -26.5858 1.4142 0.0000
v -27.0000 1.4142 1.0000
v -28.0000 1.4142 1.4142
v -29.0000 1.4142 1.0000
v -29.4142 1.4142 0.0000
v -29.0000 1.4142 -1.0000
v -28.0000 1.4142 -1.4142
v -27.0000 1.4142 -1.0000
v -26.0000 -0.0000 0.0000
v -26.5858 -0.0000 1.4142
v -28.0000 -0.0000 2.0000
v -29.4142 -0.0000 1.4142
v -30.0000 -0.0000 0.0000
v -29.4142 -0.0000 -1.4142
v -28.0000 -0.0000 -2.0000
v -26.5858 -0.0000 -1.4142
v -26.5858 -1.4142 0.0000
v -27.0000 -1.4142 1.0000
v -28.0000 -1.4142 1.4142
v -29.0000 -1.4142 1.0000
v -29.4142 -1.4142 0.0000
v -29.0000 -1.4142 -1.0000
v -28.0000 -1.4142 -1.4142
v -27.0000 -1.4142 -1.0000
v -28.0000 -2.0000 0.0000
v -28.0000 -2.0000 0.0000
v -28.0000 -2.0000 0.0000
v -28.0000 -2.0000 0.0000
v -28.0000 -2.0000 0.0000
v -28.0000 -2.0000 0.0000
v -28.0000 -2.0000 0.0000
v -28.0000 -2.0000 0.0000
v -13.1573 -0.0000 -26.4030
v -13.0910 -1.1703 -25.3140
v -11.9337 -1.1703 -24.2091
v -10.8427 -0.0000 -24.1934
v -10.9090 1.1703 -25.2825
v -12.0663 1.1703 -26.3873
v -23.0203 9.0559 -16.0714
v -22.9540 7.8857 -14.9824
v -21.7967 7.8857 -13.8775
v -20.7057 9.0559 -13.8618
v -20.7720 10.2262 -14.9509
v -21.9293 10.2262 -16.0557
v -12.0000 -0.0000 -25.2982
v -21.8630 9.0559 -14.9666
v -20.8850 9.0559 -13.7003
v -21.4110 7.6711 -14.3049
v -22.3890 7.6711 -15.5712
v -22.8410 9.0559 -16.2329
v -22.3150 10.4408 -15.6284
v -21.3370 10.4408 -14.3620
v -7.5073 8.4853 -24.0319
v -8.0333 7.1004 -24.6365
v -9.0113 7.1004 -25.9028
v -9.4633 8.4853 -26.5645
v -8.9373 9.8701 -25.9600
v -7.9593 9.8701 -24.6936
v -21.8630 9.0559 -14.9666
v -8.4853 8.4853 -25.2982
v -21.8630 11.0559 -14.9666
v -21.8630 11.0559 -14.9666
v -21.8630 11.0559 -14.9666
v -21.8630 11.0559 -14.9666
v -21.8630 11.0559 -14.9666
v -21.8630 11.0559 -14.9666
v -21.8630 11.0559 -14.9666
v -21.8630 11.0559 -14.9666
v -20.4488 10.4702 -14.9666
v -20.8630 10.4702 -13.9666
v -21.8630 10.4702 -13.5524
v -22.8630 10.4702 -13.9666
v -23.2772 10.4702 -14.9666
v -22.8630 10.4702 -15.9666
v -21.8630 10.4702 -16.3808
v -20.8630 10.4702 -15.9666
v -19.8630 9.0559 -14.9666
v -20.4488 9.0559 -13.5524
v -21.8630 9.0559 -12.9666
v -23.2772 9.0559 -13.5524
v -23.8630 9.0559 -14.9666
v -23.2772 9.0559 -16.3808
v -21.8630 9.0559 -16.9666
v -20.4488 9.0559 -16.3808
v -20.4488 7.6417 -14.9666
v -20.8630 7.6417 -13.9666
v -21.8630 7.6417 -13.5524
v -22.8630 7.6417 -13.9666
v -23.2772 7.6417 -14.9666
v -22.8630 7.6417 -15.9666
v -21.8630 7.6417 -16.3808
v -20.8630 7.6417 -15.9666
v -21.8630 7.0559 -14.9666
v -21.8630 7.0559 -14.9666
v -21.8630 7.0559 -14.9666
v -21.8630 7.0559 -14.9666
v -21.8630 7.0559 -14.9666
v -21.8630 7.0559 -14.9666
v -21.8630 7.0559 -14.9666
v -21.8630 7.0559 -14.9666
v -6.8877 8.4853 25.2100
v -7.7469 7.6375 24.1597
v -9.3445 7.6375 24.2480
v -10.0828 8.4853 25.3865
v -9.2236 9.3330 26.4367
v -7.6261 9.3330 26.3485
v -7.4584 21.8630 14.8784
v -8.3176 21.0152 13.8281
v -9.9152 21.0152 13.9164
v -10.6535 21.8630 15.0549
v -9.7943 22.7107 16.1051
v -8.1967 22.7107 16.0169
v -8.4853 8.4853 25.2982
v -9.0559 21.8630 14.9666
v -10.2592 21.8630 16.0213
v -10.1902 20.7374 14.8863
v -8.9870 20.7374 13.8316
v -7.8527 21.8630 13.9120
v -7.9217 22.9886 15.0470
v -9.1249 22.9886 16.1016
v -1.2032 12.0000 26.3529
v -1.1343 10.8744 25.2179
v 0.0690 10.8744 24.1632
v 1.2032 12.0000 24.2436
v 1.1343 13.1256 25.3786
v -0.0690 13.1256 26.4332
v -9.0559 21.8630 14.9666
v -0.0000 12.0000 25.2982
v -9.0559 23.8630 14.9666
v -9.0559 23.8630 14.9666
v -9.0559 23.8630 14.9666
v -9.0559 23.8630 14.9666
v -9.0559 23.8630 14.9666
v -9.0559 23.8630 14.9666
v -9.0559 23.8630 14.9666
v -9.0559 23.8630 14.9666
v -7.6417 23.2772 14.9666
v -8.0559 23.2772 15.9666
v -9.0559 23.2772 16.3808
v -10.0559 23.2772 15.9666
v -10.4702 23.2772 14.9666
v -10.0559 23.2772 13.9666
v -9.0559 23.2772 13.5524
v -8.0559 23.2772 13.9666
v -7.0559 21.8630 14.9666
v -7.6417 21.8630 16.3808
v -9.0559 21.8630 16.9666
v -10.4702 21.8630 16.3808
v -11.0559 21.8630 14.9666
v -10.4702 21.8630 13.5524
v -9.0559 21.8630 12.9666
v -7.6417 21.8630 13.5524
v -7.6417 20.4488 14.9666
v -8.0559 20.4488 15.9666
v -9.0559 20.4488 16.3808
v -10.0559 20.4488 15.9666
v -10.4702 20.4488 14.9666
v -10.0559 20.4488 13.9666
v -9.0559 20.4488 13.5524
v -8.0559 20.4488 13.9666
v -9.0559 19.8630 14.9666
v -9.0559 19.8630 14.9666
v -9.0559 19.8630 14.9666
v -9.0559 19.8630 14.9666
v -9.0559 19.8630 14.9666
v -9.0559 19.8630 14.9666
v -9.0559 19.8630 14.9666
v -9.0559 19.8630 14.9666
v -7.7561 21.8630 14.0336
v -8.3161 20.4860 14.6255
v -9.6159 20.4860 15.5585
v -10.3558 21.8630 15.8996
v -9.7958 23.2400 15.3078
v -8.4960 23.2400 14.3748
v -18.4992 19.7990 -0.9330
v -19.0591 18.4220 -0.3412
v -20.3589 18.4220 0.5918
v -21.0988 19.7990 0.9330
v -20.5389 21.1760 0.3412
v -19.2390 21.1760 -0.5918
v -9.0559 21.8630 14.9666
v -19.7990 19.7990 0.0000
v -20.5357 19.7990 1.4203
v -20.0894 18.4161 0.7506
v -19.3527 18.4161 -0.6697
v -19.0623 19.7990 -1.4203
v -19.5086 21.1818 -0.7506
v -20.2453 21.1818 0.6697
v 8.3192 21.8630 16.3869
v 8.7655 20.4801 15.7172
v 9.5022 20.4801 14.2969
v 9.7926 21.8630 13.5463
v 9.3463 23.2458 14.2160
v 8.6097 23.2458 15.6364
v -19.7990 19.7990 0.0000
v 9.0559 21.8630 14.9666
v -19.7990 21.7990 0.0000
v -19.7990 21.7990 0.0000
v -19.7990 21.7990 0.0000
v -19.7990 21.7990 0.0000
v -19.7990 21.7990 0.0000
v -19.7990 21.7990 0.0000
v -19.7990 21.7990 0.0000
v -19.7990 21.7990 0.0000
v -18.3848 21.2132 0.0000
v -18.7990 21.2132 1.0000
v -19.7990 21.2132 1.4142
v -20.7990 21.2132 1.0000
v -21.2132 21.2132 0.0000
v -20.7990 21.2132 -1.0000
v -19.7990 21.2132 -1.4142
v -18.7990 21.2132 -1.0000
v -17.7990 19.7990 0.0000
v -18.3848 19.7990 1.4142
v -19.7990 19.7990 2.0000
v -21.2132 19.7990 1.4142
v -21.7990 19.7990 0.0000
v -21.2132 19.7990 -1.4142
v -19.7990 19.7990 -2.0000
v -18.3848 19.7990 -1.4142
v -18.3848 18.3848 0.0000
v -18.7990 18.3848 1.0000
v -19.7990 18.3848 1.4142
v -20.7990 18.3848 1.0000
v -21.2132 18.3848 0.0000
v -20.7990 18.3848 -1.0000
v -19.7990 18.3848 -1.4142
v -18.7990 18.3848 -1.0000
v -19.7990 17.7990 0.0000
v -19.7990 17.7990 0.0000
v -19.7990 17.7990 0.0000
v -19.7990 17.7990 0.0000
v -19.7990 17.7990 0.0000
v -19.7990 17.7990 0.0000
v -19.7990 17.7990 0.0000
v -19.7990 17.7990 0.0000
v -10.3558 21.8630 -15.8996
v -9.6159 20.4860 -15.5585
v -8.3161 20.4860 -14.6255
v -7.7561 21.8630 -14.0336
v -8.4960 23.2400 -14.3748
v -9.7958 23.2400 -15.3078
v -21.0988 19.7990 -0.9330
v -20.3589 18.4220 -0.5918
v -19.0591 18.4220 0.3412
v -18.4992 19.7990 0.9330
v -19.2390 21.1760 0.5918
v -20.5389 21.1760 -0.3412
v -9.0559 21.8630 -14.9666
v -19.7990 19.7990 0.0000
v -19.0623 19.7990 1.4203
v -19.3527 18.4161 0.6697
v -20.0894 18.4161 -0.7506
v -20.5357 19.7990 -1.4203
v -20.2453 21.1818 -0.6697
v -19.5086 21.1818 0.7506
v 9.7926 21.8630 -13.5463
v 9.5022 20.4801 -14.2969
v 8.7655 20.4801 -15.7172
v 8.3192 21.8630 -16.3869
v 8.6097 23.2458 -15.6364
v 9.3463 23.2458 -14.2160
v -19.7990 19.7990 0.0000
v 9.0559 21.8630 -14.9666
v -19.7990 21.7990 0.0000
v -19.7990 21.7990 0.0000
v -19.7990 21.7990 0.0000
v -19.7990 21.7990 0.0000
v -19.7990 21.7990 0.0000
v -19.7990 21.7990 0.0000
v -19.7990 21.7990 0.0000
v -19.7990 21.7990 0.0000
v -18.3848 21.2132 0.0000
v -18.7990 21.2132 1.0000
v -19.7990 21.2132 1.4142
v -20.7990 21.2132 1.0000
v -21.2132 21.2132 0.0000
v -20.7990 21.2132 -1.0000
v -19.7990 21.2132 -1.4142
v -18.7990 21.2132 -1.0000
v -17.7990 19.7990 0.0000
v -18.3848 19.7990 1.4142
v -19.7990 19.7990 2.0000
v -21.2132 19.7990 1.4142
v -21.7990 19.7990 0.0000
v -21.2132 19.7990 -1.4142
v -19.7990 19.7990 -2.0000
v -18.3848 19.7990 -1.4142
v -18.3848 18.3848 0.0000
v -18.7990 18.3848 1.0000
v -19.7990 18.3848 1.4142
v -20.7990 18.3848 1.0000
v -21.2132 18.3848 0.0000
v -20.7990 18.3848 -1.0000
v -19.7990 18.3848 -1.4142
v -18.7990 18.3848 -1.0000
v -19.7990 17.7990 0.0000
v -19.7990 17.7990 0.0000
v -19.7990 17.7990 0.0000
v -19.7990 17.7990 0.0000
v -19.7990 17.7990 0.0000
v -19.7990 17.7990 0.0000
v -19.7990 17.7990 0.0000
v -19.7990 17.7990 0.0000
v -10.0828 8.4853 -25.3865
v -9.3445 7.6375 -24.2480
v -7.7469 7.6375 -24.1597
v -6.8877 8.4853 -25.2100
v -7.6261 9.3330 -26.3485
v -9.2236 9.3330 -26.4367
v -10.6535 21.8630 -15.0549
v -9.9152 21.0152 -13.9164
v -8.3176 21.0152 -13.8281
v -7.4584 21.8630 -14.8784
v -8.1967 22.7107 -16.0169
v -9.7943 22.7107 -16.1051
v -8.4853 8.4853 -25.2982
v -9.0559 21.8630 -14.9666
v -7.8527 21.8630 -13.9120
v -8.9870 20.7374 -13.8316
v -10.1902 20.7374 -14.8863
v -10.2592 21.8630 -16.0213
v -9.1249 22.9886 -16.1016
v -7.9217 22.9886 -15.0470
v 1.2032 12.0000 -24.2436
v 0.0690 10.8744 -24.1632
v -1.1343 10.8744 -25.2179
v -1.2032 12.0000 -26.3529
v -0.0690 13.1256 -26.4332
v 1.1343 13.1256 -25.3786
v -9.0559 21.8630 -14.9666
v -0.0000 12.0000 -25.2982
v -9.0559 23.8630 -14.9666
v -9.0559 23.8630 -14.9666
v -9.0559 23.8630 -14.9666
v -9.0559 23.8630 -14.9666
v -9.0559 23.8630 -14.9666
v -9.0559 23.8630 -14.9666
v -9.0559 23.8630 -14.9666
v -9.0559 23.8630 -14.9666
v -7.6417 23.2772 -14.9666
v -8.0559 23.2772 -13.9666
v -9.0559 23.2772 -13.5524
v -10.0559 23.2772 -13.9666
v -10.4702 23.2772 -14.9666
v -10.0559 23.2772 -15.9666
v -9.0559 23.2772 -16.3808
v -8.0559 23.2772 -15.9666
v -7.0559 21.8630 -14.9666
v -7.6417 21.8630 -13.5524
v -9.0559 21.8630 -12.9666
v -10.4702 21.8630 -13.5524
v -11.0559 21.8630 -14.9666
v -10.4702 21.8630 -16.3808
v -9.0559 21.8630 -16.9666
v -7.6417 21.8630 -16.3808
v -7.6417 20.4488 -14.9666
v -8.0559 20.4488 -13.9666
v -9.0559 20.4488 -13.5524
v -10.0559 20.4488 -13.9666
v -10.4702 20.4488 -14.9666
v -10.0559 20.4488 -15.9666
v -9.0559 20.4488 -16.3808
v -8.0559 20.4488 -15.9666
v -9.0559 19.8630 -14.9666
v -9.0559 19.8630 -14.9666
v -9.0559 19.8630 -14.9666
v -9.0559 19.8630 -14.9666
v -9.0559 19.8630 -14.9666
v -9.0559 19.8630 -14.9666
v -9.0559 19.8630 -14.9666
v -9.0559 19.8630 -14.9666
v 1.2032 12.0000 26.3529
v 1.1343 10.8744 25.2179
v -0.0690 10.8744 24.1632
v -1.2032 12.0000 24.2436
v -1.1343 13.1256 25.3786
v 0.0690 13.1256 26.4332
v 10.2592 21.8630 16.0213
v 10.1902 20.7374 14.8863
v 8.9870 20.7374 13.8316
v 7.8527 21.8630 13.9120
v 7.9217 22.9886 15.0470
v 9.1249 22.9886 16.1016
v -0.0000 12.0000 25.2982
v 9.0559 21.8630 14.9666
v 7.4584 21.8630 14.8784
v 8.3176 21.0152 13.8281
v 9.9152 21.0152 13.9164
v 10.6535 21.8630 15.0549
v 9.7943 22.7107 16.1051
v 8.1967 22.7107 16.0169
v 6.8877 8.4853 25.2100
v 7.7469 7.6375 24.1597
v 9.3445 7.6375 24.2480
v 10.0828 8.4853 25.3865
v 9.2236 9.3330 26.4367
v 7.6261 9.3330 26.3485
v 9.0559 21.8630 14.9666
v 8.4853 8.4853 25.2982
v 9.0559 23.8630 14.9666
v 9.0559 23.8630 14.9666
v 9.0559 23.8630 14.9666
v 9.0559 23.8630 14.9666
v 9.0559 23.8630 14.9666
v 9.0559 23.8630 14.9666
v 9.0559 23.8630 14.9666
v 9.0559 23.8630 14.9666
v 10.4702 23.2772 14.9666
v 10.0559 23.2772 15.9666
v 9.0559 23.2772 16.3808
v 8.0559 23.2772 15.9666
v 7.6417 23.2772 14.9666
v 8.0559 23.2772 13.9666
v 9.0559 23.2772 13.5524
v 10.0559 23.2772 13.9666
v 11.0559 21.8630 14.9666
v 10.4702 21.8630 16.3808
v 9.0559 21.8630 16.9666
v 7.6417 21.8630 16.3808
v 7.0559 21.8630 14.9666
v 7.6417 21.8630 13.5524
v 9.0559 21.8630 12.9666
v 10.4702 21.8630 13.5524
v 10.4702 20.4488 14.9666
v 10.0559 20.4488 15.9666
v 9.0559 20.4488 16.3808
v 8.0559 20.4488 15.9666
v 7.6417 20.4488 14.9666
v 8.0559 20.4488 13.9666
v 9.0559 20.4488 13.5524
v 10.0559 20.4488 13.9666
v 9.0559 19.8630 14.9666
v 9.0559 19.8630 14.9666
v 9.0559 19.8630 14.9666
v 9.0559 19.8630 14.9666
v 9.0559 19.8630 14.9666
v 9.0559 19.8630 14.9666
v 9.0559 19.8630 14.9666
v 9.0559 19.8630 14.9666
v 10.4249 21.8630 14.1383
v 9.5029 20.5555 14.1600
v 8.1340 20.5555 14.9883
v 7.6870 21.8630 15.7949
v 8.6090 23.1705 15.7732
v 9.9779 23.1705 14.9449
v 1.3689 28.0000 -0.8283
v 0.4470 26.6925 -0.8066
v -0.9219 26.6925 0.0217
v -1.3689 28.0000 0.8283
v -0.4470 29.3075 0.8066
v 0.9219 29.3075 -0.0217
v 9.0559 21.8630 14.9666
v -0.0000 28.0000 0.0000
v -0.9038 28.0000 1.3203
v -1.1169 26.8728 0.2049
v -0.2131 26.8728 -1.1154
v 0.9038 28.0000 -1.3203
v 1.1169 29.1272 -0.2049
v 0.2131 29.1272 1.1154
v 20.9592 9.0559 16.2869
v 20.7461 7.9288 15.1715
v 21.6499 7.9288 13.8512
v 22.7668 9.0559 13.6464
v 22.9799 10.1831 14.7617
v 22.0761 10.1831 16.0820
v -0.0000 28.0000 0.0000
v 21.8630 9.0559 14.9666
v -0.0000 30.0000 0.0000
v -0.0000 30.0000 0.0000
v -0.0000 30.0000 0.0000
v -0.0000 30.0000 0.0000
v -0.0000 30.0000 0.0000
v -0.0000 30.0000 0.0000
v -0.0000 30.0000 0.0000
v -0.0000 30.0000 0.0000
v 1.4142 29.4142 0.0000
v 1.0000 29.4142 1.0000
v -0.0000 29.4142 1.4142
v -1.0000 29.4142 1.0000
v -1.4142 29.4142 0.0000
v -1.0000 29.4142 -1.0000
v -0.0000 29.4142 -1.4142
v 1.0000 29.4142 -1.0000
v 2.0000 28.0000 0.0000
v 1.4142 28.0000 1.4142
v -0.0000 28.0000 2.0000
v -1.4142 28.0000 1.4142
v -2.0000 28.0000 0.0000
v -1.4142 28.0000 -1.4142
v -0.0000 28.0000 -2.0000
v 1.4142 28.0000 -1.4142
v 1.4142 26.5858 0.0000
v 1.0000 26.5858 1.0000
v -0.0000 26.5858 1.4142
v -1.0000 26.5858 1.0000
v -1.4142 26.5858 0.0000
v -1.0000 26.5858 -1.0000
v -0.0000 26.5858 -1.4142
v 1.0000 26.5858 -1.0000
v -0.0000 26.0000 0.0000
v -0.0000 26.0000 0.0000
v -0.0000 26.0000 0.0000
v -0.0000 26.0000 0.0000
v -0.0000 26.0000 0.0000
v -0.0000 26.0000 0.0000
v -0.0000 26.0000 0.0000
v -0.0000 26.0000 0.0000
v 7.6870 21.8630 -15.7949
v 8.1340 20.5555 -14.9883
v 9.5029 20.5555 -14.1600
v 10.4249 21.8630 -14.1383
v 9.9779 23.1705 -14.9449
v 8.6090 23.1705 -15.7732
v -1.3689 28.0000 -0.8283
v -0.9219 26.6925 -0.0217
v 0.4470 26.6925 0.8066
v 1.3689 28.0000 0.8283
v 0.9219 29.3075 0.0217
v -0.4470 29.3075 -0.8066
v 9.0559 21.8630 -14.9666
v -0.0000 28.0000 0.0000
v 0.9038 28.0000 1.3203
v -0.2131 26.8728 1.1154
v -1.1169 26.8728 -0.2049
v -0.9038 28.0000 -1.3203
v 0.2131 29.1272 -1.1154
v 1.1169 29.1272 0.2049
v 22.7668 9.0559 -13.6464
v 21.6499 7.9288 -13.8512
v 20.7461 7.9288 -15.1715
v 20.9592 9.0559 -16.2869
v 22.0761 10.1831 -16.0820
v 22.9799 10.1831 -14.7617
v -0.0000 28.0000 0.0000
v 21.8630 9.0559 -14.9666
v -0.0000 30.0000 0.0000
v -0.0000 30.0000 0.0000
v -0.0000 30.0000 0.0000
v -0.0000 30.0000 0.0000
v -0.0000 30.0000 0.0000
v -0.0000 30.0000 0.0000
v -0.0000 30.0000 0.0000
v -0.0000 30.0000 0.0000
v 1.4142 29.4142 0.0000
v 1.0000 29.4142 1.0000
v -0.0000 29.4142 1.4142
v -1.0000 29.4142 1.0000
v -1.4142 29.4142 0.0000
v -1.0000 29.4142 -1.0000
v -0.0000 29.4142 -1.4142
v 1.0000 29.4142 -1.0000
v 2.0000 28.0000 0.0000
v 1.4142 28.0000 1.4142
v -0.0000 28.0000 2.0000
v -1.4142 28.0000 1.4142
v -2.0000 28.0000 0.0000
v -1.4142 28.0000 -1.4142
v -0.0000 28.0000 -2.0000
v 1.4142 28.0000 -1.4142
v 1.4142 26.5858 0.0000
v 1.0000 26.5858 1.0000
v -0.0000 26.5858 1.4142
v -1.0000 26.5858 1.0000
v -1.4142 26.5858 0.0000
v -1.0000 26.5858 -1.0000
v -0.0000 26.5858 -1.4142
v 1.0000 26.5858 -1.0000
v -0.0000 26.0000 0.0000
v -0.0000 26.0000 0.0000
v -0.0000 26.0000 0.0000
v -0.0000 26.0000 0.0000
v -0.0000 26.0000 0.0000
v -0.0000 26.0000 0.0000
v -0.0000 26.0000 0.0000
v -0.0000 26.0000 0.0000
v -1.2032 12.0000 -24.2436
v -0.0690 10.8744 -24.1632
v 1.1343 10.8744 -25.2179
v 1.2032 12.0000 -26.3529
v 0.0690 13.1256 -26.4332
v -1.1343 13.1256 -25.3786
v 7.8527 21.8630 -13.9120
v 8.9870 20.7374 -13.8316
v 10.1902 20.7374 -14.8863
v 10.2592 21.8630 -16.0213
v 9.1249 22.9886 -16.1016
v 7.9217 22.9886 -15.0470
v -0.0000 12.0000 -25.2982
v 9.0559 21.8630 -14.9666
v 10.6535 21.8630 -15.0549
v 9.9152 21.0152 -13.9164
v 8.3176 21.0152 -13.8281
v 7.4584 21.8630 -14.8784
v 8.1967 22.7107 -16.0169
v 9.7943 22.7107 -16.1051
v 10.0828 8.4853 -25.3865
v 9.3445 7.6375 -24.2480
v 7.7469 7.6375 -24.1597
v 6.8877 8.4853 -25.2100
v 7.6261 9.3330 -26.3485
v 9.2236 9.3330 -26.4367
v 9.0559 21.8630 -14.9666
v 8.4853 8.4853 -25.2982
v 9.0559 23.8630 -14.9666
v 9.0559 23.8630 -14.9666
v 9.0559 23.8630 -14.9666
v 9.0559 23.8630 -14.9666
v 9.0559 23.8630 -14.9666
v 9.0559 23.8630 -14.9666
v 9.0559 23.8630 -14.9666
v 9.0559 23.8630 -14.9666
v 10.4702 23.2772 -14.9666
v 10.0559 23.2772 -13.9666
v 9.0559 23.2772 -13.5524
v 8.0559 23.2772 -13.9666
v 7.6417 23.2772 -14.9666
v 8.0559 23.2772 -15.9666
v 9.0559 23.2772 -16.3808
v 10.0559 23.2772 -15.9666
v 11.0559 21.8630 -14.9666
v 10.4702 21.8630 -13.5524
v 9.0559 21.8630 -12.9666
v 7.6417 21.8630 -13.5524
v 7.0559 21.8630 -14.9666
v 7.6417 21.8630 -16.3808
v 9.0559 21.8630 -16.9666
v 10.4702 21.8630 -16.3808
v 10.4702 20.4488 -14.9666
v 10.0559 20.4488 -13.9666
v 9.0559 20.4488 -13.5524
v 8.0559 20.4488 -13.9666
v 7.6417 20.4488 -14.9666
v 8.0559 20.4488 -15.9666
v 9.0559 20.4488 -16.3808
v 10.0559 20.4488 -15.9666
v 9.0559 19.8630 -14.9666
v 9.0559 19.8630 -14.9666
v 9.0559 19.8630 -14.9666
v 9.0559 19.8630 -14.9666
v 9.0559 19.8630 -14.9666
v 9.0559 19.8630 -14.9666
v 9.0559 19.8630 -14.9666
v 9.0559 19.8630 -14.9666
v 9.4633 8.4853 26.5645
v 9.0113 7.1004 25.9028
v 8.0333 7.1004 24.6365
v 7.5073 8.4853 24.0319
v 7.9593 9.8701 24.6936
v 8.9373 9.8701 25.9600
v 22.8410 9.0559 16.2329
v 22.3890 7.6711 15.5712
v 21.4110 7.6711 14.3049
v 20.8850 9.0559 13.7003
v 21.3370 10.4408 14.3620
v 22.3150 10.4408 15.6284
v 8.4853 8.4853 25.2982
v 21.8630 9.0559 14.9666
v 20.7057 9.0559 13.8618
v 21.7967 7.8857 13.8775
v 22.9540 7.8857 14.9824
v 23.0203 9.0559 16.0714
v 21.9293 10.2262 16.0557
v 20.7720 10.2262 14.9509
v 10.8427 0.0000 24.1934
v 11.9337 -1.1703 24.2091
v 13.0910 -1.1703 25.3140
v 13.1573 -0.0000 26.4030
v 12.0663 1.1703 26.3873
v 10.9090 1.1703 25.2825
v 21.8630 9.0559 14.9666
v 12.0000 0.0000 25.2982
v 21.8630 11.0559 14.9666
v 21.8630 11.0559 14.9666
v 21.8630 11.0559 14.9666
v 21.8630 11.0559 14.9666
v 21.8630 11.0559 14.9666
v 21.8630 11.0559 14.9666
v 21.8630 11.0559 14.9666
v 21.8630 11.0559 14.9666
v 23.2772 10.4702 14.9666
v 22.8630 10.4702 15.9666
v 21.8630 10.4702 16.3808
v 20.8630 10.4702 15.9666
v 20.4488 10.4702 14.9666
v 20.8630 10.4702 13.9666
v 21.8630 10.4702 13.5524
v 22.8630 10.4702 13.9666
v 23.8630 9.0559 14.9666
v 23.2772 9.0559 16.3808
v 21.8630 9.0559 16.9666
v 20.4488 9.0559 16.3808
v 19.8630 9.0559 14.9666
v 20.4488 9.0559 13.5524
v 21.8630 9.0559 12.9666
v 23.2772 9.0559 13.5524
v 23.2772 7.6417 14.9666
v 22.8630 7.6417 15.9666
v 21.8630 7.6417 16.3808
v 20.8630 7.6417 15.9666
v 20.4488 7.6417 14.9666
v 20.8630 7.6417 13.9666
v 21.8630 7.6417 13.5524
v 22.8630 7.6417 13.9666
v 21.8630 7.0559 14.9666
v 21.8630 7.0559 14.9666
v 21.8630 7.0559 14.9666
v 21.8630 7.0559 14.9666
v 21.8630 7.0559 14.9666
v 21.8630 7.0559 14.9666
v 21.8630 7.0559 14.9666
v 21.8630 7.0559 14.9666
v 23.4480 9.0559 14.7480
v 22.5458 7.9267 14.0619
v 20.9608 7.9267 14.2805
v 20.2780 9.0559 15.1852
v 21.1802 10.1852 15.8714
v 22.7652 10.1852 15.6528
v 21.3840 19.7990 -0.2186
v 20.4818 18.6697 -0.9047
v 18.8968 18.6697 -0.6862
v 18.2140 19.7990 0.2186
v 19.1162 20.9282 0.9047
v 20.7012 20.9282 0.6862
v 21.8630 9.0559 14.9666
v 19.7990 19.7990 0.0000
v 18.2140 19.7990 0.2186
v 18.8388 19.1563 -1.1068
v 20.4238 19.1563 -1.3253
v 21.3840 19.7990 -0.2186
v 20.7592 20.4417 1.1068
v 19.1742 20.4417 1.3253
v 20.2780 -9.0559 15.1852
v 20.9028 -9.6987 13.8599
v 22.4878 -9.6987 13.6413
v 23.4480 -9.0559 14.7480
v 22.8232 -8.4132 16.0734
v 21.2382 -8.4132 16.2920
v 19.7990 19.7990 0.0000
v 21.8630 -9.0559 14.9666
v 19.7990 21.7990 0.0000
v 19.7990 21.7990 0.0000
v 19.7990 21.7990 0.0000
v 19.7990 21.7990 0.0000
v 19.7990 21.7990 0.0000
v 19.7990 21.7990 0.0000
v 19.7990 21.7990 0.0000
v 19.7990 21.7990 0.0000
v 21.2132 21.2132 0.0000
v 20.7990 21.2132 1.0000
v 19.7990 21.2132 1.4142
v 18.7990 21.2132 1.0000
v 18.3848 21.2132 0.0000
v 18.7990 21.2132 -1.0000
v 19.7990 21.2132 -1.4142
v 20.7990 21.2132 -1.0000
v 21.7990 19.7990 0.0000
v 21.2132 19.7990 1.4142
v 19.7990 19.7990 2.0000
v 18.3848 19.7990 1.4142
v 17.7990 19.7990 0.0000
v 18.3848 19.7990 -1.4142
v 19.7990 19.7990 -2.0000
v 21.2132 19.7990 -1.4142
v 21.2132 18.3848 0.0000
v 20.7990 18.3848 1.0000
v 19.7990 18.3848 1.4142
v 18.7990 18.3848 1.0000
v 18.3848 18.3848 0.0000
v 18.7990 18.3848 -1.0000
v 19.7990 18.3848 -1.4142
v 20.7990 18.3848 -1.0000
v 19.7990 17.7990 0.0000
v 19.7990 17.7990 0.0000
v 19.7990 17.7990 0.0000
v 19.7990 17.7990 0.0000
v 19.7990 17.7990 0.0000
v 19.7990 17.7990 0.0000
v 19.7990 17.7990 0.0000
v 19.7990 17.7990 0.0000
v 20.2780 9.0559 -15.1852
v 20.9608 7.9267 -14.2805
v 22.5458 7.9267 -14.0619
v 23.4480 9.0559 -14.7480
v 22.7652 10.1852 -15.6528
v 21.1802 10.1852 -15.8714
v 18.2140 19.7990 -0.2186
v 18.8968 18.6697 0.6862
v 20.4818 18.6697 0.9047
v 21.3840 19.7990 0.2186
v 20.7012 20.9282 -0.6862
v 19.1162 20.9282 -0.9047
v 21.8630 9.0559 -14.9666
v 19.7990 19.7990 0.0000
v 21.3840 19.7990 0.2186
v 20.4238 19.1563 1.3253
v 18.8388 19.1563 1.1068
v 18.2140 19.7990 -0.2186
v 19.1742 20.4417 -1.3253
v 20.7592 20.4417 -1.1068
v 23.4480 -9.0559 -14.7480
v 22.4878 -9.6987 -13.6413
v 20.9028 -9.6987 -13.8599
v 20.2780 -9.0559 -15.1852
v 21.2382 -8.4132 -16.2920
v 22.8232 -8.4132 -16.0734
v 19.7990 19.7990 0.0000
v 21.8630 -9.0559 -14.9666
v 19.7990 21.7990 0.0000
v 19.7990 21.7990 0.0000
v 19.7990 21.7990 0.0000
v 19.7990 21.7990 0.0000
v 19.7990 21.7990 0.0000
v 19.7990 21.7990 0.0000
v 19.7990 21.7990 0.0000
v 19.7990 21.7990 0.0000
v 21.2132 21.2132 0.0000
v 20.7990 21.2132 1.0000
v 19.7990 21.2132 1.4142
v 18.7990 21.2132 1.0000
v 18.3848 21.2132 0.0000
v 18.7990 21.2132 -1.0000
v 19.7990 21.2132 -1.4142
v 20.7990 21.2132 -1.0000
v 21.7990 19.7990 0.0000
v 21.2132 19.7990 1.4142
v 19.7990 19.7990 2.0000
v 18.3848 19.7990 1.4142
v 17.7990 19.7990 0.0000
v 18.3848 19.7990 -1.4142
v 19.7990 19.7990 -2.0000
v 21.2132 19.7990 -1.4142
v 21.2132 18.3848 0.0000
v 20.7990 18.3848 1.0000
v 19.7990 18.3848 1.4142
v 18.7990 18.3848 1.0000
v 18.3848 18.3848 0.0000
v 18.7990 18.3848 -1.0000
v 19.7990 18.3848 -1.4142
v 20.7990 18.3848 -1.0000
v 19.7990 17.7990 0.0000
v 19.7990 17.7990 0.0000
v 19.7990 17.7990 0.0000
v 19.7990 17.7990 0.0000
v 19.7990 17.7990 0.0000
v 19.7990 17.7990 0.0000
v 19.7990 17.7990 0.0000
v 19.7990 17.7990 0.0000
v 7.5073 8.4853 -24.0319
v 8.0333 7.1004 -24.6365
v 9.0113 7.1004 -25.9028
v 9.4633 8.4853 -26.5645
v 8.9373 9.8701 -25.9600
v 7.9593 9.8701 -24.6936
v 20.8850 9.0559 -13.7003
v 21.4110 7.6711 -14.3049
v 22.3890 7.6711 -15.5712
v 22.8410 9.0559 -16.2329
v 22.3150 10.4408 -15.6284
v 21.3370 10.4408 -14.3620
v 8.4853 8.4853 -25.2982
v 21.8630 9.0559 -14.9666
v 23.0203 9.0559 -16.0714
v 22.9540 7.8857 -14.9824
v 21.7967 7.8857 -13.8775
v 20.7057 9.0559 -13.8618
v 20.7720 10.2262 -14.9509
v 21.9293 10.2262 -16.0557
v 13.1573 0.0000 -26.4030
v 13.0910 -1.1703 -25.3140
v 11.9337 -1.1703 -24.2091
v 10.8427 -0.0000 -24.1934
v 10.9090 1.1703 -25.2825
v 12.0663 1.1703 -26.3873
v 21.8630 9.0559 -14.9666
v 12.0000 0.0000 -25.2982
v 21.8630 11.0559 -14.9666
v 21.8630 11.0559 -14.9666
v 21.8630 11.0559 -14.9666
v 21.8630 11.0559 -14.9666
v 21.8630 11.0559 -14.9666
v 21.8630 11.0559 -14.9666
v 21.8630 11.0559 -14.9666
v 21.8630 11.0559 -14.9666
v 23.2772 10.4702 -14.9666
v 22.8630 10.4702 -13.9666
v 21.8630 10.4702 -13.5524
v 20.8630 10.4702 -13.9666
v 20.4488 10.4702 -14.9666
v 20.8630 10.4702 -15.9666
v 21.8630 10.4702 -16.3808
v 22.8630 10.4702 -15.9666
v 23.8630 9.0559 -14.9666
v 23.2772 9.0559 -13.5524
v 21.8630 9.0559 -12.9666
v 20.4488 9.0559 -13.5524
v 19.8630 9.0559 -14.9666
v 20.4488 9.0559 -16.3808
v 21.8630 9.0559 -16.9666
v 23.2772 9.0559 -16.3808
v 23.2772 7.6417 -14.9666
v 22.8630 7.6417 -13.9666
v 21.8630 7.6417 -13.5524
v 20.8630 7.6417 -13.9666
v 20.4488 7.6417 -14.9666
v 20.8630 7.6417 -15.9666
v 21.8630 7.6417 -16.3808
v 22.8630 7.6417 -15.9666
v 21.8630 7.0559 -14.9666
v 21.8630 7.0559 -14.9666
v 21.8630 7.0559 -14.9666
v 21.8630 7.0559 -14.9666
v 21.8630 7.0559 -14.9666
v 21.8630 7.0559 -14.9666
v 21.8630 7.0559 -14.9666
v 21.8630 7.0559 -14.9666
v 12.0000 1.8000 25.2982
v 12.0000 1.8000 25.2982
v 12.0000 1.8000 25.2982
v 12.0000 1.8000 25.2982
v 12.0000 1.8000 25.2982
v 12.0000 1.8000 25.2982
v 12.0000 1.8000 25.2982
v 12.0000 1.8000 25.2982
v 13.2728 1.2728 25.2982
v 12.9000 1.2728 26.1982
v 12.0000 1.2728 26.5710
v 11.1000 1.2728 26.1982
v 10.7272 1.2728 25.2982
v 11.1000 1.2728 24.3982
v 12.0000 1.2728 24.0254
v 12.9000 1.2728 24.3982
v 13.8000 0.0000 25.2982
v 13.2728 0.0000 26.5710
v 12.0000 0.0000 27.0982
v 10.7272 0.0000 26.5710
v 10.2000 0.0000 25.2982
v 10.7272 0.0000 24.0254
v 12.0000 0.0000 23.4982
v 13.2728 0.0000 24.0254
v 13.2728 -1.2728 25.2982
v 12.9000 -1.2728 26.1982
v 12.0000 -1.2728 26.5710
v 11.1000 -1.2728 26.1982
v 10.7272 -1.2728 25.2982
v 11.1000 -1.2728 24.3982
v 12.0000 -1.2728 24.0254
v 12.9000 -1.2728 24.3982
v 12.0000 -1.8000 25.2982
v 12.0000 -1.8000 25.2982
v 12.0000 -1.8000 25.2982
v 12.0000 -1.8000 25.2982
v 12.0000 -1.8000 25.2982
v 12.0000 -1.8000 25.2982
v 12.0000 -1.8000 25.2982
v 12.0000 -1.8000 25.2982
v 8.4853 -6.6853 25.2982
v 8.4853 -6.6853 25.2982
v 8.4853 -6.6853 25.2982
v 8.4853 -6.6853 25.2982
v 8.4853 -6.6853 25.2982
v 8.4853 -6.6853 25.2982
v 8.4853 -6.6853 25.2982
v 8.4853 -6.6853 25.2982
v 9.7581 -7.2125 25.2982
v 9.3853 -7.2125 26.1982
v 8.4853 -7.2125 26.5710
v 7.5853 -7.2125 26.1982
v 7.2125 -7.2125 25.2982
v 7.5853 -7.2125 24.3982
v 8.4853 -7.2125 24.0254
v 9.3853 -7.2125 24.3982
v 10.2853 -8.4853 25.2982
v 9.7581 -8.4853 26.5710
v 8.4853 -8.4853 27.0982
v 7.2125 -8.4853 26.5710
v 6.6853 -8.4853 25.2982
v 7.2125 -8.4853 24.0254
v 8.4853 -8.4853 23.4982
v 9.7581 -8.4853 24.0254
v 9.7581 -9.7581 25.2982
v 9.3853 -9.7581 26.1982
v 8.4853 -9.7581 26.5710
v 7.5853 -9.7581 26.1982
v 7.2125 -9.7581 25.2982
v 7.5853 -9.7581 24.3982
v 8.4853 -9.7581 24.0254
v 9.3853 -9.7581 24.3982
v 8.4853 -10.2853 25.2982
v 8.4853 -10.2853 25.2982
v 8.4853 -10.2853 25.2982
v 8.4853 -10.2853 25.2982
v 8.4853 -10.2853 25.2982
v 8.4853 -10.2853 25.2982
v 8.4853 -10.2853 25.2982
v 8.4853 -10.2853 25.2982
v 0.0000 -10.2000 25.2982
v 0.0000 -10.2000 25.2982
v 0.0000 -10.2000 25.2982
v 0.0000 -10.2000 25.2982
v 0.0000 -10.2000 25.2982
v 0.0000 -10.2000 25.2982
v 0.0000 -10.2000 25.2982
v 0.0000 -10.2000 25.2982
v 1.2728 -10.7272 25.2982
v 0.9000 -10.7272 26.1982
v 0.0000 -10.7272 26.5710
v -0.9000 -10.7272 26.1982
v -1.2728 -10.7272 25.2982
v -0.9000 -10.7272 24.3982
v 0.0000 -10.7272 24.0254
v 0.9000 -10.7272 24.3982
v 1.8000 -12.0000 25.2982
v 1.2728 -12.0000 26.5710
v 0.0000 -12.0000 27.0982
v -1.2728 -12.0000 26.5710
v -1.8000 -12.0000 25.2982
v -1.2728 -12.0000 24.0254
v 0.0000 -12.0000 23.4982
v 1.2728 -12.0000 24.0254
v 1.2728 -13.2728 25.2982
v 0.9000 -13.2728 26.1982
v 0.0000 -13.2728 26.5710
v -0.9000 -13.2728 26.1982
v -1.2728 -13.2728 25.2982
v -0.9000 -13.2728 24.3982
v 0.0000 -13.2728 24.0254
v 0.9000 -13.2728 24.3982
v 0.0000 -13.8000 25.2982
v 0.0000 -13.8000 25.2982
v 0.0000 -13.8000 25.2982
v 0.0000 -13.8000 25.2982
v 0.0000 -13.8000 25.2982
v 0.0000 -13.8000 25.2982
v 0.0000 -13.8000 25.2982
v 0.0000 -13.8000 25.2982
v -8.4853 -6.6853 25.2982
v -8.4853 -6.6853 25.2982
v -8.4853 -6.6853 25.2982
v -8.4853 -6.6853 25.2982
v -8.4853 -6.6853 25.2982
v -8.4853 -6.6853 25.2982
v -8.4853 -6.6853 25.2982
v -8.4853 -6.6853 25.2982
v -7.2125 -7.2125 25.2982
v -7.5853 -7.2125 26.1982
v -8.4853 -7.2125 26.5710
v -9.3853 -7.2125 26.1982
v -9.7581 -7.2125 25.2982
v -9.3853 -7.2125 24.3982
v -8.4853 -7.2125 24.0254
v -7.5853 -7.2125 24.3982
v -6.6853 -8.4853 25.2982
v -7.2125 -8.4853 26.5710
v -8.4853 -8.4853 27.0982
v -9.7581 -8.4853 26.5710
v -10.2853 -8.4853 25.2982
v -9.7581 -8.4853 24.0254
v -8.4853 -8.4853 23.4982
v -7.2125 -8.4853 24.0254
v -7.2125 -9.7581 25.2982
v -7.5853 -9.7581 26.1982
v -8.4853 -9.7581 26.5710
v -9.3853 -9.7581 26.1982
v -9.7581 -9.7581 25.2982
v -9.3853 -9.7581 24.3982
v -8.4853 -9.7581 24.0254
v -7.5853 -9.7581 24.3982
v -8.4853 -10.2853 25.2982
v -8.4853 -10.2853 25.2982
v -8.4853 -10.2853 25.2982
v -8.4853 -10.2853 25.2982
v -8.4853 -10.2853 25.2982
v -8.4853 -10.2853 25.2982
v -8.4853 -10.2853 25.2982
v -8.4853 -10.2853 25.2982
v -12.0000 1.8000 25.2982
v -12.0000 1.8000 25.2982
v -12.0000 1.8000 25.2982
v -12.0000 1.8000 25.2982
v -12.0000 1.8000 25.2982
v -12.0000 1.8000 25.2982
v -12.0000 1.8000 25.2982
v -12.0000 1.8000 25.2982
v -10.7272 1.2728 25.2982
v -11.1000 1.2728 26.1982
v -12.0000 1.2728 26.5710
v -12.9000 1.2728 26.1982
v -13.2728 1.2728 25.2982
v -12.9000 1.2728 24.3982
v -12.0000 1.2728 24.0254
v -11.1000 1.2728 24.3982
v -10.2000 -0.0000 25.2982
v -10.7272 -0.0000 26.5710
v -12.0000 -0.0000 27.0982
v -13.2728 -0.0000 26.5710
v -13.8000 -0.0000 25.2982
v -13.2728 -0.0000 24.0254
v -12.0000 -0.0000 23.4982
v -10.7272 -0.0000 24.0254
v -10.7272 -1.2728 25.2982
v -11.1000 -1.2728 26.1982
v -12.0000 -1.2728 26.5710
v -12.9000 -1.2728 26.1982
v -13.2728 -1.2728 25.2982
v -12.9000 -1.2728 24.3982
v -12.0000 -1.2728 24.0254
v -11.1000 -1.2728 24.3982
v -12.0000 -1.8000 25.2982
v -12.0000 -1.8000 25.2982
v -12.0000 -1.8000 25.2982
v -12.0000 -1.8000 25.2982
v -12.0000 -1.8000 25.2982
v -12.0000 -1.8000 25.2982
v -12.0000 -1.8000 25.2982
v -12.0000 -1.8000 25.2982
v -8.4853 10.2853 25.2982
v -8.4853 10.2853 25.2982
v -8.4853 10.2853 25.2982
v -8.4853 10.2853 25.2982
v -8.4853 10.2853 25.2982
v -8.4853 10.2853 25.2982
v -8.4853 10.2853 25.2982
v -8.4853 10.2853 25.2982
v -7.2125 9.7581 25.2982
v -7.5853 9.7581 26.1982
v -8.4853 9.7581 26.5710
v -9.3853 9.7581 26.1982
v -9.7581 9.7581 25.2982
v -9.3853 9.7581 24.3982
v -8.4853 9.7581 24.0254
v -7.5853 9.7581 24.3982
v -6.6853 8.4853 25.2982
v -7.2125 8.4853 26.5710
v -8.4853 8.4853 27.0982
v -9.7581 8.4853 26.5710
v -10.2853 8.4853 25.2982
v -9.7581 8.4853 24.0254
v -8.4853 8.4853 23.4982
v -7.2125 8.4853 24.0254
v -7.2125 7.2125 25.2982
v -7.5853 7.2125 26.1982
v -8.4853 7.2125 26.5710
v -9.3853 7.2125 26.1982
v -9.7581 7.2125 25.2982
v -9.3853 7.2125 24.3982
v -8.4853 7.2125 24.0254
v -7.5853 7.2125 24.3982
v -8.4853 6.6853 25.2982
v -8.4853 6.6853 25.2982
v -8.4853 6.6853 25.2982
v -8.4853 6.6853 25.2982
v -8.4853 6.6853 25.2982
v -8.4853 6.6853 25.2982
v -8.4853 6.6853 25.2982
v -8.4853 6.6853 25.2982
v -0.0000 13.8000 25.2982
v -0.0000 13.8000 25.2982
v -0.0000 13.8000 25.2982
v -0.0000 13.8000 25.2982
v -0.0000 13.8000 25.2982
v -0.0000 13.8000 25.2982
v -0.0000 13.8000 25.2982
v -0.0000 13.8000 25.2982
v 1.2728 13.2728 25.2982
v 0.9000 13.2728 26.1982
v -0.0000 13.2728 26.5710
v -0.9000 13.2728 26.1982
v -1.2728 13.2728 25.2982
v -0.9000 13.2728 24.3982
v -0.0000 13.2728 24.0254
v 0.9000 13.2728 24.3982
v 1.8000 12.0000 25.2982
v 1.2728 12.0000 26.5710
v -0.0000 12.0000 27.0982
v -1.2728 12.0000 26.5710
v -1.8000 12.0000 25.2982
v -1.2728 12.0000 24.0254
v -0.0000 12.0000 23.4982
v 1.2728 12.0000 24.0254
v 1.2728 10.7272 25.2982
v 0.9000 10.7272 26.1982
v -0.0000 10.7272 26.5710
v -0.9000 10.7272 26.1982
v -1.2728 10.7272 25.2982
v -0.9000 10.7272 24.3982
v -0.0000 10.7272 24.0254
v 0.9000 10.7272 24.3982
v -0.0000 10.2000 25.2982
v -0.0000 10.2000 25.2982
v -0.0000 10.2000 25.2982
v -0.0000 10.2000 25.2982
v -0.0000 10.2000 25.2982
v -0.0000 10.2000 25.2982
v -0.0000 10.2000 25.2982
v -0.0000 10.2000 25.2982
v 8.4853 10.2853 25.2982
v 8.4853 10.2853 25.2982
v 8.4853 10.2853 25.2982
v 8.4853 10.2853 25.2982
v 8.4853 10.2853 25.2982
v 8.4853 10.2853 25.2982
v 8.4853 10.2853 25.2982
v 8.4853 10.2853 25.2982
v 9.7581 9.7581 25.2982
v 9.3853 9.7581 26.1982
v 8.4853 9.7581 26.5710
v 7.5853 9.7581 26.1982
v 7.2125 9.7581 25.2982
v 7.5853 9.7581 24.3982
v 8.4853 9.7581 24.0254
v 9.3853 9.7581 24.3982
v 10.2853 8.4853 25.2982
v 9.7581 8.4853 26.5710
v 8.4853 8.4853 27.0982
v 7.2125 8.4853 26.5710
v 6.6853 8.4853 25.2982
v 7.2125 8.4853 24.0254
v 8.4853 8.4853 23.4982
v 9.7581 8.4853 24.0254
v 9.7581 7.2125 25.2982
v 9.3853 7.2125 26.1982
v 8.4853 7.2125 26.5710
v 7.5853 7.2125 26.1982
v 7.2125 7.2125 25.2982
v 7.5853 7.2125 24.3982
v 8.4853 7.2125 24.0254
v 9.3853 7.2125 24.3982
v 8.4853 6.6853 25.2982
v 8.4853 6.6853 25.2982
v 8.4853 6.6853 25.2982
v 8.4853 6.6853 25.2982
v 8.4853 6.6853 25.2982
v 8.4853 6.6853 25.2982
v 8.4853 6.6853 25.2982
v 8.4853 6.6853 25.2982
v 12.0000 1.8000 -25.2982
v 12.0000 1.8000 -25.2982
v 12.0000 1.8000 -25.2982
v 12.0000 1.8000 -25.2982
v 12.0000 1.8000 -25.2982
v 12.0000 1.8000 -25.2982
v 12.0000 1.8000 -25.2982
v 12.0000 1.8000 -25.2982
v 13.2728 1.2728 -25.2982
v 12.9000 1.2728 -24.3982
v 12.0000 1.2728 -24.0254
v 11.1000 1.2728 -24.3982
v 10.7272 1.2728 -25.2982
v 11.1000 1.2728 -26.1982
v 12.0000 1.2728 -26.5710
v 12.9000 1.2728 -26.1982
v 13.8000 0.0000 -25.2982
v 13.2728 0.0000 -24.0254
v 12.0000 0.0000 -23.4982
v 10.7272 0.0000 -24.0254
v 10.2000 0.0000 -25.2982
v 10.7272 0.0000 -26.5710
v 12.0000 0.0000 -27.0982
v 13.2728 0.0000 -26.5710
v 13.2728 -1.2728 -25.2982
v 12.9000 -1.2728 -24.3982
v 12.0000 -1.2728 -24.0254
v 11.1000 -1.2728 -24.3982
v 10.7272 -1.2728 -25.2982
v 11.1000 -1.2728 -26.1982
v 12.0000 -1.2728 -26.5710
v 12.9000 -1.2728 -26.1982
v 12.0000 -1.8000 -25.2982
v 12.0000 -1.8000 -25.2982
v 12.0000 -1.8000 -25.2982
v 12.0000 -1.8000 -25.2982
v 12.0000 -1.8000 -25.2982
v 12.0000 -1.8000 -25.2982
v 12.0000 -1.8000 -25.2982
v 12.0000 -1.8000 -25.2982
v 8.4853 -6.6853 -25.2982
v 8.4853 -6.6853 -25.2982
v 8.4853 -6.6853 -25.2982
v 8.4853 -6.6853 -25.2982
v 8.4853 -6.6853 -25.2982
v 8.4853 -6.6853 -25.2982
v 8.4853 -6.6853 -25.2982
v 8.4853 -6.6853 -25.2982
v 9.7581 -7.2125 -25.2982
v 9.3853 -7.2125 -24.3982
v 8.4853 -7.2125 -24.0254
v 7.5853 -7.2125 -24.3982
v 7.2125 -7.2125 -25.2982
v 7.5853 -7.2125 -26.1982
v 8.4853 -7.2125 -26.5710
v 9.3853 -7.2125 -26.1982
v 10.2853 -8.4853 -25.2982
v 9.7581 -8.4853 -24.0254
v 8.4853 -8.4853 -23.4982
v 7.2125 -8.4853 -24.0254
v 6.6853 -8.4853 -25.2982
v 7.2125 -8.4853 -26.5710
v 8.4853 -8.4853 -27.0982
v 9.7581 -8.4853 -26.5710
v 9.7581 -9.7581 -25.2982
v 9.3853 -9.7581 -24.3982
v 8.4853 -9.7581 -24.0254
v 7.5853 -9.7581 -24.3982
v 7.2125 -9.7581 -25.2982
v 7.5853 -9.7581 -26.1982
v 8.4853 -9.7581 -26.5710
v 9.3853 -9.7581 -26.1982
v 8.4853 -10.2853 -25.2982
v 8.4853 -10.2853 -25.2982
v 8.4853 -10.2853 -25.2982
v 8.4853 -10.2853 -25.2982
v 8.4853 -10.2853 -25.2982
v 8.4853 -10.2853 -25.2982
v 8.4853 -10.2853 -25.2982
v 8.4853 -10.2853 -25.2982
v 0.0000 -10.2000 -25.2982
v 0.0000 -10.2000 -25.2982
v 0.0000 -10.2000 -25.2982
v 0.0000 -10.2000 -25.2982
v 0.0000 -10.2000 -25.2982
v 0.0000 -10.2000 -25.2982
v 0.0000 -10.2000 -25.2982
v 0.0000 -10.2000 -25.2982
v 1.2728 -10.7272 -25.2982
v 0.9000 -10.7272 -24.3982
v 0.0000 -10.7272 -24.0254
v -0.9000 -10.7272 -24.3982
v -1.2728 -10.7272 -25.2982
v -0.9000 -10.7272 -26.1982
v 0.0000 -10.7272 -26.5710
v 0.9000 -10.7272 -26.1982
v 1.8000 -12.0000 -25.2982
v 1.2728 -12.0000 -24.0254
v 0.0000 -12.0000 -23.4982
v -1.2728 -12.0000 -24.0254
v -1.8000 -12.0000 -25.2982
v -1.2728 -12.0000 -26.5710
v 0.0000 -12.0000 -27.0982
v 1.2728 -12.0000 -26.5710
v 1.2728 -13.2728 -25.2982
v 0.9000 -13.2728 -24.3982
v 0.0000 -13.2728 -24.0254
v -0.9000 -13.2728 -24.3982
v -1.2728 -13.2728 -25.2982
v -0.9000 -13.2728 -26.1982
v 0.0000 -13.2728 -26.5710
v 0.9000 -13.2728 -26.1982
v 0.0000 -13.8000 -25.2982
v 0.0000 -13.8000 -25.2982
v 0.0000 -13.8000 -25.2982
v 0.0000 -13.8000 -25.2982
v 0.0000 -13.8000 -25.2982
v 0.0000 -13.8000 -25.2982
v 0.0000 -13.8000 -25.2982
v 0.0000 -13.8000 -25.2982
v -8.4853 -6.6853 -25.2982
v -8.4853 -6.6853 -25.2982
v -8.4853 -6.6853 -25.2982
v -8.4853 -6.6853 -25.2982
v -8.4853 -6.6853 -25.2982
v -8.4853 -6.6853 -25.2982
v -8.4853 -6.6853 -25.2982
v -8.4853 -6.6853 -25.2982
v -7.2125 -7.2125 -25.2982
v -7.5853 -7.2125 -24.3982
v -8.4853 -7.2125 -24.0254
v -9.3853 -7.2125 -24.3982
v -9.7581 -7.2125 -25.2982
v -9.3853 -7.2125 -26.1982
v -8.4853 -7.2125 -26.5710
v -7.5853 -7.2125 -26.1982
v -6.6853 -8.4853 -25.2982
v -7.2125 -8.4853 -24.0254
v -8.4853 -8.4853 -23.4982
v -9.7581 -8.4853 -24.0254
v -10.2853 -8.4853 -25.2982
v -9.7581 -8.4853 -26.5710
v -8.4853 -8.4853 -27.0982
v -7.2125 -8.4853 -26.5710
v -7.2125 -9.7581 -25.2982
v -7.5853 -9.7581 -24.3982
v -8.4853 -9.7581 -24.0254
v -9.3853 -9.7581 -24.3982
v -9.7581 -9.7581 -25.2982
v -9.3853 -9.7581 -26.1982
v -8.4853 -9.7581 -26.5710
v -7.5853 -9.7581 -26.1982
v -8.4853 -10.2853 -25.2982
v -8.4853 -10.2853 -25.2982
v -8.4853 -10.2853 -25.2982
v -8.4853 -10.2853 -25.2982
v -8.4853 -10.2853 -25.2982
v -8.4853 -10.2853 -25.2982
v -8.4853 -10.2853 -25.2982
v -8.4853 -10.2853 -25.2982
v -12.0000 1.8000 -25.2982
v -12.0000 1.8000 -25.2982
v -12.0000 1.8000 -25.2982
v -12.0000 1.8000 -25.2982
v -12.0000 1.8000 -25.2982
v -12.0000 1.8000 -25.2982
v -12.0000 1.8000 -25.2982
v -12.0000 1.8000 -25.2982
v -10.7272 1.2728 -25.2982
v -11.1000 1.2728 -24.3982
v -12.0000 1.2728 -24.0254
v -12.9000 1.2728 -24.3982
v -13.2728 1.2728 -25.2982
v -12.9000 1.2728 -26.1982
v -12.0000 1.2728 -26.5710
v -11.1000 1.2728 -26.1982
v -10.2000 -0.0000 -25.2982
v -10.7272 -0.0000 -24.0254
v -12.0000 -0.0000 -23.4982
v -13.2728 -0.0000 -24.0254
v -13.8000 -0.0000 -25.2982
v -13.2728 -0.0000 -26.5710
v -12.0000 -0.0000 -27.0982
v -10.7272 -0.0000 -26.5710
v -10.7272 -1.2728 -25.2982
v -11.1000 -1.2728 -24.3982
v -12.0000 -1.2728 -24.0254
v -12.9000 -1.2728 -24.3982
v -13.2728 -1.2728 -25.2982
v -12.9000 -1.2728 -26.1982
v -12.0000 -1.2728 -26.5710
v -11.1000 -1.2728 -26.1982
v -12.0000 -1.8000 -25.2982
v -12.0000 -1.8000 -25.2982
v -12.0000 -1.8000 -25.2982
v -12.0000 -1.8000 -25.2982
v -12.0000 -1.8000 -25.2982
v -12.0000 -1.8000 -25.2982
v -12.0000 -1.8000 -25.2982
v -12.0000 -1.8000 -25.2982
v -8.4853 10.2853 -25.2982
v -8.4853 10.2853 -25.2982
v -8.4853 10.2853 -25.2982
v -8.4853 10.2853 -25.2982
v -8.4853 10.2853 -25.2982
v -8.4853 10.2853 -25.2982
v -8.4853 10.2853 -25.2982
v -8.4853 10.2853 -25.2982
v -7.2125 9.7581 -25.2982
v -7.5853 9.7581 -24.3982
v -8.4853 9.7581 -24.0254
v -9.3853 9.7581 -24.3982
v -9.7581 9.7581 -25.2982
v -9.3853 9.7581 -26.1982
v -8.4853 9.7581 -26.5710
v -7.5853 9.7581 -26.1982
v -6.6853 8.4853 -25.2982
v -7.2125 8.4853 -24.0254
v -8.4853 8.4853 -23.4982
v -9.7581 8.4853 -24.0254
v -10.2853 8.4853 -25.2982
v -9.7581 8.4853 -26.5710
v -8.4853 8.4853 -27.0982
v -7.2125 8.4853 -26.5710
v -7.2125 7.2125 -25.2982
v -7.5853 7.2125 -24.3982
v -8.4853 7.2125 -24.0254
v -9.3853 7.2125 -24.3982
v -9.7581 7.2125 -25.2982
v -9.3853 7.2125 -26.1982
v -8.4853 7.2125 -26.5710
v -7.5853 7.2125 -26.1982
v -8.4853 6.6853 -25.2982
v -8.4853 6.6853 -25.2982
v -8.4853 6.6853 -25.2982
v -8.4853 6.6853 -25.2982
v -8.4853 6.6853 -25.2982
v -8.4853 6.6853 -25.2982
v -8.4853 6.6853 -25.2982
v -8.4853 6.6853 -25.2982
v -0.0000 13.8000 -25.2982
v -0.0000 13.8000 -25.2982
v -0.0000 13.8000 -25.2982
v -0.0000 13.8000 -25.2982
v -0.0000 13.8000 -25.2982
v -0.0000 13.8000 -25.2982
v -0.0000 13.8000 -25.2982
v -0.0000 13.8000 -25.2982
v 1.2728 13.2728 -25.2982
v 0.9000 13.2728 -24.3982
v -0.0000 13.2728 -24.0254
v -0.9000 13.2728 -24.3982
v -1.2728 13.2728 -25.2982
v -0.9000 13.2728 -26.1982
v -0.0000 13.2728 -26.5710
v 0.9000 13.2728 -26.1982
v 1.8000 12.0000 -25.2982
v 1.2728 12.0000 -24.0254
v -0.0000 12.0000 -23.4982
v -1.2728 12.0000 -24.0254
v -1.8000 12.0000 -25.2982
v -1.2728 12.0000 -26.5710
v -0.0000 12.0000 -27.0982
v 1.2728 12.0000 -26.5710
v 1.2728 10.7272 -25.2982
v 0.9000 10.7272 -24.3982
v -0.0000 10.7272 -24.0254
v -0.9000 10.7272 -24.3982
v -1.2728 10.7272 -25.2982
v -0.9000 10.7272 -26.1982
v -0.0000 10.7272 -26.5710
v 0.9000 10.7272 -26.1982
v -0.0000 10.2000 -25.2982
v -0.0000 10.2000 -25.2982
v -0.0000 10.2000 -25.2982
v -0.0000 10.2000 -25.2982
v -0.0000 10.2000 -25.2982
v -0.0000 10.2000 -25.2982
v -0.0000 10.2000 -25.2982
v -0.0000 10.2000 -25.2982
v 8.4853 10.2853 -25.2982
v 8.4853 10.2853 -25.2982
v 8.4853 10.2853 -25.2982
v 8.4853 10.2853 -25.2982
v 8.4853 10.2853 -25.2982
v 8.4853 10.2853 -25.2982
v 8.4853 10.2853 -25.2982
v 8.4853 10.2853 -25.2982
v 9.7581 9.7581 -25.2982
v 9.3853 9.7581 -24.3982
v 8.4853 9.7581 -24.0254
v 7.5853 9.7581 -24.3982
v 7.2125 9.7581 -25.2982
v 7.5853 9.7581 -26.1982
v 8.4853 9.7581 -26.5710
v 9.3853 9.7581 -26.1982
v 10.2853 8.4853 -25.2982
v 9.7581 8.4853 -24.0254
v 8.4853 8.4853 -23.4982
v 7.2125 8.4853 -24.0254
v 6.6853 8.4853 -25.2982
v 7.2125 8.4853 -26.5710
v 8.4853 8.4853 -27.0982
v 9.7581 8.4853 -26.5710
v 9.7581 7.2125 -25.2982
v 9.3853 7.2125 -24.3982
v 8.4853 7.2125 -24.0254
v 7.5853 7.2125 -24.3982
v 7.2125 7.2125 -25.2982
v 7.5853 7.2125 -26.1982
v 8.4853 7.2125 -26.5710
v 9.3853 7.2125 -26.1982
v 8.4853 6.6853 -25.2982
v 8.4853 6.6853 -25.2982
v 8.4853 6.6853 -25.2982
v 8.4853 6.6853 -25.2982
v 8.4853 6.6853 -25.2982
v 8.4853 6.6853 -25.2982
v 8.4853 6.6853 -25.2982
v 8.4853 6.6853 -25.2982
v 28.0000 1.8000 0.0000
v 28.0000 1.8000 0.0000
v 28.0000 1.8000 0.0000
v 28.0000 1.8000 0.0000
v 28.0000 1.8000 0.0000
v 28.0000 1.8000 0.0000
v 28.0000 1.8000 0.0000
v 28.0000 1.8000 0.0000
v 29.2728 1.2728 0.0000
v 28.9000 1.2728 0.9000
v 28.0000 1.2728 1.2728
v 27.1000 1.2728 0.9000
v 26.7272 1.2728 0.0000
v 27.1000 1.2728 -0.9000
v 28.0000 1.2728 -1.2728
v 28.9000 1.2728 -0.9000
v 29.8000 0.0000 0.0000
v 29.2728 0.0000 1.2728
v 28.0000 0.0000 1.8000
v 26.7272 0.0000 1.2728
v 26.2000 0.0000 0.0000
v 26.7272 0.0000 -1.2728
v 28.0000 0.0000 -1.8000
v 29.2728 0.0000 -1.2728
v 29.2728 -1.2728 0.0000
v 28.9000 -1.2728 0.9000
v 28.0000 -1.2728 1.2728
v 27.1000 -1.2728 0.9000
v 26.7272 -1.2728 0.0000
v 27.1000 -1.2728 -0.9000
v 28.0000 -1.2728 -1.2728
v 28.9000 -1.2728 -0.9000
v 28.0000 -1.8000 0.0000
v 28.0000 -1.8000 0.0000
v 28.0000 -1.8000 0.0000
v 28.0000 -1.8000 0.0000
v 28.0000 -1.8000 0.0000
v 28.0000 -1.8000 0.0000
v 28.0000 -1.8000 0.0000
v 28.0000 -1.8000 0.0000
v 19.7990 -17.9990 0.0000
v 19.7990 -17.9990 0.0000
v 19.7990 -17.9990 0.0000
v 19.7990 -17.9990 0.0000
v 19.7990 -17.9990 0.0000
v 19.7990 -17.9990 0.0000
v 19.7990 -17.9990 0.0000
v 19.7990 -17.9990 0.0000
v 21.0718 -18.5262 0.0000
v 20.6990 -18.5262 0.9000
v 19.7990 -18.5262 1.2728
v 18.8990 -18.5262 0.9000
v 18.5262 -18.5262 0.0000
v 18.8990 -18.5262 -0.9000
v 19.7990 -18.5262 -1.2728
v 20.6990 -18.5262 -0.9000
v 21.5990 -19.7990 0.0000
v 21.0718 -19.7990 1.2728
v 19.7990 -19.7990 1.8000
v 18.5262 -19.7990 1.2728
v 17.9990 -19.7990 0.0000
v 18.5262 -19.7990 -1.2728
v 19.7990 -19.7990 -1.8000
v 21.0718 -19.7990 -1.2728
v 21.0718 -21.0718 0.0000
v 20.6990 -21.0718 0.9000
v 19.7990 -21.0718 1.2728
v 18.8990 -21.0718 0.9000
v 18.5262 -21.0718 0.0000
v 18.8990 -21.0718 -0.9000
v 19.7990 -21.0718 -1.2728
v 20.6990 -21.0718 -0.9000
v 19.7990 -21.5990 0.0000
v 19.7990 -21.5990 0.0000
v 19.7990 -21.5990 0.0000
v 19.7990 -21.5990 0.0000
v 19.7990 -21.5990 0.0000
v 19.7990 -21.5990 0.0000
v 19.7990 -21.5990 0.0000
v 19.7990 -21.5990 0.0000
v 0.0000 -26.2000 0.0000
v 0.0000 -26.2000 0.0000
v 0.0000 -26.2000 0.0000
v 0.0000 -26.2000 0.0000
v 0.0000 -26.2000 0.0000
v 0.0000 -26.2000 0.0000
v 0.0000 -26.2000 0.0000
v 0.0000 -26.2000 0.0000
v 1.2728 -26.7272 0.0000
v 0.9000 -26.7272 0.9000
v 0.0000 -26.7272 1.2728
v -0.9000 -26.7272 0.9000
v -1.2728 -26.7272 0.0000
v -0.9000 -26.7272 -0.9000
v 0.0000 -26.7272 -1.2728
v 0.9000 -26.7272 -0.9000
v 1.8000 -28.0000 0.0000
v 1.2728 -28.0000 1.2728
v 0.0000 -28.0000 1.8000
v -1.2728 -28.0000 1.2728
v -1.8000 -28.0000 0.0000
v -1.2728 -28.0000 -1.2728
v 0.0000 -28.0000 -1.8000
v 1.2728 -28.0000 -1.2728
v 1.2728 -29.2728 0.0000
v 0.9000 -29.2728 0.9000
v 0.0000 -29.2728 1.2728
v -0.9000 -29.2728 0.9000
v -1.2728 -29.2728 0.0000
v -0.9000 -29.2728 -0.9000
v 0.0000 -29.2728 -1.2728
v 0.9000 -29.2728 -0.9000
v 0.0000 -29.8000 0.0000
v 0.0000 -29.8000 0.0000
v 0.0000 -29.8000 0.0000
v 0.0000 -29.8000 0.0000
v 0.0000 -29.8000 0.0000
v 0.0000 -29.8000 0.0000
v 0.0000 -29.8000 0.0000
v 0.0000 -29.8000 0.0000
v -19.7990 -17.9990 0.0000
v -19.7990 -17.9990 0.0000
v -19.7990 -17.9990 0.0000
v -19.7990 -17.9990 0.0000
v -19.7990 -17.9990 0.0000
v -19.7990 -17.9990 0.0000
v -19.7990 -17.9990 0.0000
v -19.7990 -17.9990 0.0000
v -18.5262 -18.5262 0.0000
v -18.8990 -18.5262 0.9000
v -19.7990 -18.5262 1.2728
v -20.6990 -18.5262 0.9000
v -21.0718 -18.5262 0.0000
v -20.6990 -18.5262 -0.9000
v -19.7990 -18.5262 -1.2728
v -18.8990 -18.5262 -0.9000
v -17.9990 -19.7990 0.0000
v -18.5262 -19.7990 1.2728
v -19.7990 -19.7990 1.8000
v -21.0718 -19.7990 1.2728
v -21.5990 -19.7990 0.0000
v -21.0718 -19.7990 -1.2728
v -19.7990 -19.7990 -1.8000
v -18.5262 -19.7990 -1.2728
v -18.5262 -21.0718 0.0000
v -18.8990 -21.0718 0.9000
v -19.7990 -21.0718 1.2728
v -20.6990 -21.0718 0.9000
v -21.0718 -21.0718 0.0000
v -20.6990 -21.0718 -0.9000
v -19.7990 -21.0718 -1.2728
v -18.8990 -21.0718 -0.9000
v -19.7990 -21.5990 0.0000
v -19.7990 -21.5990 0.0000
v -19.7990 -21.5990 0.0000
v -19.7990 -21.5990 0.0000
v -19.7990 -21.5990 0.0000
v -19.7990 -21.5990 0.0000
v -19.7990 -21.5990 0.0000
v -19.7990 -21.5990 0.0000
v -28.0000 1.8000 0.0000
v -28.0000 1.8000 0.0000
v -28.0000 1.8000 0.0000
v -28.0000 1.8000 0.0000
v -28.0000 1.8000 0.0000
v -28.0000 1.8000 0.0000
v -28.0000 1.8000 0.0000
v -28.0000 1.8000 0.0000
v -26.7272 1.2728 0.0000
v -27.1000 1.2728 0.9000
v -28.0000 1.2728 1.2728
v -28.9000 1.2728 0.9000
v -29.2728 1.2728 0.0000
v -28.9000 1.2728 -0.9000
v -28.0000 1.2728 -1.2728
v -27.1000 1.2728 -0.9000
v -26.2000 -0.0000 0.0000
v -26.7272 -0.0000 1.2728
v -28.0000 -0.0000 1.8000
v -29.2728 -0.0000 1.2728
v -29.8000 -0.0000 0.0000
v -29.2728 -0.0000 -1.2728
v -28.0000 -0.0000 -1.8000
v -26.7272 -0.0000 -1.2728
v -26.7272 -1.2728 0.0000
v -27.1000 -1.2728 0.9000
v -28.0000 -1.2728 1.2728
v -28.9000 -1.2728 0.9000
v -29.2728 -1.2728 0.0000
v -28.9000 -1.2728 -0.9000
v -28.0000 -1.2728 -1.2728
v -27.1000 -1.2728 -0.9000
v -28.0000 -1.8000 0.0000
v -28.0000 -1.8000 0.0000
v -28.0000 -1.8000 0.0000
v -28.0000 -1.8000 0.0000
v -28.0000 -1.8000 0.0000
v -28.0000 -1.8000 0.0000
v -28.0000 -1.8000 0.0000
v -28.0000 -1.8000 0.0000
v -19.7990 21.5990 0.0000
v -19.7990 21.5990 0.0000
v -19.7990 21.5990 0.0000
v -19.7990 21.5990 0.0000
v -19.7990 21.5990 0.0000
v -19.7990 21.5990 0.0000
v -19.7990 21.5990 0.0000
v -19.7990 21.5990 0.0000
v -18.5262 21.0718 0.0000
v -18.8990 21.0718 0.9000
v -19.7990 21.0718 1.2728
v -20.6990 21.0718 0.9000
v -21.0718 21.0718 0.0000
v -20.6990 21.0718 -0.9000
v -19.7990 21.0718 -1.2728
v -18.8990 21.0718 -0.9000
v -17.9990 19.7990 0.0000
v -18.5262 19.7990 1.2728
v -19.7990 19.7990 1.8000
v -21.0718 19.7990 1.2728
v -21.5990 19.7990 0.0000
v -21.0718 19.7990 -1.2728
v -19.7990 19.7990 -1.8000
v -18.5262 19.7990 -1.2728
v -18.5262 18.5262 0.0000
v -18.8990 18.5262 0.9000
v -19.7990 18.5262 1.2728
v -20.6990 18.5262 0.9000
v -21.0718 18.5262 0.0000
v -20.6990 18.5262 -0.9000
v -19.7990 18.5262 -1.2728
v -18.8990 18.5262 -0.9000
v -19.7990 17.9990 0.0000
v -19.7990 17.9990 0.0000
v -19.7990 17.9990 0.0000
v -19.7990 17.9990 0.0000
v -19.7990 17.9990 0.0000
v -19.7990 17.9990 0.0000
v -19.7990 17.9990 0.0000
v -19.7990 17.9990 0.0000
v -0.0000 29.8000 0.0000
v -0.0000 29.8000 0.0000
v -0.0000 29.8000 0.0000
v -0.0000 29.8000 0.0000
v -0.0000 29.8000 0.0000
v -0.0000 29.8000 0.0000
v -0.0000 29.8000 0.0000
v -0.0000 29.8000 0.0000
v 1.2728 29.2728 0.0000
v 0.9000 29.2728 0.9000
v -0.0000 29.2728 1.2728
v -0.9000 29.2728 0.9000
v -1.2728 29.2728 0.0000
v -0.9000 29.2728 -0.9000
v -0.0000 29.2728 -1.2728
v 0.9000 29.2728 -0.9000
v 1.8000 28.0000 0.0000
v 1.2728 28.0000 1.2728
v -0.0000 28.0000 1.8000
v -1.2728 28.0000 1.2728
v -1.8000 28.0000 0.0000
v -1.2728 28.0000 -1.2728
v -0.0000 28.0000 -1.8000
v 1.2728 28.0000 -1.2728
v 1.2728 26.7272 0.0000
v 0.9000 26.7272 0.9000
v -0.0000 26.7272 1.2728
v -0.9000 26.7272 0.9000
v -1.2728 26.7272 0.0000
v -0.9000 26.7272 -0.9000
v -0.0000 26.7272 -1.2728
v 0.9000 26.7272 -0.9000
v -0.0000 26.2000 0.0000
v -0.0000 26.2000 0.0000
v -0.0000 26.2000 0.0000
v -0.0000 26.2000 0.0000
v -0.0000 26.2000 0.0000
v -0.0000 26.2000 0.0000
v -0.0000 26.2000 0.0000
v -0.0000 26.2000 0.0000
v 19.7990 21.5990 0.0000
v 19.7990 21.5990 0.0000
v 19.7990 21.5990 0.0000
v 19.7990 21.5990 0.0000
v 19.7990 21.5990 0.0000
v 19.7990 21.5990 0.0000
v 19.7990 21.5990 0.0000
v 19.7990 21.5990 0.0000
v 21.0718 21.0718 0.0000
v 20.6990 21.0718 0.9000
v 19.7990 21.0718 1.2728
v 18.8990 21.0718 0.9000
v 18.5262 21.0718 0.0000
v 18.8990 21.0718 -0.9000
v 19.7990 21.0718 -1.2728
v 20.6990 21.0718 -0.9000
v 21.5990 19.7990 0.0000
v 21.0718 19.7990 1.2728
v 19.7990 19.7990 1.8000
v 18.5262 19.7990 1.2728
v 17.9990 19.7990 0.0000
v 18.5262 19.7990 -1.2728
v 19.7990 19.7990 -1.8000
v 21.0718 19.7990 -1.2728
v 21.0718 18.5262 0.0000
v 20.6990 18.5262 0.9000
v 19.7990 18.5262 1.2728
v 18.8990 18.5262 0.9000
v 18.5262 18.5262 0.0000
v 18.8990 18.5262 -0.9000
v 19.7990 18.5262 -1.2728
v 20.6990 18.5262 -0.9000
v 19.7990 17.9990 0.0000
v 19.7990 17.9990 0.0000
v 19.7990 17.9990 0.0000
v 19.7990 17.9990 0.0000
v 19.7990 17.9990 0.0000
v 19.7990 17.9990 0.0000
v 19.7990 17.9990 0.0000
v 19.7990 17.9990 0.0000
v 28.0000 0.0000 -1.6000
v 26.6262 -0.1809 -0.8000
v 26.6262 -0.1809 0.8000
v 28.0000 -0.0000 1.6000
v 29.3738 0.1809 0.8000
v 29.3738 0.1809 -0.8000
v 27.0459 7.2469 -1.6000
v 25.6721 7.0661 -0.8000
v 25.6721 7.0661 0.8000
v 27.0459 7.2469 1.6000
v 28.4197 7.4278 0.8000
v 28.4197 7.4278 -0.8000
v 28.0000 0.0000 0.0000
v 27.0459 7.2469 0.0000
v 27.0459 7.2469 -1.6000
v 25.7658 6.7167 -0.8000
v 25.7658 6.7167 0.8000
v 27.0459 7.2469 1.6000
v 28.3261 7.7772 0.8000
v 28.3261 7.7772 -0.8000
v 24.2487 14.0000 -1.6000
v 22.9685 13.4697 -0.8000
v 22.9685 13.4697 0.8000
v 24.2487 14.0000 1.6000
v 25.5289 14.5303 0.8000
v 25.5289 14.5303 -0.8000
v 27.0459 7.2469 0.0000
v 24.2487 14.0000 0.0000
v 24.2487 14.0000 -1.6000
v 23.1494 13.1565 -0.8000
v 23.1494 13.1565 0.8000
v 24.2487 14.0000 1.6000
v 25.3480 14.8435 0.8000
v 25.3480 14.8435 -0.8000
v 19.7990 19.7990 -1.6000
v 18.6997 18.9555 -0.8000
v 18.6997 18.9555 0.8000
v 19.7990 19.7990 1.6000
v 20.8983 20.6425 0.8000
v 20.8983 20.6425 -0.8000
v 24.2487 14.0000 0.0000
v 19.7990 19.7990 0.0000
v 19.7990 19.7990 -1.6000
v 18.9555 18.6997 -0.8000
v 18.9555 18.6997 0.8000
v 19.7990 19.7990 1.6000
v 20.6425 20.8983 0.8000
v 20.6425 20.8983 -0.8000
v 14.0000 24.2487 -1.6000
v 13.1565 23.1494 -0.8000
v 13.1565 23.1494 0.8000
v 14.0000 24.2487 1.6000
v 14.8435 25.3480 0.8000
v 14.8435 25.3480 -0.8000
v 19.7990 19.7990 0.0000
v 14.0000 24.2487 0.0000
v 14.0000 24.2487 -1.6000
v 13.4697 22.9685 -0.8000
v 13.4697 22.9685 0.8000
v 14.0000 24.2487 1.6000
v 14.5303 25.5289 0.8000
v 14.5303 25.5289 -0.8000
v 7.2469 27.0459 -1.6000
v 6.7167 25.7658 -0.8000
v 6.7167 25.7658 0.8000
v 7.2469 27.0459 1.6000
v 7.7772 28.3261 0.8000
v 7.7772 28.3261 -0.8000
v 14.0000 24.2487 0.0000
v 7.2469 27.0459 0.0000
v 7.2469 27.0459 -1.6000
v 7.0661 25.6721 -0.8000
v 7.0661 25.6721 0.8000
v 7.2469 27.0459 1.6000
v 7.4278 28.4197 0.8000
v 7.4278 28.4197 -0.8000
v 0.0000 28.0000 -1.6000
v -0.1809 26.6262 -0.8000
v -0.1809 26.6262 0.8000
v 0.0000 28.0000 1.6000
v 0.1809 29.3738 0.8000
v 0.1809 29.3738 -0.8000
v 7.2469 27.0459 0.0000
v 0.0000 28.0000 0.0000
v 0.0000 28.0000 -1.6000
v 0.1809 26.6262 -0.8000
v 0.1809 26.6262 0.8000
v 0.0000 28.0000 1.6000
v -0.1809 29.3738 0.8000
v -0.1809 29.3738 -0.8000
v -7.2469 27.0459 -1.6000
v -7.0661 25.6721 -0.8000
v -7.0661 25.6721 0.8000
v -7.2469 27.0459 1.6000
v -7.4278 28.4197 0.8000
v -7.4278 28.4197 -0.8000
v 0.0000 28.0000 0.0000
v -7.2469 27.0459 0.0000
v -7.2469 27.0459 -1.6000
v -6.7167 25.7658 -0.8000
v -6.7167 25.7658 0.8000
v -7.2469 27.0459 1.6000
v -7.7772 28.3261 0.8000
v -7.7772 28.3261 -0.8000
v -14.0000 24.2487 -1.6000
v -13.4697 22.9685 -0.8000
v -13.4697 22.9685 0.8000
v -14.0000 24.2487 1.6000
v -14.5303 25.5289 0.8000
v -14.5303 25.5289 -0.8000
v -7.2469 27.0459 0.0000
v -14.0000 24.2487 0.0000
v -14.0000 24.2487 -1.6000
v -13.1565 23.1494 -0.8000
v -13.1565 23.1494 0.8000
v -14.0000 24.2487 1.6000
v -14.8435 25.3480 0.8000
v -14.8435 25.3480 -0.8000
v -19.7990 19.7990 -1.6000
v -18.9555 18.6997 -0.8000
v -18.9555 18.6997 0.8000
v -19.7990 19.7990 1.6000
v -20.6425 20.8983 0.8000
v -20.6425 20.8983 -0.8000
v -14.0000 24.2487 0.0000
v -19.7990 19.7990 0.0000
v -19.7990 19.7990 -1.6000
v -18.6997 18.9555 -0.8000
v -18.6997 18.9555 0.8000
v -19.7990 19.7990 1.6000
v -20.8983 20.6425 0.8000
v -20.8983 20.6425 -0.8000
v -24.2487 14.0000 -1.6000
v -23.1494 13.1565 -0.8000
v -23.1494 13.1565 0.8000
v -24.2487 14.0000 1.6000
v -25.3480 14.8435 0.8000
v -25.3480 14.8435 -0.8000
v -19.7990 19.7990 0.0000
v -24.2487 14.0000 0.0000
v -24.2487 14.0000 1.6000
v -25.5289 14.5303 0.8000
v -25.5289 14.5303 -0.8000
v -24.2487 14.0000 -1.6000
v -22.9685 13.4697 -0.8000
v -22.9685 13.4697 0.8000
v -27.0459 7.2469 1.6000
v -28.3261 7.7772 0.8000
v -28.3261 7.7772 -0.8000
v -27.0459 7.2469 -1.6000
v -25.7658 6.7167 -0.8000
v -25.7658 6.7167 0.8000
v -24.2487 14.0000 0.0000
v -27.0459 7.2469 0.0000
v -27.0459 7.2469 1.6000
v -28.4197 7.4278 0.8000
v -28.4197 7.4278 -0.8000
v -27.0459 7.2469 -1.6000
v -25.6721 7.0661 -0.8000
v -25.6721 7.0661 0.8000
v -28.0000 0.0000 1.6000
v -29.3738 0.1809 0.8000
v -29.3738 0.1809 -0.8000
v -28.0000 0.0000 -1.6000
v -26.6262 -0.1809 -0.8000
v -26.6262 -0.1809 0.8000
v -27.0459 7.2469 0.0000
v -28.0000 0.0000 0.0000
v -28.0000 0.0000 1.6000
v -29.3738 -0.1809 0.8000
v -29.3738 -0.1809 -0.8000
v -28.0000 0.0000 -1.6000
v -26.6262 0.1809 -0.8000
v -26.6262 0.1809 0.8000
v -27.0459 -7.2469 1.6000
v -28.4197 -7.4278 0.8000
v -28.4197 -7.4278 -0.8000
v -27.0459 -7.2469 -1.6000
v -25.6721 -7.0661 -0.8000
v -25.6721 -7.0661 0.8000
v -28.0000 0.0000 0.0000
v -27.0459 -7.2469 0.0000
v -27.0459 -7.2469 1.6000
v -28.3261 -7.7772 0.8000
v -28.3261 -7.7772 -0.8000
v -27.0459 -7.2469 -1.6000
v -25.7658 -6.7167 -0.8000
v -25.7658 -6.7167 0.8000
v -24.2487 -14.0000 1.6000
v -25.5289 -14.5303 0.8000
v -25.5289 -14.5303 -0.8000
v -24.2487 -14.0000 -1.6000
v -22.9685 -13.4697 -0.8000
v -22.9685 -13.4697 0.8000
v -27.0459 -7.2469 0.0000
v -24.2487 -14.0000 0.0000
v -24.2487 -14.0000 1.6000
v -25.3480 -14.8435 0.8000
v -25.3480 -14.8435 -0.8000
v -24.2487 -14.0000 -1.6000
v -23.1494 -13.1565 -0.8000
v -23.1494 -13.1565 0.8000
v -19.7990 -19.7990 1.6000
v -20.8983 -20.6425 0.8000
v -20.8983 -20.6425 -0.8000
v -19.7990 -19.7990 -1.6000
v -18.6997 -18.9555 -0.8000
v -18.6997 -18.9555 0.8000
v -24.2487 -14.0000 0.0000
v -19.7990 -19.7990 0.0000
v -19.7990 -19.7990 1.6000
v -20.6425 -20.8983 0.8000
v -20.6425 -20.8983 -0.8000
v -19.7990 -19.7990 -1.6000
v -18.9555 -18.6997 -0.8000
v -18.9555 -18.6997 0.8000
v -14.0000 -24.2487 1.6000
v -14.8435 -25.3480 0.8000
v -14.8435 -25.3480 -0.8000
v -14.0000 -24.2487 -1.6000
v -13.1565 -23.1494 -0.8000
v -13.1565 -23.1494 0.8000
v -19.7990 -19.7990 0.0000
v -14.0000 -24.2487 0.0000
v -14.0000 -24.2487 1.6000
v -14.5303 -25.5289 0.8000
v -14.5303 -25.5289 -0.8000
v -14.0000 -24.2487 -1.6000
v -13.4697 -22.9685 -0.8000
v -13.4697 -22.9685 0.8000
v -7.2469 -27.0459 1.6000
v -7.7772 -28.3261 0.8000
v -7.7772 -28.3261 -0.8000
v -7.2469 -27.0459 -1.6000
v -6.7167 -25.7658 -0.8000
v -6.7167 -25.7658 0.8000
v -14.0000 -24.2487 0.0000
v -7.2469 -27.0459 0.0000
v -7.2469 -27.0459 1.6000
v -7.4278 -28.4197 0.8000
v -7.4278 -28.4197 -0.8000
v -7.2469 -27.0459 -1.6000
v -7.0661 -25.6721 -0.8000
v -7.0661 -25.6721 0.8000
v -0.0000 -28.0000 1.6000
v -0.1809 -29.3738 0.8000
v -0.1809 -29.3738 -0.8000
v -0.0000 -28.0000 -1.6000
v 0.1809 -26.6262 -0.8000
v 0.1809 -26.6262 0.8000
v -7.2469 -27.0459 0.0000
v -0.0000 -28.0000 0.0000
v -0.0000 -28.0000 1.6000
v 0.1809 -29.3738 0.8000
v 0.1809 -29.3738 -0.8000
v -0.0000 -28.0000 -1.6000
v -0.1809 -26.6262 -0.8000
v -0.1809 -26.6262 0.8000
v 7.2469 -27.0459 1.6000
v 7.4278 -28.4197 0.8000
v 7.4278 -28.4197 -0.8000
v 7.2469 -27.0459 -1.6000
v 7.0661 -25.6721 -0.8000
v 7.0661 -25.6721 0.8000
v -0.0000 -28.0000 0.0000
v 7.2469 -27.0459 0.0000
v 7.2469 -27.0459 1.6000
v 7.7772 -28.3261 0.8000
v 7.7772 -28.3261 -0.8000
v 7.2469 -27.0459 -1.6000
v 6.7167 -25.7658 -0.8000
v 6.7167 -25.7658 0.8000
v 14.0000 -24.2487 1.6000
v 14.5303 -25.5289 0.8000
v 14.5303 -25.5289 -0.8000
v 14.0000 -24.2487 -1.6000
v 13.4697 -22.9685 -0.8000
v 13.4697 -22.9685 0.8000
v 7.2469 -27.0459 0.0000
v 14.0000 -24.2487 0.0000
v 14.0000 -24.2487 1.6000
v 14.8435 -25.3480 0.8000
v 14.8435 -25.3480 -0.8000
v 14.0000 -24.2487 -1.6000
v 13.1565 -23.1494 -0.8000
v 13.1565 -23.1494 0.8000
v 19.7990 -19.7990 1.6000
v 20.6425 -20.8983 0.8000
v 20.6425 -20.8983 -0.8000
v 19.7990 -19.7990 -1.6000
v 18.9555 -18.6997 -0.8000
v 18.9555 -18.6997 0.8000
v 14.0000 -24.2487 0.0000
v 19.7990 -19.7990 0.0000
v 19.7990 -19.7990 1.6000
v 20.8983 -20.6425 0.8000
v 20.8983 -20.6425 -0.8000
v 19.7990 -19.7990 -1.6000
v 18.6997 -18.9555 -0.8000
v 18.6997 -18.9555 0.8000
v 24.2487 -14.0000 1.6000
v 25.3480 -14.8435 0.8000
v 25.3480 -14.8435 -0.8000
v 24.2487 -14.0000 -1.6000
v 23.1494 -13.1565 -0.8000
v 23.1494 -13.1565 0.8000
v 19.7990 -19.7990 0.0000
v 24.2487 -14.0000 0.0000
v 24.2487 -14.0000 -1.6000
v 22.9685 -13.4697 -0.8000
v 22.9685 -13.4697 0.8000
v 24.2487 -14.0000 1.6000
v 25.5289 -14.5303 0.8000
v 25.5289 -14.5303 -0.8000
v 27.0459 -7.2469 -1.6000
v 25.7658 -6.7167 -0.8000
v 25.7658 -6.7167 0.8000
v 27.0459 -7.2469 1.6000
v 28.3261 -7.7772 0.8000
v 28.3261 -7.7772 -0.8000
v 24.2487 -14.0000 0.0000
v 27.0459 -7.2469 0.0000
v 27.0459 -7.2469 -1.6000
v 25.6721 -7.0661 -0.8000
v 25.6721 -7.0661 0.8000
v 27.0459 -7.2469 1.6000
v 28.4197 -7.4278 0.8000
v 28.4197 -7.4278 -0.8000
v 28.0000 0.0000 -1.6000
v 26.6262 0.1809 -0.8000
v 26.6262 0.1809 0.8000
v 28.0000 0.0000 1.6000
v 29.3738 -0.1809 0.8000
v 29.3738 -0.1809 -0.8000
v 27.0459 -7.2469 0.0000
v 28.0000 0.0000 0.0000
v -2.0000 0.0000 -50.7150
v -1.7321 -1.0000 -50.7150
v -1.0000 -1.7321 -50.7150
v -0.0000 -2.0000 -50.7150
v 1.0000 -1.7321 -50.7150
v 1.7321 -1.0000 -50.7150
v 2.0000 -0.0000 -50.7150
v 1.7321 1.0000 -50.7150
v 1.0000 1.7321 -50.7150
v 0.0000 2.0000 -50.7150
v -1.0000 1.7321 -50.7150
v -1.7321 1.0000 -50.7150
v -2.0000 0.0000 50.7150
v -1.7321 -1.0000 50.7150
v -1.0000 -1.7321 50.7150
v -0.0000 -2.0000 50.7150
v 1.0000 -1.7321 50.7150
v 1.7321 -1.0000 50.7150
v 2.0000 -0.0000 50.7150
v 1.7321 1.0000 50.7150
v 1.0000 1.7321 50.7150
v 0.0000 2.0000 50.7150
v -1.0000 1.7321 50.7150
v -1.7321 1.0000 50.7150
v 0.0000 0.0000 -50.7150
v 0.0000 0.0000 50.7150
v -19.0000 0.0000 -50.7150
v -17.5537 -7.2710 -50.7150
v -13.4350 -13.4350 -50.7150
v -7.2710 -17.5537 -50.7150
v -0.0000 -19.0000 -50.7150
v 7.2710 -17.5537 -50.7150
v 13.4350 -13.4350 -50.7150
v 17.5537 -7.2710 -50.7150
v 19.0000 -0.0000 -50.7150
v 17.5537 7.2710 -50.7150
v 13.4350 13.4350 -50.7150
v 7.2710 17.5537 -50.7150
v 0.0000 19.0000 -50.7150
v -7.2710 17.5537 -50.7150
v -13.4350 13.4350 -50.7150
v -17.5537 7.2710 -50.7150
v -19.0000 0.0000 -38.7150
v -17.5537 -7.2710 -38.7150
v -13.4350 -13.4350 -38.7150
v -7.2710 -17.5537 -38.7150
v -0.0000 -19.0000 -38.7150
v 7.2710 -17.5537 -38.7150
v 13.4350 -13.4350 -38.7150
v 17.5537 -7.2710 -38.7150
v 19.0000 -0.0000 -38.7150
v 17.5537 7.2710 -38.7150
v 13.4350 13.4350 -38.7150
v 7.2710 17.5537 -38.7150
v 0.0000 19.0000 -38.7150
v -7.2710 17.5537 -38.7150
v -13.4350 13.4350 -38.7150
v -17.5537 7.2710 -38.7150
v 0.0000 0.0000 -50.7150
v 0.0000 0.0000 -38.7150
v -19.0000 0.0000 38.7150
v -17.5537 -7.2710 38.7150
v -13.4350 -13.4350 38.7150
v -7.2710 -17.5537 38.7150
v -0.0000 -19.0000 38.7150
v 7.2710 -17.5537 38.7150
v 13.4350 -13.4350 38.7150
v 17.5537 -7.2710 38.7150
v 19.0000 -0.0000 38.7150
v 17.5537 7.2710 38.7150
v 13.4350 13.4350 38.7150
v 7.2710 17.5537 38.7150
v 0.0000 19.0000 38.7150
v -7.2710 17.5537 38.7150
v -13.4350 13.4350 38.7150
v -17.5537 7.2710 38.7150
v -19.0000 0.0000 50.7150
v -17.5537 -7.2710 50.7150
v -13.4350 -13.4350 50.7150
v -7.2710 -17.5537 50.7150
v -0.0000 -19.0000 50.7150
v 7.2710 -17.5537 50.7150
v 13.4350 -13.4350 50.7150
v 17.5537 -7.2710 50.7150
v 19.0000 -0.0000 50.7150
v 17.5537 7.2710 50.7150
v 13.4350 13.4350 50.7150
v 7.2710 17.5537 50.7150
v 0.0000 19.0000 50.7150
v -7.2710 17.5537 50.7150
v -13.4350 13.4350 50.7150
v -17.5537 7.2710 50.7150
v 0.0000 0.0000 38.7150
v 0.0000 0.0000 50.7150
v 7.0000 0.3918 -39.8492
v 5.9700 0.0654 -39.3272
v 5.9700 -0.3265 -38.1930
v 7.0000 -0.3918 -37.5808
v 8.0300 -0.0654 -38.1028
v 8.0300 0.3265 -39.2370
v 6.4701 4.1273 -38.5587
v 5.4401 3.8009 -38.0367
v 5.4401 3.4091 -36.9025
v 6.4701 3.3437 -36.2903
v 7.5001 3.6701 -36.8123
v 7.5001 4.0620 -37.9465
v 7.0000 0.0000 -38.7150
v 6.4701 3.7355 -37.4245
v 5.9196 3.7355 -38.4908
v 5.5069 3.0422 -37.6025
v 6.0574 3.0422 -36.5362
v 7.0206 3.7355 -36.3582
v 7.4332 4.4288 -37.2465
v 6.8828 4.4288 -38.3128
v 3.4199 6.8769 -37.2003
v 3.0072 6.1836 -36.3120
v 3.5577 6.1836 -35.2457
v 4.5209 6.8769 -35.0677
v 4.9335 7.5702 -35.9560
v 4.3830 7.5702 -37.0223
v 6.4701 3.7355 -37.4245
v 3.9704 6.8769 -36.1340
v 3.5994 6.8769 -37.2752
v 3.4446 5.9012 -36.5940
v 3.8156 5.9012 -35.4528
v 4.3413 6.8769 -34.9928
v 4.4961 7.8526 -35.6740
v 4.1252 7.8526 -36.8152
v -0.3709 8.4079 -35.9847
v -0.5258 7.4322 -35.3035
v -0.1548 7.4322 -34.1623
v 0.3709 8.4079 -33.7023
v 0.5258 9.3836 -34.3835
v 0.1548 9.3836 -35.5247
v 3.9704 6.8769 -36.1340
v 0.0000 8.4079 -34.8435
v -0.3352 8.4079 -35.9957
v -0.0129 7.3813 -35.4646
v 0.3224 7.3813 -34.3124
v 0.3352 8.4079 -33.6913
v 0.0129 9.4346 -34.2224
v -0.3224 9.4346 -35.3746
v -4.7708 7.6827 -34.7052
v -4.4485 6.6560 -34.1741
v -4.1132 6.6560 -33.0219
v -4.1004 7.6827 -32.4008
v -4.4227 8.7093 -32.9319
v -4.7580 8.7093 -34.0841
v 0.0000 8.4079 -34.8435
v -4.4356 7.6827 -33.5530
v -4.8362 7.6827 -34.6842
v -4.0331 6.8635 -34.3321
v -3.6325 6.8635 -33.2009
v -4.0350 7.6827 -32.4218
v -4.8381 8.5018 -32.7739
v -5.2387 8.5018 -33.9051
v -8.4801 4.6647 -33.3937
v -7.6769 3.8455 -33.0416
v -7.2763 3.8455 -31.9104
v -7.6789 4.6647 -31.1313
v -8.4820 5.4838 -31.4834
v -8.8826 5.4838 -32.6146
v -4.4356 7.6827 -33.5530
v -8.0795 4.6647 -32.2625
v -8.0795 4.9847 -31.1059
v -9.0599 5.1569 -31.7761
v -9.0599 4.8369 -32.9327
v -8.0795 4.3447 -33.4191
v -7.0991 4.1725 -32.7489
v -7.0991 4.4924 -31.5923
v -9.7812 0.3200 -29.8154
v -10.7616 0.4922 -30.4856
v -10.7616 0.1722 -31.6422
v -9.7812 -0.3200 -32.1286
v -8.8008 -0.4922 -31.4584
v -8.8008 -0.1722 -30.3018
v -8.0795 4.6647 -32.2625
v -9.7812 0.0000 -30.9720
v -9.7812 0.2937 -29.8085
v -10.8047 -0.0274 -30.3463
v -10.8047 -0.3211 -31.5098
v -9.7812 -0.2937 -32.1355
v -8.7576 0.0274 -31.5977
v -8.7576 0.3211 -30.4342
v -8.8554 -4.8190 -28.5180
v -9.8790 -5.1401 -29.0558
v -9.8790 -5.4337 -30.2193
v -8.8554 -5.4063 -30.8450
v -7.8318 -5.0853 -30.3072
v -7.8318 -4.7916 -29.1437
v -9.7812 0.0000 -30.9720
v -8.8554 -5.1127 -29.6815
v -9.2679 -5.1127 -28.5546
v -9.7830 -5.8126 -29.3821
v -9.3705 -5.8126 -30.5090
v -8.4428 -5.1127 -30.8084
v -7.9278 -4.4127 -29.9809
v -8.3403 -4.4127 -28.8540
v -5.7429 -9.2324 -27.2641
v -6.2579 -9.9323 -28.0916
v -5.8454 -9.9323 -29.2185
v -4.9178 -9.2324 -29.5179
v -4.4027 -8.5324 -28.6904
v -4.8152 -8.5324 -27.5635
v -8.8554 -5.1127 -29.6815
v -5.3303 -9.2324 -28.3910
v -5.6127 -9.2324 -27.2247
v -5.7949 -10.2169 -27.8861
v -5.5125 -10.2169 -29.0524
v -5.0479 -9.2324 -29.5573
v -4.8657 -8.2479 -28.8959
v -5.1481 -8.2479 -27.7296
v -0.2824 -11.0859 -25.9342
v -0.4646 -12.0704 -26.5956
v -0.1822 -12.0704 -27.7619
v 0.2824 -11.0859 -28.2668
v 0.4646 -10.1014 -27.6054
v 0.1822 -10.1014 -26.4391
v -5.3303 -9.2324 -28.3910
v -0.0000 -11.0859 -27.1005
v -0.2628 -11.0859 -25.9296
v 0.0590 -12.1067 -26.4723
v 0.3218 -12.1067 -27.6432
v 0.2628 -11.0859 -28.2714
v -0.0590 -10.0652 -27.7287
v -0.3218 -10.0652 -26.5578
v 5.4872 -9.9593 -24.6391
v 5.8090 -10.9800 -25.1818
v 6.0718 -10.9800 -26.3527
v 6.0128 -9.9593 -26.9809
v 5.6910 -8.9385 -26.4382
v 5.4282 -8.9385 -25.2673
v -0.0000 -11.0859 -27.1005
v 5.7500 -9.9593 -25.8100
v 5.4230 -9.9593 -24.6554
v 6.2325 -10.7526 -25.0498
v 6.5594 -10.7526 -26.2044
v 6.0770 -9.9593 -26.9646
v 5.2675 -9.1660 -26.5702
v 4.9406 -9.1660 -25.4156
v 9.9803 -5.9509 -23.3649
v 10.7897 -6.7442 -23.7593
v 11.1166 -6.7442 -24.9139
v 10.6342 -5.9509 -25.6741
v 9.8247 -5.1576 -25.2797
v 9.4978 -5.1576 -24.1251
v 5.7500 -9.9593 -25.8100
v 10.3072 -5.9509 -24.5195
v 10.3072 -5.6966 -25.6922
v 9.3191 -5.5092 -25.0377
v 9.3191 -5.7636 -23.8649
v 10.3072 -6.2052 -23.3468
v 11.2954 -6.3925 -24.0013
v 11.2954 -6.1382 -25.1741
v 12.2901 0.2543 -24.4017
v 11.3019 0.4416 -23.7472
v 11.3019 0.1873 -22.5744
v 12.2901 -0.2543 -22.0563
v 13.2782 -0.4416 -22.7108
v 13.2782 -0.1873 -23.8836
v 10.3072 -5.9509 -24.5195
v 12.2901 -0.0000 -23.2290
v 12.2901 0.2396 -24.4048
v 11.2719 -0.0844 -23.8585
v 11.2719 -0.3240 -22.6827
v 12.2901 -0.2396 -22.0532
v 13.3082 0.0844 -22.5995
v 13.3082 0.3240 -23.7753
v 10.9672 6.5716 -23.1143
v 9.9491 6.2475 -22.5680
v 9.9491 6.0079 -21.3922
v 10.9672 6.0923 -20.7627
v 11.9854 6.4163 -21.3090
v 11.9854 6.6560 -22.4848
v 12.2901 -0.0000 -23.2290
v 10.9672 6.3319 -21.9385
v 10.6334 6.3319 -23.0911
v 10.0723 5.6209 -22.3040
v 10.4061 5.6209 -21.1513
v 11.3010 6.3319 -20.7859
v 11.8622 7.0429 -21.5730
v 11.5284 7.0429 -22.7257
v 6.1773 11.2775 -21.8006
v 5.6162 10.5665 -21.0135
v 5.9500 10.5665 -19.8608
v 6.8449 11.2775 -19.4954
v 7.4060 11.9885 -20.2825
v 7.0722 11.9885 -21.4352
v 10.9672 6.3319 -21.9385
v 6.5111 11.2775 -20.6480
v 6.2778 11.2775 -21.8251
v 6.0888 10.2861 -21.1760
v 6.3221 10.2861 -19.9989
v 6.7444 11.2775 -19.4709
v 6.9334 12.2689 -20.1200
v 6.7001 12.2689 -21.2971
v -0.2333 13.3640 -20.5346
v -0.4223 12.3726 -19.8855
v -0.1890 12.3726 -18.7084
v 0.2333 13.3640 -18.1804
v 0.4223 14.3554 -18.8295
v 0.1890 14.3554 -20.0066
v 6.5111 11.2775 -20.6480
v 0.0000 13.3640 -19.3575
v -0.2223 13.3640 -20.5367
v 0.1051 12.3483 -19.9879
v 0.3275 12.3483 -18.8087
v 0.2223 13.3640 -18.1783
v -0.1051 14.3796 -18.7271
v -0.3275 14.3796 -19.9063
v -7.0665 11.8544 -19.2462
v -6.7390 10.8388 -18.6974
v -6.5167 10.8388 -17.5182
v -6.6218 11.8544 -16.8878
v -6.9493 12.8701 -17.4366
v -7.1716 12.8701 -18.6158
v 0.0000 13.3640 -19.3575
v -6.8442 11.8544 -18.0670
v -7.1293 11.8544 -19.2326
v -6.3138 11.0798 -18.8144
v -6.0286 11.0798 -17.6488
v -6.5590 11.8544 -16.9014
v -7.3745 12.6290 -17.3196
v -7.6597 12.6290 -18.4852
v -12.4046 6.9972 -17.9421
v -11.5890 6.2225 -17.5239
v -11.3039 6.2225 -16.3583
v -11.8343 6.9972 -15.6109
v -12.6498 7.7718 -16.0291
v -12.9350 7.7718 -17.1947
v -6.8442 11.8544 -18.0670
v -12.1194 6.9972 -16.7765
v -12.1194 7.2148 -15.5964
v -13.1138 7.4031 -16.2412
v -13.1138 7.1854 -17.4213
v -12.1194 6.7795 -17.9566
v -11.1251 6.5912 -17.3118
v -11.1251 6.8089 -16.1317
v -14.2812 0.2176 -14.3059
v -15.2755 0.4059 -14.9507
v -15.2755 0.1883 -16.1308
v -14.2812 -0.2176 -16.6661
v -13.2868 -0.4059 -16.0213
v -13.2868 -0.1883 -14.8412
v -12.1194 6.9972 -16.7765
v -14.2812 0.0000 -15.4860
v -14.2812 0.2096 -14.3045
v -15.2944 -0.1224 -14.8549
v -15.2944 -0.3320 -16.0365
v -14.2812 -0.2096 -16.6675
v -13.2679 0.1224 -16.1171
v -13.2679 0.3320 -14.9355
v -12.5990 -7.0644 -13.0140
v -13.6123 -7.3964 -13.5644
v -13.6123 -7.6060 -14.7460
v -12.5990 -7.4836 -15.3770
v -11.5857 -7.1516 -14.8266
v -11.5857 -6.9420 -13.6450
v -14.2812 0.0000 -15.4860
v -12.5990 -7.2740 -14.1955
v -12.8879 -7.2740 -13.0308
v -13.4683 -7.9967 -13.7930
v -13.1793 -7.9967 -14.9577
v -12.3100 -7.2740 -15.3602
v -11.7297 -6.5513 -14.5980
v -12.0186 -6.5513 -13.4333
v -7.6861 -12.8122 -11.7403
v -8.2664 -13.5349 -12.5025
v -7.9775 -13.5349 -13.6672
v -7.1082 -12.8122 -14.0697
v -6.5278 -12.0895 -13.3075
v -6.8168 -12.0895 -12.1428
v -12.5990 -7.2740 -14.1955
v -7.3971 -12.8122 -12.9050
v -7.6034 -12.8122 -11.7229
v -7.7889 -13.8092 -12.3643
v -7.5827 -13.8092 -13.5464
v -7.1909 -12.8122 -14.0871
v -7.0053 -11.8151 -13.4457
v -7.2116 -11.8151 -12.2636
v -0.2062 -15.0191 -10.4324
v -0.3918 -16.0161 -11.0738
v -0.1856 -16.0161 -12.2559
v 0.2062 -15.0191 -12.7966
v 0.3918 -14.0220 -12.1552
v 0.1856 -14.0220 -10.9731
v -7.3971 -12.8122 -12.9050
v -0.0000 -15.0191 -11.6145
v -0.2006 -15.0191 -10.4314
v 0.1368 -16.0301 -10.9827
v 0.3374 -16.0301 -12.1658
v 0.2006 -15.0191 -12.7976
v -0.1368 -14.0080 -12.2463
v -0.3374 -14.0080 -11.0632
v 7.4103 -13.1826 -9.1409
v 7.7478 -14.1936 -9.6922
v 7.9484 -14.1936 -10.8753
v 7.8116 -13.1826 -11.5071
v 7.4741 -12.1715 -10.9558
v 7.2735 -12.1715 -9.7727
v -0.0000 -15.0191 -11.6145
v 7.6110 -13.1826 -10.3240
v 7.3472 -13.1826 -9.1533
v 8.1709 -13.9422 -9.5828
v 8.4347 -13.9422 -10.7534
v 7.8747 -13.1826 -11.4947
v 7.0510 -12.4229 -11.0652
v 6.7872 -12.4229 -9.8946
v 13.0750 -7.7011 -7.8628
v 13.8987 -8.4607 -8.2923
v 14.1624 -8.4607 -9.4629
v 13.6025 -7.7011 -10.2042
v 12.7787 -6.9415 -9.7747
v 12.5150 -6.9415 -8.6041
v 7.6110 -13.1826 -10.3240
v 13.3387 -7.7011 -9.0335
v 13.3387 -7.5028 -10.2170
v 12.3391 -7.3216 -9.5783
v 12.3391 -7.5199 -8.3948
v 13.3387 -7.8994 -7.8500
v 14.3383 -8.0807 -8.4887
v 14.3383 -7.8823 -9.6722
v 15.5595 0.1983 -8.9265
v 14.5599 0.3795 -8.2878
v 14.5599 0.1812 -7.1043
v 15.5595 -0.1983 -6.5595
v 16.5591 -0.3795 -7.1982
v 16.5591 -0.1812 -8.3817
v 13.3387 -7.7011 -9.0335
v 15.5595 -0.0000 -7.7430
v 15.5595 0.1947 -8.9271
v 14.5507 -0.1491 -8.3756
v 14.5507 -0.3438 -7.1915
v 15.5595 -0.1947 -6.5589
v 16.5683 0.1491 -7.1104
v 16.5683 0.3438 -8.2945
v 13.5908 8.0414 -7.6366
v 12.5820 7.6976 -7.0851
v 12.5820 7.5029 -5.9010
v 13.5908 7.6519 -5.2684
v 14.5996 7.9957 -5.8199
v 14.5996 8.1905 -7.0040
v 15.5595 -0.0000 -7.7430
v 13.5908 7.8467 -6.4525
v 13.3254 7.8467 -7.6228
v 12.7411 7.1122 -6.8750
v 13.0066 7.1122 -5.7047
v 13.8563 7.8467 -5.2822
v 14.4405 8.5812 -6.0300
v 14.1751 8.5812 -7.2003
v 7.6362 13.6861 -6.3323
v 7.0519 12.9516 -5.5845
v 7.3174 12.9516 -4.4142
v 8.1671 13.6861 -3.9917
v 8.7514 14.4206 -4.7395
v 8.4859 14.4206 -5.9098
v 13.5908 7.8467 -6.4525
v 7.9017 13.6861 -5.1620
v 7.7082 13.6861 -6.3463
v 7.5328 12.6841 -5.7097
v 7.7263 12.6841 -4.5254
v 8.0951 13.6861 -3.9777
v 8.2705 14.6881 -4.6143
v 8.0771 14.6881 -5.7986
v -0.1934 15.8892 -5.0558
v -0.3688 14.8872 -4.4192
v -0.1754 14.8872 -3.2349
v 0.1934 15.8892 -2.6872
v 0.3688 16.8912 -3.3238
v 0.1754 16.8912 -4.5081
v 7.9017 13.6861 -5.1620
v 0.0000 15.8892 -3.8715
v -0.1917 15.8892 -5.0561
v 0.1594 14.8826 -4.5051
v 0.3511 14.8826 -3.3205
v 0.1917 15.8892 -2.6869
v -0.1594 16.8957 -3.2379
v -0.3511 16.8957 -4.4225
v -8.1670 13.8137 -3.7656
v -7.8159 12.8072 -3.2146
v -7.6243 12.8072 -2.0300
v -7.7837 13.8137 -1.3964
v -8.1348 14.8203 -1.9474
v -8.3264 14.8203 -3.1320
v 0.0000 15.8892 -3.8715
v -7.9753 13.8137 -2.5810
v -8.2330 13.8137 -3.7530
v -7.3981 13.0671 -3.3222
v -7.1405 13.0671 -2.1502
v -7.7177 13.8137 -1.4090
v -8.5526 14.5603 -1.8398
v -8.8102 14.5603 -3.0118
v -14.1034 7.9938 -2.4625
v -13.2685 7.2472 -2.0317
v -13.0109 7.2472 -0.8597
v -13.5881 7.9938 -0.1185
v -14.4230 8.7404 -0.5493
v -14.6806 8.7404 -1.7213
v -7.9753 13.8137 -2.5810
v -13.8457 7.9938 -1.2905
v -13.8457 8.1851 -0.1058
v -14.8500 8.3532 -0.7408
v -14.8500 8.1620 -1.9254
v -13.8457 7.8026 -2.4752
v -12.8414 7.6344 -1.8402
v -12.8414 7.8257 -0.6556
v -16.0000 0.1912 1.1847
v -17.0043 0.3594 0.5497
v -17.0043 0.1682 -0.6349
v -16.0000 -0.1912 -1.1847
v -14.9957 -0.3594 -0.5497
v -14.9957 -0.1682 0.6349
v -13.8457 7.9938 -1.2905
v -16.0000 0.0000 0.0000
v -16.0000 0.1912 1.1847
v -17.0043 -0.1682 0.6349
v -17.0043 -0.3594 -0.5497
v -16.0000 -0.1912 -1.1847
v -14.9957 0.1682 -0.6349
v -14.9957 0.3594 0.5497
v -13.8457 -7.8026 2.4752
v -14.8500 -8.1620 1.9254
v -14.8500 -8.3532 0.7408
v -13.8457 -8.1851 0.1058
v -12.8414 -7.8257 0.6556
v -12.8414 -7.6344 1.8402
v -16.0000 0.0000 0.0000
v -13.8457 -7.9938 1.2905
v -14.1034 -7.9938 2.4625
v -14.6806 -8.7404 1.7213
v -14.4230 -8.7404 0.5493
v -13.5881 -7.9938 0.1185
v -13.0109 -7.2472 0.8597
v -13.2685 -7.2472 2.0317
v -8.2330 -13.8137 3.7530
v -8.8102 -14.5603 3.0118
v -8.5526 -14.5603 1.8398
v -7.7177 -13.8137 1.4090
v -7.1405 -13.0671 2.1502
v -7.3981 -13.0671 3.3222
v -13.8457 -7.9938 1.2905
v -7.9753 -13.8137 2.5810
v -8.1670 -13.8137 3.7656
v -8.3264 -14.8203 3.1320
v -8.1348 -14.8203 1.9474
v -7.7837 -13.8137 1.3964
v -7.6243 -12.8072 2.0300
v -7.8159 -12.8072 3.2146
v -0.1917 -15.8892 5.0561
v -0.3511 -16.8957 4.4225
v -0.1594 -16.8957 3.2379
v 0.1917 -15.8892 2.6869
v 0.3511 -14.8826 3.3205
v 0.1594 -14.8826 4.5051
v -7.9753 -13.8137 2.5810
v -0.0000 -15.8892 3.8715
v -0.1934 -15.8892 5.0558
v 0.1754 -16.8912 4.5081
v 0.3688 -16.8912 3.3238
v 0.1934 -15.8892 2.6872
v -0.1754 -14.8872 3.2349
v -0.3688 -14.8872 4.4192
v 7.7082 -13.6861 6.3463
v 8.0771 -14.6881 5.7986
v 8.2705 -14.6881 4.6143
v 8.0951 -13.6861 3.9777
v 7.7263 -12.6841 4.5254
v 7.5328 -12.6841 5.7097
v -0.0000 -15.8892 3.8715
v 7.9017 -13.6861 5.1620
v 7.6362 -13.6861 6.3323
v 8.4859 -14.4206 5.9098
v 8.7514 -14.4206 4.7395
v 8.1671 -13.6861 3.9917
v 7.3174 -12.9516 4.4142
v 7.0519 -12.9516 5.5845
v 13.3254 -7.8467 7.6228
v 14.1751 -8.5812 7.2003
v 14.4405 -8.5812 6.0300
v 13.8563 -7.8467 5.2822
v 13.0066 -7.1122 5.7047
v 12.7411 -7.1122 6.8750
v 7.9017 -13.6861 5.1620
v 13.5908 -7.8467 6.4525
v 13.5908 -7.6519 5.2684
v 12.5820 -7.5029 5.9010
v 12.5820 -7.6976 7.0851
v 13.5908 -8.0414 7.6366
v 14.5996 -8.1905 7.0040
v 14.5996 -7.9957 5.8199
v 15.5595 0.1947 6.5589
v 14.5507 0.3438 7.1915
v 14.5507 0.1491 8.3756
v 15.5595 -0.1947 8.9271
v 16.5683 -0.3438 8.2945
v 16.5683 -0.1491 7.1104
v 13.5908 -7.8467 6.4525
v 15.5595 -0.0000 7.7430
v 15.5595 0.1983 6.5595
v 14.5599 -0.1812 7.1043
v 14.5599 -0.3795 8.2878
v 15.5595 -0.1983 8.9265
v 16.5591 0.1812 8.3817
v 16.5591 0.3795 7.1982
v 13.3387 7.8994 7.8500
v 12.3391 7.5199 8.3948
v 12.3391 7.3216 9.5783
v 13.3387 7.5028 10.2170
v 14.3383 7.8823 9.6722
v 14.3383 8.0807 8.4887
v 15.5595 -0.0000 7.7430
v 13.3387 7.7011 9.0335
v 13.0750 7.7011 7.8628
v 12.5150 6.9415 8.6041
v 12.7787 6.9415 9.7747
v 13.6025 7.7011 10.2042
v 14.1624 8.4607 9.4629
v 13.8987 8.4607 8.2923
v 7.3472 13.1826 9.1533
v 6.7872 12.4229 9.8946
v 7.0510 12.4229 11.0652
v 7.8747 13.1826 11.4947
v 8.4347 13.9422 10.7534
v 8.1709 13.9422 9.5828
v 13.3387 7.7011 9.0335
v 7.6110 13.1826 10.3240
v 7.4103 13.1826 9.1409
v 7.2735 12.1715 9.7727
v 7.4741 12.1715 10.9558
v 7.8116 13.1826 11.5071
v 7.9484 14.1936 10.8753
v 7.7478 14.1936 9.6922
v -0.2006 15.0191 10.4314
v -0.3374 14.0080 11.0632
v -0.1368 14.0080 12.2463
v 0.2006 15.0191 12.7976
v 0.3374 16.0301 12.1658
v 0.1368 16.0301 10.9827
v 7.6110 13.1826 10.3240
v -0.0000 15.0191 11.6145
v -0.2062 15.0191 10.4324
v 0.1856 14.0220 10.9731
v 0.3918 14.0220 12.1552
v 0.2062 15.0191 12.7966
v -0.1856 16.0161 12.2559
v -0.3918 16.0161 11.0738
v -7.6034 12.8122 11.7229
v -7.2116 11.8151 12.2636
v -7.0053 11.8151 13.4457
v -7.1909 12.8122 14.0871
v -7.5827 13.8092 13.5464
v -7.7889 13.8092 12.3643
v -0.0000 15.0191 11.6145
v -7.3971 12.8122 12.9050
v -7.6861 12.8122 11.7403
v -6.8168 12.0895 12.1428
v -6.5278 12.0895 13.3075
v -7.1082 12.8122 14.0697
v -7.9775 13.5349 13.6672
v -8.2664 13.5349 12.5025
v -12.8879 7.2740 13.0308
v -12.0186 6.5513 13.4333
v -11.7297 6.5513 14.5980
v -12.3100 7.2740 15.3602
v -13.1793 7.9967 14.9577
v -13.4683 7.9967 13.7930
v -7.3971 12.8122 12.9050
v -12.5990 7.2740 14.1955
v -12.5990 7.4836 15.3770
v -13.6123 7.6060 14.7460
v -13.6123 7.3964 13.5644
v -12.5990 7.0644 13.0140
v -11.5857 6.9420 13.6450
v -11.5857 7.1516 14.8266
v -14.2812 0.2096 16.6675
v -15.2944 0.3320 16.0365
v -15.2944 0.1224 14.8549
v -14.2812 -0.2096 14.3045
v -13.2679 -0.3320 14.9355
v -13.2679 -0.1224 16.1171
v -12.5990 7.2740 14.1955
v -14.2812 0.0000 15.4860
v -14.2812 0.2176 16.6661
v -15.2755 -0.1883 16.1308
v -15.2755 -0.4059 14.9507
v -14.2812 -0.2176 14.3059
v -13.2868 0.1883 14.8412
v -13.2868 0.4059 16.0213
v -12.1194 -6.7795 17.9566
v -13.1138 -7.1854 17.4213
v -13.1138 -7.4031 16.2412
v -12.1194 -7.2148 15.5964
v -11.1251 -6.8089 16.1317
v -11.1251 -6.5912 17.3118
v -14.2812 0.0000 15.4860
v -12.1194 -6.9972 16.7765
v -12.4046 -6.9972 17.9421
v -12.9350 -7.7718 17.1947
v -12.6498 -7.7718 16.0291
v -11.8343 -6.9972 15.6109
v -11.3039 -6.2225 16.3583
v -11.5890 -6.2225 17.5239
v -7.1293 -11.8544 19.2326
v -7.6597 -12.6290 18.4852
v -7.3745 -12.6290 17.3196
v -6.5590 -11.8544 16.9014
v -6.0286 -11.0798 17.6488
v -6.3138 -11.0798 18.8144
v -12.1194 -6.9972 16.7765
v -6.8442 -11.8544 18.0670
v -7.0665 -11.8544 19.2462
v -7.1716 -12.8701 18.6158
v -6.9493 -12.8701 17.4366
v -6.6218 -11.8544 16.8878
v -6.5167 -10.8388 17.5182
v -6.7390 -10.8388 18.6974
v -0.2223 -13.3640 20.5367
v -0.3275 -14.3796 19.9063
v -0.1051 -14.3796 18.7271
v 0.2223 -13.3640 18.1783
v 0.3275 -12.3483 18.8087
v 0.1051 -12.3483 19.9879
v -6.8442 -11.8544 18.0670
v -0.0000 -13.3640 19.3575
v -0.2333 -13.3640 20.5346
v 0.1890 -14.3554 20.0066
v 0.4223 -14.3554 18.8295
v 0.2333 -13.3640 18.1804
v -0.1890 -12.3726 18.7084
v -0.4223 -12.3726 19.8855
v 6.2778 -11.2775 21.8251
v 6.7001 -12.2689 21.2971
v 6.9334 -12.2689 20.1200
v 6.7444 -11.2775 19.4709
v 6.3221 -10.2861 19.9989
v 6.0888 -10.2861 21.1760
v -0.0000 -13.3640 19.3575
v 6.5111 -11.2775 20.6480
v 6.1773 -11.2775 21.8006
v 7.0722 -11.9885 21.4352
v 7.4060 -11.9885 20.2825
v 6.8449 -11.2775 19.4954
v 5.9500 -10.5665 19.8608
v 5.6162 -10.5665 21.0135
v 10.6334 -6.3319 23.0911
v 11.5284 -7.0429 22.7257
v 11.8622 -7.0429 21.5730
v 11.3010 -6.3319 20.7859
v 10.4061 -5.6209 21.1513
v 10.0723 -5.6209 22.3040
v 6.5111 -11.2775 20.6480
v 10.9672 -6.3319 21.9385
v 10.9672 -6.0923 20.7627
v 9.9491 -6.0079 21.3922
v 9.9491 -6.2475 22.5680
v 10.9672 -6.5716 23.1143
v 11.9854 -6.6560 22.4848
v 11.9854 -6.4163 21.3090
v 12.2901 0.2396 22.0532
v 11.2719 0.3240 22.6827
v 11.2719 0.0844 23.8585
v 12.2901 -0.2396 24.4048
v 13.3082 -0.3240 23.7753
v 13.3082 -0.0844 22.5995
v 10.9672 -6.3319 21.9385
v 12.2901 -0.0000 23.2290
v 12.2901 0.2543 22.0563
v 11.3019 -0.1873 22.5744
v 11.3019 -0.4416 23.7472
v 12.2901 -0.2543 24.4017
v 13.2782 0.1873 23.8836
v 13.2782 0.4416 22.7108
v 10.3072 6.2052 23.3468
v 9.3191 5.7636 23.8649
v 9.3191 5.5092 25.0377
v 10.3072 5.6966 25.6922
v 11.2954 6.1382 25.1741
v 11.2954 6.3925 24.0013
v 12.2901 -0.0000 23.2290
v 10.3072 5.9509 24.5195
v 9.9803 5.9509 23.3649
v 9.4978 5.1576 24.1251
v 9.8247 5.1576 25.2797
v 10.6342 5.9509 25.6741
v 11.1166 6.7442 24.9139
v 10.7897 6.7442 23.7593
v 5.4230 9.9593 24.6554
v 4.9406 9.1660 25.4156
v 5.2675 9.1660 26.5702
v 6.0770 9.9593 26.9646
v 6.5594 10.7526 26.2044
v 6.2325 10.7526 25.0498
v 10.3072 5.9509 24.5195
v 5.7500 9.9593 25.8100
v 5.4872 9.9593 24.6391
v 5.4282 8.9385 25.2673
v 5.6910 8.9385 26.4382
v 6.0128 9.9593 26.9809
v 6.0718 10.9800 26.3527
v 5.8090 10.9800 25.1818
v -0.2628 11.0859 25.9296
v -0.3218 10.0652 26.5578
v -0.0590 10.0652 27.7287
v 0.2628 11.0859 28.2714
v 0.3218 12.1067 27.6432
v 0.0590 12.1067 26.4723
v 5.7500 9.9593 25.8100
v -0.0000 11.0859 27.1005
v -0.2824 11.0859 25.9342
v 0.1822 10.1014 26.4391
v 0.4646 10.1014 27.6054
v 0.2824 11.0859 28.2668
v -0.1822 12.0704 27.7619
v -0.4646 12.0704 26.5956
v -5.6127 9.2324 27.2247
v -5.1481 8.2479 27.7296
v -4.8657 8.2479 28.8959
v -5.0479 9.2324 29.5573
v -5.5125 10.2169 29.0524
v -5.7949 10.2169 27.8861
v -0.0000 11.0859 27.1005
v -5.3303 9.2324 28.3910
v -5.7429 9.2324 27.2641
v -4.8152 8.5324 27.5635
v -4.4027 8.5324 28.6904
v -4.9178 9.2324 29.5179
v -5.8454 9.9323 29.2185
v -6.2579 9.9323 28.0916
v -9.2679 5.1127 28.5546
v -8.3403 4.4127 28.8540
v -7.9278 4.4127 29.9809
v -8.4428 5.1127 30.8084
v -9.3705 5.8126 30.5090
v -9.7830 5.8126 29.3821
v -5.3303 9.2324 28.3910
v -8.8554 5.1127 29.6815
v -8.8554 5.4063 30.8450
v -9.8790 5.4337 30.2193
v -9.8790 5.1401 29.0558
v -8.8554 4.8190 28.5180
v -7.8318 4.7916 29.1437
v -7.8318 5.0853 30.3072
v -9.7812 0.2937 32.1355
v -10.8047 0.3211 31.5098
v -10.8047 0.0274 30.3463
v -9.7812 -0.2937 29.8085
v -8.7576 -0.3211 30.4342
v -8.7576 -0.0274 31.5977
v -8.8554 5.1127 29.6815
v -9.7812 0.0000 30.9720
v -9.7812 0.3200 32.1286
v -10.7616 -0.1722 31.6422
v -10.7616 -0.4922 30.4856
v -9.7812 -0.3200 29.8154
v -8.8008 0.1722 30.3018
v -8.8008 0.4922 31.4584
v -8.0795 -4.3447 33.4191
v -9.0599 -4.8369 32.9327
v -9.0599 -5.1569 31.7761
v -8.0795 -4.9847 31.1059
v -7.0991 -4.4924 31.5923
v -7.0991 -4.1725 32.7489
v -9.7812 0.0000 30.9720
v -8.0795 -4.6647 32.2625
v -8.4801 -4.6647 33.3937
v -8.8826 -5.4838 32.6146
v -8.4820 -5.4838 31.4834
v -7.6789 -4.6647 31.1313
v -7.2763 -3.8455 31.9104
v -7.6769 -3.8455 33.0416
v -4.8362 -7.6827 34.6842
v -5.2387 -8.5018 33.9051
v -4.8381 -8.5018 32.7739
v -4.0350 -7.6827 32.4218
v -3.6325 -6.8635 33.2009
v -4.0331 -6.8635 34.3321
v -8.0795 -4.6647 32.2625
v -4.4356 -7.6827 33.5530
v -4.7708 -7.6827 34.7052
v -4.7580 -8.7093 34.0841
v -4.4227 -8.7093 32.9319
v -4.1004 -7.6827 32.4008
v -4.1132 -6.6560 33.0219
v -4.4485 -6.6560 34.1741
v -0.3352 -8.4079 35.9957
v -0.3224 -9.4346 35.3746
v 0.0129 -9.4346 34.2224
v 0.3352 -8.4079 33.6913
v 0.3224 -7.3813 34.3124
v -0.0129 -7.3813 35.4646
v -4.4356 -7.6827 33.5530
v -0.0000 -8.4079 34.8435
v -0.3709 -8.4079 35.9847
v 0.1548 -9.3836 35.5247
v 0.5258 -9.3836 34.3835
v 0.3709 -8.4079 33.7023
v -0.1548 -7.4322 34.1623
v -0.5258 -7.4322 35.3035
v 3.5994 -6.8769 37.2752
v 4.1252 -7.8526 36.8152
v 4.4961 -7.8526 35.6740
v 4.3413 -6.8769 34.9928
v 3.8156 -5.9012 35.4528
v 3.4446 -5.9012 36.5940
v -0.0000 -8.4079 34.8435
v 3.9704 -6.8769 36.1340
v 3.4199 -6.8769 37.2003
v 4.3830 -7.5702 37.0223
v 4.9335 -7.5702 35.9560
v 4.5209 -6.8769 35.0677
v 3.5577 -6.1836 35.2457
v 3.0072 -6.1836 36.3120
v 5.9196 -3.7355 38.4908
v 6.8828 -4.4288 38.3128
v 7.4332 -4.4288 37.2465
v 7.0206 -3.7355 36.3582
v 6.0574 -3.0422 36.5362
v 5.5069 -3.0422 37.6025
v 3.9704 -6.8769 36.1340
v 6.4701 -3.7355 37.4245
v 6.4701 -3.3437 36.2903
v 5.4401 -3.4091 36.9025
v 5.4401 -3.8009 38.0367
v 6.4701 -4.1273 38.5587
v 7.5001 -4.0620 37.9465
v 7.5001 -3.6701 36.8123
v 7.0000 0.3918 37.5808
v 5.9700 0.3265 38.1930
v 5.9700 -0.0654 39.3272
v 7.0000 -0.3918 39.8492
v 8.0300 -0.3265 39.2370
v 8.0300 0.0654 38.1028
v 6.4701 -3.7355 37.4245
v 7.0000 -0.0000 38.7150
v 20.2602 0.0000 40.5235
v 19.3267 -1.2989 40.5620
v 17.9237 -1.2989 39.7928
v 17.4541 -0.0000 38.9852
v 18.3876 1.2989 38.9467
v 19.7906 1.2989 39.7159
v 42.0537 -16.8381 0.7691
v 41.1203 -18.1370 0.8076
v 39.7173 -18.1370 0.0385
v 39.2477 -16.8381 -0.7691
v 40.1811 -15.5391 -0.8076
v 41.5841 -15.5391 -0.0385
v 18.8571 0.0000 39.7543
v 40.6507 -16.8381 0.0000
v 42.0537 -16.8381 -0.7691
v 41.1203 -18.1370 -0.8076
v 39.7173 -18.1370 -0.0385
v 39.2477 -16.8381 0.7691
v 40.1811 -15.5391 0.8076
v 41.5841 -15.5391 0.0385
v 20.2602 0.0000 -40.5235
v 19.3267 -1.2989 -40.5620
v 17.9237 -1.2989 -39.7928
v 17.4541 -0.0000 -38.9852
v 18.3876 1.2989 -38.9467
v 19.7906 1.2989 -39.7159
v 40.6507 -16.8381 0.0000
v 18.8571 0.0000 -39.7543
v 40.6507 -14.6381 0.0000
v 40.6507 -14.6381 0.0000
v 40.6507 -14.6381 0.0000
v 40.6507 -14.6381 0.0000
v 40.6507 -14.6381 0.0000
v 40.6507 -14.6381 0.0000
v 40.6507 -14.6381 0.0000
v 40.6507 -14.6381 0.0000
v 42.2063 -15.2824 0.0000
v 41.7507 -15.2824 1.1000
v 40.6507 -15.2824 1.5556
v 39.5507 -15.2824 1.1000
v 39.0951 -15.2824 0.0000
v 39.5507 -15.2824 -1.1000
v 40.6507 -15.2824 -1.5556
v 41.7507 -15.2824 -1.1000
v 42.8507 -16.8381 0.0000
v 42.2063 -16.8381 1.5556
v 40.6507 -16.8381 2.2000
v 39.0951 -16.8381 1.5556
v 38.4507 -16.8381 0.0000
v 39.0951 -16.8381 -1.5556
v 40.6507 -16.8381 -2.2000
v 42.2063 -16.8381 -1.5556
v 42.2063 -18.3937 0.0000
v 41.7507 -18.3937 1.1000
v 40.6507 -18.3937 1.5556
v 39.5507 -18.3937 1.1000
v 39.0951 -18.3937 0.0000
v 39.5507 -18.3937 -1.1000
v 40.6507 -18.3937 -1.5556
v 41.7507 -18.3937 -1.1000
v 40.6507 -19.0381 0.0000
v 40.6507 -19.0381 0.0000
v 40.6507 -19.0381 0.0000
v 40.6507 -19.0381 0.0000
v 40.6507 -19.0381 0.0000
v 40.6507 -19.0381 0.0000
v 40.6507 -19.0381 0.0000
v 40.6507 -19.0381 0.0000
v 14.6527 -13.3340 40.6605
v 13.9365 -14.7160 40.2902
v 12.6178 -14.7160 39.3840
v 12.0153 -13.3340 38.8482
v 12.7315 -11.9520 39.2185
v 14.0502 -11.9520 40.1247
v 41.9694 -16.8381 0.9061
v 41.2532 -18.2201 0.5358
v 39.9345 -18.2201 -0.3703
v 39.3320 -16.8381 -0.9061
v 40.0482 -15.4561 -0.5358
v 41.3669 -15.4561 0.3703
v 13.3340 -13.3340 39.7543
v 40.6507 -16.8381 0.0000
v 41.9694 -16.8381 -0.9061
v 41.2532 -18.2201 -0.5358
v 39.9345 -18.2201 0.3703
v 39.3320 -16.8381 0.9061
v 40.0482 -15.4561 0.5358
v 41.3669 -15.4561 -0.3703
v 14.6527 -13.3340 -40.6605
v 13.9365 -14.7160 -40.2902
v 12.6178 -14.7160 -39.3840
v 12.0153 -13.3340 -38.8482
v 12.7315 -11.9520 -39.2185
v 14.0502 -11.9520 -40.1247
v 40.6507 -16.8381 0.0000
v 13.3340 -13.3340 -39.7543
v 40.6507 -14.6381 0.0000
v 40.6507 -14.6381 0.0000
v 40.6507 -14.6381 0.0000
v 40.6507 -14.6381 0.0000
v 40.6507 -14.6381 0.0000
v 40.6507 -14.6381 0.0000
v 40.6507 -14.6381 0.0000
v 40.6507 -14.6381 0.0000
v 42.2063 -15.2824 0.0000
v 41.7507 -15.2824 1.1000
v 40.6507 -15.2824 1.5556
v 39.5507 -15.2824 1.1000
v 39.0951 -15.2824 0.0000
v 39.5507 -15.2824 -1.1000
v 40.6507 -15.2824 -1.5556
v 41.7507 -15.2824 -1.1000
v 42.8507 -16.8381 0.0000
v 42.2063 -16.8381 1.5556
v 40.6507 -16.8381 2.2000
v 39.0951 -16.8381 1.5556
v 38.4507 -16.8381 0.0000
v 39.0951 -16.8381 -1.5556
v 40.6507 -16.8381 -2.2000
v 42.2063 -16.8381 -1.5556
v 42.2063 -18.3937 0.0000
v 41.7507 -18.3937 1.1000
v 40.6507 -18.3937 1.5556
v 39.5507 -18.3937 1.1000
v 39.0951 -18.3937 0.0000
v 39.5507 -18.3937 -1.1000
v 40.6507 -18.3937 -1.5556
v 41.7507 -18.3937 -1.1000
v 40.6507 -19.0381 0.0000
v 40.6507 -19.0381 0.0000
v 40.6507 -19.0381 0.0000
v 40.6507 -19.0381 0.0000
v 40.6507 -19.0381 0.0000
v 40.6507 -19.0381 0.0000
v 40.6507 -19.0381 0.0000
v 40.6507 -19.0381 0.0000
v 14.9278 -13.3340 39.8948
v 14.0622 -14.4774 40.6042
v 12.4684 -14.4774 40.4637
v 11.7402 -13.3340 39.6139
v 12.6058 -12.1906 38.9045
v 14.1996 -12.1906 39.0450
v 18.4319 -40.6507 0.1405
v 17.5663 -41.7941 0.8499
v 15.9724 -41.7941 0.7094
v 15.2443 -40.6507 -0.1405
v 16.1099 -39.5073 -0.8499
v 17.7037 -39.5073 -0.7094
v 13.3340 -13.3340 39.7543
v 16.8381 -40.6507 0.0000
v 18.4319 -40.6507 -0.1405
v 17.5663 -41.7941 -0.8499
v 15.9724 -41.7941 -0.7094
v 15.2443 -40.6507 0.1405
v 16.1099 -39.5073 0.8499
v 17.7037 -39.5073 0.7094
v 14.9278 -13.3340 -39.8948
v 14.0622 -14.4774 -40.6042
v 12.4684 -14.4774 -40.4637
v 11.7402 -13.3340 -39.6139
v 12.6058 -12.1906 -38.9045
v 14.1996 -12.1906 -39.0450
v 16.8381 -40.6507 0.0000
v 13.3340 -13.3340 -39.7543
v 16.8381 -38.4507 0.0000
v 16.8381 -38.4507 0.0000
v 16.8381 -38.4507 0.0000
v 16.8381 -38.4507 0.0000
v 16.8381 -38.4507 0.0000
v 16.8381 -38.4507 0.0000
v 16.8381 -38.4507 0.0000
v 16.8381 -38.4507 0.0000
v 18.3937 -39.0951 0.0000
v 17.9381 -39.0951 1.1000
v 16.8381 -39.0951 1.5556
v 15.7381 -39.0951 1.1000
v 15.2824 -39.0951 0.0000
v 15.7381 -39.0951 -1.1000
v 16.8381 -39.0951 -1.5556
v 17.9381 -39.0951 -1.1000
v 19.0381 -40.6507 0.0000
v 18.3937 -40.6507 1.5556
v 16.8381 -40.6507 2.2000
v 15.2824 -40.6507 1.5556
v 14.6381 -40.6507 0.0000
v 15.2824 -40.6507 -1.5556
v 16.8381 -40.6507 -2.2000
v 18.3937 -40.6507 -1.5556
v 18.3937 -42.2063 0.0000
v 17.9381 -42.2063 1.1000
v 16.8381 -42.2063 1.5556
v 15.7381 -42.2063 1.1000
v 15.2824 -42.2063 0.0000
v 15.7381 -42.2063 -1.1000
v 16.8381 -42.2063 -1.5556
v 17.9381 -42.2063 -1.1000
v 16.8381 -42.8507 0.0000
v 16.8381 -42.8507 0.0000
v 16.8381 -42.8507 0.0000
v 16.8381 -42.8507 0.0000
v 16.8381 -42.8507 0.0000
v 16.8381 -42.8507 0.0000
v 16.8381 -42.8507 0.0000
v 16.8381 -42.8507 0.0000
v 1.4733 -18.8571 40.3784
v 0.4931 -20.0941 40.6413
v -0.9802 -20.0941 40.0173
v -1.4733 -18.8571 39.1303
v -0.4931 -17.6202 38.8674
v 0.9802 -17.6202 39.4914
v 18.3114 -40.6507 0.6240
v 17.3312 -41.8877 0.8870
v 15.8579 -41.8877 0.2630
v 15.3648 -40.6507 -0.6240
v 16.3450 -39.4137 -0.8870
v 17.8182 -39.4137 -0.2630
v 0.0000 -18.8571 39.7543
v 16.8381 -40.6507 0.0000
v 18.3114 -40.6507 -0.6240
v 17.3312 -41.8877 -0.8870
v 15.8579 -41.8877 -0.2630
v 15.3648 -40.6507 0.6240
v 16.3450 -39.4137 0.8870
v 17.8182 -39.4137 0.2630
v 1.4733 -18.8571 -40.3784
v 0.4931 -20.0941 -40.6413
v -0.9802 -20.0941 -40.0173
v -1.4733 -18.8571 -39.1303
v -0.4931 -17.6202 -38.8674
v 0.9802 -17.6202 -39.4914
v 16.8381 -40.6507 0.0000
v 0.0000 -18.8571 -39.7543
v 16.8381 -38.4507 0.0000
v 16.8381 -38.4507 0.0000
v 16.8381 -38.4507 0.0000
v 16.8381 -38.4507 0.0000
v 16.8381 -38.4507 0.0000
v 16.8381 -38.4507 0.0000
v 16.8381 -38.4507 0.0000
v 16.8381 -38.4507 0.0000
v 18.3937 -39.0951 0.0000
v 17.9381 -39.0951 1.1000
v 16.8381 -39.0951 1.5556
v 15.7381 -39.0951 1.1000
v 15.2824 -39.0951 0.0000
v 15.7381 -39.0951 -1.1000
v 16.8381 -39.0951 -1.5556
v 17.9381 -39.0951 -1.1000
v 19.0381 -40.6507 0.0000
v 18.3937 -40.6507 1.5556
v 16.8381 -40.6507 2.2000
v 15.2824 -40.6507 1.5556
v 14.6381 -40.6507 0.0000
v 15.2824 -40.6507 -1.5556
v 16.8381 -40.6507 -2.2000
v 18.3937 -40.6507 -1.5556
v 18.3937 -42.2063 0.0000
v 17.9381 -42.2063 1.1000
v 16.8381 -42.2063 1.5556
v 15.7381 -42.2063 1.1000
v 15.2824 -42.2063 0.0000
v 15.7381 -42.2063 -1.1000
v 16.8381 -42.2063 -1.5556
v 17.9381 -42.2063 -1.1000
v 16.8381 -42.8507 0.0000
v 16.8381 -42.8507 0.0000
v 16.8381 -42.8507 0.0000
v 16.8381 -42.8507 0.0000
v 16.8381 -42.8507 0.0000
v 16.8381 -42.8507 0.0000
v 16.8381 -42.8507 0.0000
v 16.8381 -42.8507 0.0000
v 1.4733 -18.8571 39.1303
v 0.9802 -20.0941 40.0173
v -0.4931 -20.0941 40.6413
v -1.4733 -18.8571 40.3784
v -0.9802 -17.6202 39.4914
v 0.4931 -17.6202 38.8674
v -15.3648 -40.6507 -0.6240
v -15.8579 -41.8877 0.2630
v -17.3312 -41.8877 0.8870
v -18.3114 -40.6507 0.6240
v -17.8182 -39.4137 -0.2630
v -16.3450 -39.4137 -0.8870
v 0.0000 -18.8571 39.7543
v -16.8381 -40.6507 0.0000
v -15.3648 -40.6507 0.6240
v -15.8579 -41.8877 -0.2630
v -17.3312 -41.8877 -0.8870
v -18.3114 -40.6507 -0.6240
v -17.8182 -39.4137 0.2630
v -16.3450 -39.4137 0.8870
v 1.4733 -18.8571 -39.1303
v 0.9802 -20.0941 -40.0173
v -0.4931 -20.0941 -40.6413
v -1.4733 -18.8571 -40.3784
v -0.9802 -17.6202 -39.4914
v 0.4931 -17.6202 -38.8674
v -16.8381 -40.6507 0.0000
v 0.0000 -18.8571 -39.7543
v -16.8381 -38.4507 0.0000
v -16.8381 -38.4507 0.0000
v -16.8381 -38.4507 0.0000
v -16.8381 -38.4507 0.0000
v -16.8381 -38.4507 0.0000
v -16.8381 -38.4507 0.0000
v -16.8381 -38.4507 0.0000
v -16.8381 -38.4507 0.0000
v -15.2824 -39.0951 0.0000
v -15.7381 -39.0951 1.1000
v -16.8381 -39.0951 1.5556
v -17.9381 -39.0951 1.1000
v -18.3937 -39.0951 0.0000
v -17.9381 -39.0951 -1.1000
v -16.8381 -39.0951 -1.5556
v -15.7381 -39.0951 -1.1000
v -14.6381 -40.6507 0.0000
v -15.2824 -40.6507 1.5556
v -16.8381 -40.6507 2.2000
v -18.3937 -40.6507 1.5556
v -19.0381 -40.6507 0.0000
v -18.3937 -40.6507 -1.5556
v -16.8381 -40.6507 -2.2000
v -15.2824 -40.6507 -1.5556
v -15.2824 -42.2063 0.0000
v -15.7381 -42.2063 1.1000
v -16.8381 -42.2063 1.5556
v -17.9381 -42.2063 1.1000
v -18.3937 -42.2063 0.0000
v -17.9381 -42.2063 -1.1000
v -16.8381 -42.2063 -1.5556
v -15.7381 -42.2063 -1.1000
v -16.8381 -42.8507 0.0000
v -16.8381 -42.8507 0.0000
v -16.8381 -42.8507 0.0000
v -16.8381 -42.8507 0.0000
v -16.8381 -42.8507 0.0000
v -16.8381 -42.8507 0.0000
v -16.8381 -42.8507 0.0000
v -16.8381 -42.8507 0.0000
v -11.7402 -13.3340 39.6139
v -12.4684 -14.4774 40.4637
v -14.0622 -14.4774 40.6042
v -14.9278 -13.3340 39.8948
v -14.1996 -12.1906 39.0450
v -12.6058 -12.1906 38.9045
v -15.2443 -40.6507 -0.1405
v -15.9724 -41.7941 0.7094
v -17.5663 -41.7941 0.8499
v -18.4319 -40.6507 0.1405
v -17.7037 -39.5073 -0.7094
v -16.1099 -39.5073 -0.8499
v -13.3340 -13.3340 39.7543
v -16.8381 -40.6507 0.0000
v -15.2443 -40.6507 0.1405
v -15.9724 -41.7941 -0.7094
v -17.5663 -41.7941 -0.8499
v -18.4319 -40.6507 -0.1405
v -17.7037 -39.5073 0.7094
v -16.1099 -39.5073 0.8499
v -11.7402 -13.3340 -39.6139
v -12.4684 -14.4774 -40.4637
v -14.0622 -14.4774 -40.6042
v -14.9278 -13.3340 -39.8948
v -14.1996 -12.1906 -39.0450
v -12.6058 -12.1906 -38.9045
v -16.8381 -40.6507 0.0000
v -13.3340 -13.3340 -39.7543
v -16.8381 -38.4507 0.0000
v -16.8381 -38.4507 0.0000
v -16.8381 -38.4507 0.0000
v -16.8381 -38.4507 0.0000
v -16.8381 -38.4507 0.0000
v -16.8381 -38.4507 0.0000
v -16.8381 -38.4507 0.0000
v -16.8381 -38.4507 0.0000
v -15.2824 -39.0951 0.0000
v -15.7381 -39.0951 1.1000
v -16.8381 -39.0951 1.5556
v -17.9381 -39.0951 1.1000
v -18.3937 -39.0951 0.0000
v -17.9381 -39.0951 -1.1000
v -16.8381 -39.0951 -1.5556
v -15.7381 -39.0951 -1.1000
v -14.6381 -40.6507 0.0000
v -15.2824 -40.6507 1.5556
v -16.8381 -40.6507 2.2000
v -18.3937 -40.6507 1.5556
v -19.0381 -40.6507 0.0000
v -18.3937 -40.6507 -1.5556
v -16.8381 -40.6507 -2.2000
v -15.2824 -40.6507 -1.5556
v -15.2824 -42.2063 0.0000
v -15.7381 -42.2063 1.1000
v -16.8381 -42.2063 1.5556
v -17.9381 -42.2063 1.1000
v -18.3937 -42.2063 0.0000
v -17.9381 -42.2063 -1.1000
v -16.8381 -42.2063 -1.5556
v -15.7381 -42.2063 -1.1000
v -16.8381 -42.8507 0.0000
v -16.8381 -42.8507 0.0000
v -16.8381 -42.8507 0.0000
v -16.8381 -42.8507 0.0000
v -16.8381 -42.8507 0.0000
v -16.8381 -42.8507 0.0000
v -16.8381 -42.8507 0.0000
v -16.8381 -42.8507 0.0000
v -12.0153 -13.3340 38.8482
v -12.6178 -14.7160 39.3840
v -13.9365 -14.7160 40.2902
v -14.6527 -13.3340 40.6605
v -14.0502 -11.9520 40.1247
v -12.7315 -11.9520 39.2185
v -39.3320 -16.8381 -0.9061
v -39.9345 -18.2201 -0.3703
v -41.2532 -18.2201 0.5358
v -41.9694 -16.8381 0.9061
v -41.3669 -15.4561 0.3703
v -40.0482 -15.4561 -0.5358
v -13.3340 -13.3340 39.7543
v -40.6507 -16.8381 0.0000
v -39.3320 -16.8381 0.9061
v -39.9345 -18.2201 0.3703
v -41.2532 -18.2201 -0.5358
v -41.9694 -16.8381 -0.9061
v -41.3669 -15.4561 -0.3703
v -40.0482 -15.4561 0.5358
v -12.0153 -13.3340 -38.8482
v -12.6178 -14.7160 -39.3840
v -13.9365 -14.7160 -40.2902
v -14.6527 -13.3340 -40.6605
v -14.0502 -11.9520 -40.1247
v -12.7315 -11.9520 -39.2185
v -40.6507 -16.8381 0.0000
v -13.3340 -13.3340 -39.7543
v -40.6507 -14.6381 0.0000
v -40.6507 -14.6381 0.0000
v -40.6507 -14.6381 0.0000
v -40.6507 -14.6381 0.0000
v -40.6507 -14.6381 0.0000
v -40.6507 -14.6381 0.0000
v -40.6507 -14.6381 0.0000
v -40.6507 -14.6381 0.0000
v -39.0951 -15.2824 0.0000
v -39.5507 -15.2824 1.1000
v -40.6507 -15.2824 1.5556
v -41.7507 -15.2824 1.1000
v -42.2063 -15.2824 0.0000
v -41.7507 -15.2824 -1.1000
v -40.6507 -15.2824 -1.5556
v -39.5507 -15.2824 -1.1000
v -38.4507 -16.8381 0.0000
v -39.0951 -16.8381 1.5556
v -40.6507 -16.8381 2.2000
v -42.2063 -16.8381 1.5556
v -42.8507 -16.8381 0.0000
v -42.2063 -16.8381 -1.5556
v -40.6507 -16.8381 -2.2000
v -39.0951 -16.8381 -1.5556
v -39.0951 -18.3937 0.0000
v -39.5507 -18.3937 1.1000
v -40.6507 -18.3937 1.5556
v -41.7507 -18.3937 1.1000
v -42.2063 -18.3937 0.0000
v -41.7507 -18.3937 -1.1000
v -40.6507 -18.3937 -1.5556
v -39.5507 -18.3937 -1.1000
v -40.6507 -19.0381 0.0000
v -40.6507 -19.0381 0.0000
v -40.6507 -19.0381 0.0000
v -40.6507 -19.0381 0.0000
v -40.6507 -19.0381 0.0000
v -40.6507 -19.0381 0.0000
v -40.6507 -19.0381 0.0000
v -40.6507 -19.0381 0.0000
v -17.4541 -0.0000 38.9852
v -17.9237 -1.2989 39.7928
v -19.3267 -1.2989 40.5620
v -20.2602 -0.0000 40.5235
v -19.7906 1.2989 39.7159
v -18.3876 1.2989 38.9467
v -39.2477 -16.8381 -0.7691
v -39.7173 -18.1370 0.0385
v -41.1203 -18.1370 0.8076
v -42.0537 -16.8381 0.7691
v -41.5841 -15.5391 -0.0385
v -40.1811 -15.5391 -0.8076
v -18.8571 -0.0000 39.7543
v -40.6507 -16.8381 0.0000
v -39.2477 -16.8381 0.7691
v -39.7173 -18.1370 -0.0385
v -41.1203 -18.1370 -0.8076
v -42.0537 -16.8381 -0.7691
v -41.5841 -15.5391 0.0385
v -40.1811 -15.5391 0.8076
v -17.4541 -0.0000 -38.9852
v -17.9237 -1.2989 -39.7928
v -19.3267 -1.2989 -40.5620
v -20.2602 -0.0000 -40.5235
v -19.7906 1.2989 -39.7159
v -18.3876 1.2989 -38.9467
v -40.6507 -16.8381 0.0000
v -18.8571 -0.0000 -39.7543
v -40.6507 -14.6381 0.0000
v -40.6507 -14.6381 0.0000
v -40.6507 -14.6381 0.0000
v -40.6507 -14.6381 0.0000
v -40.6507 -14.6381 0.0000
v -40.6507 -14.6381 0.0000
v -40.6507 -14.6381 0.0000
v -40.6507 -14.6381 0.0000
v -39.0951 -15.2824 0.0000
v -39.5507 -15.2824 1.1000
v -40.6507 -15.2824 1.5556
v -41.7507 -15.2824 1.1000
v -42.2063 -15.2824 0.0000
v -41.7507 -15.2824 -1.1000
v -40.6507 -15.2824 -1.5556
v -39.5507 -15.2824 -1.1000
v -38.4507 -16.8381 0.0000
v -39.0951 -16.8381 1.5556
v -40.6507 -16.8381 2.2000
v -42.2063 -16.8381 1.5556
v -42.8507 -16.8381 0.0000
v -42.2063 -16.8381 -1.5556
v -40.6507 -16.8381 -2.2000
v -39.0951 -16.8381 -1.5556
v -39.0951 -18.3937 0.0000
v -39.5507 -18.3937 1.1000
v -40.6507 -18.3937 1.5556
v -41.7507 -18.3937 1.1000
v -42.2063 -18.3937 0.0000
v -41.7507 -18.3937 -1.1000
v -40.6507 -18.3937 -1.5556
v -39.5507 -18.3937 -1.1000
v -40.6507 -19.0381 0.0000
v -40.6507 -19.0381 0.0000
v -40.6507 -19.0381 0.0000
v -40.6507 -19.0381 0.0000
v -40.6507 -19.0381 0.0000
v -40.6507 -19.0381 0.0000
v -40.6507 -19.0381 0.0000
v -40.6507 -19.0381 0.0000
v -17.4541 -0.0000 38.9852
v -18.3876 -1.2989 38.9467
v -19.7906 -1.2989 39.7159
v -20.2602 -0.0000 40.5235
v -19.3267 1.2989 40.5620
v -17.9237 1.2989 39.7928
v -39.2477 16.8381 -0.7691
v -40.1811 15.5391 -0.8076
v -41.5841 15.5391 -0.0385
v -42.0537 16.8381 0.7691
v -41.1203 18.1370 0.8076
v -39.7173 18.1370 0.0385
v -18.8571 -0.0000 39.7543
v -40.6507 16.8381 0.0000
v -39.2477 16.8381 0.7691
v -40.1811 15.5391 0.8076
v -41.5841 15.5391 0.0385
v -42.0537 16.8381 -0.7691
v -41.1203 18.1370 -0.8076
v -39.7173 18.1370 -0.0385
v -17.4541 -0.0000 -38.9852
v -18.3876 -1.2989 -38.9467
v -19.7906 -1.2989 -39.7159
v -20.2602 -0.0000 -40.5235
v -19.3267 1.2989 -40.5620
v -17.9237 1.2989 -39.7928
v -40.6507 16.8381 0.0000
v -18.8571 -0.0000 -39.7543
v -40.6507 19.0381 0.0000
v -40.6507 19.0381 0.0000
v -40.6507 19.0381 0.0000
v -40.6507 19.0381 0.0000
v -40.6507 19.0381 0.0000
v -40.6507 19.0381 0.0000
v -40.6507 19.0381 0.0000
v -40.6507 19.0381 0.0000
v -39.0951 18.3937 0.0000
v -39.5507 18.3937 1.1000
v -40.6507 18.3937 1.5556
v -41.7507 18.3937 1.1000
v -42.2063 18.3937 0.0000
v -41.7507 18.3937 -1.1000
v -40.6507 18.3937 -1.5556
v -39.5507 18.3937 -1.1000
v -38.4507 16.8381 0.0000
v -39.0951 16.8381 1.5556
v -40.6507 16.8381 2.2000
v -42.2063 16.8381 1.5556
v -42.8507 16.8381 0.0000
v -42.2063 16.8381 -1.5556
v -40.6507 16.8381 -2.2000
v -39.0951 16.8381 -1.5556
v -39.0951 15.2824 0.0000
v -39.5507 15.2824 1.1000
v -40.6507 15.2824 1.5556
v -41.7507 15.2824 1.1000
v -42.2063 15.2824 0.0000
v -41.7507 15.2824 -1.1000
v -40.6507 15.2824 -1.5556
v -39.5507 15.2824 -1.1000
v -40.6507 14.6381 0.0000
v -40.6507 14.6381 0.0000
v -40.6507 14.6381 0.0000
v -40.6507 14.6381 0.0000
v -40.6507 14.6381 0.0000
v -40.6507 14.6381 0.0000
v -40.6507 14.6381 0.0000
v -40.6507 14.6381 0.0000
v -12.0153 13.3340 38.8482
v -12.7315 11.9520 39.2185
v -14.0502 11.9520 40.1247
v -14.6527 13.3340 40.6605
v -13.9365 14.7160 40.2902
v -12.6178 14.7160 39.3840
v -39.3320 16.8381 -0.9061
v -40.0482 15.4561 -0.5358
v -41.3669 15.4561 0.3703
v -41.9694 16.8381 0.9061
v -41.2532 18.2201 0.5358
v -39.9345 18.2201 -0.3703
v -13.3340 13.3340 39.7543
v -40.6507 16.8381 0.0000
v -39.3320 16.8381 0.9061
v -40.0482 15.4561 0.5358
v -41.3669 15.4561 -0.3703
v -41.9694 16.8381 -0.9061
v -41.2532 18.2201 -0.5358
v -39.9345 18.2201 0.3703
v -12.0153 13.3340 -38.8482
v -12.7315 11.9520 -39.2185
v -14.0502 11.9520 -40.1247
v -14.6527 13.3340 -40.6605
v -13.9365 14.7160 -40.2902
v -12.6178 14.7160 -39.3840
v -40.6507 16.8381 0.0000
v -13.3340 13.3340 -39.7543
v -40.6507 19.0381 0.0000
v -40.6507 19.0381 0.0000
v -40.6507 19.0381 0.0000
v -40.6507 19.0381 0.0000
v -40.6507 19.0381 0.0000
v -40.6507 19.0381 0.0000
v -40.6507 19.0381 0.0000
v -40.6507 19.0381 0.0000
v -39.0951 18.3937 0.0000
v -39.5507 18.3937 1.1000
v -40.6507 18.3937 1.5556
v -41.7507 18.3937 1.1000
v -42.2063 18.3937 0.0000
v -41.7507 18.3937 -1.1000
v -40.6507 18.3937 -1.5556
v -39.5507 18.3937 -1.1000
v -38.4507 16.8381 0.0000
v -39.0951 16.8381 1.5556
v -40.6507 16.8381 2.2000
v -42.2063 16.8381 1.5556
v -42.8507 16.8381 0.0000
v -42.2063 16.8381 -1.5556
v -40.6507 16.8381 -2.2000
v -39.0951 16.8381 -1.5556
v -39.0951 15.2824 0.0000
v -39.5507 15.2824 1.1000
v -40.6507 15.2824 1.5556
v -41.7507 15.2824 1.1000
v -42.2063 15.2824 0.0000
v -41.7507 15.2824 -1.1000
v -40.6507 15.2824 -1.5556
v -39.5507 15.2824 -1.1000
v -40.6507 14.6381 0.0000
v -40.6507 14.6381 0.0000
v -40.6507 14.6381 0.0000
v -40.6507 14.6381 0.0000
v -40.6507 14.6381 0.0000
v -40.6507 14.6381 0.0000
v -40.6507 14.6381 0.0000
v -40.6507 14.6381 0.0000
v -11.7402 13.3340 39.6139
v -12.6058 12.1906 38.9045
v -14.1996 12.1906 39.0450
v -14.9278 13.3340 39.8948
v -14.0622 14.4774 40.6042
v -12.4684 14.4774 40.4637
v -15.2443 40.6507 -0.1405
v -16.1099 39.5073 -0.8499
v -17.7037 39.5073 -0.7094
v -18.4319 40.6507 0.1405
v -17.5663 41.7941 0.8499
v -15.9724 41.7941 0.7094
v -13.3340 13.3340 39.7543
v -16.8381 40.6507 0.0000
v -15.2443 40.6507 0.1405
v -16.1099 39.5073 0.8499
v -17.7037 39.5073 0.7094
v -18.4319 40.6507 -0.1405
v -17.5663 41.7941 -0.8499
v -15.9724 41.7941 -0.7094
v -11.7402 13.3340 -39.6139
v -12.6058 12.1906 -38.9045
v -14.1996 12.1906 -39.0450
v -14.9278 13.3340 -39.8948
v -14.0622 14.4774 -40.6042
v -12.4684 14.4774 -40.4637
v -16.8381 40.6507 0.0000
v -13.3340 13.3340 -39.7543
v -16.8381 42.8507 0.0000
v -16.8381 42.8507 0.0000
v -16.8381 42.8507 0.0000
v -16.8381 42.8507 0.0000
v -16.8381 42.8507 0.0000
v -16.8381 42.8507 0.0000
v -16.8381 42.8507 0.0000
v -16.8381 42.8507 0.0000
v -15.2824 42.2063 0.0000
v -15.7381 42.2063 1.1000
v -16.8381 42.2063 1.5556
v -17.9381 42.2063 1.1000
v -18.3937 42.2063 0.0000
v -17.9381 42.2063 -1.1000
v -16.8381 42.2063 -1.5556
v -15.7381 42.2063 -1.1000
v -14.6381 40.6507 0.0000
v -15.2824 40.6507 1.5556
v -16.8381 40.6507 2.2000
v -18.3937 40.6507 1.5556
v -19.0381 40.6507 0.0000
v -18.3937 40.6507 -1.5556
v -16.8381 40.6507 -2.2000
v -15.2824 40.6507 -1.5556
v -15.2824 39.0951 0.0000
v -15.7381 39.0951 1.1000
v -16.8381 39.0951 1.5556
v -17.9381 39.0951 1.1000
v -18.3937 39.0951 0.0000
v -17.9381 39.0951 -1.1000
v -16.8381 39.0951 -1.5556
v -15.7381 39.0951 -1.1000
v -16.8381 38.4507 0.0000
v -16.8381 38.4507 0.0000
v -16.8381 38.4507 0.0000
v -16.8381 38.4507 0.0000
v -16.8381 38.4507 0.0000
v -16.8381 38.4507 0.0000
v -16.8381 38.4507 0.0000
v -16.8381 38.4507 0.0000
v 1.4733 18.8571 39.1303
v 0.4931 17.6202 38.8674
v -0.9802 17.6202 39.4914
v -1.4733 18.8571 40.3784
v -0.4931 20.0941 40.6413
v 0.9802 20.0941 40.0173
v -15.3648 40.6507 -0.6240
v -16.3450 39.4137 -0.8870
v -17.8182 39.4137 -0.2630
v -18.3114 40.6507 0.6240
v -17.3312 41.8877 0.8870
v -15.8579 41.8877 0.2630
v -0.0000 18.8571 39.7543
v -16.8381 40.6507 0.0000
v -15.3648 40.6507 0.6240
v -16.3450 39.4137 0.8870
v -17.8182 39.4137 0.2630
v -18.3114 40.6507 -0.6240
v -17.3312 41.8877 -0.8870
v -15.8579 41.8877 -0.2630
v 1.4733 18.8571 -39.1303
v 0.4931 17.6202 -38.8674
v -0.9802 17.6202 -39.4914
v -1.4733 18.8571 -40.3784
v -0.4931 20.0941 -40.6413
v 0.9802 20.0941 -40.0173
v -16.8381 40.6507 0.0000
v -0.0000 18.8571 -39.7543
v -16.8381 42.8507 0.0000
v -16.8381 42.8507 0.0000
v -16.8381 42.8507 0.0000
v -16.8381 42.8507 0.0000
v -16.8381 42.8507 0.0000
v -16.8381 42.8507 0.0000
v -16.8381 42.8507 0.0000
v -16.8381 42.8507 0.0000
v -15.2824 42.2063 0.0000
v -15.7381 42.2063 1.1000
v -16.8381 42.2063 1.5556
v -17.9381 42.2063 1.1000
v -18.3937 42.2063 0.0000
v -17.9381 42.2063 -1.1000
v -16.8381 42.2063 -1.5556
v -15.7381 42.2063 -1.1000
v -14.6381 40.6507 0.0000
v -15.2824 40.6507 1.5556
v -16.8381 40.6507 2.2000
v -18.3937 40.6507 1.5556
v -19.0381 40.6507 0.0000
v -18.3937 40.6507 -1.5556
v -16.8381 40.6507 -2.2000
v -15.2824 40.6507 -1.5556
v -15.2824 39.0951 0.0000
v -15.7381 39.0951 1.1000
v -16.8381 39.0951 1.5556
v -17.9381 39.0951 1.1000
v -18.3937 39.0951 0.0000
v -17.9381 39.0951 -1.1000
v -16.8381 39.0951 -1.5556
v -15.7381 39.0951 -1.1000
v -16.8381 38.4507 0.0000
v -16.8381 38.4507 0.0000
v -16.8381 38.4507 0.0000
v -16.8381 38.4507 0.0000
v -16.8381 38.4507 0.0000
v -16.8381 38.4507 0.0000
v -16.8381 38.4507 0.0000
v -16.8381 38.4507 0.0000
v 1.4733 18.8571 40.3784
v 0.9802 17.6202 39.4914
v -0.4931 17.6202 38.8674
v -1.4733 18.8571 39.1303
v -0.9802 20.0941 40.0173
v 0.4931 20.0941 40.6413
v 18.3114 40.6507 0.6240
v 17.8182 39.4137 -0.2630
v 16.3450 39.4137 -0.8870
v 15.3648 40.6507 -0.6240
v 15.8579 41.8877 0.2630
v 17.3312 41.8877 0.8870
v -0.0000 18.8571 39.7543
v 16.8381 40.6507 0.0000
v 18.3114 40.6507 -0.6240
v 17.8182 39.4137 0.2630
v 16.3450 39.4137 0.8870
v 15.3648 40.6507 0.6240
v 15.8579 41.8877 -0.2630
v 17.3312 41.8877 -0.8870
v 1.4733 18.8571 -40.3784
v 0.9802 17.6202 -39.4914
v -0.4931 17.6202 -38.8674
v -1.4733 18.8571 -39.1303
v -0.9802 20.0941 -40.0173
v 0.4931 20.0941 -40.6413
v 16.8381 40.6507 0.0000
v -0.0000 18.8571 -39.7543
v 16.8381 42.8507 0.0000
v 16.8381 42.8507 0.0000
v 16.8381 42.8507 0.0000
v 16.8381 42.8507 0.0000
v 16.8381 42.8507 0.0000
v 16.8381 42.8507 0.0000
v 16.8381 42.8507 0.0000
v 16.8381 42.8507 0.0000
v 18.3937 42.2063 0.0000
v 17.9381 42.2063 1.1000
v 16.8381 42.2063 1.5556
v 15.7381 42.2063 1.1000
v 15.2824 42.2063 0.0000
v 15.7381 42.2063 -1.1000
v 16.8381 42.2063 -1.5556
v 17.9381 42.2063 -1.1000
v 19.0381 40.6507 0.0000
v 18.3937 40.6507 1.5556
v 16.8381 40.6507 2.2000
v 15.2824 40.6507 1.5556
v 14.6381 40.6507 0.0000
v 15.2824 40.6507 -1.5556
v 16.8381 40.6507 -2.2000
v 18.3937 40.6507 -1.5556
v 18.3937 39.0951 0.0000
v 17.9381 39.0951 1.1000
v 16.8381 39.0951 1.5556
v 15.7381 39.0951 1.1000
v 15.2824 39.0951 0.0000
v 15.7381 39.0951 -1.1000
v 16.8381 39.0951 -1.5556
v 17.9381 39.0951 -1.1000
v 16.8381 38.4507 0.0000
v 16.8381 38.4507 0.0000
v 16.8381 38.4507 0.0000
v 16.8381 38.4507 0.0000
v 16.8381 38.4507 0.0000
v 16.8381 38.4507 0.0000
v 16.8381 38.4507 0.0000
v 16.8381 38.4507 0.0000
v 14.9278 13.3340 39.8948
v 14.1996 12.1906 39.0450
v 12.6058 12.1906 38.9045
v 11.7402 13.3340 39.6139
v 12.4684 14.4774 40.4637
v 14.0622 14.4774 40.6042
v 18.4319 40.6507 0.1405
v 17.7037 39.5073 -0.7094
v 16.1099 39.5073 -0.8499
v 15.2443 40.6507 -0.1405
v 15.9724 41.7941 0.7094
v 17.5663 41.7941 0.8499
v 13.3340 13.3340 39.7543
v 16.8381 40.6507 0.0000
v 18.4319 40.6507 -0.1405
v 17.7037 39.5073 0.7094
v 16.1099 39.5073 0.8499
v 15.2443 40.6507 0.1405
v 15.9724 41.7941 -0.7094
v 17.5663 41.7941 -0.8499
v 14.9278 13.3340 -39.8948
v 14.1996 12.1906 -39.0450
v 12.6058 12.1906 -38.9045
v 11.7402 13.3340 -39.6139
v 12.4684 14.4774 -40.4637
v 14.0622 14.4774 -40.6042
v 16.8381 40.6507 0.0000
v 13.3340 13.3340 -39.7543
v 16.8381 42.8507 0.0000
v 16.8381 42.8507 0.0000
v 16.8381 42.8507 0.0000
v 16.8381 42.8507 0.0000
v 16.8381 42.8507 0.0000
v 16.8381 42.8507 0.0000
v 16.8381 42.8507 0.0000
v 16.8381 42.8507 0.0000
v 18.3937 42.2063 0.0000
v 17.9381 42.2063 1.1000
v 16.8381 42.2063 1.5556
v 15.7381 42.2063 1.1000
v 15.2824 42.2063 0.0000
v 15.7381 42.2063 -1.1000
v 16.8381 42.2063 -1.5556
v 17.9381 42.2063 -1.1000
v 19.0381 40.6507 0.0000
v 18.3937 40.6507 1.5556
v 16.8381 40.6507 2.2000
v 15.2824 40.6507 1.5556
v 14.6381 40.6507 0.0000
v 15.2824 40.6507 -1.5556
v 16.8381 40.6507 -2.2000
v 18.3937 40.6507 -1.5556
v 18.3937 39.0951 0.0000
v 17.9381 39.0951 1.1000
v 16.8381 39.0951 1.5556
v 15.7381 39.0951 1.1000
v 15.2824 39.0951 0.0000
v 15.7381 39.0951 -1.1000
v 16.8381 39.0951 -1.5556
v 17.9381 39.0951 -1.1000
v 16.8381 38.4507 0.0000
v 16.8381 38.4507 0.0000
v 16.8381 38.4507 0.0000
v 16.8381 38.4507 0.0000
v 16.8381 38.4507 0.0000
v 16.8381 38.4507 0.0000
v 16.8381 38.4507 0.0000
v 16.8381 38.4507 0.0000
v 14.6527 13.3340 40.6605
v 14.0502 11.9520 40.1247
v 12.7315 11.9520 39.2185
v 12.0153 13.3340 38.8482
v 12.6178 14.7160 39.3840
v 13.9365 14.7160 40.2902
v 41.9694 16.8381 0.9061
v 41.3669 15.4561 0.3703
v 40.0482 15.4561 -0.5358
v 39.3320 16.8381 -0.9061
v 39.9345 18.2201 -0.3703
v 41.2532 18.2201 0.5358
v 13.3340 13.3340 39.7543
v 40.6507 16.8381 0.0000
v 41.9694 16.8381 -0.9061
v 41.3669 15.4561 -0.3703
v 40.0482 15.4561 0.5358
v 39.3320 16.8381 0.9061
v 39.9345 18.2201 0.3703
v 41.2532 18.2201 -0.5358
v 14.6527 13.3340 -40.6605
v 14.0502 11.9520 -40.1247
v 12.7315 11.9520 -39.2185
v 12.0153 13.3340 -38.8482
v 12.6178 14.7160 -39.3840
v 13.9365 14.7160 -40.2902
v 40.6507 16.8381 0.0000
v 13.3340 13.3340 -39.7543
v 40.6507 19.0381 0.0000
v 40.6507 19.0381 0.0000
v 40.6507 19.0381 0.0000
v 40.6507 19.0381 0.0000
v 40.6507 19.0381 0.0000
v 40.6507 19.0381 0.0000
v 40.6507 19.0381 0.0000
v 40.6507 19.0381 0.0000
v 42.2063 18.3937 0.0000
v 41.7507 18.3937 1.1000
v 40.6507 18.3937 1.5556
v 39.5507 18.3937 1.1000
v 39.0951 18.3937 0.0000
v 39.5507 18.3937 -1.1000
v 40.6507 18.3937 -1.5556
v 41.7507 18.3937 -1.1000
v 42.8507 16.8381 0.0000
v 42.2063 16.8381 1.5556
v 40.6507 16.8381 2.2000
v 39.0951 16.8381 1.5556
v 38.4507 16.8381 0.0000
v 39.0951 16.8381 -1.5556
v 40.6507 16.8381 -2.2000
v 42.2063 16.8381 -1.5556
v 42.2063 15.2824 0.0000
v 41.7507 15.2824 1.1000
v 40.6507 15.2824 1.5556
v 39.5507 15.2824 1.1000
v 39.0951 15.2824 0.0000
v 39.5507 15.2824 -1.1000
v 40.6507 15.2824 -1.5556
v 41.7507 15.2824 -1.1000
v 40.6507 14.6381 0.0000
v 40.6507 14.6381 0.0000
v 40.6507 14.6381 0.0000
v 40.6507 14.6381 0.0000
v 40.6507 14.6381 0.0000
v 40.6507 14.6381 0.0000
v 40.6507 14.6381 0.0000
v 40.6507 14.6381 0.0000
v 20.2602 0.0000 40.5235
v 19.7906 -1.2989 39.7159
v 18.3876 -1.2989 38.9467
v 17.4541 -0.0000 38.9852
v 17.9237 1.2989 39.7928
v 19.3267 1.2989 40.5620
v 42.0537 16.8381 0.7691
v 41.5841 15.5391 -0.0385
v 40.1811 15.5391 -0.8076
v 39.2477 16.8381 -0.7691
v 39.7173 18.1370 0.0385
v 41.1203 18.1370 0.8076
v 18.8571 0.0000 39.7543
v 40.6507 16.8381 0.0000
v 42.0537 16.8381 -0.7691
v 41.5841 15.5391 0.0385
v 40.1811 15.5391 0.8076
v 39.2477 16.8381 0.7691
v 39.7173 18.1370 -0.0385
v 41.1203 18.1370 -0.8076
v 20.2602 0.0000 -40.5235
v 19.7906 -1.2989 -39.7159
v 18.3876 -1.2989 -38.9467
v 17.4541 -0.0000 -38.9852
v 17.9237 1.2989 -39.7928
v 19.3267 1.2989 -40.5620
v 40.6507 16.8381 0.0000
v 18.8571 0.0000 -39.7543
v 40.6507 19.0381 0.0000
v 40.6507 19.0381 0.0000
v 40.6507 19.0381 0.0000
v 40.6507 19.0381 0.0000
v 40.6507 19.0381 0.0000
v 40.6507 19.0381 0.0000
v 40.6507 19.0381 0.0000
v 40.6507 19.0381 0.0000
v 42.2063 18.3937 0.0000
v 41.7507 18.3937 1.1000
v 40.6507 18.3937 1.5556
v 39.5507 18.3937 1.1000
v 39.0951 18.3937 0.0000
v 39.5507 18.3937 -1.1000
v 40.6507 18.3937 -1.5556
v 41.7507 18.3937 -1.1000
v 42.8507 16.8381 0.0000
v 42.2063 16.8381 1.5556
v 40.6507 16.8381 2.2000
v 39.0951 16.8381 1.5556
v 38.4507 16.8381 0.0000
v 39.0951 16.8381 -1.5556
v 40.6507 16.8381 -2.2000
v 42.2063 16.8381 -1.5556
v 42.2063 15.2824 0.0000
v 41.7507 15.2824 1.1000
v 40.6507 15.2824 1.5556
v 39.5507 15.2824 1.1000
v 39.0951 15.2824 0.0000
v 39.5507 15.2824 -1.1000
v 40.6507 15.2824 -1.5556
v 41.7507 15.2824 -1.1000
v 40.6507 14.6381 0.0000
v 40.6507 14.6381 0.0000
v 40.6507 14.6381 0.0000
v 40.6507 14.6381 0.0000
v 40.6507 14.6381 0.0000
v 40.6507 14.6381 0.0000
v 40.6507 14.6381 0.0000
v 40.6507 14.6381 0.0000
v 18.8571 2.0000 39.7543
v 18.8571 2.0000 39.7543
v 18.8571 2.0000 39.7543
v 18.8571 2.0000 39.7543
v 18.8571 2.0000 39.7543
v 18.8571 2.0000 39.7543
v 18.8571 2.0000 39.7543
v 18.8571 2.0000 39.7543
v 20.2714 1.4142 39.7543
v 19.8571 1.4142 40.7543
v 18.8571 1.4142 41.1686
v 17.8571 1.4142 40.7543
v 17.4429 1.4142 39.7543
v 17.8571 1.4142 38.7543
v 18.8571 1.4142 38.3401
v 19.8571 1.4142 38.7543
v 20.8571 0.0000 39.7543
v 20.2714 0.0000 41.1686
v 18.8571 0.0000 41.7543
v 17.4429 0.0000 41.1686
v 16.8571 0.0000 39.7543
v 17.4429 0.0000 38.3401
v 18.8571 0.0000 37.7543
v 20.2714 0.0000 38.3401
v 20.2714 -1.4142 39.7543
v 19.8571 -1.4142 40.7543
v 18.8571 -1.4142 41.1686
v 17.8571 -1.4142 40.7543
v 17.4429 -1.4142 39.7543
v 17.8571 -1.4142 38.7543
v 18.8571 -1.4142 38.3401
v 19.8571 -1.4142 38.7543
v 18.8571 -2.0000 39.7543
v 18.8571 -2.0000 39.7543
v 18.8571 -2.0000 39.7543
v 18.8571 -2.0000 39.7543
v 18.8571 -2.0000 39.7543
v 18.8571 -2.0000 39.7543
v 18.8571 -2.0000 39.7543
v 18.8571 -2.0000 39.7543
v 13.3340 -11.3340 39.7543
v 13.3340 -11.3340 39.7543
v 13.3340 -11.3340 39.7543
v 13.3340 -11.3340 39.7543
v 13.3340 -11.3340 39.7543
v 13.3340 -11.3340 39.7543
v 13.3340 -11.3340 39.7543
v 13.3340 -11.3340 39.7543
v 14.7482 -11.9198 39.7543
v 14.3340 -11.9198 40.7543
v 13.3340 -11.9198 41.1686
v 12.3340 -11.9198 40.7543
v 11.9198 -11.9198 39.7543
v 12.3340 -11.9198 38.7543
v 13.3340 -11.9198 38.3401
v 14.3340 -11.9198 38.7543
v 15.3340 -13.3340 39.7543
v 14.7482 -13.3340 41.1686
v 13.3340 -13.3340 41.7543
v 11.9198 -13.3340 41.1686
v 11.3340 -13.3340 39.7543
v 11.9198 -13.3340 38.3401
v 13.3340 -13.3340 37.7543
v 14.7482 -13.3340 38.3401
v 14.7482 -14.7482 39.7543
v 14.3340 -14.7482 40.7543
v 13.3340 -14.7482 41.1686
v 12.3340 -14.7482 40.7543
v 11.9198 -14.7482 39.7543
v 12.3340 -14.7482 38.7543
v 13.3340 -14.7482 38.3401
v 14.3340 -14.7482 38.7543
v 13.3340 -15.3340 39.7543
v 13.3340 -15.3340 39.7543
v 13.3340 -15.3340 39.7543
v 13.3340 -15.3340 39.7543
v 13.3340 -15.3340 39.7543
v 13.3340 -15.3340 39.7543
v 13.3340 -15.3340 39.7543
v 13.3340 -15.3340 39.7543
v 0.0000 -16.8571 39.7543
v 0.0000 -16.8571 39.7543
v 0.0000 -16.8571 39.7543
v 0.0000 -16.8571 39.7543
v 0.0000 -16.8571 39.7543
v 0.0000 -16.8571 39.7543
v 0.0000 -16.8571 39.7543
v 0.0000 -16.8571 39.7543
v 1.4142 -17.4429 39.7543
v 1.0000 -17.4429 40.7543
v 0.0000 -17.4429 41.1686
v -1.0000 -17.4429 40.7543
v -1.4142 -17.4429 39.7543
v -1.0000 -17.4429 38.7543
v 0.0000 -17.4429 38.3401
v 1.0000 -17.4429 38.7543
v 2.0000 -18.8571 39.7543
v 1.4142 -18.8571 41.1686
v 0.0000 -18.8571 41.7543
v -1.4142 -18.8571 41.1686
v -2.0000 -18.8571 39.7543
v -1.4142 -18.8571 38.3401
v 0.0000 -18.8571 37.7543
v 1.4142 -18.8571 38.3401
v 1.4142 -20.2714 39.7543
v 1.0000 -20.2714 40.7543
v 0.0000 -20.2714 41.1686
v -1.0000 -20.2714 40.7543
v -1.4142 -20.2714 39.7543
v -1.0000 -20.2714 38.7543
v 0.0000 -20.2714 38.3401
v 1.0000 -20.2714 38.7543
v 0.0000 -20.8571 39.7543
v 0.0000 -20.8571 39.7543
v 0.0000 -20.8571 39.7543
v 0.0000 -20.8571 39.7543
v 0.0000 -20.8571 39.7543
v 0.0000 -20.8571 39.7543
v 0.0000 -20.8571 39.7543
v 0.0000 -20.8571 39.7543
v -13.3340 -11.3340 39.7543
v -13.3340 -11.3340 39.7543
v -13.3340 -11.3340 39.7543
v -13.3340 -11.3340 39.7543
v -13.3340 -11.3340 39.7543
v -13.3340 -11.3340 39.7543
v -13.3340 -11.3340 39.7543
v -13.3340 -11.3340 39.7543
v -11.9198 -11.9198 39.7543
v -12.3340 -11.9198 40.7543
v -13.3340 -11.9198 41.1686
v -14.3340 -11.9198 40.7543
v -14.7482 -11.9198 39.7543
v -14.3340 -11.9198 38.7543
v -13.3340 -11.9198 38.3401
v -12.3340 -11.9198 38.7543
v -11.3340 -13.3340 39.7543
v -11.9198 -13.3340 41.1686
v -13.3340 -13.3340 41.7543
v -14.7482 -13.3340 41.1686
v -15.3340 -13.3340 39.7543
v -14.7482 -13.3340 38.3401
v -13.3340 -13.3340 37.7543
v -11.9198 -13.3340 38.3401
v -11.9198 -14.7482 39.7543
v -12.3340 -14.7482 40.7543
v -13.3340 -14.7482 41.1686
v -14.3340 -14.7482 40.7543
v -14.7482 -14.7482 39.7543
v -14.3340 -14.7482 38.7543
v -13.3340 -14.7482 38.3401
v -12.3340 -14.7482 38.7543
v -13.3340 -15.3340 39.7543
v -13.3340 -15.3340 39.7543
v -13.3340 -15.3340 39.7543
v -13.3340 -15.3340 39.7543
v -13.3340 -15.3340 39.7543
v -13.3340 -15.3340 39.7543
v -13.3340 -15.3340 39.7543
v -13.3340 -15.3340 39.7543
v -18.8571 2.0000 39.7543
v -18.8571 2.0000 39.7543
v -18.8571 2.0000 39.7543
v -18.8571 2.0000 39.7543
v -18.8571 2.0000 39.7543
v -18.8571 2.0000 39.7543
v -18.8571 2.0000 39.7543
v -18.8571 2.0000 39.7543
v -17.4429 1.4142 39.7543
v -17.8571 1.4142 40.7543
v -18.8571 1.4142 41.1686
v -19.8571 1.4142 40.7543
v -20.2714 1.4142 39.7543
v -19.8571 1.4142 38.7543
v -18.8571 1.4142 38.3401
v -17.8571 1.4142 38.7543
v -16.8571 -0.0000 39.7543
v -17.4429 -0.0000 41.1686
v -18.8571 -0.0000 41.7543
v -20.2714 -0.0000 41.1686
v -20.8571 -0.0000 39.7543
v -20.2714 -0.0000 38.3401
v -18.8571 -0.0000 37.7543
v -17.4429 -0.0000 38.3401
v -17.4429 -1.4142 39.7543
v -17.8571 -1.4142 40.7543
v -18.8571 -1.4142 41.1686
v -19.8571 -1.4142 40.7543
v -20.2714 -1.4142 39.7543
v -19.8571 -1.4142 38.7543
v -18.8571 -1.4142 38.3401
v -17.8571 -1.4142 38.7543
v -18.8571 -2.0000 39.7543
v -18.8571 -2.0000 39.7543
v -18.8571 -2.0000 39.7543
v -18.8571 -2.0000 39.7543
v -18.8571 -2.0000 39.7543
v -18.8571 -2.0000 39.7543
v -18.8571 -2.0000 39.7543
v -18.8571 -2.0000 39.7543
v -13.3340 15.3340 39.7543
v -13.3340 15.3340 39.7543
v -13.3340 15.3340 39.7543
v -13.3340 15.3340 39.7543
v -13.3340 15.3340 39.7543
v -13.3340 15.3340 39.7543
v -13.3340 15.3340 39.7543
v -13.3340 15.3340 39.7543
v -11.9198 14.7482 39.7543
v -12.3340 14.7482 40.7543
v -13.3340 14.7482 41.1686
v -14.3340 14.7482 40.7543
v -14.7482 14.7482 39.7543
v -14.3340 14.7482 38.7543
v -13.3340 14.7482 38.3401
v -12.3340 14.7482 38.7543
v -11.3340 13.3340 39.7543
v -11.9198 13.3340 41.1686
v -13.3340 13.3340 41.7543
v -14.7482 13.3340 41.1686
v -15.3340 13.3340 39.7543
v -14.7482 13.3340 38.3401
v -13.3340 13.3340 37.7543
v -11.9198 13.3340 38.3401
v -11.9198 11.9198 39.7543
v -12.3340 11.9198 40.7543
v -13.3340 11.9198 41.1686
v -14.3340 11.9198 40.7543
v -14.7482 11.9198 39.7543
v -14.3340 11.9198 38.7543
v -13.3340 11.9198 38.3401
v -12.3340 11.9198 38.7543
v -13.3340 11.3340 39.7543
v -13.3340 11.3340 39.7543
v -13.3340 11.3340 39.7543
v -13.3340 11.3340 39.7543
v -13.3340 11.3340 39.7543
v -13.3340 11.3340 39.7543
v -13.3340 11.3340 39.7543
v -13.3340 11.3340 39.7543
v -0.0000 20.8571 39.7543
v -0.0000 20.8571 39.7543
v -0.0000 20.8571 39.7543
v -0.0000 20.8571 39.7543
v -0.0000 20.8571 39.7543
v -0.0000 20.8571 39.7543
v -0.0000 20.8571 39.7543
v -0.0000 20.8571 39.7543
v 1.4142 20.2714 39.7543
v 1.0000 20.2714 40.7543
v -0.0000 20.2714 41.1686
v -1.0000 20.2714 40.7543
v -1.4142 20.2714 39.7543
v -1.0000 20.2714 38.7543
v -0.0000 20.2714 38.3401
v 1.0000 20.2714 38.7543
v 2.0000 18.8571 39.7543
v 1.4142 18.8571 41.1686
v -0.0000 18.8571 41.7543
v -1.4142 18.8571 41.1686
v -2.0000 18.8571 39.7543
v -1.4142 18.8571 38.3401
v -0.0000 18.8571 37.7543
v 1.4142 18.8571 38.3401
v 1.4142 17.4429 39.7543
v 1.0000 17.4429 40.7543
v -0.0000 17.4429 41.1686
v -1.0000 17.4429 40.7543
v -1.4142 17.4429 39.7543
v -1.0000 17.4429 38.7543
v -0.0000 17.4429 38.3401
v 1.0000 17.4429 38.7543
v -0.0000 16.8571 39.7543
v -0.0000 16.8571 39.7543
v -0.0000 16.8571 39.7543
v -0.0000 16.8571 39.7543
v -0.0000 16.8571 39.7543
v -0.0000 16.8571 39.7543
v -0.0000 16.8571 39.7543
v -0.0000 16.8571 39.7543
v 13.3340 15.3340 39.7543
v 13.3340 15.3340 39.7543
v 13.3340 15.3340 39.7543
v 13.3340 15.3340 39.7543
v 13.3340 15.3340 39.7543
v 13.3340 15.3340 39.7543
v 13.3340 15.3340 39.7543
v 13.3340 15.3340 39.7543
v 14.7482 14.7482 39.7543
v 14.3340 14.7482 40.7543
v 13.3340 14.7482 41.1686
v 12.3340 14.7482 40.7543
v 11.9198 14.7482 39.7543
v 12.3340 14.7482 38.7543
v 13.3340 14.7482 38.3401
v 14.3340 14.7482 38.7543
v 15.3340 13.3340 39.7543
v 14.7482 13.3340 41.1686
v 13.3340 13.3340 41.7543
v 11.9198 13.3340 41.1686
v 11.3340 13.3340 39.7543
v 11.9198 13.3340 38.3401
v 13.3340 13.3340 37.7543
v 14.7482 13.3340 38.3401
v 14.7482 11.9198 39.7543
v 14.3340 11.9198 40.7543
v 13.3340 11.9198 41.1686
v 12.3340 11.9198 40.7543
v 11.9198 11.9198 39.7543
v 12.3340 11.9198 38.7543
v 13.3340 11.9198 38.3401
v 14.3340 11.9198 38.7543
v 13.3340 11.3340 39.7543
v 13.3340 11.3340 39.7543
v 13.3340 11.3340 39.7543
v 13.3340 11.3340 39.7543
v 13.3340 11.3340 39.7543
v 13.3340 11.3340 39.7543
v 13.3340 11.3340 39.7543
v 13.3340 11.3340 39.7543
v 18.8571 2.0000 -39.7543
v 18.8571 2.0000 -39.7543
v 18.8571 2.0000 -39.7543
v 18.8571 2.0000 -39.7543
v 18.8571 2.0000 -39.7543
v 18.8571 2.0000 -39.7543
v 18.8571 2.0000 -39.7543
v 18.8571 2.0000 -39.7543
v 20.2714 1.4142 -39.7543
v 19.8571 1.4142 -38.7543
v 18.8571 1.4142 -38.3401
v 17.8571 1.4142 -38.7543
v 17.4429 1.4142 -39.7543
v 17.8571 1.4142 -40.7543
v 18.8571 1.4142 -41.1686
v 19.8571 1.4142 -40.7543
v 20.8571 0.0000 -39.7543
v 20.2714 0.0000 -38.3401
v 18.8571 0.0000 -37.7543
v 17.4429 0.0000 -38.3401
v 16.8571 0.0000 -39.7543
v 17.4429 0.0000 -41.1686
v 18.8571 0.0000 -41.7543
v 20.2714 0.0000 -41.1686
v 20.2714 -1.4142 -39.7543
v 19.8571 -1.4142 -38.7543
v 18.8571 -1.4142 -38.3401
v 17.8571 -1.4142 -38.7543
v 17.4429 -1.4142 -39.7543
v 17.8571 -1.4142 -40.7543
v 18.8571 -1.4142 -41.1686
v 19.8571 -1.4142 -40.7543
v 18.8571 -2.0000 -39.7543
v 18.8571 -2.0000 -39.7543
v 18.8571 -2.0000 -39.7543
v 18.8571 -2.0000 -39.7543
v 18.8571 -2.0000 -39.7543
v 18.8571 -2.0000 -39.7543
v 18.8571 -2.0000 -39.7543
v 18.8571 -2.0000 -39.7543
v 13.3340 -11.3340 -39.7543
v 13.3340 -11.3340 -39.7543
v 13.3340 -11.3340 -39.7543
v 13.3340 -11.3340 -39.7543
v 13.3340 -11.3340 -39.7543
v 13.3340 -11.3340 -39.7543
v 13.3340 -11.3340 -39.7543
v 13.3340 -11.3340 -39.7543
v 14.7482 -11.9198 -39.7543
v 14.3340 -11.9198 -38.7543
v 13.3340 -11.9198 -38.3401
v 12.3340 -11.9198 -38.7543
v 11.9198 -11.9198 -39.7543
v 12.3340 -11.9198 -40.7543
v 13.3340 -11.9198 -41.1686
v 14.3340 -11.9198 -40.7543
v 15.3340 -13.3340 -39.7543
v 14.7482 -13.3340 -38.3401
v 13.3340 -13.3340 -37.7543
v 11.9198 -13.3340 -38.3401
v 11.3340 -13.3340 -39.7543
v 11.9198 -13.3340 -41.1686
v 13.3340 -13.3340 -41.7543
v 14.7482 -13.3340 -41.1686
v 14.7482 -14.7482 -39.7543
v 14.3340 -14.7482 -38.7543
v 13.3340 -14.7482 -38.3401
v 12.3340 -14.7482 -38.7543
v 11.9198 -14.7482 -39.7543
v 12.3340 -14.7482 -40.7543
v 13.3340 -14.7482 -41.1686
v 14.3340 -14.7482 -40.7543
v 13.3340 -15.3340 -39.7543
v 13.3340 -15.3340 -39.7543
v 13.3340 -15.3340 -39.7543
v 13.3340 -15.3340 -39.7543
v 13.3340 -15.3340 -39.7543
v 13.3340 -15.3340 -39.7543
v 13.3340 -15.3340 -39.7543
v 13.3340 -15.3340 -39.7543
v 0.0000 -16.8571 -39.7543
v 0.0000 -16.8571 -39.7543
v 0.0000 -16.8571 -39.7543
v 0.0000 -16.8571 -39.7543
v 0.0000 -16.8571 -39.7543
v 0.0000 -16.8571 -39.7543
v 0.0000 -16.8571 -39.7543
v 0.0000 -16.8571 -39.7543
v 1.4142 -17.4429 -39.7543
v 1.0000 -17.4429 -38.7543
v 0.0000 -17.4429 -38.3401
v -1.0000 -17.4429 -38.7543
v -1.4142 -17.4429 -39.7543
v -1.0000 -17.4429 -40.7543
v 0.0000 -17.4429 -41.1686
v 1.0000 -17.4429 -40.7543
v 2.0000 -18.8571 -39.7543
v 1.4142 -18.8571 -38.3401
v 0.0000 -18.8571 -37.7543
v -1.4142 -18.8571 -38.3401
v -2.0000 -18.8571 -39.7543
v -1.4142 -18.8571 -41.1686
v 0.0000 -18.8571 -41.7543
v 1.4142 -18.8571 -41.1686
v 1.4142 -20.2714 -39.7543
v 1.0000 -20.2714 -38.7543
v 0.0000 -20.2714 -38.3401
v -1.0000 -20.2714 -38.7543
v -1.4142 -20.2714 -39.7543
v -1.0000 -20.2714 -40.7543
v 0.0000 -20.2714 -41.1686
v 1.0000 -20.2714 -40.7543
v 0.0000 -20.8571 -39.7543
v 0.0000 -20.8571 -39.7543
v 0.0000 -20.8571 -39.7543
v 0.0000 -20.8571 -39.7543
v 0.0000 -20.8571 -39.7543
v 0.0000 -20.8571 -39.7543
v 0.0000 -20.8571 -39.7543
v 0.0000 -20.8571 -39.7543
v -13.3340 -11.3340 -39.7543
v -13.3340 -11.3340 -39.7543
v -13.3340 -11.3340 -39.7543
v -13.3340 -11.3340 -39.7543
v -13.3340 -11.3340 -39.7543
v -13.3340 -11.3340 -39.7543
v -13.3340 -11.3340 -39.7543
v -13.3340 -11.3340 -39.7543
v -11.9198 -11.9198 -39.7543
v -12.3340 -11.9198 -38.7543
v -13.3340 -11.9198 -38.3401
v -14.3340 -11.9198 -38.7543
v -14.7482 -11.9198 -39.7543
v -14.3340 -11.9198 -40.7543
v -13.3340 -11.9198 -41.1686
v -12.3340 -11.9198 -40.7543
v -11.3340 -13.3340 -39.7543
v -11.9198 -13.3340 -38.3401
v -13.3340 -13.3340 -37.7543
v -14.7482 -13.3340 -38.3401
v -15.3340 -13.3340 -39.7543
v -14.7482 -13.3340 -41.1686
v -13.3340 -13.3340 -41.7543
v -11.9198 -13.3340 -41.1686
v -11.9198 -14.7482 -39.7543
v -12.3340 -14.7482 -38.7543
v -13.3340 -14.7482 -38.3401
v -14.3340 -14.7482 -38.7543
v -14.7482 -14.7482 -39.7543
v -14.3340 -14.7482 -40.7543
v -13.3340 -14.7482 -41.1686
v -12.3340 -14.7482 -40.7543
v -13.3340 -15.3340 -39.7543
v -13.3340 -15.3340 -39.7543
v -13.3340 -15.3340 -39.7543
v -13.3340 -15.3340 -39.7543
v -13.3340 -15.3340 -39.7543
v -13.3340 -15.3340 -39.7543
v -13.3340 -15.3340 -39.7543
v -13.3340 -15.3340 -39.7543
v -18.8571 2.0000 -39.7543
v -18.8571 2.0000 -39.7543
v -18.8571 2.0000 -39.7543
v -18.8571 2.0000 -39.7543
v -18.8571 2.0000 -39.7543
v -18.8571 2.0000 -39.7543
v -18.8571 2.0000 -39.7543
v -18.8571 2.0000 -39.7543
v -17.4429 1.4142 -39.7543
v -17.8571 1.4142 -38.7543
v -18.8571 1.4142 -38.3401
v -19.8571 1.4142 -38.7543
v -20.2714 1.4142 -39.7543
v -19.8571 1.4142 -40.7543
v -18.8571 1.4142 -41.1686
v -17.8571 1.4142 -40.7543
v -16.8571 -0.0000 -39.7543
v -17.4429 -0.0000 -38.3401
v -18.8571 -0.0000 -37.7543
v -20.2714 -0.0000 -38.3401
v -20.8571 -0.0000 -39.7543
v -20.2714 -0.0000 -41.1686
v -18.8571 -0.0000 -41.7543
v -17.4429 -0.0000 -41.1686
v -17.4429 -1.4142 -39.7543
v -17.8571 -1.4142 -38.7543
v -18.8571 -1.4142 -38.3401
v -19.8571 -1.4142 -38.7543
v -20.2714 -1.4142 -39.7543
v -19.8571 -1.4142 -40.7543
v -18.8571 -1.4142 -41.1686
v -17.8571 -1.4142 -40.7543
v -18.8571 -2.0000 -39.7543
v -18.8571 -2.0000 -39.7543
v -18.8571 -2.0000 -39.7543
v -18.8571 -2.0000 -39.7543
v -18.8571 -2.0000 -39.7543
v -18.8571 -2.0000 -39.7543
v -18.8571 -2.0000 -39.7543
v -18.8571 -2.0000 -39.7543
v -13.3340 15.3340 -39.7543
v -13.3340 15.3340 -39.7543
v -13.3340 15.3340 -39.7543
v -13.3340 15.3340 -39.7543
v -13.3340 15.3340 -39.7543
v -13.3340 15.3340 -39.7543
v -13.3340 15.3340 -39.7543
v -13.3340 15.3340 -39.7543
v -11.9198 14.7482 -39.7543
v -12.3340 14.7482 -38.7543
v -13.3340 14.7482 -38.3401
v -14.3340 14.7482 -38.7543
v -14.7482 14.7482 -39.7543
v -14.3340 14.7482 -40.7543
v -13.3340 14.7482 -41.1686
v -12.3340 14.7482 -40.7543
v -11.3340 13.3340 -39.7543
v -11.9198 13.3340 -38.3401
v -13.3340 13.3340 -37.7543
v -14.7482 13.3340 -38.3401
v -15.3340 13.3340 -39.7543
v -14.7482 13.3340 -41.1686
v -13.3340 13.3340 -41.7543
v -11.9198 13.3340 -41.1686
v -11.9198 11.9198 -39.7543
v -12.3340 11.9198 -38.7543
v -13.3340 11.9198 -38.3401
v -14.3340 11.9198 -38.7543
v -14.7482 11.9198 -39.7543
v -14.3340 11.9198 -40.7543
v -13.3340 11.9198 -41.1686
v -12.3340 11.9198 -40.7543
v -13.3340 11.3340 -39.7543
v -13.3340 11.3340 -39.7543
v -13.3340 11.3340 -39.7543
v -13.3340 11.3340 -39.7543
v -13.3340 11.3340 -39.7543
v -13.3340 11.3340 -39.7543
v -13.3340 11.3340 -39.7543
v -13.3340 11.3340 -39.7543
v -0.0000 20.8571 -39.7543
v -0.0000 20.8571 -39.7543
v -0.0000 20.8571 -39.7543
v -0.0000 20.8571 -39.7543
v -0.0000 20.8571 -39.7543
v -0.0000 20.8571 -39.7543
v -0.0000 20.8571 -39.7543
v -0.0000 20.8571 -39.7543
v 1.4142 20.2714 -39.7543
v 1.0000 20.2714 -38.7543
v -0.0000 20.2714 -38.3401
v -1.0000 20.2714 -38.7543
v -1.4142 20.2714 -39.7543
v -1.0000 20.2714 -40.7543
v -0.0000 20.2714 -41.1686
v 1.0000 20.2714 -40.7543
v 2.0000 18.8571 -39.7543
v 1.4142 18.8571 -38.3401
v -0.0000 18.8571 -37.7543
v -1.4142 18.8571 -38.3401
v -2.0000 18.8571 -39.7543
v -1.4142 18.8571 -41.1686
v -0.0000 18.8571 -41.7543
v 1.4142 18.8571 -41.1686
v 1.4142 17.4429 -39.7543
v 1.0000 17.4429 -38.7543
v -0.0000 17.4429 -38.3401
v -1.0000 17.4429 -38.7543
v -1.4142 17.4429 -39.7543
v -1.0000 17.4429 -40.7543
v -0.0000 17.4429 -41.1686
v 1.0000 17.4429 -40.7543
v -0.0000 16.8571 -39.7543
v -0.0000 16.8571 -39.7543
v -0.0000 16.8571 -39.7543
v -0.0000 16.8571 -39.7543
v -0.0000 16.8571 -39.7543
v -0.0000 16.8571 -39.7543
v -0.0000 16.8571 -39.7543
v -0.0000 16.8571 -39.7543
v 13.3340 15.3340 -39.7543
v 13.3340 15.3340 -39.7543
v 13.3340 15.3340 -39.7543
v 13.3340 15.3340 -39.7543
v 13.3340 15.3340 -39.7543
v 13.3340 15.3340 -39.7543
v 13.3340 15.3340 -39.7543
v 13.3340 15.3340 -39.7543
v 14.7482 14.7482 -39.7543
v 14.3340 14.7482 -38.7543
v 13.3340 14.7482 -38.3401
v 12.3340 14.7482 -38.7543
v 11.9198 14.7482 -39.7543
v 12.3340 14.7482 -40.7543
v 13.3340 14.7482 -41.1686
v 14.3340 14.7482 -40.7543
v 15.3340 13.3340 -39.7543
v 14.7482 13.3340 -38.3401
v 13.3340 13.3340 -37.7543
v 11.9198 13.3340 -38.3401
v 11.3340 13.3340 -39.7543
v 11.9198 13.3340 -41.1686
v 13.3340 13.3340 -41.7543
v 14.7482 13.3340 -41.1686
v 14.7482 11.9198 -39.7543
v 14.3340 11.9198 -38.7543
v 13.3340 11.9198 -38.3401
v 12.3340 11.9198 -38.7543
v 11.9198 11.9198 -39.7543
v 12.3340 11.9198 -40.7543
v 13.3340 11.9198 -41.1686
v 14.3340 11.9198 -40.7543
v 13.3340 11.3340 -39.7543
v 13.3340 11.3340 -39.7543
v 13.3340 11.3340 -39.7543
v 13.3340 11.3340 -39.7543
v 13.3340 11.3340 -39.7543
v 13.3340 11.3340 -39.7543
v 13.3340 11.3340 -39.7543
v 13.3340 11.3340 -39.7543
v 44.0000 0.0000 -2.0000
v 42.2763 -0.1698 -1.0000
v 42.2763 -0.1698 1.0000
v 44.0000 -0.0000 2.0000
v 45.7237 0.1698 1.0000
v 45.7237 0.1698 -1.0000
v 43.1546 8.5840 -2.0000
v 41.4308 8.4142 -1.0000
v 41.4308 8.4142 1.0000
v 43.1546 8.5840 2.0000
v 44.8783 8.7537 1.0000
v 44.8783 8.7537 -1.0000
v 44.0000 0.0000 0.0000
v 43.1546 8.5840 0.0000
v 43.1546 8.5840 -2.0000
v 41.4971 8.0812 -1.0000
v 41.4971 8.0812 1.0000
v 43.1546 8.5840 2.0000
v 44.8120 9.0868 1.0000
v 44.8120 9.0868 -1.0000
v 40.6507 16.8381 -2.0000
v 38.9932 16.3353 -1.0000
v 38.9932 16.3353 1.0000
v 40.6507 16.8381 2.0000
v 42.3082 17.3409 1.0000
v 42.3082 17.3409 -1.0000
v 43.1546 8.5840 0.0000
v 40.6507 16.8381 0.0000
v 40.6507 16.8381 -2.0000
v 39.1232 16.0216 -1.0000
v 39.1232 16.0216 1.0000
v 40.6507 16.8381 2.0000
v 42.1782 17.6546 1.0000
v 42.1782 17.6546 -1.0000
v 36.5847 24.4451 -2.0000
v 35.0571 23.6286 -1.0000
v 35.0571 23.6286 1.0000
v 36.5847 24.4451 2.0000
v 38.1122 25.2616 1.0000
v 38.1122 25.2616 -1.0000
v 40.6507 16.8381 0.0000
v 36.5847 24.4451 0.0000
v 36.5847 24.4451 -2.0000
v 35.2458 23.3463 -1.0000
v 35.2458 23.3463 1.0000
v 36.5847 24.4451 2.0000
v 37.9236 25.5439 1.0000
v 37.9236 25.5439 -1.0000
v 31.1127 31.1127 -2.0000
v 29.7738 30.0139 -1.0000
v 29.7738 30.0139 1.0000
v 31.1127 31.1127 2.0000
v 32.4516 32.2115 1.0000
v 32.4516 32.2115 -1.0000
v 36.5847 24.4451 0.0000
v 31.1127 31.1127 0.0000
v 31.1127 31.1127 -2.0000
v 30.0139 29.7738 -1.0000
v 30.0139 29.7738 1.0000
v 31.1127 31.1127 2.0000
v 32.2115 32.4516 1.0000
v 32.2115 32.4516 -1.0000
v 24.4451 36.5847 -2.0000
v 23.3463 35.2458 -1.0000
v 23.3463 35.2458 1.0000
v 24.4451 36.5847 2.0000
v 25.5439 37.9236 1.0000
v 25.5439 37.9236 -1.0000
v 31.1127 31.1127 0.0000
v 24.4451 36.5847 0.0000
v 24.4451 36.5847 -2.0000
v 23.6286 35.0571 -1.0000
v 23.6286 35.0571 1.0000
v 24.4451 36.5847 2.0000
v 25.2616 38.1122 1.0000
v 25.2616 38.1122 -1.0000
v 16.8381 40.6507 -2.0000
v 16.0216 39.1232 -1.0000
v 16.0216 39.1232 1.0000
v 16.8381 40.6507 2.0000
v 17.6546 42.1782 1.0000
v 17.6546 42.1782 -1.0000
v 24.4451 36.5847 0.0000
v 16.8381 40.6507 0.0000
v 16.8381 40.6507 -2.0000
v 16.3353 38.9932 -1.0000
v 16.3353 38.9932 1.0000
v 16.8381 40.6507 2.0000
v 17.3409 42.3082 1.0000
v 17.3409 42.3082 -1.0000
v 8.5840 43.1546 -2.0000
v 8.0812 41.4971 -1.0000
v 8.0812 41.4971 1.0000
v 8.5840 43.1546 2.0000
v 9.0868 44.8120 1.0000
v 9.0868 44.8120 -1.0000
v 16.8381 40.6507 0.0000
v 8.5840 43.1546 0.0000
v 8.5840 43.1546 -2.0000
v 8.4142 41.4308 -1.0000
v 8.4142 41.4308 1.0000
v 8.5840 43.1546 2.0000
v 8.7537 44.8783 1.0000
v 8.7537 44.8783 -1.0000
v 0.0000 44.0000 -2.0000
v -0.1698 42.2763 -1.0000
v -0.1698 42.2763 1.0000
v 0.0000 44.0000 2.0000
v 0.1698 45.7237 1.0000
v 0.1698 45.7237 -1.0000
v 8.5840 43.1546 0.0000
v 0.0000 44.0000 0.0000
v 0.0000 44.0000 -2.0000
v 0.1698 42.2763 -1.0000
v 0.1698 42.2763 1.0000
v 0.0000 44.0000 2.0000
v -0.1698 45.7237 1.0000
v -0.1698 45.7237 -1.0000
v -8.5840 43.1546 -2.0000
v -8.4142 41.4308 -1.0000
v -8.4142 41.4308 1.0000
v -8.5840 43.1546 2.0000
v -8.7537 44.8783 1.0000
v -8.7537 44.8783 -1.0000
v 0.0000 44.0000 0.0000
v -8.5840 43.1546 0.0000
v -8.5840 43.1546 -2.0000
v -8.0812 41.4971 -1.0000
v -8.0812 41.4971 1.0000
v -8.5840 43.1546 2.0000
v -9.0868 44.8120 1.0000
v -9.0868 44.8120 -1.0000
v -16.8381 40.6507 -2.0000
v -16.3353 38.9932 -1.0000
v -16.3353 38.9932 1.0000
v -16.8381 40.6507 2.0000
v -17.3409 42.3082 1.0000
v -17.3409 42.3082 -1.0000
v -8.5840 43.1546 0.0000
v -16.8381 40.6507 0.0000
v -16.8381 40.6507 -2.0000
v -16.0216 39.1232 -1.0000
v -16.0216 39.1232 1.0000
v -16.8381 40.6507 2.0000
v -17.6546 42.1782 1.0000
v -17.6546 42.1782 -1.0000
v -24.4451 36.5847 -2.0000
v -23.6286 35.0571 -1.0000
v -23.6286 35.0571 1.0000
v -24.4451 36.5847 2.0000
v -25.2616 38.1122 1.0000
v -25.2616 38.1122 -1.0000
v -16.8381 40.6507 0.0000
v -24.4451 36.5847 0.0000
v -24.4451 36.5847 -2.0000
v -23.3463 35.2458 -1.0000
v -23.3463 35.2458 1.0000
v -24.4451 36.5847 2.0000
v -25.5439 37.9236 1.0000
v -25.5439 37.9236 -1.0000
v -31.1127 31.1127 -2.0000
v -30.0139 29.7738 -1.0000
v -30.0139 29.7738 1.0000
v -31.1127 31.1127 2.0000
v -32.2115 32.4516 1.0000
v -32.2115 32.4516 -1.0000
v -24.4451 36.5847 0.0000
v -31.1127 31.1127 0.0000
v -31.1127 31.1127 -2.0000
v -29.7738 30.0139 -1.0000
v -29.7738 30.0139 1.0000
v -31.1127 31.1127 2.0000
v -32.4516 32.2115 1.0000
v -32.4516 32.2115 -1.0000
v -36.5847 24.4451 -2.0000
v -35.2458 23.3463 -1.0000
v -35.2458 23.3463 1.0000
v -36.5847 24.4451 2.0000
v -37.9236 25.5439 1.0000
v -37.9236 25.5439 -1.0000
v -31.1127 31.1127 0.0000
v -36.5847 24.4451 0.0000
v -36.5847 24.4451 -2.0000
v -35.0571 23.6286 -1.0000
v -35.0571 23.6286 1.0000
v -36.5847 24.4451 2.0000
v -38.1122 25.2616 1.0000
v -38.1122 25.2616 -1.0000
v -40.6507 16.8381 -2.0000
v -39.1232 16.0216 -1.0000
v -39.1232 16.0216 1.0000
v -40.6507 16.8381 2.0000
v -42.1782 17.6546 1.0000
v -42.1782 17.6546 -1.0000
v -36.5847 24.4451 0.0000
v -40.6507 16.8381 0.0000
v -40.6507 16.8381 2.0000
v -42.3082 17.3409 1.0000
v -42.3082 17.3409 -1.0000
v -40.6507 16.8381 -2.0000
v -38.9932 16.3353 -1.0000
v -38.9932 16.3353 1.0000
v -43.1546 8.5840 2.0000
v -44.8120 9.0868 1.0000
v -44.8120 9.0868 -1.0000
v -43.1546 8.5840 -2.0000
v -41.4971 8.0812 -1.0000
v -41.4971 8.0812 1.0000
v -40.6507 16.8381 0.0000
v -43.1546 8.5840 0.0000
v -43.1546 8.5840 2.0000
v -44.8783 8.7537 1.0000
v -44.8783 8.7537 -1.0000
v -43.1546 8.5840 -2.0000
v -41.4308 8.4142 -1.0000
v -41.4308 8.4142 1.0000
v -44.0000 0.0000 2.0000
v -45.7237 0.1698 1.0000
v -45.7237 0.1698 -1.0000
v -44.0000 0.0000 -2.0000
v -42.2763 -0.1698 -1.0000
v -42.2763 -0.1698 1.0000
v -43.1546 8.5840 0.0000
v -44.0000 0.0000 0.0000
v -44.0000 0.0000 2.0000
v -45.7237 -0.1698 1.0000
v -45.7237 -0.1698 -1.0000
v -44.0000 0.0000 -2.0000
v -42.2763 0.1698 -1.0000
v -42.2763 0.1698 1.0000
v -43.1546 -8.5840 2.0000
v -44.8783 -8.7537 1.0000
v -44.8783 -8.7537 -1.0000
v -43.1546 -8.5840 -2.0000
v -41.4308 -8.4142 -1.0000
v -41.4308 -8.4142 1.0000
v -44.0000 0.0000 0.0000
v -43.1546 -8.5840 0.0000
v -43.1546 -8.5840 2.0000
v -44.8120 -9.0868 1.0000
v -44.8120 -9.0868 -1.0000
v -43.1546 -8.5840 -2.0000
v -41.4971 -8.0812 -1.0000
v -41.4971 -8.0812 1.0000
v -40.6507 -16.8381 2.0000
v -42.3082 -17.3409 1.0000
v -42.3082 -17.3409 -1.0000
v -40.6507 -16.8381 -2.0000
v -38.9932 -16.3353 -1.0000
v -38.9932 -16.3353 1.0000
v -43.1546 -8.5840 0.0000
v -40.6507 -16.8381 0.0000
v -40.6507 -16.8381 2.0000
v -42.1782 -17.6546 1.0000
v -42.1782 -17.6546 -1.0000
v -40.6507 -16.8381 -2.0000
v -39.1232 -16.0216 -1.0000
v -39.1232 -16.0216 1.0000
v -36.5847 -24.4451 2.0000
v -38.1122 -25.2616 1.0000
v -38.1122 -25.2616 -1.0000
v -36.5847 -24.4451 -2.0000
v -35.0571 -23.6286 -1.0000
v -35.0571 -23.6286 1.0000
v -40.6507 -16.8381 0.0000
v -36.5847 -24.4451 0.0000
v -36.5847 -24.4451 2.0000
v -37.9236 -25.5439 1.0000
v -37.9236 -25.5439 -1.0000
v -36.5847 -24.4451 -2.0000
v -35.2458 -23.3463 -1.0000
v -35.2458 -23.3463 1.0000
v -31.1127 -31.1127 2.0000
v -32.4516 -32.2115 1.0000
v -32.4516 -32.2115 -1.0000
v -31.1127 -31.1127 -2.0000
v -29.7738 -30.0139 -1.0000
v -29.7738 -30.0139 1.0000
v -36.5847 -24.4451 0.0000
v -31.1127 -31.1127 0.0000
v -31.1127 -31.1127 2.0000
v -32.2115 -32.4516 1.0000
v -32.2115 -32.4516 -1.0000
v -31.1127 -31.1127 -2.0000
v -30.0139 -29.7738 -1.0000
v -30.0139 -29.7738 1.0000
v -24.4451 -36.5847 2.0000
v -25.5439 -37.9236 1.0000
v -25.5439 -37.9236 -1.0000
v -24.4451 -36.5847 -2.0000
v -23.3463 -35.2458 -1.0000
v -23.3463 -35.2458 1.0000
v -31.1127 -31.1127 0.0000
v -24.4451 -36.5847 0.0000
v -24.4451 -36.5847 2.0000
v -25.2616 -38.1122 1.0000
v -25.2616 -38.1122 -1.0000
v -24.4451 -36.5847 -2.0000
v -23.6286 -35.0571 -1.0000
v -23.6286 -35.0571 1.0000
v -16.8381 -40.6507 2.0000
v -17.6546 -42.1782 1.0000
v -17.6546 -42.1782 -1.0000
v -16.8381 -40.6507 -2.0000
v -16.0216 -39.1232 -1.0000
v -16.0216 -39.1232 1.0000
v -24.4451 -36.5847 0.0000
v -16.8381 -40.6507 0.0000
v -16.8381 -40.6507 2.0000
v -17.3409 -42.3082 1.0000
v -17.3409 -42.3082 -1.0000
v -16.8381 -40.6507 -2.0000
v -16.3353 -38.9932 -1.0000
v -16.3353 -38.9932 1.0000
v -8.5840 -43.1546 2.0000
v -9.0868 -44.8120 1.0000
v -9.0868 -44.8120 -1.0000
v -8.5840 -43.1546 -2.0000
v -8.0812 -41.4971 -1.0000
v -8.0812 -41.4971 1.0000
v -16.8381 -40.6507 0.0000
v -8.5840 -43.1546 0.0000
v -8.5840 -43.1546 2.0000
v -8.7537 -44.8783 1.0000
v -8.7537 -44.8783 -1.0000
v -8.5840 -43.1546 -2.0000
v -8.4142 -41.4308 -1.0000
v -8.4142 -41.4308 1.0000
v -0.0000 -44.0000 2.0000
v -0.1698 -45.7237 1.0000
v -0.1698 -45.7237 -1.0000
v -0.0000 -44.0000 -2.0000
v 0.1698 -42.2763 -1.0000
v 0.1698 -42.2763 1.0000
v -8.5840 -43.1546 0.0000
v -0.0000 -44.0000 0.0000
v -0.0000 -44.0000 2.0000
v 0.1698 -45.7237 1.0000
v 0.1698 -45.7237 -1.0000
v -0.0000 -44.0000 -2.0000
v -0.1698 -42.2763 -1.0000
v -0.1698 -42.2763 1.0000
v 8.5840 -43.1546 2.0000
v 8.7537 -44.8783 1.0000
v 8.7537 -44.8783 -1.0000
v 8.5840 -43.1546 -2.0000
v 8.4142 -41.4308 -1.0000
v 8.4142 -41.4308 1.0000
v -0.0000 -44.0000 0.0000
v 8.5840 -43.1546 0.0000
v 8.5840 -43.1546 2.0000
v 9.0868 -44.8120 1.0000
v 9.0868 -44.8120 -1.0000
v 8.5840 -43.1546 -2.0000
v 8.0812 -41.4971 -1.0000
v 8.0812 -41.4971 1.0000
v 16.8381 -40.6507 2.0000
v 17.3409 -42.3082 1.0000
v 17.3409 -42.3082 -1.0000
v 16.8381 -40.6507 -2.0000
v 16.3353 -38.9932 -1.0000
v 16.3353 -38.9932 1.0000
v 8.5840 -43.1546 0.0000
v 16.8381 -40.6507 0.0000
v 16.8381 -40.6507 2.0000
v 17.6546 -42.1782 1.0000
v 17.6546 -42.1782 -1.0000
v 16.8381 -40.6507 -2.0000
v 16.0216 -39.1232 -1.0000
v 16.0216 -39.1232 1.0000
v 24.4451 -36.5847 2.0000
v 25.2616 -38.1122 1.0000
v 25.2616 -38.1122 -1.0000
v 24.4451 -36.5847 -2.0000
v 23.6286 -35.0571 -1.0000
v 23.6286 -35.0571 1.0000
v 16.8381 -40.6507 0.0000
v 24.4451 -36.5847 0.0000
v 24.4451 -36.5847 2.0000
v 25.5439 -37.9236 1.0000
v 25.5439 -37.9236 -1.0000
v 24.4451 -36.5847 -2.0000
v 23.3463 -35.2458 -1.0000
v 23.3463 -35.2458 1.0000
v 31.1127 -31.1127 2.0000
v 32.2115 -32.4516 1.0000
v 32.2115 -32.4516 -1.0000
v 31.1127 -31.1127 -2.0000
v 30.0139 -29.7738 -1.0000
v 30.0139 -29.7738 1.0000
v 24.4451 -36.5847 0.0000
v 31.1127 -31.1127 0.0000
v 31.1127 -31.1127 2.0000
v 32.4516 -32.2115 1.0000
v 32.4516 -32.2115 -1.0000
v 31.1127 -31.1127 -2.0000
v 29.7738 -30.0139 -1.0000
v 29.7738 -30.0139 1.0000
v 36.5847 -24.4451 2.0000
v 37.9236 -25.5439 1.0000
v 37.9236 -25.5439 -1.0000
v 36.5847 -24.4451 -2.0000
v 35.2458 -23.3463 -1.0000
v 35.2458 -23.3463 1.0000
v 31.1127 -31.1127 0.0000
v 36.5847 -24.4451 0.0000
v 36.5847 -24.4451 2.0000
v 38.1122 -25.2616 1.0000
v 38.1122 -25.2616 -1.0000
v 36.5847 -24.4451 -2.0000
v 35.0571 -23.6286 -1.0000
v 35.0571 -23.6286 1.0000
v 40.6507 -16.8381 2.0000
v 42.1782 -17.6546 1.0000
v 42.1782 -17.6546 -1.0000
v 40.6507 -16.8381 -2.0000
v 39.1232 -16.0216 -1.0000
v 39.1232 -16.0216 1.0000
v 36.5847 -24.4451 0.0000
v 40.6507 -16.8381 0.0000
v 40.6507 -16.8381 -2.0000
v 38.9932 -16.3353 -1.0000
v 38.9932 -16.3353 1.0000
v 40.6507 -16.8381 2.0000
v 42.3082 -17.3409 1.0000
v 42.3082 -17.3409 -1.0000
v 43.1546 -8.5840 -2.0000
v 41.4971 -8.0812 -1.0000
v 41.4971 -8.0812 1.0000
v 43.1546 -8.5840 2.0000
v 44.8120 -9.0868 1.0000
v 44.8120 -9.0868 -1.0000
v 40.6507 -16.8381 0.0000
v 43.1546 -8.5840 0.0000
v 43.1546 -8.5840 -2.0000
v 41.4308 -8.4142 -1.0000
v 41.4308 -8.4142 1.0000
v 43.1546 -8.5840 2.0000
v 44.8783 -8.7537 1.0000
v 44.8783 -8.7537 -1.0000
v 44.0000 0.0000 -2.0000
v 42.2763 0.1698 -1.0000
v 42.2763 0.1698 1.0000
v 44.0000 0.0000 2.0000
v 45.7237 -0.1698 1.0000
v 45.7237 -0.1698 -1.0000
v 43.1546 -8.5840 0.0000
v 44.0000 0.0000 0.0000
v 0.0000 0.0000 -46.9150
v 0.0000 -2.6870 -48.0280
v 0.0000 -3.8000 -50.7150
v 0.0000 -2.6870 -53.4020
v 0.0000 -0.0000 -54.5150
v 0.0000 2.6870 -53.4020
v 0.0000 3.8000 -50.7150
v 0.0000 2.6870 -48.0280
v 65.0000 0.0000 -46.9150
v 65.0000 -2.6870 -48.0280
v 65.0000 -3.8000 -50.7150
v 65.0000 -2.6870 -53.4020
v 65.0000 -0.0000 -54.5150
v 65.0000 2.6870 -53.4020
v 65.0000 3.8000 -50.7150
v 65.0000 2.6870 -48.0280
v 0.0000 0.0000 -50.7150
v 65.0000 0.0000 -50.7150
v 65.0000 5.2000 -50.7150
v 65.0000 5.2000 -50.7150
v 65.0000 5.2000 -50.7150
v 65.0000 5.2000 -50.7150
v 65.0000 5.2000 -50.7150
v 65.0000 5.2000 -50.7150
v 65.0000 5.2000 -50.7150
v 65.0000 5.2000 -50.7150
v 65.0000 5.2000 -50.7150
v 65.0000 5.2000 -50.7150
v 67.6000 4.5033 -50.7150
v 67.1034 4.5033 -49.1868
v 65.8034 4.5033 -48.2423
v 64.1966 4.5033 -48.2423
v 62.8966 4.5033 -49.1868
v 62.4000 4.5033 -50.7150
v 62.8966 4.5033 -52.2432
v 64.1966 4.5033 -53.1877
v 65.8034 4.5033 -53.1877
v 67.1034 4.5033 -52.2432
v 69.5033 2.6000 -50.7150
v 68.6433 2.6000 -48.0680
v 66.3916 2.6000 -46.4321
v 63.6084 2.6000 -46.4321
v 61.3567 2.6000 -48.0680
v 60.4967 2.6000 -50.7150
v 61.3567 2.6000 -53.3620
v 63.6084 2.6000 -54.9979
v 66.3916 2.6000 -54.9979
v 68.6433 2.6000 -53.3620
v 70.2000 0.0000 -50.7150
v 69.2069 0.0000 -47.6585
v 66.6069 0.0000 -45.7695
v 63.3931 0.0000 -45.7695
v 60.7931 0.0000 -47.6585
v 59.8000 0.0000 -50.7150
v 60.7931 0.0000 -53.7715
v 63.3931 0.0000 -55.6605
v 66.6069 0.0000 -55.6605
v 69.2069 0.0000 -53.7715
v 69.5033 -2.6000 -50.7150
v 68.6433 -2.6000 -48.0680
v 66.3916 -2.6000 -46.4321
v 63.6084 -2.6000 -46.4321
v 61.3567 -2.6000 -48.0680
v 60.4967 -2.6000 -50.7150
v 61.3567 -2.6000 -53.3620
v 63.6084 -2.6000 -54.9979
v 66.3916 -2.6000 -54.9979
v 68.6433 -2.6000 -53.3620
v 67.6000 -4.5033 -50.7150
v 67.1034 -4.5033 -49.1868
v 65.8034 -4.5033 -48.2423
v 64.1966 -4.5033 -48.2423
v 62.8966 -4.5033 -49.1868
v 62.4000 -4.5033 -50.7150
v 62.8966 -4.5033 -52.2432
v 64.1966 -4.5033 -53.1877
v 65.8034 -4.5033 -53.1877
v 67.1034 -4.5033 -52.2432
v 65.0000 -5.2000 -50.7150
v 65.0000 -5.2000 -50.7150
v 65.0000 -5.2000 -50.7150
v 65.0000 -5.2000 -50.7150
v 65.0000 -5.2000 -50.7150
v 65.0000 -5.2000 -50.7150
v 65.0000 -5.2000 -50.7150
v 65.0000 -5.2000 -50.7150
v 65.0000 -5.2000 -50.7150
v 65.0000 -5.2000 -50.7150
v 63.5000 0.0000 -54.7150
v 63.9393 -1.0607 -54.7150
v 65.0000 -1.5000 -54.7150
v 66.0607 -1.0607 -54.7150
v 66.5000 -0.0000 -54.7150
v 66.0607 1.0607 -54.7150
v 65.0000 1.5000 -54.7150
v 63.9393 1.0607 -54.7150
v 63.5000 0.0000 -46.7150
v 63.9393 -1.0607 -46.7150
v 65.0000 -1.5000 -46.7150
v 66.0607 -1.0607 -46.7150
v 66.5000 -0.0000 -46.7150
v 66.0607 1.0607 -46.7150
v 65.0000 1.5000 -46.7150
v 63.9393 1.0607 -46.7150
v 65.0000 0.0000 -54.7150
v 65.0000 0.0000 -46.7150
v 0.0000 0.0000 -54.5150
v -2.3270 -1.3435 -53.4020
v -3.2909 -1.9000 -50.7150
v -2.3270 -1.3435 -48.0280
v -0.0000 -0.0000 -46.9150
v 2.3270 1.3435 -48.0280
v 3.2909 1.9000 -50.7150
v 2.3270 1.3435 -53.4020
v -32.5000 56.2917 -54.5150
v -34.8270 54.9481 -53.4020
v -35.7909 54.3917 -50.7150
v -34.8270 54.9481 -48.0280
v -32.5000 56.2917 -46.9150
v -30.1730 57.6352 -48.0280
v -29.2091 58.1917 -50.7150
v -30.1730 57.6352 -53.4020
v 0.0000 0.0000 -50.7150
v -32.5000 56.2917 -50.7150
v -32.5000 61.4917 -50.7150
v -32.5000 61.4917 -50.7150
v -32.5000 61.4917 -50.7150
v -32.5000 61.4917 -50.7150
v -32.5000 61.4917 -50.7150
v -32.5000 61.4917 -50.7150
v -32.5000 61.4917 -50.7150
v -32.5000 61.4917 -50.7150
v -32.5000 61.4917 -50.7150
v -32.5000 61.4917 -50.7150
v -29.9000 60.7950 -50.7150
v -30.3966 60.7950 -49.1868
v -31.6966 60.7950 -48.2423
v -33.3034 60.7950 -48.2423
v -34.6034 60.7950 -49.1868
v -35.1000 60.7950 -50.7150
v -34.6034 60.7950 -52.2432
v -33.3034 60.7950 -53.1877
v -31.6966 60.7950 -53.1877
v -30.3966 60.7950 -52.2432
v -27.9967 58.8917 -50.7150
v -28.8567 58.8917 -48.0680
v -31.1084 58.8917 -46.4321
v -33.8916 58.8917 -46.4321
v -36.1433 58.8917 -48.0680
v -37.0033 58.8917 -50.7150
v -36.1433 58.8917 -53.3620
v -33.8916 58.8917 -54.9979
v -31.1084 58.8917 -54.9979
v -28.8567 58.8917 -53.3620
v -27.3000 56.2917 -50.7150
v -28.2931 56.2917 -47.6585
v -30.8931 56.2917 -45.7695
v -34.1069 56.2917 -45.7695
v -36.7069 56.2917 -47.6585
v -37.7000 56.2917 -50.7150
v -36.7069 56.2917 -53.7715
v -34.1069 56.2917 -55.6605
v -30.8931 56.2917 -55.6605
v -28.2931 56.2917 -53.7715
v -27.9967 53.6917 -50.7150
v -28.8567 53.6917 -48.0680
v -31.1084 53.6917 -46.4321
v -33.8916 53.6917 -46.4321
v -36.1433 53.6917 -48.0680
v -37.0033 53.6917 -50.7150
v -36.1433 53.6917 -53.3620
v -33.8916 53.6917 -54.9979
v -31.1084 53.6917 -54.9979
v -28.8567 53.6917 -53.3620
v -29.9000 51.7883 -50.7150
v -30.3966 51.7883 -49.1868
v -31.6966 51.7883 -48.2423
v -33.3034 51.7883 -48.2423
v -34.6034 51.7883 -49.1868
v -35.1000 51.7883 -50.7150
v -34.6034 51.7883 -52.2432
v -33.3034 51.7883 -53.1877
v -31.6966 51.7883 -53.1877
v -30.3966 51.7883 -52.2432
v -32.5000 51.0917 -50.7150
v -32.5000 51.0917 -50.7150
v -32.5000 51.0917 -50.7150
v -32.5000 51.0917 -50.7150
v -32.5000 51.0917 -50.7150
v -32.5000 51.0917 -50.7150
v -32.5000 51.0917 -50.7150
v -32.5000 51.0917 -50.7150
v -32.5000 51.0917 -50.7150
v -32.5000 51.0917 -50.7150
v -34.0000 56.2917 -54.7150
v -33.5607 55.2310 -54.7150
v -32.5000 54.7917 -54.7150
v -31.4393 55.2310 -54.7150
v -31.0000 56.2917 -54.7150
v -31.4393 57.3523 -54.7150
v -32.5000 57.7917 -54.7150
v -33.5607 57.3523 -54.7150
v -34.0000 56.2917 -46.7150
v -33.5607 55.2310 -46.7150
v -32.5000 54.7917 -46.7150
v -31.4393 55.2310 -46.7150
v -31.0000 56.2917 -46.7150
v -31.4393 57.3523 -46.7150
v -32.5000 57.7917 -46.7150
v -33.5607 57.3523 -46.7150
v -32.5000 56.2917 -54.7150
v -32.5000 56.2917 -46.7150
v 0.0000 0.0000 -54.5150
v 2.3270 -1.3435 -53.4020
v 3.2909 -1.9000 -50.7150
v 2.3270 -1.3435 -48.0280
v 0.0000 -0.0000 -46.9150
v -2.3270 1.3435 -48.0280
v -3.2909 1.9000 -50.7150
v -2.3270 1.3435 -53.4020
v -32.5000 -56.2917 -54.5150
v -30.1730 -57.6352 -53.4020
v -29.2091 -58.1917 -50.7150
v -30.1730 -57.6352 -48.0280
v -32.5000 -56.2917 -46.9150
v -34.8270 -54.9481 -48.0280
v -35.7909 -54.3917 -50.7150
v -34.8270 -54.9481 -53.4020
v 0.0000 0.0000 -50.7150
v -32.5000 -56.2917 -50.7150
v -32.5000 -51.0917 -50.7150
v -32.5000 -51.0917 -50.7150
v -32.5000 -51.0917 -50.7150
v -32.5000 -51.0917 -50.7150
v -32.5000 -51.0917 -50.7150
v -32.5000 -51.0917 -50.7150
v -32.5000 -51.0917 -50.7150
v -32.5000 -51.0917 -50.7150
v -32.5000 -51.0917 -50.7150
v -32.5000 -51.0917 -50.7150
v -29.9000 -51.7883 -50.7150
v -30.3966 -51.7883 -49.1868
v -31.6966 -51.7883 -48.2423
v -33.3034 -51.7883 -48.2423
v -34.6034 -51.7883 -49.1868
v -35.1000 -51.7883 -50.7150
v -34.6034 -51.7883 -52.2432
v -33.3034 -51.7883 -53.1877
v -31.6966 -51.7883 -53.1877
v -30.3966 -51.7883 -52.2432
v -27.9967 -53.6917 -50.7150
v -28.8567 -53.6917 -48.0680
v -31.1084 -53.6917 -46.4321
v -33.8916 -53.6917 -46.4321
v -36.1433 -53.6917 -48.0680
v -37.0033 -53.6917 -50.7150
v -36.1433 -53.6917 -53.3620
v -33.8916 -53.6917 -54.9979
v -31.1084 -53.6917 -54.9979
v -28.8567 -53.6917 -53.3620
v -27.3000 -56.2917 -50.7150
v -28.2931 -56.2917 -47.6585
v -30.8931 -56.2917 -45.7695
v -34.1069 -56.2917 -45.7695
v -36.7069 -56.2917 -47.6585
v -37.7000 -56.2917 -50.7150
v -36.7069 -56.2917 -53.7715
v -34.1069 -56.2917 -55.6605
v -30.8931 -56.2917 -55.6605
v -28.2931 -56.2917 -53.7715
v -27.9967 -58.8917 -50.7150
v -28.8567 -58.8917 -48.0680
v -31.1084 -58.8917 -46.4321
v -33.8916 -58.8917 -46.4321
v -36.1433 -58.8917 -48.0680
v -37.0033 -58.8917 -50.7150
v -36.1433 -58.8917 -53.3620
v -33.8916 -58.8917 -54.9979
v -31.1084 -58.8917 -54.9979
v -28.8567 -58.8917 -53.3620
v -29.9000 -60.7950 -50.7150
v -30.3966 -60.7950 -49.1868
v -31.6966 -60.7950 -48.2423
v -33.3034 -60.7950 -48.2423
v -34.6034 -60.7950 -49.1868
v -35.1000 -60.7950 -50.7150
v -34.6034 -60.7950 -52.2432
v -33.3034 -60.7950 -53.1877
v -31.6966 -60.7950 -53.1877
v -30.3966 -60.7950 -52.2432
v -32.5000 -61.4917 -50.7150
v -32.5000 -61.4917 -50.7150
v -32.5000 -61.4917 -50.7150
v -32.5000 -61.4917 -50.7150
v -32.5000 -61.4917 -50.7150
v -32.5000 -61.4917 -50.7150
v -32.5000 -61.4917 -50.7150
v -32.5000 -61.4917 -50.7150
v -32.5000 -61.4917 -50.7150
v -32.5000 -61.4917 -50.7150
v -34.0000 -56.2917 -54.7150
v -33.5607 -57.3523 -54.7150
v -32.5000 -57.7917 -54.7150
v -31.4393 -57.3523 -54.7150
v -31.0000 -56.2917 -54.7150
v -31.4393 -55.2310 -54.7150
v -32.5000 -54.7917 -54.7150
v -33.5607 -55.2310 -54.7150
v -34.0000 -56.2917 -46.7150
v -33.5607 -57.3523 -46.7150
v -32.5000 -57.7917 -46.7150
v -31.4393 -57.3523 -46.7150
v -31.0000 -56.2917 -46.7150
v -31.4393 -55.2310 -46.7150
v -32.5000 -54.7917 -46.7150
v -33.5607 -55.2310 -46.7150
v -32.5000 -56.2917 -54.7150
v -32.5000 -56.2917 -46.7150
g truss_assembly
usemtl truss_assembly
f 1 2 14
f 1 14 13
f 2 3 15
f 2 15 14
f 3 4 16
f 3 16 15
f 4 5 17
f 4 17 16
f 5 6 18
f 5 18 17
f 6 7 19
f 6 19 18
f 7 8 20
f 7 20 19
f 8 9 21
f 8 21 20
f 9 10 22
f 9 22 21
f 10 11 23
f 10 23 22
f 11 12 24
f 11 24 23
f 12 1 13
f 12 13 24
f 25 2 1
f 26 13 14
f 25 3 2
f 26 14 15
f 25 4 3
f 26 15 16
f 25 5 4
f 26 16 17
f 25 6 5
f 26 17 18
f 25 7 6
f 26 18 19
f 25 8 7
f 26 19 20
f 25 9 8
f 26 20 21
f 25 10 9
f 26 21 22
f 25 11 10
f 26 22 23
f 25 12 11
f 26 23 24
f 25 1 12
f 26 24 13
f 27 28 44
f 27 44 43
f 28 29 45
f 28 45 44
f 29 30 46
f 29 46 45
f 30 31 47
f 30 47 46
f 31 32 48
f 31 48 47
f 32 33 49
f 32 49 48
f 33 34 50
f 33 50 49
f 34 35 51
f 34 51 50
f 35 36 52
f 35 52 51
f 36 37 53
f 36 53 52
f 37 38 54
f 37 54 53
f 38 39 55
f 38 55 54
f 39 40 56
f 39 56 55
f 40 41 57
f 40 57 56
f 41 42 58
f 41 58 57
f 42 27 43
f 42 43 58
f 59 28 27
f 60 43 44
f 59 29 28
f 60 44 45
f 59 30 29
f 60 45 46
f 59 31 30
f 60 46 47
f 59 32 31
f 60 47 48
f 59 33 32
f 60 48 49
f 59 34 33
f 60 49 50
f 59 35 34
f 60 50 51
f 59 36 35
f 60 51 52
f 59 37 36
f 60 52 53
f 59 38 37
f 60 53 54
f 59 39 38
f 60 54 55
f 59 40 39
f 60 55 56
f 59 41 40
f 60 56 57
f 59 42 41
f 60 57 58
f 59 27 42
f 60 58 43
f 61 62 78
f 61 78 77
f 62 63 79
f 62 79 78
f 63 64 80
f 63 80 79
f 64 65 81
f 64 81 80
f 65 66 82
f 65 82 81
f 66 67 83
f 66 83 82
f 67 68 84
f 67 84 83
f 68 69 85
f 68 85 84
f 69 70 86
f 69 86 85
f 70 71 87
f 70 87 86
f 71 72 88
f 71 88 87
f 72 73 89
f 72 89 88
f 73 74 90
f 73 90 89
f 74 75 91
f 74 91 90
f 75 76 92
f 75 92 91
f 76 61 77
f 76 77 92
f 93 62 61
f 94 77 78
f 93 63 62
f 94 78 79
f 93 64 63
f 94 79 80
f 93 65 64
f 94 80 81
f 93 66 65
f 94 81 82
f 93 67 66
f 94 82 83
f 93 68 67
f 94 83 84
f 93 69 68
f 94 84 85
f 93 70 69
f 94 85 86
f 93 71 70
f 94 86 87
f 93 72 71
f 94 87 88
f 93 73 72
f 94 88 89
f 93 74 73
f 94 89 90
f 93 75 74
f 94 90 91
f 93 76 75
f 94 91 92
f 93 61 76
f 94 92 77
f 95 96 108
f 95 108 107
f 96 97 109
f 96 109 108
f 97 98 110
f 97 110 109
f 98 99 111
f 98 111 110
f 99 100 112
f 99 112 111
f 100 101 113
f 100 113 112
f 101 102 114
f 101 114 113
f 102 103 115
f 102 115 114
f 103 104 116
f 103 116 115
f 104 105 117
f 104 117 116
f 105 106 118
f 105 118 117
f 106 95 107
f 106 107 118
f 119 96 95
f 120 107 108
f 119 97 96
f 120 108 109
f 119 98 97
f 120 109 110
f 119 99 98
f 120 110 111
f 119 100 99
f 120 111 112
f 119 101 100
f 120 112 113
f 119 102 101
f 120 113 114
f 119 103 102
f 120 114 115
f 119 104 103
f 120 115 116
f 119 105 104
f 120 116 117
f 119 106 105
f 120 117 118
f 119 95 106
f 120 118 107
f 121 122 134
f 121 134 133
f 122 123 135
f 122 135 134
f 123 124 136
f 123 136 135
f 124 125 137
f 124 137 136
f 125 126 138
f 125 138 137
f 126 127 139
f 126 139 138
f 127 128 140
f 127 140 139
f 128 129 141
f 128 141 140
f 129 130 142
f 129 142 141
f 130 131 143
f 130 143 142
f 131 132 144
f 131 144 143
f 132 121 133
f 132 133 144
f 145 122 121
f 146 133 134
f 145 123 122
f 146 134 135
f 145 124 123
f 146 135 136
f 145 125 124
f 146 136 137
f 145 126 125
f 146 137 138
f 145 127 126
f 146 138 139
f 145 128 127
f 146 139 140
f 145 129 128
f 146 140 141
f 145 130 129
f 146 141 142
f 145 131 130
f 146 142 143
f 145 132 131
f 146 143 144
f 145 121 132
f 146 144 133
f 147 148 154
f 147 154 153
f 148 149 155
f 148 155 154
f 149 150 156
f 149 156 155
f 150 151 157
f 150 157 156
f 151 152 158
f 151 158 157
f 152 147 153
f 152 153 158
f 159 148 147
f 160 153 154
f 159 149 148
f 160 154 155
f 159 150 149
f 160 155 156
f 159 151 150
f 160 156 157
f 159 152 151
f 160 157 158
f 159 147 152
f 160 158 153
f 161 162 168
f 161 168 167
f 162 163 169
f 162 169 168
f 163 164 170
f 163 170 169
f 164 165 171
f 164 171 170
f 165 166 172
f 165 172 171
f 166 161 167
f 166 167 172
f 173 162 161
f 174 167 168
f 173 163 162
f 174 168 169
f 173 164 163
f 174 169 170
f 173 165 164
f 174 170 171
f 173 166 165
f 174 171 172
f 173 161 166
f 174 172 167
f 175 176 182
f 175 182 181
f 176 177 183
f 176 183 182
f 177 178 184
f 177 184 183
f 178 179 185
f 178 185 184
f 179 180 186
f 179 186 185
f 180 175 181
f 180 181 186
f 187 176 175
f 188 181 182
f 187 177 176
f 188 182 183
f 187 178 177
f 188 183 184
f 187 179 178
f 188 184 185
f 187 180 179
f 188 185 186
f 187 175 180
f 188 186 181
f 189 190 196
f 189 196 195
f 190 191 197
f 190 197 196
f 191 192 198
f 191 198 197
f 192 193 199
f 192 199 198
f 193 194 200
f 193 200 199
f 194 189 195
f 194 195 200
f 201 190 189
f 202 195 196
f 201 191 190
f 202 196 197
f 201 192 191
f 202 197 198
f 201 193 192
f 202 198 199
f 201 194 193
f 202 199 200
f 201 189 194
f 202 200 195
f 203 204 210
f 203 210 209
f 204 205 211
f 204 211 210
f 205 206 212
f 205 212 211
f 206 207 213
f 206 213 212
f 207 208 214
f 207 214 213
f 208 203 209
f 208 209 214
f 215 204 203
f 216 209 210
f 215 205 204
f 216 210 211
f 215 206 205
f 216 211 212
f 215 207 206
f 216 212 213
f 215 208 207
f 216 213 214
f 215 203 208
f 216 214 209
f 217 218 224
f 217 224 223
f 218 219 225
f 218 225 224
f 219 220 226
f 219 226 225
f 220 221 227
f 220 227 226
f 221 222 228
f 221 228 227
f 222 217 223
f 222 223 228
f 229 218 217
f 230 223 224
f 229 219 218
f 230 224 225
f 229 220 219
f 230 225 226
f 229 221 220
f 230 226 227
f 229 222 221
f 230 227 228
f 229 217 222
f 230 228 223
f 231 232 238
f 231 238 237
f 232 233 239
f 232 239 238
f 233 234 240
f 233 240 239
f 234 235 241
f 234 241 240
f 235 236 242
f 235 242 241
f 236 231 237
f 236 237 242
f 243 232 231
f 244 237 238
f 243 233 232
f 244 238 239
f 243 234 233
f 244 239 240
f 243 235 234
f 244 240 241
f 243 236 235
f 244 241 242
f 243 231 236
f 244 242 237
f 245 246 252
f 245 252 251
f 246 247 253
f 246 253 252
f 247 248 254
f 247 254 253
f 248 249 255
f 248 255 254
f 249 250 256
f 249 256 255
f 250 245 251
f 250 251 256
f 257 246 245
f 258 251 252
f 257 247 246
f 258 252 253
f 257 248 247
f 258 253 254
f 257 249 248
f 258 254 255
f 257 250 249
f 258 255 256
f 257 245 250
f 258 256 251
f 259 260 266
f 259 266 265
f 260 261 267
f 260 267 266
f 261 262 268
f 261 268 267
f 262 263 269
f 262 269 268
f 263 264 270
f 263 270 269
f 264 259 265
f 264 265 270
f 271 260 259
f 272 265 266
f 271 261 260
f 272 266 267
f 271 262 261
f 272 267 268
f 271 263 262
f 272 268 269
f 271 264 263
f 272 269 270
f 271 259 264
f 272 270 265
f 273 274 280
f 273 280 279
f 274 275 281
f 274 281 280
f 275 276 282
f 275 282 281
f 276 277 283
f 276 283 282
f 277 278 284
f 277 284 283
f 278 273 279
f 278 279 284
f 285 274 273
f 286 279 280
f 285 275 274
f 286 280 281
f 285 276 275
f 286 281 282
f 285 277 276
f 286 282 283
f 285 278 277
f 286 283 284
f 285 273 278
f 286 284 279
f 287 288 294
f 287 294 293
f 288 289 295
f 288 295 294
f 289 290 296
f 289 296 295
f 290 291 297
f 290 297 296
f 291 292 298
f 291 298 297
f 292 287 293
f 292 293 298
f 299 288 287
f 300 293 294
f 299 289 288
f 300 294 295
f 299 290 289
f 300 295 296
f 299 291 290
f 300 296 297
f 299 292 291
f 300 297 298
f 299 287 292
f 300 298 293
f 301 302 308
f 301 308 307
f 302 303 309
f 302 309 308
f 303 304 310
f 303 310 309
f 304 305 311
f 304 311 310
f 305 306 312
f 305 312 311
f 306 301 307
f 306 307 312
f 313 302 301
f 314 307 308
f 313 303 302
f 314 308 309
f 313 304 303
f 314 309 310
f 313 305 304
f 314 310 311
f 313 306 305
f 314 311 312
f 313 301 306
f 314 312 307
f 315 316 322
f 315 322 321
f 316 317 323
f 316 323 322
f 317 318 324
f 317 324 323
f 318 319 325
f 318 325 324
f 319 320 326
f 319 326 325
f 320 315 321
f 320 321 326
f 327 316 315
f 328 321 322
f 327 317 316
f 328 322 323
f 327 318 317
f 328 323 324
f 327 319 318
f 328 324 325
f 327 320 319
f 328 325 326
f 327 315 320
f 328 326 321
f 329 330 336
f 329 336 335
f 330 331 337
f 330 337 336
f 331 332 338
f 331 338 337
f 332 333 339
f 332 339 338
f 333 334 340
f 333 340 339
f 334 329 335
f 334 335 340
f 341 330 329
f 342 335 336
f 341 331 330
f 342 336 337
f 341 332 331
f 342 337 338
f 341 333 332
f 342 338 339
f 341 334 333
f 342 339 340
f 341 329 334
f 342 340 335
f 343 344 350
f 343 350 349
f 344 345 351
f 344 351 350
f 345 346 352
f 345 352 351
f 346 347 353
f 346 353 352
f 347 348 354
f 347 354 353
f 348 343 349
f 348 349 354
f 355 344 343
f 356 349 350
f 355 345 344
f 356 350 351
f 355 346 345
f 356 351 352
f 355 347 346
f 356 352 353
f 355 348 347
f 356 353 354
f 355 343 348
f 356 354 349
f 357 358 364
f 357 364 363
f 358 359 365
f 358 365 364
f 359 360 366
f 359 366 365
f 360 361 367
f 360 367 366
f 361 362 368
f 361 368 367
f 362 357 363
f 362 363 368
f 369 358 357
f 370 363 364
f 369 359 358
f 370 364 365
f 369 360 359
f 370 365 366
f 369 361 360
f 370 366 367
f 369 362 361
f 370 367 368
f 369 357 362
f 370 368 363
f 371 372 378
f 371 378 377
f 372 373 379
f 372 379 378
f 373 374 380
f 373 380 379
f 374 375 381
f 374 381 380
f 375 376 382
f 375 382 381
f 376 371 377
f 376 377 382
f 383 372 371
f 384 377 378
f 383 373 372
f 384 378 379
f 383 374 373
f 384 379 380
f 383 375 374
f 384 380 381
f 383 376 375
f 384 381 382
f 383 371 376
f 384 382 377
f 385 386 392
f 385 392 391
f 386 387 393
f 386 393 392
f 387 388 394
f 387 394 393
f 388 389 395
f 388 395 394
f 389 390 396
f 389 396 395
f 390 385 391
f 390 391 396
f 397 386 385
f 398 391 392
f 397 387 386
f 398 392 393
f 397 388 387
f 398 393 394
f 397 389 388
f 398 394 395
f 397 390 389
f 398 395 396
f 397 385 390
f 398 396 391
f 399 400 406
f 399 406 405
f 400 401 407
f 400 407 406
f 401 402 408
f 401 408 407
f 402 403 409
f 402 409 408
f 403 404 410
f 403 410 409
f 404 399 405
f 404 405 410
f 411 400 399
f 412 405 406
f 411 401 400
f 412 406 407
f 411 402 401
f 412 407 408
f 411 403 402
f 412 408 409
f 411 404 403
f 412 409 410
f 411 399 404
f 412 410 405
f 413 414 420
f 413 420 419
f 414 415 421
f 414 421 420
f 415 416 422
f 415 422 421
f 416 417 423
f 416 423 422
f 417 418 424
f 417 424 423
f 418 413 419
f 418 419 424
f 425 414 413
f 426 419 420
f 425 415 414
f 426 420 421
f 425 416 415
f 426 421 422
f 425 417 416
f 426 422 423
f 425 418 417
f 426 423 424
f 425 413 418
f 426 424 419
f 427 428 434
f 427 434 433
f 428 429 435
f 428 435 434
f 429 430 436
f 429 436 435
f 430 431 437
f 430 437 436
f 431 432 438
f 431 438 437
f 432 427 433
f 432 433 438
f 439 428 427
f 440 433 434
f 439 429 428
f 440 434 435
f 439 430 429
f 440 435 436
f 439 431 430
f 440 436 437
f 439 432 431
f 440 437 438
f 439 427 432
f 440 438 433
f 441 442 448
f 441 448 447
f 442 443 449
f 442 449 448
f 443 444 450
f 443 450 449
f 444 445 451
f 444 451 450
f 445 446 452
f 445 452 451
f 446 441 447
f 446 447 452
f 453 442 441
f 454 447 448
f 453 443 442
f 454 448 449
f 453 444 443
f 454 449 450
f 453 445 444
f 454 450 451
f 453 446 445
f 454 451 452
f 453 441 446
f 454 452 447
f 455 456 462
f 455 462 461
f 456 457 463
f 456 463 462
f 457 458 464
f 457 464 463
f 458 459 465
f 458 465 464
f 459 460 466
f 459 466 465
f 460 455 461
f 460 461 466
f 467 456 455
f 468 461 462
f 467 457 456
f 468 462 463
f 467 458 457
f 468 463 464
f 467 459 458
f 468 464 465
f 467 460 459
f 468 465 466
f 467 455 460
f 468 466 461
f 469 470 476
f 469 476 475
f 470 471 477
f 470 477 476
f 471 472 478
f 471 478 477
f 472 473 479
f 472 479 478
f 473 474 480
f 473 480 479
f 474 469 475
f 474 475 480
f 481 470 469
f 482 475 476
f 481 471 470
f 482 476 477
f 481 472 471
f 482 477 478
f 481 473 472
f 482 478 479
f 481 474 473
f 482 479 480
f 481 469 474
f 482 480 475
f 483 484 490
f 483 490 489
f 484 485 491
f 484 491 490
f 485 486 492
f 485 492 491
f 486 487 493
f 486 493 492
f 487 488 494
f 487 494 493
f 488 483 489
f 488 489 494
f 495 484 483
f 496 489 490
f 495 485 484
f 496 490 491
f 495 486 485
f 496 491 492
f 495 487 486
f 496 492 493
f 495 488 487
f 496 493 494
f 495 483 488
f 496 494 489
f 497 498 504
f 497 504 503
f 498 499 505
f 498 505 504
f 499 500 506
f 499 506 505
f 500 501 507
f 500 507 506
f 501 502 508
f 501 508 507
f 502 497 503
f 502 503 508
f 509 498 497
f 510 503 504
f 509 499 498
f 510 504 505
f 509 500 499
f 510 505 506
f 509 501 500
f 510 506 507
f 509 502 501
f 510 507 508
f 509 497 502
f 510 508 503
f 511 512 518
f 511 518 517
f 512 513 519
f 512 519 518
f 513 514 520
f 513 520 519
f 514 515 521
f 514 521 520
f 515 516 522
f 515 522 521
f 516 511 517
f 516 517 522
f 523 512 511
f 524 517 518
f 523 513 512
f 524 518 519
f 523 514 513
f 524 519 520
f 523 515 514
f 524 520 521
f 523 516 515
f 524 521 522
f 523 511 516
f 524 522 517
f 525 526 532
f 525 532 531
f 526 527 533
f 526 533 532
f 527 528 534
f 527 534 533
f 528 529 535
f 528 535 534
f 529 530 536
f 529 536 535
f 530 525 531
f 530 531 536
f 537 526 525
f 538 531 532
f 537 527 526
f 538 532 533
f 537 528 527
f 538 533 534
f 537 529 528
f 538 534 535
f 537 530 529
f 538 535 536
f 537 525 530
f 538 536 531
f 539 540 546
f 539 546 545
f 540 541 547
f 540 547 546
f 541 542 548
f 541 548 547
f 542 543 549
f 542 549 548
f 543 544 550
f 543 550 549
f 544 539 545
f 544 545 550
f 551 540 539
f 552 545 546
f 551 541 540
f 552 546 547
f 551 542 541
f 552 547 548
f 551 543 542
f 552 548 549
f 551 544 543
f 552 549 550
f 551 539 544
f 552 550 545
f 553 554 560
f 553 560 559
f 554 555 561
f 554 561 560
f 555 556 562
f 555 562 561
f 556 557 563
f 556 563 562
f 557 558 564
f 557 564 563
f 558 553 559
f 558 559 564
f 565 554 553
f 566 559 560
f 565 555 554
f 566 560 561
f 565 556 555
f 566 561 562
f 565 557 556
f 566 562 563
f 565 558 557
f 566 563 564
f 565 553 558
f 566 564 559
f 567 568 574
f 567 574 573
f 568 569 575
f 568 575 574
f 569 570 576
f 569 576 575
f 570 571 577
f 570 577 576
f 571 572 578
f 571 578 577
f 572 567 573
f 572 573 578
f 579 568 567
f 580 573 574
f 579 569 568
f 580 574 575
f 579 570 569
f 580 575 576
f 579 571 570
f 580 576 577
f 579 572 571
f 580 577 578
f 579 567 572
f 580 578 573
f 581 582 588
f 581 588 587
f 582 583 589
f 582 589 588
f 583 584 590
f 583 590 589
f 584 585 591
f 584 591 590
f 585 586 592
f 585 592 591
f 586 581 587
f 586 587 592
f 593 582 581
f 594 587 588
f 593 583 582
f 594 588 589
f 593 584 583
f 594 589 590
f 593 585 584
f 594 590 591
f 593 586 585
f 594 591 592
f 593 581 586
f 594 592 587
f 595 596 602
f 595 602 601
f 596 597 603
f 596 603 602
f 597 598 604
f 597 604 603
f 598 599 605
f 598 605 604
f 599 600 606
f 599 606 605
f 600 595 601
f 600 601 606
f 607 596 595
f 608 601 602
f 607 597 596
f 608 602 603
f 607 598 597
f 608 603 604
f 607 599 598
f 608 604 605
f 607 600 599
f 608 605 606
f 607 595 600
f 608 606 601
f 609 610 616
f 609 616 615
f 610 611 617
f 610 617 616
f 611 612 618
f 611 618 617
f 612 613 619
f 612 619 618
f 613 614 620
f 613 620 619
f 614 609 615
f 614 615 620
f 621 610 609
f 622 615 616
f 621 611 610
f 622 616 617
f 621 612 611
f 622 617 618
f 621 613 612
f 622 618 619
f 621 614 613
f 622 619 620
f 621 609 614
f 622 620 615
f 623 624 630
f 623 630 629
f 624 625 631
f 624 631 630
f 625 626 632
f 625 632 631
f 626 627 633
f 626 633 632
f 627 628 634
f 627 634 633
f 628 623 629
f 628 629 634
f 635 624 623
f 636 629 630
f 635 625 624
f 636 630 631
f 635 626 625
f 636 631 632
f 635 627 626
f 636 632 633
f 635 628 627
f 636 633 634
f 635 623 628
f 636 634 629
f 637 638 644
f 637 644 643
f 638 639 645
f 638 645 644
f 639 640 646
f 639 646 645
f 640 641 647
f 640 647 646
f 641 642 648
f 641 648 647
f 642 637 643
f 642 643 648
f 649 638 637
f 650 643 644
f 649 639 638
f 650 644 645
f 649 640 639
f 650 645 646
f 649 641 640
f 650 646 647
f 649 642 641
f 650 647 648
f 649 637 642
f 650 648 643
f 651 652 658
f 651 658 657
f 652 653 659
f 652 659 658
f 653 654 660
f 653 660 659
f 654 655 661
f 654 661 660
f 655 656 662
f 655 662 661
f 656 651 657
f 656 657 662
f 663 652 651
f 664 657 658
f 663 653 652
f 664 658 659
f 663 654 653
f 664 659 660
f 663 655 654
f 664 660 661
f 663 656 655
f 664 661 662
f 663 651 656
f 664 662 657
f 665 666 672
f 665 672 671
f 666 667 673
f 666 673 672
f 667 668 674
f 667 674 673
f 668 669 675
f 668 675 674
f 669 670 676
f 669 676 675
f 670 665 671
f 670 671 676
f 677 666 665
f 678 671 672
f 677 667 666
f 678 672 673
f 677 668 667
f 678 673 674
f 677 669 668
f 678 674 675
f 677 670 669
f 678 675 676
f 677 665 670
f 678 676 671
f 679 680 686
f 679 686 685
f 680 681 687
f 680 687 686
f 681 682 688
f 681 688 687
f 682 683 689
f 682 689 688
f 683 684 690
f 683 690 689
f 684 679 685
f 684 685 690
f 691 680 679
f 692 685 686
f 691 681 680
f 692 686 687
f 691 682 681
f 692 687 688
f 691 683 682
f 692 688 689
f 691 684 683
f 692 689 690
f 691 679 684
f 692 690 685
f 693 694 700
f 693 700 699
f 694 695 701
f 694 701 700
f 695 696 702
f 695 702 701
f 696 697 703
f 696 703 702
f 697 698 704
f 697 704 703
f 698 693 699
f 698 699 704
f 705 694 693
f 706 699 700
f 705 695 694
f 706 700 701
f 705 696 695
f 706 701 702
f 705 697 696
f 706 702 703
f 705 698 697
f 706 703 704
f 705 693 698
f 706 704 699
f 707 708 714
f 707 714 713
f 708 709 715
f 708 715 714
f 709 710 716
f 709 716 715
f 710 711 717
f 710 717 716
f 711 712 718
f 711 718 717
f 712 707 713
f 712 713 718
f 719 708 707
f 720 713 714
f 719 709 708
f 720 714 715
f 719 710 709
f 720 715 716
f 719 711 710
f 720 716 717
f 719 712 711
f 720 717 718
f 719 707 712
f 720 718 713
f 721 722 728
f 721 728 727
f 722 723 729
f 722 729 728
f 723 724 730
f 723 730 729
f 724 725 731
f 724 731 730
f 725 726 732
f 725 732 731
f 726 721 727
f 726 727 732
f 733 722 721
f 734 727 728
f 733 723 722
f 734 728 729
f 733 724 723
f 734 729 730
f 733 725 724
f 734 730 731
f 733 726 725
f 734 731 732
f 733 721 726
f 734 732 727
f 735 736 742
f 735 742 741
f 736 737 743
f 736 743 742
f 737 738 744
f 737 744 743
f 738 739 745
f 738 745 744
f 739 740 746
f 739 746 745
f 740 735 741
f 740 741 746
f 747 736 735
f 748 741 742
f 747 737 736
f 748 742 743
f 747 738 737
f 748 743 744
f 747 739 738
f 748 744 745
f 747 740 739
f 748 745 746
f 747 735 740
f 748 746 741
f 749 750 756
f 749 756 755
f 750 751 757
f 750 757 756
f 751 752 758
f 751 758 757
f 752 753 759
f 752 759 758
f 753 754 760
f 753 760 759
f 754 749 755
f 754 755 760
f 761 750 749
f 762 755 756
f 761 751 750
f 762 756 757
f 761 752 751
f 762 757 758
f 761 753 752
f 762 758 759
f 761 754 753
f 762 759 760
f 761 749 754
f 762 760 755
f 763 764 770
f 763 770 769
f 764 765 771
f 764 771 770
f 765 766 772
f 765 772 771
f 766 767 773
f 766 773 772
f 767 768 774
f 767 774 773
f 768 763 769
f 768 769 774
f 775 764 763
f 776 769 770
f 775 765 764
f 776 770 771
f 775 766 765
f 776 771 772
f 775 767 766
f 776 772 773
f 775 768 767
f 776 773 774
f 775 763 768
f 776 774 769
f 777 778 784
f 777 784 783
f 778 779 785
f 778 785 784
f 779 780 786
f 779 786 785
f 780 781 787
f 780 787 786
f 781 782 788
f 781 788 787
f 782 777 783
f 782 783 788
f 789 778 777
f 790 783 784
f 789 779 778
f 790 784 785
f 789 780 779
f 790 785 786
f 789 781 780
f 790 786 787
f 789 782 781
f 790 787 788
f 789 777 782
f 790 788 783
f 791 792 798
f 791 798 797
f 792 793 799
f 792 799 798
f 793 794 800
f 793 800 799
f 794 795 801
f 794 801 800
f 795 796 802
f 795 802 801
f 796 791 797
f 796 797 802
f 803 792 791
f 804 797 798
f 803 793 792
f 804 798 799
f 803 794 793
f 804 799 800
f 803 795 794
f 804 800 801
f 803 796 795
f 804 801 802
f 803 791 796
f 804 802 797
f 805 806 812
f 805 812 811
f 806 807 813
f 806 813 812
f 807 808 814
f 807 814 813
f 808 809 815
f 808 815 814
f 809 810 816
f 809 816 815
f 810 805 811
f 810 811 816
f 817 806 805
f 818 811 812
f 817 807 806
f 818 812 813
f 817 808 807
f 818 813 814
f 817 809 808
f 818 814 815
f 817 810 809
f 818 815 816
f 817 805 810
f 818 816 811
f 819 820 826
f 819 826 825
f 820 821 827
f 820 827 826
f 821 822 828
f 821 828 827
f 822 823 829
f 822 829 828
f 823 824 830
f 823 830 829
f 824 819 825
f 824 825 830
f 831 820 819
f 832 825 826
f 831 821 820
f 832 826 827
f 831 822 821
f 832 827 828
f 831 823 822
f 832 828 829
f 831 824 823
f 832 829 830
f 831 819 824
f 832 830 825
f 833 834 840
f 833 840 839
f 834 835 841
f 834 841 840
f 835 836 842
f 835 842 841
f 836 837 843
f 836 843 842
f 837 838 844
f 837 844 843
f 838 833 839
f 838 839 844
f 845 834 833
f 846 839 840
f 845 835 834
f 846 840 841
f 845 836 835
f 846 841 842
f 845 837 836
f 846 842 843
f 845 838 837
f 846 843 844
f 845 833 838
f 846 844 839
f 847 848 854
f 847 854 853
f 848 849 855
f 848 855 854
f 849 850 856
f 849 856 855
f 850 851 857
f 850 857 856
f 851 852 858
f 851 858 857
f 852 847 853
f 852 853 858
f 859 848 847
f 860 853 854
f 859 849 848
f 860 854 855
f 859 850 849
f 860 855 856
f 859 851 850
f 860 856 857
f 859 852 851
f 860 857 858
f 859 847 852
f 860 858 853
f 861 862 868
f 861 868 867
f 862 863 869
f 862 869 868
f 863 864 870
f 863 870 869
f 864 865 871
f 864 871 870
f 865 866 872
f 865 872 871
f 866 861 867
f 866 867 872
f 873 862 861
f 874 867 868
f 873 863 862
f 874 868 869
f 873 864 863
f 874 869 870
f 873 865 864
f 874 870 871
f 873 866 865
f 874 871 872
f 873 861 866
f 874 872 867
f 875 876 882
f 875 882 881
f 876 877 883
f 876 883 882
f 877 878 884
f 877 884 883
f 878 879 885
f 878 885 884
f 879 880 886
f 879 886 885
f 880 875 881
f 880 881 886
f 887 876 875
f 888 881 882
f 887 877 876
f 888 882 883
f 887 878 877
f 888 883 884
f 887 879 878
f 888 884 885
f 887 880 879
f 888 885 886
f 887 875 880
f 888 886 881
f 889 890 896
f 889 896 895
f 890 891 897
f 890 897 896
f 891 892 898
f 891 898 897
f 892 893 899
f 892 899 898
f 893 894 900
f 893 900 899
f 894 889 895
f 894 895 900
f 901 890 889
f 902 895 896
f 901 891 890
f 902 896 897
f 901 892 891
f 902 897 898
f 901 893 892
f 902 898 899
f 901 894 893
f 902 899 900
f 901 889 894
f 902 900 895
f 903 904 910
f 903 910 909
f 904 905 911
f 904 911 910
f 905 906 912
f 905 912 911
f 906 907 913
f 906 913 912
f 907 908 914
f 907 914 913
f 908 903 909
f 908 909 914
f 915 904 903
f 916 909 910
f 915 905 904
f 916 910 911
f 915 906 905
f 916 911 912
f 915 907 906
f 916 912 913
f 915 908 907
f 916 913 914
f 915 903 908
f 916 914 909
f 917 918 924
f 917 924 923
f 918 919 925
f 918 925 924
f 919 920 926
f 919 926 925
f 920 921 927
f 920 927 926
f 921 922 928
f 921 928 927
f 922 917 923
f 922 923 928
f 929 918 917
f 930 923 924
f 929 919 918
f 930 924 925
f 929 920 919
f 930 925 926
f 929 921 920
f 930 926 927
f 929 922 921
f 930 927 928
f 929 917 922
f 930 928 923
f 931 932 938
f 931 938 937
f 932 933 939
f 932 939 938
f 933 934 940
f 933 940 939
f 934 935 941
f 934 941 940
f 935 936 942
f 935 942 941
f 936 931 937
f 936 937 942
f 943 932 931
f 944 937 938
f 943 933 932
f 944 938 939
f 943 934 933
f 944 939 940
f 943 935 934
f 944 940 941
f 943 936 935
f 944 941 942
f 943 931 936
f 944 942 937
f 945 946 952
f 945 952 951
f 946 947 953
f 946 953 952
f 947 948 954
f 947 954 953
f 948 949 955
f 948 955 954
f 949 950 956
f 949 956 955
f 950 945 951
f 950 951 956
f 957 946 945
f 958 951 952
f 957 947 946
f 958 952 953
f 957 948 947
f 958 953 954
f 957 949 948
f 958 954 955
f 957 950 949
f 958 955 956
f 957 945 950
f 958 956 951
f 959 960 966
f 959 966 965
f 960 961 967
f 960 967 966
f 961 962 968
f 961 968 967
f 962 963 969
f 962 969 968
f 963 964 970
f 963 970 969
f 964 959 965
f 964 965 970
f 971 960 959
f 972 965 966
f 971 961 960
f 972 966 967
f 971 962 961
f 972 967 968
f 971 963 962
f 972 968 969
f 971 964 963
f 972 969 970
f 971 959 964
f 972 970 965
f 973 974 980
f 973 980 979
f 974 975 981
f 974 981 980
f 975 976 982
f 975 982 981
f 976 977 983
f 976 983 982
f 977 978 984
f 977 984 983
f 978 973 979
f 978 979 984
f 985 974 973
f 986 979 980
f 985 975 974
f 986 980 981
f 985 976 975
f 986 981 982
f 985 977 976
f 986 982 983
f 985 978 977
f 986 983 984
f 985 973 978
f 986 984 979
f 987 988 994
f 987 994 993
f 988 989 995
f 988 995 994
f 989 990 996
f 989 996 995
f 990 991 997
f 990 997 996
f 991 992 998
f 991 998 997
f 992 987 993
f 992 993 998
f 999 988 987
f 1000 993 994
f 999 989 988
f 1000 994 995
f 999 990 989
f 1000 995 996
f 999 991 990
f 1000 996 997
f 999 992 991
f 1000 997 998
f 999 987 992
f 1000 998 993
f 1001 1002 1008
f 1001 1008 1007
f 1002 1003 1009
f 1002 1009 1008
f 1003 1004 1010
f 1003 1010 1009
f 1004 1005 1011
f 1004 1011 1010
f 1005 1006 1012
f 1005 1012 1011
f 1006 1001 1007
f 1006 1007 1012
f 1013 1002 1001
f 1014 1007 1008
f 1013 1003 1002
f 1014 1008 1009
f 1013 1004 1003
f 1014 1009 1010
f 1013 1005 1004
f 1014 1010 1011
f 1013 1006 1005
f 1014 1011 1012
f 1013 1001 1006
f 1014 1012 1007
f 1015 1016 1024
f 1015 1024 1023
f 1016 1017 1025
f 1016 1025 1024
f 1017 1018 1026
f 1017 1026 1025
f 1018 1019 1027
f 1018 1027 1026
f 1019 1020 1028
f 1019 1028 1027
f 1020 1021 1029
f 1020 1029 1028
f 1021 1022 1030
f 1021 1030 1029
f 1022 1015 1023
f 1022 1023 1030
f 1023 1024 1032
f 1023 1032 1031
f 1024 1025 1033
f 1024 1033 1032
f 1025 1026 1034
f 1025 1034 1033
f 1026 1027 1035
f 1026 1035 1034
f 1027 1028 1036
f 1027 1036 1035
f 1028 1029 1037
f 1028 1037 1036
f 1029 1030 1038
f 1029 1038 1037
f 1030 1023 1031
f 1030 1031 1038
f 1031 1032 1040
f 1031 1040 1039
f 1032 1033 1041
f 1032 1041 1040
f 1033 1034 1042
f 1033 1042 1041
f 1034 1035 1043
f 1034 1043 1042
f 1035 1036 1044
f 1035 1044 1043
f 1036 1037 1045
f 1036 1045 1044
f 1037 1038 1046
f 1037 1046 1045
f 1038 1031 1039
f 1038 1039 1046
f 1039 1040 1048
f 1039 1048 1047
f 1040 1041 1049
f 1040 1049 1048
f 1041 1042 1050
f 1041 1050 1049
f 1042 1043 1051
f 1042 1051 1050
f 1043 1044 1052
f 1043 1052 1051
f 1044 1045 1053
f 1044 1053 1052
f 1045 1046 1054
f 1045 1054 1053
f 1046 1039 1047
f 1046 1047 1054
f 1055 1056 1062
f 1055 1062 1061
f 1056 1057 1063
f 1056 1063 1062
f 1057 1058 1064
f 1057 1064 1063
f 1058 1059 1065
f 1058 1065 1064
f 1059 1060 1066
f 1059 1066 1065
f 1060 1055 1061
f 1060 1061 1066
f 1067 1056 1055
f 1068 1061 1062
f 1067 1057 1056
f 1068 1062 1063
f 1067 1058 1057
f 1068 1063 1064
f 1067 1059 1058
f 1068 1064 1065
f 1067 1060 1059
f 1068 1065 1066
f 1067 1055 1060
f 1068 1066 1061
f 1069 1070 1076
f 1069 1076 1075
f 1070 1071 1077
f 1070 1077 1076
f 1071 1072 1078
f 1071 1078 1077
f 1072 1073 1079
f 1072 1079 1078
f 1073 1074 1080
f 1073 1080 1079
f 1074 1069 1075
f 1074 1075 1080
f 1081 1070 1069
f 1082 1075 1076
f 1081 1071 1070
f 1082 1076 1077
f 1081 1072 1071
f 1082 1077 1078
f 1081 1073 1072
f 1082 1078 1079
f 1081 1074 1073
f 1082 1079 1080
f 1081 1069 1074
f 1082 1080 1075
f 1083 1084 1092
f 1083 1092 1091
f 1084 1085 1093
f 1084 1093 1092
f 1085 1086 1094
f 1085 1094 1093
f 1086 1087 1095
f 1086 1095 1094
f 1087 1088 1096
f 1087 1096 1095
f 1088 1089 1097
f 1088 1097 1096
f 1089 1090 1098
f 1089 1098 1097
f 1090 1083 1091
f 1090 1091 1098
f 1091 1092 1100
f 1091 1100 1099
f 1092 1093 1101
f 1092 1101 1100
f 1093 1094 1102
f 1093 1102 1101
f 1094 1095 1103
f 1094 1103 1102
f 1095 1096 1104
f 1095 1104 1103
f 1096 1097 1105
f 1096 1105 1104
f 1097 1098 1106
f 1097 1106 1105
f 1098 1091 1099
f 1098 1099 1106
f 1099 1100 1108
f 1099 1108 1107
f 1100 1101 1109
f 1100 1109 1108
f 1101 1102 1110
f 1101 1110 1109
f 1102 1103 1111
f 1102 1111 1110
f 1103 1104 1112
f 1103 1112 1111
f 1104 1105 1113
f 1104 1113 1112
f 1105 1106 1114
f 1105 1114 1113
f 1106 1099 1107
f 1106 1107 1114
f 1107 1108 1116
f 1107 1116 1115
f 1108 1109 1117
f 1108 1117 1116
f 1109 1110 1118
f 1109 1118 1117
f 1110 1111 1119
f 1110 1119 1118
f 1111 1112 1120
f 1111 1120 1119
f 1112 1113 1121
f 1112 1121 1120
f 1113 1114 1122
f 1113 1122 1121
f 1114 1107 1115
f 1114 1115 1122
f 1123 1124 1130
f 1123 1130 1129
f 1124 1125 1131
f 1124 1131 1130
f 1125 1126 1132
f 1125 1132 1131
f 1126 1127 1133
f 1126 1133 1132
f 1127 1128 1134
f 1127 1134 1133
f 1128 1123 1129
f 1128 1129 1134
f 1135 1124 1123
f 1136 1129 1130
f 1135 1125 1124
f 1136 1130 1131
f 1135 1126 1125
f 1136 1131 1132
f 1135 1127 1126
f 1136 1132 1133
f 1135 1128 1127
f 1136 1133 1134
f 1135 1123 1128
f 1136 1134 1129
f 1137 1138 1144
f 1137 1144 1143
f 1138 1139 1145
f 1138 1145 1144
f 1139 1140 1146
f 1139 1146 1145
f 1140 1141 1147
f 1140 1147 1146
f 1141 1142 1148
f 1141 1148 1147
f 1142 1137 1143
f 1142 1143 1148
f 1149 1138 1137
f 1150 1143 1144
f 1149 1139 1138
f 1150 1144 1145
f 1149 1140 1139
f 1150 1145 1146
f 1149 1141 1140
f 1150 1146 1147
f 1149 1142 1141
f 1150 1147 1148
f 1149 1137 1142
f 1150 1148 1143
f 1151 1152 1160
f 1151 1160 1159
f 1152 1153 1161
f 1152 1161 1160
f 1153 1154 1162
f 1153 1162 1161
f 1154 1155 1163
f 1154 1163 1162
f 1155 1156 1164
f 1155 1164 1163
f 1156 1157 1165
f 1156 1165 1164
f 1157 1158 1166
f 1157 1166 1165
f 1158 1151 1159
f 1158 1159 1166
f 1159 1160 1168
f 1159 1168 1167
f 1160 1161 1169
f 1160 1169 1168
f 1161 1162 1170
f 1161 1170 1169
f 1162 1163 1171
f 1162 1171 1170
f 1163 1164 1172
f 1163 1172 1171
f 1164 1165 1173
f 1164 1173 1172
f 1165 1166 1174
f 1165 1174 1173
f 1166 1159 1167
f 1166 1167 1174
f 1167 1168 1176
f 1167 1176 1175
f 1168 1169 1177
f 1168 1177 1176
f 1169 1170 1178
f 1169 1178 1177
f 1170 1171 1179
f 1170 1179 1178
f 1171 1172 1180
f 1171 1180 1179
f 1172 1173 1181
f 1172 1181 1180
f 1173 1174 1182
f 1173 1182 1181
f 1174 1167 1175
f 1174 1175 1182
f 1175 1176 1184
f 1175 1184 1183
f 1176 1177 1185
f 1176 1185 1184
f 1177 1178 1186
f 1177 1186 1185
f 1178 1179 1187
f 1178 1187 1186
f 1179 1180 1188
f 1179 1188 1187
f 1180 1181 1189
f 1180 1189 1188
f 1181 1182 1190
f 1181 1190 1189
f 1182 1175 1183
f 1182 1183 1190
f 1191 1192 1198
f 1191 1198 1197
f 1192 1193 1199
f 1192 1199 1198
f 1193 1194 1200
f 1193 1200 1199
f 1194 1195 1201
f 1194 1201 1200
f 1195 1196 1202
f 1195 1202 1201
f 1196 1191 1197
f 1196 1197 1202
f 1203 1192 1191
f 1204 1197 1198
f 1203 1193 1192
f 1204 1198 1199
f 1203 1194 1193
f 1204 1199 1200
f 1203 1195 1194
f 1204 1200 1201
f 1203 1196 1195
f 1204 1201 1202
f 1203 1191 1196
f 1204 1202 1197
f 1205 1206 1212
f 1205 1212 1211
f 1206 1207 1213
f 1206 1213 1212
f 1207 1208 1214
f 1207 1214 1213
f 1208 1209 1215
f 1208 1215 1214
f 1209 1210 1216
f 1209 1216 1215
f 1210 1205 1211
f 1210 1211 1216
f 1217 1206 1205
f 1218 1211 1212
f 1217 1207 1206
f 1218 1212 1213
f 1217 1208 1207
f 1218 1213 1214
f 1217 1209 1208
f 1218 1214 1215
f 1217 1210 1209
f 1218 1215 1216
f 1217 1205 1210
f 1218 1216 1211
f 1219 1220 1228
f 1219 1228 1227
f 1220 1221 1229
f 1220 1229 1228
f 1221 1222 1230
f 1221 1230 1229
f 1222 1223 1231
f 1222 1231 1230
f 1223 1224 1232
f 1223 1232 1231
f 1224 1225 1233
f 1224 1233 1232
f 1225 1226 1234
f 1225 1234 1233
f 1226 1219 1227
f 1226 1227 1234
f 1227 1228 1236
f 1227 1236 1235
f 1228 1229 1237
f 1228 1237 1236
f 1229 1230 1238
f 1229 1238 1237
f 1230 1231 1239
f 1230 1239 1238
f 1231 1232 1240
f 1231 1240 1239
f 1232 1233 1241
f 1232 1241 1240
f 1233 1234 1242
f 1233 1242 1241
f 1234 1227 1235
f 1234 1235 1242
f 1235 1236 1244
f 1235 1244 1243
f 1236 1237 1245
f 1236 1245 1244
f 1237 1238 1246
f 1237 1246 1245
f 1238 1239 1247
f 1238 1247 1246
f 1239 1240 1248
f 1239 1248 1247
f 1240 1241 1249
f 1240 1249 1248
f 1241 1242 1250
f 1241 1250 1249
f 1242 1235 1243
f 1242 1243 1250
f 1243 1244 1252
f 1243 1252 1251
f 1244 1245 1253
f 1244 1253 1252
f 1245 1246 1254
f 1245 1254 1253
f 1246 1247 1255
f 1246 1255 1254
f 1247 1248 1256
f 1247 1256 1255
f 1248 1249 1257
f 1248 1257 1256
f 1249 1250 1258
f 1249 1258 1257
f 1250 1243 1251
f 1250 1251 1258
f 1259 1260 1266
f 1259 1266 1265
f 1260 1261 1267
f 1260 1267 1266
f 1261 1262 1268
f 1261 1268 1267
f 1262 1263 1269
f 1262 1269 1268
f 1263 1264 1270
f 1263 1270 1269
f 1264 1259 1265
f 1264 1265 1270
f 1271 1260 1259
f 1272 1265 1266
f 1271 1261 1260
f 1272 1266 1267
f 1271 1262 1261
f 1272 1267 1268
f 1271 1263 1262
f 1272 1268 1269
f 1271 1264 1263
f 1272 1269 1270
f 1271 1259 1264
f 1272 1270 1265
f 1273 1274 1280
f 1273 1280 1279
f 1274 1275 1281
f 1274 1281 1280
f 1275 1276 1282
f 1275 1282 1281
f 1276 1277 1283
f 1276 1283 1282
f 1277 1278 1284
f 1277 1284 1283
f 1278 1273 1279
f 1278 1279 1284
f 1285 1274 1273
f 1286 1279 1280
f 1285 1275 1274
f 1286 1280 1281
f 1285 1276 1275
f 1286 1281 1282
f 1285 1277 1276
f 1286 1282 1283
f 1285 1278 1277
f 1286 1283 1284
f 1285 1273 1278
f 1286 1284 1279
f 1287 1288 1296
f 1287 1296 1295
f 1288 1289 1297
f 1288 1297 1296
f 1289 1290 1298
f 1289 1298 1297
f 1290 1291 1299
f 1290 1299 1298
f 1291 1292 1300
f 1291 1300 1299
f 1292 1293 1301
f 1292 1301 1300
f 1293 1294 1302
f 1293 1302 1301
f 1294 1287 1295
f 1294 1295 1302
f 1295 1296 1304
f 1295 1304 1303
f 1296 1297 1305
f 1296 1305 1304
f 1297 1298 1306
f 1297 1306 1305
f 1298 1299 1307
f 1298 1307 1306
f 1299 1300 1308
f 1299 1308 1307
f 1300 1301 1309
f 1300 1309 1308
f 1301 1302 1310
f 1301 1310 1309
f 1302 1295 1303
f 1302 1303 1310
f 1303 1304 1312
f 1303 1312 1311
f 1304 1305 1313
f 1304 1313 1312
f 1305 1306 1314
f 1305 1314 1313
f 1306 1307 1315
f 1306 1315 1314
f 1307 1308 1316
f 1307 1316 1315
f 1308 1309 1317
f 1308 1317 1316
f 1309 1310 1318
f 1309 1318 1317
f 1310 1303 1311
f 1310 1311 1318
f 1311 1312 1320
f 1311 1320 1319
f 1312 1313 1321
f 1312 1321 1320
f 1313 1314 1322
f 1313 1322 1321
f 1314 1315 1323
f 1314 1323 1322
f 1315 1316 1324
f 1315 1324 1323
f 1316 1317 1325
f 1316 1325 1324
f 1317 1318 1326
f 1317 1326 1325
f 1318 1311 1319
f 1318 1319 1326
f 1327 1328 1334
f 1327 1334 1333
f 1328 1329 1335
f 1328 1335 1334
f 1329 1330 1336
f 1329 1336 1335
f 1330 1331 1337
f 1330 1337 1336
f 1331 1332 1338
f 1331 1338 1337
f 1332 1327 1333
f 1332 1333 1338
f 1339 1328 1327
f 1340 1333 1334
f 1339 1329 1328
f 1340 1334 1335
f 1339 1330 1329
f 1340 1335 1336
f 1339 1331 1330
f 1340 1336 1337
f 1339 1332 1331
f 1340 1337 1338
f 1339 1327 1332
f 1340 1338 1333
f 1341 1342 1348
f 1341 1348 1347
f 1342 1343 1349
f 1342 1349 1348
f 1343 1344 1350
f 1343 1350 1349
f 1344 1345 1351
f 1344 1351 1350
f 1345 1346 1352
f 1345 1352 1351
f 1346 1341 1347
f 1346 1347 1352
f 1353 1342 1341
f 1354 1347 1348
f 1353 1343 1342
f 1354 1348 1349
f 1353 1344 1343
f 1354 1349 1350
f 1353 1345 1344
f 1354 1350 1351
f 1353 1346 1345
f 1354 1351 1352
f 1353 1341 1346
f 1354 1352 1347
f 1355 1356 1364
f 1355 1364 1363
f 1356 1357 1365
f 1356 1365 1364
f 1357 1358 1366
f 1357 1366 1365
f 1358 1359 1367
f 1358 1367 1366
f 1359 1360 1368
f 1359 1368 1367
f 1360 1361 1369
f 1360 1369 1368
f 1361 1362 1370
f 1361 1370 1369
f 1362 1355 1363
f 1362 1363 1370
f 1363 1364 1372
f 1363 1372 1371
f 1364 1365 1373
f 1364 1373 1372
f 1365 1366 1374
f 1365 1374 1373
f 1366 1367 1375
f 1366 1375 1374
f 1367 1368 1376
f 1367 1376 1375
f 1368 1369 1377
f 1368 1377 1376
f 1369 1370 1378
f 1369 1378 1377
f 1370 1363 1371
f 1370 1371 1378
f 1371 1372 1380
f 1371 1380 1379
f 1372 1373 1381
f 1372 1381 1380
f 1373 1374 1382
f 1373 1382 1381
f 1374 1375 1383
f 1374 1383 1382
f 1375 1376 1384
f 1375 1384 1383
f 1376 1377 1385
f 1376 1385 1384
f 1377 1378 1386
f 1377 1386 1385
f 1378 1371 1379
f 1378 1379 1386
f 1379 1380 1388
f 1379 1388 1387
f 1380 1381 1389
f 1380 1389 1388
f 1381 1382 1390
f 1381 1390 1389
f 1382 1383 1391
f 1382 1391 1390
f 1383 1384 1392
f 1383 1392 1391
f 1384 1385 1393
f 1384 1393 1392
f 1385 1386 1394
f 1385 1394 1393
f 1386 1379 1387
f 1386 1387 1394
f 1395 1396 1402
f 1395 1402 1401
f 1396 1397 1403
f 1396 1403 1402
f 1397 1398 1404
f 1397 1404 1403
f 1398 1399 1405
f 1398 1405 1404
f 1399 1400 1406
f 1399 1406 1405
f 1400 1395 1401
f 1400 1401 1406
f 1407 1396 1395
f 1408 1401 1402
f 1407 1397 1396
f 1408 1402 1403
f 1407 1398 1397
f 1408 1403 1404
f 1407 1399 1398
f 1408 1404 1405
f 1407 1400 1399
f 1408 1405 1406
f 1407 1395 1400
f 1408 1406 1401
f 1409 1410 1416
f 1409 1416 1415
f 1410 1411 1417
f 1410 1417 1416
f 1411 1412 1418
f 1411 1418 1417
f 1412 1413 1419
f 1412 1419 1418
f 1413 1414 1420
f 1413 1420 1419
f 1414 1409 1415
f 1414 1415 1420
f 1421 1410 1409
f 1422 1415 1416
f 1421 1411 1410
f 1422 1416 1417
f 1421 1412 1411
f 1422 1417 1418
f 1421 1413 1412
f 1422 1418 1419
f 1421 1414 1413
f 1422 1419 1420
f 1421 1409 1414
f 1422 1420 1415
f 1423 1424 1432
f 1423 1432 1431
f 1424 1425 1433
f 1424 1433 1432
f 1425 1426 1434
f 1425 1434 1433
f 1426 1427 1435
f 1426 1435 1434
f 1427 1428 1436
f 1427 1436 1435
f 1428 1429 1437
f 1428 1437 1436
f 1429 1430 1438
f 1429 1438 1437
f 1430 1423 1431
f 1430 1431 1438
f 1431 1432 1440
f 1431 1440 1439
f 1432 1433 1441
f 1432 1441 1440
f 1433 1434 1442
f 1433 1442 1441
f 1434 1435 1443
f 1434 1443 1442
f 1435 1436 1444
f 1435 1444 1443
f 1436 1437 1445
f 1436 1445 1444
f 1437 1438 1446
f 1437 1446 1445
f 1438 1431 1439
f 1438 1439 1446
f 1439 1440 1448
f 1439 1448 1447
f 1440 1441 1449
f 1440 1449 1448
f 1441 1442 1450
f 1441 1450 1449
f 1442 1443 1451
f 1442 1451 1450
f 1443 1444 1452
f 1443 1452 1451
f 1444 1445 1453
f 1444 1453 1452
f 1445 1446 1454
f 1445 1454 1453
f 1446 1439 1447
f 1446 1447 1454
f 1447 1448 1456
f 1447 1456 1455
f 1448 1449 1457
f 1448 1457 1456
f 1449 1450 1458
f 1449 1458 1457
f 1450 1451 1459
f 1450 1459 1458
f 1451 1452 1460
f 1451 1460 1459
f 1452 1453 1461
f 1452 1461 1460
f 1453 1454 1462
f 1453 1462 1461
f 1454 1447 1455
f 1454 1455 1462
f 1463 1464 1470
f 1463 1470 1469
f 1464 1465 1471
f 1464 1471 1470
f 1465 1466 1472
f 1465 1472 1471
f 1466 1467 1473
f 1466 1473 1472
f 1467 1468 1474
f 1467 1474 1473
f 1468 1463 1469
f 1468 1469 1474
f 1475 1464 1463
f 1476 1469 1470
f 1475 1465 1464
f 1476 1470 1471
f 1475 1466 1465
f 1476 1471 1472
f 1475 1467 1466
f 1476 1472 1473
f 1475 1468 1467
f 1476 1473 1474
f 1475 1463 1468
f 1476 1474 1469
f 1477 1478 1484
f 1477 1484 1483
f 1478 1479 1485
f 1478 1485 1484
f 1479 1480 1486
f 1479 1486 1485
f 1480 1481 1487
f 1480 1487 1486
f 1481 1482 1488
f 1481 1488 1487
f 1482 1477 1483
f 1482 1483 1488
f 1489 1478 1477
f 1490 1483 1484
f 1489 1479 1478
f 1490 1484 1485
f 1489 1480 1479
f 1490 1485 1486
f 1489 1481 1480
f 1490 1486 1487
f 1489 1482 1481
f 1490 1487 1488
f 1489 1477 1482
f 1490 1488 1483
f 1491 1492 1500
f 1491 1500 1499
f 1492 1493 1501
f 1492 1501 1500
f 1493 1494 1502
f 1493 1502 1501
f 1494 1495 1503
f 1494 1503 1502
f 1495 1496 1504
f 1495 1504 1503
f 1496 1497 1505
f 1496 1505 1504
f 1497 1498 1506
f 1497 1506 1505
f 1498 1491 1499
f 1498 1499 1506
f 1499 1500 1508
f 1499 1508 1507
f 1500 1501 1509
f 1500 1509 1508
f 1501 1502 1510
f 1501 1510 1509
f 1502 1503 1511
f 1502 1511 1510
f 1503 1504 1512
f 1503 1512 1511
f 1504 1505 1513
f 1504 1513 1512
f 1505 1506 1514
f 1505 1514 1513
f 1506 1499 1507
f 1506 1507 1514
f 1507 1508 1516
f 1507 1516 1515
f 1508 1509 1517
f 1508 1517 1516
f 1509 1510 1518
f 1509 1518 1517
f 1510 1511 1519
f 1510 1519 1518
f 1511 1512 1520
f 1511 1520 1519
f 1512 1513 1521
f 1512 1521 1520
f 1513 1514 1522
f 1513 1522 1521
f 1514 1507 1515
f 1514 1515 1522
f 1515 1516 1524
f 1515 1524 1523
f 1516 1517 1525
f 1516 1525 1524
f 1517 1518 1526
f 1517 1526 1525
f 1518 1519 1527
f 1518 1527 1526
f 1519 1520 1528
f 1519 1528 1527
f 1520 1521 1529
f 1520 1529 1528
f 1521 1522 1530
f 1521 1530 1529
f 1522 1515 1523
f 1522 1523 1530
f 1531 1532 1538
f 1531 1538 1537
f 1532 1533 1539
f 1532 1539 1538
f 1533 1534 1540
f 1533 1540 1539
f 1534 1535 1541
f 1534 1541 1540
f 1535 1536 1542
f 1535 1542 1541
f 1536 1531 1537
f 1536 1537 1542
f 1543 1532 1531
f 1544 1537 1538
f 1543 1533 1532
f 1544 1538 1539
f 1543 1534 1533
f 1544 1539 1540
f 1543 1535 1534
f 1544 1540 1541
f 1543 1536 1535
f 1544 1541 1542
f 1543 1531 1536
f 1544 1542 1537
f 1545 1546 1552
f 1545 1552 1551
f 1546 1547 1553
f 1546 1553 1552
f 1547 1548 1554
f 1547 1554 1553
f 1548 1549 1555
f 1548 1555 1554
f 1549 1550 1556
f 1549 1556 1555
f 1550 1545 1551
f 1550 1551 1556
f 1557 1546 1545
f 1558 1551 1552
f 1557 1547 1546
f 1558 1552 1553
f 1557 1548 1547
f 1558 1553 1554
f 1557 1549 1548
f 1558 1554 1555
f 1557 1550 1549
f 1558 1555 1556
f 1557 1545 1550
f 1558 1556 1551
f 1559 1560 1568
f 1559 1568 1567
f 1560 1561 1569
f 1560 1569 1568
f 1561 1562 1570
f 1561 1570 1569
f 1562 1563 1571
f 1562 1571 1570
f 1563 1564 1572
f 1563 1572 1571
f 1564 1565 1573
f 1564 1573 1572
f 1565 1566 1574
f 1565 1574 1573
f 1566 1559 1567
f 1566 1567 1574
f 1567 1568 1576
f 1567 1576 1575
f 1568 1569 1577
f 1568 1577 1576
f 1569 1570 1578
f 1569 1578 1577
f 1570 1571 1579
f 1570 1579 1578
f 1571 1572 1580
f 1571 1580 1579
f 1572 1573 1581
f 1572 1581 1580
f 1573 1574 1582
f 1573 1582 1581
f 1574 1567 1575
f 1574 1575 1582
f 1575 1576 1584
f 1575 1584 1583
f 1576 1577 1585
f 1576 1585 1584
f 1577 1578 1586
f 1577 1586 1585
f 1578 1579 1587
f 1578 1587 1586
f 1579 1580 1588
f 1579 1588 1587
f 1580 1581 1589
f 1580 1589 1588
f 1581 1582 1590
f 1581 1590 1589
f 1582 1575 1583
f 1582 1583 1590
f 1583 1584 1592
f 1583 1592 1591
f 1584 1585 1593
f 1584 1593 1592
f 1585 1586 1594
f 1585 1594 1593
f 1586 1587 1595
f 1586 1595 1594
f 1587 1588 1596
f 1587 1596 1595
f 1588 1589 1597
f 1588 1597 1596
f 1589 1590 1598
f 1589 1598 1597
f 1590 1583 1591
f 1590 1591 1598
f 1599 1600 1606
f 1599 1606 1605
f 1600 1601 1607
f 1600 1607 1606
f 1601 1602 1608
f 1601 1608 1607
f 1602 1603 1609
f 1602 1609 1608
f 1603 1604 1610
f 1603 1610 1609
f 1604 1599 1605
f 1604 1605 1610
f 1611 1600 1599
f 1612 1605 1606
f 1611 1601 1600
f 1612 1606 1607
f 1611 1602 1601
f 1612 1607 1608
f 1611 1603 1602
f 1612 1608 1609
f 1611 1604 1603
f 1612 1609 1610
f 1611 1599 1604
f 1612 1610 1605
f 1613 1614 1620
f 1613 1620 1619
f 1614 1615 1621
f 1614 1621 1620
f 1615 1616 1622
f 1615 1622 1621
f 1616 1617 1623
f 1616 1623 1622
f 1617 1618 1624
f 1617 1624 1623
f 1618 1613 1619
f 1618 1619 1624
f 1625 1614 1613
f 1626 1619 1620
f 1625 1615 1614
f 1626 1620 1621
f 1625 1616 1615
f 1626 1621 1622
f 1625 1617 1616
f 1626 1622 1623
f 1625 1618 1617
f 1626 1623 1624
f 1625 1613 1618
f 1626 1624 1619
f 1627 1628 1636
f 1627 1636 1635
f 1628 1629 1637
f 1628 1637 1636
f 1629 1630 1638
f 1629 1638 1637
f 1630 1631 1639
f 1630 1639 1638
f 1631 1632 1640
f 1631 1640 1639
f 1632 1633 1641
f 1632 1641 1640
f 1633 1634 1642
f 1633 1642 1641
f 1634 1627 1635
f 1634 1635 1642
f 1635 1636 1644
f 1635 1644 1643
f 1636 1637 1645
f 1636 1645 1644
f 1637 1638 1646
f 1637 1646 1645
f 1638 1639 1647
f 1638 1647 1646
f 1639 1640 1648
f 1639 1648 1647
f 1640 1641 1649
f 1640 1649 1648
f 1641 1642 1650
f 1641 1650 1649
f 1642 1635 1643
f 1642 1643 1650
f 1643 1644 1652
f 1643 1652 1651
f 1644 1645 1653
f 1644 1653 1652
f 1645 1646 1654
f 1645 1654 1653
f 1646 1647 1655
f 1646 1655 1654
f 1647 1648 1656
f 1647 1656 1655
f 1648 1649 1657
f 1648 1657 1656
f 1649 1650 1658
f 1649 1658 1657
f 1650 1643 1651
f 1650 1651 1658
f 1651 1652 1660
f 1651 1660 1659
f 1652 1653 1661
f 1652 1661 1660
f 1653 1654 1662
f 1653 1662 1661
f 1654 1655 1663
f 1654 1663 1662
f 1655 1656 1664
f 1655 1664 1663
f 1656 1657 1665
f 1656 1665 1664
f 1657 1658 1666
f 1657 1666 1665
f 1658 1651 1659
f 1658 1659 1666
f 1667 1668 1674
f 1667 1674 1673
f 1668 1669 1675
f 1668 1675 1674
f 1669 1670 1676
f 1669 1676 1675
f 1670 1671 1677
f 1670 1677 1676
f 1671 1672 1678
f 1671 1678 1677
f 1672 1667 1673
f 1672 1673 1678
f 1679 1668 1667
f 1680 1673 1674
f 1679 1669 1668
f 1680 1674 1675
f 1679 1670 1669
f 1680 1675 1676
f 1679 1671 1670
f 1680 1676 1677
f 1679 1672 1671
f 1680 1677 1678
f 1679 1667 1672
f 1680 1678 1673
f 1681 1682 1688
f 1681 1688 1687
f 1682 1683 1689
f 1682 1689 1688
f 1683 1684 1690
f 1683 1690 1689
f 1684 1685 1691
f 1684 1691 1690
f 1685 1686 1692
f 1685 1692 1691
f 1686 1681 1687
f 1686 1687 1692
f 1693 1682 1681
f 1694 1687 1688
f 1693 1683 1682
f 1694 1688 1689
f 1693 1684 1683
f 1694 1689 1690
f 1693 1685 1684
f 1694 1690 1691
f 1693 1686 1685
f 1694 1691 1692
f 1693 1681 1686
f 1694 1692 1687
f 1695 1696 1704
f 1695 1704 1703
f 1696 1697 1705
f 1696 1705 1704
f 1697 1698 1706
f 1697 1706 1705
f 1698 1699 1707
f 1698 1707 1706
f 1699 1700 1708
f 1699 1708 1707
f 1700 1701 1709
f 1700 1709 1708
f 1701 1702 1710
f 1701 1710 1709
f 1702 1695 1703
f 1702 1703 1710
f 1703 1704 1712
f 1703 1712 1711
f 1704 1705 1713
f 1704 1713 1712
f 1705 1706 1714
f 1705 1714 1713
f 1706 1707 1715
f 1706 1715 1714
f 1707 1708 1716
f 1707 1716 1715
f 1708 1709 1717
f 1708 1717 1716
f 1709 1710 1718
f 1709 1718 1717
f 1710 1703 1711
f 1710 1711 1718
f 1711 1712 1720
f 1711 1720 1719
f 1712 1713 1721
f 1712 1721 1720
f 1713 1714 1722
f 1713 1722 1721
f 1714 1715 1723
f 1714 1723 1722
f 1715 1716 1724
f 1715 1724 1723
f 1716 1717 1725
f 1716 1725 1724
f 1717 1718 1726
f 1717 1726 1725
f 1718 1711 1719
f 1718 1719 1726
f 1719 1720 1728
f 1719 1728 1727
f 1720 1721 1729
f 1720 1729 1728
f 1721 1722 1730
f 1721 1730 1729
f 1722 1723 1731
f 1722 1731 1730
f 1723 1724 1732
f 1723 1732 1731
f 1724 1725 1733
f 1724 1733 1732
f 1725 1726 1734
f 1725 1734 1733
f 1726 1719 1727
f 1726 1727 1734
f 1735 1736 1742
f 1735 1742 1741
f 1736 1737 1743
f 1736 1743 1742
f 1737 1738 1744
f 1737 1744 1743
f 1738 1739 1745
f 1738 1745 1744
f 1739 1740 1746
f 1739 1746 1745
f 1740 1735 1741
f 1740 1741 1746
f 1747 1736 1735
f 1748 1741 1742
f 1747 1737 1736
f 1748 1742 1743
f 1747 1738 1737
f 1748 1743 1744
f 1747 1739 1738
f 1748 1744 1745
f 1747 1740 1739
f 1748 1745 1746
f 1747 1735 1740
f 1748 1746 1741
f 1749 1750 1756
f 1749 1756 1755
f 1750 1751 1757
f 1750 1757 1756
f 1751 1752 1758
f 1751 1758 1757
f 1752 1753 1759
f 1752 1759 1758
f 1753 1754 1760
f 1753 1760 1759
f 1754 1749 1755
f 1754 1755 1760
f 1761 1750 1749
f 1762 1755 1756
f 1761 1751 1750
f 1762 1756 1757
f 1761 1752 1751
f 1762 1757 1758
f 1761 1753 1752
f 1762 1758 1759
f 1761 1754 1753
f 1762 1759 1760
f 1761 1749 1754
f 1762 1760 1755
f 1763 1764 1772
f 1763 1772 1771
f 1764 1765 1773
f 1764 1773 1772
f 1765 1766 1774
f 1765 1774 1773
f 1766 1767 1775
f 1766 1775 1774
f 1767 1768 1776
f 1767 1776 1775
f 1768 1769 1777
f 1768 1777 1776
f 1769 1770 1778
f 1769 1778 1777
f 1770 1763 1771
f 1770 1771 1778
f 1771 1772 1780
f 1771 1780 1779
f 1772 1773 1781
f 1772 1781 1780
f 1773 1774 1782
f 1773 1782 1781
f 1774 1775 1783
f 1774 1783 1782
f 1775 1776 1784
f 1775 1784 1783
f 1776 1777 1785
f 1776 1785 1784
f 1777 1778 1786
f 1777 1786 1785
f 1778 1771 1779
f 1778 1779 1786
f 1779 1780 1788
f 1779 1788 1787
f 1780 1781 1789
f 1780 1789 1788
f 1781 1782 1790
f 1781 1790 1789
f 1782 1783 1791
f 1782 1791 1790
f 1783 1784 1792
f 1783 1792 1791
f 1784 1785 1793
f 1784 1793 1792
f 1785 1786 1794
f 1785 1794 1793
f 1786 1779 1787
f 1786 1787 1794
f 1787 1788 1796
f 1787 1796 1795
f 1788 1789 1797
f 1788 1797 1796
f 1789 1790 1798
f 1789 1798 1797
f 1790 1791 1799
f 1790 1799 1798
f 1791 1792 1800
f 1791 1800 1799
f 1792 1793 1801
f 1792 1801 1800
f 1793 1794 1802
f 1793 1802 1801
f 1794 1787 1795
f 1794 1795 1802
f 1803 1804 1810
f 1803 1810 1809
f 1804 1805 1811
f 1804 1811 1810
f 1805 1806 1812
f 1805 1812 1811
f 1806 1807 1813
f 1806 1813 1812
f 1807 1808 1814
f 1807 1814 1813
f 1808 1803 1809
f 1808 1809 1814
f 1815 1804 1803
f 1816 1809 1810
f 1815 1805 1804
f 1816 1810 1811
f 1815 1806 1805
f 1816 1811 1812
f 1815 1807 1806
f 1816 1812 1813
f 1815 1808 1807
f 1816 1813 1814
f 1815 1803 1808
f 1816 1814 1809
f 1817 1818 1824
f 1817 1824 1823
f 1818 1819 1825
f 1818 1825 1824
f 1819 1820 1826
f 1819 1826 1825
f 1820 1821 1827
f 1820 1827 1826
f 1821 1822 1828
f 1821 1828 1827
f 1822 1817 1823
f 1822 1823 1828
f 1829 1818 1817
f 1830 1823 1824
f 1829 1819 1818
f 1830 1824 1825
f 1829 1820 1819
f 1830 1825 1826
f 1829 1821 1820
f 1830 1826 1827
f 1829 1822 1821
f 1830 1827 1828
f 1829 1817 1822
f 1830 1828 1823
f 1831 1832 1840
f 1831 1840 1839
f 1832 1833 1841
f 1832 1841 1840
f 1833 1834 1842
f 1833 1842 1841
f 1834 1835 1843
f 1834 1843 1842
f 1835 1836 1844
f 1835 1844 1843
f 1836 1837 1845
f 1836 1845 1844
f 1837 1838 1846
f 1837 1846 1845
f 1838 1831 1839
f 1838 1839 1846
f 1839 1840 1848
f 1839 1848 1847
f 1840 1841 1849
f 1840 1849 1848
f 1841 1842 1850
f 1841 1850 1849
f 1842 1843 1851
f 1842 1851 1850
f 1843 1844 1852
f 1843 1852 1851
f 1844 1845 1853
f 1844 1853 1852
f 1845 1846 1854
f 1845 1854 1853
f 1846 1839 1847
f 1846 1847 1854
f 1847 1848 1856
f 1847 1856 1855
f 1848 1849 1857
f 1848 1857 1856
f 1849 1850 1858
f 1849 1858 1857
f 1850 1851 1859
f 1850 1859 1858
f 1851 1852 1860
f 1851 1860 1859
f 1852 1853 1861
f 1852 1861 1860
f 1853 1854 1862
f 1853 1862 1861
f 1854 1847 1855
f 1854 1855 1862
f 1855 1856 1864
f 1855 1864 1863
f 1856 1857 1865
f 1856 1865 1864
f 1857 1858 1866
f 1857 1866 1865
f 1858 1859 1867
f 1858 1867 1866
f 1859 1860 1868
f 1859 1868 1867
f 1860 1861 1869
f 1860 1869 1868
f 1861 1862 1870
f 1861 1870 1869
f 1862 1855 1863
f 1862 1863 1870
f 1871 1872 1878
f 1871 1878 1877
f 1872 1873 1879
f 1872 1879 1878
f 1873 1874 1880
f 1873 1880 1879
f 1874 1875 1881
f 1874 1881 1880
f 1875 1876 1882
f 1875 1882 1881
f 1876 1871 1877
f 1876 1877 1882
f 1883 1872 1871
f 1884 1877 1878
f 1883 1873 1872
f 1884 1878 1879
f 1883 1874 1873
f 1884 1879 1880
f 1883 1875 1874
f 1884 1880 1881
f 1883 1876 1875
f 1884 1881 1882
f 1883 1871 1876
f 1884 1882 1877
f 1885 1886 1892
f 1885 1892 1891
f 1886 1887 1893
f 1886 1893 1892
f 1887 1888 1894
f 1887 1894 1893
f 1888 1889 1895
f 1888 1895 1894
f 1889 1890 1896
f 1889 1896 1895
f 1890 1885 1891
f 1890 1891 1896
f 1897 1886 1885
f 1898 1891 1892
f 1897 1887 1886
f 1898 1892 1893
f 1897 1888 1887
f 1898 1893 1894
f 1897 1889 1888
f 1898 1894 1895
f 1897 1890 1889
f 1898 1895 1896
f 1897 1885 1890
f 1898 1896 1891
f 1899 1900 1908
f 1899 1908 1907
f 1900 1901 1909
f 1900 1909 1908
f 1901 1902 1910
f 1901 1910 1909
f 1902 1903 1911
f 1902 1911 1910
f 1903 1904 1912
f 1903 1912 1911
f 1904 1905 1913
f 1904 1913 1912
f 1905 1906 1914
f 1905 1914 1913
f 1906 1899 1907
f 1906 1907 1914
f 1907 1908 1916
f 1907 1916 1915
f 1908 1909 1917
f 1908 1917 1916
f 1909 1910 1918
f 1909 1918 1917
f 1910 1911 1919
f 1910 1919 1918
f 1911 1912 1920
f 1911 1920 1919
f 1912 1913 1921
f 1912 1921 1920
f 1913 1914 1922
f 1913 1922 1921
f 1914 1907 1915
f 1914 1915 1922
f 1915 1916 1924
f 1915 1924 1923
f 1916 1917 1925
f 1916 1925 1924
f 1917 1918 1926
f 1917 1926 1925
f 1918 1919 1927
f 1918 1927 1926
f 1919 1920 1928
f 1919 1928 1927
f 1920 1921 1929
f 1920 1929 1928
f 1921 1922 1930
f 1921 1930 1929
f 1922 1915 1923
f 1922 1923 1930
f 1923 1924 1932
f 1923 1932 1931
f 1924 1925 1933
f 1924 1933 1932
f 1925 1926 1934
f 1925 1934 1933
f 1926 1927 1935
f 1926 1935 1934
f 1927 1928 1936
f 1927 1936 1935
f 1928 1929 1937
f 1928 1937 1936
f 1929 1930 1938
f 1929 1938 1937
f 1930 1923 1931
f 1930 1931 1938
f 1939 1940 1946
f 1939 1946 1945
f 1940 1941 1947
f 1940 1947 1946
f 1941 1942 1948
f 1941 1948 1947
f 1942 1943 1949
f 1942 1949 1948
f 1943 1944 1950
f 1943 1950 1949
f 1944 1939 1945
f 1944 1945 1950
f 1951 1940 1939
f 1952 1945 1946
f 1951 1941 1940
f 1952 1946 1947
f 1951 1942 1941
f 1952 1947 1948
f 1951 1943 1942
f 1952 1948 1949
f 1951 1944 1943
f 1952 1949 1950
f 1951 1939 1944
f 1952 1950 1945
f 1953 1954 1960
f 1953 1960 1959
f 1954 1955 1961
f 1954 1961 1960
f 1955 1956 1962
f 1955 1962 1961
f 1956 1957 1963
f 1956 1963 1962
f 1957 1958 1964
f 1957 1964 1963
f 1958 1953 1959
f 1958 1959 1964
f 1965 1954 1953
f 1966 1959 1960
f 1965 1955 1954
f 1966 1960 1961
f 1965 1956 1955
f 1966 1961 1962
f 1965 1957 1956
f 1966 1962 1963
f 1965 1958 1957
f 1966 1963 1964
f 1965 1953 1958
f 1966 1964 1959
f 1967 1968 1976
f 1967 1976 1975
f 1968 1969 1977
f 1968 1977 1976
f 1969 1970 1978
f 1969 1978 1977
f 1970 1971 1979
f 1970 1979 1978
f 1971 1972 1980
f 1971 1980 1979
f 1972 1973 1981
f 1972 1981 1980
f 1973 1974 1982
f 1973 1982 1981
f 1974 1967 1975
f 1974 1975 1982
f 1975 1976 1984
f 1975 1984 1983
f 1976 1977 1985
f 1976 1985 1984
f 1977 1978 1986
f 1977 1986 1985
f 1978 1979 1987
f 1978 1987 1986
f 1979 1980 1988
f 1979 1988 1987
f 1980 1981 1989
f 1980 1989 1988
f 1981 1982 1990
f 1981 1990 1989
f 1982 1975 1983
f 1982 1983 1990
f 1983 1984 1992
f 1983 1992 1991
f 1984 1985 1993
f 1984 1993 1992
f 1985 1986 1994
f 1985 1994 1993
f 1986 1987 1995
f 1986 1995 1994
f 1987 1988 1996
f 1987 1996 1995
f 1988 1989 1997
f 1988 1997 1996
f 1989 1990 1998
f 1989 1998 1997
f 1990 1983 1991
f 1990 1991 1998
f 1991 1992 2000
f 1991 2000 1999
f 1992 1993 2001
f 1992 2001 2000
f 1993 1994 2002
f 1993 2002 2001
f 1994 1995 2003
f 1994 2003 2002
f 1995 1996 2004
f 1995 2004 2003
f 1996 1997 2005
f 1996 2005 2004
f 1997 1998 2006
f 1997 2006 2005
f 1998 1991 1999
f 1998 1999 2006
f 2007 2008 2014
f 2007 2014 2013
f 2008 2009 2015
f 2008 2015 2014
f 2009 2010 2016
f 2009 2016 2015
f 2010 2011 2017
f 2010 2017 2016
f 2011 2012 2018
f 2011 2018 2017
f 2012 2007 2013
f 2012 2013 2018
f 2019 2008 2007
f 2020 2013 2014
f 2019 2009 2008
f 2020 2014 2015
f 2019 2010 2009
f 2020 2015 2016
f 2019 2011 2010
f 2020 2016 2017
f 2019 2012 2011
f 2020 2017 2018
f 2019 2007 2012
f 2020 2018 2013
f 2021 2022 2028
f 2021 2028 2027
f 2022 2023 2029
f 2022 2029 2028
f 2023 2024 2030
f 2023 2030 2029
f 2024 2025 2031
f 2024 2031 2030
f 2025 2026 2032
f 2025 2032 2031
f 2026 2021 2027
f 2026 2027 2032
f 2033 2022 2021
f 2034 2027 2028
f 2033 2023 2022
f 2034 2028 2029
f 2033 2024 2023
f 2034 2029 2030
f 2033 2025 2024
f 2034 2030 2031
f 2033 2026 2025
f 2034 2031 2032
f 2033 2021 2026
f 2034 2032 2027
f 2035 2036 2044
f 2035 2044 2043
f 2036 2037 2045
f 2036 2045 2044
f 2037 2038 2046
f 2037 2046 2045
f 2038 2039 2047
f 2038 2047 2046
f 2039 2040 2048
f 2039 2048 2047
f 2040 2041 2049
f 2040 2049 2048
f 2041 2042 2050
f 2041 2050 2049
f 2042 2035 2043
f 2042 2043 2050
f 2043 2044 2052
f 2043 2052 2051
f 2044 2045 2053
f 2044 2053 2052
f 2045 2046 2054
f 2045 2054 2053
f 2046 2047 2055
f 2046 2055 2054
f 2047 2048 2056
f 2047 2056 2055
f 2048 2049 2057
f 2048 2057 2056
f 2049 2050 2058
f 2049 2058 2057
f 2050 2043 2051
f 2050 2051 2058
f 2051 2052 2060
f 2051 2060 2059
f 2052 2053 2061
f 2052 2061 2060
f 2053 2054 2062
f 2053 2062 2061
f 2054 2055 2063
f 2054 2063 2062
f 2055 2056 2064
f 2055 2064 2063
f 2056 2057 2065
f 2056 2065 2064
f 2057 2058 2066
f 2057 2066 2065
f 2058 2051 2059
f 2058 2059 2066
f 2059 2060 2068
f 2059 2068 2067
f 2060 2061 2069
f 2060 2069 2068
f 2061 2062 2070
f 2061 2070 2069
f 2062 2063 2071
f 2062 2071 2070
f 2063 2064 2072
f 2063 2072 2071
f 2064 2065 2073
f 2064 2073 2072
f 2065 2066 2074
f 2065 2074 2073
f 2066 2059 2067
f 2066 2067 2074
f 2075 2076 2082
f 2075 2082 2081
f 2076 2077 2083
f 2076 2083 2082
f 2077 2078 2084
f 2077 2084 2083
f 2078 2079 2085
f 2078 2085 2084
f 2079 2080 2086
f 2079 2086 2085
f 2080 2075 2081
f 2080 2081 2086
f 2087 2076 2075
f 2088 2081 2082
f 2087 2077 2076
f 2088 2082 2083
f 2087 2078 2077
f 2088 2083 2084
f 2087 2079 2078
f 2088 2084 2085
f 2087 2080 2079
f 2088 2085 2086
f 2087 2075 2080
f 2088 2086 2081
f 2089 2090 2096
f 2089 2096 2095
f 2090 2091 2097
f 2090 2097 2096
f 2091 2092 2098
f 2091 2098 2097
f 2092 2093 2099
f 2092 2099 2098
f 2093 2094 2100
f 2093 2100 2099
f 2094 2089 2095
f 2094 2095 2100
f 2101 2090 2089
f 2102 2095 2096
f 2101 2091 2090
f 2102 2096 2097
f 2101 2092 2091
f 2102 2097 2098
f 2101 2093 2092
f 2102 2098 2099
f 2101 2094 2093
f 2102 2099 2100
f 2101 2089 2094
f 2102 2100 2095
f 2103 2104 2112
f 2103 2112 2111
f 2104 2105 2113
f 2104 2113 2112
f 2105 2106 2114
f 2105 2114 2113
f 2106 2107 2115
f 2106 2115 2114
f 2107 2108 2116
f 2107 2116 2115
f 2108 2109 2117
f 2108 2117 2116
f 2109 2110 2118
f 2109 2118 2117
f 2110 2103 2111
f 2110 2111 2118
f 2111 2112 2120
f 2111 2120 2119
f 2112 2113 2121
f 2112 2121 2120
f 2113 2114 2122
f 2113 2122 2121
f 2114 2115 2123
f 2114 2123 2122
f 2115 2116 2124
f 2115 2124 2123
f 2116 2117 2125
f 2116 2125 2124
f 2117 2118 2126
f 2117 2126 2125
f 2118 2111 2119
f 2118 2119 2126
f 2119 2120 2128
f 2119 2128 2127
f 2120 2121 2129
f 2120 2129 2128
f 2121 2122 2130
f 2121 2130 2129
f 2122 2123 2131
f 2122 2131 2130
f 2123 2124 2132
f 2123 2132 2131
f 2124 2125 2133
f 2124 2133 2132
f 2125 2126 2134
f 2125 2134 2133
f 2126 2119 2127
f 2126 2127 2134
f 2127 2128 2136
f 2127 2136 2135
f 2128 2129 2137
f 2128 2137 2136
f 2129 2130 2138
f 2129 2138 2137
f 2130 2131 2139
f 2130 2139 2138
f 2131 2132 2140
f 2131 2140 2139
f 2132 2133 2141
f 2132 2141 2140
f 2133 2134 2142
f 2133 2142 2141
f 2134 2127 2135
f 2134 2135 2142
f 2143 2144 2150
f 2143 2150 2149
f 2144 2145 2151
f 2144 2151 2150
f 2145 2146 2152
f 2145 2152 2151
f 2146 2147 2153
f 2146 2153 2152
f 2147 2148 2154
f 2147 2154 2153
f 2148 2143 2149
f 2148 2149 2154
f 2155 2144 2143
f 2156 2149 2150
f 2155 2145 2144
f 2156 2150 2151
f 2155 2146 2145
f 2156 2151 2152
f 2155 2147 2146
f 2156 2152 2153
f 2155 2148 2147
f 2156 2153 2154
f 2155 2143 2148
f 2156 2154 2149
f 2157 2158 2164
f 2157 2164 2163
f 2158 2159 2165
f 2158 2165 2164
f 2159 2160 2166
f 2159 2166 2165
f 2160 2161 2167
f 2160 2167 2166
f 2161 2162 2168
f 2161 2168 2167
f 2162 2157 2163
f 2162 2163 2168
f 2169 2158 2157
f 2170 2163 2164
f 2169 2159 2158
f 2170 2164 2165
f 2169 2160 2159
f 2170 2165 2166
f 2169 2161 2160
f 2170 2166 2167
f 2169 2162 2161
f 2170 2167 2168
f 2169 2157 2162
f 2170 2168 2163
f 2171 2172 2180
f 2171 2180 2179
f 2172 2173 2181
f 2172 2181 2180
f 2173 2174 2182
f 2173 2182 2181
f 2174 2175 2183
f 2174 2183 2182
f 2175 2176 2184
f 2175 2184 2183
f 2176 2177 2185
f 2176 2185 2184
f 2177 2178 2186
f 2177 2186 2185
f 2178 2171 2179
f 2178 2179 2186
f 2179 2180 2188
f 2179 2188 2187
f 2180 2181 2189
f 2180 2189 2188
f 2181 2182 2190
f 2181 2190 2189
f 2182 2183 2191
f 2182 2191 2190
f 2183 2184 2192
f 2183 2192 2191
f 2184 2185 2193
f 2184 2193 2192
f 2185 2186 2194
f 2185 2194 2193
f 2186 2179 2187
f 2186 2187 2194
f 2187 2188 2196
f 2187 2196 2195
f 2188 2189 2197
f 2188 2197 2196
f 2189 2190 2198
f 2189 2198 2197
f 2190 2191 2199
f 2190 2199 2198
f 2191 2192 2200
f 2191 2200 2199
f 2192 2193 2201
f 2192 2201 2200
f 2193 2194 2202
f 2193 2202 2201
f 2194 2187 2195
f 2194 2195 2202
f 2195 2196 2204
f 2195 2204 2203
f 2196 2197 2205
f 2196 2205 2204
f 2197 2198 2206
f 2197 2206 2205
f 2198 2199 2207
f 2198 2207 2206
f 2199 2200 2208
f 2199 2208 2207
f 2200 2201 2209
f 2200 2209 2208
f 2201 2202 2210
f 2201 2210 2209
f 2202 2195 2203
f 2202 2203 2210
f 2211 2212 2218
f 2211 2218 2217
f 2212 2213 2219
f 2212 2219 2218
f 2213 2214 2220
f 2213 2220 2219
f 2214 2215 2221
f 2214 2221 2220
f 2215 2216 2222
f 2215 2222 2221
f 2216 2211 2217
f 2216 2217 2222
f 2223 2212 2211
f 2224 2217 2218
f 2223 2213 2212
f 2224 2218 2219
f 2223 2214 2213
f 2224 2219 2220
f 2223 2215 2214
f 2224 2220 2221
f 2223 2216 2215
f 2224 2221 2222
f 2223 2211 2216
f 2224 2222 2217
f 2225 2226 2232
f 2225 2232 2231
f 2226 2227 2233
f 2226 2233 2232
f 2227 2228 2234
f 2227 2234 2233
f 2228 2229 2235
f 2228 2235 2234
f 2229 2230 2236
f 2229 2236 2235
f 2230 2225 2231
f 2230 2231 2236
f 2237 2226 2225
f 2238 2231 2232
f 2237 2227 2226
f 2238 2232 2233
f 2237 2228 2227
f 2238 2233 2234
f 2237 2229 2228
f 2238 2234 2235
f 2237 2230 2229
f 2238 2235 2236
f 2237 2225 2230
f 2238 2236 2231
f 2239 2240 2248
f 2239 2248 2247
f 2240 2241 2249
f 2240 2249 2248
f 2241 2242 2250
f 2241 2250 2249
f 2242 2243 2251
f 2242 2251 2250
f 2243 2244 2252
f 2243 2252 2251
f 2244 2245 2253
f 2244 2253 2252
f 2245 2246 2254
f 2245 2254 2253
f 2246 2239 2247
f 2246 2247 2254
f 2247 2248 2256
f 2247 2256 2255
f 2248 2249 2257
f 2248 2257 2256
f 2249 2250 2258
f 2249 2258 2257
f 2250 2251 2259
f 2250 2259 2258
f 2251 2252 2260
f 2251 2260 2259
f 2252 2253 2261
f 2252 2261 2260
f 2253 2254 2262
f 2253 2262 2261
f 2254 2247 2255
f 2254 2255 2262
f 2255 2256 2264
f 2255 2264 2263
f 2256 2257 2265
f 2256 2265 2264
f 2257 2258 2266
f 2257 2266 2265
f 2258 2259 2267
f 2258 2267 2266
f 2259 2260 2268
f 2259 2268 2267
f 2260 2261 2269
f 2260 2269 2268
f 2261 2262 2270
f 2261 2270 2269
f 2262 2255 2263
f 2262 2263 2270
f 2263 2264 2272
f 2263 2272 2271
f 2264 2265 2273
f 2264 2273 2272
f 2265 2266 2274
f 2265 2274 2273
f 2266 2267 2275
f 2266 2275 2274
f 2267 2268 2276
f 2267 2276 2275
f 2268 2269 2277
f 2268 2277 2276
f 2269 2270 2278
f 2269 2278 2277
f 2270 2263 2271
f 2270 2271 2278
f 2279 2280 2286
f 2279 2286 2285
f 2280 2281 2287
f 2280 2287 2286
f 2281 2282 2288
f 2281 2288 2287
f 2282 2283 2289
f 2282 2289 2288
f 2283 2284 2290
f 2283 2290 2289
f 2284 2279 2285
f 2284 2285 2290
f 2291 2280 2279
f 2292 2285 2286
f 2291 2281 2280
f 2292 2286 2287
f 2291 2282 2281
f 2292 2287 2288
f 2291 2283 2282
f 2292 2288 2289
f 2291 2284 2283
f 2292 2289 2290
f 2291 2279 2284
f 2292 2290 2285
f 2293 2294 2300
f 2293 2300 2299
f 2294 2295 2301
f 2294 2301 2300
f 2295 2296 2302
f 2295 2302 2301
f 2296 2297 2303
f 2296 2303 2302
f 2297 2298 2304
f 2297 2304 2303
f 2298 2293 2299
f 2298 2299 2304
f 2305 2294 2293
f 2306 2299 2300
f 2305 2295 2294
f 2306 2300 2301
f 2305 2296 2295
f 2306 2301 2302
f 2305 2297 2296
f 2306 2302 2303
f 2305 2298 2297
f 2306 2303 2304
f 2305 2293 2298
f 2306 2304 2299
f 2307 2308 2316
f 2307 2316 2315
f 2308 2309 2317
f 2308 2317 2316
f 2309 2310 2318
f 2309 2318 2317
f 2310 2311 2319
f 2310 2319 2318
f 2311 2312 2320
f 2311 2320 2319
f 2312 2313 2321
f 2312 2321 2320
f 2313 2314 2322
f 2313 2322 2321
f 2314 2307 2315
f 2314 2315 2322
f 2315 2316 2324
f 2315 2324 2323
f 2316 2317 2325
f 2316 2325 2324
f 2317 2318 2326
f 2317 2326 2325
f 2318 2319 2327
f 2318 2327 2326
f 2319 2320 2328
f 2319 2328 2327
f 2320 2321 2329
f 2320 2329 2328
f 2321 2322 2330
f 2321 2330 2329
f 2322 2315 2323
f 2322 2323 2330
f 2323 2324 2332
f 2323 2332 2331
f 2324 2325 2333
f 2324 2333 2332
f 2325 2326 2334
f 2325 2334 2333
f 2326 2327 2335
f 2326 2335 2334
f 2327 2328 2336
f 2327 2336 2335
f 2328 2329 2337
f 2328 2337 2336
f 2329 2330 2338
f 2329 2338 2337
f 2330 2323 2331
f 2330 2331 2338
f 2331 2332 2340
f 2331 2340 2339
f 2332 2333 2341
f 2332 2341 2340
f 2333 2334 2342
f 2333 2342 2341
f 2334 2335 2343
f 2334 2343 2342
f 2335 2336 2344
f 2335 2344 2343
f 2336 2337 2345
f 2336 2345 2344
f 2337 2338 2346
f 2337 2346 2345
f 2338 2331 2339
f 2338 2339 2346
f 2347 2348 2354
f 2347 2354 2353
f 2348 2349 2355
f 2348 2355 2354
f 2349 2350 2356
f 2349 2356 2355
f 2350 2351 2357
f 2350 2357 2356
f 2351 2352 2358
f 2351 2358 2357
f 2352 2347 2353
f 2352 2353 2358
f 2359 2348 2347
f 2360 2353 2354
f 2359 2349 2348
f 2360 2354 2355
f 2359 2350 2349
f 2360 2355 2356
f 2359 2351 2350
f 2360 2356 2357
f 2359 2352 2351
f 2360 2357 2358
f 2359 2347 2352
f 2360 2358 2353
f 2361 2362 2368
f 2361 2368 2367
f 2362 2363 2369
f 2362 2369 2368
f 2363 2364 2370
f 2363 2370 2369
f 2364 2365 2371
f 2364 2371 2370
f 2365 2366 2372
f 2365 2372 2371
f 2366 2361 2367
f 2366 2367 2372
f 2373 2362 2361
f 2374 2367 2368
f 2373 2363 2362
f 2374 2368 2369
f 2373 2364 2363
f 2374 2369 2370
f 2373 2365 2364
f 2374 2370 2371
f 2373 2366 2365
f 2374 2371 2372
f 2373 2361 2366
f 2374 2372 2367
f 2375 2376 2384
f 2375 2384 2383
f 2376 2377 2385
f 2376 2385 2384
f 2377 2378 2386
f 2377 2386 2385
f 2378 2379 2387
f 2378 2387 2386
f 2379 2380 2388
f 2379 2388 2387
f 2380 2381 2389
f 2380 2389 2388
f 2381 2382 2390
f 2381 2390 2389
f 2382 2375 2383
f 2382 2383 2390
f 2383 2384 2392
f 2383 2392 2391
f 2384 2385 2393
f 2384 2393 2392
f 2385 2386 2394
f 2385 2394 2393
f 2386 2387 2395
f 2386 2395 2394
f 2387 2388 2396
f 2387 2396 2395
f 2388 2389 2397
f 2388 2397 2396
f 2389 2390 2398
f 2389 2398 2397
f 2390 2383 2391
f 2390 2391 2398
f 2391 2392 2400
f 2391 2400 2399
f 2392 2393 2401
f 2392 2401 2400
f 2393 2394 2402
f 2393 2402 2401
f 2394 2395 2403
f 2394 2403 2402
f 2395 2396 2404
f 2395 2404 2403
f 2396 2397 2405
f 2396 2405 2404
f 2397 2398 2406
f 2397 2406 2405
f 2398 2391 2399
f 2398 2399 2406
f 2399 2400 2408
f 2399 2408 2407
f 2400 2401 2409
f 2400 2409 2408
f 2401 2402 2410
f 2401 2410 2409
f 2402 2403 2411
f 2402 2411 2410
f 2403 2404 2412
f 2403 2412 2411
f 2404 2405 2413
f 2404 2413 2412
f 2405 2406 2414
f 2405 2414 2413
f 2406 2399 2407
f 2406 2407 2414
f 2415 2416 2422
f 2415 2422 2421
f 2416 2417 2423
f 2416 2423 2422
f 2417 2418 2424
f 2417 2424 2423
f 2418 2419 2425
f 2418 2425 2424
f 2419 2420 2426
f 2419 2426 2425
f 2420 2415 2421
f 2420 2421 2426
f 2427 2416 2415
f 2428 2421 2422
f 2427 2417 2416
f 2428 2422 2423
f 2427 2418 2417
f 2428 2423 2424
f 2427 2419 2418
f 2428 2424 2425
f 2427 2420 2419
f 2428 2425 2426
f 2427 2415 2420
f 2428 2426 2421
f 2429 2430 2436
f 2429 2436 2435
f 2430 2431 2437
f 2430 2437 2436
f 2431 2432 2438
f 2431 2438 2437
f 2432 2433 2439
f 2432 2439 2438
f 2433 2434 2440
f 2433 2440 2439
f 2434 2429 2435
f 2434 2435 2440
f 2441 2430 2429
f 2442 2435 2436
f 2441 2431 2430
f 2442 2436 2437
f 2441 2432 2431
f 2442 2437 2438
f 2441 2433 2432
f 2442 2438 2439
f 2441 2434 2433
f 2442 2439 2440
f 2441 2429 2434
f 2442 2440 2435
f 2443 2444 2452
f 2443 2452 2451
f 2444 2445 2453
f 2444 2453 2452
f 2445 2446 2454
f 2445 2454 2453
f 2446 2447 2455
f 2446 2455 2454
f 2447 2448 2456
f 2447 2456 2455
f 2448 2449 2457
f 2448 2457 2456
f 2449 2450 2458
f 2449 2458 2457
f 2450 2443 2451
f 2450 2451 2458
f 2451 2452 2460
f 2451 2460 2459
f 2452 2453 2461
f 2452 2461 2460
f 2453 2454 2462
f 2453 2462 2461
f 2454 2455 2463
f 2454 2463 2462
f 2455 2456 2464
f 2455 2464 2463
f 2456 2457 2465
f 2456 2465 2464
f 2457 2458 2466
f 2457 2466 2465
f 2458 2451 2459
f 2458 2459 2466
f 2459 2460 2468
f 2459 2468 2467
f 2460 2461 2469
f 2460 2469 2468
f 2461 2462 2470
f 2461 2470 2469
f 2462 2463 2471
f 2462 2471 2470
f 2463 2464 2472
f 2463 2472 2471
f 2464 2465 2473
f 2464 2473 2472
f 2465 2466 2474
f 2465 2474 2473
f 2466 2459 2467
f 2466 2467 2474
f 2467 2468 2476
f 2467 2476 2475
f 2468 2469 2477
f 2468 2477 2476
f 2469 2470 2478
f 2469 2478 2477
f 2470 2471 2479
f 2470 2479 2478
f 2471 2472 2480
f 2471 2480 2479
f 2472 2473 2481
f 2472 2481 2480
f 2473 2474 2482
f 2473 2482 2481
f 2474 2467 2475
f 2474 2475 2482
f 2483 2484 2490
f 2483 2490 2489
f 2484 2485 2491
f 2484 2491 2490
f 2485 2486 2492
f 2485 2492 2491
f 2486 2487 2493
f 2486 2493 2492
f 2487 2488 2494
f 2487 2494 2493
f 2488 2483 2489
f 2488 2489 2494
f 2495 2484 2483
f 2496 2489 2490
f 2495 2485 2484
f 2496 2490 2491
f 2495 2486 2485
f 2496 2491 2492
f 2495 2487 2486
f 2496 2492 2493
f 2495 2488 2487
f 2496 2493 2494
f 2495 2483 2488
f 2496 2494 2489
f 2497 2498 2504
f 2497 2504 2503
f 2498 2499 2505
f 2498 2505 2504
f 2499 2500 2506
f 2499 2506 2505
f 2500 2501 2507
f 2500 2507 2506
f 2501 2502 2508
f 2501 2508 2507
f 2502 2497 2503
f 2502 2503 2508
f 2509 2498 2497
f 2510 2503 2504
f 2509 2499 2498
f 2510 2504 2505
f 2509 2500 2499
f 2510 2505 2506
f 2509 2501 2500
f 2510 2506 2507
f 2509 2502 2501
f 2510 2507 2508
f 2509 2497 2502
f 2510 2508 2503
f 2511 2512 2520
f 2511 2520 2519
f 2512 2513 2521
f 2512 2521 2520
f 2513 2514 2522
f 2513 2522 2521
f 2514 2515 2523
f 2514 2523 2522
f 2515 2516 2524
f 2515 2524 2523
f 2516 2517 2525
f 2516 2525 2524
f 2517 2518 2526
f 2517 2526 2525
f 2518 2511 2519
f 2518 2519 2526
f 2519 2520 2528
f 2519 2528 2527
f 2520 2521 2529
f 2520 2529 2528
f 2521 2522 2530
f 2521 2530 2529
f 2522 2523 2531
f 2522 2531 2530
f 2523 2524 2532
f 2523 2532 2531
f 2524 2525 2533
f 2524 2533 2532
f 2525 2526 2534
f 2525 2534 2533
f 2526 2519 2527
f 2526 2527 2534
f 2527 2528 2536
f 2527 2536 2535
f 2528 2529 2537
f 2528 2537 2536
f 2529 2530 2538
f 2529 2538 2537
f 2530 2531 2539
f 2530 2539 2538
f 2531 2532 2540
f 2531 2540 2539
f 2532 2533 2541
f 2532 2541 2540
f 2533 2534 2542
f 2533 2542 2541
f 2534 2527 2535
f 2534 2535 2542
f 2535 2536 2544
f 2535 2544 2543
f 2536 2537 2545
f 2536 2545 2544
f 2537 2538 2546
f 2537 2546 2545
f 2538 2539 2547
f 2538 2547 2546
f 2539 2540 2548
f 2539 2548 2547
f 2540 2541 2549
f 2540 2549 2548
f 2541 2542 2550
f 2541 2550 2549
f 2542 2535 2543
f 2542 2543 2550
f 2551 2552 2558
f 2551 2558 2557
f 2552 2553 2559
f 2552 2559 2558
f 2553 2554 2560
f 2553 2560 2559
f 2554 2555 2561
f 2554 2561 2560
f 2555 2556 2562
f 2555 2562 2561
f 2556 2551 2557
f 2556 2557 2562
f 2563 2552 2551
f 2564 2557 2558
f 2563 2553 2552
f 2564 2558 2559
f 2563 2554 2553
f 2564 2559 2560
f 2563 2555 2554
f 2564 2560 2561
f 2563 2556 2555
f 2564 2561 2562
f 2563 2551 2556
f 2564 2562 2557
f 2565 2566 2572
f 2565 2572 2571
f 2566 2567 2573
f 2566 2573 2572
f 2567 2568 2574
f 2567 2574 2573
f 2568 2569 2575
f 2568 2575 2574
f 2569 2570 2576
f 2569 2576 2575
f 2570 2565 2571
f 2570 2571 2576
f 2577 2566 2565
f 2578 2571 2572
f 2577 2567 2566
f 2578 2572 2573
f 2577 2568 2567
f 2578 2573 2574
f 2577 2569 2568
f 2578 2574 2575
f 2577 2570 2569
f 2578 2575 2576
f 2577 2565 2570
f 2578 2576 2571
f 2579 2580 2588
f 2579 2588 2587
f 2580 2581 2589
f 2580 2589 2588
f 2581 2582 2590
f 2581 2590 2589
f 2582 2583 2591
f 2582 2591 2590
f 2583 2584 2592
f 2583 2592 2591
f 2584 2585 2593
f 2584 2593 2592
f 2585 2586 2594
f 2585 2594 2593
f 2586 2579 2587
f 2586 2587 2594
f 2587 2588 2596
f 2587 2596 2595
f 2588 2589 2597
f 2588 2597 2596
f 2589 2590 2598
f 2589 2598 2597
f 2590 2591 2599
f 2590 2599 2598
f 2591 2592 2600
f 2591 2600 2599
f 2592 2593 2601
f 2592 2601 2600
f 2593 2594 2602
f 2593 2602 2601
f 2594 2587 2595
f 2594 2595 2602
f 2595 2596 2604
f 2595 2604 2603
f 2596 2597 2605
f 2596 2605 2604
f 2597 2598 2606
f 2597 2606 2605
f 2598 2599 2607
f 2598 2607 2606
f 2599 2600 2608
f 2599 2608 2607
f 2600 2601 2609
f 2600 2609 2608
f 2601 2602 2610
f 2601 2610 2609
f 2602 2595 2603
f 2602 2603 2610
f 2603 2604 2612
f 2603 2612 2611
f 2604 2605 2613
f 2604 2613 2612
f 2605 2606 2614
f 2605 2614 2613
f 2606 2607 2615
f 2606 2615 2614
f 2607 2608 2616
f 2607 2616 2615
f 2608 2609 2617
f 2608 2617 2616
f 2609 2610 2618
f 2609 2618 2617
f 2610 2603 2611
f 2610 2611 2618
f 2619 2620 2626
f 2619 2626 2625
f 2620 2621 2627
f 2620 2627 2626
f 2621 2622 2628
f 2621 2628 2627
f 2622 2623 2629
f 2622 2629 2628
f 2623 2624 2630
f 2623 2630 2629
f 2624 2619 2625
f 2624 2625 2630
f 2631 2620 2619
f 2632 2625 2626
f 2631 2621 2620
f 2632 2626 2627
f 2631 2622 2621
f 2632 2627 2628
f 2631 2623 2622
f 2632 2628 2629
f 2631 2624 2623
f 2632 2629 2630
f 2631 2619 2624
f 2632 2630 2625
f 2633 2634 2640
f 2633 2640 2639
f 2634 2635 2641
f 2634 2641 2640
f 2635 2636 2642
f 2635 2642 2641
f 2636 2637 2643
f 2636 2643 2642
f 2637 2638 2644
f 2637 2644 2643
f 2638 2633 2639
f 2638 2639 2644
f 2645 2634 2633
f 2646 2639 2640
f 2645 2635 2634
f 2646 2640 2641
f 2645 2636 2635
f 2646 2641 2642
f 2645 2637 2636
f 2646 2642 2643
f 2645 2638 2637
f 2646 2643 2644
f 2645 2633 2638
f 2646 2644 2639
f 2647 2648 2656
f 2647 2656 2655
f 2648 2649 2657
f 2648 2657 2656
f 2649 2650 2658
f 2649 2658 2657
f 2650 2651 2659
f 2650 2659 2658
f 2651 2652 2660
f 2651 2660 2659
f 2652 2653 2661
f 2652 2661 2660
f 2653 2654 2662
f 2653 2662 2661
f 2654 2647 2655
f 2654 2655 2662
f 2655 2656 2664
f 2655 2664 2663
f 2656 2657 2665
f 2656 2665 2664
f 2657 2658 2666
f 2657 2666 2665
f 2658 2659 2667
f 2658 2667 2666
f 2659 2660 2668
f 2659 2668 2667
f 2660 2661 2669
f 2660 2669 2668
f 2661 2662 2670
f 2661 2670 2669
f 2662 2655 2663
f 2662 2663 2670
f 2663 2664 2672
f 2663 2672 2671
f 2664 2665 2673
f 2664 2673 2672
f 2665 2666 2674
f 2665 2674 2673
f 2666 2667 2675
f 2666 2675 2674
f 2667 2668 2676
f 2667 2676 2675
f 2668 2669 2677
f 2668 2677 2676
f 2669 2670 2678
f 2669 2678 2677
f 2670 2663 2671
f 2670 2671 2678
f 2671 2672 2680
f 2671 2680 2679
f 2672 2673 2681
f 2672 2681 2680
f 2673 2674 2682
f 2673 2682 2681
f 2674 2675 2683
f 2674 2683 2682
f 2675 2676 2684
f 2675 2684 2683
f 2676 2677 2685
f 2676 2685 2684
f 2677 2678 2686
f 2677 2686 2685
f 2678 2671 2679
f 2678 2679 2686
f 2687 2688 2694
f 2687 2694 2693
f 2688 2689 2695
f 2688 2695 2694
f 2689 2690 2696
f 2689 2696 2695
f 2690 2691 2697
f 2690 2697 2696
f 2691 2692 2698
f 2691 2698 2697
f 2692 2687 2693
f 2692 2693 2698
f 2699 2688 2687
f 2700 2693 2694
f 2699 2689 2688
f 2700 2694 2695
f 2699 2690 2689
f 2700 2695 2696
f 2699 2691 2690
f 2700 2696 2697
f 2699 2692 2691
f 2700 2697 2698
f 2699 2687 2692
f 2700 2698 2693
f 2701 2702 2708
f 2701 2708 2707
f 2702 2703 2709
f 2702 2709 2708
f 2703 2704 2710
f 2703 2710 2709
f 2704 2705 2711
f 2704 2711 2710
f 2705 2706 2712
f 2705 2712 2711
f 2706 2701 2707
f 2706 2707 2712
f 2713 2702 2701
f 2714 2707 2708
f 2713 2703 2702
f 2714 2708 2709
f 2713 2704 2703
f 2714 2709 2710
f 2713 2705 2704
f 2714 2710 2711
f 2713 2706 2705
f 2714 2711 2712
f 2713 2701 2706
f 2714 2712 2707
f 2715 2716 2724
f 2715 2724 2723
f 2716 2717 2725
f 2716 2725 2724
f 2717 2718 2726
f 2717 2726 2725
f 2718 2719 2727
f 2718 2727 2726
f 2719 2720 2728
f 2719 2728 2727
f 2720 2721 2729
f 2720 2729 2728
f 2721 2722 2730
f 2721 2730 2729
f 2722 2715 2723
f 2722 2723 2730
f 2723 2724 2732
f 2723 2732 2731
f 2724 2725 2733
f 2724 2733 2732
f 2725 2726 2734
f 2725 2734 2733
f 2726 2727 2735
f 2726 2735 2734
f 2727 2728 2736
f 2727 2736 2735
f 2728 2729 2737
f 2728 2737 2736
f 2729 2730 2738
f 2729 2738 2737
f 2730 2723 2731
f 2730 2731 2738
f 2731 2732 2740
f 2731 2740 2739
f 2732 2733 2741
f 2732 2741 2740
f 2733 2734 2742
f 2733 2742 2741
f 2734 2735 2743
f 2734 2743 2742
f 2735 2736 2744
f 2735 2744 2743
f 2736 2737 2745
f 2736 2745 2744
f 2737 2738 2746
f 2737 2746 2745
f 2738 2731 2739
f 2738 2739 2746
f 2739 2740 2748
f 2739 2748 2747
f 2740 2741 2749
f 2740 2749 2748
f 2741 2742 2750
f 2741 2750 2749
f 2742 2743 2751
f 2742 2751 2750
f 2743 2744 2752
f 2743 2752 2751
f 2744 2745 2753
f 2744 2753 2752
f 2745 2746 2754
f 2745 2754 2753
f 2746 2739 2747
f 2746 2747 2754
f 2755 2756 2762
f 2755 2762 2761
f 2756 2757 2763
f 2756 2763 2762
f 2757 2758 2764
f 2757 2764 2763
f 2758 2759 2765
f 2758 2765 2764
f 2759 2760 2766
f 2759 2766 2765
f 2760 2755 2761
f 2760 2761 2766
f 2767 2756 2755
f 2768 2761 2762
f 2767 2757 2756
f 2768 2762 2763
f 2767 2758 2757
f 2768 2763 2764
f 2767 2759 2758
f 2768 2764 2765
f 2767 2760 2759
f 2768 2765 2766
f 2767 2755 2760
f 2768 2766 2761
f 2769 2770 2776
f 2769 2776 2775
f 2770 2771 2777
f 2770 2777 2776
f 2771 2772 2778
f 2771 2778 2777
f 2772 2773 2779
f 2772 2779 2778
f 2773 2774 2780
f 2773 2780 2779
f 2774 2769 2775
f 2774 2775 2780
f 2781 2770 2769
f 2782 2775 2776
f 2781 2771 2770
f 2782 2776 2777
f 2781 2772 2771
f 2782 2777 2778
f 2781 2773 2772
f 2782 2778 2779
f 2781 2774 2773
f 2782 2779 2780
f 2781 2769 2774
f 2782 2780 2775
f 2783 2784 2792
f 2783 2792 2791
f 2784 2785 2793
f 2784 2793 2792
f 2785 2786 2794
f 2785 2794 2793
f 2786 2787 2795
f 2786 2795 2794
f 2787 2788 2796
f 2787 2796 2795
f 2788 2789 2797
f 2788 2797 2796
f 2789 2790 2798
f 2789 2798 2797
f 2790 2783 2791
f 2790 2791 2798
f 2791 2792 2800
f 2791 2800 2799
f 2792 2793 2801
f 2792 2801 2800
f 2793 2794 2802
f 2793 2802 2801
f 2794 2795 2803
f 2794 2803 2802
f 2795 2796 2804
f 2795 2804 2803
f 2796 2797 2805
f 2796 2805 2804
f 2797 2798 2806
f 2797 2806 2805
f 2798 2791 2799
f 2798 2799 2806
f 2799 2800 2808
f 2799 2808 2807
f 2800 2801 2809
f 2800 2809 2808
f 2801 2802 2810
f 2801 2810 2809
f 2802 2803 2811
f 2802 2811 2810
f 2803 2804 2812
f 2803 2812 2811
f 2804 2805 2813
f 2804 2813 2812
f 2805 2806 2814
f 2805 2814 2813
f 2806 2799 2807
f 2806 2807 2814
f 2807 2808 2816
f 2807 2816 2815
f 2808 2809 2817
f 2808 2817 2816
f 2809 2810 2818
f 2809 2818 2817
f 2810 2811 2819
f 2810 2819 2818
f 2811 2812 2820
f 2811 2820 2819
f 2812 2813 2821
f 2812 2821 2820
f 2813 2814 2822
f 2813 2822 2821
f 2814 2807 2815
f 2814 2815 2822
f 2823 2824 2830
f 2823 2830 2829
f 2824 2825 2831
f 2824 2831 2830
f 2825 2826 2832
f 2825 2832 2831
f 2826 2827 2833
f 2826 2833 2832
f 2827 2828 2834
f 2827 2834 2833
f 2828 2823 2829
f 2828 2829 2834
f 2835 2824 2823
f 2836 2829 2830
f 2835 2825 2824
f 2836 2830 2831
f 2835 2826 2825
f 2836 2831 2832
f 2835 2827 2826
f 2836 2832 2833
f 2835 2828 2827
f 2836 2833 2834
f 2835 2823 2828
f 2836 2834 2829
f 2837 2838 2844
f 2837 2844 2843
f 2838 2839 2845
f 2838 2845 2844
f 2839 2840 2846
f 2839 2846 2845
f 2840 2841 2847
f 2840 2847 2846
f 2841 2842 2848
f 2841 2848 2847
f 2842 2837 2843
f 2842 2843 2848
f 2849 2838 2837
f 2850 2843 2844
f 2849 2839 2838
f 2850 2844 2845
f 2849 2840 2839
f 2850 2845 2846
f 2849 2841 2840
f 2850 2846 2847
f 2849 2842 2841
f 2850 2847 2848
f 2849 2837 2842
f 2850 2848 2843
f 2851 2852 2860
f 2851 2860 2859
f 2852 2853 2861
f 2852 2861 2860
f 2853 2854 2862
f 2853 2862 2861
f 2854 2855 2863
f 2854 2863 2862
f 2855 2856 2864
f 2855 2864 2863
f 2856 2857 2865
f 2856 2865 2864
f 2857 2858 2866
f 2857 2866 2865
f 2858 2851 2859
f 2858 2859 2866
f 2859 2860 2868
f 2859 2868 2867
f 2860 2861 2869
f 2860 2869 2868
f 2861 2862 2870
f 2861 2870 2869
f 2862 2863 2871
f 2862 2871 2870
f 2863 2864 2872
f 2863 2872 2871
f 2864 2865 2873
f 2864 2873 2872
f 2865 2866 2874
f 2865 2874 2873
f 2866 2859 2867
f 2866 2867 2874
f 2867 2868 2876
f 2867 2876 2875
f 2868 2869 2877
f 2868 2877 2876
f 2869 2870 2878
f 2869 2878 2877
f 2870 2871 2879
f 2870 2879 2878
f 2871 2872 2880
f 2871 2880 2879
f 2872 2873 2881
f 2872 2881 2880
f 2873 2874 2882
f 2873 2882 2881
f 2874 2867 2875
f 2874 2875 2882
f 2875 2876 2884
f 2875 2884 2883
f 2876 2877 2885
f 2876 2885 2884
f 2877 2878 2886
f 2877 2886 2885
f 2878 2879 2887
f 2878 2887 2886
f 2879 2880 2888
f 2879 2888 2887
f 2880 2881 2889
f 2880 2889 2888
f 2881 2882 2890
f 2881 2890 2889
f 2882 2875 2883
f 2882 2883 2890
f 2891 2892 2898
f 2891 2898 2897
f 2892 2893 2899
f 2892 2899 2898
f 2893 2894 2900
f 2893 2900 2899
f 2894 2895 2901
f 2894 2901 2900
f 2895 2896 2902
f 2895 2902 2901
f 2896 2891 2897
f 2896 2897 2902
f 2903 2892 2891
f 2904 2897 2898
f 2903 2893 2892
f 2904 2898 2899
f 2903 2894 2893
f 2904 2899 2900
f 2903 2895 2894
f 2904 2900 2901
f 2903 2896 2895
f 2904 2901 2902
f 2903 2891 2896
f 2904 2902 2897
f 2905 2906 2912
f 2905 2912 2911
f 2906 2907 2913
f 2906 2913 2912
f 2907 2908 2914
f 2907 2914 2913
f 2908 2909 2915
f 2908 2915 2914
f 2909 2910 2916
f 2909 2916 2915
f 2910 2905 2911
f 2910 2911 2916
f 2917 2906 2905
f 2918 2911 2912
f 2917 2907 2906
f 2918 2912 2913
f 2917 2908 2907
f 2918 2913 2914
f 2917 2909 2908
f 2918 2914 2915
f 2917 2910 2909
f 2918 2915 2916
f 2917 2905 2910
f 2918 2916 2911
f 2919 2920 2928
f 2919 2928 2927
f 2920 2921 2929
f 2920 2929 2928
f 2921 2922 2930
f 2921 2930 2929
f 2922 2923 2931
f 2922 2931 2930
f 2923 2924 2932
f 2923 2932 2931
f 2924 2925 2933
f 2924 2933 2932
f 2925 2926 2934
f 2925 2934 2933
f 2926 2919 2927
f 2926 2927 2934
f 2927 2928 2936
f 2927 2936 2935
f 2928 2929 2937
f 2928 2937 2936
f 2929 2930 2938
f 2929 2938 2937
f 2930 2931 2939
f 2930 2939 2938
f 2931 2932 2940
f 2931 2940 2939
f 2932 2933 2941
f 2932 2941 2940
f 2933 2934 2942
f 2933 2942 2941
f 2934 2927 2935
f 2934 2935 2942
f 2935 2936 2944
f 2935 2944 2943
f 2936 2937 2945
f 2936 2945 2944
f 2937 2938 2946
f 2937 2946 2945
f 2938 2939 2947
f 2938 2947 2946
f 2939 2940 2948
f 2939 2948 2947
f 2940 2941 2949
f 2940 2949 2948
f 2941 2942 2950
f 2941 2950 2949
f 2942 2935 2943
f 2942 2943 2950
f 2943 2944 2952
f 2943 2952 2951
f 2944 2945 2953
f 2944 2953 2952
f 2945 2946 2954
f 2945 2954 2953
f 2946 2947 2955
f 2946 2955 2954
f 2947 2948 2956
f 2947 2956 2955
f 2948 2949 2957
f 2948 2957 2956
f 2949 2950 2958
f 2949 2958 2957
f 2950 2943 2951
f 2950 2951 2958
f 2959 2960 2966
f 2959 2966 2965
f 2960 2961 2967
f 2960 2967 2966
f 2961 2962 2968
f 2961 2968 2967
f 2962 2963 2969
f 2962 2969 2968
f 2963 2964 2970
f 2963 2970 2969
f 2964 2959 2965
f 2964 2965 2970
f 2971 2960 2959
f 2972 2965 2966
f 2971 2961 2960
f 2972 2966 2967
f 2971 2962 2961
f 2972 2967 2968
f 2971 2963 2962
f 2972 2968 2969
f 2971 2964 2963
f 2972 2969 2970
f 2971 2959 2964
f 2972 2970 2965
f 2973 2974 2980
f 2973 2980 2979
f 2974 2975 2981
f 2974 2981 2980
f 2975 2976 2982
f 2975 2982 2981
f 2976 2977 2983
f 2976 2983 2982
f 2977 2978 2984
f 2977 2984 2983
f 2978 2973 2979
f 2978 2979 2984
f 2985 2974 2973
f 2986 2979 2980
f 2985 2975 2974
f 2986 2980 2981
f 2985 2976 2975
f 2986 2981 2982
f 2985 2977 2976
f 2986 2982 2983
f 2985 2978 2977
f 2986 2983 2984
f 2985 2973 2978
f 2986 2984 2979
f 2987 2988 2996
f 2987 2996 2995
f 2988 2989 2997
f 2988 2997 2996
f 2989 2990 2998
f 2989 2998 2997
f 2990 2991 2999
f 2990 2999 2998
f 2991 2992 3000
f 2991 3000 2999
f 2992 2993 3001
f 2992 3001 3000
f 2993 2994 3002
f 2993 3002 3001
f 2994 2987 2995
f 2994 2995 3002
f 2995 2996 3004
f 2995 3004 3003
f 2996 2997 3005
f 2996 3005 3004
f 2997 2998 3006
f 2997 3006 3005
f 2998 2999 3007
f 2998 3007 3006
f 2999 3000 3008
f 2999 3008 3007
f 3000 3001 3009
f 3000 3009 3008
f 3001 3002 3010
f 3001 3010 3009
f 3002 2995 3003
f 3002 3003 3010
f 3003 3004 3012
f 3003 3012 3011
f 3004 3005 3013
f 3004 3013 3012
f 3005 3006 3014
f 3005 3014 3013
f 3006 3007 3015
f 3006 3015 3014
f 3007 3008 3016
f 3007 3016 3015
f 3008 3009 3017
f 3008 3017 3016
f 3009 3010 3018
f 3009 3018 3017
f 3010 3003 3011
f 3010 3011 3018
f 3011 3012 3020
f 3011 3020 3019
f 3012 3013 3021
f 3012 3021 3020
f 3013 3014 3022
f 3013 3022 3021
f 3014 3015 3023
f 3014 3023 3022
f 3015 3016 3024
f 3015 3024 3023
f 3016 3017 3025
f 3016 3025 3024
f 3017 3018 3026
f 3017 3026 3025
f 3018 3011 3019
f 3018 3019 3026
f 3027 3028 3034
f 3027 3034 3033
f 3028 3029 3035
f 3028 3035 3034
f 3029 3030 3036
f 3029 3036 3035
f 3030 3031 3037
f 3030 3037 3036
f 3031 3032 3038
f 3031 3038 3037
f 3032 3027 3033
f 3032 3033 3038
f 3039 3028 3027
f 3040 3033 3034
f 3039 3029 3028
f 3040 3034 3035
f 3039 3030 3029
f 3040 3035 3036
f 3039 3031 3030
f 3040 3036 3037
f 3039 3032 3031
f 3040 3037 3038
f 3039 3027 3032
f 3040 3038 3033
f 3041 3042 3048
f 3041 3048 3047
f 3042 3043 3049
f 3042 3049 3048
f 3043 3044 3050
f 3043 3050 3049
f 3044 3045 3051
f 3044 3051 3050
f 3045 3046 3052
f 3045 3052 3051
f 3046 3041 3047
f 3046 3047 3052
f 3053 3042 3041
f 3054 3047 3048
f 3053 3043 3042
f 3054 3048 3049
f 3053 3044 3043
f 3054 3049 3050
f 3053 3045 3044
f 3054 3050 3051
f 3053 3046 3045
f 3054 3051 3052
f 3053 3041 3046
f 3054 3052 3047
f 3055 3056 3064
f 3055 3064 3063
f 3056 3057 3065
f 3056 3065 3064
f 3057 3058 3066
f 3057 3066 3065
f 3058 3059 3067
f 3058 3067 3066
f 3059 3060 3068
f 3059 3068 3067
f 3060 3061 3069
f 3060 3069 3068
f 3061 3062 3070
f 3061 3070 3069
f 3062 3055 3063
f 3062 3063 3070
f 3063 3064 3072
f 3063 3072 3071
f 3064 3065 3073
f 3064 3073 3072
f 3065 3066 3074
f 3065 3074 3073
f 3066 3067 3075
f 3066 3075 3074
f 3067 3068 3076
f 3067 3076 3075
f 3068 3069 3077
f 3068 3077 3076
f 3069 3070 3078
f 3069 3078 3077
f 3070 3063 3071
f 3070 3071 3078
f 3071 3072 3080
f 3071 3080 3079
f 3072 3073 3081
f 3072 3081 3080
f 3073 3074 3082
f 3073 3082 3081
f 3074 3075 3083
f 3074 3083 3082
f 3075 3076 3084
f 3075 3084 3083
f 3076 3077 3085
f 3076 3085 3084
f 3077 3078 3086
f 3077 3086 3085
f 3078 3071 3079
f 3078 3079 3086
f 3079 3080 3088
f 3079 3088 3087
f 3080 3081 3089
f 3080 3089 3088
f 3081 3082 3090
f 3081 3090 3089
f 3082 3083 3091
f 3082 3091 3090
f 3083 3084 3092
f 3083 3092 3091
f 3084 3085 3093
f 3084 3093 3092
f 3085 3086 3094
f 3085 3094 3093
f 3086 3079 3087
f 3086 3087 3094
f 3095 3096 3102
f 3095 3102 3101
f 3096 3097 3103
f 3096 3103 3102
f 3097 3098 3104
f 3097 3104 3103
f 3098 3099 3105
f 3098 3105 3104
f 3099 3100 3106
f 3099 3106 3105
f 3100 3095 3101
f 3100 3101 3106
f 3107 3096 3095
f 3108 3101 3102
f 3107 3097 3096
f 3108 3102 3103
f 3107 3098 3097
f 3108 3103 3104
f 3107 3099 3098
f 3108 3104 3105
f 3107 3100 3099
f 3108 3105 3106
f 3107 3095 3100
f 3108 3106 3101
f 3109 3110 3116
f 3109 3116 3115
f 3110 3111 3117
f 3110 3117 3116
f 3111 3112 3118
f 3111 3118 3117
f 3112 3113 3119
f 3112 3119 3118
f 3113 3114 3120
f 3113 3120 3119
f 3114 3109 3115
f 3114 3115 3120
f 3121 3110 3109
f 3122 3115 3116
f 3121 3111 3110
f 3122 3116 3117
f 3121 3112 3111
f 3122 3117 3118
f 3121 3113 3112
f 3122 3118 3119
f 3121 3114 3113
f 3122 3119 3120
f 3121 3109 3114
f 3122 3120 3115
f 3123 3124 3132
f 3123 3132 3131
f 3124 3125 3133
f 3124 3133 3132
f 3125 3126 3134
f 3125 3134 3133
f 3126 3127 3135
f 3126 3135 3134
f 3127 3128 3136
f 3127 3136 3135
f 3128 3129 3137
f 3128 3137 3136
f 3129 3130 3138
f 3129 3138 3137
f 3130 3123 3131
f 3130 3131 3138
f 3131 3132 3140
f 3131 3140 3139
f 3132 3133 3141
f 3132 3141 3140
f 3133 3134 3142
f 3133 3142 3141
f 3134 3135 3143
f 3134 3143 3142
f 3135 3136 3144
f 3135 3144 3143
f 3136 3137 3145
f 3136 3145 3144
f 3137 3138 3146
f 3137 3146 3145
f 3138 3131 3139
f 3138 3139 3146
f 3139 3140 3148
f 3139 3148 3147
f 3140 3141 3149
f 3140 3149 3148
f 3141 3142 3150
f 3141 3150 3149
f 3142 3143 3151
f 3142 3151 3150
f 3143 3144 3152
f 3143 3152 3151
f 3144 3145 3153
f 3144 3153 3152
f 3145 3146 3154
f 3145 3154 3153
f 3146 3139 3147
f 3146 3147 3154
f 3147 3148 3156
f 3147 3156 3155
f 3148 3149 3157
f 3148 3157 3156
f 3149 3150 3158
f 3149 3158 3157
f 3150 3151 3159
f 3150 3159 3158
f 3151 3152 3160
f 3151 3160 3159
f 3152 3153 3161
f 3152 3161 3160
f 3153 3154 3162
f 3153 3162 3161
f 3154 3147 3155
f 3154 3155 3162
f 3163 3164 3172
f 3163 3172 3171
f 3164 3165 3173
f 3164 3173 3172
f 3165 3166 3174
f 3165 3174 3173
f 3166 3167 3175
f 3166 3175 3174
f 3167 3168 3176
f 3167 3176 3175
f 3168 3169 3177
f 3168 3177 3176
f 3169 3170 3178
f 3169 3178 3177
f 3170 3163 3171
f 3170 3171 3178
f 3171 3172 3180
f 3171 3180 3179
f 3172 3173 3181
f 3172 3181 3180
f 3173 3174 3182
f 3173 3182 3181
f 3174 3175 3183
f 3174 3183 3182
f 3175 3176 3184
f 3175 3184 3183
f 3176 3177 3185
f 3176 3185 3184
f 3177 3178 3186
f 3177 3186 3185
f 3178 3171 3179
f 3178 3179 3186
f 3179 3180 3188
f 3179 3188 3187
f 3180 3181 3189
f 3180 3189 3188
f 3181 3182 3190
f 3181 3190 3189
f 3182 3183 3191
f 3182 3191 3190
f 3183 3184 3192
f 3183 3192 3191
f 3184 3185 3193
f 3184 3193 3192
f 3185 3186 3194
f 3185 3194 3193
f 3186 3179 3187
f 3186 3187 3194
f 3187 3188 3196
f 3187 3196 3195
f 3188 3189 3197
f 3188 3197 3196
f 3189 3190 3198
f 3189 3198 3197
f 3190 3191 3199
f 3190 3199 3198
f 3191 3192 3200
f 3191 3200 3199
f 3192 3193 3201
f 3192 3201 3200
f 3193 3194 3202
f 3193 3202 3201
f 3194 3187 3195
f 3194 3195 3202
f 3203 3204 3212
f 3203 3212 3211
f 3204 3205 3213
f 3204 3213 3212
f 3205 3206 3214
f 3205 3214 3213
f 3206 3207 3215
f 3206 3215 3214
f 3207 3208 3216
f 3207 3216 3215
f 3208 3209 3217
f 3208 3217 3216
f 3209 3210 3218
f 3209 3218 3217
f 3210 3203 3211
f 3210 3211 3218
f 3211 3212 3220
f 3211 3220 3219
f 3212 3213 3221
f 3212 3221 3220
f 3213 3214 3222
f 3213 3222 3221
f 3214 3215 3223
f 3214 3223 3222
f 3215 3216 3224
f 3215 3224 3223
f 3216 3217 3225
f 3216 3225 3224
f 3217 3218 3226
f 3217 3226 3225
f 3218 3211 3219
f 3218 3219 3226
f 3219 3220 3228
f 3219 3228 3227
f 3220 3221 3229
f 3220 3229 3228
f 3221 3222 3230
f 3221 3230 3229
f 3222 3223 3231
f 3222 3231 3230
f 3223 3224 3232
f 3223 3232 3231
f 3224 3225 3233
f 3224 3233 3232
f 3225 3226 3234
f 3225 3234 3233
f 3226 3219 3227
f 3226 3227 3234
f 3227 3228 3236
f 3227 3236 3235
f 3228 3229 3237
f 3228 3237 3236
f 3229 3230 3238
f 3229 3238 3237
f 3230 3231 3239
f 3230 3239 3238
f 3231 3232 3240
f 3231 3240 3239
f 3232 3233 3241
f 3232 3241 3240
f 3233 3234 3242
f 3233 3242 3241
f 3234 3227 3235
f 3234 3235 3242
f 3243 3244 3252
f 3243 3252 3251
f 3244 3245 3253
f 3244 3253 3252
f 3245 3246 3254
f 3245 3254 3253
f 3246 3247 3255
f 3246 3255 3254
f 3247 3248 3256
f 3247 3256 3255
f 3248 3249 3257
f 3248 3257 3256
f 3249 3250 3258
f 3249 3258 3257
f 3250 3243 3251
f 3250 3251 3258
f 3251 3252 3260
f 3251 3260 3259
f 3252 3253 3261
f 3252 3261 3260
f 3253 3254 3262
f 3253 3262 3261
f 3254 3255 3263
f 3254 3263 3262
f 3255 3256 3264
f 3255 3264 3263
f 3256 3257 3265
f 3256 3265 3264
f 3257 3258 3266
f 3257 3266 3265
f 3258 3251 3259
f 3258 3259 3266
f 3259 3260 3268
f 3259 3268 3267
f 3260 3261 3269
f 3260 3269 3268
f 3261 3262 3270
f 3261 3270 3269
f 3262 3263 3271
f 3262 3271 3270
f 3263 3264 3272
f 3263 3272 3271
f 3264 3265 3273
f 3264 3273 3272
f 3265 3266 3274
f 3265 3274 3273
f 3266 3259 3267
f 3266 3267 3274
f 3267 3268 3276
f 3267 3276 3275
f 3268 3269 3277
f 3268 3277 3276
f 3269 3270 3278
f 3269 3278 3277
f 3270 3271 3279
f 3270 3279 3278
f 3271 3272 3280
f 3271 3280 3279
f 3272 3273 3281
f 3272 3281 3280
f 3273 3274 3282
f 3273 3282 3281
f 3274 3267 3275
f 3274 3275 3282
f 3283 3284 3292
f 3283 3292 3291
f 3284 3285 3293
f 3284 3293 3292
f 3285 3286 3294
f 3285 3294 3293
f 3286 3287 3295
f 3286 3295 3294
f 3287 3288 3296
f 3287 3296 3295
f 3288 3289 3297
f 3288 3297 3296
f 3289 3290 3298
f 3289 3298 3297
f 3290 3283 3291
f 3290 3291 3298
f 3291 3292 3300
f 3291 3300 3299
f 3292 3293 3301
f 3292 3301 3300
f 3293 3294 3302
f 3293 3302 3301
f 3294 3295 3303
f 3294 3303 3302
f 3295 3296 3304
f 3295 3304 3303
f 3296 3297 3305
f 3296 3305 3304
f 3297 3298 3306
f 3297 3306 3305
f 3298 3291 3299
f 3298 3299 3306
f 3299 3300 3308
f 3299 3308 3307
f 3300 3301 3309
f 3300 3309 3308
f 3301 3302 3310
f 3301 3310 3309
f 3302 3303 3311
f 3302 3311 3310
f 3303 3304 3312
f 3303 3312 3311
f 3304 3305 3313
f 3304 3313 3312
f 3305 3306 3314
f 3305 3314 3313
f 3306 3299 3307
f 3306 3307 3314
f 3307 3308 3316
f 3307 3316 3315
f 3308 3309 3317
f 3308 3317 3316
f 3309 3310 3318
f 3309 3318 3317
f 3310 3311 3319
f 3310 3319 3318
f 3311 3312 3320
f 3311 3320 3319
f 3312 3313 3321
f 3312 3321 3320
f 3313 3314 3322
f 3313 3322 3321
f 3314 3307 3315
f 3314 3315 3322
f 3323 3324 3332
f 3323 3332 3331
f 3324 3325 3333
f 3324 3333 3332
f 3325 3326 3334
f 3325 3334 3333
f 3326 3327 3335
f 3326 3335 3334
f 3327 3328 3336
f 3327 3336 3335
f 3328 3329 3337
f 3328 3337 3336
f 3329 3330 3338
f 3329 3338 3337
f 3330 3323 3331
f 3330 3331 3338
f 3331 3332 3340
f 3331 3340 3339
f 3332 3333 3341
f 3332 3341 3340
f 3333 3334 3342
f 3333 3342 3341
f 3334 3335 3343
f 3334 3343 3342
f 3335 3336 3344
f 3335 3344 3343
f 3336 3337 3345
f 3336 3345 3344
f 3337 3338 3346
f 3337 3346 3345
f 3338 3331 3339
f 3338 3339 3346
f 3339 3340 3348
f 3339 3348 3347
f 3340 3341 3349
f 3340 3349 3348
f 3341 3342 3350
f 3341 3350 3349
f 3342 3343 3351
f 3342 3351 3350
f 3343 3344 3352
f 3343 3352 3351
f 3344 3345 3353
f 3344 3353 3352
f 3345 3346 3354
f 3345 3354 3353
f 3346 3339 3347
f 3346 3347 3354
f 3347 3348 3356
f 3347 3356 3355
f 3348 3349 3357
f 3348 3357 3356
f 3349 3350 3358
f 3349 3358 3357
f 3350 3351 3359
f 3350 3359 3358
f 3351 3352 3360
f 3351 3360 3359
f 3352 3353 3361
f 3352 3361 3360
f 3353 3354 3362
f 3353 3362 3361
f 3354 3347 3355
f 3354 3355 3362
f 3363 3364 3372
f 3363 3372 3371
f 3364 3365 3373
f 3364 3373 3372
f 3365 3366 3374
f 3365 3374 3373
f 3366 3367 3375
f 3366 3375 3374
f 3367 3368 3376
f 3367 3376 3375
f 3368 3369 3377
f 3368 3377 3376
f 3369 3370 3378
f 3369 3378 3377
f 3370 3363 3371
f 3370 3371 3378
f 3371 3372 3380
f 3371 3380 3379
f 3372 3373 3381
f 3372 3381 3380
f 3373 3374 3382
f 3373 3382 3381
f 3374 3375 3383
f 3374 3383 3382
f 3375 3376 3384
f 3375 3384 3383
f 3376 3377 3385
f 3376 3385 3384
f 3377 3378 3386
f 3377 3386 3385
f 3378 3371 3379
f 3378 3379 3386
f 3379 3380 3388
f 3379 3388 3387
f 3380 3381 3389
f 3380 3389 3388
f 3381 3382 3390
f 3381 3390 3389
f 3382 3383 3391
f 3382 3391 3390
f 3383 3384 3392
f 3383 3392 3391
f 3384 3385 3393
f 3384 3393 3392
f 3385 3386 3394
f 3385 3394 3393
f 3386 3379 3387
f 3386 3387 3394
f 3387 3388 3396
f 3387 3396 3395
f 3388 3389 3397
f 3388 3397 3396
f 3389 3390 3398
f 3389 3398 3397
f 3390 3391 3399
f 3390 3399 3398
f 3391 3392 3400
f 3391 3400 3399
f 3392 3393 3401
f 3392 3401 3400
f 3393 3394 3402
f 3393 3402 3401
f 3394 3387 3395
f 3394 3395 3402
f 3403 3404 3412
f 3403 3412 3411
f 3404 3405 3413
f 3404 3413 3412
f 3405 3406 3414
f 3405 3414 3413
f 3406 3407 3415
f 3406 3415 3414
f 3407 3408 3416
f 3407 3416 3415
f 3408 3409 3417
f 3408 3417 3416
f 3409 3410 3418
f 3409 3418 3417
f 3410 3403 3411
f 3410 3411 3418
f 3411 3412 3420
f 3411 3420 3419
f 3412 3413 3421
f 3412 3421 3420
f 3413 3414 3422
f 3413 3422 3421
f 3414 3415 3423
f 3414 3423 3422
f 3415 3416 3424
f 3415 3424 3423
f 3416 3417 3425
f 3416 3425 3424
f 3417 3418 3426
f 3417 3426 3425
f 3418 3411 3419
f 3418 3419 3426
f 3419 3420 3428
f 3419 3428 3427
f 3420 3421 3429
f 3420 3429 3428
f 3421 3422 3430
f 3421 3430 3429
f 3422 3423 3431
f 3422 3431 3430
f 3423 3424 3432
f 3423 3432 3431
f 3424 3425 3433
f 3424 3433 3432
f 3425 3426 3434
f 3425 3434 3433
f 3426 3419 3427
f 3426 3427 3434
f 3427 3428 3436
f 3427 3436 3435
f 3428 3429 3437
f 3428 3437 3436
f 3429 3430 3438
f 3429 3438 3437
f 3430 3431 3439
f 3430 3439 3438
f 3431 3432 3440
f 3431 3440 3439
f 3432 3433 3441
f 3432 3441 3440
f 3433 3434 3442
f 3433 3442 3441
f 3434 3427 3435
f 3434 3435 3442
f 3443 3444 3452
f 3443 3452 3451
f 3444 3445 3453
f 3444 3453 3452
f 3445 3446 3454
f 3445 3454 3453
f 3446 3447 3455
f 3446 3455 3454
f 3447 3448 3456
f 3447 3456 3455
f 3448 3449 3457
f 3448 3457 3456
f 3449 3450 3458
f 3449 3458 3457
f 3450 3443 3451
f 3450 3451 3458
f 3451 3452 3460
f 3451 3460 3459
f 3452 3453 3461
f 3452 3461 3460
f 3453 3454 3462
f 3453 3462 3461
f 3454 3455 3463
f 3454 3463 3462
f 3455 3456 3464
f 3455 3464 3463
f 3456 3457 3465
f 3456 3465 3464
f 3457 3458 3466
f 3457 3466 3465
f 3458 3451 3459
f 3458 3459 3466
f 3459 3460 3468
f 3459 3468 3467
f 3460 3461 3469
f 3460 3469 3468
f 3461 3462 3470
f 3461 3470 3469
f 3462 3463 3471
f 3462 3471 3470
f 3463 3464 3472
f 3463 3472 3471
f 3464 3465 3473
f 3464 3473 3472
f 3465 3466 3474
f 3465 3474 3473
f 3466 3459 3467
f 3466 3467 3474
f 3467 3468 3476
f 3467 3476 3475
f 3468 3469 3477
f 3468 3477 3476
f 3469 3470 3478
f 3469 3478 3477
f 3470 3471 3479
f 3470 3479 3478
f 3471 3472 3480
f 3471 3480 3479
f 3472 3473 3481
f 3472 3481 3480
f 3473 3474 3482
f 3473 3482 3481
f 3474 3467 3475
f 3474 3475 3482
f 3483 3484 3492
f 3483 3492 3491
f 3484 3485 3493
f 3484 3493 3492
f 3485 3486 3494
f 3485 3494 3493
f 3486 3487 3495
f 3486 3495 3494
f 3487 3488 3496
f 3487 3496 3495
f 3488 3489 3497
f 3488 3497 3496
f 3489 3490 3498
f 3489 3498 3497
f 3490 3483 3491
f 3490 3491 3498
f 3491 3492 3500
f 3491 3500 3499
f 3492 3493 3501
f 3492 3501 3500
f 3493 3494 3502
f 3493 3502 3501
f 3494 3495 3503
f 3494 3503 3502
f 3495 3496 3504
f 3495 3504 3503
f 3496 3497 3505
f 3496 3505 3504
f 3497 3498 3506
f 3497 3506 3505
f 3498 3491 3499
f 3498 3499 3506
f 3499 3500 3508
f 3499 3508 3507
f 3500 3501 3509
f 3500 3509 3508
f 3501 3502 3510
f 3501 3510 3509
f 3502 3503 3511
f 3502 3511 3510
f 3503 3504 3512
f 3503 3512 3511
f 3504 3505 3513
f 3504 3513 3512
f 3505 3506 3514
f 3505 3514 3513
f 3506 3499 3507
f 3506 3507 3514
f 3507 3508 3516
f 3507 3516 3515
f 3508 3509 3517
f 3508 3517 3516
f 3509 3510 3518
f 3509 3518 3517
f 3510 3511 3519
f 3510 3519 3518
f 3511 3512 3520
f 3511 3520 3519
f 3512 3513 3521
f 3512 3521 3520
f 3513 3514 3522
f 3513 3522 3521
f 3514 3507 3515
f 3514 3515 3522
f 3523 3524 3532
f 3523 3532 3531
f 3524 3525 3533
f 3524 3533 3532
f 3525 3526 3534
f 3525 3534 3533
f 3526 3527 3535
f 3526 3535 3534
f 3527 3528 3536
f 3527 3536 3535
f 3528 3529 3537
f 3528 3537 3536
f 3529 3530 3538
f 3529 3538 3537
f 3530 3523 3531
f 3530 3531 3538
f 3531 3532 3540
f 3531 3540 3539
f 3532 3533 3541
f 3532 3541 3540
f 3533 3534 3542
f 3533 3542 3541
f 3534 3535 3543
f 3534 3543 3542
f 3535 3536 3544
f 3535 3544 3543
f 3536 3537 3545
f 3536 3545 3544
f 3537 3538 3546
f 3537 3546 3545
f 3538 3531 3539
f 3538 3539 3546
f 3539 3540 3548
f 3539 3548 3547
f 3540 3541 3549
f 3540 3549 3548
f 3541 3542 3550
f 3541 3550 3549
f 3542 3543 3551
f 3542 3551 3550
f 3543 3544 3552
f 3543 3552 3551
f 3544 3545 3553
f 3544 3553 3552
f 3545 3546 3554
f 3545 3554 3553
f 3546 3539 3547
f 3546 3547 3554
f 3547 3548 3556
f 3547 3556 3555
f 3548 3549 3557
f 3548 3557 3556
f 3549 3550 3558
f 3549 3558 3557
f 3550 3551 3559
f 3550 3559 3558
f 3551 3552 3560
f 3551 3560 3559
f 3552 3553 3561
f 3552 3561 3560
f 3553 3554 3562
f 3553 3562 3561
f 3554 3547 3555
f 3554 3555 3562
f 3563 3564 3572
f 3563 3572 3571
f 3564 3565 3573
f 3564 3573 3572
f 3565 3566 3574
f 3565 3574 3573
f 3566 3567 3575
f 3566 3575 3574
f 3567 3568 3576
f 3567 3576 3575
f 3568 3569 3577
f 3568 3577 3576
f 3569 3570 3578
f 3569 3578 3577
f 3570 3563 3571
f 3570 3571 3578
f 3571 3572 3580
f 3571 3580 3579
f 3572 3573 3581
f 3572 3581 3580
f 3573 3574 3582
f 3573 3582 3581
f 3574 3575 3583
f 3574 3583 3582
f 3575 3576 3584
f 3575 3584 3583
f 3576 3577 3585
f 3576 3585 3584
f 3577 3578 3586
f 3577 3586 3585
f 3578 3571 3579
f 3578 3579 3586
f 3579 3580 3588
f 3579 3588 3587
f 3580 3581 3589
f 3580 3589 3588
f 3581 3582 3590
f 3581 3590 3589
f 3582 3583 3591
f 3582 3591 3590
f 3583 3584 3592
f 3583 3592 3591
f 3584 3585 3593
f 3584 3593 3592
f 3585 3586 3594
f 3585 3594 3593
f 3586 3579 3587
f 3586 3587 3594
f 3587 3588 3596
f 3587 3596 3595
f 3588 3589 3597
f 3588 3597 3596
f 3589 3590 3598
f 3589 3598 3597
f 3590 3591 3599
f 3590 3599 3598
f 3591 3592 3600
f 3591 3600 3599
f 3592 3593 3601
f 3592 3601 3600
f 3593 3594 3602
f 3593 3602 3601
f 3594 3587 3595
f 3594 3595 3602
f 3603 3604 3612
f 3603 3612 3611
f 3604 3605 3613
f 3604 3613 3612
f 3605 3606 3614
f 3605 3614 3613
f 3606 3607 3615
f 3606 3615 3614
f 3607 3608 3616
f 3607 3616 3615
f 3608 3609 3617
f 3608 3617 3616
f 3609 3610 3618
f 3609 3618 3617
f 3610 3603 3611
f 3610 3611 3618
f 3611 3612 3620
f 3611 3620 3619
f 3612 3613 3621
f 3612 3621 3620
f 3613 3614 3622
f 3613 3622 3621
f 3614 3615 3623
f 3614 3623 3622
f 3615 3616 3624
f 3615 3624 3623
f 3616 3617 3625
f 3616 3625 3624
f 3617 3618 3626
f 3617 3626 3625
f 3618 3611 3619
f 3618 3619 3626
f 3619 3620 3628
f 3619 3628 3627
f 3620 3621 3629
f 3620 3629 3628
f 3621 3622 3630
f 3621 3630 3629
f 3622 3623 3631
f 3622 3631 3630
f 3623 3624 3632
f 3623 3632 3631
f 3624 3625 3633
f 3624 3633 3632
f 3625 3626 3634
f 3625 3634 3633
f 3626 3619 3627
f 3626 3627 3634
f 3627 3628 3636
f 3627 3636 3635
f 3628 3629 3637
f 3628 3637 3636
f 3629 3630 3638
f 3629 3638 3637
f 3630 3631 3639
f 3630 3639 3638
f 3631 3632 3640
f 3631 3640 3639
f 3632 3633 3641
f 3632 3641 3640
f 3633 3634 3642
f 3633 3642 3641
f 3634 3627 3635
f 3634 3635 3642
f 3643 3644 3652
f 3643 3652 3651
f 3644 3645 3653
f 3644 3653 3652
f 3645 3646 3654
f 3645 3654 3653
f 3646 3647 3655
f 3646 3655 3654
f 3647 3648 3656
f 3647 3656 3655
f 3648 3649 3657
f 3648 3657 3656
f 3649 3650 3658
f 3649 3658 3657
f 3650 3643 3651
f 3650 3651 3658
f 3651 3652 3660
f 3651 3660 3659
f 3652 3653 3661
f 3652 3661 3660
f 3653 3654 3662
f 3653 3662 3661
f 3654 3655 3663
f 3654 3663 3662
f 3655 3656 3664
f 3655 3664 3663
f 3656 3657 3665
f 3656 3665 3664
f 3657 3658 3666
f 3657 3666 3665
f 3658 3651 3659
f 3658 3659 3666
f 3659 3660 3668
f 3659 3668 3667
f 3660 3661 3669
f 3660 3669 3668
f 3661 3662 3670
f 3661 3670 3669
f 3662 3663 3671
f 3662 3671 3670
f 3663 3664 3672
f 3663 3672 3671
f 3664 3665 3673
f 3664 3673 3672
f 3665 3666 3674
f 3665 3674 3673
f 3666 3659 3667
f 3666 3667 3674
f 3667 3668 3676
f 3667 3676 3675
f 3668 3669 3677
f 3668 3677 3676
f 3669 3670 3678
f 3669 3678 3677
f 3670 3671 3679
f 3670 3679 3678
f 3671 3672 3680
f 3671 3680 3679
f 3672 3673 3681
f 3672 3681 3680
f 3673 3674 3682
f 3673 3682 3681
f 3674 3667 3675
f 3674 3675 3682
f 3683 3684 3692
f 3683 3692 3691
f 3684 3685 3693
f 3684 3693 3692
f 3685 3686 3694
f 3685 3694 3693
f 3686 3687 3695
f 3686 3695 3694
f 3687 3688 3696
f 3687 3696 3695
f 3688 3689 3697
f 3688 3697 3696
f 3689 3690 3698
f 3689 3698 3697
f 3690 3683 3691
f 3690 3691 3698
f 3691 3692 3700
f 3691 3700 3699
f 3692 3693 3701
f 3692 3701 3700
f 3693 3694 3702
f 3693 3702 3701
f 3694 3695 3703
f 3694 3703 3702
f 3695 3696 3704
f 3695 3704 3703
f 3696 3697 3705
f 3696 3705 3704
f 3697 3698 3706
f 3697 3706 3705
f 3698 3691 3699
f 3698 3699 3706
f 3699 3700 3708
f 3699 3708 3707
f 3700 3701 3709
f 3700 3709 3708
f 3701 3702 3710
f 3701 3710 3709
f 3702 3703 3711
f 3702 3711 3710
f 3703 3704 3712
f 3703 3712 3711
f 3704 3705 3713
f 3704 3713 3712
f 3705 3706 3714
f 3705 3714 3713
f 3706 3699 3707
f 3706 3707 3714
f 3707 3708 3716
f 3707 3716 3715
f 3708 3709 3717
f 3708 3717 3716
f 3709 3710 3718
f 3709 3718 3717
f 3710 3711 3719
f 3710 3719 3718
f 3711 3712 3720
f 3711 3720 3719
f 3712 3713 3721
f 3712 3721 3720
f 3713 3714 3722
f 3713 3722 3721
f 3714 3707 3715
f 3714 3715 3722
f 3723 3724 3732
f 3723 3732 3731
f 3724 3725 3733
f 3724 3733 3732
f 3725 3726 3734
f 3725 3734 3733
f 3726 3727 3735
f 3726 3735 3734
f 3727 3728 3736
f 3727 3736 3735
f 3728 3729 3737
f 3728 3737 3736
f 3729 3730 3738
f 3729 3738 3737
f 3730 3723 3731
f 3730 3731 3738
f 3731 3732 3740
f 3731 3740 3739
f 3732 3733 3741
f 3732 3741 3740
f 3733 3734 3742
f 3733 3742 3741
f 3734 3735 3743
f 3734 3743 3742
f 3735 3736 3744
f 3735 3744 3743
f 3736 3737 3745
f 3736 3745 3744
f 3737 3738 3746
f 3737 3746 3745
f 3738 3731 3739
f 3738 3739 3746
f 3739 3740 3748
f 3739 3748 3747
f 3740 3741 3749
f 3740 3749 3748
f 3741 3742 3750
f 3741 3750 3749
f 3742 3743 3751
f 3742 3751 3750
f 3743 3744 3752
f 3743 3752 3751
f 3744 3745 3753
f 3744 3753 3752
f 3745 3746 3754
f 3745 3754 3753
f 3746 3739 3747
f 3746 3747 3754
f 3747 3748 3756
f 3747 3756 3755
f 3748 3749 3757
f 3748 3757 3756
f 3749 3750 3758
f 3749 3758 3757
f 3750 3751 3759
f 3750 3759 3758
f 3751 3752 3760
f 3751 3760 3759
f 3752 3753 3761
f 3752 3761 3760
f 3753 3754 3762
f 3753 3762 3761
f 3754 3747 3755
f 3754 3755 3762
f 3763 3764 3772
f 3763 3772 3771
f 3764 3765 3773
f 3764 3773 3772
f 3765 3766 3774
f 3765 3774 3773
f 3766 3767 3775
f 3766 3775 3774
f 3767 3768 3776
f 3767 3776 3775
f 3768 3769 3777
f 3768 3777 3776
f 3769 3770 3778
f 3769 3778 3777
f 3770 3763 3771
f 3770 3771 3778
f 3771 3772 3780
f 3771 3780 3779
f 3772 3773 3781
f 3772 3781 3780
f 3773 3774 3782
f 3773 3782 3781
f 3774 3775 3783
f 3774 3783 3782
f 3775 3776 3784
f 3775 3784 3783
f 3776 3777 3785
f 3776 3785 3784
f 3777 3778 3786
f 3777 3786 3785
f 3778 3771 3779
f 3778 3779 3786
f 3779 3780 3788
f 3779 3788 3787
f 3780 3781 3789
f 3780 3789 3788
f 3781 3782 3790
f 3781 3790 3789
f 3782 3783 3791
f 3782 3791 3790
f 3783 3784 3792
f 3783 3792 3791
f 3784 3785 3793
f 3784 3793 3792
f 3785 3786 3794
f 3785 3794 3793
f 3786 3779 3787
f 3786 3787 3794
f 3787 3788 3796
f 3787 3796 3795
f 3788 3789 3797
f 3788 3797 3796
f 3789 3790 3798
f 3789 3798 3797
f 3790 3791 3799
f 3790 3799 3798
f 3791 3792 3800
f 3791 3800 3799
f 3792 3793 3801
f 3792 3801 3800
f 3793 3794 3802
f 3793 3802 3801
f 3794 3787 3795
f 3794 3795 3802
f 3803 3804 3812
f 3803 3812 3811
f 3804 3805 3813
f 3804 3813 3812
f 3805 3806 3814
f 3805 3814 3813
f 3806 3807 3815
f 3806 3815 3814
f 3807 3808 3816
f 3807 3816 3815
f 3808 3809 3817
f 3808 3817 3816
f 3809 3810 3818
f 3809 3818 3817
f 3810 3803 3811
f 3810 3811 3818
f 3811 3812 3820
f 3811 3820 3819
f 3812 3813 3821
f 3812 3821 3820
f 3813 3814 3822
f 3813 3822 3821
f 3814 3815 3823
f 3814 3823 3822
f 3815 3816 3824
f 3815 3824 3823
f 3816 3817 3825
f 3816 3825 3824
f 3817 3818 3826
f 3817 3826 3825
f 3818 3811 3819
f 3818 3819 3826
f 3819 3820 3828
f 3819 3828 3827
f 3820 3821 3829
f 3820 3829 3828
f 3821 3822 3830
f 3821 3830 3829
f 3822 3823 3831
f 3822 3831 3830
f 3823 3824 3832
f 3823 3832 3831
f 3824 3825 3833
f 3824 3833 3832
f 3825 3826 3834
f 3825 3834 3833
f 3826 3819 3827
f 3826 3827 3834
f 3827 3828 3836
f 3827 3836 3835
f 3828 3829 3837
f 3828 3837 3836
f 3829 3830 3838
f 3829 3838 3837
f 3830 3831 3839
f 3830 3839 3838
f 3831 3832 3840
f 3831 3840 3839
f 3832 3833 3841
f 3832 3841 3840
f 3833 3834 3842
f 3833 3842 3841
f 3834 3827 3835
f 3834 3835 3842
f 3843 3844 3852
f 3843 3852 3851
f 3844 3845 3853
f 3844 3853 3852
f 3845 3846 3854
f 3845 3854 3853
f 3846 3847 3855
f 3846 3855 3854
f 3847 3848 3856
f 3847 3856 3855
f 3848 3849 3857
f 3848 3857 3856
f 3849 3850 3858
f 3849 3858 3857
f 3850 3843 3851
f 3850 3851 3858
f 3851 3852 3860
f 3851 3860 3859
f 3852 3853 3861
f 3852 3861 3860
f 3853 3854 3862
f 3853 3862 3861
f 3854 3855 3863
f 3854 3863 3862
f 3855 3856 3864
f 3855 3864 3863
f 3856 3857 3865
f 3856 3865 3864
f 3857 3858 3866
f 3857 3866 3865
f 3858 3851 3859
f 3858 3859 3866
f 3859 3860 3868
f 3859 3868 3867
f 3860 3861 3869
f 3860 3869 3868
f 3861 3862 3870
f 3861 3870 3869
f 3862 3863 3871
f 3862 3871 3870
f 3863 3864 3872
f 3863 3872 3871
f 3864 3865 3873
f 3864 3873 3872
f 3865 3866 3874
f 3865 3874 3873
f 3866 3859 3867
f 3866 3867 3874
f 3867 3868 3876
f 3867 3876 3875
f 3868 3869 3877
f 3868 3877 3876
f 3869 3870 3878
f 3869 3878 3877
f 3870 3871 3879
f 3870 3879 3878
f 3871 3872 3880
f 3871 3880 3879
f 3872 3873 3881
f 3872 3881 3880
f 3873 3874 3882
f 3873 3882 3881
f 3874 3867 3875
f 3874 3875 3882
f 3883 3884 3892
f 3883 3892 3891
f 3884 3885 3893
f 3884 3893 3892
f 3885 3886 3894
f 3885 3894 3893
f 3886 3887 3895
f 3886 3895 3894
f 3887 3888 3896
f 3887 3896 3895
f 3888 3889 3897
f 3888 3897 3896
f 3889 3890 3898
f 3889 3898 3897
f 3890 3883 3891
f 3890 3891 3898
f 3891 3892 3900
f 3891 3900 3899
f 3892 3893 3901
f 3892 3901 3900
f 3893 3894 3902
f 3893 3902 3901
f 3894 3895 3903
f 3894 3903 3902
f 3895 3896 3904
f 3895 3904 3903
f 3896 3897 3905
f 3896 3905 3904
f 3897 3898 3906
f 3897 3906 3905
f 3898 3891 3899
f 3898 3899 3906
f 3899 3900 3908
f 3899 3908 3907
f 3900 3901 3909
f 3900 3909 3908
f 3901 3902 3910
f 3901 3910 3909
f 3902 3903 3911
f 3902 3911 3910
f 3903 3904 3912
f 3903 3912 3911
f 3904 3905 3913
f 3904 3913 3912
f 3905 3906 3914
f 3905 3914 3913
f 3906 3899 3907
f 3906 3907 3914
f 3907 3908 3916
f 3907 3916 3915
f 3908 3909 3917
f 3908 3917 3916
f 3909 3910 3918
f 3909 3918 3917
f 3910 3911 3919
f 3910 3919 3918
f 3911 3912 3920
f 3911 3920 3919
f 3912 3913 3921
f 3912 3921 3920
f 3913 3914 3922
f 3913 3922 3921
f 3914 3907 3915
f 3914 3915 3922
f 3923 3924 3932
f 3923 3932 3931
f 3924 3925 3933
f 3924 3933 3932
f 3925 3926 3934
f 3925 3934 3933
f 3926 3927 3935
f 3926 3935 3934
f 3927 3928 3936
f 3927 3936 3935
f 3928 3929 3937
f 3928 3937 3936
f 3929 3930 3938
f 3929 3938 3937
f 3930 3923 3931
f 3930 3931 3938
f 3931 3932 3940
f 3931 3940 3939
f 3932 3933 3941
f 3932 3941 3940
f 3933 3934 3942
f 3933 3942 3941
f 3934 3935 3943
f 3934 3943 3942
f 3935 3936 3944
f 3935 3944 3943
f 3936 3937 3945
f 3936 3945 3944
f 3937 3938 3946
f 3937 3946 3945
f 3938 3931 3939
f 3938 3939 3946
f 3939 3940 3948
f 3939 3948 3947
f 3940 3941 3949
f 3940 3949 3948
f 3941 3942 3950
f 3941 3950 3949
f 3942 3943 3951
f 3942 3951 3950
f 3943 3944 3952
f 3943 3952 3951
f 3944 3945 3953
f 3944 3953 3952
f 3945 3946 3954
f 3945 3954 3953
f 3946 3939 3947
f 3946 3947 3954
f 3947 3948 3956
f 3947 3956 3955
f 3948 3949 3957
f 3948 3957 3956
f 3949 3950 3958
f 3949 3958 3957
f 3950 3951 3959
f 3950 3959 3958
f 3951 3952 3960
f 3951 3960 3959
f 3952 3953 3961
f 3952 3961 3960
f 3953 3954 3962
f 3953 3962 3961
f 3954 3947 3955
f 3954 3955 3962
f 3963 3964 3972
f 3963 3972 3971
f 3964 3965 3973
f 3964 3973 3972
f 3965 3966 3974
f 3965 3974 3973
f 3966 3967 3975
f 3966 3975 3974
f 3967 3968 3976
f 3967 3976 3975
f 3968 3969 3977
f 3968 3977 3976
f 3969 3970 3978
f 3969 3978 3977
f 3970 3963 3971
f 3970 3971 3978
f 3971 3972 3980
f 3971 3980 3979
f 3972 3973 3981
f 3972 3981 3980
f 3973 3974 3982
f 3973 3982 3981
f 3974 3975 3983
f 3974 3983 3982
f 3975 3976 3984
f 3975 3984 3983
f 3976 3977 3985
f 3976 3985 3984
f 3977 3978 3986
f 3977 3986 3985
f 3978 3971 3979
f 3978 3979 3986
f 3979 3980 3988
f 3979 3988 3987
f 3980 3981 3989
f 3980 3989 3988
f 3981 3982 3990
f 3981 3990 3989
f 3982 3983 3991
f 3982 3991 3990
f 3983 3984 3992
f 3983 3992 3991
f 3984 3985 3993
f 3984 3993 3992
f 3985 3986 3994
f 3985 3994 3993
f 3986 3979 3987
f 3986 3987 3994
f 3987 3988 3996
f 3987 3996 3995
f 3988 3989 3997
f 3988 3997 3996
f 3989 3990 3998
f 3989 3998 3997
f 3990 3991 3999
f 3990 3999 3998
f 3991 3992 4000
f 3991 4000 3999
f 3992 3993 4001
f 3992 4001 4000
f 3993 3994 4002
f 3993 4002 4001
f 3994 3987 3995
f 3994 3995 4002
f 4003 4004 4012
f 4003 4012 4011
f 4004 4005 4013
f 4004 4013 4012
f 4005 4006 4014
f 4005 4014 4013
f 4006 4007 4015
f 4006 4015 4014
f 4007 4008 4016
f 4007 4016 4015
f 4008 4009 4017
f 4008 4017 4016
f 4009 4010 4018
f 4009 4018 4017
f 4010 4003 4011
f 4010 4011 4018
f 4011 4012 4020
f 4011 4020 4019
f 4012 4013 4021
f 4012 4021 4020
f 4013 4014 4022
f 4013 4022 4021
f 4014 4015 4023
f 4014 4023 4022
f 4015 4016 4024
f 4015 4024 4023
f 4016 4017 4025
f 4016 4025 4024
f 4017 4018 4026
f 4017 4026 4025
f 4018 4011 4019
f 4018 4019 4026
f 4019 4020 4028
f 4019 4028 4027
f 4020 4021 4029
f 4020 4029 4028
f 4021 4022 4030
f 4021 4030 4029
f 4022 4023 4031
f 4022 4031 4030
f 4023 4024 4032
f 4023 4032 4031
f 4024 4025 4033
f 4024 4033 4032
f 4025 4026 4034
f 4025 4034 4033
f 4026 4019 4027
f 4026 4027 4034
f 4027 4028 4036
f 4027 4036 4035
f 4028 4029 4037
f 4028 4037 4036
f 4029 4030 4038
f 4029 4038 4037
f 4030 4031 4039
f 4030 4039 4038
f 4031 4032 4040
f 4031 4040 4039
f 4032 4033 4041
f 4032 4041 4040
f 4033 4034 4042
f 4033 4042 4041
f 4034 4027 4035
f 4034 4035 4042
f 4043 4044 4052
f 4043 4052 4051
f 4044 4045 4053
f 4044 4053 4052
f 4045 4046 4054
f 4045 4054 4053
f 4046 4047 4055
f 4046 4055 4054
f 4047 4048 4056
f 4047 4056 4055
f 4048 4049 4057
f 4048 4057 4056
f 4049 4050 4058
f 4049 4058 4057
f 4050 4043 4051
f 4050 4051 4058
f 4051 4052 4060
f 4051 4060 4059
f 4052 4053 4061
f 4052 4061 4060
f 4053 4054 4062
f 4053 4062 4061
f 4054 4055 4063
f 4054 4063 4062
f 4055 4056 4064
f 4055 4064 4063
f 4056 4057 4065
f 4056 4065 4064
f 4057 4058 4066
f 4057 4066 4065
f 4058 4051 4059
f 4058 4059 4066
f 4059 4060 4068
f 4059 4068 4067
f 4060 4061 4069
f 4060 4069 4068
f 4061 4062 4070
f 4061 4070 4069
f 4062 4063 4071
f 4062 4071 4070
f 4063 4064 4072
f 4063 4072 4071
f 4064 4065 4073
f 4064 4073 4072
f 4065 4066 4074
f 4065 4074 4073
f 4066 4059 4067
f 4066 4067 4074
f 4067 4068 4076
f 4067 4076 4075
f 4068 4069 4077
f 4068 4077 4076
f 4069 4070 4078
f 4069 4078 4077
f 4070 4071 4079
f 4070 4079 4078
f 4071 4072 4080
f 4071 4080 4079
f 4072 4073 4081
f 4072 4081 4080
f 4073 4074 4082
f 4073 4082 4081
f 4074 4067 4075
f 4074 4075 4082
f 4083 4084 4092
f 4083 4092 4091
f 4084 4085 4093
f 4084 4093 4092
f 4085 4086 4094
f 4085 4094 4093
f 4086 4087 4095
f 4086 4095 4094
f 4087 4088 4096
f 4087 4096 4095
f 4088 4089 4097
f 4088 4097 4096
f 4089 4090 4098
f 4089 4098 4097
f 4090 4083 4091
f 4090 4091 4098
f 4091 4092 4100
f 4091 4100 4099
f 4092 4093 4101
f 4092 4101 4100
f 4093 4094 4102
f 4093 4102 4101
f 4094 4095 4103
f 4094 4103 4102
f 4095 4096 4104
f 4095 4104 4103
f 4096 4097 4105
f 4096 4105 4104
f 4097 4098 4106
f 4097 4106 4105
f 4098 4091 4099
f 4098 4099 4106
f 4099 4100 4108
f 4099 4108 4107
f 4100 4101 4109
f 4100 4109 4108
f 4101 4102 4110
f 4101 4110 4109
f 4102 4103 4111
f 4102 4111 4110
f 4103 4104 4112
f 4103 4112 4111
f 4104 4105 4113
f 4104 4113 4112
f 4105 4106 4114
f 4105 4114 4113
f 4106 4099 4107
f 4106 4107 4114
f 4107 4108 4116
f 4107 4116 4115
f 4108 4109 4117
f 4108 4117 4116
f 4109 4110 4118
f 4109 4118 4117
f 4110 4111 4119
f 4110 4119 4118
f 4111 4112 4120
f 4111 4120 4119
f 4112 4113 4121
f 4112 4121 4120
f 4113 4114 4122
f 4113 4122 4121
f 4114 4107 4115
f 4114 4115 4122
f 4123 4124 4130
f 4123 4130 4129
f 4124 4125 4131
f 4124 4131 4130
f 4125 4126 4132
f 4125 4132 4131
f 4126 4127 4133
f 4126 4133 4132
f 4127 4128 4134
f 4127 4134 4133
f 4128 4123 4129
f 4128 4129 4134
f 4135 4124 4123
f 4136 4129 4130
f 4135 4125 4124
f 4136 4130 4131
f 4135 4126 4125
f 4136 4131 4132
f 4135 4127 4126
f 4136 4132 4133
f 4135 4128 4127
f 4136 4133 4134
f 4135 4123 4128
f 4136 4134 4129
f 4137 4138 4144
f 4137 4144 4143
f 4138 4139 4145
f 4138 4145 4144
f 4139 4140 4146
f 4139 4146 4145
f 4140 4141 4147
f 4140 4147 4146
f 4141 4142 4148
f 4141 4148 4147
f 4142 4137 4143
f 4142 4143 4148
f 4149 4138 4137
f 4150 4143 4144
f 4149 4139 4138
f 4150 4144 4145
f 4149 4140 4139
f 4150 4145 4146
f 4149 4141 4140
f 4150 4146 4147
f 4149 4142 4141
f 4150 4147 4148
f 4149 4137 4142
f 4150 4148 4143
f 4151 4152 4158
f 4151 4158 4157
f 4152 4153 4159
f 4152 4159 4158
f 4153 4154 4160
f 4153 4160 4159
f 4154 4155 4161
f 4154 4161 4160
f 4155 4156 4162
f 4155 4162 4161
f 4156 4151 4157
f 4156 4157 4162
f 4163 4152 4151
f 4164 4157 4158
f 4163 4153 4152
f 4164 4158 4159
f 4163 4154 4153
f 4164 4159 4160
f 4163 4155 4154
f 4164 4160 4161
f 4163 4156 4155
f 4164 4161 4162
f 4163 4151 4156
f 4164 4162 4157
f 4165 4166 4172
f 4165 4172 4171
f 4166 4167 4173
f 4166 4173 4172
f 4167 4168 4174
f 4167 4174 4173
f 4168 4169 4175
f 4168 4175 4174
f 4169 4170 4176
f 4169 4176 4175
f 4170 4165 4171
f 4170 4171 4176
f 4177 4166 4165
f 4178 4171 4172
f 4177 4167 4166
f 4178 4172 4173
f 4177 4168 4167
f 4178 4173 4174
f 4177 4169 4168
f 4178 4174 4175
f 4177 4170 4169
f 4178 4175 4176
f 4177 4165 4170
f 4178 4176 4171
f 4179 4180 4186
f 4179 4186 4185
f 4180 4181 4187
f 4180 4187 4186
f 4181 4182 4188
f 4181 4188 4187
f 4182 4183 4189
f 4182 4189 4188
f 4183 4184 4190
f 4183 4190 4189
f 4184 4179 4185
f 4184 4185 4190
f 4191 4180 4179
f 4192 4185 4186
f 4191 4181 4180
f 4192 4186 4187
f 4191 4182 4181
f 4192 4187 4188
f 4191 4183 4182
f 4192 4188 4189
f 4191 4184 4183
f 4192 4189 4190
f 4191 4179 4184
f 4192 4190 4185
f 4193 4194 4200
f 4193 4200 4199
f 4194 4195 4201
f 4194 4201 4200
f 4195 4196 4202
f 4195 4202 4201
f 4196 4197 4203
f 4196 4203 4202
f 4197 4198 4204
f 4197 4204 4203
f 4198 4193 4199
f 4198 4199 4204
f 4205 4194 4193
f 4206 4199 4200
f 4205 4195 4194
f 4206 4200 4201
f 4205 4196 4195
f 4206 4201 4202
f 4205 4197 4196
f 4206 4202 4203
f 4205 4198 4197
f 4206 4203 4204
f 4205 4193 4198
f 4206 4204 4199
f 4207 4208 4214
f 4207 4214 4213
f 4208 4209 4215
f 4208 4215 4214
f 4209 4210 4216
f 4209 4216 4215
f 4210 4211 4217
f 4210 4217 4216
f 4211 4212 4218
f 4211 4218 4217
f 4212 4207 4213
f 4212 4213 4218
f 4219 4208 4207
f 4220 4213 4214
f 4219 4209 4208
f 4220 4214 4215
f 4219 4210 4209
f 4220 4215 4216
f 4219 4211 4210
f 4220 4216 4217
f 4219 4212 4211
f 4220 4217 4218
f 4219 4207 4212
f 4220 4218 4213
f 4221 4222 4228
f 4221 4228 4227
f 4222 4223 4229
f 4222 4229 4228
f 4223 4224 4230
f 4223 4230 4229
f 4224 4225 4231
f 4224 4231 4230
f 4225 4226 4232
f 4225 4232 4231
f 4226 4221 4227
f 4226 4227 4232
f 4233 4222 4221
f 4234 4227 4228
f 4233 4223 4222
f 4234 4228 4229
f 4233 4224 4223
f 4234 4229 4230
f 4233 4225 4224
f 4234 4230 4231
f 4233 4226 4225
f 4234 4231 4232
f 4233 4221 4226
f 4234 4232 4227
f 4235 4236 4242
f 4235 4242 4241
f 4236 4237 4243
f 4236 4243 4242
f 4237 4238 4244
f 4237 4244 4243
f 4238 4239 4245
f 4238 4245 4244
f 4239 4240 4246
f 4239 4246 4245
f 4240 4235 4241
f 4240 4241 4246
f 4247 4236 4235
f 4248 4241 4242
f 4247 4237 4236
f 4248 4242 4243
f 4247 4238 4237
f 4248 4243 4244
f 4247 4239 4238
f 4248 4244 4245
f 4247 4240 4239
f 4248 4245 4246
f 4247 4235 4240
f 4248 4246 4241
f 4249 4250 4256
f 4249 4256 4255
f 4250 4251 4257
f 4250 4257 4256
f 4251 4252 4258
f 4251 4258 4257
f 4252 4253 4259
f 4252 4259 4258
f 4253 4254 4260
f 4253 4260 4259
f 4254 4249 4255
f 4254 4255 4260
f 4261 4250 4249
f 4262 4255 4256
f 4261 4251 4250
f 4262 4256 4257
f 4261 4252 4251
f 4262 4257 4258
f 4261 4253 4252
f 4262 4258 4259
f 4261 4254 4253
f 4262 4259 4260
f 4261 4249 4254
f 4262 4260 4255
f 4263 4264 4270
f 4263 4270 4269
f 4264 4265 4271
f 4264 4271 4270
f 4265 4266 4272
f 4265 4272 4271
f 4266 4267 4273
f 4266 4273 4272
f 4267 4268 4274
f 4267 4274 4273
f 4268 4263 4269
f 4268 4269 4274
f 4275 4264 4263
f 4276 4269 4270
f 4275 4265 4264
f 4276 4270 4271
f 4275 4266 4265
f 4276 4271 4272
f 4275 4267 4266
f 4276 4272 4273
f 4275 4268 4267
f 4276 4273 4274
f 4275 4263 4268
f 4276 4274 4269
f 4277 4278 4284
f 4277 4284 4283
f 4278 4279 4285
f 4278 4285 4284
f 4279 4280 4286
f 4279 4286 4285
f 4280 4281 4287
f 4280 4287 4286
f 4281 4282 4288
f 4281 4288 4287
f 4282 4277 4283
f 4282 4283 4288
f 4289 4278 4277
f 4290 4283 4284
f 4289 4279 4278
f 4290 4284 4285
f 4289 4280 4279
f 4290 4285 4286
f 4289 4281 4280
f 4290 4286 4287
f 4289 4282 4281
f 4290 4287 4288
f 4289 4277 4282
f 4290 4288 4283
f 4291 4292 4298
f 4291 4298 4297
f 4292 4293 4299
f 4292 4299 4298
f 4293 4294 4300
f 4293 4300 4299
f 4294 4295 4301
f 4294 4301 4300
f 4295 4296 4302
f 4295 4302 4301
f 4296 4291 4297
f 4296 4297 4302
f 4303 4292 4291
f 4304 4297 4298
f 4303 4293 4292
f 4304 4298 4299
f 4303 4294 4293
f 4304 4299 4300
f 4303 4295 4294
f 4304 4300 4301
f 4303 4296 4295
f 4304 4301 4302
f 4303 4291 4296
f 4304 4302 4297
f 4305 4306 4312
f 4305 4312 4311
f 4306 4307 4313
f 4306 4313 4312
f 4307 4308 4314
f 4307 4314 4313
f 4308 4309 4315
f 4308 4315 4314
f 4309 4310 4316
f 4309 4316 4315
f 4310 4305 4311
f 4310 4311 4316
f 4317 4306 4305
f 4318 4311 4312
f 4317 4307 4306
f 4318 4312 4313
f 4317 4308 4307
f 4318 4313 4314
f 4317 4309 4308
f 4318 4314 4315
f 4317 4310 4309
f 4318 4315 4316
f 4317 4305 4310
f 4318 4316 4311
f 4319 4320 4326
f 4319 4326 4325
f 4320 4321 4327
f 4320 4327 4326
f 4321 4322 4328
f 4321 4328 4327
f 4322 4323 4329
f 4322 4329 4328
f 4323 4324 4330
f 4323 4330 4329
f 4324 4319 4325
f 4324 4325 4330
f 4331 4320 4319
f 4332 4325 4326
f 4331 4321 4320
f 4332 4326 4327
f 4331 4322 4321
f 4332 4327 4328
f 4331 4323 4322
f 4332 4328 4329
f 4331 4324 4323
f 4332 4329 4330
f 4331 4319 4324
f 4332 4330 4325
f 4333 4334 4340
f 4333 4340 4339
f 4334 4335 4341
f 4334 4341 4340
f 4335 4336 4342
f 4335 4342 4341
f 4336 4337 4343
f 4336 4343 4342
f 4337 4338 4344
f 4337 4344 4343
f 4338 4333 4339
f 4338 4339 4344
f 4345 4334 4333
f 4346 4339 4340
f 4345 4335 4334
f 4346 4340 4341
f 4345 4336 4335
f 4346 4341 4342
f 4345 4337 4336
f 4346 4342 4343
f 4345 4338 4337
f 4346 4343 4344
f 4345 4333 4338
f 4346 4344 4339
f 4347 4348 4354
f 4347 4354 4353
f 4348 4349 4355
f 4348 4355 4354
f 4349 4350 4356
f 4349 4356 4355
f 4350 4351 4357
f 4350 4357 4356
f 4351 4352 4358
f 4351 4358 4357
f 4352 4347 4353
f 4352 4353 4358
f 4359 4348 4347
f 4360 4353 4354
f 4359 4349 4348
f 4360 4354 4355
f 4359 4350 4349
f 4360 4355 4356
f 4359 4351 4350
f 4360 4356 4357
f 4359 4352 4351
f 4360 4357 4358
f 4359 4347 4352
f 4360 4358 4353
f 4361 4362 4368
f 4361 4368 4367
f 4362 4363 4369
f 4362 4369 4368
f 4363 4364 4370
f 4363 4370 4369
f 4364 4365 4371
f 4364 4371 4370
f 4365 4366 4372
f 4365 4372 4371
f 4366 4361 4367
f 4366 4367 4372
f 4373 4362 4361
f 4374 4367 4368
f 4373 4363 4362
f 4374 4368 4369
f 4373 4364 4363
f 4374 4369 4370
f 4373 4365 4364
f 4374 4370 4371
f 4373 4366 4365
f 4374 4371 4372
f 4373 4361 4366
f 4374 4372 4367
f 4375 4376 4382
f 4375 4382 4381
f 4376 4377 4383
f 4376 4383 4382
f 4377 4378 4384
f 4377 4384 4383
f 4378 4379 4385
f 4378 4385 4384
f 4379 4380 4386
f 4379 4386 4385
f 4380 4375 4381
f 4380 4381 4386
f 4387 4376 4375
f 4388 4381 4382
f 4387 4377 4376
f 4388 4382 4383
f 4387 4378 4377
f 4388 4383 4384
f 4387 4379 4378
f 4388 4384 4385
f 4387 4380 4379
f 4388 4385 4386
f 4387 4375 4380
f 4388 4386 4381
f 4389 4390 4396
f 4389 4396 4395
f 4390 4391 4397
f 4390 4397 4396
f 4391 4392 4398
f 4391 4398 4397
f 4392 4393 4399
f 4392 4399 4398
f 4393 4394 4400
f 4393 4400 4399
f 4394 4389 4395
f 4394 4395 4400
f 4401 4390 4389
f 4402 4395 4396
f 4401 4391 4390
f 4402 4396 4397
f 4401 4392 4391
f 4402 4397 4398
f 4401 4393 4392
f 4402 4398 4399
f 4401 4394 4393
f 4402 4399 4400
f 4401 4389 4394
f 4402 4400 4395
f 4403 4404 4410
f 4403 4410 4409
f 4404 4405 4411
f 4404 4411 4410
f 4405 4406 4412
f 4405 4412 4411
f 4406 4407 4413
f 4406 4413 4412
f 4407 4408 4414
f 4407 4414 4413
f 4408 4403 4409
f 4408 4409 4414
f 4415 4404 4403
f 4416 4409 4410
f 4415 4405 4404
f 4416 4410 4411
f 4415 4406 4405
f 4416 4411 4412
f 4415 4407 4406
f 4416 4412 4413
f 4415 4408 4407
f 4416 4413 4414
f 4415 4403 4408
f 4416 4414 4409
f 4417 4418 4424
f 4417 4424 4423
f 4418 4419 4425
f 4418 4425 4424
f 4419 4420 4426
f 4419 4426 4425
f 4420 4421 4427
f 4420 4427 4426
f 4421 4422 4428
f 4421 4428 4427
f 4422 4417 4423
f 4422 4423 4428
f 4429 4418 4417
f 4430 4423 4424
f 4429 4419 4418
f 4430 4424 4425
f 4429 4420 4419
f 4430 4425 4426
f 4429 4421 4420
f 4430 4426 4427
f 4429 4422 4421
f 4430 4427 4428
f 4429 4417 4422
f 4430 4428 4423
f 4431 4432 4438
f 4431 4438 4437
f 4432 4433 4439
f 4432 4439 4438
f 4433 4434 4440
f 4433 4440 4439
f 4434 4435 4441
f 4434 4441 4440
f 4435 4436 4442
f 4435 4442 4441
f 4436 4431 4437
f 4436 4437 4442
f 4443 4432 4431
f 4444 4437 4438
f 4443 4433 4432
f 4444 4438 4439
f 4443 4434 4433
f 4444 4439 4440
f 4443 4435 4434
f 4444 4440 4441
f 4443 4436 4435
f 4444 4441 4442
f 4443 4431 4436
f 4444 4442 4437
f 4445 4446 4452
f 4445 4452 4451
f 4446 4447 4453
f 4446 4453 4452
f 4447 4448 4454
f 4447 4454 4453
f 4448 4449 4455
f 4448 4455 4454
f 4449 4450 4456
f 4449 4456 4455
f 4450 4445 4451
f 4450 4451 4456
f 4457 4446 4445
f 4458 4451 4452
f 4457 4447 4446
f 4458 4452 4453
f 4457 4448 4447
f 4458 4453 4454
f 4457 4449 4448
f 4458 4454 4455
f 4457 4450 4449
f 4458 4455 4456
f 4457 4445 4450
f 4458 4456 4451
g equatorial_assembly
usemtl equatorial_assembly
f 4459 4460 4472
f 4459 4472 4471
f 4460 4461 4473
f 4460 4473 4472
f 4461 4462 4474
f 4461 4474 4473
f 4462 4463 4475
f 4462 4475 4474
f 4463 4464 4476
f 4463 4476 4475
f 4464 4465 4477
f 4464 4477 4476
f 4465 4466 4478
f 4465 4478 4477
f 4466 4467 4479
f 4466 4479 4478
f 4467 4468 4480
f 4467 4480 4479
f 4468 4469 4481
f 4468 4481 4480
f 4469 4470 4482
f 4469 4482 4481
f 4470 4459 4471
f 4470 4471 4482
f 4483 4460 4459
f 4484 4471 4472
f 4483 4461 4460
f 4484 4472 4473
f 4483 4462 4461
f 4484 4473 4474
f 4483 4463 4462
f 4484 4474 4475
f 4483 4464 4463
f 4484 4475 4476
f 4483 4465 4464
f 4484 4476 4477
f 4483 4466 4465
f 4484 4477 4478
f 4483 4467 4466
f 4484 4478 4479
f 4483 4468 4467
f 4484 4479 4480
f 4483 4469 4468
f 4484 4480 4481
f 4483 4470 4469
f 4484 4481 4482
f 4483 4459 4470
f 4484 4482 4471
f 4485 4486 4502
f 4485 4502 4501
f 4486 4487 4503
f 4486 4503 4502
f 4487 4488 4504
f 4487 4504 4503
f 4488 4489 4505
f 4488 4505 4504
f 4489 4490 4506
f 4489 4506 4505
f 4490 4491 4507
f 4490 4507 4506
f 4491 4492 4508
f 4491 4508 4507
f 4492 4493 4509
f 4492 4509 4508
f 4493 4494 4510
f 4493 4510 4509
f 4494 4495 4511
f 4494 4511 4510
f 4495 4496 4512
f 4495 4512 4511
f 4496 4497 4513
f 4496 4513 4512
f 4497 4498 4514
f 4497 4514 4513
f 4498 4499 4515
f 4498 4515 4514
f 4499 4500 4516
f 4499 4516 4515
f 4500 4485 4501
f 4500 4501 4516
f 4517 4486 4485
f 4518 4501 4502
f 4517 4487 4486
f 4518 4502 4503
f 4517 4488 4487
f 4518 4503 4504
f 4517 4489 4488
f 4518 4504 4505
f 4517 4490 4489
f 4518 4505 4506
f 4517 4491 4490
f 4518 4506 4507
f 4517 4492 4491
f 4518 4507 4508
f 4517 4493 4492
f 4518 4508 4509
f 4517 4494 4493
f 4518 4509 4510
f 4517 4495 4494
f 4518 4510 4511
f 4517 4496 4495
f 4518 4511 4512
f 4517 4497 4496
f 4518 4512 4513
f 4517 4498 4497
f 4518 4513 4514
f 4517 4499 4498
f 4518 4514 4515
f 4517 4500 4499
f 4518 4515 4516
f 4517 4485 4500
f 4518 4516 4501
f 4519 4520 4536
f 4519 4536 4535
f 4520 4521 4537
f 4520 4537 4536
f 4521 4522 4538
f 4521 4538 4537
f 4522 4523 4539
f 4522 4539 4538
f 4523 4524 4540
f 4523 4540 4539
f 4524 4525 4541
f 4524 4541 4540
f 4525 4526 4542
f 4525 4542 4541
f 4526 4527 4543
f 4526 4543 4542
f 4527 4528 4544
f 4527 4544 4543
f 4528 4529 4545
f 4528 4545 4544
f 4529 4530 4546
f 4529 4546 4545
f 4530 4531 4547
f 4530 4547 4546
f 4531 4532 4548
f 4531 4548 4547
f 4532 4533 4549
f 4532 4549 4548
f 4533 4534 4550
f 4533 4550 4549
f 4534 4519 4535
f 4534 4535 4550
f 4551 4520 4519
f 4552 4535 4536
f 4551 4521 4520
f 4552 4536 4537
f 4551 4522 4521
f 4552 4537 4538
f 4551 4523 4522
f 4552 4538 4539
f 4551 4524 4523
f 4552 4539 4540
f 4551 4525 4524
f 4552 4540 4541
f 4551 4526 4525
f 4552 4541 4542
f 4551 4527 4526
f 4552 4542 4543
f 4551 4528 4527
f 4552 4543 4544
f 4551 4529 4528
f 4552 4544 4545
f 4551 4530 4529
f 4552 4545 4546
f 4551 4531 4530
f 4552 4546 4547
f 4551 4532 4531
f 4552 4547 4548
f 4551 4533 4532
f 4552 4548 4549
f 4551 4534 4533
f 4552 4549 4550
f 4551 4519 4534
f 4552 4550 4535
f 4553 4554 4560
f 4553 4560 4559
f 4554 4555 4561
f 4554 4561 4560
f 4555 4556 4562
f 4555 4562 4561
f 4556 4557 4563
f 4556 4563 4562
f 4557 4558 4564
f 4557 4564 4563
f 4558 4553 4559
f 4558 4559 4564
f 4565 4554 4553
f 4566 4559 4560
f 4565 4555 4554
f 4566 4560 4561
f 4565 4556 4555
f 4566 4561 4562
f 4565 4557 4556
f 4566 4562 4563
f 4565 4558 4557
f 4566 4563 4564
f 4565 4553 4558
f 4566 4564 4559
f 4567 4568 4574
f 4567 4574 4573
f 4568 4569 4575
f 4568 4575 4574
f 4569 4570 4576
f 4569 4576 4575
f 4570 4571 4577
f 4570 4577 4576
f 4571 4572 4578
f 4571 4578 4577
f 4572 4567 4573
f 4572 4573 4578
f 4579 4568 4567
f 4580 4573 4574
f 4579 4569 4568
f 4580 4574 4575
f 4579 4570 4569
f 4580 4575 4576
f 4579 4571 4570
f 4580 4576 4577
f 4579 4572 4571
f 4580 4577 4578
f 4579 4567 4572
f 4580 4578 4573
f 4581 4582 4588
f 4581 4588 4587
f 4582 4583 4589
f 4582 4589 4588
f 4583 4584 4590
f 4583 4590 4589
f 4584 4585 4591
f 4584 4591 4590
f 4585 4586 4592
f 4585 4592 4591
f 4586 4581 4587
f 4586 4587 4592
f 4593 4582 4581
f 4594 4587 4588
f 4593 4583 4582
f 4594 4588 4589
f 4593 4584 4583
f 4594 4589 4590
f 4593 4585 4584
f 4594 4590 4591
f 4593 4586 4585
f 4594 4591 4592
f 4593 4581 4586
f 4594 4592 4587
f 4595 4596 4602
f 4595 4602 4601
f 4596 4597 4603
f 4596 4603 4602
f 4597 4598 4604
f 4597 4604 4603
f 4598 4599 4605
f 4598 4605 4604
f 4599 4600 4606
f 4599 4606 4605
f 4600 4595 4601
f 4600 4601 4606
f 4607 4596 4595
f 4608 4601 4602
f 4607 4597 4596
f 4608 4602 4603
f 4607 4598 4597
f 4608 4603 4604
f 4607 4599 4598
f 4608 4604 4605
f 4607 4600 4599
f 4608 4605 4606
f 4607 4595 4600
f 4608 4606 4601
f 4609 4610 4616
f 4609 4616 4615
f 4610 4611 4617
f 4610 4617 4616
f 4611 4612 4618
f 4611 4618 4617
f 4612 4613 4619
f 4612 4619 4618
f 4613 4614 4620
f 4613 4620 4619
f 4614 4609 4615
f 4614 4615 4620
f 4621 4610 4609
f 4622 4615 4616
f 4621 4611 4610
f 4622 4616 4617
f 4621 4612 4611
f 4622 4617 4618
f 4621 4613 4612
f 4622 4618 4619
f 4621 4614 4613
f 4622 4619 4620
f 4621 4609 4614
f 4622 4620 4615
f 4623 4624 4630
f 4623 4630 4629
f 4624 4625 4631
f 4624 4631 4630
f 4625 4626 4632
f 4625 4632 4631
f 4626 4627 4633
f 4626 4633 4632
f 4627 4628 4634
f 4627 4634 4633
f 4628 4623 4629
f 4628 4629 4634
f 4635 4624 4623
f 4636 4629 4630
f 4635 4625 4624
f 4636 4630 4631
f 4635 4626 4625
f 4636 4631 4632
f 4635 4627 4626
f 4636 4632 4633
f 4635 4628 4627
f 4636 4633 4634
f 4635 4623 4628
f 4636 4634 4629
f 4637 4638 4644
f 4637 4644 4643
f 4638 4639 4645
f 4638 4645 4644
f 4639 4640 4646
f 4639 4646 4645
f 4640 4641 4647
f 4640 4647 4646
f 4641 4642 4648
f 4641 4648 4647
f 4642 4637 4643
f 4642 4643 4648
f 4649 4638 4637
f 4650 4643 4644
f 4649 4639 4638
f 4650 4644 4645
f 4649 4640 4639
f 4650 4645 4646
f 4649 4641 4640
f 4650 4646 4647
f 4649 4642 4641
f 4650 4647 4648
f 4649 4637 4642
f 4650 4648 4643
f 4651 4652 4658
f 4651 4658 4657
f 4652 4653 4659
f 4652 4659 4658
f 4653 4654 4660
f 4653 4660 4659
f 4654 4655 4661
f 4654 4661 4660
f 4655 4656 4662
f 4655 4662 4661
f 4656 4651 4657
f 4656 4657 4662
f 4663 4652 4651
f 4664 4657 4658
f 4663 4653 4652
f 4664 4658 4659
f 4663 4654 4653
f 4664 4659 4660
f 4663 4655 4654
f 4664 4660 4661
f 4663 4656 4655
f 4664 4661 4662
f 4663 4651 4656
f 4664 4662 4657
f 4665 4666 4672
f 4665 4672 4671
f 4666 4667 4673
f 4666 4673 4672
f 4667 4668 4674
f 4667 4674 4673
f 4668 4669 4675
f 4668 4675 4674
f 4669 4670 4676
f 4669 4676 4675
f 4670 4665 4671
f 4670 4671 4676
f 4677 4666 4665
f 4678 4671 4672
f 4677 4667 4666
f 4678 4672 4673
f 4677 4668 4667
f 4678 4673 4674
f 4677 4669 4668
f 4678 4674 4675
f 4677 4670 4669
f 4678 4675 4676
f 4677 4665 4670
f 4678 4676 4671
f 4679 4680 4686
f 4679 4686 4685
f 4680 4681 4687
f 4680 4687 4686
f 4681 4682 4688
f 4681 4688 4687
f 4682 4683 4689
f 4682 4689 4688
f 4683 4684 4690
f 4683 4690 4689
f 4684 4679 4685
f 4684 4685 4690
f 4691 4680 4679
f 4692 4685 4686
f 4691 4681 4680
f 4692 4686 4687
f 4691 4682 4681
f 4692 4687 4688
f 4691 4683 4682
f 4692 4688 4689
f 4691 4684 4683
f 4692 4689 4690
f 4691 4679 4684
f 4692 4690 4685
f 4693 4694 4700
f 4693 4700 4699
f 4694 4695 4701
f 4694 4701 4700
f 4695 4696 4702
f 4695 4702 4701
f 4696 4697 4703
f 4696 4703 4702
f 4697 4698 4704
f 4697 4704 4703
f 4698 4693 4699
f 4698 4699 4704
f 4705 4694 4693
f 4706 4699 4700
f 4705 4695 4694
f 4706 4700 4701
f 4705 4696 4695
f 4706 4701 4702
f 4705 4697 4696
f 4706 4702 4703
f 4705 4698 4697
f 4706 4703 4704
f 4705 4693 4698
f 4706 4704 4699
f 4707 4708 4714
f 4707 4714 4713
f 4708 4709 4715
f 4708 4715 4714
f 4709 4710 4716
f 4709 4716 4715
f 4710 4711 4717
f 4710 4717 4716
f 4711 4712 4718
f 4711 4718 4717
f 4712 4707 4713
f 4712 4713 4718
f 4719 4708 4707
f 4720 4713 4714
f 4719 4709 4708
f 4720 4714 4715
f 4719 4710 4709
f 4720 4715 4716
f 4719 4711 4710
f 4720 4716 4717
f 4719 4712 4711
f 4720 4717 4718
f 4719 4707 4712
f 4720 4718 4713
f 4721 4722 4728
f 4721 4728 4727
f 4722 4723 4729
f 4722 4729 4728
f 4723 4724 4730
f 4723 4730 4729
f 4724 4725 4731
f 4724 4731 4730
f 4725 4726 4732
f 4725 4732 4731
f 4726 4721 4727
f 4726 4727 4732
f 4733 4722 4721
f 4734 4727 4728
f 4733 4723 4722
f 4734 4728 4729
f 4733 4724 4723
f 4734 4729 4730
f 4733 4725 4724
f 4734 4730 4731
f 4733 4726 4725
f 4734 4731 4732
f 4733 4721 4726
f 4734 4732 4727
f 4735 4736 4742
f 4735 4742 4741
f 4736 4737 4743
f 4736 4743 4742
f 4737 4738 4744
f 4737 4744 4743
f 4738 4739 4745
f 4738 4745 4744
f 4739 4740 4746
f 4739 4746 4745
f 4740 4735 4741
f 4740 4741 4746
f 4747 4736 4735
f 4748 4741 4742
f 4747 4737 4736
f 4748 4742 4743
f 4747 4738 4737
f 4748 4743 4744
f 4747 4739 4738
f 4748 4744 4745
f 4747 4740 4739
f 4748 4745 4746
f 4747 4735 4740
f 4748 4746 4741
f 4749 4750 4756
f 4749 4756 4755
f 4750 4751 4757
f 4750 4757 4756
f 4751 4752 4758
f 4751 4758 4757
f 4752 4753 4759
f 4752 4759 4758
f 4753 4754 4760
f 4753 4760 4759
f 4754 4749 4755
f 4754 4755 4760
f 4761 4750 4749
f 4762 4755 4756
f 4761 4751 4750
f 4762 4756 4757
f 4761 4752 4751
f 4762 4757 4758
f 4761 4753 4752
f 4762 4758 4759
f 4761 4754 4753
f 4762 4759 4760
f 4761 4749 4754
f 4762 4760 4755
f 4763 4764 4770
f 4763 4770 4769
f 4764 4765 4771
f 4764 4771 4770
f 4765 4766 4772
f 4765 4772 4771
f 4766 4767 4773
f 4766 4773 4772
f 4767 4768 4774
f 4767 4774 4773
f 4768 4763 4769
f 4768 4769 4774
f 4775 4764 4763
f 4776 4769 4770
f 4775 4765 4764
f 4776 4770 4771
f 4775 4766 4765
f 4776 4771 4772
f 4775 4767 4766
f 4776 4772 4773
f 4775 4768 4767
f 4776 4773 4774
f 4775 4763 4768
f 4776 4774 4769
f 4777 4778 4784
f 4777 4784 4783
f 4778 4779 4785
f 4778 4785 4784
f 4779 4780 4786
f 4779 4786 4785
f 4780 4781 4787
f 4780 4787 4786
f 4781 4782 4788
f 4781 4788 4787
f 4782 4777 4783
f 4782 4783 4788
f 4789 4778 4777
f 4790 4783 4784
f 4789 4779 4778
f 4790 4784 4785
f 4789 4780 4779
f 4790 4785 4786
f 4789 4781 4780
f 4790 4786 4787
f 4789 4782 4781
f 4790 4787 4788
f 4789 4777 4782
f 4790 4788 4783
f 4791 4792 4798
f 4791 4798 4797
f 4792 4793 4799
f 4792 4799 4798
f 4793 4794 4800
f 4793 4800 4799
f 4794 4795 4801
f 4794 4801 4800
f 4795 4796 4802
f 4795 4802 4801
f 4796 4791 4797
f 4796 4797 4802
f 4803 4792 4791
f 4804 4797 4798
f 4803 4793 4792
f 4804 4798 4799
f 4803 4794 4793
f 4804 4799 4800
f 4803 4795 4794
f 4804 4800 4801
f 4803 4796 4795
f 4804 4801 4802
f 4803 4791 4796
f 4804 4802 4797
f 4805 4806 4812
f 4805 4812 4811
f 4806 4807 4813
f 4806 4813 4812
f 4807 4808 4814
f 4807 4814 4813
f 4808 4809 4815
f 4808 4815 4814
f 4809 4810 4816
f 4809 4816 4815
f 4810 4805 4811
f 4810 4811 4816
f 4817 4806 4805
f 4818 4811 4812
f 4817 4807 4806
f 4818 4812 4813
f 4817 4808 4807
f 4818 4813 4814
f 4817 4809 4808
f 4818 4814 4815
f 4817 4810 4809
f 4818 4815 4816
f 4817 4805 4810
f 4818 4816 4811
f 4819 4820 4826
f 4819 4826 4825
f 4820 4821 4827
f 4820 4827 4826
f 4821 4822 4828
f 4821 4828 4827
f 4822 4823 4829
f 4822 4829 4828
f 4823 4824 4830
f 4823 4830 4829
f 4824 4819 4825
f 4824 4825 4830
f 4831 4820 4819
f 4832 4825 4826
f 4831 4821 4820
f 4832 4826 4827
f 4831 4822 4821
f 4832 4827 4828
f 4831 4823 4822
f 4832 4828 4829
f 4831 4824 4823
f 4832 4829 4830
f 4831 4819 4824
f 4832 4830 4825
f 4833 4834 4840
f 4833 4840 4839
f 4834 4835 4841
f 4834 4841 4840
f 4835 4836 4842
f 4835 4842 4841
f 4836 4837 4843
f 4836 4843 4842
f 4837 4838 4844
f 4837 4844 4843
f 4838 4833 4839
f 4838 4839 4844
f 4845 4834 4833
f 4846 4839 4840
f 4845 4835 4834
f 4846 4840 4841
f 4845 4836 4835
f 4846 4841 4842
f 4845 4837 4836
f 4846 4842 4843
f 4845 4838 4837
f 4846 4843 4844
f 4845 4833 4838
f 4846 4844 4839
f 4847 4848 4854
f 4847 4854 4853
f 4848 4849 4855
f 4848 4855 4854
f 4849 4850 4856
f 4849 4856 4855
f 4850 4851 4857
f 4850 4857 4856
f 4851 4852 4858
f 4851 4858 4857
f 4852 4847 4853
f 4852 4853 4858
f 4859 4848 4847
f 4860 4853 4854
f 4859 4849 4848
f 4860 4854 4855
f 4859 4850 4849
f 4860 4855 4856
f 4859 4851 4850
f 4860 4856 4857
f 4859 4852 4851
f 4860 4857 4858
f 4859 4847 4852
f 4860 4858 4853
f 4861 4862 4868
f 4861 4868 4867
f 4862 4863 4869
f 4862 4869 4868
f 4863 4864 4870
f 4863 4870 4869
f 4864 4865 4871
f 4864 4871 4870
f 4865 4866 4872
f 4865 4872 4871
f 4866 4861 4867
f 4866 4867 4872
f 4873 4862 4861
f 4874 4867 4868
f 4873 4863 4862
f 4874 4868 4869
f 4873 4864 4863
f 4874 4869 4870
f 4873 4865 4864
f 4874 4870 4871
f 4873 4866 4865
f 4874 4871 4872
f 4873 4861 4866
f 4874 4872 4867
f 4875 4876 4882
f 4875 4882 4881
f 4876 4877 4883
f 4876 4883 4882
f 4877 4878 4884
f 4877 4884 4883
f 4878 4879 4885
f 4878 4885 4884
f 4879 4880 4886
f 4879 4886 4885
f 4880 4875 4881
f 4880 4881 4886
f 4887 4876 4875
f 4888 4881 4882
f 4887 4877 4876
f 4888 4882 4883
f 4887 4878 4877
f 4888 4883 4884
f 4887 4879 4878
f 4888 4884 4885
f 4887 4880 4879
f 4888 4885 4886
f 4887 4875 4880
f 4888 4886 4881
f 4889 4890 4896
f 4889 4896 4895
f 4890 4891 4897
f 4890 4897 4896
f 4891 4892 4898
f 4891 4898 4897
f 4892 4893 4899
f 4892 4899 4898
f 4893 4894 4900
f 4893 4900 4899
f 4894 4889 4895
f 4894 4895 4900
f 4901 4890 4889
f 4902 4895 4896
f 4901 4891 4890
f 4902 4896 4897
f 4901 4892 4891
f 4902 4897 4898
f 4901 4893 4892
f 4902 4898 4899
f 4901 4894 4893
f 4902 4899 4900
f 4901 4889 4894
f 4902 4900 4895
f 4903 4904 4910
f 4903 4910 4909
f 4904 4905 4911
f 4904 4911 4910
f 4905 4906 4912
f 4905 4912 4911
f 4906 4907 4913
f 4906 4913 4912
f 4907 4908 4914
f 4907 4914 4913
f 4908 4903 4909
f 4908 4909 4914
f 4915 4904 4903
f 4916 4909 4910
f 4915 4905 4904
f 4916 4910 4911
f 4915 4906 4905
f 4916 4911 4912
f 4915 4907 4906
f 4916 4912 4913
f 4915 4908 4907
f 4916 4913 4914
f 4915 4903 4908
f 4916 4914 4909
f 4917 4918 4924
f 4917 4924 4923
f 4918 4919 4925
f 4918 4925 4924
f 4919 4920 4926
f 4919 4926 4925
f 4920 4921 4927
f 4920 4927 4926
f 4921 4922 4928
f 4921 4928 4927
f 4922 4917 4923
f 4922 4923 4928
f 4929 4918 4917
f 4930 4923 4924
f 4929 4919 4918
f 4930 4924 4925
f 4929 4920 4919
f 4930 4925 4926
f 4929 4921 4920
f 4930 4926 4927
f 4929 4922 4921
f 4930 4927 4928
f 4929 4917 4922
f 4930 4928 4923
f 4931 4932 4938
f 4931 4938 4937
f 4932 4933 4939
f 4932 4939 4938
f 4933 4934 4940
f 4933 4940 4939
f 4934 4935 4941
f 4934 4941 4940
f 4935 4936 4942
f 4935 4942 4941
f 4936 4931 4937
f 4936 4937 4942
f 4943 4932 4931
f 4944 4937 4938
f 4943 4933 4932
f 4944 4938 4939
f 4943 4934 4933
f 4944 4939 4940
f 4943 4935 4934
f 4944 4940 4941
f 4943 4936 4935
f 4944 4941 4942
f 4943 4931 4936
f 4944 4942 4937
f 4945 4946 4952
f 4945 4952 4951
f 4946 4947 4953
f 4946 4953 4952
f 4947 4948 4954
f 4947 4954 4953
f 4948 4949 4955
f 4948 4955 4954
f 4949 4950 4956
f 4949 4956 4955
f 4950 4945 4951
f 4950 4951 4956
f 4957 4946 4945
f 4958 4951 4952
f 4957 4947 4946
f 4958 4952 4953
f 4957 4948 4947
f 4958 4953 4954
f 4957 4949 4948
f 4958 4954 4955
f 4957 4950 4949
f 4958 4955 4956
f 4957 4945 4950
f 4958 4956 4951
f 4959 4960 4966
f 4959 4966 4965
f 4960 4961 4967
f 4960 4967 4966
f 4961 4962 4968
f 4961 4968 4967
f 4962 4963 4969
f 4962 4969 4968
f 4963 4964 4970
f 4963 4970 4969
f 4964 4959 4965
f 4964 4965 4970
f 4971 4960 4959
f 4972 4965 4966
f 4971 4961 4960
f 4972 4966 4967
f 4971 4962 4961
f 4972 4967 4968
f 4971 4963 4962
f 4972 4968 4969
f 4971 4964 4963
f 4972 4969 4970
f 4971 4959 4964
f 4972 4970 4965
f 4973 4974 4980
f 4973 4980 4979
f 4974 4975 4981
f 4974 4981 4980
f 4975 4976 4982
f 4975 4982 4981
f 4976 4977 4983
f 4976 4983 4982
f 4977 4978 4984
f 4977 4984 4983
f 4978 4973 4979
f 4978 4979 4984
f 4985 4974 4973
f 4986 4979 4980
f 4985 4975 4974
f 4986 4980 4981
f 4985 4976 4975
f 4986 4981 4982
f 4985 4977 4976
f 4986 4982 4983
f 4985 4978 4977
f 4986 4983 4984
f 4985 4973 4978
f 4986 4984 4979
f 4987 4988 4994
f 4987 4994 4993
f 4988 4989 4995
f 4988 4995 4994
f 4989 4990 4996
f 4989 4996 4995
f 4990 4991 4997
f 4990 4997 4996
f 4991 4992 4998
f 4991 4998 4997
f 4992 4987 4993
f 4992 4993 4998
f 4999 4988 4987
f 5000 4993 4994
f 4999 4989 4988
f 5000 4994 4995
f 4999 4990 4989
f 5000 4995 4996
f 4999 4991 4990
f 5000 4996 4997
f 4999 4992 4991
f 5000 4997 4998
f 4999 4987 4992
f 5000 4998 4993
f 5001 5002 5008
f 5001 5008 5007
f 5002 5003 5009
f 5002 5009 5008
f 5003 5004 5010
f 5003 5010 5009
f 5004 5005 5011
f 5004 5011 5010
f 5005 5006 5012
f 5005 5012 5011
f 5006 5001 5007
f 5006 5007 5012
f 5013 5002 5001
f 5014 5007 5008
f 5013 5003 5002
f 5014 5008 5009
f 5013 5004 5003
f 5014 5009 5010
f 5013 5005 5004
f 5014 5010 5011
f 5013 5006 5005
f 5014 5011 5012
f 5013 5001 5006
f 5014 5012 5007
f 5015 5016 5022
f 5015 5022 5021
f 5016 5017 5023
f 5016 5023 5022
f 5017 5018 5024
f 5017 5024 5023
f 5018 5019 5025
f 5018 5025 5024
f 5019 5020 5026
f 5019 5026 5025
f 5020 5015 5021
f 5020 5021 5026
f 5027 5016 5015
f 5028 5021 5022
f 5027 5017 5016
f 5028 5022 5023
f 5027 5018 5017
f 5028 5023 5024
f 5027 5019 5018
f 5028 5024 5025
f 5027 5020 5019
f 5028 5025 5026
f 5027 5015 5020
f 5028 5026 5021
f 5029 5030 5036
f 5029 5036 5035
f 5030 5031 5037
f 5030 5037 5036
f 5031 5032 5038
f 5031 5038 5037
f 5032 5033 5039
f 5032 5039 5038
f 5033 5034 5040
f 5033 5040 5039
f 5034 5029 5035
f 5034 5035 5040
f 5041 5030 5029
f 5042 5035 5036
f 5041 5031 5030
f 5042 5036 5037
f 5041 5032 5031
f 5042 5037 5038
f 5041 5033 5032
f 5042 5038 5039
f 5041 5034 5033
f 5042 5039 5040
f 5041 5029 5034
f 5042 5040 5035
f 5043 5044 5050
f 5043 5050 5049
f 5044 5045 5051
f 5044 5051 5050
f 5045 5046 5052
f 5045 5052 5051
f 5046 5047 5053
f 5046 5053 5052
f 5047 5048 5054
f 5047 5054 5053
f 5048 5043 5049
f 5048 5049 5054
f 5055 5044 5043
f 5056 5049 5050
f 5055 5045 5044
f 5056 5050 5051
f 5055 5046 5045
f 5056 5051 5052
f 5055 5047 5046
f 5056 5052 5053
f 5055 5048 5047
f 5056 5053 5054
f 5055 5043 5048
f 5056 5054 5049
f 5057 5058 5064
f 5057 5064 5063
f 5058 5059 5065
f 5058 5065 5064
f 5059 5060 5066
f 5059 5066 5065
f 5060 5061 5067
f 5060 5067 5066
f 5061 5062 5068
f 5061 5068 5067
f 5062 5057 5063
f 5062 5063 5068
f 5069 5058 5057
f 5070 5063 5064
f 5069 5059 5058
f 5070 5064 5065
f 5069 5060 5059
f 5070 5065 5066
f 5069 5061 5060
f 5070 5066 5067
f 5069 5062 5061
f 5070 5067 5068
f 5069 5057 5062
f 5070 5068 5063
f 5071 5072 5078
f 5071 5078 5077
f 5072 5073 5079
f 5072 5079 5078
f 5073 5074 5080
f 5073 5080 5079
f 5074 5075 5081
f 5074 5081 5080
f 5075 5076 5082
f 5075 5082 5081
f 5076 5071 5077
f 5076 5077 5082
f 5083 5072 5071
f 5084 5077 5078
f 5083 5073 5072
f 5084 5078 5079
f 5083 5074 5073
f 5084 5079 5080
f 5083 5075 5074
f 5084 5080 5081
f 5083 5076 5075
f 5084 5081 5082
f 5083 5071 5076
f 5084 5082 5077
f 5085 5086 5092
f 5085 5092 5091
f 5086 5087 5093
f 5086 5093 5092
f 5087 5088 5094
f 5087 5094 5093
f 5088 5089 5095
f 5088 5095 5094
f 5089 5090 5096
f 5089 5096 5095
f 5090 5085 5091
f 5090 5091 5096
f 5097 5086 5085
f 5098 5091 5092
f 5097 5087 5086
f 5098 5092 5093
f 5097 5088 5087
f 5098 5093 5094
f 5097 5089 5088
f 5098 5094 5095
f 5097 5090 5089
f 5098 5095 5096
f 5097 5085 5090
f 5098 5096 5091
f 5099 5100 5106
f 5099 5106 5105
f 5100 5101 5107
f 5100 5107 5106
f 5101 5102 5108
f 5101 5108 5107
f 5102 5103 5109
f 5102 5109 5108
f 5103 5104 5110
f 5103 5110 5109
f 5104 5099 5105
f 5104 5105 5110
f 5111 5100 5099
f 5112 5105 5106
f 5111 5101 5100
f 5112 5106 5107
f 5111 5102 5101
f 5112 5107 5108
f 5111 5103 5102
f 5112 5108 5109
f 5111 5104 5103
f 5112 5109 5110
f 5111 5099 5104
f 5112 5110 5105
f 5113 5114 5120
f 5113 5120 5119
f 5114 5115 5121
f 5114 5121 5120
f 5115 5116 5122
f 5115 5122 5121
f 5116 5117 5123
f 5116 5123 5122
f 5117 5118 5124
f 5117 5124 5123
f 5118 5113 5119
f 5118 5119 5124
f 5125 5114 5113
f 5126 5119 5120
f 5125 5115 5114
f 5126 5120 5121
f 5125 5116 5115
f 5126 5121 5122
f 5125 5117 5116
f 5126 5122 5123
f 5125 5118 5117
f 5126 5123 5124
f 5125 5113 5118
f 5126 5124 5119
f 5127 5128 5134
f 5127 5134 5133
f 5128 5129 5135
f 5128 5135 5134
f 5129 5130 5136
f 5129 5136 5135
f 5130 5131 5137
f 5130 5137 5136
f 5131 5132 5138
f 5131 5138 5137
f 5132 5127 5133
f 5132 5133 5138
f 5139 5128 5127
f 5140 5133 5134
f 5139 5129 5128
f 5140 5134 5135
f 5139 5130 5129
f 5140 5135 5136
f 5139 5131 5130
f 5140 5136 5137
f 5139 5132 5131
f 5140 5137 5138
f 5139 5127 5132
f 5140 5138 5133
f 5141 5142 5148
f 5141 5148 5147
f 5142 5143 5149
f 5142 5149 5148
f 5143 5144 5150
f 5143 5150 5149
f 5144 5145 5151
f 5144 5151 5150
f 5145 5146 5152
f 5145 5152 5151
f 5146 5141 5147
f 5146 5147 5152
f 5153 5142 5141
f 5154 5147 5148
f 5153 5143 5142
f 5154 5148 5149
f 5153 5144 5143
f 5154 5149 5150
f 5153 5145 5144
f 5154 5150 5151
f 5153 5146 5145
f 5154 5151 5152
f 5153 5141 5146
f 5154 5152 5147
f 5155 5156 5162
f 5155 5162 5161
f 5156 5157 5163
f 5156 5163 5162
f 5157 5158 5164
f 5157 5164 5163
f 5158 5159 5165
f 5158 5165 5164
f 5159 5160 5166
f 5159 5166 5165
f 5160 5155 5161
f 5160 5161 5166
f 5167 5156 5155
f 5168 5161 5162
f 5167 5157 5156
f 5168 5162 5163
f 5167 5158 5157
f 5168 5163 5164
f 5167 5159 5158
f 5168 5164 5165
f 5167 5160 5159
f 5168 5165 5166
f 5167 5155 5160
f 5168 5166 5161
f 5169 5170 5176
f 5169 5176 5175
f 5170 5171 5177
f 5170 5177 5176
f 5171 5172 5178
f 5171 5178 5177
f 5172 5173 5179
f 5172 5179 5178
f 5173 5174 5180
f 5173 5180 5179
f 5174 5169 5175
f 5174 5175 5180
f 5181 5170 5169
f 5182 5175 5176
f 5181 5171 5170
f 5182 5176 5177
f 5181 5172 5171
f 5182 5177 5178
f 5181 5173 5172
f 5182 5178 5179
f 5181 5174 5173
f 5182 5179 5180
f 5181 5169 5174
f 5182 5180 5175
f 5183 5184 5190
f 5183 5190 5189
f 5184 5185 5191
f 5184 5191 5190
f 5185 5186 5192
f 5185 5192 5191
f 5186 5187 5193
f 5186 5193 5192
f 5187 5188 5194
f 5187 5194 5193
f 5188 5183 5189
f 5188 5189 5194
f 5195 5184 5183
f 5196 5189 5190
f 5195 5185 5184
f 5196 5190 5191
f 5195 5186 5185
f 5196 5191 5192
f 5195 5187 5186
f 5196 5192 5193
f 5195 5188 5187
f 5196 5193 5194
f 5195 5183 5188
f 5196 5194 5189
f 5197 5198 5204
f 5197 5204 5203
f 5198 5199 5205
f 5198 5205 5204
f 5199 5200 5206
f 5199 5206 5205
f 5200 5201 5207
f 5200 5207 5206
f 5201 5202 5208
f 5201 5208 5207
f 5202 5197 5203
f 5202 5203 5208
f 5209 5198 5197
f 5210 5203 5204
f 5209 5199 5198
f 5210 5204 5205
f 5209 5200 5199
f 5210 5205 5206
f 5209 5201 5200
f 5210 5206 5207
f 5209 5202 5201
f 5210 5207 5208
f 5209 5197 5202
f 5210 5208 5203
f 5211 5212 5218
f 5211 5218 5217
f 5212 5213 5219
f 5212 5219 5218
f 5213 5214 5220
f 5213 5220 5219
f 5214 5215 5221
f 5214 5221 5220
f 5215 5216 5222
f 5215 5222 5221
f 5216 5211 5217
f 5216 5217 5222
f 5223 5212 5211
f 5224 5217 5218
f 5223 5213 5212
f 5224 5218 5219
f 5223 5214 5213
f 5224 5219 5220
f 5223 5215 5214
f 5224 5220 5221
f 5223 5216 5215
f 5224 5221 5222
f 5223 5211 5216
f 5224 5222 5217
f 5225 5226 5232
f 5225 5232 5231
f 5226 5227 5233
f 5226 5233 5232
f 5227 5228 5234
f 5227 5234 5233
f 5228 5229 5235
f 5228 5235 5234
f 5229 5230 5236
f 5229 5236 5235
f 5230 5225 5231
f 5230 5231 5236
f 5237 5226 5225
f 5238 5231 5232
f 5237 5227 5226
f 5238 5232 5233
f 5237 5228 5227
f 5238 5233 5234
f 5237 5229 5228
f 5238 5234 5235
f 5237 5230 5229
f 5238 5235 5236
f 5237 5225 5230
f 5238 5236 5231
f 5239 5240 5246
f 5239 5246 5245
f 5240 5241 5247
f 5240 5247 5246
f 5241 5242 5248
f 5241 5248 5247
f 5242 5243 5249
f 5242 5249 5248
f 5243 5244 5250
f 5243 5250 5249
f 5244 5239 5245
f 5244 5245 5250
f 5251 5240 5239
f 5252 5245 5246
f 5251 5241 5240
f 5252 5246 5247
f 5251 5242 5241
f 5252 5247 5248
f 5251 5243 5242
f 5252 5248 5249
f 5251 5244 5243
f 5252 5249 5250
f 5251 5239 5244
f 5252 5250 5245
f 5253 5254 5260
f 5253 5260 5259
f 5254 5255 5261
f 5254 5261 5260
f 5255 5256 5262
f 5255 5262 5261
f 5256 5257 5263
f 5256 5263 5262
f 5257 5258 5264
f 5257 5264 5263
f 5258 5253 5259
f 5258 5259 5264
f 5265 5254 5253
f 5266 5259 5260
f 5265 5255 5254
f 5266 5260 5261
f 5265 5256 5255
f 5266 5261 5262
f 5265 5257 5256
f 5266 5262 5263
f 5265 5258 5257
f 5266 5263 5264
f 5265 5253 5258
f 5266 5264 5259
f 5267 5268 5274
f 5267 5274 5273
f 5268 5269 5275
f 5268 5275 5274
f 5269 5270 5276
f 5269 5276 5275
f 5270 5271 5277
f 5270 5277 5276
f 5271 5272 5278
f 5271 5278 5277
f 5272 5267 5273
f 5272 5273 5278
f 5279 5268 5267
f 5280 5273 5274
f 5279 5269 5268
f 5280 5274 5275
f 5279 5270 5269
f 5280 5275 5276
f 5279 5271 5270
f 5280 5276 5277
f 5279 5272 5271
f 5280 5277 5278
f 5279 5267 5272
f 5280 5278 5273
f 5281 5282 5288
f 5281 5288 5287
f 5282 5283 5289
f 5282 5289 5288
f 5283 5284 5290
f 5283 5290 5289
f 5284 5285 5291
f 5284 5291 5290
f 5285 5286 5292
f 5285 5292 5291
f 5286 5281 5287
f 5286 5287 5292
f 5293 5282 5281
f 5294 5287 5288
f 5293 5283 5282
f 5294 5288 5289
f 5293 5284 5283
f 5294 5289 5290
f 5293 5285 5284
f 5294 5290 5291
f 5293 5286 5285
f 5294 5291 5292
f 5293 5281 5286
f 5294 5292 5287
f 5295 5296 5302
f 5295 5302 5301
f 5296 5297 5303
f 5296 5303 5302
f 5297 5298 5304
f 5297 5304 5303
f 5298 5299 5305
f 5298 5305 5304
f 5299 5300 5306
f 5299 5306 5305
f 5300 5295 5301
f 5300 5301 5306
f 5307 5296 5295
f 5308 5301 5302
f 5307 5297 5296
f 5308 5302 5303
f 5307 5298 5297
f 5308 5303 5304
f 5307 5299 5298
f 5308 5304 5305
f 5307 5300 5299
f 5308 5305 5306
f 5307 5295 5300
f 5308 5306 5301
f 5309 5310 5316
f 5309 5316 5315
f 5310 5311 5317
f 5310 5317 5316
f 5311 5312 5318
f 5311 5318 5317
f 5312 5313 5319
f 5312 5319 5318
f 5313 5314 5320
f 5313 5320 5319
f 5314 5309 5315
f 5314 5315 5320
f 5321 5310 5309
f 5322 5315 5316
f 5321 5311 5310
f 5322 5316 5317
f 5321 5312 5311
f 5322 5317 5318
f 5321 5313 5312
f 5322 5318 5319
f 5321 5314 5313
f 5322 5319 5320
f 5321 5309 5314
f 5322 5320 5315
f 5323 5324 5330
f 5323 5330 5329
f 5324 5325 5331
f 5324 5331 5330
f 5325 5326 5332
f 5325 5332 5331
f 5326 5327 5333
f 5326 5333 5332
f 5327 5328 5334
f 5327 5334 5333
f 5328 5323 5329
f 5328 5329 5334
f 5335 5324 5323
f 5336 5329 5330
f 5335 5325 5324
f 5336 5330 5331
f 5335 5326 5325
f 5336 5331 5332
f 5335 5327 5326
f 5336 5332 5333
f 5335 5328 5327
f 5336 5333 5334
f 5335 5323 5328
f 5336 5334 5329
f 5337 5338 5344
f 5337 5344 5343
f 5338 5339 5345
f 5338 5345 5344
f 5339 5340 5346
f 5339 5346 5345
f 5340 5341 5347
f 5340 5347 5346
f 5341 5342 5348
f 5341 5348 5347
f 5342 5337 5343
f 5342 5343 5348
f 5349 5338 5337
f 5350 5343 5344
f 5349 5339 5338
f 5350 5344 5345
f 5349 5340 5339
f 5350 5345 5346
f 5349 5341 5340
f 5350 5346 5347
f 5349 5342 5341
f 5350 5347 5348
f 5349 5337 5342
f 5350 5348 5343
f 5351 5352 5358
f 5351 5358 5357
f 5352 5353 5359
f 5352 5359 5358
f 5353 5354 5360
f 5353 5360 5359
f 5354 5355 5361
f 5354 5361 5360
f 5355 5356 5362
f 5355 5362 5361
f 5356 5351 5357
f 5356 5357 5362
f 5363 5352 5351
f 5364 5357 5358
f 5363 5353 5352
f 5364 5358 5359
f 5363 5354 5353
f 5364 5359 5360
f 5363 5355 5354
f 5364 5360 5361
f 5363 5356 5355
f 5364 5361 5362
f 5363 5351 5356
f 5364 5362 5357
f 5365 5366 5372
f 5365 5372 5371
f 5366 5367 5373
f 5366 5373 5372
f 5367 5368 5374
f 5367 5374 5373
f 5368 5369 5375
f 5368 5375 5374
f 5369 5370 5376
f 5369 5376 5375
f 5370 5365 5371
f 5370 5371 5376
f 5377 5366 5365
f 5378 5371 5372
f 5377 5367 5366
f 5378 5372 5373
f 5377 5368 5367
f 5378 5373 5374
f 5377 5369 5368
f 5378 5374 5375
f 5377 5370 5369
f 5378 5375 5376
f 5377 5365 5370
f 5378 5376 5371
f 5379 5380 5386
f 5379 5386 5385
f 5380 5381 5387
f 5380 5387 5386
f 5381 5382 5388
f 5381 5388 5387
f 5382 5383 5389
f 5382 5389 5388
f 5383 5384 5390
f 5383 5390 5389
f 5384 5379 5385
f 5384 5385 5390
f 5391 5380 5379
f 5392 5385 5386
f 5391 5381 5380
f 5392 5386 5387
f 5391 5382 5381
f 5392 5387 5388
f 5391 5383 5382
f 5392 5388 5389
f 5391 5384 5383
f 5392 5389 5390
f 5391 5379 5384
f 5392 5390 5385
f 5393 5394 5400
f 5393 5400 5399
f 5394 5395 5401
f 5394 5401 5400
f 5395 5396 5402
f 5395 5402 5401
f 5396 5397 5403
f 5396 5403 5402
f 5397 5398 5404
f 5397 5404 5403
f 5398 5393 5399
f 5398 5399 5404
f 5405 5394 5393
f 5406 5399 5400
f 5405 5395 5394
f 5406 5400 5401
f 5405 5396 5395
f 5406 5401 5402
f 5405 5397 5396
f 5406 5402 5403
f 5405 5398 5397
f 5406 5403 5404
f 5405 5393 5398
f 5406 5404 5399
f 5407 5408 5414
f 5407 5414 5413
f 5408 5409 5415
f 5408 5415 5414
f 5409 5410 5416
f 5409 5416 5415
f 5410 5411 5417
f 5410 5417 5416
f 5411 5412 5418
f 5411 5418 5417
f 5412 5407 5413
f 5412 5413 5418
f 5419 5408 5407
f 5420 5413 5414
f 5419 5409 5408
f 5420 5414 5415
f 5419 5410 5409
f 5420 5415 5416
f 5419 5411 5410
f 5420 5416 5417
f 5419 5412 5411
f 5420 5417 5418
f 5419 5407 5412
f 5420 5418 5413
f 5421 5422 5430
f 5421 5430 5429
f 5422 5423 5431
f 5422 5431 5430
f 5423 5424 5432
f 5423 5432 5431
f 5424 5425 5433
f 5424 5433 5432
f 5425 5426 5434
f 5425 5434 5433
f 5426 5427 5435
f 5426 5435 5434
f 5427 5428 5436
f 5427 5436 5435
f 5428 5421 5429
f 5428 5429 5436
f 5429 5430 5438
f 5429 5438 5437
f 5430 5431 5439
f 5430 5439 5438
f 5431 5432 5440
f 5431 5440 5439
f 5432 5433 5441
f 5432 5441 5440
f 5433 5434 5442
f 5433 5442 5441
f 5434 5435 5443
f 5434 5443 5442
f 5435 5436 5444
f 5435 5444 5443
f 5436 5429 5437
f 5436 5437 5444
f 5437 5438 5446
f 5437 5446 5445
f 5438 5439 5447
f 5438 5447 5446
f 5439 5440 5448
f 5439 5448 5447
f 5440 5441 5449
f 5440 5449 5448
f 5441 5442 5450
f 5441 5450 5449
f 5442 5443 5451
f 5442 5451 5450
f 5443 5444 5452
f 5443 5452 5451
f 5444 5437 5445
f 5444 5445 5452
f 5445 5446 5454
f 5445 5454 5453
f 5446 5447 5455
f 5446 5455 5454
f 5447 5448 5456
f 5447 5456 5455
f 5448 5449 5457
f 5448 5457 5456
f 5449 5450 5458
f 5449 5458 5457
f 5450 5451 5459
f 5450 5459 5458
f 5451 5452 5460
f 5451 5460 5459
f 5452 5445 5453
f 5452 5453 5460
f 5461 5462 5468
f 5461 5468 5467
f 5462 5463 5469
f 5462 5469 5468
f 5463 5464 5470
f 5463 5470 5469
f 5464 5465 5471
f 5464 5471 5470
f 5465 5466 5472
f 5465 5472 5471
f 5466 5461 5467
f 5466 5467 5472
f 5473 5462 5461
f 5474 5467 5468
f 5473 5463 5462
f 5474 5468 5469
f 5473 5464 5463
f 5474 5469 5470
f 5473 5465 5464
f 5474 5470 5471
f 5473 5466 5465
f 5474 5471 5472
f 5473 5461 5466
f 5474 5472 5467
f 5475 5476 5482
f 5475 5482 5481
f 5476 5477 5483
f 5476 5483 5482
f 5477 5478 5484
f 5477 5484 5483
f 5478 5479 5485
f 5478 5485 5484
f 5479 5480 5486
f 5479 5486 5485
f 5480 5475 5481
f 5480 5481 5486
f 5487 5476 5475
f 5488 5481 5482
f 5487 5477 5476
f 5488 5482 5483
f 5487 5478 5477
f 5488 5483 5484
f 5487 5479 5478
f 5488 5484 5485
f 5487 5480 5479
f 5488 5485 5486
f 5487 5475 5480
f 5488 5486 5481
f 5489 5490 5498
f 5489 5498 5497
f 5490 5491 5499
f 5490 5499 5498
f 5491 5492 5500
f 5491 5500 5499
f 5492 5493 5501
f 5492 5501 5500
f 5493 5494 5502
f 5493 5502 5501
f 5494 5495 5503
f 5494 5503 5502
f 5495 5496 5504
f 5495 5504 5503
f 5496 5489 5497
f 5496 5497 5504
f 5497 5498 5506
f 5497 5506 5505
f 5498 5499 5507
f 5498 5507 5506
f 5499 5500 5508
f 5499 5508 5507
f 5500 5501 5509
f 5500 5509 5508
f 5501 5502 5510
f 5501 5510 5509
f 5502 5503 5511
f 5502 5511 5510
f 5503 5504 5512
f 5503 5512 5511
f 5504 5497 5505
f 5504 5505 5512
f 5505 5506 5514
f 5505 5514 5513
f 5506 5507 5515
f 5506 5515 5514
f 5507 5508 5516
f 5507 5516 5515
f 5508 5509 5517
f 5508 5517 5516
f 5509 5510 5518
f 5509 5518 5517
f 5510 5511 5519
f 5510 5519 5518
f 5511 5512 5520
f 5511 5520 5519
f 5512 5505 5513
f 5512 5513 5520
f 5513 5514 5522
f 5513 5522 5521
f 5514 5515 5523
f 5514 5523 5522
f 5515 5516 5524
f 5515 5524 5523
f 5516 5517 5525
f 5516 5525 5524
f 5517 5518 5526
f 5517 5526 5525
f 5518 5519 5527
f 5518 5527 5526
f 5519 5520 5528
f 5519 5528 5527
f 5520 5513 5521
f 5520 5521 5528
f 5529 5530 5536
f 5529 5536 5535
f 5530 5531 5537
f 5530 5537 5536
f 5531 5532 5538
f 5531 5538 5537
f 5532 5533 5539
f 5532 5539 5538
f 5533 5534 5540
f 5533 5540 5539
f 5534 5529 5535
f 5534 5535 5540
f 5541 5530 5529
f 5542 5535 5536
f 5541 5531 5530
f 5542 5536 5537
f 5541 5532 5531
f 5542 5537 5538
f 5541 5533 5532
f 5542 5538 5539
f 5541 5534 5533
f 5542 5539 5540
f 5541 5529 5534
f 5542 5540 5535
f 5543 5544 5550
f 5543 5550 5549
f 5544 5545 5551
f 5544 5551 5550
f 5545 5546 5552
f 5545 5552 5551
f 5546 5547 5553
f 5546 5553 5552
f 5547 5548 5554
f 5547 5554 5553
f 5548 5543 5549
f 5548 5549 5554
f 5555 5544 5543
f 5556 5549 5550
f 5555 5545 5544
f 5556 5550 5551
f 5555 5546 5545
f 5556 5551 5552
f 5555 5547 5546
f 5556 5552 5553
f 5555 5548 5547
f 5556 5553 5554
f 5555 5543 5548
f 5556 5554 5549
f 5557 5558 5566
f 5557 5566 5565
f 5558 5559 5567
f 5558 5567 5566
f 5559 5560 5568
f 5559 5568 5567
f 5560 5561 5569
f 5560 5569 5568
f 5561 5562 5570
f 5561 5570 5569
f 5562 5563 5571
f 5562 5571 5570
f 5563 5564 5572
f 5563 5572 5571
f 5564 5557 5565
f 5564 5565 5572
f 5565 5566 5574
f 5565 5574 5573
f 5566 5567 5575
f 5566 5575 5574
f 5567 5568 5576
f 5567 5576 5575
f 5568 5569 5577
f 5568 5577 5576
f 5569 5570 5578
f 5569 5578 5577
f 5570 5571 5579
f 5570 5579 5578
f 5571 5572 5580
f 5571 5580 5579
f 5572 5565 5573
f 5572 5573 5580
f 5573 5574 5582
f 5573 5582 5581
f 5574 5575 5583
f 5574 5583 5582
f 5575 5576 5584
f 5575 5584 5583
f 5576 5577 5585
f 5576 5585 5584
f 5577 5578 5586
f 5577 5586 5585
f 5578 5579 5587
f 5578 5587 5586
f 5579 5580 5588
f 5579 5588 5587
f 5580 5573 5581
f 5580 5581 5588
f 5581 5582 5590
f 5581 5590 5589
f 5582 5583 5591
f 5582 5591 5590
f 5583 5584 5592
f 5583 5592 5591
f 5584 5585 5593
f 5584 5593 5592
f 5585 5586 5594
f 5585 5594 5593
f 5586 5587 5595
f 5586 5595 5594
f 5587 5588 5596
f 5587 5596 5595
f 5588 5581 5589
f 5588 5589 5596
f 5597 5598 5604
f 5597 5604 5603
f 5598 5599 5605
f 5598 5605 5604
f 5599 5600 5606
f 5599 5606 5605
f 5600 5601 5607
f 5600 5607 5606
f 5601 5602 5608
f 5601 5608 5607
f 5602 5597 5603
f 5602 5603 5608
f 5609 5598 5597
f 5610 5603 5604
f 5609 5599 5598
f 5610 5604 5605
f 5609 5600 5599
f 5610 5605 5606
f 5609 5601 5600
f 5610 5606 5607
f 5609 5602 5601
f 5610 5607 5608
f 5609 5597 5602
f 5610 5608 5603
f 5611 5612 5618
f 5611 5618 5617
f 5612 5613 5619
f 5612 5619 5618
f 5613 5614 5620
f 5613 5620 5619
f 5614 5615 5621
f 5614 5621 5620
f 5615 5616 5622
f 5615 5622 5621
f 5616 5611 5617
f 5616 5617 5622
f 5623 5612 5611
f 5624 5617 5618
f 5623 5613 5612
f 5624 5618 5619
f 5623 5614 5613
f 5624 5619 5620
f 5623 5615 5614
f 5624 5620 5621
f 5623 5616 5615
f 5624 5621 5622
f 5623 5611 5616
f 5624 5622 5617
f 5625 5626 5634
f 5625 5634 5633
f 5626 5627 5635
f 5626 5635 5634
f 5627 5628 5636
f 5627 5636 5635
f 5628 5629 5637
f 5628 5637 5636
f 5629 5630 5638
f 5629 5638 5637
f 5630 5631 5639
f 5630 5639 5638
f 5631 5632 5640
f 5631 5640 5639
f 5632 5625 5633
f 5632 5633 5640
f 5633 5634 5642
f 5633 5642 5641
f 5634 5635 5643
f 5634 5643 5642
f 5635 5636 5644
f 5635 5644 5643
f 5636 5637 5645
f 5636 5645 5644
f 5637 5638 5646
f 5637 5646 5645
f 5638 5639 5647
f 5638 5647 5646
f 5639 5640 5648
f 5639 5648 5647
f 5640 5633 5641
f 5640 5641 5648
f 5641 5642 5650
f 5641 5650 5649
f 5642 5643 5651
f 5642 5651 5650
f 5643 5644 5652
f 5643 5652 5651
f 5644 5645 5653
f 5644 5653 5652
f 5645 5646 5654
f 5645 5654 5653
f 5646 5647 5655
f 5646 5655 5654
f 5647 5648 5656
f 5647 5656 5655
f 5648 5641 5649
f 5648 5649 5656
f 5649 5650 5658
f 5649 5658 5657
f 5650 5651 5659
f 5650 5659 5658
f 5651 5652 5660
f 5651 5660 5659
f 5652 5653 5661
f 5652 5661 5660
f 5653 5654 5662
f 5653 5662 5661
f 5654 5655 5663
f 5654 5663 5662
f 5655 5656 5664
f 5655 5664 5663
f 5656 5649 5657
f 5656 5657 5664
f 5665 5666 5672
f 5665 5672 5671
f 5666 5667 5673
f 5666 5673 5672
f 5667 5668 5674
f 5667 5674 5673
f 5668 5669 5675
f 5668 5675 5674
f 5669 5670 5676
f 5669 5676 5675
f 5670 5665 5671
f 5670 5671 5676
f 5677 5666 5665
f 5678 5671 5672
f 5677 5667 5666
f 5678 5672 5673
f 5677 5668 5667
f 5678 5673 5674
f 5677 5669 5668
f 5678 5674 5675
f 5677 5670 5669
f 5678 5675 5676
f 5677 5665 5670
f 5678 5676 5671
f 5679 5680 5686
f 5679 5686 5685
f 5680 5681 5687
f 5680 5687 5686
f 5681 5682 5688
f 5681 5688 5687
f 5682 5683 5689
f 5682 5689 5688
f 5683 5684 5690
f 5683 5690 5689
f 5684 5679 5685
f 5684 5685 5690
f 5691 5680 5679
f 5692 5685 5686
f 5691 5681 5680
f 5692 5686 5687
f 5691 5682 5681
f 5692 5687 5688
f 5691 5683 5682
f 5692 5688 5689
f 5691 5684 5683
f 5692 5689 5690
f 5691 5679 5684
f 5692 5690 5685
f 5693 5694 5702
f 5693 5702 5701
f 5694 5695 5703
f 5694 5703 5702
f 5695 5696 5704
f 5695 5704 5703
f 5696 5697 5705
f 5696 5705 5704
f 5697 5698 5706
f 5697 5706 5705
f 5698 5699 5707
f 5698 5707 5706
f 5699 5700 5708
f 5699 5708 5707
f 5700 5693 5701
f 5700 5701 5708
f 5701 5702 5710
f 5701 5710 5709
f 5702 5703 5711
f 5702 5711 5710
f 5703 5704 5712
f 5703 5712 5711
f 5704 5705 5713
f 5704 5713 5712
f 5705 5706 5714
f 5705 5714 5713
f 5706 5707 5715
f 5706 5715 5714
f 5707 5708 5716
f 5707 5716 5715
f 5708 5701 5709
f 5708 5709 5716
f 5709 5710 5718
f 5709 5718 5717
f 5710 5711 5719
f 5710 5719 5718
f 5711 5712 5720
f 5711 5720 5719
f 5712 5713 5721
f 5712 5721 5720
f 5713 5714 5722
f 5713 5722 5721
f 5714 5715 5723
f 5714 5723 5722
f 5715 5716 5724
f 5715 5724 5723
f 5716 5709 5717
f 5716 5717 5724
f 5717 5718 5726
f 5717 5726 5725
f 5718 5719 5727
f 5718 5727 5726
f 5719 5720 5728
f 5719 5728 5727
f 5720 5721 5729
f 5720 5729 5728
f 5721 5722 5730
f 5721 5730 5729
f 5722 5723 5731
f 5722 5731 5730
f 5723 5724 5732
f 5723 5732 5731
f 5724 5717 5725
f 5724 5725 5732
f 5733 5734 5740
f 5733 5740 5739
f 5734 5735 5741
f 5734 5741 5740
f 5735 5736 5742
f 5735 5742 5741
f 5736 5737 5743
f 5736 5743 5742
f 5737 5738 5744
f 5737 5744 5743
f 5738 5733 5739
f 5738 5739 5744
f 5745 5734 5733
f 5746 5739 5740
f 5745 5735 5734
f 5746 5740 5741
f 5745 5736 5735
f 5746 5741 5742
f 5745 5737 5736
f 5746 5742 5743
f 5745 5738 5737
f 5746 5743 5744
f 5745 5733 5738
f 5746 5744 5739
f 5747 5748 5754
f 5747 5754 5753
f 5748 5749 5755
f 5748 5755 5754
f 5749 5750 5756
f 5749 5756 5755
f 5750 5751 5757
f 5750 5757 5756
f 5751 5752 5758
f 5751 5758 5757
f 5752 5747 5753
f 5752 5753 5758
f 5759 5748 5747
f 5760 5753 5754
f 5759 5749 5748
f 5760 5754 5755
f 5759 5750 5749
f 5760 5755 5756
f 5759 5751 5750
f 5760 5756 5757
f 5759 5752 5751
f 5760 5757 5758
f 5759 5747 5752
f 5760 5758 5753
f 5761 5762 5770
f 5761 5770 5769
f 5762 5763 5771
f 5762 5771 5770
f 5763 5764 5772
f 5763 5772 5771
f 5764 5765 5773
f 5764 5773 5772
f 5765 5766 5774
f 5765 5774 5773
f 5766 5767 5775
f 5766 5775 5774
f 5767 5768 5776
f 5767 5776 5775
f 5768 5761 5769
f 5768 5769 5776
f 5769 5770 5778
f 5769 5778 5777
f 5770 5771 5779
f 5770 5779 5778
f 5771 5772 5780
f 5771 5780 5779
f 5772 5773 5781
f 5772 5781 5780
f 5773 5774 5782
f 5773 5782 5781
f 5774 5775 5783
f 5774 5783 5782
f 5775 5776 5784
f 5775 5784 5783
f 5776 5769 5777
f 5776 5777 5784
f 5777 5778 5786
f 5777 5786 5785
f 5778 5779 5787
f 5778 5787 5786
f 5779 5780 5788
f 5779 5788 5787
f 5780 5781 5789
f 5780 5789 5788
f 5781 5782 5790
f 5781 5790 5789
f 5782 5783 5791
f 5782 5791 5790
f 5783 5784 5792
f 5783 5792 5791
f 5784 5777 5785
f 5784 5785 5792
f 5785 5786 5794
f 5785 5794 5793
f 5786 5787 5795
f 5786 5795 5794
f 5787 5788 5796
f 5787 5796 5795
f 5788 5789 5797
f 5788 5797 5796
f 5789 5790 5798
f 5789 5798 5797
f 5790 5791 5799
f 5790 5799 5798
f 5791 5792 5800
f 5791 5800 5799
f 5792 5785 5793
f 5792 5793 5800
f 5801 5802 5808
f 5801 5808 5807
f 5802 5803 5809
f 5802 5809 5808
f 5803 5804 5810
f 5803 5810 5809
f 5804 5805 5811
f 5804 5811 5810
f 5805 5806 5812
f 5805 5812 5811
f 5806 5801 5807
f 5806 5807 5812
f 5813 5802 5801
f 5814 5807 5808
f 5813 5803 5802
f 5814 5808 5809
f 5813 5804 5803
f 5814 5809 5810
f 5813 5805 5804
f 5814 5810 5811
f 5813 5806 5805
f 5814 5811 5812
f 5813 5801 5806
f 5814 5812 5807
f 5815 5816 5822
f 5815 5822 5821
f 5816 5817 5823
f 5816 5823 5822
f 5817 5818 5824
f 5817 5824 5823
f 5818 5819 5825
f 5818 5825 5824
f 5819 5820 5826
f 5819 5826 5825
f 5820 5815 5821
f 5820 5821 5826
f 5827 5816 5815
f 5828 5821 5822
f 5827 5817 5816
f 5828 5822 5823
f 5827 5818 5817
f 5828 5823 5824
f 5827 5819 5818
f 5828 5824 5825
f 5827 5820 5819
f 5828 5825 5826
f 5827 5815 5820
f 5828 5826 5821
f 5829 5830 5838
f 5829 5838 5837
f 5830 5831 5839
f 5830 5839 5838
f 5831 5832 5840
f 5831 5840 5839
f 5832 5833 5841
f 5832 5841 5840
f 5833 5834 5842
f 5833 5842 5841
f 5834 5835 5843
f 5834 5843 5842
f 5835 5836 5844
f 5835 5844 5843
f 5836 5829 5837
f 5836 5837 5844
f 5837 5838 5846
f 5837 5846 5845
f 5838 5839 5847
f 5838 5847 5846
f 5839 5840 5848
f 5839 5848 5847
f 5840 5841 5849
f 5840 5849 5848
f 5841 5842 5850
f 5841 5850 5849
f 5842 5843 5851
f 5842 5851 5850
f 5843 5844 5852
f 5843 5852 5851
f 5844 5837 5845
f 5844 5845 5852
f 5845 5846 5854
f 5845 5854 5853
f 5846 5847 5855
f 5846 5855 5854
f 5847 5848 5856
f 5847 5856 5855
f 5848 5849 5857
f 5848 5857 5856
f 5849 5850 5858
f 5849 5858 5857
f 5850 5851 5859
f 5850 5859 5858
f 5851 5852 5860
f 5851 5860 5859
f 5852 5845 5853
f 5852 5853 5860
f 5853 5854 5862
f 5853 5862 5861
f 5854 5855 5863
f 5854 5863 5862
f 5855 5856 5864
f 5855 5864 5863
f 5856 5857 5865
f 5856 5865 5864
f 5857 5858 5866
f 5857 5866 5865
f 5858 5859 5867
f 5858 5867 5866
f 5859 5860 5868
f 5859 5868 5867
f 5860 5853 5861
f 5860 5861 5868
f 5869 5870 5876
f 5869 5876 5875
f 5870 5871 5877
f 5870 5877 5876
f 5871 5872 5878
f 5871 5878 5877
f 5872 5873 5879
f 5872 5879 5878
f 5873 5874 5880
f 5873 5880 5879
f 5874 5869 5875
f 5874 5875 5880
f 5881 5870 5869
f 5882 5875 5876
f 5881 5871 5870
f 5882 5876 5877
f 5881 5872 5871
f 5882 5877 5878
f 5881 5873 5872
f 5882 5878 5879
f 5881 5874 5873
f 5882 5879 5880
f 5881 5869 5874
f 5882 5880 5875
f 5883 5884 5890
f 5883 5890 5889
f 5884 5885 5891
f 5884 5891 5890
f 5885 5886 5892
f 5885 5892 5891
f 5886 5887 5893
f 5886 5893 5892
f 5887 5888 5894
f 5887 5894 5893
f 5888 5883 5889
f 5888 5889 5894
f 5895 5884 5883
f 5896 5889 5890
f 5895 5885 5884
f 5896 5890 5891
f 5895 5886 5885
f 5896 5891 5892
f 5895 5887 5886
f 5896 5892 5893
f 5895 5888 5887
f 5896 5893 5894
f 5895 5883 5888
f 5896 5894 5889
f 5897 5898 5906
f 5897 5906 5905
f 5898 5899 5907
f 5898 5907 5906
f 5899 5900 5908
f 5899 5908 5907
f 5900 5901 5909
f 5900 5909 5908
f 5901 5902 5910
f 5901 5910 5909
f 5902 5903 5911
f 5902 5911 5910
f 5903 5904 5912
f 5903 5912 5911
f 5904 5897 5905
f 5904 5905 5912
f 5905 5906 5914
f 5905 5914 5913
f 5906 5907 5915
f 5906 5915 5914
f 5907 5908 5916
f 5907 5916 5915
f 5908 5909 5917
f 5908 5917 5916
f 5909 5910 5918
f 5909 5918 5917
f 5910 5911 5919
f 5910 5919 5918
f 5911 5912 5920
f 5911 5920 5919
f 5912 5905 5913
f 5912 5913 5920
f 5913 5914 5922
f 5913 5922 5921
f 5914 5915 5923
f 5914 5923 5922
f 5915 5916 5924
f 5915 5924 5923
f 5916 5917 5925
f 5916 5925 5924
f 5917 5918 5926
f 5917 5926 5925
f 5918 5919 5927
f 5918 5927 5926
f 5919 5920 5928
f 5919 5928 5927
f 5920 5913 5921
f 5920 5921 5928
f 5921 5922 5930
f 5921 5930 5929
f 5922 5923 5931
f 5922 5931 5930
f 5923 5924 5932
f 5923 5932 5931
f 5924 5925 5933
f 5924 5933 5932
f 5925 5926 5934
f 5925 5934 5933
f 5926 5927 5935
f 5926 5935 5934
f 5927 5928 5936
f 5927 5936 5935
f 5928 5921 5929
f 5928 5929 5936
f 5937 5938 5944
f 5937 5944 5943
f 5938 5939 5945
f 5938 5945 5944
f 5939 5940 5946
f 5939 5946 5945
f 5940 5941 5947
f 5940 5947 5946
f 5941 5942 5948
f 5941 5948 5947
f 5942 5937 5943
f 5942 5943 5948
f 5949 5938 5937
f 5950 5943 5944
f 5949 5939 5938
f 5950 5944 5945
f 5949 5940 5939
f 5950 5945 5946
f 5949 5941 5940
f 5950 5946 5947
f 5949 5942 5941
f 5950 5947 5948
f 5949 5937 5942
f 5950 5948 5943
f 5951 5952 5958
f 5951 5958 5957
f 5952 5953 5959
f 5952 5959 5958
f 5953 5954 5960
f 5953 5960 5959
f 5954 5955 5961
f 5954 5961 5960
f 5955 5956 5962
f 5955 5962 5961
f 5956 5951 5957
f 5956 5957 5962
f 5963 5952 5951
f 5964 5957 5958
f 5963 5953 5952
f 5964 5958 5959
f 5963 5954 5953
f 5964 5959 5960
f 5963 5955 5954
f 5964 5960 5961
f 5963 5956 5955
f 5964 5961 5962
f 5963 5951 5956
f 5964 5962 5957
f 5965 5966 5974
f 5965 5974 5973
f 5966 5967 5975
f 5966 5975 5974
f 5967 5968 5976
f 5967 5976 5975
f 5968 5969 5977
f 5968 5977 5976
f 5969 5970 5978
f 5969 5978 5977
f 5970 5971 5979
f 5970 5979 5978
f 5971 5972 5980
f 5971 5980 5979
f 5972 5965 5973
f 5972 5973 5980
f 5973 5974 5982
f 5973 5982 5981
f 5974 5975 5983
f 5974 5983 5982
f 5975 5976 5984
f 5975 5984 5983
f 5976 5977 5985
f 5976 5985 5984
f 5977 5978 5986
f 5977 5986 5985
f 5978 5979 5987
f 5978 5987 5986
f 5979 5980 5988
f 5979 5988 5987
f 5980 5973 5981
f 5980 5981 5988
f 5981 5982 5990
f 5981 5990 5989
f 5982 5983 5991
f 5982 5991 5990
f 5983 5984 5992
f 5983 5992 5991
f 5984 5985 5993
f 5984 5993 5992
f 5985 5986 5994
f 5985 5994 5993
f 5986 5987 5995
f 5986 5995 5994
f 5987 5988 5996
f 5987 5996 5995
f 5988 5981 5989
f 5988 5989 5996
f 5989 5990 5998
f 5989 5998 5997
f 5990 5991 5999
f 5990 5999 5998
f 5991 5992 6000
f 5991 6000 5999
f 5992 5993 6001
f 5992 6001 6000
f 5993 5994 6002
f 5993 6002 6001
f 5994 5995 6003
f 5994 6003 6002
f 5995 5996 6004
f 5995 6004 6003
f 5996 5989 5997
f 5996 5997 6004
f 6005 6006 6012
f 6005 6012 6011
f 6006 6007 6013
f 6006 6013 6012
f 6007 6008 6014
f 6007 6014 6013
f 6008 6009 6015
f 6008 6015 6014
f 6009 6010 6016
f 6009 6016 6015
f 6010 6005 6011
f 6010 6011 6016
f 6017 6006 6005
f 6018 6011 6012
f 6017 6007 6006
f 6018 6012 6013
f 6017 6008 6007
f 6018 6013 6014
f 6017 6009 6008
f 6018 6014 6015
f 6017 6010 6009
f 6018 6015 6016
f 6017 6005 6010
f 6018 6016 6011
f 6019 6020 6026
f 6019 6026 6025
f 6020 6021 6027
f 6020 6027 6026
f 6021 6022 6028
f 6021 6028 6027
f 6022 6023 6029
f 6022 6029 6028
f 6023 6024 6030
f 6023 6030 6029
f 6024 6019 6025
f 6024 6025 6030
f 6031 6020 6019
f 6032 6025 6026
f 6031 6021 6020
f 6032 6026 6027
f 6031 6022 6021
f 6032 6027 6028
f 6031 6023 6022
f 6032 6028 6029
f 6031 6024 6023
f 6032 6029 6030
f 6031 6019 6024
f 6032 6030 6025
f 6033 6034 6042
f 6033 6042 6041
f 6034 6035 6043
f 6034 6043 6042
f 6035 6036 6044
f 6035 6044 6043
f 6036 6037 6045
f 6036 6045 6044
f 6037 6038 6046
f 6037 6046 6045
f 6038 6039 6047
f 6038 6047 6046
f 6039 6040 6048
f 6039 6048 6047
f 6040 6033 6041
f 6040 6041 6048
f 6041 6042 6050
f 6041 6050 6049
f 6042 6043 6051
f 6042 6051 6050
f 6043 6044 6052
f 6043 6052 6051
f 6044 6045 6053
f 6044 6053 6052
f 6045 6046 6054
f 6045 6054 6053
f 6046 6047 6055
f 6046 6055 6054
f 6047 6048 6056
f 6047 6056 6055
f 6048 6041 6049
f 6048 6049 6056
f 6049 6050 6058
f 6049 6058 6057
f 6050 6051 6059
f 6050 6059 6058
f 6051 6052 6060
f 6051 6060 6059
f 6052 6053 6061
f 6052 6061 6060
f 6053 6054 6062
f 6053 6062 6061
f 6054 6055 6063
f 6054 6063 6062
f 6055 6056 6064
f 6055 6064 6063
f 6056 6049 6057
f 6056 6057 6064
f 6057 6058 6066
f 6057 6066 6065
f 6058 6059 6067
f 6058 6067 6066
f 6059 6060 6068
f 6059 6068 6067
f 6060 6061 6069
f 6060 6069 6068
f 6061 6062 6070
f 6061 6070 6069
f 6062 6063 6071
f 6062 6071 6070
f 6063 6064 6072
f 6063 6072 6071
f 6064 6057 6065
f 6064 6065 6072
f 6073 6074 6080
f 6073 6080 6079
f 6074 6075 6081
f 6074 6081 6080
f 6075 6076 6082
f 6075 6082 6081
f 6076 6077 6083
f 6076 6083 6082
f 6077 6078 6084
f 6077 6084 6083
f 6078 6073 6079
f 6078 6079 6084
f 6085 6074 6073
f 6086 6079 6080
f 6085 6075 6074
f 6086 6080 6081
f 6085 6076 6075
f 6086 6081 6082
f 6085 6077 6076
f 6086 6082 6083
f 6085 6078 6077
f 6086 6083 6084
f 6085 6073 6078
f 6086 6084 6079
f 6087 6088 6094
f 6087 6094 6093
f 6088 6089 6095
f 6088 6095 6094
f 6089 6090 6096
f 6089 6096 6095
f 6090 6091 6097
f 6090 6097 6096
f 6091 6092 6098
f 6091 6098 6097
f 6092 6087 6093
f 6092 6093 6098
f 6099 6088 6087
f 6100 6093 6094
f 6099 6089 6088
f 6100 6094 6095
f 6099 6090 6089
f 6100 6095 6096
f 6099 6091 6090
f 6100 6096 6097
f 6099 6092 6091
f 6100 6097 6098
f 6099 6087 6092
f 6100 6098 6093
f 6101 6102 6110
f 6101 6110 6109
f 6102 6103 6111
f 6102 6111 6110
f 6103 6104 6112
f 6103 6112 6111
f 6104 6105 6113
f 6104 6113 6112
f 6105 6106 6114
f 6105 6114 6113
f 6106 6107 6115
f 6106 6115 6114
f 6107 6108 6116
f 6107 6116 6115
f 6108 6101 6109
f 6108 6109 6116
f 6109 6110 6118
f 6109 6118 6117
f 6110 6111 6119
f 6110 6119 6118
f 6111 6112 6120
f 6111 6120 6119
f 6112 6113 6121
f 6112 6121 6120
f 6113 6114 6122
f 6113 6122 6121
f 6114 6115 6123
f 6114 6123 6122
f 6115 6116 6124
f 6115 6124 6123
f 6116 6109 6117
f 6116 6117 6124
f 6117 6118 6126
f 6117 6126 6125
f 6118 6119 6127
f 6118 6127 6126
f 6119 6120 6128
f 6119 6128 6127
f 6120 6121 6129
f 6120 6129 6128
f 6121 6122 6130
f 6121 6130 6129
f 6122 6123 6131
f 6122 6131 6130
f 6123 6124 6132
f 6123 6132 6131
f 6124 6117 6125
f 6124 6125 6132
f 6125 6126 6134
f 6125 6134 6133
f 6126 6127 6135
f 6126 6135 6134
f 6127 6128 6136
f 6127 6136 6135
f 6128 6129 6137
f 6128 6137 6136
f 6129 6130 6138
f 6129 6138 6137
f 6130 6131 6139
f 6130 6139 6138
f 6131 6132 6140
f 6131 6140 6139
f 6132 6125 6133
f 6132 6133 6140
f 6141 6142 6148
f 6141 6148 6147
f 6142 6143 6149
f 6142 6149 6148
f 6143 6144 6150
f 6143 6150 6149
f 6144 6145 6151
f 6144 6151 6150
f 6145 6146 6152
f 6145 6152 6151
f 6146 6141 6147
f 6146 6147 6152
f 6153 6142 6141
f 6154 6147 6148
f 6153 6143 6142
f 6154 6148 6149
f 6153 6144 6143
f 6154 6149 6150
f 6153 6145 6144
f 6154 6150 6151
f 6153 6146 6145
f 6154 6151 6152
f 6153 6141 6146
f 6154 6152 6147
f 6155 6156 6162
f 6155 6162 6161
f 6156 6157 6163
f 6156 6163 6162
f 6157 6158 6164
f 6157 6164 6163
f 6158 6159 6165
f 6158 6165 6164
f 6159 6160 6166
f 6159 6166 6165
f 6160 6155 6161
f 6160 6161 6166
f 6167 6156 6155
f 6168 6161 6162
f 6167 6157 6156
f 6168 6162 6163
f 6167 6158 6157
f 6168 6163 6164
f 6167 6159 6158
f 6168 6164 6165
f 6167 6160 6159
f 6168 6165 6166
f 6167 6155 6160
f 6168 6166 6161
f 6169 6170 6178
f 6169 6178 6177
f 6170 6171 6179
f 6170 6179 6178
f 6171 6172 6180
f 6171 6180 6179
f 6172 6173 6181
f 6172 6181 6180
f 6173 6174 6182
f 6173 6182 6181
f 6174 6175 6183
f 6174 6183 6182
f 6175 6176 6184
f 6175 6184 6183
f 6176 6169 6177
f 6176 6177 6184
f 6177 6178 6186
f 6177 6186 6185
f 6178 6179 6187
f 6178 6187 6186
f 6179 6180 6188
f 6179 6188 6187
f 6180 6181 6189
f 6180 6189 6188
f 6181 6182 6190
f 6181 6190 6189
f 6182 6183 6191
f 6182 6191 6190
f 6183 6184 6192
f 6183 6192 6191
f 6184 6177 6185
f 6184 6185 6192
f 6185 6186 6194
f 6185 6194 6193
f 6186 6187 6195
f 6186 6195 6194
f 6187 6188 6196
f 6187 6196 6195
f 6188 6189 6197
f 6188 6197 6196
f 6189 6190 6198
f 6189 6198 6197
f 6190 6191 6199
f 6190 6199 6198
f 6191 6192 6200
f 6191 6200 6199
f 6192 6185 6193
f 6192 6193 6200
f 6193 6194 6202
f 6193 6202 6201
f 6194 6195 6203
f 6194 6203 6202
f 6195 6196 6204
f 6195 6204 6203
f 6196 6197 6205
f 6196 6205 6204
f 6197 6198 6206
f 6197 6206 6205
f 6198 6199 6207
f 6198 6207 6206
f 6199 6200 6208
f 6199 6208 6207
f 6200 6193 6201
f 6200 6201 6208
f 6209 6210 6216
f 6209 6216 6215
f 6210 6211 6217
f 6210 6217 6216
f 6211 6212 6218
f 6211 6218 6217
f 6212 6213 6219
f 6212 6219 6218
f 6213 6214 6220
f 6213 6220 6219
f 6214 6209 6215
f 6214 6215 6220
f 6221 6210 6209
f 6222 6215 6216
f 6221 6211 6210
f 6222 6216 6217
f 6221 6212 6211
f 6222 6217 6218
f 6221 6213 6212
f 6222 6218 6219
f 6221 6214 6213
f 6222 6219 6220
f 6221 6209 6214
f 6222 6220 6215
f 6223 6224 6230
f 6223 6230 6229
f 6224 6225 6231
f 6224 6231 6230
f 6225 6226 6232
f 6225 6232 6231
f 6226 6227 6233
f 6226 6233 6232
f 6227 6228 6234
f 6227 6234 6233
f 6228 6223 6229
f 6228 6229 6234
f 6235 6224 6223
f 6236 6229 6230
f 6235 6225 6224
f 6236 6230 6231
f 6235 6226 6225
f 6236 6231 6232
f 6235 6227 6226
f 6236 6232 6233
f 6235 6228 6227
f 6236 6233 6234
f 6235 6223 6228
f 6236 6234 6229
f 6237 6238 6246
f 6237 6246 6245
f 6238 6239 6247
f 6238 6247 6246
f 6239 6240 6248
f 6239 6248 6247
f 6240 6241 6249
f 6240 6249 6248
f 6241 6242 6250
f 6241 6250 6249
f 6242 6243 6251
f 6242 6251 6250
f 6243 6244 6252
f 6243 6252 6251
f 6244 6237 6245
f 6244 6245 6252
f 6245 6246 6254
f 6245 6254 6253
f 6246 6247 6255
f 6246 6255 6254
f 6247 6248 6256
f 6247 6256 6255
f 6248 6249 6257
f 6248 6257 6256
f 6249 6250 6258
f 6249 6258 6257
f 6250 6251 6259
f 6250 6259 6258
f 6251 6252 6260
f 6251 6260 6259
f 6252 6245 6253
f 6252 6253 6260
f 6253 6254 6262
f 6253 6262 6261
f 6254 6255 6263
f 6254 6263 6262
f 6255 6256 6264
f 6255 6264 6263
f 6256 6257 6265
f 6256 6265 6264
f 6257 6258 6266
f 6257 6266 6265
f 6258 6259 6267
f 6258 6267 6266
f 6259 6260 6268
f 6259 6268 6267
f 6260 6253 6261
f 6260 6261 6268
f 6261 6262 6270
f 6261 6270 6269
f 6262 6263 6271
f 6262 6271 6270
f 6263 6264 6272
f 6263 6272 6271
f 6264 6265 6273
f 6264 6273 6272
f 6265 6266 6274
f 6265 6274 6273
f 6266 6267 6275
f 6266 6275 6274
f 6267 6268 6276
f 6267 6276 6275
f 6268 6261 6269
f 6268 6269 6276
f 6277 6278 6284
f 6277 6284 6283
f 6278 6279 6285
f 6278 6285 6284
f 6279 6280 6286
f 6279 6286 6285
f 6280 6281 6287
f 6280 6287 6286
f 6281 6282 6288
f 6281 6288 6287
f 6282 6277 6283
f 6282 6283 6288
f 6289 6278 6277
f 6290 6283 6284
f 6289 6279 6278
f 6290 6284 6285
f 6289 6280 6279
f 6290 6285 6286
f 6289 6281 6280
f 6290 6286 6287
f 6289 6282 6281
f 6290 6287 6288
f 6289 6277 6282
f 6290 6288 6283
f 6291 6292 6298
f 6291 6298 6297
f 6292 6293 6299
f 6292 6299 6298
f 6293 6294 6300
f 6293 6300 6299
f 6294 6295 6301
f 6294 6301 6300
f 6295 6296 6302
f 6295 6302 6301
f 6296 6291 6297
f 6296 6297 6302
f 6303 6292 6291
f 6304 6297 6298
f 6303 6293 6292
f 6304 6298 6299
f 6303 6294 6293
f 6304 6299 6300
f 6303 6295 6294
f 6304 6300 6301
f 6303 6296 6295
f 6304 6301 6302
f 6303 6291 6296
f 6304 6302 6297
f 6305 6306 6314
f 6305 6314 6313
f 6306 6307 6315
f 6306 6315 6314
f 6307 6308 6316
f 6307 6316 6315
f 6308 6309 6317
f 6308 6317 6316
f 6309 6310 6318
f 6309 6318 6317
f 6310 6311 6319
f 6310 6319 6318
f 6311 6312 6320
f 6311 6320 6319
f 6312 6305 6313
f 6312 6313 6320
f 6313 6314 6322
f 6313 6322 6321
f 6314 6315 6323
f 6314 6323 6322
f 6315 6316 6324
f 6315 6324 6323
f 6316 6317 6325
f 6316 6325 6324
f 6317 6318 6326
f 6317 6326 6325
f 6318 6319 6327
f 6318 6327 6326
f 6319 6320 6328
f 6319 6328 6327
f 6320 6313 6321
f 6320 6321 6328
f 6321 6322 6330
f 6321 6330 6329
f 6322 6323 6331
f 6322 6331 6330
f 6323 6324 6332
f 6323 6332 6331
f 6324 6325 6333
f 6324 6333 6332
f 6325 6326 6334
f 6325 6334 6333
f 6326 6327 6335
f 6326 6335 6334
f 6327 6328 6336
f 6327 6336 6335
f 6328 6321 6329
f 6328 6329 6336
f 6329 6330 6338
f 6329 6338 6337
f 6330 6331 6339
f 6330 6339 6338
f 6331 6332 6340
f 6331 6340 6339
f 6332 6333 6341
f 6332 6341 6340
f 6333 6334 6342
f 6333 6342 6341
f 6334 6335 6343
f 6334 6343 6342
f 6335 6336 6344
f 6335 6344 6343
f 6336 6329 6337
f 6336 6337 6344
f 6345 6346 6352
f 6345 6352 6351
f 6346 6347 6353
f 6346 6353 6352
f 6347 6348 6354
f 6347 6354 6353
f 6348 6349 6355
f 6348 6355 6354
f 6349 6350 6356
f 6349 6356 6355
f 6350 6345 6351
f 6350 6351 6356
f 6357 6346 6345
f 6358 6351 6352
f 6357 6347 6346
f 6358 6352 6353
f 6357 6348 6347
f 6358 6353 6354
f 6357 6349 6348
f 6358 6354 6355
f 6357 6350 6349
f 6358 6355 6356
f 6357 6345 6350
f 6358 6356 6351
f 6359 6360 6366
f 6359 6366 6365
f 6360 6361 6367
f 6360 6367 6366
f 6361 6362 6368
f 6361 6368 6367
f 6362 6363 6369
f 6362 6369 6368
f 6363 6364 6370
f 6363 6370 6369
f 6364 6359 6365
f 6364 6365 6370
f 6371 6360 6359
f 6372 6365 6366
f 6371 6361 6360
f 6372 6366 6367
f 6371 6362 6361
f 6372 6367 6368
f 6371 6363 6362
f 6372 6368 6369
f 6371 6364 6363
f 6372 6369 6370
f 6371 6359 6364
f 6372 6370 6365
f 6373 6374 6382
f 6373 6382 6381
f 6374 6375 6383
f 6374 6383 6382
f 6375 6376 6384
f 6375 6384 6383
f 6376 6377 6385
f 6376 6385 6384
f 6377 6378 6386
f 6377 6386 6385
f 6378 6379 6387
f 6378 6387 6386
f 6379 6380 6388
f 6379 6388 6387
f 6380 6373 6381
f 6380 6381 6388
f 6381 6382 6390
f 6381 6390 6389
f 6382 6383 6391
f 6382 6391 6390
f 6383 6384 6392
f 6383 6392 6391
f 6384 6385 6393
f 6384 6393 6392
f 6385 6386 6394
f 6385 6394 6393
f 6386 6387 6395
f 6386 6395 6394
f 6387 6388 6396
f 6387 6396 6395
f 6388 6381 6389
f 6388 6389 6396
f 6389 6390 6398
f 6389 6398 6397
f 6390 6391 6399
f 6390 6399 6398
f 6391 6392 6400
f 6391 6400 6399
f 6392 6393 6401
f 6392 6401 6400
f 6393 6394 6402
f 6393 6402 6401
f 6394 6395 6403
f 6394 6403 6402
f 6395 6396 6404
f 6395 6404 6403
f 6396 6389 6397
f 6396 6397 6404
f 6397 6398 6406
f 6397 6406 6405
f 6398 6399 6407
f 6398 6407 6406
f 6399 6400 6408
f 6399 6408 6407
f 6400 6401 6409
f 6400 6409 6408
f 6401 6402 6410
f 6401 6410 6409
f 6402 6403 6411
f 6402 6411 6410
f 6403 6404 6412
f 6403 6412 6411
f 6404 6397 6405
f 6404 6405 6412
f 6413 6414 6420
f 6413 6420 6419
f 6414 6415 6421
f 6414 6421 6420
f 6415 6416 6422
f 6415 6422 6421
f 6416 6417 6423
f 6416 6423 6422
f 6417 6418 6424
f 6417 6424 6423
f 6418 6413 6419
f 6418 6419 6424
f 6425 6414 6413
f 6426 6419 6420
f 6425 6415 6414
f 6426 6420 6421
f 6425 6416 6415
f 6426 6421 6422
f 6425 6417 6416
f 6426 6422 6423
f 6425 6418 6417
f 6426 6423 6424
f 6425 6413 6418
f 6426 6424 6419
f 6427 6428 6434
f 6427 6434 6433
f 6428 6429 6435
f 6428 6435 6434
f 6429 6430 6436
f 6429 6436 6435
f 6430 6431 6437
f 6430 6437 6436
f 6431 6432 6438
f 6431 6438 6437
f 6432 6427 6433
f 6432 6433 6438
f 6439 6428 6427
f 6440 6433 6434
f 6439 6429 6428
f 6440 6434 6435
f 6439 6430 6429
f 6440 6435 6436
f 6439 6431 6430
f 6440 6436 6437
f 6439 6432 6431
f 6440 6437 6438
f 6439 6427 6432
f 6440 6438 6433
f 6441 6442 6450
f 6441 6450 6449
f 6442 6443 6451
f 6442 6451 6450
f 6443 6444 6452
f 6443 6452 6451
f 6444 6445 6453
f 6444 6453 6452
f 6445 6446 6454
f 6445 6454 6453
f 6446 6447 6455
f 6446 6455 6454
f 6447 6448 6456
f 6447 6456 6455
f 6448 6441 6449
f 6448 6449 6456
f 6449 6450 6458
f 6449 6458 6457
f 6450 6451 6459
f 6450 6459 6458
f 6451 6452 6460
f 6451 6460 6459
f 6452 6453 6461
f 6452 6461 6460
f 6453 6454 6462
f 6453 6462 6461
f 6454 6455 6463
f 6454 6463 6462
f 6455 6456 6464
f 6455 6464 6463
f 6456 6449 6457
f 6456 6457 6464
f 6457 6458 6466
f 6457 6466 6465
f 6458 6459 6467
f 6458 6467 6466
f 6459 6460 6468
f 6459 6468 6467
f 6460 6461 6469
f 6460 6469 6468
f 6461 6462 6470
f 6461 6470 6469
f 6462 6463 6471
f 6462 6471 6470
f 6463 6464 6472
f 6463 6472 6471
f 6464 6457 6465
f 6464 6465 6472
f 6465 6466 6474
f 6465 6474 6473
f 6466 6467 6475
f 6466 6475 6474
f 6467 6468 6476
f 6467 6476 6475
f 6468 6469 6477
f 6468 6477 6476
f 6469 6470 6478
f 6469 6478 6477
f 6470 6471 6479
f 6470 6479 6478
f 6471 6472 6480
f 6471 6480 6479
f 6472 6465 6473
f 6472 6473 6480
f 6481 6482 6490
f 6481 6490 6489
f 6482 6483 6491
f 6482 6491 6490
f 6483 6484 6492
f 6483 6492 6491
f 6484 6485 6493
f 6484 6493 6492
f 6485 6486 6494
f 6485 6494 6493
f 6486 6487 6495
f 6486 6495 6494
f 6487 6488 6496
f 6487 6496 6495
f 6488 6481 6489
f 6488 6489 6496
f 6489 6490 6498
f 6489 6498 6497
f 6490 6491 6499
f 6490 6499 6498
f 6491 6492 6500
f 6491 6500 6499
f 6492 6493 6501
f 6492 6501 6500
f 6493 6494 6502
f 6493 6502 6501
f 6494 6495 6503
f 6494 6503 6502
f 6495 6496 6504
f 6495 6504 6503
f 6496 6489 6497
f 6496 6497 6504
f 6497 6498 6506
f 6497 6506 6505
f 6498 6499 6507
f 6498 6507 6506
f 6499 6500 6508
f 6499 6508 6507
f 6500 6501 6509
f 6500 6509 6508
f 6501 6502 6510
f 6501 6510 6509
f 6502 6503 6511
f 6502 6511 6510
f 6503 6504 6512
f 6503 6512 6511
f 6504 6497 6505
f 6504 6505 6512
f 6505 6506 6514
f 6505 6514 6513
f 6506 6507 6515
f 6506 6515 6514
f 6507 6508 6516
f 6507 6516 6515
f 6508 6509 6517
f 6508 6517 6516
f 6509 6510 6518
f 6509 6518 6517
f 6510 6511 6519
f 6510 6519 6518
f 6511 6512 6520
f 6511 6520 6519
f 6512 6505 6513
f 6512 6513 6520
f 6521 6522 6530
f 6521 6530 6529
f 6522 6523 6531
f 6522 6531 6530
f 6523 6524 6532
f 6523 6532 6531
f 6524 6525 6533
f 6524 6533 6532
f 6525 6526 6534
f 6525 6534 6533
f 6526 6527 6535
f 6526 6535 6534
f 6527 6528 6536
f 6527 6536 6535
f 6528 6521 6529
f 6528 6529 6536
f 6529 6530 6538
f 6529 6538 6537
f 6530 6531 6539
f 6530 6539 6538
f 6531 6532 6540
f 6531 6540 6539
f 6532 6533 6541
f 6532 6541 6540
f 6533 6534 6542
f 6533 6542 6541
f 6534 6535 6543
f 6534 6543 6542
f 6535 6536 6544
f 6535 6544 6543
f 6536 6529 6537
f 6536 6537 6544
f 6537 6538 6546
f 6537 6546 6545
f 6538 6539 6547
f 6538 6547 6546
f 6539 6540 6548
f 6539 6548 6547
f 6540 6541 6549
f 6540 6549 6548
f 6541 6542 6550
f 6541 6550 6549
f 6542 6543 6551
f 6542 6551 6550
f 6543 6544 6552
f 6543 6552 6551
f 6544 6537 6545
f 6544 6545 6552
f 6545 6546 6554
f 6545 6554 6553
f 6546 6547 6555
f 6546 6555 6554
f 6547 6548 6556
f 6547 6556 6555
f 6548 6549 6557
f 6548 6557 6556
f 6549 6550 6558
f 6549 6558 6557
f 6550 6551 6559
f 6550 6559 6558
f 6551 6552 6560
f 6551 6560 6559
f 6552 6545 6553
f 6552 6553 6560
f 6561 6562 6570
f 6561 6570 6569
f 6562 6563 6571
f 6562 6571 6570
f 6563 6564 6572
f 6563 6572 6571
f 6564 6565 6573
f 6564 6573 6572
f 6565 6566 6574
f 6565 6574 6573
f 6566 6567 6575
f 6566 6575 6574
f 6567 6568 6576
f 6567 6576 6575
f 6568 6561 6569
f 6568 6569 6576
f 6569 6570 6578
f 6569 6578 6577
f 6570 6571 6579
f 6570 6579 6578
f 6571 6572 6580
f 6571 6580 6579
f 6572 6573 6581
f 6572 6581 6580
f 6573 6574 6582
f 6573 6582 6581
f 6574 6575 6583
f 6574 6583 6582
f 6575 6576 6584
f 6575 6584 6583
f 6576 6569 6577
f 6576 6577 6584
f 6577 6578 6586
f 6577 6586 6585
f 6578 6579 6587
f 6578 6587 6586
f 6579 6580 6588
f 6579 6588 6587
f 6580 6581 6589
f 6580 6589 6588
f 6581 6582 6590
f 6581 6590 6589
f 6582 6583 6591
f 6582 6591 6590
f 6583 6584 6592
f 6583 6592 6591
f 6584 6577 6585
f 6584 6585 6592
f 6585 6586 6594
f 6585 6594 6593
f 6586 6587 6595
f 6586 6595 6594
f 6587 6588 6596
f 6587 6596 6595
f 6588 6589 6597
f 6588 6597 6596
f 6589 6590 6598
f 6589 6598 6597
f 6590 6591 6599
f 6590 6599 6598
f 6591 6592 6600
f 6591 6600 6599
f 6592 6585 6593
f 6592 6593 6600
f 6601 6602 6610
f 6601 6610 6609
f 6602 6603 6611
f 6602 6611 6610
f 6603 6604 6612
f 6603 6612 6611
f 6604 6605 6613
f 6604 6613 6612
f 6605 6606 6614
f 6605 6614 6613
f 6606 6607 6615
f 6606 6615 6614
f 6607 6608 6616
f 6607 6616 6615
f 6608 6601 6609
f 6608 6609 6616
f 6609 6610 6618
f 6609 6618 6617
f 6610 6611 6619
f 6610 6619 6618
f 6611 6612 6620
f 6611 6620 6619
f 6612 6613 6621
f 6612 6621 6620
f 6613 6614 6622
f 6613 6622 6621
f 6614 6615 6623
f 6614 6623 6622
f 6615 6616 6624
f 6615 6624 6623
f 6616 6609 6617
f 6616 6617 6624
f 6617 6618 6626
f 6617 6626 6625
f 6618 6619 6627
f 6618 6627 6626
f 6619 6620 6628
f 6619 6628 6627
f 6620 6621 6629
f 6620 6629 6628
f 6621 6622 6630
f 6621 6630 6629
f 6622 6623 6631
f 6622 6631 6630
f 6623 6624 6632
f 6623 6632 6631
f 6624 6617 6625
f 6624 6625 6632
f 6625 6626 6634
f 6625 6634 6633
f 6626 6627 6635
f 6626 6635 6634
f 6627 6628 6636
f 6627 6636 6635
f 6628 6629 6637
f 6628 6637 6636
f 6629 6630 6638
f 6629 6638 6637
f 6630 6631 6639
f 6630 6639 6638
f 6631 6632 6640
f 6631 6640 6639
f 6632 6625 6633
f 6632 6633 6640
f 6641 6642 6650
f 6641 6650 6649
f 6642 6643 6651
f 6642 6651 6650
f 6643 6644 6652
f 6643 6652 6651
f 6644 6645 6653
f 6644 6653 6652
f 6645 6646 6654
f 6645 6654 6653
f 6646 6647 6655
f 6646 6655 6654
f 6647 6648 6656
f 6647 6656 6655
f 6648 6641 6649
f 6648 6649 6656
f 6649 6650 6658
f 6649 6658 6657
f 6650 6651 6659
f 6650 6659 6658
f 6651 6652 6660
f 6651 6660 6659
f 6652 6653 6661
f 6652 6661 6660
f 6653 6654 6662
f 6653 6662 6661
f 6654 6655 6663
f 6654 6663 6662
f 6655 6656 6664
f 6655 6664 6663
f 6656 6649 6657
f 6656 6657 6664
f 6657 6658 6666
f 6657 6666 6665
f 6658 6659 6667
f 6658 6667 6666
f 6659 6660 6668
f 6659 6668 6667
f 6660 6661 6669
f 6660 6669 6668
f 6661 6662 6670
f 6661 6670 6669
f 6662 6663 6671
f 6662 6671 6670
f 6663 6664 6672
f 6663 6672 6671
f 6664 6657 6665
f 6664 6665 6672
f 6665 6666 6674
f 6665 6674 6673
f 6666 6667 6675
f 6666 6675 6674
f 6667 6668 6676
f 6667 6676 6675
f 6668 6669 6677
f 6668 6677 6676
f 6669 6670 6678
f 6669 6678 6677
f 6670 6671 6679
f 6670 6679 6678
f 6671 6672 6680
f 6671 6680 6679
f 6672 6665 6673
f 6672 6673 6680
f 6681 6682 6690
f 6681 6690 6689
f 6682 6683 6691
f 6682 6691 6690
f 6683 6684 6692
f 6683 6692 6691
f 6684 6685 6693
f 6684 6693 6692
f 6685 6686 6694
f 6685 6694 6693
f 6686 6687 6695
f 6686 6695 6694
f 6687 6688 6696
f 6687 6696 6695
f 6688 6681 6689
f 6688 6689 6696
f 6689 6690 6698
f 6689 6698 6697
f 6690 6691 6699
f 6690 6699 6698
f 6691 6692 6700
f 6691 6700 6699
f 6692 6693 6701
f 6692 6701 6700
f 6693 6694 6702
f 6693 6702 6701
f 6694 6695 6703
f 6694 6703 6702
f 6695 6696 6704
f 6695 6704 6703
f 6696 6689 6697
f 6696 6697 6704
f 6697 6698 6706
f 6697 6706 6705
f 6698 6699 6707
f 6698 6707 6706
f 6699 6700 6708
f 6699 6708 6707
f 6700 6701 6709
f 6700 6709 6708
f 6701 6702 6710
f 6701 6710 6709
f 6702 6703 6711
f 6702 6711 6710
f 6703 6704 6712
f 6703 6712 6711
f 6704 6697 6705
f 6704 6705 6712
f 6705 6706 6714
f 6705 6714 6713
f 6706 6707 6715
f 6706 6715 6714
f 6707 6708 6716
f 6707 6716 6715
f 6708 6709 6717
f 6708 6717 6716
f 6709 6710 6718
f 6709 6718 6717
f 6710 6711 6719
f 6710 6719 6718
f 6711 6712 6720
f 6711 6720 6719
f 6712 6705 6713
f 6712 6713 6720
f 6721 6722 6730
f 6721 6730 6729
f 6722 6723 6731
f 6722 6731 6730
f 6723 6724 6732
f 6723 6732 6731
f 6724 6725 6733
f 6724 6733 6732
f 6725 6726 6734
f 6725 6734 6733
f 6726 6727 6735
f 6726 6735 6734
f 6727 6728 6736
f 6727 6736 6735
f 6728 6721 6729
f 6728 6729 6736
f 6729 6730 6738
f 6729 6738 6737
f 6730 6731 6739
f 6730 6739 6738
f 6731 6732 6740
f 6731 6740 6739
f 6732 6733 6741
f 6732 6741 6740
f 6733 6734 6742
f 6733 6742 6741
f 6734 6735 6743
f 6734 6743 6742
f 6735 6736 6744
f 6735 6744 6743
f 6736 6729 6737
f 6736 6737 6744
f 6737 6738 6746
f 6737 6746 6745
f 6738 6739 6747
f 6738 6747 6746
f 6739 6740 6748
f 6739 6748 6747
f 6740 6741 6749
f 6740 6749 6748
f 6741 6742 6750
f 6741 6750 6749
f 6742 6743 6751
f 6742 6751 6750
f 6743 6744 6752
f 6743 6752 6751
f 6744 6737 6745
f 6744 6745 6752
f 6745 6746 6754
f 6745 6754 6753
f 6746 6747 6755
f 6746 6755 6754
f 6747 6748 6756
f 6747 6756 6755
f 6748 6749 6757
f 6748 6757 6756
f 6749 6750 6758
f 6749 6758 6757
f 6750 6751 6759
f 6750 6759 6758
f 6751 6752 6760
f 6751 6760 6759
f 6752 6745 6753
f 6752 6753 6760
f 6761 6762 6770
f 6761 6770 6769
f 6762 6763 6771
f 6762 6771 6770
f 6763 6764 6772
f 6763 6772 6771
f 6764 6765 6773
f 6764 6773 6772
f 6765 6766 6774
f 6765 6774 6773
f 6766 6767 6775
f 6766 6775 6774
f 6767 6768 6776
f 6767 6776 6775
f 6768 6761 6769
f 6768 6769 6776
f 6769 6770 6778
f 6769 6778 6777
f 6770 6771 6779
f 6770 6779 6778
f 6771 6772 6780
f 6771 6780 6779
f 6772 6773 6781
f 6772 6781 6780
f 6773 6774 6782
f 6773 6782 6781
f 6774 6775 6783
f 6774 6783 6782
f 6775 6776 6784
f 6775 6784 6783
f 6776 6769 6777
f 6776 6777 6784
f 6777 6778 6786
f 6777 6786 6785
f 6778 6779 6787
f 6778 6787 6786
f 6779 6780 6788
f 6779 6788 6787
f 6780 6781 6789
f 6780 6789 6788
f 6781 6782 6790
f 6781 6790 6789
f 6782 6783 6791
f 6782 6791 6790
f 6783 6784 6792
f 6783 6792 6791
f 6784 6777 6785
f 6784 6785 6792
f 6785 6786 6794
f 6785 6794 6793
f 6786 6787 6795
f 6786 6795 6794
f 6787 6788 6796
f 6787 6796 6795
f 6788 6789 6797
f 6788 6797 6796
f 6789 6790 6798
f 6789 6798 6797
f 6790 6791 6799
f 6790 6799 6798
f 6791 6792 6800
f 6791 6800 6799
f 6792 6785 6793
f 6792 6793 6800
f 6801 6802 6810
f 6801 6810 6809
f 6802 6803 6811
f 6802 6811 6810
f 6803 6804 6812
f 6803 6812 6811
f 6804 6805 6813
f 6804 6813 6812
f 6805 6806 6814
f 6805 6814 6813
f 6806 6807 6815
f 6806 6815 6814
f 6807 6808 6816
f 6807 6816 6815
f 6808 6801 6809
f 6808 6809 6816
f 6809 6810 6818
f 6809 6818 6817
f 6810 6811 6819
f 6810 6819 6818
f 6811 6812 6820
f 6811 6820 6819
f 6812 6813 6821
f 6812 6821 6820
f 6813 6814 6822
f 6813 6822 6821
f 6814 6815 6823
f 6814 6823 6822
f 6815 6816 6824
f 6815 6824 6823
f 6816 6809 6817
f 6816 6817 6824
f 6817 6818 6826
f 6817 6826 6825
f 6818 6819 6827
f 6818 6827 6826
f 6819 6820 6828
f 6819 6828 6827
f 6820 6821 6829
f 6820 6829 6828
f 6821 6822 6830
f 6821 6830 6829
f 6822 6823 6831
f 6822 6831 6830
f 6823 6824 6832
f 6823 6832 6831
f 6824 6817 6825
f 6824 6825 6832
f 6825 6826 6834
f 6825 6834 6833
f 6826 6827 6835
f 6826 6835 6834
f 6827 6828 6836
f 6827 6836 6835
f 6828 6829 6837
f 6828 6837 6836
f 6829 6830 6838
f 6829 6838 6837
f 6830 6831 6839
f 6830 6839 6838
f 6831 6832 6840
f 6831 6840 6839
f 6832 6825 6833
f 6832 6833 6840
f 6841 6842 6850
f 6841 6850 6849
f 6842 6843 6851
f 6842 6851 6850
f 6843 6844 6852
f 6843 6852 6851
f 6844 6845 6853
f 6844 6853 6852
f 6845 6846 6854
f 6845 6854 6853
f 6846 6847 6855
f 6846 6855 6854
f 6847 6848 6856
f 6847 6856 6855
f 6848 6841 6849
f 6848 6849 6856
f 6849 6850 6858
f 6849 6858 6857
f 6850 6851 6859
f 6850 6859 6858
f 6851 6852 6860
f 6851 6860 6859
f 6852 6853 6861
f 6852 6861 6860
f 6853 6854 6862
f 6853 6862 6861
f 6854 6855 6863
f 6854 6863 6862
f 6855 6856 6864
f 6855 6864 6863
f 6856 6849 6857
f 6856 6857 6864
f 6857 6858 6866
f 6857 6866 6865
f 6858 6859 6867
f 6858 6867 6866
f 6859 6860 6868
f 6859 6868 6867
f 6860 6861 6869
f 6860 6869 6868
f 6861 6862 6870
f 6861 6870 6869
f 6862 6863 6871
f 6862 6871 6870
f 6863 6864 6872
f 6863 6872 6871
f 6864 6857 6865
f 6864 6865 6872
f 6865 6866 6874
f 6865 6874 6873
f 6866 6867 6875
f 6866 6875 6874
f 6867 6868 6876
f 6867 6876 6875
f 6868 6869 6877
f 6868 6877 6876
f 6869 6870 6878
f 6869 6878 6877
f 6870 6871 6879
f 6870 6879 6878
f 6871 6872 6880
f 6871 6880 6879
f 6872 6865 6873
f 6872 6873 6880
f 6881 6882 6890
f 6881 6890 6889
f 6882 6883 6891
f 6882 6891 6890
f 6883 6884 6892
f 6883 6892 6891
f 6884 6885 6893
f 6884 6893 6892
f 6885 6886 6894
f 6885 6894 6893
f 6886 6887 6895
f 6886 6895 6894
f 6887 6888 6896
f 6887 6896 6895
f 6888 6881 6889
f 6888 6889 6896
f 6889 6890 6898
f 6889 6898 6897
f 6890 6891 6899
f 6890 6899 6898
f 6891 6892 6900
f 6891 6900 6899
f 6892 6893 6901
f 6892 6901 6900
f 6893 6894 6902
f 6893 6902 6901
f 6894 6895 6903
f 6894 6903 6902
f 6895 6896 6904
f 6895 6904 6903
f 6896 6889 6897
f 6896 6897 6904
f 6897 6898 6906
f 6897 6906 6905
f 6898 6899 6907
f 6898 6907 6906
f 6899 6900 6908
f 6899 6908 6907
f 6900 6901 6909
f 6900 6909 6908
f 6901 6902 6910
f 6901 6910 6909
f 6902 6903 6911
f 6902 6911 6910
f 6903 6904 6912
f 6903 6912 6911
f 6904 6897 6905
f 6904 6905 6912
f 6905 6906 6914
f 6905 6914 6913
f 6906 6907 6915
f 6906 6915 6914
f 6907 6908 6916
f 6907 6916 6915
f 6908 6909 6917
f 6908 6917 6916
f 6909 6910 6918
f 6909 6918 6917
f 6910 6911 6919
f 6910 6919 6918
f 6911 6912 6920
f 6911 6920 6919
f 6912 6905 6913
f 6912 6913 6920
f 6921 6922 6930
f 6921 6930 6929
f 6922 6923 6931
f 6922 6931 6930
f 6923 6924 6932
f 6923 6932 6931
f 6924 6925 6933
f 6924 6933 6932
f 6925 6926 6934
f 6925 6934 6933
f 6926 6927 6935
f 6926 6935 6934
f 6927 6928 6936
f 6927 6936 6935
f 6928 6921 6929
f 6928 6929 6936
f 6929 6930 6938
f 6929 6938 6937
f 6930 6931 6939
f 6930 6939 6938
f 6931 6932 6940
f 6931 6940 6939
f 6932 6933 6941
f 6932 6941 6940
f 6933 6934 6942
f 6933 6942 6941
f 6934 6935 6943
f 6934 6943 6942
f 6935 6936 6944
f 6935 6944 6943
f 6936 6929 6937
f 6936 6937 6944
f 6937 6938 6946
f 6937 6946 6945
f 6938 6939 6947
f 6938 6947 6946
f 6939 6940 6948
f 6939 6948 6947
f 6940 6941 6949
f 6940 6949 6948
f 6941 6942 6950
f 6941 6950 6949
f 6942 6943 6951
f 6942 6951 6950
f 6943 6944 6952
f 6943 6952 6951
f 6944 6937 6945
f 6944 6945 6952
f 6945 6946 6954
f 6945 6954 6953
f 6946 6947 6955
f 6946 6955 6954
f 6947 6948 6956
f 6947 6956 6955
f 6948 6949 6957
f 6948 6957 6956
f 6949 6950 6958
f 6949 6958 6957
f 6950 6951 6959
f 6950 6959 6958
f 6951 6952 6960
f 6951 6960 6959
f 6952 6945 6953
f 6952 6953 6960
f 6961 6962 6970
f 6961 6970 6969
f 6962 6963 6971
f 6962 6971 6970
f 6963 6964 6972
f 6963 6972 6971
f 6964 6965 6973
f 6964 6973 6972
f 6965 6966 6974
f 6965 6974 6973
f 6966 6967 6975
f 6966 6975 6974
f 6967 6968 6976
f 6967 6976 6975
f 6968 6961 6969
f 6968 6969 6976
f 6969 6970 6978
f 6969 6978 6977
f 6970 6971 6979
f 6970 6979 6978
f 6971 6972 6980
f 6971 6980 6979
f 6972 6973 6981
f 6972 6981 6980
f 6973 6974 6982
f 6973 6982 6981
f 6974 6975 6983
f 6974 6983 6982
f 6975 6976 6984
f 6975 6984 6983
f 6976 6969 6977
f 6976 6977 6984
f 6977 6978 6986
f 6977 6986 6985
f 6978 6979 6987
f 6978 6987 6986
f 6979 6980 6988
f 6979 6988 6987
f 6980 6981 6989
f 6980 6989 6988
f 6981 6982 6990
f 6981 6990 6989
f 6982 6983 6991
f 6982 6991 6990
f 6983 6984 6992
f 6983 6992 6991
f 6984 6977 6985
f 6984 6985 6992
f 6985 6986 6994
f 6985 6994 6993
f 6986 6987 6995
f 6986 6995 6994
f 6987 6988 6996
f 6987 6996 6995
f 6988 6989 6997
f 6988 6997 6996
f 6989 6990 6998
f 6989 6998 6997
f 6990 6991 6999
f 6990 6999 6998
f 6991 6992 7000
f 6991 7000 6999
f 6992 6985 6993
f 6992 6993 7000
f 7001 7002 7010
f 7001 7010 7009
f 7002 7003 7011
f 7002 7011 7010
f 7003 7004 7012
f 7003 7012 7011
f 7004 7005 7013
f 7004 7013 7012
f 7005 7006 7014
f 7005 7014 7013
f 7006 7007 7015
f 7006 7015 7014
f 7007 7008 7016
f 7007 7016 7015
f 7008 7001 7009
f 7008 7009 7016
f 7009 7010 7018
f 7009 7018 7017
f 7010 7011 7019
f 7010 7019 7018
f 7011 7012 7020
f 7011 7020 7019
f 7012 7013 7021
f 7012 7021 7020
f 7013 7014 7022
f 7013 7022 7021
f 7014 7015 7023
f 7014 7023 7022
f 7015 7016 7024
f 7015 7024 7023
f 7016 7009 7017
f 7016 7017 7024
f 7017 7018 7026
f 7017 7026 7025
f 7018 7019 7027
f 7018 7027 7026
f 7019 7020 7028
f 7019 7028 7027
f 7020 7021 7029
f 7020 7029 7028
f 7021 7022 7030
f 7021 7030 7029
f 7022 7023 7031
f 7022 7031 7030
f 7023 7024 7032
f 7023 7032 7031
f 7024 7017 7025
f 7024 7025 7032
f 7025 7026 7034
f 7025 7034 7033
f 7026 7027 7035
f 7026 7035 7034
f 7027 7028 7036
f 7027 7036 7035
f 7028 7029 7037
f 7028 7037 7036
f 7029 7030 7038
f 7029 7038 7037
f 7030 7031 7039
f 7030 7039 7038
f 7031 7032 7040
f 7031 7040 7039
f 7032 7025 7033
f 7032 7033 7040
f 7041 7042 7050
f 7041 7050 7049
f 7042 7043 7051
f 7042 7051 7050
f 7043 7044 7052
f 7043 7052 7051
f 7044 7045 7053
f 7044 7053 7052
f 7045 7046 7054
f 7045 7054 7053
f 7046 7047 7055
f 7046 7055 7054
f 7047 7048 7056
f 7047 7056 7055
f 7048 7041 7049
f 7048 7049 7056
f 7049 7050 7058
f 7049 7058 7057
f 7050 7051 7059
f 7050 7059 7058
f 7051 7052 7060
f 7051 7060 7059
f 7052 7053 7061
f 7052 7061 7060
f 7053 7054 7062
f 7053 7062 7061
f 7054 7055 7063
f 7054 7063 7062
f 7055 7056 7064
f 7055 7064 7063
f 7056 7049 7057
f 7056 7057 7064
f 7057 7058 7066
f 7057 7066 7065
f 7058 7059 7067
f 7058 7067 7066
f 7059 7060 7068
f 7059 7068 7067
f 7060 7061 7069
f 7060 7069 7068
f 7061 7062 7070
f 7061 7070 7069
f 7062 7063 7071
f 7062 7071 7070
f 7063 7064 7072
f 7063 7072 7071
f 7064 7057 7065
f 7064 7065 7072
f 7065 7066 7074
f 7065 7074 7073
f 7066 7067 7075
f 7066 7075 7074
f 7067 7068 7076
f 7067 7076 7075
f 7068 7069 7077
f 7068 7077 7076
f 7069 7070 7078
f 7069 7078 7077
f 7070 7071 7079
f 7070 7079 7078
f 7071 7072 7080
f 7071 7080 7079
f 7072 7065 7073
f 7072 7073 7080
f 7081 7082 7090
f 7081 7090 7089
f 7082 7083 7091
f 7082 7091 7090
f 7083 7084 7092
f 7083 7092 7091
f 7084 7085 7093
f 7084 7093 7092
f 7085 7086 7094
f 7085 7094 7093
f 7086 7087 7095
f 7086 7095 7094
f 7087 7088 7096
f 7087 7096 7095
f 7088 7081 7089
f 7088 7089 7096
f 7089 7090 7098
f 7089 7098 7097
f 7090 7091 7099
f 7090 7099 7098
f 7091 7092 7100
f 7091 7100 7099
f 7092 7093 7101
f 7092 7101 7100
f 7093 7094 7102
f 7093 7102 7101
f 7094 7095 7103
f 7094 7103 7102
f 7095 7096 7104
f 7095 7104 7103
f 7096 7089 7097
f 7096 7097 7104
f 7097 7098 7106
f 7097 7106 7105
f 7098 7099 7107
f 7098 7107 7106
f 7099 7100 7108
f 7099 7108 7107
f 7100 7101 7109
f 7100 7109 7108
f 7101 7102 7110
f 7101 7110 7109
f 7102 7103 7111
f 7102 7111 7110
f 7103 7104 7112
f 7103 7112 7111
f 7104 7097 7105
f 7104 7105 7112
f 7105 7106 7114
f 7105 7114 7113
f 7106 7107 7115
f 7106 7115 7114
f 7107 7108 7116
f 7107 7116 7115
f 7108 7109 7117
f 7108 7117 7116
f 7109 7110 7118
f 7109 7118 7117
f 7110 7111 7119
f 7110 7119 7118
f 7111 7112 7120
f 7111 7120 7119
f 7112 7105 7113
f 7112 7113 7120
f 7121 7122 7128
f 7121 7128 7127
f 7122 7123 7129
f 7122 7129 7128
f 7123 7124 7130
f 7123 7130 7129
f 7124 7125 7131
f 7124 7131 7130
f 7125 7126 7132
f 7125 7132 7131
f 7126 7121 7127
f 7126 7127 7132
f 7133 7122 7121
f 7134 7127 7128
f 7133 7123 7122
f 7134 7128 7129
f 7133 7124 7123
f 7134 7129 7130
f 7133 7125 7124
f 7134 7130 7131
f 7133 7126 7125
f 7134 7131 7132
f 7133 7121 7126
f 7134 7132 7127
f 7135 7136 7142
f 7135 7142 7141
f 7136 7137 7143
f 7136 7143 7142
f 7137 7138 7144
f 7137 7144 7143
f 7138 7139 7145
f 7138 7145 7144
f 7139 7140 7146
f 7139 7146 7145
f 7140 7135 7141
f 7140 7141 7146
f 7147 7136 7135
f 7148 7141 7142
f 7147 7137 7136
f 7148 7142 7143
f 7147 7138 7137
f 7148 7143 7144
f 7147 7139 7138
f 7148 7144 7145
f 7147 7140 7139
f 7148 7145 7146
f 7147 7135 7140
f 7148 7146 7141
f 7149 7150 7156
f 7149 7156 7155
f 7150 7151 7157
f 7150 7157 7156
f 7151 7152 7158
f 7151 7158 7157
f 7152 7153 7159
f 7152 7159 7158
f 7153 7154 7160
f 7153 7160 7159
f 7154 7149 7155
f 7154 7155 7160
f 7161 7150 7149
f 7162 7155 7156
f 7161 7151 7150
f 7162 7156 7157
f 7161 7152 7151
f 7162 7157 7158
f 7161 7153 7152
f 7162 7158 7159
f 7161 7154 7153
f 7162 7159 7160
f 7161 7149 7154
f 7162 7160 7155
f 7163 7164 7170
f 7163 7170 7169
f 7164 7165 7171
f 7164 7171 7170
f 7165 7166 7172
f 7165 7172 7171
f 7166 7167 7173
f 7166 7173 7172
f 7167 7168 7174
f 7167 7174 7173
f 7168 7163 7169
f 7168 7169 7174
f 7175 7164 7163
f 7176 7169 7170
f 7175 7165 7164
f 7176 7170 7171
f 7175 7166 7165
f 7176 7171 7172
f 7175 7167 7166
f 7176 7172 7173
f 7175 7168 7167
f 7176 7173 7174
f 7175 7163 7168
f 7176 7174 7169
f 7177 7178 7184
f 7177 7184 7183
f 7178 7179 7185
f 7178 7185 7184
f 7179 7180 7186
f 7179 7186 7185
f 7180 7181 7187
f 7180 7187 7186
f 7181 7182 7188
f 7181 7188 7187
f 7182 7177 7183
f 7182 7183 7188
f 7189 7178 7177
f 7190 7183 7184
f 7189 7179 7178
f 7190 7184 7185
f 7189 7180 7179
f 7190 7185 7186
f 7189 7181 7180
f 7190 7186 7187
f 7189 7182 7181
f 7190 7187 7188
f 7189 7177 7182
f 7190 7188 7183
f 7191 7192 7198
f 7191 7198 7197
f 7192 7193 7199
f 7192 7199 7198
f 7193 7194 7200
f 7193 7200 7199
f 7194 7195 7201
f 7194 7201 7200
f 7195 7196 7202
f 7195 7202 7201
f 7196 7191 7197
f 7196 7197 7202
f 7203 7192 7191
f 7204 7197 7198
f 7203 7193 7192
f 7204 7198 7199
f 7203 7194 7193
f 7204 7199 7200
f 7203 7195 7194
f 7204 7200 7201
f 7203 7196 7195
f 7204 7201 7202
f 7203 7191 7196
f 7204 7202 7197
f 7205 7206 7212
f 7205 7212 7211
f 7206 7207 7213
f 7206 7213 7212
f 7207 7208 7214
f 7207 7214 7213
f 7208 7209 7215
f 7208 7215 7214
f 7209 7210 7216
f 7209 7216 7215
f 7210 7205 7211
f 7210 7211 7216
f 7217 7206 7205
f 7218 7211 7212
f 7217 7207 7206
f 7218 7212 7213
f 7217 7208 7207
f 7218 7213 7214
f 7217 7209 7208
f 7218 7214 7215
f 7217 7210 7209
f 7218 7215 7216
f 7217 7205 7210
f 7218 7216 7211
f 7219 7220 7226
f 7219 7226 7225
f 7220 7221 7227
f 7220 7227 7226
f 7221 7222 7228
f 7221 7228 7227
f 7222 7223 7229
f 7222 7229 7228
f 7223 7224 7230
f 7223 7230 7229
f 7224 7219 7225
f 7224 7225 7230
f 7231 7220 7219
f 7232 7225 7226
f 7231 7221 7220
f 7232 7226 7227
f 7231 7222 7221
f 7232 7227 7228
f 7231 7223 7222
f 7232 7228 7229
f 7231 7224 7223
f 7232 7229 7230
f 7231 7219 7224
f 7232 7230 7225
f 7233 7234 7240
f 7233 7240 7239
f 7234 7235 7241
f 7234 7241 7240
f 7235 7236 7242
f 7235 7242 7241
f 7236 7237 7243
f 7236 7243 7242
f 7237 7238 7244
f 7237 7244 7243
f 7238 7233 7239
f 7238 7239 7244
f 7245 7234 7233
f 7246 7239 7240
f 7245 7235 7234
f 7246 7240 7241
f 7245 7236 7235
f 7246 7241 7242
f 7245 7237 7236
f 7246 7242 7243
f 7245 7238 7237
f 7246 7243 7244
f 7245 7233 7238
f 7246 7244 7239
f 7247 7248 7254
f 7247 7254 7253
f 7248 7249 7255
f 7248 7255 7254
f 7249 7250 7256
f 7249 7256 7255
f 7250 7251 7257
f 7250 7257 7256
f 7251 7252 7258
f 7251 7258 7257
f 7252 7247 7253
f 7252 7253 7258
f 7259 7248 7247
f 7260 7253 7254
f 7259 7249 7248
f 7260 7254 7255
f 7259 7250 7249
f 7260 7255 7256
f 7259 7251 7250
f 7260 7256 7257
f 7259 7252 7251
f 7260 7257 7258
f 7259 7247 7252
f 7260 7258 7253
f 7261 7262 7268
f 7261 7268 7267
f 7262 7263 7269
f 7262 7269 7268
f 7263 7264 7270
f 7263 7270 7269
f 7264 7265 7271
f 7264 7271 7270
f 7265 7266 7272
f 7265 7272 7271
f 7266 7261 7267
f 7266 7267 7272
f 7273 7262 7261
f 7274 7267 7268
f 7273 7263 7262
f 7274 7268 7269
f 7273 7264 7263
f 7274 7269 7270
f 7273 7265 7264
f 7274 7270 7271
f 7273 7266 7265
f 7274 7271 7272
f 7273 7261 7266
f 7274 7272 7267
f 7275 7276 7282
f 7275 7282 7281
f 7276 7277 7283
f 7276 7283 7282
f 7277 7278 7284
f 7277 7284 7283
f 7278 7279 7285
f 7278 7285 7284
f 7279 7280 7286
f 7279 7286 7285
f 7280 7275 7281
f 7280 7281 7286
f 7287 7276 7275
f 7288 7281 7282
f 7287 7277 7276
f 7288 7282 7283
f 7287 7278 7277
f 7288 7283 7284
f 7287 7279 7278
f 7288 7284 7285
f 7287 7280 7279
f 7288 7285 7286
f 7287 7275 7280
f 7288 7286 7281
f 7289 7290 7296
f 7289 7296 7295
f 7290 7291 7297
f 7290 7297 7296
f 7291 7292 7298
f 7291 7298 7297
f 7292 7293 7299
f 7292 7299 7298
f 7293 7294 7300
f 7293 7300 7299
f 7294 7289 7295
f 7294 7295 7300
f 7301 7290 7289
f 7302 7295 7296
f 7301 7291 7290
f 7302 7296 7297
f 7301 7292 7291
f 7302 7297 7298
f 7301 7293 7292
f 7302 7298 7299
f 7301 7294 7293
f 7302 7299 7300
f 7301 7289 7294
f 7302 7300 7295
f 7303 7304 7310
f 7303 7310 7309
f 7304 7305 7311
f 7304 7311 7310
f 7305 7306 7312
f 7305 7312 7311
f 7306 7307 7313
f 7306 7313 7312
f 7307 7308 7314
f 7307 7314 7313
f 7308 7303 7309
f 7308 7309 7314
f 7315 7304 7303
f 7316 7309 7310
f 7315 7305 7304
f 7316 7310 7311
f 7315 7306 7305
f 7316 7311 7312
f 7315 7307 7306
f 7316 7312 7313
f 7315 7308 7307
f 7316 7313 7314
f 7315 7303 7308
f 7316 7314 7309
f 7317 7318 7324
f 7317 7324 7323
f 7318 7319 7325
f 7318 7325 7324
f 7319 7320 7326
f 7319 7326 7325
f 7320 7321 7327
f 7320 7327 7326
f 7321 7322 7328
f 7321 7328 7327
f 7322 7317 7323
f 7322 7323 7328
f 7329 7318 7317
f 7330 7323 7324
f 7329 7319 7318
f 7330 7324 7325
f 7329 7320 7319
f 7330 7325 7326
f 7329 7321 7320
f 7330 7326 7327
f 7329 7322 7321
f 7330 7327 7328
f 7329 7317 7322
f 7330 7328 7323
f 7331 7332 7338
f 7331 7338 7337
f 7332 7333 7339
f 7332 7339 7338
f 7333 7334 7340
f 7333 7340 7339
f 7334 7335 7341
f 7334 7341 7340
f 7335 7336 7342
f 7335 7342 7341
f 7336 7331 7337
f 7336 7337 7342
f 7343 7332 7331
f 7344 7337 7338
f 7343 7333 7332
f 7344 7338 7339
f 7343 7334 7333
f 7344 7339 7340
f 7343 7335 7334
f 7344 7340 7341
f 7343 7336 7335
f 7344 7341 7342
f 7343 7331 7336
f 7344 7342 7337
f 7345 7346 7352
f 7345 7352 7351
f 7346 7347 7353
f 7346 7353 7352
f 7347 7348 7354
f 7347 7354 7353
f 7348 7349 7355
f 7348 7355 7354
f 7349 7350 7356
f 7349 7356 7355
f 7350 7345 7351
f 7350 7351 7356
f 7357 7346 7345
f 7358 7351 7352
f 7357 7347 7346
f 7358 7352 7353
f 7357 7348 7347
f 7358 7353 7354
f 7357 7349 7348
f 7358 7354 7355
f 7357 7350 7349
f 7358 7355 7356
f 7357 7345 7350
f 7358 7356 7351
f 7359 7360 7366
f 7359 7366 7365
f 7360 7361 7367
f 7360 7367 7366
f 7361 7362 7368
f 7361 7368 7367
f 7362 7363 7369
f 7362 7369 7368
f 7363 7364 7370
f 7363 7370 7369
f 7364 7359 7365
f 7364 7365 7370
f 7371 7360 7359
f 7372 7365 7366
f 7371 7361 7360
f 7372 7366 7367
f 7371 7362 7361
f 7372 7367 7368
f 7371 7363 7362
f 7372 7368 7369
f 7371 7364 7363
f 7372 7369 7370
f 7371 7359 7364
f 7372 7370 7365
f 7373 7374 7380
f 7373 7380 7379
f 7374 7375 7381
f 7374 7381 7380
f 7375 7376 7382
f 7375 7382 7381
f 7376 7377 7383
f 7376 7383 7382
f 7377 7378 7384
f 7377 7384 7383
f 7378 7373 7379
f 7378 7379 7384
f 7385 7374 7373
f 7386 7379 7380
f 7385 7375 7374
f 7386 7380 7381
f 7385 7376 7375
f 7386 7381 7382
f 7385 7377 7376
f 7386 7382 7383
f 7385 7378 7377
f 7386 7383 7384
f 7385 7373 7378
f 7386 7384 7379
f 7387 7388 7394
f 7387 7394 7393
f 7388 7389 7395
f 7388 7395 7394
f 7389 7390 7396
f 7389 7396 7395
f 7390 7391 7397
f 7390 7397 7396
f 7391 7392 7398
f 7391 7398 7397
f 7392 7387 7393
f 7392 7393 7398
f 7399 7388 7387
f 7400 7393 7394
f 7399 7389 7388
f 7400 7394 7395
f 7399 7390 7389
f 7400 7395 7396
f 7399 7391 7390
f 7400 7396 7397
f 7399 7392 7391
f 7400 7397 7398
f 7399 7387 7392
f 7400 7398 7393
f 7401 7402 7408
f 7401 7408 7407
f 7402 7403 7409
f 7402 7409 7408
f 7403 7404 7410
f 7403 7410 7409
f 7404 7405 7411
f 7404 7411 7410
f 7405 7406 7412
f 7405 7412 7411
f 7406 7401 7407
f 7406 7407 7412
f 7413 7402 7401
f 7414 7407 7408
f 7413 7403 7402
f 7414 7408 7409
f 7413 7404 7403
f 7414 7409 7410
f 7413 7405 7404
f 7414 7410 7411
f 7413 7406 7405
f 7414 7411 7412
f 7413 7401 7406
f 7414 7412 7407
f 7415 7416 7422
f 7415 7422 7421
f 7416 7417 7423
f 7416 7423 7422
f 7417 7418 7424
f 7417 7424 7423
f 7418 7419 7425
f 7418 7425 7424
f 7419 7420 7426
f 7419 7426 7425
f 7420 7415 7421
f 7420 7421 7426
f 7427 7416 7415
f 7428 7421 7422
f 7427 7417 7416
f 7428 7422 7423
f 7427 7418 7417
f 7428 7423 7424
f 7427 7419 7418
f 7428 7424 7425
f 7427 7420 7419
f 7428 7425 7426
f 7427 7415 7420
f 7428 7426 7421
f 7429 7430 7436
f 7429 7436 7435
f 7430 7431 7437
f 7430 7437 7436
f 7431 7432 7438
f 7431 7438 7437
f 7432 7433 7439
f 7432 7439 7438
f 7433 7434 7440
f 7433 7440 7439
f 7434 7429 7435
f 7434 7435 7440
f 7441 7430 7429
f 7442 7435 7436
f 7441 7431 7430
f 7442 7436 7437
f 7441 7432 7431
f 7442 7437 7438
f 7441 7433 7432
f 7442 7438 7439
f 7441 7434 7433
f 7442 7439 7440
f 7441 7429 7434
f 7442 7440 7435
f 7443 7444 7450
f 7443 7450 7449
f 7444 7445 7451
f 7444 7451 7450
f 7445 7446 7452
f 7445 7452 7451
f 7446 7447 7453
f 7446 7453 7452
f 7447 7448 7454
f 7447 7454 7453
f 7448 7443 7449
f 7448 7449 7454
f 7455 7444 7443
f 7456 7449 7450
f 7455 7445 7444
f 7456 7450 7451
f 7455 7446 7445
f 7456 7451 7452
f 7455 7447 7446
f 7456 7452 7453
f 7455 7448 7447
f 7456 7453 7454
f 7455 7443 7448
f 7456 7454 7449
f 7457 7458 7464
f 7457 7464 7463
f 7458 7459 7465
f 7458 7465 7464
f 7459 7460 7466
f 7459 7466 7465
f 7460 7461 7467
f 7460 7467 7466
f 7461 7462 7468
f 7461 7468 7467
f 7462 7457 7463
f 7462 7463 7468
f 7469 7458 7457
f 7470 7463 7464
f 7469 7459 7458
f 7470 7464 7465
f 7469 7460 7459
f 7470 7465 7466
f 7469 7461 7460
f 7470 7466 7467
f 7469 7462 7461
f 7470 7467 7468
f 7469 7457 7462
f 7470 7468 7463
f 7471 7472 7478
f 7471 7478 7477
f 7472 7473 7479
f 7472 7479 7478
f 7473 7474 7480
f 7473 7480 7479
f 7474 7475 7481
f 7474 7481 7480
f 7475 7476 7482
f 7475 7482 7481
f 7476 7471 7477
f 7476 7477 7482
f 7483 7472 7471
f 7484 7477 7478
f 7483 7473 7472
f 7484 7478 7479
f 7483 7474 7473
f 7484 7479 7480
f 7483 7475 7474
f 7484 7480 7481
f 7483 7476 7475
f 7484 7481 7482
f 7483 7471 7476
f 7484 7482 7477
f 7485 7486 7492
f 7485 7492 7491
f 7486 7487 7493
f 7486 7493 7492
f 7487 7488 7494
f 7487 7494 7493
f 7488 7489 7495
f 7488 7495 7494
f 7489 7490 7496
f 7489 7496 7495
f 7490 7485 7491
f 7490 7491 7496
f 7497 7486 7485
f 7498 7491 7492
f 7497 7487 7486
f 7498 7492 7493
f 7497 7488 7487
f 7498 7493 7494
f 7497 7489 7488
f 7498 7494 7495
f 7497 7490 7489
f 7498 7495 7496
f 7497 7485 7490
f 7498 7496 7491
f 7499 7500 7506
f 7499 7506 7505
f 7500 7501 7507
f 7500 7507 7506
f 7501 7502 7508
f 7501 7508 7507
f 7502 7503 7509
f 7502 7509 7508
f 7503 7504 7510
f 7503 7510 7509
f 7504 7499 7505
f 7504 7505 7510
f 7511 7500 7499
f 7512 7505 7506
f 7511 7501 7500
f 7512 7506 7507
f 7511 7502 7501
f 7512 7507 7508
f 7511 7503 7502
f 7512 7508 7509
f 7511 7504 7503
f 7512 7509 7510
f 7511 7499 7504
f 7512 7510 7505
f 7513 7514 7520
f 7513 7520 7519
f 7514 7515 7521
f 7514 7521 7520
f 7515 7516 7522
f 7515 7522 7521
f 7516 7517 7523
f 7516 7523 7522
f 7517 7518 7524
f 7517 7524 7523
f 7518 7513 7519
f 7518 7519 7524
f 7525 7514 7513
f 7526 7519 7520
f 7525 7515 7514
f 7526 7520 7521
f 7525 7516 7515
f 7526 7521 7522
f 7525 7517 7516
f 7526 7522 7523
f 7525 7518 7517
f 7526 7523 7524
f 7525 7513 7518
f 7526 7524 7519
f 7527 7528 7534
f 7527 7534 7533
f 7528 7529 7535
f 7528 7535 7534
f 7529 7530 7536
f 7529 7536 7535
f 7530 7531 7537
f 7530 7537 7536
f 7531 7532 7538
f 7531 7538 7537
f 7532 7527 7533
f 7532 7533 7538
f 7539 7528 7527
f 7540 7533 7534
f 7539 7529 7528
f 7540 7534 7535
f 7539 7530 7529
f 7540 7535 7536
f 7539 7531 7530
f 7540 7536 7537
f 7539 7532 7531
f 7540 7537 7538
f 7539 7527 7532
f 7540 7538 7533
f 7541 7542 7548
f 7541 7548 7547
f 7542 7543 7549
f 7542 7549 7548
f 7543 7544 7550
f 7543 7550 7549
f 7544 7545 7551
f 7544 7551 7550
f 7545 7546 7552
f 7545 7552 7551
f 7546 7541 7547
f 7546 7547 7552
f 7553 7542 7541
f 7554 7547 7548
f 7553 7543 7542
f 7554 7548 7549
f 7553 7544 7543
f 7554 7549 7550
f 7553 7545 7544
f 7554 7550 7551
f 7553 7546 7545
f 7554 7551 7552
f 7553 7541 7546
f 7554 7552 7547
f 7555 7556 7562
f 7555 7562 7561
f 7556 7557 7563
f 7556 7563 7562
f 7557 7558 7564
f 7557 7564 7563
f 7558 7559 7565
f 7558 7565 7564
f 7559 7560 7566
f 7559 7566 7565
f 7560 7555 7561
f 7560 7561 7566
f 7567 7556 7555
f 7568 7561 7562
f 7567 7557 7556
f 7568 7562 7563
f 7567 7558 7557
f 7568 7563 7564
f 7567 7559 7558
f 7568 7564 7565
f 7567 7560 7559
f 7568 7565 7566
f 7567 7555 7560
f 7568 7566 7561
g triad
usemtl triad
f 7569 7570 7578
f 7569 7578 7577
f 7570 7571 7579
f 7570 7579 7578
f 7571 7572 7580
f 7571 7580 7579
f 7572 7573 7581
f 7572 7581 7580
f 7573 7574 7582
f 7573 7582 7581
f 7574 7575 7583
f 7574 7583 7582
f 7575 7576 7584
f 7575 7584 7583
f 7576 7569 7577
f 7576 7577 7584
f 7585 7570 7569
f 7586 7577 7578
f 7585 7571 7570
f 7586 7578 7579
f 7585 7572 7571
f 7586 7579 7580
f 7585 7573 7572
f 7586 7580 7581
f 7585 7574 7573
f 7586 7581 7582
f 7585 7575 7574
f 7586 7582 7583
f 7585 7576 7575
f 7586 7583 7584
f 7585 7569 7576
f 7586 7584 7577
f 7587 7588 7598
f 7587 7598 7597
f 7588 7589 7599
f 7588 7599 7598
f 7589 7590 7600
f 7589 7600 7599
f 7590 7591 7601
f 7590 7601 7600
f 7591 7592 7602
f 7591 7602 7601
f 7592 7593 7603
f 7592 7603 7602
f 7593 7594 7604
f 7593 7604 7603
f 7594 7595 7605
f 7594 7605 7604
f 7595 7596 7606
f 7595 7606 7605
f 7596 7587 7597
f 7596 7597 7606
f 7597 7598 7608
f 7597 7608 7607
f 7598 7599 7609
f 7598 7609 7608
f 7599 7600 7610
f 7599 7610 7609
f 7600 7601 7611
f 7600 7611 7610
f 7601 7602 7612
f 7601 7612 7611
f 7602 7603 7613
f 7602 7613 7612
f 7603 7604 7614
f 7603 7614 7613
f 7604 7605 7615
f 7604 7615 7614
f 7605 7606 7616
f 7605 7616 7615
f 7606 7597 7607
f 7606 7607 7616
f 7607 7608 7618
f 7607 7618 7617
f 7608 7609 7619
f 7608 7619 7618
f 7609 7610 7620
f 7609 7620 7619
f 7610 7611 7621
f 7610 7621 7620
f 7611 7612 7622
f 7611 7622 7621
f 7612 7613 7623
f 7612 7623 7622
f 7613 7614 7624
f 7613 7624 7623
f 7614 7615 7625
f 7614 7625 7624
f 7615 7616 7626
f 7615 7626 7625
f 7616 7607 7617
f 7616 7617 7626
f 7617 7618 7628
f 7617 7628 7627
f 7618 7619 7629
f 7618 7629 7628
f 7619 7620 7630
f 7619 7630 7629
f 7620 7621 7631
f 7620 7631 7630
f 7621 7622 7632
f 7621 7632 7631
f 7622 7623 7633
f 7622 7633 7632
f 7623 7624 7634
f 7623 7634 7633
f 7624 7625 7635
f 7624 7635 7634
f 7625 7626 7636
f 7625 7636 7635
f 7626 7617 7627
f 7626 7627 7636
f 7627 7628 7638
f 7627 7638 7637
f 7628 7629 7639
f 7628 7639 7638
f 7629 7630 7640
f 7629 7640 7639
f 7630 7631 7641
f 7630 7641 7640
f 7631 7632 7642
f 7631 7642 7641
f 7632 7633 7643
f 7632 7643 7642
f 7633 7634 7644
f 7633 7644 7643
f 7634 7635 7645
f 7634 7645 7644
f 7635 7636 7646
f 7635 7646 7645
f 7636 7627 7637
f 7636 7637 7646
f 7637 7638 7648
f 7637 7648 7647
f 7638 7639 7649
f 7638 7649 7648
f 7639 7640 7650
f 7639 7650 7649
f 7640 7641 7651
f 7640 7651 7650
f 7641 7642 7652
f 7641 7652 7651
f 7642 7643 7653
f 7642 7653 7652
f 7643 7644 7654
f 7643 7654 7653
f 7644 7645 7655
f 7644 7655 7654
f 7645 7646 7656
f 7645 7656 7655
f 7646 7637 7647
f 7646 7647 7656
f 7675 7676 7684
f 7675 7684 7683
f 7676 7677 7685
f 7676 7685 7684
f 7677 7678 7686
f 7677 7686 7685
f 7678 7679 7687
f 7678 7687 7686
f 7679 7680 7688
f 7679 7688 7687
f 7680 7681 7689
f 7680 7689 7688
f 7681 7682 7690
f 7681 7690 7689
f 7682 7675 7683
f 7682 7683 7690
f 7691 7676 7675
f 7692 7683 7684
f 7691 7677 7676
f 7692 7684 7685
f 7691 7678 7677
f 7692 7685 7686
f 7691 7679 7678
f 7692 7686 7687
f 7691 7680 7679
f 7692 7687 7688
f 7691 7681 7680
f 7692 7688 7689
f 7691 7682 7681
f 7692 7689 7690
f 7691 7675 7682
f 7692 7690 7683
f 7693 7694 7704
f 7693 7704 7703
f 7694 7695 7705
f 7694 7705 7704
f 7695 7696 7706
f 7695 7706 7705
f 7696 7697 7707
f 7696 7707 7706
f 7697 7698 7708
f 7697 7708 7707
f 7698 7699 7709
f 7698 7709 7708
f 7699 7700 7710
f 7699 7710 7709
f 7700 7701 7711
f 7700 7711 7710
f 7701 7702 7712
f 7701 7712 7711
f 7702 7693 7703
f 7702 7703 7712
f 7703 7704 7714
f 7703 7714 7713
f 7704 7705 7715
f 7704 7715 7714
f 7705 7706 7716
f 7705 7716 7715
f 7706 7707 7717
f 7706 7717 7716
f 7707 7708 7718
f 7707 7718 7717
f 7708 7709 7719
f 7708 7719 7718
f 7709 7710 7720
f 7709 7720 7719
f 7710 7711 7721
f 7710 7721 7720
f 7711 7712 7722
f 7711 7722 7721
f 7712 7703 7713
f 7712 7713 7722
f 7713 7714 7724
f 7713 7724 7723
f 7714 7715 7725
f 7714 7725 7724
f 7715 7716 7726
f 7715 7726 7725
f 7716 7717 7727
f 7716 7727 7726
f 7717 7718 7728
f 7717 7728 7727
f 7718 7719 7729
f 7718 7729 7728
f 7719 7720 7730
f 7719 7730 7729
f 7720 7721 7731
f 7720 7731 7730
f 7721 7722 7732
f 7721 7732 7731
f 7722 7713 7723
f 7722 7723 7732
f 7723 7724 7734
f 7723 7734 7733
f 7724 7725 7735
f 7724 7735 7734
f 7725 7726 7736
f 7725 7736 7735
f 7726 7727 7737
f 7726 7737 7736
f 7727 7728 7738
f 7727 7738 7737
f 7728 7729 7739
f 7728 7739 7738
f 7729 7730 7740
f 7729 7740 7739
f 7730 7731 7741
f 7730 7741 7740
f 7731 7732 7742
f 7731 7742 7741
f 7732 7723 7733
f 7732 7733 7742
f 7733 7734 7744
f 7733 7744 7743
f 7734 7735 7745
f 7734 7745 7744
f 7735 7736 7746
f 7735 7746 7745
f 7736 7737 7747
f 7736 7747 7746
f 7737 7738 7748
f 7737 7748 7747
f 7738 7739 7749
f 7738 7749 7748
f 7739 7740 7750
f 7739 7750 7749
f 7740 7741 7751
f 7740 7751 7750
f 7741 7742 7752
f 7741 7752 7751
f 7742 7733 7743
f 7742 7743 7752
f 7743 7744 7754
f 7743 7754 7753
f 7744 7745 7755
f 7744 7755 7754
f 7745 7746 7756
f 7745 7756 7755
f 7746 7747 7757
f 7746 7757 7756
f 7747 7748 7758
f 7747 7758 7757
f 7748 7749 7759
f 7748 7759 7758
f 7749 7750 7760
f 7749 7760 7759
f 7750 7751 7761
f 7750 7761 7760
f 7751 7752 7762
f 7751 7762 7761
f 7752 7743 7753
f 7752 7753 7762
f 7781 7782 7790
f 7781 7790 7789
f 7782 7783 7791
f 7782 7791 7790
f 7783 7784 7792
f 7783 7792 7791
f 7784 7785 7793
f 7784 7793 7792
f 7785 7786 7794
f 7785 7794 7793
f 7786 7787 7795
f 7786 7795 7794
f 7787 7788 7796
f 7787 7796 7795
f 7788 7781 7789
f 7788 7789 7796
f 7797 7782 7781
f 7798 7789 7790
f 7797 7783 7782
f 7798 7790 7791
f 7797 7784 7783
f 7798 7791 7792
f 7797 7785 7784
f 7798 7792 7793
f 7797 7786 7785
f 7798 7793 7794
f 7797 7787 7786
f 7798 7794 7795
f 7797 7788 7787
f 7798 7795 7796
f 7797 7781 7788
f 7798 7796 7789
f 7799 7800 7810
f 7799 7810 7809
f 7800 7801 7811
f 7800 7811 7810
f 7801 7802 7812
f 7801 7812 7811
f 7802 7803 7813
f 7802 7813 7812
f 7803 7804 7814
f 7803 7814 7813
f 7804 7805 7815
f 7804 7815 7814
f 7805 7806 7816
f 7805 7816 7815
f 7806 7807 7817
f 7806 7817 7816
f 7807 7808 7818
f 7807 7818 7817
f 7808 7799 7809
f 7808 7809 7818
f 7809 7810 7820
f 7809 7820 7819
f 7810 7811 7821
f 7810 7821 7820
f 7811 7812 7822
f 7811 7822 7821
f 7812 7813 7823
f 7812 7823 7822
f 7813 7814 7824
f 7813 7824 7823
f 7814 7815 7825
f 7814 7825 7824
f 7815 7816 7826
f 7815 7826 7825
f 7816 7817 7827
f 7816 7827 7826
f 7817 7818 7828
f 7817 7828 7827
f 7818 7809 7819
f 7818 7819 7828
f 7819 7820 7830
f 7819 7830 7829
f 7820 7821 7831
f 7820 7831 7830
f 7821 7822 7832
f 7821 7832 7831
f 7822 7823 7833
f 7822 7833 7832
f 7823 7824 7834
f 7823 7834 7833
f 7824 7825 7835
f 7824 7835 7834
f 7825 7826 7836
f 7825 7836 7835
f 7826 7827 7837
f 7826 7837 7836
f 7827 7828 7838
f 7827 7838 7837
f 7828 7819 7829
f 7828 7829 7838
f 7829 7830 7840
f 7829 7840 7839
f 7830 7831 7841
f 7830 7841 7840
f 7831 7832 7842
f 7831 7842 7841
f 7832 7833 7843
f 7832 7843 7842
f 7833 7834 7844
f 7833 7844 7843
f 7834 7835 7845
f 7834 7845 7844
f 7835 7836 7846
f 7835 7846 7845
f 7836 7837 7847
f 7836 7847 7846
f 7837 7838 7848
f 7837 7848 7847
f 7838 7829 7839
f 7838 7839 7848
f 7839 7840 7850
f 7839 7850 7849
f 7840 7841 7851
f 7840 7851 7850
f 7841 7842 7852
f 7841 7852 7851
f 7842 7843 7853
f 7842 7853 7852
f 7843 7844 7854
f 7843 7854 7853
f 7844 7845 7855
f 7844 7855 7854
f 7845 7846 7856
f 7845 7856 7855
f 7846 7847 7857
f 7846 7857 7856
f 7847 7848 7858
f 7847 7858 7857
f 7848 7839 7849
f 7848 7849 7858
f 7849 7850 7860
f 7849 7860 7859
f 7850 7851 7861
f 7850 7861 7860
f 7851 7852 7862
f 7851 7862 7861
f 7852 7853 7863
f 7852 7863 7862
f 7853 7854 7864
f 7853 7864 7863
f 7854 7855 7865
f 7854 7865 7864
f 7855 7856 7866
f 7855 7866 7865
f 7856 7857 7867
f 7856 7867 7866
f 7857 7858 7868
f 7857 7868 7867
f 7858 7849 7859
f 7858 7859 7868
g pins
usemtl pins
f 7657 7658 7666
f 7657 7666 7665
f 7658 7659 7667
f 7658 7667 7666
f 7659 7660 7668
f 7659 7668 7667
f 7660 7661 7669
f 7660 7669 7668
f 7661 7662 7670
f 7661 7670 7669
f 7662 7663 7671
f 7662 7671 7670
f 7663 7664 7672
f 7663 7672 7671
f 7664 7657 7665
f 7664 7665 7672
f 7673 7658 7657
f 7674 7665 7666
f 7673 7659 7658
f 7674 7666 7667
f 7673 7660 7659
f 7674 7667 7668
f 7673 7661 7660
f 7674 7668 7669
f 7673 7662 7661
f 7674 7669 7670
f 7673 7663 7662
f 7674 7670 7671
f 7673 7664 7663
f 7674 7671 7672
f 7673 7657 7664
f 7674 7672 7665
f 7763 7764 7772
f 7763 7772 7771
f 7764 7765 7773
f 7764 7773 7772
f 7765 7766 7774
f 7765 7774 7773
f 7766 7767 7775
f 7766 7775 7774
f 7767 7768 7776
f 7767 7776 7775
f 7768 7769 7777
f 7768 7777 7776
f 7769 7770 7778
f 7769 7778 7777
f 7770 7763 7771
f 7770 7771 7778
f 7779 7764 7763
f 7780 7771 7772
f 7779 7765 7764
f 7780 7772 7773
f 7779 7766 7765
f 7780 7773 7774
f 7779 7767 7766
f 7780 7774 7775
f 7779 7768 7767
f 7780 7775 7776
f 7779 7769 7768
f 7780 7776 7777
f 7779 7770 7769
f 7780 7777 7778
f 7779 7763 7770
f 7780 7778 7771
f 7869 7870 7878
f 7869 7878 7877
f 7870 7871 7879
f 7870 7879 7878
f 7871 7872 7880
f 7871 7880 7879
f 7872 7873 7881
f 7872 7881 7880
f 7873 7874 7882
f 7873 7882 7881
f 7874 7875 7883
f 7874 7883 7882
f 7875 7876 7884
f 7875 7884 7883
f 7876 7869 7877
f 7876 7877 7884
f 7885 7870 7869
f 7886 7877 7878
f 7885 7871 7870
f 7886 7878 7879
f 7885 7872 7871
f 7886 7879 7880
f 7885 7873 7872
f 7886 7880 7881
f 7885 7874 7873
f 7886 7881 7882
f 7885 7875 7874
f 7886 7882 7883
f 7885 7876 7875
f 7886 7883 7884
f 7885 7869 7876
f 7886 7884 7877
